latitude,47.66667,47.75,47.833344,47.91667,48.0,48.083344,48.16667,48.25,48.333344,48.41667,48.5,48.583344,48.66667,48.75,48.833344,48.91667,49.0,49.083344,49.16667,49.25,49.333344,49.41667,49.5,49.583344,49.66667,49.75,49.833344,49.91667,50.0,50.083344,50.16667,50.25,50.333344,50.41667,50.5,50.583344,50.66667,50.75,50.833344,50.91667,51.0,51.083344,51.16667,51.25,51.333344,51.41667,51.5,51.583344,51.66667,51.75,51.833344,51.91667,52.0,52.083344,52.16667,52.25,52.333344,52.41667,52.5,52.583344,52.66667,52.75,52.833344,52.91667,53.0,53.083344,53.16667,53.25,53.333344,53.41667,53.5,53.583344,53.66667,53.75,53.833344,53.91667,54.0,54.083344,54.16667,54.25,54.333344,54.41667,54.5,54.583344,54.66667,54.75,54.833344,54.91667,55.0,55.083344,55.16667,55.25,55.333344,55.41667,55.5,55.583344,55.66667,55.75,55.833344,55.91667,56.0,56.083344,56.16667,56.25,56.333344,56.41667,56.5,56.583344,56.66667,56.75,56.833344,56.91667,57.0,57.083344,57.16667,57.25,57.333344,57.41667,57.5,57.583344,57.66667,57.75,57.833344,57.91667,58.0,58.083344,58.16667,58.25,58.333344,58.41667,58.5,58.583344,58.66667,58.75,58.833344,58.91667,59.0,59.083344,59.16667,59.25,59.333344,59.41667,59.5,59.583344,59.66667,59.75,59.833344,59.91667,60.0,60.083344,60.16667,60.25,60.333344,60.41667,60.5,60.583344,60.66667,60.75,60.833344,60.91667,61.0,61.083344,61.16667,61.25,61.333344,61.41667,61.5,61.583344,61.66667,61.75,61.833344,61.91667,62.0,62.083344,62.16667,62.25,62.333344,62.41667,62.5,62.583344,62.66667,62.75,62.833344,62.91667,63.0,63.083344,63.16667,63.25,63.333344,63.41667,63.5,63.583344,63.66667,63.75,63.833344,63.91667,64.0,64.08334,64.16667,64.25,64.33334,64.41667,64.5,64.58334,64.66667,64.75,64.83334,64.91667,65.0,65.08334,65.16667,65.25,65.33334,65.41667,65.5,65.58334,65.66667,65.75,65.83334,65.91667,66.0,66.08334,66.16667,66.25,66.33334,66.41667,66.5,66.58334,66.66667,66.75,66.83334,66.91667,67.0,67.08334,67.16667,67.25,67.33334,67.41667,67.5,67.58334,67.66667,67.75,67.83334,67.91667,68.0,68.08334,68.16667,68.25,68.33334,68.41667,68.5,68.58334,68.66667,68.75,68.83334,68.91667,69.0,69.08334,69.16667,69.25,69.33334,69.41667,69.5,69.58334,69.66667,69.75,69.83334,69.91667,70.0,70.08334,70.16667,70.25,70.33334,70.41667,70.5,70.58334,70.66667,70.75,70.83334,70.91667,71.0,71.08334,71.16667,71.25,71.33334,71.41667,71.5,71.58334,71.66667,71.75,71.83334,71.91667,72.0,72.08334,72.16667,72.25,72.33334,72.41667,72.5,72.58334,72.66667,72.75,72.83334,72.91667,73.0,73.08334,73.16667,73.25,73.33334,73.41667,73.5,73.58334,73.66667,73.75,73.83334,73.91667,74.0,74.08334,74.16667,74.25,74.33334,74.41667,74.5,74.58334,74.66667,74.75,74.83334,74.91667,75.0,75.08334,75.16667,75.25,75.33334,75.41667,75.5,75.58334,75.66667,75.75,75.83334,75.91667,76.0,76.08334,76.16669,76.25,76.33334,76.41669,76.5,76.58334,76.66669,76.75,76.83334,76.91669,77.0,77.08334,77.16669,77.25,77.33334,77.41669,77.5,77.58334,77.66669,77.75,77.83334,77.91669,78.0,78.08334,78.16669,78.25,78.33334,78.41669,78.5,78.58334,78.66669,78.75,78.83334,78.91669,79.0,79.08334,79.16669,79.25,79.33334,79.41669,79.5,79.58334,79.66669,79.75,79.83334,79.91669,80.0,80.08334,80.16669,80.25,80.33334,80.41669,80.5,80.58334,80.66669,80.75,80.83334,80.91669,81.0,81.08334,81.16669,81.25,81.33334,81.41669,81.5,81.58334,81.66669,81.75,81.83334,81.91669,82.0,82.08334,82.16669,82.25,82.33334,82.41669,82.5,82.58334,82.66669,82.75,82.83334,82.91669,83.0,83.08334,83.16669,83.25,83.33334,83.41669,83.5,83.58334,83.66669,83.75,83.83334,83.91669,84.0,84.08334,84.16669,84.25,84.33334,84.41669,84.5,84.58334,84.66669,84.75,84.83334,84.91669,85.0,85.08334,85.16669,85.25,85.33334,85.41669,85.5,85.58334,85.66669,85.75,85.83334,85.91669,86.0,86.08334,86.16669,86.25,86.33334,86.41669,86.5,86.58334,86.66669,86.75,86.83334,86.91669,87.0,87.08334,87.16669,87.25,87.33334,87.41669,87.5,87.58334,87.66669,87.75,87.83334,87.91669,88.0,88.08334,88.16669,88.25,88.33334,88.41669,88.5,88.58334,88.66669,88.75,88.83334,88.91669,89.0,89.08334,89.16669,89.25,89.33334,89.41669,89.5,89.58334,89.66669,89.75,89.83334,89.91669,90.0,90.08334,90.16669,90.25,90.33334,90.41669,90.5,90.58334,90.66669,90.75,90.83334
25.0,,,,,,,,,,,,,,,,,,,,,,,,,,,,,,,,,,,,,0.29009673,0.29013303,0.29056653,,,,,,,,,0.24653795,0.24660367,0.24778296,0.2483318,,0.24925108,0.24898823,0.24873088,0.2488949,0.24922012,0.24860235,0.24573648,0.24314743,0.24032842,0.23909429,0.23983122,0.24113667,0.24264322,0.24479435,0.24520417,0.24532266,0.24579369,0.24694338,0.2488692,0.2505495,0.2500447,0.24925846,0.25018486,0.25365543,0.25637656,0.25778955,0.2578169,0.25828183,0.25825882,0.25935897,0.2617749,0.26506495,0.27090633,0.27140757,0.27363724,0.27790362,0.28293622,,,,,,,,,,,,,,,,,0.25867835,0.25772363,0.24712688,0.23607461,0.23092917,0.23255935,0.2393663,0.24774317,0.25240272,0.2515535,0.24805138,0.24205434,0.2363226,0.23168531,0.22794247,0.2249578,0.22333416,0.22317822,0.22326171,0.22285695,0.22140954,0.21940029,0.2175517,0.21579584,0.21402204,0.21302815,0.21444185,0.2193018,0.22895326,0.24616544,0.2676453,0.28545794,0.2950443,0.2968913,0.2937289,0.2885141,0.28482974,0.283987,0.28348196,0.28027856,0.2748321,0.2696326,0.26538053,0.26243865,0.26090732,0.26047224,0.26092076,0.26185742,0.26340595,0.26563445,0.26828828,0.27088106,0.27373102,0.27760026,0.28155816,0.28516957,0.28803754,0.29022002,0.29204375,0.29372096,0.29342207,0.29272112,0.29478437,0.29750645,0.2989254,0.30096886,0.30270272,0.3025576,0.30290306,0.30317166,0.30228794,0.30291012,0.30039987,0.2999568,0.2985712,0.29792112,0.2991304,0.29962546,0.30133748,0.3009895,0.30009475,0.29677716,0.29401636,0.2947109,0.29601097,0.2972958,0.29828224,0.3000102,0.30182728,0.3019911,0.30295524,0.30299038,0.30427876,0.30509722,0.30460316,0.30567223,0.30616277,0.30549595,0.30579573,0.30537266,0.3034974,0.30093327,0.2990997,0.29799283,0.29830077,0.30027595,0.30305648,0.30537057,0.30671343,0.30620533,0.3054041,0.3050659,0.30584913,0.308475,0.3113051,0.3138717,0.3158778,0.31612575,0.31274,0.3082611,0.3010423,0.29504648,0.2880846,0.28014094,,,,,,,,,,,,,,,,,,,,,,,,,,,,,,,,,,,,,,,,,,,,,,,,,,,,,,,,,,,,,,,,,,,,,,,,,,,,,,,,,,,,,,,,,,,,,,,,,,,,,,,,,,,,,,,,,,,,,,,,,,,,,,,,,,,,,,,,,,,,,,,,,,,,,,,,,,,,,,,,,,,,,,,,,,,,,,,,,,,,,,,,,,,,,,,,,,,,,,,,,,,,,,,,,,,,,,,,,,,,,,,,,,,,,,,,,,,,,,,,,,,,,,,,,,,,,,,,,,,,,,,,,,,,,,,,,,,,,,,,,,,,,,,,,,
24.916672,,,,,,,,,,,,,,,,,,,,,,,,,,,,,,,,,,,,,,0.29231432,0.29279792,,,,,,,,0.25084817,0.2511366,0.25239912,0.25282612,0.25312197,0.2523775,0.25331366,0.25322878,0.25199586,0.25229594,0.25371313,0.2544766,0.2526453,0.24888118,0.24544169,0.24388185,0.24508302,0.2458208,0.24782686,,0.24907753,0.24959436,0.2507074,0.25228667,0.25449502,0.25588593,0.25617522,0.2556208,0.25666907,0.25947723,0.26224706,0.26307863,0.2630295,0.26316866,0.26182845,0.2642956,0.26790676,0.26917514,0.27414072,0.27524462,0.28009936,,,,,,,,,,,,,,,,,,,0.25841913,0.25883976,0.2504618,0.23976447,0.23237675,0.2306969,0.23454674,0.24168779,0.24750984,0.24681297,0.24301672,0.23718843,0.23124468,0.22589824,0.2210903,0.21711472,0.21489877,0.2145041,0.21457577,0.21436948,0.21306698,0.21086182,0.20837177,0.20600423,0.20424804,0.20389535,0.20619024,0.21212974,0.22344029,0.24383223,0.2686424,0.28826478,0.29922992,0.30164927,0.29759225,0.29064122,0.28394997,0.27823964,0.2700626,0.2593292,0.24896163,0.24034986,0.23441587,0.2309231,0.22909538,0.2290455,0.2297912,0.23141506,0.23347062,0.23635903,0.23984696,0.24374725,0.24868695,0.25453997,0.261001,0.26742077,0.27327463,0.27895528,0.28433436,0.28900814,0.29123095,0.29272017,0.29544318,0.2971669,0.29834223,0.29958636,0.30095407,0.3006476,0.30082354,0.30052415,0.29881573,0.2973408,0.2945137,0.29425997,0.2934849,0.2942852,0.2954601,0.29647386,0.2973976,0.29758033,0.29692775,0.29524532,0.29367918,0.29359186,0.29429215,0.29527712,0.29626185,0.2970442,0.29817045,0.2996993,0.30105755,0.30165523,0.30171663,0.30179274,0.3017882,0.30238435,0.3024275,0.3020521,0.30124962,0.2989121,0.29517177,0.29105538,0.28830507,0.28820208,0.29103392,0.29524767,0.29967996,0.30353177,0.30617186,0.30692974,0.30655408,0.30605268,0.30693343,0.31072393,0.31342572,0.31487966,0.31597418,0.31644532,0.31292042,0.30442846,0.2968191,0.2899712,0.28356564,0.27654508,,,,,,,,,,,,,,,,,,,,,,,,,,,,,,,,,,,,,,,,,,,,,,,,,,,,,,,,,,,,,,,,,,,,,,,,,,,,,,,,,,,,,,,,,,,,,,,,,,,,,,,,,,,,,,,,,,,,,,,,,,,,,,,,,,,,,,,,,,,,,,,,,,,,,,,,,,,,,,,,,,,,,,,,,,,,,,,,,,,,,,,,,,,,,,,,,,,,,,,,,,,,,,,,,,,,,,,,,,,,,,,,,,,,,,,,,,,,,,,,,,,,,,,,,,,,,,,,,,,,,,,,,,,,,,,,,,,,,,,,,,,,,,,,,,
24.833336,,,,,,,,,,,,,,,,,,,,,,,,,,,,,,,,,,,,,,0.29410875,0.29462683,,,,,,,,0.2537144,0.2557554,0.2573641,0.25801823,0.25889066,0.2578999,0.25854278,0.2569959,0.25503656,0.25494537,0.25763968,0.25940183,0.25890046,0.25488895,0.25120568,0.24953912,0.25046483,0.2511376,0.2532947,0.2521816,0.2528931,0.25359842,0.25489336,0.25743464,0.25957453,0.26106337,0.2614728,0.26171848,0.2628646,0.26431954,0.2668685,0.26735792,0.2665319,0.26695716,0.2671035,0.26941085,0.27148214,0.2736989,0.27830535,0.28205428,,,,,,,,,,,,,,,,,,,,0.25573775,0.25666195,0.2536291,0.24507536,0.23751865,0.23347405,0.23332123,0.23730771,0.2432102,0.24372643,0.23957291,0.234099,0.22794484,0.22185439,0.21582878,0.21065375,0.20739792,0.20609899,0.20579067,0.20577547,0.20506668,0.20343894,0.20136704,0.19942848,0.19830318,0.19888693,0.20214595,0.20873612,0.22129998,0.24356508,0.26965472,0.28929794,0.2994865,0.30090553,0.2951024,0.28516147,0.27401352,0.260942,0.2444487,0.22770463,0.21402605,0.20457664,0.19900331,0.19560798,0.19447513,0.1945783,0.19571732,0.19757788,0.19976969,0.20288399,0.2064092,0.21090277,0.21639921,0.22307731,0.23070434,0.23892687,0.24741755,0.25574365,0.26362523,0.27067497,0.27618524,0.28125522,0.28543168,0.28971347,0.29354843,0.29384106,0.29393035,0.29276034,0.29059625,0.28821304,0.28542498,0.28393993,0.282714,0.2825977,0.28293496,0.2841067,0.28524086,0.28651732,0.28752035,0.28811893,0.28806263,0.2875488,0.28716817,0.2875707,0.28878185,0.29044196,0.29220217,0.29353648,0.29419705,0.29478005,0.29489425,0.29392377,0.2927103,0.2921567,0.2919757,0.2920563,0.29211217,0.29182974,0.2905119,0.28793383,0.28429684,0.28088555,0.27979258,0.28202993,0.28630915,0.2912218,0.29634517,0.30095276,0.304797,0.3073979,0.3078359,0.30684206,0.30706027,0.31090346,0.31289288,0.31335926,0.31339148,0.31094944,0.30428493,0.29491955,0.29056954,0.2888978,0.28487602,0.27838895,0.27679336,0.27436236,0.2711886,0.26697704,,,,,,,,,,,,,,,,,,,,,,,,,,,,,,,,,,,,,,,,,,,,,,,,,,,,,,,,,,,,,,,,,,,,,,,,,,,,,,,,,,,,,,,,,,,,,,,,,,,,,,,,,,,,,,,,,,,,,,,,,,,,,,,,,,,,,,,,,,,,,,,,,,,,,,,,,,,,,,,,,,,,,,,,,,,,,,,,,,,,,,,,,,,,,,,,,,,,,,,,,,,,,,,,,,,,,,,,,,,,,,,,,,,,,,,,,,,,,,,,,,,,,,,,,,,,,,,,,,,,,,,,,,,,,,,,,,,,,,,,,,,,,,
24.75,,,,,,,,,,,,,,,,,,,,,,,,,,,,,,,,,,,,,,0.29581076,0.29627898,,,,,,,,0.25768176,0.25915396,,0.26177198,,0.26175827,,0.26079074,0.2584443,0.2579837,0.26037368,0.26245978,0.26189885,0.2589816,0.25721586,0.25608504,0.25658008,0.25733304,0.25921094,0.25937662,0.25851154,0.2585331,0.25918427,0.26135498,0.2631231,0.2653321,0.26670572,0.26769635,0.26820406,0.26912406,0.2700975,0.27006036,0.26897603,0.26947334,0.27127185,0.2752029,0.2783719,0.2811578,0.2860253,,,,,,,,,,,,,,,,,,,,,,0.25603795,0.25643557,0.2508215,0.24481528,0.23958491,0.23620404,0.23604551,0.24018857,0.24248113,0.23847865,0.23327002,0.22671026,0.21982786,0.21280825,0.20640013,0.20175657,0.19903556,0.19765995,0.19745003,0.1974951,0.19720931,0.19656472,0.1960992,0.19637197,0.19779932,0.20132267,0.20787278,0.22097391,0.24367316,0.26937464,0.28774536,0.29597858,0.29501328,0.2860845,0.27225605,0.25514227,0.23445559,0.2118765,0.1922972,0.17840242,0.16998765,0.16466697,0.16178834,0.16088364,0.16082695,0.16188335,0.16341588,0.1656558,0.1685762,0.17205745,0.1764972,0.18186252,0.18834212,0.19582425,0.20435216,0.21357498,0.22332036,0.23304015,0.24240829,0.25092322,0.25866145,0.26588595,0.27263108,0.27758694,0.28037095,0.28152037,0.2804462,0.2777847,0.27436876,0.27089018,0.26879877,0.26771688,0.26778775,0.269396,0.2712942,0.27317235,0.27474114,0.27568272,0.27592373,0.2756794,0.27523208,0.27522123,0.27645686,0.27887285,0.28199622,0.2851046,0.28743845,0.28853762,0.28816977,0.28651646,0.28406644,0.28167674,0.28044972,0.28000477,0.280447,0.28151318,0.28220823,0.28164557,0.2798338,0.27744487,0.27576375,0.27617183,0.27855542,0.28160468,0.28605253,0.29125923,0.2958116,0.3002866,0.30507383,0.3077267,0.30845568,0.30853835,0.31052172,0.3113738,0.3111777,0.31106824,0.30813783,0.30176094,0.2966989,0.29635325,0.29538196,0.29181656,0.28295717,0.28049636,0.2782113,0.2741462,0.26844403,0.2637527,0.2600518,,,,,,,,,,,,,,,,,,,,,,,,,,,,,,,,,,,,,,,,,,,,,,,,,,,,,,,,,,,,,,,,,,,,,,,,,,,,,,,,,,,,,,,,,,,,,,,,,,,,,,,,,,,,,,,,,,,,,,,,,,,,,,,,,,,,,,,,,,,,,,,,,,,,,,,,,,,,,,,,,,,,,,,,,,,,,,,,,,,,,,,,,,,,,,,,,,,,,,,,,,,,,,,,,,,,,,,,,,,,,,,,,,,,,,,,,,,,,,,,,,,,,,,,,,,,,,,,,,,,,,,,,,,,,,,,,,,,,,,,,,,,
24.666672,,,,,,,,,,,,,,,,,,,,,,,,,,,,,,,,,,,,,,,,,,,,,,,0.26090604,0.26267284,0.26432124,0.26559892,0.26458055,0.26536512,0.26421264,0.26442546,0.26238057,0.26172605,0.2632923,0.26424897,0.2648324,0.26474965,0.26312828,0.26310146,0.26291505,0.2643318,0.26569667,0.26656875,0.264985,0.2649027,0.26445514,0.26514894,0.26627928,0.26866794,0.26994875,0.27069676,0.27132705,0.27269307,0.2728948,0.27233902,0.27182648,0.27298608,0.27566656,0.27987993,0.28369147,0.28727105,0.2888895,,,,,,,,,,,,,,,,,,,,,,0.25703502,0.25743014,0.25459626,0.25032187,0.24554911,0.2410189,0.23781227,0.23887941,0.24185894,0.23946401,0.23379745,0.22739169,0.22029722,0.21283118,0.20554467,0.1991434,0.19421215,0.19098462,0.18975715,0.19010374,0.19135427,0.19294204,0.19449632,0.19631676,0.1988698,0.2026284,0.20854023,0.22097373,0.24294738,0.2673743,0.28374928,0.28949133,0.28548273,0.27308622,0.25471312,0.2317668,0.20552753,0.18023589,0.16086079,0.14842105,0.14039288,0.13517134,0.13252966,0.13133207,0.13105504,0.1316339,0.13269882,0.13454637,0.13705401,0.14029406,0.14441498,0.14949399,0.15552199,0.16242382,0.17042486,0.17935203,0.18908828,0.19943422,0.21009952,0.2206286,0.23092853,0.2408612,0.25006446,0.25768754,0.26355395,0.26749468,0.26913756,0.26911607,0.26778814,0.26590616,0.26487648,0.26425985,0.2639316,0.2639023,0.26377854,0.26423892,0.26481503,0.2647958,0.263947,0.26223826,0.26084247,0.26049146,0.2620889,0.2660549,0.27134198,0.27654353,0.28004187,0.28136247,0.28122994,0.27841616,0.27481976,0.271199,0.26863995,0.2676971,0.26847914,0.27060437,0.27305698,0.2748217,0.2753248,0.2749255,0.27450395,0.27452365,0.2746,0.27609557,0.28112662,0.28652188,0.2914899,0.29744163,0.3029873,0.3062704,0.30799717,0.30867022,0.30911157,0.30833617,0.308092,0.30858985,0.3078927,0.30539185,0.30365846,0.30247965,0.3001412,0.2932157,0.283545,0.28318614,0.28114322,0.27540323,0.27068487,0.266035,0.2617013,,,,,,,,,,,,,,,,,,,,,,,,,,,,,,,,,,,,,,,,,,,,,,,,,,,,,,,,,,,,,,,,,,,,,,,,,,,,,,,,,,,,,,,,,,,,,,,,,,,,,,,,,,,,,,,,,,,,,,,,,,,,,,,,,,,,,,,,,,,,,,,,,,,,,,,,,,,,,,,,,,,,,,,,,,,,,,,,,,,,,,,,,,,,,,,,,,,,,,,,,,,,,,,,,,,,,,,,,,,,,,,,,,,,,,,,,,,,,,,,,,,,,,,,,,,,,,,,,,,,,,,,,,,,,,,,,,,,,,,,,,,,
24.583336,,,,,,,,,,,,,,,,,,,,,,,,,,,,,,,,,,,,,,,,,,,,,,,0.26585585,0.2673669,0.2683745,0.26930496,0.2688024,0.26825124,0.2677441,0.26784614,0.26698142,0.26696032,0.26795036,0.2679799,0.26912612,0.27003628,0.26965985,0.27016047,0.27009115,0.27098435,0.27147365,,0.27047145,0.271684,,0.26910716,0.27062687,0.27211455,0.27277458,0.27450323,0.27404478,0.27474374,0.27565563,0.276446,0.27680457,0.27881804,0.28100213,0.28487659,0.28789902,0.2898371,,,,,,,,,,,,,,,,,,,,,,,,0.256609,0.2556546,0.25284445,0.2498644,0.245731,0.24077147,0.23848331,0.24035223,0.24063116,0.23584366,0.2293122,0.22221622,0.21458057,0.20690042,0.19964768,0.19310172,0.18771744,0.18453297,0.1839735,0.18580396,0.18931016,0.1936286,0.19754256,0.20112981,0.20484751,0.2097791,0.22084028,0.24131525,0.26391542,0.27776763,0.28078946,0.27364874,0.25772822,0.2350721,0.2075142,0.17835836,0.15289949,0.13496597,0.12324033,0.11506004,0.10964939,0.10679589,0.10505497,0.10432659,0.10413843,0.10449752,0.10558318,0.10741071,0.11016297,0.11393392,0.11859894,0.12432972,0.13105291,0.1389715,0.14777252,0.15750462,0.16819772,0.17961073,0.1914881,0.2034942,0.21536697,0.2265442,0.23662812,0.24528714,0.252297,0.2573563,0.26075774,0.26292434,0.26444805,0.2665692,0.26919743,0.27169347,0.27265888,0.2710348,0.2671483,0.26302215,0.25999147,0.256261,0.25193942,0.24813788,0.2458083,0.2464342,0.25141302,0.25903526,0.26687524,0.27263266,0.27539998,0.2751993,0.27323583,0.2684657,0.26407155,0.26077586,0.25944367,0.26010412,0.26195318,0.26445678,0.26710647,0.26924506,0.2707302,0.27128002,0.27089658,0.27023187,0.27213973,0.2778122,0.28282332,0.28790486,0.29454666,0.30005902,0.30313197,0.30486986,0.30547893,0.3052062,0.30410656,0.30429366,0.3053714,0.3058879,0.30566022,0.30434534,0.3020845,0.29823843,0.2904053,0.28479746,0.28615725,0.2832816,0.27549303,0.27262264,0.26861408,0.26352432,,,,,,,,,,,,,,,,,,,,,,,,,,,,,,,,,,,,,,,,,,,,,,,,,,,,,,,,,,,,,,,,,,,,,,,,,,,,,,,,,,,,,,,,,,,,,,,,,,,,,,,,,,,,,,,,,,,,,,,,,,,,,,,,,,,,,,,,,,,,,,,,,,,,,,,,,,,,,,,,,,,,,,,,,,,,,,,,,,,,,,,,,,,,,,,,,,,,,,,,,,,,,,,,,,,,,,,,,,,,,,,,,,,,,,,,,,,,,,,,,,,,,,,,,,,,,,,,,,,,,,,,,,,,,,,,,,,,,,,,,,,,
24.5,,,,,,,,,,,,,,,,,,,,,,,,,,,,,,,,,,,,,,,,,,,,,,0.2723948,0.27164853,0.2723752,0.27248284,,0.27267668,0.2714867,0.27143258,0.27132022,0.271891,0.27278334,,0.2716756,0.2732769,0.27461216,0.27538767,0.27628896,0.27616188,0.2764711,0.2762094,0.27448103,0.2757247,0.27612546,,,0.27485308,0.2764164,0.27721933,0.27832767,0.27782917,0.27825758,0.27953845,0.28156063,0.28306276,0.28544924,0.28831044,0.29126796,0.29198825,0.2918303,,,,,,,,,,,,,,,,,,,,,,,,0.25616133,0.25522056,0.2536079,0.2526303,0.24969608,0.24373536,0.23839293,0.23746994,0.2391674,0.2384484,0.23371162,0.2270932,0.21966024,0.21174732,0.20385574,0.19638966,0.18995094,0.18540642,0.18385878,0.18537848,0.18931353,0.19482318,0.20053573,0.20512898,0.20845962,0.21192747,0.22067201,0.23833415,0.25852364,0.26981187,0.26997888,0.25987145,0.24049759,0.21417569,0.183582,0.15342772,0.1289219,0.11184359,0.099681355,0.090788,0.0854545,0.08213322,0.07963405,0.078102864,0.07688743,0.07614601,0.076043546,0.07675015,0.078512564,0.081411034,0.08540154,0.09071818,0.09729314,0.10531086,0.11454381,0.12499827,0.13669628,0.14934967,0.16281348,0.17676383,0.19087726,0.20463991,0.21741328,0.22859201,0.23775186,0.2447688,0.2500361,0.25463378,0.25914133,0.26459286,0.27106747,0.27729386,0.28148112,0.28284544,0.280832,0.2754509,0.26769924,0.25893393,0.2503474,0.24232063,0.23613174,0.23337877,0.23726031,0.24631663,0.2574727,0.2655189,0.27067432,0.27171612,0.2695028,0.26620746,0.2615185,0.25802904,0.25680155,0.2575078,0.25914472,0.26097834,0.2625957,0.26432464,0.2663121,0.26749292,0.2680267,0.2685934,0.2711376,0.27582207,0.2791136,0.28265196,0.28820708,0.29259476,0.295956,0.29850775,0.29961145,0.2997923,0.29951206,0.30019018,0.3013867,0.3019643,0.30178675,0.30114374,0.29896492,0.2951055,0.2897228,0.28826675,0.28913763,0.2840323,0.27494535,0.27453953,0.27277872,0.26673114,0.2611528,,,,,,,,,,,,,,,,,,,,,,,,,,,,,,,,,,,,,,,,,,,,,,,,,,,,,,,,,,,,,,,,,,,,,,,,,,,,,,,,,,,,,,,,,,,,,,,,,,,,,,,,,,,,,,,,,,,,,,,,,,,,,,,,,,,,,,,,,,,,,,,,,,,,,,,,,,,,,,,,,,,,,,,,,,,,,,,,,,,,,,,,,,,,,,,,,,,,,,,,,,,,,,,,,,,,,,,,,,,,,,,,,,,,,,,,,,,,,,,,,,,,,,,,,,,,,,,,,,,,,,,,,,,,,,,,,,,,,,,,,,,
24.416672,,,,,,,,,,,,,,,,,,,,,,,,,,,,,,,,,,,,,,,,,,,,,,0.27797666,,,0.2780022,0.27738816,0.2767501,0.27548018,0.2752601,0.27487814,0.27675998,0.27801222,0.2773226,0.27643383,0.276284,0.27703094,0.27943546,0.2815089,0.28156283,0.2818139,0.2820493,0.28142202,0.28129932,0.28090176,0.27875328,0.27817422,0.27886787,0.28025043,0.2815733,0.2837344,0.28427574,0.28475276,0.28617665,0.2882485,0.29010424,0.29268315,0.295127,0.298356,,,,,,,,,,,,,,,,,,,,,,,,,,,0.2550612,0.25410601,0.2535005,0.25185552,0.2465297,0.24060893,0.23684528,0.2366835,0.23837727,0.23754384,0.23372716,0.22804245,0.22133064,0.21414523,0.20691514,0.20055163,0.19598405,0.1939709,0.19481502,0.19796586,0.2024967,0.20732845,0.21114413,0.21322353,0.21449246,0.22010209,0.23434538,0.25146204,0.26023623,0.25781906,0.24518076,0.22302853,0.19415237,0.16218057,0.13226587,0.10851301,0.091224134,0.07809824,0.068991944,0.06355938,0.059666693,0.05633035,0.053762548,0.051481925,0.04955805,0.04827886,0.047886394,0.04851966,0.05022855,0.05304947,0.057322606,0.06308844,0.07039172,0.079354264,0.08997066,0.102341525,0.1162749,0.13156411,0.14792989,0.16500442,0.18228292,0.19912733,0.21471792,0.22820203,0.2387751,0.24609342,0.25152913,0.25730523,0.26516846,0.2751049,0.2848659,0.29138824,0.29469094,0.29478958,0.29142767,0.28408384,0.2738755,0.26232,0.25108024,0.24150643,0.23453075,0.23306634,0.23833193,0.25109568,0.261139,0.26716658,0.27050912,0.26899773,0.26568118,0.26188815,0.2584821,0.25663072,0.25614503,0.25773266,0.26075262,0.2632373,0.26549459,0.26782852,0.26932263,0.2705684,0.27169815,0.2732178,0.27510002,0.2752636,0.2758807,0.2792775,0.28278485,0.286433,0.29010853,0.29290378,0.2946585,0.29559708,0.2967129,0.29756966,0.2980495,0.2983412,0.29851317,0.29734367,0.29449135,0.29191396,0.2913552,0.28996488,0.28416535,0.27597344,0.27618253,0.27530396,0.2702052,0.26395926,,,,,,,,,,,,,,,,,,,,,,,,,,,,,,,,,,,,,,,,,,,,,,,,,,,,,,,,,,,,,,,,,,,,,,,,,,,,,,,,,,,,,,,,,,,,,,,,,,,,,,,,,,,,,,,,,,,,,,,,,,,,,,,,,,,,,,,,,,,,,,,,,,,,,,,,,,,,,,,,,,,,,,,,,,,,,,,,,,,,,,,,,,,,,,,,,,,,,,,,,,,,,,,,,,,,,,,,,,,,,,,,,,,,,,,,,,,,,,,,,,,,,,,,,,,,,,,,,,,,,,,,,,,,,,,,,,,,,,,,,,,
24.333336,,,,,,,,,,,,,,,,,,,,,,,,,,,,,,,,,,,,,,,,,,,,,,,,0.28465483,0.28438792,0.2838014,0.28170514,0.27977827,0.2798423,0.27904212,0.281539,0.28355956,0.28306168,0.2815666,0.28056455,,0.2829856,0.28578407,0.28619787,0.2868881,0.28754583,0.28767115,0.28763536,0.28746864,0.28657195,0.28589404,0.28532055,0.28636715,0.28808323,0.29061827,0.2918147,0.29275784,0.29386467,0.29532337,0.29713684,0.29904756,0.300713,0.30247965,,,,,,,,,,,,,,,,,,,,,,,,,,,,,0.25367162,0.25275308,0.24971643,0.24517982,0.24023212,0.23712029,0.23693348,0.23776338,0.23743835,0.2352224,0.23151399,0.22683975,0.22170492,0.21695323,0.21337901,0.2114272,0.2112649,0.21265496,0.21499607,0.21723813,0.21849199,0.21818618,0.2167867,0.21899606,0.22924058,0.2431202,0.2499097,0.24525975,0.23086074,0.20713443,0.17714094,0.14496005,0.115469575,0.09178625,0.07359683,0.059677076,0.050312605,0.044549122,0.03995998,0.035728533,0.03214421,0.028821256,0.02591576,0.023706742,0.022309307,0.022002889,0.022715157,0.024593195,0.027951645,0.032886516,0.039407637,0.04780321,0.058068108,0.070384,0.084629096,0.10060919,0.1181255,0.13692553,0.15655988,0.17657979,0.1963439,0.21490806,0.23110726,0.2437868,0.25237912,0.25878024,0.26740748,0.2793864,0.29287857,0.30222553,0.30753484,0.30926302,0.30773503,0.30237263,0.29364607,0.2823958,0.27046782,0.25913852,0.25106648,0.24592698,0.24445593,0.25072202,0.2608803,0.266743,0.27020177,0.27138755,0.268659,0.26438382,0.26066968,0.25777954,0.25572577,0.25747535,0.2611808,0.26423448,0.26737794,0.27049586,0.27299064,0.27485463,0.27563038,0.27526945,0.27474502,0.2722196,0.2700931,0.2716748,0.27461088,0.27812514,0.28234237,0.28667077,0.29019958,0.29262862,0.29412892,0.29495093,0.29554015,0.29585707,0.2961604,0.29604444,0.29483256,0.29340458,0.29250202,0.2899582,0.28562775,0.27863237,0.27961937,0.2793644,0.27327475,0.2667382,,,,,,,,,,,,,,,,,,,,,,,,,,,,,,,,,,,,,,,,,,,,,,,,,,,,,,,,,,,,,,,,,,,,,,,,,,,,,,,,,,,,,,,,,,,,,,,,,,,,,,,,,,,,,,,,,,,,,,,,,,,,,,,,,,,,,,,,,,,,,,,,,,,,,,,,,,,,,,,,,,,,,,,,,,,,,,,,,,,,,,,,,,,,,,,,,,,,,,,,,,,,,,,,,,,,,,,,,,,,,,,,,,,,,,,,,,,,,,,,,,,,,,,,,,,,,,,,,,,,,,,,,,,,,,,,,,,,,,,,,,,
24.25,,,,,,,,,,,,,,,,,,,,,,,,,,,,,,,,,,,,,,,,,,,,,,,,,,,0.28624758,0.2839851,,0.2824916,0.28457096,0.2869247,0.28710142,0.28617752,0.2853398,0.28566223,0.28645673,0.28858656,0.29058802,0.29189426,0.29296803,0.2937272,0.29415002,0.2941777,0.29382458,0.29374966,0.2938658,0.2951,0.29822186,,,0.2989603,0.3001501,0.30140522,0.30245438,0.3046237,,,,,,,,,,,,,,,,,,,,,,,,,,,,,,,0.25355035,0.25317666,0.2520479,0.24902594,0.24466255,0.24111618,0.23936825,0.23874305,0.23835659,0.23817438,0.23753919,0.23604755,0.23388024,0.23151268,0.2293552,0.2277513,0.22687618,0.22660175,0.22648914,0.22600678,0.22475488,0.22196248,0.21806468,0.21709329,0.2233696,0.23405111,0.2395824,0.23369241,0.21832344,0.19422115,0.16425289,0.13240685,0.10315635,0.07890161,0.05945929,0.044512007,0.03436261,0.027774228,0.022516074,0.017624702,0.013056677,0.008642689,0.0047463328,0.0015083494,-0.0010702881,-0.0025437204,-0.0029557012,-0.0022199384,7.6565986e-05,0.0041522044,0.010114463,0.01829412,0.028729552,0.041598268,0.05665755,0.0737464,0.0925548,0.11277926,0.13404417,0.15591143,0.17780127,0.1990509,0.2190372,0.23644336,0.24987964,0.25842184,0.2674337,0.28032666,0.295837,0.30778292,0.31589884,0.32046875,0.32132483,0.31846955,0.3121247,0.30324042,0.292546,0.28133583,0.2721973,0.26576057,0.2607468,0.2591784,0.2648067,0.27095658,0.27296638,0.27451628,0.27358532,0.26954195,0.26481515,0.26011324,0.25723973,0.25856173,0.2609336,0.2632141,0.2663623,0.27019814,0.27367458,0.27591318,0.2760276,0.2745557,0.27401507,0.27155998,0.2679785,0.268382,0.27164483,0.27549708,0.27925774,0.28295094,0.2867258,0.29001188,0.29197735,0.2931753,0.2938696,0.29398653,0.2942011,0.29456756,0.2945686,0.2937163,0.2928834,0.2912448,0.2871286,0.27981055,0.28200087,0.28302625,0.27730805,0.2700312,,,,,,,,,,,,,,,,,,,,,,,,,,,,,,,,,,,,,,,,,,,,,,,,,,,,,,,,,,,,,,,,,,,,,,,,,,,,,,,,,,,,,,,,,,,,,,,,,,,,,,,,,,,,,,,,,,,,,,,,,,,,,,,,,,,,,,,,,,,,,,,,,,,,,,,,,,,,,,,,,,,,,,,,,,,,,,,,,,,,,,,,,,,,,,,,,,,,,,,,,,,,,,,,,,,,,,,,,,,,,,,,,,,,,,,,,,,,,,,,,,,,,,,,,,,,,,,,,,,,,,,,,,,,,,,,,,,,,,,,,,,
24.166672,,,,,,,,,,,,,,,,,,,,,,,,,,,,,,,,,,,,,,,,,,,,,,,,,,,0.2914747,0.28914425,0.28788716,0.28641665,0.28732416,0.2891736,0.28965724,0.29025844,0.29067495,0.29117924,0.29167596,0.29290122,0.29481548,0.29635632,0.29773337,0.29901645,0.30007604,0.3004043,0.3008529,0.30111736,0.3009252,0.30151528,0.30349618,0.30420265,0.30520618,0.3048964,0.305203,0.3054404,0.306248,,,,,,,,,,,,,,,,,,,,,,,,,,,,,,,,,0.25338554,0.25302994,0.25165117,0.24901025,0.24683645,0.24561839,0.24460682,0.24319854,0.2420637,0.24154598,0.24130212,0.24084873,0.24013604,0.23925027,0.23817612,0.23683701,0.2352733,0.23360492,0.23166093,0.22879435,0.2242127,0.21839872,0.21483156,0.21729347,0.22477108,0.22966851,0.22385076,0.20858014,0.18497741,0.155884,0.12448855,0.09519413,0.06992467,0.04897289,0.032633774,0.02120896,0.01347072,0.0074500362,0.0017996172,-0.0038017957,-0.009294227,-0.014289029,-0.018736387,-0.022688307,-0.02565312,-0.027568636,-0.028343005,-0.027433086,-0.024452291,-0.019185618,-0.011306844,-0.0006678633,0.012751293,0.028783519,0.047222096,0.06770301,0.08982889,0.113210134,0.13733812,0.16164437,0.1852129,0.20745006,0.22742991,0.24450116,0.25677046,0.26670894,0.27974525,0.29564515,0.30904323,0.3187603,0.3255891,0.3290397,0.32897228,0.32559592,0.31947622,0.31103182,0.3015026,0.29269308,0.28521463,0.27819794,0.27290258,0.27372792,0.2785728,0.27936897,0.27865842,0.27823156,0.27509835,0.26952395,0.26316682,0.2599623,0.2596914,0.2596555,0.26060346,0.2635701,0.26777253,0.2716022,0.27402657,0.27429438,0.2732223,0.27359807,0.27314448,0.270945,0.27125823,0.27404684,0.2778973,0.28141955,0.28382012,0.28541437,0.28757352,0.28991452,0.2914623,0.29259202,0.29301724,0.2930213,0.29337746,0.29370978,0.29314953,0.2927555,0.29188922,0.28823102,0.28199145,0.28375876,0.28449443,0.2801873,0.2741423,0.2701818,,,,,,,,,,,,,,,,,,,,,,,,,,,,,,,,,,,,,,,,,,,,,,,,,,,,,,,,,,,,,,,,,,,,,,,,,,,,,,,,,,,,,,,,,,,,,,,,,,,,,,,,,,,,,,,,,,,,,,,,,,,,,,,,,,,,,,,,,,,,,,,,,,,,,,,,,,,,,,,,,,,,,,,,,,,,,,,,,,,,,,,,,,,,,,,,,,,,,,,,,,,,,,,,,,,,,,,,,,,,,,,,,,,,,,,,,,,,,,,,,,,,,,,,,,,,,,,,,,,,,,,,,,,,,,,,,,,,,,,,,,
24.083336,,,,,,,,,,,,,,,,,,,,,,,,,,,,,,,,,,,,,,,,,,,,,,,,,,,0.296593,0.2961876,0.29509556,0.29354858,0.29235715,0.29293102,0.2936681,0.29483703,,,,,,,,,,,,,0.30601144,0.30608365,0.3056543,0.3065249,0.30772728,0.30794814,,,,,,,,,,,,,,,,,,,,,,,,,,,,,,,,,,,,,0.25318757,0.25260708,0.2516362,0.25110152,0.25094008,0.25010437,0.24884681,0.24748918,0.24635133,0.24546714,0.2448117,0.24429126,0.24385194,0.24297482,0.24134949,0.23935388,0.23738651,0.23504534,0.23138447,0.22582206,0.21898466,0.21336424,0.2120123,0.21587251,0.22007342,0.21589743,0.20174773,0.17973489,0.15161833,0.120995015,0.0913985,0.06498788,0.042355403,0.024291411,0.011088228,0.0018113725,-0.005200005,-0.011607123,-0.0181818,-0.024757,-0.031021312,-0.03684026,-0.042281307,-0.046921194,-0.050561722,-0.052939646,-0.053452343,-0.051545814,-0.046913568,-0.039140143,-0.028171731,-0.014044327,0.003210876,0.02322106,0.04551489,0.06945349,0.09458568,0.120360345,0.14641477,0.17206047,0.1965493,0.21877727,0.23783669,0.25322098,0.2641301,0.27663028,0.29199815,0.30636865,0.31697991,0.32491404,0.32997802,0.33218756,0.33159193,0.32832173,0.32280186,0.31582117,0.3081644,0.30049193,0.29352576,0.2878694,0.28600213,0.28847462,0.28813455,0.28482044,0.28253785,0.27953395,0.2733676,0.26635504,0.26201728,0.25932777,0.25711608,0.25692543,0.25934848,0.26332903,0.26772633,0.27114227,0.27251133,0.27290493,0.2739703,0.27528372,0.27626118,0.2781046,0.28073323,0.2837042,0.286164,0.28762016,0.28761873,0.28673905,0.28754202,0.28922844,0.29084614,0.29212618,0.29230863,0.2925623,0.29284754,0.29266056,0.29289708,0.29301915,0.2912132,0.2860251,0.2865235,0.2852135,0.28237697,0.27948537,0.27412036,,,,,,,,,,,,,,,,,,,,,,,,,,,,,,,,,,,,,,,,,,,,,,,,,,,,,,,,,,,,,,,,,,,,,,,,,,,,,,,,,,,,,,,,,,,,,,,,,,,,,,,,,,,,,,,,,,,,,,,,,,,,,,,,,,,,,,,,,,,,,,,,,,,,,,,,,,,,,,,,,,,,,,,,,,,,,,,,,,,,,,,,,,,,,,,,,,,,,,,,,,,,,,,,,,,,,,,,,,,,,,,,,,,,,,,,,,,,,,,,,,,,,,,,,,,,,,,,,,,,,,,,,,,,,,,,,,,,,,,,,,
24.0,,,,,,,,,,,,,,,,,,,,,,,,,,,,,,,,,,,,,,,,,,,,,,,,,,,0.29935476,0.3005017,0.3009267,0.30051112,0.30006167,0.30000183,0.30029964,,,,,,,,,,,,,,,,,,,,,,,,,,,,,,,,,,,,,,,,,,,,,,,,,,,,,,,,,0.25276423,0.25241026,0.25279522,0.2529501,0.25196382,0.25098157,0.25004965,0.24937268,0.24851997,0.24757713,0.24686667,0.24644792,0.24559358,0.24389282,0.24176791,0.23971993,0.237294,0.23352903,0.22774567,0.22061461,0.21377312,0.20882112,0.20827441,0.21077774,0.20894966,0.19725645,0.17737517,0.15105422,0.12125846,0.0913006,0.0636518,0.039197627,0.01903509,0.003696947,-0.0074734376,-0.015849495,-0.023177028,-0.030611033,-0.038361263,-0.04599256,-0.053293254,-0.06032996,-0.066889204,-0.07237446,-0.07641648,-0.0783,-0.077349566,-0.07323849,-0.06565943,-0.05452972,-0.039715048,-0.021244787,0.0004157917,0.02471908,0.050934717,0.07838215,0.10635933,0.13427538,0.16141725,0.18713929,0.21101755,0.23208426,0.24896617,0.26175252,0.27281728,0.28628957,0.30032113,0.3111684,0.31944817,0.325273,0.32882762,0.3301098,0.3292818,0.32664138,0.322828,0.31795636,0.3125121,0.30751947,0.30329874,0.30000693,0.2998039,0.297866,0.29204127,0.2868883,0.28281304,0.27614793,0.26865014,0.26266527,0.25744662,0.25363183,0.25263336,0.25466698,0.2589435,0.26441696,0.26966694,0.2731776,0.27510536,0.27637717,0.27801302,0.28032324,0.2832659,0.28693613,0.2905897,0.2930884,0.29338554,0.291918,0.2881388,0.28573948,0.28616643,0.2877289,0.29007697,0.2912847,0.29189003,0.29243717,0.2925753,0.29306695,0.2937933,0.2925755,0.28782678,0.28686127,0.28636366,0.28516588,0.28321978,0.27962735,0.27548158,,,,,,,,,,,,,,,,,,,,,,,,,,,,,,,,,,,,,,,,,,,,,,,,,,,,,,,,,,,,,,,,,,,,,,,,,,,,,,,,,,,,,,,,,,,,,,,,,,,,,,,,,,,,,,,,,,,,,,,,,,,,,,,,,,,,,,,,,,,,,,,,,,,,,,,,,,,,,,,,,,,,,,,,,,,,,,,,,,,,,,,,,,,,,,,,,,,,,,,,,,,,,,,,,,,,,,,,,,,,,,,,,,,,,,,,,,,,,,,,,,,,,,,,,,,,,,,,,,,,,,,,,,,,,,,,,,,,,,,,,
23.916672,,,,,,,,,,,,,,,,,,,,,,,,,,,,,,,,,,,,,,,,,,,,,,,,,,,,,,,,,,,,,,,,,,,,,,,,,,,,,,,,,,,,,,,,,,,,,,,,,,,,,,,,,,,,,,,,,,,,0.2532086,0.25283596,0.2518555,0.25142696,0.25067085,0.24995713,0.24956875,0.24888195,0.24857277,0.24830347,0.24784978,0.24631537,0.24399516,0.24175213,0.23933083,0.2358153,0.23039484,0.22329241,0.21581942,0.20832609,0.20348592,0.20298131,0.20229894,0.19451421,0.17737761,0.15303408,0.12434522,0.09414209,0.065381065,0.03928727,0.017030621,-0.0006161799,-0.013985967,-0.024065979,-0.03238836,-0.04059912,-0.049422793,-0.05837203,-0.06702615,-0.07551564,-0.0836244,-0.09050999,-0.09557069,-0.09813928,-0.09755389,-0.09350059,-0.08584749,-0.07451026,-0.05933331,-0.040271133,-0.01764643,0.008018641,0.035860717,0.06510343,0.09492504,0.12454426,0.15336558,0.18031183,0.20493414,0.2269541,0.24541155,0.2595183,0.2696023,0.2808944,0.29326445,0.30371228,0.3117294,0.3176607,0.32218602,0.3253849,0.32738626,0.32837597,0.32827714,0.32681572,0.32405654,0.32075062,0.3172929,0.31319684,0.3106985,0.30699322,0.29882938,0.29083905,0.2849032,0.27765632,0.2692302,0.2613998,0.2540833,0.2489766,0.24799304,0.25063425,0.2554181,0.26141587,0.26742685,0.27194896,0.27506998,0.2764319,0.27699652,0.27786273,0.28095418,0.28756347,0.29370943,0.29787156,0.29875842,0.2965449,0.29126105,0.28548253,0.28272665,0.28348544,0.28633663,0.2889926,0.2908842,0.29231837,0.29292876,0.29347548,0.29397961,0.29308546,0.2902001,0.29020905,0.29133588,0.28895193,0.28623468,0.28480974,0.28053308,0.2767461,,,,,,,,,,,,,,,,,,,,,,,,,,,,,,,,,,,,,,,,,,,,,,,,,,,,,,,,,,,,,,,,,,,,,,,,,,,,,,,,,,,,,,,,,,,,,,,,,,,,,,,,,,,,,,,,,,,,,,,,,,,,,,,,,,,,,,,,,,,,,,,,,,,,,,,,,,,,,,,,,,,,,,,,,,,,,,,,,,,,,,,,,,,,,,,,,,,,,,,,,,,,,,,,,,,,,,,,,,,,,,,,,,,,,,,,,,,,,,,,,,,,,,,,,,,,,,,,,,,,,,,,,,,,,,,,,,,,,,,,
23.833336,,,,,,,,,,,,,,,,,,,,,,,,,,,,,,,,,,,,,,,,,,,,,,,,,,,,,,,,,,,,,,,,,,,,,,,,,,,,,,,,,,,,,,,,,,,,,,,,,,,,,,,,,,,,,,,,,,,,,,0.25149536,0.25125334,0.25060242,0.24970794,0.24923201,0.2484654,0.24810815,0.24792208,0.24787891,0.24732967,0.24576727,0.24380054,0.24153017,0.23860785,0.23386739,0.22722238,0.21953629,0.21071003,0.20220092,0.19769384,0.19597079,0.19126065,0.17830494,0.156766,0.12956674,0.099387266,0.06953441,0.0417643,0.017372748,-0.002721193,-0.018470867,-0.030435046,-0.03996446,-0.048980225,-0.05874134,-0.0688868,-0.07875961,-0.08839725,-0.09751893,-0.10515397,-0.110599406,-0.11317634,-0.1123935,-0.108057156,-0.100236826,-0.088889755,-0.073795766,-0.054650813,-0.031489916,-0.004731648,0.024659842,0.055518113,0.08687863,0.11765561,0.1472971,0.17512408,0.2006173,0.22280747,0.24197811,0.25669757,0.26715344,0.27733862,0.2879051,0.29738584,0.30516282,0.31139904,0.31743336,0.32332698,0.32868376,0.33309653,0.33584028,0.33660945,0.33537102,0.33269018,0.32916117,0.32439604,0.32002413,0.31501308,0.30518892,0.2943765,0.28599408,0.27788445,0.268159,0.2579311,0.24829145,0.24234824,0.24238971,0.24695495,0.252845,0.25889638,0.26392797,0.26705167,0.26869485,0.2677914,0.264824,0.2648318,0.27237558,0.2839456,0.29304102,0.29904082,0.30154032,0.30026856,0.29509032,0.28686395,0.2804015,0.27864093,0.28143013,0.28608164,0.28991634,0.29251862,0.29357916,0.29381534,0.29396847,0.29354686,0.2929207,0.29345623,0.2945676,0.29122245,0.28836393,0.28918394,0.28719646,0.28206143,0.27813277,,,,,,,,,,,,,,,,,,,,,,,,,,,,,,,,,,,,,,,,,,,,,,,,,,,,,,,,,,,,,,,,,,,,,,,,,,,,,,,,,,,,,,,,,,,,,,,,,,,,,,,,,,,,,,,,,,,,,,,,,,,,,,,,,,,,,,,,,,,,,,,,,,,,,,,,,,,,,,,,,,,,,,,,,,,,,,,,,,,,,,,,,,,,,,,,,,,,,,,,,,,,,,,,,,,,,,,,,,,,,,,,,,,,,,,,,,,,,,,,,,,,,,,,,,,,,,,,,,,,,,,,,,,,,,,,,,,,,,,
23.75,,,,,,,,,,,,,,,,,,,,,,,,,,,,,,,,,,,,,,,,,,,,,,,,,,,,,,,,,,,,,,,,,,,,,,,,,,,,,,,,,,,,,,,,,,,,,,,,,,,,,,,,,,,,,,,,,,,,,,,,,0.2496949,0.24924678,0.24831899,0.24760206,0.24695596,0.24664986,0.24637213,0.2461382,0.2451411,0.2434388,0.2411348,0.23743269,0.23177013,0.22466914,0.2154607,0.20471418,0.19661324,0.19244957,0.18827367,0.17936653,0.16154972,0.13650042,0.10691065,0.07618574,0.04683989,0.020355746,-0.0022780064,-0.020651743,-0.03481962,-0.045899943,-0.05581377,-0.06621933,-0.07728546,-0.08808359,-0.09834442,-0.10785482,-0.11566307,-0.120833434,-0.122819155,-0.121372916,-0.116471745,-0.10838492,-0.097145386,-0.08243971,-0.06366904,-0.040628396,-0.013484044,0.016908545,0.049056098,0.08178026,0.113746785,0.14429608,0.17246339,0.1981661,0.22038026,0.23925057,0.25386629,0.2651047,0.274841,0.2848456,0.29424208,0.30226883,0.3091563,0.3168432,0.3250612,0.33264303,0.33865148,0.34278253,0.3448775,0.34464085,0.34230426,0.33853522,0.33331564,0.32771838,0.32145098,0.3113322,0.29821357,0.2870307,0.27729997,0.266683,0.254767,0.24339959,0.23682173,0.23784788,0.2441656,0.251154,0.25679407,0.25885987,0.2577445,0.2557324,0.25157213,0.24802569,0.2522892,0.26472583,0.27800372,0.2889955,0.29739964,0.30170196,0.30206227,0.298121,0.29007098,0.28125495,0.2769402,0.2788368,0.28523222,0.29033217,0.2932263,0.29459855,0.29456374,0.29393697,0.29372597,0.29415238,0.2953302,0.29579666,0.29159656,0.2893801,0.29264554,0.29146546,0.28865582,0.28415275,0.2810294,0.27773824,0.27376348,0.27005684,0.2664963,,,,,,,,,,,,,,,,,,,,,,,,,,,,,,,,,,,,,,,,,,,,,,,,,,,,,,,,,,,,,,,,,,,,,,,,,,,,,,,,,,,,,,,,,,,,,,,,,,,,,,,,,,,,,,,,,,,,,,,,,,,,,,,,,,,,,,,,,,,,,,,,,,,,,,,,,,,,,,,,,,,,,,,,,,,,,,,,,,,,,,,,,,,,,,,,,,,,,,,,,,,,,,,,,,,,,,,,,,,,,,,,,,,,,,,,,,,,,,,,,,,,,,,,,,,,,,,,,,,,,,,,,,,,,,,,,,
23.666672,,,,,,,,,,,,,,,,,,,,,,,,,,,,,,,,,,,,,,,,,,,,,,,,,,,,,,,,,,,,,,,,,,,,,,,,,,,,,,,,,,,,,,,,,,,,,,,,,,,,,,,,,,,,,,,,,,,,,,,,,,,,,0.24667676,0.24635628,0.24604253,0.24597085,0.24544244,0.24460116,0.24328202,0.2406185,0.23620746,0.23042284,0.2218488,0.21026914,0.19972329,0.19308625,0.1882368,0.18065111,0.16665167,0.14454056,0.1161974,0.085050896,0.054147303,0.02561756,0.000572959,-0.020430682,-0.0370021,-0.049823694,-0.060726635,-0.07145031,-0.082828835,-0.09414461,-0.10449041,-0.11365473,-0.12092988,-0.12535472,-0.12644522,-0.12416841,-0.118586965,-0.11006797,-0.09870491,-0.084257536,-0.065852985,-0.043004587,-0.015745264,0.015219778,0.04815733,0.08161286,0.114124276,0.14495696,0.17315412,0.19850494,0.22014344,0.23849082,0.25256437,0.26319426,0.2717889,0.28109145,0.2913015,0.300993,0.30940524,0.31796992,0.32632974,0.33388323,0.3403895,0.34577754,0.34949493,0.3506818,0.34903622,0.34522092,0.3398518,0.33360147,0.32682532,0.31704825,0.30333096,0.28948352,0.27746126,0.266058,0.25396618,0.2426237,0.23600793,0.23668393,0.24310246,0.25005057,0.25395584,0.25139055,0.24538001,0.24134071,0.23862681,0.2390989,0.24606039,0.25711852,0.26957092,0.28184682,0.29309323,0.30011305,0.30235276,0.30036855,0.2936415,0.2846589,0.27895746,0.28002468,0.2872164,0.29185006,0.2936387,0.29479328,0.2957378,0.29484183,0.29418278,0.29476887,0.296157,0.2966749,0.29197705,0.28966805,0.2926792,0.2941593,0.29271725,0.29048675,0.28808948,0.28524068,0.28136748,0.27715072,0.27264193,0.2687737,0.26538932,,,0.25864005,0.25670198,,,,,,,,,,,,,,,,,,,,,,,,,,,,,,,,,,,,,,,,,,,,,,,,,,,,,,,,,,,,,,,,,,,,,,,,,,,,,,,,,,,,,,,,,,,,,,,,,,,,,,,,,,,,,,,,,,,,,,,,,,,,,,,,,,,,,,,,,,,,,,,,,,,,,,,,,,,,,,,,,,,,,,,,,,,,,,,,,,,,,,,,,,,,,,,,,,,,,,,,,,,,,,,,,,,,,,,,,,,,,,,,,,,,,,,,,,,,,,,,,,,,,,,,,,,,,,,,,,,,,,,,,,,,
23.583336,,,,,,,,,,,,,,,,,,,,,,,,,,,,,,,,,,,,,,,,,,,,,,,,,,,,,,,,,,,,,,,,,,,,,,,,,,,,,,,,,,,,,,,,,,,,,,,,,,,,,,,,,,,,,,,,,,,,,,,,,,,,,,,,,0.24510188,0.24470446,0.24395402,0.2421734,0.24047878,0.23639154,0.22870347,0.21714252,0.20549113,0.19716978,0.19178756,0.18463263,0.17242438,0.15303151,0.12658004,0.095575504,0.06351364,0.03317662,0.0058999225,-0.017594034,-0.036624845,-0.051349957,-0.06329673,-0.074169986,-0.08511875,-0.09620967,-0.10637154,-0.114861004,-0.12115183,-0.12460854,-0.12475425,-0.12175105,-0.11559661,-0.106607705,-0.09488994,-0.08025491,-0.061753947,-0.03870604,-0.011180835,0.020160202,0.05351211,0.087199315,0.119686306,0.15021186,0.17774129,0.20210347,0.22277495,0.23989278,0.2531557,0.2629038,0.26951,0.27613917,0.28553668,0.2963322,0.3059747,0.31511965,0.32348213,0.3313989,0.33922905,0.3461434,0.35138696,0.35402882,0.3535191,0.35003033,0.34450704,0.3378697,0.33068904,0.32175836,0.3094236,0.29495898,0.28102955,0.26832005,0.25635886,0.24613155,0.23981439,0.23939772,0.24441415,0.25000829,0.2518666,0.24627292,0.23742706,0.23237039,0.23296803,0.237776,0.24450895,0.25280866,0.2628064,0.27402022,0.28608426,0.2963954,0.30130035,0.30140597,0.29665437,0.2887603,0.28270054,0.28299916,0.28865165,0.29086727,0.29107776,0.2937546,0.29691914,0.296708,0.29584947,0.29578236,0.29702327,0.2985439,0.29705665,0.29184133,0.2924328,0.29519907,0.29384124,0.29230282,0.29109302,0.28983015,0.28818405,0.28489092,0.2798335,0.275385,0.27093858,,,0.26273823,0.26097,,,,,,,,,,,,,,,,,,,,,,,,,,,,,,,,,,,,,,,,,,,,,,,,,,,,,,,,,,,,,,,,,,,,,,,,,,,,,,,,,,,,,,,,,,,,,,,,,,,,,,,,,,,,,,,,,,,,,,,,,,,,,,,,,,,,,,,,,,,,,,,,,,,,,,,,,,,,,,,,,,,,,,,,,,,,,,,,,,,,,,,,,,,,,,,,,,,,,,,,,,,,,,,,,,,,,,,,,,,,,,,,,,,,,,,,,,,,,,,,,,,,,,,,,,,,,,,,,,,,,,,,,,,,
23.5,,,,,,,,,,,,,,,,,,,,,,,,,,,,,,,,,,,,,,,,,,,,,,,,,,,,,,,,,,,,,,,,,,,,,,,,,,,,,,,,,,,,,,,,,,,,,,,,,,,,,,,,,,,,,,,,,,,,,,,,,,,,,,,,,,,,,,,0.23465642,0.2239732,0.21263969,0.20439868,0.19911754,0.1924039,0.18060502,0.16238423,0.13758259,0.10731737,0.0746029,0.04272714,0.013542406,-0.0121608805,-0.03350189,-0.050138623,-0.06316987,-0.074218735,-0.084393136,-0.09430122,-0.10352079,-0.11114042,-0.11649097,-0.1190788,-0.118434995,-0.1147245,-0.10787961,-0.098182246,-0.085672356,-0.0700952,-0.050711412,-0.026814677,0.0013380632,0.032889444,0.0661048,0.099315606,0.130927,0.1602863,0.18659215,0.20939569,0.22855093,0.24389689,0.25572255,0.2643453,0.2698149,0.27394825,0.28066838,0.2901303,0.30020326,0.3104349,0.31966808,0.3282881,0.3365015,0.34417796,0.3504873,0.35443097,0.3555838,0.35358155,0.3487739,0.34200943,0.33417335,0.32546255,0.31473336,0.30168614,0.28791374,0.27461752,0.26277128,0.25326073,0.24675743,0.24519184,0.24828632,0.2518456,0.25195047,0.24675134,0.23710492,0.22960185,0.23183832,0.23879987,0.24585822,0.25355428,0.2614482,0.2697454,0.27963755,0.2903728,0.29850546,0.30083725,0.29855743,0.29226515,0.28603554,0.28547233,0.2883509,0.28826484,0.28821295,0.29338765,0.29707208,0.29818308,0.2981209,0.29732957,0.29838398,0.30002764,0.2999887,0.29504687,0.29461795,0.29502267,0.2942102,0.2941911,0.293952,0.29345992,0.2925998,0.29102266,0.28746426,0.28239372,0.27768165,0.27350146,0.27012333,0.26724705,,,,,,,,,,,,,,,,,,,,,,,,,,,,,,,,,,,,,,,,,,,,,,,,,,,,,,,,,,,,,,,,,,,,,,,,,,,,,,,,,,,,,,,,,,,,,,,,,,,,,,,,,,,,,,,,,,,,,,,,,,,,,,,,,,,,,,,,,,,,,,,,,,,,,,,,,,,,,,,,,,,,,,,,,,,,,,,,,,,,,,,,,,,,,,,,,,,,,,,,,,,,,,,,,,,,,,,,,,,,,,,,,,,,,,,,,,,,,,,,,,,,,,,,,,,,,,,,,,,,,,,,,,,,,
23.416672,,,,,,,,,,,,,,,,,,,,,,,,,,,,,,,,,,,,,,,,,,,,,,,,,,,,,,,,,,,,,,,,,,,,,,,,,,,,,,,,,,,,,,,,,,,,,,,,,,,,,,,,,,,,,,,,,,,,,,,,,,,,,,,,,,,,,,,0.23921737,0.2298377,0.22107592,0.21457024,0.20985489,0.20355394,0.1918007,0.17349836,0.14936109,0.11985501,0.08700962,0.054077137,0.023365628,-0.0039498596,-0.027174355,-0.04557606,-0.059781905,-0.07110712,-0.08073427,-0.08920451,-0.09671199,-0.102857925,-0.1069582,-0.108541384,-0.10712331,-0.102636606,-0.0949353,-0.08422463,-0.070361756,-0.05303631,-0.031916864,-0.006727061,0.022085348,0.053495694,0.08592834,0.11786677,0.14788175,0.17537892,0.1997639,0.22047582,0.2375504,0.2506898,0.26057696,0.26707432,0.2712654,0.2743212,0.27892154,0.28614575,0.29594526,0.30635464,0.3159905,0.3244387,0.33240214,0.33997482,0.3467594,0.35179603,0.35466325,0.35487005,0.35225832,0.3466653,0.33896887,0.33005604,0.3199203,0.30828443,0.29564726,0.28299725,0.27155247,0.26227057,0.25547668,0.25306654,0.2546656,0.25637683,0.25453314,0.24912967,0.23755732,0.22804342,0.23273347,0.23989794,0.24801843,0.25682333,0.26486823,0.27097,0.27696955,0.28543267,0.29437456,0.2997618,0.29922733,0.29462042,0.28757423,0.28521207,0.28677562,0.2863198,0.28578696,0.28999424,0.29367366,0.29648027,0.29996017,0.2988629,0.29948872,0.30037928,0.29997376,0.29789796,0.29751638,0.29581016,0.29611,0.29681844,0.29712775,0.29685044,0.2961969,0.29513374,0.2930254,0.28955537,0.28488487,0.28041822,0.27628654,0.2727887,0.2715941,,,,,,,,,,,,,,,,,,,,,,,,,,,,,,,,,,,,,,,,,,,,,,,,,,,,,,,,,,,,,,,,,,,,,,,,,,,,,,,,,,,,,,,,,,,,,,,,,,,,,,,,,,,,,,,,,,,,,,,,,,,,,,,,,,,,,,,,,,,,,,,,,,,,,,,,,,,,,,,,,,,,,,,,,,,,,,,,,,,,,,,,,,,,,,,,,,,,,,,,,,,,,,,,,,,,,,,,,,,,,,,,,,,,,,,,,,,,,,,,,,,,,,,,,,,,,,,,,,,,,,,,,,,,
23.333336,,,,,,,,,,,,,,,,,,,,,,,,,,,,,,,,,,,,,,,,,,,,,,,,,,,,,,,,,,,,,,,,,,,,,,,,,,,,,,,,,,,,,,,,,,,,,,,,,,,,,,,,,,,,,,,,,,,,,,,,,,,,,,,,,,,,,,,,0.23693043,0.22950426,0.2248802,0.22108479,0.2153736,0.2043766,0.18615259,0.16201927,0.13305914,0.10043279,0.066908665,0.0352966,0.006928105,-0.017542941,-0.037413627,-0.05264963,-0.06429676,-0.07344816,-0.08082064,-0.08675143,-0.09109477,-0.093447655,-0.09346723,-0.09073476,-0.08490391,-0.07573256,-0.063201286,-0.04726596,-0.027726263,-0.004598952,0.021866227,0.050960854,0.081602305,0.112585306,0.1426282,0.17039469,0.19512598,0.21694806,0.23510037,0.24958685,0.26012158,0.2675228,0.27162218,0.27344933,0.2746703,0.27692652,0.28213778,0.29115194,0.30124953,0.31102553,0.32007462,0.3283623,0.33585414,0.34273714,0.34827578,0.35207438,0.35354656,0.35296562,0.3498499,0.34385934,0.33587426,0.3264265,0.315763,0.30417252,0.29232103,0.2812942,0.27195707,0.26478344,0.26218536,0.262675,0.26167518,0.25704372,0.24785346,0.23411183,0.22684766,0.23274997,0.24085838,0.2510633,0.2615941,0.2705406,0.27626297,0.27819678,0.28245372,0.2915091,0.29861352,0.30065343,0.29696977,0.28939506,0.2847048,0.28507122,0.2844493,0.28130618,0.28301132,0.28664666,0.2928651,0.30006582,0.30042905,0.30008757,0.2999461,0.299692,0.29973567,0.29904184,0.29834032,0.29915848,0.29995397,0.30046514,0.3003348,0.29955855,0.29860532,0.29709277,0.29452905,0.2914128,0.28699327,0.28267753,0.27906612,0.27680722,,,,,,,,,,,,,,,,,,,,,,,,,,,,,,,,,,,,,,,,,,,,,,,,,,,,,,,,,,,,,,,,,,,,,,,,,,,,,,,,,,,,,,,,,,,,,,,,,,,,,,,,,,,,,,,,,,,,,,,,,,,,,,,,,,,,,,,,,,,,,,,,,,,,,,,,,,,,,,,,,,,,,,,,,,,,,,,,,,,,,,,,,,,,,,,,,,,,,,,,,,,,,,,,,,,,,,,,,,,,,,,,,,,,,,,,,,,,,,,,,,,,,,,,,,,,,,,,,,,,,,,,,,,,
23.25,,,,,,,,,,,,,,,,,,,,,,,,,,,,,,,,,,,,,,,,,,,,,,,,,,,,,,,,,,,,,,,,,,,,,,,,,,,,,,,,,,,,,,,,,,,,,,,,,,,,,,,,,,,,,,,,,,,,,,,,,,,,,,,,,,,,,,,,,0.23491341,0.23223458,0.23029648,0.2256742,0.215733,0.19879104,0.17509165,0.14656264,0.11444751,0.08112212,0.04941264,0.020789042,-0.0041329185,-0.024685577,-0.04064453,-0.052447394,-0.06113063,-0.06740048,-0.07182374,-0.07443991,-0.0747805,-0.07275831,-0.06797861,-0.06004991,-0.048519466,-0.033373915,-0.014924926,0.006660126,0.031175522,0.058133613,0.08666621,0.115834005,0.14460817,0.17194106,0.19685867,0.21868502,0.23743178,0.25257206,0.26412115,0.27181566,0.2763386,0.27779466,0.27694938,0.2756195,0.27527833,0.2786093,0.28649503,0.29599416,0.3058903,0.31657723,0.32618108,0.3342496,0.34151083,0.34718466,0.35097742,0.35251656,0.3521931,0.35040197,0.346283,0.3399429,0.3320256,0.32277253,0.31242546,0.30147398,0.29077932,0.28112206,0.27326974,0.2691624,0.26380312,0.2564538,0.24967185,0.23929465,0.22674319,0.22532308,0.23172867,0.24148482,0.25264078,0.26321146,0.2721691,0.27923793,0.2814433,0.28186083,0.28790367,0.2966775,0.3011385,0.29966137,0.29450095,0.28974888,0.2870636,0.2827866,0.2768805,0.27651063,0.28029165,0.28933477,0.29878706,0.30104506,0.3000467,0.29884252,0.2983289,0.29967818,0.30040467,0.30195078,0.30280003,0.3033679,0.3037028,0.30362725,0.30270347,0.3015318,0.30044997,0.29849347,0.29608002,0.2931545,0.28978452,0.28574905,0.28310877,0.28204542,,,,,,,,,,,,,,,,,,,,,,,,,,,,,,,,,,,,,,,,,,,,,,,,,,,,,,,,,,,,,,,,,,,,,,,,,,,,,,,,,,,,,,,,,,,,,,,,,,,,,,,,,,,,,,,,,,,,,,,,,,,,,,,,,,,,,,,,,,,,,,,,,,,,,,,,,,,,,,,,,,,,,,,,,,,,,,,,,,,,,,,,,,,,,,,,,,,,,,,,,,,,,,,,,,,,,,,,,,,,,,,,,,,,,,,,,,,,,,,,,,,,,,,,,,,,,,,,,,,,,,,,,,,
23.166672,,,,,,,,,,,,,,,,,,,,,,,,,,,,,,,,,,,,,,,,,,,,,,,,,,,,,,,,,,,,,,,,,,,,,,,,,,,,,,,,,,,,,,,,,,,,,,,,,,,,,,,,,,,,,,,,,,,,,,,,,,,,,,,,,,,,,,,,,0.236085,0.23578116,0.23645777,0.23309524,0.22509079,0.20996208,0.18794373,0.16047645,0.1292447,0.0966668,0.06549717,0.03729222,0.012895184,-0.007240796,-0.022955345,-0.03455893,-0.04262028,-0.047850486,-0.050484136,-0.050902944,-0.048834395,-0.044297934,-0.037003577,-0.02650653,-0.012438887,0.005220267,0.02576565,0.048669264,0.07365032,0.10011266,0.12725456,0.15426609,0.18029842,0.20456468,0.2264259,0.24477887,0.26006573,0.27191874,0.28038004,0.28505662,0.28661096,0.28533494,0.28183272,0.27796924,0.27522138,0.27646965,0.28287524,0.29170528,0.30290556,0.31567377,0.32653695,0.33514327,0.34269708,0.34815994,0.3514542,0.3526099,0.35210094,0.3503173,0.3470556,0.34200656,0.33560035,0.32800108,0.31905854,0.30900353,0.2985225,0.28813693,0.278768,0.2705036,0.25733417,0.24424101,0.23812409,0.22866191,0.22019611,0.2228995,0.23031019,0.240343,0.25069633,0.25977683,0.26708364,0.27537373,0.28202522,0.28148666,0.2840269,0.29172054,0.29710373,0.29882577,0.29760423,0.29347897,0.28858268,0.28124416,0.27342105,0.27092332,0.2725769,0.28445092,0.29634655,0.30004603,0.2990624,0.29809535,0.2995568,0.30276105,0.30417398,0.3050433,0.30591664,0.3068002,0.30647093,0.3062424,0.30491272,0.30396065,0.3032586,0.30194116,0.3001327,0.2979372,0.29519513,0.2923678,0.289266,0.2870914,0.28593647,,,,,,,,,,,,,,,,,,,,,,,,,,,,,,,,,,,,,,,,,,,,,,,,,,,,,,,,,,,,,,,,,,,,,,,,,,,,,,,,,,,,,,,,,,,,,,,,,,,,,,,,,,,,,,,,,,,,,,,,,,,,,,,,,,,,,,,,,,,,,,,,,,,,,,,,,,,,,,,,,,,,,,,,,,,,,,,,,,,,,,,,,,,,,,,,,,,,,,,,,,,,,,,,,,,,,,,,,,,,,,,,,,,,,,,,,,,,,,,,,,,,,,,,,,,,,,,,,,,,,,,,,,
23.083336,,,,,,,,,,,,,,,,,,,,,,,,,,,,,,,,,,,,,,,,,,,,,,,,,,,,,,,,,,,,,,,,,,,,,,,,,,,,,,,,,,,,,,,,,,,,,,,,,,,,,,,,,,,,,,,,,,,,,,,,,,,,,,,,,,,,,,,,,,0.23562217,0.23764238,0.236765,0.231073,0.21900979,0.1991244,0.17346661,0.1439016,0.112732105,0.0825028,0.055115916,0.031790946,0.012810173,-0.0018794184,-0.012506446,-0.019457495,-0.023378823,-0.02432552,-0.022562891,-0.018090185,-0.010936542,-0.0010124486,0.011935546,0.02811306,0.047445524,0.06919919,0.09263289,0.11724031,0.14261645,0.16791931,0.19237456,0.21552639,0.23661673,0.25506434,0.27024943,0.28227308,0.29095435,0.29645857,0.29833728,0.29714093,0.29332212,0.28746122,0.2813669,0.27648103,0.2759763,0.28125244,0.2906065,0.30447796,0.318771,0.3292668,0.3374049,0.34360567,0.34748107,0.34944734,0.35016084,0.35012007,0.34913185,0.34677958,0.34292746,0.33775797,0.3313832,0.32347873,0.31411275,0.3036262,0.2922969,0.28074554,0.2681066,0.25085837,0.23529491,0.22911999,0.22124034,0.21626537,0.2200644,0.22800882,0.23733515,0.24717262,0.25410098,0.25952113,0.26825765,0.2774852,0.27819556,0.2788797,0.28303972,0.28820834,0.2925389,0.29464665,0.29196447,0.28649276,0.27829105,0.27016267,0.26535547,0.26680472,0.28102437,0.29442728,0.29907227,0.29848948,0.29891047,0.30242422,0.30568606,0.30663428,0.3077351,0.30861214,0.309434,0.30820826,0.30795464,0.30723536,0.30649245,0.30619115,0.30516252,0.30361128,0.3018391,0.2996752,0.29713374,0.29435745,0.2923352,0.29076913,0.28923288,0.28793797,,,,,,,,,,,,,,,,,,,,,,,,,,,,,,,,,,,,,,,,,,,,,,,,,,,,,,,,,,,,,,,,,,,,,,,,,,,,,,,,,,,,,,,,,,,,,,,,,,,,,,,,,,,,,,,,,,,,,,,,,,,,,,,,,,,,,,,,,,,,,,,,,,,,,,,,,,,,,,,,,,,,,,,,,,,,,,,,,,,,,,,,,,,,,,,,,,,,,,,,,,,,,,,,,,,,,,,,,,,,,,,,,,,,,,,,,,,,,,,,,,,,,,,,,,,,,,,,,,,,,,,,
23.0,,,,,,,,,,,,,,,,,,,,,,,,,,,,,,,,,,,,,,,,,,,,,,,,,,,,,,,,,,,,,,,,,,,,,,,,,,,,,,,,,,,,,,,,,,,,,,,,,,,,,,,,,,,,,,,,,,,,,,,,,,,,,,,,,,,,,,,,,,0.2331071,0.23437011,0.23674652,0.23506242,0.22630563,0.20999698,0.18706729,0.15986629,0.13071252,0.102039635,0.07597793,0.0539544,0.036437847,0.023183974,0.0140623655,0.008737467,0.0067708734,0.008013986,0.012384268,0.019536534,0.02950971,0.042049672,0.057201844,0.07501457,0.09541638,0.117583916,0.14065774,0.1641567,0.18780206,0.2107663,0.2323586,0.2522522,0.26992622,0.28494364,0.2967054,0.30538964,0.31084615,0.3133856,0.31247428,0.30856353,0.30225626,0.2941109,0.28600395,0.2791014,0.27744293,0.28226122,0.29340568,0.31001183,0.3236226,0.332081,0.33761427,0.34064755,0.3420346,0.3430648,0.3436283,0.344015,0.34389675,0.34278667,0.34042263,0.33679214,0.3319352,0.3255527,0.31712458,0.3066882,0.2945532,0.28110528,0.26525092,0.24523774,0.22880666,0.22280806,0.2165989,0.21359506,0.2175267,0.2252439,0.23422755,0.24362324,0.24944702,0.25252768,0.26055306,0.27030852,0.27258068,0.27018914,0.27123916,0.2749179,0.2806338,0.2859475,0.28752187,0.28493524,0.27813363,0.270701,0.26618674,0.2702326,0.28411785,0.2949645,0.29911447,0.29870546,0.30022678,0.30452827,0.30770665,0.3083355,0.30945563,0.3112175,0.31182843,0.31003657,0.30983984,0.30994204,0.30932483,0.3093014,0.30799475,0.30690658,0.3053889,0.3035319,0.30103537,0.29851618,0.29647177,0.29542753,0.2945692,0.29344776,0.29221737,,,,,,,,,,,,,,,,,,,,,,,,,,,,,,,,,,,,,,,,,,,,,,,,,,,,,,,,,,,,,,,,,,,,,,,,,,,,,,,,,,,,,,,,,,,,,,,,,,,,,,,,,,,,,,,,,,,,,,,,,,,,,,,,,,,,,,,,,,,,,,,,,,,,,,,,,,,,,,,,,,,,,,,,,,,,,,,,,,,,,,,,,,,,,,,,,,,,,,,,,,,,,,,,,,,,,,,,,,,,,,,,,,,,,,,,,,,,,,,,,,,,,,,,,,,,,,,,,,,,,,,
22.916672,,,,,,,,,,,,,,,,,,,,,,,,,,,,,,,,,,,,,,,,,,,,,,,,,,,,,,,,,,,,,,,,,,,,,,,,,,,,,,,,,,,,,,,,,,,,,,,,,,,,,,,,,,,,,,,,,,,,,,,,,,,,,,,,,,,,,,,,,,,,0.23470762,0.23718205,0.2319601,0.21968526,0.20087574,0.17717806,0.15086766,0.124351844,0.100097045,0.07955904,0.06352493,0.05191312,0.044606935,0.041378334,0.04182826,0.045831155,0.052966386,0.06296097,0.07558599,0.09041333,0.10720352,0.12589927,0.14657393,0.16835375,0.19052108,0.21247357,0.23393723,0.25436047,0.27295858,0.28950545,0.30370307,0.31516543,0.3234984,0.32890445,0.33119765,0.33078706,0.32725063,0.32076922,0.31211105,0.30181494,0.29189777,0.2835626,0.2811133,0.28584376,0.2996556,0.3157831,0.32594576,0.33040598,0.33190042,0.3317833,0.3319986,0.33315542,0.3343043,0.3357084,0.3367634,0.33708426,0.33615547,0.33384687,0.33025825,0.3250873,0.31757918,0.3073056,0.29456186,0.27954823,0.26105666,0.23939621,0.22361766,0.21901383,0.21429174,0.21298526,0.21678154,0.2235896,0.2317091,0.2405444,0.24751514,0.24901184,0.2531257,0.26142696,0.26655877,0.26396468,0.26260406,0.262526,0.26582032,0.27198496,0.2787875,0.2820654,0.28044516,0.27651948,0.2729901,0.27981544,0.291616,0.2987331,0.3003141,0.29976285,0.30167678,0.30496022,0.30807135,0.31021547,0.3110537,0.31303233,0.31352586,0.31164607,0.31129017,0.3124689,0.312204,0.31246236,0.31117964,0.3105737,0.30911726,0.30718052,0.3045637,0.30202678,0.30017722,0.29940796,0.29888925,0.29857573,0.29819736,0.29728156,0.29683238,,,,,,,,,,,,0.2829396,0.28228557,0.28178075,0.28160194,,,,,,,,,,,,,,,,,,,,,,,,,,,,,,,,,,,,,,,,,,,,,,,,,,,,,,,,,,,,,,,,,,,,,,,,,,,,,,,,,,,,,,,,,,,,,,,,,,,,,,,,,,,,,,,,,,,,,,,,,,,,,,,,,,,,,,,,,,,,,,,,,,,,,,,,,,,,,,,,,,,,,,,,,,,,,,,,,,,,,,,,,,,,,,,,,,,,,,,,,,,,,,,,,,,,,,,,,,,,,,,,,,,,,,,,,,,,,,,,,,,,,,
22.833336,,,,,,,,,,,,,,,,,,,,,,,,,,,,,,,,,,,,,,,,,,,,,,,,,,,,,,,,,,,,,,,,,,,,,,,,,,,,,,,,,,,,,,,,,,,,,,,,,,,,,,,,,,,,,,,,,,,,,,,,,,,,,,,,,,,,,,,,,,,,0.23397225,0.23729548,0.2361053,0.22827785,0.21421342,0.195058,0.17275327,0.14957424,0.12793466,0.10948281,0.095168754,0.08534003,0.08001298,0.079099655,0.082175046,0.08888109,0.09860152,0.110913984,0.12530838,0.14149576,0.15910856,0.17818634,0.19863454,0.21973205,0.24078809,0.26114136,0.28051808,0.2982307,0.31373253,0.32697397,0.33762872,0.34545937,0.35029444,0.3523859,0.3515881,0.34833753,0.34222162,0.33333585,0.32246852,0.3103871,0.29868707,0.28970343,0.28657237,0.29167444,0.30572945,0.31763113,0.3223051,0.32185182,0.3195998,0.31784883,0.31757665,0.3182809,0.32002878,0.32326102,0.32673687,0.3294416,0.33053535,0.32975924,0.3271385,0.32247978,0.315472,0.30542606,0.2923792,0.27623114,0.25617647,0.23412466,0.22157627,0.2176906,0.21393521,0.21441743,0.21806319,0.22311917,0.22925621,0.23727182,0.24638806,0.25012526,0.24894822,0.25197753,0.25874108,0.2599654,0.25997016,0.259314,0.25916988,0.26168808,0.26891506,0.27736124,0.28176335,0.28196612,0.28329772,0.29001608,0.29723695,0.30074957,0.30067292,0.2994708,0.29923782,0.30046913,0.30473283,0.30965573,0.31229067,0.31346333,0.31466508,0.3144802,0.3132803,0.31476286,0.31571174,0.3162367,0.31555384,0.3146558,0.31281286,0.31064168,0.3079622,0.30518237,0.30334273,0.30257696,0.302285,0.30240482,0.30261868,0.30253655,0.3024534,0.30096665,0.2995521,,,,,,,0.29431993,0.2933231,0.29138926,0.28966084,0.28816265,0.28686187,0.28621197,,,,,,,,,,,,,,,,,,,,,,,,,,,,,,,,,,,,,,,,,,,,,,,,,,,,,,,,,,,,,,,,,,,,,,,,,,,,,,,,,,,,,,,,,,,,,,,,,,,,,,,,,,,,,,,,,,,,,,,,,,,,,,,,,,,,,,,,,,,,,,,,,,,,,,,,,,,,,,,,,,,,,,,,,,,,,,,,,,,,,,,,,,,,,,,,,,,,,,,,,,,,,,,,,,,,,,,,,,,,,,,,,,,,,,,,,,,,,,,,,,,,,,
22.75,,,,,,,,,,,,,,,,,,,,,,,,,,,,,,,,,,,,,,,,,,,,,,,,,,,,,,,,,,,,,,,,,,,,,,,,,,,,,,,,,,,,,,,,,,,,,,,,,,,,,,,,,,,,,,,,,,,,,,,,,,,,,,,,,,,,,,,,,,,,,0.2370676,0.23788314,0.2348759,0.22646712,0.21302788,0.19577515,0.1771237,0.15938035,0.14396217,0.13203806,0.12436455,0.12128843,0.122656606,0.12789269,0.13639686,0.14753261,0.1608721,0.17614003,0.19302095,0.21128932,0.23069468,0.25101972,0.27148923,0.29128784,0.3097587,0.32679588,0.3417189,0.35403123,0.36378932,0.3708579,0.37510058,0.3764969,0.37536338,0.37161914,0.36566877,0.3571375,0.3459267,0.3328775,0.31917953,0.30599916,0.29644835,0.2928332,0.29816955,0.30847684,0.3148505,0.313793,0.30852458,0.3031039,0.2990838,0.29630518,0.29566562,0.29792407,0.30300948,0.3091362,0.31494036,0.31930733,0.32131997,0.32066935,0.31703162,0.31051946,0.30077517,0.28753808,0.27053413,0.25005588,0.22987127,0.22152951,0.21713966,0.21413101,0.2156157,0.21824025,0.22161902,0.22676025,0.234885,0.24544306,0.25324464,0.25075746,0.24699362,0.2500212,0.25468597,0.25751582,0.2590455,0.25908664,0.25936726,0.2644407,0.2740512,0.28320047,0.28791636,0.2926607,0.2965545,0.2991151,0.29910356,0.29731473,0.29474574,0.2926479,0.29262236,0.2963452,0.30373892,0.31103444,0.31279424,0.3152866,0.31607887,0.31548095,0.3169385,0.31819198,0.31945652,0.31928948,0.31824574,0.31626028,0.31399938,0.311145,0.30840245,0.306299,0.30534157,0.30502436,0.3053623,0.30625898,0.30695283,0.30735287,0.3061455,0.3038146,0.30226737,0.3018549,0.30178496,0.30166617,,0.30065542,0.30006358,0.30009958,0.2984474,0.2961331,0.29389545,0.292251,0.29094183,,,,,,,,,,,,,,,,,,,,,,,,,,,,,,,,,,,,,,,,,,,,,,,,,,,,,,,,,,,,,,,,,,,,,,,,,,,,,,,,,,,,,,,,,,,,,,,,,,,,,,,,,,,,,,,,,,,,,,,,,,,,,,,,,,,,,,,,,,,,,,,,,,,,,,,,,,,,,,,,,,,,,,,,,,,,,,,,,,,,,,,,,,,,,,,,,,,,,,,,,,,,,,,,,,,,,,,,,,,,,,,,,,,,,,,,,,,,,,,,,,,,,,
22.666672,,,,,,,,,,,,,,,,,,,,,,,,,,,,,,,,,,,,,,,,,,,,,,,,,,,,,,,,,,,,,,,,,,,,,,,,,,,,,,,,,,,,,,,,,,,,,,,,,,,,,,,,,,,,,,,,,,,,,,,,,,,,,,,,,,,,,,,,,,,,,,0.23760377,0.23802108,0.23476534,0.22747283,0.21658964,0.20432068,0.19161351,0.18008898,0.17140791,0.16648884,0.16552585,0.1683245,0.17440632,0.18344618,0.19507492,0.20926833,0.22566491,0.24385425,0.2631206,0.2828502,0.3026861,0.322028,0.3401771,0.3564991,0.37094867,0.3829193,0.39213157,0.39858752,0.40230834,0.40317574,0.40128183,0.3971078,0.3906451,0.3822367,0.3715027,0.3582733,0.34322864,0.32784298,0.3133889,0.3030865,0.29886666,0.3026526,0.3082308,0.30925068,0.30369097,0.29406202,0.28550094,0.27975878,0.27648982,0.27625185,0.27863768,0.28270367,0.28806147,0.29447564,0.30117798,0.30627173,0.30849546,0.3069078,0.30155447,0.29248095,0.27930534,0.26234624,0.2431488,0.22782867,0.22147591,0.21590874,0.21290876,0.21349582,0.21533816,0.21924748,0.2265666,0.23658955,0.24716349,0.25596592,0.25578874,0.24921978,0.24676873,0.25034413,0.2548911,0.25809115,0.2592974,0.2592395,0.26237237,0.27212426,0.28416228,0.291506,0.29621986,0.29784027,0.2975986,0.29611963,0.29328075,0.28983307,0.28700507,0.2855137,0.2883007,0.29659355,0.30773434,0.31086966,0.31373003,0.31529784,0.31649825,0.31826368,0.31903237,0.320219,0.32079825,0.32048482,0.3188914,0.31695515,0.31421098,0.3112797,0.30913046,0.30785283,0.307064,0.30754673,0.3093055,0.31060693,0.31110483,0.31001416,0.3071533,0.3053419,0.3054311,0.30600333,0.30640224,0.30640948,0.30547872,0.30434343,0.30280405,0.30165353,0.30043525,0.29898074,0.29757485,,,,,,,,,,,,,,,,,,,,,,,,,,,,,,,,,,,,,,,,,,,,,,,,,,,,,,,,,,,,,,,,,,,,,,,,,,,,,,,,,,,,,,,,,,,,,,,,,,,,,,,,,,,,,,,,,,,,,,,,,,,,,,,,,,,,,,,,,,,,,,,,,,,,,,,,,,,,,,,,,,,,,,,,,,,,,,,,,,,,,,,,,,,,,,,,,,,,,,,,,,,,,,,,,,,,,,,,,,,,,,,,,,,,,,,,,,,,,,,,,,,,,,0.38678223,0.38611126
22.583336,,,,,,,,,,,,,,,,,,,,,,,,,,,,,,,,,,,,,,,,,,,,,,,,,,,,,,,,,,,,,,,,,,,,,,,,,,,,,,,,,,,,,,,,,,,,,,,,,,,,,,,,,,,,,,,,,,,,,,,,,,,,,,,,,,,,,,,,,,,,,,,,0.23813449,0.23602043,0.23180568,0.2255203,0.21823856,0.21139452,0.20654394,0.20415832,0.20473161,0.20849822,0.21568039,0.22618249,0.23966782,0.25577614,0.2737988,0.2929414,0.31249917,0.33194518,0.35081843,0.3686407,0.38498914,0.3992279,0.41123223,0.4205956,0.4270544,0.43056375,0.4312131,0.42900425,0.42415342,0.41720065,0.4081749,0.39747083,0.38470283,0.36967736,0.3529421,0.33583596,0.32007787,0.30885738,0.30374148,0.30461806,0.30511376,0.3015314,0.2935386,0.28194186,0.27279386,0.26829958,0.26718733,0.26837596,0.27084833,0.27372345,0.27691796,0.28051898,0.28438446,0.28791064,0.29108763,0.29193518,0.2886406,0.281037,0.26932088,0.25431493,0.23856772,0.22796915,0.22137749,0.21441019,0.21043202,0.21029185,0.21345764,0.2206912,0.23135561,0.24286647,0.25271183,0.2597746,0.26071367,0.25441772,0.24998097,0.2514974,0.25509244,0.25840703,0.26038724,0.26079914,0.26233438,0.27123734,0.2829026,0.29015756,0.29492497,0.29619154,0.29489508,0.2914395,0.28585076,0.27890736,0.27383867,0.276705,0.28673708,0.2929157,0.30165008,0.30613828,0.30820608,0.3108371,0.3138253,0.31667456,0.3183351,0.3190006,0.32026237,0.3209218,0.31964326,0.31826392,0.31619442,0.31357026,0.3112753,0.30979857,0.30912656,0.3104284,0.31202596,0.3132769,0.31303403,0.31173888,0.3098575,0.3086114,0.30799738,0.30829746,0.30896762,0.3090037,0.307837,0.30556026,,,,,,,,,,,,,,,,,,,,,,,,,,,,,,,,,,,,,,,,,,,,,,,,,,,,,,,,,,,,,,,,,,,,,,,,,,,,,,,,,,,,,,,,,,,,,,,,,,,,,,,,,,,,,,,,,,,,,,,,,,,,,,,,,,,,,,,,,,,,,,,,,,,,,,,,,,,,,,,,,,,,,,,,,,,,,,,,,,,,,,,,,,,,,,,,,,,,,,,,,,,,,,,,,,,,,,,,,,,,,,,,,,,,,,,,,,,,,,,,,,,,,,,,,,,,0.38551623
22.5,,,,,,,,,,,,,,,,,,,,,,,,,,,,,,,,,,,,,,,,,,,,,,,,,,,,,,,,,,,,,,,,,,,,,,,,,,,,,,,,,,,,,,,,,,,,,,,,,,,,,,,,,,,,,,,,,,,,,,,,,,,,,,,,,,,,,,,,,,,,,,,,,,,0.2365181,0.23446748,0.23210636,0.2308565,0.23208043,0.23604235,0.24271105,0.2523408,0.26512542,0.28067017,0.2983859,0.31722292,0.33662927,0.35613477,0.37519175,0.3933018,0.41011295,0.4248768,0.43742746,0.44732985,0.45437983,0.45824993,0.45904303,0.4568852,0.45193323,0.44438064,0.43486997,0.42359823,0.41082004,0.39622086,0.379574,0.36128753,0.34249645,0.3253611,0.3131123,0.30675206,0.30439,0.29987764,0.29272357,0.28432244,0.27393344,0.2666179,0.26392573,0.26331618,0.2644395,0.26695332,0.27008274,0.273203,0.27582222,0.27764866,0.2778714,0.27807164,0.27731282,0.27473858,0.2693247,0.26067662,0.24950202,0.23809801,0.2300844,0.22329761,0.2162404,0.21237525,0.21265838,0.21844816,0.22879025,0.24022171,0.25045264,0.25898027,0.26378658,0.26319924,0.25747243,0.25639945,0.25877756,0.2608529,0.26246533,0.26375103,0.26407707,0.26479828,0.27165347,0.28057364,0.28552833,0.28819942,0.28791174,0.2865864,0.28094628,0.27115315,0.25978893,0.25321394,0.2640296,0.2814155,0.2906952,0.29571927,0.29956943,0.3014042,0.30439034,0.30863744,0.31349987,0.31654194,0.31799412,0.31924108,0.31995982,0.31942162,0.3183596,0.31719458,0.31510177,0.31319836,0.31205398,0.31215292,0.31453076,0.31522286,0.31510663,0.3151306,0.3141467,0.3131547,,0.311866,0.3105851,0.31050402,0.3097394,0.30922163,0.3072286,,,,,,,,,,,,,,,,,,,,,,,,,,,,,,,,,,,,,,,,,,,,,,,,,,,,,,,,,,,,,,,,,,,,,,,,,,,,,,,,,,,,,,,,,,,,,,,,,,,,,,,,,,,,,,,,,,,,,,,,,,,,,,,,,,,,,,,,,,,,,,,,,,,,,,,,,,,,,,,,,,,,,,,,,,,,,,,,,,,,,,,,,,,,,,,,,,,,,,,,,,,,,,,,,,,,,,,,,,,,,,,,,,,,,,,,,,,,,,,,,,,,,,,,,,,,0.38536063
22.416672,,,,,,,,,,,,,,,,,,,,,,,,,,,,,,,,,,,,,,,,,,,,,,,,,,,,,,,,,,,,,,,,,,,,,,,,,,,,,,,,,,,,,,,,,,,,,,,,,,,,,,,,,,,,,,,,,,,,,,,,,,,,,,,,,,,,,,,,,,,,,,,,,,,0.23976065,0.24185352,0.24415259,0.24743293,0.25239024,0.2590622,0.26830104,0.28102177,0.2971171,0.3154216,0.33486596,0.3547586,0.37479416,0.3946327,0.41356725,0.43129423,0.4470615,0.46052393,0.4713515,0.47945955,0.48445094,0.48605707,0.4842672,0.47941408,0.47201002,0.4619884,0.44998613,0.43645123,0.42187986,0.40563488,0.38746548,0.36776027,0.34729007,0.3288361,0.3155724,0.3078786,0.30251744,0.2941502,0.2844952,0.27664727,0.2690762,0.26354665,0.26015663,0.25840697,0.25887144,0.2614949,0.26504964,0.2684109,0.27099156,0.27312982,0.2739944,0.27346277,0.27122763,0.2678529,0.26335105,0.25714335,0.2493489,0.24142452,0.23497628,0.2286462,0.22325872,0.22047809,0.22234197,0.23032002,0.2402828,0.24846464,0.2563219,0.2628269,0.26541728,0.2635266,0.262076,0.26553205,0.2693775,0.27090934,0.27051523,0.26977894,0.26892757,0.26846975,0.27249715,0.27808118,0.27915767,0.27769297,0.27536142,0.2733966,0.26830015,0.25848925,0.24840078,0.24677807,0.2609516,0.27774242,0.28940505,0.294243,0.2958866,0.29832974,0.30132252,0.30550376,0.3107297,0.31469575,0.31746712,0.31889644,0.3193809,0.31990904,0.31994238,0.31915563,0.31735617,0.31579664,0.3153734,0.31621325,0.3184995,0.3187695,0.31757888,,,0.31800714,0.31694806,0.3158589,0.31427324,0.31338865,0.3114027,,,,,,,,,,,,,,,,,,,,,,,,,,,,,,,,,,,,,,,,,,,,,,,,,,,,,,,,,,,,,,,,,,,,,,,,,,,,,,,,,,,,,,,,,,,,,,,,,,,,,,,,,,,,,,,,,,,,,,,,,,,,,,,,,,,,,,,,,,,,,,,,,,,,,,,,,,,,,,,,,,,,,,,,,,,,,,,,,,,,,,,,,,,,,,,,,,,,,,,,,,,,,,,,,,,,,,,,,,,,,,,,,,,,,,,,,,,,,,,,,,,,,,,,,,,,,,0.38830122
22.333336,,,,,,,,,,,,,,,,,,,,,,,,,,,,,,,,,,,,,,,,,,,,,,,,,,,,,,,,,,,,,,,,,,,,,,,,,,,,,,,,,,,,,,,,,,,,,,,,,,,,,,,,,,,,,,,,,,,,,,,,,,,,,,,,,,,,,,,,,,,,,,,,,,,0.24309067,0.2467762,0.25094628,0.25706148,0.2644922,0.27409616,0.28829232,0.30635658,0.32584468,0.34554517,0.36588836,0.38635784,0.40696317,0.42721385,0.44619972,0.46323532,0.47781587,0.48997217,0.49939457,0.50604326,0.50949943,0.5091573,0.5051478,0.49796414,0.48834905,0.4764605,0.46231988,0.44687518,0.4303889,0.41254222,0.39293718,0.37172207,0.34985235,0.33047992,0.31644833,0.30750042,0.2997158,0.28871036,0.27725747,0.26949248,0.2637752,0.25900075,0.25499472,0.25239494,0.25257182,0.25516185,0.2592862,0.26273793,0.26483312,0.2671838,0.26902288,0.2697522,0.26917595,0.2672513,0.26417273,0.25983796,0.25433084,0.24860862,0.24340294,0.23857857,0.23480459,0.23270579,0.23587511,0.24318056,0.24866454,0.25375068,0.25944617,0.26460356,0.26702628,0.26737788,0.27072182,0.27699673,0.28168294,0.2823906,0.28026646,0.27757877,0.27520934,0.2728016,0.27311763,0.276396,0.27670366,0.2711837,0.26581866,0.26117083,0.25589877,0.2475667,0.2418741,0.2483438,0.26347035,0.27712727,0.28727236,0.29297578,0.29463297,0.29699624,0.2998061,0.30263084,0.30644205,0.31061766,0.3149357,0.31778708,0.31945083,0.32068458,0.32208374,0.3219067,0.3207459,0.31968674,0.31949013,0.3205633,0.32230195,0.32252288,,,,0.32332945,0.32124656,,,,,,,,,,,,,,,,,,,,,,,,,,,,,,,,,,,,,,,,,,,,,,,,,,,,,,,,,,,,,,,,,,,,,,,,,,,,,,,,,,,,,,,,,,,,,,,,,,,,,,,,,,,,,,,,,,,,,,,,,,,,,,,,,,,,,,,,,,,,,,,,,,,,,,,,,,,,,,,,,,,,,,,,,,,,,,,,,,,,,,,,,,,,,,,,,,,,,,,,,,,,,,,,,,,,,,,,,,,,,,,,,,,,,,,,,,,,,,,,,,,,,,,,,,,,,,,,,,0.3904767
22.25,,,,,,,,,,,,,,,,,,,,,,,,,,,,,,,,,,,,,,,,,,,,,,,,,,,,,,,,,,,,,,,,,,,,,,,,,,,,,,,,,,,,,,,,,,,,,,,,,,,,,,,,,,,,,,,,,,,,,,,,,,,,,,,,,,,,,,,,,,,,,,,,,,,0.24519053,0.24962452,0.2553435,0.26403862,0.27396676,0.2890388,0.30842766,0.3278297,0.34741116,0.36793634,0.38912356,0.4114877,0.43355587,0.45404637,0.4722786,0.48808903,0.50162,0.51280314,0.52123874,0.5268014,0.52903366,0.52724254,0.52127534,0.5121555,0.5006097,0.48701665,0.47143096,0.45417112,0.43629158,0.4169412,0.39596885,0.37323663,0.35009485,0.33036792,0.31608844,0.30618846,0.29662463,0.28419363,0.2715026,0.26285723,0.25741062,0.2533823,0.25012895,0.24804254,0.2479852,0.25006828,0.25452772,0.25821865,0.25934446,0.26115274,0.2631858,0.26482055,0.26571628,0.26571366,0.26482108,0.2628388,0.25981143,0.25632983,0.2528599,0.24965787,0.24673267,0.24594443,0.24882548,0.25233567,0.25439063,0.25718164,0.26254314,0.26780206,0.27187198,0.2758239,0.28120425,0.28793696,0.2932357,0.29351223,0.28986335,0.2857028,0.2821964,0.27861398,0.27577502,0.27610904,0.276262,0.2710678,0.26243272,0.25430155,0.24744555,0.23973997,0.23706509,0.24551259,0.26104674,0.2736455,0.28276482,0.28931487,0.29153582,0.29295906,0.29389673,0.29438004,0.2964735,0.3021146,0.30919054,0.31429943,0.3177795,0.3202383,0.32223496,0.3235262,0.32354102,0.32356578,0.32377312,0.32462257,0.32573414,0.3256252,,,,,,,,,,,,,,,,,,,,,,,,,,,,,,,,,,,,,,,,,0.30765504,0.3069302,0.30323943,,,,,,,,,,,,,,,,,,,,,,,,,,,,,,,,,,,,,,,,,,,,,,,,,,,,,,,,,,,,,,,,,,,,,,,,,,,,,,,,,,,,,,,,,,,,,,,,,,,,,,,,,,,,,,,,,,,,,,,,,,,,,,,,,,,,,,,,,,,,,,,,,,,,,,,,,,,,,,,,,,,,,,,,,,,,,,,,,,,,,,,,,,,,,,,,,,,,,,,,,,,,,,,,,,,,,,,,,,,,0.39028674
22.166672,,,,,,,,,,,,,,,,,,,,,,,,,,,,,,,,,,,,,,,,,,,,,,,,,,,,,,,,,,,,,,,,,,,,,,,,,,,,,,,,,,,,,,,,,,,,,,,,,,,,,,,,,,,,,,,,,,,,,,,,,,,,,,,,,,,,,,,,,,,,,,,,,,0.24587175,0.24792264,0.25145736,0.2594151,0.26996455,0.28318256,0.30221796,0.32141915,0.34084246,0.36152762,0.3837191,0.40749437,0.43109867,0.45283073,0.47236344,0.48945752,0.50464374,0.51784927,0.5285655,0.5361309,0.54076517,0.54216003,0.53949106,0.532377,0.5214956,0.5083444,0.49339232,0.476532,0.4583108,0.43901065,0.4184101,0.39616293,0.37211236,0.3482925,0.328672,0.31483114,0.30450416,0.294116,0.2814563,0.26884037,0.25970674,0.25405604,0.2503142,0.24779831,0.24644095,0.24632242,0.24722573,0.25092793,0.2550033,0.25562063,0.25668028,0.25861707,0.26075652,0.26241148,0.26362067,0.26410794,0.26366946,0.26236224,0.2604806,0.25825602,0.25609633,0.2543781,0.25461903,0.25684717,0.258112,0.25818512,0.2617481,0.26801804,0.2748545,0.28089258,0.28610247,0.29155454,0.29725,0.30153257,0.30106664,0.2966011,0.29197893,0.28842103,0.28494957,0.28069225,0.27717823,0.27605602,0.27285597,0.26386508,0.25363013,0.24508663,0.23831277,0.23547246,0.24150468,0.25550246,0.26741153,0.27494028,0.2809116,0.2840928,0.28351933,0.2812366,0.28084034,0.28470543,0.29263502,0.3007174,0.30745453,0.31318796,0.3169785,0.31986248,0.3224402,0.3243491,0.32557,0.3262626,0.32716247,0.32794422,0.32816008,0.3263078,,,,,,,,,,,,,,,,,,,,,,,,,,,,,,,,,,,,,,,,0.30889803,0.30879602,0.30455276,,,,,,,,,,,,,,,,,,,,,,,,,,,,,,,,,,,,,,,,,,,,,,,,,,,,,,,,,,,,,,,,,,,,,,,,,,,,,,,,,,,,,,,,,,,,,,,,,,,,,,,,,,,,,,,,,,,,,,,,,,,,,,,,,,,,,,,,,,,,,,,,,,,,,,,,,,,,,,,,,,,,,,,,,,,,,,,,,,,,,,,,,,,,,,,,,,,,,,,,,,,,,,,,,,,,,,,,,0.39389122,0.39464158,,0.39056012
22.083336,,,,,,,,,,,,,,,,,,,,,,,,,,,,,,,,,,,,,,,,,,,,,,,,,,,,,,,,,,,,,,,,,,,,,,,,,,,,,,,,,,,,,,,,,,,,,,,,,,,,,,,,,,,,,,,,,,,,,,,,,,,,,,,,,,,,,,,,,,,,,,,,,,0.24762423,0.24973316,0.25355902,0.26343146,0.2751943,0.29196653,0.3113202,0.33039585,0.35059243,0.37288713,0.39649737,0.42077678,0.44383395,0.46556073,0.4845409,0.5011823,0.5167087,0.5301213,0.540659,0.5470704,0.5503177,0.55061245,0.5469469,0.53873515,0.5267056,0.51218396,0.49598417,0.4782646,0.45911902,0.43900812,0.41731516,0.39388475,0.36871752,0.34440812,0.32582486,0.31276947,0.30268002,0.2922556,0.28048077,0.26928318,0.2607618,0.2551052,0.25127983,0.24871372,0.24730174,0.2468484,0.24668491,0.24899676,0.25312194,0.25434935,0.25432652,0.2555937,0.25795266,0.26041603,0.26281285,0.26463887,0.2653331,0.26482397,0.26352507,0.26191455,0.26053426,0.2599029,0.26116714,0.26304412,0.2622957,0.2631188,0.26847884,0.27602828,0.28348053,0.28958493,0.29388124,0.29798737,0.30239895,0.30410546,0.30255058,0.2990021,0.29611412,0.293962,0.29150847,0.28786674,0.2824165,0.27745733,0.2737563,0.26694164,0.25710434,0.24804215,0.24132596,0.23695815,0.23900831,0.25004634,0.25911093,0.26370826,0.26874238,0.27267498,0.2728899,0.27122015,0.27179185,0.2777764,0.28562889,0.29296502,0.29997656,0.30650097,0.31145474,0.3153969,0.31918165,0.3226904,0.3252191,0.3267952,0.32808566,0.32889205,0.32938853,0.3289414,0.32693467,,,,,,,,,,,,,,,,,,,,,,,,,,,,,,,,,,,,,,,0.31080934,0.3105086,0.3060002,,,,,,,,,,,,,,,,,,,,,,,,,,,,,,,,,,,,,,,,,,,,,,,,,,,,,,,,,,,,,,,,,,,,,,,,,,,,,,,,,,,,,,,,,,,,,,,,,,,,,,,,,,,,,,,,,,,,,,,,,,,,,,,,,,,,,,,,,,,,,,,,,,,,,,,,,,,,,,,,,,,,,,,,,,,,,,,,,,,,,,,,,,,,,,,,,,,,,,,,,,,,,,,,,,,,,,,,,0.3933367,0.3945793,0.39278683,0.39365298
22.0,,,,,,,,,,,,,,,,,,,,,,,,,,,,,,,,,,,,,,,,,,,,,,,,,,,,,,,,,,,,,,,,,,,,,,,,,,,,,,,,,,,,,,,,,,,,,,,,,,,,,,,,,,,,,,,,,,,,,,,,,,,,,,,,,,,,,,,,,,,,,,,,,0.2476277,0.24876592,0.25043568,0.2550823,0.26621297,0.28026572,0.298297,0.31723967,0.33572474,0.3567057,0.37939307,0.40345368,0.42819363,0.45199928,0.4733131,0.49198952,0.50903165,0.5252635,0.53891766,0.5490678,0.5544864,0.55604357,0.5548825,0.5499872,0.5406494,0.5275217,0.5119839,0.49486753,0.4764273,0.4568448,0.43579215,0.41317707,0.3886149,0.36269528,0.33924636,0.3219943,0.31011093,0.30056617,0.29094645,0.28091276,0.27175358,0.2643096,0.25879225,0.2546597,0.25162187,0.24971278,0.24922074,0.24899752,0.24993762,0.2529542,0.2553098,0.25543422,0.25563473,0.2570925,0.25965586,0.2629395,0.2661483,0.26839316,0.26918712,0.26841694,0.26679963,0.26570547,0.26601788,0.26785806,0.26821208,0.26703084,0.2699924,0.27578104,0.28244218,0.28668833,0.2886945,0.29042926,0.2934436,0.29654682,0.29861534,0.29877475,0.2993823,0.29981762,0.29976195,0.29857373,0.29596338,0.29108104,0.2837754,0.2766078,0.26970023,0.26090595,0.25237188,0.24631539,0.2407166,0.23867247,0.24622777,0.25353962,0.25398913,0.25568613,0.25900662,0.26184574,0.26232868,0.26518345,0.27277112,0.2802834,0.2874274,0.29487896,0.30193275,0.3070738,0.31089616,0.31481335,0.31865498,0.32216522,0.32495221,0.32718015,0.3288894,0.3298867,0.33039665,0.3299575,0.3287576,,,,,,,,,,,,,,,,,,,,,,,,,,,,,,,,,,,,,0.31224352,0.31301492,0.31264716,0.30793682,,,,,,,,,,,,,,,,,,,,,,,,,,,,,,,,,,,,,,,,,,,,,,,,,,,,,,,,,,,,,,,,,,,,,,,,,,,,,,,,,,,,,,,,,,,,,,,,,,,,,,,,,,,,,,,,,,,,,,,,,,,,,,,,,,,,,,,,,,,,,,,,,,,,,,,,,,,,,,,,,,,,,,,,,,,,,,,,,,,,,,,,,,,0.47440967,0.47411862,,,,,,,,,,,,,,,,,,,,,0.40645614,0.40728885,,,,,0.392817,0.3930912,0.39357004,0.39457428,0.3949366,0.39708418
21.916672,,,,,,,,,,,,,,,,,,,,,,,,,,,,,,,,,,,,,,,,,,,,,,,,,,,,,,,,,,,,,,,,,,,,,,,,,,,,,,,,,,,,,,,,,,,,,,,,,,,,,,,,,,,,,,,,,,,,,,,,,,,,,,,,,,,,,,,,,,,,,,,,,0.24844496,0.24994472,0.25101465,0.25733146,0.26918858,0.28424937,0.3020547,0.31962398,0.33772233,0.35862446,0.38152114,0.40610808,0.43120125,0.4546678,0.4757407,0.4940547,0.5111932,0.527692,0.5415929,0.5510952,0.55588686,0.5563127,0.5537278,0.54740584,0.5372229,0.5233928,0.5074296,0.49028316,0.47140536,0.4510022,0.42941046,0.405833,0.38042763,0.35482532,0.33297518,0.3179041,0.30696422,0.29829282,0.2896175,0.28131396,0.27389666,0.26771948,0.26289293,0.25929457,0.25671926,0.25534275,0.2552559,0.25589043,0.25623876,0.25702912,0.25859246,0.25934306,0.25945562,0.2601937,0.2622252,0.26538792,0.26892787,0.2721822,0.27454636,0.27514,0.27332768,0.27129105,0.27134326,0.2729364,0.27239278,0.27319616,0.27633473,0.27981567,0.28059587,0.27765626,0.2754641,0.27693385,0.2822207,0.28820333,0.2935627,0.29774693,0.301902,0.30498332,0.30665252,0.3065534,0.30460754,0.30058095,0.29357213,0.28434098,0.27498913,0.26529205,0.2567102,0.25117764,0.24552861,0.24044834,0.24468552,0.25123912,0.249407,0.24720284,0.24694376,0.248543,0.2505237,0.25582597,0.2644066,0.27130136,0.27967668,0.28969714,0.29811177,0.30363208,0.30734816,0.31088492,0.3146549,0.31851023,0.32202062,0.32504877,0.3275342,0.32950252,0.33082625,0.33152893,0.33126515,0.33083087,,,,,,,,,,,,,,,,,,,,,,,,,,,,,,,,,,,,0.314922,0.31619182,0.31422433,0.3086205,0.3064374,,,,,,,,,,,,,,,,,,,,,,,,,,,,,,,,,,,,,,,,,,,,,,,,,,,,,,,,,,,,,,,,,,,,,,,,,,,,,,,,,,,,,,,,,,,,,,,,,,,,,,,,,,,,,,,,,,,,,,,,,,,,,,,,,,,,,,,,,,,,,,,,,,,,,,,,,,,,,,,,,,,,,,,,,,,,,,,,,,,,,,,,,,0.47328126,0.47312135,,,,,,,,,,,,,,,,,,,,,0.40507743,0.40642905,,,,,0.39386365,0.39484686,0.39529818,0.39590925,0.39700538,0.3989825
21.833336,,,,,,,,,,,,,,,,,,,,,,,,,,,,,,,,,,,,,,,,,,,,,,,,,,,,,,,,,,,,,,,,,,,,,,,,,,,,,,,,,,,,,,,,,,,,,,,,,,,,,,,,,,,,,,,,,,,,,,,,,,,,,,,,,,,,,,,,,,,,,,,,0.24910888,0.24986216,0.2505433,0.25117314,0.25971112,0.27151453,0.28624064,0.30320686,0.31928194,0.3365933,0.35704005,0.37947792,0.40381208,0.42867592,0.4521392,0.4730455,0.4909566,0.50756645,0.5235297,0.53690386,0.54594535,0.5504249,0.5504598,0.5469748,0.5396544,0.52866864,0.51449335,0.49832416,0.4814481,0.46312192,0.4423132,0.41961658,0.39537278,0.36967635,0.34542987,0.32658336,0.3133191,0.30344808,0.295338,0.2873306,0.28053632,0.27517337,0.271081,0.26829463,0.26679623,0.26592565,0.26531807,0.2650326,0.26520613,0.26538366,0.26528475,0.26558936,0.26604083,0.26643726,0.26727447,0.26934236,0.2725616,0.27572405,0.27853134,0.28062192,0.28187492,0.28117535,0.27801412,0.27641815,0.2769765,0.27697974,0.27852038,0.27916655,0.27683878,0.2698848,0.26663303,0.26995274,0.274386,0.28036806,0.28725144,0.29418936,0.30099663,0.3069113,0.3113554,0.31392056,0.31446064,0.31301084,0.30954522,0.30355728,0.29461607,0.2839311,0.27256167,0.26298964,0.25671804,0.25052136,0.24395216,0.24542275,0.25053233,0.24824846,0.2432308,0.2390649,0.23746149,0.23911497,0.24559116,0.2542651,0.2610633,0.26982015,0.2802328,0.29049626,0.29825276,0.30334324,0.3077031,0.3116779,0.31572694,0.31945223,0.3227045,0.32564336,0.32817328,0.33028287,0.3318721,0.33280283,0.33294392,0.3324641,,,,,,,,,,,,,,,,,,,,,,,,,,,,,,,,,,,0.315867,0.31777143,0.31506348,0.30812973,0.30748412,,,,,,,,,,,,,,,,,,,,,,,,,,,,,,,,,,,,,,,,,,,,,,,,,,,,,,,,,,,,,,,,,,,,,,,,,,,,,,,,,,,,,,,,,,,,,,,,,,,,,,,,,,,,,,,,,,,,,,,,,,,,,,,,,,,,,,,,,,,,,,,,,,,,,,,,,,,,,,,,,,,,,,,,,,,,,,,,,,,,,,,,,0.46540046,0.47026983,0.47094646,,,,,,,,,,,,,,,,,,,,,0.40130427,0.40338543,,,,0.39439097,0.39560074,0.39658156,0.3970441,0.39820153,0.40006,0.40197852
21.75,,,,,,,,,,,,,,,,,,,,,,,,,,,,,,,,,,,,,,,,,,,,,,,,,,,,,,,,,,,,,,,,,,,,,,,,,,,,,,,,,,,,,,,,,,,,,,,,,,,,,,,,,,,,,,,,,,,,,,,,,,,,,,,,,,,,,,,,,,,,,,,0.24994214,0.25053167,0.2502958,0.24942186,0.25070986,0.26092803,0.2725833,0.28665316,0.30220658,0.31668907,0.33284062,0.35214204,0.3736553,0.39732376,0.42184418,0.44505763,0.4658036,0.48319197,0.4985798,0.513244,0.5255799,0.5339985,0.53814,0.53812367,0.53425676,0.52631164,0.5149532,0.5012528,0.48570937,0.46886533,0.45074448,0.43008918,0.40645492,0.3817419,0.3571415,0.33573407,0.32021764,0.30844426,0.29932797,0.29134762,0.2843802,0.28006783,0.27746412,0.2759159,0.27526984,0.2755124,0.27592114,0.27609336,0.2759018,0.27541256,0.27492365,0.2745995,0.2747499,0.27519205,0.27578658,0.27681702,0.27877575,0.2817193,0.28457838,0.28691295,0.2885012,0.28903976,0.2888931,0.28551474,0.28208622,0.28103042,0.2813138,0.2810396,0.27791455,0.27084026,0.26331252,0.26812667,0.2764187,0.28168485,0.2858026,0.29261154,0.30039927,0.30752406,0.313599,0.3181178,0.32081056,0.3215819,0.32045215,0.31735522,0.31219095,0.30413678,0.2937356,0.28149503,0.2707578,0.2628966,0.2554944,0.24792665,0.24772157,0.25103012,0.2484685,0.2416444,0.23547594,0.23204009,0.23130381,0.23578323,0.24409959,0.25067848,0.2578677,0.26662064,0.27715355,0.28701794,0.29478478,0.30161974,0.3079122,0.31327087,0.3177064,0.3212916,0.32414162,0.32670844,0.32923394,0.3314512,0.33300963,0.33416817,0.33477274,0.33447734,,,,,,,,,,,,,,,,,,,,,,,,,,,,,,,,,,0.3174862,0.31941754,0.3171759,0.30861863,,,,,,,,,,,,,,,,,,,,,,,,,,,,,,,,,,,,,,,,,,,,,,,,,,,,,,,,,,,,,,,,,,,,,,,,,,,,,,,,,,,,,,,,,,,,,,,,,,,,,,,,,,,,,,,,,,,,,,,,,,,,,,,,,,,,,,,,,,,,,,,,,,,,,,,,,,,,,,,,,,,,,,,,,,,,,,,,,,,,,,,,,0.4571465,0.46343797,0.46795186,0.46887225,,,,0.43253416,0.42721868,0.4199105,,,,,,,,,,,,,0.3947144,0.3958309,0.39932847,0.4021688,0.3994449,0.39741352,0.39641088,0.39665315,0.3979957,0.39877003,0.39947128,0.40134028,0.4040178,0.40644446
21.666672,,,,,,,,,,,,,,,,,,,,,,,,,,,,,,,,,,,,,,,,,,,,,,,,,,,,,,,,,,,,,,,,,,,,,,,,,,,,,,,,,,,,,,,,,,,,,,,,,,,,,,,,,,,,,,,,,,,,,,,,,,,,,,,,,,,,,,,,,,,,,,0.2506155,0.2509172,0.2511353,0.24909344,0.24700454,0.25079414,0.26091453,0.27213484,0.2858103,0.2998152,0.31252804,0.32724994,0.34494466,0.36488745,0.38721937,0.41086596,0.43355554,0.454143,0.4712948,0.48559868,0.49856943,0.5091552,0.516491,0.5199408,0.5196278,0.51576567,0.5084435,0.49807972,0.4854425,0.47085774,0.45377466,0.43457863,0.4136992,0.39028966,0.36603218,0.34410286,0.32656536,0.31345642,0.30288225,0.29430345,0.28705516,0.28285342,0.28150898,0.28109384,0.28089264,0.28118035,0.28199184,0.2829688,0.28400427,0.284961,0.28552184,0.28535503,0.28477696,0.28449187,0.28465548,0.284986,0.28577492,0.28732586,0.2892871,0.2914496,0.29380572,0.29575327,0.29627448,0.29565433,0.29241374,0.28797245,0.28541893,0.28499907,0.2828911,0.2780168,0.27010593,0.26650953,0.27519295,0.28327975,0.28702918,0.29232007,0.2999692,0.30754343,0.31426248,0.31984016,0.3241294,0.3269428,0.32815447,0.32748535,0.32459876,0.31941983,0.3119769,0.30194753,0.28953913,0.27787635,0.26832792,0.25962842,0.25189295,0.25103652,0.25170842,0.24830808,0.2405435,0.23376997,0.22921565,0.22562583,0.22751668,0.2342909,0.24086401,0.24737106,0.25342086,0.26190606,0.27285716,0.2831132,0.29260412,0.30133206,0.3088316,0.31494114,0.31960538,0.3230007,0.3257425,0.32830656,0.33066285,0.33246654,0.33444571,0.335885,0.33636254,0.335923,0.33608717,,,,,,,,,,,,,,,,,,,,,,,,,,,,,,,,0.3201141,0.3217153,0.320248,0.3099298,0.3093239,0.31146634,,,,,,,,,,,,,,,,,,,,,,,,,,,,,,,,,,,,,,,,,,,,,,,,,,,,,,,,,,,,,,,,,,,,,,,,,,,,,,,,,,,,,,,,,,,,,,,,,,,,,,,,,,,,,,,,,,,,,,,,,,,,,,,,,,,,,,,,,,,,,,,,,,,,,,,,,,,,,,,,,,,,,,,,,,,,,,,,,,0.45358843,0.45333722,0.45210052,0.4509322,0.45260897,0.45681384,0.4621364,0.46558782,0.46649572,,,,,,0.41271085,,0.40381435,0.40563133,,0.39584553,0.39689904,0.39599434,0.39444217,0.39535517,0.39596945,0.39663705,0.39724624,0.3974776,0.3989952,0.40164548,0.4039345,0.40193135,0.3995838,0.39856297,0.39917308,0.40029255,0.40121436,0.4025028,0.40514582,0.4086556,0.4118857
21.583336,,,,,,,,,,,,,,,,,,,,,,,,,,,,,,,,,,,,,,,,,,,,,,,,,,,,,,,,,,,,,,,,,,,,,,,,,,,,,,,,,,,,,,,,,,,,,,,,,,,,,,,,,,,,,,,,,,,,,,,,,,,,,,,,,,,,,,,,,,,,,,0.2509574,0.2515598,0.25147027,0.24836998,0.24569163,0.25004318,0.25958604,0.27047476,0.28400514,0.29635623,0.30757377,0.3205068,0.33618915,0.35405633,0.37440884,0.39655024,0.41834706,0.4382021,0.4554827,0.46927536,0.48101816,0.49015647,0.4962912,0.49914065,0.4986293,0.49491763,0.488477,0.4793593,0.46715626,0.4523941,0.435451,0.41559824,0.39428645,0.37209663,0.3501977,0.33177963,0.31749368,0.30606055,0.29661658,0.28915212,0.2849407,0.28384298,0.2835877,0.2834521,0.28414586,0.2856906,0.2874321,0.28865242,0.28955734,0.29097265,0.29289836,0.29398343,0.29374903,0.29290128,0.29234856,0.29208073,0.2925553,0.29379764,0.29506397,0.29689264,0.29954094,0.3019007,0.30270815,0.30156162,0.29840288,0.2936131,0.28980425,0.28823945,0.2869258,0.28360686,0.2773042,0.27699578,0.28359812,0.2883031,0.2906039,0.29774162,0.3054844,0.31220096,0.31834912,0.32377166,0.32832566,0.33179647,0.3337502,0.3336232,0.33080077,0.32523292,0.31748793,0.30723,0.29464835,0.28242424,0.27178067,0.26217413,0.25511867,0.25297514,0.2507301,0.24599433,0.23862207,0.23252985,0.2270678,0.22256733,0.22406392,0.22859398,0.2345577,0.24166507,0.24698569,0.25304627,0.26242918,0.27356252,0.28436002,0.293709,0.3018848,0.30885512,0.31484872,0.32002884,0.32420188,0.32761326,0.33014533,0.3321949,0.3342511,0.3360405,0.33724007,0.3377551,0.33785954,0.33873546,,,,,,,,,,,,,,,,,,,,,,,,,,,,,,,0.32305598,0.32434198,0.32268777,0.3133486,0.31033674,0.312342,,,,,,,,,,,,,,,,,,,,,,,,,,,,,,,,,,,,,,,,,,,,,,,,,,,,,,,,,,,,,,,,,,,,,,,,,,,,,,,,,,,,,,,,,,,,,,,,,,,,,,,,,,,,,,,,,,,,,,,,,,,,,,,,,,,,,,,,,,,,,,,,,,,,,,,,,,,,,,,,,,,,,,,,,,,,,,0.45744887,0.45789498,0.4574811,0.45578834,0.454449,0.45423853,0.45355037,0.4531645,0.454463,0.45711675,0.46069026,0.4636188,0.4637494,0.4610569,0.4587531,0.45743638,,0.41480288,0.41037744,0.40810716,0.40572652,0.40706986,0.4026046,0.39723387,0.39890796,0.39900953,0.39879027,0.3992728,0.40008977,0.40027946,0.4001404,0.39981154,0.4003721,0.40318388,0.405233,0.40366623,0.4014955,0.40081277,0.40149584,0.40287694,0.40437624,0.40641224,0.4097548,0.41396433,0.41788015
21.5,,,,,,,,,,,,,,,,,,,,,,,,,,,,,,,,,,,,,,,,,,,,,,,,,,,,,,,,,,,,,,,,,,,,,,,,,,,,,,,,,,,,,,,,,,,,,,,,,,,,,,,,,,,,,,,,,,,,,,,,,,,,,,,,,,,,,,,,,,,,,0.25159886,0.2518816,0.25281414,0.25205365,0.24759576,0.24372138,0.24798432,0.25673518,0.2680977,0.2814502,0.29243138,0.30220693,0.31337875,0.32688007,0.34219232,0.3600172,0.37976378,0.39979506,0.41889444,0.4353591,0.4492915,0.46038106,0.4690013,0.4744646,0.47683573,0.4761032,0.47238433,0.466183,0.4579568,0.44620943,0.43024018,0.4124179,0.3940556,0.37400132,0.3539344,0.33545735,0.32023066,0.3083723,0.29829022,0.29027492,0.2859892,0.28510767,0.28505635,0.2849374,0.285691,0.28822267,0.2913546,0.29357618,0.2935633,0.29290065,0.29429847,0.29717255,0.29941607,0.29990667,0.29903117,0.29789737,0.29759437,0.29833633,0.2998905,0.30155814,0.30350855,0.30619204,0.30845776,0.30898657,0.30731776,0.30379856,0.29871172,0.29412228,0.29197434,0.2919392,0.29049173,0.28683436,0.28814024,0.29100677,0.2916343,0.29499793,0.30180869,0.30840603,0.31443453,0.32026663,0.3256451,0.3305051,0.33469656,0.3372733,0.33735406,0.33442134,0.3284791,0.32016057,0.30924875,0.29639122,0.2838524,0.27254573,0.2627585,0.25637963,0.25226706,0.24736,0.24133837,0.2353891,0.23019682,0.22446452,0.22181478,0.22457919,0.22824316,0.23281679,0.23947951,0.24558151,0.25098962,0.25875524,0.2684585,0.27762341,0.2854144,0.29211316,0.29837918,0.3053144,0.31277883,0.31982833,0.32517835,0.32893816,0.33170253,0.33385897,0.33562487,0.33703086,0.33821973,0.33925104,0.33997574,0.3405399,,,,,,,,,,,,,,,,,,,,,,,,,,,,,,0.326968,0.32614312,0.3227331,0.31509086,0.31314772,,,,,,,,,,,,,,,,,,,,,,,,,,,,,,,,,,,,,,,,,,,,,,,,,,,,,,,,,,,,,,,,,,,,,,,,,,,,,,,,,,,,,,,,,,,,,,,,,,,,,,,,,,,,,,,,,,,,,,,,,,,,,,,,,,,,,,,,,,,,,,,,,,,,,,,,,,,,,,,,,,,,,,,,,,,,,0.45922184,0.45906186,0.45837328,0.45863703,0.45704728,0.4557025,0.45469645,0.454541,0.4546914,0.4551231,0.45620242,0.45791927,0.46033508,0.46233687,0.46192187,0.45982984,0.45890722,0.45644134,0.44512096,0.42589134,0.41482183,0.41141215,0.41076443,0.41145113,0.4072879,0.40475917,0.40418518,0.40441316,0.40384653,0.40319517,0.403507,0.39999574,0.40071425,0.40082416,0.40172008,0.40447828,0.4064328,0.40517452,0.40318856,0.40358588,0.40474316,0.40689296,0.40928173,0.41196114,0.41554487,0.41985857,0.42383987
21.416672,,,,,,,,,,,,,,,,,,,,,,,,,,,,,,,,,,,,,,,,,,,,,,,,,,,,,,,,,,,,,,,,,,,,,,,,,,,,,,,,,,,,,,,,,,,,,,,,,,,,,,,,,,,,,,,,,,,,,,,,,,,,,,,,,,,,,,,,,,,,0.25302264,0.2529141,0.2533419,0.2538937,0.2512839,0.24440539,0.2403175,0.24571511,0.2535898,0.26537564,0.27822265,0.2882419,0.29676452,0.30624634,0.31762242,0.33018592,0.34496185,0.36181062,0.37916613,0.39644352,0.41224116,0.42513976,0.43588445,0.44405293,0.44976926,0.45228368,0.451333,0.44753668,0.44068974,0.43201858,0.42194933,0.40738687,0.38917327,0.371264,0.35416532,0.3370404,0.32193354,0.30960774,0.29943585,0.29093778,0.28579822,0.28483507,0.2858218,0.28655553,0.28780827,0.29048365,0.29442528,0.29770398,0.29795462,0.2950466,0.29471928,0.29693332,0.2996277,0.30175158,0.30253842,0.30215162,0.3018743,0.30261728,0.30441266,0.30684665,0.3094368,0.31196937,0.3140409,0.3151715,0.31465933,0.3123359,0.30820668,0.3029788,0.2983085,0.29617757,0.29652196,0.2953722,0.29430732,0.29492217,0.2936027,0.2925584,0.2979018,0.30388838,0.30930388,0.31479812,0.32014507,0.32508567,0.3304368,0.3353071,0.33804965,0.33785704,0.334426,0.32796717,0.31895664,0.307493,0.2944428,0.2819222,0.27074513,0.2615475,0.2550988,0.24933228,0.24205136,0.23515962,0.23011471,0.22592755,0.22246625,0.22308604,0.22648823,0.23017502,0.233873,0.23923597,0.24427776,0.24875522,0.2551382,0.2629846,0.2695439,0.2751773,0.27963182,0.28420436,0.29117626,0.30127585,0.31161988,0.31949246,0.32557636,0.3301587,0.3332251,0.33543772,0.33695644,0.33816314,0.3395953,0.3408558,0.34174612,0.34236592,,,,,,,,,,,,,,,,,,,,,,,,,,,,0.33069065,0.3303675,0.32994398,0.32449335,0.31704614,0.31542748,,,,,,,,,,,,,,,,,,,,,,,,,,,,,,,,,,,,,,,,,,,,,,,,,,,,,,,,,,,,,,,,,,,,,,,,,,,,,,,,,,,,,,,,,,,,,,,,,,,,,,,,,,,,,,,,,,,,,,,,,,,,,,,,,,,,,,,,,,,,,,,,,,,,,,,,,,,,,,,,,,,,,,,,,,,,,0.45970446,0.46010002,0.45975035,0.4592058,0.45649734,0.45462307,0.453772,0.45436525,0.45509923,0.4563701,0.4577259,0.45911223,0.4606492,0.46155146,0.4607485,0.45934537,0.45886213,0.45808387,0.45191115,0.43966976,0.4235562,0.41893116,0.41755208,0.41521442,0.4133458,0.40883425,0.40933123,0.40900338,0.40793815,0.40658316,0.40289968,0.39919657,0.39867073,0.39975786,0.40288588,0.4066434,0.40839845,0.40705752,0.40627608,0.40728503,0.41027585,0.41299966,0.41626054,0.4192236,0.42197216,0.4248522,0.42754135
21.333336,,,,,,,,,,,,,,,,,,,,,,,,,,,,,,,,,,,,,,,,,,,,,,,,,,,,,,,,,,,,,,,,,,,,,,,,,,,,,,,,,,,,,,,,,,,,,,,,,,,,,,,,,,,,,,,,,,,,,,,,,,,,,,,,,,,,,,,,,,0.25447136,0.25415206,0.253764,0.25434723,0.25474364,0.2540271,0.24823453,0.23921117,0.23780072,0.24375768,0.25093943,0.26235053,0.27471888,0.28392693,0.29138884,0.29931957,0.3086945,0.31869572,0.3302225,0.34390458,0.3583098,0.37275138,0.3867286,0.39886323,0.40868372,0.41620454,0.4214699,0.42448896,0.4241324,0.4202891,0.41380516,0.40491208,0.39408943,0.38230282,0.3675377,0.35094303,0.33605438,0.32256413,0.3108288,0.3009476,0.29232094,0.2861655,0.28430435,0.2855122,0.28767008,0.29010633,0.29312554,0.296952,0.3006256,0.30112848,0.2983834,0.29682082,0.2993503,0.3019686,0.30358624,0.30457675,0.30503944,0.30555004,0.30643532,0.30825382,0.31089583,0.3140808,0.31702983,0.3191328,0.32039252,0.3204307,0.31908527,0.31625974,0.3116519,0.3063358,0.30188546,0.29980168,0.2999027,0.29937422,0.29753426,0.29254946,0.2898705,0.293374,0.2987348,0.3035999,0.3081612,0.31273234,0.3171035,0.3221407,0.32816494,0.33274594,0.33508086,0.3343314,0.3303154,0.32318947,0.31370118,0.30216408,0.28959152,0.277729,0.26732886,0.2589022,0.2524963,0.2449084,0.2362139,0.22900975,0.22498581,0.22353743,0.2240462,0.2266061,0.2300635,0.23315845,0.23594901,0.23989004,0.24286814,0.2452316,0.24874482,0.25356147,0.25864667,0.2630532,0.26587826,0.26886883,0.27530417,0.28757855,0.30180472,0.31200838,0.3198712,0.3261188,0.3312311,0.33479786,0.33694226,0.33849192,0.33986512,0.3413134,0.34262678,0.34379232,0.34481424,,,,,,,,,,,,,,,,,,,,,,,,,,,0.33294305,0.33247295,0.33358335,0.3259488,0.31939,0.316936,,,,,,,,,,,,,,,,,,,,,,,,,,,,,,,,,,,,,,,,,,,,,,,,,,,,,,,,,,,,,,,,,,,,,,,,,,,,,,,,,,,,,,,,,,,,,,,,,,,,,,,,,,,,,,,,,,,,,,,,,,,,,,,,,,,,,,,,,,,,,,,,,,,,,,,,,,,,,,,,,,,,,,,,,,,,0.46205342,0.46118945,0.46069312,0.4597814,0.45744407,0.45518246,0.45286483,0.45341703,0.45445478,0.45538998,0.4570272,0.4591422,0.46049783,0.46149197,0.46166423,0.45972762,0.45847183,0.45700145,0.45803106,0.45359898,0.443724,0.4291822,0.4231854,0.41973928,0.41775146,0.41783637,0.4131367,0.41392314,0.41282022,0.40994117,0.40617782,0.40536338,0.40610242,0.405173,0.40490708,0.4049988,0.4065469,0.40730157,0.40985143,0.40980637,0.4135899,0.41480273,0.41945314,0.42299658,0.42454448,0.42647296,0.4279994,0.4286435
21.25,,,,,,,,,,,,,,,,,,,,,,,,,,,,,,,,,,,,,,,,,,,,,,,,,,,,,,,,,,,,,,,,,,,,,,,,,,,,,,,,,,,,,,,,,,,,,,,,,,,,,,,,,,,,,,,,,,,,,,,,,,,,,,,,,,,,,,,,,0.25542626,0.25513896,0.25546402,0.25535488,0.2553541,0.2554278,0.2538773,0.2469885,0.2374662,0.23716985,0.24260473,0.24896698,0.2592288,0.27071184,0.2793635,0.2858031,0.2924485,0.29995182,0.30759865,0.31609794,0.32651275,0.33804893,0.34953088,0.36095276,0.37136444,0.38029158,0.38728175,0.3920248,0.39459494,0.3950841,0.3924277,0.3867653,0.378918,0.36891362,0.3577789,0.34654438,0.33419508,0.3223887,0.31221628,0.30328947,0.29515737,0.2882075,0.28484398,0.285121,0.2876457,0.29040185,0.29308385,0.29663107,0.30025858,0.3017669,0.30054757,0.2994422,0.30205297,0.30575565,0.30834565,0.30955788,0.31001443,0.31017852,0.31059003,0.31170663,0.3136578,0.3163551,0.31974253,0.322829,0.324978,0.32594845,0.32522044,0.32292476,0.31912604,0.3141135,0.30878112,0.30454642,0.30254713,0.30182874,0.29892802,0.29208773,0.28587648,0.28826055,0.29359537,0.2978417,0.3015531,0.30476466,0.30792403,0.31170318,0.3170154,0.32238913,0.3259447,0.32765338,0.32690966,0.32282415,0.3155646,0.305978,0.294823,0.28299668,0.27208316,0.2629336,0.25582275,0.24923243,0.24049701,0.23143344,0.22496864,0.22349474,0.22507133,0.22812016,0.23108768,0.23410197,0.2365896,0.23869814,0.24131998,0.24268596,0.24348539,0.24463892,0.24614711,0.24864265,0.25202042,0.254898,0.25838044,0.2638829,0.27626756,0.29342002,0.3051954,0.3134212,0.32044214,0.32689646,0.3322213,0.3361533,0.3385979,0.34027618,0.34177473,0.34335923,0.34488583,0.34639233,0.3473868,,,,,,,,,,,,,,,,,,,,,,,,,0.33751342,0.33621526,0.33515233,0.33521748,0.32615793,0.32203174,0.31717375,,,,,,,,,,,,,,,,,,,,,,,,,,,,,,,,,,,,,,,,,,,,,,,,,,,,,,,,,,,,,,,,,,,,,,,,,,,,,,,,,,,,,,,,,,,,,,,,,,,,,,,,,,,,,,,,,,,,,,,,,,,,,,,,,,,,,,,,,,,,,,,,,,,,,,,,,,,,,,,,,,,,,,,,,,,0.46470705,0.46332896,0.46156642,0.45949355,0.45665532,0.4537586,0.45443472,0.45284355,0.45283267,0.45428786,0.45613447,0.45952308,0.46039712,0.46127585,0.46081346,0.4611154,0.45700732,0.4536096,0.45259422,0.4511898,0.45099264,0.4428764,0.43379503,0.42678213,0.42146623,0.420404,0.42143053,0.4173001,0.41689235,0.41426235,0.4102477,0.40775082,0.40814793,0.4112115,0.41228506,0.41134906,0.40960398,0.40945584,0.4085079,0.407786,0.40673834,0.40966007,0.4159347,0.42571548,0.42518264,0.42585567,0.42743748,0.42842525,0.42892465
21.166672,,,,,,,,,,,,,,,,,,,,,,,,,,,,,,,,,,,,,,,,,,,,,,,,,,,,,,,,,,,,,,,,,,,,,,,,,,,,,,,,,,,,,,,,,,,,,,,,,,,,,,,,,,,,,,,,,,,,,,,,,,,,,,,,,,,,,,,,0.25547382,0.25524634,0.25559992,0.256135,0.2561331,0.2556269,0.25477037,0.25168774,0.24450476,0.2362222,0.23641977,0.2410018,0.24656151,0.25600654,0.2664449,0.27416056,0.27969596,0.28507963,0.291201,0.29676768,0.30270904,0.3102665,0.31904086,0.32801878,0.33700553,0.3455948,0.35333818,0.35982263,0.3645424,0.36711374,0.36735907,0.36579117,0.3620092,0.3560419,0.3482365,0.3391982,0.33001962,0.32128927,0.31290022,0.3052034,0.29800373,0.29128736,0.2863662,0.2852735,0.28683096,0.28911582,0.29003647,0.29149672,0.29555857,0.29845008,0.29983643,0.30031896,0.3031802,0.30680624,0.3095444,0.31155095,0.31279203,0.31340912,0.313803,0.31457773,0.31612858,0.31838027,0.3215082,0.32477283,0.32727528,0.32890683,0.32900688,0.3276192,0.3247788,0.32045624,0.31528625,0.31024346,0.30627233,0.30426288,0.3017643,0.29503536,0.28511134,0.28222778,0.2885027,0.29262966,0.29560205,0.29775885,0.2993098,0.30116463,0.3044851,0.3092694,0.31337214,0.31603685,0.31711587,0.31601968,0.31199008,0.30497035,0.2959836,0.2858054,0.27554882,0.26649976,0.25923404,0.25331378,0.24627356,0.23729658,0.22841029,0.22433223,0.2254201,0.22939707,0.23431776,0.23761415,0.2392573,0.24030814,0.24168046,0.24307342,0.24371971,0.24394529,0.24438459,0.24434295,0.2439889,0.24465092,0.24758725,0.25205144,0.25855434,0.2710366,0.28806105,0.30046964,0.30857208,0.31470245,0.3210542,0.32776454,0.3335701,0.33776975,0.34034196,0.34203014,0.34385157,0.34576586,0.34761408,0.3490943,0.34988308,,,,,,,,,,,,,,,,,,,,,,,0.34061348,0.3400447,0.33893672,0.33769152,0.33670685,0.3299801,0.3233618,0.31802103,,,,,,,,,,,,,,,,,,,,,,,,,,,,,,,,,,,,,,,,,,,,,,,,,,,,,,,,,,,,,,,,,,,,,,,,,,,,,,,,,,,,,,,,,,,,,,,,,,,,,,,,,,,,,,,,,,,,,,,,,,,,,,,,,,,,,,,,,,,,,,,,,,,,,,,,,,,,,,,,,,,,,,,,,,,0.46403685,0.46284184,0.46118072,0.45911697,0.45501727,0.45374525,0.45507565,0.45490637,0.45429164,0.4566034,0.4568818,0.4559751,0.46106124,0.45829818,0.45492727,0.4566872,0.4517116,0.44689977,0.45017162,0.4453123,0.44685712,0.43818414,0.43376288,0.42727724,0.42218775,0.42276722,0.42343158,0.42087838,0.4173344,0.41398945,0.4105421,0.40920782,0.41126835,0.41548383,0.41653433,0.4167148,0.41690257,0.4156668,0.41125482,0.40865138,0.4073306,0.4097518,0.41664016,0.42630374,0.42345494,0.42353565,0.4242803,0.4242037,0.4253976
21.083336,,,,,,,,,,,,,,,,,,,,,,,,,,,,,,,,,,,,,,,,,,,,,,,,,,,,,,,,,,,,,,,,,,,,,,,,,,,,,,,,,,,,,,,,,,,,,,,,,,,,,,,,,,,,,,,,,,,,,,,,,,,,,,,,,,,,,,,,0.25461254,0.25470817,0.2554059,0.25652117,0.25660577,0.25578055,0.25375068,0.24774243,0.23973632,0.23424147,0.23586565,0.23879778,0.24367937,0.25237292,0.26179022,0.2686461,0.27349338,0.2776447,0.28218102,0.28620744,0.28997332,0.2951828,0.30160815,0.30848783,0.31579763,0.3229406,0.329852,0.3357258,0.34030738,0.34335312,0.34434006,0.3435572,0.34099936,0.33696368,0.3315982,0.32519385,0.31855127,0.3121423,0.3061259,0.300132,0.29427093,0.28903818,0.28605705,0.2862291,0.28804755,0.2893304,0.28822085,0.29036924,0.2958153,0.29915363,0.30118552,0.3033541,0.3058234,0.3074676,0.30887753,0.31029442,0.31136692,0.31230935,0.31371677,0.3155709,0.31783903,0.32030964,0.32275116,0.32503566,0.326631,0.3273497,0.3270644,0.32580677,0.32336253,0.31968895,0.31549028,0.31150332,0.3082246,0.30580878,0.3014832,0.29171032,0.28124404,0.28185523,0.287615,0.29072204,0.29264435,0.2928989,0.29280147,0.29334307,0.2958475,0.29973793,0.3029187,0.3048104,0.3056618,0.30452985,0.30081192,0.29476014,0.28707796,0.27862048,0.2702962,0.26309577,0.25700814,0.25092816,0.24356647,0.23519525,0.22891904,0.22886555,0.23301032,0.23867005,0.24404679,0.24646965,0.24577667,0.24439925,0.24475144,0.24492194,0.24494883,0.24532525,0.24584582,0.2455985,0.24470618,0.24443717,0.24636771,0.25089678,0.25799558,0.27047098,0.2855332,0.29729384,0.30541712,0.31094354,0.31669047,0.32324824,0.329908,0.33546987,0.33933133,0.341475,0.34352753,0.34594116,0.34838888,0.35054204,0.35187185,0.35206667,,,,,,,,,,,,,,,,,,,,0.34680006,0.34536624,0.34206408,0.33875078,0.33679122,0.33525267,0.33534038,0.3279994,0.31975293,0.3178143,0.31782773,0.31976554,,,,,,,,,,,,,,,,,,,,,,,,,,,,,,,,,,,,,,,,,,,,,,,,,,,,,,,,,,,,,,,,,,,,,,,,,,,,,,,,,,,,,,,,,,,,,,,,,,,,,,,,,,,,,,,,,,,,,,,,,,,,,,,,,,,,,,,,,,,,,,,,,,,,,,,,,,,,,,,,,,,,,,,,,0.46423167,0.46277824,0.4600233,0.45632437,0.4550857,0.45808497,0.46098623,0.46081367,0.4596932,0.46197423,0.46201023,0.45826295,0.45359558,0.44892195,0.44759178,0.4516754,0.4454167,0.44073766,0.44621518,0.43973422,0.43994114,0.43483806,0.43072045,0.4250731,0.42040828,0.42146882,0.42029318,0.4177665,0.41544798,0.41557384,0.4165051,0.41816127,0.41960058,0.42112732,0.41943362,0.41892087,0.42366678,0.42510253,0.42240188,0.41985977,0.4166941,0.41873926,0.42374054,0.42565417,0.42288548,0.42355838,0.42279768,0.42244843,0.42473936
21.0,,,,,,,,,,,,,,,,,,,,,,,,,,,,,,,,,,,,,,,,,,,,,,,,,,,,,,,,,,,,,,,,,,,,,,,,,,,,,,,,,,,,,,,,,,,,,,,,,,,,,,,,,,,,,,,,,,,,,,,,,,,,,,,,,,,,,,,0.2539212,0.2534624,0.25466964,0.25593895,0.2572143,0.25655732,0.25499746,0.25227773,0.24458352,0.23600559,0.23316427,0.23456046,0.23586434,0.23997457,0.24779074,0.2561353,0.26236075,0.26637065,0.26926672,0.27218962,0.27445734,0.27625915,0.27918836,0.28369835,0.2890973,0.2954518,0.30220258,0.30875164,0.31457773,0.31932795,0.3228391,0.32479626,0.32515785,0.3240813,0.3216024,0.3182673,0.31418127,0.3098296,0.30542853,0.30105442,0.29655573,0.29222548,0.28887764,0.28742558,0.28789443,0.28954545,0.29057878,0.28986296,0.29331115,0.29895058,0.30228853,0.30339515,0.3036847,0.30358616,0.303644,0.30470055,0.3058569,0.30652526,0.3074972,0.3090477,0.3111463,0.31313017,0.31498748,0.31686708,0.31877202,0.32073677,0.32213494,0.3224805,0.32188097,0.32049733,0.31835476,0.31591272,0.31372467,0.3112465,0.30802083,0.3001806,0.28768885,0.2781469,0.28100544,0.28563625,0.28873786,0.28879425,0.28752828,0.2859801,0.28524333,0.28647447,0.28907317,0.29125646,0.29236344,0.29283798,0.29162621,0.28856722,0.28390843,0.2780326,0.27150452,0.26501197,0.25908458,0.25361538,0.24821465,0.24280384,0.23840688,0.23775403,0.24153335,0.24743758,0.2526874,0.25629565,0.2561215,0.25195515,0.24787895,0.24710147,0.24631335,0.24579877,0.24657153,0.24690458,0.2462871,0.24544871,0.24598192,0.2491425,0.253604,0.2596307,0.27116403,0.2837089,0.2939618,0.30193755,0.30823153,0.31424972,0.32034525,0.32649893,0.33267057,0.3370303,0.34008768,0.34250352,0.34522337,0.34848982,0.35163274,0.3535696,0.35483742,0.35576016,,,,,,,,,,,,,,,,,0.35153034,0.35109353,0.35043025,0.34885257,0.34514928,0.33963647,0.33415627,0.3335489,0.32984868,0.3246492,0.3202827,0.32106864,0.32162666,0.3229006,,,,,,,,,,,,,,,,,,,,,,,,,,,,,,,,,,,,,,,,,,,,,,,,,,,,,,,,,,,,,,,,,,,,,,,,,,,,,,,,,,,,,,,,,,,,,,,,,,,,,,,,,,,,,,,,,,,,,,,,,,,,,,,,,,,,,,,,,,,,,,,,,,,,,,,,,,,,,,,,,,,,,,,,,,0.4639841,0.46048912,0.45577806,0.45596483,0.46053094,0.46558446,0.466668,0.46683642,0.46593714,0.46232486,0.4561447,0.44796,0.44063494,0.4410104,0.44575015,0.43544874,0.43266168,0.43732846,0.43655255,0.43498096,0.43239677,0.4268182,0.4201727,0.41542366,0.41699088,0.41603032,0.41604403,0.41853943,0.4223769,0.42630306,0.42995095,0.432037,0.43293974,0.4290825,0.42595485,0.43049768,0.43512332,0.4334357,0.43059427,0.42778617,0.42642194,0.4264339,0.4272884,0.42615074,0.42750114,0.42739353,0.4273813,0.4281592
20.916672,,,,,,,,,,,,,,,,,,,,,,,,,,,,,,,,,,,,,,,,,,,,,,,,,,,,,,,,,,,,,,,,,,,,,,,,,,,,,,,,,,,,,,,,,,,,,,,,,,,,,,,,,,,,,,,,,,,,,,,,,,,,,,,,,,,,,,,0.25342467,0.25476894,0.25643784,0.25765622,0.25742465,0.25559324,0.25339425,0.24973017,0.241503,0.23364896,0.2319945,0.23214443,0.23216736,0.23539095,0.242096,0.24951608,0.25552455,0.25900456,0.26048902,0.26136145,0.26161072,0.2608718,0.2610786,0.26349214,0.2676141,0.2735125,0.28066662,0.28838623,0.29566914,0.3015932,0.30621788,0.3093397,0.31073,0.3110526,0.310173,0.30840173,0.30600914,0.30316553,0.30012506,0.2969623,0.2937421,0.29086968,0.28888392,0.28812262,0.28870875,0.29048198,0.29240775,0.29345116,0.29704416,0.3011608,0.30284765,0.3017642,0.2995245,0.29779735,0.29818884,0.29916048,0.2991711,0.29848954,0.29824755,0.29868567,0.29939032,0.30059332,0.30244568,0.30499,0.30833766,0.31219,0.3154976,0.31730506,0.31766924,0.31721434,0.31618702,0.31465912,0.31247863,0.30959216,0.3049523,0.2949692,0.28161502,0.27585918,0.27917096,0.28333363,0.28573555,0.2848445,0.28235015,0.27997145,0.27836892,0.27850828,0.280268,0.28197226,0.28257155,0.28254515,0.2818637,0.2798,0.27660614,0.27264896,0.26824796,0.26376414,0.2593877,0.25550827,0.25269422,0.25119177,0.25183463,0.25484726,0.25919893,0.26322982,0.26538575,0.26581594,0.26257887,0.25563717,0.24998824,0.24786638,0.24645789,0.24605617,0.24689601,0.24645326,0.24507713,0.24491924,0.24743694,0.2515597,0.25555378,0.2609271,0.27063677,0.2806786,0.28899568,0.29631734,0.30357516,0.31073692,0.31736735,0.32349646,0.32908425,0.333822,0.33751374,0.34080687,0.34412652,0.3479481,0.35149506,0.35410926,0.35613677,0.35754272,0.35888883,,,,,,,,,,,,,,0.3540061,0.35416093,0.35413268,0.3539155,0.35348973,0.35172004,0.34675148,0.33867788,0.33288905,0.33112562,0.32756618,0.32392207,0.3238407,0.32527462,0.32557076,0.3257624,0.327473,,,,,,,,,,,,,,,,,,,,,,,,,,,,,,,,,,,,,,,,,,,,,,,,,,,,,,,,,,,,,,,,,,,,,,,,,,,,,,,,,,,,,,,,,,,,,,,,,,,,,,,,,,,,,,,,,,,,,,,,,,,,,,,,,,,,,,,,,,,,,,,,,,,,,,,,,,,,,,,,,,,,,,,,,0.46587205,0.46365786,0.4585647,0.45631373,0.4594532,0.46490484,0.46603453,0.4645495,0.4621056,0.4578451,0.45224202,0.4441249,0.43840018,0.43621933,0.43370035,0.42917877,0.4292598,0.43085495,0.43229756,0.4316734,0.43052366,0.42537594,0.4186765,0.41442898,0.4148586,0.41604987,0.4197326,0.42389593,0.42889494,0.43583426,0.44130585,0.44380775,0.44351175,0.4402861,0.43778798,0.4402125,0.44304624,0.44004804,0.43362555,0.42646244,0.4234263,0.4262644,0.42856148,0.4296557,0.43080944,0.43172204,0.4334895,0.43539608
20.833336,,,,,,,,,,,,,,,,,,,,,,,,,,,,,,,,,,,,,,,,,,,,,,,,,,,,,,,,,,,,,,,,,,,,,,,,,,,,,,,,,,,,,,,,,,,,,,,,,,,,,,,,,,,,,,,,,,,,,,,,,,,,,,,,,,,,,,0.25430587,0.2548277,0.25607926,0.2580867,0.25847182,0.25722295,0.2545027,0.2511023,0.24582313,0.2376119,0.23143436,0.23014636,0.22866811,0.22783427,0.23022282,0.2354118,0.24183246,0.24788272,0.2515709,0.2520969,0.25078988,0.2484201,0.24454619,0.24151322,0.2416383,0.244249,0.24920912,0.25644746,0.26538706,0.27479708,0.28336102,0.29048613,0.2959108,0.2991314,0.30049095,0.30075705,0.30016777,0.29886624,0.2970282,0.29482493,0.29237077,0.2898382,0.28740132,0.2855089,0.2851805,0.28700176,0.28948122,0.29257125,0.29588783,0.2993854,0.3016239,0.30072302,0.29699823,0.292999,0.29164168,0.29260075,0.29278442,0.2916218,0.28944638,0.2871464,0.2856063,0.2848891,0.2854447,0.28778324,0.29128438,0.2954363,0.30045977,0.30573872,0.30968723,0.3112679,0.3114689,0.3105771,0.30850887,0.30532646,0.30175862,0.2970982,0.28828442,0.2784768,0.27591857,0.2770827,0.2802849,0.28232938,0.28072292,0.27743688,0.27433896,0.27210805,0.27127004,0.27232933,0.2743093,0.27581197,0.27667603,0.27718672,0.27706015,0.276375,0.27509785,0.27331614,0.27127045,0.26898202,0.2669465,0.26613176,0.26686263,0.2685972,0.27007273,0.27155742,0.2721951,0.27140647,0.2694853,0.26435977,0.25624588,0.250722,0.24757576,0.24556682,0.24524775,0.24526158,0.24368526,0.24279816,0.2446139,0.24813609,0.2512675,0.25489274,0.26047483,0.26799804,0.27538988,0.28149918,0.2872782,0.29432622,0.30237043,0.31011134,0.3176047,0.32407856,0.32950824,0.33402798,0.33801845,0.3418669,0.3457426,0.34959254,0.35293114,0.35534534,0.35745502,0.35980555,0.36163932,0.36225146,,,,,,,,,,0.35717803,0.35747698,0.35771248,0.35786352,0.35783997,0.35766461,0.3563567,0.35427892,0.34979102,0.33899263,0.3316218,0.33015835,0.32790887,0.32793826,0.32855302,0.32886523,0.32950616,0.3286754,0.32983315,,,,,,,,,,,,,,,,,,,,,,,,,,,,,,,,,,,,,,,,,,,,,,,,,,,,,,,,,,,,,,,,,,,,,,,,,,,,,,,,,,,,,,,,,,,,,,,,,,,,,,,,,,,,,,,,,,,,,,,,,,,,,,,,,,,,,,,,,,,,,,,,,,,,,,,,,,,,,,,,,,,,,,,,,,0.4656133,0.46225426,0.45656136,0.45520198,0.45590702,0.45274836,0.44899386,0.45006183,0.44790488,0.44355997,0.43667114,0.4312244,0.42654788,0.4225768,0.42208487,0.42338943,0.42540535,0.42854953,0.4303006,0.43048182,0.42753783,0.42227584,0.4185252,0.4181529,0.4205859,0.42369625,0.42781064,0.43723983,0.4483652,0.4558221,0.4587079,0.45715174,0.45108247,0.45014206,0.450752,0.44899532,0.44302207,0.4319275,0.42197672,0.42209244,0.43059158,0.43680185,0.43949002,0.439887,0.44021502,0.44237196,0.44517234
20.75,,,,,,,,,,,,,,,,,,,,,,,,,,,,,,,,,,,,,,,,,,,,,,,,,,,,,,,,,,,,,,,,,,,,,,,,,,,,,,,,,,,,,,,,,,,,,,,,,,,,,,,,,,,,,,,,,,,,,,,,,,,,,,,,,,,,,0.25451416,0.25437537,0.25483087,0.256542,0.2576642,0.25716883,0.25547063,0.25249308,0.24750637,0.24074936,0.23344275,0.22913508,0.22687921,0.22406897,0.2229125,0.22441547,0.22785836,0.23324622,0.23942703,0.2440044,0.24432018,0.2412641,0.23664623,0.23005994,0.22408704,0.22259963,0.224553,0.22875325,0.23485358,0.24276312,0.2519756,0.26213947,0.27203467,0.28097957,0.28747907,0.2908589,0.2920879,0.29221523,0.2914853,0.29008684,0.2882176,0.2858985,0.28349563,0.28148848,0.2809458,0.28272143,0.28611946,0.29024458,0.2944894,0.29819185,0.300426,0.30035135,0.29690385,0.2909897,0.28685695,0.28711447,0.2875103,0.2863027,0.28512904,0.28321105,0.28007916,0.27685654,0.27490622,0.27537677,0.2782713,0.2818669,0.2848853,0.28838238,0.29319006,0.2984448,0.30128196,0.30227938,0.30226228,0.30116296,0.29855856,0.29490346,0.29051378,0.28471133,0.27991828,0.278002,0.27657664,0.27754253,0.27882805,0.27656558,0.2725818,0.26873967,0.26585668,0.26400676,0.26376462,0.26521915,0.26731881,0.26933995,0.27113324,0.27270475,0.2742245,0.2756473,0.27681512,0.27736893,0.27710623,0.27632973,0.27553424,0.27493298,0.27456185,0.27476022,0.27562365,0.27564606,0.27341473,0.26972854,0.26341376,0.25511107,0.24992293,0.24620594,0.24359396,0.24303378,0.24209201,0.240282,0.24069421,0.24357477,0.24614713,0.24832949,0.252627,0.2588979,0.26392365,0.26800105,0.27094662,0.27432245,0.2808938,0.2893443,0.29878932,0.3079956,0.3167888,0.32457367,0.33088377,0.33544946,0.3389747,0.34245086,0.34622526,0.3496719,0.35282707,0.35582215,0.3589269,0.36197406,0.36382842,0.3645103,0.36460763,,,,,0.3606183,0.36108997,0.36120272,0.360781,0.36083996,0.36151877,0.3618225,0.36167207,0.3615094,0.35957047,0.35663214,0.3518204,0.34077245,0.33173734,0.3311681,0.33030966,0.33123285,0.33267844,0.3331921,0.33270246,0.33175272,0.33225036,,,,,,,,,,,,,,,,,,,,,,,,,,,,,,,,,,,,,,,,,,,,,,,,,,,,,,,,,,,,,,,,,,,,,,,,,,,,,,,,,,,,,,,,,,,,,,,,,,,,,,,,,,,,,,,,,,,,,,,,,,,,,,,,,,,,,,,,,,,,,,,,,,,,,,,,,,,,,,,,,,,,,,,,,,0.46637234,0.4647217,0.46027616,0.45314696,0.44495046,0.43704468,0.4353314,0.4386855,0.43753004,0.432305,0.42560145,0.41880018,0.41320878,0.41042048,0.41085956,0.41309246,0.41694722,0.42194852,0.42703673,0.4301282,0.43056124,0.4286895,0.42562485,0.42479742,0.4262797,0.4278713,0.4340497,0.44680202,0.4579272,0.4654605,0.4689222,0.467857,0.4611216,0.4593406,0.45762005,0.4537828,0.44601965,0.43350312,0.42328078,0.4266414,0.43807274,0.44710973,0.45187482,0.4527039,0.45270064,0.45394427,0.45567092
20.666672,,,,,,,,,,,,,,,,,,,,,,,,,,,,,,,,,,,,,,,,,,,,,,,,,,,,,,,,,,,,,,,,,,,,,,,,,,,,,,,,,,,,,,,,,,,,,,,,,,,,,,,,,,,,,,,,,,,,,,,,,,,,,,,,,,,,0.2553769,0.2547878,0.25428334,0.25411966,0.25588977,0.25644174,0.25571623,0.25356987,0.24981606,0.2433076,0.23588377,0.2297647,0.22588737,0.22200428,0.21860532,0.2174161,0.21784776,0.21980602,0.22426307,0.23038073,0.23611747,0.23748936,0.23363855,0.2276912,0.2204526,0.21352768,0.21116354,0.21345861,0.21843056,0.22414282,0.23062137,0.23752038,0.24484046,0.2533766,0.26364708,0.27315718,0.27986243,0.28245714,0.28305757,0.2828193,0.28185776,0.28050166,0.27894667,0.27789265,0.27797565,0.27979693,0.2832948,0.28754154,0.2923884,0.29680267,0.2995794,0.29996926,0.29771262,0.2921602,0.28557196,0.28287056,0.28397882,0.28307283,0.28063914,0.27909505,0.27811208,0.27608755,0.27305758,0.2707612,0.27101383,0.27405992,0.27750248,0.27916527,0.27970678,0.28199586,0.2863378,0.29025513,0.2923642,0.29354525,0.29405218,0.29323852,0.29107574,0.28800875,0.28488097,0.28307658,0.2812446,0.27752548,0.2754323,0.27522862,0.27268893,0.26775432,0.2628779,0.2590746,0.25639805,0.25492117,0.25494692,0.25617942,0.25801376,0.26003698,0.26219964,0.26484632,0.2682742,0.27233335,0.27584046,0.2771331,0.27619866,0.27418238,0.27232268,0.27164918,0.2730141,0.27559042,0.27703866,0.27419975,0.26873466,0.2614443,0.25336364,0.24768844,0.24334815,0.24028261,0.23960555,0.23840904,0.23698413,0.23810723,0.24085046,0.242873,0.24501543,0.24979407,0.25535682,0.2579829,0.25837648,0.2578456,0.2591469,0.26557568,0.27444983,0.28453693,0.29531825,0.3068959,0.318078,0.32791927,0.33482525,0.33912548,0.34253964,0.34552404,0.34807312,0.35073495,0.3538786,0.35719842,0.36108422,0.3633584,0.36406258,0.36486062,0.3656047,0.36561534,0.36498186,0.36460453,0.3649952,0.36588618,0.36639357,0.36581358,0.3650844,0.36482814,0.36455685,0.36496136,0.36596248,0.3648503,0.36088464,0.3525598,0.3397193,0.33374003,0.3332991,0.33308572,0.33406147,0.33581054,0.33656338,0.33583227,0.33477294,0.33490643,,,,,,,,,,,,,,,,,,,,,,,,,,,,,,,,,,,,,,,,,,,,,,,,,,,,,,,,,,,,,,,,,,,,,,,,,,,,,,,,,,,,,,,,,,,,,,,,,,,,,,,,,,,,,,,,,,,,,,,,,,,,,,,,,,,,,,,,,,,,,,,,,,,,,,,,,,,,,,,,,,,,,,,,,,0.46608248,0.4653649,0.46143824,0.45388687,0.44575822,0.43723094,0.43391564,0.43253896,0.4295039,0.422966,0.41576034,0.40804827,0.40225542,0.3999819,0.40109652,0.40405515,0.40812552,0.41397032,0.42086554,0.42699742,0.4308048,0.43284288,0.43260825,0.43186918,0.4316306,0.4323526,0.4406715,0.450889,0.46126,0.46996364,0.47400534,0.47333646,0.4677206,0.46421888,0.46207848,0.45766547,0.45012534,0.43939057,0.43077305,0.43606418,0.44721285,0.45632756,0.46113732,0.46217442,0.46271038,0.4631668,0.46259522
20.583336,,,,,,,,,,,,,,,,,,,,,,,,,,,,,,,,,,,,,,,,,,,,,,,,,,,,,,,,,,,,,,,,,,,,,,,,,,,,,,,,,,,,,,,,,,,,,,,,,,,,,,,,,,,,,,,,,,,,,,,,,,,,,,0.26887542,0.26871914,0.26846355,,,,0.25499952,0.25457108,0.25394958,,,0.25557798,0.25509354,0.2517461,0.24640928,0.23899254,0.23176658,0.22630821,0.22156645,0.21658535,0.21307662,0.21175943,0.21128075,0.21215737,0.21553566,0.22118632,0.22790651,0.23192625,0.22950964,0.22336654,0.21647966,0.21049789,0.20774423,0.20965041,0.21432026,0.21970394,0.22640608,0.23322852,0.23823933,0.24326769,0.25069085,0.26015565,0.2689606,0.27279845,0.27373266,0.2741181,0.27423435,0.27408326,0.27409136,0.27487892,0.27671045,0.27948374,0.28305984,0.2878564,0.29332575,0.29737154,0.29893973,0.2975732,0.29338104,0.28678182,0.28073043,0.27936757,0.2796213,0.2779254,0.27567205,0.27406564,0.27327225,0.27248317,0.27087742,0.2691914,0.26903597,0.27089396,0.27331215,0.27460077,0.2746726,0.27542198,0.2786288,0.2828955,0.2868117,0.2898758,0.2919231,0.29295206,0.29264194,0.2909632,0.28855425,0.2866924,0.28439096,0.2791063,0.2740982,0.27180755,0.26902395,0.26351008,0.25756273,0.25262028,0.24900681,0.2467877,0.2458626,0.24609916,0.24715288,0.24878055,0.25080007,0.25353393,0.2578353,0.2638853,0.26996168,0.27300525,0.2719202,0.26912668,0.26722318,0.26744375,0.27007645,0.27364653,0.27611908,0.27412727,0.26735267,0.25933102,0.25143236,0.24472848,0.23935042,0.23589776,0.23539428,0.23470265,0.2337488,0.23493423,0.23781541,0.24044344,0.24254395,0.24603303,0.250096,0.2504518,0.24756067,0.24419849,0.24453549,0.25146323,0.26119873,0.27109987,0.28200066,0.2945724,0.3082316,0.32200307,0.33271435,0.33989686,0.34519672,0.34914553,0.35184768,0.35349402,0.35538283,0.35698423,0.35962948,0.3609371,0.36131686,0.36266303,0.36572742,0.36722764,0.36744362,0.36732036,0.36857817,0.37100986,0.37211323,0.37173888,0.37076637,0.36997178,0.36971557,0.3701287,0.37091073,0.3702154,0.36532488,0.35372,0.33961505,0.33610356,0.33584574,0.3355139,0.33677906,0.33876124,0.339446,0.33887333,0.33787948,0.33775544,,,,,,,,,,,,,,,,,,,,,,,,,,,,,,,,,,,,,,,,,,,,,,,,,,,,,,,,,,,,,,,,,,,,,,,,,,,,,,,,,,,,,,,,,,,,,,,,,,,,,,,,,,,,,,,,,,,,,,,,,,,,,,,,,,,,,,,,,,,,,,,,,,,,,,,,,,,,,,,,,,,,,,,0.47220123,0.47057918,0.46802437,0.46553954,0.4634426,0.45974573,0.45465618,0.4510221,0.44562232,0.44004905,0.4334137,0.42653134,0.41848728,0.40948617,0.4001309,0.39333072,0.39097464,0.39371684,0.39959207,0.40500987,0.41016906,0.41500908,0.42110848,0.42769545,0.4321149,0.43546054,0.43601218,0.43547398,0.4379341,0.44416454,0.45039198,0.45964593,0.46799627,0.47253948,0.47291017,0.46971086,0.4663173,0.4634128,0.45975378,0.45343155,0.4447927,0.43959096,0.44670093,0.4572689,0.46464056,0.46746656,0.46790007,0.46734416,0.46570918,0.4626424
20.5,,,,,,,,,,,,,,,,,,,,,,,,,,,,,,,,,,,,,,,,,,,,,,,,,,,,,,,,,,,,,,,,,,,,,,,,,,,,,,,,,,,,,,,,,,,,,,,,,,,,,,,,,,,,,,,,,,,,,,,,,,,,,0.2676141,0.26784608,0.26768047,0.26736745,,,,0.25501662,0.2545662,0.25364208,,0.25558287,0.25528297,0.25335264,0.24840769,0.2421317,0.23484716,0.2283995,0.22305176,0.21745281,0.21188055,0.20837218,0.20711292,0.20651765,0.20678036,0.2088729,0.21311606,0.21942231,0.225587,0.2270986,0.22324273,0.21802586,0.21347514,0.21115117,0.21171324,0.21403424,0.21670403,0.22213179,0.22958498,0.23447427,0.23841447,0.24398056,0.25204453,0.2614443,0.266484,0.26795545,0.26886562,0.2699396,0.27105182,0.27213603,0.27344376,0.27496448,0.27729088,0.28150544,0.28797275,0.29381248,0.29685402,0.2965393,0.29332176,0.28793016,0.2811402,0.27603024,0.27472612,0.27363732,0.2715447,0.27005836,0.26957577,0.26959777,0.26955244,0.2686931,0.26753578,0.2669822,0.26755524,0.26862517,0.2695074,0.27023435,0.27135506,0.2741944,0.2789892,0.28534484,0.29079098,0.29325578,0.29508054,0.29645446,0.29676923,0.29512516,0.29199728,0.2879404,0.28124708,0.2735892,0.26850986,0.26490676,0.25980547,0.25366965,0.24799232,0.24374412,0.24110644,0.23989776,0.23987985,0.24078271,0.24230592,0.24386984,0.24557228,0.24899939,0.25501722,0.26226085,0.2673365,0.26786867,0.26635978,0.26565683,0.2666035,0.26866752,0.27111778,0.27329367,0.27284744,0.26656502,0.25768515,0.24927042,0.24180372,0.23525153,0.2314748,0.23103286,0.23130292,0.23097764,0.23193607,0.23499772,0.23832832,0.24009691,0.24165653,0.24389292,0.2428506,0.2379592,0.23342386,0.23445506,0.24255967,0.25365323,0.2641019,0.27381092,0.2839844,0.29744104,0.31370503,0.32763514,0.33723915,0.34488007,0.35084856,0.3550893,0.3580465,0.3596266,0.35957155,0.35892045,0.35871637,0.35968465,0.361813,0.36400697,0.366368,0.36803445,0.36785507,0.36867365,0.372236,0.37506694,0.37581706,0.37653238,0.37753436,0.3776171,0.37679616,0.37470353,0.3710263,0.36424863,0.35186487,0.3410106,0.33836243,0.33778107,0.3380934,0.33975965,0.34164777,0.34214935,0.34146142,0.34057716,0.34014654,,,,,,,,,,,,,,,,,,,,,,,,,,,,,,,,,,,,,,,,,,,,,,,,,,,,,,,,,,,,,,,,,,,,,,,,,,,,,,,,,,,,,,,,,,,,,,,,,,,,,,,,,,,,,,,,,,,,,,,,,,,,,,,,,,,,,,,,,,,,,,,,,,,,,,,,,,,,,,,,,,,,,,,0.47214222,0.4708763,0.46673,0.4639818,0.45910746,0.45547807,0.45182675,0.45269212,0.4521301,0.447703,0.43983644,0.42962217,0.4183179,0.4057924,0.3930534,0.38293058,0.37884387,0.38330272,0.39366052,0.40316465,0.41033328,0.413963,0.4182115,0.4242052,0.43017724,0.43631414,0.43908942,0.4399889,0.44308987,0.44503263,0.44772878,0.45427388,0.46108085,0.46577317,0.4683671,0.46937442,0.46679428,0.46403992,0.46098614,0.4561428,0.45034277,0.44920048,0.4581579,0.46598807,0.46955582,0.46954915,0.46775028,0.46417424,0.4597397,0.45631737
20.416672,,,,,,,,,,,,,,,,,,,,,,,,,,,,,,,,,,,,,,,,,,,,,,,,,,,,,,,,,,,,,,,,,,,,,,,,,,,,,,,,,,,,,,,,,,,,,,,,,,,,,,,,,,,,,,,,,,,,,,,,,,,,,0.26581782,0.26496986,0.26471004,0.2645869,,,0.25780714,0.25630468,0.2552719,,0.25652373,0.2557892,0.2546882,0.25051185,0.24444148,0.23788081,0.2316638,0.22610322,0.22082059,0.21509872,0.20929267,0.20502277,0.20359002,0.20355368,0.2041175,0.20561118,0.20804562,0.21201219,0.21775569,0.22184871,0.22199234,0.21956055,0.2168304,0.21522011,0.21478938,0.21405426,0.21413659,0.21922159,0.22672755,0.23132072,0.23502682,0.24053217,0.24773692,0.25583646,0.2616335,0.26427677,0.26591605,0.26767135,0.26916334,0.27003282,0.27064443,0.2717652,0.275057,0.28137043,0.2886928,0.29347637,0.294574,0.29230767,0.2879647,0.28214598,0.27588427,0.2715756,0.2698972,0.26818904,0.26573837,0.26396152,0.26427594,0.26592743,0.2666611,0.26579395,0.26475012,0.2646419,0.26535475,0.26628658,0.26609498,0.26531982,0.26524526,0.26803538,0.27515596,0.28478584,0.2926332,0.2950352,0.29500246,0.296682,0.29932827,0.30017877,0.29709014,0.2913784,0.28336322,0.27354324,0.26565757,0.26023567,0.2555011,0.25035214,0.24489889,0.24008927,0.23707819,0.23564626,0.23552811,0.23669766,0.23906986,0.24160978,0.24291506,0.24429908,0.24829257,0.25481766,0.26069868,0.2631981,0.26328233,0.2636327,0.26504126,0.26687548,0.26848158,0.26970908,0.26979893,0.2662037,0.257821,0.24842726,0.24011429,0.23288386,0.22876446,0.2275006,0.22828144,0.2289268,0.22965947,0.23253721,0.23615062,0.23770495,0.23774767,0.23816662,0.23666972,0.23162659,0.22732212,0.22914653,0.23832898,0.25058958,0.26280084,0.27311072,0.2804439,0.29034626,0.30691952,0.3221122,0.33245602,0.34083873,0.3481109,0.3536875,0.35814852,0.36119625,0.3616977,0.35973203,0.35930267,0.36094308,0.36324823,0.3649071,0.36724958,0.3694048,0.3690796,0.3683847,0.3711371,0.37483206,0.37685865,0.37922758,0.3813134,0.38204333,0.38084877,0.37690166,0.3705786,0.3625701,0.3516953,0.3428943,0.3401692,0.33985502,0.34068233,0.3424016,0.34440163,0.34486148,0.34395266,0.34287983,0.34239274,,,,,,,,,,,,,,,,,,,,,,,,,,,,,,,,,,,,,,,,,,,,,,,,,,,,,,,,,,,,,,,,,,,,,,,,,,,,,,,,,,,,,,,,,,,,,,,,,,,,,,,,,,,,,,,,,,,,,,,,,,,,,,,,,,,,,,,,,,,,,,,,,,,,,,,,,,,,,,,,,,,,,,,0.47115415,0.46880934,0.46272317,0.45845678,0.45132655,0.4450247,0.44193166,0.44499567,0.44994318,0.44971395,0.4462337,0.43742082,0.42489368,0.40933892,0.39233527,0.377682,0.37112132,0.37675482,0.38967845,0.40216726,0.41144565,0.41532695,0.41837788,0.42504728,0.43258366,0.43867537,0.44273916,0.4447101,0.44634604,0.44623753,0.4470803,0.45207372,0.4568108,0.46046114,0.4635126,0.46883172,0.46839198,0.46759707,0.46507895,0.46185967,0.45889282,0.4620674,0.46765321,0.46969205,0.46899554,0.46522096,0.459998,0.4541569,0.4505276,0.451128
20.333336,,,,,,,,,,,,,,,,,,,,,,,,,,,,,,,,,,,,,,,,,,,,,,,,,,,,,,,,,,,,,,,,,,,,,,,,,,,,,,,,,,,,,,,,,,,,,,,,,,,,,,,,,,,,,,,,,,,,,,,,,,,,0.26388982,0.26305434,0.2616601,0.2609377,0.26137295,0.26146796,0.26035464,0.25892335,0.25840694,,,0.25661176,0.25444186,0.25256854,0.24718878,0.24046211,0.23410176,0.22859009,0.2239403,0.21961418,0.21509816,0.21040207,0.20580776,0.20302598,0.20230839,0.20310165,0.20477258,0.20657484,0.20829035,0.21092807,0.21438204,0.21657841,0.2156044,0.21440695,0.21364883,0.21346292,0.21340856,0.21510267,0.22042963,0.22629137,0.23079896,0.23486882,0.24001975,0.24659745,0.25274387,0.25723758,0.2602652,0.26267785,0.2647559,0.26616278,0.26671582,0.26723525,0.26939997,0.27473092,0.28226757,0.28855127,0.29122743,0.29033262,0.28682685,0.2820082,0.2766049,0.27135116,0.26760536,0.2654596,0.26303598,0.25960585,0.25719196,0.25800768,0.26101172,0.2626344,0.26243693,0.26280877,0.2649166,0.26663154,0.26711988,0.26395303,0.25852057,0.25634915,0.2609968,0.27266085,0.28570217,0.29464602,0.2968426,0.29379717,0.29329318,0.2981683,0.3018135,0.29960847,0.29350832,0.28467542,0.27381396,0.26419538,0.25692677,0.25157115,0.24731661,0.24269272,0.23768064,0.23408982,0.23221809,0.2317921,0.23290233,0.23574771,0.23962666,0.24234475,0.24264744,0.24409239,0.24846913,0.25345236,0.25635606,0.2572013,0.25837344,0.2607285,0.26337865,0.26543376,0.26658055,0.2663134,0.26414964,0.25857955,0.25019467,0.24164988,0.23433232,0.22939411,0.22618139,0.22648928,0.22805122,0.22879437,0.23132332,0.23470503,0.23586749,0.23492785,0.2335868,0.23196715,0.22780441,0.22388548,0.2251313,0.23485,0.24880363,0.26267117,0.2739286,0.2816681,0.2893358,0.3034818,0.31776428,0.3282132,0.33609626,0.34356984,0.34978712,0.3546038,0.35901174,0.36133164,0.3609055,0.36085868,0.36208743,0.36426866,0.36689425,0.370116,0.3729749,0.37380812,0.373259,0.3734099,0.3748865,0.37627795,0.3781124,0.37959263,0.38088423,0.38156566,0.37863797,0.37205592,0.36353758,0.3527022,0.34431264,0.34262726,0.3427074,0.34327203,0.3449196,0.347092,0.34724113,0.34597117,0.34414193,,,,,,,,,,,,,,,,,,,,,,,,,,,,,,,,,,,,,,,,,,,,,,,,,,,,,,,,,,,,,,,,,,,,,,,,,,,,,,,,,,,,,,,,,,,,,,,,,,,,,,,,,,,,,,,,,,,,,,,,,,,,,,,,,,,,,,,,,,,,,,,,,,,,,,,,,,,,,,,,,,,,,,,,0.4704826,0.46442953,0.45401603,0.44845682,0.4440862,0.43893406,0.4375967,0.43939513,0.44396988,0.44765756,0.44881988,0.4456775,0.4362018,0.4223855,0.40558586,0.3898528,0.38169608,0.38507783,0.39567125,0.40664113,0.41569787,0.4186593,0.41981602,0.4281383,0.43664408,0.44171238,0.44485375,0.44663933,0.44716197,0.44696352,0.44881183,0.45264336,0.45527503,0.45761824,0.46148208,0.46745384,0.47017512,0.47101852,0.4703164,0.46961585,0.46910733,0.46955222,0.46955413,0.4675115,0.4634647,0.45623714,0.44939986,0.44452277,0.44555244,0.45330542
20.25,,,,,,,,,,,,,,,,,,,,,,,,,,,,,,,,,,,,,,,,,,,,,,,,,,,,,,,,,,,,,,,,,,,,,,,,,,,,,,,,,,,,,,,,,,,,,,,,,,,,,,,,,,,,,,,,,,,,,,,,,,,0.26266524,0.2618444,0.2603126,0.25846985,0.2577196,0.25869483,0.2596976,0.25978568,0.25930768,0.25962332,,0.25843853,0.25560066,0.2516737,0.24862295,0.24230182,0.23418917,0.22809541,0.22298075,0.21903577,0.21625705,0.2140408,0.21199484,0.21013585,0.20750405,0.20536286,0.2045844,0.20524487,0.20674263,0.20793493,0.2091798,0.21049608,0.21123935,0.21063362,0.21030402,0.21091455,0.21269831,0.21589136,0.22035703,0.22494683,0.22876805,0.2324395,0.23629108,0.2404295,0.24501728,0.24938689,0.25298077,0.2560919,0.25892788,0.2611383,0.26266918,0.2636835,0.2652961,0.2692672,0.27603012,0.28269425,0.2864432,0.28695482,0.28469273,0.28067422,0.2760917,0.27154526,0.26734775,0.26405743,0.2615676,0.25884214,0.2551317,0.25175455,0.25179383,0.25548562,0.25846592,0.25924152,0.2620051,0.26542258,0.26730824,0.2662425,0.26152933,0.2544788,0.2538355,0.26226106,0.2760888,0.2888385,0.2960897,0.2962543,0.28979614,0.2868184,0.2946501,0.30082712,0.29960525,0.2938938,0.2852479,0.27462563,0.2643871,0.25586677,0.24928226,0.24452755,0.24054535,0.2360731,0.23241566,0.23048092,0.23023893,0.23144947,0.23359178,0.23721269,0.2410271,0.24158686,0.24091876,0.24247368,0.24527664,0.24717464,0.24815288,0.25023028,0.2539553,0.25805256,0.26134256,0.26338732,0.26370463,0.2618671,0.25798988,0.2520056,0.24483843,0.23791803,0.2321517,0.22794944,0.22797585,0.22936082,0.22982192,0.23172572,0.23428436,0.23491588,0.23324741,0.23025884,0.22808732,0.22471257,0.22111784,0.22221337,0.2338399,0.24947785,0.26375338,0.27439228,0.2822605,0.2907377,0.3020093,0.31406084,0.32404324,0.33194217,0.339311,0.3457551,0.35058364,0.35464957,0.3578857,0.35940936,0.36009687,0.36138934,0.36374858,0.36683816,0.37055007,0.37433317,0.37695387,0.3783241,0.3782442,0.37763444,0.37710017,0.37722096,0.3769767,0.377254,0.37910217,0.37646788,0.37050462,0.36155438,0.3514412,0.34669152,0.3464844,0.34639162,0.3460186,0.3473419,0.34929323,0.34882417,0.3470624,0.34547457,,,,,,,,,,,,,,,,,,,,,,,,,,,,,,,,,,,,,,,,,,,,,,,,,,,,,,,,,,,,,,,,,,,,,,,,,,,,,,,,,,,,,,,,,,,,,,,,,,,,,,,,,,,,,,,,,,,,,,,,,,,,,,,,,,,,,,,,,,,,,,,,,,,,,,,,,,,,,,,,,,,,,,0.4720136,0.47289386,0.4707938,0.46312198,0.4503977,0.44598076,0.44479835,0.44438025,0.44579452,0.44959491,0.45476606,0.45837218,0.4574581,0.45311815,0.44740802,0.43829787,0.42597947,0.41325393,0.40488416,0.40427935,0.40952432,0.41622996,0.42278367,0.42483664,0.4227421,0.429225,0.43712944,0.4409189,0.44295835,0.44292507,0.441659,0.44166407,0.44359848,0.44560218,0.44813627,0.45134667,0.45622915,0.4605682,0.4648237,0.4678479,0.4692498,0.4694699,0.4690972,0.46810114,0.46574944,0.46165922,0.45557207,0.44778088,0.44212848,0.4404899,0.44607493,0.45481768
20.166672,,,,,,,,,,,,,,,,,,,,,,,,,,,,,,,,,,,,,,,,,,,,,,,,,,,,,,,,,,,,,,,,,,,,,,,,,,,,,,,,,,,,,,,,,,,,,,,,,,,,,,,,,,,,,,,,,,,,,,,,,,,0.26102614,0.25948685,0.2575862,0.25562808,0.255464,0.25690612,0.2581206,0.25872958,0.25912482,0.2597851,0.2597859,0.25913963,0.2551617,0.24943,0.24355952,0.23608688,0.22798699,0.22274648,0.21849892,0.21496756,0.21291368,0.21255465,0.21272226,0.21308745,0.21271726,0.21121092,0.20929639,0.20771484,0.2073744,0.2078321,0.20883243,0.2097596,0.20943919,0.20912695,0.21003082,0.2122037,0.21534745,0.21881783,0.22256017,0.22577715,0.2286954,0.23165208,0.23481277,0.2381425,0.24134468,0.24461809,0.2480667,0.25160423,0.25473246,0.25717205,0.25925472,0.26148412,0.2652027,0.2707573,0.27695954,0.28074205,0.2819586,0.2809003,0.27815554,0.2745552,0.27078262,0.26718062,0.26386368,0.2610749,0.25866705,0.25605378,0.2528658,0.24936444,0.24767853,0.25055534,0.2552107,0.25804135,0.2611027,0.2630765,0.26351318,0.26238966,0.26052624,0.2597238,0.26375768,0.2729956,0.28381377,0.2922693,0.29580346,0.2917961,0.28111166,0.27756765,0.2881313,0.29612994,0.29718617,0.29265943,0.28530863,0.2757817,0.26626024,0.25733998,0.24927437,0.24304798,0.23850612,0.23462847,0.23139651,0.22983572,0.23053169,0.23235275,0.23370823,0.23600523,0.2394707,0.24022247,0.23767982,0.23613325,0.23565392,0.23539984,0.23592623,0.23865494,0.24360633,0.24959362,0.2551695,0.2591302,0.26112306,0.26090294,0.25819752,0.25353703,0.24771462,0.24179721,0.236576,0.23355927,0.23319748,0.2331242,0.23261161,0.23342012,0.23448941,0.2345186,0.23240794,0.228065,0.22456127,0.22165814,0.21894103,0.22143745,0.23557422,0.2518803,0.26517844,0.27476782,0.28162304,0.28944212,0.29926807,0.30993587,0.31896883,0.32699686,0.33493638,0.34188202,0.34721324,0.3508525,0.3539511,0.35648334,0.35856515,0.36083233,0.363501,0.3663885,0.36936283,0.37281182,0.3760368,0.37909734,0.38128036,0.3818172,0.38105506,0.38000268,0.37891954,0.37710133,0.3754639,0.37246642,0.36678976,0.35928905,0.3523607,0.35044712,0.3506765,0.34994307,0.349015,0.34994394,0.35137087,0.3500085,0.34794414,0.34708625,,,,,,,,,,,,,,,,,,,,,,,,,,,,,,,,,,,,,,,,,,,,,,,,,,,,,,,,,,,,,,,,,,,,,,,,,,,,,,,,,,,,,,,,,,,,,,,,,,,,,,,,,,,,,,,,,,,,,,,,,,,,,,,,,,,,,,,,,,,,,,,,,,,,,,,,,,,,,,,,,,,,,0.47199377,0.4695057,0.46847892,0.46618772,0.46306592,0.4582735,0.4551407,0.4538748,0.45550933,0.4603733,0.4662287,0.47032753,0.4736627,0.47504532,0.47204083,0.46476066,0.45582873,0.44643006,0.4372304,0.43029192,0.42716426,0.42788398,0.4305453,0.43344942,0.43383953,0.42831635,0.43062505,0.4365685,0.43820852,0.43699715,0.43375456,0.43051118,0.42981514,0.42949533,0.4297369,0.43166545,0.435134,0.44026133,0.44576567,0.4514726,0.45609784,0.45948803,0.4616298,0.46208754,0.46107453,0.45860147,0.45492208,0.44912425,0.44317487,0.4401376,0.44099176,0.4456864,0.45418853
20.083336,,,,,,,,,,,,,,,,,,,,,,,,,,,,,,,,,,,,,,,,,,,,,,,,,,,,,,,,,,,,,,,,,,,,,,,,,,,,,,,,,,,,,,,,,,,,,,,,,,,,,,,,,,,,,,,,,,,,,,,,,,,0.259318,0.2574458,0.2553431,0.25363404,0.25385907,0.25507256,0.25632647,0.25716296,0.25806645,0.25901282,0.2597347,0.2600532,0.2566524,0.24845918,0.24030486,0.23191452,0.22510748,0.22035432,0.21533275,0.21198149,0.21205096,0.21340139,0.21450743,0.21563049,0.21685907,0.21668538,0.21445617,0.21101451,0.20829625,0.20720561,0.20757635,0.2080077,0.20725238,0.20749417,0.20895107,0.21075371,0.21292561,0.21588916,0.21896356,0.22203399,0.22473565,0.22732383,0.23004197,0.23297039,0.23600398,0.23933846,0.24297759,0.24673033,0.25021836,0.25349793,0.2569843,0.2610339,0.2664651,0.27138084,0.27434355,0.27542073,0.27493408,0.27330154,0.27103576,0.26821944,0.2653735,0.26252958,0.26004428,0.25806552,0.25630963,0.25432262,0.2516584,0.24829845,0.24561968,0.24741526,0.25222936,0.25493643,0.25563574,0.25547826,0.2541343,0.25372568,0.2562105,0.26167497,0.2693161,0.27834782,0.28614616,0.292099,0.29284838,0.2855287,0.2726811,0.26919708,0.27927932,0.2894717,0.29252312,0.29046234,0.28474724,0.27676156,0.26851204,0.26020753,0.2516308,0.24456027,0.23952575,0.23562369,0.23255931,0.23133759,0.2325894,0.2345482,0.23517275,0.23601085,0.238184,0.23819648,0.23405284,0.22941676,0.22531669,0.22239956,0.2218829,0.22447976,0.23027404,0.23796654,0.24616835,0.25272995,0.2568992,0.2590604,0.25842595,0.25581688,0.2519081,0.24754123,0.24374908,0.24139163,0.23960733,0.2377071,0.23600608,0.23536994,0.23481388,0.23405646,0.23139206,0.22629158,0.22168247,0.21903718,0.21766461,0.22274986,0.23802046,0.25362414,0.2654082,0.27409464,0.28044778,0.28697857,0.2957465,0.3051904,0.31344736,0.32139078,0.3302,0.33817774,0.34419575,0.348249,0.35133383,0.35412708,0.35703146,0.36023563,0.36374357,0.3669859,0.36941525,0.3715755,0.37412354,0.37741864,0.3811844,0.38379803,0.38415682,0.38289872,0.38142648,0.37921068,0.3761013,0.37205607,0.36673415,0.3610608,0.35673648,0.35527626,0.3546332,0.35339892,0.35231894,0.35290983,0.35343024,0.35134092,0.34828347,,,,,,,,,,,,,,,,,,,,,,,,,,,,,,,,,,,,,,,,,,,,,,,,,,,,,,,,,,,,,,,,,,,,,,,,,,,,,,,,,,,,,,,,,,,,,,,,,,,,,,,,,,,,,,,,,,,,,,,,,,,,,,,,,,,,,,,,,,,,,,,,,,,,,,,,,,,,,,,,,,,,,,0.47011316,0.4634336,0.46049893,0.4600094,0.4574293,0.45726356,0.45888776,0.4633027,0.4698909,0.47679642,0.48281816,0.4876526,0.49067426,0.49266604,0.491207,0.4853182,0.47769356,0.470237,0.46244636,0.45546216,0.4507966,0.44863105,0.4473585,0.44587764,0.44278145,0.4331738,0.4317388,0.43438572,0.4330392,0.42871076,0.42316604,0.41959113,0.4170345,0.4140853,0.4130972,0.41417232,0.41660425,0.4206713,0.425819,0.43197688,0.43810514,0.44369262,0.44788358,0.45024523,0.45099837,0.45023263,0.44786593,0.4446001,0.44198576,0.44102123,0.44195947,0.44674414,0.45638147
20.0,,,,,,,,,,,,,,,,,,,,,,,,,,,,,,,,,,,,,,,,,,,,,,,,,,,,,,,,,,,,,,,,,,,,,,,,,,,,,,,,,,,,,,,,,,,,,,,,,,,,,,,,,,,,,,,,,,,,,,,,,,,0.25801134,0.25590643,0.2537195,0.25237644,0.25231734,0.25338295,0.25457957,0.25558057,0.2568209,0.2583801,0.260315,0.2614372,0.25873116,0.24958001,0.2390936,0.23054864,0.22266878,0.21565264,0.20920838,0.20658217,0.20911986,0.213175,0.2159021,0.2184368,0.22039506,0.22099024,0.21857314,0.21358873,0.20866458,0.20565324,0.20439242,0.20342527,0.20196979,0.20200567,0.20271324,0.20386794,0.20616022,0.20941956,0.21282107,0.2161738,0.21936443,0.22220969,0.22500046,0.22806446,0.23140456,0.23498431,0.23878106,0.24277669,0.2469183,0.25136742,0.25599203,0.26048857,0.26414767,0.2663339,0.26693118,0.2662866,0.2650175,0.26347548,0.26153827,0.25922027,0.25665614,0.25444645,0.25298846,0.25224987,0.252054,0.25179946,0.25032556,0.24716575,0.2437264,0.24405646,0.24740061,0.24821395,0.2463783,0.24317129,0.23956968,0.23947804,0.2448314,0.2529123,0.2628703,0.2734823,0.28148335,0.28648785,0.28654546,0.27842733,0.266031,0.26317856,0.27197075,0.28077483,0.28613487,0.28644317,0.28339338,0.2775085,0.27044994,0.26315042,0.25539526,0.24866132,0.24352652,0.23960286,0.23687439,0.2357383,0.23648426,0.2372903,0.23677835,0.23652424,0.23742194,0.23600367,0.23055708,0.22386348,0.21757193,0.21286972,0.2110967,0.21291262,0.21826623,0.22717191,0.23581195,0.24408826,0.25067395,0.25491798,0.256496,0.25619638,0.2547197,0.25236624,0.24961168,0.24677284,0.24397567,0.24101542,0.23845126,0.23658042,0.23523368,0.23353127,0.22977898,0.22429864,0.21966662,0.2174845,0.21753632,0.22607988,0.24073681,0.2547174,0.2654075,0.27317235,0.27908233,0.28473845,0.2921051,0.30026996,0.30766997,0.31538627,0.32497597,0.33408675,0.3411002,0.34564182,0.34881172,0.35145724,0.35438013,0.3580527,0.362536,0.3671134,0.3702437,0.37219647,0.37413973,0.37669343,0.38002124,0.38334766,0.3849098,0.38433647,0.3828848,0.3804407,0.37694114,0.37254676,0.36807027,0.36417773,0.36112908,0.35946754,0.3581527,0.3565215,0.35525295,0.35549095,0.35523582,0.35324922,0.35029384,,,,,,,,,,,,,,,,,,,,,,,,,,,,,,,,,,,,,,,,,,,,,,,,,,,,,,,,,,,,,,,,,,,,,,,,,,,,,,,,,,,,,,,,,,,,,,,,,,,,,,,,,,,,,,,,,,,,,,,,,,,,,,,,,,,,,,,,,,,,,,,,,,,,,,,,,,,,,,,,,,,,,0.47108078,0.46512732,0.4644917,0.4646641,0.4644214,0.46430153,0.4643718,0.47140646,0.48065022,0.48987195,0.49865058,0.5055314,0.5103732,0.5133275,0.5145635,0.5131531,0.5083861,0.501902,0.49504706,0.4877597,0.48073426,0.47445396,0.46938983,0.46466333,0.4591462,0.45211,0.43822777,0.43239433,0.4308891,0.42702672,0.4202999,0.41358986,0.40838572,0.4021111,0.39733335,0.39636517,0.39803323,0.40077543,0.40462515,0.4088516,0.41368565,0.41920123,0.42502022,0.43050683,0.43459654,0.43735522,0.43903485,0.4391071,0.438632,0.43895516,0.44024783,0.44263637,0.4501574,0.45953998
19.916672,,,,,,,,,,,,,,,,,,,,,,,,,,,,,,,,,,,,,,,,,,,,,,,,,,,,,,,,,,,,,,,,,,,,,,,,,,,,,,,,,,,,,,,,,,,,,,,,,,,,,,,,,,,,,,,,,,,,,,,,,,,0.2574791,0.25524318,0.25277,0.25097498,0.2505901,0.25150546,0.25257626,0.25369313,0.25567743,0.25886998,0.2615959,0.26300347,0.2618132,0.25416982,0.24157104,0.2319738,0.22415334,0.21549399,0.20678784,0.2030211,0.20645769,0.21315524,0.2175349,0.22072148,0.223247,0.22401553,0.22115684,0.2148147,0.20815733,0.2032238,0.20009774,0.1976731,0.19508861,0.19403733,0.19395044,0.19483714,0.19699746,0.20006478,0.2035607,0.20763151,0.21184032,0.21587321,0.21969219,0.22338991,0.2271756,0.23109098,0.23513255,0.23935047,0.24362457,0.24778508,0.25143456,0.25436988,0.2564665,0.25733796,0.25698453,0.25569966,0.25395668,0.2521876,0.25033382,0.24824294,0.24609737,0.24452545,0.24387857,0.24422483,0.24556799,0.24733236,0.24791378,0.24565691,0.24173224,0.23985796,0.2409347,0.23970163,0.23529409,0.22849593,0.22268935,0.22376303,0.23299833,0.24376208,0.25548533,0.26664633,0.27382064,0.2781667,0.27815714,0.27054042,0.25996068,0.25825843,0.26551887,0.27276307,0.27764016,0.28047317,0.27967474,0.27649456,0.2712806,0.26511812,0.25859883,0.2527979,0.24808362,0.24414486,0.2412701,0.2401002,0.23994084,0.23914617,0.23746203,0.23672801,0.23640524,0.23348461,0.2275747,0.22039652,0.21367806,0.20874092,0.20667215,0.20774534,0.21218698,0.21989024,0.22872317,0.23571794,0.24364147,0.24926503,0.25239778,0.25334334,0.25341335,0.2527204,0.25070503,0.24820922,0.24522653,0.24210556,0.23955491,0.2376915,0.23606946,0.2333891,0.2285311,0.22265147,0.21843828,0.21706603,0.2186733,0.22970708,0.24342917,0.25546384,0.26547304,0.27302387,0.2784229,0.28319594,0.28916913,0.29575533,0.30197147,0.3090739,0.31891647,0.32893428,0.3372094,0.34252012,0.34548894,0.34757456,0.349847,0.35357055,0.35938528,0.36576074,0.36985937,0.37259296,0.37486425,0.3768113,0.37899116,0.38157016,0.3836249,0.384113,0.38333082,0.38078204,0.3771213,0.37325674,0.3699932,0.36703247,0.36468253,0.36277717,0.36096454,0.35902524,0.35771763,0.35762933,0.35713717,0.35518873,0.35276556,,,,,,,,,,,,,,,,,,,,,,,,,,,,,,,,,,,,,,,,,,,,,,,,,,,,,,,,,,,,,,,,,,,,,,,,,,,,,,,,,,,,,,,,,,,,,,,,,,,,,,,,,,,,,,,,,,,,,,,,,,,,,,,,,,,,,,,,,,,,,,,,,,,,,,,,,,,,,,,,,,,0.47310472,0.47207338,0.46986917,0.46814865,0.47259617,0.47845525,0.4805489,0.48530313,0.4905745,0.4957743,0.5029508,0.5110872,0.5179329,0.5230659,0.527262,0.5311402,0.5325526,0.5308092,0.52619684,0.52041256,0.514182,0.50771105,0.5014091,0.49499482,0.4879423,0.4803108,0.47115755,0.460678,0.44309762,0.43267196,0.4270896,0.42108622,0.41187882,0.40275383,0.39454055,0.3857076,0.38143474,0.38190666,0.38503337,0.3899395,0.39573362,0.4009532,0.40513816,0.40827063,0.4108572,0.41391915,0.41727576,0.42099047,0.4251189,0.42846167,0.4311088,0.43442157,0.43820888,0.4440687,0.45260495,0.4605832
19.833336,,,,,,,,,,,,,,,,,,,,,,,,,,,,,,,,,,,,,,,,,,,,,,,,,,,,,,,,,,,,,,,,,,,,,,,,,,,,,,,,,,,,,,,,,,,,,,,,,,,,,,,,,,,,,,,,,,,,,,,,,,0.25909862,0.25722295,0.25492457,0.25231153,0.25004873,0.24931921,0.25074446,0.25202692,0.2540583,0.25718898,0.26092383,0.26358202,0.26457757,0.26412797,0.2594108,0.24871036,0.23700733,0.22809537,0.22028513,0.21265446,0.20799337,0.21024573,0.21674411,0.22068997,0.22333126,0.22576948,0.22617923,0.22245401,0.21512763,0.20733772,0.20065223,0.19564518,0.19146878,0.18788628,0.18543239,0.18442136,0.18456954,0.18581733,0.18807766,0.19124067,0.195529,0.20072813,0.20627926,0.2115793,0.21638139,0.22093359,0.22527084,0.22936666,0.23318261,0.23660202,0.23976357,0.24254435,0.24486852,0.2465835,0.24742308,0.24720123,0.24599056,0.24441431,0.24283636,0.24141346,0.24013312,0.23911963,0.23857796,0.23855469,0.2389614,0.24008593,0.24227661,0.24422586,0.24371408,0.23984951,0.23561214,0.2334628,0.23056622,0.22419606,0.21436085,0.20661223,0.20976533,0.22294478,0.23486955,0.24620019,0.25742587,0.26349962,0.26696944,0.26807517,0.26177964,0.25436342,0.2538587,0.25988463,0.26514617,0.26880407,0.27249232,0.2741465,0.2728736,0.26950574,0.2646663,0.2593452,0.25426325,0.24963556,0.24588904,0.24358788,0.2424767,0.24099202,0.23822393,0.23596087,0.23567306,0.23401962,0.23005424,0.22434427,0.2178259,0.21188527,0.20752004,0.20548329,0.20593868,0.21025284,0.21831289,0.22466204,0.23058055,0.23699085,0.24341738,0.24710134,0.24864826,0.24917819,0.24943747,0.2484373,0.2464235,0.24416551,0.24192378,0.2402755,0.23905154,0.23725605,0.23412377,0.22935516,0.22387049,0.21952908,0.21765803,0.22119106,0.23282154,0.24455322,0.25472158,0.26477388,0.27306646,0.27875715,0.28284135,0.287289,0.2923445,0.29730847,0.3036326,0.31349277,0.32374182,0.33226076,0.33869526,0.34156308,0.34300783,0.34453407,0.3481583,0.35527414,0.36321956,0.36819646,0.37140796,0.37408796,0.3760885,0.37756327,0.37861562,0.38017094,0.38158566,0.38210365,0.38027897,0.37722254,0.374169,0.37159762,0.36915195,0.36687976,0.36480024,0.3630019,0.36112463,0.35986623,0.35971528,0.3590302,0.3573191,0.35536093,,,,,,,,,,,,,,,,,,,,,,,,,,,,,,,,,,,,,,,,,,,,,,,,,,,,,,,,,,,,,,,,,,,,,,,,,,,,,,,,,,,,,,,,,,,,,,,,,,,,,,,,,,,,,,,,,,,,,,,,,,,,,,,,,,,,,,,,,,,,,,,,,,,,,,,,,,,,,,,0.48133513,0.47881803,0.47648463,0.47622654,0.4745915,0.47396636,0.47426605,0.47676662,0.48308343,0.49229366,0.49878094,0.50360304,0.50877994,0.51360244,0.51927984,0.5240804,0.52838045,0.5333197,0.53806573,0.542847,0.5448978,0.5426964,0.5370025,0.53052425,0.5246211,0.5192834,0.5141627,0.508685,0.50165164,0.49260673,0.48092264,0.46772677,0.44753665,0.4331403,0.4240625,0.41586643,0.40464872,0.39300063,0.38282913,0.3738654,0.3710365,0.37249014,0.37680855,0.3836074,0.39141506,0.39839485,0.40393975,0.40819487,0.41094184,0.41176164,0.41079953,0.41031837,0.4136465,0.4180057,0.42417952,0.4299719,0.4365379,0.4441448,0.45118126,0.45805264
19.75,,,,,,,,,,,,,,,,,,,,,,,,,,,,,,,,,,,,,,,,,,,,,,,,,,,,,,,,,,,,,,,,,,,,,,,,,,,,,,,,,,,,,,,,,,,,,,,,,,,,,,,,,,,,,,,,,,,,,,,,,,0.25852722,0.256653,0.25451887,0.25220978,0.25069353,0.25064874,0.25247443,0.25496393,0.25772616,0.2606691,0.2633342,0.26557246,0.2666408,0.26617804,0.2639839,0.25715533,0.24689585,0.23683254,0.22897355,0.22259852,0.21815334,0.21963763,0.22384027,0.22574325,0.22672786,0.22823842,0.22772248,0.22308843,0.2150603,0.20625928,0.19809023,0.19132645,0.18565851,0.18091524,0.17733128,0.1755089,0.17475285,0.1748308,0.17555192,0.17723136,0.18067119,0.18610732,0.1929425,0.1998504,0.20596254,0.21135181,0.21611162,0.22028656,0.2239633,0.22730339,0.23049775,0.23325469,0.23548199,0.23720135,0.23831321,0.23869036,0.23840956,0.23775072,0.2369637,0.23631082,0.23587458,0.23565875,0.23563619,0.23577267,0.23618059,0.2371277,0.23864718,0.2402914,0.2410599,0.23826914,0.23246995,0.2263481,0.22079945,0.21427505,0.20511234,0.1978884,0.20282409,0.2165038,0.22696365,0.23707648,0.2481523,0.2529701,0.25456396,0.2567699,0.25462946,0.25144756,0.2522692,0.2556872,0.25770414,0.260266,0.26435128,0.2674871,0.2670883,0.26488835,0.2615328,0.2572544,0.2529943,0.2492485,0.24640675,0.24427465,0.2416504,0.23826066,0.23522584,0.23416561,0.23321284,0.23034175,0.22584175,0.22079912,0.21561451,0.21081956,0.20720349,0.2053708,0.20607787,0.21128266,0.21868014,0.22387443,0.2271517,0.23168519,0.23741615,0.24168907,0.24344215,0.24396391,0.24455222,0.24452366,0.24338272,0.24215333,0.24111554,0.24034949,0.23971185,0.23828934,0.23562054,0.23208095,0.22797069,0.22386101,0.22026642,0.22451827,0.2341409,0.24321444,0.25200853,0.2623293,0.27180228,0.27915525,0.28387123,0.2870254,0.29062906,0.29423717,0.29971394,0.31017447,0.32081476,0.32804853,0.33422405,0.33793932,0.33919808,0.34019974,0.34357226,0.3512171,0.36009595,0.36588413,0.36967266,0.37268996,0.3751578,0.3764371,0.3767941,0.3769565,0.3778312,0.37851244,0.37727037,0.37511644,0.37315315,0.37132913,0.36958486,0.36780536,0.36618945,0.36471412,0.36313644,0.361977,0.3617349,0.36108962,0.35960233,0.35815105,,,,,,,,,,,,,,,,,,,,,,,,,,,,,,,,,,,,,,,,,,,,,,,,,,,,,,,,,,,,,,,,,,,,,,,,,,,,,,,,,,,,,,,,,,,,,,,,,,,,,,,,,,,,,,,,,,,,,,,,,,,,,,,,,,,,,,,,,,,,,,,,,,,,,,,,,,,,0.48721576,0.48576617,0.48407102,0.48025277,0.47526076,0.4744086,0.47613087,0.4770736,0.47932857,0.484501,0.49086615,0.4966851,0.5028643,0.5081911,0.5134315,0.5185945,0.523168,0.52826583,0.5326757,0.53819585,0.54456526,0.5507306,0.5563713,0.5581754,0.55474186,0.5472239,0.5386587,0.53138405,0.5261173,0.521605,0.5165212,0.5095852,0.5001083,0.4873048,0.47256383,0.451429,0.43449506,0.42240962,0.41187534,0.39892375,0.38534734,0.37374657,0.3659681,0.3634186,0.36442366,0.3687438,0.37716508,0.3879006,0.39743778,0.40426323,0.4090612,0.41181645,0.41211691,0.41198048,0.41142282,0.41001362,0.41173795,0.4178955,0.42648178,0.43504342,0.44234234,0.4483654,0.45316708
19.666672,,,,,,,,,,,,,,,,,,,,,,,,,,,,,,,,,,,,,,,,,,,,,,,,,,,,,,,,,,,,,,,,,,,,,,,,,,,,,,,,,,,,,,,,,,,,,,,,,,,,,,,,,,,,,,,,,,,,,,,,,,0.257636,0.2558489,0.25413382,0.25230533,0.25155792,0.2523306,0.25388283,0.2563769,0.25947487,0.26239553,0.265098,0.26757565,0.2691205,0.2691532,0.2678384,0.26437578,0.25753546,0.2490529,0.24169919,0.23531081,0.23121041,0.2313353,0.23204157,0.23065624,0.2301543,0.23038562,0.2285349,0.22287033,0.21420908,0.2047982,0.19567373,0.1874452,0.18056826,0.17487146,0.17090665,0.16874526,0.16752283,0.16653162,0.16568045,0.1653046,0.16671734,0.1710489,0.17815197,0.18622045,0.19349548,0.19942234,0.20448732,0.20875554,0.21293813,0.21703549,0.22112,0.22452873,0.22711526,0.22932705,0.23127244,0.23262626,0.23332866,0.23352209,0.23349802,0.2334684,0.2333552,0.23314394,0.2327671,0.23245905,0.23271754,0.23382933,0.23546018,0.23677714,0.23757142,0.23657829,0.23182154,0.22431417,0.2162876,0.20913647,0.20330316,0.20088445,0.20729624,0.21514563,0.22154164,0.22919329,0.24012494,0.24666694,0.24743336,0.24875183,0.25073752,0.2524253,0.25390917,0.25407282,0.25223517,0.2517392,0.25502682,0.25868955,0.2592455,0.25816554,0.25644487,0.2534055,0.25012246,0.24709632,0.24391353,0.24063237,0.2373609,0.2345044,0.23260175,0.23154244,0.22935417,0.22577848,0.22149107,0.21723865,0.2131394,0.20948517,0.20693675,0.2061339,0.20889236,0.21499623,0.22115323,0.22454868,0.22558863,0.22772247,0.23165828,0.23566166,0.2380008,0.23868172,0.23919146,0.23957707,0.23920326,0.23871878,0.23837245,0.23810641,0.23826687,0.23823562,0.23678142,0.2347316,0.23184782,0.22839798,0.22337742,0.2264365,0.23304977,0.23927082,0.24708727,0.25775364,0.2686887,0.2780758,0.28504783,0.2889965,0.29110813,0.29290962,0.2979487,0.3091979,0.32018,0.3263471,0.3306055,0.33445293,0.336556,0.33766556,0.3407619,0.34804416,0.35684815,0.36306882,0.3673597,0.3709152,0.37375098,0.37578362,0.3766323,0.37681058,0.37651467,0.37573078,0.3746733,0.37330073,0.37201595,0.37086567,0.3697673,0.3686832,0.36761767,0.36646652,0.3650897,0.36424536,0.36391586,0.36326003,0.3619603,0.36077738,,,,,,,,,,,,,,,,,,,,,,,,,,,,,,,,,,,,,,,,,,,,,,,,,,,,,,,,,,,,,,,,,,,,,,,,,,,,,,,,,,,,,,,,,,,,,,,,,,,,,,,,,,,,,,,,,,,,,,,,,,,,,,,,,,,,,,,,,,,,,,,,,,,,,,,,,,0.48673043,0.48665938,0.48629662,0.4847421,0.48212755,0.47927138,0.4771861,0.47862372,0.48160577,0.48452646,0.4874381,0.48989904,0.49349716,0.49900255,0.5051198,0.51223767,0.5189544,0.5250579,0.5306231,0.5358969,0.5412155,0.54688865,0.5523368,0.55834246,0.5648867,0.56719685,0.56381714,0.55557805,0.54584193,0.5375327,0.53122056,0.52580255,0.5206174,0.5136435,0.5040842,0.4913062,0.47603223,0.4551628,0.4366921,0.4215777,0.40978244,0.39511812,0.38048774,0.36804903,0.36008114,0.35721633,0.355958,0.35845816,0.36836374,0.38222674,0.39489996,0.40390176,0.4103894,0.41488537,0.41570258,0.41296557,0.41027692,0.4082984,0.40870506,0.41430712,0.42396644,0.43308824,0.4396886,0.4446656,0.4482
19.583336,,,,,,,,,,,,,,,,,,,,,,,,,,,,,,,,,,,,,,,,,,,,,,,,,,,,,,,,,,,,,,,,,,,,,,,,,,,,,,,,,,,,,,,,,,,,,,,,,,,,,,,,,,,,,,,,,,,,,,,,,,0.25682846,0.25524405,0.25394356,0.25220016,0.25093535,0.25208354,0.2545286,0.2575357,0.2609427,0.26411688,0.26713854,0.26992127,0.2717915,0.27227768,0.27164063,0.26989827,0.2659604,0.26010495,0.25385475,0.24797253,0.24409172,0.24162,0.23845062,0.23470418,0.23297727,0.23168837,0.2282588,0.2214374,0.2126173,0.20326272,0.19354364,0.18411912,0.17651425,0.17118144,0.16774486,0.16582397,0.16449149,0.16307425,0.16138546,0.15977976,0.1594747,0.16168939,0.16648039,0.1733886,0.18090445,0.18705596,0.19219317,0.19623196,0.20063105,0.20571437,0.21161139,0.21665916,0.22023748,0.22343129,0.22706228,0.22989549,0.23142913,0.2320428,0.23212564,0.2318802,0.23184109,0.23173161,0.23116314,0.23003574,0.22933467,0.22993082,0.23169224,0.23315749,0.23399077,0.2340699,0.23143226,0.22573711,0.21809961,0.21127804,0.20799425,0.20900372,0.21261731,0.21393734,0.2149556,0.22040008,0.23178239,0.24100691,0.24540924,0.24831654,0.25058815,0.25368303,0.2556126,0.25484893,0.25206766,0.24763353,0.24621311,0.2485045,0.25007161,0.24983315,0.24921991,0.24702461,0.24416725,0.24154799,0.23861383,0.23608449,0.23401074,0.23182268,0.22929057,0.22678153,0.22423604,0.22148761,0.21822798,0.21471557,0.21141037,0.20891361,0.207925,0.20896485,0.21375881,0.21948546,0.22397333,0.2259725,0.22563387,0.22543797,0.22687422,0.2297847,0.23250282,0.2338442,0.23448248,0.23507254,0.2354099,0.2357671,0.23617488,0.23620325,0.23660156,0.23723787,0.2368553,0.23605537,0.23448667,0.2308363,0.22486047,0.22597317,0.22963116,0.23323241,0.24056983,0.25214192,0.2643093,0.27527162,0.28436238,0.2906134,0.2932051,0.29362288,0.29988873,0.31080887,0.32050818,0.32633477,0.32921952,0.33190253,0.33447334,0.33629468,0.3393559,0.34596354,0.3538306,0.35993654,0.36443776,0.36829102,0.37141222,0.37389687,0.37558722,0.37667122,0.37717995,0.3767473,0.37569,0.374166,0.3727372,0.37171406,0.37096766,0.37023953,0.3694511,0.36848882,0.3672529,0.36660472,0.36621663,0.36557788,0.36447978,0.3634495,,,,,,,,,,,,,,,,,,,,,,,,,,,,,,,,,,,,,,,,,,,,,,,,,,,,,,,,,,,,,,,,,,,,,,,,,,,,,,,,,,,,,,,,,,,,,,,,,,,,,,,,,,,,,,,,,,,,,,,,,,,,,,,,,,,,,,,,,,,,,,,,,,,,,,,,0.4882527,0.485481,0.48267546,0.48329902,0.4824515,0.48003,0.4789785,0.47892883,0.47903675,0.48013324,0.48066533,0.481093,0.48253053,0.48552865,0.49054387,0.4970767,0.50481343,0.5127224,0.52044725,0.5273121,0.53339845,0.53933036,0.5458056,0.5527642,0.5587951,0.56619066,0.57258725,0.5739668,0.56966764,0.56074387,0.550712,0.5421944,0.5352106,0.5289089,0.5227453,0.51556975,0.5063372,0.49426416,0.47928974,0.45895302,0.43982604,0.4221697,0.40992126,0.3949456,0.37951863,0.36722338,0.35930777,0.35462064,0.34974232,0.35061765,0.36162612,0.37690148,0.3916922,0.40289775,0.41050842,0.41600728,0.41897076,0.4176427,0.4118491,0.4073847,0.4065797,0.41192186,0.4223866,0.4311315,0.4367405,0.44122887,0.4445795
19.5,,,,,,,,,,,,,,,,,,,,,,,,,,,,,,,,,,,,,,,,,,,,,,,,,,,,,,,,,,,,,,,,,,,,,,,,,,,,,,,,,,,,,,,,,,,,,,,,,,,,,,,,,,,,,,,,,,,,,,,,,,0.25665805,0.25518203,0.2541015,0.25230613,0.2508333,0.25268432,0.25560468,0.25846434,0.26180166,0.26528692,0.26836106,0.2710593,0.2731015,0.27384537,0.27352083,0.27242458,0.27038723,0.26673526,0.26208842,0.2569938,0.25210083,0.24685606,0.2413417,0.23715697,0.23429567,0.23142451,0.2266462,0.21929611,0.2107925,0.20160101,0.1915547,0.18180439,0.17453979,0.17006509,0.1671911,0.16555788,0.16438396,0.16305542,0.16142122,0.15987805,0.15938064,0.16058059,0.16273071,0.16618252,0.1709678,0.17583354,0.18082725,0.18449631,0.18873264,0.19421409,0.20202439,0.20895463,0.21384439,0.21857138,0.22440286,0.22971432,0.23314603,0.23493,0.23545063,0.23403056,0.23246747,0.23190264,0.23192525,0.23049757,0.22801639,0.22695002,0.22805451,0.2297192,0.23045407,0.23088156,0.23003879,0.22661823,0.2209656,0.21552262,0.21296969,0.21224055,0.21085833,0.20861463,0.2071488,0.21159722,0.22267608,0.23286773,0.23902194,0.24326037,0.2469563,0.2504893,0.25337148,0.25464928,0.25385538,0.25035933,0.24572,0.24297038,0.24303891,0.24353522,0.244146,0.24286172,0.24113445,0.23964529,0.237947,0.23670402,0.2351717,0.2322402,0.22761121,0.22367299,0.22297287,0.2236004,0.22160414,0.21783479,0.2137708,0.21103585,0.21076553,0.21322294,0.21796481,0.22278766,0.22529146,0.22596292,0.22499472,0.22386608,0.22434844,0.22667779,0.22946492,0.23190595,0.23356353,0.23483458,0.23550089,0.23633566,0.23716791,0.2371928,0.23664103,0.23633002,0.23603068,0.2360788,0.23591283,0.2321326,0.2248177,0.22352809,0.22466287,0.22664009,0.23416097,0.24673907,0.2600477,0.27235824,0.2825033,0.29043636,0.29505444,0.29737356,0.30451873,0.3134553,0.3209373,0.32638893,0.32956186,0.33149773,0.33352852,0.335708,0.338726,0.34435067,0.35109055,0.35667616,0.3610611,0.36505276,0.36846212,0.37123013,0.37342712,0.37523726,0.37652692,0.3770473,0.376807,0.37575874,0.3743997,0.3732753,0.37271643,0.37201574,0.37151602,0.37068823,0.3695754,0.36904395,0.36882442,0.36826062,0.36728758,0.36640784,0.36680925,,,,,,,,,,,,,,,,,,,,,,,,,,,,,,,,,,,,,,,,,,,,,,,,,,,,,,,,,,,,,,,,,,,,,,,,,,,,,,,,,,,,,,,,,,,,,,,,,,,,,,,,,,,,,,,,,,,,,,,,,,,,,,,,,,,,,,,,,,,,,,,,,,,,,,0.4880452,0.48384404,0.47878954,0.4777574,0.47937682,0.47844392,0.4767895,0.4765698,0.47558668,0.47355324,0.4715322,0.47016612,0.47040173,0.47219518,0.47572026,0.48090398,0.48803604,0.49654615,0.50618136,0.51579523,0.5246111,0.53241944,0.5397458,0.54712623,0.5545001,0.561751,0.5696973,0.5758624,0.5771634,0.57198375,0.5628134,0.55319875,0.54543525,0.5385903,0.53173655,0.5245336,0.5169641,0.5082,0.49702403,0.48309284,0.46339497,0.44477805,0.4253712,0.41124496,0.39800143,0.38360882,0.3719774,0.3636686,0.35676143,0.34939238,0.3501555,0.36048493,0.374291,0.38877887,0.40185773,0.41147336,0.41778097,0.42093024,0.42056316,0.4153174,0.40863603,0.40527827,0.40957096,0.42005032,0.4286189,0.43334442,0.4373463,0.44056424
19.416672,,,,,,,,,,,,,,,,,,,,,,,,,,,,,,,,,,,,,,,,,,,,,,,,,,,,,,,,,,,,,,,,,,,,,,,,,,,,,,,,,,,,,,,,,,,,,,,,,,,,,,,,,,,,,,,,,,,,,,,,,,0.25670397,0.2551115,0.2543848,0.2533319,0.25344425,0.2549466,0.2566911,0.25886998,0.26214015,0.26537582,0.26763266,0.26938573,0.27129567,0.27231345,0.27147365,0.26956,0.26797724,0.2659606,0.2630343,0.25825053,0.25242877,0.24631713,0.24114169,0.23700763,0.23319106,0.22879572,0.22297283,0.21551137,0.20733377,0.19851749,0.18904021,0.18019822,0.17374031,0.16942233,0.16643433,0.16466753,0.16355877,0.1626357,0.16170561,0.1608972,0.16089687,0.1621469,0.16413857,0.1665453,0.16837524,0.17002438,0.1727454,0.17565225,0.1791596,0.18408291,0.1924993,0.20095684,0.20670661,0.2123048,0.21990445,0.22748634,0.23306364,0.23702289,0.23941644,0.23948899,0.23643015,0.23350598,0.2327424,0.23221737,0.22920859,0.22585484,0.224991,0.22625892,0.22718948,0.2275943,0.22764602,0.2258846,0.22207993,0.21758546,0.21387169,0.2106198,0.20666824,0.20243242,0.19989263,0.20399623,0.21373944,0.22382554,0.23064451,0.23456465,0.23784393,0.24163051,0.24601245,0.2498498,0.25278443,0.25369015,0.25161102,0.24761795,0.24315834,0.24170698,0.24179895,0.24050088,0.24019635,0.24071206,0.24105863,0.2407332,0.23869182,0.23435637,0.22863583,0.22565828,0.22725667,0.22974506,0.22846425,0.22325777,0.2186991,0.21498473,0.21382698,0.21607539,0.22037275,0.22325216,0.22384588,0.2231821,0.22197,0.22143053,0.22290254,0.22607833,0.229651,0.23318046,0.23639521,0.23873934,0.23931196,0.23891906,0.23847823,0.2375451,0.23597822,0.23473664,0.2342616,0.23531093,0.23648208,0.23375836,0.22481072,0.22070934,0.22016422,0.22124168,0.22917916,0.24226461,0.25696012,0.2711011,0.28167728,0.28994453,0.29634118,0.301217,0.30711406,0.31345266,0.31943387,0.32494664,0.32956815,0.3325998,0.3346038,0.33666518,0.3393714,0.3436585,0.34896472,0.35366896,0.35755163,0.3614901,0.3651816,0.36821324,0.37068775,0.3728815,0.37464243,0.3758355,0.37633175,0.3763361,0.37575185,0.374822,0.37425742,0.3738161,0.3737633,0.37301853,0.37205398,0.37156916,0.37149036,0.37116718,0.37038842,0.36959267,0.36996937,,,,,,,,,,,,,,,,,,,,,,,,,,,,,,,,,,,,,,,,,,,,,,,,,,,,,,,,,,,,,,,,,,,,,,,,,,,,,,,,,,,,,,,,,,,,,,,,,,,,,,,,,,,,,,,,,,,,,,,,,,,,,,,,,,,,,,,,,,,,,,,,,,,,,0.4884424,0.48568526,0.47984982,0.47488812,0.4754261,0.47562003,0.4739258,0.4715416,0.46776572,0.46373203,0.45984298,0.45647964,0.45426667,0.45374504,0.45505622,0.45857394,0.46472856,0.4731346,0.48371702,0.49570945,0.50775987,0.5188247,0.5282724,0.5366154,0.5447867,0.55299467,0.5614569,0.5699691,0.5761922,0.5770156,0.571465,0.5630065,0.55462986,0.5473313,0.54073,0.533835,0.52640224,0.5185784,0.5101616,0.50013256,0.48748675,0.46929145,0.45050058,0.43194512,0.4148059,0.4024482,0.39033368,0.379756,0.37101895,0.3626776,0.35478494,0.35541996,0.3635467,0.37473667,0.38752332,0.40126246,0.41271895,0.41996816,0.4231336,0.42280498,0.41810393,0.4101877,0.404681,0.4077696,0.41787052,0.42563787,0.42958733,0.4327998,0.43530995
19.333336,,,,,,,,,,,,,,,,,,,,,,,,,,,,,,,,,,,,,,,,,,,,,,,,,,,,,,,,,,,,,,,,,,,,,,,,,,,,,,,,,,,,,,,,,,,,,,,,,,,,,,,,,,,,,,,,,,,,,,,,,,0.25595528,0.25385022,0.25336194,0.2542401,0.2563554,0.25796837,0.25879645,0.26021963,0.2625252,0.2639155,0.26377878,0.263948,0.26569146,0.2671642,0.2660615,0.26327348,0.26136485,0.2602663,0.25845838,0.25440145,0.24917366,0.24422523,0.23954724,0.23483025,0.2296498,0.22373143,0.21697898,0.20952925,0.20187625,0.19393697,0.1857749,0.17825872,0.17230916,0.16766545,0.16418977,0.16225828,0.16182487,0.16196173,0.1622477,0.16259694,0.16355282,0.16537206,0.16770571,0.17016871,0.1720558,0.17294143,0.17297278,0.17296103,0.17440039,0.17877905,0.1864546,0.19449005,0.20056495,0.20635259,0.21455093,0.22289442,0.22985412,0.235706,0.23986533,0.24181497,0.24010539,0.23535377,0.2326329,0.23266669,0.23039013,0.22566353,0.22285302,0.22291227,0.22411513,0.22486366,0.2251037,0.22416797,0.22160183,0.21771638,0.21329969,0.2086946,0.20359786,0.1986043,0.1955678,0.19775946,0.20487548,0.21469148,0.22219506,0.22565283,0.22723478,0.22973777,0.23430356,0.24005283,0.24643141,0.25207013,0.25559336,0.25605285,0.25324917,0.24935754,0.24455415,0.23976427,0.23868862,0.24022113,0.24239604,0.2424004,0.23926178,0.23390967,0.22895718,0.22830516,0.2311204,0.23424836,0.23409288,0.2263114,0.21911155,0.21611857,0.215175,0.21702014,0.22053698,0.22141725,0.21987319,0.21833709,0.21713108,0.21710087,0.2189523,0.22270133,0.22745903,0.23208879,0.23649856,0.23996584,0.2413706,0.2404031,0.23849669,0.23642057,0.23463385,0.23351718,0.23351452,0.23495318,0.23679408,0.23623428,0.22669788,0.22010636,0.21793726,0.21851686,0.22596885,0.23883176,0.2549532,0.27165428,0.28350097,0.290217,0.29567277,0.30080676,0.30566126,0.3101053,0.31520543,0.32085565,0.32713044,0.33228475,0.335723,0.33840114,0.34111953,0.3442561,0.3478209,0.35131893,0.3546569,0.35837606,0.3621349,0.36537012,0.3680445,0.3703349,0.3722587,0.37376323,0.37483078,0.37550125,0.3758494,0.37576482,0.37560087,0.37554646,0.37596753,0.3755921,0.3748004,0.37418422,0.374147,0.37412047,0.37365595,0.37309182,0.37333438,,,,,,,,,,,,,,,,,,,,,,,,,,,,,,,,,,,,,,,,,,,,,,,,,,,,,,,,,,,,,,,,,,,,,,,,,,,,,,,,,,,,,,,,,,,,,,,,,,,,,,,,,,,,,,,,,,,,,,,,,,,,,,,,,,,,,,,,,,,,,,,,,,,,0.48941332,0.48770818,0.4822796,0.4759293,0.47322693,0.47219038,0.46926692,0.46470627,0.45863286,0.4523622,0.4467027,0.44093853,0.43604437,0.4331169,0.4323851,0.43381777,0.43787155,0.4445853,0.45380315,0.4658219,0.48000434,0.4949212,0.50912756,0.5211113,0.53093225,0.5394913,0.54801077,0.5571058,0.56677026,0.57344216,0.5738032,0.5687681,0.5614408,0.55422795,0.5473123,0.54100615,0.5347773,0.5284727,0.52131236,0.51300216,0.50361043,0.4922215,0.4761395,0.45733312,0.44039515,0.421293,0.40886214,0.39742857,0.38729742,0.37837088,0.3694305,0.36236882,0.36206454,0.3676867,0.37656945,0.3872258,0.40075564,0.4138026,0.42182586,0.4248771,0.4240761,0.41936538,0.41084987,0.4043202,0.40667722,0.41605192,0.42263758,0.42543814,0.4276667,0.42921647
19.25,,,,,,,,,,,,,,,,,,,,,,,,,,,,,,,,,,,,,,,,,,,,,,,,,,,,,,,,,,,,,,,,,,,,,,,,,,,,,,,,,,,,,,,,,,,,,,,,,,,,,,,,,,,,,,,,,,,,,,,,,,0.25506592,0.25233668,0.2526159,0.25514898,0.25902358,0.26131538,0.26168606,0.26163602,0.26164642,0.26031265,0.25829598,0.25820875,0.25979534,0.2607766,0.25967774,0.2573279,0.2556449,0.2544467,0.25250736,0.24923271,0.24526015,0.24110189,0.23652668,0.2312997,0.22518429,0.21828832,0.21092702,0.20350052,0.19629423,0.18917628,0.1820481,0.17535344,0.16936828,0.16458851,0.16189852,0.16113412,0.16231321,0.1640085,0.16578358,0.16759145,0.16969502,0.17210048,0.17456506,0.17687133,0.1787271,0.17995135,0.1795679,0.17751811,0.17653501,0.17889135,0.18475717,0.19146764,0.19673523,0.20177913,0.20922187,0.21718192,0.2246599,0.23189096,0.2371053,0.23958707,0.23884551,0.23427632,0.23108323,0.23168397,0.2308417,0.22638959,0.22219226,0.2207954,0.22143526,0.22275764,0.22310548,0.22240512,0.22039863,0.21709557,0.21285197,0.20812775,0.2031409,0.19846591,0.1951296,0.19444124,0.1975694,0.2055717,0.21415262,0.2179673,0.21725594,0.21720935,0.22045888,0.2267843,0.2353045,0.24429016,0.25238147,0.25829834,0.2605481,0.25758496,0.25106174,0.2446083,0.2409822,0.24035396,0.24269898,0.24251068,0.23803605,0.23197298,0.22802195,0.22842927,0.23256011,0.23731911,0.23926586,0.23366049,0.22410104,0.2180292,0.21443199,0.21592416,0.21914333,0.21867256,0.21551989,0.21293847,0.21028145,0.20868316,0.21035971,0.21587913,0.22276472,0.22896792,0.23414476,0.23847461,0.24145493,0.24193387,0.24051726,0.23842694,0.23664704,0.23566371,0.23570678,0.23659748,0.23782685,0.23917788,0.2315908,0.22347653,0.2192936,0.21954757,0.22655419,0.23891617,0.2555765,0.27343962,0.2873237,0.29312286,0.2948863,0.29803956,0.30217707,0.3055812,0.30948734,0.31456867,0.32169616,0.32897583,0.3345478,0.3384911,0.34171805,0.34447065,0.34710076,0.34986886,0.35303688,0.35662657,0.36025104,0.36339098,0.36596435,0.3680988,0.3699523,0.37156394,0.37298465,0.3741364,0.37517044,0.37595195,0.37652063,0.3771324,0.37801123,0.3782629,0.3776508,0.37693745,0.3768761,0.3770833,0.37692115,0.37661636,0.37670407,,,,,,,,,,,,,,,,,,,,,,,,,,,,,,,,,,,,,,,,,,,,,,,,,,,,,,,,,,,,,,,,,,,,,,,,,,,,,,,,,,,,,,,,,,,,,,,,,,,,,,,,,,,,,,,,,,,,,,,,,,,,,,,,,,,,,,,,,,,,,,,,,0.4917035,0.492163,0.49223384,0.49011466,0.4845009,0.47621918,0.47152692,0.46871376,0.46379113,0.45704615,0.4493761,0.44104394,0.432794,0.42515358,0.4181044,0.41276354,0.4099685,0.4092597,0.4108855,0.41504735,0.4215329,0.4307613,0.44333792,0.4589031,0.4764098,0.4941762,0.50995046,0.5224872,0.53204906,0.54046035,0.54938525,0.559277,0.56691504,0.56806153,0.5640833,0.5578591,0.5515602,0.5458986,0.54054856,0.5359175,0.53118473,0.52508587,0.51716876,0.50788486,0.49726102,0.48316145,0.46522036,0.44997692,0.43139663,0.41691583,0.4051416,0.3946885,0.38535663,0.37682095,0.37094164,0.36999458,0.3735601,0.37978625,0.38751075,0.39929453,0.41379175,0.42321566,0.42603785,0.42410672,0.4187184,0.41037947,0.40380555,0.4056794,0.4138679,0.41938972,0.4209871,0.42212206,0.42282248
19.166672,,,,,,,,,,,,,,,,,,,,,,,,,,,,,,,,,,,,,,,,,,,,,,,,,,,,,,,,,,,,,,,,,,,,,,,,,,,,,,,,,,,,,,,,,,,,,,,,,,,,,,,,,,,,,,,,,,,,,,,,,,,0.25359607,0.255185,0.25845543,0.26183078,0.26276204,0.26172256,0.25978562,0.257012,0.25383312,0.25244552,0.25283784,0.25273797,0.25201634,0.25075778,0.24901484,0.24739045,0.24569042,0.24360044,0.24102198,0.23805656,0.23463742,0.2305384,0.22567217,0.21977133,0.21294332,0.20554839,0.19806862,0.19087489,0.18394691,0.17714113,0.170597,0.16536784,0.16224232,0.16176955,0.16321424,0.16586636,0.16865624,0.17147395,0.17431262,0.17720585,0.18004978,0.18267348,0.1850004,0.186774,0.18791495,0.18802099,0.18584499,0.18246089,0.18189728,0.18524121,0.19035861,0.1941523,0.19750094,0.20318833,0.2104813,0.21809955,0.2266397,0.23326388,0.23606347,0.23482159,0.23131363,0.22936548,0.2304013,0.2305376,0.22761726,0.2233243,0.22076955,0.22004113,0.22098774,0.22165759,0.22105598,0.21928811,0.2163725,0.21263723,0.20847622,0.20429334,0.20049028,0.19729488,0.19510813,0.19485521,0.19871171,0.207281,0.2128599,0.21202582,0.20971031,0.21026038,0.21543811,0.2240626,0.23392457,0.24436742,0.25391877,0.26040563,0.26047277,0.2528525,0.24660158,0.24358456,0.24224152,0.24322237,0.24277283,0.23944321,0.23510821,0.2324771,0.23335865,0.23702517,0.24077436,0.24284521,0.24135517,0.23552851,0.22761919,0.21898459,0.2157442,0.2159698,0.21562809,0.21203758,0.20682605,0.20195286,0.19911496,0.20157035,0.20958212,0.21906316,0.2280825,0.23454192,0.23884165,0.24185017,0.24347697,0.24342072,0.2421852,0.2407667,0.23973222,0.23948519,0.24002941,0.24044381,0.24204855,0.23919898,0.2318956,0.22610809,0.22667047,0.2337694,0.24598859,0.26232553,0.278934,0.2920786,0.29924828,0.2979712,0.29656586,0.29870045,0.30193618,0.30486667,0.3087363,0.31489372,0.32345778,0.33124804,0.33645678,0.3402567,0.3432685,0.34602645,0.3490279,0.35257387,0.35634968,0.35985008,0.36274663,0.3650024,0.36682764,0.36831337,0.369669,0.3711259,0.372684,0.3742316,0.37565967,0.3769311,0.37816158,0.37961873,0.38047886,0.38015014,0.37951612,0.3794698,0.37994468,0.38015798,0.38003436,0.3797945,0.3804239,,,,,,,,,,,,,,,,,,,,,,,,,,,,,,,,,,,,,,,,,,,,,,,,,,,,,,,,,,,,,,,,,,,,,,,,,,,,,,,,,,,,,,,,,,,,,,,,,,,,,,,,,,,,,,,,,,,,,,,,,,,,,,,,,,,,,,,,,,,,,,,0.4927285,0.49352166,0.49517015,0.49362823,0.48722172,0.4774678,0.46899822,0.46480203,0.45878556,0.45020083,0.43977344,0.4299747,0.42020455,0.4100754,0.40111303,0.39398834,0.38888508,0.38615686,0.3856483,0.38749906,0.39155185,0.39781398,0.40659907,0.4188737,0.43485445,0.45400062,0.4748589,0.4947774,0.511111,0.5230717,0.5319001,0.539723,0.5487382,0.5568221,0.5602821,0.5575773,0.5526493,0.54750514,0.54348576,0.5397383,0.5370308,0.53385437,0.52885747,0.52185374,0.51301205,0.50299126,0.49015874,0.47397745,0.45977893,0.44411555,0.4277791,0.4148305,0.40367857,0.3941882,0.38627616,0.38142046,0.38006747,0.38211894,0.38623464,0.39005274,0.39932686,0.41347504,0.42423713,0.42711177,0.42429426,0.4180362,0.41000628,0.4034796,0.404637,0.4113794,0.41585463,0.41629758,0.41632378,0.41635823
19.083336,,,,,,,,,,,,,,,,,,,,,,,,,,,,,,,,,,,,,,,,,,,,,,,,,,,,,,,,,,,,,,,,,,,,,,,,,,,,,,,,,,,,,,,,,,,,,,,,,,,,,,,,,,,,,,,,,,,,,,,,,,,0.2558881,0.2575237,0.26021442,0.26180896,0.2603334,0.2572509,0.25288922,0.24808165,0.2451935,0.24454162,0.24354699,0.24202485,0.24086738,0.23963101,0.2381705,0.236678,0.23502822,0.23306382,0.2306492,0.22791198,0.22491877,0.22145456,0.21732332,0.21228686,0.20622346,0.1993416,0.19207275,0.18484151,0.1777773,0.17124707,0.16602702,0.16296147,0.16234899,0.16348973,0.16576993,0.168861,0.17236976,0.1760974,0.17981802,0.18340382,0.18677478,0.18977344,0.19239002,0.1943711,0.19553395,0.19597808,0.19459102,0.19035485,0.18652038,0.18714306,0.19011055,0.1922655,0.19379793,0.19759831,0.2035849,0.21110801,0.2204318,0.22888568,0.23433171,0.23447466,0.23151758,0.2297585,0.23003681,0.23023438,0.22865775,0.2252745,0.22229157,0.22003049,0.21964496,0.22039384,0.22002134,0.21857263,0.21604711,0.21282901,0.20936301,0.20602107,0.20308812,0.20033228,0.19787785,0.19597194,0.19643061,0.20211959,0.20899336,0.21100698,0.20951068,0.20919944,0.21247073,0.21893822,0.22722876,0.23689505,0.24738225,0.25661573,0.2603157,0.25423136,0.24493289,0.24080688,0.2409674,0.24176548,0.24190505,0.24130923,0.24029979,0.2396068,0.23991604,0.2410648,0.24248467,0.24381661,0.24464242,0.24321957,0.23860796,0.23077972,0.22208738,0.2150775,0.21199207,0.20938514,0.20346524,0.19720411,0.19320324,0.19489302,0.20316312,0.21515411,0.2276561,0.23689994,0.2422151,0.24502443,0.24653679,0.24685982,0.24605793,0.24483688,0.24372391,0.2434001,0.24397556,0.24430487,0.24558797,0.24706395,0.24333991,0.2398669,0.24192466,0.24867138,0.26050007,0.27509004,0.28916228,0.29904148,0.30604997,0.3046312,0.29927507,0.29759288,0.29986122,0.30294663,0.30594423,0.309717,0.3177313,0.32728857,0.33363956,0.33787888,0.34133193,0.3446816,0.3484168,0.35253516,0.35659644,0.36009437,0.36296397,0.36518413,0.36691338,0.36800268,0.36883625,0.36976093,0.37122345,0.37301478,0.37497163,0.37679443,0.37849438,0.38015494,0.381452,0.38171297,0.3813814,0.38153988,0.38249737,0.3831888,0.38319093,0.3826427,0.3827478,,,,,,,,,,,,,,,,,,,,,,,,,,,,,,,,,,,,,,,,,,,,,,,,,,,,,,,,,,,,,,,,,,,,,,,,,,,,,,,,,,,,,,,,,,,,,,,,,,,,,,,,,,,,,,,,,,,,,,,,,,,,,,,,,,,,,,,,,,,,,,,0.49315766,0.49680805,0.49593538,0.49012193,0.4791221,0.4672591,0.4607758,0.453108,0.44415742,0.4323637,0.419381,0.40799624,0.39716184,0.38619864,0.37679532,0.37013012,0.36549175,0.36314425,0.36318177,0.36513284,0.3690074,0.37509006,0.38373002,0.3955914,0.41105402,0.4303821,0.45245367,0.4752791,0.49587622,0.5116414,0.5223867,0.53001106,0.5377022,0.54528916,0.5506967,0.55064607,0.5469565,0.5431567,0.54041106,0.5382364,0.53714806,0.53542244,0.53168195,0.52557576,0.5177705,0.5086022,0.4972463,0.48296002,0.4689143,0.45583647,0.4409643,0.42686057,0.41505405,0.40601194,0.3984113,0.39385903,0.39174086,0.39255568,0.39535916,0.39705575,0.40301457,0.41498685,0.42519718,0.4275758,0.42424938,0.4171824,0.4093096,0.40330344,0.4033587,0.4087239,0.4120959,0.41163397,0.4105604,0.41000327
19.0,,,,,,,,,,,,,,,,,,,,,,,,,,,,,,,,,,,,,,,,,,,,,,,,,,,,,,,,,,,,,,,,,,,,,,,,,,,,,,,,,,,,,,,,,,,,,,,,,,,,,,,,,,,,,,,,,,,,,,,,,,0.25780842,0.25737673,0.25842896,0.25934988,0.25790772,0.253911,0.24870284,0.24260806,0.23781273,0.23562178,0.23380764,0.23169246,0.23065838,0.23004764,0.22904332,0.22804077,0.22714482,0.22595587,0.22423702,0.22183886,0.21888824,0.21560869,0.21202494,0.20803788,0.20356439,0.19834897,0.1922446,0.18547048,0.17847031,0.17190388,0.1665079,0.16323996,0.16212006,0.1621443,0.16312842,0.16534223,0.1688765,0.17343447,0.17856708,0.18363959,0.18827017,0.19239047,0.19587082,0.19873503,0.20101905,0.20257853,0.20319462,0.20254755,0.19915634,0.19331382,0.18982095,0.19069786,0.1915092,0.19154365,0.1934588,0.19836597,0.2054829,0.2145583,0.22391976,0.23163813,0.23590994,0.23497461,0.23197308,0.230698,0.23042184,0.22948588,0.22730783,0.22456262,0.22116466,0.2189838,0.21901669,0.2188633,0.21785793,0.21602857,0.21360573,0.21091172,0.20825045,0.20573138,0.20342547,0.20107792,0.19861771,0.1978533,0.20031075,0.20544115,0.20966496,0.21099977,0.21180551,0.21416607,0.21887621,0.22546084,0.2334856,0.24238057,0.25169706,0.25829938,0.2573439,0.24862103,0.24208683,0.24008933,0.23930708,0.23853484,0.23958844,0.24086575,0.2412345,0.24055764,0.24019445,0.2407924,0.24249034,0.24459407,0.2456286,0.24453382,0.24054769,0.23261125,0.22157378,0.21257629,0.2066559,0.20261596,0.19781065,0.19360842,0.19298416,0.20004706,0.2137552,0.2285521,0.23988828,0.24662857,0.25000066,0.251821,0.25270402,0.2522388,0.25102073,0.24963236,0.24884412,0.24893335,0.24897598,0.2501434,0.25304034,0.25354147,0.2547598,0.2593231,0.26777026,0.2785284,0.28982383,0.29993564,0.30725002,0.3124256,0.31191078,0.3052871,0.29960886,0.2995652,0.30336127,0.30663645,0.30838826,0.3142382,0.32401702,0.33106738,0.33543366,0.3391703,0.34310955,0.3475171,0.35200453,0.35594225,0.35931802,0.3624428,0.36512887,0.36719295,0.3685059,0.36926067,0.3696674,0.37040427,0.37179458,0.37391916,0.3761795,0.37833762,0.38019633,0.381675,0.38254595,0.38272652,0.38324073,0.38469347,0.38579383,0.3860592,0.38541377,0.3850306,,,,,,,,,,,,,,,,,,,,,,,,,,,,,,,,,,,,,,,,,,,,,,,,,,,,,,,,,,,,,,,,,,,,,,,,,,,,,,,,,,,,,,,,,,,,,,,,,,,,,,,,,,,,,,,,,,,,,,,,,,,,,,,,,,,,,,,,,,,,,,0.49496326,0.49557924,0.49675882,0.49120262,0.48095384,0.46690637,0.45706645,0.44918156,0.43664765,0.4252894,0.41206205,0.3975728,0.38474005,0.37346572,0.36247423,0.35356197,0.3475825,0.34344295,0.3416752,0.3418117,0.34360752,0.34732535,0.35346296,0.36232728,0.37426066,0.38932848,0.40767637,0.42905563,0.45263943,0.47636566,0.49665597,0.51119256,0.520589,0.527304,0.53433335,0.5405512,0.5431664,0.5417852,0.5388234,0.5367932,0.53555596,0.5352963,0.5348866,0.5324008,0.5274245,0.5207321,0.51269907,0.502811,0.4906477,0.47769618,0.46588424,0.4530615,0.43951988,0.4279648,0.41987613,0.41274726,0.40723127,0.40409058,0.40436018,0.40509883,0.40665567,0.41103992,0.42009687,0.42706227,0.4279409,0.42297438,0.41463384,0.40781564,0.402994,0.40162507,0.40565524,0.40824905,0.4071875,0.4051727,0.4041302
18.916672,,,,,,,,,,,,,,,,,,,,,,,,,,,,,,,,,,,,,,,,,,,,,,,,,,,,,,,,,,,,,,,,,,,,,,,,,,,,,,,,,,,,,,,,,,,,,,,,,,,,,,,,,,,,,,,,,,0.26655862,0.26526138,0.2638673,0.26268762,0.26145747,0.26073223,0.25992414,0.25897023,0.25830063,0.25780672,0.25745848,0.2559354,0.25131947,0.24508806,0.23836079,0.2320681,0.22791561,0.22555119,0.22276686,0.22105101,0.22082889,0.22047377,0.21969292,0.21900928,0.21856788,0.21804917,0.21707661,0.2153844,0.21289584,0.20971927,0.2059481,0.2014832,0.19648746,0.19114968,0.18539774,0.17921047,0.1728597,0.16725446,0.1632543,0.16090122,0.15928765,0.15846427,0.15924747,0.16235808,0.1673765,0.17373934,0.18063271,0.1873528,0.19344679,0.19866285,0.2027498,0.2057712,0.20783268,0.2092184,0.20978664,0.209598,0.20737515,0.20226018,0.19599092,0.19201584,0.19117542,0.19089009,0.1916239,0.19577011,0.20322652,0.21205463,0.2210335,0.22891654,0.23499681,0.23842862,0.2358412,0.23277357,0.23155628,0.23079592,0.22905713,0.22615449,0.22197542,0.21870545,0.2176918,0.21722072,0.21652167,0.21551424,0.21419473,0.21262461,0.21080706,0.20874944,0.20662665,0.20436203,0.20204563,0.20067318,0.20143797,0.20372325,0.20721754,0.2097293,0.21127614,0.21328731,0.21771379,0.22440358,0.23225093,0.2398821,0.24768974,0.254946,0.25813615,0.2554227,0.25110835,0.24636984,0.24411349,0.23992085,0.23753442,0.23861127,0.23954251,0.23872314,0.23822029,0.2390442,0.24124023,0.24391884,0.24542797,0.2460772,0.24520975,0.24101326,0.23189531,0.22004269,0.20992827,0.20294353,0.19882978,0.19634764,0.19613425,0.20482513,0.21951453,0.23459868,0.24627951,0.25364146,0.25716802,0.25871086,0.2596262,0.25946793,0.2584682,0.256767,0.2553422,0.25503418,0.25464058,0.25561398,0.25827354,0.26163036,0.26713955,0.2745436,0.28296882,0.29178497,0.30073887,0.30851224,0.3138725,0.31794617,0.31779972,0.31137836,0.30330238,0.30098698,0.30463576,0.30840558,0.30965632,0.31447807,0.32231173,0.32898495,0.3331033,0.33673367,0.34099582,0.34575522,0.3502517,0.35378817,0.35688946,0.35991672,0.3628562,0.36555707,0.36776727,0.36943668,0.37037182,0.37075543,0.37126106,0.3728049,0.3753088,0.3780232,0.38026863,0.38202652,0.38331333,0.38427,0.38504785,0.38657674,0.38793257,0.38845122,0.3879558,0.3875622,,,,,,,,,,,,,,,,,,,,,,,,,,,,,,,,,,,,,,,,,,,,,,,,,,,,,,,,,,,,,,,,,,,,,,,,,,,,,,,,,,,,,,,,,,,,,,,,,,,,,,,,,,,,,,,,,,,,,,,,,,,,,,,,,,,,,,,,,,,,,0.49731565,0.49661955,0.49603716,0.49141374,0.48073366,0.46763328,0.45607263,0.44553348,0.43408996,0.41816363,0.4035692,0.3901567,0.3759084,0.3623556,0.35050496,0.34036222,0.33238837,0.32666102,0.3227843,0.32080284,0.3206605,0.32214734,0.3259516,0.33247834,0.3418932,0.3542105,0.36935508,0.3869314,0.40695056,0.4296331,0.4542893,0.47802338,0.49718004,0.50985974,0.51772726,0.5236403,0.53018385,0.53477585,0.5360935,0.5345467,0.5324459,0.5314543,0.53106606,0.5315847,0.53034544,0.52683794,0.52160585,0.51492566,0.5065971,0.49660453,0.48571095,0.47494823,0.4636801,0.4519138,0.4419761,0.4339961,0.4263096,0.4198132,0.41589433,0.41457775,0.41464305,0.41673788,0.4221018,0.42768398,0.43072388,0.4290783,0.42098308,0.41074803,0.405161,0.40172762,0.39936584,0.40226272,0.40454546,0.40297616,0.40024468,0.39884192
18.833336,,,,,,,,,,,,,,,,,,,,,,,,,,,,,,,,,,,,,,,,,,,,,,,,,,,,,,,,,,,,,,,,,,,,,,,,,,,,,,,,,,,,,,,,,,,,,,,,,,,,,,,,,,,,,,,,0.2678508,0.26668394,0.26561108,0.26454946,0.26399747,0.2637881,0.2624892,0.26155028,0.26044795,0.25896007,0.25726926,0.25571123,0.25418028,0.2503377,0.2431763,0.23526704,0.22826257,0.22275567,0.21937981,0.21636778,0.21336332,0.21195379,0.21182288,0.21158276,0.21095343,0.21036422,0.21010523,0.21004523,0.20980889,0.20913444,0.20784733,0.2058106,0.2028603,0.19869636,0.19326285,0.18705945,0.18059064,0.1742369,0.16842084,0.16372855,0.16009149,0.15657023,0.15349038,0.15207097,0.15396504,0.15883356,0.16579741,0.17414564,0.18285857,0.1913763,0.1991385,0.2057409,0.21089259,0.21456388,0.21663943,0.21734858,0.2171213,0.2162273,0.21490684,0.21132511,0.2053006,0.19894208,0.19492657,0.19240163,0.19181056,0.19579588,0.20395371,0.21333893,0.22195601,0.22932148,0.23489234,0.23976424,0.2404705,0.23709518,0.23425658,0.23247498,0.22906353,0.22480631,0.22123343,0.2186235,0.21720715,0.21619052,0.21518305,0.21431518,0.21365424,0.21314865,0.21259262,0.21162303,0.21010332,0.20824476,0.2060679,0.2043994,0.20398578,0.20484412,0.20632844,0.20747769,0.20826072,0.21064705,0.21574149,0.22326559,0.23163132,0.23891026,0.24559721,0.25195885,0.2568205,0.25842166,0.25766063,0.25461757,0.25280136,0.24756995,0.2410147,0.23810591,0.23792185,0.23723826,0.23683332,0.23766133,0.24027278,0.24254,0.2436096,0.24471328,0.2457245,0.24488603,0.24033286,0.23063625,0.21918184,0.2094167,0.20348163,0.20127477,0.20374407,0.21471818,0.22935058,0.24324648,0.25370103,0.2606045,0.26437396,0.26568305,0.26598218,0.26533464,0.26384687,0.2616634,0.2605327,0.26054725,0.26041922,0.2610503,0.2637047,0.26915258,0.2766896,0.28432336,0.29120266,0.29935125,0.30805528,0.31530124,0.31980222,0.32250288,0.32202572,0.31576067,0.30717376,0.30409434,0.3070321,0.31008145,0.31236058,0.3170878,0.32245368,0.32724375,0.3306845,0.33398613,0.33831587,0.34308922,0.34723586,0.35006067,0.3521643,0.35452577,0.357446,0.36082175,0.36436096,0.3677746,0.37038442,0.3716432,0.37200594,0.37274766,0.37484965,0.3778118,0.38039243,0.38239327,0.38389295,0.38544983,0.3864775,0.38817516,0.38987857,0.39054257,0.39009374,0.39038503,,,,,,,,,,,,,,,,,,,,,,,,,,,,,,,,,,,,,,,,,,,,,,,,,,,,,,,,,,,,,,,,,,,,,,,,,,,,,,,,,,,,,,,,,,,,,,,,,,,,,,,,,,,,,,,,,,,,,,,,,,,,,,,,,,,,,,,,,,,,,0.49757403,0.4957393,0.49159044,0.48275602,0.46874493,0.45429367,0.4444844,0.43145385,0.41643453,0.39936075,0.3823137,0.36838123,0.3555057,0.3419818,0.32984677,0.3205038,0.31275374,0.3069438,0.30254483,0.29996276,0.29945973,0.30108264,0.30545402,0.31273818,0.32286423,0.3356152,0.35085186,0.36811683,0.38736457,0.40878826,0.43251598,0.45737383,0.4801684,0.4972681,0.507861,0.51421565,0.51969314,0.525448,0.5288324,0.5293814,0.52799255,0.5264852,0.52574986,0.52582324,0.52533305,0.5232913,0.51974577,0.51481736,0.50840193,0.5007061,0.4920673,0.48297226,0.47325847,0.46333495,0.45409015,0.44508374,0.43659183,0.42987585,0.42587835,0.42423,0.4243151,0.42758688,0.43200365,0.43463165,0.4346056,0.43003973,0.41921672,0.40738654,0.4026362,0.40007854,0.39718214,0.3991758,0.40117624,0.3990756,0.3956826,0.39369044
18.75,,,,,,,,,,,,,,,,,,,,,,,,,,,,,,,,,,,,,,,,,,,,,,,,,,,,,,,,,,,,,,,,,,,,,,,,,,,,,,,,,,,,,,,,,,,,,,,,,,,,,,,,,,,,,,,,0.2671911,0.26603368,0.26565817,0.26574117,0.2664732,0.26681307,0.2646837,0.26277143,0.26041907,0.25703865,0.25365067,0.25116056,0.24905021,0.24394703,0.23548718,0.22652936,0.21958955,0.21490118,0.2116936,0.20828076,0.20532563,0.20392552,0.20349745,0.20308392,0.20232321,0.20157295,0.20123124,0.20127293,0.20143026,0.2015468,0.2014765,0.20098545,0.19974978,0.1971998,0.19262543,0.18610786,0.1787804,0.17165576,0.16556658,0.16074479,0.15582168,0.15041809,0.14610568,0.14532575,0.14870231,0.15482123,0.16348888,0.17378291,0.1845527,0.1948933,0.20414598,0.21205792,0.21854295,0.22330599,0.22618023,0.22725433,0.22662412,0.22473873,0.22240527,0.21978997,0.2152879,0.21002506,0.20549914,0.20104627,0.19956264,0.20286088,0.2095611,0.21761075,0.22526611,0.23212118,0.23760991,0.24153534,0.24454676,0.2425742,0.23871423,0.23504125,0.22896458,0.22324492,0.22064337,0.21914615,0.21814169,0.2173424,0.21665925,0.21591292,0.21499544,0.21415037,0.21370381,0.21347743,0.21286714,0.21169351,0.21004985,0.20847072,0.20765308,0.20781463,0.2079611,0.20732509,0.2071812,0.20957726,0.21518078,0.22387518,0.23248859,0.23948109,0.24527772,0.25046954,0.25524855,0.2583084,0.25946146,0.2591513,0.25860444,0.2546639,0.24644035,0.23998772,0.23750053,0.23648009,0.23597501,0.23706938,0.23983082,0.24167775,0.24196701,0.24208045,0.24356496,0.24492727,0.24417603,0.23894502,0.22957677,0.21948732,0.21301803,0.21071064,0.21486072,0.22605129,0.23914027,0.2503767,0.2585563,0.26338246,0.26597285,0.26701236,0.26710233,0.26616332,0.26471207,0.2636349,0.26384994,0.26419348,0.26471058,0.2670944,0.27201498,0.27893054,0.28549194,0.2902675,0.29632217,0.306414,0.316109,0.3227548,0.32589066,0.32666728,0.32437938,0.31732047,0.30933896,0.30832058,0.3100988,0.31146422,0.3143812,0.3183455,0.32262173,0.32542905,0.32793295,0.33095652,0.33514157,0.3397381,0.3430787,0.34446526,0.34481332,0.34579176,0.34828797,0.35238186,0.35781392,0.36373332,0.3687424,0.37187567,0.37338987,0.37409037,0.37571844,0.37832984,0.38084635,0.38291165,0.3843723,0.38612843,0.38783708,0.3900302,0.39187035,0.3925358,0.3916563,,,,,,,,,,,,,,,,,,,,,,,,,,,,,,,,,,,,,,,,,,,,,,,,,,,,,,,,,,,,,,,,,,,,,,,,,,,,,,,,,,,,,,,,,,,,,,,,,,,,,,,,,,,,,,,,,,,,,,,,,,,,,,,,,,,,,,,,,,,,,0.4994741,0.49748486,0.49234784,0.484061,0.47205803,0.45689908,0.44193667,0.4306055,0.41472128,0.3979442,0.38077116,0.3641165,0.34886545,0.3361858,0.32304904,0.3112951,0.30127692,0.2932775,0.28689733,0.28202486,0.2795911,0.27953392,0.282186,0.2878388,0.29613674,0.3070001,0.3199694,0.33493075,0.35179877,0.37046432,0.3907293,0.41276404,0.43679833,0.46104795,0.48178136,0.49627194,0.5050187,0.51027226,0.5155071,0.520012,0.52271605,0.5229479,0.5217506,0.5207309,0.51982874,0.51881164,0.5172416,0.5148718,0.51142025,0.5068322,0.5011757,0.4945817,0.48735178,0.4789492,0.47009468,0.46066853,0.45152187,0.44370997,0.43822277,0.43527874,0.4342593,0.43458483,0.43575132,0.43698326,0.43795726,0.43671352,0.43115243,0.4193102,0.40678898,0.40172458,0.3990385,0.39563772,0.39709052,0.39852047,0.3957122,0.3915456,0.388494
18.666672,,,,,,,,,,,,,,,,,,,,,,,,,,,,,,,,,,,,,,,,,,,,,,,,,,,,,,,,,,,,,,,,,,,,,,,,,,,,,,,,,,,,,,,,,,,,,,,,,,,,,,,,,,,,,0.2704892,0.26947042,0.268232,0.26675108,0.26598838,0.2667363,0.2685443,0.26996824,0.26931158,0.2664511,0.26287115,0.258257,0.25296566,0.248347,0.24519402,0.24266802,0.23746067,0.22906715,0.21945484,0.21173653,0.20658721,0.20287901,0.19970232,0.19725424,0.19619228,0.19599353,0.19538157,0.19418778,0.19305238,0.1925556,0.19275422,0.19338399,0.19420727,0.19493368,0.19536746,0.1953755,0.19460702,0.19206513,0.18675706,0.17930366,0.17135619,0.16428074,0.15806249,0.15123156,0.14411114,0.13930416,0.13916153,0.14303304,0.15037216,0.16109844,0.17369382,0.18661022,0.19866663,0.20932727,0.2183116,0.22561078,0.23131724,0.2352037,0.23729664,0.23738404,0.23559846,0.23258786,0.22916555,0.22536102,0.22143626,0.21788545,0.21458073,0.21333693,0.21536735,0.21987483,0.22569574,0.23150253,0.23711288,0.24186485,0.2449948,0.24784334,0.2475596,0.2436607,0.23890233,0.23137185,0.22481206,0.22176908,0.22058512,0.22019449,0.22049814,0.22127451,0.22186391,0.22165203,0.22070421,0.21917365,0.21762718,0.2164237,0.21547967,0.21438551,0.21349967,0.21288805,0.21251135,0.21141778,0.20977154,0.20875904,0.21123704,0.21786053,0.22694384,0.23517676,0.24149631,0.24646983,0.25067335,0.25474957,0.25791052,0.2594704,0.26030272,0.26031116,0.2570393,0.24879202,0.24156538,0.23808075,0.23654976,0.23602265,0.237247,0.2395154,0.24120381,0.24178635,0.24089809,0.24066657,0.24268076,0.24455713,0.24337673,0.23729932,0.22894116,0.22359979,0.22050616,0.22461465,0.23517284,0.24579306,0.25429443,0.25920093,0.2606342,0.26111478,0.26202887,0.26318976,0.26382267,0.26436684,0.26515538,0.2667768,0.2686476,0.2720907,0.27713752,0.283353,0.2888978,0.2917931,0.29408115,0.30236977,0.31353188,0.32309783,0.3281168,0.32950145,0.32809824,0.32308385,0.31502545,0.31003356,0.310477,0.31092447,0.31179848,0.3143805,0.31746092,0.3206103,0.32277337,0.32462788,0.32738048,0.33147994,0.3356513,0.3378436,0.33726382,0.33555257,0.3348649,0.3366316,0.34144786,0.34895167,0.3576379,0.36534202,0.3710875,0.37438706,0.3760433,0.377513,0.37959713,0.38189533,0.38398093,0.38527688,0.38674822,0.3892481,0.3919186,0.39373305,0.39448944,0.39368653,0.39291033,,,,,,,,,,,,,,,,,,,,,,,,,,,,,,,,,,,,,,,,,,,,,,,,,,,,,,,,,,,,,,,,,,,,,,,,,,,,,,,,,,,,,,,,,,,,,,,,,,,,,,,,,,,,,,,,,,,,,,,,,,,,,,,,,,,,,,,,,,,0.50051266,0.49939224,0.49454892,0.48627007,0.47540605,0.46053234,0.44451335,0.43030828,0.41607687,0.3974155,0.37982824,0.3634,0.34645596,0.33088708,0.31695676,0.30373067,0.29138172,0.2811971,0.27300096,0.2667753,0.2628058,0.26159027,0.26298556,0.26735756,0.27465338,0.28439498,0.29601023,0.30903733,0.3233629,0.33909506,0.3565283,0.3754326,0.39566118,0.41790965,0.44162384,0.46426138,0.48227775,0.4941785,0.5016965,0.5061733,0.5105638,0.51442736,0.5167073,0.51684946,0.5159634,0.5150346,0.51370895,0.51192,0.5097317,0.5068125,0.5030852,0.4985791,0.49322543,0.48709622,0.47997648,0.47203222,0.46366265,0.45606518,0.45030308,0.44652575,0.44415024,0.4421078,0.43974966,0.4378191,0.4372373,0.43820244,0.4372394,0.43282428,0.42190447,0.40899178,0.4026306,0.3994098,0.39547497,0.39630336,0.3966089,0.39296538,0.38807145,0.38357186
18.583336,,,,,,,,,,,,,,,,,,,,,,,,,,,,,,,,,,,,,,,,,,,,,,,,,,,,,,,,,,,,,,,,,,,,,,,,,,,,,,,,,,,,,,,,,,,,,,,,,,,,,,,,,,,,,0.27056128,0.26920205,0.26775736,0.26691782,0.26747197,0.26873025,0.27128717,0.27194592,0.27008927,0.26611882,0.26037338,0.25403824,0.2477231,0.24249788,0.23873883,0.23571576,0.23086363,0.22315247,0.21385947,0.2050156,0.19753279,0.19268969,0.18999344,0.1888277,0.18913247,0.18947507,0.18890826,0.18756618,0.18634012,0.18609163,0.18709439,0.18896128,0.19112355,0.192864,0.1937484,0.19349441,0.19221547,0.19009203,0.18660821,0.18088447,0.1731938,0.16476397,0.15650608,0.14781676,0.13948941,0.13431928,0.13404009,0.13829556,0.14720705,0.16009459,0.17500758,0.18990508,0.20362116,0.21546245,0.22538632,0.2333678,0.23958868,0.24405512,0.24696116,0.24807481,0.24729633,0.2449395,0.24150129,0.23741461,0.23353116,0.23026448,0.22788808,0.22683279,0.22783841,0.23039766,0.23451911,0.239184,0.24358365,0.24753574,0.24969473,0.2515136,0.25193772,0.24840155,0.24312465,0.23565686,0.22888595,0.22460699,0.22283277,0.22271718,0.22413585,0.22645162,0.22808786,0.22868909,0.22834378,0.22673938,0.2245374,0.22267671,0.22143194,0.22038515,0.2198573,0.21907762,0.21777293,0.2158321,0.213702,0.21289113,0.21676257,0.22432327,0.23286065,0.23958978,0.24460271,0.24874489,0.25222418,0.25522354,0.25765613,0.25936028,0.26061222,0.26113042,0.2580162,0.24982187,0.24295129,0.23915829,0.23726799,0.23660254,0.23740737,0.23867086,0.23975788,0.2409122,0.24082309,0.23926052,0.23975982,0.242852,0.24394317,0.24058522,0.23389289,0.22912362,0.22585374,0.23099652,0.2396307,0.24815844,0.2540878,0.25614396,0.25563326,0.25578716,0.2586499,0.2624975,0.26552945,0.26857403,0.2715058,0.27452275,0.27810884,0.2825669,0.28763098,0.29202592,0.29395998,0.2941195,0.2978009,0.30607226,0.31586024,0.32471204,0.32884294,0.3282023,0.32385865,0.31705397,0.3102372,0.3086902,0.30952466,0.30945757,0.31002247,0.31196064,0.3142269,0.3169776,0.31900862,0.3205589,0.32320014,0.32724565,0.33099455,0.33237988,0.33074936,0.32772714,0.3262876,0.32793042,0.33318773,0.34167737,0.35194555,0.3616634,0.3691809,0.3746129,0.37751514,0.37936357,0.3811853,0.3834435,0.38566712,0.38708246,0.38794717,0.3903885,0.39323035,0.39511833,0.39628023,0.39615852,0.3958348,,,,,,,,,,,,,,,,,,,,,,,,,,,,,,,,,,,,,,,,,,,,,,,,,,,,,,,,,,,,,,,,,,,,,,,,,,,,,,,,,,,,,,,,,,,,,,,,,,,,,,,,,,,,,,,,,,,,,,,,,,,,,,,,,,,,,,,,,,0.5013564,0.5001818,0.49682203,0.48932087,0.479112,0.46602306,0.44892573,0.43245614,0.4179865,0.4012713,0.38101235,0.36256054,0.34520712,0.32796663,0.31153324,0.29699454,0.28306487,0.27135015,0.26180732,0.25467056,0.24973571,0.24738146,0.24770181,0.25074184,0.25688598,0.26596028,0.2773805,0.2902555,0.30379343,0.3175467,0.33165377,0.34669873,0.36331618,0.38152754,0.4014302,0.42322657,0.44583765,0.4661733,0.48119485,0.49136335,0.4982543,0.5023746,0.5056542,0.50895053,0.51099896,0.5113743,0.51084286,0.51016694,0.5088006,0.50665265,0.50398046,0.5005562,0.49651492,0.49180567,0.4863971,0.48028618,0.47358477,0.4669822,0.46125346,0.45680967,0.45334768,0.44970125,0.44570166,0.44181484,0.43945062,0.43853444,0.43805295,0.43785557,0.43485832,0.4257227,0.4130476,0.4051809,0.40101147,0.39636338,0.39600033,0.39505276,0.39080685,0.3853408,0.37925866
18.5,,,,,,,,,,,,,,,,,,,,,,,,,,,,,,,,,,,,,,,,,,,,,,,,,,,,,,,,,,,,,,,,,,,,,,,,,,,,,,,,,,,,,,,,,,,,,,,,,,,,,,,,,,,,,0.27065945,0.2688745,0.26775628,0.26841778,0.26997912,0.27165914,0.27314684,0.27259272,0.26879564,0.2629128,0.25599596,0.24900468,0.24247715,0.23713264,0.23295395,0.22870141,0.22371545,0.21716264,0.20877856,0.19956496,0.19113807,0.18547836,0.18291967,0.18296887,0.18391293,0.18434842,0.18385172,0.1827829,0.18222588,0.18301502,0.18542983,0.18894164,0.1926798,0.19574793,0.19756135,0.19767301,0.19579397,0.1921961,0.18718618,0.18140982,0.17489731,0.16685864,0.15774103,0.14811163,0.13896744,0.13296404,0.13215853,0.13690901,0.14727846,0.16194174,0.17855464,0.19499613,0.2097755,0.22247145,0.23307048,0.24175695,0.24862048,0.25361425,0.25689203,0.2586513,0.25871634,0.25729293,0.2546273,0.25122947,0.24761693,0.2442273,0.24171948,0.24032123,0.24055345,0.24212615,0.24481605,0.24801092,0.25110424,0.25403655,0.25537103,0.25606585,0.2561283,0.25266966,0.24704273,0.23992176,0.23269486,0.22721955,0.22484171,0.22465217,0.22638905,0.22873825,0.2304736,0.23111407,0.23192014,0.23111919,0.22928265,0.22719632,0.2253184,0.2241527,0.22333638,0.22268938,0.2217978,0.22028007,0.21880782,0.22060807,0.22633511,0.23315464,0.23982957,0.24482583,0.24845918,0.25177836,0.2545422,0.2562493,0.25764725,0.25939,0.26107737,0.26198873,0.2599178,0.2522818,0.24524894,0.24072568,0.2381782,0.23710774,0.23718145,0.23737812,0.23774417,0.23876858,0.23881824,0.23759505,0.23702398,0.23900576,0.24158733,0.23929857,0.23373833,0.22809477,0.2272252,0.23328508,0.24025846,0.2463017,0.2504539,0.25254568,0.25366968,0.2555413,0.2590409,0.2632199,0.26731443,0.27135184,0.27535188,0.27935594,0.2834383,0.28748626,0.2914387,0.29459494,0.2960368,0.29770178,0.30190894,0.3077723,0.3159066,0.32341814,0.32564756,0.3221632,0.3153638,0.3085633,0.30535412,0.30571112,0.30605656,0.3057214,0.30623335,0.30740166,0.3092671,0.31227532,0.31453973,0.31630826,0.31915823,0.32321998,0.32669693,0.3279053,0.32679912,0.32486153,0.3244144,0.32686362,0.3328632,0.34100115,0.3503883,0.359834,0.3678191,0.37407798,0.37813434,0.38067934,0.38267276,0.38515025,0.3876583,0.38942018,0.38942325,0.39103216,0.3937649,0.39598957,0.39763433,0.3984239,0.3985246,,,,,,,,,,,,,,,,,,,,,,,,,,,,,,,,,,,,,,,,,,,,,,,,,,,,,,,,,,,,,,,,,,,,,,,,,,,,,,,,,,,,,,,,,,,,,,,,,,,,,,,,,,,,,,,,,,,,,,,,,,,,,,,,,,,,,,,,,0.50332993,0.50190914,0.49916545,0.4933624,0.48351002,0.47122046,0.4567961,0.43872568,0.42163885,0.40528545,0.38652098,0.3658483,0.34617957,0.32762483,0.30943778,0.29290235,0.27834192,0.26529884,0.25489968,0.24677403,0.24107483,0.23752752,0.23642713,0.23790273,0.24228229,0.24997494,0.26074147,0.27388898,0.28807876,0.30223778,0.31602496,0.3291878,0.3420284,0.3555294,0.37083882,0.38811874,0.40732956,0.42855224,0.4496015,0.4670493,0.47949928,0.48884776,0.495684,0.49933195,0.5013488,0.5040132,0.5059888,0.50673693,0.50651807,0.50593,0.5047752,0.50265294,0.4997646,0.49634296,0.49222332,0.4873784,0.4819725,0.47632512,0.47082976,0.4656494,0.46130234,0.4573372,0.45275146,0.4481732,0.445217,0.4439849,0.44296783,0.44184104,0.44027108,0.4374805,0.42944288,0.41746175,0.40910023,0.40373644,0.39768615,0.39543483,0.39344946,0.38911286,0.38309556,0.37613198
18.416672,,,,,,,,,,,,,,,,,,,,,,,,,,,,,,,,,,,,,,,,,,,,,,,,,,,,,,,,,,,,,,,,,,,,,,,,,,,,,,,,,,,,,,,,,,,,,,,,,,,,,,,,,,,,,0.27048263,0.26888132,0.26847756,0.26963535,0.2713363,0.27337083,0.2734821,0.27119592,0.26547682,0.25833434,0.25111133,0.24438387,0.23841149,0.233619,0.22919483,0.22397557,0.21788064,0.21102963,0.20320408,0.19483306,0.18733297,0.1818285,0.17974891,0.17974952,0.18030357,0.180518,0.18034923,0.18035492,0.18137191,0.18393485,0.18792933,0.19268508,0.19736554,0.2012535,0.20375244,0.20453666,0.2032857,0.19996716,0.19447497,0.18713494,0.17887056,0.17005612,0.16080809,0.15137441,0.14253615,0.13656278,0.1358847,0.14141682,0.15285888,0.16865385,0.18621096,0.20311746,0.2181108,0.2309553,0.24185784,0.2509959,0.25844696,0.26414752,0.26805827,0.27033216,0.2709683,0.27026483,0.26830807,0.26559842,0.26255047,0.25940084,0.256892,0.25516802,0.25460964,0.25509986,0.25640288,0.25826412,0.25998724,0.2616257,0.26200172,0.26144505,0.26051608,0.2566078,0.25044456,0.24315614,0.23514508,0.22892003,0.22636056,0.22587548,0.22683428,0.22834304,0.22911327,0.22959188,0.23118831,0.23087752,0.22875714,0.22651264,0.22457676,0.2236893,0.2241433,0.22485219,0.22509804,0.22529833,0.22665147,0.23128085,0.2367816,0.24223575,0.24680968,0.25031585,0.25302887,0.2555297,0.25736898,0.25802013,0.2583991,0.259858,0.26189843,0.26279914,0.26179534,0.25566894,0.24833238,0.24270612,0.23924387,0.23752816,0.23676564,0.2357264,0.23522782,0.2359677,0.23565955,0.23368451,0.23251046,0.23404837,0.23665571,0.23443955,0.2285772,0.22460447,0.22667429,0.23166628,0.23674665,0.24033085,0.24306415,0.24548587,0.24753392,0.25043806,0.2538307,0.25787622,0.2621054,0.2664066,0.27081382,0.27516955,0.27971986,0.28470975,0.2899925,0.29546204,0.2997855,0.30387115,0.3075438,0.31109467,0.31585985,0.32042602,0.32084328,0.3142178,0.3052171,0.29854503,0.2971339,0.29871374,0.29968286,0.29985163,0.30042052,0.30102858,0.30340388,0.3067169,0.30940837,0.3116708,0.31481153,0.3186149,0.3213642,0.32264227,0.32295045,0.32305613,0.32448953,0.32873037,0.3363138,0.3456738,0.3540604,0.36139464,0.3681539,0.37407723,0.37835896,0.3814681,0.383824,0.38666224,0.38962862,0.39189377,0.39151368,0.39212957,0.39432794,0.3968157,0.3989788,0.4003089,0.40099677,,,,,,,,,,,,,,,,,,,,,,,,,,,,,,,,,,,,,,,,,,,,,,,,,,,,,,,,,,,,,,,,,,,,,,,,,,,,,,,,,,,,,,,,,,,,,,,,,,,,,,,,,,,,,,,,,,,,,,,,,,,,,,,,,,,,,,,,0.5049625,0.50329626,0.50192314,0.49821863,0.48907804,0.47668055,0.46292743,0.44701058,0.42838287,0.41064593,0.39231008,0.3717923,0.3506613,0.32998848,0.31010753,0.29204726,0.2763343,0.26258066,0.2509505,0.24188067,0.23505606,0.2304155,0.22777407,0.22756848,0.23027773,0.23608693,0.24530925,0.25781468,0.27271155,0.2881325,0.3026412,0.31618124,0.32887605,0.3408426,0.3520168,0.36336657,0.3771705,0.39344463,0.41233253,0.43265215,0.45163125,0.46618932,0.4770798,0.48639783,0.4931477,0.49668783,0.49825054,0.4999155,0.50169116,0.50253916,0.502697,0.50194705,0.5008059,0.49878943,0.49606234,0.49270883,0.4885276,0.48370028,0.47857645,0.47349834,0.46840283,0.4638276,0.45951092,0.45490348,0.45096725,0.44909889,0.4485975,0.446861,0.4453348,0.44430313,0.44105557,0.4335349,0.42218113,0.4144434,0.40724364,0.3992088,0.39453363,0.39142224,0.38692337,0.38091007,0.3737103
18.333336,,,,,,,,,,,,,,,,,,,,,,,,,,,,,,,,,,,,,,,,,,,,,,,,,,,,,,,,,,,,,,,,,,,,,,,,,,,,,,,,,,,,,,,,,,,,,,,,,,,,,,,,,,,,0.27099892,0.26982036,0.2685189,0.26877353,0.26971957,0.27142885,0.2728133,0.27243492,0.2681086,0.26102298,0.25348803,0.24673435,0.24045415,0.23511599,0.23093691,0.22711381,0.22243805,0.21642648,0.20933841,0.20182197,0.19428502,0.18743205,0.18263079,0.18007796,0.17925565,0.17923647,0.17950071,0.18017237,0.18179111,0.18473707,0.18889181,0.19379948,0.19905981,0.20393327,0.20796764,0.21079847,0.21218984,0.21185413,0.20959696,0.2051795,0.1983987,0.18951233,0.17945671,0.1693438,0.1600108,0.15217383,0.14732853,0.14767298,0.15395816,0.16580138,0.18168029,0.19880198,0.21492836,0.2292166,0.24173093,0.25269273,0.26217234,0.27008626,0.27625453,0.280667,0.2835103,0.28472632,0.28461653,0.28323424,0.28090796,0.27826524,0.27532923,0.2727724,0.27063268,0.26934332,0.26880345,0.26873106,0.26910982,0.26927903,0.26959476,0.26888067,0.2670615,0.2648652,0.26004788,0.253096,0.24499884,0.23603168,0.22975524,0.22789104,0.22777726,0.22829796,0.22863142,0.22858049,0.22802925,0.22849613,0.22796926,0.2251969,0.2226371,0.2216692,0.22397177,0.22797199,0.23121943,0.23310424,0.23473178,0.23800892,0.24148946,0.24541567,0.24905407,0.2523652,0.25521493,0.25754926,0.25938508,0.26035187,0.26030922,0.26047266,0.26155204,0.26343524,0.26426148,0.26347977,0.25920913,0.25178972,0.245011,0.24043626,0.23784824,0.23609339,0.2337224,0.23244932,0.23314732,0.23304345,0.2311916,0.22875844,0.22743443,0.22801973,0.22700451,0.22216529,0.22045554,0.22328633,0.22688834,0.22949566,0.23138447,0.23238058,0.2331327,0.23502755,0.23807275,0.24205156,0.24631867,0.25109717,0.25636706,0.26175845,0.26727596,0.27301484,0.2793692,0.28629357,0.2938134,0.301595,0.3081371,0.31336752,0.3164972,0.3178486,0.31884655,0.3178367,0.31031814,0.2988377,0.28983772,0.2876676,0.29004455,0.29182506,0.29214314,0.29261824,0.29388782,0.2967489,0.3002928,0.30325064,0.30546054,0.30819896,0.31062624,0.31240708,0.31421173,0.3165884,0.3196728,0.32387775,0.33042774,0.3393139,0.34868258,0.3571331,0.36410233,0.3698158,0.37471238,0.3787563,0.38198864,0.38469422,0.38784674,0.3912877,0.3941194,0.39417848,0.39381456,0.3952262,0.398041,0.40057227,0.40207642,0.4028584,,,,,,,,,,,,,,,,,,,,,,,,,,,,,,,,,,,,,,,,,,,,,,,,,,,,,,,,,,,,,,,,,,,,,,,,,,,,,,,,,,,,,,,,,,,,,,,,,,,,,,,,,,,,,,,,,,,,,,,,,,,,,,,,,,,,,,,,0.5030247,0.5018487,0.50150347,0.4964312,0.48425797,0.46949142,0.454064,0.43731588,0.4183161,0.39984307,0.37976173,0.3579307,0.33605254,0.31461635,0.29436308,0.27704063,0.2623469,0.2499502,0.2393889,0.23140623,0.22538306,0.2216873,0.2199943,0.22103725,0.2252008,0.23252861,0.2431921,0.25722954,0.27365497,0.29004973,0.30439702,0.31713432,0.32891452,0.3404165,0.35077998,0.3597554,0.3691498,0.38180903,0.3975533,0.4160031,0.4350302,0.45145804,0.463687,0.474428,0.48362997,0.4905501,0.49466762,0.49658453,0.49752223,0.49854037,0.49917743,0.49921992,0.4983624,0.49694857,0.49509102,0.49235964,0.4888705,0.48459238,0.47984228,0.47490436,0.4698196,0.46488655,0.460379,0.45629358,0.45315698,0.45187625,0.45213702,0.45070744,0.44890627,0.4479074,0.4447602,0.43730608,0.42806762,0.4200411,0.41094577,0.40162793,0.39516878,0.39035663,0.38477516,0.37853366,0.3716237
18.25,,,,,,,,,,,,,,,,,,,,,,,,,,,,,,,,,,,,,,,,,,,,,,,,,,,,,,,,,,,,,,,,,,,,,,,,,,,,,,,,,,,,,,,,,,,,,,,,,,,,,,,,,,,,0.2709604,0.26984635,0.2695295,0.26981947,0.27031207,0.2717527,0.27262115,0.27053094,0.2642777,0.25622097,0.24880943,0.24250944,0.23663296,0.23193325,0.22863774,0.22586705,0.222631,0.21802853,0.21202542,0.2053795,0.19887716,0.1930935,0.18870483,0.18590744,0.1844509,0.18399964,0.18438803,0.18576415,0.18834192,0.19203864,0.1965451,0.20149818,0.20639433,0.21085224,0.21464004,0.21757281,0.21947674,0.2201414,0.21928221,0.21658525,0.2117486,0.2047061,0.19588168,0.1862549,0.1771648,0.17000456,0.16641505,0.16779299,0.174342,0.18568362,0.20021442,0.21530238,0.2293651,0.24227005,0.25425443,0.26534027,0.27529317,0.28379673,0.29049188,0.2952767,0.2983749,0.2998937,0.30023953,0.29940236,0.2974601,0.29498622,0.2920366,0.28923365,0.28658873,0.284482,0.28286684,0.28144732,0.28036088,0.27896687,0.2777369,0.27560943,0.27241704,0.26879692,0.26279926,0.2545702,0.24525191,0.23574358,0.23035185,0.22975336,0.2305221,0.23121053,0.23120287,0.23044586,0.22869591,0.22703075,0.22556879,0.22291707,0.22061625,0.22217707,0.22811055,0.2348239,0.23960133,0.24228424,0.24452609,0.24669555,0.24879438,0.25123918,0.25383413,0.25647268,0.2590168,0.26116335,0.26268584,0.26342186,0.26360223,0.26415914,0.2651469,0.26629254,0.26665395,0.26541796,0.26216978,0.25551733,0.24779814,0.24186811,0.23818055,0.23542298,0.23195264,0.2300407,0.23045929,0.23029792,0.22887373,0.2263605,0.22320771,0.22061954,0.21871427,0.21590705,0.21518338,0.2172193,0.2191539,0.22057633,0.22104035,0.22047453,0.22038692,0.2223217,0.22575574,0.23051913,0.23582119,0.24155404,0.247626,0.2539713,0.26021743,0.2664656,0.27327418,0.28090593,0.28969803,0.2993069,0.30855876,0.31571075,0.32040617,0.3229936,0.32115635,0.3162443,0.309958,0.300424,0.29032722,0.28466424,0.2824801,0.28232288,0.28304592,0.28404483,0.28643468,0.28968576,0.29330128,0.2961055,0.29783332,0.29923242,0.30034724,0.3021349,0.30563185,0.31115797,0.31749105,0.32426968,0.3325623,0.34150383,0.34974992,0.35770622,0.36510178,0.37103578,0.37567937,0.37938917,0.38255024,0.3855349,0.3888432,0.3925529,0.39568925,0.3967371,0.39612767,0.39668143,0.39958447,0.40248913,0.40406314,0.40466493,0.4046489,,,,,,,,,,,,,,,,,,,,,,,,,,,,,,,,,,,,,,,,,,,,,,,,,,,,,,,,,,,,,,,,,,,,,,,,,,,,,,,,,,,,,,,,,,,,,,,,,,,,,,,,,,,,,,,,,,,,,,,,,,,,,,,,,,,,,0.5065191,0.5035461,0.50051886,0.50138664,0.50000435,0.49221903,0.478381,0.46173182,0.444996,0.4276715,0.40827507,0.3889557,0.3680392,0.34527066,0.32244268,0.30099314,0.28108552,0.26469907,0.25143772,0.24007462,0.23053196,0.22338063,0.21825673,0.21560211,0.21534944,0.21796471,0.22362757,0.23219539,0.24387042,0.25885078,0.2761496,0.2930083,0.30661443,0.31790373,0.32863316,0.33982265,0.3505017,0.35803112,0.3642839,0.372513,0.38451633,0.400136,0.41817456,0.43552223,0.4493748,0.46081257,0.47190008,0.48074424,0.4880161,0.49304113,0.49606362,0.49720603,0.49744022,0.497668,0.49704215,0.49602038,0.4943342,0.49196914,0.4888621,0.484977,0.4804213,0.47547805,0.47037098,0.4653654,0.46077618,0.457103,0.45474488,0.45384306,0.4548857,0.45480236,0.45213336,0.45043683,0.4474261,0.44038743,0.4326158,0.42408034,0.4145182,0.4046029,0.39703837,0.39058897,0.38403553,0.3775396,0.370992
18.166672,,,,,,,,,,,,,,,,,,,,,,,,,,,,,,,,,,,,,,,,,,,,,,,,,,,,,,,,,,,,,,,,,,,,,,,,,,,,,,,,,,,,,,,,,,,,,,,,,,,,,,,,,,,,0.27015662,0.27080905,0.27094302,0.2716225,0.27203992,0.2724864,0.27214375,0.2677892,0.259736,0.25135088,0.24448517,0.23855287,0.23354182,0.23017898,0.22830063,0.22663106,0.22435638,0.2209494,0.21636297,0.21107215,0.20573932,0.20091218,0.19708467,0.19447653,0.19301707,0.19257718,0.19308949,0.19449021,0.19708729,0.20066221,0.2048917,0.20941436,0.21375853,0.21765427,0.2209982,0.22382733,0.22614132,0.22768389,0.22813144,0.22716957,0.2245879,0.22024064,0.21431333,0.20745333,0.20070295,0.19539084,0.19307351,0.19466458,0.20040458,0.20989865,0.2214443,0.23326614,0.24490383,0.25662553,0.26841474,0.27977124,0.29011884,0.2989984,0.30605605,0.3111729,0.31445387,0.3160802,0.31652737,0.31588617,0.31420502,0.31185934,0.30887184,0.30575204,0.30259115,0.29968527,0.2970029,0.29429618,0.29169205,0.28864816,0.28567386,0.2819035,0.2771812,0.27196276,0.26449838,0.25482255,0.24396215,0.23431389,0.23168913,0.2326081,0.23388934,0.2347538,0.2348481,0.23393756,0.23171334,0.22894719,0.22649941,0.2239775,0.2231774,0.22788022,0.23546234,0.24191567,0.2458632,0.24809657,0.24949998,0.2508044,0.25260964,0.25483313,0.25709218,0.25941786,0.26183805,0.26416042,0.26589653,0.26697195,0.26773044,0.26867875,0.2696448,0.2703926,0.27012524,0.2679879,0.2648446,0.259148,0.25106725,0.24379915,0.2387724,0.23503867,0.23076013,0.22816086,0.22801651,0.22748984,0.22608012,0.22439592,0.22118732,0.21673524,0.21263711,0.20981911,0.20899099,0.209879,0.21105915,0.211843,0.21208972,0.2116274,0.21152389,0.21319477,0.21743216,0.22301017,0.22886778,0.23490071,0.24139448,0.24868824,0.25632593,0.26352617,0.27073875,0.2784797,0.2874053,0.29775986,0.30865285,0.3176699,0.323149,0.3267411,0.32541904,0.32025012,0.31402814,0.3052982,0.29621655,0.2887877,0.28165397,0.27664232,0.2750504,0.27605483,0.278791,0.28284755,0.2866561,0.28952822,0.29163456,0.2928813,0.293757,0.296001,0.30081004,0.3082817,0.3164958,0.32483163,0.33379015,0.3426616,0.3508577,0.3584219,0.3655967,0.3716026,0.37627715,0.37990245,0.38322532,0.3864462,0.3899096,0.39367154,0.396845,0.39853108,0.39805853,0.39825496,0.4012474,0.40453964,0.40630427,0.4067337,0.40657097,,,,,,,,,,,,,,,,,,,,,,,,,,,,,,,,,,,,,,,,,,,,,,,,,,,,,,,,,,,,,,,,,,,,,,,,,,,,,,,,,,,,,,,,,,,,,,,,,,,,,,,,,,,,,,,,,,,,,,,,,,,,,,,,,,,0.51022655,0.5081938,0.5036888,0.49945325,0.49958974,0.5005946,0.4960676,0.4858148,0.47103488,0.45376077,0.43652365,0.4190435,0.39923263,0.37922725,0.3577755,0.33436853,0.31121248,0.28958076,0.2705808,0.25539264,0.24332818,0.2330589,0.22463536,0.2183359,0.21429166,0.21289943,0.2142888,0.21856545,0.22547871,0.2348553,0.2471337,0.26265603,0.28039238,0.29726985,0.30937162,0.318098,0.32702684,0.3383202,0.3499661,0.3571282,0.36163232,0.3661273,0.37388486,0.38586083,0.401598,0.41902202,0.43436953,0.4465798,0.4582874,0.46946773,0.47830212,0.48572564,0.49141967,0.49507418,0.4974155,0.49882743,0.49865013,0.4978066,0.49639967,0.49423325,0.4911699,0.48726797,0.48267582,0.4777528,0.4727231,0.46803612,0.46397227,0.4606084,0.45846832,0.45744446,0.4582802,0.45879227,0.45542008,0.4524353,0.44953534,0.44152698,0.43351653,0.42605317,0.41767848,0.40765688,0.3990687,0.39141628,0.3840717,0.37785012,0.37200972
18.083336,,,,,,,,,,,,,,,,,,,,,,,,,,,,,,,,,,,,,,,,,,,,,,,,,,,,,,,,,,,,,,,,,,,,,,,,,,,,,,,,,,,,,,,,,,,,,,,,,,,,,,,,,,,0.2716873,0.269882,0.27110517,0.2717288,0.27276143,0.27321416,0.2729474,0.27070293,0.264142,0.25506738,0.24687369,0.2408894,0.236135,0.23302443,0.23158114,0.2308022,0.2296338,0.22763386,0.22462033,0.22085552,0.21667835,0.21243136,0.20848742,0.20520937,0.20284225,0.20142101,0.20098568,0.2014,0.20294599,0.20565854,0.2093048,0.21342212,0.21753016,0.22131345,0.22466516,0.22771536,0.23054814,0.23313764,0.23526354,0.236659,0.23704553,0.23621061,0.23412438,0.230973,0.22712326,0.223294,0.22033578,0.2194363,0.22115983,0.2258648,0.23291476,0.24140194,0.2507431,0.2612162,0.27275443,0.28469425,0.29626656,0.30671456,0.31547135,0.3222686,0.32714403,0.3302753,0.33187634,0.33227724,0.3315346,0.32984304,0.32742384,0.3242879,0.32093537,0.3172849,0.31369537,0.3100357,0.3061484,0.3020975,0.29750338,0.29283667,0.28727633,0.28090107,0.27399153,0.26486441,0.25351465,0.24116024,0.23392273,0.23350808,0.23503408,0.23645677,0.23746607,0.23801056,0.23752987,0.23562662,0.23286428,0.23021282,0.22812693,0.2302279,0.23629381,0.24248587,0.2464726,0.24839932,0.24949059,0.25060868,0.25245485,0.25494412,0.25762966,0.2601009,0.26262754,0.2652439,0.26779774,0.2698223,0.2711927,0.2721466,0.27318478,0.2741893,0.27456555,0.27385935,0.27102602,0.2673209,0.26222658,0.2545685,0.24630833,0.2398785,0.23502477,0.23006271,0.22679937,0.22608946,0.22529712,0.22334002,0.22158197,0.21928763,0.214936,0.20940004,0.20545319,0.203794,0.20315084,0.20295095,0.20343405,0.20438164,0.20546536,0.20669113,0.20891725,0.21292648,0.21845749,0.22477098,0.23085156,0.23723088,0.24503009,0.25452214,0.26356703,0.2718697,0.2800148,0.28887564,0.2991663,0.3104984,0.32084194,0.32692346,0.33035627,0.33020303,0.32619736,0.32119623,0.31342047,0.30452308,0.29633057,0.28749472,0.27874595,0.27218485,0.27067032,0.2726699,0.27655914,0.28064314,0.28401345,0.2871857,0.28989765,0.29220903,0.29449823,0.2993489,0.3067375,0.3153518,0.32455707,0.33388504,0.3427473,0.3507775,0.358359,0.3653547,0.37126774,0.37597466,0.3798523,0.38363656,0.38720506,0.3909131,0.39481774,0.39805564,0.39988193,0.39952365,0.39993617,0.40271962,0.4061365,0.40826178,0.40866902,0.40841597,0.40830377,,,,,,,,,,,,,,,,,,,,,,,,,,,,,,,,,,,,,,,,,,,,,,,,,,,,,,,,,,,,,,,,,,,,,,,,,,,,,,,,,,,,,,,,,,,,,,,,,,,,,,,,,,,,,,,,,,,,,,,,,,,,,,,,,0.5109924,0.508218,0.5042825,0.49961132,0.497204,0.49864653,0.49719694,0.49057555,0.47836125,0.4628858,0.44593194,0.4292278,0.4114552,0.39120728,0.37089023,0.34937435,0.32636666,0.30326724,0.281933,0.26368445,0.24929026,0.23827867,0.22941518,0.22235884,0.21711078,0.21411751,0.21398929,0.21688566,0.22254622,0.2303653,0.24032542,0.25315785,0.26905212,0.28683746,0.3032665,0.31332326,0.31851172,0.32465723,0.33581662,0.34871173,0.35613587,0.3601393,0.36226022,0.36610392,0.37395403,0.38624868,0.4021296,0.41848254,0.43202034,0.44395527,0.4560167,0.46726307,0.47658527,0.48446324,0.49058226,0.49483606,0.49782145,0.4993875,0.49990928,0.49973217,0.49873537,0.4966546,0.49344844,0.48929617,0.48461246,0.47988367,0.47563154,0.4720919,0.46893877,0.4664982,0.4647489,0.46401143,0.46369058,0.4605868,0.45557362,0.4512463,0.44314912,0.43361038,0.42643085,0.41955394,0.41038954,0.40092385,0.39219457,0.3838376,0.37754917,0.37266824
18.0,,,,,,,,,,,,,,,,,,,,,,,,,,,,,,,,,,,,,,,,,,,,,,,,,,,,,,,,,,,,,,,,,,,,,,,,,,,,,,,,,,,,,,,,,,,,,,,,,,,,,,,,,,0.27295163,0.27166265,0.27103415,0.27147695,0.2723487,0.27301273,0.27321318,0.27191097,0.2677653,0.25966576,0.25037694,0.24325018,0.23869325,0.23612814,0.2352816,0.23498158,0.23435737,0.23308468,0.23108722,0.22842316,0.22527933,0.22187217,0.2183442,0.21492398,0.21187662,0.20946896,0.20802106,0.20788468,0.20904028,0.21139021,0.21462226,0.2183245,0.22220093,0.22598757,0.22962062,0.23300709,0.23622522,0.23925117,0.24205177,0.24446352,0.24633177,0.2475393,0.24791612,0.24745835,0.24618885,0.24440728,0.24265763,0.2415613,0.24170326,0.2435795,0.24746189,0.2530206,0.25995767,0.26873845,0.2793739,0.29108465,0.30297592,0.31421468,0.32411793,0.3321941,0.33823672,0.34237903,0.34494215,0.3461763,0.3462694,0.3452019,0.3431394,0.34019834,0.33660695,0.33272555,0.32853782,0.3243827,0.32004574,0.31541958,0.3104287,0.304659,0.29854906,0.2912442,0.28326046,0.2746024,0.26369202,0.250693,0.23804976,0.23460992,0.23471509,0.23632039,0.23824178,0.23936926,0.24007107,0.24042273,0.23934703,0.23706831,0.23481062,0.23517294,0.23882155,0.2434183,0.24647062,0.24780501,0.24845603,0.24935295,0.2511007,0.25391433,0.25748095,0.26118702,0.2643517,0.2670941,0.26972827,0.27217188,0.27407423,0.27533856,0.27627242,0.27740014,0.27835226,0.2783733,0.27722064,0.27417243,0.26984468,0.26503786,0.2579515,0.24920689,0.24150552,0.23545557,0.22966592,0.22561668,0.22436933,0.22379471,0.22184804,0.2191208,0.21672978,0.2133364,0.2075959,0.20204997,0.1985349,0.19588381,0.19483759,0.19594853,0.19776666,0.20036271,0.20295322,0.20631734,0.21065277,0.21591532,0.22199154,0.2280941,0.23371407,0.24116728,0.2521392,0.2634641,0.27344352,0.28283083,0.2926783,0.30357665,0.31468636,0.32509944,0.33167753,0.33471498,0.3349297,0.3322599,0.32814822,0.3216594,0.31338027,0.3046291,0.29593512,0.28718844,0.2783738,0.27261454,0.27108127,0.27270663,0.27610806,0.27946493,0.28315732,0.28724265,0.29136026,0.29446813,0.29853225,0.3048316,0.31393093,0.32388988,0.3328426,0.3415117,0.34958193,0.35716146,0.3639089,0.36962587,0.37462702,0.37906498,0.3833203,0.3873433,0.39154646,0.3959086,0.39946607,0.40160257,0.40185824,0.40249732,0.40474004,0.40776545,0.40990466,0.41048846,0.41011176,0.40960738,,,,,,,,,,,,,,,,,,,,,,,,,,,,,,,,,,,,,,,,,,,,,,,,,,,,,,,,,,,,,,,,,,,,,,,,,,,,,,,,,,,,,,,,,,,,,,,,,,,,,,,,,,,,,,,,,,,,,,,,,,,,,,,0.51348567,0.5108886,0.5055793,0.50284195,0.4997813,0.49658903,0.49592698,0.49560675,0.49248055,0.48489672,0.47141504,0.45577523,0.43955302,0.42321572,0.40531245,0.38485986,0.3643465,0.34336174,0.32084158,0.29847732,0.27769247,0.25995916,0.24658157,0.23695427,0.22959802,0.22402813,0.21980357,0.21774808,0.21880585,0.22295058,0.22961509,0.23812869,0.24860415,0.26209983,0.27816623,0.29547447,0.31079713,0.31868586,0.32018307,0.3229793,0.3330118,0.34620294,0.3543417,0.3587626,0.3600657,0.36104575,0.36470655,0.37271896,0.38550028,0.40119576,0.41620678,0.42897725,0.44152728,0.45400333,0.46569607,0.47604156,0.4844784,0.491077,0.4956843,0.49866343,0.499962,0.5007022,0.5011121,0.50076944,0.49922863,0.49645418,0.49284902,0.48876914,0.48473525,0.48116443,0.4780204,0.47539487,0.47307175,0.47088978,0.46955764,0.46684045,0.46059227,0.45356712,0.4462292,0.43621188,0.42731622,0.4199481,0.41203386,0.40273544,0.39306158,0.3838332,0.37676296,0.37230387
17.916672,,,,,,,,,,,,,,,,,,,,,,,,,,,,,,,,,,,,,,,,,,,,,,,,,,,,,,,,,,,,,,,,,,,,,,,,,,,,,,,,,,,,,,,,,,,,,,,,,,,,,0.2830983,0.27984354,0.27783477,0.27604088,0.27390596,0.2717208,0.2706087,0.27059552,0.27107307,0.27168557,0.27234012,0.27200368,0.26945248,0.2632088,0.25445032,0.24590492,0.24062318,0.23820643,0.2378862,0.23806791,0.23785447,0.23700832,0.23570584,0.23401941,0.2318499,0.2291681,0.2260978,0.2227453,0.21936959,0.21640153,0.21442612,0.21376166,0.21463062,0.21671636,0.21971463,0.22332579,0.22735742,0.23155989,0.23574655,0.23980331,0.24359457,0.24710561,0.25028095,0.253133,0.25559857,0.25768545,0.25939605,0.26060662,0.2612452,0.26130378,0.26099825,0.26061606,0.2606443,0.26152074,0.26361474,0.2672406,0.27234867,0.27935272,0.28851765,0.29922873,0.31066352,0.3219643,0.33228907,0.34102583,0.34786233,0.35276365,0.35599032,0.35782188,0.35840663,0.35770205,0.3555957,0.35234538,0.34828836,0.34386495,0.3393409,0.334899,0.33079523,0.32650033,0.32175505,0.31621054,0.30958903,0.3021683,0.2933039,0.28392062,0.27354157,0.26078475,0.24658981,0.23572959,0.23422188,0.23520422,0.23701493,0.239921,0.24168365,0.24211963,0.24291146,0.24306639,0.24168015,0.24120542,0.24294534,0.24521571,0.24674082,0.24705729,0.24701482,0.24723566,0.24863842,0.2515689,0.25572655,0.2605823,0.26533756,0.26912555,0.27198964,0.27434245,0.276259,0.27767435,0.2787599,0.28014934,0.28170708,0.2826496,0.28229222,0.28056413,0.2771967,0.27245843,0.2674949,0.2609357,0.25223202,0.24353799,0.2362818,0.2294691,0.22446615,0.22246216,0.22209805,0.22098546,0.21807258,0.21447451,0.21124056,0.2062536,0.19951083,0.19373386,0.18975179,0.1898763,0.1919758,0.19404118,0.19659413,0.19981723,0.2041614,0.20924746,0.21475613,0.22091267,0.22732973,0.23266062,0.23987684,0.25178257,0.26457953,0.27566946,0.28612244,0.29730448,0.30954528,0.32096562,0.33065096,0.3364777,0.3390302,0.33941883,0.3374949,0.33422706,0.32852927,0.32146502,0.3133093,0.30540958,0.29826206,0.29069763,0.28319493,0.27754146,0.27452093,0.2747668,0.27714223,0.2804693,0.2851087,0.29056224,0.29480875,0.29843315,0.30334774,0.31240472,0.32278988,0.33155268,0.33999297,0.34778833,0.35497433,0.36136502,0.36697334,0.3721256,0.37698352,0.38165265,0.38632485,0.39120996,0.39618528,0.40051416,0.40364003,0.4052387,0.40586394,0.40750128,0.40982738,0.41155452,0.41216984,0.41177443,0.41118062,,,,,,,,,,,,,,,,,,,,,,,,,,,,,,,,,,,,,,,,,,,,,,,,,,,,,,,,,,,,,,,,,,,,,,,,,,,,,,,,,,,,,,,,,,,,,,,,,,,,,,,,,,,,,,,,,,,,,,,,,,,,,,0.51265824,0.5072328,0.50442594,0.5012063,0.49879757,0.49628267,0.49376315,0.49238175,0.49052024,0.48699224,0.47956356,0.46637788,0.4504589,0.43464795,0.41860956,0.40104073,0.3809465,0.36066872,0.3404028,0.31937608,0.29830247,0.27852905,0.26175958,0.2491053,0.24003267,0.23359084,0.2291096,0.225927,0.22508489,0.22737107,0.23251411,0.23983076,0.24887802,0.26002675,0.27418908,0.29011175,0.30622098,0.3195985,0.32530564,0.3235901,0.32281044,0.3302247,0.34195596,0.35096797,0.3565994,0.3585342,0.35813034,0.35857338,0.36220956,0.370568,0.38353193,0.39861673,0.41257352,0.42581683,0.43924642,0.45218733,0.46477735,0.4760831,0.48549762,0.49281874,0.49778804,0.5004698,0.5015101,0.5021488,0.5027066,0.5026244,0.50124156,0.49866533,0.4951532,0.4912856,0.4877806,0.48486218,0.48266274,0.4807779,0.47829196,0.47576833,0.4729455,0.46705043,0.45822597,0.44960696,0.44076324,0.4308118,0.42161685,0.41359514,0.4052959,0.39560196,0.38557032,0.37746382,0.372634
17.833336,,,,,,,,,,,,,,,,,,,,,,,,,,,,,,,,,,,,,,,,,,,,,,,,,,,,,,,,,,,,,,,,,,,,,,,,,,,,,,,,,,,,,,,,,,,,,,,0.2922511,0.29169786,0.2905241,0.28996095,0.28787106,0.28438583,0.28039712,0.2767549,0.27517635,0.27343524,0.2719501,0.2697021,0.26914963,0.2694638,0.2700043,0.27047876,0.2705682,0.26914707,0.26518336,0.2573431,0.24870355,0.24218588,0.23948134,0.23905396,0.2393511,0.23932831,0.23883368,0.2380911,0.2371386,0.23575073,0.23373513,0.23104337,0.22785798,0.22432673,0.22088604,0.21815845,0.2168495,0.21743715,0.2199876,0.22348389,0.22759573,0.23210996,0.23685038,0.24171418,0.246488,0.2510016,0.2551442,0.25887367,0.26210305,0.26495993,0.2674823,0.26979804,0.2719321,0.27380213,0.27526948,0.27632445,0.27705887,0.27767348,0.2785426,0.28001162,0.28250873,0.2863356,0.29181525,0.299362,0.30886012,0.3194299,0.33025077,0.3405184,0.34946656,0.35658208,0.36181763,0.3653684,0.36752188,0.36820453,0.36725327,0.36479902,0.36095792,0.35642293,0.35177997,0.34718034,0.3426535,0.338425,0.3345708,0.33058012,0.32588628,0.31979993,0.31228313,0.30357006,0.29343966,0.2828643,0.2708046,0.25641817,0.24194787,0.23437543,0.23337568,0.23414595,0.23660038,0.24022633,0.24291863,0.24355295,0.2448971,0.24645577,0.2464722,0.24670137,0.24694486,0.2467212,0.24601337,0.24506901,0.24455453,0.24525917,0.24769966,0.2518031,0.25728863,0.2631341,0.2685217,0.27261326,0.27540982,0.27734715,0.27866626,0.27970248,0.28144273,0.28394142,0.28618994,0.28727075,0.28669572,0.28438044,0.28050616,0.275317,0.26992404,0.263666,0.25510293,0.24572869,0.23739327,0.22961938,0.22347297,0.2204468,0.2200461,0.21976633,0.21727607,0.21287435,0.2091337,0.20527066,0.19881551,0.19205457,0.18842466,0.18923914,0.19109021,0.19263732,0.19407171,0.19682574,0.20222647,0.20894219,0.2154197,0.2218912,0.22879894,0.23486543,0.24323164,0.2559568,0.2688311,0.28004554,0.29110304,0.30330363,0.31612438,0.32766724,0.33649427,0.34080276,0.3423298,0.342393,0.34069794,0.3373139,0.33181143,0.32492357,0.3174194,0.31097972,0.30569166,0.30065143,0.29455185,0.28771028,0.28124908,0.27738228,0.2773929,0.27977157,0.2843205,0.29034904,0.29572958,0.29967964,0.30382246,0.31162128,0.3216935,0.3301879,0.3379326,0.34490415,0.35154247,0.35739365,0.3627849,0.36783993,0.3728884,0.3781249,0.38349792,0.38911614,0.39492822,0.40040302,0.4049318,0.40806267,0.4096075,0.41085163,0.4123751,0.413486,0.4138657,0.41340765,0.4128329,0.4129141,,,,,,,,,,,,,,,,,,,,,,,,,,,,,,,,,,,,,,,,,,,,,,,,,,,,,,,,,,,,,,,,,,,,,,,,,,,,,,,,,,,,,,,,,,,,,,,,,,,,,,,,,,,,,,,,,,,,,,,,,,,,0.51293564,0.5040244,0.49757445,0.4991826,0.49735034,0.49511582,0.49220982,0.48934534,0.48674333,0.4844103,0.4809935,0.474761,0.4632706,0.44737872,0.43097624,0.41521874,0.3986865,0.3797412,0.3596486,0.34001395,0.3205683,0.3015254,0.2836467,0.26814267,0.25599504,0.24720186,0.24135953,0.23772901,0.23601896,0.23666076,0.23997259,0.24559769,0.25326213,0.2628756,0.27503663,0.28958333,0.3047843,0.31883138,0.3293997,0.3331999,0.32970738,0.3252776,0.32787353,0.33610246,0.34528127,0.35272634,0.35662374,0.35674438,0.3555148,0.35563058,0.35906857,0.3673769,0.38016853,0.3943699,0.40859607,0.42315063,0.43727598,0.4510454,0.46435204,0.47647977,0.48674038,0.49464116,0.500016,0.5026312,0.5027763,0.5028086,0.5038872,0.5042806,0.50323725,0.5005915,0.49696964,0.49318644,0.4900337,0.48823017,0.4875573,0.48584986,0.4827329,0.47920933,0.47367373,0.4647753,0.45455736,0.44565302,0.43594974,0.42573756,0.41598198,0.40849686,0.39988708,0.3900543,0.38120037,0.37480494
17.75,,,,,,,,,,,,,,,,,,,,,,,,,,,,,,,,,,,,,,,,,,,,,,,,,,,,,,,,,,,,,,,,,,,,,,,,,,,,,,,,,,,,,,,,,,,,,0.29609478,0.2950659,0.2959844,0.2953874,0.2935992,0.29209363,0.28951567,0.2845332,0.27851135,0.27537137,0.27357495,0.27194044,0.27064753,0.26932496,0.2690039,0.26874113,0.26917705,0.2690466,0.267929,0.2643462,0.25818694,0.24996787,0.24302189,0.23965754,0.2390584,0.23912492,0.23874177,0.2382472,0.23779356,0.23725815,0.23628086,0.23460877,0.23229928,0.22923447,0.22558884,0.22172758,0.2181704,0.21568914,0.21538326,0.21832262,0.22360508,0.22919036,0.234698,0.24011062,0.24546258,0.25086665,0.25623515,0.2613761,0.26603723,0.27012852,0.2736278,0.27673632,0.2795519,0.2822699,0.2848545,0.28727934,0.2893126,0.29099008,0.29234573,0.29359317,0.29504484,0.29708692,0.3002737,0.30484998,0.3112971,0.3196993,0.3294373,0.33957046,0.3492521,0.35780776,0.36477414,0.36992058,0.37336907,0.37532753,0.37555262,0.37400028,0.37094197,0.36708072,0.36277375,0.358349,0.35400707,0.34968626,0.3453205,0.3411237,0.33727306,0.33331135,0.32820088,0.32121453,0.31267768,0.3028007,0.29170516,0.279999,0.26639923,0.25117335,0.23797908,0.2336634,0.2334276,0.23350018,0.23641072,0.24031882,0.24308322,0.24379508,0.24536958,0.24729642,0.24777618,0.24703516,0.24565338,0.24402222,0.24245942,0.24129137,0.2411383,0.24249354,0.24581474,0.2511186,0.2580761,0.26469722,0.2702858,0.27433586,0.27679294,0.27805272,0.2787776,0.2802352,0.28343832,0.28697646,0.28982854,0.29123423,0.29066786,0.28812435,0.28390533,0.27835786,0.27248642,0.2660541,0.25757575,0.24780744,0.23859283,0.23005305,0.22281155,0.2186745,0.21788584,0.21823701,0.21674965,0.2127715,0.20838736,0.20472261,0.19940169,0.19265221,0.18872775,0.18808323,0.18827127,0.1888399,0.18998717,0.19391702,0.20121787,0.20970075,0.21722925,0.22420348,0.23138864,0.23877954,0.24948004,0.2625767,0.27447563,0.28535736,0.2971218,0.31021062,0.32314575,0.33387023,0.34083632,0.34254435,0.3422159,0.34139976,0.33817622,0.33368763,0.32826388,0.32243252,0.31758836,0.31384933,0.31038743,0.30726752,0.30303022,0.29631606,0.28811136,0.28152803,0.27908418,0.28008652,0.28384686,0.2894619,0.2950738,0.30004677,0.30552518,0.31180382,0.3201523,0.32769355,0.33449334,0.34059197,0.3466223,0.35169935,0.35638252,0.36098415,0.366286,0.37215418,0.3783544,0.3848815,0.39173308,0.39845863,0.40451843,0.4092876,0.41253206,0.41405806,0.4149192,0.4153964,0.4155236,0.41495892,0.4143161,0.41430402,,,,,,,,,,,,,,,,,,,,,,,,,,,,,,,,,,,,,,,,,,,,,,,,,,,,,,,,,,,,,,,,,,,,,,,,,,,,,,,,,,,,,,,,,,,,,,,,,,,,,,,,,,,,,,,,,,,,,,,,,,,0.50879383,0.5062748,0.49489012,0.4913709,0.49315032,0.49049866,0.48800823,0.48461115,0.48225448,0.47961232,0.4781842,0.47508183,0.47032043,0.46103394,0.44679773,0.4297986,0.41341656,0.39796993,0.38091597,0.36263582,0.34396243,0.32556924,0.30813414,0.29203948,0.2781756,0.26708773,0.25898436,0.25381577,0.25104162,0.2504899,0.25196603,0.25564396,0.26147798,0.2698945,0.28065997,0.29377285,0.3078515,0.32125017,0.33230498,0.33981502,0.34252128,0.34017813,0.33423474,0.3295338,0.33040768,0.33778474,0.3466014,0.3531378,0.35551417,0.35444558,0.35270864,0.3521219,0.3549202,0.3631759,0.37538987,0.38957995,0.40502152,0.42075056,0.43627697,0.45115948,0.46521807,0.47785863,0.48865715,0.49671036,0.50152063,0.50239396,0.50121033,0.5024709,0.50464493,0.505851,0.50526625,0.5028601,0.49892595,0.49472794,0.49216905,0.4926369,0.4924743,0.4897004,0.48571298,0.480242,0.47157675,0.46067366,0.4504879,0.44109446,0.4310565,0.42016613,0.4122368,0.4036082,0.39457533,0.38566044,0.3779902
17.666672,,,,,,,,,,,,,,,,,,,,,,,,,,,,,,,,,,,,,,,,,,,,,,,,,,,,,,,,,,,,,,,,,,,,,,,,,,,,,,,,,,,,,,,,,,,,,0.2976296,0.2975541,0.2974896,0.29602736,0.29415357,0.2932252,0.29078338,0.28431153,0.27756333,0.2756734,0.2740305,0.27216715,0.27097955,0.27015907,0.26949567,0.26907814,0.2689074,0.2670314,0.26358342,0.25709504,0.24916007,0.24237648,0.23843357,0.2373176,0.23697288,0.23621084,0.23550197,0.23503385,0.2345448,0.23370743,0.2322224,0.23009194,0.22751385,0.22416842,0.22018814,0.216106,0.21236831,0.21004207,0.2112086,0.21744396,0.22558884,0.23304345,0.23969257,0.24596427,0.25226966,0.25866783,0.26504934,0.2712005,0.27676314,0.28158087,0.2857234,0.28934798,0.29264817,0.2957368,0.29856288,0.30114833,0.30342767,0.30534375,0.30703807,0.30876258,0.31084752,0.31376243,0.3179872,0.32385787,0.3315262,0.34042087,0.34965876,0.35833535,0.3659513,0.3722318,0.37698644,0.38009223,0.38132402,0.38067275,0.37836078,0.3751148,0.371621,0.36809364,0.36440688,0.36052006,0.3563982,0.35200304,0.34742528,0.34303737,0.33889645,0.33433032,0.32828817,0.3202727,0.31078082,0.29991886,0.28798366,0.27519506,0.26044935,0.24562114,0.23531216,0.23304215,0.23366307,0.23437113,0.23755838,0.24103682,0.24314356,0.24324523,0.24400815,0.24523419,0.24478135,0.24305375,0.24100736,0.2389903,0.23754314,0.23673448,0.23690167,0.23881686,0.24306913,0.2499262,0.25796643,0.26508188,0.27083412,0.27459288,0.27639872,0.276802,0.2773586,0.27991077,0.28386706,0.28788233,0.29140145,0.29323888,0.2929988,0.2907236,0.28658628,0.28107426,0.27495098,0.26809812,0.25942323,0.24942546,0.23967582,0.23050663,0.22249764,0.2174422,0.21610509,0.2168563,0.21638867,0.21328492,0.20855664,0.20430644,0.20018913,0.19411612,0.18893106,0.18583031,0.18455148,0.18514909,0.18841639,0.19478354,0.20343016,0.21247302,0.22043437,0.22777171,0.23538072,0.2448501,0.2570943,0.26950312,0.279917,0.29073083,0.30340326,0.31691036,0.32925752,0.33830276,0.3425457,0.34098873,0.33745918,0.33493364,0.33087978,0.32697627,0.32371512,0.3210616,0.32019988,0.31944898,0.31706548,0.3136731,0.30916715,0.30214936,0.29299226,0.2848481,0.28097925,0.28048787,0.28273076,0.28701192,0.291811,0.29713666,0.3034194,0.30963045,0.31653848,0.32323626,0.32935512,0.33506146,0.33990616,0.34343168,0.34690878,0.35096693,0.35647908,0.36309007,0.37032032,0.37833875,0.38660786,0.3944893,0.40203196,0.4083345,0.41305298,0.41591945,0.41687977,0.41710636,0.41701,0.41614345,0.41549364,0.41579515,,,,,,,,,,,,,,,,,,,,,,,,,,,,,,,,,,,,,,,,,,,,,,,,,,,,,,,,,,,,,,,,,,,,,,,,,,,,,,,,,,,,,,,,,,,,,,,,,,,,,,,,,,,,,,,,,,,,,,,,,,0.50856835,0.5052057,0.49667886,0.4859058,0.48534572,0.4838064,0.48159823,0.47781068,0.47411692,0.47205406,0.4706783,0.47026992,0.46867058,0.4658837,0.45873216,0.44727206,0.4319119,0.41478753,0.39892274,0.38323438,0.36707082,0.3505496,0.33410248,0.31850454,0.30426255,0.29202822,0.2821859,0.27479106,0.27002007,0.2675564,0.26721454,0.2690435,0.27352187,0.2806275,0.2905306,0.30239278,0.31504953,0.32710302,0.33757252,0.345574,0.35105705,0.3533299,0.35284248,0.34918088,0.34193793,0.33409116,0.33294633,0.33883312,0.34779975,0.35307175,0.35404012,0.352342,0.34980455,0.34801736,0.35052198,0.3583345,0.37027746,0.38518938,0.401851,0.41924286,0.4364393,0.45280513,0.46769792,0.48091513,0.491997,0.49971458,0.503501,0.50368917,0.5035905,0.50433564,0.5059376,0.5074162,0.507421,0.50501233,0.5006985,0.49658313,0.49702552,0.49803942,0.4960592,0.49198842,0.48666742,0.47802484,0.46644545,0.4551137,0.4462248,0.43706173,0.42663127,0.4173971,0.40821302,0.399635,0.39108533,0.3828228
17.583336,,,,,,,,,,,,,,,,,,,,,,,,,,,,,,,,,,,,,,,,,,,,,,,,,,,,,,,,,,,,,,,,,,,,,,,,,,,,,,,,,,,,,,,,,,,,0.2981065,0.29824972,0.29717973,0.2963088,0.29562694,0.2947119,0.29433084,0.2913773,0.28406224,0.2775608,0.2765013,0.27498072,0.2727533,0.27123722,0.27023956,0.26949462,0.2687523,0.2670925,0.26289698,0.25637007,0.24764407,0.23982027,0.23532504,0.23349999,0.23277085,0.23176841,0.23066217,0.23019163,0.2298087,0.22912231,0.2278399,0.2260201,0.2237551,0.22117439,0.21793388,0.21399747,0.20966735,0.2056431,0.20380138,0.20737737,0.21678549,0.22694537,0.23570843,0.24342804,0.25111476,0.25913772,0.26724577,0.27504477,0.28230226,0.28878236,0.29447004,0.29942235,0.3036542,0.3072631,0.3104266,0.31322733,0.3156283,0.31774792,0.3196966,0.32164103,0.32382497,0.32675412,0.33093217,0.33643892,0.34352708,0.35161826,0.35975182,0.36721352,0.37361825,0.37889758,0.38299924,0.3855571,0.38594908,0.38421103,0.38134316,0.37822363,0.3753295,0.3725937,0.36966088,0.366292,0.36234376,0.35787836,0.35307443,0.34824306,0.3436151,0.3388523,0.33330792,0.3261204,0.3171185,0.30678716,0.2950345,0.28242114,0.268493,0.25323567,0.24018046,0.23352127,0.23275188,0.23390138,0.23594816,0.2391855,0.24184862,0.24308233,0.24220094,0.24136598,0.2414106,0.2397593,0.2372677,0.23509146,0.23323902,0.23232664,0.23179263,0.23218392,0.23460451,0.23991959,0.24800733,0.25667298,0.26426244,0.2702083,0.27346048,0.27452922,0.27441493,0.27525955,0.2782711,0.28213742,0.28645825,0.29070133,0.29302374,0.29318294,0.29139823,0.2877079,0.28255114,0.2764117,0.26912323,0.26022106,0.2501316,0.24032457,0.2307667,0.22250073,0.21670637,0.21500875,0.21602243,0.21589644,0.21336336,0.20892909,0.20423143,0.20059814,0.19599521,0.19081093,0.18676528,0.18499601,0.18760785,0.19390272,0.20187277,0.21001464,0.21795894,0.22557993,0.23321114,0.24213062,0.2532642,0.265142,0.27570182,0.28504583,0.2964297,0.30970994,0.32260418,0.33328167,0.33996487,0.34161007,0.33787698,0.3321556,0.32835048,0.3252651,0.3238783,0.3235929,0.32418528,0.32567903,0.32582724,0.32343543,0.31902435,0.3131453,0.30496198,0.29489887,0.2863354,0.28225592,0.28085598,0.28159276,0.28420985,0.2876491,0.29163948,0.29687828,0.3034382,0.31006646,0.3164112,0.32318574,0.3278099,0.33052844,0.33251503,0.3345479,0.33774197,0.34312722,0.35054484,0.35930654,0.36976063,0.37952882,0.38870582,0.3975165,0.40523773,0.41164654,0.4161303,0.41821074,0.4189641,0.41893324,0.4172451,0.4166005,0.4175831,0.41880712,,,,,,,,,,,,,,,,,,,,,,,,,,,,,,,,,,,,,,,,,,,,,,,,,,,,,,,,,,,,,,,,,,,,,,,,,,,,,,,,,,,,,,,,,,,,,,,,,,,,,,,,,,,,,,,,,,,,,,,,0.51183456,0.50588393,0.49183998,0.47785658,0.4696715,0.47111413,0.47024888,0.4697444,0.46692598,0.4649149,0.4622303,0.46009895,0.46015376,0.46088576,0.46005142,0.4552472,0.44720924,0.43525636,0.42017275,0.40397635,0.3884203,0.37313163,0.3581345,0.34370765,0.3300765,0.31764773,0.3069437,0.2983691,0.29179892,0.28770584,0.28595892,0.2865616,0.28985828,0.29579893,0.30439344,0.3145702,0.32487425,0.33467594,0.34389064,0.3521982,0.35853833,0.36249194,0.3644653,0.3649167,0.3634621,0.3585819,0.34939817,0.34030935,0.33679044,0.34205514,0.34907183,0.35314706,0.35291627,0.35066468,0.3467907,0.34410298,0.34619436,0.3538424,0.36616817,0.38226157,0.40040457,0.41933537,0.4382099,0.45592844,0.47173104,0.485465,0.4966986,0.5042692,0.508512,0.50972354,0.5077012,0.5058559,0.50745994,0.509688,0.50973415,0.50652444,0.5021599,0.50190806,0.5032216,0.50175536,0.4978631,0.49242496,0.4841745,0.4719288,0.46087208,0.4532056,0.44538656,0.4360716,0.42688775,0.4178099,0.40926814,0.40101796,0.3929647
17.5,,,,,,,,,,,,,,,,,,,,,,,,,,,,,,,,,,,,,,,,,,,,,,,,,,,,,,,,,,,,,,,,,,,,,,,,,,,,,,,,,,,,,,,,,,,,0.29815817,0.29765,0.2948083,0.29439697,0.29483253,0.29481322,0.29463166,0.29087305,0.2832812,0.27827603,0.27711236,0.27536234,0.2726232,0.27051002,0.26925033,0.26814505,0.26652893,0.26278841,0.2557892,0.24641936,0.23698352,0.23064058,0.2277858,0.22654824,0.22539632,0.22440982,0.22375755,0.22357835,0.22319143,0.22243223,0.22108783,0.21937104,0.21732005,0.21494572,0.211928,0.2082218,0.20406523,0.20078366,0.20075531,0.20744522,0.21858126,0.22954085,0.23888768,0.24770638,0.25732163,0.26748914,0.2773886,0.2864756,0.29461333,0.30179498,0.30811298,0.3135649,0.31814218,0.32196438,0.3251598,0.3279005,0.33025086,0.3323079,0.3343833,0.3367247,0.33962953,0.34360123,0.34877968,0.35526484,0.36231452,0.36941808,0.37561518,0.38062504,0.3847348,0.38806596,0.38998452,0.3895155,0.38697717,0.3839001,0.38111946,0.37863097,0.37632224,0.37376326,0.37065357,0.36684805,0.3623767,0.3575067,0.35256252,0.34753755,0.34243163,0.33680657,0.33013156,0.32184628,0.3120228,0.3008226,0.28840676,0.2750694,0.2603125,0.24568424,0.23556033,0.23215559,0.23315439,0.23535107,0.2383981,0.24120143,0.24276508,0.24297217,0.24103336,0.23829578,0.23692323,0.23441331,0.23128581,0.22918779,0.22764431,0.22691002,0.22658695,0.22727984,0.23009688,0.2361169,0.24481095,0.25406665,0.26222253,0.26831725,0.27126127,0.27191645,0.2717606,0.2728525,0.27562085,0.27903143,0.28337982,0.28797668,0.2906567,0.29112583,0.2897314,0.2865035,0.28172603,0.27561218,0.26805872,0.25910047,0.24943799,0.23984453,0.23081622,0.22247602,0.21602944,0.21469037,0.2157284,0.2151967,0.21293755,0.20947102,0.20531088,0.2015827,0.1978972,0.1937529,0.19016287,0.19010349,0.19506815,0.20275214,0.21059667,0.21788913,0.22524309,0.23287942,0.24126455,0.2511862,0.2618354,0.27180272,0.28048682,0.28991032,0.30200532,0.31478256,0.32591796,0.3343911,0.33887723,0.33902293,0.3351655,0.32963297,0.32570314,0.32388407,0.3245577,0.3254171,0.32813606,0.32980633,0.32907623,0.32596374,0.32060894,0.31332016,0.30410668,0.29362595,0.28600588,0.28263703,0.2809964,0.28078502,0.28191265,0.2837858,0.28581002,0.28911063,0.2953553,0.30190596,0.30820358,0.31510943,0.31848505,0.31962058,0.3205206,0.32092303,0.3225572,0.32726756,0.33502963,0.34548634,0.35829937,0.37014097,0.38158792,0.39199486,0.40098932,0.40865603,0.4145679,0.418281,0.4200621,0.420233,0.41840014,0.41791344,0.4194438,0.42085376,,,,,,,,,,,,,,,,,,,,,,,,,,,,,,,,,,,,,,,,,,,,,,,,,,,,,,,,,,,,,,,,,,,,,,,,,,,,,,,,,,,,,,,,,,,,,,,,,,,,,,,,,,,,,,,,,,,,,,0.5182487,0.5114071,0.5076702,0.49503866,0.4739779,0.45610508,0.44988483,0.45351815,0.4558716,0.4561924,0.45502064,0.45510274,0.45309272,0.44957402,0.4492261,0.45032877,0.45075995,0.4489065,0.44558477,0.43766624,0.42671978,0.413144,0.39851564,0.3840091,0.3698761,0.35660967,0.34441373,0.33351028,0.32429156,0.317063,0.3119245,0.30910084,0.3087029,0.31066537,0.31511915,0.32124338,0.32821146,0.33504325,0.3417058,0.3492252,0.35739395,0.36480808,0.37005723,0.37317085,0.37506232,0.37579444,0.37499785,0.37174064,0.36426443,0.35582334,0.35013145,0.3468281,0.34754753,0.35148746,0.35337964,0.35270262,0.34948373,0.34400755,0.34094214,0.34313416,0.3512946,0.3648012,0.3821782,0.4015592,0.42199248,0.44224423,0.46084926,0.47705138,0.4909477,0.5017927,0.5095497,0.5141535,0.5138365,0.50900245,0.50835043,0.5118531,0.5139898,0.51115614,0.50681394,0.5061137,0.50765884,0.50645393,0.5024399,0.49661437,0.48855868,0.47799197,0.468713,0.46132624,0.4537984,0.44574887,0.43753293,0.42927107,0.42121896,0.41332686,0.4059088
17.416672,,,,,,,,,,,,,,,,,,,,,,,,,,,,,,,,,,,,,,,,,,,,,,,,,,,,,,,,,,,,,,,,,,,,,,,,,,,,,,,,,,,,,,,,,,,,0.2981466,0.2966447,0.2928787,0.292849,0.29392406,0.2940657,0.29341573,0.28941715,0.28310803,0.2799021,0.27822208,0.27587748,0.27242208,0.26957312,0.2675877,0.2657406,0.26259968,0.2563931,0.24646597,0.23521176,0.22609031,0.22097425,0.2188148,0.21757047,0.21661466,0.21628843,0.21632914,0.2164544,0.21622628,0.2155939,0.21452041,0.21314253,0.21145995,0.20937432,0.20668174,0.20349474,0.20049913,0.19939668,0.20228824,0.21115838,0.22257851,0.2332778,0.2428432,0.25312915,0.26490346,0.2767578,0.28770712,0.2973769,0.3059865,0.31361455,0.3202755,0.32613125,0.33111158,0.33536565,0.33894083,0.34197706,0.34461844,0.34707707,0.349589,0.35249737,0.3561129,0.36099344,0.3666362,0.37255365,0.37843692,0.38324732,0.38695446,0.3898208,0.3922825,0.3935161,0.39234918,0.38923755,0.38585952,0.3838213,0.38221362,0.3799623,0.37712887,0.3736795,0.3697124,0.36513394,0.36016467,0.3552436,0.35022846,0.34495696,0.33917657,0.33251217,0.32467738,0.31544957,0.30489323,0.29308608,0.280208,0.26622128,0.25131413,0.23849139,0.2323038,0.2320299,0.23509288,0.23866214,0.2417397,0.24360827,0.24394701,0.24311812,0.24046183,0.23584042,0.2326627,0.22982317,0.22633454,0.22362225,0.22205117,0.22129723,0.22133261,0.22255346,0.22565877,0.2317354,0.24068803,0.25051647,0.25926244,0.26569313,0.268589,0.2691741,0.2693196,0.27061442,0.27285346,0.27529562,0.27895626,0.28335953,0.2862059,0.28688017,0.2857066,0.28273296,0.27816725,0.2721734,0.26479223,0.2563209,0.24731515,0.23847993,0.22970805,0.22113997,0.2154431,0.21507871,0.21531026,0.21407175,0.21206355,0.20960861,0.20666486,0.20340487,0.20008013,0.19693099,0.19545043,0.1982211,0.20429364,0.2113979,0.21822292,0.22530968,0.23302212,0.24112885,0.24985425,0.2589683,0.26780105,0.27634284,0.2845621,0.29502797,0.30691767,0.31764758,0.32617188,0.33224994,0.3347316,0.3339772,0.33061698,0.32657507,0.32441208,0.32369673,0.32363614,0.32551447,0.32878095,0.32969746,0.32849482,0.32496858,0.3191201,0.31097364,0.30047226,0.29011276,0.28457415,0.2829498,0.2824219,0.2827955,0.28372833,0.28459457,0.28493264,0.2855477,0.28883418,0.293394,0.29930204,0.30661094,0.3094657,0.30985913,0.30996394,0.3086283,0.3083607,0.3113822,0.3182834,0.3290708,0.34368107,0.35913596,0.37386376,0.38604668,0.39618704,0.40477186,0.41176406,0.41663212,0.4194604,0.41999263,0.41893697,0.41925243,0.42105728,0.42234474,,,,,,,,,,,,,,,,,,,,,,,,,,,,,,,,,,,,,,,,,,,,,,,,,,,,,,,,,,,,,,,,,,,,,,,,,,,,,,,,,,,,,,,,,,,,,,,,,,,,,,,,,,,,,,,,,,,,0.52148324,0.5146613,0.5118107,0.5017408,0.49601683,0.48329717,0.4644779,0.44911388,0.44553527,0.44913167,0.45173642,0.45165777,0.44969594,0.4474074,0.4440029,0.4400513,0.43805566,0.4378756,0.43890905,0.43897045,0.4377257,0.4354648,0.43074593,0.4218212,0.41031167,0.3978375,0.38533086,0.37339175,0.36258522,0.3530848,0.34523863,0.33935747,0.33546647,0.33354354,0.33363897,0.33534962,0.33840737,0.3416596,0.34448704,0.34752867,0.35249165,0.35982668,0.36800894,0.3753037,0.3805811,0.38374,0.3851994,0.38527066,0.38398322,0.38096964,0.37579238,0.37079486,0.36713383,0.3626446,0.35739535,0.3538243,0.3538761,0.35463795,0.35331264,0.34828213,0.34213975,0.33926615,0.34268236,0.3524908,0.3674102,0.38543764,0.40596437,0.42801157,0.44922367,0.46778244,0.48403955,0.4969292,0.50709134,0.5143115,0.51768726,0.5140996,0.51117265,0.51417786,0.51761204,0.51639557,0.51166505,0.5102853,0.5115681,0.5097881,0.50489473,0.498544,0.49075016,0.48239484,0.47440365,0.4664519,0.4585544,0.45094094,0.44380635,0.43657774,0.42946422,0.42233616,0.4157206
17.333336,,,,,,,,,,,,,,,,,,,,,,,,,,,,,,,,,,,,,,,,,,,,,,,,,,,,,,,,,,,,,,,,,,,,,,,,,,,,,,,,,,,,,,,,,,,,0.2979325,0.29548842,0.2919988,0.29153842,0.2923763,0.29223478,0.2909589,0.28774643,0.28388733,0.28186733,0.2794857,0.2761944,0.27226058,0.26865077,0.26552284,0.26240897,0.25748727,0.24878564,0.23653424,0.2241469,0.21517786,0.21044357,0.20846033,0.20742162,0.207322,0.20776297,0.20844217,0.20901582,0.20912446,0.20879124,0.20804937,0.2069973,0.20561315,0.20380424,0.20176157,0.19983211,0.19892652,0.20046742,0.20633237,0.2161124,0.2269522,0.23708485,0.24720278,0.2595104,0.27280793,0.28526258,0.29638824,0.3063274,0.3153362,0.32346746,0.3307131,0.3371492,0.34276366,0.34767178,0.35185474,0.35549948,0.35875678,0.3617188,0.3647661,0.36815578,0.3723784,0.37712955,0.38210875,0.3867283,0.38995898,0.39219815,0.39387417,0.39540085,0.39563063,0.39417246,0.39115626,0.38769937,0.38528416,0.38423902,0.38325587,0.38037094,0.37602943,0.37120107,0.36620492,0.3610277,0.35603356,0.3508452,0.34547803,0.33974436,0.33320406,0.3256623,0.31708404,0.30735204,0.29649636,0.28441742,0.27105471,0.2565145,0.24241354,0.23311444,0.23062986,0.23376964,0.23849204,0.24246554,0.24500732,0.2458764,0.245374,0.2437202,0.240905,0.23563614,0.23031794,0.22635588,0.22280295,0.21930641,0.21683496,0.21572064,0.21623056,0.21834879,0.22184077,0.22754617,0.23633587,0.24643393,0.25579503,0.26266134,0.26562402,0.26625806,0.2667317,0.2680359,0.26957572,0.27099475,0.2735261,0.27712804,0.2797739,0.28038526,0.27934206,0.27661788,0.27230388,0.2666423,0.25972077,0.25182426,0.24345097,0.23492232,0.2262504,0.21885894,0.21546683,0.21519275,0.21429808,0.21231139,0.21040902,0.20858216,0.20662709,0.20428857,0.20218289,0.20107941,0.20258169,0.2068481,0.21250173,0.21804407,0.22392505,0.23076384,0.23853213,0.24678545,0.25506645,0.26302788,0.27126604,0.27990097,0.28928733,0.3002145,0.3104494,0.31801805,0.32354575,0.3268484,0.3272039,0.32598072,0.32405344,0.3223932,0.3215254,0.3203858,0.31992453,0.3221793,0.32457083,0.32478264,0.3234285,0.32020926,0.31356972,0.30444276,0.2942791,0.28747654,0.28583106,0.28720194,0.28918818,0.2915469,0.29396692,0.2957889,0.29677162,0.2968197,0.29665512,0.2978313,0.29984337,0.3024235,0.30170196,0.30276158,0.30292925,0.30038658,0.29835767,0.29855952,0.3030019,0.31268087,0.32858783,0.3477528,0.36594972,0.380064,0.39165205,0.40086928,0.40856504,0.414404,0.41801462,0.41939235,0.41963547,0.42074323,0.42255843,0.42365617,,,,,,,,,,,,,,,,,,,,,,,,,,,,,,,,,,,,,,,,,,,,,,,,,,,,,,,,,,,,,,,,,,,,,,,,,,,,,,,,,,,,,,,,,,,,,,,,,,,,,,,,,,,,,,,,,,0.52714765,0.5182945,0.5125584,0.5022966,0.49677417,0.48826623,0.48283118,0.47516343,0.4640806,0.45404148,0.45179793,0.45333692,0.45439553,0.45382914,0.45131156,0.44611138,0.440068,0.43625036,0.43362984,0.43154746,0.4316278,0.43054044,0.42609587,0.428184,0.4306438,0.42763123,0.42042068,0.4109027,0.40068832,0.39068583,0.38145086,0.37338713,0.3667385,0.36158407,0.3578982,0.35549667,0.3540361,0.3534053,0.35333556,0.3533583,0.3538759,0.3563052,0.36190447,0.36980492,0.3781455,0.3855605,0.3914808,0.395092,0.39583182,0.39429694,0.39135706,0.3875098,0.38321626,0.37960896,0.3781115,0.37651345,0.37243608,0.36459106,0.35854995,0.3569894,0.35717148,0.35439625,0.34773883,0.341371,0.34015524,0.34647804,0.35879263,0.3739503,0.3921193,0.41427836,0.43763715,0.4584625,0.4769246,0.49153414,0.50296885,0.51212615,0.5183563,0.51960754,0.51584566,0.51531506,0.51839626,0.51997983,0.517669,0.5157043,0.5143649,0.51074284,0.504267,0.49689838,0.4893333,0.48268062,0.4759754,0.46883616,0.46155098,0.45461324,0.44816992,0.44166732,0.4353644,0.4290931,0.42354587
17.25,,,,,,,,,,,,,,,,,,,,,,,,,,,,,,,,,,,,,,,,,,,,,,,,,,,,,,,,,,,,,,,,,,,,,,,,,,,,,,,,,,,,,,,,,,,,0.29714134,0.29297796,0.28974667,0.2886724,0.28911805,0.2882215,0.286945,0.2852177,0.2831392,0.28129876,0.2787812,0.2753495,0.27138013,0.2672751,0.26309025,0.2585124,0.2517162,0.24088843,0.22695844,0.21362297,0.20422503,0.19921038,0.19714542,0.19670638,0.19742572,0.19842198,0.19952568,0.20038411,0.20067392,0.2005765,0.2001246,0.19947529,0.19858734,0.19758478,0.19681656,0.19677079,0.19822557,0.20245384,0.21055327,0.22050631,0.23042496,0.2404024,0.25204736,0.26606297,0.27984416,0.29242906,0.30377686,0.31419906,0.32380438,0.33251777,0.34031805,0.3472151,0.35336494,0.3588618,0.3636719,0.36789095,0.37169167,0.3751622,0.37864688,0.3824661,0.3864729,0.39045346,0.39394236,0.39590102,0.3965062,0.39689574,0.39714718,0.39664906,0.39531502,0.3931602,0.39036497,0.38786936,0.38579118,0.3843675,0.38258514,0.37816796,0.3721089,0.36619237,0.36063513,0.35542932,0.3499732,0.34430268,0.338424,0.3322137,0.32527846,0.31740317,0.30855173,0.29856023,0.28733203,0.2746666,0.2607621,0.24681377,0.23559523,0.23036352,0.23112883,0.23624055,0.24106686,0.24466266,0.2466763,0.24721275,0.24654993,0.24475014,0.24213682,0.23783171,0.23190215,0.2263643,0.22163484,0.21742193,0.21393043,0.21200804,0.21269979,0.21568911,0.21938746,0.2245594,0.23257881,0.24240987,0.25209853,0.2593423,0.2623668,0.2628763,0.26328743,0.2643014,0.26521638,0.26604438,0.26769358,0.2698258,0.27135053,0.2717172,0.27070528,0.268134,0.26407915,0.25875217,0.25218922,0.24481732,0.23702337,0.22913001,0.22193336,0.21714295,0.2151502,0.21368764,0.21153241,0.20931228,0.2079259,0.20706664,0.20628975,0.2054374,0.20514436,0.20650756,0.20933382,0.21246305,0.21587253,0.21962956,0.22464548,0.23181896,0.2404333,0.24921046,0.2576317,0.2657828,0.27471304,0.28436896,0.29465443,0.3045745,0.3122029,0.3164509,0.31860203,0.31925794,0.31874466,0.31791687,0.31719652,0.3170691,0.31693384,0.3152343,0.314308,0.31620103,0.3183507,0.31859353,0.3159108,0.3114152,0.30574694,0.29937103,0.29456362,0.29367268,0.29591122,0.2996216,0.3035206,0.30716982,0.3104281,0.31299672,0.3147478,0.31559533,0.3153517,0.3154025,0.3149891,0.31142578,0.30399612,0.30205724,0.30014482,0.29739594,0.29377627,0.29086763,0.2920946,0.29968077,0.31565988,0.33748618,0.35851648,0.3747597,0.38757837,0.39755312,0.405694,0.41216466,0.41680443,0.41941652,0.4206238,0.42191565,0.4236577,0.42474496,0.42501858,,,,,,,,,,,,,,,,,,,,,,,,,,,,,,,,,,,,,,,,,,,,,,,,,,,,,,,,,,,,,,,,,,,,,,,,,,,,,,,,,,,,,,,,,,,,,,,,,,,,,,,,,,,,,,,0.5292308,0.52892566,0.5223994,0.50713843,0.49659026,0.48762208,0.48272777,0.477028,0.47310838,0.46970594,0.46535137,0.4600556,0.45840144,0.4579978,0.4565644,0.45488706,0.4523348,0.4469438,0.44047567,0.4369639,0.43524027,0.4342619,0.4336367,0.43240377,0.427378,0.42402542,0.4291109,0.43095183,0.4278373,0.42156053,0.41360605,0.4052223,0.39709032,0.3897902,0.38354445,0.3783161,0.37359378,0.36886424,0.36473846,0.36210847,0.36105385,0.36133152,0.36332142,0.36796054,0.37481454,0.38267195,0.39021912,0.39713934,0.40294698,0.40671653,0.40703708,0.40389925,0.3988018,0.3931404,0.3869007,0.38120842,0.38073903,0.3842943,0.3837181,0.37798026,0.368929,0.36285663,0.36195633,0.3612168,0.355812,0.34784472,0.34286913,0.3461124,0.35688895,0.36967787,0.38354266,0.40299973,0.42696765,0.4496359,0.46981162,0.4865445,0.49897256,0.50898707,0.51678485,0.52148,0.5202528,0.51609695,0.51684344,0.51996446,0.51961327,0.5179522,0.5142084,0.5087935,0.5016471,0.49364567,0.48713636,0.48213595,0.47722983,0.47171515,0.46606508,0.460587,0.45492783,0.4490081,0.44262853,0.4366399,0.43245587
17.166672,,,,,,,,,,,,,,,,,,,,,,,,,,,,,,,,,,,,,,,,,,,,,,,,,,,,,,,,,,,,,,,,,,,,,,,,,,,,,,,,,,,,,,,,,,,,0.29525238,0.28810576,0.2840513,0.28269392,0.2815374,0.28099602,0.28059733,0.27998912,0.2791637,0.27792037,0.27612728,0.27342525,0.26977277,0.2653412,0.2602933,0.25431404,0.245746,0.2332521,0.21813393,0.20391949,0.19355103,0.18774258,0.18556686,0.18558244,0.18664566,0.18777488,0.1888652,0.18953472,0.18974912,0.18982421,0.189803,0.18982749,0.18995419,0.1903672,0.19135976,0.19349058,0.1975707,0.20431764,0.2133341,0.2228956,0.2326681,0.24354047,0.25718364,0.2721042,0.2860528,0.29887933,0.31072196,0.32157737,0.33153558,0.34057134,0.34868905,0.3559451,0.36244753,0.36834785,0.37363788,0.37836266,0.3825427,0.3864603,0.39027455,0.39400902,0.39739478,0.39993575,0.40091312,0.40052736,0.39956582,0.39868858,0.3975245,0.39602363,0.39464867,0.39319012,0.39122728,0.38883293,0.38593578,0.3830573,0.37948686,0.37304363,0.36576852,0.3595327,0.35386145,0.34819892,0.3422779,0.33612671,0.32998055,0.32346055,0.31618887,0.3080134,0.29880485,0.2883837,0.27670455,0.2639383,0.2508283,0.23921262,0.23161578,0.22955851,0.23325574,0.23810741,0.24209572,0.24488406,0.24645936,0.24718463,0.24696037,0.24576013,0.24373525,0.24072829,0.23630063,0.2311585,0.22578725,0.22059372,0.21607466,0.21315043,0.21321584,0.21589735,0.21924314,0.22343022,0.23005773,0.23896846,0.24839517,0.25585517,0.2590234,0.25917405,0.2590775,0.25956836,0.2600759,0.26067367,0.26140907,0.2618326,0.2617884,0.2613663,0.26013213,0.2574617,0.25357187,0.24859309,0.24266966,0.23617686,0.22950402,0.22323366,0.2183074,0.21510775,0.2126896,0.21024272,0.20818432,0.20726155,0.20685053,0.20680304,0.20697966,0.2076396,0.20874083,0.21004918,0.21126264,0.21238248,0.21364117,0.21597226,0.22124991,0.23066187,0.24155903,0.25185138,0.26140985,0.27060175,0.2801293,0.28987414,0.29939136,0.30754977,0.3128683,0.3151678,0.31534982,0.31490824,0.3146915,0.3144601,0.31397718,0.3137403,0.3132916,0.31100094,0.30896688,0.31063247,0.31512305,0.31875938,0.31864274,0.31471565,0.31037548,0.30762437,0.30769166,0.3101489,0.31368935,0.31741306,0.32104528,0.3243605,0.32726547,0.3297357,0.3317086,0.33304343,0.3332958,0.33307227,0.33183476,0.32740423,0.3202597,0.31313956,0.3046605,0.29928198,0.29440394,0.2892097,0.2870768,0.29194906,0.3073329,0.33053955,0.35343826,0.3708342,0.38441437,0.39497858,0.4032372,0.4101885,0.41546038,0.41875505,0.42098603,0.42282495,0.42458382,0.4256406,0.42604905,,,,,,,,,,,,,,,,,,,,,,,,,,,,,,,,,,,,,,,,,,,,,,,,,,,,,,,,,,,,,,,,,,,,,,,,,,,,,,,,,,,,,,,,,,,,,,,,,,,,,,,,,,,,,,0.5295493,0.5297834,0.5243137,0.5117898,0.49121737,0.47968525,0.4782822,0.4746091,0.4703386,0.46743122,0.4652187,0.463638,0.46173334,0.46031317,0.4584242,0.4563279,0.45436668,0.45199248,0.4479373,0.44321984,0.43939403,0.43762624,0.43744624,0.43763575,0.43747243,0.43556407,0.43215117,0.4316649,0.4325101,0.43109587,0.42683795,0.4206907,0.41373014,0.40630648,0.39888662,0.3917725,0.38514173,0.37910882,0.37416333,0.3711343,0.37028927,0.37165818,0.37500498,0.38025513,0.38701117,0.39468157,0.40218195,0.40842175,0.41340643,0.41754982,0.41983485,0.41950122,0.41519532,0.40826672,0.40075308,0.39229187,0.38340315,0.38129067,0.38730377,0.39016056,0.387156,0.37942016,0.37163982,0.368794,0.36831713,0.36495724,0.35748512,0.35017264,0.34986988,0.35914037,0.37144113,0.38202488,0.39635485,0.41860887,0.44212997,0.46333298,0.48133135,0.49531293,0.5059617,0.5144922,0.5207176,0.52256876,0.5184143,0.5159716,0.51706696,0.5177907,0.5169363,0.51257384,0.50670564,0.49969092,0.49311185,0.48775443,0.48433533,0.48098,0.4771173,0.47295618,0.46870813,0.4641176,0.45853806,0.45229036,0.44654027,0.4424902
17.083336,,,,,,,,,,,,,,,,,,,,,,,,,,,,,,,,,,,,,,,,,,,,,,,,,,,,,,,,,,,,,,,,,,,,,,,,,,,,,,,,,,,,,,,,,,,0.2946754,0.28709525,0.2789962,0.27556944,0.2737583,0.27349433,0.27356258,0.27397543,0.27444565,0.27457017,0.27411512,0.2731113,0.2709613,0.26744914,0.262813,0.25711882,0.24990551,0.23993246,0.2262007,0.21018925,0.19518653,0.18371154,0.17685696,0.174235,0.17428184,0.17512228,0.17580432,0.17625874,0.17636365,0.17638852,0.17673434,0.17737485,0.17848429,0.18003932,0.18228747,0.18554774,0.19025375,0.19671585,0.20482679,0.21385813,0.22339195,0.23396215,0.24656363,0.26177427,0.27726284,0.29157168,0.3046798,0.31684262,0.32786608,0.3378361,0.34689546,0.35520092,0.36273846,0.3695433,0.3756981,0.38138157,0.3864972,0.39107987,0.3952048,0.39900813,0.40218228,0.40426794,0.4047101,0.40362236,0.4018511,0.39999273,0.3979537,0.39581466,0.39388248,0.39233276,0.39131582,0.3897964,0.3872427,0.38356024,0.37970987,0.37374568,0.36567438,0.35816768,0.35198566,0.3457774,0.33953512,0.3330702,0.32660615,0.3201019,0.3131419,0.30556446,0.29711425,0.28769284,0.27723408,0.26582807,0.25398934,0.24283269,0.23409852,0.22959065,0.23064744,0.23493733,0.23858564,0.24136122,0.24337034,0.24498321,0.24628578,0.24708086,0.24708274,0.24606824,0.24413857,0.24114713,0.23732938,0.23292987,0.22817273,0.22344741,0.21968092,0.21821114,0.21906751,0.22108018,0.22386482,0.22875243,0.23621616,0.2449209,0.25232747,0.25568965,0.25538063,0.25443926,0.25427905,0.25464854,0.254826,0.25465363,0.25354266,0.25227508,0.25097317,0.2491121,0.24624388,0.24249996,0.23803258,0.2329486,0.227594,0.22238792,0.21787639,0.21429859,0.21146287,0.20913479,0.20721777,0.20611517,0.20608862,0.20659176,0.20723999,0.2078785,0.20849866,0.20885822,0.20890161,0.20864949,0.2083081,0.20874725,0.21182835,0.21975924,0.23230617,0.24557549,0.2572945,0.26773238,0.2772406,0.28609717,0.2948728,0.30329126,0.3093654,0.31345975,0.315805,0.31673142,0.31705892,0.31742033,0.31759632,0.31693968,0.31513053,0.31232697,0.3081309,0.30395907,0.30462584,0.31183133,0.31914017,0.3224764,0.3223232,0.321522,0.32157004,0.3227993,0.32492405,0.32749465,0.33058512,0.33411637,0.3376989,0.3411382,0.3442177,0.34664696,0.348331,0.3489648,0.34865755,0.3472862,0.343348,0.3375475,0.32957026,0.3188784,0.30777884,0.29887766,0.2919029,0.28678402,0.2892712,0.30523068,0.32874942,0.3518662,0.3697294,0.382785,0.39311132,0.401462,0.40856326,0.4145563,0.4190635,0.42246088,0.4252564,0.42653793,0.42683515,0.4270032,,,,,,,,,,,,,,,,,,,,,,,,,,,,,,,,,,,,,,,,,,,,,,,,,,,,,,,,,,,,,,,,,,,,,,,,,,,,,,,,,,,,,,,,,,,,,,,,,,,,,,,,,,,,,0.5300844,0.52990186,0.5287334,0.5195441,0.50176626,0.4772664,0.46841282,0.46856803,0.46312776,0.45900056,0.45779535,0.4580834,0.45995668,0.4601659,0.45870045,0.45670068,0.4540996,0.45068568,0.44817045,0.446213,0.44440085,0.4417478,0.43978256,0.4389766,0.4388277,0.439213,0.4400201,0.43947732,0.43829867,0.4369416,0.43406364,0.42890027,0.42203757,0.41461197,0.40694168,0.3992503,0.39201057,0.38620976,0.38260394,0.38157263,0.38277435,0.3857848,0.39015797,0.3953983,0.40155724,0.40860382,0.41597378,0.42311442,0.4288942,0.43257964,0.43486804,0.43531206,0.43318388,0.42777234,0.41941363,0.41026348,0.4005019,0.39026627,0.3848219,0.38834298,0.39314988,0.3918295,0.3865483,0.37906915,0.37490848,0.3735275,0.37326443,0.3691102,0.36196664,0.3585215,0.3646432,0.3760547,0.38557723,0.39480978,0.41352403,0.43661144,0.45829558,0.4768246,0.49135283,0.5026835,0.5117466,0.51900816,0.5226447,0.52161413,0.5178622,0.51483357,0.51204276,0.5126178,0.50950694,0.50427043,0.49859792,0.49340928,0.49091545,0.48919207,0.48739687,0.48497978,0.48205513,0.47864577,0.47481576,0.47021055,0.46434298,0.4586741,0.45534214
17.0,,,,,,,,,,,,,,,,,,,,,,,,,,,,,,,,,,,,,,,,,,,,,,,,,,,,,,,,,,,,,,,,,,,,,,,,,,,,,0.3003089,0.30021662,0.29988423,0.29872304,0.29721534,0.29670748,0.29721615,0.2973216,0.2974701,0.29919937,0.29966038,0.29784885,0.2942984,0.28623447,0.2823151,0.27395707,0.26864147,0.2677085,0.26688027,0.2674034,0.26809135,0.26882267,0.2696069,0.27016237,0.27030694,0.26984012,0.26799965,0.26460975,0.25984395,0.25363845,0.24547273,0.23444793,0.22000453,0.20339179,0.18764697,0.175115,0.16710514,0.16370645,0.16321571,0.16326079,0.16293056,0.16236022,0.1616672,0.1616324,0.16249993,0.16432476,0.16692679,0.17041518,0.17488356,0.1803179,0.18681096,0.19444911,0.20319453,0.21263859,0.22283405,0.23453642,0.24876693,0.26518047,0.281285,0.29589453,0.30921757,0.32139874,0.3324182,0.34233212,0.3514309,0.35982028,0.36761823,0.37469637,0.38118035,0.38714236,0.39246204,0.39713207,0.40118772,0.40437955,0.40636444,0.40679762,0.40561196,0.4034516,0.4009973,0.39837378,0.39601377,0.39436176,0.39302102,0.39213818,0.3909797,0.38834205,0.38430876,0.37963107,0.37406543,0.36588797,0.35719284,0.34990847,0.34337702,0.3366549,0.33004498,0.3232946,0.3163806,0.3093783,0.30209532,0.2943422,0.28577963,0.27638072,0.26623505,0.25565696,0.2454338,0.2367691,0.23096864,0.22934663,0.23180337,0.23517098,0.23747429,0.23895848,0.24049318,0.24205118,0.24394852,0.24606973,0.2479453,0.2489288,0.2488408,0.24774009,0.24532804,0.2414615,0.2370018,0.23235045,0.22834826,0.22541946,0.2241105,0.22422978,0.22535548,0.22839902,0.2340729,0.24171317,0.24877688,0.25237122,0.25175306,0.24985304,0.24879317,0.24857926,0.24853452,0.24759948,0.24579982,0.24376178,0.241632,0.23911817,0.235972,0.23239112,0.22847518,0.22426628,0.220032,0.21611144,0.21259387,0.20962778,0.20719866,0.20546405,0.20448387,0.20431037,0.20464143,0.20515107,0.20567177,0.20609273,0.20627537,0.20609607,0.2054856,0.20440565,0.20379165,0.2057957,0.21229187,0.22340436,0.23780963,0.25195804,0.26380754,0.2742419,0.28345075,0.29166633,0.29960915,0.30594194,0.31059211,0.31425318,0.31706655,0.31924936,0.32079387,0.32171157,0.32184178,0.32058486,0.31755683,0.31275976,0.30693194,0.301857,0.30240464,0.3104981,0.31828842,0.32313752,0.32545617,0.32683024,0.32810444,0.32984045,0.3322256,0.33545062,0.33934572,0.3436389,0.34795982,0.35204232,0.35567078,0.3586471,0.36081615,0.36196026,0.36195567,0.36058086,0.35735232,0.35243484,0.3456243,0.33563706,0.32239854,0.30894652,0.29845682,0.29077965,0.29366702,0.31074858,0.3334379,0.35408008,0.37091744,0.38289416,0.39256388,0.40048692,0.4074845,0.41391486,0.41960108,0.4243233,0.42729446,0.42810348,0.42768407,0.4279258,,,,,,,,,,,,,,,,,,,,,,,,,,,,,,,,,,,,,,,,,,,,,,,,,,,,,,,,,,,,,,,,,,,,,,,,,,,,,,,,,,,,,,,,,,,,,,,,,,,,,,,,,,,,,0.5307087,0.5300009,0.5266705,0.5142463,0.49469814,0.47274515,0.46172303,0.45606762,0.4490417,0.4466858,0.4491474,0.45245284,0.45480496,0.45404184,0.4511402,0.44779,0.44472888,0.44284475,0.44234768,0.44307092,0.44317392,0.4422223,0.44088688,0.4399583,0.4393365,0.43894327,0.4390145,0.4399359,0.44017178,0.4389587,0.4355344,0.42974097,0.42237216,0.41449827,0.40690836,0.40012693,0.39508203,0.39278695,0.39381984,0.39708653,0.40123954,0.40533325,0.4090383,0.41330305,0.41895944,0.425537,0.4327162,0.4397167,0.4456522,0.4497968,0.45119512,0.4506566,0.4474867,0.4412482,0.43175212,0.42152786,0.41110986,0.40035087,0.39282954,0.39269924,0.39597058,0.39584026,0.39207053,0.38497955,0.37871435,0.37633374,0.37849113,0.37883142,0.37481406,0.37055016,0.3733988,0.38292414,0.39130533,0.39624465,0.41158095,0.4332574,0.45459023,0.47303352,0.48771933,0.4990669,0.50850874,0.5163722,0.52085483,0.5219867,0.51978034,0.5158056,0.50964487,0.5050921,0.50275415,0.5001227,0.49704102,0.49616152,0.4962596,0.49567783,0.49467874,0.49307337,0.4910904,0.48838598,0.48519686,0.48147357,0.4765829,0.47122025,0.46790192
16.916672,,,,,,,,,,,,,,,,,,,,,,,,,,,,,,,,,,,,,,,,,,,,,,,,,,,,,,,,,,,,,,,,,,,,,,,,,,,0.30175114,0.3014063,0.30060917,0.3002171,0.2994087,0.2972586,0.29389468,0.2928447,0.29423597,0.29549333,0.29615083,0.29639146,0.29492295,0.29015014,0.28219113,0.27405223,0.2677724,0.26193666,0.2617927,0.26195264,0.26282755,0.2641757,0.2650164,0.26536903,0.26542303,0.26553282,0.26605138,0.2664302,0.26481542,0.26142147,0.2566464,0.24996617,0.24114904,0.22939071,0.21455735,0.19762899,0.18138139,0.16796173,0.15878691,0.15434748,0.15289567,0.15167885,0.14992428,0.14817582,0.1469567,0.14726053,0.14923413,0.15262558,0.15706055,0.1624286,0.16834547,0.17480811,0.18209541,0.1905676,0.20016602,0.21043457,0.2213603,0.2341722,0.2497332,0.26716423,0.2837606,0.2985214,0.31204653,0.32428014,0.33505473,0.34487748,0.35399574,0.36253515,0.37050965,0.37788817,0.38458103,0.39065477,0.39590722,0.40042803,0.40399504,0.40623862,0.407016,0.40636957,0.40448156,0.40186548,0.39890054,0.39636442,0.395221,0.39492372,0.39475974,0.39365646,0.39171782,0.38663235,0.3803634,0.3739795,0.36623195,0.35668087,0.347861,0.3405147,0.33348465,0.32648793,0.31983346,0.31274384,0.30552837,0.29810813,0.29044873,0.2824966,0.27394292,0.2648929,0.25562742,0.24661739,0.23873493,0.23283744,0.22979991,0.23020616,0.23243172,0.2341993,0.23495167,0.23547791,0.23611246,0.23725988,0.23946047,0.24244235,0.2457472,0.24881078,0.25117418,0.25260362,0.25248426,0.25074723,0.24749973,0.24282324,0.23755844,0.2331454,0.22996442,0.22824655,0.22767457,0.22882771,0.23266612,0.23888357,0.24528407,0.24901995,0.24826491,0.24528044,0.24299295,0.24194925,0.24138215,0.24002995,0.2382623,0.23632185,0.23378685,0.23100375,0.22791225,0.22448981,0.22082062,0.21709847,0.2135522,0.21036913,0.20758916,0.20525041,0.20346855,0.20224442,0.20153126,0.2012911,0.20149948,0.20210326,0.202841,0.20343976,0.20364204,0.20325772,0.20232248,0.20157725,0.20247926,0.20755766,0.21766053,0.23130532,0.24600583,0.25944358,0.27057078,0.28075415,0.28972718,0.29727837,0.3032019,0.30784452,0.31147176,0.31468043,0.3173859,0.31960517,0.3214136,0.32288826,0.3232861,0.3218456,0.3181609,0.31236583,0.30574906,0.30093354,0.30313265,0.30985993,0.31623244,0.32136318,0.32483178,0.32779524,0.33020636,0.3328298,0.33604378,0.3398802,0.3439564,0.34821466,0.35264292,0.35728163,0.36175627,0.36574423,0.3688807,0.37094,0.37173122,0.3709892,0.3685475,0.36445096,0.3589032,0.3507783,0.33887398,0.3248812,0.31233317,0.30237958,0.30732876,0.3245271,0.3440992,0.3607401,0.37440708,0.38500628,0.39362898,0.40062615,0.40706617,0.41335112,0.41957086,0.4246668,0.42742857,0.42762938,0.42769694,0.42864633,,,,,,,,,,,,,,,,,,,,,,,,,,,,,,,,,,,,,,,,,,,,,,,,,,,,,,,,,,,,,,,,,,,,,,,,,,,,,,,,,,,,,,,,,,,,,,,,,,,,,,,,,,,,,0.53162456,0.528235,0.52175117,0.50696266,0.48869613,0.4665562,0.45077422,0.44270828,0.4395247,0.4401581,0.44259605,0.44374612,0.4447158,0.44401893,0.4421789,0.44063497,0.43981034,0.44002372,0.44056156,0.44115573,0.44159544,0.44176105,0.44164106,0.4414927,0.44132605,0.44104853,0.44051775,0.43993238,0.43935663,0.43811247,0.43556935,0.43106046,0.42527232,0.41895694,0.41294333,0.40802786,0.40571633,0.40671343,0.41023588,0.41408324,0.41701043,0.41927633,0.42239228,0.42746428,0.43433037,0.44276565,0.4510118,0.45778465,0.46270117,0.46619815,0.4673007,0.46620852,0.46246627,0.45572373,0.44543746,0.43419668,0.42361444,0.4126092,0.40412304,0.40091002,0.40154374,0.401789,0.39810562,0.3917038,0.38459677,0.38054386,0.38245273,0.3855896,0.38477105,0.38254565,0.3846893,0.39149007,0.39686388,0.39834988,0.4115555,0.43180218,0.45233658,0.47017035,0.484308,0.49518824,0.5046381,0.51276916,0.51801306,0.52004945,0.5197979,0.51742446,0.51167464,0.50593966,0.5024504,0.5000586,0.49937484,0.5003139,0.5009816,0.5003402,0.499343,0.49872303,0.49769533,0.49605125,0.49371627,0.49090543,0.4869372,0.48205712,0.4778381
16.833336,,,,,,,,,,,,,,,,,,,,,,,,,,,,,,,,,,,,,,,,,,,,,,,,,,,,,,,,,,,,,,,,,,,,,,,,,0.3011653,0.2995556,0.29851943,0.29775298,0.29643992,0.29612514,0.29634327,0.2956301,0.2919973,0.29029936,0.29095346,0.2925982,0.2933609,0.29186425,0.28634998,0.2768438,0.26687008,0.26000547,0.25615156,0.25486308,0.2556996,0.2566752,0.25947884,0.2621721,0.263831,0.26436147,0.2637949,0.26280168,0.2627955,0.26317877,0.26192603,0.25842854,0.2533608,0.24627842,0.23696999,0.2248797,0.2099486,0.19308262,0.17643565,0.16235077,0.15215215,0.14656454,0.14396057,0.14142494,0.13833179,0.13567069,0.13439173,0.13528915,0.13835934,0.14302912,0.14882034,0.15509367,0.16161153,0.16865456,0.1767485,0.1861158,0.1964772,0.20732838,0.21894152,0.23273596,0.24938166,0.26751247,0.28451017,0.29949757,0.3131481,0.3252368,0.33585018,0.34562978,0.3547748,0.36337885,0.37148342,0.37889382,0.38563287,0.39166233,0.39680833,0.400944,0.4038876,0.40530327,0.40539026,0.40457574,0.40258718,0.39952153,0.39650378,0.39489493,0.3948134,0.3947062,0.39383876,0.39084736,0.38757163,0.38244757,0.37487173,0.36667275,0.3569951,0.3465576,0.33760834,0.3296156,0.32202896,0.3149939,0.30793482,0.30072376,0.29345906,0.28581974,0.27807572,0.27027988,0.26225534,0.25430104,0.24668369,0.2398097,0.23436712,0.23090222,0.22988711,0.23081544,0.232096,0.23243327,0.23220892,0.23201232,0.23217437,0.23339453,0.23566368,0.23866865,0.24240158,0.24632855,0.250243,0.2537151,0.25611448,0.25709718,0.25607067,0.25292516,0.24808566,0.24170075,0.23615843,0.23257093,0.2303229,0.22980963,0.23208486,0.23684043,0.24220327,0.24583232,0.24510503,0.2411996,0.23738529,0.23498428,0.23342757,0.23175816,0.23016396,0.22850566,0.2263494,0.22390032,0.22112565,0.21805507,0.21483247,0.2115157,0.20844314,0.20571999,0.20339304,0.20146456,0.19996713,0.19889802,0.19824952,0.19809331,0.19846939,0.19936739,0.20056105,0.2017083,0.2023028,0.20207325,0.20178503,0.20250069,0.20558101,0.21376278,0.22574309,0.24015822,0.25422868,0.266497,0.2767558,0.2864363,0.2946834,0.30071768,0.30514574,0.30859187,0.31150714,0.31415957,0.3161555,0.3178355,0.32002676,0.32248244,0.32341158,0.3216247,0.31719238,0.31023252,0.30275092,0.29853356,0.30101022,0.30631593,0.3125355,0.31777975,0.32183695,0.32586405,0.32898235,0.33195287,0.3352267,0.33885127,0.34291798,0.34763664,0.35303903,0.35876712,0.36440226,0.36949083,0.37361088,0.37649584,0.37808526,0.3781176,0.37662065,0.37354705,0.3690698,0.3628746,0.35383877,0.34230343,0.32955143,0.32268214,0.3295994,0.3436792,0.35685226,0.36953357,0.380163,0.38885695,0.39602858,0.40195638,0.40739015,0.4132404,0.41968083,0.42527014,0.42789418,0.4275835,0.42825773,0.4296404,,,,,,,,,,,,,,,,,,,,,,,,,,,,,,,,,,,,,,,,,,,,,,,,,,,,,,,,,,,,,,,,,,,,,,,,,,,,,,,,,,,,,,,,,,,,,,,,,,,,,,,,,,,,,,0.5230894,0.51371473,0.49764815,0.4797778,0.45769018,0.4442676,0.43835348,0.4359603,0.43503648,0.43647352,0.43617317,0.43616298,0.43826744,0.4396819,0.4405924,0.44186753,0.44277513,0.44308135,0.44328216,0.44357815,0.44445756,0.44537637,0.4461627,0.44686624,0.44725987,0.4471314,0.44633678,0.44482923,0.44288903,0.44037414,0.43712777,0.43313357,0.4288157,0.42490402,0.4217004,0.4201567,0.42090335,0.42338434,0.42596385,0.42848888,0.43197438,0.4371385,0.44411188,0.45236748,0.46111447,0.46929735,0.47564453,0.47961995,0.4819721,0.48243013,0.48080075,0.47683534,0.46966597,0.45913142,0.44735548,0.43615285,0.4257021,0.41668224,0.41137454,0.40924305,0.40832144,0.40559366,0.3996232,0.3927334,0.3876647,0.38708726,0.38995206,0.39198503,0.39248592,0.3945235,0.39906546,0.40106007,0.3999375,0.41283205,0.43133152,0.4508496,0.46770558,0.48067123,0.49088883,0.5002792,0.50841844,0.513766,0.516631,0.5175864,0.51687306,0.51379454,0.50963646,0.50668323,0.5047934,0.50402796,0.5036893,0.50263613,0.5015293,0.50147057,0.50221545,0.502684,0.5021689,0.5007225,0.49826702,0.49460998,0.48969665,0.48453614
16.75,,,,,,,,,,,,,,,,,,,,,,,,,,,,,,,,,,,,,,,,,,,,,,,,,,,,,,,,,,,,,,,,,,,,,0.29982865,0.29898456,0.2970742,0.29552144,0.29423085,0.29215187,0.29150897,0.290871,0.2902425,0.29111236,0.29272947,0.29389995,0.29214853,0.29070696,0.28970712,0.29065272,0.29040816,0.28506187,0.27459407,0.26221353,0.25318035,0.2494548,0.24830739,0.24798723,0.2494301,0.25324157,0.25824025,0.262531,0.26544046,0.26639864,0.26526752,0.26342323,0.26190925,0.2609922,0.25956973,0.25585115,0.2501575,0.24264632,0.2328982,0.22060771,0.2058637,0.18918954,0.17253113,0.15787877,0.1468291,0.14021581,0.13655433,0.1328294,0.12881064,0.1256429,0.1243416,0.12553313,0.12909417,0.13451482,0.14070205,0.1474485,0.15465604,0.16244918,0.17118907,0.18110313,0.19211099,0.20364282,0.2159794,0.23061563,0.24797797,0.26669976,0.2840923,0.29925457,0.31292406,0.32488102,0.33527896,0.34496066,0.35401997,0.36253858,0.37046131,0.37785983,0.38465786,0.3906234,0.3954692,0.39910096,0.40133336,0.4025669,0.40283674,0.4021772,0.40002933,0.39671648,0.39397705,0.3929064,0.39224964,0.39012337,0.38839647,0.38677675,0.38334376,0.377032,0.36776364,0.35758114,0.34641877,0.33569345,0.32620052,0.31788194,0.31010124,0.30255222,0.2951793,0.2879115,0.28088343,0.2734675,0.26623136,0.2592446,0.25232697,0.24580769,0.23989134,0.23499748,0.23158425,0.23007788,0.23017438,0.2307523,0.23092583,0.23066744,0.23031427,0.22996557,0.23066498,0.23267287,0.2354099,0.23879687,0.24272458,0.24736771,0.25133234,0.2544729,0.25776243,0.26014918,0.2616093,0.26088205,0.25735176,0.25155753,0.24431565,0.23787901,0.23345992,0.23143823,0.23250803,0.23584138,0.23982306,0.24274613,0.24223514,0.23785909,0.23247485,0.2282305,0.22540763,0.22322372,0.22139055,0.21970893,0.21817487,0.21610835,0.21361779,0.21089779,0.208029,0.20510176,0.20234655,0.19995147,0.19799614,0.19655706,0.19563584,0.19511677,0.19480929,0.19485418,0.19567902,0.1972546,0.19927336,0.20123513,0.20266402,0.20342141,0.20459378,0.20708066,0.21236576,0.2213202,0.23384418,0.2477331,0.26106492,0.27194703,0.28126994,0.2900422,0.29677668,0.3015657,0.30522457,0.30813617,0.3104229,0.31232318,0.31366992,0.3153774,0.3186118,0.32170212,0.32242745,0.3198958,0.31412423,0.30573803,0.29727882,0.29277673,0.2934973,0.29896298,0.30726877,0.3124649,0.31699282,0.32128724,0.32422933,0.3268704,0.32987028,0.3335594,0.33840868,0.34426478,0.3508152,0.3576311,0.36427042,0.3702908,0.37520564,0.37886012,0.381146,0.38200128,0.38147587,0.3795368,0.3761016,0.37162504,0.36506462,0.35678476,0.3489486,0.34857532,0.35266104,0.3608579,0.36877215,0.3772539,0.38594761,0.39308456,0.39891514,0.40367162,0.40835634,0.4138055,0.42023018,0.42630714,0.430232,0.43042713,0.43097788,0.43130574,,,,,,,,,,,,,,,,,,,,,,,,,,,,,,,,,,,,,,,,,,,,,,,,,,,,,,,,,,,,,,,,,,,,,,,,,,,,,,,,,,,,,,,,,,,,,,,,,,,,,,,,,,,,,,0.5174297,0.50299996,0.4852572,0.46952677,0.45206028,0.4448086,0.44065687,0.43645188,0.43405896,0.43441042,0.4334486,0.43323156,0.43608025,0.43877283,0.4403739,0.44147602,0.44263974,0.44359797,0.44473562,0.44622922,0.44805154,0.44999927,0.45197043,0.45384037,0.4552467,0.4559865,0.45596147,0.45513096,0.45358282,0.4514708,0.44885796,0.44600692,0.44312465,0.44016567,0.43750516,0.43580464,0.43609858,0.43752497,0.44057173,0.44554076,0.45115277,0.45766556,0.46530163,0.47342643,0.48110077,0.48799998,0.49304366,0.4959387,0.49663234,0.49592468,0.49351722,0.48981592,0.48311713,0.47278893,0.46084562,0.44889855,0.43830615,0.4293082,0.42247635,0.41816485,0.41558537,0.4132061,0.40906128,0.40315363,0.3973408,0.39392924,0.39450535,0.39645037,0.3976871,0.39991456,0.40241146,0.40190846,0.40106657,0.41440463,0.4316176,0.4496197,0.46539026,0.47675142,0.48561347,0.49452758,0.5024863,0.50724125,0.5106249,0.5126592,0.51336193,0.5124534,0.51028657,0.50781286,0.5049135,0.5020234,0.49976406,0.4984163,0.49936703,0.50156444,0.5037599,0.50541645,0.5059214,0.5051728,0.50310266,0.49952438,0.495082,0.49018183
16.666672,,,,,,,,,,,,,,,,,,,,,,,,,,,,,,,,,,,,,,,,,,,,,,,,,,,,,,,,,,,,,,,,,,0.2986045,0.29783487,0.29511413,0.29344597,0.29074952,0.28769636,0.28584602,0.28452268,0.28373742,0.2835743,0.28426787,0.28672034,0.2907152,0.29441494,0.29580966,0.2952716,0.29327804,0.29084522,0.28952777,0.28593463,0.27609587,0.26238018,0.2498147,0.24334861,0.24206446,0.24137308,0.24179152,0.24568018,0.25217018,0.25912526,0.2648595,0.26887637,0.2707324,0.27022338,0.26722494,0.2632137,0.26053965,0.25786027,0.25367856,0.24723303,0.2391412,0.22893587,0.21641657,0.20186093,0.18572976,0.16917853,0.15424515,0.14259829,0.13511278,0.13051893,0.12589149,0.12134621,0.11786611,0.11632258,0.117266536,0.120614074,0.12606943,0.13260972,0.1396977,0.14772417,0.15620767,0.16539809,0.175731,0.18729328,0.19961521,0.21265393,0.22781023,0.24576442,0.26507178,0.28277794,0.2980468,0.3115563,0.32320753,0.33336872,0.34287974,0.35163254,0.35987782,0.36774868,0.37517527,0.3819622,0.38783336,0.3924638,0.39567876,0.3978228,0.3991778,0.39988017,0.39937904,0.39712274,0.39375642,0.39136875,0.3905651,0.38960767,0.3872212,0.38532552,0.38343403,0.3787372,0.37038693,0.3592956,0.34756076,0.33552378,0.32440165,0.31534868,0.3070368,0.29874957,0.2911358,0.28355128,0.27649564,0.26971743,0.26291955,0.25647026,0.2501318,0.24422428,0.23889224,0.2344732,0.23125081,0.22950578,0.22902964,0.22918741,0.22944048,0.22959684,0.22965442,0.22966027,0.23003365,0.23176917,0.23456211,0.23813717,0.24235015,0.24688613,0.25133806,0.2552507,0.2584946,0.26099235,0.26315284,0.2654859,0.26628357,0.2649024,0.2602963,0.2534504,0.2456235,0.23882219,0.23489606,0.2343742,0.23566566,0.23774776,0.23967375,0.23948854,0.23534371,0.22929326,0.22333564,0.2186752,0.21542212,0.21292879,0.21135798,0.21027884,0.2086243,0.20620497,0.20329846,0.20012665,0.19708942,0.19442186,0.1921852,0.19061236,0.18983752,0.18967785,0.18996787,0.19051936,0.19141565,0.19294931,0.19528235,0.19824693,0.20125884,0.2039049,0.20601338,0.20885766,0.21307498,0.21964893,0.22944279,0.24111742,0.2540499,0.2662329,0.27575818,0.28420052,0.2916255,0.29678592,0.30084243,0.30402854,0.3062833,0.3079471,0.3089156,0.30990872,0.3123522,0.31622222,0.31932536,0.31968084,0.3163946,0.3093238,0.29926148,0.28891546,0.28210732,0.2815579,0.28978902,0.3000825,0.30563313,0.310702,0.31410334,0.31593364,0.3184144,0.32193854,0.326518,0.33210906,0.33875322,0.34600562,0.35340554,0.36086524,0.36760804,0.37328124,0.3777509,0.38081592,0.38251874,0.38294843,0.38210672,0.3800195,0.37716696,0.3731817,0.36916333,0.36689937,0.36905742,0.36868498,0.37303576,0.37703475,0.38349763,0.39025733,0.39654994,0.40150058,0.40545204,0.40980878,0.41500223,0.42133018,0.42759424,0.4322104,0.43348476,0.43365327,0.43285218,0.4327858,,,,,,,,,,,,,,,,,,,,,,,,,,,,,,,,,,,,,,,,,,,,,,,,,,,,,,,,,,,,,,,,,,,,,,,,,,,,,,,,,,,,,,,,,,,,,,,,,,,,,,,,,,,,0.519111,0.5104402,0.48785624,0.47097272,0.4622244,0.45017037,0.44549298,0.44077665,0.4367922,0.4340782,0.43290803,0.43131402,0.43083525,0.4324013,0.43406072,0.43516088,0.43639305,0.4379589,0.43994918,0.4423741,0.44515896,0.4481705,0.45141783,0.454673,0.45776254,0.46040934,0.46243906,0.46374375,0.46412694,0.46364325,0.46251437,0.460801,0.45874366,0.45666838,0.4546458,0.45280758,0.45214847,0.4538681,0.45810536,0.46266755,0.46758994,0.4740048,0.48088017,0.48762584,0.4941919,0.5002786,0.50545835,0.5090363,0.5109229,0.5107416,0.5089061,0.5057822,0.5020732,0.49654907,0.48690355,0.47475752,0.46205428,0.45086226,0.4415763,0.4338732,0.42788765,0.42387667,0.42093697,0.41761935,0.413386,0.40837625,0.40336528,0.4002294,0.3994504,0.3996047,0.40088823,0.40096903,0.3986237,0.4027523,0.41615555,0.4322477,0.448563,0.46276417,0.47209495,0.47845128,0.4857671,0.49247918,0.49673355,0.50028837,0.50367266,0.50529444,0.505073,0.5029344,0.4992562,0.49501413,0.49242926,0.4923606,0.4938563,0.49578035,0.49850145,0.5012419,0.50354356,0.50485575,0.5047736,0.50315,0.50005656,0.49589056,0.4915714
16.583336,,,,,,,,,,,,,,,,,,,,,,,,,,,,,,,,,,,,,,,,,,,,,,,,,,,,,,,,,,,,,,,,0.2937054,0.29368362,0.29266968,0.29008046,0.28623348,0.28329906,0.28009117,0.277871,0.2763386,0.2756047,0.2756494,0.27659103,0.27956513,0.2852316,0.29253072,0.2981495,0.30028468,0.29920855,0.29577848,0.29156193,0.2870264,0.27951556,0.26624092,0.2512778,0.24023224,0.23634599,0.2359756,0.2355615,0.23837641,0.2453121,0.25394368,0.2619798,0.26848137,0.2730658,0.27543515,0.27552274,0.27269906,0.26773852,0.2613347,0.25698,0.25199133,0.24488445,0.23600194,0.22524296,0.21259028,0.19806363,0.18241577,0.16635934,0.15145877,0.1394361,0.13132535,0.12579884,0.12056128,0.11570976,0.1119238,0.10997404,0.11030655,0.1130238,0.11807932,0.12449457,0.13210152,0.14092603,0.15020378,0.15989704,0.17054476,0.18251348,0.19548365,0.20904021,0.22459373,0.24307641,0.26273605,0.28059426,0.2958243,0.3090666,0.32032904,0.33026302,0.33939353,0.34780633,0.35589486,0.36363816,0.3709644,0.37766042,0.38360405,0.38829398,0.39158157,0.3938333,0.39553326,0.396525,0.39629897,0.39428416,0.39120126,0.38901472,0.3883237,0.3872286,0.38474265,0.3822646,0.379417,0.37296385,0.36263987,0.3504288,0.3375884,0.32499278,0.31413677,0.30522996,0.29659557,0.28835824,0.28046072,0.27287677,0.26585233,0.25932178,0.25284988,0.24665819,0.24124324,0.23643556,0.23245804,0.22951627,0.22761753,0.22674283,0.22675289,0.22721614,0.22794178,0.22878097,0.22955495,0.23048791,0.23212841,0.23492882,0.23849338,0.24266925,0.24719197,0.25202596,0.25660807,0.2607601,0.264021,0.26623553,0.2678213,0.26922062,0.27059868,0.2705402,0.26777333,0.26195616,0.25431812,0.24629314,0.24071002,0.23780361,0.23678532,0.23608509,0.23637307,0.23650247,0.2332136,0.22742294,0.2211246,0.21499214,0.2100329,0.20672736,0.20494638,0.20396262,0.20262663,0.20042774,0.19738713,0.19391392,0.19081537,0.18832214,0.18639758,0.18534048,0.1853546,0.18624708,0.18786517,0.18989255,0.19222753,0.19472118,0.1975217,0.20077312,0.20404036,0.20717834,0.21030182,0.2144531,0.21989372,0.22727372,0.2366929,0.24756308,0.25941804,0.2699547,0.27813554,0.28547296,0.2913249,0.29516494,0.29875237,0.30125448,0.30276945,0.30359474,0.3039245,0.30511245,0.3082949,0.31213748,0.31507307,0.31531477,0.31146672,0.30320528,0.2912959,0.27816203,0.26831803,0.2681941,0.2800887,0.29194993,0.2987839,0.30351505,0.30553183,0.3066136,0.3091313,0.31312135,0.31820968,0.3245891,0.33182633,0.33915362,0.34684902,0.35459614,0.36160538,0.36792997,0.37322232,0.37717098,0.37975347,0.38124555,0.38173375,0.38122535,0.38006768,0.3786039,0.37771806,0.37830737,0.3811232,0.3788312,0.3784457,0.38101846,0.38683712,0.39341417,0.399144,0.40362644,0.40781498,0.41190568,0.41680863,0.42288193,0.42891797,0.43347928,0.4354241,0.43532673,0.4341164,0.43373188,,,,,,,,,,,,,,,,,,,,,,,,,,,,,,,,,,,,,,,,,,,,,,,,,,,,,,,,,,,,,,,,,,,,,,,,,,,,,,,,,,,,,,,,,,,,,,,,,,,,,,,,,,,,0.50757164,0.49893337,0.47373277,0.45721835,0.45520994,0.44591,0.44254804,0.4381507,0.43522272,0.43255046,0.43007657,0.42779097,0.42664766,0.4264525,0.4263445,0.4269482,0.4289921,0.43208006,0.43567032,0.4395829,0.44353753,0.44746912,0.45140168,0.45530608,0.4591043,0.46261904,0.4656606,0.4681122,0.46972427,0.47032055,0.4700111,0.4688888,0.4682249,0.4674062,0.46660748,0.46771976,0.47151753,0.4739718,0.4769424,0.48258948,0.489037,0.49447265,0.4999624,0.5057068,0.5112228,0.5161058,0.51994085,0.5226584,0.5241439,0.5237296,0.52112967,0.51736754,0.5132579,0.50823444,0.49950886,0.48760697,0.47507697,0.46382472,0.4540223,0.44561026,0.4382579,0.4327988,0.42851937,0.42492872,0.4218948,0.41813436,0.41305268,0.40791208,0.40370747,0.40061194,0.39932784,0.3990605,0.39794683,0.40594718,0.4186882,0.43310133,0.44750896,0.46013266,0.4669139,0.46909901,0.47260618,0.4773765,0.48028693,0.48415655,0.48926696,0.49198616,0.49161756,0.48995653,0.4876875,0.48611343,0.48663798,0.48842636,0.49025837,0.49223778,0.49395952,0.49556297,0.4974866,0.498769,0.4987937,0.49769515,0.49553996,0.49277878,0.4901397
16.5,,,,,,,,,,,,,,,,,,,,,,,,,,,,,,,,,,,,,,,,,,,,,,,,,,,,,,,,,,,,,0.29084963,0.29069197,0.2902564,0.28872868,0.28684053,0.28527874,0.281598,0.27702555,0.27345148,0.27125257,0.26999116,0.26972255,0.26956648,0.26999366,0.2717287,0.2762606,0.28404254,0.29334483,0.2989924,0.30117238,0.29975742,0.29565772,0.28979012,0.28236568,0.27124804,0.25608593,0.24181858,0.23286621,0.23059972,0.23019987,0.23212962,0.2387429,0.24822408,0.25768733,0.2658117,0.27250624,0.27762732,0.2805898,0.2806928,0.2785297,0.2731299,0.26463097,0.25712195,0.25097612,0.2431915,0.23356955,0.22220519,0.2092049,0.19485635,0.1794847,0.16391407,0.14931177,0.13723005,0.12856854,0.12222924,0.11655761,0.1114597,0.107434474,0.10504158,0.10462881,0.10656277,0.11086634,0.11674399,0.1246109,0.13433269,0.14464717,0.15505186,0.16588435,0.17796485,0.19130625,0.20532684,0.22119726,0.2399277,0.2597089,0.27759138,0.29268453,0.30565035,0.31657574,0.32614183,0.33484074,0.34291577,0.35061172,0.35804218,0.3651412,0.37184933,0.3780507,0.38321692,0.38703993,0.38962206,0.39136213,0.39258194,0.39296988,0.39169922,0.38920918,0.38719124,0.38624334,0.38481537,0.38196117,0.37860733,0.37465838,0.36684594,0.3549893,0.3418331,0.32845974,0.31567863,0.30464497,0.29530895,0.28639293,0.27780166,0.26961166,0.2619895,0.25475016,0.24781375,0.24145532,0.23629679,0.23223405,0.22890887,0.22641459,0.22469695,0.22372511,0.22348249,0.22400323,0.22524703,0.22693375,0.22880746,0.23085977,0.23326463,0.23648813,0.24028412,0.24439244,0.24884453,0.25351185,0.25816077,0.26276627,0.26701686,0.27040264,0.27266192,0.2736541,0.27413192,0.27457145,0.2750785,0.27364284,0.269269,0.26249343,0.25444463,0.2476559,0.24286796,0.23927246,0.23600551,0.23360603,0.23238808,0.23026606,0.22594276,0.22059676,0.21471988,0.20904161,0.2046814,0.20185277,0.20034237,0.19895951,0.19695188,0.1940049,0.19061613,0.18769369,0.18554842,0.18412082,0.1837938,0.18475044,0.18671978,0.18952914,0.19273323,0.19623053,0.19979288,0.2033484,0.20680971,0.21023954,0.21385467,0.21785305,0.22259349,0.22787921,0.2347516,0.2430306,0.2527504,0.2632147,0.27213567,0.2786815,0.28468052,0.28908807,0.29218414,0.2950439,0.29656684,0.2973623,0.29756907,0.29803923,0.30004114,0.30317837,0.30623084,0.30872568,0.30908534,0.3054881,0.2969228,0.28398034,0.26919794,0.2577022,0.25833353,0.2723549,0.28510767,0.29248837,0.29667968,0.29756,0.29787606,0.30010897,0.3043688,0.31020603,0.31706247,0.323821,0.33055463,0.33799413,0.3455406,0.3526569,0.359372,0.36544827,0.37025955,0.37389958,0.37659347,0.37843528,0.37964648,0.38037848,0.38096374,0.38191363,0.3833702,0.38453534,0.38461158,0.38232294,0.38307032,0.38858604,0.39518657,0.40058327,0.40524432,0.40981734,0.41429317,0.41912964,0.42472497,0.43031114,0.4346277,0.43646026,0.4358742,0.43455508,0.4343653,,,,,,,,,,,,,,,,,,,,,,,,,,,,,,,,,,,,,,,,,,,,,,,,,,,,,,,,,,,,,,,,,,,,,,,,,,,,,,,,,,,,,,,,,,,,,,,,,,,,,,,,,,,0.5013129,0.49121532,0.4807066,0.45709193,0.44961324,0.4462477,0.4382497,0.4367616,0.43298894,0.43071005,0.4274989,0.42454618,0.42174834,0.41934192,0.4179393,0.41833332,0.4205136,0.42434785,0.42923266,0.4343622,0.4396734,0.44491607,0.44973877,0.45411602,0.4582054,0.46208218,0.46550182,0.46845493,0.4711526,0.47337344,0.47485194,0.47510278,0.47478127,0.4764404,0.47754705,0.48130077,0.48366377,0.48706457,0.49163496,0.4953951,0.49937108,0.50464314,0.51058674,0.51617175,0.5213222,0.5258064,0.52964485,0.5323202,0.5341007,0.5349368,0.5344544,0.532077,0.52798474,0.52304137,0.5176935,0.50997,0.50007993,0.48852712,0.47744215,0.46700785,0.45735243,0.44854102,0.4414772,0.43586615,0.43167368,0.42882794,0.42610484,0.42176366,0.41597584,0.4097513,0.40468457,0.40168732,0.40203005,0.40210998,0.41078532,0.422001,0.4341027,0.44635344,0.4573743,0.46298733,0.46104833,0.4589175,0.46054778,0.46228912,0.46716192,0.4754396,0.481228,0.48357594,0.48496246,0.4863322,0.4872843,0.48751825,0.48845077,0.49049756,0.49273232,0.49358466,0.49332157,0.4935255,0.49372244,0.49334788,0.4927071,0.491521,0.49027112,0.4893608
16.416672,,,,,,,,,,,,,,,,,,,,,,,,,,,,,,,,,,,,,,,,,,,,,,,,,,,,,,,,,,,0.29297712,0.28962344,0.28751034,0.28606847,0.28564137,0.28366187,0.28091758,0.27769512,0.27328447,0.26884264,0.26553053,0.2644747,0.26455638,0.26518452,0.2654753,0.26611036,0.26823458,0.27351514,0.2822332,0.29176375,0.29751983,0.29919603,0.29706413,0.29236928,0.28520942,0.27526066,0.26163054,0.24620634,0.2329564,0.22563238,0.22398819,0.22598752,0.23198745,0.24160124,0.25137004,0.26017353,0.2678833,0.27476224,0.28056794,0.2846703,0.2857208,0.28377357,0.27870363,0.26985958,0.25913993,0.25088716,0.24233457,0.2320326,0.22015132,0.20680012,0.19235341,0.17730078,0.1622304,0.1480492,0.13601822,0.12684931,0.11976169,0.11374327,0.108460665,0.104288325,0.10160213,0.10051595,0.10151761,0.10483914,0.11007952,0.11790207,0.12809016,0.13952772,0.15084617,0.16185336,0.17385167,0.18730527,0.20161165,0.21759093,0.23636061,0.2560692,0.27379212,0.28861493,0.30128273,0.3119005,0.32104522,0.3292968,0.33683616,0.34400228,0.35101625,0.35791802,0.3647151,0.37119374,0.37697828,0.38164574,0.38493314,0.3870154,0.38830733,0.38914964,0.38898686,0.38743094,0.38560805,0.3843325,0.38258833,0.3792981,0.374867,0.36989972,0.36134663,0.34832478,0.33443612,0.32058942,0.30749187,0.29575267,0.28575084,0.27629057,0.26769954,0.25963187,0.25170743,0.24401575,0.23736404,0.23189054,0.22785728,0.22471116,0.22230415,0.22080398,0.22003753,0.21962701,0.22007573,0.22163063,0.22402294,0.2270632,0.23057915,0.23434034,0.23842739,0.2426952,0.24696228,0.25140893,0.25598067,0.26057097,0.26511687,0.26960033,0.27356762,0.27711952,0.2794615,0.28036535,0.27992713,0.27932942,0.27907115,0.27816385,0.2753057,0.26974633,0.26236278,0.25493494,0.24849744,0.24277127,0.23731273,0.23200344,0.22810791,0.22584519,0.22261094,0.21915066,0.21513386,0.2104526,0.20606175,0.20247048,0.1999768,0.19794942,0.19577812,0.193044,0.18998876,0.18722367,0.18526573,0.18408607,0.1841043,0.18549506,0.18806359,0.19152771,0.19538836,0.1993891,0.20348638,0.2076984,0.21196024,0.21627636,0.22059113,0.22508009,0.22959428,0.23433787,0.2401738,0.24742663,0.25625643,0.26548123,0.2727334,0.27753633,0.28218403,0.2853197,0.28756517,0.289274,0.28993598,0.29032192,0.29090986,0.29260063,0.2950615,0.29739848,0.2995792,0.30131465,0.30170617,0.2991012,0.2916767,0.2798242,0.26591855,0.25498447,0.25514743,0.26829645,0.280486,0.2873493,0.2909418,0.2912241,0.29102376,0.29272687,0.29687098,0.30288857,0.30939642,0.315331,0.32128012,0.32787567,0.33483338,0.34164596,0.34835342,0.3546856,0.3600871,0.36456105,0.36820567,0.3711158,0.37371138,0.3759869,0.37807044,0.38028204,0.38253137,0.38487804,0.38666353,0.38639736,0.38680795,0.39050066,0.3962755,0.40144372,0.40622282,0.41126844,0.41628045,0.4216141,0.42686635,0.4316559,0.4353606,0.4362963,0.43522424,0.43428317,0.4347981,,,,,,,,,,,,,,,,,,,,,,,,,,,,,,,,,,,,,,,,,,,,,,,,,,,,,,,,,,,,,,,,,,,,,,,,,,,,,,,,,,,,,,,,,,,,,,,,,,,,,,,,0.5148458,0.5111467,0.505734,0.49407765,0.48072135,0.46386603,0.44572136,0.4409321,0.43571892,0.42980576,0.42809248,0.42540568,0.42315412,0.41921875,0.4158836,0.41218442,0.4098715,0.41009632,0.4126652,0.41700083,0.4221821,0.4278549,0.43399,0.44052008,0.4471068,0.45328134,0.45887128,0.46382937,0.46819663,0.47166306,0.47396123,0.47557998,0.47713682,0.47889638,0.47977167,0.48049688,0.48367998,0.48817626,0.4923264,0.4950132,0.49824125,0.5025682,0.506914,0.5121039,0.51762146,0.5233729,0.52866006,0.53333,0.53727186,0.5399763,0.541545,0.54236615,0.54271746,0.5422892,0.5400722,0.53611904,0.53147924,0.5265532,0.520037,0.5114883,0.5008947,0.48982638,0.47857925,0.46771362,0.4579407,0.44948575,0.44300613,0.43840662,0.43529582,0.43273216,0.42904067,0.42333096,0.4163839,0.41046092,0.40734354,0.407658,0.40846172,0.41602907,0.4250493,0.4348818,0.4450079,0.45465156,0.46112806,0.4612992,0.45656842,0.45428458,0.45486385,0.45891732,0.46797016,0.47700885,0.48274085,0.4868156,0.48985323,0.49193242,0.49233252,0.4928478,0.49448463,0.4959949,0.49612075,0.4949781,0.49389553,0.49334833,0.49258256,0.49175945,0.49065164,0.48949942,0.48900768
16.333336,,,,,,,,,,,,,,,,,,,,,,,,,,,,,,,,,,,,,,,,,,,,,,,,,,,,,,,,,,0.28922746,0.28701112,0.28038105,0.27724132,0.27583528,0.27571017,0.27462536,0.27258107,0.26948696,0.26603654,0.26291692,0.26079324,0.26036665,0.2605254,0.26110476,0.2617545,0.26286644,0.26531607,0.27058285,0.27916288,0.28822398,0.2936072,0.29436076,0.29160187,0.2863466,0.27805808,0.2662409,0.25138548,0.23582625,0.22342527,0.21719375,0.2176431,0.2239136,0.23356271,0.24327567,0.25191253,0.25972056,0.26713794,0.27430868,0.28097326,0.286355,0.28921002,0.28831327,0.28384125,0.27556455,0.26340562,0.25207856,0.2424532,0.23150621,0.2192525,0.20562501,0.19095959,0.17601806,0.16137487,0.14764634,0.13565049,0.12592973,0.11830627,0.11206984,0.10671657,0.102482,0.099705696,0.09816968,0.09835202,0.10079694,0.10526512,0.11246874,0.12255043,0.1347272,0.14705645,0.15838455,0.17017882,0.18351322,0.1978931,0.21382679,0.23245294,0.25197494,0.26931474,0.28369734,0.2960568,0.30634975,0.31503063,0.32277223,0.329776,0.3363908,0.34301904,0.34971207,0.3564251,0.36310786,0.36949655,0.37511268,0.3794217,0.38222283,0.38386878,0.3848956,0.38558766,0.3852994,0.38407135,0.3825723,0.38041306,0.37665027,0.37136155,0.365601,0.3569001,0.34354508,0.3291054,0.31436625,0.30042917,0.28772092,0.2766442,0.266877,0.25870118,0.25132102,0.24387695,0.23666792,0.23065798,0.22622041,0.2224253,0.21879964,0.21632308,0.21546026,0.21540312,0.21583213,0.21741988,0.22028093,0.22416706,0.22892901,0.23421557,0.23951554,0.2446979,0.24970363,0.25445512,0.2588864,0.2632351,0.2677686,0.27242067,0.27690783,0.28087732,0.28415895,0.28660217,0.28739917,0.28677356,0.285104,0.28335315,0.28189465,0.27970508,0.27570432,0.26939484,0.26205736,0.2546277,0.24719624,0.23994942,0.23251957,0.22609025,0.22149678,0.21790363,0.21599853,0.21369466,0.21071939,0.20740373,0.2047455,0.20216583,0.19981658,0.1974187,0.19468085,0.191707,0.18905768,0.18720476,0.18631613,0.1866186,0.18826741,0.19122852,0.19504876,0.19911915,0.20316587,0.20731151,0.2116372,0.21615322,0.2207825,0.2255054,0.23007883,0.23456988,0.23914456,0.24432927,0.2507295,0.25860754,0.26653746,0.2719014,0.27506018,0.2783094,0.28012145,0.28115913,0.28174135,0.28190252,0.2827937,0.28469288,0.28713265,0.28943625,0.29157943,0.2934344,0.29452217,0.29447237,0.2924478,0.28702652,0.27803338,0.26749706,0.25940403,0.25896296,0.26825997,0.27749404,0.2829934,0.28594407,0.2867903,0.28659528,0.28758484,0.2907057,0.29595822,0.30215868,0.30749616,0.312443,0.31800482,0.32396546,0.3298621,0.33580294,0.34173852,0.34708822,0.35180852,0.35588914,0.3593103,0.36262256,0.3658806,0.3691714,0.3728339,0.3768204,0.38110453,0.38516802,0.3881922,0.39041206,0.39303112,0.39716,0.40154636,0.4063823,0.4118202,0.4177436,0.42400074,0.42927927,0.4330926,0.43604442,0.43646824,0.435061,0.43448624,0.43541917,,,,,,,,,,,,,,,,,,,,,,,,,,,,,,,,,,,,,,,,,,,,,,,,,,,,,,,,,,,,,,,,,,,,,,,,,,,,,,,,,,,,,,,,,,,,,,,,0.53911054,0.5366343,0.53370863,0.5306919,,,0.5213641,0.5184053,0.5151199,0.5094384,0.4983758,0.48041314,0.4640644,0.44643784,0.43567777,0.4307632,0.42442092,0.4201597,0.4174864,0.41501486,0.41178554,0.4082758,0.4048064,0.4024486,0.40218335,0.40453434,0.40844008,0.4130006,0.41828436,0.42447752,0.4315137,0.43918177,0.44701847,0.45469567,0.46194166,0.46855646,0.47433987,0.4789613,0.48192456,0.48310313,0.4832796,0.48375398,0.48447362,0.4855593,0.48806098,0.49211085,0.4968072,0.5010285,0.5051076,0.5099101,0.5152354,0.5210129,0.52704227,0.53298426,0.53819615,0.5423078,0.5451501,0.5467215,0.54724056,0.5474012,0.54741234,0.5466952,0.54483795,0.5415712,0.53682923,0.5315213,0.5256445,0.5181981,0.5088836,0.49820015,0.4868492,0.47578827,0.46577898,0.45666516,0.4498518,0.44515577,0.44174528,0.4389193,0.43548402,0.42996487,0.4230897,0.41660684,0.41353104,0.4129211,0.41446626,0.42081314,0.42756328,0.4350626,0.44340208,0.45136744,0.45835954,0.4630677,0.4635518,0.461609,0.4598285,0.46081665,0.4659548,0.47422877,0.48120323,0.48639512,0.4904833,0.49409544,0.4969707,0.4992637,0.5011858,0.50220627,0.501756,0.5001273,0.49794936,0.49634483,0.49519324,0.4943697,0.49317056,0.49098217,0.48912594
16.25,,,,,,,,,,,,,,,,,,,,,,,,,,,,,,,,,,,,,,,,,,,,,,,,,,,,,,,,,0.28952935,0.2832519,0.275221,0.2667727,0.26333532,0.26209992,0.26307553,0.26366633,0.26315695,0.26173234,0.25972477,0.25800923,0.25689033,0.25638434,0.25622407,0.25704366,0.25856426,0.2602137,0.26259235,0.26724237,0.27500963,0.283237,0.28793392,0.28775167,0.28448242,0.278527,0.26905793,0.25618714,0.24071814,0.22565679,0.2143896,0.21014087,0.21425186,0.22395945,0.23369783,0.24206546,0.24958012,0.256383,0.26391095,0.2717918,0.2794557,0.28613892,0.2906465,0.29152018,0.28829423,0.28104138,0.26915067,0.25530654,0.24364294,0.23221791,0.21940036,0.20573485,0.19109967,0.17602095,0.1614356,0.1478212,0.13570936,0.12561736,0.11772123,0.11147856,0.10619983,0.1020241,0.099258445,0.09758712,0.09728661,0.09904742,0.102629885,0.10871092,0.11813896,0.1305917,0.14372794,0.1555367,0.16701353,0.17998591,0.19419067,0.20988293,0.22808515,0.2472083,0.26405975,0.2779726,0.29000697,0.2999854,0.30824566,0.31550092,0.32203308,0.3282116,0.33446556,0.34078625,0.347225,0.35386747,0.36059865,0.36700296,0.37247106,0.37655744,0.37915587,0.38054457,0.38146564,0.3820827,0.38191155,0.38051018,0.37759858,0.37310928,0.36760432,0.36174184,0.35399753,0.34120625,0.32626906,0.3108949,0.29570943,0.28172582,0.26940116,0.25899002,0.25076932,0.24430892,0.23795433,0.2318933,0.22679563,0.222736,0.21831173,0.2134721,0.21058215,0.21033557,0.21130025,0.2126713,0.2155607,0.22007601,0.22556415,0.23191924,0.2383821,0.24469174,0.2506722,0.25628236,0.26138347,0.2659929,0.27036867,0.27496424,0.27987427,0.2845908,0.28856993,0.29161087,0.29378453,0.29480326,0.29423216,0.29238862,0.28975728,0.28679708,0.28388256,0.28027815,0.27511582,0.26854673,0.26105243,0.2528391,0.24447957,0.23597914,0.22793634,0.22151755,0.21681707,0.2139994,0.21193995,0.209668,0.2075461,0.20611738,0.20432721,0.20279156,0.20083387,0.1985007,0.19588408,0.19343853,0.19173436,0.19107354,0.19154409,0.19342136,0.19647999,0.20022829,0.2041448,0.20793211,0.21178469,0.21590483,0.22039214,0.22514398,0.22984678,0.2344057,0.23888479,0.24321052,0.24766143,0.2531058,0.25994918,0.26648453,0.27007592,0.27159908,0.27336618,0.27392852,0.27358308,0.27313593,0.27332684,0.27516088,0.27766538,0.28025478,0.2826526,0.28537363,0.2879335,0.28955162,0.2896869,0.28792146,0.2840416,0.27817675,0.27162558,0.2669555,0.266476,0.27052942,0.27565822,0.2792785,0.28136662,0.2831649,0.2838115,0.2846484,0.28630096,0.29009777,0.29568374,0.30082646,0.30508134,0.30965126,0.31449997,0.3191924,0.3237357,0.32851067,0.33316082,0.3374491,0.34141582,0.3448172,0.34809867,0.35169935,0.35576424,0.36058232,0.36629066,0.37279338,0.37945995,0.38541165,0.38983747,0.3933809,0.39692858,0.40100098,0.4058516,0.41149852,0.41815534,0.42483947,0.43039268,0.43417075,0.43687928,0.4376229,0.43594766,0.43540812,0.43610162,0.43701467,,,,,,,,,,,,,,,,,,,,,,,,,,,,,,,,,,,,,,,,,,,,,,,,,,,,,,,,,,,,,,,,,,,,,,,,,,,,,,,,,,,,,,,,,,,,,,0.5414737,0.53822434,0.5345518,0.53125644,0.5276401,0.5244712,0.522117,0.520186,0.51795894,0.51335603,0.5012789,0.48294416,0.46090612,0.4435772,0.43218178,0.42558601,0.42034528,0.41365483,0.40981132,0.4063308,0.40357164,0.4001919,0.39759448,0.395607,0.39500436,0.39616027,0.398656,0.4022244,0.40676606,0.41219786,0.41884962,0.4267092,0.4354,0.4444084,0.45351562,0.46238583,0.47072262,0.4782098,0.4845622,0.48927173,0.49170667,0.49181795,0.49062952,0.48976254,0.48982254,0.49074402,0.49435842,0.49945775,0.50558025,0.5103959,0.5155717,0.52158475,0.52825344,0.5346016,0.54007894,0.54491556,0.5481208,0.54994786,0.55064815,0.550255,0.5494678,0.54874945,0.547813,0.54628175,0.54294896,0.53765315,0.53237635,0.52778906,0.5216386,0.51316124,0.503362,0.49250233,0.48189604,0.47197655,0.46308053,0.45659158,0.45199737,0.4482124,0.44469365,0.4409717,0.43607852,0.4295486,0.42288092,0.4192593,0.4174496,0.41952068,0.42405125,0.42845523,0.43416053,0.44091734,0.4473057,0.45450744,0.46154845,0.46685204,0.46822393,0.46729618,0.46637422,0.46742854,0.47225243,0.4782749,0.48404244,0.48922226,0.49430442,0.49883616,0.5027133,0.5057219,0.5077966,0.50809544,0.50682443,0.50465864,0.5022478,0.5002182,0.49867684,0.49681988,0.49398893,0.49097186
16.166672,,,,,,,,,,,,,,,,,,,,,,,,,,,,,,,,,,,,,,,,,,,,,,,,,,,,,,,,0.28954104,0.28378147,0.2765212,0.26370594,0.25490654,0.25145003,0.250673,0.25261652,0.2549009,0.25575367,0.25529975,0.25410676,0.25329643,0.25271076,0.25214225,0.25230873,0.25372225,0.25568575,0.25754607,0.25956085,0.26326603,0.26980454,0.2770309,0.28115794,0.28004125,0.27638084,0.2701968,0.26017466,0.24705108,0.2318759,0.2174377,0.2071969,0.20588867,0.21349637,0.22331189,0.23158187,0.23851974,0.24426587,0.25082904,0.2587224,0.2674122,0.27612418,0.2841194,0.29026383,0.2931427,0.29163682,0.28589994,0.2754207,0.26086053,0.24644072,0.2340123,0.22096877,0.20692231,0.19235,0.17739572,0.16271415,0.1489499,0.1366021,0.12632917,0.118414484,0.1123096,0.10717437,0.10302154,0.10022926,0.09855093,0.098054856,0.09937715,0.10218901,0.106994554,0.11536078,0.12762699,0.14122051,0.15339449,0.16445626,0.1768142,0.19055945,0.20568588,0.22312574,0.24159394,0.25792217,0.2713799,0.283137,0.29287845,0.30078262,0.30768389,0.31384814,0.31969365,0.32558447,0.33152375,0.33760667,0.34391913,0.3504894,0.35723573,0.3636532,0.36928162,0.37358332,0.37621158,0.37745976,0.37801135,0.3783263,0.3777117,0.37481377,0.36958635,0.3637412,0.35821998,0.3519206,0.3414628,0.32712033,0.31147146,0.29532588,0.27965507,0.26568955,0.25392956,0.24487987,0.23844352,0.23303637,0.22815393,0.22399563,0.22016425,0.21494672,0.20888555,0.20557769,0.20608284,0.20791504,0.21013896,0.21477255,0.22054137,0.2271519,0.2343972,0.24175024,0.24870978,0.25539628,0.26167634,0.26732194,0.27231765,0.276914,0.2816508,0.28672555,0.29167908,0.2957659,0.29882672,0.30081692,0.30194113,0.30190042,0.30038652,0.29772398,0.29413578,0.2900178,0.28539854,0.28032786,0.27438983,0.26727688,0.25919357,0.25053063,0.24172556,0.2332639,0.22610566,0.22032452,0.21602754,0.2130985,0.21070066,0.2090607,0.20765343,0.20643443,0.2053486,0.20410988,0.20258412,0.2008815,0.19915429,0.19786537,0.19745994,0.19823493,0.20037007,0.20333868,0.20669107,0.21017493,0.2136494,0.21707873,0.22078606,0.22503892,0.22969842,0.23427595,0.23860542,0.24275902,0.24664357,0.25041297,0.25490266,0.26062155,0.26576763,0.26798195,0.26785976,0.26809412,0.26769662,0.26625204,0.2648981,0.26474082,0.266788,0.26956895,0.2725449,0.2755328,0.27887133,0.2821158,0.28472772,0.2861867,0.28603265,0.28426436,0.28134903,0.27821344,0.2761601,0.27538654,0.2749929,0.27556825,0.2766042,0.27776968,0.2794,0.2813456,0.28328145,0.28394032,0.28592062,0.29034743,0.29526705,0.29923442,0.3028678,0.30670753,0.31046796,0.3136909,0.31706336,0.32062075,0.32402882,0.32723072,0.33018622,0.33315486,0.33642298,0.34043282,0.345604,0.35231805,0.36068738,0.3700813,0.3792567,0.38627902,0.39123398,0.39550707,0.39981434,0.40455496,0.4101616,0.4166789,0.4233191,0.4291215,0.43384004,0.43714473,0.43852293,0.43705064,0.4367845,0.43707544,0.43753222,,,,,,,,,,,,,,,,,,,,,,,,,,,,,,,,,,,,,,,,,,,,,,,,,,,,,,,,,,,,,,,,,,,,,,,,,,,,,,,,,,,,,,,,,,,,,,0.5405203,0.53626484,0.5322416,0.5294562,0.52632606,0.524214,0.52212715,0.5203525,0.51660645,0.50524396,0.48422965,0.46017775,0.43927,0.4275442,0.42132205,0.4159043,0.4094507,0.40387172,0.40091327,0.39743966,0.39471462,0.39156133,0.3891045,0.38760915,0.3873613,0.38836566,0.39043826,0.39355183,0.39777416,0.40335053,0.410584,0.41932145,0.42901963,0.43918628,0.44955632,0.45984948,0.469851,0.4791604,0.48734868,0.4940563,0.49874318,0.50049996,0.49932232,0.4968301,0.49500912,0.4943002,0.49633482,0.50148225,0.5080657,0.5132974,0.5187389,0.5248878,0.5313866,0.53784364,0.54385847,0.54862106,0.5513103,0.5525456,0.5528558,0.5521439,0.5508225,0.54928094,0.5479748,0.54609936,0.5428574,0.53835315,0.5343705,0.5299453,0.52376384,0.5157999,0.50625765,0.4961956,0.486645,0.47715136,0.46926105,0.46338,0.45843473,0.4532891,0.44814578,0.44381395,0.44012752,0.4346291,0.42835942,0.42437205,0.42114958,0.4228164,0.4250272,0.42796463,0.4323715,0.43725702,0.44255057,0.44976017,0.4581761,0.46630067,0.47097808,0.46956673,0.46837637,0.46988702,0.4727784,0.4767805,0.48227125,0.48813283,0.49410528,0.4992958,0.5039657,0.5079269,0.5108835,0.5124741,0.5123438,0.51103944,0.50908774,0.50698006,0.50493467,0.50238395,0.49887022,0.49502453
16.083336,,,,,,,,,,,,,,,,,,,,,,,,,,,,,,,,,,,,,,,,,,,,,,,,,,,,,,,,0.2855506,0.2758792,0.26753107,0.25409,0.24550915,0.2424907,0.24232979,0.24540116,0.24902762,0.25192285,0.25318432,0.25289845,0.25265494,0.25277174,0.25225055,0.25173628,0.2519659,0.25303438,0.2545375,0.25637394,0.25914404,0.26397318,0.2700181,0.2739155,0.2721619,0.26745823,0.26121837,0.2517543,0.2390835,0.22479486,0.21121688,0.20241739,0.20381041,0.2131769,0.22185081,0.2280634,0.2323121,0.23647965,0.24258001,0.25085065,0.26044545,0.270369,0.27988848,0.2879123,0.29295382,0.29374442,0.2899762,0.28152183,0.26803645,0.25194666,0.237268,0.22382325,0.20961878,0.19476233,0.17981482,0.16509724,0.15115951,0.13858107,0.1281448,0.120197095,0.11423564,0.1093503,0.105250604,0.10239612,0.10070973,0.10023586,0.10140946,0.10369428,0.10736254,0.114481755,0.12616125,0.1397528,0.15201291,0.1625505,0.1740315,0.18701832,0.20124547,0.21761502,0.23516482,0.25089097,0.26387814,0.27533326,0.28491795,0.29261807,0.29932418,0.30530488,0.3109537,0.3165745,0.32223603,0.3280576,0.33399913,0.3401625,0.34665862,0.3533202,0.35989493,0.36583787,0.37064543,0.3736467,0.3746938,0.37459797,0.3738687,0.3720239,0.36760977,0.36156085,0.35576466,0.34998238,0.3421468,0.3303543,0.3156241,0.29954025,0.28287894,0.2671798,0.25352627,0.24279422,0.23524377,0.22977853,0.22530453,0.22171842,0.21828634,0.21248883,0.20539397,0.20173573,0.2029096,0.2051125,0.20876627,0.21446748,0.22058745,0.22766985,0.2358342,0.24383101,0.25152692,0.2589354,0.26590955,0.27218297,0.2776728,0.28256777,0.28742906,0.29252023,0.2974903,0.30168205,0.30497757,0.30730647,0.30874965,0.3092112,0.3084712,0.3064654,0.30320174,0.29877663,0.29338217,0.28728172,0.28076532,0.27374288,0.26602578,0.2576666,0.2489871,0.2406071,0.23329528,0.22719277,0.22191428,0.21757026,0.21458629,0.21311839,0.21226048,0.21133317,0.21010768,0.20886567,0.2077254,0.20660692,0.2056393,0.205034,0.20516106,0.2063513,0.20841908,0.21089682,0.2137441,0.216881,0.22018047,0.22341007,0.22682837,0.23070404,0.23495823,0.23917729,0.24306579,0.24662584,0.24985062,0.25275877,0.25620753,0.26073596,0.2648329,0.26614958,0.26460862,0.26334098,0.26218322,0.26016593,0.257932,0.25674915,0.25819442,0.26126492,0.26489705,0.26861817,0.2724159,0.2762445,0.27951738,0.28215185,0.28373906,0.28438956,0.28431076,0.28398407,0.28376544,0.28338492,0.2820719,0.2798933,0.27791876,0.27719802,0.27695066,0.2793549,0.28269747,0.28359687,0.2838679,0.28645548,0.29087487,0.29452428,0.29736984,0.29999313,0.30303177,0.30563745,0.30806193,0.31069422,0.3133564,0.31574374,0.31806722,0.3205371,0.32321262,0.32665986,0.33136582,0.3380087,0.34699237,0.35831055,0.370545,0.38080364,0.38791284,0.3932347,0.39800423,0.40279806,0.40811238,0.4138805,0.42008653,0.42600816,0.43176168,0.43652079,0.43924326,0.43899107,0.43905768,0.43873438,0.43848085,,,,,,,,,,,,,,,,,,,,,,,,,,,,,,,,,,,,,,,,,,,,,,,,,,,,,,,,,,,,,,,,,,,,,,,,,,,,,,,,,,,,,,,,,,,,,0.54336876,0.5393217,0.53452337,0.5320281,0.53092396,0.5284591,0.5258907,0.52242655,0.5170197,0.50728506,0.48778594,0.46092367,0.43659565,0.42161202,0.41526756,0.41098917,0.40583333,0.40013748,0.39529133,0.39119157,0.38786337,0.38512495,0.38232136,0.37999368,0.37856916,0.37803403,0.37843397,0.37983987,0.38255644,0.3866567,0.3926616,0.40098017,0.41117656,0.42238152,0.43391508,0.44533822,0.45643,0.467362,0.47804567,0.48787883,0.49643332,0.5032218,0.50738174,0.50783855,0.50499713,0.50169,0.49903622,0.4984745,0.50254977,0.5090615,0.51424456,0.5190403,0.52487665,0.53195256,0.53943807,0.5460182,0.5509498,0.5533029,0.5542106,0.5544659,0.55410504,0.5530481,0.5513378,0.5496128,0.54745364,0.5449003,0.541502,0.5371538,0.5316779,0.52504915,0.51710206,0.508497,0.49963826,0.49053377,0.48223847,0.47534883,0.46938714,0.46320364,0.45555136,0.44851092,0.4442089,0.44194412,0.43838185,0.43312207,0.42886737,0.42413324,0.42416346,0.4250957,0.42703027,0.43016058,0.43319216,0.4374749,0.44424528,0.45339468,0.463544,0.4716215,0.4725401,0.4705275,0.4710974,0.47331583,0.476593,0.48138615,0.48741454,0.49404076,0.49991202,0.5052655,0.50984997,0.51326907,0.5154529,0.5162813,0.51588845,0.51465625,0.51295596,0.5109464,0.5084289,0.50483143,0.5005097
16.0,,,,,,,,,,,,,,,,,,,,,,,,,,,,,,,,,,,,,,,,,,,,,,,,,,,,,,,,0.28335276,0.27151144,0.25895175,0.2463393,0.23833391,0.2362201,0.23659545,0.23980242,0.24379154,0.24795353,0.25153926,0.2537768,0.2553234,0.25647599,0.2563298,0.25496295,0.25309706,0.25214416,0.2521782,0.253289,0.25516793,0.25831535,0.2628599,0.26647687,0.2650889,0.25933054,0.25230518,0.24316543,0.23155518,0.21888533,0.20717318,0.20129323,0.20429593,0.21300545,0.21937901,0.22255057,0.22361626,0.22581276,0.23143356,0.24016161,0.25105163,0.26256967,0.27372333,0.2834893,0.29080823,0.29421505,0.2928108,0.28674206,0.27564,0.25999296,0.24319293,0.22805694,0.21366303,0.19868302,0.18339112,0.16840412,0.15424074,0.14142764,0.13070685,0.12261058,0.11673377,0.112120695,0.108245976,0.10545668,0.10386671,0.1035616,0.10481007,0.10673206,0.10943222,0.115289465,0.12608229,0.13927872,0.1513106,0.16123432,0.17164207,0.18358198,0.1966189,0.21160157,0.22803779,0.24305005,0.25545886,0.26651475,0.2759213,0.28350317,0.29020664,0.29617134,0.3017957,0.30735207,0.31295872,0.31870204,0.32454365,0.33048105,0.33653745,0.34278125,0.34926662,0.3558186,0.36221766,0.36767352,0.37129602,0.37246022,0.3713827,0.36930245,0.36577675,0.36086372,0.35519493,0.34905154,0.342364,0.33346277,0.32117683,0.30630934,0.290073,0.2735664,0.2582473,0.24536015,0.23596828,0.22927326,0.22411801,0.22035107,0.21701077,0.21066925,0.20269687,0.19888952,0.2005964,0.20310579,0.20802905,0.2136788,0.21961553,0.22741199,0.23640284,0.24509242,0.253468,0.26147777,0.2691137,0.27602,0.282075,0.28743038,0.2924603,0.2974476,0.30222684,0.30648118,0.31011975,0.31295672,0.31494266,0.31597608,0.3159913,0.31483525,0.31239533,0.30865696,0.30353466,0.29703045,0.28970096,0.28190902,0.27384835,0.26575083,0.25739703,0.24932872,0.24212626,0.23598544,0.23039281,0.22517496,0.2210412,0.21898888,0.21851861,0.21825667,0.21759471,0.2166431,0.21552922,0.21457523,0.21401103,0.2138539,0.21427052,0.21526754,0.21661325,0.21843372,0.22110073,0.2244453,0.22799441,0.23127116,0.23449185,0.2378832,0.24146484,0.2449625,0.24806613,0.2507949,0.25324315,0.2552648,0.25744557,0.26061383,0.26385975,0.26489988,0.26251245,0.25972426,0.2577449,0.25543895,0.25254452,0.25008434,0.25016066,0.25295013,0.25701842,0.26131552,0.2655825,0.26982555,0.27362657,0.27704278,0.27985978,0.28219792,0.28414908,0.28586966,0.28722438,0.2879915,0.28789556,0.2864639,0.284232,0.28170013,0.2794165,0.2795881,0.28224948,0.2845243,0.28415057,0.2844232,0.28740895,0.29106534,0.29331884,0.29459757,0.29640058,0.29832286,0.30011967,0.30224985,0.3045157,0.30679548,0.30903637,0.31124705,0.31363514,0.31654698,0.32044685,0.32625684,0.33464757,0.34612656,0.36006168,0.37333447,0.38318214,0.39004874,0.39563084,0.40087798,0.40604156,0.41109183,0.4167241,0.42243743,0.4286865,0.43473348,0.43919593,0.44111782,0.4412673,0.44035128,0.43945992,,,,,,,,,,,,,,,,,,,,,,,,,,,,,,,,,,,,,,,,,,,,,,,,,,,,,,,,,,,,,,,,,,,,,,,,,,,,,,,,,,,,,,,,,,,,,0.543002,0.5383861,0.5340022,0.53210056,0.53040713,0.52641547,0.5215557,0.515534,0.5056838,0.48975438,0.46498793,0.43755493,0.41806152,0.40811163,0.40346614,0.40019113,0.39612386,0.39104754,0.3856711,0.3807144,0.3768378,0.3738856,0.37147292,0.36939982,0.36787567,0.3669421,0.36699396,0.36816087,0.37069425,0.37497982,0.38199878,0.39190248,0.4040193,0.4169509,0.43008405,0.44264472,0.4544115,0.46575287,0.47700635,0.48788777,0.49762556,0.5058689,0.5121242,0.51479894,0.5130734,0.50863296,0.50425607,0.5030032,0.505936,0.5110231,0.51546353,0.51951724,0.52495366,0.5323523,0.5404993,0.5476003,0.5525199,0.5546827,0.55526143,0.5553816,0.5554389,0.5549648,0.5536731,0.5519948,0.54978424,0.54709125,0.5432307,0.53829265,0.53258437,0.52596056,0.5186518,0.5108544,0.5024856,0.49436098,0.4870402,0.48037457,0.47372717,0.4657472,0.45619988,0.44874898,0.44480008,0.4430749,0.4411805,0.43735287,0.43218356,0.42689168,0.4261,0.42574,0.42643127,0.4288872,0.43050215,0.43376172,0.4389616,0.44762516,0.458976,0.46989062,0.47519073,0.47443697,0.4733877,0.47451785,0.47734085,0.4818609,0.48785925,0.4944322,0.50088114,0.5068321,0.5118649,0.51559824,0.51811075,0.51938033,0.51954246,0.518865,0.51758796,0.515814,0.51366025,0.51057583,0.5062079
15.916672,,,,,,,,,,,,,,,,,,,,,,,,,,,,,,,,,,,,,,,,,,,,,,,,,,,,,,,,0.28056508,0.26789448,0.25228208,0.24017066,0.23347637,0.23203255,0.23256336,0.23489155,0.23844813,0.2430689,0.24819924,0.25282454,0.25640386,0.25888017,0.25970328,0.25869977,0.25657094,0.2539585,0.25177845,0.25094455,0.25145113,0.25309914,0.25579253,0.25878066,0.25869507,0.2535221,0.24591528,0.23703973,0.22668573,0.21596558,0.20706221,0.20342158,0.20682363,0.21272323,0.21553811,0.21509512,0.21276107,0.21315803,0.21821105,0.22762363,0.23995036,0.25334498,0.2662373,0.27759814,0.2868339,0.29287314,0.29433793,0.29070914,0.28249323,0.26915145,0.25213623,0.2347718,0.21900477,0.20400317,0.18873422,0.17339478,0.1587671,0.1455637,0.13447635,0.12607464,0.1200994,0.1156733,0.11213482,0.10959086,0.10818224,0.108036585,0.10921195,0.11072949,0.11259508,0.11741614,0.12729602,0.13977422,0.15129314,0.16047512,0.16965574,0.18032227,0.19193837,0.20523827,0.2203025,0.23446243,0.2461402,0.25659618,0.2657178,0.27316386,0.27993086,0.28600702,0.29173133,0.29748,0.30332655,0.30927894,0.3153309,0.32143772,0.32750437,0.33352566,0.3395517,0.34580162,0.35223642,0.35885265,0.36474136,0.36908767,0.3708313,0.36950716,0.36552757,0.36043015,0.35484436,0.34899947,0.34267753,0.3356537,0.32633606,0.31365442,0.29864386,0.28251266,0.26641878,0.25182912,0.24035166,0.23166822,0.22492406,0.22030489,0.2163813,0.20910136,0.20023261,0.19691655,0.19866171,0.20178352,0.20717318,0.21208715,0.2181155,0.22669272,0.236107,0.24529362,0.25422063,0.26282573,0.27115324,0.2788221,0.28563052,0.29162705,0.29701632,0.3020065,0.3065863,0.3108312,0.31466243,0.31795582,0.3205933,0.32234356,0.3230648,0.3226783,0.32100236,0.31803164,0.3137735,0.3080374,0.30076888,0.2926057,0.28387704,0.27512643,0.26667115,0.25884,0.2518933,0.24569933,0.23991211,0.23443732,0.22970372,0.22702828,0.22622828,0.2258121,0.22517788,0.22440478,0.22365363,0.22310445,0.2227049,0.2224889,0.22244594,0.22263145,0.22363456,0.22592866,0.22942518,0.23347388,0.23736604,0.24072509,0.24361135,0.24631754,0.24907026,0.25158298,0.2537202,0.25564262,0.25730792,0.2585859,0.25939405,0.26062056,0.26302722,0.26418966,0.2617944,0.2577697,0.2549222,0.25212952,0.24881431,0.24508744,0.24319407,0.24486732,0.24888518,0.25360385,0.25824937,0.26260644,0.26670724,0.27054083,0.27405298,0.27726626,0.28045627,0.28349376,0.2860743,0.2881649,0.28950062,0.28970683,0.2887988,0.28694275,0.28440928,0.28195578,0.28261465,0.2852305,0.2866722,0.28586355,0.2860444,0.288428,0.2904541,0.2911116,0.29172623,0.29191592,0.29269424,0.2941302,0.29609382,0.29850948,0.3012928,0.30398944,0.306582,0.30945927,0.31288332,0.31779674,0.32506186,0.3354614,0.34926304,0.36427656,0.3768682,0.3858355,0.39262655,0.39849892,0.40389386,0.4088787,0.41405195,0.41944054,0.42548153,0.431868,0.43740153,0.44132608,0.44232392,0.44149956,0.44043788,0.44094187,,,,,,,,,,,,,,,,,,,,,,,,,,,,,,,,,,,,,,,,,,,,,,,,,,,,,,,,,,,,,,,,,,,,,,,,,,,,,,,,,,,,,,,,,,,0.54611975,0.54214984,0.5369095,0.5324544,0.5284191,0.5251891,0.517783,0.5106954,0.5035346,0.49053177,0.47112367,0.44637558,0.4224743,0.40786245,0.39982575,0.39469057,0.39051,0.3865881,0.38145718,0.37524003,0.36982614,0.3658385,0.36333656,0.3617162,0.36028063,0.3585667,0.35681188,0.35603106,0.3567819,0.3591913,0.3640036,0.37219816,0.38360286,0.39716282,0.41160104,0.42628625,0.44015947,0.45283136,0.4646951,0.4765711,0.48847514,0.49914303,0.5079649,0.5155552,0.52027655,0.5204071,0.5154972,0.51020426,0.5075396,0.5094725,0.51378953,0.5179668,0.52186453,0.52684104,0.5339528,0.54180455,0.54861146,0.55329794,0.5555792,0.5559271,0.5556974,0.55563766,0.55536115,0.55449915,0.55294883,0.55065095,0.54764956,0.5436416,0.5388356,0.5334149,0.5272083,0.5203491,0.5128848,0.505221,0.49787626,0.49087515,0.48368266,0.4755059,0.46586394,0.45684454,0.45109215,0.44725606,0.44504508,0.44329262,0.43981385,0.43410727,0.4307562,0.4290271,0.42686728,0.4270281,0.4294608,0.43135,0.4346851,0.4371099,0.4432948,0.45400858,0.46605957,0.47516334,0.47853243,0.4780162,0.47815552,0.48014483,0.48403636,0.48949414,0.49597746,0.50275946,0.5088442,0.5137739,0.51752216,0.52032125,0.5219557,0.5224585,0.5221593,0.52126527,0.51980144,0.5178266,0.5152235,0.51135343
15.833336,,,,,,,,,,,,,,,,,,,,,,,,,,,,,,,,,,,,,,,,,,,,,,,,,,,,,,,,0.2754937,0.2617327,0.24601305,0.23485166,0.22986299,0.22834393,0.22800325,0.22914219,0.23233567,0.23748118,0.24362904,0.2497988,0.25523877,0.25936395,0.2617683,0.2620672,0.26045758,0.257552,0.25395232,0.25076023,0.2489937,0.24864928,0.24948637,0.25109735,0.2516898,0.24842615,0.24171339,0.23376946,0.22488706,0.21617112,0.20935851,0.20714846,0.20949447,0.2118665,0.21090724,0.20662968,0.20144941,0.20053576,0.20533314,0.21539718,0.22868417,0.24350724,0.2581072,0.27112305,0.28185967,0.2899526,0.29442015,0.2936672,0.28792703,0.27766135,0.26271543,0.24488273,0.22701105,0.21065855,0.19537748,0.18042052,0.1658547,0.1523478,0.14075777,0.13172145,0.12526043,0.12067816,0.11730843,0.11493752,0.113600485,0.11338309,0.114112236,0.11508009,0.11631729,0.12051504,0.12963472,0.14120443,0.15199116,0.16030338,0.16812801,0.17735223,0.18738346,0.19872795,0.21205449,0.22517255,0.23592111,0.24551584,0.25414932,0.2613399,0.26801324,0.27417764,0.28012165,0.2862708,0.29261348,0.29912418,0.30575827,0.31246418,0.3190597,0.32550776,0.3317082,0.3376534,0.3436438,0.34986863,0.35621712,0.362526,0.3674576,0.36959282,0.36799395,0.36308062,0.35668436,0.3498028,0.34332407,0.3372034,0.3300993,0.32030585,0.3069536,0.2917328,0.27561304,0.2600187,0.2467229,0.23592119,0.2272662,0.22148852,0.2163074,0.20755875,0.19800027,0.19544955,0.19705349,0.20082167,0.20576474,0.21015458,0.21637794,0.22503671,0.23461035,0.24416591,0.25357702,0.26289138,0.2720055,0.28058574,0.28832167,0.29503742,0.3010666,0.30637044,0.31104764,0.31530815,0.3192356,0.32282048,0.3259948,0.32846975,0.32996276,0.33034757,0.32935074,0.3269879,0.32322282,0.31828853,0.3120076,0.3043851,0.29579657,0.28660485,0.2773775,0.2690512,0.2619552,0.25551468,0.24956053,0.24398956,0.23932302,0.2362786,0.23468621,0.23332763,0.23199902,0.23083872,0.2300084,0.22949983,0.22906339,0.22844687,0.22792728,0.22842094,0.23059246,0.23434508,0.23882212,0.24309479,0.24683982,0.24990669,0.25238088,0.25446168,0.2563616,0.25799814,0.25936732,0.26075348,0.261977,0.26279214,0.2629057,0.2623166,0.26295525,0.26379374,0.262021,0.25768724,0.25385743,0.2504293,0.2467667,0.24217716,0.23804536,0.23763129,0.2408503,0.2456399,0.25053686,0.25495967,0.2590964,0.2628836,0.26651418,0.2699598,0.27363783,0.2772891,0.28073767,0.2838921,0.28638083,0.28805897,0.2887288,0.28814763,0.28656596,0.28440994,0.28422695,0.28680778,0.2898397,0.29057166,0.28916726,0.28807482,0.28815672,0.28892863,0.28909785,0.2881701,0.28730682,0.28720877,0.28845102,0.29078627,0.29407045,0.29758233,0.30086926,0.30401272,0.30723447,0.31143218,0.3175254,0.32657686,0.33926198,0.3546224,0.3691352,0.38027,0.388615,0.3953089,0.40121332,0.4066494,0.41173413,0.41676548,0.42218316,0.42825034,0.43453163,0.43963277,0.4424905,0.44254625,0.44163597,0.44153994,0.44200575,0.44260618,,,,,,,,,,,,,,,,,,,,,,,,,,,,,,,,,,,,,,,,,,,,,,,,,,,,,,,,,,,,,,,,,,,,,,,,,,,,,,,,,0.56147003,0.5596669,0.558315,0.55582607,0.5531991,,,0.54965115,0.54531723,0.54001766,0.5327218,0.5270266,0.5216525,0.5174657,0.5089182,0.5005354,0.4915019,0.47752258,0.45847285,0.43693247,0.41783148,0.40594968,0.39841995,0.39143363,0.384147,0.37823582,0.37229013,0.36532784,0.35931185,0.355392,0.35380623,0.35385737,0.35394365,0.3530984,0.35053235,0.34767202,0.34688196,0.34876075,0.35387987,0.36283153,0.3749749,0.3889994,0.40438718,0.42034578,0.43594137,0.4502439,0.46313176,0.47593868,0.48925316,0.50122654,0.51049817,0.51866335,0.52475446,0.526694,0.5224964,0.51667154,0.51151204,0.51264226,0.516821,0.5213875,0.52561015,0.5302331,0.53609633,0.54275674,0.5484842,0.5529733,0.55582064,0.55645794,0.5559821,0.5554657,0.55498505,0.554214,0.55298704,0.5510523,0.54826355,0.5445693,0.540091,0.53493047,0.5289832,0.52228725,0.5150847,0.50788724,0.50074965,0.49356842,0.48518264,0.47497246,0.46513563,0.45856425,0.45506573,0.4517491,0.44818917,0.44531912,0.4416134,0.43624258,0.43434745,0.43170872,0.4283146,0.4280227,0.42979404,0.43307808,0.43809175,0.44055077,0.4436909,0.45130113,0.4620103,0.47263718,0.47960356,0.48139676,0.48184413,0.48308507,0.48628512,0.4915523,0.4984298,0.5053197,0.51109296,0.51551336,0.5191039,0.5222092,0.5242824,0.525121,0.52498823,0.52422804,0.5230239,0.5212302,0.51886725,0.5156321
15.75,,,,,,,,,,,,,,,,,,,,,,,,,,,,,,,,,,,,,,,,,,,,,,,,,,,,,,,,0.2714203,0.25480026,0.24019447,0.2304632,0.2264234,0.22411892,0.22235197,0.22282816,0.22595963,0.23144823,0.2383746,0.24567257,0.25266704,0.25853485,0.2625943,0.26435533,0.26373324,0.26135743,0.25747272,0.25285998,0.24881423,0.24590313,0.24457958,0.2442486,0.24414499,0.2424333,0.2375246,0.23110045,0.22422189,0.21735957,0.21211135,0.21065259,0.21137258,0.21028824,0.20586577,0.19850983,0.19199313,0.19098951,0.19630465,0.20659803,0.21992539,0.2348724,0.2501948,0.26468682,0.2770504,0.28640473,0.29288816,0.29544204,0.2925247,0.28477824,0.27279466,0.25692317,0.23877788,0.22060609,0.2038601,0.1885907,0.17444432,0.16126963,0.14952157,0.13984098,0.13258532,0.12748697,0.12388816,0.121369615,0.11982249,0.1192241,0.11929445,0.11966017,0.120514415,0.12437321,0.13280684,0.14337064,0.15329397,0.16070634,0.16709995,0.17475879,0.1831172,0.19231038,0.20348887,0.2152982,0.22495416,0.23336257,0.24119256,0.24785998,0.25409463,0.26011926,0.26624617,0.27295038,0.2800604,0.28753236,0.2952646,0.303016,0.3105971,0.31787953,0.32484585,0.3313361,0.33733112,0.3432407,0.34906474,0.3552775,0.3614478,0.36651736,0.36878908,0.36720568,0.36193815,0.3538359,0.34529108,0.33857527,0.33268183,0.32537672,0.31404245,0.29992393,0.28418615,0.2681038,0.25338292,0.24074437,0.23048614,0.22342408,0.21651451,0.20602721,0.19590227,0.19409215,0.19569974,0.1998677,0.20407791,0.20827359,0.21417707,0.22248201,0.23224863,0.2420644,0.2518935,0.26188478,0.27177772,0.2812857,0.2899622,0.29753017,0.30435714,0.31034634,0.3155364,0.32010868,0.3242535,0.32803398,0.3314329,0.33422095,0.33623418,0.33746162,0.33748773,0.33598554,0.33257976,0.32786933,0.32209304,0.31536588,0.30754068,0.29861405,0.28924662,0.2801497,0.27224192,0.2651328,0.25882658,0.25323558,0.24860534,0.24513236,0.24253845,0.23997204,0.23775303,0.23590776,0.23457034,0.23376264,0.23289809,0.23202263,0.23224291,0.23445743,0.2383969,0.2429366,0.24724267,0.25092545,0.25410986,0.25669882,0.25877267,0.26035058,0.2616518,0.26287538,0.26404345,0.26531893,0.26658037,0.26735973,0.2673223,0.26613396,0.2647037,0.26385567,0.2626528,0.259056,0.2543838,0.2502421,0.24621813,0.24124777,0.23524794,0.2319154,0.23322749,0.2374621,0.24253649,0.24716759,0.2512426,0.25476092,0.25805697,0.26108286,0.26440018,0.26804182,0.2718211,0.27565297,0.2792657,0.28260714,0.28527948,0.287049,0.2877656,0.2879457,0.28898165,0.29156327,0.2941784,0.29575434,0.29538578,0.29310066,0.29018643,0.28820175,0.2870914,0.28618288,0.28433186,0.28261235,0.28281444,0.28467426,0.28787196,0.29190946,0.29598668,0.29938474,0.30249408,0.30617374,0.3112934,0.31897384,0.33045548,0.3452248,0.36047992,0.37329298,0.383333,0.39127997,0.39786425,0.4037842,0.40909463,0.41405922,0.41909438,0.42480844,0.4314508,0.43729082,0.4416217,0.44303173,0.44254363,0.44203514,0.44212154,0.4429058,,,,,,,,,,,,,,,,,,,,,,,,,,,,,,,,,,,,,,,,,,,,,,,,,,,,,,,,,,,,,,,,,,,,,,,,,,,,,,,0.5646106,0.56250495,0.5607187,0.55798006,0.5549071,0.55171937,0.5491492,0.5478677,0.54680663,0.5468235,0.5411636,0.5327879,0.5233835,0.51666063,0.5121589,0.5091799,0.50207114,0.4944504,0.4840227,0.4699659,0.45321918,0.43492994,0.4196227,0.4088665,0.40077284,0.39252338,0.38226745,0.37272784,0.36484468,0.3571412,0.350069,0.34541678,0.34483048,0.34655422,0.34854466,0.34960642,0.34756544,0.34269503,0.3390634,0.3396085,0.34438822,0.35347405,0.36550856,0.37940422,0.39524567,0.4122835,0.42978713,0.44630018,0.46084648,0.47459415,0.48895806,0.5029241,0.51362556,0.52197886,0.5289387,0.5319494,0.52882594,0.52264017,0.51599795,0.51557064,0.51839054,0.52331215,0.5284416,0.53312165,0.5375078,0.54251736,0.5472613,0.5518444,0.55525404,0.5565332,0.55617636,0.5552482,0.55421984,0.5531541,0.5521007,0.55064654,0.548439,0.54530483,0.5412482,0.5363026,0.53047335,0.52393985,0.51697063,0.5098341,0.5025044,0.49453878,0.48450604,0.47374776,0.46634755,0.46256825,0.460173,0.45735785,0.45289636,0.4486278,0.44440696,0.4399586,0.43796933,0.43556094,0.4314139,0.4290616,0.42904672,0.43232414,0.43897927,0.4444052,0.44747922,0.45305207,0.46063554,0.46989664,0.47798336,0.48183495,0.4828163,0.4838571,0.4871174,0.4934402,0.5008889,0.5076344,0.5127897,0.51678467,0.5205571,0.5243299,0.5268877,0.5280359,0.5279723,0.52702814,0.52570146,0.52401716,0.52178353,0.51887804
15.666672,,,,,,,,,,,,,,,,,,,,,,,,,,,,,,,,,,,,,,,,,,,,,,,,,,,,,,,,0.26583454,0.2472975,0.23412356,0.22639431,0.22233172,0.21886112,0.21670064,0.2172834,0.22057502,0.22618797,0.23342231,0.24136811,0.24940982,0.25672886,0.2623746,0.26566628,0.26624045,0.26451552,0.26096493,0.2559263,0.250407,0.24533966,0.24165566,0.23916733,0.23728627,0.23550157,0.23254201,0.2281656,0.22356553,0.21882968,0.21514748,0.2134107,0.21192864,0.20789993,0.20100972,0.19230755,0.18618333,0.18617108,0.19225572,0.20264243,0.21553774,0.22971877,0.24443734,0.2590206,0.27263188,0.283476,0.2909313,0.29539448,0.2960009,0.29120687,0.281788,0.26856005,0.25228405,0.23425749,0.2162711,0.19954026,0.18451454,0.17110313,0.15933138,0.14934462,0.14144303,0.1356061,0.13142109,0.12847345,0.12648174,0.1252677,0.12470282,0.124657586,0.12534817,0.12895791,0.13667312,0.14614402,0.15511385,0.16164958,0.16662057,0.1726066,0.17933118,0.18632677,0.19494517,0.20503277,0.21355331,0.22044073,0.22703017,0.232755,0.23812625,0.24366857,0.2497702,0.2569024,0.26502287,0.27392444,0.28328523,0.2926386,0.30167115,0.31022975,0.31826535,0.32578525,0.33247933,0.3388001,0.3445656,0.35028735,0.35621744,0.362029,0.3666595,0.3686583,0.36669275,0.36050335,0.3502967,0.34095216,0.33429214,0.32856104,0.31952024,0.30652407,0.29132387,0.27506664,0.25932586,0.24534899,0.2339768,0.22553027,0.21664795,0.20430718,0.19448434,0.1930197,0.1945831,0.19862819,0.20247579,0.2065289,0.21173118,0.21947494,0.22915804,0.2392376,0.2494968,0.26001757,0.27059925,0.28089297,0.2904352,0.29892445,0.3065892,0.31342515,0.31938916,0.32452118,0.3290098,0.33280993,0.33589607,0.33819675,0.34031177,0.34256738,0.34418565,0.34417465,0.34182325,0.33747813,0.33159885,0.3251584,0.31801003,0.30991268,0.3007282,0.2916064,0.28280267,0.2747526,0.26777142,0.26181987,0.2568474,0.25269777,0.24890324,0.24539119,0.24245425,0.24002458,0.2382219,0.2368935,0.23565872,0.23545766,0.23734476,0.2411829,0.24571659,0.24987172,0.2533427,0.2562798,0.25884572,0.26092267,0.2626207,0.26381966,0.26488543,0.2661658,0.26753935,0.2689692,0.27033326,0.2712417,0.27129653,0.2703798,0.26834002,0.2657637,0.26400802,0.26125032,0.25616637,0.2512123,0.24685103,0.24184452,0.2348957,0.22844154,0.22663611,0.22955766,0.23461312,0.23951778,0.24339178,0.24660122,0.24908033,0.25112736,0.2534306,0.2562709,0.2596154,0.26357207,0.2681573,0.27321684,0.27814665,0.28274187,0.2865723,0.28972512,0.2926574,0.29569507,0.29846305,0.30041337,0.30116484,0.3002521,0.29721868,0.29276788,0.28867435,0.28574616,0.2831517,0.28091958,0.2804442,0.28153667,0.28384143,0.28738573,0.29152602,0.29507452,0.2980695,0.30145532,0.305808,0.31235957,0.32253146,0.33612183,0.35119158,0.36501545,0.37662545,0.3860944,0.39372072,0.40034282,0.40616414,0.4114406,0.41668326,0.42229766,0.42877924,0.43506548,0.4401279,0.4427728,0.4429834,0.4423906,0.4422954,0.44308767,0.4441383,,,,,,,,,,,,,,,,,,,,,,,,,,,,,,,,,,,,,,,,,,,,,,,,,,,,,,,,,,,,,,,,,,,,,,,,,,,,,,0.5643391,0.5613486,0.55760604,0.5535692,0.5493826,0.5458933,0.5438466,0.5434224,0.5431485,0.54012924,0.53441155,0.5253121,0.5126805,0.5030455,0.49823356,0.4980326,0.495842,0.49151617,0.4821139,0.46866578,0.4536461,0.4378198,0.42404476,0.41302797,0.4040818,0.39561394,0.38527012,0.37205213,0.3608069,0.35219464,0.3443786,0.33873355,0.33843064,0.34128827,0.3445678,0.34637827,0.34474453,0.33864784,0.33260888,0.3316043,0.33559027,0.34431064,0.35584438,0.3693556,0.3853245,0.40286282,0.42187375,0.44069558,0.45748636,0.4722326,0.48704314,0.5030595,0.5163294,0.5258358,0.5329115,0.5363924,0.53412706,0.5278053,0.5201446,0.5163379,0.51728547,0.5228672,0.52947557,0.5341997,0.53791165,0.5417044,0.5457033,0.549917,0.5537998,0.55585,0.55594707,0.55498415,0.5535048,0.55191284,0.5507072,0.54945505,0.54770833,0.5450054,0.5412181,0.5363299,0.5305183,0.52399516,0.5168979,0.5094778,0.5016951,0.49278182,0.48277348,0.47475,0.4709539,0.46872923,0.4667901,0.46420324,0.45973107,0.45430586,0.44920215,0.44519055,0.44296637,0.4411591,0.43761784,0.43340358,0.4322363,0.43447962,0.44016355,0.44666004,0.4509221,0.45708695,0.46362662,0.469816,0.47610438,0.48030204,0.48179618,0.48314118,0.4878651,0.49540222,0.5032037,0.50939703,0.513906,0.51781374,0.5223838,0.52716357,0.5300882,0.53135866,0.5313694,0.5302769,0.5284848,0.5264346,0.5241549,0.5213496
15.583336,,,,,,,,,,,,,,,,,,,,,,,,,,,,,,,,,,,,,,,,,,,,,,,,,,,,,0.2646845,0.26243457,0.2555577,0.25282943,0.23790602,0.22804192,0.22207977,0.21740189,0.21368974,0.21237381,0.21343772,0.217041,0.22262795,0.22986223,0.23805232,0.24658173,0.25479305,0.26168963,0.2663383,0.2680852,0.26709977,0.2639558,0.25897777,0.25273052,0.2462093,0.2407696,0.23637816,0.23252752,0.22947742,0.22721213,0.22508101,0.22289445,0.22027463,0.21750246,0.21484113,0.21122047,0.20523043,0.19706248,0.1887589,0.18408655,0.18505917,0.19133736,0.20153335,0.21430379,0.22829518,0.24239783,0.25610507,0.26915932,0.2811007,0.2900389,0.29505053,0.29747295,0.2962254,0.29007292,0.27945375,0.26544046,0.24907921,0.23158894,0.21418713,0.1978672,0.18325615,0.17057353,0.15994772,0.15135022,0.14467917,0.13967636,0.1360287,0.13337357,0.13151579,0.13044702,0.13011451,0.13075472,0.13421682,0.14116082,0.14952198,0.1574554,0.16310586,0.16670348,0.17095459,0.17617449,0.18118466,0.18699287,0.19474036,0.20201486,0.20726576,0.21217945,0.21655488,0.22060968,0.22528607,0.23100738,0.23831901,0.24739262,0.2580022,0.26952398,0.28108108,0.29215378,0.302415,0.31188846,0.3204018,0.3282926,0.33527654,0.34171337,0.34769672,0.35355118,0.3592162,0.36430195,0.36808527,0.3690308,0.3660345,0.35738465,0.345585,0.33643228,0.33042535,0.32293153,0.31151405,0.29689005,0.28072795,0.26433265,0.24954431,0.2373646,0.22742586,0.21632208,0.20244224,0.19359235,0.19205594,0.1936482,0.19724546,0.201104,0.20507537,0.20936555,0.21616541,0.22547987,0.23581848,0.24643011,0.25736573,0.26850936,0.27959603,0.29006636,0.29945955,0.3079642,0.31555277,0.32212657,0.3277482,0.33214486,0.33537734,0.33729246,0.3385512,0.34142473,0.3453949,0.34895936,0.35070205,0.34984758,0.34644648,0.3409114,0.33427748,0.32725,0.3197925,0.31135163,0.30230796,0.29332757,0.28439492,0.2765102,0.26977855,0.2640032,0.2588668,0.25396222,0.24967207,0.2462883,0.24363713,0.24159943,0.23981918,0.23880556,0.23978919,0.24315308,0.2475708,0.25166878,0.25494808,0.25753367,0.25978306,0.26182002,0.26348358,0.26491696,0.26612622,0.26722515,0.26852167,0.2699986,0.27149376,0.2727868,0.27357647,0.27383828,0.27357668,0.27225918,0.26940542,0.26665697,0.2638889,0.25903246,0.2533242,0.24838272,0.24345285,0.23645212,0.2279702,0.22265838,0.2231159,0.22728138,0.2320807,0.23565748,0.23819146,0.239686,0.24061427,0.24149764,0.24260768,0.24443407,0.24766223,0.25253588,0.25890446,0.2657296,0.27259868,0.27891183,0.28461352,0.28962508,0.2944461,0.2989189,0.30241325,0.30472514,0.3053888,0.30411625,0.30018097,0.294734,0.28941786,0.28511298,0.28212744,0.2810329,0.28135765,0.28248945,0.28464624,0.28774813,0.2909318,0.29372177,0.2968507,0.30063373,0.3061532,0.31479728,0.32690775,0.3411506,0.35537237,0.36823118,0.37913617,0.388226,0.3960171,0.40286,0.40888277,0.41459715,0.42025343,0.4264315,0.4329193,0.43858513,0.4422774,0.44339737,0.44306633,0.44291675,0.44349605,0.44474602,,,,,,,,,,,,,,,,,,,,,,,,,,,,,,,,,,,,,,,,,,,,,,,,,,,,,,,,,,,,,,,,,,,,,,,,,,,,,,0.562949,0.55907995,0.55449754,0.5494778,0.54471064,0.5400148,0.53730184,0.5352277,0.53274053,0.530408,0.5276167,0.52249646,0.51265776,0.5002706,0.4926915,0.49287376,0.49154902,0.48810324,0.48257494,0.4719037,0.4585267,0.44409117,0.43050945,0.41859728,0.4083742,0.39969257,0.3906157,0.37757477,0.3624159,0.35077175,0.34168515,0.33623242,0.33552375,0.3390651,0.3429789,0.34416518,0.34141752,0.33417436,0.3268284,0.32464662,0.3280104,0.33622563,0.347033,0.3603221,0.37602997,0.39366364,0.41346338,0.43417746,0.4534886,0.46983477,0.48453915,0.501481,0.5177281,0.52936655,0.53672796,0.54036456,0.5384521,0.5321554,0.5253165,0.5181574,0.5164026,0.5228707,0.52963567,0.53397304,0.5372585,0.54012436,0.5434693,0.5472201,0.55136293,0.55412483,0.55488837,0.55434513,0.5528143,0.55082655,0.5491941,0.5477924,0.5460267,0.54334164,0.53946996,0.5343762,0.52827317,0.5213992,0.5140394,0.50654846,0.49885955,0.49085376,0.48347598,0.47926354,0.47710535,0.47561976,0.47398347,0.47160152,0.4675169,0.4621558,0.4568593,0.45273393,0.45000097,0.44813594,0.44567493,0.44301644,0.44234872,0.44329724,0.4462165,0.45126918,0.4560841,0.46197772,0.46909446,0.4739559,0.47706205,0.47947443,0.4809816,0.48378113,0.4898374,0.49779436,0.50538176,0.5110132,0.5151081,0.519128,0.52467006,0.52972835,0.53271055,0.5341073,0.5342639,0.5333489,0.53150487,0.52898157,0.5263123,0.5234073
15.5,,,,,,,,,,,,,,,,,,,,,,,,,,,,,,,,,,,,,,,,,,,,,,,,,,,0.26866466,0.26722437,0.26439637,0.25942883,0.24986097,0.2410521,0.22887623,0.22229329,0.21700116,0.21246095,0.21022345,0.21007314,0.21186084,0.2157306,0.22133529,0.22840287,0.23635495,0.2447519,0.25316066,0.26081654,0.26654294,0.26936197,0.2691438,0.26640335,0.2615857,0.2550359,0.24774835,0.24115135,0.23547278,0.23027784,0.22596586,0.22347873,0.2230658,0.22269213,0.22127748,0.2186103,0.21486518,0.20960583,0.20250897,0.19429101,0.1875186,0.18448418,0.18606222,0.19215448,0.2018674,0.21433893,0.22850165,0.24291128,0.2567023,0.26874146,0.27974877,0.28971362,0.29632083,0.29892576,0.29923898,0.29642892,0.28927103,0.27802017,0.26376513,0.24769714,0.23087561,0.21426094,0.19867884,0.18467875,0.17264228,0.16276698,0.15491045,0.14885429,0.14427035,0.14080757,0.13827805,0.13672341,0.13615169,0.13684703,0.14009605,0.1461304,0.15334539,0.16020365,0.16500644,0.16736563,0.16990083,0.17370835,0.17728135,0.18044853,0.1851784,0.19077653,0.19464497,0.19763327,0.20045689,0.20301437,0.20642522,0.21140884,0.21856572,0.22833528,0.24046896,0.25427327,0.26853353,0.2821709,0.2946862,0.3058962,0.31558603,0.32443768,0.33225232,0.33949998,0.34625173,0.3527954,0.35874462,0.3636527,0.36761603,0.36989892,0.36945418,0.3638418,0.35196546,0.3402078,0.3317314,0.3244932,0.31478202,0.30101308,0.2851969,0.2686161,0.25331262,0.24040236,0.22882982,0.21539116,0.20054103,0.19283345,0.19124691,0.19273558,0.19595163,0.20007779,0.20416106,0.20760812,0.21323392,0.22205018,0.23230214,0.24304622,0.25420365,0.2656896,0.2773931,0.28878415,0.29918906,0.3084563,0.31675088,0.32378513,0.3295185,0.33339468,0.3353485,0.3361997,0.33787605,0.34275278,0.34834015,0.35323036,0.35617232,0.35646835,0.35406223,0.3492554,0.3427768,0.335682,0.32834035,0.32053384,0.31204283,0.30304,0.29388997,0.28505987,0.277317,0.27051198,0.2641985,0.25835425,0.25352344,0.24977355,0.24706677,0.24497154,0.24318615,0.24290131,0.24492529,0.24894795,0.25308272,0.2563841,0.25873518,0.26065493,0.26243138,0.26421613,0.26572338,0.26704666,0.26835275,0.26964217,0.2711193,0.27269775,0.27404863,0.27498573,0.2755305,0.2758062,0.27587005,0.2752803,0.273137,0.27019352,0.26708868,0.2627695,0.2566919,0.25084448,0.24572766,0.2394101,0.2304079,0.2221713,0.21929288,0.22125177,0.22484203,0.22782806,0.22947507,0.23004146,0.23012078,0.22991492,0.22903374,0.22886863,0.23053005,0.23524077,0.2426115,0.2508489,0.2590945,0.2670023,0.27465189,0.28170168,0.288531,0.29489523,0.30055085,0.30499062,0.30762178,0.30828258,0.30621064,0.30166095,0.29585364,0.29015508,0.28586656,0.28355378,0.28252685,0.28212333,0.2827082,0.28435647,0.28668073,0.2893208,0.2922804,0.29559362,0.30004165,0.30703658,0.3173785,0.33032677,0.34430295,0.3578077,0.36997804,0.3806397,0.389887,0.39823627,0.40561938,0.41214582,0.41812274,0.42403576,0.43042564,0.43681657,0.4417624,0.44364733,0.4437588,0.44357887,0.44393343,0.44516176,,,,,,,,,,,,,,,,,,,,,,,,,,,,,,,,,,,,,,,,,,,,,,,,,,,,,,,,,,,,,,,,,,,,,,,,,,,,,0.5632214,0.56103003,0.5564757,0.551289,0.5452543,0.53760684,0.5303877,0.5244809,0.5189494,0.5172097,0.5173812,0.5175772,0.5176197,0.51598597,0.51018023,0.5034817,0.50119376,0.49781615,0.49161243,0.4859296,0.47732413,0.46602416,0.45327732,0.43978786,0.42701414,0.4155394,0.4058397,0.3970514,0.38639688,0.37059814,0.35484612,0.34289056,0.33656004,0.3349142,0.33879754,0.34289232,0.3431281,0.33868697,0.33042774,0.32252923,0.31957182,0.3225762,0.3303698,0.34037358,0.35354158,0.36904323,0.3865433,0.4064532,0.42817888,0.4494946,0.46780366,0.48281842,0.49948555,0.51779854,0.53183806,0.5402626,0.5439699,0.54182714,0.53574014,0.53060985,0.5222622,0.51882076,0.52401245,0.5299266,0.5337029,0.53625834,0.5383399,0.54090023,0.5443375,0.54830444,0.5512778,0.5527324,0.552754,0.55158865,0.54957896,0.5474975,0.5455567,0.54330754,0.5400651,0.53557605,0.52982634,0.5233264,0.51657015,0.50981873,0.50316495,0.4968732,0.49129164,0.48695874,0.48440588,0.48269588,0.48130393,0.47966525,0.47746298,0.47409904,0.4697521,0.46511188,0.46117446,0.4578235,0.4556423,0.45439512,0.45372483,0.4535993,0.45337117,0.45480722,0.45880997,0.4637233,0.46883786,0.47483122,0.48017427,0.4820348,0.48211712,0.48295408,0.48650745,0.49287605,0.50044686,0.50761586,0.51295865,0.5167506,0.5208031,0.5265548,0.53130704,0.5342158,0.5356958,0.5358057,0.53505397,0.5336488,0.5313879,0.52842927,0.5252457
15.416672,,,,,,,,,,,,,,,,,,,,,,,,,,,,,,,,,,,,,,,,,,,,,,,,,0.2706062,0.2689855,0.26764715,0.2636361,0.25791487,0.24997613,0.23987384,0.22994637,0.22108625,0.21622452,0.2117636,0.20923164,0.20870358,0.20991094,0.21257263,0.21673903,0.22236365,0.22901535,0.2363023,0.24395353,0.2518718,0.25966763,0.266173,0.26998395,0.27051947,0.26821122,0.26358944,0.25707805,0.24950556,0.24224922,0.2358334,0.23003015,0.22511587,0.22269738,0.22292846,0.2231825,0.22181001,0.21860223,0.21372035,0.20732181,0.19971879,0.19258781,0.18779156,0.18633102,0.18877998,0.19512135,0.20484562,0.21699712,0.2306323,0.24491097,0.25901923,0.27141276,0.28132367,0.29022968,0.29804185,0.30227304,0.30258518,0.30080155,0.29656607,0.2887752,0.2774887,0.2635937,0.24821758,0.23228161,0.21653715,0.20169689,0.1883361,0.17681324,0.16724078,0.15965347,0.15375027,0.14929768,0.1460282,0.14399627,0.1432426,0.1438018,0.14644997,0.15135376,0.15734814,0.16316806,0.16720651,0.16860327,0.16952817,0.17191611,0.1746734,0.17608586,0.17757984,0.18075058,0.18357605,0.18503621,0.18632399,0.18768086,0.18986742,0.19395445,0.20062247,0.2104262,0.2234054,0.23895997,0.25568086,0.27222034,0.28723174,0.30056506,0.3118706,0.32167384,0.3301886,0.3380352,0.34550357,0.352877,0.35954848,0.36473763,0.3684182,0.37099457,0.37175855,0.36824653,0.35830233,0.34484747,0.33366418,0.32494634,0.31624648,0.3039323,0.2886822,0.27222356,0.25661045,0.24286143,0.22951712,0.21399963,0.19897434,0.1925164,0.19071956,0.19198143,0.19496056,0.19941202,0.20391713,0.20705023,0.21147333,0.21935977,0.22930521,0.24000165,0.25120944,0.26273915,0.2746844,0.28667763,0.2978803,0.3079153,0.31681952,0.3242988,0.3300901,0.33343273,0.3345048,0.33572644,0.33951804,0.34572005,0.3519683,0.35735932,0.36080128,0.36170825,0.36009458,0.35608688,0.3501278,0.3431622,0.33586416,0.328344,0.3203549,0.31165084,0.30234396,0.29315898,0.28443286,0.27664453,0.2694069,0.26287487,0.25745633,0.25336495,0.25067073,0.2484489,0.247306,0.24786209,0.2505468,0.25439432,0.25779006,0.2604517,0.2626061,0.2646793,0.26639643,0.26776463,0.26890853,0.2701469,0.2713642,0.2727223,0.2747577,0.2767153,0.27797484,0.2785023,0.2787224,0.27890807,0.2789815,0.27842814,0.27675164,0.27400318,0.2708126,0.26698905,0.26109225,0.25440872,0.24872203,0.2429778,0.23465373,0.22488295,0.21856458,0.21706955,0.2181971,0.21972924,0.22044848,0.22016738,0.22029369,0.2201366,0.21879172,0.21811254,0.21831548,0.22144803,0.22880127,0.23773547,0.24628423,0.25447494,0.26332814,0.27215785,0.28064707,0.28856114,0.2959058,0.30217817,0.30700633,0.30979624,0.30982834,0.30705985,0.30209354,0.2961711,0.29091156,0.28701782,0.28401315,0.28171784,0.28055477,0.28086272,0.2824058,0.2847491,0.28762746,0.29064572,0.2942778,0.29968354,0.30790317,0.3189806,0.331943,0.3455662,0.35881793,0.37095374,0.38181406,0.39175704,0.40078104,0.40856126,0.41530457,0.4212411,0.42754877,0.43431094,0.4406069,0.44387802,0.4441627,0.44384137,0.44421288,0.44571358,0.44739577,,,,,,,,,,,,,,,,,,,,,,,,,,,,,,,,,,,,,,,,,,,,,,,,,,,,,,,,,,,,,,,,,,,,,,,,,,,,0.5622754,0.5584043,0.55364287,0.54706025,0.5386865,0.5276402,0.51685035,0.5086586,0.50574726,0.5071612,0.509248,0.51148695,0.51355606,0.5154158,0.51656896,0.5149798,0.5135443,0.5107726,0.5043832,0.4956132,0.4851369,0.47406745,0.46289018,0.450815,0.43818718,0.42570436,0.4150601,0.40582052,0.39602497,0.3826844,0.36489016,0.34969604,0.3406603,0.3373803,0.34046218,0.34398046,0.34331444,0.3377547,0.32882142,0.32064068,0.31729454,0.32007232,0.3274606,0.3371044,0.35012832,0.36551738,0.38263118,0.4018982,0.42361137,0.44596577,0.46617165,0.4824727,0.49814594,0.5170934,0.53327775,0.54298544,0.5471899,0.5447629,0.53880763,0.5345888,0.5265898,0.5222819,0.5263508,0.53122216,0.53399456,0.5354331,0.5365419,0.53831476,0.5413021,0.5447844,0.54750884,0.5493405,0.550098,0.5493909,0.5476827,0.5452513,0.54252785,0.5393494,0.53516585,0.52964383,0.5233977,0.51695967,0.51092535,0.5054095,0.50040215,0.49609178,0.4924188,0.48958135,0.4874132,0.48564768,0.48416802,0.4825219,0.48046714,0.47784457,0.47455558,0.47083873,0.46727538,0.46437195,0.46277076,0.46236542,0.4625238,0.46234375,0.4619198,0.46337768,0.46731532,0.47164002,0.4764589,0.48119655,0.4859264,0.48816428,0.48751235,0.48748446,0.49063408,0.4963422,0.5033613,0.51006764,0.5151103,0.5185515,0.5223841,0.52777046,0.5324026,0.53547597,0.53706944,0.5370945,0.5361269,0.5347446,0.5331398,0.53038037,0.5269858
15.333336,,,,,,,,,,,,,,,,,,,,,,,,,,,,,,,,,,,,,,,,,,,,,,,0.2713492,0.2699994,0.26884866,0.26493764,0.2603006,0.25397712,0.2454344,0.23623294,0.22675435,0.21912876,0.21371451,0.21024914,0.20807219,0.20778266,0.20876907,0.21119988,0.21471049,0.21932468,0.22481458,0.23094991,0.23749256,0.24421264,0.25109753,0.25824967,0.2650356,0.26973328,0.27116778,0.26948202,0.26529852,0.25911427,0.2516415,0.24410267,0.237403,0.23132315,0.22669785,0.22485347,0.22472003,0.22408631,0.2217485,0.21749604,0.2115667,0.20437437,0.19721125,0.1919618,0.1894692,0.19002418,0.1939446,0.20119916,0.21126391,0.22341089,0.2366254,0.24990857,0.263063,0.27545866,0.2856229,0.2935275,0.30047163,0.30592078,0.3076318,0.30608872,0.3026534,0.29712322,0.28880662,0.2777642,0.26467475,0.2503075,0.23544939,0.22072707,0.20673607,0.19397977,0.18280531,0.17339404,0.16576928,0.15990137,0.15564126,0.15294962,0.15169641,0.15163572,0.1531886,0.15671796,0.16147731,0.16628464,0.16961555,0.1703084,0.16983615,0.17072219,0.17288242,0.17405306,0.17340738,0.17352425,0.17490913,0.17583306,0.17634112,0.17733835,0.17926767,0.1828682,0.18893218,0.19790368,0.21020907,0.22603054,0.24416558,0.26295087,0.28050223,0.29601288,0.3091813,0.32002062,0.32942697,0.33778754,0.34578982,0.3537432,0.36106965,0.36671576,0.37033352,0.37271482,0.37361634,0.37160346,0.3633478,0.34925398,0.33624363,0.32534567,0.31634212,0.3057275,0.29127127,0.2751266,0.25933316,0.24460912,0.22940274,0.21228276,0.19817702,0.19255765,0.19061735,0.19154069,0.19429071,0.19889349,0.20391461,0.20746304,0.21088797,0.21760246,0.22701499,0.23755403,0.24869359,0.2602507,0.27214336,0.28441074,0.2960433,0.3065506,0.31589484,0.3238284,0.3299348,0.33346525,0.3347588,0.33674464,0.3413862,0.34715274,0.35372323,0.35987762,0.36382714,0.36521754,0.36426613,0.3610324,0.3558267,0.3493341,0.34228763,0.3349703,0.32718477,0.3187594,0.30963552,0.30020997,0.29101375,0.28256372,0.27480304,0.2678387,0.26192796,0.2575147,0.25451338,0.25231376,0.25215307,0.2533783,0.25625998,0.2594177,0.26204622,0.26452333,0.267192,0.26989883,0.27191895,0.27308792,0.2737078,0.27428064,0.2750253,0.27709,0.27965736,0.28180373,0.28327385,0.2838244,0.28356513,0.2832211,0.28324276,0.28257078,0.28078994,0.27799302,0.27486926,0.27140716,0.2661848,0.25909507,0.25250605,0.24674597,0.23965858,0.22969186,0.22068457,0.21529275,0.21291143,0.21205395,0.2114596,0.21091773,0.21116196,0.21232584,0.21278593,0.21369869,0.21461762,0.21644318,0.22157502,0.22959924,0.23725478,0.24425326,0.25303143,0.2629258,0.27299938,0.28254932,0.2907603,0.29808488,0.30443564,0.3091369,0.31132963,0.31042832,0.30685645,0.30151898,0.295754,0.2903243,0.28531903,0.28112188,0.2782637,0.27719322,0.27790183,0.2799908,0.2828416,0.28589663,0.28911892,0.2932216,0.29916388,0.30769908,0.31889963,0.33199778,0.3459737,0.35960746,0.37216288,0.38354954,0.3940365,0.403129,0.4108591,0.41755676,0.42424896,0.43122482,0.43828425,0.44337282,0.44461414,0.44437334,0.44473457,0.4462662,0.447932,0.44904944,,,,,,,,,,,,,,,,,,,,,,,,,,,,,,,,,,,,,,,,,,,,,,,,,,,,,,,,,,,,,,,,,,,,,,,,,,0.56293863,0.56084025,0.5565055,0.54988444,0.541542,0.5304627,0.51642823,0.5045236,0.50137043,0.50310373,0.5065315,0.5102551,0.513999,0.5172052,0.5191152,0.5213335,0.5227639,0.5231342,0.5221103,0.51836765,0.5104534,0.49873576,0.48586595,0.4734831,0.46196106,0.4503494,0.4380474,0.42603782,0.41643667,0.40694037,0.3950575,0.37825269,0.36080688,0.3486244,0.34324953,0.34429958,0.34664,0.34544405,0.33926213,0.32994324,0.32160476,0.3183492,0.32110047,0.3281344,0.33776835,0.3504565,0.36567488,0.3822816,0.40033385,0.42102668,0.44344985,0.4649416,0.4827951,0.498011,0.5157308,0.533223,0.54471993,0.54999894,0.54804665,0.5425814,0.5386021,0.5308907,0.5264724,0.5299716,0.5332473,0.53423995,0.5343474,0.5344454,0.5356551,0.53839076,0.54132676,0.54345906,0.5450492,0.54606366,0.5460728,0.5449369,0.54254377,0.5393389,0.5351908,0.5300252,0.52381647,0.517319,0.5112871,0.5061907,0.50195795,0.4983341,0.4949743,0.49184406,0.48922172,0.4871125,0.48533627,0.4836168,0.4816885,0.47966078,0.47768837,0.47542435,0.47297734,0.4707235,0.46916682,0.4683278,0.46831378,0.46894002,0.46901804,0.46899265,0.471033,0.47490796,0.47852266,0.48289552,0.48746374,0.4912544,0.49316984,0.49260303,0.4925466,0.49515596,0.50011474,0.5065282,0.512582,0.5171123,0.52019745,0.52368295,0.52881503,0.5334828,0.5367291,0.53862494,0.53891224,0.5376505,0.5355953,0.5340924,0.531775,0.52855486
15.25,,,,,,,,,,,,,,,,,,,,,,,,,,,,,,,,,,,,,,,,,,,,0.27411875,0.27243432,0.26989564,0.26897684,0.2676153,0.26086974,0.2529529,0.24550101,0.2383729,0.22956254,0.2214433,0.21442352,0.20997246,0.20726539,0.20590763,0.20576043,0.20692535,0.2092546,0.21253303,0.216729,0.22169705,0.22720063,0.23304345,0.23910059,0.24506733,0.25084642,0.25688735,0.26315904,0.26846886,0.2709846,0.2702355,0.2666649,0.26097956,0.2539127,0.2466139,0.23996499,0.23439257,0.23066635,0.22876176,0.22720997,0.22473621,0.22092782,0.21549259,0.20876455,0.20186429,0.19654343,0.19398138,0.19431652,0.19733427,0.20309326,0.21146142,0.22189993,0.23365061,0.24628122,0.2587256,0.27027696,0.2813961,0.29135016,0.29903796,0.30509454,0.31023234,0.3131301,0.3125659,0.3094665,0.30468753,0.2980906,0.2893726,0.2787036,0.26651022,0.25336644,0.23972781,0.22614403,0.21312547,0.2010271,0.19016398,0.18087067,0.17340495,0.1677572,0.16387591,0.16155691,0.16023558,0.16025026,0.16224416,0.16572596,0.16953537,0.1722305,0.17249717,0.17092928,0.17022823,0.17141685,0.1730069,0.17279153,0.17121327,0.17028384,0.17054695,0.17145067,0.17302904,0.17578875,0.18004008,0.1861673,0.1945307,0.20492806,0.2185629,0.23628697,0.25582924,0.27512,0.29246128,0.30726665,0.3192064,0.32961583,0.33858305,0.34708682,0.3554793,0.36319304,0.36913863,0.37284854,0.37493885,0.3756895,0.37443715,0.36763725,0.3535975,0.33921406,0.3265324,0.31636396,0.30664736,0.29317626,0.27736354,0.2614087,0.24569,0.2287077,0.21052647,0.19806284,0.19284463,0.19095,0.19152638,0.19396958,0.19846746,0.20383024,0.20820089,0.21150824,0.21733974,0.22605143,0.2361401,0.2470244,0.2584942,0.27026495,0.28243038,0.2943689,0.30503187,0.31458738,0.3228575,0.32944357,0.3336538,0.33563122,0.33767012,0.34130272,0.34664297,0.3532708,0.36015055,0.3645769,0.3664251,0.36611137,0.36371887,0.35942483,0.3536629,0.347088,0.3400585,0.3324619,0.32427475,0.31540406,0.30610678,0.296834,0.28823778,0.28029886,0.2730657,0.26678762,0.26205048,0.25880617,0.25680014,0.25698036,0.25865528,0.2613455,0.26375243,0.26590198,0.26835397,0.27132234,0.27445787,0.27688268,0.27811173,0.27853528,0.27860865,0.27993417,0.2823622,0.28487185,0.28738105,0.28920212,0.29017195,0.28997123,0.28892002,0.2879854,0.28717184,0.28516987,0.2820687,0.27904278,0.27605614,0.27149913,0.26466554,0.25711912,0.2508587,0.24433954,0.23531985,0.22516727,0.21665445,0.21045925,0.20681395,0.20511495,0.2040665,0.20386495,0.20561217,0.20797521,0.21184905,0.21563397,0.2186596,0.2223771,0.2285948,0.2346714,0.23902343,0.24567322,0.25482044,0.26575926,0.27742082,0.28745064,0.29531285,0.30174643,0.30748522,0.31104293,0.31194943,0.3100465,0.3056756,0.2998809,0.29338428,0.28664985,0.28064466,0.27613032,0.2736016,0.27339366,0.27513638,0.27789992,0.28101644,0.28425032,0.28784287,0.29200545,0.29788053,0.3064678,0.3179795,0.33176643,0.34650353,0.3607761,0.37378198,0.38553703,0.39599732,0.4051811,0.41330126,0.42048353,0.42739323,0.43470806,0.44153863,0.4452862,0.4456017,0.44586605,0.44702578,0.44825795,0.44943064,,,,,,,,,,,,,,,,,,,,,,,,,,,,,,,,,,,,,,,,,,,,,,,,,,,,,,,,,,,,,,,,,,,,,,,,,,0.5625626,0.55958533,0.5540027,0.5461755,0.53624976,0.5218234,0.506618,0.49778756,0.49987385,0.50416064,0.5077882,0.51131284,0.51505,0.51889616,0.5228541,0.5266713,0.5282494,0.52912176,0.52956325,0.529042,0.52441186,0.51538324,0.5022538,0.48873147,0.47542638,0.4632314,0.45169446,0.4394734,0.42801183,0.41882175,0.4076684,0.39232126,0.3745357,0.36003855,0.35216013,0.35083228,0.35123444,0.3492342,0.34304494,0.33393174,0.32613435,0.3232203,0.32594937,0.3326088,0.34217784,0.35450965,0.36922836,0.38511965,0.40160507,0.42073032,0.44245183,0.4642849,0.48346895,0.49914727,0.51543593,0.53294706,0.54560274,0.5521274,0.5517231,0.5468393,0.54265094,0.5352087,0.530307,0.53215224,0.53414077,0.5337753,0.5327614,0.5320446,0.53299594,0.5353837,0.53741306,0.5385413,0.5398576,0.5410689,0.5414732,0.5410299,0.5393969,0.5363716,0.5319246,0.52622443,0.51978034,0.51354325,0.5080974,0.50359666,0.49966872,0.4960434,0.49217045,0.4888903,0.48624906,0.4839914,0.48196384,0.4797729,0.4775141,0.4757586,0.47463548,0.47365946,0.47274566,0.4719463,0.47132316,0.4708175,0.4714345,0.47255754,0.47340056,0.47438124,0.47734404,0.4808923,0.48445743,0.48895136,0.49325162,0.49586,0.49664658,0.49625865,0.49704403,0.49958274,0.50395745,0.50951856,0.5149876,0.5192201,0.5219936,0.52503234,0.52985656,0.5345048,0.5379698,0.540137,0.5408458,0.5394619,0.5366954,0.53438985,0.5323469,0.5296491
15.166672,,,,,,,,,,,,,,,,,,,,,,,,,,,,,,,,,,,,,,,,,0.27356458,0.27280945,0.27387354,0.2737671,0.2712035,0.26674733,0.2605577,0.2552283,0.24726042,0.23778555,0.22884002,0.2212985,0.21418737,0.20878993,0.20473368,0.20258915,0.20162904,0.20170009,0.20277584,0.2049893,0.20818903,0.21222337,0.21707284,0.22249192,0.22832406,0.23432572,0.24016806,0.2456703,0.2507739,0.25569376,0.2609693,0.2661132,0.26952636,0.27000052,0.26754832,0.26275226,0.25656205,0.2500135,0.24394958,0.23883626,0.23507048,0.2318207,0.22828126,0.22408295,0.21899407,0.21308294,0.2071436,0.20255932,0.2005996,0.20146115,0.20482093,0.2103884,0.21790999,0.22713262,0.2377573,0.2489542,0.26013583,0.27110505,0.2810327,0.29024595,0.2990044,0.30617252,0.31144527,0.31583127,0.31891158,0.31934264,0.31689295,0.31252497,0.30672666,0.2993728,0.29038784,0.28003734,0.2686495,0.25655308,0.24414225,0.23171,0.21961814,0.2082149,0.19783096,0.18891646,0.18170007,0.17625563,0.17238653,0.1693481,0.16755424,0.16794813,0.17013285,0.17292692,0.17506802,0.1752368,0.17307892,0.17084321,0.17048444,0.17186537,0.17291148,0.1724351,0.17144243,0.171063,0.17195073,0.17425577,0.17816,0.18344933,0.19012474,0.19812387,0.20701054,0.21804436,0.23345695,0.25229383,0.27198178,0.29051444,0.30643544,0.3193421,0.33062655,0.3400219,0.3489228,0.35772198,0.36573303,0.37179852,0.3755817,0.3774739,0.37798533,0.37661475,0.37117198,0.3578383,0.34259197,0.328646,0.31708613,0.30722398,0.29463693,0.27906168,0.26292443,0.2463299,0.22786345,0.20934114,0.19840275,0.19349538,0.19155458,0.19183138,0.19398545,0.19825755,0.20376116,0.20888017,0.2129363,0.21853638,0.22664142,0.23605452,0.24639392,0.25766647,0.26925182,0.28101966,0.29288918,0.30358958,0.3131445,0.32152942,0.3285149,0.3332955,0.33577493,0.33749214,0.34072807,0.3456413,0.3512727,0.35801074,0.36280346,0.365123,0.36555824,0.36406767,0.36076117,0.3558619,0.34986728,0.34320965,0.33588967,0.3279887,0.31949076,0.31067353,0.30187583,0.29338872,0.28541934,0.27804762,0.27159503,0.26686138,0.26321027,0.26188096,0.26205236,0.26367962,0.26583833,0.2676535,0.26948044,0.27182615,0.274966,0.27836776,0.28089407,0.28219125,0.28258884,0.2835599,0.28513965,0.28728148,0.28995508,0.29235736,0.29443368,0.29607892,0.2968955,0.2963204,0.294243,0.29202256,0.29003754,0.286685,0.28358617,0.28073156,0.27688274,0.27055386,0.26241073,0.25510836,0.24886397,0.24121943,0.23114237,0.22147077,0.21259645,0.20626536,0.20291239,0.20109215,0.19970208,0.20030673,0.20318288,0.20921819,0.21604387,0.2214038,0.22584362,0.23136006,0.23648112,0.24061836,0.24440214,0.25056702,0.26007453,0.27232394,0.28468907,0.2940305,0.30106604,0.30627725,0.3103028,0.3123208,0.31189078,0.30891368,0.303696,0.2968036,0.28902358,0.28127047,0.27487385,0.27074966,0.26940522,0.2704727,0.27279004,0.27559704,0.27882808,0.28280658,0.28661513,0.2907321,0.2966038,0.30528778,0.31731337,0.3318722,0.3473372,0.3621271,0.37555763,0.38771343,0.39853334,0.40794262,0.41592762,0.4233009,0.43057132,0.43800724,0.44412106,0.44664776,0.44723684,0.44807348,0.4489524,0.45009676,,,,,,,,,,,,,,,,,,,,,,,,,,,,,,,,,,,,,,,,,,,,,,,,,,,,,,,,,,,,,,,,,,,,,,,,,,0.5620877,0.55843276,0.55150634,0.5426473,0.53314483,0.51561755,0.4983448,0.4962094,0.50128394,0.5048416,0.5075657,0.51060647,0.51511836,0.52000386,0.5247893,0.5301039,0.5334737,0.53657913,0.53876895,0.53919464,0.5368255,0.53057635,0.52052104,0.5073583,0.49300167,0.4796996,0.46663916,0.45466164,0.4424267,0.43111143,0.42055705,0.4063292,0.38953784,0.37356412,0.3634825,0.359087,0.3570963,0.35408574,0.3482021,0.3401819,0.33349463,0.3309862,0.33318007,0.3393924,0.34923467,0.3615434,0.37587443,0.39081278,0.40550336,0.42274037,0.44341835,0.46494782,0.48481452,0.5011927,0.5162333,0.5329193,0.5463022,0.5536485,0.5546446,0.55045336,0.5461481,0.5393589,0.53378415,0.5336087,0.5344037,0.53287345,0.53074306,0.5292267,0.5299078,0.5317187,0.5326303,0.53246725,0.5332271,0.53424436,0.53486985,0.5354061,0.5349265,0.53285974,0.5290382,0.52362484,0.51741546,0.5115472,0.50648516,0.501849,0.4971553,0.49242064,0.48812482,0.48473483,0.48184603,0.4792961,0.4765972,0.4739428,0.47149464,0.4698748,0.4693717,0.46942994,0.46957856,0.46982667,0.470003,0.47040373,0.47212642,0.47433403,0.47652256,0.47942975,0.48341244,0.48687446,0.49100846,0.4955717,0.49837276,0.49911183,0.4988752,0.4995003,0.5011749,0.50373125,0.5075928,0.51256377,0.51754326,0.5215779,0.52410954,0.52664906,0.5308395,0.53559464,0.539234,0.541664,0.5427245,0.54135895,0.53820294,0.5349194,0.53249985,0.5300713
15.083336,,,,,,,,,,,,,,,,,,,,,,,,,,,,,,,,,,,,0.27391702,0.2744284,0.27404666,0.274351,0.27524516,0.27422246,0.27183035,0.27190518,0.27089357,0.26486027,0.25646383,0.24812783,0.23964562,0.22994865,0.22080658,0.21282688,0.2065246,0.20178482,0.19842613,0.19612688,0.19509676,0.1947809,0.19570822,0.19763494,0.20063367,0.20458618,0.20941868,0.21495023,0.22112913,0.22762573,0.23408844,0.24013467,0.24581182,0.250868,0.25507438,0.2590616,0.26320535,0.26670474,0.26820466,0.26709288,0.26359364,0.2585268,0.2527723,0.2470149,0.24162859,0.23674233,0.23184447,0.22685221,0.22185917,0.21700883,0.21279573,0.21013378,0.20979956,0.21193522,0.21634054,0.22258486,0.23028375,0.23915629,0.2487973,0.25891134,0.2691263,0.27866617,0.28741,0.29514572,0.30213785,0.3088931,0.31491104,0.31936124,0.32280132,0.32541537,0.3263252,0.32453093,0.32052973,0.31522465,0.3087254,0.30091196,0.29184148,0.28175142,0.27094162,0.25971535,0.24816373,0.23665014,0.22538118,0.2146119,0.2047521,0.19618484,0.189136,0.18354969,0.17872003,0.17506681,0.17378876,0.1745523,0.17628318,0.17788965,0.17823881,0.17637391,0.17318633,0.17100747,0.17099084,0.17215346,0.1730602,0.17347759,0.17416811,0.17585109,0.17893706,0.18389554,0.19012122,0.1971019,0.20478298,0.21226667,0.22157085,0.23486944,0.25226212,0.27153084,0.2904071,0.3069016,0.3205488,0.33231163,0.34219936,0.35124967,0.36038032,0.3684822,0.37441927,0.3782208,0.38002163,0.38018313,0.37846363,0.37368092,0.36177853,0.3461261,0.33113343,0.31840318,0.3079089,0.29574457,0.28023627,0.26395082,0.24675491,0.22728652,0.2090807,0.19917239,0.1943194,0.19225621,0.19229965,0.19421779,0.19826154,0.20383126,0.20945923,0.21445288,0.22031295,0.22806379,0.23687954,0.24674813,0.25773758,0.2691407,0.28049922,0.29181424,0.30233148,0.311684,0.31995273,0.32700053,0.33207035,0.33495712,0.33680505,0.34001797,0.34394962,0.34821433,0.35413343,0.35912046,0.36178064,0.3629019,0.36230808,0.36001176,0.35606363,0.35082254,0.34464523,0.33772275,0.330217,0.32216296,0.3137637,0.30539554,0.29727677,0.28956193,0.28245515,0.27646437,0.27150863,0.26795438,0.26728773,0.26730332,0.26847497,0.2698388,0.2711879,0.27275097,0.27510986,0.27844188,0.28184462,0.28420055,0.28550896,0.28707376,0.2882021,0.28954345,0.2912514,0.2933457,0.2957629,0.2982263,0.30033723,0.30206874,0.3031722,0.30255347,0.2988629,0.2950975,0.2917526,0.28803295,0.2850272,0.28186682,0.2764841,0.26828155,0.25984642,0.25318104,0.24638334,0.23762876,0.22749156,0.21793829,0.20891802,0.20385928,0.20076783,0.19836122,0.1981131,0.2011274,0.20786569,0.21599397,0.22233881,0.22738734,0.23244631,0.23811184,0.24398601,0.24885954,0.25325748,0.25901818,0.26902723,0.28230235,0.2934831,0.301463,0.30703616,0.31099948,0.31262714,0.31291738,0.31116998,0.3071819,0.30086148,0.2929839,0.28429762,0.27599493,0.26978144,0.26678443,0.26675892,0.26827234,0.26998556,0.2723969,0.27652583,0.2810072,0.2850986,0.29008728,0.2962414,0.30483678,0.31707644,0.33223432,0.34836468,0.36384064,0.37799552,0.39045557,0.4013021,0.41072735,0.41921368,0.42655346,0.43371075,0.44082537,0.44604713,0.44809365,0.44899234,0.44971254,0.45082274,0.45179802,,,,,,,,,,,,,,,,,,,,,,,,,,,,,,,,,,,,,,,,,,,,,,,,,,,,,,,,,,,,,,,,,,,,,,,,,0.56158584,0.5578062,0.54941815,0.5385506,0.52822083,0.51257664,0.4999631,0.50150084,0.50490713,0.5064128,0.5082028,0.5123241,0.5182595,0.5246417,0.53111,0.5367849,0.5409848,0.5441504,0.5462951,0.54736155,0.54704934,0.54354435,0.53670096,0.5264157,0.5134666,0.49883264,0.48506522,0.47171685,0.45907366,0.44657937,0.43379217,0.42016286,0.4043933,0.3881153,0.37533367,0.36736447,0.36334184,0.35946286,0.353178,0.3459451,0.34022552,0.3380595,0.34053943,0.34767872,0.35833722,0.3708212,0.38476753,0.39874974,0.41171712,0.42692327,0.44636446,0.46731678,0.48725855,0.5042354,0.51896423,0.534061,0.54736567,0.55503315,0.55689067,0.55357313,0.549239,0.5432049,0.53748804,0.5349377,0.5340582,0.53164154,0.5285119,0.5259262,0.5263205,0.52731144,0.525938,0.52328914,0.5223195,0.5231062,0.5249419,0.52734786,0.5287697,0.5279247,0.52541256,0.52120954,0.51551294,0.50978416,0.50442517,0.4990595,0.49341464,0.48802853,0.48325697,0.47879067,0.47428387,0.47004262,0.4660147,0.4621995,0.45945254,0.4587436,0.4597666,0.46169326,0.46379173,0.46605885,0.468414,0.4711565,0.47465178,0.4785105,0.48285076,0.48735225,0.49143276,0.49508834,0.4989454,0.5016056,0.50217897,0.50157875,0.50173354,0.5029849,0.50483423,0.50723433,0.5110401,0.5156593,0.5202303,0.5239806,0.5263453,0.5283797,0.5320224,0.5368053,0.54049224,0.5432469,0.5444321,0.54319865,0.5402148,0.5366264,0.5333151,0.5304853
15.0,,,,,,,,,,,,,,,,,,,,,,,,,,,,,,,,,,0.2755507,0.27416557,0.27545813,0.2777229,0.2787457,0.27957326,0.27937806,0.2769262,0.27347827,0.27058065,0.26442853,0.2535438,0.24296726,0.23275681,0.2221512,0.21263939,0.20505719,0.1987359,0.19421294,0.19073914,0.18827902,0.18645279,0.18575957,0.18593627,0.18748586,0.18986093,0.19367906,0.19845647,0.20416099,0.2108015,0.21801195,0.22528005,0.23231393,0.23910159,0.24546327,0.25083926,0.25500143,0.258119,0.26072186,0.26323238,0.26483148,0.2645639,0.2620831,0.25791624,0.25270757,0.24702346,0.24113968,0.23530567,0.22972386,0.22485155,0.22118221,0.21910492,0.21894932,0.22103156,0.22529608,0.23128162,0.23865546,0.2469858,0.25586775,0.26520798,0.27461976,0.2837626,0.29247746,0.3002298,0.30681187,0.3122719,0.31672767,0.32110012,0.32535192,0.32856348,0.33095938,0.332839,0.33358547,0.33231458,0.32872334,0.3235519,0.31748348,0.3105582,0.3026079,0.2936859,0.28396952,0.27359918,0.26283497,0.2518174,0.24089633,0.23011504,0.21969546,0.21010214,0.20168115,0.19450904,0.18798885,0.18250234,0.17942615,0.17864223,0.1792896,0.18037514,0.18096356,0.18005417,0.17704472,0.17358546,0.1715594,0.17137028,0.17208758,0.17306027,0.17452219,0.17705993,0.18160251,0.18819593,0.19596688,0.20406383,0.21173932,0.2185377,0.2265671,0.23865394,0.2550001,0.27353802,0.29213628,0.3087352,0.32273346,0.33468372,0.34468767,0.3540067,0.36308944,0.37102914,0.37678677,0.38047174,0.38231462,0.38220993,0.380204,0.37576252,0.3653165,0.34975904,0.33391622,0.31989896,0.308704,0.29656768,0.2809489,0.2646345,0.24724121,0.22724248,0.20971076,0.20022507,0.19519809,0.19295925,0.19285189,0.19454806,0.1984152,0.20403957,0.21004887,0.21573092,0.22214177,0.22987413,0.23836048,0.2477861,0.25847772,0.2697163,0.2807196,0.2913774,0.30143443,0.31040803,0.31840986,0.32524732,0.33023962,0.33325648,0.33542594,0.33846223,0.34177008,0.34475,0.34937465,0.354358,0.35712472,0.3588946,0.35909942,0.35770568,0.3545777,0.34999934,0.3443171,0.33776173,0.3306265,0.32299697,0.31536278,0.30770913,0.30005118,0.29314214,0.2866427,0.28092885,0.27560067,0.27286547,0.2717928,0.27181706,0.27256525,0.2733138,0.27433172,0.2758669,0.27848783,0.2817846,0.28474703,0.28692272,0.28912362,0.290562,0.2916065,0.2926516,0.29401648,0.29617655,0.29865843,0.3013944,0.30400354,0.30638376,0.30827257,0.30938652,0.30811527,0.3025166,0.29734328,0.2928455,0.28952032,0.2869165,0.28232023,0.27441007,0.2651394,0.25739953,0.25060955,0.24300188,0.23318155,0.22231695,0.21181324,0.2055466,0.20246948,0.20156392,0.20312019,0.2067359,0.21206337,0.21857385,0.22391018,0.22850315,0.23320383,0.23932534,0.24649572,0.25381216,0.2595759,0.26332116,0.26947606,0.28097728,0.2934434,0.302555,0.30866188,0.31269205,0.31455934,0.31400323,0.3127811,0.30997232,0.30500716,0.2980184,0.2896186,0.28064469,0.27253553,0.26734474,0.2655355,0.265919,0.26585737,0.26570395,0.26838374,0.27306765,0.27788785,0.284123,0.29076332,0.29705,0.3049606,0.31728154,0.3330915,0.34998754,0.36608493,0.38099083,0.39391875,0.40492415,0.414468,0.42261922,0.42960876,0.43633598,0.44310758,0.4471775,0.44917575,0.45010632,0.45096081,0.4517785,,,,,,,,,,,,,,,,,,,,,,,,,,,,,,,,,,,,,,,,,,,,,,,,,,,,,,,,,,,,,,,,,,,,,,,,,0.5610307,0.55726093,0.5500871,0.5380591,0.5243077,0.5117265,0.50593996,0.50835645,0.50885504,0.5080703,0.51065916,0.51647097,0.52407444,0.53214747,0.5398479,0.5464353,0.55183655,0.55518436,0.55707735,0.55705035,0.5562058,0.5545737,0.5506805,0.54353285,0.5333383,0.5204014,0.5055685,0.4913734,0.47749206,0.46397838,0.45030484,0.4351446,0.41956845,0.40345752,0.3886136,0.37714344,0.370308,0.3646273,0.35736462,0.35032392,0.3459308,0.34588474,0.3506262,0.3592721,0.37040988,0.38261473,0.39558542,0.4082627,0.41963762,0.4332646,0.45168173,0.47176242,0.49108878,0.5083651,0.52312213,0.53689575,0.5493664,0.5572337,0.55929583,0.55645543,0.5521823,0.5468513,0.53992623,0.53586745,0.533725,0.5306452,0.52628577,0.52242297,0.5220644,0.52071625,0.51444787,0.5065801,0.5043197,0.5072914,0.51140076,0.5163697,0.52074814,0.5218324,0.52094233,0.51811945,0.51329577,0.50784266,0.5018571,0.4956822,0.48915586,0.48266256,0.47593844,0.4680589,0.46034628,0.4545107,0.45050332,0.44818744,0.44846565,0.45069298,0.45439318,0.45872423,0.46325874,0.46788323,0.47265896,0.47765994,0.48270804,0.48762745,0.49222642,0.49643746,0.50021607,0.5033588,0.5051183,0.505503,0.50479233,0.5041898,0.50457513,0.5055759,0.5072865,0.51017845,0.51433164,0.5188238,0.5229733,0.52643454,0.528705,0.5302858,0.5332488,0.537882,0.54173166,0.54470414,0.54579675,0.5445431,0.54189557,0.5390313,0.53608745,0.5329704
14.916672,,,,,,,,,,,,,,,,,,,,,,,,,,,,,,,,0.27816984,0.27686232,0.27380374,0.27228066,0.27491814,0.27752256,0.27994508,0.28102744,0.2800361,0.2769272,0.27226487,0.26506045,0.25322112,0.23930494,0.22762752,0.21624416,0.20555604,0.197515,0.19126599,0.18606059,0.18243042,0.17917667,0.17684571,0.17510667,0.17463855,0.1752018,0.17718646,0.18030757,0.1850206,0.19075854,0.1978055,0.20571132,0.21379852,0.22184876,0.22987619,0.23769934,0.24469294,0.25050992,0.2551,0.2582195,0.25997007,0.26094213,0.26149994,0.2610784,0.25911382,0.25553977,0.2507648,0.24525113,0.23936974,0.23374462,0.22920446,0.22662887,0.2264911,0.22883853,0.23343092,0.23987783,0.24762881,0.25610152,0.26515946,0.27436444,0.28336394,0.29232624,0.30098036,0.30896124,0.31620434,0.3222916,0.3271055,0.33071303,0.3331199,0.3351283,0.33741465,0.33906493,0.340112,0.34100723,0.34120843,0.34003568,0.33699194,0.3320896,0.32605562,0.3194293,0.31220275,0.30433834,0.29570472,0.2864208,0.2764036,0.26598287,0.25516576,0.24431206,0.2335263,0.22293395,0.21336286,0.20496549,0.19686934,0.18953866,0.18456434,0.18218072,0.18174814,0.18244098,0.18336049,0.18352528,0.18161698,0.17795847,0.1744151,0.17231041,0.17161019,0.17179476,0.17309563,0.17621167,0.18208337,0.19032733,0.1996617,0.20903254,0.21742584,0.2243756,0.23219128,0.24379493,0.25952023,0.2774717,0.29555377,0.3118438,0.3258609,0.33766946,0.34780192,0.3570421,0.36594194,0.3734582,0.3787684,0.38227025,0.38412622,0.3839961,0.38186643,0.37746286,0.36837137,0.3534144,0.3368507,0.32154933,0.30932978,0.29703024,0.28137043,0.26519486,0.24799314,0.2280007,0.21114615,0.20164312,0.19626027,0.19379076,0.19363034,0.1951999,0.19889542,0.2045294,0.2108109,0.21702904,0.22398195,0.23178737,0.24009375,0.24935357,0.25986323,0.27088568,0.2815162,0.2915593,0.3008825,0.30931506,0.31691065,0.32344437,0.32818374,0.33110937,0.33347407,0.33634958,0.33911735,0.34104842,0.34433004,0.34885222,0.35195315,0.35401088,0.35493854,0.3540905,0.35162845,0.34766507,0.34248796,0.33640656,0.3298982,0.32306236,0.3161615,0.3092601,0.30257165,0.29615137,0.28999344,0.28418863,0.27987218,0.27774587,0.27627736,0.2759822,0.2759709,0.2763029,0.27726755,0.27913272,0.28187838,0.28478456,0.28723407,0.28982976,0.29153618,0.2931164,0.29396453,0.29474282,0.29643345,0.2985458,0.3011292,0.30419067,0.30736655,0.31039953,0.3129428,0.31471187,0.3152017,0.31195766,0.30511725,0.2988771,0.29439166,0.29131198,0.2875947,0.2805823,0.27090195,0.26194397,0.25425464,0.2466292,0.23723046,0.22594482,0.21537915,0.20996484,0.2087105,0.21039076,0.21409006,0.2188615,0.22299084,0.22656786,0.22981562,0.23309414,0.23714316,0.24319647,0.2510124,0.25932533,0.26566204,0.26960206,0.2732381,0.28222048,0.29418424,0.30413213,0.31094632,0.31507018,0.31715357,0.31657845,0.3145247,0.312239,0.30862585,0.30309108,0.29594865,0.28768077,0.27926734,0.27242336,0.2683153,0.26701006,0.2660318,0.26284853,0.26105338,0.26364362,0.26874673,0.27605465,0.28502738,0.2930212,0.29826403,0.305512,0.31812632,0.33454165,0.35238594,0.36979407,0.38572362,0.39875427,0.4092932,0.418284,0.42615741,0.43278223,0.4392183,0.4446964,0.4477768,0.44911397,0.4500144,0.4508053,0.4511458,,,,,,,,,,,,,,,,,,,,,,,,,,,,,,,,,,,,,,,,,,,,,,,,,,,,,,,,,,,,,,,,,,,,,,,,0.5608878,0.5571033,0.55070615,0.5403502,0.527828,0.5184176,0.51595896,0.51482993,0.5114341,0.51017565,0.5146787,0.5220377,0.53081536,0.54017156,0.54891443,0.55686605,0.5630023,0.5676077,0.5698666,0.57044035,0.5690985,0.5664112,0.5628989,0.55848426,0.55113983,0.5407792,0.5275245,0.51266915,0.49781924,0.48290685,0.46828344,0.45307282,0.4366029,0.42034978,0.40441975,0.39017963,0.37966713,0.37176389,0.36420298,0.3584559,0.35636222,0.35853472,0.36518532,0.374271,0.38460022,0.3959012,0.40730423,0.41854167,0.4286927,0.44130966,0.45919976,0.47861913,0.4967251,0.51349854,0.52813405,0.54103243,0.5523845,0.5597983,0.5618834,0.5592681,0.55497426,0.5501126,0.54247767,0.53769714,0.5334285,0.5293064,0.5238363,0.51882595,0.51581484,0.51086384,0.500395,0.48998034,0.48836702,0.49271226,0.49753484,0.5037299,0.5104099,0.51361734,0.51476663,0.5135967,0.51023465,0.50529253,0.49967617,0.49316943,0.48583344,0.47768328,0.46814272,0.45781782,0.44846162,0.4428824,0.44105515,0.44295323,0.4472233,0.45283842,0.4588496,0.4648221,0.4705424,0.47585538,0.48089486,0.48561853,0.49026108,0.49469528,0.4988667,0.5025864,0.5055441,0.5072191,0.5075641,0.5067684,0.5058584,0.5054947,0.50567305,0.50687796,0.50945395,0.5134893,0.51800203,0.5223038,0.52600646,0.5291805,0.53132516,0.53237575,0.5343458,0.5386888,0.54284817,0.54591,0.5467017,0.54522705,0.54279983,0.5408103,0.5390248,0.536464
14.833336,,,,,,,,,,,,,,,,,,,,,,,,,,,0.27980828,0.28126857,0.28268608,0.28338757,0.28309378,0.282104,0.27982122,0.2740114,0.2715718,0.27370852,0.2761795,0.27950847,0.28035966,0.2778583,0.2731824,0.2654875,0.25366223,0.23828763,0.22391805,0.21189892,0.2002244,0.1908384,0.18416128,0.17834786,0.17370285,0.17001833,0.16664755,0.16415793,0.16258137,0.16228005,0.16324118,0.16586666,0.17007294,0.17580904,0.18296224,0.1913991,0.20029491,0.2092444,0.21841311,0.22767597,0.23625489,0.24378629,0.2502433,0.25542232,0.2590599,0.26101655,0.26153108,0.26094517,0.2596077,0.25734726,0.25400048,0.24966161,0.24472138,0.23984748,0.23604764,0.23438255,0.23555793,0.23957415,0.24597786,0.25406778,0.2631799,0.27268013,0.2822756,0.2916656,0.3008266,0.30946806,0.31762344,0.32529232,0.33219796,0.33817852,0.34297594,0.34648263,0.3488038,0.34977904,0.35002968,0.3504969,0.35057738,0.3501749,0.34978,0.34924743,0.34780693,0.34505662,0.3407046,0.33497727,0.32838625,0.32132187,0.313908,0.3060213,0.29759836,0.28865874,0.27895516,0.26862222,0.25780925,0.24658047,0.23527472,0.22460055,0.21486795,0.2053649,0.19620927,0.18936637,0.18532367,0.18378408,0.1842134,0.18557344,0.18679766,0.18645394,0.1836118,0.17947423,0.17580631,0.1733856,0.17232837,0.17299506,0.17629734,0.18318574,0.19276041,0.20346218,0.21390444,0.22291021,0.2300749,0.23820657,0.24994124,0.2654559,0.2829028,0.30028778,0.3160956,0.32978565,0.34125206,0.3512818,0.3602792,0.36872673,0.37566677,0.38044852,0.38364545,0.38547716,0.38542768,0.3832956,0.37884733,0.37087357,0.3567024,0.33979252,0.32340378,0.309875,0.297178,0.28174835,0.26588827,0.24921405,0.22980331,0.21353889,0.20370309,0.19782841,0.19506784,0.19487008,0.19643688,0.19997884,0.20554686,0.21197212,0.2185495,0.22577354,0.2335688,0.24186048,0.25125495,0.2618699,0.27272308,0.28289738,0.2922564,0.30076653,0.30841222,0.3154495,0.3216489,0.32618266,0.32894164,0.33129597,0.33398646,0.3362048,0.33724248,0.33938327,0.34310067,0.34617615,0.34832096,0.34971312,0.34932995,0.3475219,0.34428108,0.33990413,0.3346965,0.32892847,0.32281104,0.31649795,0.31017178,0.30399027,0.29790872,0.29193136,0.28689352,0.28390962,0.28137296,0.27998638,0.2793013,0.2789163,0.27923888,0.28040153,0.2824195,0.28490305,0.28730172,0.28987172,0.29162592,0.29320902,0.29437187,0.29493907,0.2962205,0.2975946,0.29952982,0.30212152,0.30559507,0.30939496,0.31321833,0.31648827,0.31886238,0.320546,0.31944638,0.3130349,0.3052732,0.29949084,0.2954343,0.29226837,0.28633294,0.2771343,0.26715502,0.25832897,0.25004908,0.24101003,0.23062183,0.22233559,0.21884187,0.21924771,0.22180289,0.22545055,0.22973022,0.23393346,0.23766272,0.24033716,0.24287723,0.24639396,0.25165832,0.25831956,0.26585555,0.27214402,0.27477273,0.27768806,0.2856263,0.29668367,0.3066101,0.31343326,0.31786412,0.3199907,0.31977767,0.3176518,0.31455335,0.31135455,0.30727696,0.30174613,0.29506728,0.28773335,0.2807638,0.2751498,0.2717098,0.27020395,0.26707646,0.26261523,0.2605009,0.2627351,0.26866347,0.2782534,0.2888179,0.2951845,0.2995607,0.30706862,0.32036704,0.33792934,0.35704508,0.37573123,0.39158064,0.4040787,0.41398823,0.4223012,0.42952794,0.4357867,0.44130307,0.4454936,0.44738328,0.4486264,0.4499743,0.45094392,,,,,,,,,,,,,,,,,,,,,,,,,,,,,,,,,,,,,,,,,,,,,,,,,,,,,,,,,,,,,,,,,,,,,,,,0.56046504,0.55563104,0.5491638,0.54245144,0.53347456,0.52719265,0.5230966,0.5184162,0.51165986,0.5131398,0.51865673,0.52723056,0.5372384,0.5478409,0.5579591,0.56716675,0.5744071,0.57968575,0.5825961,0.5837089,0.58307505,0.5809873,0.5771927,0.57238054,0.5667867,0.5587313,0.5481025,0.5344682,0.51918536,0.503587,0.48765895,0.47201958,0.45615256,0.43939054,0.4228744,0.40741292,0.39428258,0.38388154,0.3759376,0.37165508,0.37105924,0.37435076,0.38126495,0.38975695,0.3993236,0.40908468,0.41923955,0.42940477,0.43881607,0.4508433,0.4682846,0.48717606,0.50433713,0.520034,0.53401804,0.54604876,0.55597824,0.5623548,0.56412923,0.5615522,0.5573283,0.5527657,0.54466593,0.5385721,0.53290427,0.5277677,0.5213121,0.51542234,0.5114129,0.505723,0.49512157,0.48758313,0.48762834,0.4883125,0.4901887,0.49327385,0.5001442,0.5043762,0.5079649,0.5080524,0.50610316,0.50171286,0.49606708,0.4900331,0.48228508,0.47272658,0.46157074,0.45070538,0.4423223,0.43959966,0.44167274,0.44660288,0.45302942,0.45958996,0.4653591,0.47048378,0.47527066,0.4799817,0.48456052,0.4889927,0.49335465,0.49764273,0.5016251,0.5049472,0.50742996,0.5082662,0.50751483,0.50631887,0.50564563,0.505725,0.50669026,0.5089205,0.51283747,0.51750046,0.522079,0.52611387,0.52939826,0.5321791,0.53413737,0.53465164,0.5354765,0.53937584,0.54375833,0.5466886,0.5470881,0.5452073,0.54288846,0.54158425,0.54066265,0.5389029
14.75,,,,,,,,,,,,,,,,,,,,,,,,0.2817268,0.28350532,0.28420398,0.28481296,0.28667256,0.28911662,0.29094908,0.2907992,0.28851324,0.28434628,0.27675486,0.27312675,0.2738637,0.2756938,0.27806845,0.27712545,0.2724126,0.26457024,0.2533383,0.23878786,0.22292683,0.20910473,0.19676954,0.18572633,0.17787257,0.17158747,0.16598189,0.1613866,0.15720306,0.15353468,0.15093617,0.14949991,0.1494381,0.15102933,0.15464023,0.15993834,0.16690159,0.17547269,0.18493804,0.19466652,0.20473331,0.21528149,0.22551493,0.23480281,0.24309762,0.25028467,0.2562539,0.26084483,0.26373592,0.26483497,0.26437724,0.26265728,0.2599443,0.25655094,0.25277025,0.2491131,0.24635224,0.24547203,0.2472429,0.25176668,0.2587934,0.2675767,0.27745008,0.2875815,0.29758146,0.30717078,0.31637323,0.32496753,0.33282244,0.34006873,0.34671354,0.3525816,0.35763404,0.36145592,0.36400202,0.36549512,0.36555874,0.3647212,0.36377016,0.3624556,0.36063603,0.35897595,0.35756454,0.3556405,0.35293555,0.34908366,0.3438739,0.3376054,0.33072388,0.32341713,0.31568328,0.3076026,0.29908514,0.29013503,0.28030664,0.26959217,0.25833082,0.24672207,0.23519947,0.224229,0.21333687,0.202639,0.19411756,0.18847844,0.18584357,0.18604039,0.18792488,0.1901313,0.19116168,0.18985648,0.1861351,0.18162075,0.17767337,0.17511831,0.17482488,0.1779177,0.18542308,0.19607244,0.20797233,0.21939357,0.22879478,0.23626414,0.24482521,0.25699782,0.27245346,0.28933477,0.3060215,0.32116696,0.3343292,0.34553355,0.3551641,0.3635909,0.37137127,0.37749273,0.38162228,0.38448218,0.3862692,0.38639972,0.38437483,0.38002205,0.37277168,0.35959026,0.34270313,0.3255467,0.31069115,0.29732245,0.28218234,0.2667901,0.2509064,0.2326613,0.21706878,0.20676902,0.20032291,0.19714458,0.19685346,0.19841354,0.20177509,0.20720336,0.21368569,0.22050194,0.2277948,0.2355193,0.24389064,0.25360522,0.26433772,0.27502838,0.28476363,0.29343426,0.3011157,0.3078356,0.3141843,0.3199764,0.32427,0.3269137,0.32911676,0.3315633,0.33317772,0.33320898,0.3340484,0.336875,0.33951697,0.34149453,0.34297413,0.34296474,0.34176752,0.3393113,0.33573145,0.33136055,0.3263646,0.3209903,0.31551743,0.30986604,0.3040988,0.29849693,0.2934897,0.2900094,0.2866774,0.284417,0.28311747,0.28225833,0.281942,0.2824523,0.28373286,0.28551495,0.28761652,0.29010966,0.2918479,0.292955,0.29398182,0.29445404,0.29509372,0.2957537,0.2966837,0.2985398,0.30154333,0.30538934,0.30989525,0.31467858,0.31908605,0.3220099,0.32445157,0.3248958,0.31975093,0.3109261,0.3040107,0.29953703,0.2961535,0.29131833,0.28318572,0.27316475,0.2634979,0.254604,0.24605334,0.2376407,0.23192035,0.22977987,0.23021087,0.23199444,0.23463723,0.23795325,0.24170223,0.24551506,0.24945873,0.25363204,0.2575937,0.26168367,0.2664855,0.27259067,0.2775472,0.2795127,0.28266558,0.29013285,0.30020678,0.30978096,0.31647837,0.32090998,0.32293612,0.32283908,0.32121456,0.31826025,0.31449926,0.31068158,0.30648518,0.30133283,0.29554474,0.28956175,0.28398493,0.279303,0.27643305,0.27406338,0.2705407,0.26761237,0.2665957,0.26800093,0.27383876,0.28412127,0.2927641,0.2974614,0.3019326,0.31048423,0.3248641,0.34374315,0.3647036,0.383427,0.39869153,0.41006297,0.4184013,0.4258048,0.4325638,0.4383708,0.44318268,0.44648525,0.44826105,0.44974616,0.45098263,0.45163554,,,,,,,,,,,,,,,,,,,,,,,,,,,,,,,,,,,,,,,,,,,,,,,,,,,,,,,,,,,,,,,,,,,,,,,0.5607765,0.5568762,0.5495869,0.5437819,0.53773195,0.5315649,0.5245937,0.5171841,0.5123046,0.5147738,0.5220516,0.53188646,0.5427429,0.55395097,0.5649257,0.5748452,0.5832984,0.5896719,0.5939989,0.5959806,0.5960974,0.5946125,0.5920195,0.5872131,0.58120996,0.5746279,0.56595254,0.55491054,0.54054874,0.52482283,0.50862634,0.49233773,0.47619137,0.46036354,0.44441003,0.42845196,0.41456243,0.4028354,0.39399943,0.38963515,0.38875362,0.39192837,0.3981358,0.40583178,0.41412473,0.4223649,0.43133923,0.44081905,0.4496432,0.46204993,0.47900608,0.49686116,0.5131462,0.5277381,0.5405586,0.55137795,0.55998,0.5651254,0.56605315,0.56331176,0.55920106,0.5548354,0.5465342,0.53887725,0.5321399,0.5261633,0.5188528,0.5124588,0.5081335,0.5037325,0.49593362,0.49034676,0.4878079,0.4871159,0.48811534,0.48911598,0.49120355,0.49698028,0.5012792,0.5021808,0.5013861,0.4980738,0.4920398,0.48535517,0.47703442,0.46594515,0.45493245,0.44562873,0.44109374,0.44170704,0.44587338,0.45165855,0.4572637,0.4623828,0.4673024,0.4721899,0.4771396,0.48212168,0.48691198,0.49150765,0.49593773,0.49998108,0.50360554,0.5065923,0.50837594,0.5084358,0.50734514,0.50649464,0.5066619,0.5076895,0.50939715,0.51237404,0.51669,0.52155226,0.5260775,0.5298815,0.5328921,0.53527075,0.5370189,0.5370694,0.53681797,0.5401264,0.5443594,0.5469913,0.54695594,0.5445028,0.54212,0.54139286,0.5412268,0.53993934
14.666672,,,,,,,,,,,,,,,,,,,,,,0.28145072,0.28491533,0.28750977,0.29098415,0.29349294,0.2951884,0.296409,0.2966844,0.29707488,0.2967962,0.29412714,0.28902757,0.280284,0.27536324,0.273774,0.27352473,0.27404612,0.270715,0.2634401,0.25285226,0.23933665,0.2237039,0.20826977,0.19481032,0.18269978,0.17289972,0.1659222,0.15951246,0.15401593,0.1488768,0.14419384,0.14039654,0.13777302,0.13639699,0.13674986,0.13918708,0.1436213,0.14982551,0.15780586,0.16726921,0.17748484,0.18815409,0.1996106,0.21135855,0.22258876,0.23303232,0.24244131,0.25059065,0.25753334,0.26323426,0.26746142,0.26999632,0.27081516,0.27016678,0.2683609,0.26590663,0.26336145,0.26148567,0.26099887,0.26263207,0.26669806,0.27313665,0.2816327,0.29141456,0.3016153,0.31162333,0.32108742,0.32990685,0.3381831,0.3457374,0.35249886,0.35866904,0.36433437,0.3695366,0.37416986,0.37754342,0.37958404,0.38059667,0.38011444,0.37857178,0.37670743,0.37425536,0.3712009,0.36837798,0.36604318,0.3635638,0.36061034,0.35702398,0.35238534,0.34663838,0.3400283,0.33293322,0.32532415,0.31722978,0.30870304,0.29976925,0.2904215,0.28014767,0.26901457,0.25732332,0.24536903,0.23331986,0.22116351,0.20914787,0.19915941,0.19210179,0.18846038,0.18851131,0.19093227,0.19384293,0.19592087,0.19606575,0.193497,0.18899015,0.18415572,0.18027239,0.17886513,0.18161935,0.18952179,0.20096073,0.21366137,0.225604,0.23516724,0.24286436,0.25208014,0.26473626,0.28001598,0.29626936,0.3122089,0.3266656,0.33925122,0.34995863,0.35901818,0.36682072,0.37375805,0.37901178,0.38236552,0.38478726,0.38646853,0.38680637,0.38504514,0.3809521,0.37417364,0.36223537,0.34567732,0.3281048,0.31215832,0.29777777,0.282868,0.2680252,0.25309277,0.23640291,0.2216476,0.21103632,0.20403168,0.20029771,0.19975689,0.20118475,0.20430543,0.20953485,0.21602467,0.22296408,0.2301791,0.2377688,0.24638276,0.25652772,0.26732793,0.277704,0.28691742,0.294907,0.30172187,0.30755442,0.31313255,0.31839916,0.32243025,0.32494983,0.32692915,0.32902867,0.3301096,0.3294041,0.32887417,0.33030644,0.3324493,0.3340837,0.33523986,0.33538282,0.334479,0.3327485,0.3300742,0.32669258,0.32269338,0.31828952,0.3136242,0.30872148,0.30380252,0.29930234,0.29542497,0.2916093,0.28887624,0.28711087,0.2858439,0.28505,0.28509778,0.28585124,0.2869199,0.28823826,0.29053187,0.29228473,0.2930833,0.29356003,0.29368368,0.29356107,0.29313853,0.293148,0.29388928,0.2959913,0.29936153,0.30424574,0.30980355,0.31545913,0.3209671,0.32486606,0.32722434,0.32905367,0.32520333,0.31634647,0.30806667,0.3032568,0.29956034,0.29554197,0.28893763,0.27970517,0.26972878,0.26055676,0.25246993,0.24573232,0.24181415,0.23993775,0.23930232,0.23950873,0.24066997,0.24280941,0.2460413,0.2503213,0.25523338,0.2602293,0.26469517,0.2684793,0.27273566,0.2775278,0.28156587,0.28418356,0.28845957,0.29562774,0.3044847,0.31331196,0.31973788,0.32393268,0.32590336,0.3257603,0.3244267,0.32217476,0.3189564,0.314941,0.31075233,0.30645287,0.301877,0.29711857,0.2923569,0.28779513,0.28421375,0.28140298,0.2788452,0.276005,0.2741211,0.27241674,0.27350938,0.28026184,0.28954476,0.29632,0.30020607,0.3058983,0.31590274,0.33258438,0.35394368,0.3751166,0.39244604,0.4061139,0.41544938,0.42260554,0.4291175,0.4355635,0.44088617,0.44486877,0.44746336,0.44898427,0.4503423,0.45130217,0.45180178,,,,,,,,,,,,,,,,,,,,,,,,,,,,,,,,,,,,,,,,,,,,,,,,,,,,,,,,,,,,,,,,,,,,,,,0.55841774,0.5528225,0.5457133,0.5391721,0.53071105,0.5202118,0.5107917,0.51170784,0.51556504,0.5246629,0.5346002,0.5462473,0.55847526,0.569909,0.58041507,0.58944196,0.5968593,0.6025527,0.6061149,0.60737824,0.60652983,0.6045982,0.60127753,0.595932,0.589483,0.5822652,0.57323253,0.5611844,0.5464937,0.53022057,0.5135747,0.4972142,0.4811295,0.46630642,0.45138836,0.43769675,0.42576438,0.4164078,0.41073176,0.40907845,0.41143456,0.41641334,0.42234164,0.42871037,0.4357812,0.44401985,0.45241484,0.46150059,0.47517526,0.4919948,0.50813377,0.5227166,0.5361051,0.54779094,0.55717963,0.56431895,0.5681425,0.56805366,0.5649548,0.56076634,0.55641913,0.54814947,0.53904676,0.5315911,0.5247971,0.51703393,0.51064336,0.5064824,0.5028975,0.49791834,0.49248815,0.487894,0.4862987,0.48641816,0.48722953,0.48874354,0.4907538,0.494068,0.49719396,0.49763024,0.49489367,0.48958585,0.48253322,0.47284317,0.4609234,0.45098382,0.44488028,0.4436135,0.44617212,0.45083207,0.45592034,0.46073565,0.4653554,0.4701483,0.47520256,0.48041224,0.48554337,0.49034572,0.49485236,0.4990246,0.50274694,0.50584185,0.5081752,0.50963444,0.5099061,0.50944126,0.5093849,0.5102021,0.51160276,0.51346564,0.5163657,0.5207555,0.5256325,0.529988,0.5334943,0.5362598,0.53835166,0.53988063,0.53954756,0.53838587,0.5408475,0.54462,0.54692835,0.54625124,0.542883,0.5401584,0.5398997,0.5399169,0.5387029
14.583336,,,,,,,,,,,,,,,,,,,,0.28381538,0.2861313,0.2886205,0.2939919,0.29890582,0.30269915,0.30577365,0.30779728,0.30815256,0.30667987,0.30459803,0.30295357,0.30024037,0.2936863,0.28412956,0.2780582,0.27365634,0.27039957,0.26796672,0.26236558,0.25260395,0.24020383,0.22542757,0.20948304,0.19445328,0.1811947,0.16973467,0.16121037,0.15438676,0.14772475,0.14185373,0.13600743,0.13103104,0.12711748,0.12439193,0.123236045,0.12408734,0.12701587,0.13187103,0.13856488,0.14716144,0.15710945,0.167935,0.17977796,0.19254044,0.20541222,0.21792912,0.2297986,0.24070673,0.2504981,0.25896436,0.26607403,0.2716876,0.2758202,0.27850062,0.27984437,0.28010508,0.2797675,0.27938095,0.27963147,0.28118378,0.2844565,0.28987658,0.29731765,0.30630785,0.31591448,0.32535344,0.3341803,0.34228563,0.3497599,0.3566217,0.36274388,0.36838445,0.37363234,0.37879437,0.38399047,0.3885979,0.3918809,0.3938648,0.3945658,0.39363366,0.3916193,0.3892378,0.3859113,0.38183296,0.37794304,0.3747324,0.37171742,0.3683961,0.36477798,0.3605203,0.3553665,0.34924507,0.34246877,0.3350455,0.32695878,0.3183035,0.30912054,0.2996204,0.28981403,0.27913603,0.26754478,0.2552357,0.24255031,0.22932057,0.21631241,0.20511757,0.19691807,0.19255482,0.19248329,0.19524112,0.19853254,0.20113645,0.20227987,0.20104815,0.19731665,0.19243394,0.1879362,0.18590514,0.18848503,0.19661276,0.20829684,0.22109999,0.23288913,0.24219747,0.2501132,0.25994653,0.27301103,0.28807622,0.3035915,0.31873915,0.3325447,0.3444718,0.35449708,0.36289406,0.36994505,0.37595245,0.38010842,0.3826305,0.38456056,0.38607812,0.3865961,0.3851803,0.3814082,0.37506443,0.36436126,0.3485331,0.33104175,0.31442967,0.2990207,0.28408897,0.2697584,0.2557374,0.2407008,0.22700131,0.21642292,0.20895894,0.20464818,0.2037154,0.20481275,0.20761427,0.21264099,0.21910524,0.22601597,0.23300257,0.2405261,0.24957164,0.26003644,0.270742,0.28065485,0.28930786,0.29660025,0.3025392,0.30749384,0.31224865,0.31689563,0.32060573,0.3229359,0.32459518,0.3262169,0.32675433,0.32562327,0.32408458,0.32389644,0.32514966,0.32677388,0.3279601,0.32838467,0.32785907,0.32665122,0.3246924,0.32215995,0.31916118,0.31575528,0.31201875,0.3080971,0.30411887,0.3001929,0.2962415,0.2932481,0.29120615,0.28968433,0.28851324,0.28812978,0.28848153,0.28909245,0.28966,0.2911543,0.29287028,0.29344657,0.29341915,0.2929459,0.29211402,0.29085368,0.2895875,0.28900862,0.28986782,0.29258734,0.297602,0.30393445,0.31037477,0.31633225,0.32224765,0.32740828,0.3297641,0.33193153,0.32994553,0.32182524,0.31264594,0.30700365,0.30316404,0.29943225,0.29422155,0.2863018,0.276982,0.26795024,0.26036423,0.2549615,0.25152794,0.24884579,0.24659474,0.24486615,0.24423459,0.24539278,0.24865612,0.2534399,0.25891054,0.26427963,0.26908407,0.27337313,0.27757955,0.2816654,0.28537908,0.28932852,0.29458407,0.30148995,0.3092452,0.31717303,0.32319146,0.3270161,0.32892826,0.3285295,0.32686877,0.3251748,0.3230258,0.3197712,0.31572604,0.31151134,0.30738232,0.30347735,0.29956716,0.29556245,0.2921051,0.28926063,0.28655237,0.28379932,0.28034195,0.27618912,0.2744918,0.27724016,0.28522688,0.293922,0.2993266,0.3039283,0.31113806,0.32446948,0.3442648,0.36624,0.3857349,0.40162992,0.4126768,0.420398,0.42640156,0.43244362,0.43830153,0.44300172,0.44652984,0.44875532,0.45037267,0.45152766,0.45243376,0.45287177,,,,,,,,,,,,,,,,,,,,,,,,,,,,,,,,,,,,,,,,,,,,,,,,,,,,,,,,,,,,,,,,,,,,,,0.5598002,0.5537277,0.5457453,0.53713447,0.52698046,0.5139282,0.508903,0.5099306,0.5155658,0.5248008,0.53551716,0.54845667,0.56116134,0.57311505,0.5840913,0.59362215,0.6017452,0.60848093,0.6134005,0.6162681,0.6168179,0.6156584,0.6135156,0.61014473,0.6044692,0.59786534,0.59050524,0.580701,0.5678955,0.5524687,0.5357432,0.51915616,0.5029598,0.48783562,0.47395286,0.46132734,0.4500648,0.44087967,0.43464246,0.4320058,0.4325458,0.43553466,0.43932894,0.44469622,0.45067742,0.45745462,0.46562496,0.47588927,0.4904029,0.5066015,0.52094483,0.53339916,0.5451133,0.55532587,0.5631692,0.5685832,0.571096,0.5701494,0.5665699,0.56211585,0.5576193,0.5494717,0.53936327,0.5313867,0.523806,0.5159115,0.50984895,0.50571734,0.50217104,0.4982597,0.49294657,0.48824435,0.48623666,0.48555225,0.48605004,0.4879565,0.4897016,0.49008363,0.49098969,0.4938172,0.49341905,0.48862118,0.48182178,0.47227046,0.46124777,0.45243877,0.44810766,0.4482223,0.45129833,0.4555473,0.45967713,0.46351737,0.46784782,0.47287926,0.47826773,0.48375523,0.48910704,0.49407884,0.49860236,0.50272244,0.50631404,0.50927305,0.51157695,0.5130511,0.51374936,0.5141004,0.5146944,0.5157082,0.5169799,0.51854175,0.5212366,0.5254796,0.53001267,0.53394127,0.53699124,0.53948873,0.54145473,0.54275316,0.5420805,0.5400209,0.5413458,0.5446775,0.5465113,0.5450739,0.54064023,0.53707343,0.5367121,0.53672624,0.53536767
14.5,,,,,,,,,,,,,,,,,,0.28154317,0.28389856,0.28784034,0.2932981,0.29874885,0.30451018,0.31018123,0.3150386,0.31887376,0.32076335,0.32076496,0.31907645,0.31505013,0.31077158,0.30660084,0.29908532,0.28870144,0.28061473,0.27264848,0.26696065,0.2614931,0.2534249,0.24190126,0.22782484,0.2122708,0.19623491,0.18154132,0.16866224,0.15816607,0.15033244,0.14320168,0.13616477,0.12950672,0.1231628,0.1180416,0.11379071,0.11094855,0.109985985,0.11095252,0.11384426,0.118646435,0.12560418,0.13447808,0.14466143,0.15619205,0.16917112,0.18314102,0.19731458,0.21120553,0.22454052,0.23710923,0.24871838,0.25905263,0.26802403,0.27566364,0.28185335,0.28667268,0.290275,0.2928712,0.29492828,0.29687428,0.29929268,0.30274624,0.30761087,0.31425822,0.3220047,0.3303989,0.33864433,0.34642258,0.3534781,0.35990432,0.36582425,0.37112957,0.37597418,0.3807026,0.3855358,0.39083648,0.39640465,0.40130842,0.40463376,0.40671667,0.4074605,0.40619573,0.40383503,0.40105748,0.39706936,0.39215314,0.38741925,0.3834487,0.37987086,0.37616172,0.3723991,0.36833066,0.3635954,0.35800564,0.35164094,0.34447926,0.33649606,0.3277711,0.31833598,0.30833656,0.29833007,0.28816554,0.2771234,0.2649387,0.25187972,0.23829025,0.22450325,0.21245763,0.20353313,0.19869308,0.19845508,0.20116013,0.20435631,0.20693406,0.20852596,0.20822842,0.20573995,0.20175932,0.19763605,0.1956432,0.1985588,0.20680667,0.21805036,0.23016906,0.24108176,0.24975161,0.25784856,0.26827818,0.2817488,0.29636857,0.31100062,0.3253903,0.33854276,0.3497251,0.35898,0.366707,0.37281907,0.37779945,0.38095096,0.3825399,0.38385698,0.3851666,0.38585445,0.38481426,0.38137656,0.37539926,0.36585248,0.3509022,0.33387345,0.31711087,0.30113882,0.28608683,0.2721249,0.25880432,0.24524765,0.23272675,0.22250675,0.21479593,0.21009417,0.20869286,0.20925616,0.21170244,0.21657294,0.22296353,0.22961578,0.23625536,0.24387653,0.25344142,0.2640392,0.27443427,0.28371072,0.2917683,0.29837483,0.3034867,0.30758402,0.31148747,0.31546715,0.31878442,0.32082766,0.32210386,0.32311365,0.32308477,0.32177442,0.31978914,0.3184111,0.31867307,0.31995493,0.3213442,0.32226506,0.3224212,0.3217977,0.32047817,0.31868944,0.31664485,0.31428936,0.31139335,0.30799937,0.30421567,0.30030027,0.29721,0.29496527,0.2934431,0.29213485,0.2915059,0.29137963,0.2914496,0.2914831,0.29219496,0.29355234,0.29394782,0.29343814,0.29235852,0.2910499,0.28930727,0.28719744,0.28519836,0.28447166,0.28603908,0.2908565,0.29759637,0.30495077,0.3120833,0.3180935,0.32357767,0.32931075,0.33260265,0.3344712,0.3341675,0.32715192,0.31813088,0.3112644,0.3069751,0.30314726,0.29869986,0.2923747,0.2844248,0.2761965,0.2691947,0.26419514,0.26034516,0.25689644,0.25364247,0.2510261,0.2496655,0.25081366,0.25440907,0.25942534,0.26500052,0.2704654,0.27554977,0.28017002,0.28445956,0.2884606,0.29236925,0.29661936,0.30147487,0.30753797,0.3142891,0.32140473,0.32674998,0.33000365,0.33168286,0.3308199,0.32851765,0.3265368,0.32519537,0.32317874,0.3200519,0.31631994,0.31246206,0.30887166,0.30559698,0.302325,0.2991818,0.2964504,0.29355934,0.29060426,0.28622085,0.2800417,0.2757624,0.27551967,0.2811981,0.2903983,0.29813862,0.3032515,0.3088243,0.31925443,0.3370648,0.35855508,0.37901184,0.39670324,0.40940264,0.41859528,0.42435333,0.42912993,0.4350433,0.4404822,0.44510707,0.448443,0.4505566,0.451884,0.4527874,0.4533776,,,,,,,,,,,,,,,,,,,,,,,,,,,,,,,,,,,,,,,,,,,,,,,,,,,,,,,,,,,,,,,,,,,,,,0.56072104,0.5544514,0.5441628,0.5330735,0.518601,0.50662214,0.5073131,0.5070918,0.5140797,0.52333975,0.5347504,0.54802823,0.56081635,0.5736823,0.58560145,0.5958901,0.6044771,0.61205155,0.6181449,0.62248844,0.6247228,0.62516457,0.6240302,0.622083,0.6186403,0.61298907,0.60664856,0.59900284,0.5886885,0.57525694,0.5595539,0.5429032,0.5262326,0.5105846,0.49633512,0.4840934,0.47360006,0.46497372,0.45870942,0.4549657,0.45402375,0.45508868,0.45772654,0.4622284,0.46714497,0.47379184,0.4823314,0.49315047,0.50727004,0.5218033,0.53405815,0.5444949,0.55457824,0.5629606,0.5689805,0.5727095,0.57384044,0.572071,0.5680637,0.5633661,0.55853915,0.5503584,0.539676,0.53127444,0.5231507,0.5151766,0.50942427,0.5049715,0.5010268,0.4969779,0.49232134,0.4885303,0.4864991,0.48533088,0.4854241,0.48741946,0.48980623,0.4904623,0.49020827,0.49014676,0.49116912,0.48888433,0.48261547,0.47430634,0.46477085,0.4569057,0.45316264,0.4536696,0.45637965,0.45935303,0.46208888,0.46569684,0.4706696,0.47635844,0.48220423,0.48781988,0.49324155,0.4983368,0.5030306,0.5073887,0.511324,0.5147035,0.51737815,0.5193234,0.52056676,0.5215116,0.5224643,0.5233384,0.52413803,0.52526605,0.52757514,0.53105325,0.5348404,0.5380311,0.5405213,0.5426095,0.5444428,0.5455498,0.54445434,0.54155135,0.5417929,0.5445958,0.5457937,0.54353297,0.5381744,0.5335466,0.53254545,0.5326163,0.53143823
14.416672,,,,,,,,,,,,,,,,,0.2802759,0.2822978,0.28614756,0.29111552,0.2973404,0.30466795,0.31229395,0.31918252,0.3249234,0.3296854,0.33242464,0.33286017,0.3309755,0.3266102,0.31926388,0.312616,0.3045945,0.29402038,0.28352726,0.27228206,0.26385182,0.25548956,0.24484704,0.2318087,0.21639213,0.20024274,0.18409804,0.16965863,0.157403,0.1477731,0.1401033,0.13241176,0.1247161,0.11723952,0.11048597,0.1050201,0.10055251,0.09750637,0.09629071,0.0968054,0.09931893,0.10397869,0.11099856,0.11986115,0.13029009,0.14262886,0.15673211,0.1719439,0.1874494,0.20290835,0.21798173,0.23236468,0.24572235,0.25765958,0.26832566,0.27783373,0.2862546,0.29354593,0.29977506,0.30499092,0.30951765,0.31384262,0.3186337,0.32390982,0.3300198,0.3365803,0.3435074,0.35043782,0.35689542,0.3627651,0.36818805,0.37322333,0.3778733,0.38216698,0.3862813,0.39083883,0.3961958,0.40215725,0.40800127,0.412931,0.4163326,0.41836292,0.418938,0.41764188,0.41508704,0.4119525,0.4074052,0.4018092,0.39651,0.3918078,0.3878099,0.3837565,0.3798057,0.37581575,0.37141353,0.3662416,0.36022353,0.35337573,0.3457347,0.33711937,0.32756922,0.3171957,0.30655417,0.2962445,0.28565836,0.27411374,0.2615206,0.24774177,0.23377027,0.22128233,0.2120559,0.2068734,0.20624934,0.2084458,0.21100624,0.21304987,0.21455768,0.2148939,0.2137295,0.21111515,0.20808151,0.20720017,0.21101552,0.21906161,0.22928937,0.24013603,0.2497754,0.25758964,0.26585495,0.27711144,0.29061064,0.3045576,0.31841856,0.3320145,0.34441608,0.35481972,0.36343256,0.37027767,0.37547988,0.37944728,0.3815217,0.38216373,0.3827981,0.38382655,0.3846767,0.38407385,0.38102117,0.37541464,0.36673585,0.35276696,0.33638626,0.31998804,0.3039974,0.288955,0.27516466,0.2622467,0.24985465,0.23850416,0.228841,0.2212078,0.21639289,0.21444423,0.21438557,0.21656312,0.22133201,0.2274872,0.23364678,0.23995365,0.24792105,0.25788125,0.26833045,0.2780246,0.28674257,0.29411462,0.30005273,0.30443,0.3077611,0.31084964,0.3141133,0.316956,0.3186043,0.31940642,0.3197516,0.3191765,0.31772688,0.31583104,0.31400836,0.31351033,0.3142982,0.31584,0.31723973,0.3180115,0.3181615,0.31771848,0.316854,0.31558338,0.31360748,0.3109307,0.30755356,0.30399194,0.30079818,0.29845506,0.29680723,0.2955522,0.29485133,0.29434183,0.2939048,0.29338944,0.2933213,0.29429454,0.2944653,0.29362676,0.29203498,0.29024574,0.28810227,0.2856284,0.28294924,0.28101665,0.28066784,0.2843896,0.2911926,0.2991456,0.30708268,0.3146101,0.32071492,0.3256857,0.3311423,0.335244,0.3368124,0.3373523,0.3322202,0.32331717,0.31547415,0.3106595,0.3067788,0.30257472,0.29730973,0.29071108,0.28364334,0.27738115,0.27218544,0.26794133,0.26451626,0.26148897,0.25922656,0.25855735,0.26063073,0.264927,0.2701398,0.2755325,0.2806449,0.2853703,0.2897907,0.2940943,0.297916,0.30150414,0.30520773,0.30934924,0.31427732,0.31983054,0.32573152,0.3302757,0.33296356,0.3341002,0.33313793,0.33024666,0.3273462,0.32592127,0.32479736,0.32283923,0.31998044,0.31674242,0.3135829,0.3106723,0.3079258,0.30526415,0.3025193,0.29967085,0.29672882,0.2918101,0.2843268,0.27794737,0.2756367,0.27909803,0.28713104,0.29647937,0.3030811,0.30807674,0.31654176,0.33194438,0.35232586,0.3728298,0.39110973,0.40564603,0.41583857,0.42271274,0.42702553,0.43201527,0.43750775,0.4427733,0.44708252,0.4497906,0.45132715,0.4523792,0.45314023,0.45337602,,,,,,,,,,,,,,,,,,,,,,,,,,,,,,,,,,,,,,,,,,,,,,,,,,,,,,,,,,,,,,,,,,,,,0.5617391,0.5562898,0.5437091,0.5275011,0.51159674,0.5047563,0.50366735,0.5034713,0.51104486,0.5196632,0.5312279,0.5440473,0.55732447,0.57135636,0.58420974,0.5950946,0.604644,0.61343354,0.6208359,0.62660253,0.63052434,0.6327232,0.6332072,0.63221574,0.63041073,0.6268904,0.6213496,0.6148685,0.6070597,0.5964165,0.5831731,0.5678466,0.55159396,0.5357247,0.5208341,0.5078849,0.4970941,0.488493,0.4821153,0.4777803,0.47584614,0.47589472,0.47776183,0.4817955,0.48660195,0.49361444,0.5022484,0.51270247,0.5251625,0.53709286,0.5468306,0.5554916,0.5638745,0.570436,0.57464176,0.5765434,0.5762579,0.57369024,0.5693433,0.56444657,0.5591977,0.5507716,0.53974617,0.530943,0.52241075,0.5143719,0.50839055,0.50327516,0.49872434,0.4945146,0.4907882,0.48818383,0.48674875,0.4856997,0.48554945,0.48754522,0.4899325,0.49058896,0.49007466,0.4896086,0.4892385,0.48837143,0.48377076,0.47694355,0.46858677,0.4615478,0.45855772,0.45895246,0.4604409,0.46197328,0.46436942,0.46884272,0.47456068,0.4803096,0.48570356,0.4908299,0.49588802,0.5008705,0.5057779,0.51047605,0.51485336,0.5188279,0.5224201,0.52552843,0.5280555,0.5300082,0.53143054,0.53226644,0.532661,0.5332564,0.53481185,0.537285,0.5400724,0.5423698,0.54409385,0.54567635,0.54723656,0.54810566,0.54645926,0.54272157,0.5420554,0.5443089,0.54471695,0.5418698,0.535856,0.53025496,0.52792025,0.52783835,0.5275275
14.333336,,,,,,,,,,,,,,,,,0.280654,0.2816827,0.2838171,0.28835,0.29621628,0.30607453,0.31648186,0.32578182,0.33336133,0.3389695,0.34247246,0.3434853,0.341975,0.33765152,0.32943147,0.31921902,0.3090748,0.29838848,0.28630358,0.27251062,0.26121837,0.2503537,0.23715694,0.2225537,0.20612635,0.18950261,0.17339851,0.15911852,0.14749782,0.13840787,0.1304642,0.12200554,0.11343069,0.10530276,0.09817156,0.092224136,0.087280676,0.08365197,0.08174604,0.08165679,0.0837971,0.08828435,0.09513588,0.10380629,0.11450208,0.12770335,0.14261107,0.1586567,0.17561872,0.19312349,0.2105084,0.22710124,0.2424185,0.25596654,0.26813948,0.2793349,0.289612,0.29882884,0.30714664,0.31461492,0.32139334,0.32805777,0.33447027,0.3407466,0.34690276,0.35301068,0.35889357,0.36424395,0.3693327,0.37430006,0.3790023,0.3834889,0.3878803,0.39223194,0.39658055,0.4015906,0.40756544,0.4137799,0.41952404,0.42419744,0.4274068,0.42914912,0.4292934,0.42792243,0.42544326,0.42174873,0.4165342,0.4104768,0.40475255,0.3997197,0.39523175,0.390884,0.38686052,0.38296935,0.37882978,0.37401098,0.3683686,0.3618392,0.3543973,0.3461066,0.33658686,0.32598042,0.3149216,0.3039533,0.29340288,0.28246087,0.27042627,0.25730926,0.24366075,0.2313079,0.22202499,0.21640846,0.21518065,0.21637651,0.21780775,0.21902463,0.22028226,0.22112395,0.22109781,0.21982503,0.2185482,0.21960023,0.22454831,0.23208973,0.24094784,0.25025222,0.25843605,0.26548967,0.27422458,0.2860544,0.29933345,0.31243378,0.32559454,0.33847472,0.35003173,0.3595952,0.36748028,0.37357372,0.37785867,0.38085094,0.38198912,0.38174888,0.38163444,0.38223338,0.38315994,0.38301453,0.38045087,0.37524617,0.3672174,0.3542262,0.33848694,0.32274896,0.3072698,0.29242352,0.27872106,0.2661676,0.25469285,0.24433741,0.23530808,0.2280003,0.223187,0.2206771,0.22015071,0.22222957,0.2268981,0.23255613,0.23803434,0.2441914,0.25265598,0.2626536,0.2725573,0.28159645,0.28958833,0.29627365,0.30148175,0.30518836,0.30790275,0.31025624,0.3128172,0.31513643,0.31635264,0.31657282,0.31626981,0.3151433,0.31342077,0.31197712,0.31039485,0.30955872,0.31009936,0.31194997,0.3139605,0.31545654,0.3161587,0.3161212,0.31555548,0.31443956,0.31260255,0.3101092,0.30723318,0.30441147,0.3020113,0.30010876,0.2986958,0.29783267,0.29711953,0.29633763,0.2954464,0.29470116,0.29498297,0.29497102,0.2938862,0.2919442,0.2896367,0.2870819,0.28443268,0.2816346,0.2792464,0.2778289,0.2793527,0.28506526,0.29324433,0.30202815,0.3103257,0.31789383,0.32410392,0.32838094,0.33306718,0.33773196,0.33918068,0.3402249,0.33669412,0.32763007,0.31909132,0.31391332,0.3099836,0.3058964,0.30104196,0.29544145,0.28948367,0.28381118,0.27902758,0.27523676,0.2719641,0.2690108,0.26698378,0.26759893,0.27087265,0.27586317,0.28130573,0.28675753,0.29186282,0.29640615,0.30060884,0.30452582,0.30810207,0.3113009,0.3144293,0.31770977,0.32132456,0.32544547,0.33004388,0.33389157,0.33604684,0.3367104,0.33571866,0.3329115,0.32940796,0.32635972,0.32479942,0.3236746,0.3219508,0.31984776,0.31748888,0.3151486,0.31274718,0.31016088,0.30771843,0.30527076,0.30248517,0.29736695,0.28918275,0.2816107,0.27855992,0.28006172,0.28560638,0.29459566,0.30290845,0.30840355,0.3153834,0.32839072,0.34729782,0.36727494,0.38584635,0.4021151,0.41334927,0.421825,0.42682546,0.43051866,0.43501243,0.44008523,0.44504213,0.44882303,0.45080793,0.4517905,0.452618,0.45309842,,,,,,,,,,,,,,,,,,,,,,,,,,,,,,,,,,,,,,,,,,,,,,,,,,,,,,,,,,,,,,,,,,,,,0.5618604,0.5555468,0.5423564,0.5235285,0.50763696,0.5027621,0.49965525,0.4996087,0.5064517,0.5142999,0.52548784,0.5380961,0.55236125,0.56720275,0.58033264,0.5919151,0.60248435,0.6123639,0.6213166,0.6285496,0.6340611,0.637965,0.6401686,0.6405862,0.6398328,0.63822067,0.6347373,0.62947875,0.62287563,0.6144707,0.6037625,0.590948,0.5766527,0.56183827,0.54740983,0.5343715,0.5231628,0.51401865,0.50714475,0.5022715,0.49973324,0.49905875,0.500329,0.5037778,0.5084877,0.51561135,0.5237153,0.53288335,0.5428773,0.5516785,0.5588387,0.56582123,0.5724685,0.57710296,0.5795013,0.5798845,0.5783642,0.574996,0.57025033,0.5651365,0.5593848,0.5505286,0.5392769,0.5301752,0.521188,0.5128888,0.50635725,0.50036615,0.49500892,0.4907114,0.48804536,0.48690578,0.48648563,0.48585194,0.4858766,0.48793548,0.4899911,0.4903955,0.48998103,0.48926142,0.48831615,0.48695108,0.4839376,0.47837555,0.47117203,0.46570528,0.4634047,0.4629441,0.46294475,0.46385434,0.46705064,0.4723382,0.4773869,0.4818344,0.48597857,0.49038908,0.49504524,0.50006527,0.50541556,0.5108898,0.5160892,0.52076656,0.5250549,0.5290049,0.5326003,0.5356461,0.5379183,0.5393083,0.53998667,0.54050636,0.54157746,0.54333335,0.54515326,0.5464731,0.54748404,0.548584,0.5497597,0.5501106,0.54771316,0.54329747,0.54209256,0.5436457,0.54336154,0.540454,0.5347113,0.52868533,0.52478176,0.52336025,0.52295935
14.25,,,,,,,,,,,,,,,,0.27791145,0.27620095,0.27533838,0.2758697,0.28122842,0.29171413,0.30499426,0.31866843,0.3307575,0.34032598,0.34731033,0.3515798,0.3532775,0.35177088,0.3477783,0.3397765,0.32789752,0.31408235,0.3016073,0.28844786,0.2729473,0.25907287,0.24612248,0.23072675,0.21443635,0.19726601,0.18022951,0.1641479,0.14997956,0.13874212,0.12990691,0.121461324,0.11205882,0.10259009,0.093958035,0.086397976,0.079652846,0.073795795,0.06928316,0.06660733,0.06595345,0.06782901,0.07208219,0.07860066,0.087166764,0.09847315,0.112006314,0.12697503,0.14398487,0.16280094,0.1826031,0.20238069,0.22129071,0.23865433,0.2540446,0.26788247,0.28094694,0.29315764,0.30417582,0.3141303,0.32316685,0.3314173,0.33891112,0.34587044,0.35230795,0.35824943,0.36364454,0.36851463,0.37329584,0.37836978,0.38366035,0.3887688,0.39377448,0.39882824,0.40404722,0.4089347,0.4137716,0.41936257,0.42522317,0.43041417,0.43456596,0.43743238,0.43870488,0.43855372,0.43718657,0.4344526,0.4300804,0.42430937,0.41806567,0.41220617,0.40690497,0.40204436,0.39741448,0.393379,0.3897234,0.38590464,0.38139364,0.37606785,0.3698074,0.36254385,0.3543715,0.3449798,0.3343262,0.3229447,0.31165457,0.30091268,0.29008418,0.27871946,0.2665485,0.2536107,0.24174789,0.23219495,0.2261175,0.22422014,0.22407328,0.22411522,0.22469646,0.22582857,0.22708635,0.22791153,0.22810315,0.22918601,0.23235166,0.2377935,0.24446669,0.2519776,0.25983977,0.26659825,0.27334812,0.2827499,0.294901,0.30753124,0.31978783,0.3323179,0.34461713,0.35529777,0.36411944,0.3712673,0.37651095,0.37991637,0.38204786,0.3824012,0.38136342,0.38049787,0.38060576,0.38142827,0.38165662,0.37962377,0.37484008,0.3672423,0.3553814,0.34032723,0.32517493,0.31041822,0.2960518,0.28266653,0.2706341,0.2599233,0.25032815,0.24196422,0.23504236,0.23016946,0.22726743,0.2265659,0.22870833,0.23308447,0.2379823,0.2427468,0.2490732,0.25784096,0.26747677,0.27659535,0.2848632,0.29210514,0.29808944,0.3026373,0.30576944,0.3079517,0.3097053,0.31164327,0.31338495,0.31419083,0.31389228,0.31303194,0.31153306,0.30934256,0.3080031,0.30703694,0.30649024,0.30747777,0.3097903,0.31213096,0.3139343,0.3148594,0.3150202,0.31451404,0.31361967,0.3120816,0.31002954,0.30774796,0.30546567,0.30340487,0.30182502,0.30052352,0.29935613,0.2982167,0.29708827,0.29608214,0.29574728,0.2954762,0.29420048,0.2919194,0.2890754,0.28614706,0.28308,0.28034282,0.27792743,0.27630162,0.2763702,0.28035232,0.28782147,0.2969258,0.30618817,0.31461513,0.32197332,0.32779342,0.33151385,0.3350804,0.33998933,0.34186113,0.34264496,0.34032765,0.331453,0.32188606,0.31634253,0.31263116,0.30865937,0.304161,0.29904205,0.29390728,0.2890129,0.28496385,0.28125203,0.27780086,0.2749262,0.27444944,0.27693847,0.2812839,0.2863137,0.29165536,0.29718667,0.30229428,0.3069625,0.31125972,0.31501755,0.31817964,0.32090738,0.32369912,0.32616833,0.3283125,0.33093446,0.33436862,0.33752382,0.3389731,0.33918875,0.33821326,0.3357714,0.33270264,0.32912564,0.32545373,0.3231913,0.3217413,0.3205631,0.3193824,0.31811392,0.31655592,0.31466562,0.31282958,0.31069952,0.30744216,0.30169603,0.29359314,0.28604025,0.28288057,0.28329745,0.28644285,0.293607,0.30271262,0.3091873,0.31508484,0.32632196,0.34351134,0.36250246,0.38161853,0.39909264,0.41195425,0.4209875,0.4269042,0.43034714,0.43391073,0.43822664,0.4426603,0.4472047,0.4505617,0.45189422,0.45271334,0.45330718,,,,,,,,,,,,,,,,,,,,,,,,,,,,,,,,,,,,,,,,,,,,,,,,,,,,,,,,,,,,,,,,,,,,,0.5619908,0.5566523,0.5430267,0.5226576,0.5076963,0.5009259,0.49596995,0.4949353,0.5007719,0.50770026,0.51826596,0.53079623,0.54571015,0.5609773,0.57457286,0.58709186,0.5984209,0.6090823,0.6193136,0.6280956,0.63527155,0.6406958,0.6444978,0.64674133,0.6474832,0.6472615,0.64577395,0.6425923,0.637447,0.6304185,0.6217231,0.6108866,0.59874207,0.5858029,0.57292116,0.560878,0.5501763,0.5410352,0.5338625,0.5285029,0.5254573,0.5241552,0.52481407,0.5275037,0.5318567,0.5386592,0.5454361,0.55264974,0.55958253,0.5650432,0.56990546,0.5753774,0.5802345,0.5830797,0.583796,0.58272976,0.5800902,0.5758902,0.57072854,0.56528795,0.55896413,0.54956514,0.5381963,0.5285305,0.51923203,0.51049924,0.50307417,0.49606064,0.49004233,0.4863435,0.48542088,0.48587,0.48595312,0.4856013,0.48615763,0.4881314,0.48971054,0.49002963,0.48969012,0.48888522,0.48763454,0.48581806,0.4829324,0.47826114,0.47287267,0.4688891,0.4665229,0.46499965,0.4643204,0.46582675,0.46996143,0.4737942,0.47699663,0.479972,0.48318526,0.4870545,0.49147636,0.4966112,0.50262165,0.50922954,0.51547676,0.5208931,0.5256173,0.5300476,0.5343849,0.53831345,0.5413911,0.5434643,0.54474974,0.54575294,0.54691285,0.54826,0.5493348,0.54987836,0.5503491,0.5512775,0.55203193,0.5516382,0.5483456,0.54333323,0.5418299,0.54248184,0.5416699,0.53917986,0.5347221,0.5294426,0.52501523,0.5221132,0.5204055
14.166672,,,,,,,,,,,,,,,0.2776189,0.27267975,0.26781654,0.26431784,0.2650094,0.27252313,0.2863391,0.303531,0.32052854,0.3351401,0.3464514,0.35459578,0.35974813,0.3621635,0.3608763,0.35693935,0.34968314,0.33761418,0.32178015,0.30554095,0.2900548,0.27302954,0.25730678,0.24272755,0.22581129,0.20801081,0.19011158,0.1728448,0.15669304,0.14255488,0.13125634,0.12214882,0.11313465,0.10289038,0.09258133,0.08333733,0.07516459,0.067432895,0.060416542,0.054905757,0.051408704,0.050405115,0.052074503,0.056132533,0.062603705,0.07172057,0.08325529,0.09641539,0.1119893,0.13047713,0.15094306,0.17268255,0.19468562,0.21567191,0.23502627,0.25216493,0.26757103,0.28220436,0.29607886,0.30884317,0.32036462,0.33055866,0.33943683,0.34715518,0.35389704,0.359756,0.36502865,0.370031,0.37506765,0.3805914,0.386657,0.39299703,0.39934862,0.40548468,0.41142192,0.41701913,0.42157346,0.4254902,0.42988464,0.43491334,0.43955317,0.44330007,0.44577974,0.44674218,0.4463737,0.4447225,0.44150823,0.43648976,0.430446,0.42444173,0.4186717,0.41320363,0.4079566,0.40313756,0.39925417,0.39595392,0.39244992,0.38839236,0.3833683,0.37730846,0.37012163,0.36192164,0.35255384,0.34192106,0.33042303,0.31883863,0.3078325,0.2970843,0.2862846,0.27473405,0.26241487,0.2512308,0.241444,0.23523296,0.23244508,0.23079993,0.22983187,0.23032878,0.23168884,0.2334685,0.23517933,0.23721749,0.24020863,0.24445024,0.24963251,0.255309,0.2618824,0.26841244,0.27417868,0.28114763,0.29131225,0.30324867,0.31492618,0.326581,0.33859935,0.35028395,0.3602193,0.3681888,0.3745907,0.3790821,0.38167602,0.38309178,0.38284603,0.38115323,0.37961677,0.37916723,0.37965456,0.38006723,0.37854785,0.37412375,0.3668177,0.35597178,0.3416487,0.32704818,0.31314385,0.2995341,0.28680357,0.27547064,0.26543903,0.25651315,0.24870366,0.24212547,0.23724775,0.23425725,0.23367874,0.23583049,0.23966235,0.2435527,0.24786447,0.2545492,0.26322708,0.27214864,0.2803937,0.28777903,0.2941949,0.2994838,0.3034658,0.3060937,0.30782706,0.30913162,0.31048515,0.31172606,0.3121786,0.31154734,0.3103726,0.30885425,0.30670273,0.30499122,0.30463505,0.30492702,0.3064449,0.30892873,0.31138825,0.313263,0.31424654,0.3146058,0.31426287,0.31347114,0.31219444,0.31052476,0.30843943,0.30633408,0.30455527,0.30286115,0.30121607,0.29969528,0.29827586,0.2971112,0.29646632,0.2959502,0.294585,0.2920796,0.288782,0.28534406,0.2817942,0.2786462,0.2762033,0.27472723,0.2746007,0.27677932,0.28319955,0.29216337,0.3018059,0.31106475,0.31931844,0.3263239,0.3317092,0.33485377,0.33738902,0.34206066,0.3448357,0.3452153,0.3438427,0.3352209,0.32419124,0.317582,0.3141912,0.3103984,0.30613998,0.30154923,0.29701984,0.29269773,0.2886261,0.28489658,0.28172314,0.28083917,0.28285122,0.28659907,0.29106888,0.29598543,0.3011766,0.30662453,0.31202,0.31691366,0.32120493,0.32482973,0.32780042,0.33018982,0.33236474,0.33386803,0.3348379,0.33623528,0.33870572,0.34110025,0.34172934,0.34108993,0.33985052,0.33786023,0.33519852,0.3320202,0.32865128,0.32509032,0.3218146,0.31998494,0.31913927,0.31877935,0.31846935,0.31769764,0.31663013,0.31472984,0.31128195,0.30579436,0.29805994,0.2911483,0.28813407,0.28794667,0.28894308,0.29450852,0.30303162,0.31013614,0.3155737,0.32515642,0.34050006,0.35861367,0.3778808,0.3960676,0.41040802,0.41964605,0.42630133,0.43061325,0.43370593,0.4377633,0.44139054,0.44530725,0.44943714,0.4519393,0.45284638,0.45350814,0.45368952,,,,,,,,,,,,,,,,,,,,,,,,,,,,,,,,,,,,,,,,,,,,,,,,,,,,,,,,,,,,,,,,,,,,0.5625161,0.55788285,0.5448554,0.5244841,0.509142,0.49883384,0.49200734,0.48976704,0.49442783,0.50031,0.5098423,0.52228993,0.53668356,0.55176723,0.56680804,0.58121735,0.593392,0.6043265,0.6151291,0.6252906,0.63427854,0.64144325,0.6465913,0.6506481,0.6531829,0.6543181,0.6542607,0.6529218,0.64981014,0.6448471,0.638211,0.62933356,0.61911863,0.6078818,0.59645313,0.5855483,0.5755887,0.5669411,0.56003773,0.5548157,0.55164814,0.54988045,0.5501965,0.55206263,0.55603725,0.5612481,0.56579524,0.570423,0.5740559,0.5767123,0.5799348,0.5839009,0.58705693,0.5881437,0.58737725,0.58494014,0.5812906,0.5763324,0.5707069,0.5648429,0.5579164,0.5479152,0.53626174,0.5260576,0.51638734,0.50704694,0.49858373,0.49056533,0.4846037,0.48233423,0.48308828,0.48452148,0.4849449,0.4851269,0.4864816,0.48810217,0.48917016,0.48952916,0.48928684,0.48853174,0.48714232,0.48493218,0.48187175,0.47794467,0.4738316,0.4703845,0.46761465,0.46563116,0.46532264,0.46777606,0.4705684,0.47247145,0.47399363,0.47605133,0.47874397,0.48205972,0.4861725,0.4914256,0.49827892,0.5062081,0.5138017,0.5200119,0.52506125,0.5298283,0.53466296,0.53923684,0.5431159,0.54589766,0.54783446,0.5493502,0.5507396,0.55180633,0.5523422,0.5524524,0.55285656,0.553564,0.55387473,0.5526436,0.54846406,0.5430149,0.54128623,0.54087055,0.53953713,0.53748715,0.5343883,0.53043234,0.52658874,0.5234461,0.52106214
14.083336,,,,,,,,,,,,,,0.2717956,0.2709857,0.2636817,0.25686386,0.25282428,0.25561604,0.2657105,0.28256282,0.30286145,0.32266006,0.33934376,0.35207722,0.3611032,0.36692855,0.3699187,0.36950672,0.3656384,0.35875988,0.3474047,0.33118168,0.3120884,0.29273555,0.2733682,0.2558251,0.24020532,0.22260012,0.20367235,0.18506375,0.1675232,0.1513256,0.13709252,0.1253088,0.1155111,0.10569541,0.0946491,0.08346251,0.0735591,0.06462374,0.05580754,0.04765157,0.04108862,0.03679783,0.035474878,0.037030164,0.04134255,0.048522953,0.058052577,0.06938464,0.08312453,0.10001982,0.119555965,0.14107627,0.16425596,0.18815275,0.21109913,0.23223297,0.25104845,0.2678594,0.283854,0.2989295,0.31280246,0.32525587,0.33584496,0.34474397,0.3519751,0.35782057,0.363091,0.3684656,0.37438542,0.38089085,0.38807118,0.39553243,0.4030443,0.4105119,0.4175199,0.42356926,0.42884701,0.43276826,0.43544057,0.43834203,0.4425067,0.44678202,0.45019633,0.45235887,0.4529989,0.4522122,0.45005724,0.44618037,0.44096693,0.43537048,0.42984852,0.42422938,0.4185849,0.4130293,0.40823755,0.4046718,0.40172553,0.3985605,0.3949095,0.39020827,0.38424307,0.37703374,0.36867386,0.35925788,0.34856573,0.3369679,0.3251699,0.31386745,0.30309615,0.29255617,0.2814728,0.2701733,0.2591966,0.24931441,0.24309018,0.23919886,0.23642491,0.23545326,0.2363917,0.23826432,0.24066672,0.24325171,0.24652769,0.25027665,0.25467366,0.2593285,0.26462474,0.27062023,0.27608868,0.28120032,0.28877667,0.29947814,0.3107377,0.32155034,0.33288404,0.344579,0.35556048,0.36468327,0.3719381,0.3776752,0.38140738,0.3832146,0.3840439,0.38341126,0.3812807,0.3791511,0.37800214,0.37797722,0.37832385,0.377278,0.37327665,0.36623284,0.356008,0.34243172,0.32848415,0.3154048,0.30281448,0.29099306,0.28040835,0.2710249,0.26267076,0.25533983,0.24918206,0.24455146,0.24179347,0.24147205,0.24341403,0.24630323,0.24915686,0.25350088,0.26041418,0.26859808,0.27655533,0.28379783,0.2901757,0.29579514,0.3004541,0.3039653,0.3061513,0.3074879,0.30839667,0.30929205,0.31012952,0.31030032,0.30952567,0.30831656,0.3069209,0.30510426,0.30371505,0.30350608,0.30446374,0.30626947,0.30859438,0.3108831,0.3125984,0.31363848,0.31403413,0.31391907,0.31322715,0.31206995,0.31054628,0.30878744,0.30684114,0.30488953,0.3029604,0.30099136,0.2991651,0.29765132,0.29680204,0.2962996,0.29499277,0.29247907,0.28898913,0.28500077,0.2810029,0.27739194,0.27446598,0.27285773,0.27299577,0.27437684,0.27893293,0.28733483,0.29733098,0.30726662,0.31632525,0.32422537,0.33070046,0.3356591,0.33850363,0.3404132,0.34437335,0.3480403,0.34809867,0.34689733,0.33929974,0.32677883,0.31809792,0.31419525,0.31061417,0.30654132,0.30219856,0.2978016,0.29376337,0.2900315,0.2872628,0.28660196,0.28829673,0.29143885,0.29514542,0.29899508,0.30373788,0.30907148,0.31462255,0.32041094,0.32558835,0.32988125,0.33352637,0.33638388,0.3384317,0.33974242,0.34042385,0.340916,0.3413868,0.34292287,0.34458753,0.3444749,0.34251204,0.34000957,0.3373889,0.33443537,0.33189368,0.32953337,0.32704446,0.32452458,0.32195872,0.3197735,0.31879842,0.31866008,0.31882468,0.31880206,0.3174951,0.31443554,0.30910575,0.3024381,0.29629785,0.2936527,0.29335243,0.2928412,0.29709694,0.30474934,0.31169626,0.31673482,0.32478935,0.3384364,0.35560417,0.37478584,0.3930685,0.40851703,0.41825533,0.42563394,0.43059546,0.43362284,0.4374895,0.44150123,0.4446772,0.44833773,0.45165682,0.4531433,0.45398283,0.45403728,,,,,,,,,,,,,,,,,,,,,,,,,,,,,,,,,,,,,,,,,,,,,,,,,,,,,,,,,,,,,,,,,,,,0.56322557,0.55889946,0.54621595,0.52641004,0.50942713,0.49604794,0.48735958,0.4842729,0.4877732,0.49272507,0.501273,0.51263756,0.52546984,0.54048854,0.5577536,0.5741615,0.5872502,0.59868836,0.6099814,0.6210233,0.6310102,0.639754,0.6465258,0.6521284,0.6564899,0.6591158,0.6603118,0.6603031,0.65893865,0.6561711,0.65183234,0.6456173,0.6378613,0.62882596,0.6191804,0.60951984,0.60052633,0.5925214,0.586077,0.58104694,0.5777141,0.5756225,0.5755002,0.5764568,0.57921624,0.5814073,0.5833312,0.5851927,0.586073,0.58675903,0.58859724,0.5910695,0.592542,0.5920596,0.5899914,0.58635974,0.5817446,0.57606393,0.56998706,0.56364506,0.55602664,0.5453887,0.53343624,0.52288634,0.5127624,0.50276834,0.49314323,0.4844878,0.47909012,0.47817227,0.48020118,0.48269534,0.48384917,0.48498634,0.4867458,0.4878521,0.48861864,0.48909605,0.48889697,0.4880502,0.48645234,0.4840831,0.4809271,0.47729233,0.47363704,0.47024295,0.46734887,0.46565288,0.46603882,0.46804398,0.46876138,0.46900997,0.46990654,0.47153628,0.47373858,0.47649938,0.48022336,0.4856346,0.49329644,0.50243825,0.5113944,0.518514,0.5241386,0.5293003,0.53446335,0.5394439,0.54402107,0.54743075,0.54988116,0.5517431,0.55316925,0.5539275,0.55423045,0.5545553,0.55486125,0.5553166,0.555035,0.5528251,0.54785,0.5422846,0.54054093,0.5391428,0.5373707,0.53552616,0.5331457,0.5303164,0.52728045,0.5245782,0.52228355
14.0,,,,0.27092537,0.2702116,0.2695162,0.2692843,,,,0.27697292,0.27567977,0.2721538,0.26331896,0.25935674,0.25274405,0.24685454,0.24673015,0.2521741,0.26462013,0.28327617,0.30520287,0.32638937,0.3440234,0.35754192,0.36734518,0.37378657,0.37713227,0.3772643,0.3738433,0.36696157,0.35639286,0.3408347,0.32074827,0.29821497,0.2754718,0.2553436,0.23836169,0.22076587,0.20142633,0.18216887,0.16414051,0.14794433,0.13351342,0.121033974,0.110213734,0.09951334,0.087631986,0.07545929,0.06472105,0.055006806,0.045225162,0.035969727,0.028369734,0.023305604,0.02162599,0.023344258,0.028407628,0.036203954,0.046116162,0.058211945,0.07308386,0.09089888,0.111327,0.13410226,0.15860404,0.18387009,0.2082485,0.2306726,0.25068435,0.26859766,0.28575787,0.3018754,0.3165781,0.3293662,0.33971414,0.3476006,0.35345015,0.3585867,0.36438286,0.37123498,0.37906867,0.38747236,0.39614218,0.40441984,0.41232798,0.41996655,0.42706808,0.43304035,0.4381412,0.44183415,0.44382605,0.4454259,0.44852865,0.4523696,0.45553255,0.45742294,0.45776597,0.45646128,0.45359084,0.44930312,0.44446415,0.43950817,0.4343085,0.42888302,0.42312083,0.41749328,0.4129454,0.40971118,0.40700218,0.4041712,0.40080643,0.3962387,0.3902098,0.38292512,0.37434977,0.3647269,0.35400394,0.34235883,0.33053187,0.3189825,0.30829558,0.29804295,0.2875106,0.27664298,0.2652832,0.25565147,0.24921077,0.24447057,0.24170893,0.24142043,0.24284382,0.2451271,0.2478777,0.25096416,0.25464717,0.25856438,0.26294157,0.26756042,0.2727138,0.27810076,0.28267142,0.2877537,0.29619837,0.30692527,0.31733653,0.32756287,0.338765,0.35020038,0.360445,0.36869335,0.37518927,0.38035432,0.3834524,0.38460428,0.38493735,0.38403618,0.38163057,0.3790698,0.37726852,0.37655088,0.37645268,0.37562674,0.3722112,0.36558518,0.3558849,0.3430722,0.32984453,0.3175074,0.30589625,0.29500026,0.28514934,0.27644306,0.26869172,0.26192996,0.2563465,0.2521777,0.24984561,0.2496726,0.2509927,0.25260034,0.25496325,0.2596851,0.26641893,0.27367932,0.28053576,0.2866399,0.29204285,0.29686916,0.30097616,0.3040572,0.30589887,0.3069044,0.30749038,0.3080983,0.30859113,0.3085345,0.30770972,0.3065544,0.3055978,0.30448118,0.30339715,0.3033233,0.3045138,0.30618015,0.3080698,0.3100387,0.31160277,0.312619,0.313049,0.31301412,0.31248757,0.31161064,0.31032014,0.30867654,0.30674368,0.30465442,0.3024362,0.30018377,0.29822516,0.2968156,0.29608658,0.29520586,0.293092,0.2895473,0.28536844,0.2810111,0.2769259,0.27355126,0.27138233,0.27127463,0.27301204,0.2757043,0.28219804,0.29212812,0.30275154,0.31284794,0.32174936,0.3291973,0.3351564,0.339722,0.34267202,0.34467658,0.34781873,0.3514817,0.3513496,0.34938848,0.34312755,0.33047542,0.31913537,0.31295583,0.30918965,0.30514857,0.3008232,0.29685888,0.29380533,0.29214272,0.29182172,0.29310027,0.2955997,0.29861617,0.30158138,0.30461732,0.3094747,0.3153432,0.3212202,0.32692754,0.33223772,0.33681545,0.34056988,0.34338212,0.3451918,0.34605742,0.34633633,0.3467244,0.34681135,0.347263,0.34800476,0.34767696,0.34535873,0.34183106,0.33783007,0.33396783,0.33127382,0.32975566,0.32828465,0.3265961,0.324943,0.32340124,0.32168904,0.32011345,0.31962287,0.31958243,0.31837207,0.31559375,0.31118485,0.30542144,0.30122447,0.29947373,0.29863614,0.29775462,0.30097824,0.30789554,0.31413957,0.3184423,0.3251495,0.33734623,0.35331926,0.37190497,0.38978043,0.40545005,0.41645545,0.42454147,0.43014497,0.43353412,0.43679267,0.44110644,0.4448717,0.44812688,0.4511599,0.453113,0.45407662,0.4540021,,,,,,,,,,,,,,,,,,,,,,,,,,,,,,,,,,,,,,,,,,,,,,,,,,,,,,,,,,,,,,,,,,,,0.5646804,0.55959225,0.5477833,0.5281128,0.507831,0.49235252,0.48252714,0.4784692,0.4809427,0.48496383,0.49271628,0.50269794,0.5144956,0.5296784,0.546972,0.56390953,0.57879174,0.5921703,0.6045736,0.6159292,0.6259657,0.6354505,0.6437059,0.65103215,0.65730363,0.66176265,0.66454506,0.6657952,0.66573256,0.6643404,0.6616544,0.6577028,0.6524226,0.64591193,0.63871294,0.63111526,0.62367463,0.61685437,0.6109154,0.6061552,0.6025031,0.60012,0.59892,0.59863204,0.5983984,0.5976689,0.5973014,0.59670097,0.59563255,0.5949635,0.5957185,0.5968627,0.59669006,0.59485096,0.59161353,0.5869598,0.5812804,0.5750186,0.5685329,0.5616895,0.5534745,0.5423616,0.5300949,0.51932913,0.50872904,0.49777547,0.48712245,0.47806552,0.47340158,0.47364044,0.47717148,0.48057315,0.48245823,0.48448807,0.48614788,0.48737368,0.488028,0.48840973,0.48804995,0.48700556,0.48525307,0.4826986,0.47950748,0.4759907,0.47243744,0.4690984,0.4664665,0.465207,0.4658543,0.46618858,0.46554494,0.46512485,0.46567702,0.46703738,0.46868443,0.47117305,0.47472867,0.48027226,0.48814908,0.49764323,0.50732565,0.51575506,0.5225024,0.52825886,0.5336831,0.5389248,0.5438618,0.5478272,0.55064857,0.55267787,0.5540541,0.55485225,0.5555627,0.5561383,0.55639875,0.5563862,0.555322,0.5520462,0.5465127,0.5414028,0.5398376,0.5375613,0.5353772,0.5336664,0.5318646,0.52979815,0.52741814,0.52510846,0.52309674
13.916672,,0.27353495,0.2729229,0.27210027,0.27134344,0.27048656,0.26947585,0.2684871,0.26776218,0.2668901,0.26401746,0.26427773,0.26086685,0.25371173,0.24904208,0.24368404,0.2434603,0.24759094,0.25574127,0.26974887,0.28875706,0.31071517,0.33198765,0.3495776,0.36310545,0.3732282,0.38021538,0.3839674,0.3843756,0.3813894,0.37471333,0.36451626,0.34999827,0.3305878,0.3067694,0.2808223,0.25721928,0.23786886,0.22003683,0.20123951,0.1815397,0.1628222,0.14617757,0.13160464,0.11847571,0.106538914,0.09472268,0.08210215,0.06904108,0.057190094,0.046644505,0.036092777,0.026010962,0.017596733,0.011823536,0.009843153,0.01185046,0.017489381,0.025960566,0.03677121,0.04998097,0.06583461,0.08474153,0.10669903,0.13087809,0.15643628,0.18264095,0.20796596,0.23121999,0.25182813,0.27029204,0.2881047,0.3048013,0.3197499,0.33244267,0.34193918,0.34826267,0.35314724,0.3589029,0.3663587,0.3749871,0.38429224,0.39370903,0.4026088,0.4108437,0.41864586,0.42626435,0.43349078,0.43987614,0.44520766,0.44923392,0.45125547,0.4518806,0.45357648,0.4567409,0.4596189,0.4612977,0.46130696,0.4595918,0.45635062,0.45225647,0.44784474,0.44325736,0.4381873,0.43286204,0.42699522,0.42152685,0.4173284,0.4143267,0.41178793,0.40917316,0.4058639,0.40110233,0.39481986,0.38724485,0.37853137,0.36866152,0.35795125,0.3464032,0.33462542,0.32335645,0.31299657,0.30288386,0.29224393,0.280692,0.26925424,0.26037687,0.25377032,0.24919641,0.24734542,0.24777915,0.24947949,0.2518489,0.25458005,0.25778228,0.26154816,0.26565582,0.27018055,0.2747828,0.27972287,0.28437948,0.28830668,0.29410246,0.30332223,0.3136317,0.32327822,0.33322635,0.34431362,0.35535678,0.3648189,0.3721825,0.378073,0.38271934,0.38525742,0.38586363,0.38574558,0.38457388,0.3820411,0.3792019,0.37701195,0.37563744,0.37490377,0.37392744,0.37091613,0.3647822,0.355694,0.34380132,0.33126557,0.31959087,0.30883208,0.29879874,0.28969002,0.28173196,0.27465722,0.2685676,0.26362318,0.26002455,0.25807798,0.25760925,0.25787163,0.25866005,0.26130772,0.2662126,0.2722775,0.2783554,0.28393096,0.28888932,0.29338992,0.2975462,0.30112153,0.3037589,0.3053355,0.30614084,0.306539,0.3069362,0.30713916,0.3068554,0.30604467,0.30484205,0.30402714,0.3035383,0.30328032,0.30341002,0.3043024,0.30567113,0.30717292,0.3086541,0.30992675,0.31091678,0.31142747,0.31153104,0.31129497,0.31062403,0.30958545,0.3081584,0.30633605,0.30414993,0.30177727,0.2993775,0.29731447,0.29587597,0.29492888,0.293478,0.29075757,0.2866104,0.2820456,0.27764675,0.27384445,0.2711698,0.2702422,0.27165842,0.27428252,0.2782141,0.28638905,0.29740107,0.30842793,0.31848824,0.32707816,0.334098,0.3396968,0.3440961,0.34745094,0.34963214,0.3523396,0.355083,0.35468468,0.35161814,0.34639642,0.33506736,0.3221361,0.31295758,0.30763015,0.30332637,0.2996929,0.29747078,0.29672483,0.2968322,0.2975751,0.29937503,0.30173165,0.30378798,0.30570212,0.30912468,0.31448177,0.3207525,0.32675406,0.3324827,0.3378128,0.34256825,0.34655216,0.349506,0.35148713,0.3525523,0.3528821,0.35315034,0.35329163,0.3528516,0.35220712,0.35114723,0.34912753,0.34618208,0.34279758,0.3392704,0.3362807,0.33478796,0.33353043,0.3315192,0.32928512,0.32758674,0.32622397,0.3243729,0.3225429,0.32077476,0.31888223,0.31642428,0.31297904,0.30915996,0.30704832,0.30516484,0.3034384,0.30264887,0.30556262,0.31172773,0.3171521,0.3205637,0.32605428,0.33696964,0.35156605,0.3688076,0.38614792,0.40132526,0.41396677,0.4232369,0.42960155,0.43318468,0.43589902,0.43995526,0.44435683,0.4478092,0.45058686,0.45261472,0.4536408,0.45346078,0.45266718,,,,,,,,,,,,,,,,,,,,,,,,,,,,,,,,,,,,,,,,,,,,,,,,,,,,,,,,,,,,,,,,,,,0.5646282,0.558884,0.54770684,0.5293726,0.5068912,0.48926547,0.47793174,0.4726346,0.47414485,0.47738996,0.48469767,0.49404955,0.50561154,0.5193457,0.5343406,0.55127084,0.5694933,0.58578,0.59907496,0.61029756,0.6206651,0.6304794,0.63931495,0.6476022,0.6554041,0.6617021,0.6663691,0.669283,0.6706384,0.67047477,0.66899127,0.6663541,0.6626652,0.65805745,0.6525995,0.64688504,0.6409566,0.6353756,0.6302455,0.62603986,0.62247235,0.61968124,0.617114,0.61475533,0.6120084,0.6096401,0.607674,0.6055601,0.6030598,0.60155046,0.6013966,0.60119253,0.5995539,0.5965509,0.5921559,0.58655316,0.58005446,0.5732434,0.56624925,0.558842,0.55006534,0.5386174,0.5262624,0.5155302,0.5042191,0.4925128,0.48114827,0.47200403,0.46775013,0.46890065,0.47362888,0.47799486,0.48043472,0.48296076,0.48492962,0.48640552,0.48695683,0.4870552,0.48648718,0.48530182,0.48333704,0.48069462,0.47755152,0.47411296,0.47066054,0.4674937,0.46512586,0.46410784,0.4641362,0.46327668,0.46179527,0.461226,0.46168214,0.46271342,0.46442223,0.46686146,0.470453,0.47563523,0.48279282,0.49178863,0.5016024,0.51145244,0.5198167,0.52650565,0.5323728,0.5378687,0.54291415,0.5471858,0.5502425,0.55245405,0.5540408,0.55537486,0.55659974,0.5574318,0.5575426,0.5567956,0.55473584,0.5506835,0.5451952,0.54091936,0.53919077,0.5361805,0.533713,0.5322423,0.5309559,0.5294327,0.5275288,0.5254382,0.52342534
13.833336,0.27506128,0.2733291,0.27165928,0.27004415,0.2679414,0.26571968,0.2632401,0.26038462,0.25768024,0.2545191,0.24966641,0.24817635,0.24656391,0.24293482,0.24217081,0.24153794,0.24612148,0.25316834,0.26316756,0.27800426,0.29690197,0.3180012,0.33833423,0.3554096,0.36850703,0.37851694,0.38597384,0.39043173,0.3913192,0.38862088,0.38234767,0.372245,0.35846093,0.34039572,0.31726497,0.28979445,0.26280195,0.24010424,0.22087725,0.20258011,0.18317868,0.1638962,0.14628339,0.13095698,0.11737662,0.10469896,0.0916733,0.07802477,0.06412772,0.051188115,0.039847177,0.028894925,0.018401008,0.009581467,0.003423293,0.0013127334,0.0036100475,0.009870363,0.019088935,0.03078064,0.04496197,0.06197794,0.08236248,0.10591765,0.13135147,0.15775129,0.18443732,0.21012563,0.23375353,0.25470716,0.27336487,0.29137254,0.30813587,0.32278705,0.33460772,0.34248534,0.34739456,0.35258496,0.3600615,0.36861542,0.37796667,0.3876046,0.39710233,0.40626737,0.41477817,0.42292425,0.43078464,0.43812588,0.4447622,0.45030725,0.45465907,0.45716682,0.45743158,0.45771083,0.45990533,0.4624502,0.4639052,0.46367118,0.46194297,0.45896214,0.45522127,0.45102516,0.4464234,0.44151655,0.43621582,0.43034938,0.42520204,0.42123747,0.41842198,0.41598043,0.4133826,0.40972075,0.40444487,0.39765182,0.3897058,0.3807625,0.37083983,0.36012828,0.34884536,0.33759177,0.32688746,0.316595,0.30594733,0.294473,0.282514,0.2719255,0.26376477,0.25772578,0.2543148,0.25347504,0.25430518,0.25600085,0.25821784,0.2607616,0.26398972,0.26778066,0.27210873,0.27668908,0.28113925,0.28576818,0.28969902,0.29353583,0.30041918,0.31005502,0.31969246,0.32865503,0.33857477,0.34949663,0.3599872,0.3686385,0.3752437,0.38060525,0.38476276,0.38681966,0.3870049,0.3864627,0.385051,0.3824193,0.3794231,0.37698564,0.37508205,0.37365323,0.37224865,0.36947653,0.3637669,0.3552795,0.34435523,0.3324183,0.3212927,0.31132022,0.302214,0.2939781,0.28681695,0.28049377,0.27511021,0.270793,0.26766717,0.2656833,0.2645452,0.26402494,0.26495528,0.2680628,0.272672,0.2776597,0.28239706,0.28663844,0.2905544,0.2943325,0.29789484,0.30086952,0.3030266,0.30443543,0.30525142,0.30566478,0.3058919,0.30582935,0.30536142,0.30444306,0.3030815,0.30200896,0.30159625,0.30191022,0.3025943,0.3034413,0.3045013,0.30557063,0.30666688,0.30776,0.30866182,0.30918762,0.3093755,0.30935714,0.3090308,0.30833706,0.30723998,0.30573276,0.30376744,0.30141094,0.29894418,0.29677218,0.29511547,0.2936975,0.29167828,0.28859878,0.284366,0.27969337,0.27544454,0.2722926,0.27057767,0.27103847,0.27369535,0.27675307,0.2817848,0.29124588,0.30292314,0.3141228,0.32400435,0.3321903,0.33878493,0.34414795,0.3486553,0.35228997,0.3547447,0.35703892,0.3586753,0.3576933,0.35376716,0.34872222,0.33957902,0.32718346,0.31641585,0.30914465,0.30411768,0.30143905,0.30103287,0.30164266,0.30199596,0.30296105,0.30469894,0.30616963,0.30709627,0.30945486,0.31419024,0.31988513,0.3260522,0.33213973,0.33783987,0.34307528,0.34763986,0.35163173,0.35486725,0.35715637,0.35873553,0.35954905,0.3599015,0.3600553,0.35981563,0.35852954,0.3565074,0.35412613,0.3514583,0.34885278,0.3462941,0.344251,0.3427246,0.3413752,0.3397323,0.33690158,0.33372298,0.33119646,0.32886863,0.32694486,0.3243694,0.3214932,0.3183957,0.3151561,0.31323248,0.31168732,0.30960587,0.30792093,0.30785832,0.3109958,0.31626415,0.32038185,0.32272226,0.32713786,0.33694896,0.35000056,0.36602208,0.38332263,0.39898264,0.4118812,0.42226684,0.42917433,0.43311462,0.43532342,0.43854126,0.44274664,0.44665632,0.44947043,0.45120198,0.45233214,0.45265582,0.45245084,,,,,,,,,,,,,,,,,,,,,,,,,,,,,,,,,,,,,,,,,,,,,,,,,,,,,,,,,,,,,,,,,,,,0.55668074,0.5458754,0.5281437,0.5051897,0.48662207,0.47370526,0.46697515,0.46735203,0.46994162,0.4770492,0.4861146,0.49714655,0.5089045,0.5229825,0.540186,0.5598589,0.5786383,0.59294075,0.6045051,0.61561406,0.62616146,0.63538057,0.6440795,0.6522109,0.6590716,0.6647852,0.66918993,0.672253,0.67381245,0.67402345,0.67295814,0.67080593,0.6676532,0.66358227,0.65892243,0.6538486,0.64908564,0.6444144,0.6400731,0.63630587,0.6329452,0.62923867,0.6256822,0.62201655,0.6183737,0.6152775,0.61220783,0.60858446,0.6064969,0.6056233,0.6040618,0.6011719,0.5970416,0.59167165,0.5852403,0.5780102,0.5705578,0.5630065,0.5550831,0.54586655,0.5344067,0.5225015,0.51158303,0.4998411,0.48748395,0.47569627,0.46661425,0.46257165,0.464449,0.46997863,0.4750635,0.47810003,0.4807893,0.48303747,0.48458377,0.48506773,0.48496854,0.48428303,0.48294887,0.48091173,0.4782716,0.47520027,0.47184125,0.4684861,0.4654626,0.4633441,0.46243158,0.46167722,0.45999497,0.45831436,0.45774856,0.4581164,0.4591978,0.4610469,0.46363088,0.46725714,0.47194114,0.4781196,0.48623413,0.49578267,0.50632983,0.51637805,0.52449864,0.5312142,0.536756,0.5416815,0.5460911,0.5493416,0.55188787,0.5540107,0.5559471,0.55753493,0.5583278,0.5580897,0.5567114,0.5538731,0.549448,0.5444364,0.5410488,0.53875256,0.53509885,0.53263795,0.53143966,0.53047657,0.5291375,0.5273142,0.52519864,0.5230609
13.75,0.27083355,0.26681766,0.26267043,0.2584706,0.25395733,0.2491009,0.24514766,0.24171543,0.23855995,0.23592098,0.23435323,0.23410505,0.23446944,0.23563284,0.23895173,0.24378824,0.2509289,0.25968352,0.27159905,0.2871454,0.30617008,0.32594872,0.34472445,0.36104572,0.3736357,0.38333628,0.39110532,0.39621955,0.39763817,0.3954818,0.3897501,0.37996638,0.36645138,0.34945318,0.3279394,0.30126756,0.27233496,0.24627626,0.22453001,0.20568828,0.18681186,0.16751914,0.1487963,0.13215333,0.117656246,0.10442918,0.09082427,0.07619172,0.061380547,0.047431298,0.035241373,0.02401801,0.013506732,0.0047507645,-0.0011830818,-0.0029841051,-0.00015095843,0.0067843595,0.016646177,0.028938321,0.044051036,0.06241132,0.08436536,0.109316416,0.1358394,0.16284293,0.1896075,0.21491158,0.23801672,0.2586112,0.2773157,0.2953168,0.31174147,0.32572258,0.3362456,0.3421762,0.34604266,0.35221773,0.36025485,0.36884868,0.3784527,0.38859025,0.39863446,0.40827373,0.41708654,0.4257175,0.43396273,0.44152024,0.4481881,0.45377022,0.45821762,0.46125624,0.46184427,0.46108744,0.4619065,0.46392775,0.46499622,0.46459696,0.46298993,0.46028697,0.4567687,0.45269546,0.44801804,0.44328701,0.43823963,0.43306068,0.42831594,0.42456836,0.42184213,0.41935074,0.4164203,0.4119999,0.4060026,0.39877242,0.39058656,0.38142768,0.37147522,0.36092645,0.35009816,0.33929527,0.32866174,0.31788102,0.3064272,0.29447773,0.2831604,0.2738739,0.26681927,0.26217192,0.26006436,0.25987226,0.2607721,0.26232147,0.26430804,0.26671645,0.26993024,0.2737447,0.2781411,0.28258756,0.28686565,0.29106474,0.29437587,0.2987408,0.3065885,0.31616187,0.32496813,0.33342227,0.34342262,0.3541827,0.36410883,0.3719415,0.37785622,0.38280883,0.38651466,0.38811225,0.3879701,0.38704732,0.38538256,0.3827235,0.37965775,0.3770018,0.3746949,0.3726319,0.3706715,0.36777583,0.3623584,0.3543945,0.3442316,0.3328368,0.32223684,0.31313905,0.3050825,0.29779994,0.2914237,0.2858709,0.28114247,0.2772618,0.2742464,0.2719511,0.27042472,0.2701439,0.27172378,0.27484387,0.2785694,0.28221893,0.2855459,0.28860477,0.29173246,0.29492167,0.2978115,0.30014196,0.3019227,0.303247,0.30422294,0.30477753,0.30493972,0.3047301,0.30413428,0.3031356,0.301731,0.3001496,0.29924113,0.2994257,0.30050248,0.3016336,0.30254486,0.30336037,0.30417895,0.30503827,0.3058394,0.3064532,0.30689034,0.30707517,0.3070931,0.306877,0.3062523,0.30512702,0.30349597,0.30136904,0.29898942,0.2967136,0.2946931,0.29271802,0.2901732,0.28682935,0.28272504,0.27834553,0.27461156,0.27226108,0.27176833,0.2735011,0.2768268,0.28032357,0.28627706,0.2965549,0.30851296,0.31963712,0.32914233,0.3368788,0.3431464,0.34841046,0.35292116,0.35661775,0.35919952,0.36114165,0.36176816,0.35991147,0.3554289,0.35023648,0.34316564,0.33302888,0.32258996,0.31406412,0.30845052,0.30637035,0.30646044,0.30680272,0.30690166,0.3079081,0.30900818,0.30929527,0.31054065,0.3146614,0.32002494,0.3261083,0.33214834,0.33779988,0.34308308,0.3481181,0.3525111,0.35620862,0.35931662,0.36175266,0.36365566,0.36498913,0.36573756,0.3661092,0.366168,0.3654394,0.36377382,0.36149096,0.35893148,0.35666263,0.3547382,0.35321328,0.35183242,0.35013798,0.34790227,0.34539136,0.34167734,0.33734116,0.33372027,0.33108005,0.32839572,0.3251794,0.3218349,0.31920716,0.31782445,0.31604815,0.31382912,0.31248114,0.31335467,0.31658727,0.32089007,0.3234305,0.32467955,0.32811308,0.33655834,0.3478237,0.36300048,0.3805992,0.39747283,0.41036075,0.42148593,0.42881054,0.43328387,0.4356619,0.4376462,0.44070706,0.44454372,0.44748786,0.44910082,0.45038083,0.4513422,0.45173654,,,,,,,,,,,,,,,,,,,,,,,,,,,,,,,,,,,,,,,,,,,,,,,,,,,,,,,,,,,,,,,,,,,,0.5539611,0.5455852,0.5280271,0.5033619,0.48368397,0.46928406,0.46111825,0.46041644,0.46248022,0.46931148,0.47785637,0.48861682,0.5002375,0.51422846,0.5312221,0.5494198,0.568898,0.5855134,0.5986789,0.6103494,0.6214811,0.6310138,0.64044315,0.64866513,0.6554157,0.66150415,0.66660815,0.67068523,0.67358047,0.6753927,0.6760421,0.67558426,0.67413586,0.6717048,0.6683896,0.6644883,0.6603831,0.65603703,0.6517542,0.64749265,0.6432886,0.63882846,0.6344497,0.62988836,0.62528867,0.62109226,0.6167771,0.61256087,0.6100698,0.60820335,0.6054067,0.60147727,0.5963569,0.59015715,0.5829977,0.5749995,0.5669325,0.5589752,0.5507388,0.541371,0.53027034,0.518966,0.50769407,0.49588293,0.48297578,0.47103012,0.46195513,0.4582957,0.46068496,0.4668401,0.47185063,0.4752346,0.47802827,0.48035127,0.48182192,0.48238167,0.4822267,0.48149762,0.48018828,0.47819978,0.47562933,0.47260454,0.46932882,0.46610278,0.46329746,0.46143433,0.46033826,0.45896977,0.45698845,0.45545968,0.45512593,0.45562148,0.45682156,0.45873603,0.46156108,0.465308,0.4700814,0.47596,0.4830364,0.4914664,0.50152564,0.5124339,0.522436,0.53038687,0.5360016,0.540635,0.54503286,0.54855686,0.5515577,0.55418694,0.5564404,0.5579927,0.5585192,0.5578959,0.5560645,0.5529296,0.548612,0.54433954,0.54169834,0.53854644,0.53477913,0.5328864,0.531775,0.5306776,0.529055,0.52686346,0.52436924,0.52203137
13.666672,0.25711828,0.25002277,0.24373442,0.23779196,0.23211063,0.22727329,0.22408149,0.22171547,0.2205019,0.22035947,0.22166033,0.22372857,0.22690363,0.2315728,0.2376567,0.24526185,0.25426298,0.26527703,0.27932447,0.29596215,0.31483924,0.33337986,0.35072827,0.36609805,0.37818238,0.3877033,0.39563462,0.40117878,0.40307048,0.40143543,0.3963829,0.38742357,0.37447584,0.35815054,0.33817327,0.31357825,0.2848593,0.25661242,0.231997,0.21125299,0.19243307,0.17335644,0.15398179,0.13577728,0.11967974,0.10560203,0.09180233,0.07674848,0.061328694,0.046591513,0.033491593,0.021937782,0.011609546,0.003299614,-0.00186313,-0.0027721713,0.0009969089,0.008499034,0.018726751,0.031465493,0.047548495,0.06736445,0.09093513,0.117130846,0.14427775,0.17138788,0.19776541,0.22231406,0.24431902,0.26378283,0.28198653,0.29974362,0.3155438,0.32841042,0.33740282,0.34140736,0.34457558,0.35111114,0.35883278,0.367445,0.3775757,0.38816482,0.39860123,0.4084179,0.41758367,0.4267004,0.43556187,0.44357428,0.4504684,0.45598674,0.46032223,0.4635987,0.46481797,0.4638033,0.46302894,0.4638138,0.46436885,0.4637087,0.4616455,0.45883074,0.45558423,0.45168468,0.44742838,0.44321963,0.43929473,0.43504408,0.43072784,0.42726856,0.42447576,0.4216407,0.41796488,0.41254815,0.4058172,0.39833084,0.38994175,0.38047552,0.37052608,0.36016843,0.3495734,0.3388476,0.32784614,0.31647506,0.30474842,0.29338166,0.28357318,0.2759571,0.27053523,0.2673948,0.26618615,0.26628557,0.26720512,0.26865947,0.27046207,0.27275932,0.2758711,0.27962047,0.28391916,0.2881015,0.29209617,0.29560873,0.2985756,0.30391827,0.3123137,0.3213689,0.32942778,0.33770177,0.34779146,0.35833123,0.3676483,0.37468958,0.38005623,0.38467482,0.38796073,0.38913658,0.3886987,0.38744846,0.38555792,0.38287058,0.37977448,0.3769313,0.3742754,0.37171894,0.36921397,0.36597162,0.36069468,0.353098,0.34351334,0.33271638,0.3226491,0.3143419,0.30724084,0.30088845,0.295299,0.29037797,0.28606096,0.28236017,0.27934968,0.277173,0.27618307,0.27668488,0.278487,0.28088063,0.28334948,0.28570533,0.28781316,0.29000527,0.29253894,0.29501662,0.29714206,0.29901,0.30062905,0.30194885,0.30303892,0.30378613,0.30402067,0.30379125,0.3031574,0.30223164,0.30091324,0.29919305,0.29756457,0.29695326,0.29768902,0.29894274,0.30005422,0.3008654,0.30153555,0.3022856,0.30312887,0.3038498,0.30452022,0.30512244,0.30556592,0.3056274,0.3051729,0.30420986,0.3028883,0.30116835,0.29908386,0.29680872,0.2944227,0.29190332,0.28892308,0.28538862,0.2815179,0.27775243,0.27486542,0.27355173,0.27433977,0.2770244,0.28049806,0.2845672,0.29137906,0.30212,0.3141467,0.32493865,0.3339388,0.34119144,0.34716412,0.3523231,0.35676652,0.36027515,0.36274898,0.3641821,0.36391747,0.36105445,0.3562908,0.35107565,0.34531915,0.33739594,0.32825404,0.32016876,0.31514856,0.31306258,0.31227496,0.31167012,0.31167746,0.31252286,0.312498,0.31248423,0.315576,0.32058105,0.32650143,0.33255807,0.3384249,0.34371373,0.34865034,0.35326374,0.35724333,0.36052912,0.36332613,0.3657346,0.36776733,0.3693462,0.37047118,0.3711871,0.37148076,0.37120372,0.37025756,0.3687211,0.36684704,0.36510754,0.3637751,0.36265752,0.3613759,0.3597262,0.35738307,0.35428852,0.35029092,0.34499103,0.33925557,0.33487552,0.33145788,0.32857567,0.32624418,0.32429558,0.32269102,0.3199532,0.3177637,0.31732106,0.3189276,0.32181528,0.3249402,0.32603857,0.326299,0.32878146,0.3355982,0.34489128,0.35860866,0.37591672,0.39357844,0.4084578,0.4197439,0.42771173,0.433187,0.43650424,0.4380555,0.4396839,0.44256216,0.44568667,0.44788718,0.4495946,0.45081985,0.45127952,0.45142433,,,,,,,,,,,,,,,,,,,,,,,,,,,,,,,,,,,,,,,,,,,,,,,,,,,,,,,,,,,,,,,,,,,0.55296904,0.54634345,0.5281259,0.5022418,0.4805465,0.46452385,0.45504713,0.4535055,0.45517087,0.46142387,0.46961808,0.480485,0.4923321,0.506204,0.5226123,0.5402058,0.5584521,0.5765559,0.591673,0.6039791,0.6152186,0.6254981,0.6347685,0.6432051,0.6503404,0.6570916,0.6629346,0.6677754,0.67150104,0.6743179,0.67605567,0.67688954,0.67690957,0.6759578,0.6740777,0.6714349,0.6681554,0.6644582,0.66051716,0.6562911,0.65173817,0.6468266,0.64175856,0.63630486,0.63063145,0.62535524,0.61997914,0.6152206,0.61220986,0.60915375,0.6053317,0.6003409,0.5944505,0.5875773,0.5796505,0.5709453,0.5623203,0.55402845,0.5456359,0.53632075,0.52557856,0.5146547,0.5037137,0.4920891,0.47917804,0.46724266,0.4585489,0.45519224,0.45746765,0.46415022,0.4686119,0.47190988,0.47467506,0.47684327,0.4782799,0.47896612,0.47884354,0.4782559,0.4771242,0.4753025,0.4728886,0.4700072,0.46687922,0.46384442,0.4613183,0.45956042,0.45823956,0.45660642,0.45469487,0.45352554,0.45342988,0.4541107,0.45550957,0.45777038,0.46110347,0.46566182,0.47141543,0.47793373,0.48470563,0.49186596,0.49972573,0.50950927,0.5207954,0.5299419,0.53570026,0.54006153,0.5442819,0.5480496,0.5513498,0.5541171,0.5562904,0.5576306,0.55788887,0.556975,0.55493563,0.5517781,0.5480583,0.54490817,0.54242736,0.53900135,0.5361699,0.53489006,0.5334504,0.5316579,0.52934396,0.52649534,0.5233918,0.52077174
13.583336,0.23616368,0.22764175,0.22083521,0.2153527,0.21107112,0.20844316,0.20722425,0.20700282,0.20777193,0.20942143,0.21218972,0.21581805,0.22080204,0.22738895,0.23545209,0.24506046,0.25609624,0.26963288,0.2856785,0.3032051,0.3217383,0.3394441,0.35611615,0.3703502,0.38176697,0.3913611,0.3994144,0.40513188,0.4074711,0.40628844,0.40197664,0.39407313,0.3823001,0.3669491,0.34819812,0.32564142,0.29885006,0.27024183,0.24347697,0.22034442,0.20032594,0.18129191,0.16176622,0.14225727,0.12423996,0.108661965,0.09461884,0.07978463,0.06421208,0.048966147,0.035087213,0.023143644,0.0131896995,0.005882495,0.0020998046,0.0025522488,0.0071640075,0.014849581,0.025156949,0.03836931,0.055584483,0.07684764,0.101726264,0.12875228,0.15595762,0.1824642,0.207809,0.2311835,0.25201064,0.270331,0.28773922,0.3048218,0.3196339,0.33108878,0.33800712,0.34027946,0.34292364,0.34902143,0.35610995,0.36469248,0.37492597,0.38564706,0.39663658,0.40680593,0.4162176,0.42585763,0.435383,0.44392392,0.4512169,0.45686692,0.46108472,0.46434477,0.46604532,0.46555427,0.4639238,0.46300614,0.46247652,0.46108165,0.45845318,0.45562455,0.45271376,0.44936702,0.44599396,0.4429728,0.44000015,0.436341,0.43255496,0.4293121,0.4261718,0.4226479,0.41796693,0.41151223,0.40405092,0.39615378,0.38728738,0.3777708,0.36769587,0.3573522,0.3467396,0.3358504,0.3246113,0.3132317,0.30223376,0.29243213,0.2846281,0.27888677,0.27508965,0.27306643,0.27239394,0.27272728,0.27376372,0.275204,0.2768692,0.27899054,0.2818583,0.28541645,0.28946385,0.2933042,0.29689032,0.29968342,0.3027511,0.3090633,0.31750366,0.3258261,0.33325338,0.34151515,0.35167402,0.36188728,0.37053898,0.37691727,0.38186806,0.38619122,0.38908216,0.38984555,0.38908803,0.3875886,0.3855228,0.38278583,0.37957397,0.37647796,0.3734794,0.37059677,0.3676191,0.36396536,0.35864863,0.35126546,0.34211588,0.33197153,0.3226003,0.31505358,0.30876005,0.30312285,0.2979958,0.2933903,0.2893819,0.28612056,0.28374246,0.28240582,0.2821743,0.2828226,0.28395,0.28528002,0.2866628,0.28798738,0.28924856,0.29088068,0.2926765,0.29428324,0.2958333,0.2974871,0.29909974,0.30046237,0.30164167,0.30254644,0.30290976,0.30280825,0.30231628,0.30153394,0.30048475,0.29910463,0.2972967,0.29566702,0.29519707,0.29602385,0.2973446,0.29835385,0.29902747,0.29991764,0.30090845,0.30192706,0.30301082,0.30399603,0.30471256,0.3047854,0.3041021,0.3028849,0.30153534,0.3001849,0.2985669,0.29637644,0.29368255,0.29074055,0.28751087,0.28399128,0.280499,0.27745506,0.27565673,0.27571726,0.27761167,0.28065398,0.28424743,0.28915364,0.29690948,0.30793488,0.31980887,0.33001733,0.33839318,0.3451435,0.35063827,0.35554072,0.35983098,0.3631129,0.36522624,0.36597025,0.3647818,0.36120886,0.35630217,0.35115233,0.34598008,0.33964193,0.3324618,0.32607305,0.32172844,0.31912985,0.31742224,0.31647366,0.31659114,0.31671026,0.315772,0.31712908,0.32142785,0.326828,0.33267206,0.33852184,0.34414387,0.34929407,0.3539784,0.35817486,0.36175638,0.36469436,0.36719388,0.3694367,0.37141526,0.37295523,0.37432104,0.3755156,0.37611642,0.37612885,0.3756102,0.37453267,0.37310228,0.37170047,0.3705461,0.3696444,0.3686302,0.36769956,0.3659442,0.36293644,0.3586956,0.3532585,0.3463683,0.33937135,0.33417296,0.3315607,0.330053,0.32825467,0.32597595,0.32304174,0.32168183,0.3222529,0.32374746,0.32637492,0.3283974,0.3281848,0.3273669,0.3289242,0.33421788,0.34169963,0.35376972,0.37091142,0.3895787,0.40533033,0.41723076,0.42642182,0.4331019,0.43723872,0.439203,0.4399896,0.44167835,0.44448766,0.44729465,0.44947165,0.45076165,0.45110545,0.45130587,,,,,,,,,,,,,,,,,,,,,,,,,,,,,,,,,,,,,,,,,,,,,,,,,,,,,,,,,,,,,,,,,,,0.5551147,0.5465498,0.5265196,0.500653,0.47710973,0.45950454,0.44886002,0.4467978,0.44827154,0.45386377,0.46177125,0.47267884,0.4843952,0.49828017,0.5143232,0.53125775,0.5489915,0.5668485,0.58343244,0.5966338,0.6077995,0.61892635,0.6281237,0.63632905,0.64403147,0.65147793,0.6581172,0.66374797,0.6682482,0.67185014,0.67437726,0.67619216,0.6773574,0.6776583,0.676939,0.675238,0.6726761,0.66948545,0.6658684,0.6618747,0.65739006,0.6524616,0.64705634,0.6408825,0.6342872,0.6279138,0.62156856,0.6165128,0.6128382,0.60878867,0.6038015,0.59801316,0.59151775,0.58398724,0.5750155,0.5656318,0.5566893,0.5481949,0.5396309,0.5304677,0.52037615,0.51018834,0.49979013,0.48849466,0.4762143,0.4647099,0.45670727,0.45302275,0.45524213,0.46133614,0.46493894,0.46797776,0.47054037,0.47246778,0.47386864,0.47467202,0.47485355,0.4746386,0.47381398,0.47231877,0.47021836,0.46763083,0.46475667,0.46198726,0.45964476,0.4578405,0.45643884,0.45496887,0.4534395,0.45259282,0.45273596,0.453727,0.45556536,0.4586272,0.46318787,0.4691797,0.47628024,0.4836299,0.4906056,0.49722728,0.50262564,0.50948083,0.5201765,0.5299869,0.5358601,0.53992325,0.5437897,0.5475083,0.55082095,0.553471,0.55539024,0.5564663,0.55653393,0.55551225,0.553535,0.5508372,0.54814637,0.54579717,0.54319084,0.5405286,0.53883797,0.53739077,0.53528494,0.5327184,0.5297322,0.5262352,0.5225645,0.5195971
13.5,0.21292998,0.20526524,0.20002526,0.19657557,0.19453913,0.19433756,0.19467835,0.19593796,0.19776684,0.20039321,0.20399357,0.20873728,0.21504444,0.22302432,0.23281558,0.24427733,0.25747505,0.2730223,0.29050687,0.30867535,0.32656524,0.34408963,0.36053252,0.37379134,0.3846008,0.39419916,0.40239683,0.40803626,0.4106546,0.41009128,0.4064867,0.39952183,0.3891388,0.375247,0.35783035,0.337073,0.31291568,0.2856357,0.25819355,0.23314936,0.21130641,0.19147313,0.17201541,0.1518548,0.13209721,0.11443,0.09944668,0.085223295,0.070435815,0.05556143,0.041576147,0.029602764,0.020261673,0.014120324,0.011706364,0.01298557,0.017653339,0.025220178,0.03582547,0.05001919,0.068710156,0.09123937,0.116761945,0.14381307,0.17044964,0.1956962,0.21952276,0.24112743,0.260283,0.27761704,0.29434887,0.31043682,0.32379442,0.333547,0.3384109,0.33886573,0.34062377,0.34575808,0.35182938,0.35995874,0.37017274,0.38146922,0.39317918,0.4038977,0.41361582,0.42366314,0.43376678,0.4427694,0.45047992,0.45638922,0.46061966,0.4637888,0.4656349,0.46581584,0.4644856,0.46272635,0.46088973,0.45875275,0.45615008,0.45346814,0.45080116,0.44810835,0.44561988,0.44326004,0.44057554,0.4372635,0.43382868,0.43045688,0.42672253,0.4222868,0.41647556,0.40900785,0.40081775,0.39197809,0.38266408,0.3731579,0.3627464,0.35245818,0.34181395,0.33096105,0.32008076,0.309649,0.30029076,0.29262456,0.28684223,0.2827903,0.2802317,0.2789699,0.27875865,0.27937803,0.28057656,0.2820429,0.28360564,0.28546965,0.28795803,0.29116789,0.29482085,0.29824042,0.3012967,0.3035698,0.30724013,0.31409365,0.3221559,0.32958907,0.3365554,0.34486896,0.35507265,0.36481768,0.372852,0.37867823,0.3832837,0.38732105,0.38982475,0.39018056,0.38913736,0.3874372,0.38516727,0.38228512,0.37889126,0.375499,0.37223232,0.36912885,0.3657337,0.36151803,0.35592976,0.34869087,0.34005076,0.33089066,0.3223664,0.31523988,0.30917355,0.30382183,0.29913038,0.29515526,0.2920553,0.28974015,0.288158,0.28729686,0.28689533,0.28692287,0.2872929,0.28788522,0.28852677,0.2890703,0.28977066,0.29069534,0.29161543,0.29263848,0.29396728,0.2955189,0.2971541,0.298599,0.29988277,0.30085343,0.30143842,0.30162117,0.30146223,0.30095226,0.3002923,0.29938757,0.29800254,0.29618445,0.29442462,0.29396373,0.29488814,0.29603097,0.29697016,0.29803592,0.29939142,0.30086505,0.30235365,0.3035461,0.3043316,0.304278,0.303165,0.3013075,0.29947278,0.2981668,0.29686278,0.29483673,0.29197338,0.28879017,0.28552777,0.2822349,0.2792873,0.2772631,0.27695334,0.2782948,0.28069973,0.2837803,0.2881778,0.29413226,0.30271778,0.31400675,0.32535478,0.33467034,0.34232602,0.348405,0.35334298,0.35788837,0.36197898,0.36495438,0.36657295,0.3666489,0.3646212,0.3607184,0.35577962,0.3508621,0.346073,0.34081116,0.33529463,0.33026066,0.3264732,0.3238544,0.32209292,0.32138184,0.3212594,0.32017174,0.3201174,0.32309636,0.3277092,0.3328531,0.3380818,0.34357864,0.3490026,0.3540396,0.35856354,0.3625302,0.36592263,0.36866713,0.37094477,0.3729357,0.37456396,0.3757207,0.37708607,0.37905213,0.38048106,0.38086385,0.38029537,0.37906456,0.37701514,0.3749912,0.37319013,0.3704592,0.37107542,0.37236848,0.37226734,0.3701295,0.3660995,0.36065766,0.35384285,0.34556365,0.33851182,0.33455825,0.33257326,0.3308878,0.32822818,0.32604942,0.32578954,0.32646802,0.3275612,0.32997274,0.33105105,0.3297681,0.32789603,0.32851008,0.3323714,0.33821282,0.34882012,0.3659525,0.38558927,0.40192676,0.41482118,0.425394,0.43287706,0.43742752,0.43999618,0.4407317,0.44142246,0.44354168,0.4465317,0.44895634,0.45036417,0.4507673,0.45091504,,,,,,,,,,,,,,,,,,,,,,,,,,,,,,,,,,,,,,,,,,,,,,,,,,,,,,,,,,,,,,,,,,,0.55285597,0.5456375,0.52467614,0.49794084,0.47328842,0.45426702,0.44273525,0.44056803,0.44179776,0.44649604,0.45411927,0.46498922,0.47683525,0.49089956,0.5063987,0.5225549,0.53990066,0.55813026,0.5756806,0.5898956,0.6013855,0.61196125,0.6215642,0.6296702,0.63764495,0.64579684,0.65318847,0.6594425,0.66448003,0.66858256,0.6715059,0.67390805,0.675875,0.6771811,0.6774765,0.6766631,0.6747352,0.6718661,0.6684555,0.66459554,0.6603305,0.65532565,0.6495328,0.6428314,0.63567907,0.62837255,0.6215496,0.61643183,0.61204106,0.60695595,0.60099596,0.59464645,0.5874537,0.5788045,0.56904703,0.55957484,0.55080277,0.5423037,0.5338236,0.5249161,0.51556045,0.506292,0.4964341,0.48557565,0.47415426,0.4634178,0.4554908,0.45162302,0.45487747,0.45845756,0.46086186,0.4631244,0.46518025,0.4670307,0.4685896,0.46960214,0.47030386,0.4706899,0.4704845,0.46951357,0.46790367,0.46577835,0.46331778,0.46090248,0.45874026,0.45691404,0.45548588,0.45432973,0.45337793,0.4529569,0.45345822,0.45493218,0.45773137,0.462318,0.46853647,0.4758338,0.48356396,0.49101064,0.49747464,0.5036276,0.5078139,0.5120893,0.5208803,0.53033346,0.5360901,0.53979033,0.54324055,0.54660624,0.5497856,0.5522169,0.5538497,0.55469954,0.55474365,0.5539076,0.5523762,0.5504247,0.5484145,0.54625565,0.5440865,0.5423184,0.5406013,0.53857386,0.5359925,0.53309596,0.52968705,0.5258316,0.5219132,0.51861244
13.416672,0.19209829,0.18688999,0.18361217,0.18188997,0.18112217,0.18211158,0.1832716,0.18562886,0.18846536,0.19232649,0.19715497,0.20315306,0.21075442,0.22001459,0.23106828,0.24380167,0.2588343,0.2756643,0.2939641,0.3125571,0.3299888,0.3477741,0.36362952,0.37607536,0.38657168,0.39623082,0.40444058,0.40976998,0.41255796,0.41266695,0.40979713,0.4037115,0.3946287,0.38228124,0.3665994,0.3477273,0.32611343,0.30118698,0.27457917,0.24883538,0.2255394,0.20433256,0.18455593,0.16441512,0.14379102,0.12407402,0.10716179,0.09260597,0.07882793,0.065353826,0.0525521,0.041446544,0.032993045,0.02768291,0.0258448,0.027200913,0.031699423,0.03961698,0.05131291,0.06714134,0.08730422,0.11044685,0.13575329,0.16180299,0.18695672,0.21054429,0.23241544,0.2517959,0.269108,0.28537163,0.30136877,0.31625295,0.32790133,0.3357854,0.3386227,0.33713287,0.3375134,0.34120417,0.34594196,0.35356182,0.36385897,0.37584957,0.38839105,0.39991984,0.41004446,0.42028695,0.4308844,0.4403536,0.44829255,0.45438752,0.45879054,0.46196944,0.46381605,0.4644149,0.46376032,0.46227223,0.46028906,0.45792875,0.45543313,0.45291165,0.45048,0.44820654,0.44595712,0.44357193,0.44084692,0.43769488,0.43429995,0.43051702,0.42604056,0.42064676,0.41375446,0.40537193,0.39636573,0.38662544,0.37696987,0.36701575,0.35656115,0.34633008,0.33591488,0.32565156,0.31589663,0.3072438,0.30002365,0.2944286,0.29028988,0.28744775,0.2857782,0.28516072,0.28542918,0.286371,0.28772143,0.28920302,0.29064247,0.2921944,0.29421234,0.29696834,0.30003983,0.30294463,0.30534935,0.30738306,0.3118699,0.31876934,0.32616502,0.33273542,0.33929247,0.34777817,0.3579426,0.36714026,0.374628,0.37997305,0.38428506,0.38798842,0.39009258,0.3900718,0.3888409,0.38696077,0.384427,0.3813019,0.37770858,0.37408447,0.3706674,0.36722764,0.36337453,0.35862243,0.3527584,0.34562302,0.33750138,0.32894537,0.32078427,0.31384817,0.30827093,0.30377278,0.30004698,0.29695708,0.2944039,0.29230052,0.29086465,0.28996032,0.2892749,0.28899446,0.28896084,0.2889252,0.2888567,0.28880388,0.28884274,0.28905347,0.28949127,0.29043284,0.2917175,0.29319245,0.2948232,0.2964502,0.29786962,0.29900903,0.29988176,0.30043042,0.300643,0.30055973,0.30027583,0.29977727,0.29894695,0.29768944,0.29587528,0.294011,0.29343188,0.29416025,0.29546717,0.2967183,0.29835886,0.3001654,0.30191892,0.303088,0.30376235,0.30354258,0.30216435,0.29976776,0.2972183,0.2954165,0.2938766,0.2919933,0.28925097,0.28606918,0.28287342,0.2800805,0.27816093,0.27769837,0.2786703,0.28045028,0.28289074,0.28669488,0.2923434,0.29934454,0.30869317,0.3199073,0.33037555,0.3386164,0.34548822,0.3508439,0.35522613,0.35941184,0.3631742,0.36568367,0.36666778,0.36630064,0.3638162,0.35966167,0.35501117,0.35027874,0.3456196,0.34095067,0.33653036,0.33275634,0.32985923,0.32773945,0.3263309,0.3252765,0.3243576,0.3240985,0.32599187,0.32952115,0.33367583,0.338047,0.34275287,0.347955,0.35328916,0.35829228,0.3626778,0.36646175,0.3696954,0.37235838,0.37451005,0.37626022,0.3775592,0.37818635,0.37930414,0.38208804,0.38455823,0.38535202,0.3845207,0.3820612,0.37758955,0.3710227,0.36433476,0.36272085,0.36752263,0.37340465,0.3759787,0.37543932,0.37224853,0.36718282,0.36106116,0.3532993,0.34549403,0.33939594,0.33596793,0.33373567,0.33095032,0.3292673,0.329258,0.3297805,0.33091652,0.33271402,0.33306637,0.33101,0.32815787,0.32781312,0.33048427,0.33484876,0.34417218,0.36100972,0.38144308,0.3988463,0.41282713,0.42392004,0.4318632,0.4369697,0.4400814,0.4413256,0.44149727,0.44267404,0.4454995,0.44833502,0.45003778,0.45052832,0.45043924,,,,,,,,,,,,,,,,,,,,,,,,,,,,,,,,,,,,,,,,,,,,,,,,,,,,,,,,,,,,,,,,,,,,0.5419487,0.52200925,0.49429604,0.46901155,0.44871604,0.43668795,0.43462178,0.43531784,0.43898755,0.44659635,0.4574392,0.46938455,0.48341644,0.49839786,0.5144139,0.53163546,0.5501212,0.56860644,0.5838167,0.5957459,0.6055553,0.61553985,0.6238661,0.6318217,0.6402133,0.6482023,0.65509266,0.66082424,0.66543233,0.6685111,0.67108744,0.6734859,0.67544746,0.6764394,0.6762397,0.674752,0.67213815,0.6688716,0.66499066,0.6605789,0.65535295,0.6492059,0.64220184,0.63470143,0.62697506,0.62003857,0.615008,0.60982287,0.60366356,0.5969833,0.5898256,0.58143795,0.5720903,0.5626256,0.55340403,0.5447781,0.53643906,0.5279972,0.5192838,0.5107259,0.50246465,0.49312338,0.48291403,0.47216082,0.46191955,0.45401627,0.45157078,0.45425206,0.4553989,0.45627534,0.45738584,0.45887142,0.460862,0.46266413,0.4640725,0.46538058,0.46647686,0.46710625,0.46694493,0.46607253,0.46465003,0.4628478,0.46096924,0.45922384,0.4576331,0.45626688,0.4553042,0.45490068,0.45510432,0.45627606,0.45880717,0.46335128,0.46971473,0.4769868,0.48445186,0.49164104,0.4982905,0.503859,0.50909024,0.51251173,0.5154142,0.522943,0.53107435,0.53616655,0.5394418,0.54237914,0.5452689,0.5483031,0.5504663,0.55181605,0.55256367,0.5528122,0.5523996,0.55123335,0.5495888,0.5477598,0.5459393,0.54427093,0.54250133,0.5402703,0.5378718,0.5351777,0.5321971,0.5286952,0.52482915,0.52095306,0.51751393
13.333336,0.17497966,0.17150983,0.16898943,0.16795468,0.16829395,0.17037004,0.17290242,0.17672989,0.18117145,0.18653587,0.19270067,0.19983917,0.20827906,0.21830161,0.2302115,0.24379832,0.26010826,0.27779466,0.29658094,0.31495327,0.33277923,0.350468,0.3654531,0.37707692,0.38735136,0.39729172,0.40544835,0.41035375,0.41322583,0.41375735,0.41164917,0.40661344,0.39874184,0.38787162,0.37408724,0.35730323,0.3378316,0.31557846,0.29096755,0.26594687,0.24219447,0.22002327,0.19937488,0.1794238,0.15889028,0.13822466,0.119320475,0.103157796,0.08921623,0.07673826,0.0654393,0.055787418,0.04852775,0.044019066,0.042661503,0.04456967,0.049967278,0.059255823,0.072574735,0.08983244,0.11053467,0.13329546,0.15754855,0.18164593,0.20462611,0.2262848,0.24585818,0.26282564,0.2784968,0.29368168,0.30856434,0.3219553,0.33187306,0.33782852,0.33874926,0.33531132,0.33389476,0.33576295,0.3390074,0.34581786,0.35606802,0.36879095,0.38236967,0.39492565,0.4054686,0.4157978,0.42680374,0.4367208,0.444774,0.4509653,0.45556772,0.45882452,0.46073028,0.46159804,0.46156418,0.46069083,0.45914423,0.45709813,0.45484793,0.4525364,0.45027214,0.4480724,0.44572976,0.4432054,0.44044363,0.43726364,0.43362066,0.42928898,0.42418826,0.41809335,0.4103742,0.40129012,0.3914837,0.3813677,0.37115782,0.360801,0.35048765,0.34048992,0.33078003,0.32174838,0.3137553,0.30710247,0.3017485,0.29762006,0.2945803,0.29264286,0.29179418,0.2918432,0.29257625,0.2937901,0.29522547,0.29657295,0.29777873,0.2989132,0.30045822,0.3027323,0.30512992,0.3073847,0.30906639,0.31122923,0.31631824,0.32287022,0.32940483,0.33521235,0.34147698,0.3502935,0.3602669,0.3689145,0.37592807,0.38084963,0.38482982,0.38816229,0.38984323,0.38948643,0.38812745,0.3860667,0.38321924,0.3798095,0.37601072,0.3722233,0.36848924,0.36453146,0.360138,0.35492042,0.34869304,0.34138414,0.3332796,0.32509822,0.31781617,0.31199774,0.30741316,0.30351564,0.29999357,0.29711717,0.29458174,0.29256845,0.2913897,0.29050812,0.28979838,0.28925225,0.28869602,0.28803727,0.28739572,0.2868695,0.28647596,0.28651297,0.2869828,0.28793204,0.28910485,0.290618,0.29237115,0.2942294,0.29588515,0.29730234,0.29847237,0.2993869,0.29997712,0.30034578,0.3003866,0.30022332,0.2998487,0.29919913,0.2980526,0.29623678,0.29426473,0.2935235,0.29443476,0.29594386,0.29759234,0.29937842,0.30116084,0.30225202,0.30268136,0.30226865,0.30085394,0.2983313,0.29530603,0.2926814,0.29048422,0.28838098,0.28586438,0.282963,0.28020406,0.27838117,0.2779492,0.27862108,0.27982992,0.28150433,0.28466505,0.28982937,0.29632136,0.30423132,0.31428105,0.32503572,0.33443832,0.34165937,0.34779507,0.35251302,0.35633764,0.3601323,0.36341494,0.36523467,0.3654784,0.3648594,0.362242,0.35799077,0.35350648,0.34879535,0.34433636,0.34040192,0.33718264,0.33445683,0.33224592,0.3304656,0.32900324,0.3280679,0.32787135,0.32956797,0.33209208,0.33520207,0.33865854,0.34242392,0.3468117,0.35198447,0.3575035,0.3627052,0.36699253,0.37039816,0.3732708,0.37585798,0.3780844,0.37980476,0.38089287,0.38122785,0.3823621,0.38573408,0.38890064,0.3897159,0.38790932,0.3830942,0.3727605,0.35900852,0.35031122,0.3533739,0.36210594,0.3723889,0.3777803,0.3789246,0.37696543,0.37277174,0.36744142,0.3604578,0.35259262,0.34557903,0.34118608,0.33829904,0.33524325,0.3328938,0.33246934,0.3325504,0.3335311,0.3348733,0.334699,0.33202177,0.3282974,0.3271068,0.32899722,0.3322859,0.34053,0.35687372,0.37787095,0.39621103,0.41127324,0.42231637,0.4306904,0.43652987,0.44000092,0.44165814,0.44182265,0.442101,0.44428927,0.44750002,0.4495394,0.4500411,0.44966954,0.44896024,,,,,,,,,,,,,,,,,,,,,,,,,,,,,,,,,,,,,,,,,,,,,,,,,,,,,,,,,,,,,,,,,,,0.53618026,0.5182884,0.4892473,0.4638812,0.44286352,0.43059826,0.42816824,0.42823654,0.43126586,0.43913892,0.44987306,0.4619125,0.47600314,0.49070144,0.50662696,0.5238318,0.54232615,0.56121624,0.57719874,0.58960015,0.59977144,0.6096436,0.618914,0.62654936,0.63443464,0.64255047,0.650003,0.6566157,0.66192967,0.66538715,0.66801125,0.67058086,0.672737,0.67404586,0.67426085,0.6730214,0.6705507,0.66735023,0.66339904,0.6586751,0.65307784,0.64665145,0.6393193,0.6313676,0.62363344,0.6174197,0.6121085,0.6060174,0.5990422,0.5916032,0.58333886,0.5743137,0.5649208,0.5553127,0.5463389,0.5380137,0.5297756,0.5215373,0.5133885,0.505503,0.49754,0.48871672,0.47912082,0.46916017,0.45981464,0.453571,0.4523544,0.45256287,0.45194072,0.45170107,0.4521777,0.45340723,0.45524246,0.4570816,0.45881552,0.46055585,0.4622944,0.4637046,0.46446005,0.46454763,0.4640204,0.4630407,0.4619548,0.460929,0.45994347,0.45906243,0.4584971,0.4586957,0.45967352,0.46203235,0.46638215,0.47240707,0.47917965,0.4860513,0.49246693,0.49847656,0.50412285,0.50907254,0.5133358,0.51596105,0.51822984,0.5251753,0.5318437,0.53625774,0.53898865,0.54121387,0.54362136,0.54643494,0.54833174,0.54937375,0.55006,0.55049515,0.55022466,0.5489499,0.54725957,0.54571295,0.5443274,0.54266995,0.54045707,0.5379256,0.5353057,0.532652,0.5297373,0.5263734,0.52270335,0.5190951,0.5159991
13.25,0.15968654,0.15629116,0.15448117,0.15471476,0.15693957,0.16062193,0.16489682,0.17020991,0.17620227,0.1827502,0.18994056,0.19787699,0.2068562,0.21746257,0.23005633,0.24423666,0.26110473,0.27951592,0.29829526,0.31651685,0.33470845,0.35190043,0.36586317,0.37674552,0.38684523,0.3969583,0.4050938,0.40976244,0.41272178,0.4135151,0.4120436,0.4080204,0.40135896,0.39204678,0.38001713,0.36523092,0.34775808,0.3280544,0.3061423,0.2828335,0.2597287,0.23768054,0.21653232,0.19633298,0.17634808,0.15613183,0.13654968,0.11897772,0.10401183,0.09144913,0.080966,0.07252975,0.06663901,0.06340248,0.06341457,0.06684344,0.073975354,0.08488266,0.099337615,0.11691236,0.13689873,0.15848064,0.18082966,0.20230749,0.2228099,0.24218182,0.25919205,0.27401236,0.28828555,0.30238694,0.31580365,0.32739455,0.33553213,0.3396049,0.33885026,0.33372307,0.3303555,0.33021733,0.33183855,0.33756766,0.34775856,0.36106467,0.37554386,0.38911664,0.40027764,0.41065833,0.4217837,0.43201637,0.44021675,0.44643044,0.45116082,0.4544965,0.456548,0.45767197,0.45803803,0.4576466,0.4564854,0.45488808,0.453001,0.4509658,0.44887468,0.4467074,0.44438478,0.4418371,0.438976,0.4355698,0.4315177,0.42677814,0.4214199,0.41502932,0.40689686,0.39737883,0.3872449,0.37696394,0.36642298,0.35605535,0.3460277,0.33670962,0.32815012,0.32068312,0.3143768,0.3091707,0.30494466,0.30172345,0.299585,0.29856673,0.2985676,0.29924968,0.30034897,0.30166036,0.3029926,0.30402848,0.30477768,0.30538088,0.30645642,0.3082019,0.3099475,0.3114824,0.31255892,0.3152389,0.32040268,0.32634583,0.33194754,0.3370795,0.34327313,0.35249096,0.36210826,0.3702673,0.37686238,0.38140747,0.38493836,0.3878901,0.38909248,0.38836202,0.38681805,0.38453904,0.3813462,0.37768456,0.37369183,0.36951768,0.36515898,0.36049172,0.35539377,0.3495624,0.34288812,0.33555633,0.32799435,0.3210254,0.31492907,0.3097463,0.3052119,0.30123958,0.2978141,0.29507032,0.29286414,0.29119202,0.2899871,0.28892648,0.2880459,0.28721094,0.28636354,0.28546497,0.2845966,0.28391853,0.28364423,0.28378236,0.28426546,0.28503716,0.28617528,0.28778443,0.28971916,0.29167646,0.29348454,0.29510075,0.29658568,0.29794464,0.2990174,0.29985532,0.30035084,0.3006324,0.30070776,0.30055627,0.30008364,0.29914606,0.29733807,0.29529905,0.29473457,0.2957334,0.29714987,0.29859358,0.3001095,0.30106902,0.3012649,0.3006817,0.29928032,0.29700935,0.29402554,0.2907988,0.28772143,0.28501835,0.2825047,0.28005612,0.27819806,0.2775984,0.27813405,0.27890086,0.27983704,0.28207034,0.28666088,0.29267773,0.2996859,0.30842623,0.3188826,0.32902938,0.33737046,0.34375024,0.34929284,0.3535148,0.35684103,0.36016783,0.36285013,0.36394772,0.3633569,0.36209542,0.35947877,0.35547972,0.35104367,0.34668168,0.3429064,0.33998045,0.3377566,0.3361275,0.33480063,0.33343107,0.33207315,0.33173242,0.33303276,0.3349662,0.3372133,0.33996168,0.3430474,0.3466377,0.3510434,0.35635573,0.36213407,0.36754328,0.3719005,0.37502912,0.3773347,0.37951562,0.38168794,0.38336277,0.38417166,0.3850757,0.38719332,0.390764,0.39374012,0.3938896,0.39035192,0.38252032,0.367882,0.35298854,0.35020313,0.35414863,0.36248475,0.37251586,0.3789168,0.38132724,0.38047865,0.37712005,0.37200058,0.3651752,0.3575954,0.3508159,0.34622625,0.34255734,0.3395216,0.33695826,0.33596182,0.3351977,0.33532214,0.33651805,0.33596402,0.3327907,0.3283826,0.32654646,0.328064,0.33082324,0.33798647,0.35417545,0.37548965,0.3941398,0.40907782,0.42059046,0.42955232,0.4359667,0.43973333,0.4414709,0.44181335,0.44161907,0.44309518,0.4464703,0.44879058,0.44934455,0.44894603,0.4482392,,,,,,,,,,,,,,,,,,,,,,,,,,,,,,,,,,,,,,,,,,,,,,,,,,,,,,,,,,,,,,,,,,,0.52915967,0.51318634,0.4838837,0.45821673,0.43652946,0.42436165,0.42094678,0.42028087,0.42320526,0.43132505,0.44188157,0.4542142,0.4686187,0.4832464,0.49907464,0.5160453,0.53436357,0.55301523,0.5700487,0.5834951,0.59444535,0.60433304,0.6140347,0.62170887,0.6288381,0.63672316,0.6445547,0.65182465,0.65783083,0.6617405,0.66437626,0.66672784,0.668613,0.6700901,0.6707567,0.6695978,0.66713834,0.6638377,0.6598382,0.65480053,0.6486402,0.6418732,0.6343208,0.6264718,0.61940706,0.61360514,0.60752505,0.60082257,0.5931915,0.5848521,0.57590747,0.5658731,0.55589104,0.5467802,0.5384464,0.53039575,0.52262753,0.5149434,0.50726336,0.49946043,0.49165913,0.48333108,0.4745984,0.46609166,0.45864663,0.45418468,0.45223147,0.4503308,0.44896314,0.44895616,0.4499267,0.45127594,0.45265,0.45430353,0.4559835,0.45775223,0.45976806,0.46181008,0.46324334,0.464095,0.46437135,0.46428853,0.46414626,0.4639371,0.4637489,0.463641,0.46390364,0.46502832,0.46723497,0.47089827,0.47612035,0.481838,0.48747244,0.49299696,0.49811208,0.5030972,0.5080361,0.51265085,0.516441,0.5184117,0.52031666,0.5263858,0.5325578,0.5363905,0.53843415,0.5398484,0.5416833,0.54418474,0.5457773,0.54650676,0.5469897,0.5472756,0.5466813,0.545216,0.54357815,0.5424218,0.5413151,0.53936815,0.5367577,0.53402346,0.531288,0.5286953,0.52585554,0.5227097,0.5194715,0.51646805,0.5141675
13.166672,0.14450698,0.1416381,0.14173132,0.14392246,0.14753102,0.15247855,0.15797798,0.16433021,0.17146935,0.17915857,0.18740505,0.19625422,0.20599516,0.21731843,0.23051818,0.24499057,0.26179743,0.28046063,0.2988718,0.31742337,0.33523953,0.3518544,0.36474591,0.37518233,0.38507602,0.3949314,0.40294343,0.40764853,0.41084254,0.41204378,0.41112694,0.4078677,0.40247056,0.39463553,0.3842109,0.37125894,0.3558292,0.33847314,0.3192076,0.29824695,0.2767443,0.2558212,0.23518163,0.2150474,0.19554359,0.1763521,0.15743545,0.13992186,0.12472637,0.11211356,0.10211281,0.0946077,0.09006429,0.08837514,0.09004357,0.095012404,0.10339945,0.115012966,0.12941466,0.14629845,0.16486451,0.18447305,0.20420493,0.22261217,0.24055894,0.25727388,0.27177122,0.2850299,0.2981895,0.31104782,0.32279262,0.3324266,0.33875746,0.34113288,0.33899507,0.33270797,0.3276418,0.32572025,0.3258761,0.33055213,0.3404312,0.35374665,0.36858392,0.38298395,0.3950199,0.4052215,0.41607025,0.42641518,0.43489042,0.44120994,0.44599846,0.4493259,0.4513938,0.45266128,0.45322454,0.45308962,0.4522319,0.45096278,0.44944263,0.44779265,0.44598687,0.44399613,0.44183022,0.43923292,0.4361524,0.43246582,0.42818928,0.42337987,0.41799685,0.41149306,0.40330356,0.39375722,0.38379475,0.3737282,0.36346182,0.35359722,0.3443178,0.3359703,0.3285972,0.32230368,0.3169644,0.3125098,0.30904475,0.306725,0.3055867,0.30548403,0.30620018,0.30728975,0.30851117,0.3097017,0.3107246,0.3112882,0.3114355,0.31147945,0.31207395,0.31322035,0.31433147,0.31511045,0.31589645,0.31913927,0.32402048,0.32921278,0.3339073,0.33847964,0.34489927,0.35438848,0.36352327,0.37125826,0.37749583,0.38168243,0.3847203,0.38723505,0.38791046,0.38670027,0.3848237,0.3822742,0.37878242,0.37482724,0.37046897,0.3656563,0.3605148,0.3551307,0.34941134,0.34315,0.33649293,0.32971123,0.3230415,0.31657198,0.31064013,0.3051402,0.3008396,0.2969818,0.29404876,0.2916246,0.28964034,0.2878707,0.28626463,0.28501177,0.28410318,0.28341898,0.2827793,0.28202328,0.28140208,0.28093028,0.2807935,0.28086323,0.2811865,0.2817561,0.28278956,0.2843742,0.2863059,0.28826615,0.29012913,0.29193768,0.2937225,0.2955397,0.29724768,0.29880014,0.30011487,0.301155,0.30188054,0.30229107,0.30230865,0.3019159,0.30102867,0.29903817,0.29708496,0.29657233,0.29720572,0.2981665,0.29913214,0.29979166,0.29982734,0.29903603,0.29756647,0.29557833,0.2930368,0.2898819,0.28622898,0.28275076,0.2799185,0.2778588,0.27688354,0.27708307,0.27782217,0.2782766,0.2793759,0.28289902,0.28839836,0.2947276,0.3023104,0.31167358,0.32224116,0.3317534,0.33920202,0.34498888,0.35020265,0.35407516,0.35685045,0.35966882,0.36176604,0.3622953,0.36107412,0.3588466,0.3561828,0.35250777,0.34857115,0.34499773,0.34214142,0.3402029,0.33892453,0.33813733,0.33756366,0.33686855,0.3362131,0.336346,0.33765393,0.33963823,0.3421251,0.34523767,0.34855554,0.35204065,0.35622892,0.36142313,0.36707762,0.3723292,0.37679064,0.37994143,0.3818904,0.38347942,0.3851732,0.38631573,0.3872212,0.3899159,0.3932474,0.39629844,0.39806646,0.3971949,0.39221704,0.3822543,0.36800274,0.3582021,0.35843262,0.36114177,0.36736923,0.37517458,0.3805555,0.38335025,0.38289908,0.3795046,0.37391627,0.36715606,0.3601778,0.35373405,0.34843612,0.3436702,0.34169477,0.3397403,0.3385387,0.33786058,0.33744302,0.33806977,0.33694905,0.33332843,0.3284688,0.32620832,0.32756892,0.3300941,0.33636886,0.35317114,0.3742257,0.39261836,0.40713105,0.41903397,0.42832536,0.43504044,0.43918648,0.4407998,0.44122085,0.4408166,0.4419156,0.44516665,0.44775385,0.44857946,0.4482127,0.44765615,,,,,,,,,,,,,,,,,,,,,,,,,,,,,,,,,,,,,,,,,,,,,,,,,,,,,,,,,,,,,,,,,,,0.5245164,0.507569,0.47818187,0.45169184,0.43006265,0.41758302,0.41325143,0.41166073,0.4146882,0.42288244,0.43340787,0.44624147,0.46091744,0.4754295,0.49110553,0.5079271,0.52603245,0.5444732,0.56233674,0.57726496,0.58897334,0.5992785,0.6086947,0.6164646,0.6233687,0.6310038,0.6390622,0.64685345,0.6535246,0.6578184,0.66034347,0.6622107,0.6636513,0.66511345,0.66607547,0.6651278,0.6625777,0.6588195,0.65464693,0.6494638,0.64287853,0.63572097,0.6281857,0.6208771,0.6144442,0.6084215,0.60179317,0.59440863,0.5862568,0.5771813,0.56610346,0.5552387,0.5462361,0.53799844,0.5301626,0.52275753,0.5155712,0.5082651,0.5007633,0.49330515,0.48590484,0.47831342,0.47089556,0.46394327,0.45806685,0.4537603,0.45052826,0.44834468,0.44789374,0.4491209,0.4509822,0.45250916,0.45388472,0.4555514,0.45711282,0.45880118,0.4608721,0.46322447,0.46521574,0.46684796,0.46799284,0.4688015,0.46950167,0.46996582,0.4704045,0.47096458,0.47207767,0.47392285,0.47698596,0.48064643,0.4848394,0.4891728,0.49350175,0.4977592,0.50197023,0.5061803,0.51060236,0.51486444,0.51839554,0.52014756,0.52187014,0.52741367,0.5333366,0.5365094,0.5377612,0.5383584,0.53951925,0.5416068,0.5429091,0.54328233,0.5433922,0.5432529,0.54212046,0.54028416,0.5385881,0.5376517,0.53674644,0.5350661,0.5323657,0.5294402,0.52663064,0.5240464,0.52134484,0.51843715,0.5157537,0.5135327,0.51203334
13.083336,0.1301973,0.12933469,0.13127734,0.13423009,0.13860218,0.14388372,0.15006131,0.15735161,0.1657576,0.17490627,0.18463056,0.19487791,0.20568366,0.21787511,0.23149413,0.24592698,0.26224512,0.28060943,0.29864445,0.3171401,0.33444402,0.35024795,0.36245942,0.37258032,0.38176233,0.39110634,0.3989702,0.40378636,0.4072944,0.40896887,0.40857774,0.4060687,0.401797,0.39515388,0.38628557,0.37521,0.36176386,0.34661412,0.32974994,0.31134367,0.2922869,0.2731555,0.25395364,0.23476762,0.21584763,0.1975725,0.1799768,0.16378433,0.14960688,0.13781434,0.12865815,0.122209825,0.11878741,0.11829048,0.120958045,0.12662195,0.13527776,0.14671141,0.16048624,0.17595918,0.19255044,0.20972098,0.22617586,0.24160737,0.2570883,0.27083936,0.2834791,0.29570466,0.30782777,0.31919843,0.32917526,0.33676627,0.3413171,0.3423366,0.33926865,0.33249402,0.32649112,0.32344604,0.32270992,0.32642683,0.33549097,0.34799704,0.3623988,0.37723035,0.3898564,0.39981636,0.41000944,0.42025298,0.42890078,0.4353964,0.44014344,0.4434307,0.44540972,0.44669405,0.44736,0.4473733,0.4467778,0.44579068,0.44459113,0.44326693,0.44170788,0.43994823,0.43791345,0.43529397,0.4321291,0.42846137,0.42432877,0.41964823,0.41418624,0.40758878,0.39958465,0.39053616,0.38113704,0.3717361,0.3623025,0.35334855,0.34498167,0.33745888,0.3308408,0.32512647,0.32033834,0.3166199,0.31411627,0.3128514,0.31265217,0.31321535,0.3142294,0.315327,0.31638342,0.31732532,0.3178874,0.31785214,0.317414,0.31701618,0.3172321,0.31772736,0.31815416,0.31820542,0.3191934,0.3226866,0.32701084,0.33141553,0.33532295,0.33951333,0.3465237,0.35600802,0.3646156,0.37196374,0.37787434,0.38171718,0.3842512,0.3862732,0.386431,0.38465646,0.3823081,0.37934643,0.37552163,0.3711989,0.36631072,0.3608835,0.35514128,0.34932116,0.34337506,0.33718237,0.3308294,0.32430577,0.31760585,0.31100923,0.30527282,0.3013015,0.29684064,0.29341358,0.29032794,0.2879953,0.2864422,0.28485122,0.28343675,0.28190273,0.28062826,0.27978542,0.27934244,0.27877495,0.27828404,0.27805737,0.27782443,0.27773476,0.27780393,0.2781997,0.2789846,0.28033477,0.28207147,0.28400865,0.286033,0.28802562,0.29016817,0.2924611,0.29483822,0.29723537,0.29955995,0.301674,0.3034339,0.30475596,0.30540633,0.30520567,0.30458394,0.30321884,0.3009338,0.29882282,0.2980321,0.29825893,0.29852548,0.29870978,0.2984178,0.29740655,0.2958589,0.2939854,0.29188922,0.28928173,0.28574336,0.2818439,0.27855003,0.2765445,0.27601546,0.2764588,0.27699086,0.27730906,0.27914742,0.28367332,0.28941482,0.296139,0.30410138,0.3137512,0.3243029,0.33333123,0.34016448,0.3455546,0.35065147,0.35425243,0.35655576,0.3588518,0.36035323,0.3603493,0.35888955,0.35620347,0.3532571,0.35000467,0.34680358,0.34418732,0.34235862,0.3413188,0.34070182,0.34011304,0.3395335,0.33903566,0.33915263,0.34021628,0.3422733,0.34514734,0.3486576,0.35234913,0.3556946,0.3587113,0.36217692,0.36701313,0.37237763,0.37717536,0.381289,0.3843733,0.38629925,0.3874871,0.38857904,0.38906217,0.3912951,0.39536104,0.39859846,0.40043435,0.40105125,0.3991101,0.39360446,0.38373056,0.37229884,0.3663694,0.36498222,0.36637554,0.3719062,0.37894964,0.38349307,0.38558105,0.38422772,0.38007915,0.37397492,0.36740324,0.36099026,0.35462332,0.34834996,0.343731,0.34237292,0.34113696,0.34079438,0.34026033,0.3394137,0.33936343,0.33789608,0.33408177,0.32905877,0.32636636,0.3272575,0.32929108,0.33570522,0.35350642,0.37440982,0.39213684,0.40649778,0.41790387,0.42717013,0.434236,0.43850657,0.440107,0.4402512,0.43984216,0.44076732,0.44379035,0.44652212,0.44773364,0.44748914,0.44676253,,,,,,,,,,,,,,,,,,,,,,,,,,,,,,,,,,,,,,,,,,,,,,,,,,,,,,,,,,,,,,,,,,0.52047026,0.5196135,0.50043267,0.47057208,0.4445347,0.4226776,0.41031104,0.40506285,0.40276727,0.40573886,0.41372433,0.4243257,0.43776733,0.4527739,0.46744826,0.4831454,0.49971882,0.51751703,0.53578264,0.55409473,0.5701787,0.5830191,0.5937257,0.602887,0.61070424,0.617706,0.6252376,0.63345164,0.6416275,0.64888847,0.653694,0.6563227,0.6580358,0.6591036,0.6597972,0.6602447,0.65959555,0.65720224,0.6529109,0.64819634,0.6430344,0.6363608,0.6288791,0.62150025,0.61476177,0.6086568,0.6023579,0.595077,0.5869004,0.57754356,0.56550586,0.55415857,0.5449001,0.5367713,0.52954465,0.52265763,0.51603305,0.5088649,0.50192857,0.49473658,0.48774737,0.48084995,0.47406432,0.46759754,0.46144444,0.45605132,0.4517029,0.44884917,0.4480463,0.44917867,0.45095167,0.45268074,0.4540992,0.45546386,0.45713523,0.4586703,0.46043736,0.46259007,0.46499646,0.4675368,0.47011736,0.4724048,0.4743281,0.47593823,0.47718698,0.4783462,0.4795735,0.4811705,0.48320797,0.48558924,0.48800683,0.4909488,0.4944644,0.49813193,0.5017486,0.50538355,0.50884914,0.5124854,0.51617545,0.5193821,0.5212482,0.5234804,0.52915406,0.5341515,0.53650844,0.53689396,0.53675145,0.5372073,0.53883696,0.53991383,0.53995144,0.53955317,0.5388909,0.5372607,0.5346287,0.53223485,0.5309698,0.5304781,0.5298489,0.5278903,0.5249937,0.5221412,0.5195669,0.5169628,0.51431555,0.51211363,0.51053685,0.50958633
13.0,0.11831079,0.119453914,0.12190009,0.12505195,0.12955062,0.13485357,0.14140272,0.1496676,0.15955456,0.1704253,0.1820434,0.1940488,0.20610361,0.21895581,0.23266552,0.24672955,0.26237407,0.2801701,0.29762274,0.31561527,0.33233935,0.34722945,0.35909685,0.36857036,0.3766629,0.38554224,0.39332932,0.39818376,0.4018611,0.40407392,0.4042853,0.40249413,0.3989678,0.39336774,0.3860694,0.37670708,0.36521035,0.35215145,0.33765084,0.32199362,0.3056492,0.2888677,0.27175987,0.25425142,0.2366388,0.21953833,0.20329209,0.1886498,0.17611359,0.16567579,0.15763095,0.15220731,0.14975609,0.15011661,0.15320618,0.15892135,0.16740693,0.17825015,0.19096252,0.20448199,0.21864244,0.23279653,0.24596255,0.2591255,0.27199918,0.2833241,0.29489073,0.30624142,0.31696078,0.32662654,0.33474097,0.340188,0.34296983,0.34311745,0.3400014,0.3335657,0.32745278,0.32384443,0.3227966,0.3258921,0.3338539,0.3446205,0.3575442,0.3719632,0.3848444,0.39455184,0.40385702,0.41375437,0.42235798,0.4290208,0.4336248,0.43689427,0.4389424,0.44027215,0.44102138,0.44114217,0.44073355,0.439962,0.4389474,0.43774465,0.4363612,0.4347991,0.43290773,0.43045464,0.42749712,0.42406192,0.42017555,0.4155613,0.41011113,0.40354234,0.3959031,0.38751692,0.37892845,0.37039593,0.36187342,0.35375836,0.34618255,0.33930862,0.33328944,0.3282879,0.3244258,0.3217874,0.32035756,0.3199275,0.3201899,0.3208737,0.3217349,0.32257324,0.32335743,0.3238914,0.32391524,0.3233935,0.3226128,0.32206017,0.32185602,0.32166508,0.32134363,0.3209659,0.3224847,0.32573712,0.3293793,0.3329831,0.33620715,0.3403535,0.34813717,0.35735482,0.3654473,0.3724306,0.37801346,0.3815395,0.3835754,0.38510093,0.38474977,0.38238484,0.37944102,0.3760081,0.37177026,0.36709684,0.3618095,0.3559529,0.34998155,0.3440276,0.33812118,0.3320227,0.32548046,0.31843963,0.31155595,0.30631182,0.30135256,0.29685333,0.29275334,0.28967333,0.2868772,0.28496933,0.28384495,0.282978,0.28230917,0.281274,0.28008553,0.27888998,0.27774912,0.27660406,0.27572456,0.27527943,0.27489635,0.27468318,0.27462134,0.27479267,0.27517644,0.2761007,0.2774901,0.27929294,0.28141084,0.28361684,0.2860237,0.28879312,0.29188493,0.29510665,0.29835603,0.30157143,0.30452237,0.3069552,0.30852014,0.309019,0.3084527,0.30735496,0.30518326,0.30229828,0.30000252,0.29902986,0.29852393,0.29797006,0.29715192,0.29591617,0.29433337,0.2924738,0.29058373,0.28853354,0.28556752,0.28180546,0.27828518,0.27610677,0.27551642,0.27583095,0.27600265,0.27641302,0.27906755,0.2840279,0.2899412,0.29700655,0.30495635,0.31464893,0.3252134,0.33402908,0.34045333,0.34563217,0.35054916,0.35406676,0.35619783,0.3580547,0.35907343,0.35844925,0.35682064,0.35418817,0.35121784,0.34843677,0.3459837,0.3444133,0.34333414,0.3426689,0.3420484,0.34109613,0.3403128,0.34031317,0.34169427,0.34419677,0.34771088,0.35161293,0.35569388,0.3594578,0.36248136,0.36494365,0.36832184,0.373004,0.37811095,0.3822908,0.38550127,0.38793734,0.3895165,0.39033005,0.3909552,0.39212257,0.39563516,0.3995298,0.401256,0.4024045,0.40226737,0.3994623,0.39343253,0.385263,0.37692073,0.37259033,0.37069592,0.372036,0.3771615,0.38332838,0.38676766,0.3872886,0.38446867,0.37940347,0.373251,0.3670041,0.36088774,0.3546853,0.34754074,0.34237713,0.34161106,0.34201995,0.34250987,0.34194562,0.34091273,0.34038082,0.33887848,0.3352534,0.33034632,0.3269852,0.3272,0.32856566,0.33630773,0.3551804,0.3754151,0.39203632,0.40591645,0.41709688,0.42620963,0.433234,0.43775824,0.43941438,0.43910784,0.43857068,0.43945965,0.44231594,0.44500336,0.44650295,0.4465025,0.44574097,,,,,,,,,,,,,,,,,,,,,,,,,,,,,,,,,,,,,,,,,,,,,,,,,,,,,,,,,,,,,,,,,,0.518939,0.5141364,0.4950882,0.46321374,0.43693185,0.41497877,0.40243572,0.3966035,0.3934877,0.39615992,0.40382224,0.4146453,0.42874494,0.44421253,0.459275,0.47519997,0.49168962,0.50896037,0.5269425,0.5454728,0.56289285,0.57683027,0.58765435,0.59687424,0.60474145,0.611832,0.61934096,0.6274937,0.6358479,0.64331543,0.6488186,0.65195245,0.6539559,0.654926,0.65480304,0.6539767,0.65290374,0.6507766,0.646464,0.64108276,0.6355697,0.6291156,0.6218518,0.61487913,0.60845405,0.6021306,0.5950219,0.58690053,0.5770077,0.5637716,0.55236375,0.5429858,0.5355055,0.5284194,0.52206254,0.51580155,0.5092653,0.5023923,0.49569735,0.4888112,0.48218402,0.47560322,0.46920714,0.4632064,0.45760968,0.4530449,0.45003417,0.44897065,0.44953978,0.45084515,0.4519408,0.45271,0.4534601,0.45431933,0.4554344,0.45650223,0.45804957,0.4601354,0.46290594,0.46632996,0.46995777,0.47346112,0.47662005,0.47947893,0.48182952,0.4838114,0.48562548,0.48735628,0.48914325,0.49093503,0.4929223,0.49558032,0.49887818,0.5023237,0.50575423,0.5089821,0.511727,0.5142327,0.51707006,0.5198009,0.52191275,0.52546555,0.5308244,0.5347449,0.5361557,0.5358553,0.5350295,0.5348212,0.53594816,0.5368558,0.5366729,0.53575975,0.5344787,0.5325295,0.5294556,0.52619493,0.5240829,0.52351975,0.5237983,0.52329695,0.52119255,0.5183592,0.51547956,0.5127688,0.51036805,0.50854594,0.5074321,0.5068891
12.916672,0.10908189,0.11141859,0.11367613,0.11673617,0.1209953,0.12632203,0.13323908,0.14246024,0.15362608,0.1662262,0.17971267,0.19345075,0.20672815,0.22000286,0.23362157,0.24707356,0.261898,0.27898282,0.29555833,0.31297082,0.32881173,0.34276748,0.35416174,0.3628503,0.36993936,0.3783599,0.38596478,0.39084983,0.3946241,0.39726368,0.39808145,0.3971564,0.3943428,0.38975906,0.3838837,0.3761339,0.36652783,0.35547024,0.3433387,0.3301445,0.31627333,0.30193043,0.2872135,0.27199143,0.25634497,0.24086961,0.22644119,0.2137508,0.20250301,0.19292569,0.18611483,0.18227433,0.1810439,0.18187647,0.1848384,0.19037898,0.19847746,0.20834559,0.21925402,0.23027731,0.24175797,0.2527559,0.26363972,0.27476946,0.28522885,0.2952392,0.30621865,0.3157737,0.32497612,0.3329635,0.3392061,0.3425011,0.34366453,0.34329826,0.3405568,0.3355673,0.3302403,0.32654774,0.3254198,0.32814994,0.3346906,0.34304762,0.35369238,0.36728027,0.37998357,0.3892785,0.3977934,0.4068967,0.41523433,0.42196164,0.42656043,0.4298308,0.4321122,0.43362507,0.4345612,0.43484372,0.43461725,0.43397927,0.43305618,0.43194702,0.4306934,0.42926636,0.42751697,0.42525974,0.42247832,0.41913408,0.41527164,0.41080576,0.4053845,0.398995,0.39179087,0.38404748,0.3762021,0.3684709,0.36085117,0.3536421,0.34698832,0.34107846,0.33610198,0.33222693,0.32947242,0.32781282,0.32703468,0.32682467,0.32701567,0.3274696,0.32807946,0.32866326,0.32915655,0.32929966,0.32896447,0.3281972,0.32731876,0.32655817,0.32578254,0.32498395,0.32397595,0.3237042,0.32560718,0.32836962,0.3312652,0.3339886,0.33667225,0.34132984,0.34972155,0.35849786,0.36607826,0.3726949,0.377936,0.3811498,0.38269466,0.38371816,0.38291916,0.38007334,0.37654802,0.3726054,0.36793664,0.36292017,0.35743514,0.35151565,0.34553626,0.33960453,0.33362487,0.32713774,0.31995744,0.31303656,0.30727044,0.30143747,0.2960137,0.29123288,0.28765535,0.2849859,0.28293458,0.281532,0.28087246,0.28076854,0.2808815,0.2808787,0.28058925,0.27999198,0.27898958,0.27769202,0.27596456,0.27390236,0.27289507,0.2723544,0.27211925,0.2720098,0.27192983,0.27223402,0.27311125,0.27454352,0.27647012,0.27874213,0.2813516,0.2844621,0.28814736,0.29209158,0.2961935,0.30036256,0.30439875,0.3079751,0.3107018,0.31214577,0.312305,0.31143767,0.30942872,0.3063445,0.3030066,0.30057207,0.2990889,0.29766467,0.2961408,0.29463774,0.29304522,0.29119346,0.28933638,0.28758058,0.28522274,0.2819253,0.27851978,0.27621326,0.27537054,0.2752928,0.27507186,0.2757057,0.27890974,0.28403535,0.2901736,0.29725727,0.30514959,0.31469363,0.32528374,0.33401537,0.34025726,0.34533513,0.3499496,0.35351017,0.35565287,0.35738733,0.35816714,0.35727432,0.3554119,0.3529631,0.35028052,0.3480019,0.34635904,0.3452925,0.34432995,0.343373,0.34217703,0.34102497,0.34082425,0.34200013,0.34439877,0.3477424,0.35209358,0.35671028,0.36106876,0.36459574,0.3672925,0.37024796,0.37424153,0.37882024,0.38340065,0.3867199,0.3887581,0.3898114,0.39040044,0.39078724,0.39212686,0.39477932,0.39803627,0.40072817,0.40166485,0.402706,0.40109828,0.39760408,0.39213312,0.38536394,0.37933075,0.3765425,0.37610355,0.3782844,0.38265377,0.3870707,0.38888162,0.3877186,0.3837667,0.37831536,0.37239844,0.36631575,0.36052954,0.3544225,0.346814,0.34109476,0.3402361,0.3418435,0.34301564,0.3430132,0.34215537,0.34121007,0.33964074,0.33644378,0.33174133,0.32819092,0.3280293,0.32876405,0.33904123,0.35841784,0.376858,0.39233866,0.40544626,0.4164327,0.42545855,0.43227834,0.43682912,0.43863314,0.43777815,0.43675217,0.4375716,0.44010216,0.44277337,0.44451723,0.44487384,0.44410402,0.44283178,,,,,,,,,,,,,,,,,,,,,,,,,,,,,,,,,,,,,,,,,,,,,,,,,,,,,,,,,,,,,,,,,0.51762027,0.5085475,0.489081,0.4565201,0.4313868,0.40776533,0.39440823,0.38787222,0.38370395,0.38592812,0.39338285,0.40452933,0.41928312,0.4352292,0.4510483,0.4672543,0.48374552,0.5006376,0.51806796,0.53661954,0.55502534,0.5702473,0.5816009,0.5909419,0.5988943,0.60616636,0.613391,0.6212354,0.62949866,0.636845,0.6428291,0.6465831,0.6491619,0.650201,0.6499763,0.6482379,0.6461082,0.6436143,0.639607,0.63410115,0.62806976,0.6217106,0.6149863,0.6084116,0.6017707,0.59437275,0.5860416,0.5755163,0.5625065,0.5506851,0.5410554,0.53400505,0.52707195,0.5208144,0.51453197,0.5083798,0.50186497,0.49532127,0.48854417,0.48184532,0.4753539,0.4689892,0.46318892,0.4580172,0.45382553,0.45116517,0.44994512,0.44989702,0.45027187,0.45059255,0.4506095,0.450118,0.44953242,0.4491025,0.44900528,0.4496764,0.45177764,0.45492187,0.45868802,0.46303552,0.46755812,0.47203183,0.47621143,0.48031747,0.4839207,0.48681226,0.48916593,0.49124762,0.4932605,0.49526325,0.49731976,0.4997436,0.50275314,0.50610363,0.5092991,0.5122459,0.51471144,0.5164597,0.5181662,0.52027446,0.5226898,0.52701706,0.5316439,0.5348769,0.5354625,0.53473127,0.533415,0.5325088,0.5329878,0.5337023,0.5334716,0.5322869,0.5305116,0.5282793,0.52534914,0.5219937,0.5193218,0.51831263,0.51860714,0.51882005,0.5176405,0.5150654,0.51190585,0.5090006,0.50668603,0.5051758,0.5044266,0.50420094
12.833336,0.102518655,0.1049491,0.10691475,0.109704494,0.11383627,0.119224004,0.12631075,0.1360474,0.14821029,0.1622127,0.17748545,0.19286236,0.20736559,0.22110796,0.23452552,0.24724348,0.26102337,0.2772154,0.29286695,0.30910763,0.32378218,0.33666277,0.34742987,0.35571876,0.361901,0.36932302,0.37663946,0.3816174,0.38547733,0.38849378,0.38979787,0.38981992,0.388024,0.38457802,0.3800373,0.37392235,0.3662461,0.3572954,0.3473074,0.33631527,0.32458884,0.31255597,0.30019462,0.2872509,0.27387848,0.26107708,0.24901533,0.23725335,0.22699004,0.21962859,0.21503724,0.21234024,0.21106678,0.21132272,0.21412115,0.21957959,0.22676131,0.2349216,0.24336208,0.25218546,0.2611444,0.27002108,0.2793213,0.2883198,0.2973728,0.30725506,0.31630525,0.32366735,0.33163872,0.33838853,0.34271795,0.3439368,0.3439573,0.34367952,0.34112537,0.3377768,0.33402508,0.33098212,0.32985255,0.3320861,0.33659536,0.34198472,0.350409,0.3631496,0.37531957,0.38422555,0.39175382,0.39979133,0.40776005,0.41410574,0.4188693,0.42220145,0.42467993,0.4264576,0.4276549,0.42824596,0.42833778,0.42798886,0.42725638,0.42630833,0.42515743,0.42376682,0.4219679,0.41969627,0.4168812,0.41352257,0.4096563,0.40514338,0.3998725,0.3938146,0.38719907,0.38022435,0.37321717,0.36644256,0.35999396,0.35384142,0.34829417,0.34356478,0.33968878,0.33679965,0.33481997,0.3335636,0.33285463,0.33255005,0.33262244,0.3329114,0.33333898,0.33374634,0.33403236,0.33394948,0.33343208,0.33256382,0.33159402,0.33044922,0.32912225,0.3276264,0.32624266,0.32666978,0.32844132,0.3305372,0.3326404,0.33451927,0.33704227,0.34270394,0.35124558,0.35947415,0.3665924,0.37277943,0.37761822,0.3804858,0.3815813,0.38213873,0.3810506,0.3778922,0.37391502,0.36950028,0.36449653,0.3592228,0.3536527,0.34779012,0.34185848,0.33583668,0.3294111,0.32232827,0.31503174,0.30865616,0.30188346,0.29539597,0.28968778,0.2853584,0.28227815,0.28004912,0.27872565,0.2781875,0.2783632,0.2789391,0.27965477,0.28030658,0.2807257,0.2808907,0.280677,0.2799844,0.2785226,0.27645794,0.274562,0.27216905,0.27080378,0.2702321,0.26975685,0.26940703,0.26955745,0.27036858,0.27178538,0.2737333,0.27629638,0.27951798,0.28343147,0.28787407,0.29276365,0.29791275,0.30309382,0.3079068,0.3118299,0.3143876,0.31535843,0.31504712,0.3134631,0.31042233,0.30658615,0.3029575,0.30026937,0.29790026,0.2955705,0.2936345,0.29197797,0.29021347,0.2883151,0.28659135,0.2846017,0.2817802,0.2786587,0.27635682,0.27530962,0.27477425,0.27421,0.27504748,0.27853435,0.2837013,0.290061,0.2971727,0.30506262,0.3142428,0.32475168,0.33345437,0.33982393,0.34467405,0.34898028,0.352521,0.35475582,0.35649198,0.3572425,0.356448,0.3547386,0.35261187,0.3503732,0.34856367,0.34713748,0.34580085,0.34438077,0.34293315,0.3416171,0.34116158,0.3419028,0.34392494,0.34646872,0.34965205,0.35461634,0.3597592,0.36398572,0.3674916,0.3710444,0.37528569,0.3796971,0.3839465,0.38766176,0.38976285,0.3900043,0.38892567,0.38843387,0.39018634,0.39299315,0.3956358,0.39822638,0.4002919,0.40086713,0.40048093,0.39743945,0.39311036,0.3880788,0.38306397,0.37990537,0.37964514,0.38104814,0.38366246,0.38707668,0.38949162,0.3896871,0.38733056,0.38290796,0.37752622,0.37177232,0.36577612,0.36003935,0.35388333,0.3465913,0.34084615,0.33943245,0.3414879,0.34289786,0.34318328,0.34292394,0.34195164,0.3403719,0.33763406,0.33344755,0.33035222,0.32854044,0.33121744,0.3450073,0.3628077,0.37884745,0.3931356,0.40533113,0.41568923,0.42458314,0.43138397,0.43598336,0.43790767,0.43688658,0.4348674,0.43527827,0.43750748,0.44019172,0.4423026,0.44316542,0.44268072,0.44189438,,,,,,,,,,,,,,,,,,,,,,,,,,,,,,,,,,,,,,,,,,,,,,,,,,,,,,,,,,,,,,,,,0.51572424,0.50529003,0.4819469,0.45040768,0.42267385,0.4010464,0.38674176,0.37899765,0.37361988,0.3752827,0.38258404,0.3938516,0.40922993,0.42550004,0.44227052,0.45897526,0.47588134,0.49259096,0.5094386,0.52763903,0.54676825,0.563199,0.57520354,0.58499366,0.59322995,0.6006068,0.607542,0.6148195,0.62268984,0.6298866,0.63607615,0.6402013,0.6433701,0.6446671,0.6445858,0.642737,0.6398737,0.6364886,0.63235086,0.6269833,0.62081414,0.61445457,0.6080241,0.60116243,0.5935292,0.5849021,0.5732459,0.5607391,0.5493523,0.540079,0.5325378,0.5254605,0.51903135,0.5126641,0.50604945,0.49953264,0.49307102,0.4866417,0.4799483,0.47356147,0.46753064,0.462039,0.45742682,0.45384505,0.45153803,0.45032674,0.4495831,0.4491308,0.44860175,0.4475166,0.4458152,0.44371492,0.4414802,0.43967575,0.43910575,0.44108367,0.4456405,0.4508207,0.455729,0.46082518,0.46588632,0.47084543,0.47547233,0.4802349,0.48477018,0.48847076,0.49150008,0.49415842,0.4967814,0.4992783,0.5015448,0.5038666,0.5065123,0.509372,0.51207227,0.51491773,0.5176044,0.5192458,0.52001584,0.5212427,0.5237572,0.5279968,0.5319628,0.534448,0.534513,0.5335664,0.53211105,0.53050345,0.53013307,0.5303973,0.5301905,0.52907646,0.5272344,0.52492356,0.5222555,0.5193451,0.5168153,0.51543564,0.51518214,0.5151215,0.51427,0.512147,0.5092001,0.5062874,0.50397176,0.502602,0.5019504,0.5018049
12.75,0.09804619,0.09971088,0.10153153,0.10434028,0.10859653,0.11402847,0.12112958,0.13118207,0.14395301,0.15915644,0.17591023,0.1926635,0.20820661,0.22249617,0.23567739,0.24744418,0.25991902,0.27499935,0.289568,0.3039034,0.3171468,0.32866117,0.33876368,0.34702647,0.3524778,0.35821325,0.3651681,0.3701972,0.37402332,0.37748793,0.37929115,0.38001758,0.37945938,0.37727892,0.37409577,0.36954698,0.3636241,0.35684258,0.34877315,0.33973855,0.33019978,0.32015288,0.30984578,0.29923984,0.28869638,0.27824888,0.2675845,0.25792092,0.25058433,0.24513644,0.24104582,0.238452,0.23725203,0.23781647,0.24072962,0.24534021,0.25083947,0.2568623,0.2633057,0.27023733,0.2773642,0.28510374,0.29280776,0.30049917,0.30976847,0.31741625,0.3239001,0.3295559,0.336844,0.34280172,0.3456475,0.34529665,0.34490627,0.3445365,0.34274483,0.34062904,0.33824658,0.33628353,0.3355024,0.33659762,0.33816925,0.34015414,0.3470757,0.359295,0.37086797,0.37943983,0.38589874,0.39264435,0.39971063,0.40590632,0.41041443,0.41391212,0.41659918,0.41847128,0.41989818,0.42080012,0.42128155,0.42136437,0.42098066,0.42027852,0.41923776,0.41783974,0.41595948,0.41361296,0.41076875,0.40744764,0.4036552,0.39929545,0.39438644,0.38891354,0.38308486,0.37706274,0.37106165,0.3652765,0.3597543,0.35474718,0.3502525,0.34644866,0.34336412,0.340987,0.33926275,0.33809575,0.33738837,0.33709726,0.33720812,0.3375206,0.33788043,0.3381953,0.33834898,0.33813983,0.33750904,0.3365049,0.3352598,0.333625,0.33165976,0.32966846,0.3286071,0.32941878,0.33073434,0.33215663,0.33347026,0.33483136,0.33774567,0.34450954,0.35275862,0.36036763,0.367058,0.37270492,0.37705806,0.37952635,0.3802196,0.38039285,0.37917852,0.37590382,0.37167633,0.3669549,0.36170262,0.35626614,0.3506656,0.34476358,0.3387082,0.3322827,0.32518876,0.31764916,0.31066307,0.30309078,0.29588866,0.28945437,0.28419918,0.2804038,0.2778675,0.27644464,0.27598763,0.27656075,0.27766314,0.27899632,0.28035662,0.2815009,0.282266,0.28265297,0.28264904,0.2822611,0.28144923,0.2802101,0.27827975,0.2757001,0.27345636,0.2709566,0.26912886,0.26816046,0.26758492,0.26754996,0.26813614,0.2693746,0.27143136,0.2743425,0.27809507,0.28270084,0.2881475,0.29424605,0.300631,0.3066644,0.3117721,0.31554088,0.317535,0.31803834,0.31694221,0.31426424,0.31031078,0.30599582,0.3021766,0.29884112,0.29567426,0.29312596,0.29120594,0.2895185,0.28759772,0.2857867,0.2838622,0.2813368,0.27849388,0.27628687,0.27512836,0.27415946,0.27331734,0.2742953,0.27785853,0.28306165,0.2896129,0.29693848,0.3046719,0.3134141,0.32371497,0.33244926,0.33919975,0.34372234,0.3477247,0.35117418,0.35343444,0.35516393,0.35600486,0.3553528,0.35396692,0.35228097,0.35039857,0.34864178,0.34692815,0.34512073,0.34332415,0.34187496,0.3412515,0.3416929,0.34327185,0.34551242,0.34769422,0.35063255,0.3558508,0.36076573,0.36515728,0.36980072,0.37494725,0.3799961,0.3846,0.38848272,0.39120546,0.39153147,0.38898358,0.3855115,0.38532922,0.3892318,0.3926752,0.39494833,0.3965148,0.39678955,0.3964906,0.39450356,0.39064765,0.38624194,0.3825776,0.38095623,0.38182136,0.3839176,0.38615894,0.38841903,0.39044344,0.39105177,0.38995188,0.3868478,0.38235265,0.37706542,0.37141716,0.36555395,0.35988694,0.35363355,0.34673396,0.34094837,0.33940712,0.34155846,0.34302387,0.34292924,0.3425047,0.34205544,0.34064147,0.33836213,0.33503166,0.33186293,0.32964534,0.33668077,0.35171795,0.36711964,0.38114852,0.39407042,0.40541425,0.4151663,0.42360908,0.4303689,0.43503645,0.43730953,0.43651876,0.4342944,0.43360826,0.435155,0.4378312,0.4404457,0.44190454,0.4418155,0.44117334,,,,,,,,,,,,,,,,,,,,,,,,,,,,,,,,,,,,,,,,,,,,,,,,,,,,,,,,,,,,,,,,,0.5136795,0.5020704,0.47323108,0.44304848,0.4127994,0.39302257,0.37907246,0.36997035,0.36332878,0.36441338,0.37157148,0.38269585,0.39848682,0.41526034,0.4328509,0.45028454,0.46780586,0.484692,0.50130385,0.51889014,0.53777003,0.5554508,0.56837434,0.57869256,0.58770204,0.59524477,0.60198087,0.60853875,0.6156983,0.6226809,0.62873006,0.6330923,0.63657755,0.63821614,0.63829947,0.63659364,0.6335456,0.62962043,0.62504166,0.6196705,0.61356574,0.6069995,0.5998986,0.5921341,0.5827547,0.57115996,0.5586909,0.547897,0.53913754,0.5313192,0.52387935,0.5168358,0.51024264,0.50333524,0.49614003,0.48920995,0.482765,0.47671935,0.47074172,0.4652685,0.46046972,0.45648146,0.45349583,0.4513352,0.44970417,0.44832465,0.44699425,0.44532245,0.44324267,0.4408052,0.4376681,0.43408448,0.43035406,0.42794618,0.4284519,0.43297103,0.43987748,0.4467375,0.45298064,0.4592078,0.46510756,0.4707116,0.4759401,0.4808691,0.48561692,0.4899105,0.49362218,0.49694252,0.50009,0.5030067,0.50556606,0.5079222,0.5102417,0.5124994,0.51466036,0.5173181,0.5201738,0.5220997,0.5226265,0.5228333,0.52454686,0.5281504,0.5316714,0.5335279,0.53334606,0.53241765,0.53109825,0.52906287,0.5277099,0.5272002,0.52676934,0.5257619,0.5241119,0.5220305,0.519727,0.51735824,0.51524574,0.51377904,0.51295483,0.5123487,0.5114287,0.5097317,0.5073208,0.5047213,0.50254554,0.50114685,0.5002833,0.49987456
12.666672,0.09461926,0.09592469,0.097718254,0.10084523,0.10540746,0.11095134,0.11804161,0.12816961,0.14130148,0.1572855,0.17520414,0.19285208,0.20919666,0.22392903,0.23672944,0.24754132,0.25870997,0.27221894,0.2854841,0.2974451,0.3086637,0.31828123,0.3275393,0.3358213,0.3412157,0.34580004,0.3516475,0.3567569,0.3603437,0.36387244,0.36653808,0.3677953,0.3683602,0.36766684,0.3658466,0.36293766,0.35886222,0.35397926,0.34789422,0.3409427,0.33342654,0.3255249,0.31738707,0.30894923,0.30049762,0.291894,0.28368995,0.27660763,0.27039576,0.26561424,0.26238427,0.26086,0.2598967,0.2603331,0.26293722,0.2667737,0.27095723,0.2754423,0.28019252,0.28548816,0.29147962,0.29812905,0.30482936,0.312539,0.31945592,0.32456738,0.3289595,0.3342141,0.34087625,0.3454713,,,,0.3453245,0.34472358,0.34308368,0.34131682,,,0.33884946,0.33781818,0.33684024,0.34358355,0.35578594,0.36664718,0.37488818,0.38049853,0.38567853,0.3914372,0.39715928,0.40157813,0.40487263,0.40772086,0.40979785,0.4111583,0.41220167,0.4129708,0.41339943,0.4133562,0.41290468,0.4120293,0.41076478,0.40903026,0.40684062,0.40419483,0.40111208,0.39764306,0.39373204,0.38942626,0.38471085,0.37974092,0.37463453,0.3695273,0.36460504,0.3599152,0.3556948,0.35194656,0.3487208,0.34607825,0.3440339,0.34256124,0.3416064,0.34110552,0.34098616,0.3411742,0.3414582,0.34168735,0.34185725,0.3418568,0.34150115,0.3406833,0.33942893,0.3377891,0.3356939,0.3334341,0.33165506,0.33135036,0.3318899,0.332526,0.33325225,0.33389547,0.33515757,0.3391033,0.3465153,0.35429192,0.3612419,0.36742377,0.37249738,0.3762632,0.3782744,0.3785924,0.37842053,0.37722117,0.37401596,0.3697964,0.36500278,0.35959443,0.3539994,0.3483326,0.3422509,0.33583543,0.32878435,0.32097495,0.31313485,0.30556253,0.29739514,0.29023576,0.28433418,0.27999586,0.2769717,0.27520794,0.27448657,0.2748619,0.27626774,0.27801603,0.2799972,0.28197834,0.2836562,0.28490588,0.28573677,0.2860887,0.28590757,0.28515822,0.28406742,0.28256223,0.28053877,0.27816567,0.2753397,0.27218443,0.26917177,0.267476,0.26658002,0.26613232,0.26636302,0.26753816,0.26969936,0.27286115,0.27718058,0.2827111,0.2894185,0.29688275,0.30425587,0.3106575,0.3155977,0.3188273,0.32010213,0.3196679,0.3175121,0.313808,0.3093101,0.30472365,0.3005316,0.29660583,0.2933691,0.29099816,0.28915665,0.2872344,0.2853099,0.28326434,0.28078625,0.27813,0.2760176,0.27474388,0.2733868,0.27226862,0.27326873,0.27678996,0.2820915,0.2889099,0.29637092,0.3038877,0.31226993,0.3222283,0.33126244,0.33831912,0.3426879,0.34638995,0.34957647,0.35180774,0.35350582,0.35449073,0.35399845,0.3527571,0.35118446,0.34941748,0.34757942,0.34560007,0.34353834,0.34178913,0.34080908,0.340893,0.34204283,0.34414214,0.34684038,0.34875813,0.35148776,0.35625654,0.36109447,0.3663809,0.37249857,0.37832278,0.3837651,0.38860756,0.3922526,0.39422774,0.3929991,0.38619927,0.3801385,0.38273996,0.3879329,0.3910229,0.3925901,0.39284495,0.3920831,0.38949814,0.38637146,0.38278216,0.38024458,0.38030306,0.38266325,0.3855462,0.3880416,0.3902703,0.39205688,0.3926439,0.39196587,0.38980678,0.3863355,0.3818879,0.37689784,0.37141928,0.36585104,0.3603072,0.35407555,0.34722996,0.34140247,0.34042647,0.342085,0.34353447,0.34332263,0.34247378,0.34139934,0.33971402,0.33787465,0.33545312,0.33204982,0.33473366,0.3456342,0.35872808,0.371452,0.3836771,0.39507052,0.40528488,0.41438857,0.4224017,0.42895907,0.4337631,0.43649814,0.4364339,0.43456623,0.43314144,0.4334789,0.43571568,0.438657,0.4406237,0.44105706,0.44034573,0.43956107,,,,,,,,,,,,,,,,,,,,,,,,,,,,,,,,,,,,,,,,,,,,,,,,,,,,,,,,,,,,,,,,0.50889486,0.4973619,0.46733043,0.43898812,0.40799966,0.38477316,0.3712128,0.36072963,0.3530692,0.3536071,0.36047092,0.37129864,0.38711834,0.4043541,0.42283875,0.4411875,0.45951357,0.47698665,0.4937121,0.5106117,0.52848595,0.5466155,0.5611648,0.57233626,0.5820357,0.58981663,0.5966712,0.6025632,0.6087842,0.6153622,0.6211391,0.6254993,0.6289942,0.63099885,0.6312372,0.62959987,0.6264005,0.6223498,0.61767226,0.61205685,0.6055023,0.5980352,0.59005547,0.57997423,0.5685961,0.5567162,0.5465566,0.53802466,0.52976435,0.52200216,0.51431423,0.50706714,0.49997753,0.49264973,0.4854212,0.4785464,0.4723894,0.4669671,0.46217853,0.45814475,0.4548919,0.45228633,0.45005494,0.4478035,0.44534308,0.44266793,0.43993217,0.43722677,0.43443576,0.43135056,0.4275569,0.42322677,0.41934294,0.41734862,0.4193417,0.4254299,0.4335715,0.4417916,0.44908306,0.4565,0.46347928,0.4702486,0.47670317,0.48263067,0.4876773,0.49218193,0.49626148,0.50007004,0.5035629,0.5067499,0.50961244,0.51202905,0.51412123,0.51585037,0.51758796,0.5197431,0.52229273,0.5244852,0.5254808,0.5251689,0.5252057,0.52714914,0.5302202,0.53212047,0.5321531,0.5312685,0.5301415,0.5281494,0.5261483,0.52470046,0.52359444,0.52236974,0.5207657,0.5188553,0.51688683,0.5150575,0.51345575,0.51224583,0.5113079,0.51043,0.50943077,0.50807154,0.50625867,0.5042122,0.50230396,0.5007235,0.4993314,0.49839383
12.583336,0.0922283,0.09365611,0.09586913,0.09943302,0.10431257,0.11004753,0.11709288,0.12724182,0.14049171,0.15692003,0.17543961,0.19357756,0.21025738,0.22497813,0.23719984,0.24734549,0.25782222,0.26953143,0.2808166,0.28986347,0.2981061,0.30519843,0.31295615,0.3212718,0.327646,0.3321691,0.3368275,0.3415957,0.3451069,0.34786782,0.35077804,0.35281482,0.35413432,0.3547166,0.35411388,0.35277092,0.35032302,0.34717268,0.34290847,0.3380429,0.33235756,0.3263256,0.31978628,0.31310257,0.3060774,0.29920805,0.29289132,0.28756377,0.28396836,0.281967,0.28112227,0.2810474,0.28005365,0.28095007,0.28361467,0.28589377,0.28791165,0.29079282,0.2944107,0.29864362,0.30363667,0.30946177,0.3155756,0.32119614,0.3259035,0.3292056,0.33281675,0.33845088,0.3458108,,,,,,,,,,,,,,0.3410645,0.35182148,0.36259365,0.37067488,0.3757012,0.37938794,0.383545,0.3882491,0.39236215,0.39542297,0.39811835,0.40026912,0.40164086,0.4026373,0.40351686,0.40416646,0.40440786,0.40424383,0.4036238,0.40261173,0.40121254,0.39934856,0.3970971,0.39445037,0.3914367,0.38804442,0.38431802,0.38028365,0.3760624,0.37171835,0.36738145,0.3632028,0.35924938,0.35573125,0.35267675,0.350171,0.34815267,0.34658378,0.34549177,0.34484515,0.3445217,0.34449458,0.34468117,0.34481028,0.3447813,0.34467882,0.34435946,0.3437127,0.34267104,0.34125853,0.33952057,0.33740425,0.33543524,0.33434427,0.33405706,0.33399078,0.33396852,0.33395082,0.33409274,0.33582324,0.34129083,0.34865957,0.35583264,0.36208746,0.36766145,0.37211397,0.37520686,0.3767166,0.37667623,0.37621096,0.3750892,0.37214977,0.36810973,0.36346477,0.35805857,0.35228464,0.3464177,0.34006694,0.33315313,0.32534763,0.31683972,0.30862066,0.30013803,0.2920593,0.2851027,0.28008983,0.27663696,0.27468204,0.27363792,0.27367675,0.27478367,0.2766427,0.27896112,0.28148142,0.28387475,0.2859859,0.28769267,0.28902417,0.28989813,0.2902148,0.2899205,0.28901806,0.28760472,0.28580683,0.28356874,0.28083277,0.27773038,0.27398133,0.27022925,0.26755935,0.26609218,0.26528975,0.26534355,0.2664461,0.2686871,0.27218768,0.27719578,0.28390017,0.29211023,0.30083612,0.30872464,0.31482285,0.3190586,0.32119188,0.32170877,0.3201003,0.31683302,0.31243396,0.3075664,0.30274755,0.298253,0.2943667,0.29131886,0.28907573,0.28712806,0.28516045,0.28294134,0.28033847,0.27772886,0.27568138,0.2741765,0.27239525,0.2710317,0.27194116,0.2753316,0.28087065,0.2879066,0.2953748,0.30279413,0.3107843,0.32017305,0.32978275,0.3369475,0.34151784,0.3449769,0.34778762,0.3498892,0.3515059,0.35256815,0.35226145,0.351191,0.3496745,0.34777978,0.34568068,0.34357613,0.34159663,0.34018978,0.33976427,0.34037197,0.34192863,0.34481728,0.34824905,0.35042614,0.35282186,0.35674706,0.36165097,0.3678768,0.3744974,0.38040388,0.38628846,0.39139247,0.3952322,0.3970723,0.3960982,0.38645115,0.37802026,0.38040966,0.385529,0.38919902,0.3901426,0.38939902,0.38781163,0.3841161,0.3801857,0.3784622,0.37943563,0.38182274,0.38509122,0.3878893,0.39037895,0.39273435,0.3937087,0.39328408,0.39182597,0.38920575,0.38559073,0.38125986,0.37660572,0.37179095,0.36669242,0.36097148,0.35478443,0.34797496,0.34221885,0.3415303,0.34302118,0.34448212,0.34493586,0.34469885,0.343334,0.3412481,0.3394925,0.33733928,0.33804098,0.3454224,0.3551554,0.36524746,0.37551942,0.38576284,0.39551288,0.40459022,0.412935,0.42051497,0.42695805,0.43194497,0.435081,0.43597013,0.4347991,0.43323225,0.43282014,0.43444037,0.43716618,0.4391948,0.44019908,0.4398943,0.43915722,,,,,,,,,,,,,,,,,,,,,,,,,,,,,,,,,,,,,,,,,,,,,,,,,,,,,,,,,,,,,,,0.50424284,0.5024684,0.4888111,0.45778212,0.4282958,0.4044124,0.37803122,0.36334836,0.35182187,0.3432158,0.34336823,0.34936303,0.3598958,0.3752485,0.39284784,0.4122704,0.43172938,0.4509477,0.46943521,0.4866525,0.50284636,0.519591,0.53767276,0.5536545,0.5660786,0.5762552,0.5844893,0.5913446,0.596807,0.6021489,0.6079441,0.6133445,0.6176513,0.6207915,0.6230174,0.6234442,0.6218527,0.6185111,0.61402035,0.6091176,0.6033005,0.5962153,0.5873037,0.57711285,0.56601053,0.5548378,0.54477316,0.53634775,0.5280912,0.5197601,0.51181364,0.50369585,0.4959028,0.4884957,0.48152876,0.47481602,0.4684851,0.4629993,0.4585937,0.45510128,0.45221347,0.44951096,0.44687802,0.4439805,0.44064432,0.43684238,0.43288502,0.42919692,0.42615762,0.4234406,0.42044097,0.41696313,0.41337228,0.4106259,0.41008607,0.41307098,0.41967246,0.4286296,0.43768933,0.4453655,0.45311415,0.46058324,0.46824694,0.47621518,0.48359713,0.49013644,0.49542817,0.4997355,0.50363475,0.5072712,0.5105403,0.5136305,0.5162628,0.51827544,0.5196666,0.52099556,0.5225415,0.524322,0.5262589,0.5278705,0.52832496,0.5276187,0.52704376,0.52844,0.53044057,0.53085047,0.5299434,0.5290511,0.52732766,0.525213,0.5231178,0.5213631,0.5196472,0.5177796,0.5159152,0.51427114,0.5129876,0.5120915,0.51154965,0.51106083,0.5103379,0.509344,0.50809133,0.50655,0.5047669,0.50288546,0.50099164,0.49905488,0.49752903
12.5,0.091336,0.093487576,0.09629361,0.100309566,0.10537624,0.11125752,0.1184194,0.12836543,0.14162059,0.15830673,0.17693461,0.1950863,0.21155651,0.2258752,0.2373885,0.2469468,0.25714937,0.2674858,0.27557883,0.28124002,0.28584537,0.28951526,0.29510328,0.30295235,0.31074062,0.31664544,0.3207223,0.32506523,0.3292151,0.33184227,0.33380422,0.33560038,0.33671707,0.3378002,0.33824542,0.33817133,0.33728787,0.3356262,0.33318442,0.32996768,0.32638246,0.3219781,0.31760466,0.3127077,0.30795762,0.30361083,0.30012035,0.29763928,0.29632604,0.29589117,0.29686576,0.29702953,0.29498574,0.2973752,0.30046588,0.30102527,0.30202433,0.30365437,0.30605316,0.30916092,0.31378162,0.3184738,0.32299164,0.3268973,0.33004174,0.33260518,0.33645564,0.34251845,0.35008177,0.35420138,,,,,,,,,,,,0.34096974,0.3437792,0.35123825,0.36036,0.36725253,0.37142688,0.3740645,0.3765582,0.37979648,0.38321236,0.3859378,0.38828415,0.39015684,0.3915026,0.39248714,0.39336702,0.3941715,0.39465195,0.39474797,0.39440736,0.3936671,0.39257282,0.39107326,0.38924176,0.38705274,0.38450602,0.38161394,0.37841672,0.37500688,0.37147802,0.36791036,0.3644352,0.36118934,0.35825062,0.35566476,0.35346317,0.35172853,0.3502354,0.34906927,0.34823945,0.3477126,0.34745157,0.3474604,0.34762543,0.3477049,0.34759852,0.3473379,0.34675795,0.34580714,0.34451506,0.34301436,0.34151822,0.3397431,0.33821055,0.3371992,0.33637685,0.33559525,0.3348166,0.33414626,0.33435714,0.33739823,0.3439829,0.35087115,0.3572962,0.36288607,0.36772826,0.37150082,0.3739102,0.37492245,0.37459394,0.37388957,0.37283617,0.37027422,0.36656106,0.36216858,0.35689878,0.35101905,0.3448869,0.33823305,0.33078945,0.32222506,0.31293285,0.30401018,0.29493022,0.28675976,0.28028885,0.27610174,0.2736891,0.27262527,0.27252924,0.2734379,0.27499512,0.27724692,0.2799564,0.2827487,0.28545767,0.28801528,0.2902694,0.29218653,0.29361883,0.2945088,0.29482645,0.29443026,0.29343438,0.29185975,0.28966728,0.28696576,0.28383332,0.2802751,0.27625263,0.27181393,0.26820382,0.26620218,0.26523113,0.265192,0.26630938,0.2687284,0.2726545,0.2786594,0.28704575,0.29681185,0.30617356,0.31362465,0.31876305,0.3217427,0.3226524,0.32190913,0.31920135,0.31512251,0.31020877,0.3050716,0.30015633,0.29574984,0.29213583,0.28957653,0.2875603,0.28537548,0.28288496,0.2800252,0.27734122,0.2752964,0.27351266,0.2713275,0.26967886,0.27033845,0.27361104,0.27940112,0.28651953,0.29403496,0.30147672,0.30908763,0.31782734,0.32752213,0.33507842,0.34019792,0.34345424,0.34590676,0.34778237,0.34923562,0.35023665,0.3499979,0.34890753,0.34744343,0.34550354,0.34334487,0.3413376,0.3397514,0.33893237,0.33913517,0.34014776,0.34234914,0.3460614,0.34994105,0.35242236,0.35444334,0.35781625,0.3626307,0.36916405,0.37564576,0.38172555,0.3879701,0.39336547,0.3976183,0.39980906,0.39940113,0.39275256,0.38284385,0.37944812,0.3820932,0.38527727,0.38618588,0.3857889,0.38330668,0.3792932,0.3774217,0.37830922,0.3801071,0.38271138,0.3859598,0.38868028,0.39126617,0.39272338,0.39305454,0.3925935,0.3908933,0.3880768,0.3845208,0.38041824,0.37595668,0.3712331,0.3672941,0.36192772,0.3554893,0.34866887,0.343228,0.3423077,0.34325147,0.34459245,0.34626865,0.34728432,0.3470039,0.3459536,0.3450378,0.34539527,0.34921822,0.35507083,0.36180496,0.36944717,0.3779213,0.38661772,0.39506146,0.40302995,0.4105048,0.41754523,0.42385066,0.42910585,0.43280137,0.43473992,0.4346386,0.433747,0.4335681,0.43488652,0.43689728,0.43831417,0.43924156,0.4395783,0.43907797,0.43853974,,,,,,,,,,,,,,,,,,,,,,,,,,,,,,,,,,,,,,,,,,,,,,,,,,,,,,,,,,,,,,0.50152534,0.4964253,0.47908756,0.44565547,0.41509274,0.39469388,0.37181097,0.35574496,0.3434068,0.3338658,0.33370647,0.3387036,0.3484598,0.36321577,0.38101706,0.40127295,0.4218456,0.44210556,0.46168852,0.47956946,0.49548468,0.51120055,0.52899617,0.5463328,0.55980754,0.5704757,0.57919043,0.58603054,0.59104455,0.5956473,0.6004477,0.60529494,0.60934186,0.6121655,0.61410946,0.61436915,0.6127844,0.60927075,0.6043713,0.5988048,0.5924679,0.5844062,0.5744556,0.563709,0.5532309,0.54352725,0.5343945,0.5257138,0.51737016,0.50914437,0.50072247,0.4923044,0.48435912,0.4769852,0.47051525,0.46469542,0.45939708,0.45489472,0.45120382,0.44817778,0.44532502,0.44239876,0.43913615,0.4353513,0.4309978,0.4263167,0.42161247,0.4175419,0.41442674,0.41213083,0.4099893,0.40785632,0.40602097,0.405235,0.40625036,0.40992025,0.41668102,0.42580944,0.43478844,0.44245505,0.4504324,0.45825738,0.46655047,0.4755868,0.48389956,0.49151707,0.4980832,0.50339335,0.5077362,0.511499,0.51480216,0.51782763,0.5204925,0.5225033,0.5237846,0.5247158,0.5256516,0.52667207,0.52804685,0.52967906,0.53086567,0.53078306,0.5294724,0.5282061,0.5287602,0.5296531,0.52903503,0.5279469,0.52650523,0.52434176,0.5220116,0.5197995,0.5176714,0.5155405,0.5137002,0.5123188,0.511596,0.51160276,0.51215416,0.51280135,0.5130608,0.51261884,0.5116177,0.5101288,0.5079848,0.5054434,0.50277734,0.5002218,0.4981287
12.416672,0.09162225,0.09484245,0.098456964,0.10291582,0.10809447,0.11410896,0.12155374,0.13142128,0.14461936,0.16119961,0.17954005,0.19736013,0.21336484,0.22698182,0.23753771,0.24658962,0.25642198,0.2652408,0.27046117,0.27242002,0.2726525,0.2724589,0.2748225,0.28126693,0.2895524,0.297236,0.3025744,0.30648708,0.31039113,0.31459677,0.31743088,0.31970605,0.3215008,0.32261166,0.3232284,0.32381916,0.32393697,0.3234714,0.3221721,0.32103714,0.3196725,0.31852585,0.31620106,0.31336665,0.3108638,0.3085077,0.3070066,0.30633363,0.30648193,0.30751732,0.3091642,0.31054935,0.308353,0.30862385,0.3120193,0.3131944,0.31335407,0.31409898,0.31558084,0.31823158,0.32177123,0.32534376,0.3286142,0.33121154,0.3332764,0.33599517,0.3401843,0.34552428,0.35116696,0.35492828,0.35462484,,,,,,,,,0.3436234,0.34315753,0.34346744,0.34650588,0.3524588,0.35890388,0.36407077,0.3674388,0.3694655,0.37077442,0.3725462,0.37500972,0.37726277,0.37906596,0.3805675,0.38169652,0.3826454,0.38349158,0.38428718,0.38490084,0.3851536,0.3850693,0.3846,0.3838079,0.38266316,0.38122943,0.37950146,0.37748247,0.37521556,0.3727309,0.37008935,0.3674015,0.36480668,0.3623286,0.3599696,0.3578029,0.35591042,0.35425696,0.3529621,0.35190558,0.3510184,0.3502948,0.34982166,0.3496061,0.34957662,0.3496057,0.34960043,0.34951738,0.34929568,0.34876928,0.34782574,0.34653082,0.3450733,0.3436921,0.3421428,0.34065905,0.3392736,0.3377207,0.336231,0.3349339,0.33414927,0.33525258,0.34009925,0.34668317,0.35295922,0.35849428,0.36344385,0.3675469,0.37062433,0.3724053,0.37293705,0.37240514,0.37154412,0.3705041,0.36831084,0.36507937,0.3609299,0.3558749,0.35002017,0.3436533,0.33673266,0.32882237,0.31959593,0.3094622,0.29961494,0.29021633,0.2818702,0.27563873,0.2721269,0.27070308,0.27041557,0.27139306,0.2728069,0.27480257,0.27729726,0.28011286,0.28306264,0.28615224,0.28925794,0.2921243,0.2946807,0.29679936,0.29839593,0.29943556,0.29979452,0.2994317,0.29836908,0.29656407,0.2938818,0.29058966,0.2869873,0.28307146,0.27861148,0.27371135,0.26948148,0.26703885,0.26602966,0.26609495,0.26734,0.26992038,0.27473775,0.2825057,0.29266748,0.3031409,0.31199014,0.31814846,0.32169417,0.32284918,0.3226833,0.3206897,0.3170956,0.31242323,0.30730686,0.30230346,0.29769808,0.2937662,0.2908462,0.28843492,0.28588834,0.28297737,0.27981493,0.27704167,0.27491587,0.27278873,0.27026144,0.26831007,0.26861027,0.27178738,0.2776874,0.28482777,0.29249695,0.30001792,0.3073438,0.31544036,0.324701,0.33297792,0.3386497,0.34194246,0.3440346,0.34563574,0.34680167,0.34772527,0.34759668,0.34643832,0.34489945,0.34311178,0.34118515,0.33961478,0.3387134,0.33861005,0.33935347,0.34086934,0.3437724,0.34786385,0.35164654,0.3541697,0.3562031,0.3591466,0.36373022,0.37022677,0.37645757,0.38289276,0.38928843,0.39497328,0.39962056,0.40237856,0.402743,0.3994989,0.39171913,0.38588864,0.38159564,0.38040444,0.38215372,0.38125795,0.37943128,0.37847236,0.3792016,0.37985232,0.3808395,0.38284245,0.385724,0.38816538,0.39005035,0.391242,0.3916874,0.39090127,0.38917595,0.3864338,0.38305497,0.3788819,0.37405592,0.36948538,0.36703658,0.3625031,0.35606933,0.34928492,0.34408572,0.34255615,0.3426828,0.34375003,0.3463879,0.34859207,0.34958944,0.3501627,0.35093853,0.3527202,0.35594943,0.36024937,0.36562455,0.3720279,0.37898993,0.38626602,0.3935808,0.40054688,0.4071572,0.41353315,0.41959298,0.42499247,0.42932394,0.43233168,0.43372858,0.43424937,0.43486273,0.4361984,0.43759856,0.43835708,0.43850762,0.43904957,0.4390565,0.4384682,,,,,,,,,,,,,,,,,,,,,,,,,,,,,,,,,,,,,,,,,,,,,,,,,,,,,,,,,,,,,0.49862117,0.496884,0.49131572,0.47249264,0.44033793,0.41109845,0.3861761,0.3654302,0.34913635,0.33561102,0.32555965,0.32482386,0.3287153,0.3373947,0.35124934,0.36897257,0.3899795,0.41164213,0.43286464,0.4534124,0.47221667,0.4885482,0.50374,0.52055293,0.53896546,0.5535192,0.5648971,0.5740057,0.5806898,0.58538365,0.58925575,0.5930747,0.59702605,0.6006093,0.6030143,0.60431767,0.60398126,0.602136,0.59845656,0.59322697,0.5868891,0.5799214,0.57173383,0.56192267,0.551896,0.5422981,0.53311026,0.52399915,0.51499116,0.5063588,0.4978982,0.4892245,0.48089436,0.47321704,0.46610245,0.4601185,0.45513317,0.45096508,0.44722125,0.4434735,0.43979815,0.43603522,0.43198162,0.4276497,0.42319512,0.41876206,0.41439378,0.41048408,0.40714934,0.40468124,0.40312493,0.4021725,0.40157503,0.40146697,0.402229,0.4041791,0.40801123,0.4146023,0.42327285,0.43249586,0.44022697,0.44848844,0.4569013,0.46589884,0.47554028,0.48462683,0.49273685,0.500087,0.5062668,0.5115051,0.51579595,0.51929104,0.5222547,0.52479786,0.5266888,0.5278587,0.5285628,0.52899086,0.52944696,0.5303505,0.5315666,0.53250474,0.5327784,0.53193676,0.5299928,0.52865666,0.52883226,0.5288534,0.5272504,0.52559495,0.5231742,0.52062726,0.51790756,0.5152331,0.5127304,0.51072246,0.5095625,0.5095563,0.5106301,0.51243794,0.5144819,0.5161434,0.51701915,0.5170313,0.5162647,0.51456004,0.5120589,0.5088817,0.50515556,0.5016888
12.333336,0.09252035,0.0964289,0.101083316,0.1061464,0.11171033,0.1180722,0.12598597,0.13601229,0.14911065,0.1652967,0.18296431,0.20023923,0.21549875,0.22805771,0.23765172,0.24644913,0.255928,0.26323786,0.2660049,0.2645335,0.26063222,0.25611255,0.25478947,0.25817785,0.26536328,0.27392,0.28145608,0.28683308,0.29023927,0.294182,0.2981051,0.30016708,0.30220205,0.30484486,0.30713633,0.30910403,0.31101656,0.31260967,0.31297272,0.31190467,0.31126776,0.31320462,0.3137578,0.31272206,0.31170028,0.31043747,0.31006992,0.31022632,0.31159845,0.31389183,0.31652528,0.31932595,0.3202326,0.3201217,0.32195318,0.3237048,0.3239345,0.32352066,0.32373622,0.32578614,0.32858056,0.3312276,0.3335108,0.33519092,0.33691046,0.3400281,0.34368843,0.3475739,0.35177135,0.35501006,0.3550212,,,,,0.3487431,0.3484854,0.34765172,0.34601063,0.34472314,0.34412897,0.34412232,0.3472036,0.3519381,0.35665047,0.3606262,0.36338726,0.3650721,0.36588693,0.36685923,0.3685015,0.37010795,0.3713777,0.37243006,0.37334493,0.37417346,0.37494865,0.37564823,0.37627253,0.3766001,0.3766807,0.37649795,0.37603375,0.37528104,0.37428552,0.37303728,0.37156,0.36988756,0.3680996,0.36628646,0.3644925,0.36270177,0.3608986,0.35914707,0.35748196,0.35598978,0.35471323,0.35368386,0.35284117,0.35214671,0.35151678,0.3510181,0.35069555,0.3505524,0.35048842,0.35049745,0.3505558,0.35049793,0.3500871,0.3492369,0.34808725,0.34674037,0.34530646,0.34367916,0.34187183,0.33990803,0.33793753,0.33611727,0.33466864,0.33466434,0.3374679,0.34323373,0.3492612,0.3548051,0.35940382,0.36365512,0.3670357,0.36944714,0.3706885,0.3708135,0.37017077,0.36926007,0.36820248,0.36630934,0.36346415,0.359639,0.35479137,0.34901574,0.34253454,0.33539662,0.32715768,0.3174383,0.30670983,0.29616526,0.28626043,0.27765173,0.27146563,0.26859096,0.26788336,0.26835176,0.26983026,0.27154273,0.27369508,0.27629536,0.2793029,0.28272733,0.28645796,0.29019955,0.29367477,0.29678267,0.29943737,0.30161062,0.3032933,0.30446833,0.30489218,0.30449563,0.30330408,0.30114004,0.29785272,0.2940303,0.29006115,0.28591803,0.28111687,0.2760521,0.27157816,0.26889223,0.2678228,0.2679401,0.2693767,0.2728813,0.2794001,0.2890412,0.30003312,0.30990493,0.31724098,0.32141155,0.3230718,0.32287455,0.32136664,0.3184022,0.31424356,0.30947125,0.30459896,0.2998297,0.29569188,0.2923447,0.28942212,0.28647897,0.2831452,0.2797112,0.27684245,0.27455872,0.27202338,0.26916108,0.26690018,0.2668887,0.26994568,0.2758295,0.2829823,0.29089722,0.29851052,0.30559894,0.31312048,0.32185847,0.3304936,0.33676112,0.34043762,0.3423909,0.3435859,0.34441328,0.345073,0.3450884,0.3442235,0.3429348,0.34142902,0.34005177,0.33904377,0.33865356,0.33891815,0.33998677,0.3422214,0.3458741,0.3497044,0.3530622,0.35541984,0.35739425,0.3599532,0.3646289,0.3710135,0.37704596,0.3836272,0.38999847,0.3959678,0.4011373,0.40456048,0.4056024,0.40468657,0.40020293,0.3947096,0.38788912,0.38428783,0.38199642,0.380349,0.38062218,0.3827136,0.38366804,0.38285932,0.3819373,0.38236207,0.38443577,0.38630342,0.38758084,0.3885186,0.3885943,0.3879831,0.38631448,0.3836412,0.38002184,0.37595826,0.37207878,0.36959392,0.36767223,0.36279058,0.3562709,0.34969378,0.3445801,0.3422115,0.34116247,0.3418254,0.34514427,0.34828377,0.35012317,0.3516908,0.35354608,0.35574773,0.3589545,0.36250806,0.36699328,0.3723342,0.37835184,0.38472214,0.39109936,0.3972487,0.40303567,0.40872034,0.41434866,0.41966677,0.42444792,0.428306,0.4311241,0.43324175,0.4350179,0.4366048,0.4380072,0.43864566,0.43842968,0.4385545,0.43886742,0.43847895,0.43794855,,,,,,,,,,,,,,,,,,,,,,,,,,,,,,,,,,,,,,,,,,,,,,,,,,,,,,,,,,,,0.4965817,0.49143657,0.48512986,0.46685794,0.43725234,0.40806407,0.38253385,0.35878587,0.3429614,0.32833713,0.31834066,0.3167905,0.31941813,0.32691038,0.33958414,0.3569282,0.37837872,0.40113094,0.4232743,0.44463408,0.46443394,0.48158127,0.4968877,0.5129223,0.5314481,0.5474117,0.55945134,0.56863856,0.575487,0.57985526,0.5829134,0.58588946,0.5888759,0.5916505,0.5934719,0.59398574,0.59292436,0.59058964,0.5869026,0.58155656,0.57487535,0.5676213,0.55992067,0.5509642,0.54140943,0.53196394,0.522815,0.513751,0.50452954,0.49532208,0.48652473,0.4779291,0.4697733,0.46239096,0.45593685,0.45064977,0.44630334,0.4426819,0.43920487,0.43542066,0.43104094,0.42602068,0.4206534,0.41536203,0.41057903,0.40666372,0.4035384,0.4009939,0.3989948,0.3977431,0.39725283,0.3973728,0.39789277,0.3989055,0.40064484,0.40320942,0.40715057,0.41363826,0.42248523,0.43138662,0.4396823,0.44785398,0.4564022,0.4659589,0.47570753,0.4853335,0.4941713,0.5019421,0.50880855,0.51462346,0.5194111,0.5233231,0.52640754,0.5287853,0.53047556,0.53159475,0.53215694,0.5323679,0.5325146,0.53303766,0.5336047,0.5338758,0.5339074,0.53350705,0.5320108,0.5299326,0.52873933,0.5285978,0.5268669,0.52460366,0.52199364,0.5189247,0.51571953,0.5124967,0.509693,0.5078145,0.50725096,0.5083117,0.5107345,0.5139092,0.5171794,0.5199498,0.5217926,0.52261335,0.5224542,0.52138335,0.5194532,0.51669574,0.5131246,0.5091404
12.25,0.09429465,0.0985185,0.103852935,0.10967515,0.11595325,0.12298109,0.13160677,0.14191869,0.15492849,0.17073946,0.18748271,0.20395887,0.2181062,0.22908056,0.23765364,0.24644352,0.25553393,0.26145074,0.26274484,0.25878495,0.2522199,0.24398203,0.23815838,0.23781894,0.24255332,0.24947451,0.25713938,0.26377282,0.26755735,0.2717198,0.27626532,0.27857873,0.28003058,0.28169426,0.2839708,0.28753692,0.29112384,0.29567152,0.30099934,0.30245745,0.3011374,0.302724,0.30781803,0.30913392,0.30916423,0.30866957,0.31011894,0.31160998,0.31426442,0.31787023,0.32152125,0.32535493,0.32799983,0.32957485,0.33069235,0.33110255,0.33036768,0.3290007,0.3297434,0.33193392,0.3342218,0.3362133,0.33823955,0.33942083,0.34125724,0.3442266,0.34683755,0.34896109,0.35170034,0.35469824,0.35540137,0.35313588,0.3526557,0.3530744,0.3524301,0.3502971,0.34930864,0.34678417,0.3438286,0.3426926,0.34305245,0.343261,0.3463368,0.34991673,0.3536298,0.3566685,0.35891017,0.36038837,0.36115748,0.36190295,0.36304432,0.36421344,0.36513528,0.36592066,0.3666544,0.36735764,0.36803156,0.36863148,0.36913484,0.3694763,0.36962992,0.36964402,0.36948612,0.3691194,0.36856613,0.36780512,0.36691254,0.36588082,0.3647434,0.36357152,0.36238468,0.36118206,0.35992408,0.35859957,0.35723835,0.35599563,0.3549041,0.35402656,0.35329586,0.35261312,0.35202962,0.35161623,0.35135123,0.35116816,0.35105416,0.35096163,0.350852,0.35064286,0.35019192,0.34943408,0.34839675,0.34705126,0.34547207,0.34365252,0.3416374,0.33956534,0.33742854,0.33558062,0.33475602,0.3361932,0.34084472,0.34633875,0.35159227,0.3561593,0.36004883,0.36344054,0.36610413,0.367965,0.36866945,0.36852026,0.3678096,0.36687323,0.36574486,0.3640366,0.36151648,0.35807085,0.35348347,0.3478778,0.34136266,0.3340346,0.32563627,0.31576803,0.30477875,0.29375422,0.28330404,0.27436382,0.26843268,0.26600632,0.26551774,0.26637086,0.26794478,0.26955488,0.2717284,0.27469128,0.2784289,0.28268313,0.2871556,0.29129627,0.29507962,0.29862225,0.30178022,0.30448556,0.30669776,0.30840182,0.3094153,0.30963147,0.3089501,0.30736214,0.30468932,0.30109185,0.29705134,0.29301813,0.2886864,0.28380764,0.27884144,0.2744776,0.27161363,0.2704208,0.27088836,0.27331313,0.2784447,0.28690454,0.29758832,0.3078448,0.31590655,0.32081744,0.32304916,0.32300144,0.32167557,0.31907913,0.31547004,0.31102654,0.30622977,0.30138934,0.2972956,0.29375142,0.2904078,0.28708893,0.28345254,0.27980983,0.27688676,0.2743477,0.2713566,0.26811233,0.2655729,0.2652884,0.26825643,0.27403945,0.28123078,0.2893215,0.2970521,0.3040381,0.31105506,0.31894478,0.32743078,0.33438066,0.33861682,0.34079307,0.34168023,0.3421305,0.3423556,0.342536,0.34200695,0.34113955,0.33998612,0.338942,0.33823794,0.33817318,0.33903843,0.34103978,0.34424043,0.34766605,0.3509716,0.35383588,0.35596067,0.35771528,0.36024326,0.36515525,0.3709809,0.37693283,0.38352516,0.3898852,0.39625803,0.40200517,0.40610614,0.4079318,0.40812078,0.40577266,0.40135366,0.3960636,0.39129326,0.38614425,0.3842951,0.38614702,0.38764638,0.38820374,0.386607,0.3832729,0.3813318,0.3816108,0.38283488,0.38346484,0.3837984,0.38389677,0.38335776,0.3820962,0.37972608,0.37652862,0.37306222,0.3704415,0.3694386,0.36804187,0.36277562,0.35602763,0.34973073,0.34452063,0.34115008,0.3388514,0.33889598,0.342512,0.34638742,0.34890905,0.35123622,0.3535749,0.3560566,0.35896304,0.3622101,0.36625507,0.37145838,0.37690586,0.38240403,0.38794333,0.39348614,0.39862567,0.40364742,0.40866983,0.4136624,0.4185341,0.422858,0.42673835,0.4300806,0.43287408,0.4352922,0.43712276,0.43839145,0.438698,0.43862063,0.43869168,0.438467,0.4378711,,,,,,,,,,,,,,,,,,,,,,,,,,,,,,,,,,,,,,,,,,,,,,,,,,,,,,,,,,,0.4935996,0.4913215,0.48592648,0.47699082,0.45881674,0.4314348,0.40049258,0.37834597,0.35299274,0.3372602,0.32202283,0.31181175,0.30955312,0.31124365,0.31739363,0.32871813,0.34519675,0.366461,0.39001998,0.41331473,0.4355766,0.45640957,0.47457376,0.4902425,0.5057757,0.52345395,0.5413231,0.55384886,0.5631728,0.5703836,0.5743832,0.57667506,0.57886106,0.58084494,0.5826944,0.58378816,0.58358604,0.58188236,0.5789988,0.5754861,0.5705346,0.5640455,0.55666554,0.54929936,0.54096144,0.53152394,0.5220299,0.5129417,0.503734,0.4942424,0.4848484,0.47571653,0.46714512,0.45917794,0.4521819,0.44642445,0.44166306,0.4376328,0.4340381,0.43052876,0.42684138,0.42263287,0.4177743,0.4124451,0.40723443,0.4027526,0.3994057,0.39709112,0.39546856,0.39444667,0.39404172,0.3942543,0.3950109,0.39625216,0.3979813,0.4002867,0.40330163,0.40745687,0.41419837,0.42320916,0.43209267,0.44023988,0.44844365,0.4571362,0.46663684,0.47646296,0.486251,0.49548718,0.50380707,0.5110959,0.51735,0.52242744,0.52648693,0.5297487,0.5322519,0.53386354,0.53474104,0.5352027,0.5355229,0.5356102,0.53559864,0.53549314,0.5351416,0.534861,0.53470385,0.53379077,0.53177094,0.5293832,0.5279886,0.5267217,0.523681,0.5206734,0.51715124,0.5136135,0.5101304,0.50746495,0.5059839,0.5062627,0.50876033,0.5128381,0.5172968,0.52150327,0.52496594,0.52742165,0.52887464,0.52930987,0.52876526,0.5273378,0.5250581,0.52189386,0.5180231
12.166672,0.09690725,0.101465486,0.10738569,0.11397443,0.12114199,0.1291483,0.13855474,0.1490877,0.16185486,0.17733577,0.19303711,0.20824169,0.22113019,0.23043407,0.23784652,0.24671432,0.25495845,0.25941044,0.25993538,0.25576478,0.24805427,0.23858964,0.23036179,0.22613303,0.22636557,0.23066741,0.2371649,0.24238841,0.24503648,0.25008953,0.25593963,0.25746748,0.25644812,0.25637516,0.257444,0.26102665,0.26577708,0.27166545,0.27858192,0.28455293,0.28894645,0.2938408,0.29931647,0.30226862,0.30372617,0.3058142,0.3087088,0.31137028,0.31482905,0.31927395,0.32422152,0.32913777,0.33321282,0.33520278,0.33674222,0.3370574,0.33613437,0.3354593,0.3363252,0.3376662,0.33957535,0.34108335,0.34285328,0.34348914,0.34480286,0.34643653,0.3475893,0.34922984,0.3520693,0.35408318,0.3546309,0.35330433,0.35262665,0.35216522,0.35156712,0.34990963,0.34849253,0.3441385,0.3404199,0.34033805,0.34082812,0.34194311,0.34433573,0.3472455,0.34995934,0.35226598,0.35408556,0.3553307,0.3561436,0.356792,0.35767275,0.3586346,0.35948256,0.36023617,0.3609814,0.36165395,0.36225513,0.36280495,0.3632791,0.3636374,0.3639038,0.36410028,0.36420682,0.36420378,0.36406276,0.36375493,0.36331233,0.36271232,0.36201423,0.36126682,0.3604667,0.35959825,0.35862434,0.35761374,0.35662827,0.3556888,0.35481927,0.35400686,0.35322845,0.3525739,0.3520451,0.351626,0.35127994,0.3510271,0.35089672,0.3507965,0.35062614,0.35028112,0.34970665,0.34882513,0.34764662,0.34618488,0.34454033,0.34267208,0.34061232,0.3384583,0.33646747,0.33529875,0.3356548,0.3390885,0.3441324,0.34902138,0.35342944,0.3569753,0.3602781,0.3628158,0.36474043,0.3661016,0.36633885,0.36595234,0.36516565,0.36415982,0.36293644,0.36131075,0.35904944,0.35599604,0.35177127,0.34641328,0.33995473,0.33252937,0.32407755,0.3143295,0.30338717,0.29221085,0.2816785,0.27290815,0.2673113,0.26472798,0.26371503,0.2646999,0.26590607,0.26742974,0.2699835,0.27381182,0.278653,0.28386742,0.2889147,0.29321995,0.29696143,0.30050948,0.30396825,0.3071034,0.30981237,0.3119637,0.31331587,0.31387424,0.3135964,0.31246272,0.31045467,0.3075137,0.30379495,0.29980275,0.29574046,0.29135704,0.28660887,0.28189093,0.27784172,0.27501765,0.27418023,0.27566472,0.27965105,0.2867514,0.29645735,0.3064346,0.31452215,0.32003132,0.32271647,0.32334548,0.32214177,0.31957993,0.31609717,0.3118927,0.3071799,0.302611,0.29880747,0.29511508,0.2914342,0.28775162,0.2838527,0.28015146,0.27717116,0.2743415,0.2709184,0.26724786,0.26442733,0.26394376,0.26695886,0.27254334,0.27972943,0.28782716,0.29568598,0.30260077,0.3092351,0.31637868,0.32421976,0.33128247,0.33630928,0.3391169,0.34042433,0.340451,0.34008378,0.3396635,0.3394076,0.33875376,0.33793652,0.3374585,0.33754113,0.3384431,0.3403041,0.34301034,0.34570146,0.34838188,0.3511799,0.3538455,0.35572177,0.3572088,0.35991362,0.36488342,0.37003672,0.37610862,0.38252696,0.3890781,0.39591578,0.4021709,0.4069996,0.4095186,0.40990058,0.4085121,0.4052791,0.40025645,0.39402565,0.38858038,0.3882631,0.3892393,0.3905805,0.391149,0.38966352,0.38512373,0.37991628,0.37759036,0.37848848,0.37911198,0.37922794,0.37935463,0.37885812,0.37763244,0.37588137,0.37388092,0.37186542,0.37016863,0.3696626,0.3681382,0.36312464,0.35610953,0.3496464,0.34402105,0.33952752,0.33586052,0.33481336,0.338269,0.3429708,0.34648612,0.34931147,0.35189316,0.354368,0.35694686,0.35996363,0.36419374,0.3696355,0.37492183,0.3796414,0.38443807,0.38947755,0.39423347,0.39876008,0.4032255,0.40782207,0.41253403,0.41709453,0.4215294,0.42559353,0.42912978,0.43234912,0.4349253,0.43710676,0.43842337,0.43882477,0.4388358,0.43851444,0.43766254,0.43731824,,,,,,,,,,,,,,,,,,,,,,,,,,,,,,,,,,,,,,,,,,,,,,,,,,,,,,,,,,0.4921735,0.48805445,0.48049942,0.4711846,0.4522527,0.4242861,0.39457488,0.37230343,0.34789076,0.33099344,0.3158695,0.3060499,0.30357993,0.30447963,0.3093948,0.3192437,0.33430597,0.35486105,0.37885654,0.40322393,0.42644587,0.44814762,0.46736443,0.48381144,0.49925938,0.5158865,0.53446424,0.54796886,0.55782,0.56515276,0.56906587,0.5706863,0.57211643,0.57320774,0.57427514,0.57468385,0.574032,0.5719764,0.5686295,0.5649874,0.560655,0.55467904,0.54717314,0.53928524,0.531297,0.5222949,0.5128713,0.5036199,0.49419096,0.48461834,0.47523656,0.4658921,0.4572869,0.4495298,0.4429794,0.43757758,0.43300816,0.42896345,0.42525402,0.42163992,0.41794974,0.414024,0.4098911,0.40557295,0.40137455,0.3978489,0.39524004,0.3935826,0.39265338,0.39232165,0.39251617,0.39326707,0.39451608,0.39624265,0.39838746,0.4009802,0.40405527,0.40795365,0.4145684,0.42392057,0.43289793,0.4410994,0.44934568,0.45818034,0.46762595,0.4776695,0.48781532,0.49747258,0.50626796,0.51383036,0.52006316,0.5251279,0.52917945,0.5324625,0.5349865,0.5365473,0.53736216,0.5380335,0.53833926,0.53820616,0.5378138,0.53710824,0.53626525,0.5358884,0.53592235,0.5354382,0.5339026,0.5311522,0.5280419,0.52588046,0.52310693,0.51963943,0.51578265,0.51216656,0.5089077,0.5065774,0.5059496,0.50774074,0.51189923,0.51710624,0.52220774,0.5267432,0.530457,0.5332242,0.5350294,0.53582513,0.5357318,0.5348493,0.53316313,0.53060997,0.52718997
12.083336,0.100648455,0.10581019,0.112432234,0.11987664,0.12781468,0.1366405,0.14661899,0.15740028,0.16997442,0.18473254,0.1992856,0.21301404,0.2242317,0.23201522,0.23863232,0.24694888,0.2539265,0.25692353,0.25704402,0.25421378,0.24697302,0.23773599,0.22906137,0.22356349,0.22163847,0.22205004,0.22295047,0.22392249,0.22427179,0.22659461,0.23148169,0.23410784,0.2332614,0.23348096,0.23420987,0.23235142,0.22906044,0.23637454,0.24827303,0.26012188,0.27400342,0.28292245,0.2881872,0.29176882,0.29821584,0.30126762,0.30563143,0.30929366,0.31385314,0.31925562,0.3250895,0.33137912,0.33710688,0.34019467,0.3408464,0.34150854,0.34169737,0.34252027,0.34300977,0.34315357,0.34381226,0.34461972,0.3458036,0.34672186,0.34718072,0.3472212,0.34655052,0.34893027,0.35212934,0.3533043,0.3536154,0.35269,0.35123736,0.34882027,0.34748077,0.34682706,0.3458361,0.33982268,0.33808744,0.3384223,0.33837923,0.33950353,0.34160993,0.3439211,0.34602508,0.34786984,0.34925267,0.35024303,0.3509872,0.35175994,0.35270017,0.35354245,0.35426214,0.3549951,0.35571128,0.35632744,0.35692474,0.3574459,0.35793096,0.358411,0.3588981,0.35936972,0.35978183,0.3600925,0.36022773,0.36018378,0.36000305,0.35967144,0.35920873,0.35858676,0.35792303,0.35726115,0.3565463,0.35588095,0.35523927,0.35461685,0.3538832,0.3530803,0.35231432,0.35167584,0.35117334,0.35064498,0.35009518,0.34965175,0.34941712,0.3493154,0.34919256,0.3488811,0.3482682,0.34731102,0.34604013,0.34449324,0.3427949,0.34095675,0.339033,0.3372934,0.33594912,0.33581004,0.3379778,0.34261134,0.3471375,0.35105002,0.3545583,0.35751325,0.35999113,0.3618247,0.36310148,0.36375833,0.363646,0.36308673,0.36220723,0.36111906,0.35972977,0.35803515,0.35595173,0.35327533,0.34943628,0.34435895,0.33806697,0.33073097,0.32229462,0.3127426,0.3021743,0.29115906,0.28076664,0.27228555,0.2669177,0.2644826,0.26320517,0.2634712,0.2643159,0.26605108,0.26938435,0.27430004,0.28016067,0.28622714,0.29204705,0.2965982,0.299878,0.30298463,0.3063278,0.30974007,0.31278232,0.31516635,0.31670448,0.31746674,0.31743953,0.31662452,0.31506544,0.31270126,0.30957744,0.3059524,0.30208734,0.29811344,0.2938943,0.28942764,0.28516433,0.2815659,0.27955315,0.27986696,0.2826135,0.288299,0.2966819,0.30566287,0.31345478,0.31920543,0.3223118,0.3232923,0.32261464,0.3203718,0.31689993,0.3128758,0.30851004,0.30440682,0.3005809,0.2965564,0.2925553,0.2885106,0.2843825,0.28059655,0.27758512,0.2744869,0.27067924,0.2666427,0.26359499,0.26301885,0.26617956,0.2715286,0.27849308,0.28652328,0.29445198,0.30142298,0.30794528,0.3144589,0.32120067,0.32802227,0.33351094,0.33705506,0.33913246,0.33974317,0.33935013,0.33843228,0.33765328,0.33730686,0.3372451,0.33765996,0.3387335,0.34038103,0.3424128,0.34422535,0.34587,0.34823215,0.35075343,0.3528379,0.35432675,0.35576713,0.35873023,0.36334735,0.3682899,0.3742849,0.38068262,0.38768253,0.39484712,0.40145165,0.40707958,0.41067237,0.41123068,0.4090228,0.40550005,0.3997682,0.39259127,0.38843858,0.388401,0.39004654,0.3915812,0.39227384,0.3915861,0.38790932,0.38206315,0.37764633,0.37583616,0.37525526,0.3753965,0.3753935,0.37548083,0.37472922,0.37333375,0.37261865,0.3729549,0.37173492,0.37014887,0.36768004,0.36301404,0.35636955,0.3497465,0.34362215,0.33798453,0.33282804,0.33043903,0.3331621,0.3383268,0.3429339,0.34623632,0.349027,0.35133812,0.35348943,0.35646957,0.36103722,0.36702418,0.3726067,0.37687814,0.3809566,0.38539425,0.38984114,0.39412287,0.3983042,0.4025114,0.40684602,0.41131854,0.41587982,0.42022443,0.42414582,0.42783174,0.4311425,0.43405202,0.43672884,0.43803924,0.43849704,0.43837893,0.43758175,0.43673003,,,,,,,,,,,,,,,,,,,,,,,,,,,,,,,,,,,,,,,,,,,,,,,,,,,,,,,,,0.4923585,0.489667,0.48449033,0.47775993,0.4672693,0.44734806,0.41850147,0.39002138,0.3668738,0.34368533,0.32566476,0.31071842,0.30096886,0.29868656,0.2990468,0.30299357,0.31126687,0.32466638,0.34388518,0.36774302,0.39306366,0.41725814,0.43977055,0.45999718,0.47727358,0.49292204,0.50856066,0.52691436,0.5418425,0.5524559,0.5597312,0.56374836,0.565008,0.5657626,0.56583095,0.5663356,0.56634295,0.5655655,0.5635376,0.55982655,0.5555755,0.55108565,0.54579866,0.53855085,0.53029734,0.5221354,0.5136007,0.50446063,0.49516565,0.48558253,0.4760614,0.46659365,0.45726177,0.44865945,0.44118145,0.43500152,0.42987433,0.42546505,0.42151704,0.41792327,0.4144337,0.41091046,0.40726563,0.4035951,0.4001795,0.39723426,0.39479148,0.39315483,0.39225692,0.39194897,0.3921199,0.3926787,0.3936871,0.39517,0.3971147,0.39940792,0.4021111,0.40507153,0.40858784,0.41543275,0.42529726,0.43405598,0.4424228,0.45067498,0.4596187,0.46925172,0.47955963,0.48983455,0.49966758,0.50869316,0.5164039,0.52253073,0.52734584,0.5312288,0.53432804,0.53676957,0.5383147,0.53959054,0.5403627,0.5404407,0.5400351,0.5393377,0.53820324,0.5372448,0.53685164,0.5368868,0.5367467,0.5356676,0.53347903,0.52988344,0.5258611,0.52251023,0.51895005,0.5152237,0.5117786,0.5091404,0.50807744,0.50917083,0.5127194,0.5178844,0.5232567,0.52822715,0.5325137,0.53605574,0.53880966,0.5407297,0.5417251,0.54190814,0.5413796,0.5401223,0.5381253,0.53538775
12.0,0.10613213,0.112119034,0.119402446,0.12759286,0.1362867,0.14563648,0.15580721,0.16668223,0.17919688,0.19292642,0.20613432,0.21816613,0.22750323,0.23355663,0.23954695,0.24667183,0.25218502,0.25419682,0.25485706,0.25277135,0.24680857,0.2392498,0.23120566,0.2252532,0.22276692,0.22217318,0.2211759,0.21815646,0.21240057,0.2091577,0.21052317,0.21416435,0.21388334,0.21131732,0.21192704,0.21273072,0.20764905,0.20099092,0.21547113,0.25248635,0.26755267,0.27016386,0.2721501,0.2765425,0.28813308,0.29601443,0.30155915,0.30719155,0.31259272,0.3184906,0.3249741,0.3319483,0.33827803,0.34285,0.34471688,0.34522212,0.3453617,0.34592086,0.346402,0.34658748,0.34694773,0.34737232,0.34812322,0.34848318,0.3481957,0.34701738,0.34630406,0.34888068,0.3516491,0.3517361,0.35202637,0.35054606,0.34838933,0.34618846,0.34509802,0.34555075,0.34059674,0.3366921,0.3364893,0.3357125,0.33545837,0.33632383,0.33825096,0.34032804,0.34217876,0.3437983,0.3449916,0.34576735,0.34635258,0.34721926,0.34833696,0.34918785,0.34974518,0.35031357,0.3509721,0.35160857,0.35217902,0.35264426,0.35307607,0.35358006,0.35414708,0.3547242,0.35528994,0.3557767,0.35610634,0.3562496,0.3562251,0.35607117,0.35576677,0.35531026,0.35478646,0.35422897,0.3536841,0.35326394,0.35293102,0.35247484,0.35176185,0.35093358,0.35015038,0.34940332,0.3485687,0.34767348,0.34712103,0.34685367,0.3468658,0.34698108,0.3469796,0.34682357,0.34627816,0.34533733,0.3441201,0.34270182,0.34110618,0.33947486,0.33794835,0.33674914,0.33642098,0.3377864,0.34153673,0.34581915,0.34933594,0.35242012,0.35521674,0.357557,0.35924378,0.36039346,0.3611323,0.3611848,0.36074436,0.3599681,0.35894874,0.3576718,0.3560802,0.35429254,0.3523279,0.34992498,0.3464345,0.34165224,0.3356341,0.3284944,0.32026657,0.31085977,0.30063373,0.28983545,0.27967694,0.27228865,0.26718614,0.2645731,0.26279327,0.2629914,0.26352292,0.26572597,0.2701504,0.27597058,0.28267682,0.2895269,0.29592875,0.30089748,0.30394086,0.3062488,0.309079,0.312548,0.31570715,0.31815144,0.3196261,0.32040372,0.3204195,0.31982893,0.31853136,0.31653795,0.31398427,0.3109093,0.30748653,0.30393448,0.30026028,0.2962832,0.29230383,0.2886437,0.28612608,0.28541484,0.28679243,0.29093644,0.297698,0.30553618,0.31263548,0.31838033,0.32182446,0.32324907,0.32286474,0.3211436,0.3181699,0.31442067,0.31038138,0.30635577,0.3021914,0.297931,0.29360124,0.28933382,0.28499362,0.28116164,0.2780923,0.27474067,0.2705828,0.26628485,0.2631225,0.26263326,0.26596364,0.27112544,0.2777614,0.28556964,0.29344383,0.30040288,0.30690035,0.3132096,0.31907713,0.3249082,0.33023125,0.3344312,0.33708453,0.33871266,0.33910474,0.3388578,0.33840454,0.33838108,0.3388579,0.33975282,0.3410095,0.34228078,0.3431807,0.34391198,0.34541264,0.34769082,0.34926033,0.3505265,0.35172483,0.35334507,0.35659266,0.36071703,0.36568806,0.3715446,0.37825936,0.38562685,0.3928899,0.39988646,0.406364,0.41136882,0.41355243,0.41036618,0.40212673,0.39508536,0.39017716,0.3871769,0.38755795,0.38958853,0.3912312,0.39225554,0.39248785,0.39070073,0.3865991,0.382474,0.37908444,0.37699485,0.37622976,0.37562197,0.374577,0.37300494,0.37129334,0.3716549,0.37390956,0.3741873,0.37215072,0.36805734,0.36295426,0.35668725,0.3497146,0.3432947,0.33702746,0.330732,0.32675377,0.32783237,0.33287874,0.3387549,0.34280032,0.3456863,0.34754503,0.3491611,0.3518827,0.3567292,0.3634705,0.36988044,0.37420207,0.37775117,0.38148114,0.38558918,0.38974145,0.39380392,0.39766294,0.40147367,0.40548363,0.4097627,0.41403738,0.41815296,0.42203498,0.42579937,0.42956868,0.4331524,0.43547198,0.43666607,0.43700844,0.43659234,0.4354237,0.43446586,,,,,,,,,,,,,,,,,,,,,,,,,,,,,,,,,,,,,,,,,,,,,,,,,,,,,,,0.49436483,0.49166825,0.4876685,0.4819734,0.4744522,0.4622303,0.44237834,0.41250086,0.38515714,0.36238083,0.34032524,0.32180914,0.30526596,0.29715672,0.2949948,0.2945803,0.2979638,0.3050758,0.31668672,0.3341776,0.35737768,0.38326463,0.40840665,0.43168464,0.45284483,0.4711415,0.48676282,0.5017322,0.51920485,0.53536063,0.546828,0.5541956,0.55842555,0.5595096,0.5597224,0.5589381,0.55854344,0.55823493,0.5573685,0.5555288,0.55214584,0.54738605,0.5420236,0.5365984,0.53031546,0.52252805,0.51397145,0.50538355,0.49660984,0.48750898,0.47835523,0.4688304,0.45911834,0.44981343,0.44144636,0.43419385,0.42834732,0.4235335,0.41941172,0.4158655,0.4126701,0.40955773,0.40650353,0.40326768,0.4002591,0.39759862,0.3953891,0.39377102,0.39281645,0.39241117,0.3925133,0.3929887,0.3937503,0.3948923,0.3964296,0.39837742,0.4006853,0.40346664,0.40638512,0.40998316,0.41779298,0.4274789,0.43626708,0.44469225,0.45296022,0.46203426,0.47190356,0.48215234,0.49221933,0.5018926,0.5106811,0.5181995,0.5243092,0.52913254,0.53283983,0.5357233,0.53789395,0.5396081,0.54090124,0.54154235,0.54146487,0.5408294,0.5400001,0.5389008,0.53820366,0.5377388,0.53757155,0.53752625,0.5369053,0.5350573,0.5322901,0.5283953,0.52416897,0.5203051,0.5166679,0.5139159,0.51260525,0.5132647,0.51589715,0.5202823,0.5252361,0.52993643,0.53415513,0.53788096,0.5411428,0.5438698,0.5459069,0.5470989,0.5474409,0.54704404,0.5459411,0.5442304,0.54197013
11.916672,0.11458418,0.12120296,0.12879482,0.1372333,0.14644489,0.15630046,0.16630524,0.17748773,0.18960547,0.20192277,0.21354665,0.22353816,0.23070562,0.2350105,0.23988031,0.2454472,0.24973482,0.25147736,0.25215015,0.25042063,0.24604903,0.2404229,0.23397058,0.22864299,0.22545373,0.2235805,0.22172713,0.2187628,0.21411906,0.2094858,0.2062087,0.20455703,0.20214604,0.1984949,0.1961651,0.193711,,,,,0.26032284,0.26167062,0.26036945,0.26179364,0.27594426,0.28998697,0.29838538,0.30543473,0.31211287,0.31843054,0.3253251,0.33205697,0.33761784,0.34159392,0.34429082,0.34597388,0.34691265,0.34775364,0.34835637,0.34884623,0.3491037,0.34850883,0.34840643,0.34824392,0.34836966,0.34767953,0.34776127,0.34866354,0.34907472,0.3483403,0.34754473,0.34679785,0.3449916,0.34394357,0.34119183,0.33953923,0.33574173,0.33452585,0.33379936,0.33238462,0.3319151,0.3325621,0.33425027,0.33630544,0.338298,0.3400239,0.3412605,0.3420406,0.3426716,0.34348583,0.3443705,0.34509042,0.34566125,0.34609076,0.34656107,0.34716824,0.3477473,0.34818286,0.3485353,0.3490009,0.3495482,0.35012433,0.3506924,0.35117894,0.35151923,0.3517175,0.3518213,0.3519483,0.35199928,0.35184175,0.35157767,0.35125163,0.35078502,0.35041487,0.34994403,0.349223,0.34814632,0.34701556,0.34589913,0.3447404,0.34386808,0.34347203,0.34363294,0.34406957,0.34452146,0.3449152,0.34515017,0.3450973,0.3446291,0.34379244,0.34268972,0.34139696,0.34004632,0.33876622,0.33783302,0.33756036,0.3384806,0.34115338,0.3450913,0.34824172,0.35076714,0.35321242,0.35541713,0.35698092,0.3581111,0.35869694,0.35873082,0.35837463,0.3576572,0.3567012,0.3554794,0.35390916,0.35216296,0.3503968,0.34852692,0.34630817,0.3430609,0.33843702,0.33259898,0.32572538,0.31779775,0.30874687,0.2988317,0.2883551,0.2788701,0.27263376,0.26794893,0.26452613,0.26300696,0.26281387,0.26359773,0.2666196,0.27209643,0.27870244,0.28616685,0.29354325,0.30010587,0.30523738,0.30830666,0.30992895,0.31196165,0.3151942,0.31827843,0.32058504,0.32179797,0.32239598,0.32242557,0.3219806,0.32084298,0.31918788,0.31706664,0.31447932,0.3115063,0.30840713,0.3052607,0.30197167,0.2985196,0.29514152,0.29248917,0.2909892,0.2911887,0.29391193,0.2992281,0.3057571,0.31199583,0.31751487,0.32124683,0.3229737,0.3230223,0.32157898,0.31910768,0.31570956,0.31186357,0.30784357,0.30351317,0.29903358,0.2945481,0.29002047,0.2856238,0.28187594,0.27862757,0.27489468,0.2704703,0.26606554,0.26299813,0.26290336,0.2664695,0.27144754,0.27757332,0.28499398,0.2927661,0.29961616,0.30614007,0.31240362,0.31777403,0.32256028,0.32713407,0.3313297,0.33442435,0.33663806,0.33801013,0.33860475,0.33889025,0.33934247,0.34007788,0.3409121,0.34157625,0.3420934,0.34262875,0.34347758,0.34517905,0.3465994,0.34688422,0.34718186,0.34827363,0.35021812,0.35359392,0.3576842,0.36251023,0.36827967,0.3754514,0.38276324,0.39026812,0.39780444,0.40482035,0.41086945,0.4149123,0.4150757,0.40560514,0.39290506,0.3876689,0.38654575,0.38725293,0.3888356,0.38993195,0.39106104,0.39227694,0.39221781,0.39051977,0.38806942,0.38578784,0.3842368,0.38315815,0.38233066,0.38077214,0.37811452,0.3747815,0.3734932,0.37528545,0.37610412,0.37415445,0.3691021,0.36305207,0.35736835,0.3506642,0.3433315,0.33639473,0.32957944,0.3243597,0.323433,0.32764277,0.33450568,0.33951795,0.34230503,0.3437557,0.34460524,0.3466405,0.3514517,0.35887495,0.36640307,0.37142712,0.37499973,0.37817395,0.3817306,0.38568214,0.38971815,0.39344788,0.39684963,0.40035248,0.4041468,0.40811658,0.41201764,0.41580307,0.41961637,0.42379433,0.4281936,0.43176547,0.4340775,0.43487695,0.43481624,0.43430087,0.43381685,0.43364334,,,,,,,,,,,,,,,,,,,,,,,,,,,,,,,,,,,,,,,,,,,,,,,,,,,,,,0.49459204,0.4908927,0.48632544,0.48064208,0.47156635,0.45521665,0.43222255,0.40603587,0.38050127,0.35798252,0.33648965,0.3175711,0.3013016,0.29389048,0.2920969,0.29106548,0.29385233,0.3001845,0.3101803,0.32580918,0.34797215,0.374142,0.40010113,0.4239134,0.44604972,0.46536788,0.48122185,0.49563178,0.5122161,0.52874434,0.54108834,0.5485837,0.5531321,0.55441123,0.5542111,0.55304384,0.5515376,0.55057013,0.5494488,0.5475356,0.54459065,0.54007316,0.53437954,0.5280825,0.5217431,0.51473427,0.50667834,0.4981931,0.48955452,0.48066577,0.47161108,0.4623291,0.45284203,0.44378692,0.43555894,0.42861626,0.42313752,0.41873714,0.41515264,0.41203526,0.40909654,0.4062725,0.40349272,0.4006596,0.39812237,0.39601284,0.39434084,0.39327815,0.39281228,0.39288825,0.39337832,0.3941943,0.3952322,0.39655817,0.3981735,0.40012962,0.40255082,0.40548083,0.40854147,0.41295758,0.42173427,0.43053794,0.43911093,0.44742915,0.45582786,0.4648755,0.47483373,0.4849053,0.49478197,0.50399977,0.5123,0.51964575,0.525813,0.53066474,0.5342882,0.53697944,0.5388812,0.54033697,0.54137594,0.54171836,0.54136235,0.5409344,0.54031616,0.53969646,0.5391992,0.5386241,0.53849745,0.5382734,0.53760016,0.53631985,0.53408504,0.53132147,0.52807343,0.52446735,0.5214098,0.5196018,0.51938826,0.52091813,0.5239864,0.5279521,0.5320136,0.53579676,0.5394194,0.5428202,0.54586345,0.54853344,0.5507649,0.5521642,0.55270714,0.5524442,0.5514591,0.54982495,0.54768014
11.833336,0.12637834,0.133407,0.14097439,0.14913154,0.15860632,0.16869427,0.17866065,0.18964167,0.2009122,0.21137524,0.22088414,0.22850287,0.23308277,0.23574533,0.23928359,0.24316864,0.24613515,0.24757463,0.24780889,0.2464335,0.24314785,0.23921022,0.23458812,0.23021433,0.22670458,0.22420831,0.22202384,0.21961468,0.21647513,0.21273886,0.20913634,0.20544139,0.20141228,0.19744727,0.1941241,,,,,,,,,,0.27076507,0.28610417,0.2965652,0.30471116,0.312289,0.31917194,0.32607687,0.33172512,0.335341,0.33805212,0.341002,0.34395006,0.34627268,0.347877,0.3486243,0.34914827,0.34904256,0.34799382,0.3479484,0.34868836,0.3495875,0.3501312,0.35004044,0.34921166,0.3473845,0.34524035,0.34329826,0.34160173,0.33985674,0.33827358,0.3362163,0.33421078,0.3321248,0.33140844,0.33011523,0.32868826,0.3279235,0.32809645,0.32942802,0.33156103,0.33407137,0.3363104,0.33771062,0.33842874,0.33900738,0.33976272,0.3404111,0.34087008,0.34135008,0.34179047,0.3421588,0.34267175,0.34322846,0.34364015,0.34396183,0.34438345,0.34482008,0.34522638,0.34560114,0.34591523,0.34618536,0.3464905,0.3469171,0.34744138,0.34792414,0.3482147,0.3482765,0.34796262,0.34743822,0.3466999,0.34564438,0.34417853,0.34249088,0.34108672,0.33992094,0.33931196,0.33954132,0.34053805,0.34192297,0.34336606,0.34451544,0.34526658,0.34562597,0.34561163,0.34513074,0.3443189,0.3432181,0.34200352,0.34086943,0.33996812,0.33964178,0.3402031,0.34192878,0.34493342,0.34779736,0.34964252,0.35146806,0.35343325,0.35484838,0.35582903,0.3565062,0.35661042,0.35603145,0.3553064,0.35438216,0.35327354,0.35196123,0.35020223,0.34832525,0.34664813,0.34490556,0.34274116,0.33953607,0.33488613,0.3291293,0.32235122,0.31466094,0.3060297,0.29636124,0.28642336,0.27851224,0.27228272,0.26855537,0.265279,0.2636303,0.26339132,0.2647876,0.26884857,0.27511698,0.28263068,0.29063115,0.29815355,0.30451867,0.30927938,0.3122411,0.3134004,0.31466106,0.31741104,0.3203478,0.32243052,0.32334974,0.3236609,0.32361007,0.32321107,0.32209924,0.32069957,0.31885493,0.31672558,0.31425193,0.31161427,0.30893755,0.30631974,0.30346122,0.30048716,0.29780743,0.29563805,0.29498917,0.29668266,0.30091226,0.3061799,0.3114463,0.3165089,0.32031706,0.32225597,0.32266632,0.3216011,0.31944528,0.3163107,0.3126293,0.30868292,0.30432877,0.29978147,0.29518455,0.29058617,0.28637338,0.2826323,0.27902952,0.27492297,0.27032477,0.26606768,0.26325884,0.26407534,0.2677952,0.2724848,0.27797303,0.28487864,0.2923706,0.29898143,0.3053821,0.3116876,0.31714344,0.3216065,0.32526073,0.3286118,0.33168373,0.33405754,0.33586606,0.33696845,0.33785504,0.33869806,0.33963302,0.3404717,0.34120283,0.34198505,0.34277532,0.34377733,0.34496698,0.3449269,0.3440446,0.34353295,0.34450972,0.34694332,0.35059482,0.35450703,0.3589931,0.36486065,0.37208337,0.3792763,0.38717988,0.39506447,0.40257603,0.40950224,0.41474882,0.41670105,0.41264743,0.4035298,0.39538988,0.39045087,0.38894114,0.38919097,0.38928768,0.38991588,0.39102244,0.392087,0.39198208,0.3913462,0.39075184,0.39043114,0.39004388,0.38952905,0.3881314,0.38592553,0.3828748,0.3805243,0.37943873,0.37753847,0.37580484,0.37103075,0.36379635,0.35792014,0.35199252,0.3450161,0.33752027,0.33022842,0.32455015,0.32229975,0.32465687,0.3309553,0.33664355,0.33945137,0.3404888,0.34062442,0.3416481,0.3456557,0.3531687,0.3619711,0.36814147,0.3723246,0.3755829,0.37862656,0.38209462,0.3858972,0.38973227,0.39336878,0.39685354,0.40026605,0.40367824,0.40708575,0.41046488,0.4139416,0.41791898,0.42279983,0.42723513,0.4310429,0.43321678,0.43388176,0.4340926,0.43397558,0.43385032,0.43385535,,,,,,,,,,,,,,,,,,,,,,,,,,,,,,,,,,,,,,,,,,,,,,,,,,,,,0.4948451,0.49053553,0.48554474,0.47894824,0.46857756,0.44911912,0.42276666,0.399924,0.37599152,0.3532667,0.33170027,0.31318638,0.29761806,0.29178786,0.28912252,0.28818354,0.29023305,0.29615477,0.30503747,0.31913048,0.33998293,0.36597493,0.39249152,0.41687062,0.43991932,0.4602983,0.47632495,0.49021456,0.50595355,0.5227645,0.53555876,0.5429235,0.5479335,0.54950786,0.54917884,0.5480533,0.5457513,0.5438254,0.542013,0.5399395,0.53707135,0.53281933,0.5274811,0.5208768,0.51383156,0.5068962,0.49952853,0.49161762,0.48313096,0.4744723,0.46561518,0.45680743,0.44785088,0.4390698,0.4311309,0.42460734,0.4194963,0.41555652,0.41235107,0.40947384,0.40650883,0.4033836,0.40019402,0.3975199,0.3955262,0.3941739,0.3933751,0.39316118,0.3934939,0.39430928,0.39546362,0.39681536,0.39820558,0.39969093,0.40136522,0.40334833,0.40575927,0.40873712,0.41169903,0.41709176,0.42611778,0.4343087,0.44277933,0.4510465,0.4594311,0.4683697,0.47818494,0.48838252,0.4979491,0.50658697,0.5143748,0.521283,0.5271228,0.53176796,0.53532404,0.5378856,0.539581,0.54075694,0.54140174,0.54148257,0.5416341,0.5414626,0.5410908,0.54071873,0.5402258,0.53979665,0.5395008,0.53895116,0.5382544,0.53733534,0.5357759,0.5337615,0.53150594,0.52911156,0.5271983,0.5263097,0.52685535,0.5287084,0.53145105,0.53453124,0.53746957,0.5404367,0.54348963,0.54654086,0.5494366,0.5520768,0.554387,0.55610085,0.5570281,0.5571387,0.55654114,0.555143,0.5530975
11.75,0.14107953,0.14810492,0.15539315,0.16354662,0.1728194,0.18278389,0.19257957,0.20263064,0.2120605,0.22006713,0.22718857,0.23228833,0.23440352,0.23548521,0.23735528,0.23939092,0.24115048,0.24234483,0.24210894,0.24097434,0.23869532,0.23530082,0.23158036,0.22793113,0.22414431,0.22143297,0.21966802,0.21832481,0.21630089,0.21323091,0.2091288,0.2046082,0.200465,0.19738126,0.19500344,,,,,,,,,0.26777056,0.27347186,0.28694052,0.29755178,0.305484,0.31301567,0.3204638,0.32682696,0.33065692,0.33163935,0.33253542,0.33596897,0.34076756,0.34384036,0.345671,0.34675986,0.34773022,0.3480329,0.34809324,0.34956706,0.35124928,0.35211873,0.35211453,0.3507806,0.3483542,0.34582013,0.34256557,0.33982864,0.33705115,0.33451858,0.33258435,0.33084407,0.32939684,0.3283216,0.32740766,0.32622465,0.3247235,0.32341734,0.32294777,0.3237537,0.32599288,0.32916555,0.33193913,0.3334676,0.33408967,0.33442798,0.3349636,0.3354651,0.33582047,0.33625802,0.3366743,0.33709496,0.33769917,0.33834383,0.33879557,0.33912987,0.33947134,0.3397103,0.3397976,0.33980492,0.33984098,0.34003213,0.34052894,0.34135684,0.3424128,0.34344485,0.34419078,0.3443123,0.34381643,0.34279317,0.34132797,0.339356,0.33719742,0.33533978,0.33431393,0.33435935,0.335465,0.33730945,0.33940342,0.34163782,0.34360722,0.34515336,0.3461594,0.34675655,0.34697264,0.346694,0.34605196,0.3451166,0.34410334,0.34322044,0.3426466,0.3426508,0.34348792,0.345435,0.34779292,0.34881714,0.35008985,0.3514971,0.35266268,0.35366,0.35421488,0.354459,0.354109,0.35326356,0.35219905,0.3510051,0.34986472,0.3484469,0.3465771,0.34483823,0.3433261,0.34165525,0.3393406,0.33597043,0.3312325,0.32530195,0.31871852,0.31121105,0.30273938,0.29360163,0.28478032,0.27813438,0.2728351,0.2690333,0.26603973,0.26485127,0.26487482,0.26721564,0.2722769,0.2792771,0.28744462,0.29553473,0.30294794,0.30891094,0.31311232,0.3155908,0.31631634,0.31708762,0.31932107,0.32206237,0.32391953,0.3245728,0.32456502,0.3242946,0.32373965,0.3226071,0.3212618,0.31966332,0.31790882,0.315915,0.31373617,0.3115801,0.3094242,0.30707216,0.30442858,0.30165783,0.2992139,0.29811072,0.29906088,0.30238384,0.30658096,0.31089866,0.31525153,0.31884128,0.3208827,0.321529,0.32088783,0.31913403,0.31649262,0.31303316,0.3092081,0.3049601,0.30041483,0.29582873,0.29141763,0.28732598,0.28341666,0.27938762,0.27486828,0.2702394,0.26625362,0.2643205,0.2661604,0.2699404,0.27419415,0.27896094,0.28515995,0.29222172,0.29852808,0.30459604,0.3108324,0.31646803,0.32117137,0.32493412,0.3279421,0.33042106,0.33270335,0.33452368,0.33627915,0.3377511,0.3391705,0.34054348,0.34159973,0.3424236,0.34315032,0.34383482,0.3444494,0.34451294,0.34322822,0.34103322,0.3396902,0.3408678,0.34399185,0.34741533,0.35127813,0.35550272,0.36144376,0.36839142,0.37547934,0.38342893,0.3916534,0.39985612,0.4076356,0.41350815,0.41713777,0.41711965,0.41248998,0.40698993,0.40162858,0.39570326,0.39189848,0.3902499,0.38941225,0.38953757,0.39059505,0.39102617,0.3915279,0.39244398,0.39372373,0.39488012,0.39540708,0.39483228,0.39331234,0.39065647,0.38798875,0.38527927,0.38204733,0.37879124,0.37398246,0.3657738,0.35866413,0.352606,0.34530598,0.33864662,0.3318716,0.32653785,0.32590404,0.32553577,0.32976875,0.3346076,0.337647,0.3385444,0.33801103,0.33771953,0.34023044,0.34722465,0.3570643,0.36435598,0.36907285,0.37282622,0.3758781,0.37898362,0.38244262,0.38637525,0.39049184,0.39454204,0.3982251,0.4013768,0.4040838,0.4068359,0.40964562,0.41286284,0.41708273,0.42159557,0.42599818,0.43017203,0.4327354,0.433891,0.4342569,0.43434846,0.43419963,0.4342835,,,,,,,,,,,,,,,,,,,,,,,,,,,,,,,,,,,,,,,,,,,,,,,,,,,,0.4944026,0.49069685,0.485716,0.477798,0.46508357,0.44469303,0.41767904,0.3944555,0.37136325,0.34800354,0.3266041,0.3089359,0.2950618,0.29037434,0.2866965,0.28568566,0.28723064,0.29278633,0.30104408,0.31371015,0.33320308,0.358438,0.3853431,0.41056758,0.4343981,0.4556875,0.47229818,0.4856036,0.5006682,0.51668835,0.5298334,0.53763074,0.54282814,0.5448937,0.54449004,0.5435434,0.54111075,0.5383571,0.5355839,0.53293175,0.53000176,0.5257829,0.5206374,0.5145482,0.50753224,0.50022787,0.4928874,0.4854281,0.4775847,0.4693903,0.4609585,0.4524386,0.44397354,0.43565032,0.42810905,0.4219491,0.41721946,0.41340822,0.4102493,0.40700865,0.40346465,0.39946875,0.39625344,0.39413586,0.39312488,0.39294234,0.39339566,0.39433172,0.39573506,0.397561,0.3996794,0.40175763,0.4035835,0.40524063,0.40685058,0.4085397,0.41058376,0.4132059,0.41581777,0.42247143,0.4306181,0.43845618,0.44689563,0.45500427,0.46319205,0.4722338,0.48214075,0.49243692,0.5013988,0.5093211,0.51652056,0.5228354,0.5281044,0.53243107,0.5358934,0.5383578,0.54002213,0.5410503,0.54171896,0.54246813,0.5425249,0.5421954,0.5419183,0.5416238,0.5411915,0.54084194,0.5403622,0.5396272,0.5390207,0.5383537,0.5373966,0.53618,0.53471243,0.5334116,0.5325756,0.5325564,0.5333236,0.5348355,0.53671753,0.5386723,0.54064333,0.54292965,0.5454112,0.54827887,0.5512141,0.55400646,0.55654514,0.5586141,0.56007254,0.5607072,0.5606303,0.5597123,0.5578835
11.666672,0.15738197,0.16406181,0.17114364,0.17945836,0.18825735,0.19728509,0.20609988,0.21435495,0.2210955,0.22670896,0.23151837,0.23396765,0.23391369,0.23386343,0.23412491,0.23420513,0.2349093,0.23569328,0.23507121,0.23340103,0.23088738,0.22766358,0.2235122,0.21915406,0.21579377,0.21401784,0.21311177,0.21266662,0.21149813,0.20883262,0.2046537,0.20024551,0.19747166,0.19679396,,,,,,,,,,0.2735633,0.2794773,0.2897014,0.29933122,0.30722162,0.31439802,0.32150587,0.3270499,0.32988292,0.3285985,0.3276198,0.33175004,0.3376027,0.34102085,0.34342188,0.34558928,0.34744617,0.34915665,0.35097304,0.3530317,0.35418287,0.35425955,0.3529936,0.35089353,0.3476089,0.34406832,0.34024146,0.33678547,0.333568,0.33046448,0.32790157,0.32603666,0.32475188,0.32390398,0.3232645,0.32230783,0.32076412,0.3189633,0.31767896,0.3179091,0.32034785,0.32409808,0.32703608,0.3282953,0.32867515,0.32881802,0.32915404,0.32963026,0.3301177,0.33066612,0.3312369,0.3317921,0.33251467,0.3332266,0.33371857,0.33402297,0.33416992,0.33404753,0.3336561,0.33315635,0.33287722,0.33317986,0.3343112,0.33610883,0.33797604,0.33930802,0.33979917,0.33934596,0.33806312,0.33626372,0.3339674,0.33153284,0.32953805,0.3285876,0.32913402,0.33075216,0.33286017,0.3353096,0.33794972,0.34049812,0.3426505,0.34437713,0.34564164,0.3465303,0.34702164,0.34714293,0.34700856,0.34652293,0.3458494,0.34521824,0.3448835,0.34514952,0.34621635,0.34777123,0.34827155,0.3488675,0.3497621,0.35045522,0.35123947,0.35174224,0.3522097,0.35208398,0.35157183,0.3506085,0.34924582,0.34792244,0.3465939,0.34519497,0.3434783,0.34191686,0.34041372,0.33865526,0.33613515,0.33248147,0.3274755,0.32145992,0.31489378,0.30754018,0.29940036,0.2910634,0.28365907,0.27789742,0.27350137,0.26982972,0.2673358,0.26649144,0.26708683,0.27062148,0.2764684,0.2842008,0.2924923,0.300339,0.30732006,0.31280157,0.31659633,0.3184576,0.31877205,0.31921604,0.32104194,0.32363698,0.3252504,0.32559815,0.32529232,0.32469726,0.32390824,0.32273686,0.32138932,0.3200429,0.31852275,0.31689435,0.3151856,0.31337994,0.31158575,0.30952772,0.30703855,0.3043411,0.30185023,0.30040702,0.30095452,0.30366445,0.30696326,0.31034803,0.31388953,0.31698155,0.3189393,0.3197099,0.31940168,0.31815892,0.3159785,0.31285793,0.30927372,0.3052723,0.30093977,0.2964779,0.29223788,0.2881273,0.2839443,0.27944243,0.27470368,0.27013528,0.26679945,0.2667387,0.26918733,0.2728526,0.27646342,0.28037623,0.28578705,0.29228634,0.29820842,0.30394235,0.3099044,0.31545013,0.32031435,0.32457703,0.32821903,0.33111963,0.33366397,0.33580184,0.33782813,0.3397134,0.34152484,0.34309107,0.34412667,0.3447079,0.34504083,0.34514332,0.34497285,0.34396365,0.34140494,0.33796033,0.33623907,0.33773112,0.34098083,0.34424755,0.34804705,0.35230732,0.35822716,0.36477965,0.3715231,0.37940547,0.3880822,0.39698708,0.40539333,0.41226745,0.41675606,0.41875276,0.41804707,0.41504803,0.4108933,0.4054142,0.3992924,0.39353088,0.38999888,0.38857418,0.38850892,0.38849196,0.3891679,0.39118627,0.39427137,0.39741823,0.39964756,0.40043253,0.3996316,0.39740863,0.39458835,0.391267,0.38696432,0.3828166,0.37734255,0.36850104,0.36113814,0.35597742,0.3477612,0.34056607,0.33401477,0.328725,0.32962745,,0.33102864,0.33414507,0.3367385,0.33774525,0.33710736,0.3360932,0.33688787,0.34287822,0.35259,0.3602165,0.36529103,0.36927608,0.37269825,0.37587506,0.3793284,0.3833371,0.38779506,0.39239642,0.3967018,0.40037787,0.40305448,0.40552247,0.40749928,0.40989268,0.41278067,0.41626936,0.4204389,0.42518955,0.42925432,0.43213186,0.43343425,0.43452483,0.4344686,0.43433723,,,,,,,,,,,,,,,,,,,,,,,,,,,,,,,,,,,,,,,,,,,,,,,,,,,0.4971579,0.4943056,0.49027658,0.48513544,0.4773674,0.46238425,0.44069818,0.41400138,0.38979873,0.3663536,0.3431336,0.32167688,0.30528143,0.29388946,0.28925696,0.28533003,0.28394032,0.28512555,0.29020178,0.29819766,0.3098419,0.32768953,0.35173854,0.3787812,0.4048602,0.42940286,0.45102298,0.46822947,0.48185074,0.49631983,0.5118025,0.5239905,0.5325881,0.53783125,0.5405021,0.5403906,0.53935987,0.5373277,0.5343524,0.53090686,0.5273749,0.523891,0.519754,0.51459324,0.5088526,0.5023497,0.4951197,0.487872,0.48042002,0.47297335,0.46534118,0.45745498,0.44933954,0.4411752,0.43337822,0.42628613,0.4204844,0.41577178,0.41192874,0.4080036,0.4039809,0.3993611,0.39522597,0.39267308,0.39149246,0.39175126,0.39297727,0.394968,0.39736196,0.39994982,0.4028493,0.40589115,0.4086713,0.4109253,0.41267672,0.41405004,0.41518718,0.4165709,0.4181443,0.4208742,0.42749864,0.43511814,0.44283104,0.4509518,0.45858598,0.46682033,0.47605315,0.48636356,0.49625334,0.5044436,0.51173246,0.5183883,0.52413565,0.52898556,0.53303456,0.5362796,0.53863615,0.5404638,0.5418737,0.5428372,0.54329705,0.5431593,0.542907,0.5427167,0.5423317,0.54189736,0.5414244,0.54072046,0.53996223,0.53941876,0.53895366,0.5384434,0.5378594,0.5371192,0.536514,0.5362504,0.53638226,0.5368765,0.5376996,0.5386671,0.53971034,0.54089016,0.54282635,0.5453878,0.54872525,0.5522468,0.55550665,0.55831695,0.56058234,0.5622545,0.5633005,0.56377405,0.5634218,0.5618988
11.583336,0.17501053,0.18098432,0.18793647,0.19602406,0.20384805,0.21070664,0.21727842,0.22328088,0.22745854,0.23111452,0.23349762,0.2331657,0.23165724,0.23078138,0.22963583,0.22847262,0.22793853,0.22695231,0.22475238,0.22154301,0.21794146,0.21473755,0.21136855,0.20677403,0.20420285,0.20475031,0.20486751,0.20463982,0.20333858,0.20126352,0.19907443,0.19616723,,,,,,,,,,,0.26948565,0.27473944,0.2835225,0.29239056,0.30094686,0.30874312,0.31576866,0.32222903,0.3272792,0.32977277,0.32783973,0.32612875,0.33004564,0.3363203,0.3403288,0.3430619,0.34628287,0.3494695,0.35205406,0.3540389,0.35528976,0.35578394,0.3555567,0.35407978,0.35116738,0.34734318,0.34286147,0.3383367,0.33410507,0.3301536,0.32660192,0.32355872,0.32139447,0.3200492,0.3192772,0.31888622,0.31830072,0.31701264,0.31513873,0.31339276,0.3132168,0.3156654,0.31921592,0.32167614,0.32246387,0.32251668,0.3226541,0.32307342,0.32364634,0.32429415,0.32483512,0.3253568,0.32602498,0.32689518,0.32761973,0.32806998,0.3282311,0.32800746,0.32733542,0.32626888,0.32520133,0.32506305,0.3263547,0.32897532,0.3316242,0.33346727,0.33424574,0.3338036,0.33246434,0.33039728,0.32800242,0.32558048,0.32352918,0.32264826,0.32317483,0.32480696,0.32695246,0.32949474,0.33237153,0.335344,0.33807045,0.34031186,0.3422111,0.34393626,0.34526473,0.3460534,0.34653154,0.34684464,0.34677228,0.34644744,0.3461293,0.3462077,0.34677765,0.34753582,0.3475521,0.34750468,0.34809992,0.34827596,0.3487291,0.34907347,0.34936354,0.3497272,0.34957147,0.3490548,0.34804267,0.34668103,0.34528914,0.3438063,0.34247497,0.3410062,0.3394706,0.33795756,0.33597907,0.33316234,0.32917646,0.32401153,0.3178246,0.3110983,0.30383575,0.29621598,0.28913707,0.2834378,0.2783852,0.27447948,0.27117583,0.26924187,0.2686654,0.27035433,0.27486846,0.28143165,0.28957522,0.29756883,0.30495223,0.31127456,0.3163165,0.31962606,0.32092118,0.32085276,0.32094803,0.32258266,0.32501745,0.3262643,0.32625532,0.32580474,0.32495144,0.3239907,0.32277784,0.32163423,0.32039687,0.3190227,0.31753471,0.31593972,0.31439155,0.31284615,0.310958,0.30858597,0.30592605,0.3034593,0.301984,0.30264843,0.3048715,0.30731994,0.30972475,0.31238985,0.31476107,0.316421,0.31727254,0.31723878,0.31645057,0.31465352,0.31190577,0.3086131,0.30486554,0.30080137,0.2966324,0.2924996,0.28826073,0.28378293,0.2790077,0.2743438,0.27061054,0.2692065,0.27016798,0.27291065,0.27616936,0.27914277,0.28213438,0.28669626,0.29256788,0.29807046,0.3035124,0.3091678,0.31453887,0.31932887,0.32359105,0.32761332,0.33125162,0.3344992,0.33703133,0.33923277,0.34138504,0.34340832,0.34511986,0.3461695,0.34660485,0.34653044,0.34606987,0.34510815,0.3431362,0.3394082,0.3349367,0.33305123,0.33487248,0.33795804,0.34110007,0.34473228,0.34926203,0.35475045,0.36080888,0.3674756,0.3757773,0.38494173,0.3941826,0.4029746,0.41068727,0.4162467,0.4193561,0.42049217,0.419813,0.41755614,0.4137385,0.4079301,0.40131244,0.39442137,0.3891858,0.38676953,0.38582343,0.3866669,0.38939762,0.39407897,0.39929307,0.4032192,0.4050078,0.40491092,0.40325165,0.40044376,0.39675555,0.3918404,0.38671532,0.38021785,0.37087312,0.36267287,,0.34844193,0.34245867,0.33590323,0.3312557,0.33098987,0.3316044,0.33215806,0.33446944,0.33734405,0.33795667,0.33760664,0.33719313,0.3373966,0.34140766,0.34941387,0.3561419,0.36105013,0.36498588,0.36858964,0.37211204,0.37612098,0.38079444,0.38584772,0.39087066,0.3955575,0.39982405,0.40300116,0.40542507,0.407392,0.40924457,0.41139635,0.41368312,0.41651216,0.42038772,0.42466655,0.42834842,0.43140367,0.4336625,0.43462077,0.43415177,0.434031,,,,,,,,,,,,,,,,,,,,,,,,,,,,,,,,,,,,,,,,,,,,,,,,,,0.49974456,0.49505222,0.49119827,0.4857481,0.47575322,0.4590325,0.43653598,0.40961677,0.38564798,0.36182594,0.33897763,0.31790304,0.30253425,0.29357237,0.28875512,0.2846927,0.28288808,0.2836679,0.2884895,0.29615742,0.3071076,0.32342604,0.3458755,0.3727685,0.39956456,0.42451397,0.44640663,0.4638304,0.47761145,0.49210933,0.5074204,0.5186548,0.5272523,0.5329915,0.5361006,0.5366431,0.5354908,0.5337078,0.53111714,0.527558,0.5234898,0.5193465,0.5151028,0.51008403,0.50431406,0.4981277,0.491179,0.48403475,0.47690254,0.46974185,0.4624589,0.45505267,0.44733813,0.43946153,0.43199655,0.42536366,0.41962913,0.4148213,0.4100154,0.4052827,0.40001115,0.39491123,0.39139196,0.3898341,0.38997614,0.3917438,0.39463884,0.39829317,0.40207565,0.40568715,0.4093947,0.41304588,0.41626033,0.41873163,0.42038533,0.4213579,0.42182997,0.42244202,0.42303753,0.426213,0.4334349,0.44004226,0.44726425,0.4542415,0.4617751,0.4706317,0.48021728,0.4903568,0.4993831,0.506885,0.5136908,0.5198671,0.5250895,0.52960867,0.53347516,0.53650755,0.5388464,0.5407531,0.5421115,0.54289186,0.5432005,0.5433027,0.5431177,0.5427654,0.5423395,0.54174685,0.5411116,0.5402396,0.53949153,0.5389743,0.5385594,0.53822017,0.53795564,0.5376583,0.53734607,0.5371009,0.5369307,0.53681844,0.53677267,0.5369162,0.53764814,0.5388699,0.5416353,0.54548275,0.5500043,0.5544213,0.55810213,0.560758,0.5627844,0.56433046,0.56542784,0.56603336,0.56602424,0.56512547
11.5,0.19319335,0.19833174,0.20490128,0.21141241,0.2167958,0.22093603,0.2248374,0.22806413,0.23071107,0.23286414,0.23249267,0.23012698,0.22773096,0.22618972,0.22507034,0.22346033,0.22163019,0.21877879,0.215897,0.21247377,0.20856655,0.20576312,0.20529258,0.2022712,0.19926366,0.19916452,0.19833903,0.19904725,0.19863911,0.19804955,,,,,,,,,,,,,0.27255103,0.27714676,0.28594458,0.2948622,0.3029258,0.31033587,0.31717387,0.3229412,0.3273305,0.3299115,0.32913673,0.32800794,0.33054566,0.33611616,0.34110838,0.34476447,0.34808195,0.35110143,0.35365602,0.35544127,0.3564019,0.35667884,0.35588515,0.35381842,0.3507242,0.34660643,0.34163374,0.33654898,0.33153227,0.32683012,0.32280862,0.3194396,0.31704542,0.31560218,0.31486303,0.31456196,0.3141858,0.3133909,0.31197983,0.31040502,0.31024835,0.31235307,0.31479055,0.31608087,0.31628695,0.31617433,0.31637874,0.31694314,0.31750372,0.3178698,0.31810334,0.31848374,0.31921038,0.32012954,0.3208702,0.3213132,0.32124484,0.32050997,0.3190818,0.31740358,0.3165775,0.31738597,0.32011572,0.32334802,0.326039,0.32745177,0.32737315,0.32609695,0.3240225,0.32167247,0.31931442,0.31739616,0.3163623,0.31664136,0.31799102,0.3200495,0.32250708,0.32539836,0.3285927,0.33161694,0.3342219,0.3363991,0.3385617,0.3406115,0.3423393,0.3435912,0.34450158,0.3451839,0.34552908,0.34561044,0.34568718,0.34595907,0.3461792,0.3460481,0.34588775,0.3460381,0.34607583,0.34608096,0.34620765,0.34633285,0.3466249,0.34676695,0.3468528,0.34637398,0.34557432,0.34446943,0.3432235,0.34170675,0.34026054,0.33884567,0.33733553,0.33553454,0.33314386,0.3300691,0.32608837,0.32079878,0.3144496,0.3075159,0.30056924,0.29393122,0.28879827,0.28391933,0.2794877,0.2757379,0.27302334,0.27156222,0.27151892,0.27451745,0.2798723,0.28707868,0.29494983,0.3024759,0.30913544,0.31488225,0.3194514,0.32232404,0.32309648,0.32262555,0.32246053,0.3239278,0.32615632,0.32702193,0.3267185,0.32617542,0.3252042,0.32401672,0.3228968,0.32179514,0.32073307,0.31942973,0.3178788,0.31623966,0.3146801,0.313096,0.31130025,0.30912519,0.30665338,0.30447167,0.30356166,0.30433393,0.30612096,0.30772683,0.30917102,0.31090832,0.31251875,0.31363106,0.3144711,0.31469572,0.3141576,0.3128418,0.31054783,0.30756542,0.3040624,0.30020168,0.29622343,0.29207262,0.28768834,0.28309777,0.27874187,0.27507058,0.27302,0.2729869,0.27434072,0.2768611,0.27975473,0.2821637,0.28425354,0.2878864,0.2930575,0.2982169,0.30335793,0.308668,0.31396478,0.3186475,0.3227238,0.326537,0.3302458,0.3337696,0.33665785,0.33927935,0.34178242,0.34408823,0.34597734,0.34717947,0.34758267,0.34726757,0.34630093,0.34469056,0.3418203,0.33718765,0.33200487,0.3300561,0.33199042,0.3347306,0.3376291,0.34122354,0.3456896,0.35082167,0.35668445,0.36382496,0.37237448,0.38161603,0.3910393,0.40024903,0.40864566,0.41521418,0.41943118,0.42156154,0.42219153,0.42161116,0.41947818,0.41527024,0.4092156,0.40216535,0.39524373,0.38999754,0.38737863,0.38804078,0.3907641,0.39557537,0.40148437,0.4064321,0.4088879,0.4092252,0.4079002,0.4051582,0.40142974,0.39617565,0.39024988,0.38325265,0.3740773,0.3641331,0.35882315,0.35450694,0.347171,0.338412,0.33232266,0.32966036,0.33002824,0.33194032,0.33509585,0.33949322,,0.3394673,0.34010237,0.34081382,0.3434649,0.34840643,0.35335204,0.35761985,0.36142844,0.3649531,0.36874288,0.37331918,0.37894854,0.385147,0.39084223,0.39570543,0.4000462,0.40361625,0.4060855,0.40813097,0.40993074,0.41156766,0.41345176,0.4154788,0.41784695,0.42088842,0.4245107,0.42831844,0.43191174,0.43428746,0.43411607,0.43378338,,,,,,,,,,,,,,,,,,,,,,,,,,,,,,,,,,,,,,,,,,,,,,,,,,0.50236934,0.4958437,0.4903818,0.4860468,0.4746085,0.45591062,0.4317828,0.40528595,0.38189182,0.3583076,0.33570567,0.31576103,0.30120802,0.29389128,0.28852436,0.28419647,0.28213072,0.28285882,0.28756383,0.29486972,0.3052858,0.32021365,0.34115005,0.3676967,0.39464185,0.41966996,0.44150007,0.45883742,0.47318155,0.4876764,0.5027928,0.51391006,0.5217248,0.52808326,0.5316722,0.53289914,0.5319955,0.5301891,0.5279669,0.5247385,0.5207543,0.5162632,0.51159334,0.506652,0.50099206,0.49479848,0.48827338,0.48151234,0.4746118,0.46773937,0.46072212,0.45357218,0.44621605,0.43861148,0.4313499,0.42473274,0.41896868,0.413367,0.40783834,0.40196127,0.39592248,0.3910347,0.38829276,0.3876862,0.38934314,0.3927518,0.39733776,0.4022972,0.40690437,0.4112461,0.41544837,0.41926295,0.4224791,0.42474258,0.42617318,0.4266751,0.42665642,0.42680538,0.42734393,0.4322607,0.43791217,0.4443229,0.45119652,0.4578933,0.46596104,0.47485876,0.48440218,0.49385378,0.50187147,0.50873643,0.514904,0.5205485,0.5253898,0.5296631,0.5332722,0.5360284,0.53824735,0.5399995,0.54116285,0.54194117,0.54241997,0.5425641,0.5423368,0.541845,0.54119915,0.5403439,0.5392553,0.53836554,0.53776824,0.53722876,0.53677654,0.53640527,0.5360175,0.5356124,0.53509206,0.5343368,0.5334337,0.5326321,0.53227943,0.5327846,0.5343598,0.53705114,0.5414735,0.5468677,0.55257523,0.5576911,0.56172466,0.5644702,0.56617385,0.56719613,0.5679017,0.5683378,0.56817293,0.567391
11.416672,0.2117327,0.21602026,0.2205605,0.22406852,0.22564627,0.22684138,0.22835423,0.23002148,0.23200345,0.23115282,0.2291207,0.22558567,0.2219806,0.22095847,0.22080196,0.21941172,0.2176594,0.21523537,0.2126253,0.21025385,0.207618,0.20680228,0.20720793,0.20591766,,,,,,,,,,,,,,,,,,0.27327424,0.274688,0.27989024,0.2887322,0.29758167,0.30517954,0.31203356,0.3181701,0.32292408,0.3267579,0.3296443,0.33009425,0.3296181,0.3314644,0.336406,0.3410521,0.34468615,0.34776744,0.35075954,0.35344115,0.3553706,0.35645208,0.3565055,0.35508823,0.35235935,0.34873503,0.34450528,0.33947027,0.33409703,0.3288985,0.32383743,0.31928906,0.31561965,0.3132069,0.31183913,0.3110482,0.3106226,0.31024158,0.30984718,0.30908546,0.308169,0.30821544,0.30932808,0.31019917,0.31036967,0.3100557,0.30984122,0.3100917,0.31049076,0.31044856,0.31014633,0.31000367,0.31028607,0.31103724,0.31191403,0.31263947,0.31293875,0.3126636,0.31159562,0.309935,0.30852604,0.3085113,0.3102588,0.31326318,0.31653994,0.31897676,0.32001895,0.31941167,0.3174338,0.31512463,0.31298646,0.3111336,0.31003743,0.30991152,0.3107802,0.31238425,0.31459412,0.31734902,0.32041705,0.32344887,0.32613143,0.3287196,0.33135217,0.3337742,0.33591488,0.33797526,0.3397453,0.3410429,0.34214297,0.3428437,0.34317008,0.3433017,0.34331343,0.3432164,0.3431238,0.34311256,0.3431092,0.34311074,0.34306264,0.343034,0.34339923,0.34362128,0.34376514,0.34380352,0.34345865,0.3428743,0.34198588,0.34090433,0.33966085,0.33822462,0.33658305,0.33473715,0.33257902,0.32994285,0.3266881,0.32242206,0.31704435,0.31094065,0.3045375,0.2985443,0.2938611,0.28968763,0.28517652,0.2810286,0.2776689,0.27536443,0.2743155,0.27526537,0.279502,0.28556663,0.2928139,0.3001373,0.30682823,0.31276324,0.31802016,0.32223657,0.3247279,0.32509077,0.32424107,0.32388285,0.32517025,0.327137,0.3276192,0.32709044,0.32648087,0.32567066,0.32436234,0.32311857,0.32199648,0.32097396,0.31972817,0.3182281,0.31657568,0.3149273,0.31325826,0.311394,0.30932558,0.30724308,0.30563113,0.30514613,0.30591694,0.30734524,0.30833322,0.30897924,0.3098817,0.31082225,0.31136954,0.31182122,0.31203267,0.3116822,0.3106018,0.30870262,0.30608073,0.30287853,0.29921716,0.29528648,0.2910997,0.28686506,0.28297046,0.27976105,0.27777436,0.277,0.2775379,0.2790128,0.28110597,0.2835804,0.28552258,0.28684604,0.2894336,0.29380518,0.29855546,0.30331758,0.30839896,0.31350535,0.31818098,0.32221156,0.3257575,0.32935053,0.33299538,0.33629194,0.3392689,0.3418745,0.34422395,0.3461842,0.34754756,0.3479879,0.34743512,0.34600228,0.34366703,0.33985916,0.33438554,0.328879,0.3269763,0.3287952,0.3310407,0.33373302,0.3372953,0.34159124,0.34656814,0.3524593,0.359684,0.36815894,0.37756187,0.38730875,0.39688212,0.40585494,0.4132618,0.41835323,0.42162234,0.42328867,0.42376292,0.42292348,0.42047486,0.41629696,0.4107197,0.40428925,0.39847925,0.39527595,0.39548776,0.39710283,0.4012127,0.40616447,0.41049287,0.4130038,0.413341,0.4119803,0.40914804,0.405283,0.39999726,0.3936196,0.38628867,0.37783003,0.36882997,0.36330217,0.35884807,0.3526461,0.34368363,0.3358384,0.33085528,0.33039382,0.33205855,0.33652428,0.3423308,0.34591913,0.3462583,0.34719875,0.3481515,0.3497318,0.35221088,0.35552227,0.35925218,0.36279008,0.36626965,0.370325,0.3750988,0.3806096,0.38683194,0.3928146,0.3977366,0.40182388,0.40541965,0.4079924,0.40981543,0.41132092,0.412712,0.41434804,0.41607353,0.4177556,0.41963866,0.42261267,0.4257652,0.42940634,0.4329406,0.43397325,0.43304026,0.43194616,,,,,,,,,,,,,,,,,,,,,,,,,,,,,,,,,,,,,,,,,,,,,,,,,,0.49712503,0.49066845,0.48549113,0.47336408,0.45288327,0.4284526,0.40184787,0.37862864,0.3556169,0.333228,0.31490368,0.30161217,0.29417884,0.2880753,0.2836588,0.28172335,0.28268433,0.28720942,0.2941882,0.30416542,0.31788498,0.33759007,0.36373454,0.39028895,0.41531935,0.4370493,0.45410368,0.46862417,0.48327985,0.49812838,0.50926214,0.5166196,0.52303296,0.52723575,0.5290944,0.52862984,0.52685326,0.524836,0.5221037,0.51848054,0.5140942,0.5092137,0.5040736,0.49862212,0.49274504,0.48643354,0.47987854,0.473241,0.46652293,0.45964056,0.45253843,0.4453516,0.43797514,0.43079504,0.4241324,0.41790587,0.41169104,0.40526202,0.39857054,0.3923738,0.38786656,0.38540897,0.38589785,0.38979003,0.39510515,0.40105093,0.40647683,0.41135782,0.41604638,0.4203967,0.42398545,0.4265541,0.42822894,0.42899826,0.42926165,0.4293244,0.4297307,0.43164724,0.43725243,0.44229218,0.4485634,0.45519257,0.46250612,0.47070423,0.47932503,0.48855603,0.49682868,0.5037304,0.50975156,0.51522887,0.5203005,0.5248164,0.5289513,0.5323312,0.5347574,0.5367891,0.5384744,0.53978634,0.5405965,0.5409314,0.5407737,0.5403121,0.5394629,0.5384044,0.5372278,0.53607094,0.5351866,0.5345793,0.53390497,0.5332868,0.53257114,0.531717,0.53074056,0.5295898,0.5282499,0.52703977,0.52654254,0.5270301,0.5285592,0.5316999,0.5360507,0.5414693,0.54784405,0.55421257,0.55961204,0.564072,0.5674887,0.56963354,0.57038426,0.57058704,0.5705292,0.5701132,0.5691689
11.333336,0.2277236,0.23041524,0.23152637,0.23058796,0.22970542,0.23000064,0.22965686,0.22723038,0.22566724,0.22410753,0.22347084,0.22064625,0.21730398,0.21690671,0.21754499,0.21699087,0.215615,0.21392846,0.21224761,0.2114841,0.2106049,0.21066378,,,,,,,,,,,,,,,,,,,,0.27511376,0.2762102,0.28225598,0.29137996,0.29950997,0.30714852,0.31352386,0.31876576,0.32235685,0.3254986,0.3286313,0.3297398,0.32976088,0.33165032,0.3359369,0.3395634,0.34267378,0.34577778,0.34900042,0.35200357,0.3543559,0.35568786,0.35572216,0.35410157,0.35078853,0.34640265,0.3415365,0.33632964,0.33094832,0.32564756,0.3204971,0.31582275,0.31231803,0.30999866,0.30843306,0.30728084,0.3065405,0.30617714,0.30620143,0.30598575,0.30549198,0.30513597,0.30504033,0.3048294,0.30430397,0.30373222,0.30351618,0.3036537,0.30343112,0.3026885,0.30193177,0.3016136,0.3017618,0.30233622,0.30302218,0.30350915,0.30378327,0.30365613,0.30292147,0.30182013,0.301171,0.30185705,0.3038671,0.30649576,0.3092671,0.31150237,0.31247273,0.31149104,0.30904076,0.30661258,0.3049423,0.30388638,0.30347964,0.3037829,0.30469763,0.30631652,0.30855286,0.31127915,0.31412193,0.3169318,0.31969708,0.3227067,0.32560363,0.32813644,0.33054864,0.33282387,0.33486167,0.33638763,0.33771086,0.33869252,0.33924237,0.3394219,0.33935767,0.3392202,0.3390264,0.33895314,0.3390495,0.33920026,0.33919656,0.3394368,0.33988726,0.3403676,0.34084603,0.34092525,0.3405277,0.33993536,0.33913913,0.3381371,0.33695105,0.33549687,0.333713,0.3316046,0.329138,0.3262135,0.322771,0.31858453,0.3136961,0.3085176,0.30355465,0.29925245,0.29540166,0.2912416,0.28694668,0.28309524,0.2801405,0.27834517,0.27782387,0.2802026,0.28526673,0.29181138,0.29856747,0.30494952,0.31067026,0.31590825,0.32071614,0.32477722,0.32693568,0.32697663,0.32584015,0.3252714,0.3263971,0.32805276,0.32818365,0.32753924,0.3269693,0.32627267,0.32518667,0.32385063,0.32257846,0.3214272,0.32017723,0.31873545,0.31722832,0.31561932,0.31378368,0.31180486,0.3097913,0.30801904,0.30683327,0.30655134,0.30728686,0.30840805,0.3091029,0.30942634,0.3097961,0.31021732,0.31033885,0.31039762,0.31028745,0.3097634,0.30869517,0.3069533,0.30468237,0.30183816,0.29852042,0.29492393,0.29125094,0.287729,0.2848977,0.2831302,0.28217027,0.28204542,0.28280222,0.28410563,0.28573143,0.28772578,0.28927553,0.2899307,0.29137695,0.2947884,0.2989754,0.30336335,0.30804133,0.31296077,0.31763628,0.32171637,0.3251624,0.32861972,0.33241907,0.33588946,0.33895078,0.34140703,0.3436323,0.34550616,0.3469259,0.34754345,0.3468365,0.34486055,0.34171495,0.33702677,0.33092403,0.32520047,0.32341945,0.325009,0.32692525,0.32947716,0.33289394,0.33717933,0.34202868,0.34775478,0.35490596,0.3633775,0.3728866,0.38294488,0.3928828,0.40225556,0.41038752,0.4163463,0.42047027,0.42322254,0.42444277,0.4246143,0.42348418,0.42115963,0.417486,0.41292158,0.4080831,0.40529078,0.40434286,0.40472972,0.40785322,0.41168043,0.41498858,0.41674045,0.4168289,0.41542232,0.41245174,0.4082118,0.40294173,0.39668915,0.38947862,0.382663,0.37537363,0.36842796,0.3630572,0.35762462,0.34946424,0.3421028,0.3355178,0.3367045,0.33500752,0.341332,0.34925073,0.353666,0.35556617,0.35717192,0.3590764,0.36103475,0.36345118,0.36660695,0.37017077,0.3735577,0.37699234,0.38085684,0.3850535,0.38923493,0.39369038,0.39842072,0.40246508,0.40564904,0.4086675,0.4112777,0.41298988,0.4141358,0.41486952,0.4159174,0.4171803,0.4185257,0.41973698,0.4219514,0.4247894,0.42768365,0.43141165,0.43346626,0.43335798,0.43186373,0.43126956,,,,,,,,,,,,,,,,,,,,,,,,,,,,,,,,,,,,,,,,,,,,,,,,,0.4974286,0.4916299,0.48462605,0.4727779,0.45172897,0.42593634,0.40001622,0.37656903,0.3535264,0.33156872,0.31460544,0.30268744,0.29431683,0.2875882,0.28318384,0.2816226,0.28309456,0.28741413,0.29406896,0.3035309,0.31619734,0.33477294,0.36014023,0.3863524,0.41149154,0.43314746,0.4502461,0.4646305,0.47895756,0.4937236,0.5044896,0.5118048,0.5180998,0.5224642,0.5250333,0.5253709,0.52383614,0.5219072,0.51951903,0.5162962,0.5123001,0.50764054,0.5024546,0.4970688,0.49141037,0.48521128,0.4788815,0.47243065,0.46575877,0.458906,0.4518069,0.44466916,0.4374537,0.4303263,0.42340848,0.41661632,0.40979967,0.40268707,0.39563033,0.38960177,0.38533065,0.3834201,0.38645732,0.3926534,0.39934587,0.40564075,0.41077626,0.41540498,0.4198717,0.42407718,0.42710677,0.4289056,0.42960602,0.43001866,0.4304636,0.4313456,0.4331781,0.4370797,0.44137746,0.44639987,0.45244333,0.45948586,0.4668979,0.47500235,0.48373803,0.49217704,0.4991542,0.505027,0.5101044,0.5148512,0.51927716,0.5234169,0.52738464,0.53058237,0.53307074,0.5351724,0.5368691,0.5378749,0.53826046,0.5381615,0.5376296,0.5367207,0.535463,0.5341118,0.5327473,0.53154427,0.5305034,0.5296408,0.52870196,0.5276599,0.5264269,0.52505565,0.52355546,0.52214164,0.5208423,0.51991415,0.5200193,0.52157277,0.5245303,0.52843577,0.5330777,0.53897315,0.5461062,0.5527997,0.5585363,0.5636271,0.56783444,0.5710614,0.572698,0.57315594,0.57269067,0.57180125,0.5707095
11.25,0.2343869,0.23399647,0.23167856,0.22954829,0.22832598,0.22765167,0.22624214,0.22342062,0.22067298,0.2175848,,,,,0.21583946,0.21569604,0.21524686,0.21490903,0.21363428,,,,,,,,,,,,,,,,,,,,,,,0.27650347,0.27787882,0.28403524,0.29334646,0.3013627,0.30871606,0.31478122,0.31901777,0.32099554,0.32342345,0.3268794,0.32850933,0.32915738,0.33112347,0.3343651,0.33685908,0.33926302,0.342286,0.345967,0.3496372,0.35271052,0.3544076,0.35453475,0.3530631,0.34952292,0.3441843,0.3383862,0.3326522,0.32712424,0.32180512,0.31680337,0.31247336,0.3091176,0.30660054,0.3045675,0.30295473,0.3018918,0.30175677,0.30198622,0.30177736,0.300855,0.30006358,0.29928547,0.29858518,0.2979062,0.29755464,0.29726216,0.29677427,0.29606482,0.2951955,0.2945206,0.29432893,0.29457274,0.29519075,0.29585356,0.29632884,0.29660246,0.29668376,0.2964823,0.29613876,0.2961505,0.29697788,0.29857922,0.30048674,0.30256626,0.30448502,0.3052848,0.30425793,0.3017005,0.29940724,0.2980267,0.29754043,0.2974391,0.29774272,0.29853338,0.29998192,0.30199754,0.3043769,0.30685285,0.30966118,0.31302664,0.31654072,0.31950253,0.32210097,0.32462534,0.3271024,0.32921407,0.33092418,0.33237585,0.3334549,0.33417776,0.33468068,0.33483684,0.33475712,0.33455098,0.3344155,0.33450174,0.33473596,0.33491367,0.3352658,0.33593228,0.33697483,0.3379034,0.33833867,0.3381033,0.33725482,0.33618984,0.33515325,0.3339972,0.33247426,0.33070272,0.3285588,0.32606703,0.32318223,0.31992394,0.3162884,0.31237203,0.30841115,0.30460697,0.30093363,0.29712617,0.29308173,0.28915274,0.28562367,0.28309214,0.28186274,0.28244892,0.28616828,0.29179418,0.29815924,0.30405852,0.30931088,0.31419957,0.31864667,0.32317403,0.3270575,0.32893577,0.3286416,0.3272889,0.3265816,0.32768208,0.3289213,0.32863835,0.32785553,0.3273602,0.32682008,0.326029,0.3248884,0.32356256,0.32224795,0.32089368,0.31950903,0.31799656,0.31636214,0.31458595,0.31260675,0.31062612,0.30898058,0.3079458,0.30771124,0.30831638,0.30921578,0.30988058,0.31028682,0.31058028,0.31073987,0.31070247,0.31063756,0.31052402,0.31003848,0.30905738,0.3074904,0.30552164,0.30313426,0.30046624,0.29762867,0.29468462,0.29204395,0.29007173,0.28884056,0.2882608,0.2882887,0.28872398,0.28962043,0.29072914,0.2922126,0.2933685,0.29336503,0.29364374,0.29593822,0.29948074,0.30342117,0.30774644,0.31240597,0.31695038,0.3210313,0.32449418,0.3278404,0.3317481,0.33530247,0.3381896,0.34053284,0.34231687,0.3439702,0.34551316,0.34606525,0.3451571,0.34263352,0.33866152,0.3333015,0.32663187,0.32081714,0.31921452,0.3206243,0.32251105,0.3249226,0.32821426,0.33247912,0.33729038,0.34299806,0.3500294,0.3583035,0.36766288,0.3778604,0.38814548,0.39785805,0.40660203,0.41345236,0.41827932,0.4218659,0.4239126,0.4247588,0.4245164,0.4234112,0.42125824,0.41833928,0.41499108,0.41249233,0.4109787,0.411583,0.413972,0.4165957,0.41869807,0.41971532,0.4194618,0.41777077,0.41464275,0.41043565,0.40511724,0.3989514,0.3923887,0.3856906,0.3812749,0.37346175,0.36756676,0.36307135,0.35820538,0.34951374,0.34072122,0.34622413,0.33950177,0.3509572,0.35724065,0.36014718,0.36241233,0.36477858,0.36754462,0.3706405,0.37435666,0.37839147,0.3828384,0.38707915,0.39127576,0.3952224,0.39862502,0.40168446,0.4048261,0.40794548,0.41054615,0.41251647,0.41449293,0.41630638,0.4177168,0.4185784,0.41877022,0.41890734,0.4192863,0.41974398,0.42054117,0.42201596,0.42476168,0.4273694,0.43056446,0.43301398,0.43337584,0.43182927,0.4311567,,,,,,,,,,,,,,,,,,,,,,,,,,,,,,,,,,,,,,,,,,,,,,,,,0.49786803,0.49123678,0.48394,0.47249484,0.45056427,0.42465904,0.3992443,0.3754534,0.3522809,0.33085108,0.31465688,0.30358142,0.29478166,0.28799334,0.28343466,0.28202546,0.28390253,0.28803226,0.2943028,0.30331466,0.3151817,0.33265764,0.35706225,0.38300613,0.40792915,0.42968178,0.44682154,0.4610225,0.47477707,0.48933086,0.49988726,0.5071012,0.5132403,0.5175379,0.5206136,0.52198553,0.521134,0.5193159,0.5170301,0.5141134,0.5105076,0.50629234,0.5013462,0.49588996,0.49034828,0.4843872,0.47821185,0.4717862,0.4650904,0.45823058,0.45117214,0.44406205,0.43693593,0.42973337,0.4225231,0.4153717,0.4080982,0.40067816,0.3937712,0.38820523,0.3845324,0.3846412,0.39031455,0.3973372,0.40411225,0.409632,0.41407454,0.4180955,0.42225906,0.42633888,0.4290327,0.43008804,0.43042302,0.43085188,0.43200955,0.4343829,0.43661216,0.43956062,0.4436501,0.44916475,0.45545304,0.46285185,0.47089738,0.47939253,0.48768687,0.4949294,0.5007602,0.5055415,0.5096622,0.513763,0.51761115,0.5214417,0.5253739,0.5287111,0.5314389,0.5332976,0.53435105,0.53480095,0.5347529,0.53417885,0.5330983,0.53167254,0.5300956,0.5284128,0.5267737,0.5253256,0.5241033,0.5229579,0.5217061,0.5202825,0.5186618,0.5170753,0.51548654,0.51383126,0.51272184,0.5126604,0.51365924,0.515841,0.51875347,0.5220747,0.52710503,0.53425294,0.5419175,0.5486204,0.5548697,0.5605953,0.56559336,0.5695192,0.57238626,0.5742718,0.5750523,0.574698,0.5729876
11.166672,0.2341726,0.23268913,0.23088814,0.22906353,0.22744715,0.22665666,0.22552529,0.22365654,,,,,,,,,,,,,,,,,,,,,,,,,,,,,,,,,,0.28050452,0.28059733,0.28601342,0.29493096,0.30303395,0.30999425,0.31528044,0.31831113,0.31857213,0.3203632,0.32439885,0.32690352,0.3279492,0.32967332,0.3314384,0.33266553,0.33442765,0.33776012,0.3423109,0.34701177,0.35055047,0.35210577,0.35218948,0.35076296,0.34725887,0.34182408,0.33527297,0.3288179,0.32298553,0.31762385,0.3128235,0.3087015,0.30525795,0.30240417,0.2999235,0.298014,0.2970797,0.29695615,0.29688483,0.29604095,0.2948894,0.29372242,0.29284465,0.292142,0.2915917,0.29127106,0.29063982,0.28979555,0.2890216,0.28856105,0.2884696,0.28878906,0.28958067,0.2906305,0.29167137,0.2924325,0.29288942,0.2930213,0.29305956,0.29306158,0.2932114,0.29370028,0.29442376,0.29519168,0.29616758,0.29755858,0.2985485,0.29796576,0.29584405,0.29363608,0.29235393,0.2919444,0.2918814,0.29199463,0.29242137,0.29346818,0.29508477,0.29691863,0.2991254,0.30232698,0.30634934,0.31007025,0.31308782,0.3158351,0.31844598,0.32086226,0.32317492,0.325054,0.32664287,0.3278885,0.32881773,0.32959455,0.33019236,0.33048213,0.33055305,0.33053288,0.3306016,0.33080667,0.33099627,0.33144793,0.33230618,0.33349395,0.33466846,0.33557236,0.33585253,0.33538976,0.3342845,0.33285055,0.33143628,0.3299234,0.32830104,0.3263995,0.32414073,0.3216313,0.3188466,0.31578556,0.31254345,0.30922762,0.30586752,0.3024803,0.2988843,0.29516938,0.29162073,0.28862488,0.2867638,0.28634393,0.288502,0.29285705,0.29866496,0.30435154,0.3091268,0.31335968,0.31714016,0.32115805,0.32549447,0.32910177,0.330664,0.33003962,0.3285074,0.32783353,0.32894292,0.3297136,0.32902327,0.328095,0.327642,0.32708183,0.32647124,0.32558072,0.3245206,0.3232523,0.3219209,0.32053858,0.31905568,0.31748715,0.31584334,0.31394342,0.3119053,0.31016555,0.30903283,0.30875182,0.30916026,0.30987075,0.31053096,0.31110737,0.3115625,0.31180206,0.31191197,0.31206155,0.31221378,0.3121024,0.31155807,0.3104798,0.30897224,0.30709472,0.3051017,0.3029387,0.30076346,0.29876143,0.29710487,0.2959191,0.29519632,0.29493353,0.29510167,0.29551432,0.29604292,0.29702362,0.29782668,0.29722533,0.29632336,0.29735303,0.30010054,0.3036448,0.30744782,0.3117684,0.31617388,0.32029438,0.3239054,0.32724464,0.33099025,0.33454126,0.33733755,0.33903736,0.34030125,0.34199122,0.34352276,0.34384876,0.34249622,0.33943522,0.33474606,0.3286901,0.3215438,0.31583118,0.3144637,0.31571096,0.31771252,0.32020324,0.32345194,0.3276534,0.33265358,0.33851126,0.3453208,0.35314912,0.36203665,0.37208536,0.3826753,0.39273012,0.40191883,0.40965977,0.41512597,0.41936854,0.4221927,0.4234994,0.4237183,0.42320377,0.42191553,0.4201254,0.41798243,0.41623813,0.41595688,0.41694954,0.418657,0.42032596,0.42146447,0.42175892,0.42092237,0.4188733,0.41535166,0.41097605,0.40583855,0.39976963,0.39250576,0.3842861,,0.37681362,0.37416282,0.37074074,0.3671153,0.35774952,0.35145926,0.35891843,,0.35677984,0.35958853,0.36279905,0.36600533,0.36944476,0.3734548,0.37779623,0.3824265,0.3868455,0.3919211,0.3969138,0.4017716,0.405942,0.40912843,0.41190577,0.41490468,0.41794717,0.4202727,0.4217781,0.42300782,0.42404863,0.42483625,0.4252254,0.4247575,0.42373884,0.42263785,0.42202935,0.422229,0.42288807,0.42500418,0.4275087,0.4306185,0.43271887,0.43327224,0.43201223,0.43050706,,,,,,,,,,,,,,,,,,,,,,,,,,,,,,,,,,,,,,,,,,,,,,,,,0.49752426,0.4905318,0.48133376,0.47216442,0.4510457,0.42528993,0.39971215,0.37531468,0.3521406,0.33123326,0.31545207,0.30480427,0.29614568,0.2892647,0.28453353,0.28308943,0.28499737,0.2888934,0.29483038,0.30350026,0.31509098,0.3315263,0.35493517,0.3802801,0.40460837,0.4262053,0.44344887,0.4575971,0.47073996,0.48490074,0.4953332,0.5024193,0.50839406,0.512828,0.5160689,0.51835185,0.51832736,0.5168926,0.51469123,0.5119771,0.5086685,0.50481236,0.50027055,0.4949632,0.48959243,0.48378855,0.4776596,0.47118625,0.46449882,0.45766717,0.45058876,0.44350433,0.43637472,0.42911845,0.42175725,0.41437346,0.40694138,0.39968142,0.39335248,0.38854572,0.3860506,0.3900098,0.3962992,0.40298584,0.408778,0.41312215,0.41664973,0.4200371,0.42405438,0.42811453,0.43064407,0.43150666,0.43177727,0.43260837,0.4345192,0.43576074,0.43755892,0.44114977,0.44674277,0.45257217,0.45897213,0.46711376,0.47523662,0.48330534,0.49069235,0.49671662,0.5014292,0.5051773,0.5085181,0.51218563,0.51588696,0.5197752,0.5237483,0.5269197,0.52902544,0.5301744,0.53083664,0.5308628,0.5300934,0.5288016,0.527111,0.5251993,0.5231842,0.5212115,0.5195127,0.517989,0.5166423,0.51539284,0.5139621,0.51223385,0.51031065,0.5083623,0.50651544,0.5052526,0.5049952,0.50551516,0.5066802,0.5082787,0.51007813,0.51311946,0.51941615,0.5273066,0.53504544,0.5419482,0.5486059,0.5550676,0.5607843,0.56544936,0.5693821,0.5723265,0.57430923,0.5753526,0.57502747
11.083336,,,,,,,,,,,,,,,,,,,,,,,,,,,,,,,,,,,,,,,,,,,0.28308782,0.28780234,0.2960163,0.30367061,0.31039664,0.3154028,0.31796724,0.3169519,0.3173554,0.3212615,0.32475218,0.3259791,0.3267572,0.32700512,0.3271707,0.32883844,0.33299813,0.33889335,0.34442776,0.3481232,0.34953138,0.3494805,0.34797105,0.34415656,0.33816135,0.33094564,0.3240222,0.3180516,0.31273323,0.30812332,0.30414534,0.3005586,0.29736272,0.29448456,0.2926433,0.2920673,0.2917723,0.29102543,0.28972524,0.2883769,0.28737327,0.2866275,0.28573146,0.28504542,0.28455114,0.28401682,0.28343043,0.2830538,0.28317112,0.28375414,0.28471062,0.2859621,0.28723013,0.2882384,0.2889544,0.2894461,0.28985962,0.2902002,0.29054028,0.29087332,0.29103094,0.2909765,0.29058105,0.29025528,0.29074,0.2917614,0.29203174,0.29087162,0.2888443,0.28750727,0.28694102,0.28663677,0.28641784,0.28658283,0.2873438,0.28847227,0.28975806,0.29177102,0.2950052,0.29890415,0.30275586,0.30615053,0.30925316,0.31215245,0.3147969,0.31719297,0.31932518,0.3212061,0.32279444,0.32406858,0.32507297,0.3260087,0.32672095,0.32710278,0.32727185,0.3274443,0.32778367,0.32823142,0.3288485,0.32971245,0.3307963,0.33205104,0.33310348,0.33359045,0.3333569,0.3325061,0.33119297,0.32975125,0.3281559,0.32647392,0.32470658,0.32258236,0.32027733,0.31782508,0.31518453,0.31241712,0.30956146,0.3066004,0.30356216,0.30049875,0.29753944,0.29468614,0.2923081,0.2913312,0.29236388,0.29547477,0.30004454,0.3052426,0.30985278,0.31357104,0.31672302,0.3197642,0.32356003,0.3276312,0.33088607,0.33210984,0.33117607,0.32954556,0.3292051,0.33013767,0.33032238,0.32929376,0.32826498,0.32774615,0.3271438,0.32646573,0.325834,0.32502592,0.3241036,0.32303622,0.32184577,0.32055312,0.31919634,0.31761578,0.3157746,0.31372258,0.31176814,0.3103733,0.30994156,0.3101229,0.31064415,0.31126624,0.3118639,0.31249285,0.3129586,0.31337503,0.31387585,0.31443003,0.31478685,0.31481043,0.3143149,0.31340712,0.3121,0.31061327,0.30901942,0.30732656,0.30569986,0.3043572,0.30337092,0.3026724,0.3022107,0.3018895,0.30175605,0.3017433,0.30221194,0.30257732,0.3014906,0.2994874,0.29905224,0.30089006,0.30387643,0.30717924,0.31100905,0.31527784,0.31954095,0.32341987,0.32685935,0.33046582,0.33382347,0.3361597,0.33717155,0.33798546,0.3394722,0.34089118,0.3408199,0.3390542,0.33554602,0.3302454,0.32349628,0.31584108,0.31036708,0.30924705,0.31039894,0.31254166,0.3153216,0.31867048,0.3229516,0.3282259,0.33432665,0.3411017,0.34852776,0.35667205,0.36609167,0.37660888,0.38709596,0.39677504,0.4050053,0.41128626,0.41592032,0.41921043,0.42116714,0.42199314,0.42182854,0.4210268,0.41949818,0.41948512,0.41924566,0.4194145,0.4203209,0.42138678,0.42221442,0.42249924,0.42223114,0.4211247,0.41890422,0.41469607,0.4097319,0.40491718,0.3987253,0.39094695,0.38393614,0.38169256,0.38213372,0.38070166,0.37836316,0.37532097,0.36768726,0.36421224,0.36549276,,0.35762018,0.36191508,0.36598673,0.36966723,0.3739353,0.37911204,0.38453054,0.38991416,0.39452606,0.4010461,0.40610978,0.4107506,0.41435975,0.41709006,0.419903,0.42333353,0.42684963,0.42956412,0.4314657,0.43269804,0.4333677,0.43364796,0.43332744,0.43245196,0.43083575,0.42847395,0.42649168,0.42553717,0.42556384,0.42689535,0.4285375,0.43106538,0.43297794,0.4330292,0.43184006,0.42978543,0.42889598,,,,,,,,,,,,,,,,,,,,,,,,,,,,,,,,,,,,,,,,,,,,,,,,0.49770936,0.49061468,0.4823152,0.47227415,0.45097554,0.42657384,0.40099743,0.37619522,0.3530391,0.33279556,0.31745642,0.30678424,0.29825628,0.29114157,0.28607592,0.28456548,0.28628176,0.29004887,0.29590142,0.30445492,0.31581348,0.33129382,0.35376084,0.378213,0.4018301,0.4230528,0.44022408,0.45452598,0.4667674,0.4803198,0.4908556,0.49785924,0.50351757,0.5082346,0.51163137,0.5142532,0.5152064,0.51431435,0.5124827,0.5098848,0.5068057,0.50318855,0.49910778,0.49415466,0.48891172,0.4833256,0.47724184,0.47073314,0.46400976,0.45717886,0.45013857,0.44309333,0.4359568,0.42870626,0.42136243,0.41396135,0.40670073,0.39988124,0.3944759,0.39058647,0.39137843,0.3963287,0.4023941,0.4085622,0.41317514,0.41656327,0.41923505,0.42215672,0.42576087,0.42970714,0.4324444,0.43340823,0.43396422,0.43512267,0.43540072,0.4357856,0.4375382,0.4425319,0.44914714,0.45516378,0.46246827,0.47090822,0.47841018,0.4860253,0.49251872,0.49748817,0.5011685,0.50404793,0.50691575,0.5103998,0.51426524,0.51835513,0.5220728,0.524522,0.5259412,0.5266287,0.5265388,0.5257094,0.5240429,0.5219661,0.5196255,0.5172941,0.51513004,0.5133243,0.5118141,0.5104733,0.509148,0.50768244,0.5057597,0.50348455,0.50124556,0.49939036,0.49804607,0.4973783,0.49727777,0.49763128,0.49813783,0.49854895,0.4994933,0.50281554,0.50921685,0.51706743,0.5251295,0.5325402,0.53993094,0.54716766,0.55357766,0.5589949,0.5637194,0.567338,0.5699755,0.5722528,0.57368666
11.0,,,,,,,,,,,,,,,,,,,,,,,,,,,,,,,,,,,,,,,,,,,0.2854269,0.28934506,0.29666612,0.30394098,0.3101256,0.3152967,0.31837958,0.31801414,0.3174024,0.31962353,0.3223647,0.32332432,0.32246435,0.3214211,0.32100517,0.32301596,0.32837304,0.3356838,0.3417499,0.34537324,0.3467202,0.34653294,0.34466842,0.34015724,0.3332138,0.32513297,0.31799054,0.31222838,0.30730322,0.30267102,0.29858348,0.29484373,0.29118377,0.28836685,0.28722495,0.2868496,0.28594884,0.2845455,0.28298554,0.28189072,0.28123665,0.28047273,0.279476,0.27866766,0.2782388,0.27816194,0.27816597,0.27836522,0.27898467,0.28003088,0.28132054,0.2826624,0.28374508,0.28439602,0.2847447,0.28502727,0.28542644,0.28597856,0.28666335,0.28733438,0.28757742,0.2870664,0.28602841,0.2847698,0.28429955,0.2849068,0.28578725,0.2856791,0.2846005,0.28322777,0.28245604,0.28193855,0.28158143,0.28156537,0.28202733,0.2827469,0.2836572,0.28533584,0.28793192,0.29117677,0.29478997,0.29837283,0.30194706,0.3054757,0.30873907,0.3115387,0.31397304,0.3163308,0.3184591,0.32018578,0.3214825,0.32266653,0.32379586,0.3245685,0.3250499,0.32544842,0.3260074,0.3268063,0.32773912,0.32875475,0.3297515,0.33064032,0.3313269,0.33167166,0.33158645,0.33099195,0.32986197,0.32832587,0.32668772,0.32516688,0.32335338,0.3212993,0.31916314,0.31695917,0.31463543,0.31220737,0.3097547,0.30725834,0.30477917,0.30237475,0.30016816,0.29818234,0.29695573,0.2972716,0.29942274,0.30295983,0.30704838,0.31095138,0.31423077,0.3170253,0.31941622,0.32228196,0.32585952,0.32964557,0.33241194,0.33326963,0.33212915,0.33056042,0.3305768,0.33114976,0.3307641,0.32945314,0.32835123,0.32773945,0.3270864,0.3263991,0.32590362,0.32543525,0.32477427,0.3239954,0.3232351,0.32230183,0.3212296,0.31995293,0.3183592,0.3164578,0.31445447,0.31279287,0.3119659,0.31185788,0.3122365,0.31282577,0.31340098,0.31395006,0.31456843,0.31520984,0.31595895,0.31681898,0.31753287,0.31795904,0.31800023,0.31770733,0.31707454,0.31624058,0.31524193,0.31405866,0.31279823,0.3116798,0.3106612,0.30990314,0.30928722,0.30875117,0.30845374,0.30811036,0.30789486,0.30761778,0.30612585,0.30315807,0.3011831,0.30184382,0.304037,0.30652267,0.30975324,0.31382677,0.31835255,0.32268423,0.32631984,0.32980695,0.33284175,0.3345359,0.3348634,0.33519238,0.33640498,0.33746627,0.3368,0.3347441,0.33113527,0.3254185,0.31793872,0.3100334,0.30488676,0.30380636,0.3050092,0.30738208,0.31046346,0.3141444,0.318625,0.32413703,0.3305744,0.33774787,0.34506583,0.35250786,0.36087534,0.3705705,0.3810249,0.39121687,0.39988244,0.4068646,0.41194433,0.41561034,0.41785344,0.41953847,0.4203135,0.4205551,0.42002767,0.4203736,0.42062286,0.4209149,0.42121598,0.42155826,0.421849,0.42186978,0.42146358,0.42043036,0.41816208,0.4136127,0.40788588,0.4024214,0.39599764,0.3892308,0.3857127,0.38682604,0.38746843,0.387295,0.38617733,0.38444865,0.37855712,0.37413412,0.3697419,0.36230645,0.36512026,0.36831057,0.37193182,0.37543696,0.37982067,0.38510835,0.39064524,0.39587346,0.40121523,0.40859488,0.41292495,0.41710025,0.42030835,0.42402786,0.4281181,0.43215,0.43576172,0.438588,0.44059652,0.4417833,0.4423149,0.44226062,0.44147596,0.440202,0.4384364,0.4357258,0.43250033,0.43066803,0.4294036,0.42951047,0.43077496,0.43234387,0.43343958,0.43274772,0.43141556,0.42981505,0.42867878,,,,,,,,,,,,,,,,,,,,,,,,,,,,,,,,,,,,,,,,,,,,,,,,0.4975152,0.49058968,0.48276064,0.47371414,0.4529807,0.4286494,0.40286642,0.37789026,0.3550334,0.33516297,0.320048,0.3092645,0.30099133,0.29361418,0.28813088,0.28642806,0.28784287,0.29160127,0.29761657,0.30629683,0.31740725,0.33194593,0.35322496,0.37669402,0.3998415,0.42067066,0.43750083,0.45196182,0.4636267,0.47585794,0.48644078,0.49337953,0.49894318,0.5035414,0.50697386,0.5098464,0.5116554,0.511485,0.51009506,0.50778955,0.50483346,0.501407,0.49767065,0.4931142,0.48810524,0.48270398,0.47671258,0.47026765,0.46354905,0.45673254,0.44976336,0.44277024,0.43570033,0.4285103,0.4211564,0.41406512,0.40734234,0.40147942,0.3971544,0.39550024,0.3989113,0.40364152,0.4092203,0.41384634,0.41732278,0.4198888,0.42224184,0.42451724,0.42722183,0.43086964,0.4342398,0.43562898,0.43625143,0.43577722,0.43488574,0.43459862,0.43730944,0.4438374,0.45053574,0.457092,0.46499047,0.47361934,0.4808756,0.48767498,0.49321654,0.4973296,0.50017804,0.50242996,0.5051809,0.50864196,0.51265055,0.51679,0.51987547,0.5215271,0.52225727,0.52208567,0.52112204,0.5191841,0.51665974,0.5139362,0.5112721,0.508846,0.5069866,0.5055451,0.5042886,0.5029004,0.50129,0.4994517,0.4971756,0.49479595,0.4928342,0.4913911,0.490301,0.48952302,0.48900536,0.48873726,0.4885231,0.48820856,0.4884898,0.49083185,0.49650326,0.50471216,0.5136525,0.5221009,0.53031266,0.5382162,0.54515016,0.5509228,0.55591816,0.56011903,0.56369007,0.5668038,0.5689112
10.916672,,,,,,,,,,,,,,,,,,,,,,,,,,,,,,,,,,,,,,,,,,,0.28721875,0.2898602,0.29614142,0.3029014,0.3095,0.31493026,0.31842667,0.3196635,0.31925598,0.31935692,0.32007608,0.31954554,0.31731525,0.3153889,0.31478384,0.3175176,0.3245352,0.3326187,0.3387463,0.3422633,0.3435689,0.34297356,0.34037474,0.3351888,0.3273925,0.31856233,0.3110674,0.305627,0.3010373,0.29627115,0.29187602,0.28781876,0.2843166,0.28239778,0.28188202,0.28127912,0.27978712,0.27799073,0.27656743,0.27578068,0.27518764,0.27434722,0.27355218,0.27291605,0.27268058,0.2729667,0.27346203,0.27411282,0.2750919,0.27630556,0.27760583,0.27880412,0.27966425,0.2800733,0.280318,0.28063476,0.28107524,0.2815875,0.28219578,0.28294128,0.28328237,0.28271797,0.2814452,0.2797901,0.27828938,0.27791506,0.27869776,0.279343,0.27959922,0.27926046,0.27880877,0.27843878,0.27805156,0.27778137,0.27792972,0.27828234,0.27881292,0.27996925,0.28184915,0.28452945,0.28794426,0.29163143,0.29541978,0.29919094,0.30264148,0.3057567,0.30858523,0.31129196,0.31400564,0.3164343,0.31826004,0.31971955,0.32109597,0.32232794,0.32331267,0.32413787,0.32504296,0.32608178,0.32715258,0.32821876,0.32921356,0.3300272,0.33053204,0.33061036,0.33033898,0.32977563,0.3287834,0.32737172,0.32570735,0.32407278,0.3223034,0.32034302,0.31820852,0.31600875,0.3138674,0.311775,0.30974758,0.30781326,0.30606976,0.30459878,0.30353096,0.30285105,0.30290565,0.30428812,0.30675068,0.30963475,0.3124123,0.31498772,0.31730106,0.31944054,0.321796,0.32461953,0.32813177,0.33157507,0.3337197,0.33413863,0.33294117,0.33159572,0.33181182,0.33188808,0.3309503,0.32952443,0.3286082,0.32794878,0.32726145,0.32665274,0.32625788,0.32602006,0.325683,0.32512802,0.32461768,0.3241604,0.323641,0.32287502,0.32184514,0.32045183,0.31882817,0.3172929,0.31619078,0.31561986,0.3155907,0.31592536,0.3162642,0.31662095,0.31712458,0.31778914,0.31860483,0.31953308,0.32039824,0.3210489,0.3214837,0.3217572,0.32173684,0.32144886,0.32104132,0.32047504,0.3197334,0.3189879,0.318284,0.31763008,0.3170053,0.31640384,0.31590858,0.31514093,0.31411937,0.31306812,0.31115663,0.30746362,0.30402833,0.30311862,0.30411243,0.3056207,0.30802217,0.3117673,0.31646195,0.32122782,0.32524124,0.32873255,0.33139953,0.33255294,0.33225122,0.33209944,0.33277598,0.33330813,0.3322432,0.32978648,0.32612658,0.32048818,0.3129162,0.30518362,0.30024257,0.29911202,0.30059072,0.30316254,0.30650267,0.31051517,0.315212,0.3208982,0.32782742,0.33548123,0.34304872,0.3502001,0.35744593,0.36554208,0.37500706,0.3851487,0.39437178,0.40199903,0.40779555,0.41207993,0.4150817,0.41722113,0.41850773,0.4192284,0.4193983,0.41967013,0.41990834,0.41996297,0.41982633,0.41967377,0.4196576,0.4198107,0.41976902,0.41911235,0.4173549,0.41359958,0.4083628,0.4024807,0.395752,0.3913312,0.39165884,0.39422742,0.39293545,0.39361674,0.39390314,0.3929938,0.38918707,0.3852874,0.38210595,0.37988657,0.3794585,0.3806405,0.38264903,0.38518703,0.38855562,0.39259866,0.39674813,0.40156072,0.40825555,0.41451335,0.4162093,0.4200713,0.42501825,0.4306203,0.4354859,0.43976223,0.44326928,0.4459851,0.44792375,0.44910568,0.4495341,0.44920745,0.44826064,0.44683683,0.4449085,0.44214803,0.43895888,0.43619227,0.4343677,0.4335352,0.43388143,0.43464944,0.43479684,0.43322045,0.4314147,0.42974657,0.4281804,,,,,,,,,,,,,,,,,,,,,,,,,,,,,,,,,,,,,,,,,,,,,,,,0.49760643,0.49170718,0.48395988,0.47161478,0.4546566,0.4311728,0.4056995,0.3808599,0.35850087,0.3388655,0.3235604,0.31275702,0.30465713,0.29701424,0.29120186,0.2890705,0.29009998,0.29393914,0.3001738,0.3089793,0.31988484,0.33347166,0.35345495,0.37606913,0.39870593,0.41899148,0.43514392,0.44974145,0.46121162,0.47169644,0.48207515,0.48888385,0.49475297,0.49942634,0.50308496,0.50588286,0.5080732,0.5086194,0.5077176,0.505733,0.5028176,0.4994642,0.4959183,0.49178016,0.48698315,0.48164034,0.47573477,0.4694306,0.46287987,0.4561406,0.4492151,0.44232756,0.43531138,0.42828408,0.42139828,0.4149995,0.4092928,0.40478998,0.40244702,0.40475348,0.4081472,0.41160262,0.41551057,0.4186481,0.42124844,0.42348894,0.4255866,0.42718977,0.42887658,0.43179804,0.4354688,0.43709195,0.4370554,0.43568677,0.43402442,0.433661,0.43667397,0.44413024,0.45138204,0.4589937,0.46780047,0.4762009,0.48262632,0.48853543,0.493135,0.4964331,0.4986704,0.5007222,0.50337917,0.506863,0.5109621,0.514787,0.516969,0.51774925,0.51772404,0.5165721,0.5144796,0.5115595,0.50844413,0.50539577,0.502718,0.50066566,0.49933207,0.49822423,0.49699917,0.49542937,0.49355826,0.49144498,0.4890069,0.48674688,0.48508787,0.48382345,0.4827711,0.48176783,0.48086116,0.4800811,0.47926688,0.47830522,0.4776033,0.4785909,0.48343885,0.4919156,0.5017824,0.51105905,0.51970947,0.5278561,0.53519547,0.5413719,0.5464135,0.55063313,0.5545539,0.5584982,0.56171125
10.833336,,,,,,,,,,,,,,,,,,,,,,,,,,,,,,,,,,,,,,,,,,,0.28942585,0.2895632,0.29394904,0.29987195,0.30787936,0.31398863,0.31776205,0.31962684,0.31905496,0.31790775,0.31718165,0.31523523,0.31201443,0.30948988,0.30922177,0.31350818,0.32182994,0.3299777,0.33555907,0.33894742,0.33996332,0.33879158,0.33555767,0.3295747,0.32093206,0.3110606,0.30367914,0.2984381,0.29362774,0.28883183,0.28420702,0.28019527,0.27753028,0.27644467,0.27623108,0.27551708,0.27381727,0.2720298,0.27073896,0.2698495,0.26901746,0.26825023,0.2675483,0.26709223,0.26700932,0.26746312,0.26823455,0.26924372,0.270454,0.27171272,0.2729247,0.27382982,0.2743754,0.27470693,0.27503076,0.27584258,0.27669513,0.27738976,0.27772933,0.27809083,0.27835143,0.27801567,0.2770866,0.27562514,0.27358863,0.27195466,0.27144864,0.27210087,0.2733115,0.27421573,0.27474427,0.27499735,0.2750772,0.27510798,0.2751193,0.2750643,0.27509788,0.27574077,0.2774218,0.28038225,0.28434902,0.2884511,0.29259825,0.29657447,0.29982334,0.30218363,0.30415246,0.30635133,0.3090394,0.31183577,0.31427297,0.31622776,0.31782624,0.31926072,0.32056126,0.321669,0.3228384,0.32413062,0.32545123,0.32686487,0.3282187,0.32936174,0.3300949,0.33033422,0.33005378,0.329349,0.3282309,0.32681116,0.325162,0.32338792,0.32147774,0.3195052,0.3174864,0.3154886,0.31359813,0.31194362,0.31052834,0.30934596,0.3085031,0.3080354,0.3080641,0.30848512,0.30940694,0.31093162,0.31264922,0.31435028,0.3159293,0.3175341,0.31934452,0.32142976,0.3240097,0.32695404,0.33034372,0.33334988,0.33487302,0.33479396,0.33357477,0.33257398,0.33270246,0.3322012,0.3308479,0.3298643,0.3292343,0.32855523,0.32784584,0.32739267,0.32710832,0.32697803,0.32686687,0.3266888,0.32646596,0.32625303,0.3260436,0.32583332,0.32548285,0.32479802,0.32376295,0.32261765,0.32167104,0.3209271,0.32047263,0.32027796,0.32017055,0.3201476,0.32028833,0.3206556,0.32127702,0.32210305,0.32302627,0.32389995,0.32472512,0.32542676,0.3258878,0.32615545,0.32634723,0.32636312,0.3262132,0.32598078,0.32574892,0.3254436,0.3250168,0.32447547,0.3238227,0.32271764,0.32096976,0.31903422,0.31662002,0.31240565,0.30761665,0.30482757,0.30425525,0.30454972,0.30606243,0.3092926,0.314076,0.31919846,0.323693,0.32727826,0.32972878,0.3306353,0.3300261,0.32931462,0.32913932,0.3289977,0.32768273,0.3249621,0.32127404,0.31607646,0.30922672,0.30231932,0.29788956,0.29712492,0.29936,0.30214304,0.30521256,0.30897418,0.31362963,0.31958157,0.32682967,0.3347615,0.34257433,0.34970912,0.35625738,0.3626135,0.37010193,0.37896708,0.38849893,0.3967645,0.40304732,0.4077576,0.41139418,0.41374713,0.41539574,0.41638505,0.4169484,0.41715965,0.41732842,0.41717395,0.41682607,0.41649023,0.41650975,0.41692278,0.417366,0.41736823,0.41653773,0.41427574,0.4105549,0.40603182,0.40122846,0.39902878,0.39960593,0.40076682,,0.39778623,0.39819425,0.39794132,0.3945745,0.39184982,0.3894388,0.3896149,0.3899444,0.39085627,0.3921888,0.39415815,0.3965985,0.399092,0.40193698,0.40731794,0.41511977,0.4226443,,0.4221925,0.429169,0.43615356,0.4411517,0.44531876,0.44864285,0.45116344,0.452988,0.4540857,0.45422226,0.4537766,0.4528995,0.45151547,0.44966123,0.4471365,0.44407216,0.44105422,0.43904978,0.4377075,0.43730116,0.4369621,0.43583137,0.43341735,0.43105885,0.42915583,0.427268,0.42496285,,,,,,,,,,,,,,,,,,,,,,,,,,,,,,,,,,,,,,,,,,,,,,,0.5000431,0.49305815,0.48560545,0.47211137,0.45712128,0.43514004,0.4099879,0.38514218,0.36299926,0.34387207,0.32847163,0.31739315,0.30939192,0.3019463,0.29592615,0.29323238,0.2937274,0.29745656,0.30383536,0.3126074,0.3232173,0.335947,0.35477352,0.37659508,0.39842677,0.41796246,0.43333226,0.4478158,0.4594592,0.46818703,0.47753516,0.48443782,0.49050835,0.49572298,0.49982688,0.5029315,0.50500375,0.505711,0.5051866,0.5034477,0.50061685,0.49726525,0.49379727,0.49007434,0.48562276,0.48049405,0.474819,0.46869075,0.4622093,0.45550165,0.44870707,0.4420663,0.4354602,0.42903054,0.4228178,0.41729513,0.4126238,0.4106171,0.41172892,0.4136463,0.41563866,0.41841865,0.42095613,0.42312562,0.42520815,0.42716977,0.42892793,0.43021613,0.43105108,0.43266204,0.4356358,0.43730074,0.43690997,0.4353006,0.43349138,0.433202,0.4365576,0.44445938,0.45275116,0.4614662,0.47062078,0.4780314,0.48384896,0.48876524,0.49242473,0.49506775,0.49688604,0.4987814,0.5014278,0.5048857,0.5088996,0.51208055,0.51323104,0.51328564,0.51225114,0.51008767,0.50703686,0.5035273,0.5000899,0.49696034,0.49455485,0.49297547,0.4918951,0.49078092,0.4893721,0.48768955,0.4858158,0.48365355,0.48122266,0.47909534,0.4774831,0.4762478,0.47513667,0.47413355,0.4732053,0.47225732,0.47112596,0.4696038,0.46805394,0.46775478,0.47068265,0.47783622,0.4878005,0.49779525,0.5066032,0.51447767,0.5219188,0.5284993,0.5334657,0.5375981,0.5420884,0.54679585,0.55097455
10.75,,,,,,,,,,,,,,,,,,,,,,,,,,,,,,,,,,,,,,,,,,,0.29118648,0.28854635,0.2905748,0.29590657,0.30550513,0.31249422,0.31671092,0.31874093,0.31780988,0.31563264,0.31358507,0.31095538,0.30706635,0.30455264,0.30554166,0.31163502,0.32034987,0.32768485,0.3324401,0.33526546,0.33576223,0.33410427,0.33020362,0.32334536,0.31353727,0.3025553,0.29561237,0.2901485,0.28528863,0.28075433,0.27638257,0.27302554,0.2711369,0.27071735,0.27055752,0.26968694,0.26810607,0.26627004,0.2648382,0.26357955,0.2624521,0.2615256,0.26073298,0.2602786,0.2604396,0.26113504,0.2621691,0.26353234,0.26504138,0.2664467,0.26757118,0.2680835,0.26799724,0.2677814,0.26831257,0.26976424,0.2712244,0.27236474,0.27259386,0.27287048,0.27321833,0.27319592,0.27296674,0.27239403,0.27100772,0.26934382,0.26808235,0.26740485,0.26764563,0.26843548,0.2694716,0.27061948,0.27173322,0.27232322,0.2725753,0.27248082,0.27225247,0.27264595,0.27477324,0.27886844,0.2837668,0.28850046,0.2929893,0.2971565,0.30065835,0.30303136,0.30434987,0.3050302,0.30599532,0.30769727,0.30971327,0.31176436,0.31375545,0.31553712,0.31672037,0.31786066,0.31919003,0.3208443,0.3226056,0.3245696,0.32642126,0.3280399,0.32919413,0.3298601,0.32989123,0.32934085,0.32823893,0.32682285,0.3251336,0.32327023,0.32125244,0.3191416,0.31716546,0.3154143,0.31399024,0.3129722,0.31230062,0.3119118,0.31193638,0.3122931,0.3129687,0.31381986,0.31469527,0.31554377,0.31634513,0.3171595,0.31805697,0.31919786,0.32100108,0.323433,0.32624602,0.32928956,0.33240888,0.33480078,0.3357001,0.33522978,0.33398288,0.33327687,0.33301133,0.33197665,0.33060884,0.33012405,0.32959512,0.32900468,0.32855615,0.32832584,0.32823214,0.3281744,0.3282816,0.32847202,0.32859075,0.32867625,0.3287381,0.32878947,0.32880884,0.32859755,0.3280134,0.32722843,0.32647127,0.32579097,0.32508993,0.3244744,0.3239901,0.32363635,0.3234468,0.3235179,0.32385606,0.324455,0.3253275,0.3263915,0.32753217,0.32859167,0.3295495,0.3303745,0.33103395,0.33146936,0.33180514,0.3320876,0.33232138,0.33246067,0.33238906,0.33204487,0.331431,0.3301936,0.32803693,0.32538745,0.32247323,0.3180102,0.31203595,0.30717704,0.30466467,0.3035182,0.30394983,0.30658764,0.31130353,0.31663537,0.3216017,0.32550132,0.32805994,0.32911885,0.3287293,0.32764018,0.32679507,0.3253694,0.32356718,0.3208543,0.31728214,0.31271228,0.30726945,0.3021477,0.29929575,0.29967812,0.3021436,0.30532733,0.3083941,0.31122616,0.31533113,0.32134712,0.328639,0.3363801,0.34386715,0.35087433,0.35708186,0.36233062,0.36762035,0.37400666,0.38243926,0.39120355,0.39796528,0.40324646,0.4071077,0.4098442,0.41165587,0.41266543,0.41326815,0.41340432,0.4132704,0.41300508,0.41274843,0.41249818,0.41267037,0.4132922,0.41410017,0.4148319,0.4151563,0.414543,0.4126858,0.40992987,0.40710974,0.4053777,0.40451583,0.40316528,0.4005031,0.39988682,0.40043214,0.40025863,0.3987037,0.39743313,0.39561602,0.39590344,0.39640695,0.3971087,0.39837125,0.40016374,0.4017961,0.40337995,0.40607902,0.41231498,0.42014977,0.4278529,0.43399596,0.43313217,0.4365469,0.44148922,0.44579202,0.44963598,0.45266414,0.45481452,0.45629305,0.45711964,0.45699352,0.45636544,0.45544517,0.4541182,0.45234418,0.44989693,0.44706744,0.44436762,0.44240165,0.44094265,0.4396149,0.43827346,0.4357846,0.43265253,0.43006596,0.4280821,0.4259485,0.42320308,,,,,,,,,,,,,,,,,,,,,,,,,,,,,,,,,,,,,,,,,,,,,,,0.501892,0.4947781,0.4873298,0.47778553,0.46058133,0.4402922,0.41545233,0.3907203,0.3687885,0.35036555,0.33475706,0.32324958,0.31523368,0.30822602,0.30293757,0.29988632,0.29972613,0.30290908,0.3089834,0.31750014,0.3277123,0.33960414,0.3571973,0.37804443,0.39876902,0.41727203,0.43190473,0.4461969,0.45800218,0.46560988,0.47275022,0.47990257,0.48610094,0.49153948,0.49614033,0.4993853,0.50137526,0.5022874,0.501968,0.50053364,0.4978867,0.49469945,0.49137306,0.48788026,0.48381883,0.4791037,0.47383568,0.46804726,0.46184078,0.45543402,0.44901568,0.44278568,0.4366612,0.4305452,0.42496246,0.42053258,0.41847166,0.41809705,0.41942024,0.4211991,0.42296982,0.42444614,0.4258606,0.4275042,0.42924413,0.43077618,0.43210158,0.4330997,0.43355808,0.43404785,0.43560407,0.43709344,0.43663895,0.43531346,0.43363744,0.43330538,0.43726802,0.44602805,0.45501682,0.46396866,0.4726972,0.47939196,0.48458382,0.4884374,0.49125406,0.49332136,0.49485087,0.49668545,0.49925694,0.50259346,0.5060844,0.50865126,0.5090372,0.50821805,0.50607574,0.5030691,0.4994475,0.49555156,0.49184892,0.48884735,0.48668084,0.48509133,0.48380888,0.48236904,0.4808778,0.47939968,0.4778104,0.47579303,0.47341517,0.47128722,0.46966416,0.46845767,0.46753332,0.46689785,0.4662725,0.465357,0.4640737,0.46245444,0.46069744,0.4593723,0.4597715,0.46385628,0.472183,0.4823694,0.49124724,0.49847776,0.50520486,0.5116533,0.5172338,0.52168006,0.5265243,0.53240436,0.53790414
10.666672,,,,,,,,,,,,,,,,,,,,,,,,,,,,,,,,,,,,,,,,,,,0.29362795,0.28892344,0.28815347,0.29207754,0.30217624,0.31053376,0.3155443,0.3176774,0.31617978,0.3129026,0.3095599,0.30658484,0.3031569,0.30150542,0.30418295,0.3114485,0.31935474,0.325235,0.3289939,0.33098656,0.33103585,0.3287592,0.32416296,0.31655374,0.30562243,0.29393497,0.2864436,0.28093997,0.2763358,0.27247941,0.2692218,0.26686996,0.26570868,0.26548594,0.26502845,0.2636914,0.26193517,0.25994876,0.2583761,0.25691795,0.2553187,0.25404245,0.25333133,0.2531354,0.2535359,0.25455144,0.25602034,0.2577516,0.25946328,0.26080385,0.26130274,0.26086277,0.2598041,0.25920272,0.26016468,0.26226383,0.26450738,0.26594192,0.26612246,0.26686206,0.26775056,0.26808098,0.26858476,0.26904455,0.2686823,0.26773265,0.26673114,0.2661298,0.26610273,0.26592165,0.26544797,0.2659863,0.2676114,0.2688586,0.2696049,0.2697444,0.2699296,0.27086118,0.27383995,0.27858916,0.28360936,0.28831923,0.2927773,0.29681596,0.30048156,0.30388787,0.30650306,0.30776066,0.3079473,0.3074925,0.30726182,0.30824593,0.31005225,0.31155407,0.3126377,0.31388924,0.31518787,0.31721383,0.3194781,0.32191992,0.32418495,0.32623234,0.32784984,0.32900885,0.32949078,0.32928765,0.32843992,0.3271947,0.32561278,0.32379553,0.32184303,0.31982574,0.31791922,0.31643164,0.31551078,0.31508392,0.31500575,0.3151442,0.31551176,0.31611755,0.3168384,0.31743613,0.31780705,0.31806707,0.318352,0.3187223,0.31936327,0.32071447,0.3228814,0.32565525,0.32868278,0.3315442,0.3341228,0.3359121,0.33623147,0.3353663,0.3341524,0.33344793,0.33264828,0.33130625,0.33014885,0.3295533,0.32927358,0.32926944,0.32925558,0.3292101,0.32932493,0.32947233,0.3297289,0.3301951,0.33078483,0.33139113,0.33188888,0.3321771,0.33234373,0.33232722,0.33198366,0.33136627,0.33061934,0.3299031,0.3291633,0.32839572,0.3276633,0.32704636,0.326619,0.3265058,0.3267123,0.3272078,0.32804966,0.3292242,0.33056805,0.33190623,0.3331808,0.33434257,0.3353155,0.3360746,0.3367772,0.3374175,0.33797383,0.33839154,0.33859062,0.33846837,0.33797914,0.33697608,0.3348526,0.33189815,0.32847232,0.32400692,0.31748763,0.3107424,0.3061496,0.30323887,0.3021957,0.30410016,0.3085445,0.3139443,0.31929305,0.32362664,0.32653406,0.32810956,0.3285195,0.32764977,0.32637334,0.32428485,0.3220367,0.31975242,0.31681728,0.31334463,0.3097765,0.3071032,0.30597484,0.30655637,0.30857962,0.31168988,0.31479454,0.31775427,0.32175118,0.3273204,0.33386725,0.34064302,0.34713256,0.3535732,0.3592806,0.3640423,0.3679639,0.37168032,0.3772662,0.38542995,0.39272156,0.3983222,0.4025592,0.40563312,0.40734473,0.4082755,0.4086205,0.40862563,0.40825087,0.40781763,0.40734223,0.40696838,0.40721714,0.40818432,0.4096206,0.41124982,0.412688,0.41358185,0.41352192,0.41241923,0.4107254,0.40899646,0.4071544,0.40505815,0.40322027,0.40252224,0.40270716,0.4033311,0.40382862,0.40369824,0.40312937,0.40277854,0.4025082,0.40238777,0.40292916,0.40391314,0.4049136,0.40644372,0.40986162,0.4164634,0.4228698,0.42875916,0.43435127,0.4379747,0.44116345,0.44517243,0.44891545,0.45195532,0.45430857,0.45602477,0.457095,0.45759153,0.45743063,0.45671567,0.4556007,0.45412803,0.4522643,0.44996712,0.4475423,0.44523424,0.44345024,0.44168684,0.43972498,0.4376073,0.43453366,0.43084297,0.42823836,0.4260511,0.42406413,0.42230666,,,,,,,,,,,,,,,,,,,,,,,,,,,,,,,,,,,,,,,,,,,,,,,0.5041302,0.4974699,0.4891625,0.48318505,0.46760714,0.44688866,0.4226225,0.39783657,0.37606314,0.3581937,0.34237984,0.33005464,0.32154796,0.3156993,0.31160393,0.30915123,0.30871445,0.31105694,0.31612957,0.32394803,0.33355516,0.34442347,0.36063674,0.38018823,0.39940432,0.41678768,0.43080956,0.44476435,0.45628345,0.46333358,0.46905002,0.47543654,0.4819127,0.4871301,0.49201512,0.49529114,0.49723583,0.49813443,0.49784258,0.4967731,0.4944538,0.49174514,0.48873976,0.48537454,0.48158094,0.4772802,0.4724636,0.46718568,0.46147317,0.45551467,0.44943354,0.44341055,0.43763757,0.43238246,0.4283899,0.42733636,0.42694253,0.4270037,0.4271729,0.4279769,0.4287939,0.42954153,0.4306952,0.4320914,0.43332523,0.43438137,0.43536425,0.43608764,0.43622124,0.4360322,0.43623734,0.43697697,0.43663433,0.435521,0.43418232,0.43415022,0.43930477,0.4481565,0.45741355,0.4662934,0.4745284,0.48058188,0.4848777,0.48759034,0.48975188,0.49128985,0.49265245,0.49437818,0.4969129,0.49994117,0.5028391,0.50463337,0.5043806,0.5026452,0.4996109,0.49603263,0.49191898,0.48770067,0.48403546,0.48123235,0.4789987,0.4771506,0.47541505,0.47367448,0.47217417,0.4708678,0.46946952,0.46764147,0.46544236,0.46351424,0.46215853,0.46132186,0.46083456,0.46060508,0.46031818,0.45959464,0.45850205,0.45714396,0.4555856,0.45400548,0.45299715,0.45401913,0.45844594,0.4667761,0.47566062,0.48245397,0.48807222,0.4934557,0.49882078,0.5035878,0.508177,0.5140866,0.5206635
10.583336,,,,,,,,,,,,,,,,,,,,,,,,,,,,,,,,,,,,,,,,,,,0.29890677,0.2916096,0.2878808,0.28896454,0.2990159,0.30895936,0.3147617,0.316742,0.31453568,0.31024253,0.30540594,0.301967,0.29979378,0.30042374,0.30526632,0.31210324,0.31801954,0.32211506,0.32482582,0.32616833,0.3256444,0.32268584,0.3173602,0.30919373,0.29740322,0.28565076,0.27745974,0.27202025,0.26813692,0.26555568,0.2636399,0.2618598,0.26095295,0.26038024,0.25939465,0.25760457,0.25535867,0.2531556,0.25129122,0.24949335,0.24776796,0.24658744,0.24617243,0.24635203,0.24716276,0.24852806,0.25028718,0.25213215,0.25352854,0.2539565,0.2531285,0.25154856,0.25007176,0.24965966,0.2507626,0.25328785,0.2565787,0.2578109,0.2581355,0.25982106,0.2613936,0.26195705,0.26306465,0.26432207,0.26470095,0.26457667,0.26414356,0.263781,0.26371723,0.2636747,0.26356775,0.26341212,0.26385346,0.26511222,0.2663457,0.26712167,0.26840642,0.27064067,0.27424574,0.27856013,0.28279296,0.28695124,0.2910249,0.29512033,0.29899216,0.30267495,0.3059834,0.30860528,0.31041127,0.31077492,0.3102006,0.30918106,0.30852228,0.30893815,0.31036073,0.31171042,0.3132916,0.31541896,0.31787398,0.3204323,0.3228512,0.32502067,0.32684264,0.32830343,0.32910183,0.32924518,0.32875046,0.3278095,0.32651472,0.3249472,0.3232367,0.3214677,0.31985226,0.3186898,0.31801632,0.31771314,0.31772518,0.31791762,0.31826258,0.31871668,0.3191222,0.31937867,0.319427,0.31942248,0.31944913,0.3197453,0.3206826,0.32252628,0.32519597,0.32829735,0.33100858,0.33338875,0.33552465,0.3367082,0.3364461,0.3352912,0.33394864,0.3330582,0.33174813,0.33018446,0.32893422,0.32842755,0.32882512,0.32922956,0.32957387,0.33000526,0.3305018,0.3310803,0.3316411,0.3323212,0.3332081,0.33422503,0.33517113,0.33585173,0.33636072,0.3366463,0.33657455,0.33610508,0.3353251,0.3344303,0.33352605,0.33263993,0.33181268,0.33111194,0.3305191,0.33018515,0.33030933,0.33084428,0.33172294,0.332917,0.33431646,0.3357368,0.33703294,0.33818677,0.3393058,0.34028518,0.3412166,0.3420573,0.3427233,0.34318367,0.34354618,0.3436944,0.34344387,0.34278765,0.3411958,0.33836722,0.33466673,0.3300523,0.32388687,0.3163044,0.3096725,0.30477703,0.30202654,0.30259198,0.30650273,0.31170785,0.31710336,0.32186198,0.32500303,0.32687634,0.32781345,0.3276896,0.32690778,0.32560313,0.32328948,0.3212198,0.31933528,0.31739694,0.3155752,0.31433722,0.31424493,0.3153898,0.317679,0.32076594,0.3240158,0.32729492,0.3309417,0.3354154,0.34076184,0.3465604,0.3522569,0.35761487,0.36252692,0.3666921,0.36985257,0.3724382,0.37483478,0.38016123,0.3875963,0.39330748,0.39771867,0.40091467,0.40277773,0.40351942,0.40346122,0.4030155,0.40217283,0.40107414,0.39977404,0.39905426,0.39939263,0.4008982,0.40326893,0.40615,0.40891606,0.4112217,0.41267717,0.4131138,0.4125684,0.41098836,0.40833938,0.4056538,0.4039748,0.40318128,0.4030792,0.40450525,0.40642253,0.4070786,0.40830508,0.4081224,0.40755484,0.4067774,0.40646294,0.40653706,0.40728194,0.4092797,0.4135224,0.41947865,0.42427933,0.42892706,0.43354234,0.43783388,0.44182992,0.44555965,0.44852245,0.45082894,0.4525493,0.4537185,0.45428097,0.45449844,0.45421916,0.4534201,0.4521915,0.45060894,0.44877568,0.44655418,0.4444389,0.4427827,0.44100678,0.43891123,0.43718922,0.43547857,0.43245053,0.428236,0.4250277,0.42301357,0.4224766,0.4225324,0.42229733,,,,,,,,,,,,,,,,,,,,,,,,,,,,,,,,,,,,,,,,,,,,,,0.506469,0.5001907,0.4903328,0.4850583,0.4760922,0.4549897,0.43156976,0.40752184,0.38591263,0.36802378,0.3523424,0.33967283,0.33060363,0.32505968,0.3220528,0.32051927,0.3202363,0.32179356,0.32544488,0.33200282,0.34055227,0.35017297,0.36484018,0.3827568,0.40024686,0.41655466,0.42990464,0.44318917,0.45383215,0.4608235,0.46629876,0.47150868,0.47806478,0.48294586,0.4874486,0.49072555,0.49232313,0.49308544,0.49282196,0.49220127,0.49053004,0.48856378,0.48619175,0.48315427,0.47952113,0.4754346,0.47078985,0.46579403,0.4604867,0.45489553,0.4492977,0.4439074,0.43993303,0.43790317,0.4361666,0.4356873,0.434832,0.43445712,0.43410227,0.4342052,0.43440285,0.43500072,0.43595842,0.43679315,0.43741727,0.4381418,0.4389398,0.4393962,0.439183,0.43838322,0.43770528,0.43734345,0.43676224,0.4358068,0.43497774,0.43599442,0.4425062,0.4510927,0.45988786,0.46833023,0.47560582,0.4811583,0.48464495,0.48653033,0.48807925,0.4891419,0.49033916,0.49203715,0.49449584,0.49692154,0.49916482,0.500196,0.49932384,0.49670452,0.49317095,0.4890915,0.4845929,0.48042956,0.476999,0.4742255,0.47190347,0.46987098,0.4678625,0.46591538,0.46419314,0.46272883,0.46135408,0.45976248,0.45801967,0.45664376,0.45583948,0.45542347,0.45524812,0.45541242,0.45562264,0.4555011,0.45503274,0.45417497,0.45296812,0.451483,0.44998956,0.4492076,0.45055386,0.45508978,0.4625002,0.46890983,0.47357142,0.47760764,0.48169538,0.4858139,0.4900312,0.4949097,0.50090194
10.5,,,,,,,,,,,,,,,,,,,,,,,,,,,,,,,,,,,,,,,,,,,0.3068106,0.2977874,0.29112497,0.2901136,0.29710206,0.30895317,0.31460485,0.31590128,0.31327996,0.30853793,0.30299005,0.2995815,0.29907262,0.30196434,0.3069451,0.31184602,0.31550476,0.31818825,0.32027477,0.32094678,0.31974232,0.31625167,0.31049052,0.30212346,0.29093692,0.2794792,0.27049947,0.264897,0.26231882,0.26055676,0.2588116,0.2572155,0.2560018,0.25485018,0.25326043,0.25101846,0.24848208,0.246091,0.24394043,0.24190758,0.24050987,0.23979151,0.23974302,0.24032815,0.24157491,0.24319299,0.24487613,0.2461148,0.24633189,0.24537836,0.24359502,0.24188775,0.24157268,0.24239957,0.24346344,0.24573553,0.24924539,0.24993216,0.24945164,0.25151777,0.25362742,0.25452545,0.2560882,0.25763157,0.25835893,0.25917515,0.25932145,0.25938934,0.25954777,0.25995186,0.26029027,0.26095006,0.2617849,0.26289862,0.26425603,0.26610348,0.26842228,0.27120247,0.2743588,0.2776622,0.28114238,0.28477326,0.28864387,0.2926038,0.29668152,0.30072498,0.3042192,0.30707207,0.30954888,0.31166333,0.31303364,0.31345218,0.3126104,0.31157732,0.3120137,0.31392014,0.31600142,0.31788042,0.3196849,0.32171696,0.32374218,0.3254966,0.32704413,0.32843938,0.32936224,0.32966602,0.32942834,0.32875222,0.32775724,0.32650974,0.32505685,0.32357785,0.3222356,0.32123592,0.32048103,0.3199674,0.31977087,0.3197996,0.31996638,0.3201665,0.32031876,0.32032573,0.32016164,0.31995624,0.3200159,0.3206973,0.32225516,0.32482314,0.3279661,0.33086905,0.3331077,0.33493862,0.33642673,0.336913,0.33607116,0.33471128,0.333348,0.33208323,0.33026746,0.32846746,0.32712746,0.32715094,0.32813224,0.328922,0.3297542,0.33079305,0.33168054,0.33271414,0.3337256,0.33474168,0.33590084,0.3372237,0.33856717,0.33963677,0.34045708,0.34103256,0.34127465,0.34116185,0.34062827,0.33979407,0.33880106,0.3378305,0.33694768,0.3361819,0.33552092,0.3350874,0.3350667,0.3354617,0.33619827,0.33724073,0.33851632,0.33979195,0.3408699,0.34193653,0.3430994,0.3442344,0.34529668,0.34615254,0.34680817,0.3472711,0.34770152,0.3481131,0.34819332,0.34784523,0.3467403,0.34446087,0.34092596,0.33639002,0.33062497,0.32353044,0.3162342,0.3097472,0.30540547,0.3037268,0.30630866,0.31100482,0.31603166,0.3206305,0.32378256,0.32565564,0.32652944,0.32684416,0.32652682,0.32553086,0.32389355,0.32217008,0.32084724,0.31993166,0.31944168,0.3195626,0.320519,0.3222715,0.32465193,0.32769918,0.33115527,0.33485118,0.3386752,0.3428881,0.34765157,0.35271865,0.35763592,0.36215475,0.3663001,0.36996728,0.37273622,0.37468833,0.37585568,0.3774937,0.38241,0.38859063,0.3929701,0.39595017,0.39783826,0.3983036,0.3977897,0.39648977,0.3946242,0.39218792,0.38961652,0.38810962,0.38847405,0.39073187,0.39459136,0.39930514,0.40391332,0.40800297,0.41115272,0.41308868,0.4137834,0.4130471,0.4104387,0.4072288,0.40491617,0.4037897,0.4037676,0.4053838,0.4084552,,0.41116711,0.41131797,0.41111842,0.41040292,0.40967909,0.40935296,0.41017106,0.41222066,0.41610327,0.4203346,0.4238409,0.42759365,0.43176875,0.4359578,0.43974376,0.4427497,0.44486552,0.44651973,0.44762522,0.4484042,0.44845244,0.4480036,0.44739625,0.44648358,0.4451357,0.44354576,0.44220015,0.4409919,0.4393812,0.43775946,0.43605894,0.43467897,0.43326446,0.43154287,0.42877966,0.42495745,0.42217013,0.42135957,0.42261747,0.4239453,0.42407653,,,,,,,,,,,,,,,,,,,,,,,,,,,,,,,,,,,,,,,,,,,,,,0.5095448,0.5026734,0.49349096,0.48696524,0.4791599,0.4660499,0.44346225,0.4200153,0.3984737,0.38019812,0.3650004,0.35307232,0.34437627,0.33879137,0.33538708,0.33379674,0.3334001,0.33396795,0.33619303,0.34124526,0.34845954,0.35665703,0.36969283,0.38580683,0.40156928,0.41672894,0.4290527,0.44108245,0.45069215,0.4576541,0.4640237,0.46877417,0.47429475,0.47875732,0.4822713,0.4855496,0.48689285,0.4873907,0.48709098,0.48685658,0.48586214,0.4848001,0.48333272,0.4809565,0.4777427,0.47391582,0.46959093,0.46494523,0.4601859,0.45544988,0.45091406,0.44744998,0.44643545,0.44529054,0.44384304,0.44268382,0.4414049,0.4405154,0.440194,0.43994835,0.44015285,0.44067463,0.44108784,0.44134575,0.4417246,0.44228873,0.44274056,0.44281197,0.44234613,0.4411994,0.43982062,0.43859538,0.43747655,0.4365907,0.43644044,0.43919918,0.44658068,0.4546361,0.4626836,0.47030026,0.47661313,0.4813946,0.48406044,0.48539212,0.48627427,0.4869361,0.48807585,0.48969868,0.49166077,0.4933386,0.49494758,0.49521604,0.4938933,0.49082205,0.48684302,0.48244703,0.47795784,0.47402892,0.470671,0.4678209,0.46552625,0.46351168,0.4616327,0.45974022,0.4579143,0.45632434,0.4549306,0.45360342,0.45222375,0.45117772,0.4505575,0.45035133,0.45053825,0.45113364,0.4519582,0.45283788,0.45334888,0.4531725,0.4523845,0.4512228,0.4499122,0.44863483,0.44805807,0.44958162,0.45376763,0.45932344,0.46365067,0.46652052,0.4701052,0.47323424,0.4761276,0.480011,0.484131
10.416672,,,,,,,,,,,,,,,,,,,,,,,,,,,,,,,,,,,,,,,,,,,,,,,0.29987258,0.31127402,0.3151511,0.31510955,0.31223184,0.30768242,0.3027625,0.30019763,0.30082628,0.30378324,0.30714172,0.30972254,0.31186458,0.31364098,0.3149865,0.3151676,0.31343964,0.30967456,0.30378905,0.2957539,0.28579074,0.27541178,0.26695576,0.26141417,0.25826374,0.25599056,0.25396496,0.25203153,0.2503193,0.24868795,0.246605,0.24403393,0.24137855,0.2389829,0.23689067,0.23508435,0.23406616,0.23385017,0.2343229,0.23553614,0.23732111,0.23906498,0.24021791,0.24027126,0.23884143,0.23645057,0.2342052,0.2332655,0.2346317,0.23760374,0.24001554,0.24132505,0.24327135,0.24458793,0.2434347,0.24301204,0.24516559,0.24761501,0.24906787,0.25109985,0.25179765,0.25343376,0.2541742,0.25494316,0.25559604,0.25650215,0.25753146,0.25910068,0.26080957,0.2624507,0.26417592,0.2660941,0.26826835,0.27042326,0.2726794,0.27530146,0.2783971,0.28174824,0.28522888,0.2890688,0.29338646,0.29769376,0.30159646,0.30497038,0.30798736,0.3107883,0.3134146,0.3155144,0.3168834,0.3176186,0.31819683,0.3198739,0.32187614,0.32325625,0.32434264,0.3254972,0.32675126,0.32794484,0.32898915,0.33000296,0.33068874,0.3309038,0.3307386,0.33018506,0.32934445,0.32827973,0.32698354,0.32563695,0.3243516,0.3232567,0.32229885,0.3215744,0.32120895,0.3210566,0.32098255,0.32092836,0.32083878,0.32054225,0.3201827,0.32004762,0.32050228,0.3218866,0.32422608,0.3272624,0.33029547,0.33276305,0.3345744,0.33593044,0.3369676,0.33699343,0.33572912,0.33400947,0.33237693,0.33058113,0.32836318,0.32632092,0.32525158,0.32602787,0.3274791,0.3285188,0.3299203,0.33167616,0.33293042,0.33430237,0.3357946,0.337265,0.3387871,0.34039336,0.34201017,0.34339336,0.3444611,0.34525743,0.34575883,0.34582177,0.34550342,0.34493002,0.34414008,0.34329313,0.34249622,0.34178647,0.34116864,0.34070936,0.34053934,0.34069687,0.34115893,0.34186903,0.34280998,0.34374633,0.34456787,0.3455661,0.34689546,0.3481393,0.34906414,0.34975308,0.35044572,0.35109237,0.35165873,0.35223213,0.35251316,0.35229212,0.35153013,0.34984416,0.3469568,0.3428426,0.33779752,0.33159557,0.32477412,0.31823272,0.31253254,0.30921787,0.30975,0.3131668,0.31715295,0.32068247,0.323522,0.32518038,0.32582358,0.3258837,0.3255694,0.32464775,0.32333556,0.32215735,0.32139498,0.32113853,0.32158867,0.32286608,0.32490048,0.32764888,0.33082363,0.3342182,0.3378032,0.34167162,0.34564754,0.3498158,0.35426447,0.35878837,0.36299384,0.3668288,0.3702565,0.37341747,0.37625676,0.37792963,0.37865433,0.3783884,0.37912098,0.38364252,0.3883833,0.39110604,0.39282635,0.39291358,0.39168024,0.38925105,0.3858245,0.3818191,0.37790492,0.37574786,0.37609163,0.37916738,0.38470003,0.39152348,0.39821538,0.4041548,0.4088887,0.41233224,0.41445506,0.4149583,0.41355103,0.41114038,0.40868685,0.40710855,0.4067761,0.40753242,0.40978333,0.4120757,0.41293943,0.41366023,0.41399285,0.413767,0.41314092,0.41278052,0.41316053,0.4142509,0.41682675,0.41921467,0.42156285,0.4246046,0.4281745,0.4318186,0.43503737,0.43725258,0.43876275,0.43969283,0.44002348,0.4399245,0.43930352,0.43835533,0.43763137,0.43690267,0.43615457,0.43544117,0.43464163,0.43396068,0.4333539,0.43278146,0.43226156,0.43173537,0.43081462,0.4287992,0.42562255,0.42259043,0.42064035,0.4207104,0.42251143,0.42461246,0.42588982,0.4266445,,,,,,,,,,,,,,,,,,,,,,,,,,,,,,,,,,,,,,,,,,,,,0.5098833,0.50425965,0.49612916,0.48973846,0.4837537,0.47529453,0.45759955,0.43551692,0.4142117,0.39580444,0.38100144,0.3695588,0.36123705,0.3551997,0.3508243,0.3484234,0.346964,0.3463155,0.34737056,0.35111248,0.3569445,0.3637089,0.3751342,0.38933876,0.4033445,0.41699383,0.42810372,0.4384363,0.44736052,0.45392257,0.4611659,0.46679312,0.47123832,0.47488144,0.47728124,0.48010626,0.4813301,0.4814273,0.48113984,0.48098746,0.48069838,0.4802833,0.47982103,0.47830087,0.47603285,0.4730312,0.46925497,0.46514267,0.46142805,0.4590763,0.45648602,0.45491442,0.45303383,0.45161632,0.44959238,0.44806406,0.44706786,0.44624284,0.4456577,0.44551027,0.44566575,0.44583964,0.44579953,0.44594187,0.44616902,0.44626838,0.44622397,0.4460824,0.44554576,0.4443152,0.4425235,0.4406995,0.43909895,0.43829903,0.4392387,0.44411764,0.45135286,0.4584507,0.46507072,0.47160983,0.47723904,0.4811714,0.48329592,0.48413673,0.48438838,0.48481897,0.48592892,0.48737207,0.48836118,0.48944756,0.49020973,0.49022415,0.48866266,0.4852158,0.48086157,0.4763041,0.47208726,0.46828657,0.46486667,0.46199,0.45974258,0.45785603,0.4561975,0.45454073,0.452968,0.45160997,0.45034853,0.44927073,0.44808993,0.4471067,0.4464577,0.44633934,0.4467735,0.44755194,0.44893384,0.4507167,0.45208943,0.4526558,0.4523782,0.45166752,0.45084378,0.44996214,0.44898847,0.4484315,0.4497328,0.45362607,0.4575466,0.46022022,0.4637594,0.46712482,0.46970832,0.47253004,0.47577763
10.333336,,,,,,,,,,,,,,,,,,,,,,,,,,,,,,,,,,,,,,,,0.31545052,0.31477693,0.3139697,0.31195349,0.31130984,0.31180036,0.3113378,0.31127086,0.31520924,0.31566048,0.31407803,0.31097525,0.30708128,0.30342916,0.3018047,0.30247876,0.3038686,0.305005,0.30600524,0.30711666,0.30833685,0.3091007,0.30872422,0.30663717,0.30281755,0.2971502,0.28969437,0.2810875,0.272438,0.2649982,0.25945616,0.25532377,0.25173882,0.2488311,0.24635637,0.24415436,0.24206409,0.23975667,0.23724075,0.23478056,0.23257497,0.23071848,0.2293383,0.22867937,0.22896014,0.23019035,0.23207574,0.23436743,0.2361736,0.23668349,0.23550797,0.23229997,0.22815923,0.22499435,0.22417621,0.22604528,0.23050901,0.23522629,0.23793939,0.23914404,0.24138492,0.24204804,0.23699334,0.23754403,0.24396709,0.2445993,0.2469031,0.24824779,0.24972935,0.25088084,0.25205448,0.2531751,0.25454333,0.25626093,0.25828105,0.26036417,0.26214582,0.26370955,0.26524952,0.26687536,0.26846084,0.27030846,0.27254912,0.27522102,0.27794874,0.28095743,0.28469136,0.28893262,0.29340357,0.29773754,0.30170625,0.30539995,0.30889118,0.3122487,0.31533855,0.31793937,0.3200458,0.3217702,0.32337192,0.3249205,0.32620284,0.3272575,0.3282365,0.32932642,0.3304183,0.3312496,0.33198568,0.3324878,0.332625,0.33237898,0.33181491,0.33099517,0.3299964,0.3287761,0.3274589,0.3261426,0.3249076,0.32380766,0.32293823,0.32243982,0.32210904,0.32172248,0.3213316,0.32093433,0.32037207,0.32000998,0.32026866,0.32137674,0.3233936,0.3259221,0.3286873,0.33151865,0.33390936,0.3355379,0.3365056,0.33698988,0.33677444,0.33529168,0.3332003,0.33117446,0.32892105,0.32643747,0.32435334,0.32396498,0.32538345,0.3270178,0.32838908,0.33036596,0.33270344,0.33448973,0.33615503,0.3379824,0.33991146,0.34179527,0.34362558,0.34535122,0.34689084,0.34816188,0.3491794,0.34986165,0.3501576,0.3500247,0.34960133,0.3490026,0.34835216,0.34776062,0.34723842,0.3467552,0.34629458,0.3460011,0.345986,0.34621784,0.34660593,0.34714422,0.34775057,0.34833902,0.34931275,0.3507577,0.35198748,0.35266274,0.35313138,0.353809,0.3546465,0.3554434,0.35611948,0.3565236,0.35631427,0.35556668,0.35430023,0.35229856,0.3491654,0.34510425,0.34027278,0.33423123,0.32832682,0.3225897,0.31855503,0.31745744,0.31885502,0.321197,0.32306713,0.32471734,0.3258382,0.3262198,0.32594287,0.3252028,0.3239556,0.3226358,0.32149896,0.32092363,0.32143456,0.3229144,0.32534894,0.3286093,0.332366,0.33633417,0.3402859,0.34417656,0.34811333,0.35227495,0.35633728,0.36045521,0.36458066,0.36841685,0.37166056,0.3746565,0.3774533,0.3799125,0.3816667,0.38213718,0.38160565,0.38030547,0.38039675,0.38355494,0.3864213,0.38777813,0.38756377,0.38581398,0.38255343,0.37823722,0.3735093,0.3695743,0.36757717,0.3681587,0.37137422,0.37723154,0.38525385,0.39353764,0.40091297,0.4068158,0.41143456,0.4147329,0.41644353,0.41640326,0.415121,0.4132665,0.41192254,0.41125008,0.41065738,0.4114587,0.41344792,0.41482416,0.4155962,0.4160222,0.41595927,0.41544867,0.4148427,0.41430393,0.4142264,0.41543466,0.41649535,0.41777343,0.41992185,0.4228514,0.42605305,0.42849755,0.42964363,0.43023697,0.430385,0.4300398,0.4291928,0.4281658,0.42715603,0.4265395,0.42612204,0.42581195,0.4259321,0.42625952,0.42678022,0.42749065,0.42842156,0.4293418,0.43003166,0.43003446,0.42899305,0.4267008,0.42395234,0.421692,0.42160806,0.42322004,0.42500156,0.42663988,0.42742482,,,,,,,,,,,,,,,,,,,,,,,,,,,,,,,,,,,,,,,,,,,,,,0.50158,0.49732324,0.49184325,0.48667824,0.48016945,0.469821,0.45182824,0.43204314,0.41381595,0.39899892,0.38766733,0.3791086,0.37213463,0.36669216,0.36286125,0.36002988,0.3582945,0.35828733,0.3610326,0.36556244,0.37082607,0.38051426,0.3928062,0.40511203,0.4171786,0.42701823,0.43584827,0.4435689,0.4501026,0.45732635,0.46367204,0.46805617,0.4710728,0.47300175,0.47509065,0.4762382,0.4759483,0.47549412,0.47512102,0.47539774,0.47573352,0.4763245,0.47573063,0.47466213,0.47316766,0.47084948,0.46853918,0.4658646,0.46356872,0.46156088,0.4596664,0.457725,0.4559066,0.4542613,0.4529469,0.45196307,0.4511348,0.45083362,0.45075107,0.4507856,0.45061597,0.45040512,0.45021746,0.4500301,0.44973722,0.4494592,0.44924334,0.44876757,0.44767267,0.44579446,0.44365638,0.44200304,0.44156542,0.44410488,0.4499977,0.4557162,0.4612382,0.46679655,0.47247759,0.47729716,0.48062578,0.48246816,0.48265594,0.48237163,0.482673,0.4837884,0.4848679,0.48498753,0.48529404,0.4853502,0.48532054,0.4835624,0.47986066,0.47517583,0.4705948,0.46661448,0.46289203,0.45946825,0.45661288,0.45441294,0.45256594,0.4510069,0.44969034,0.44855607,0.44759956,0.4467461,0.4459636,0.44508347,0.44434866,0.44386667,0.4438082,0.4442835,0.44526044,0.44696146,0.4489817,0.4508305,0.45195737,0.4521764,0.45173252,0.4511595,0.45080018,0.45049793,0.44994253,0.44950032,0.45052144,0.45300958,0.45601073,0.46028477,0.46380967,0.4667245,0.46995756,0.472891
10.25,,,,,,,,,,,,,,,,,,,,,,,,,,,,,,,,,,,,,,,,0.31812075,0.31778672,0.31718275,0.31585798,0.31540972,0.31626573,0.31692722,0.31633902,0.31601825,0.3147305,0.31225735,0.30904678,0.30596277,0.3033143,0.3019841,0.30150253,0.3010405,0.3007277,0.30100262,0.30177665,0.30249804,0.30251244,0.30148715,0.2990951,0.29551032,0.29037988,0.28373197,0.27632383,0.26905876,0.2625503,0.25720346,0.25246397,0.24809574,0.244208,0.24081287,0.2379935,0.23560189,0.23338413,0.23115669,0.22894849,0.2269482,0.22545199,0.2245451,0.22431281,0.22505239,0.22676666,0.22900638,0.2315421,0.23350008,0.23393959,0.23210984,0.22723554,0.22064099,0.21530733,0.21371503,0.21619645,0.22225936,0.22897889,0.23375438,0.23677391,0.23941574,0.23905562,0.23430453,0.23531216,0.24198447,0.24299313,0.24405792,0.24628499,0.24710734,0.24883865,0.25017563,0.251716,0.2533772,0.25546744,0.25768787,0.25991863,0.26198307,0.2638076,0.26529995,0.2668076,0.26818988,0.2697605,0.27131847,0.2731553,0.27521613,0.2775993,0.28071702,0.28451046,0.2886928,0.29303288,0.29729474,0.30139035,0.30538198,0.30924606,0.31281868,0.31601623,0.31867215,0.3208382,0.32274202,0.3245541,0.3261243,0.32748064,0.3288703,0.33032602,0.3314958,0.33238414,0.33310178,0.33353007,0.3336575,0.33349955,0.33304745,0.3323828,0.3315632,0.3304811,0.32921907,0.3278824,0.326597,0.32540983,0.32446244,0.32378703,0.32312036,0.3223634,0.32165605,0.32093713,0.32023555,0.3201047,0.32085904,0.32240918,0.32432428,0.32656887,0.32951784,0.33246896,0.33476105,0.33614787,0.33671188,0.33679062,0.33638844,0.33485228,0.33249757,0.3300755,0.32758388,0.3250744,0.32334626,0.32361767,0.3253535,0.32707563,0.32896122,0.3312335,0.33372208,0.33589217,0.33801675,0.3402037,0.34245017,0.34468332,0.3467635,0.34865826,0.3503121,0.35170412,0.35279337,0.35352537,0.35391814,0.35392454,0.35367203,0.3532762,0.35284963,0.3524737,0.35216463,0.35187268,0.3515197,0.35123184,0.35114023,0.35123178,0.35141993,0.35166162,0.35198066,0.3524132,0.353229,0.35448426,0.3555472,0.35604766,0.35632738,0.3568657,0.3576461,0.3584875,0.35920265,0.35966662,0.35963336,0.35896513,0.3578257,0.35645452,0.3545291,0.35192022,0.3483982,0.343767,0.3385565,0.33358762,0.3296166,0.3272619,0.32697803,0.3277637,0.3279976,0.32786387,0.3279283,0.3278987,0.3271961,0.3261518,0.3246508,0.3230259,0.32173058,0.32114804,0.3220489,0.3241721,0.32751662,0.33186692,0.33657363,0.3412552,0.345664,0.34983957,0.3538945,0.3579834,0.36201364,0.3659887,0.36994627,0.37350744,0.3765733,0.37928683,0.38176566,0.3837159,0.38516083,0.38591847,0.38546193,0.38404825,0.3817508,0.3806568,0.38215822,0.38306963,0.3831805,0.38138437,0.37852734,0.37463534,0.37092277,0.36818418,0.36717492,0.3683156,0.3713561,0.37575927,0.3832364,0.39217982,0.40035832,0.40659893,0.4113814,0.41520262,0.41781452,0.41870344,0.41812745,0.4167881,0.4157157,0.41462713,0.41309765,0.41307297,0.4144764,0.4156405,0.4162952,0.41671702,0.41659316,0.41584817,0.41472274,0.41344318,0.41280088,0.41326421,0.41351882,0.41367257,0.41452256,0.41624546,0.41931283,0.42095262,0.4210303,0.42063874,0.42009535,0.41891804,0.41741258,0.41593757,0.41463953,0.41402578,0.41406333,0.41465196,0.4158383,0.4175938,0.41979113,0.42201477,0.42430103,0.4264983,0.4283905,0.42965788,0.4298781,0.42880645,0.4273312,0.4261006,0.42588577,0.42609164,0.42702496,0.42718104,0.42760172,,,,,,,,,,,,,,,,,,,,,,,,,,,,,,,,,,,,,,,0.5049561,0.5017924,0.49808806,0.49411812,0.4914432,0.49088463,0.4918726,0.49680585,0.4982968,0.4936895,0.48890927,0.4837329,0.4769265,0.464396,0.4479366,0.43103862,0.41640198,0.40503708,0.39598212,0.38821855,0.38168225,0.3764216,0.37239218,0.36953267,0.3686806,0.37052235,0.37366715,0.377503,0.38561314,0.3960453,0.40675667,0.41731334,0.4259338,0.43331516,0.44016692,0.44625816,0.4529215,0.4585373,0.46267816,0.46589714,0.468452,0.47032848,0.4717256,0.47166583,0.47094825,0.47058505,0.47141063,0.47292724,0.47455817,0.47454068,0.47391668,0.47272602,0.47138947,0.46995434,0.4681837,0.46622866,0.464392,0.46256408,0.46094146,0.4593017,0.4579271,0.45689932,0.45628825,0.45584965,0.45568573,0.4554904,0.45538354,0.45491746,0.4542102,0.45381293,0.45350304,0.45311704,0.452737,0.45235926,0.45177227,0.45059374,0.44888613,0.44684765,0.44534975,0.44599065,0.45002863,0.45498076,0.45913288,0.46356758,0.46854547,0.4735336,0.47742718,0.48024094,0.48126152,0.48069656,0.48016158,0.48048943,0.48154232,0.4817902,0.48140776,0.48076543,0.48035812,0.47998762,0.47818634,0.4743751,0.46953565,0.46495312,0.46111426,0.45746228,0.45405364,0.4513842,0.44934112,0.44774064,0.44639862,0.4453315,0.4444752,0.4438562,0.44346827,0.4430791,0.44257802,0.44224197,0.44211066,0.4423147,0.44301814,0.44427073,0.44606942,0.44806913,0.44994193,0.4513273,0.45195824,0.4517405,0.45112672,0.45072988,0.4507716,0.45091528,0.45062056,0.4498216,0.45016637,0.45239368,0.45638573,0.46002153,0.4632684,0.46685332,0.4698515
10.166672,,,,,,,,,,,,,,,,,,,,,,,,,,,,,,,,,,,,,,,,0.32040554,0.3201731,0.31960905,0.318692,0.31877297,0.31854907,0.31757545,0.31689978,0.31521413,0.3127614,0.30962324,0.30636021,0.30384555,0.3014005,0.2992004,0.2973864,0.29564244,0.29485574,0.29512137,0.2956391,0.29531232,0.29462305,0.2933328,0.29107913,0.287805,0.2831882,0.2775686,0.27139083,0.26521194,0.25949875,0.25445887,0.24974711,0.24517879,0.24072412,0.236517,0.23280476,0.22975549,0.2274211,0.2255218,0.22371784,0.22212192,0.22097994,0.22033386,0.22036281,0.22125408,0.22289188,0.22513345,0.22765905,0.22986437,0.23095971,0.22970459,0.22491501,0.2168307,0.20897003,0.20570378,0.20842926,0.21527514,0.22287667,0.22878088,0.23261541,0.23467125,0.23485054,0.23432022,0.23631832,0.23912989,0.24099576,0.24192262,0.24363665,0.24495298,0.24656987,0.24841903,0.25045806,0.25268644,0.25529245,0.25804293,0.26080233,0.26351365,0.26603252,0.26818275,0.27017832,0.2716526,0.2728722,0.2736554,0.27450708,0.27552128,0.27667743,0.27869248,0.28143555,0.28474778,0.2885472,0.29260412,0.29679713,0.30112323,0.30530688,0.30920652,0.31281242,0.31591955,0.31847262,0.32078582,0.32300898,0.3250574,0.32684043,0.32846805,0.32982886,0.33095858,0.33188087,0.33251682,0.33300292,0.33328894,0.33340105,0.33331043,0.33305424,0.33263883,0.3319793,0.330922,0.32961783,0.3283138,0.3270972,0.32609722,0.32507837,0.32394773,0.3228604,0.32189953,0.32096952,0.3203329,0.32042867,0.3214346,0.32286814,0.32466438,0.32711497,0.33026516,0.33321366,0.33540994,0.33658987,0.33689886,0.33663857,0.33602342,0.33453235,0.33213058,0.32943934,0.3268477,0.32457194,0.32335126,0.3240861,0.3258819,0.3278229,0.32996404,0.33208656,0.3345526,0.33706477,0.3395512,0.34212962,0.344696,0.34725967,0.34960344,0.35164008,0.35332158,0.3547524,0.35586324,0.35668784,0.35723406,0.3574128,0.35732588,0.35706016,0.356771,0.3565718,0.3564345,0.35625848,0.35598257,0.35571462,0.35551962,0.35545936,0.3555227,0.35559365,0.35576153,0.35615656,0.3569516,0.35798198,0.35872254,0.35904446,0.3591923,0.35953432,0.3600438,0.36064225,0.3612193,0.36167857,0.36189955,0.3616095,0.36081153,0.35983256,0.35878944,0.3573653,0.3550831,0.35168162,0.34763262,0.3437031,0.34016755,0.33740354,0.33594516,0.33545592,0.33464292,0.33308262,0.33181348,0.33090383,0.32996365,0.32892594,0.32775196,0.32650587,0.3253962,0.32494065,0.32581112,0.32817313,0.33190876,0.33670026,0.34189638,0.34690875,0.3513974,0.3554533,0.35931522,0.3631237,0.36691484,0.37069443,0.3744051,0.37781888,0.38085264,0.38354263,0.38577518,0.38741958,0.38840088,0.38898462,0.38884854,0.38788232,0.38580292,0.3830155,0.3806894,0.37986922,0.37935373,0.37790367,0.3761927,0.37403357,0.37153554,0.3703743,0.37078986,0.37317583,0.3769558,0.3804954,0.3854535,0.39369717,0.40216166,0.40869266,0.4132894,0.41673246,0.4193702,0.42066416,0.4203806,0.41918743,0.41794154,0.41614684,0.41400635,0.41363394,0.41486293,0.41575494,0.41623083,0.41636947,0.4159508,0.41485262,0.41334435,0.41205812,0.41164732,0.4117475,0.41147485,0.41085875,0.41000432,0.4104005,0.41336462,0.41320816,0.41185585,0.41041133,0.40901005,0.40724134,0.4053664,0.40353477,0.40195286,0.40123513,0.4016359,0.40311268,0.40580824,0.40967682,0.41384977,0.41748157,0.42079476,0.42392817,0.42666942,0.42889023,0.43037647,0.4306224,0.4303587,0.43001136,0.42986435,0.429405,0.42927963,0.42789593,0.427395,0.4274478,,,,,,,,,,,,,,,,,,,,,,,,,,,,,,,,,,,,,0.51353896,0.51000345,0.5058595,0.5015729,0.49767044,0.49478555,0.49341628,0.49384376,0.49622548,0.49865857,0.49559146,0.49098298,0.4860466,0.48026636,0.47194508,0.4598424,0.44588813,0.4318599,0.4202566,0.410442,0.4017836,0.39429235,0.38804212,0.3829879,0.37928304,0.37808985,0.37899777,0.38080245,0.3834947,0.39018315,0.39903772,0.40821657,0.41747153,0.4249569,0.43101358,0.43695903,0.44271678,0.44838083,0.45288807,0.45620775,0.459175,0.46233395,0.46487063,0.4665588,0.4674975,0.46738747,0.46737114,0.468144,0.46982098,0.47093385,0.4711558,0.47108054,0.4705146,0.46977517,0.46882585,0.46778616,0.4666043,0.46540323,0.46418956,0.46310246,0.46210542,0.46134418,0.4607796,0.4604817,0.46023592,0.46004635,0.45978072,0.45907372,0.45803288,0.45732856,0.45695662,0.4565476,0.45608523,0.455694,0.45515478,0.4542351,0.45293507,0.4513976,0.4497479,0.44899774,0.45139152,0.4553521,0.4588105,0.4620391,0.46616885,0.47061762,0.47414714,0.47766092,0.47957698,0.47951153,0.47852027,0.47797582,0.47839394,0.4791643,0.47863123,0.47768334,0.47626543,0.47503474,0.47400537,0.47234657,0.46887934,0.4641078,0.4594893,0.45544395,0.451716,0.44853422,0.44618574,0.444422,0.44319344,0.44240183,0.44189206,0.44154286,0.44128582,0.44108894,0.44087952,0.44067502,0.44068918,0.44096014,0.441643,0.4427008,0.44404376,0.44569075,0.4473989,0.44908094,0.45056587,0.4516409,0.4518767,0.4512923,0.45050454,0.4502536,0.45069465,0.45119613,0.45102972,0.45020518,0.4505996,0.4532727,0.45635188,0.45960677,0.46299413,0.4658168
10.083336,,,,,,,,,,,,,,,,,,,,,,,,,,,,,,,,,,,,,,,,0.32332605,0.3226533,0.32161537,0.32081568,0.32071286,0.31971648,0.31796762,0.31623623,0.313334,0.30992255,0.30613652,0.30281287,0.30025068,0.29713178,0.2935875,0.29080793,0.28869393,0.28821465,0.28817284,0.28778633,0.28722447,0.28631464,0.284585,0.2821753,0.2791437,0.27515203,0.27046758,0.2655562,0.26058263,0.25573432,0.2512225,0.2469407,0.24273124,0.23839635,0.23399763,0.22976747,0.22594988,0.22285615,0.2204667,0.21869689,0.21743445,0.21658432,0.21608603,0.21613784,0.21695471,0.2183187,0.22047608,0.22307712,0.22541392,0.22706974,0.22702369,0.2239282,0.21741031,0.20979974,0.20551577,0.20627111,0.21148716,0.21806683,0.22353055,0.22704752,0.22922279,0.23088409,0.23221105,0.23399767,0.23593616,0.23763415,0.23895997,0.2403179,0.24221641,0.2442465,0.24661036,0.24924815,0.2521698,0.25531405,0.25868803,0.26204503,0.26540664,0.26864693,0.27166978,0.274403,0.2765476,0.27810353,0.27894375,0.27931094,0.27961498,0.2796371,0.2800495,0.28112233,0.28293195,0.28553075,0.28891623,0.29285726,0.29714203,0.3014017,0.30553398,0.3094221,0.3128863,0.31575298,0.31842706,0.3209519,0.3231612,0.3249739,0.32642025,0.327619,0.32868603,0.32947817,0.33010685,0.3306844,0.33113518,0.3314955,0.3318841,0.33222407,0.33244783,0.33253458,0.33210567,0.33113703,0.32997307,0.32880634,0.32752898,0.32605708,0.32454556,0.32317019,0.322,0.3210618,0.32046208,0.32064798,0.32161918,0.32294217,0.32476017,0.32735953,0.33052272,0.3335077,0.33566526,0.3367399,0.33696285,0.33657256,0.33578777,0.33438918,0.33226815,0.3296825,0.3271656,0.325281,0.32452512,0.3255197,0.32716316,0.32901517,0.33093953,0.3328236,0.33542827,0.33807033,0.34065112,0.34335977,0.3462233,0.34914178,0.35174507,0.35390335,0.35560974,0.35703027,0.35814047,0.35900575,0.35961807,0.3599307,0.35999912,0.359865,0.35966328,0.35966554,0.3597777,0.35980016,0.35965884,0.35942632,0.35919517,0.35894653,0.3588145,0.35873878,0.35881945,0.359186,0.36003286,0.36095324,0.36152673,0.36172855,0.3617492,0.36190566,0.36218932,0.36253196,0.36293638,0.36345354,0.3638207,0.3638488,0.36356217,0.3630027,0.36234182,0.36157435,0.36007857,0.3576571,0.3546418,0.35168034,0.34872803,0.34612212,0.3443192,0.34318194,0.34194982,0.33994362,0.33774316,0.33592477,0.33459473,0.33365476,0.3329427,0.3323932,0.33228636,0.3328,0.33418888,0.33678067,0.34040886,0.34488943,0.34971753,0.3543815,0.35854396,0.36215833,0.36546782,0.36874104,0.37194312,0.37516144,0.3784628,0.3817212,0.38484573,0.38753715,0.38950378,0.3907046,0.391164,0.391125,0.3911363,0.39085126,0.38989833,0.38783228,0.3847962,0.3815212,0.37912992,0.37729004,0.37589526,0.37484482,0.3739173,0.3744124,0.376451,0.3798968,0.38397262,0.3881009,0.3918615,0.39810365,0.40543133,0.41173267,0.41617763,0.4192877,0.4214187,0.42251143,0.4222493,0.4208849,0.41902375,0.41652125,0.41400757,0.41355863,0.41461992,0.4152961,0.41566026,0.41548786,0.4146564,0.41332638,0.4119651,0.41135594,0.41125777,0.41095078,0.41029716,0.4093476,0.40778282,,0.40796375,0.40512493,0.40265778,0.40032738,0.3982019,0.3961863,0.39414525,0.39232093,0.39079526,0.39003742,0.39064142,0.39294037,0.3971323,0.40293577,0.40848136,0.41283882,0.41666052,0.42053357,0.42403638,0.42697075,0.4296298,0.4312725,0.43226752,0.43274617,0.43263665,0.43183133,0.43063495,0.42831582,0.4266808,0.42617142,,,,,,,,,,,,,,,,,,,,,,,,,,,,,,,,,,,,,0.517975,0.514448,0.5096777,0.50533926,0.50164545,0.49838132,0.49619612,0.49525696,0.49699157,0.49906924,0.49723577,0.4931785,0.48830983,0.48321462,0.47657523,0.46818137,0.45847705,0.44607735,0.43431678,0.42296693,0.41257927,0.40372652,0.39667347,0.39107126,0.38741782,0.38622463,0.3862636,0.38699234,0.38878956,0.3943059,0.40179378,0.40945852,0.41744906,0.4238635,0.4285829,0.43381044,0.43924764,0.4437333,0.44710228,0.4496049,0.45286053,0.45606062,0.45875034,0.4601352,0.46140227,0.46259904,0.4633898,0.464371,0.46577695,0.46674484,0.4672249,0.46745303,0.46750945,0.46740887,0.46717942,0.4668204,0.46620435,0.46561578,0.46519655,0.4648042,0.46453667,0.46428752,0.46414304,0.464169,0.46406516,0.46380824,0.46297944,0.46183157,0.46067148,0.46003535,0.45988,0.4597247,0.45940873,0.45898238,0.45824546,0.4569243,0.4552387,0.4535582,0.4524357,0.45370343,0.45706734,0.45973372,0.46214235,0.4650283,0.46832973,0.4716244,0.47459182,0.4776337,0.47843322,0.47760954,0.47638798,0.4758987,0.47619167,0.47640315,0.47556698,0.4739549,0.4719721,0.46993575,0.46808466,0.46610713,0.46299332,0.45871305,0.45409602,0.449781,0.44605878,0.44321465,0.4412741,0.4400101,0.43936196,0.43923554,0.43942416,0.4396912,0.43982717,0.439844,0.43984705,0.43990925,0.44018465,0.4407798,0.44172126,0.44287053,0.44404098,0.4453496,0.44668362,0.4480561,0.4495387,0.45088327,0.45163155,0.45149195,0.4505845,0.4497489,0.449827,0.45069423,0.4515989,0.45183524,0.45175207,0.4522826,0.45407498,0.45694667,0.45982352,0.46238482
10.0,,,,,,,,,,,,,,,,,,,,,,,,,,,,,,,,,,,,,,,,0.32624206,0.32525343,0.32340127,0.32233748,0.32151565,0.31931883,0.3167965,0.3143807,0.31050324,0.30621052,0.30174974,0.29797527,0.2948273,0.29076657,0.28614405,0.2828511,0.2807424,0.28012592,0.27935472,0.27849132,0.27742678,0.27615458,0.2741265,0.27200308,0.26914182,0.26562947,0.26193118,0.25815102,0.25422227,0.25036588,0.24659997,0.24301147,0.23952228,0.2358814,0.23204133,0.22808722,0.22424364,0.22072615,0.21768808,0.21522151,0.21353199,0.21248657,0.21191826,0.21180463,0.21228302,0.21348146,0.2154742,0.21792275,0.2204224,0.22253048,0.22328834,0.22194956,0.21820652,0.21303587,0.20935887,0.20847297,0.21059619,0.21491972,0.21919294,0.22199458,0.22389407,0.22572252,0.22746749,0.22924791,0.23091486,0.23256655,0.23415162,0.23568241,0.23759101,0.24004936,0.24293794,0.24601538,0.24935126,0.25298148,0.25685003,0.260846,0.26489654,0.2689105,0.27271527,0.27619603,0.27918327,0.2816391,0.28351521,0.28478706,0.28544858,0.28553513,0.2851815,0.284677,0.28458282,0.28535613,0.28733054,0.2903482,0.2939233,0.29781005,0.30207765,0.30626202,0.30989763,0.3129239,0.31568044,0.31810528,0.32007965,0.32173193,0.32316294,0.32428613,0.32503095,0.3255755,0.32616252,0.32670116,0.3270935,0.32751346,0.32823527,0.3291363,0.3301192,0.3311875,0.3317988,0.33165097,0.33104372,0.3300788,0.32863888,0.32679296,0.32496202,0.32336885,0.32206407,0.32101908,0.32037118,0.3205551,0.3215335,0.32280552,0.324586,0.32706997,0.33002648,0.33292928,0.33517408,0.3363551,0.3367686,0.33654475,0.33580542,0.3345787,0.3329196,0.3308881,0.3288272,0.32739463,0.3270682,0.32794085,0.32899454,0.33028165,0.3318071,0.33380145,0.33627096,0.33863613,0.3411637,0.3440261,0.34715432,0.35031122,0.35312754,0.35541275,0.35713777,0.3585091,0.35959348,0.3604392,0.36107,0.36141357,0.36155492,0.3615583,0.36153463,0.36192846,0.3624478,0.3627682,0.3628479,0.36269954,0.36244056,0.3621247,0.36183995,0.3615596,0.36148897,0.36183065,0.36263302,0.36352393,0.36413437,0.36427525,0.36419407,0.36422226,0.36441717,0.36474678,0.36518753,0.36585307,0.366434,0.36664972,0.36659917,0.36628443,0.3657873,0.36516428,0.36408767,0.36237225,0.36012796,0.3579137,0.35559314,0.3533742,0.35175598,0.35069612,0.34946752,0.34764752,0.3454116,0.3432133,0.34149367,0.34050825,0.33998588,0.34003887,0.34109804,0.3430102,0.3453528,0.34812808,0.35159037,0.35535893,0.3592097,0.36292136,0.36630514,0.36942744,0.3722171,0.37477872,0.37717983,0.3796953,0.38261274,0.38574773,0.38890713,0.39162835,0.39340132,0.3941071,0.39361665,0.39249545,0.39178535,0.3920832,0.3923799,0.3919113,0.39040726,0.38788742,0.38528824,0.38292056,0.38087043,0.38008097,0.3802001,0.38167733,0.3846149,0.3884528,0.39235735,0.3958873,0.39953253,0.40458375,0.41021797,0.41557747,0.41950175,0.42212164,0.4237214,0.42435196,0.42389983,0.42223972,0.41973567,0.41645253,0.4137829,0.4131053,0.41384768,0.4143774,0.4147479,0.414373,0.41319063,0.4118339,0.41102833,0.4108327,0.41023135,0.40911314,0.4080128,0.40742394,0.40624645,0.40319958,0.4002334,0.3969047,0.39416218,0.39132583,0.38874125,0.38661253,0.38480777,0.38335127,0.3823031,0.38177988,0.3824686,0.38515764,0.39019108,0.3969014,0.40310675,0.4075593,0.41184986,0.416265,0.4204985,0.42453688,0.42837408,0.4314271,0.4337203,0.4348572,0.43471426,0.43356732,0.43145102,0.42832506,0.42564744,0.42431942,,,,,,,,,,,,,,,,,,,,,,,,,,,,,,,,,,,,,0.5223265,0.5183796,0.51303226,0.5085972,0.5049173,0.5012479,0.49847436,0.4963291,0.49859974,0.49993974,0.4988083,0.49599683,0.49160865,0.48634914,0.4801642,0.47408372,0.4668288,0.45756528,0.4468174,0.434711,0.4227786,0.41230005,0.40429106,0.39857802,0.39534602,0.39373052,0.392789,0.392638,0.39357245,0.39804637,0.4043024,0.4105261,0.41731557,0.4227221,0.42627612,0.4307375,0.43564108,0.4390606,0.44155073,0.44346902,0.44678217,0.45036462,0.45289755,0.45399573,0.4547541,0.45629153,0.4581527,0.45963952,0.46096498,0.46188217,0.4626073,0.46335736,0.46402347,0.46454796,0.4650843,0.4654274,0.46547502,0.46545473,0.4656095,0.46590903,0.46632725,0.46665874,0.4670096,0.46725634,0.46708822,0.46652433,0.4654906,0.4641139,0.46308988,0.46303302,0.46351105,0.46385905,0.46370643,0.4630748,0.46206295,0.4601347,0.45794344,0.45590344,0.45623997,0.4589773,0.46110082,0.46284437,0.464631,0.4669134,0.46936256,0.47199288,0.4749896,0.47694838,0.4769239,0.47541383,0.47392398,0.47343147,0.4736496,0.47339126,0.47224578,0.47032353,0.46794075,0.4654102,0.46290296,0.4602576,0.4569432,0.45286822,0.44839418,0.4441361,0.44055492,0.43797708,0.43653294,0.43602136,0.43622324,0.43694925,0.4378856,0.43870562,0.43916532,0.43939027,0.43952897,0.43975618,0.44014055,0.4408035,0.4417113,0.4428088,0.44380197,0.44487414,0.44597316,0.44713312,0.44854465,0.44995067,0.4509482,0.451236,0.45072964,0.44969732,0.44908777,0.44957048,0.4508286,0.4521614,0.45232978,0.45188156,0.45263046,0.4545974,0.45697215,0.45922187
9.916672,,,,,,,,,,,,,,,,,,,,,,,,,,,,,,,,,,,,,,,,0.328643,0.32721362,0.32466438,0.3231407,0.321006,0.31751794,0.31463057,0.3115073,0.30680677,0.30156425,0.29647106,0.29204115,0.2876615,0.28258646,0.27742526,0.27408245,0.27136213,0.26980773,0.26814064,0.26660976,0.26513913,0.26397663,0.26234892,0.26019529,0.25729105,0.25438148,0.25149366,0.24841106,0.24538957,0.24248594,0.23966034,0.23694928,0.23433149,0.23167153,0.22885509,0.2258106,0.22279528,0.21974176,0.21672623,0.21385597,0.21140665,0.20955746,0.2084639,0.20795473,0.2080377,0.20888193,0.21054843,0.21279404,0.21528718,0.21739745,0.21832906,0.21830963,0.21695866,0.21392283,0.21057056,0.20844816,0.20889664,0.21160698,0.21482058,0.21678229,0.2182713,0.22008494,0.22164737,0.22299002,0.22438276,0.225795,0.22737885,0.22901317,0.23111011,0.23393407,0.2371383,0.24073039,0.24471678,0.24898387,0.25368112,0.25859356,0.26357138,0.2685878,0.27333626,0.27766436,0.281299,0.28438282,0.28690895,0.28891388,0.29029992,0.29107094,0.29106468,0.290493,0.28959948,0.28880048,0.28882447,0.290035,0.29209948,0.2950652,0.29900914,0.30326864,0.30699158,0.31009302,0.31284267,0.31524503,0.31710145,0.31862706,0.3198999,0.3207282,0.32106707,0.32130137,0.32151973,0.32160124,0.321748,0.32226542,0.32333142,0.32476905,0.32649064,0.32846072,0.33007511,0.3309602,0.33106205,0.33051518,0.3292245,0.3272861,0.3253057,0.32354707,0.32209125,0.32086244,0.32014963,0.3203269,0.32128775,0.32264695,0.32428426,0.32651868,0.3290584,0.3317773,0.33429068,0.3358292,0.33650583,0.33654296,0.33607814,0.33515087,0.33395398,0.33264554,0.33134288,0.3303944,0.3301817,0.33051765,0.3309101,0.33165732,0.33298025,0.33501238,0.33710477,0.33919317,0.3416402,0.34454903,0.3476804,0.35088286,0.35376456,0.356066,0.35769826,0.3589813,0.3599892,0.36079785,0.36147553,0.36188498,0.36211553,0.36224723,0.36269686,0.36399412,0.3651004,0.36568928,0.36586285,0.36568153,0.3652355,0.36478692,0.36457208,0.3643691,0.36416587,0.36437112,0.36508456,0.36602867,0.36673328,0.36694023,0.3668724,0.3668966,0.36713752,0.3676198,0.36831132,0.36914784,0.3699626,0.37039804,0.37047336,0.37029836,0.3697997,0.3689531,0.3678875,0.36646226,0.36470225,0.36298826,0.36134744,0.3597262,0.35848314,0.35753623,0.3565809,0.3552845,0.35357293,0.3517183,0.35016638,0.34918907,0.34894696,0.3497276,0.3516808,0.3542965,0.35702077,0.35992312,0.36323255,0.36643046,0.3692845,0.37207258,0.37467864,0.377125,0.37930638,0.38113406,0.38281414,0.38463578,0.38707444,0.38996392,0.393136,0.39592662,0.39755088,0.39758658,0.39601135,0.39347085,0.39117292,0.39175433,0.39343208,0.3945926,0.3948324,0.39412972,0.3928468,0.39128637,0.38993588,0.3893157,0.38953328,0.391199,0.39393362,0.39718997,0.40058848,0.4035884,0.40706545,0.41135007,0.41558176,0.41980016,0.42311844,0.4249937,0.42593586,0.42606625,0.42536318,0.42349473,0.42052177,0.41651982,0.4133156,0.4121182,0.41255346,0.4130945,0.41369778,0.41348538,0.41211733,0.41067535,0.4101046,0.40957454,0.40788773,0.40579927,0.40443477,0.40438348,0.40285882,0.39954945,0.39507607,0.39125845,0.38792565,0.3848986,0.38212922,0.37983504,0.378125,0.37689435,0.3763158,0.37621188,0.37713462,0.3798628,0.3851108,0.39198223,0.39804682,0.4025595,0.40698698,0.41126594,0.41615546,0.4216695,0.4267467,0.4308627,0.4339168,0.43570897,0.43640596,0.4348306,0.4318475,0.4273207,0.424265,0.4226721,0.42263734,,,,,,,,,,,,,,,,,,,,,,,,,,,,,,,,,,,0.5306511,0.5264445,0.52169985,0.5163388,0.51170504,0.50759506,0.5038928,0.5011145,0.49888474,0.5005122,0.50233984,0.50189024,0.4998782,0.496232,0.49077946,0.48418126,0.47873062,0.4721041,0.4646284,0.45563892,0.44534773,0.43338215,0.42216155,0.41328064,0.40749866,0.40412214,0.40130356,0.39909992,0.39801487,0.3980218,0.40141726,0.40644872,0.41129526,0.41702956,0.42138594,0.42413998,0.42786092,0.43200976,0.43466243,0.43644986,0.43786395,0.44074294,0.4444434,0.4471092,0.44844726,0.44905898,0.45011666,0.45225695,0.45390633,0.45502973,0.45590782,0.45707148,0.45842764,0.45963937,0.46072987,0.46192187,0.46317163,0.46418095,0.4650546,0.46598518,0.46686777,0.46769074,0.4684394,0.4692802,0.46970758,0.46952266,0.46865758,0.46730313,0.46600574,0.46569696,0.4668184,0.46818924,0.46891764,0.46862024,0.46751454,0.46601897,0.4634137,0.4604616,0.45961082,0.46152824,0.46313262,0.46413228,0.4653053,0.4666198,0.46818474,0.46984723,0.47213,0.47479412,0.47581455,0.4750392,0.47302082,0.4712977,0.4707219,0.4706033,0.47000247,0.46868944,0.466484,0.46396175,0.4611997,0.45826638,0.45495558,0.45101592,0.44670773,0.44224495,0.43796876,0.43451622,0.43262872,0.4321667,0.43268892,0.43389925,0.43546918,0.43695143,0.4381186,0.4387744,0.43906492,0.43925655,0.43949956,0.43985245,0.44037896,0.4411061,0.4420312,0.4429647,0.44409844,0.44514713,0.4462528,0.4477065,0.4492005,0.450339,0.4508367,0.45061347,0.44978532,0.44883105,0.44863755,0.44944718,0.45098904,0.45177796,0.4506382,0.45079878,0.45200828,0.45354673,0.4554096
9.833336,,,,,,,,,,,,,,,,,,,,,,,,,,,,,,,,,,,,,,,0.33209628,0.3304254,0.32847056,0.32541534,0.32307142,0.3193517,0.31474996,0.31138685,0.30745286,0.30225375,0.296246,0.2903735,0.28501558,0.27900696,0.27294797,0.26765496,0.26418972,0.26052663,0.25770774,0.25501794,0.25295535,0.25136396,0.2503771,0.24858494,0.24608406,0.24339867,0.24101213,0.23832649,0.23567234,0.23327723,0.23111239,0.22922602,0.22752684,0.225894,0.2244024,0.22292559,0.22131835,0.21962011,0.21779627,0.21568854,0.21332176,0.21083587,0.20842765,0.2063968,0.20501044,0.2045431,0.20486322,0.2061198,0.20833246,0.21058284,0.21226613,0.21287821,0.21298364,0.21313915,0.2118339,0.20883161,0.20618677,0.20583285,0.20776299,0.21009028,0.21157633,0.21269405,0.21415697,0.2153192,0.2160235,0.21697788,0.21815571,0.21964656,0.2214724,0.22387479,0.22694919,0.23060559,0.23487219,0.23957421,0.24468565,0.25029507,0.25628135,0.2622856,0.26828113,0.2740089,0.27933213,0.28387144,0.28774878,0.29087147,0.29321057,0.2947244,0.29561204,0.29591992,0.2957043,0.29508212,0.29417318,0.29321462,0.29261416,0.29283288,0.2944131,0.29732922,0.3009202,0.30438587,0.30753285,0.31032348,0.31279168,0.31468654,0.31597593,0.31689966,0.31737626,0.3172723,0.31700888,0.3166803,0.31646648,0.31676427,0.317878,0.3196369,0.32163748,0.32379177,0.3261037,0.3282129,0.3298343,0.33049548,0.33027697,0.32920626,0.3274772,0.3255214,0.32369456,0.3221174,0.3208007,0.32006475,0.32018542,0.3210751,0.32261392,0.32421827,0.3261772,0.3281171,0.33053347,0.33325928,0.33510157,0.33599785,0.336263,0.33620775,0.33582407,0.33517075,0.33447412,0.3337858,0.33316404,0.33281857,0.3326864,0.33276126,0.33332774,0.3345817,0.336228,0.33794355,0.33982214,0.34211063,0.34483692,0.3478629,0.35098478,0.3537746,0.35593247,0.35743758,0.3587306,0.3597843,0.36066708,0.3613917,0.3618961,0.36225805,0.36264628,0.3639235,0.36639783,0.36814344,0.36879602,0.36886004,0.3685803,0.36809558,0.36739948,0.36703274,0.3670191,0.3671168,0.36725324,0.3676742,0.36864376,0.36958006,0.36999875,0.3700116,0.37010124,0.370444,0.3711095,0.37205744,0.37313572,0.37423655,0.3750455,0.3753617,0.37527472,0.3747471,0.37370944,0.37237802,0.37087145,0.36931628,0.3678339,0.36648688,0.3652834,0.36429715,0.36346266,0.36271253,0.36202517,0.36127344,0.36014134,0.3589979,0.3586009,0.35936782,0.36081064,0.36291364,0.36552733,0.3684086,0.37141195,0.3744681,0.37729874,0.37955725,0.38151488,0.38329586,0.3849851,0.38650662,0.38783017,0.38903472,0.3901166,0.39171177,0.3940166,0.397087,0.40024045,0.40202293,0.40134248,0.39838544,0.39442083,0.3912797,0.3917833,0.3943889,0.39672148,0.39824483,0.39891493,0.39904773,0.39879796,0.3984839,0.3984335,0.39893955,0.40047956,0.40275803,0.4053283,0.4077668,0.4108547,0.41425252,0.41780195,0.4210905,0.42408353,0.4266673,0.42785442,0.42804846,0.42762917,0.42660245,0.42458335,0.42140636,0.4169673,0.41279653,0.4107172,0.41068348,0.4112888,0.41224065,0.41267794,0.41177976,0.41023225,0.40916422,0.40776297,0.40489262,0.4018175,0.4004437,0.40067294,0.39917544,0.3958188,0.3916046,0.38791028,0.38438466,0.38127878,0.37851986,0.3761021,0.3741781,0.37280193,0.37234992,0.37263122,0.3738311,0.37650922,0.3815977,0.38801026,0.39367223,0.3980111,0.40173075,0.40582097,0.41158897,0.4184821,0.42448995,0.42943287,0.4332323,0.4357892,0.43730095,0.43589437,0.43229765,0.42662728,0.42311972,0.42188075,0.42197567,,,,,,,,,,,,,,,,,,,,,,,,,,,,,,,,,,,0.5354458,0.5302858,0.5247969,0.5195873,0.51475656,0.51021475,0.50603765,0.50266415,0.4993945,0.49772206,0.50184554,0.5043341,0.50320727,0.5017288,0.49647358,0.4896508,0.4830006,0.4771454,0.470175,0.46247348,0.4543381,0.4430294,0.43268064,0.42370546,0.41756403,0.4135846,0.40929836,0.4056849,0.4033873,0.40220568,0.40451002,0.40826637,0.4117483,0.41641968,0.41981864,0.4220692,0.4250656,0.42829943,0.43022296,0.43158147,0.43256965,0.4348533,0.43801692,0.44069153,0.44233075,0.4431412,0.4438837,0.44556338,0.44701692,0.44792283,0.44897965,0.4505275,0.45218977,0.45378992,0.4556459,0.45802045,0.46063116,0.4629972,0.46490985,0.46642694,0.4677289,0.46889222,0.4700283,0.47114196,0.4717296,0.4715462,0.47050563,0.46891475,0.4680237,0.4689456,0.47142208,0.47326633,0.473914,0.47327334,0.47156104,0.46935633,0.46611056,0.4640978,0.46542156,0.4660563,0.46627605,0.4666771,0.46713823,0.46801797,0.46893844,0.47005764,0.4721089,0.47390464,0.47433767,0.47301054,0.47059265,0.46864635,0.46775874,0.4671913,0.4663438,0.46481255,0.46252403,0.45988688,0.45684734,0.45337093,0.44934025,0.4447752,0.43997738,0.43532082,0.43125376,0.42852637,0.42763767,0.42828786,0.4299285,0.43196297,0.43391526,0.4355459,0.43684766,0.43769816,0.43812415,0.43850553,0.43877727,0.4391133,0.43952906,0.44009587,0.44087642,0.44181633,0.44293717,0.44403195,0.4452644,0.44693327,0.44860983,0.4498663,0.45052394,0.450379,0.44969767,0.4487365,0.4480489,0.44796678,0.44865397,0.44962436,0.4482874,0.4482753,0.4491488,0.45025444,0.45150742
9.75,,,,,,,,,,,,,,,,,,,,,,,,,,,,,,,,,,,,,,,0.33545095,0.33189568,0.32892343,0.32546648,0.321779,0.31678042,0.3111521,0.30685794,0.30216932,0.2966349,0.29022878,0.28326315,0.27673292,0.26957077,0.26265547,0.25714618,0.2529038,0.24849273,0.24471548,0.24108014,0.2383596,0.23618767,0.23425582,0.23168334,0.2290201,0.22661746,0.2241907,0.22133057,0.21896634,0.21688165,0.21518458,0.21396743,0.21323407,0.21287899,0.21288002,0.21303691,0.21332164,0.21336055,0.21328324,0.21276394,0.21165214,0.21006276,0.20813312,0.20596987,0.20396943,0.20249209,0.2019806,0.2026363,0.20437032,0.20648155,0.20786521,0.20786408,0.20745593,0.20764808,0.20765015,0.20552653,0.2030396,0.20236975,0.20379858,0.20531659,0.20624493,0.20691647,0.20787643,0.2086788,0.20883395,0.20939325,0.21031976,0.21167056,0.21355537,0.21603474,0.21927634,0.22338066,0.22825979,0.23367144,0.2395494,0.2458755,0.25281322,0.25990978,0.26694348,0.27367753,0.27985835,0.285388,0.29005262,0.29400197,0.29714832,0.29929134,0.30060196,0.30102158,0.30073512,0.30002022,0.29916477,0.29818726,0.29721484,0.2965589,0.29672354,0.29797408,0.30011162,0.3026925,0.30541107,0.30797473,0.31037202,0.31232733,0.31364474,0.31449148,0.31454137,0.3138552,0.3130771,0.31245565,0.3122875,0.31315288,0.31510815,0.31757435,0.31997386,0.32242155,0.32489848,0.32701454,0.32862926,0.3294155,0.32950085,0.32884762,0.32741037,0.3255254,0.32370624,0.32212666,0.32088724,0.3202253,0.32027936,0.321118,0.32274243,0.32443243,0.32610145,0.32746053,0.32928878,0.33181787,0.33385676,0.33508265,0.33561593,0.3359066,0.3360235,0.33595148,0.33571514,0.33539355,0.3350259,0.33467093,0.33446008,0.33451656,0.3350528,0.33601964,0.3372277,0.3386232,0.34032097,0.34244853,0.34509465,0.3480243,0.3509379,0.35344133,0.35540316,0.35688856,0.35830832,0.35955215,0.360673,0.36160856,0.36229727,0.3629549,0.36383018,0.36598575,0.3690399,0.37118584,0.37191072,0.37197304,0.37155855,0.37094542,0.37024257,0.36982933,0.36981714,0.37021255,0.37065876,0.37104607,0.37174034,0.37271214,0.37334275,0.37359628,0.37384275,0.37431002,0.3752255,0.3765751,0.37800857,0.37929684,0.38026682,0.38085058,0.3809711,0.3804216,0.37928244,0.37782922,0.3762373,0.37469986,0.37319127,0.37188312,0.37079623,0.36982295,0.3689246,0.36824095,0.368148,0.36818084,0.3676868,0.36748847,0.36840317,0.37020332,0.37217212,0.3744248,0.3770119,0.37978974,0.38242152,0.38494956,0.38714537,0.38896468,0.39040184,0.39160568,0.39277044,0.3938621,0.39495343,0.3958714,0.3964733,0.3972271,0.39844608,0.40097064,0.40454754,0.40674996,0.40555534,0.4013937,0.39643306,0.39376852,0.394073,0.39654723,0.3994259,0.40152228,0.4029275,0.40388072,0.40450943,0.4048415,0.40551397,0.40674812,0.40834224,0.4102131,0.4126076,0.415068,0.41816396,0.42098066,0.42388582,0.42655507,0.4284739,0.4301306,0.43059856,0.43006098,0.4291032,0.42775637,0.42564777,0.42237338,0.41794297,0.41286513,0.4093731,0.40819275,0.4085283,0.40984666,0.41122466,0.4113127,0.4100557,0.40826854,0.40579653,0.4018224,0.39783838,0.39624,0.39658323,0.39549544,0.39257276,0.38895214,0.38543448,0.38212353,0.37905207,0.37634572,0.37392098,0.37183747,0.37034568,0.369836,0.37039202,0.37182763,0.37443116,0.37890685,0.3843686,0.3895877,0.3934231,0.39659634,0.40079504,0.40741053,0.41521502,0.4218289,0.42733157,0.43206194,0.43548554,0.43741077,0.4370625,0.4333854,0.4278377,0.42304534,0.42166474,0.42155626,,,,,,,,,,,,,,,,,,,,,,,,,,,,,,,,,,0.5447196,0.54006183,0.53409666,0.5283592,0.5229024,0.5177509,0.5130538,0.50838846,0.503639,0.49821368,0.49227777,,,,0.50430804,0.5023238,0.49646285,0.48807746,0.48156872,0.47578323,0.46871608,0.46109888,0.4519579,0.44351867,0.4351552,0.4287602,0.42352238,0.41781124,0.41252455,0.40862277,0.4058747,0.40710512,0.40969643,0.41192785,0.41539767,0.41802162,0.4196756,0.42185372,0.42403606,0.42542621,0.42667833,0.42750826,0.42923757,0.43144736,0.4337309,0.4354767,0.4363641,0.43697995,0.43828562,0.43932855,0.44015115,0.44130164,0.44282702,0.44483462,0.44712546,0.44998577,0.45364812,0.45786205,0.4617158,0.4647622,0.4671147,0.4688257,0.47021165,0.4715577,0.47291368,0.47379375,0.473428,0.47197458,0.47039658,0.47039598,0.47269964,0.47569537,0.47751975,0.47797525,0.47727084,0.47529823,0.47252277,0.4696465,0.47022754,0.4705207,0.4693945,0.46893936,0.46851614,0.4682742,0.46870783,0.46901608,0.47003305,0.47164527,0.472665,0.47266874,0.47090852,0.46808532,0.46585295,0.46461728,0.4636194,0.46249357,0.46081695,0.45844468,0.45560655,0.45215082,0.44804072,0.44333515,0.4382224,0.43303236,0.4283648,0.4247716,0.42287338,0.42288554,0.4244266,0.4268526,0.4293469,0.4314109,0.4330829,0.434457,0.4354726,0.43610087,0.43662667,0.43698114,0.4373286,0.43771568,0.43820852,0.4388999,0.43979993,0.44079256,0.44203478,0.44382054,0.44604078,0.44808033,0.4494339,0.45021477,0.4501727,0.44946346,0.44847524,0.44746065,0.44643763,0.4458866,0.44626704,0.44514716,0.44476876,0.4459875,0.44737378,0.4478883
9.666672,,,,,,,,,,,,,,,,,,,,,,,,,,,,,,,,,,,,,,,0.3386334,0.33320308,0.32835847,0.32415098,0.31910256,0.31309453,0.30683157,0.30149338,0.29569674,0.2896868,0.28296697,0.2750637,0.26728943,0.25973806,0.25241357,0.24632409,0.24113138,0.23612,0.23167023,0.22723095,0.2232784,0.21977104,0.21657278,0.21315618,0.20992371,0.20689014,0.20367926,0.20038232,0.19771434,0.19559066,0.19431053,0.19375207,0.19401392,0.19498049,0.19653401,0.19841295,0.20067813,0.20296979,0.20480448,0.20648494,0.20737734,0.20755075,0.2070743,0.2057058,0.20403947,0.20218466,0.20101365,0.20073113,0.20160104,0.20315193,0.20410907,0.20366201,0.20272432,0.2021682,0.20233396,0.20156848,0.19970499,0.1987819,0.19968835,0.20063607,0.20092294,0.20105816,0.20150082,0.20184387,0.2015499,0.20148155,0.20189881,0.20286863,0.20449679,0.2069333,0.21044447,0.21500416,0.22048132,0.22658959,0.23314549,0.2402046,0.24788332,0.25585067,0.26378688,0.2713692,0.27837625,0.28472874,0.2903825,0.295266,0.29941228,0.302661,0.3048781,0.30602622,0.30618477,0.3055253,0.30411872,0.30264908,0.30163112,0.30105072,0.30076957,0.3008888,0.3015962,0.30288053,0.30452394,0.30644774,0.30847752,0.31036103,0.31180865,0.31261367,0.31231272,0.31126842,0.3099702,0.30898347,0.30883488,0.31015038,0.3123905,0.314836,0.3175521,0.3207487,0.3238622,0.3259176,0.32701004,0.32777938,0.32826936,0.32809153,0.3269979,0.32526812,0.32353303,0.3221541,0.3211897,0.32079673,0.32091972,0.32165304,0.32319266,0.3249154,0.32621473,0.3271924,0.32839876,0.33022374,0.3322123,0.33365294,0.3343756,0.33492294,0.33539006,0.33568987,0.33579135,0.33578128,0.3357358,0.33563215,0.33562872,0.33577067,0.33619535,0.33689466,0.33785623,0.33913642,0.34075293,0.34283984,0.34558436,0.3484414,0.35109162,0.35333598,0.35528785,0.35703787,0.35872307,0.360224,0.36157456,0.36268744,0.36359465,0.36468214,0.3660026,0.36845994,0.3715863,0.37367266,0.37447515,0.37481862,0.3744602,0.3737735,0.37314957,0.37309554,0.37323838,0.37369314,0.3744381,0.3751056,0.37557015,0.3762264,0.37690884,0.37749538,0.37802026,0.37877372,0.37998733,0.3817147,0.38355762,0.38507226,0.3860935,0.3867615,0.38694566,0.38638633,0.38514447,0.38356432,0.38191774,0.38038412,0.37891734,0.3777166,0.3767296,0.37562007,0.37467003,0.37442034,0.3748699,0.37539726,0.37581724,0.37697574,0.37889034,0.38106835,0.38325074,0.3855237,0.3877933,0.39000526,0.39202335,0.39386886,0.39550537,0.39717233,0.39869773,0.40007186,0.40131915,0.40228674,0.4030926,0.40362734,0.40388826,0.40403712,0.40423676,0.40588048,0.4092756,0.41157916,0.41056615,0.40622172,0.4009935,0.3981579,0.39809763,0.3998104,0.40276623,0.40493658,0.40648893,0.40757266,0.4085274,0.40967625,0.41114235,0.41310447,0.41511762,0.4171568,0.42008314,0.4229425,0.42542225,0.42752934,0.4298013,0.43170756,0.43277094,0.43352374,0.43331364,0.4321959,0.43073174,0.42904398,0.42683277,0.4235265,0.41923594,0.41394633,0.4090605,0.40610662,0.40535092,0.406664,0.40895084,0.4101723,0.40928686,0.407152,0.40389445,0.39919943,0.39454737,0.39239734,0.39241734,0.39171705,0.38936412,0.3862903,0.3831309,0.38010406,0.37714198,0.3745167,0.3722005,0.370184,0.36871347,0.36827588,0.36899644,0.37048298,0.3728788,0.37649712,0.38094682,0.38556153,0.38920006,0.39211348,0.39632338,0.4033637,0.41163874,0.418557,0.4244728,0.4301493,0.43431592,0.43692347,0.43757564,0.4349813,0.42945656,0.42420396,0.42183885,0.42136607,,,,,,,,,,,,,,,,,,,,,,,,,,,,,,,,,0.5542944,0.549762,0.5446537,0.53847057,0.53257114,0.5265463,0.52083176,0.51603776,0.5125174,0.5062732,0.49956888,0.4931381,,,,,0.5048313,0.5000108,0.49421814,0.48649928,0.48036966,0.47386238,0.4664117,0.4595281,0.45272452,0.4460912,0.43931875,0.43172336,0.4247271,0.41832346,0.41298872,0.40871462,0.40911847,0.4107244,0.41186234,0.41405094,0.4159759,0.4169706,0.41807494,0.41920677,0.42040437,0.42168117,0.42250738,0.42383632,0.42512205,0.4268844,0.42843783,0.42922145,0.429725,0.4306055,0.4312838,0.43200347,0.43325025,0.4347896,0.4369189,0.43973258,0.44366708,0.4490372,0.45534775,0.46077594,0.46481574,0.46773437,0.46985385,0.47167417,0.47346458,0.4748383,0.47554168,0.47476792,0.47308922,0.47201183,0.4730563,0.47585237,0.4785741,0.4802021,0.4808039,0.48043087,0.47894993,0.47647423,0.47494015,0.47511908,0.47382188,0.47207934,0.4707914,0.46949783,0.46885827,0.46863297,0.46868205,0.46964282,0.47056308,0.47104305,0.4705647,0.46856502,0.46546128,0.46294212,0.46140975,0.4600793,0.45870662,0.45690596,0.45434096,0.45115528,0.44725206,0.44260338,0.43741035,0.43190876,0.42649662,0.42183372,0.41864926,0.41752285,0.41831082,0.42046076,0.42332172,0.4260708,0.42814848,0.42971182,0.43091387,0.43186232,0.4325287,0.43312645,0.43365726,0.43417886,0.4346649,0.43524823,0.436016,0.4369143,0.4379799,0.43956015,0.44191253,0.44467995,0.4472688,0.44885266,0.4496792,0.44976932,0.44899014,0.44779295,0.44618976,0.4441894,0.44267535,0.44228664,0.4412136,0.44122416,0.44259608,0.44392803,0.44387296
9.583336,,,,,,,,,,,,,,,,,,,,,,,,,,,,,,,,,,,,,,,0.33901522,0.33291367,0.32721168,0.3212164,0.3151365,0.30857426,0.30194023,0.2955588,0.28847408,0.28144965,0.27416626,0.26569405,0.25699425,0.24935934,0.24206996,0.23560135,0.22983803,0.22432078,0.2192195,0.21422932,0.20940796,0.20485434,0.20057756,0.1962738,0.19214562,0.18808779,0.18401678,0.17995878,0.17641746,0.17359923,0.17197534,0.1713527,0.17181933,0.17335813,0.1759294,0.17929041,0.18336594,0.18797107,0.19217071,0.19619809,0.19960888,0.20195568,0.20376119,0.20433907,0.20397677,0.20278965,0.20142445,0.2004955,0.20030269,0.20080131,0.20118728,0.20047913,0.19892037,0.19778608,0.1972994,0.19710022,0.19642515,0.19539627,0.19557485,0.1960015,0.19584362,0.19546804,0.19527496,0.19503693,0.19421668,0.19333217,0.19291407,0.1931062,0.19423127,0.19674219,0.20067127,0.20593986,0.21221277,0.21915935,0.22644317,0.23431094,0.24280958,0.25157773,0.26025963,0.2686261,0.27634674,0.28323174,0.2894235,0.2948816,0.2997188,0.30371234,0.30690086,0.30933934,0.31078073,0.31103203,0.3097302,0.30769777,0.30582517,0.3047901,0.30444917,0.30443698,0.30451095,0.30497095,0.3059037,0.30707183,0.30823162,0.30935583,0.3102892,0.3108465,0.31053838,0.30939636,0.30784518,0.30637103,0.30574286,0.30670923,0.3085219,0.31076953,0.3137832,0.31778878,0.32163262,0.3240581,0.32488033,0.32565862,0.32657528,0.32686993,0.32615772,0.32476258,0.3233899,0.32240948,0.3219,0.3219422,0.32231513,0.3229812,0.32418546,0.32547808,0.32627857,0.32702062,0.32785577,0.32906118,0.3306372,0.331887,0.33258736,0.3332686,0.33396798,0.33443606,0.33473325,0.3349859,0.33527592,0.33545935,0.3356577,0.33600345,0.3366193,0.33741456,0.33843172,0.33975115,0.34146243,0.34360194,0.3464218,0.34920454,0.35166302,0.35395983,0.35612917,0.3581512,0.35998392,0.36154428,0.3628344,0.36389846,0.3649993,0.36634135,0.36794868,0.3702557,0.37352446,0.37537703,0.37620154,0.37682003,0.37677652,0.37640604,0.3762795,0.37665153,0.37702766,0.3775159,0.37827143,0.37903497,0.3795572,0.3800909,0.38086438,0.38173112,0.3826124,0.38376647,0.3853549,0.38732603,0.38947913,0.39138848,0.39239648,0.39285514,0.39284334,0.3921579,0.39086893,0.38917568,0.38739535,0.38588166,0.38474345,0.3836964,0.3830115,0.38229996,0.3821468,0.38274407,0.38357207,0.38443407,0.38577652,0.38768855,0.389754,0.39184895,0.39373186,0.39540926,0.39693248,0.3983407,0.39983413,0.40140015,0.4031703,0.40535188,0.40775275,0.4099117,0.41162756,0.41258103,0.4128717,0.41275355,0.4125323,0.41220653,0.4115238,0.41198227,0.41428757,0.41651484,0.41589612,0.4122316,0.40714735,0.40329292,0.4024641,0.40374717,0.4062185,0.40807807,0.4090893,0.4101814,0.4117467,0.414002,0.41641024,0.41884497,0.4217204,0.42488265,0.4276785,0.42990315,0.43191257,0.43376002,0.43540752,0.43645796,0.43677557,0.4368303,0.43616596,0.43463272,0.43268627,0.43057448,0.42817855,0.42496336,0.42087823,0.41586897,0.41038075,0.4059437,0.40353528,0.40388998,0.40629786,0.40855232,0.40827182,0.40607816,0.40235037,0.3972542,0.3920643,0.38900098,0.38825142,0.38763195,0.3859083,0.38356104,0.3810231,0.3782893,0.37549534,0.37297663,0.37081128,0.3689708,0.36763534,0.3673444,0.36809182,0.36945438,0.37151614,0.37429288,0.3777201,0.38166288,0.3852555,0.38825402,0.3922468,0.3989896,0.40732345,0.41430122,0.4206115,0.42703024,0.43218634,0.43536437,0.4366319,0.43532112,0.43080714,0.4258292,0.42228058,0.42168742,,,,,,,,,,,,,,,,,,,,,,,,,,,,,,,,,0.56087905,0.5555586,0.5497265,0.54322714,0.53693527,0.5302371,0.5241016,0.519243,0.5159665,0.5097626,0.50275415,0.49596062,0.48935446,0.48434892,,,,,0.4959593,0.4917185,0.48508078,0.4785891,0.47133887,0.46513003,0.45830026,0.4525216,0.44526228,0.4368024,0.42907208,0.42205015,0.4159905,0.41076982,0.41058725,0.411372,0.41156226,0.4124606,0.4135117,0.4138706,0.41399708,0.41434622,0.4154675,0.41676727,0.41760728,0.418638,0.4194868,0.4208054,0.4217534,0.42226654,0.42247117,0.42276886,0.42327425,0.4240019,0.42522845,0.4268968,0.42940196,0.4329545,0.4379602,0.4447793,0.4526052,0.45955804,0.46479145,0.4682101,0.47095233,0.47341785,0.4752633,0.47625265,0.47664016,0.47579807,0.47434646,0.47380242,0.47526118,0.4778946,0.48018962,0.4815703,0.48230153,0.48221648,0.48136687,0.47978497,0.47850254,0.4770871,0.47535953,0.4734214,0.47151494,0.46980545,0.46863052,0.46789104,0.46794727,0.46843976,0.4688134,0.46890327,0.46802458,0.4660386,0.46283808,0.46014306,0.45835087,0.45680484,0.45513248,0.45310152,0.45023325,0.44660315,0.44225854,0.43723628,0.43181252,0.42614603,0.42068872,0.41618347,0.4134269,0.41286388,0.41420355,0.41669375,0.41963288,0.4222763,0.42409593,0.42527816,0.42618173,0.42698306,0.42772108,0.4284969,0.42921755,0.43011492,0.43094683,0.43190232,0.43303072,0.4342368,0.43569794,0.43769053,0.44028378,0.44316483,0.44599223,0.44797444,0.4488031,0.4489297,0.44805315,0.44647184,0.44411686,0.4411192,0.43883795,0.43803683,0.43706444,0.43714428,0.43829295,0.43955016,0.43920675
9.5,,,,,,,,,,,,,,,,,,,,,,,,,,,,,,,,,,,,,,,0.3354498,0.33035192,0.32524762,0.31768358,0.31066296,0.30346185,0.29619336,0.28899023,0.2808912,0.2726094,0.26437387,0.25554594,0.24635303,0.23855351,0.23149599,0.22491191,0.2188649,0.21305558,0.2075612,0.20226347,0.1970683,0.19210002,0.1871792,0.18223812,0.17752665,0.17282607,0.16827685,0.16384858,0.15982242,0.15647838,0.15422052,0.15306638,0.15302409,0.15417522,0.15657641,0.15995263,0.164396,0.1697992,0.17586769,0.1821328,0.18845259,0.19328165,0.19711906,0.20026924,0.20232186,0.20287503,0.20218709,0.20121224,0.20028679,0.19977428,0.19940063,0.19850762,0.19659382,0.19449739,0.1933704,0.19283724,0.1929084,0.19228616,0.19171323,0.1915146,0.19094275,0.19007017,0.18922703,0.18826719,0.18683745,0.18511163,0.18365479,0.18287492,0.1835233,0.18630412,0.19099925,0.19720879,0.20441388,0.21214977,0.22011639,0.22862037,0.23784712,0.2472231,0.25666237,0.26581848,0.2741714,0.28145075,0.28798503,0.2939348,0.29922333,0.3036351,0.30738303,0.31071472,0.31331664,0.31481576,0.3147696,0.31318402,0.3105875,0.30854154,0.30772236,0.3075208,0.3074413,0.307596,0.30804905,0.3087364,0.30924612,0.30936146,0.30933112,0.30932254,0.3090824,0.30813614,0.30658308,0.3046479,0.30305874,0.3030181,0.30424967,0.30641246,0.30965626,0.314016,0.31818312,0.32120693,0.32251245,0.3233236,0.32459682,0.32527903,0.32507998,0.32428473,0.32349676,0.32310447,0.32319474,0.32367644,0.3242469,0.3248014,0.3254473,0.32597998,0.32630804,0.32677907,0.32733464,0.3281917,0.32926458,0.33008853,0.33059952,0.33113864,0.33177325,0.33237332,0.3328215,0.33333343,0.33399978,0.3344724,0.33495024,0.33572295,0.3367688,0.3379453,0.33920604,0.34071374,0.34259036,0.34485495,0.3476999,0.35041034,0.35286266,0.35527533,0.3574806,0.35935566,0.36093667,0.36221966,0.363271,0.36431244,0.36560306,0.36701345,0.36874583,0.37132248,0.37433752,0.37591547,0.3768008,0.37773827,0.37826985,0.37844315,0.37880883,0.37949568,0.38018948,0.38084057,0.3815453,0.38226455,0.38292614,0.38371,0.384882,0.3860605,0.38739726,0.38906923,0.39114782,0.39341894,0.3956028,0.3975371,0.39849323,0.39870688,0.39840826,0.39763957,0.39634538,0.394718,0.3928478,0.39149696,0.39108378,0.39073,0.39075753,0.39088106,0.39158264,0.39262787,0.3937258,0.39466962,0.39598978,0.39781383,0.39970416,0.40129972,0.40238357,0.40327227,0.40408498,0.40510932,0.4066235,0.4088101,0.41173232,0.41514075,0.41858092,0.42117655,0.42313161,0.42395246,0.42360038,0.4226383,0.42157674,0.4205533,0.4191354,0.4185089,0.41944966,0.42108133,0.42090085,0.4180042,0.41271874,0.4081682,0.40664113,0.40771264,0.40949428,0.41060302,0.41128537,0.41286612,0.41533628,0.41814876,0.42132545,0.42466304,0.42823955,0.43159154,0.43429703,0.43636394,0.4380247,0.4393754,0.44025663,0.44060874,0.44037813,0.43995845,0.43903235,0.4372228,0.43489015,0.43240017,0.4298254,0.42677358,0.4230189,0.41844022,0.4131352,0.40801063,0.4042945,0.40302503,0.4041824,0.40664342,0.40746963,0.40538883,0.4014712,0.39626628,0.39067808,0.38649595,0.38456443,0.3835954,0.38223314,0.38049024,0.3786464,0.37651813,0.37411857,0.37183657,0.36993316,0.36831883,0.36722097,0.3670176,0.3676035,0.3686763,0.37038028,0.372483,0.37495017,0.37809023,0.38146555,0.38469785,0.38832492,0.39421478,0.40221354,0.40933427,0.4157617,0.42245662,0.42879492,0.43315455,0.43513688,0.43476596,0.43190742,0.4275841,0.42292023,0.4224224,0.4235537,,,,,,,,,,,,,,,,,,,,,,,,,,,,,,,0.57316035,0.5680042,0.5622996,0.5556116,0.5484156,0.54166895,0.53447556,0.5281458,0.5228517,,0.51330394,0.5071819,0.50076026,0.49436605,0.4889256,,,,,,0.49314234,0.49065024,0.48372865,0.4765435,0.47012046,0.46305266,0.4553298,0.44762745,0.43994713,0.43210638,0.4243136,0.41780782,0.41223574,0.41165087,0.4115999,0.41089174,0.4105115,0.4106727,0.41034687,0.40976804,0.40955162,0.4105701,0.4117846,0.41253388,0.41339082,0.41425797,0.41515878,0.41567817,0.41627836,0.41624305,0.4160885,0.4162654,0.41704696,0.41847426,0.42066646,0.42382506,0.42816973,0.4337047,0.4408475,0.4492907,0.45746517,0.46402025,0.46831185,0.4716666,0.4743519,0.47584763,0.47698897,0.4775418,0.47672135,0.47535837,0.47512224,0.4766529,0.47892696,0.48075104,0.48195514,0.48246062,0.48218662,0.48144257,0.48015937,0.47872087,0.47701907,0.47510147,0.4731434,0.47112936,0.46920982,0.4676046,0.46695313,0.46667045,0.46653098,0.46669117,0.466413,0.4653534,0.4634754,0.46040997,0.4576445,0.45567882,0.45394307,0.45190617,0.44946024,0.4462048,0.44212317,0.43736243,0.4321559,0.42676973,0.4212068,0.4159715,0.41190007,0.40954766,0.40929613,0.4108408,0.41337714,0.41599998,0.4180943,0.4195093,0.42028707,0.42089725,0.42150247,0.42225125,0.42319658,0.42411506,0.42548174,0.4269146,0.4285403,0.4303784,0.4323263,0.43442082,0.4367267,0.43921393,0.44176582,0.44441387,0.4467011,0.44770342,0.44776598,0.4468206,0.44483814,0.44192028,0.4381174,0.4349777,0.43360487,0.43264514,0.4322667,0.43322384,0.43436152,0.43386856
9.416672,,,,,,,,,,,,,,,,,,,,,,,,,,,,,,,,,,,,,,,0.33267254,0.327348,0.321536,0.31318974,0.30569953,0.2976438,0.28974378,0.2814508,0.27260444,0.26323688,0.2540669,0.24508317,0.23580803,0.22781144,0.22080892,0.21417071,0.2080114,0.20218132,0.19664231,0.19128732,0.18603948,0.18099408,0.17591472,0.17076401,0.16569196,0.16059151,0.15572993,0.1511231,0.14704797,0.14360823,0.14101624,0.13956386,0.13938591,0.14054763,0.14293452,0.14621502,0.15036958,0.15543775,0.16114065,0.16751578,0.1746597,0.18193944,0.18864085,0.19402288,0.19768444,0.20025569,0.20179841,0.20178583,0.20103255,0.20003007,0.19890048,0.19769965,0.1957411,0.19306922,0.19084759,0.18948472,0.18926874,0.1891953,0.18818103,0.18720788,0.18612504,0.18477832,0.18341182,0.18170358,0.17958495,0.17701623,0.17459151,0.1729425,0.17320329,0.17625043,0.18175238,0.18885516,0.19687127,0.20523956,0.2137468,0.22283459,0.23259008,0.24243592,0.25253633,0.2623499,0.2710905,0.27875394,0.28589928,0.29228896,0.29779702,0.30260935,0.30694026,0.31107178,0.31439254,0.31694266,0.3181101,0.31753945,0.3153269,0.31271335,0.3112567,0.31059968,0.3102483,0.3099724,0.3098447,0.31002295,0.31013164,0.31011426,0.30937976,0.30843726,0.3078552,0.30718648,0.3060831,0.30418056,0.3016577,0.30021998,0.30064353,0.30256137,0.30582234,0.31000566,0.31418502,0.3174808,0.31946316,0.3208654,0.3227375,0.3239216,0.32433003,0.3242262,0.32400337,0.32417634,0.3247066,0.32532606,0.3257558,0.3260726,0.3262929,0.3263156,0.32633242,0.3264747,0.32672167,0.32722643,0.32779992,0.32807884,0.32824138,0.3286231,0.3291698,0.32986164,0.33054188,0.33138397,0.33248398,0.33334258,0.33424592,0.33566612,0.33723632,0.33882654,0.34036472,0.34210047,0.34412396,0.3464814,0.34927547,0.35178754,0.3539097,0.35590476,0.3577654,0.35931772,0.36060768,0.36170897,0.3628744,0.3642177,0.3656582,0.36714777,0.36891863,0.37155136,0.37409472,0.375361,0.3762702,0.37744358,0.37828892,0.37893683,0.37966645,0.38059148,0.38163206,0.38272205,0.38374072,0.38468933,0.38568977,0.38686633,0.38843548,0.3900478,0.3919514,0.39430758,0.3968169,0.39915732,0.40121415,0.40292242,0.403841,0.403997,0.4035324,0.40282616,0.40151665,0.40000048,0.39895904,0.39831927,0.3982122,0.3983871,0.3987996,0.3995645,0.4005959,0.4016825,0.40276405,0.40390262,0.40508235,0.40628552,0.4072863,0.40814832,0.4086648,0.40916663,0.40990913,0.41133526,0.41386673,0.41762382,0.42191485,0.4259798,0.42937616,0.43166736,0.4332891,0.43393913,0.4332719,0.43175966,0.4300697,0.42809424,0.42632163,0.42508116,0.4251223,0.42559755,0.4254965,0.4224784,0.41664734,0.41205677,0.4104488,0.4108612,0.41178983,0.41280225,0.41401088,0.416253,0.41919684,0.4222338,0.42601284,0.4301125,0.43389836,0.4373226,0.44000974,0.4417841,0.44293743,0.44370714,0.44399813,0.44385526,0.44332033,0.442638,0.4415582,0.4397105,0.43728173,0.43463978,0.43199575,0.42912146,0.42571384,0.42158145,0.4168082,0.41163415,0.4071355,0.4043567,0.4036258,0.4048202,0.40640113,0.40516257,0.4014516,0.39642975,0.39079183,0.38578597,0.38246524,0.3805551,0.37895453,0.3772416,0.3756649,0.37415448,0.37235484,0.37055355,0.36916375,0.36802536,0.36735696,0.36731339,0.36767593,0.3684139,0.3696793,0.3713011,0.3729185,0.37502116,0.37784457,0.38119015,0.38460994,0.38958544,0.39676797,0.40395454,0.41045073,0.41732773,0.42459527,0.43025544,0.43336546,0.43363032,0.43205383,0.42935646,0.42369533,0.4231662,0.42413792,,,,,,,,,,,,,,,,,,,,,,,,,,,,,,,0.5883638,0.58424747,0.5767738,0.57000583,0.56122816,0.55007946,0.5432988,0.5356409,0.5271726,0.5222073,0.51716477,0.51232684,0.50580806,0.49918103,0.49426478,,,,,,,0.49222854,0.4890949,0.4815913,0.4738955,0.46803963,0.45916325,0.44980553,0.44151378,0.43406656,0.42606372,0.41892976,0.41338637,0.4123809,0.41144356,0.4099023,0.40831295,0.40760097,0.4066785,0.4055616,0.4047765,0.4053639,0.4064146,0.4070245,0.4079384,0.40887886,0.40973952,0.41067404,0.4114854,0.41156268,0.41133103,0.411385,0.4123931,0.41399845,0.4166575,0.4204565,0.4249802,0.4305273,0.43757287,0.44658732,0.4556439,0.4626441,0.46762404,0.4714094,0.47399932,0.47551438,0.47730824,0.47786683,0.47679687,0.47559646,0.47563857,0.47714016,0.47888806,0.48014382,0.480764,0.48072913,0.4804738,0.47977608,0.47854388,0.47727925,0.47561756,0.47358003,0.47133517,0.46939936,0.46780756,0.46648833,0.46557292,0.46478403,0.46450257,0.46441096,0.46377432,0.46263164,0.46092212,0.45816827,0.4554688,0.4534689,0.45158863,0.4490883,0.44607574,0.44239372,0.4379401,0.43290454,0.42773843,0.42259544,0.41738313,0.41259092,0.4088979,0.40690538,0.4068295,0.40821874,0.41038775,0.41248563,0.41382882,0.41456637,0.414956,0.4153996,0.4158945,0.41663915,0.41768533,0.4188927,0.42071047,0.42281207,0.42531073,0.42803815,0.43076468,0.43340772,0.43601018,0.43841094,0.44048524,0.44276646,0.4450491,0.44637144,0.4463154,0.44541723,0.44330546,0.44005626,0.43569893,0.43160003,0.42929426,0.4280156,0.42755556,0.4281453,0.42892447,0.42844397
9.333336,,,,,,,,,,,,,,,,,,,,,,,,,,,,,,,,,,,,,0.33357552,0.33239102,0.33054328,0.3246467,0.3168027,0.30800635,0.30019403,0.29156226,0.28298056,0.2734034,0.26360047,0.2533487,0.24335466,0.234224,0.22514586,0.21698447,0.20987077,0.20331712,0.1972928,0.19171111,0.1863301,0.1811148,0.17608376,0.1710922,0.16610822,0.16102451,0.15587805,0.15058187,0.1454426,0.14050089,0.13616359,0.13251448,0.12973931,0.12805223,0.12760846,0.12870374,0.13143641,0.1354012,0.1404525,0.1464862,0.15268368,0.15882514,0.16487013,0.17132863,0.17854229,0.18587193,0.19201462,0.19553024,0.19886947,0.2008253,0.20132129,0.20084871,0.19963722,0.19804335,0.19596274,0.19328144,0.19023581,0.18734765,0.18612818,0.18605419,0.1851609,0.18331459,0.1815228,0.17974652,0.17794615,0.17562428,0.17278455,0.16941714,0.1661812,0.16388349,0.16385847,0.16698745,0.17312005,0.18096307,0.18964484,0.19852708,0.20758171,0.21714105,0.22707884,0.2371926,0.24777922,0.25792634,0.26687545,0.2751907,0.28306076,0.2897024,0.29515195,0.3003704,0.30566853,0.3108854,0.31496596,0.31807637,0.32016653,0.32050252,0.31909335,0.31659454,0.31472993,0.31389156,0.31314692,0.31229872,0.31166726,0.31116602,0.310884,0.31092557,0.31035227,0.30906117,0.30773425,0.3067269,0.30593538,0.30448234,0.30167723,0.29898417,0.2982932,0.29968184,0.30259508,0.30633846,0.31006736,0.31332412,0.31603268,0.31854734,0.32096717,0.32283917,0.32376772,0.32408658,0.3242063,0.32467708,0.32532492,0.32584298,0.32609025,0.3263088,0.32636023,0.32620594,0.32599643,0.3258399,0.3258175,0.32592124,0.32599753,0.3259,0.3257877,0.3259554,0.3264602,0.3272603,0.32820007,0.32933924,0.33077028,0.33210123,0.3336387,0.33576074,0.3379491,0.33993208,0.34172216,0.3435541,0.34561893,0.34794003,0.35037175,0.35220212,0.35360995,0.35500965,0.35659862,0.35804635,0.35941994,0.36072493,0.36236972,0.36414027,0.36579672,0.3673726,0.3688015,0.37067047,0.3726796,0.3739307,0.3747051,0.37582546,0.3767896,0.3777652,0.37893823,0.3802603,0.3818219,0.38342896,0.38504392,0.38656238,0.38808784,0.389744,0.39170593,0.39379436,0.39618182,0.39896378,0.4015885,0.4037823,0.4056239,0.40712667,0.40806243,0.40833512,0.4080156,0.40760788,0.40710604,0.40651286,0.40603155,0.40550926,0.40510878,0.4053659,0.4058841,0.40688202,0.4080457,0.4090263,0.40983164,0.41068077,0.4114037,0.41206166,0.41239402,0.4128301,0.4133912,0.414139,0.41561535,0.41827428,0.42247328,0.42742068,0.43192518,0.4357197,0.43844107,0.4402228,0.44130617,0.44160107,0.44082862,0.43916523,0.43697035,0.43449798,0.4326503,0.43124846,0.43057933,0.43022215,0.42932495,0.425271,0.41895396,0.41431543,0.4125259,0.41294435,0.41422254,0.41575968,0.4174334,0.42035922,0.4236685,0.42724937,0.43124843,0.43512717,0.4387736,0.44191906,0.44420496,0.44554353,0.44623724,0.44655997,0.44647402,0.44603044,0.44541678,0.44463515,0.4435067,0.44185886,0.43960747,0.4370417,0.4344004,0.4316417,0.42858517,0.4249349,0.4206806,0.4158716,0.41118723,0.40743983,0.40508187,0.40429974,0.4050687,0.40509817,0.40230924,0.39774603,0.39218706,0.38680527,0.3824828,0.37938806,0.377013,0.37471935,0.37270543,0.37116024,0.36974323,0.36842173,0.3675725,0.36717364,0.3673001,0.3678842,0.36841297,0.36883897,0.3695776,0.37083495,0.37194857,0.37300843,0.37483495,0.37776375,0.38106236,0.38556498,0.39170453,0.39838138,0.40491894,0.4120152,0.419764,0.4262834,0.43043485,0.43216544,0.43148136,0.4291172,0.42471215,0.42405507,0.42519197,,,,,,,,,,,,,,,,,,,,,,,,,,,,,,,,,,,,0.5036806,,,0.5309338,0.526405,0.52165574,0.51753724,0.5109102,0.5040498,0.4994936,,,,,,,,,0.48516002,0.4767025,0.47159904,0.46420476,0.45361978,0.4436057,0.4356914,0.42769206,0.41984978,0.4142868,0.41267213,0.4110689,0.40881145,0.40608978,0.4044375,0.40303257,0.40159333,0.40036812,0.40020132,0.40090737,0.4013001,0.40224597,0.40342537,0.40479738,0.40624154,0.4073079,0.40798792,0.4083306,0.40892804,0.40995488,0.41148067,0.41415614,0.41800058,0.42240572,0.42790788,0.4353618,0.44519997,0.45468196,0.46101198,0.46623605,0.47042567,0.4733851,0.47526217,0.47716045,0.47728303,0.4760754,0.47512814,0.47525722,0.4763338,0.47735888,0.47811896,0.47802588,0.47769186,0.4778294,0.47726035,0.47621244,0.47479925,0.47295287,0.47080258,0.4688245,0.46723256,0.4658329,0.4646239,0.4636183,0.46294183,0.46253046,0.46193528,0.46100676,0.45984906,0.45820567,0.45581412,0.45338404,0.45148647,0.4494158,0.44643366,0.44294688,0.43892887,0.43423155,0.42915085,0.42415756,0.41931295,0.41452816,0.4101177,0.40669236,0.4050402,0.40513536,0.4061129,0.40743357,0.40881756,0.40942818,0.40945294,0.4095064,0.4098076,0.41033754,0.41120234,0.4123639,0.41392726,0.41610685,0.41874114,0.42198405,0.42545995,0.428834,0.4319905,0.43496093,0.43748853,0.43935767,0.44098216,0.44307205,0.44463602,0.44470432,0.44378158,0.44179872,0.4385141,0.43396488,0.4290515,0.4256675,0.42382845,0.42305544,0.423155,0.4236236,0.42338932
9.25,,,,,,,,,,,,,,,,,,,,,,,,,,,,,,,,,,,,,0.3352949,0.33284205,0.32871774,0.32107094,0.311338,0.30268893,0.29458886,0.2857001,0.27633747,0.2657177,0.2549994,0.2439342,0.23301356,0.2232574,0.21423177,0.20608921,0.1989469,0.19249569,0.18675427,0.18147457,0.17639728,0.17147814,0.16679333,0.16206099,0.15737076,0.15253375,0.14761655,0.14250483,0.13743943,0.13247341,0.1279454,0.1241093,0.12120535,0.119287275,0.11841108,0.119101375,0.12153075,0.12549658,0.1309894,0.13812484,0.14596348,0.15379144,0.16075128,0.16664053,0.17198189,0.17792581,0.1845043,0.19051486,0.19519125,0.19861463,0.20053291,0.20111138,0.20062019,0.1991405,0.1970323,0.19433184,0.19094522,0.1870404,0.18416493,0.18321322,0.18235439,0.1801,0.17748545,0.17516063,0.17295974,0.17021047,0.16680236,0.1627423,0.15873288,0.155985,0.15577511,0.15886714,0.16536357,0.17383192,0.18299711,0.19223186,0.20168673,0.21154757,0.22139597,0.23148713,0.24213605,0.25198027,0.26126632,0.27064902,0.27879006,0.2855514,0.29137722,0.29736874,0.3039219,0.31017226,0.3151935,0.31867853,0.32132548,0.32250133,0.32183537,0.31973308,0.31767815,0.3167728,0.31600064,0.31497124,0.3138975,0.31269893,0.31184578,0.3115827,0.31126893,0.31043112,0.30899462,0.307307,0.3059615,0.30472505,0.30228356,0.29910246,0.2973061,0.29787344,0.3001968,0.30344132,0.30646607,0.3093064,0.3126267,0.31594568,0.31851396,0.32072258,0.3222118,0.32286042,0.32315895,0.32377845,0.3244678,0.3249958,0.32536566,0.3256344,0.32558018,0.32523516,0.3247957,0.32444814,0.32415113,0.3239371,0.32374212,0.32351857,0.3233448,0.323354,0.323791,0.32456508,0.32559472,0.32690343,0.32847357,0.33027065,0.33268595,0.33552107,0.3382173,0.34059662,0.34262222,0.34444296,0.34634003,0.34831244,0.34986332,0.35086438,0.35188326,0.35306984,0.35466716,0.35618082,0.35771957,0.3594114,0.36156598,0.36382455,0.3658057,0.36746624,0.36854464,0.36951882,0.37074208,0.3719491,0.37267128,0.3737463,0.37460974,0.3758181,0.37749287,0.37954858,0.3818796,0.38419184,0.3865106,0.38858753,0.39049914,0.39258415,0.39501345,0.39743605,0.39998296,0.40262482,0.4050448,0.40696338,0.40852833,0.40997204,0.41107076,0.41159865,0.41233036,0.41272968,0.41270277,0.4125779,0.41204736,0.41146266,0.41127035,0.41161358,0.41222098,0.4130082,0.41365302,0.41417286,0.41470313,0.4152337,0.4156266,0.41559464,0.41589057,0.41655266,0.417706,0.41928154,0.42183697,0.425741,0.4308743,0.43582737,0.44014114,0.4437409,0.44608638,0.4474679,0.448048,0.44760814,0.44631657,0.44413126,0.44173533,0.43943456,0.4378304,0.4364958,0.4350334,0.4339538,0.43152294,0.42631343,0.4198052,0.4155464,0.41437197,0.41575173,0.41753295,0.419097,0.42132232,0.42467102,0.4284296,0.4324726,0.43630207,0.4397327,0.4427953,0.4451864,0.44687724,0.44771072,0.4480476,0.44808936,0.4477955,0.44723833,0.44663233,0.44588587,0.44488198,0.44359955,0.4417322,0.4393492,0.4367576,0.43406406,0.43113744,0.4278258,0.42411262,0.4199878,0.4157334,0.41176707,0.40841305,0.405943,0.40482622,0.40489668,0.40354374,0.39998996,0.39481562,0.38912705,0.3840339,0.37995505,0.37668464,0.37363955,0.3708216,0.36857453,0.36689895,0.36557868,0.36496085,0.36519757,0.36616465,0.36772922,0.36905652,0.36959314,0.3700069,0.37097386,0.37194255,0.37246656,0.37320736,0.37502947,0.37790102,0.38206366,0.38744146,0.39314604,0.39926985,0.4063133,0.41425666,0.42149198,0.42637864,0.42967087,0.43081817,0.42880547,0.42633814,0.42538875,0.42650506,0.42775762,,,,,,,,,,,,,,,,,,,,,,,,,,,,0.3332728,0.3304645,0.35751283,0.3797075,0.3886883,0.3867222,0.38983995,0.408463,0.4210512,0.48343036,0.5351337,0.53619295,0.5331606,0.53027993,0.5229675,0.51295143,0.5041685,,,,,,,,,0.48774314,0.4801456,0.47474805,0.46895286,0.45886388,0.4474282,0.43798286,0.4291731,0.4204976,0.41491026,0.4127373,0.4105991,0.40774035,0.40399632,0.40138087,0.39978445,0.3980507,0.3965465,0.3955858,0.39555603,0.3956863,0.396452,0.39798486,0.3997998,0.40161854,0.40330938,0.4049936,0.4062596,0.40740132,0.40856162,0.41008726,0.4123846,0.41588172,0.42005512,0.42551368,0.43367088,0.44476646,0.45383167,0.45976004,0.4649044,0.46922013,0.47263196,0.47502416,0.4762628,0.47605088,0.4747851,0.47389138,0.47380435,0.47423893,0.47457427,0.47504872,0.47472486,0.47430164,0.4745821,0.4740887,0.47308072,0.4715478,0.46944204,0.46764258,0.4661648,0.46455184,0.46313015,0.4622124,0.46150872,0.46097305,0.46012998,0.45901522,0.45786902,0.4566163,0.4549661,0.45296103,0.45105717,0.44935995,0.4469878,0.44371286,0.4400288,0.43584856,0.43102288,0.426011,0.42118537,0.4165343,0.4119923,0.40786687,0.4048897,0.40372866,0.40385646,0.40410703,0.4044106,0.40494603,0.40484968,0.40444332,0.4042407,0.4043662,0.40497178,0.40609354,0.4074859,0.40936992,0.41173035,0.4146461,0.41832915,0.42235586,0.4263532,0.4301229,0.43342948,0.43616152,0.43810037,0.43925634,0.44088504,0.44252527,0.44300914,0.44195297,0.44007367,0.43708685,0.43262506,0.42734078,0.42291915,0.42021945,0.41873226,0.4181079,0.41821277,0.41844654
9.166672,,,,,,,,,,,,,,,,,,,,,,,,,,,,,,,,,,,,,0.33680105,0.3318465,0.32580674,0.31664416,0.30594254,0.2976271,0.2890243,0.27978534,0.2698292,0.2585935,0.2471812,0.23563881,0.22402257,0.21329601,0.20391268,0.19582233,0.1887461,0.18239681,0.17687078,0.17189832,0.16724683,0.16282317,0.15864263,0.15442446,0.15030217,0.14600202,0.14164507,0.13713293,0.13259743,0.12811352,0.12391182,0.12019406,0.117235236,0.11517066,0.11400848,0.11425923,0.115821235,0.11943389,0.12489383,0.13209088,0.14070486,0.14969194,0.15784001,0.16495663,0.17072202,0.17522171,0.17948386,0.18489385,0.19077007,0.1962211,0.1996634,0.2012071,0.20128322,0.20032199,0.1985385,0.19593722,0.1924346,0.18819551,0.18392867,0.18126562,0.17971908,0.17737545,0.1743229,0.17122762,0.16847938,0.16548581,0.16178235,0.15724833,0.15262912,0.14954378,0.14918587,0.15221754,0.15879616,0.16756397,0.17695716,0.18632288,0.19596928,0.20602185,0.21574636,0.22568934,0.23581615,0.2448788,0.2546908,0.2649877,0.27288675,0.2797212,0.28664607,0.2939437,0.30168244,0.30858812,0.31449053,0.3184986,0.32155555,0.32333675,0.32341105,0.32189447,0.3197704,0.31867075,0.3183013,0.3176327,0.31632417,0.3146529,0.3132806,0.31247312,0.3119798,0.3113878,0.31035826,0.30857852,0.30657429,0.3049692,0.30290973,0.29995307,0.29747337,0.29700235,0.29850993,0.30118793,0.3037024,0.30603388,0.3089274,0.31240955,0.31510258,0.3172409,0.31908977,0.32028043,0.32084158,0.32149944,0.322307,0.3230312,0.32358295,0.32383972,0.32371742,0.32325378,0.32262644,0.32209554,0.32162008,0.3212642,0.32098523,0.32078347,0.32065636,0.3207041,0.32106137,0.32166016,0.3225648,0.32381377,0.32538685,0.32762825,0.33090982,0.33434558,0.33737308,0.34008172,0.34228316,0.34401602,0.34562105,0.3470424,0.34781975,0.34852067,0.34940755,0.35048524,0.3520191,0.3536014,0.35528362,0.3573302,0.35978705,0.36248583,0.36488733,0.36691803,0.3684066,0.36927044,0.3698381,0.3706479,0.37141138,0.3723574,0.37325653,0.3746952,0.37689662,0.3795483,0.38245162,0.38553652,0.38839543,0.39080623,0.39297658,0.39522886,0.39769346,0.40016836,0.40268528,0.4051184,0.40722644,0.4089048,0.41032848,0.41170833,0.41300783,0.41480565,0.41644242,0.41690275,0.41680568,0.41660434,0.41651353,0.41652712,0.4166257,0.4166657,0.4169853,0.41739416,0.4174897,0.41760504,0.41796294,0.41821516,0.4183132,0.41819903,0.4188888,0.42043516,0.4222595,0.4243558,0.42760476,0.4323225,0.4376697,0.4423875,0.44655076,0.4499052,0.45196176,0.45314234,0.4531723,0.45190337,0.4500397,0.44776967,0.44533795,0.44329897,0.4421222,0.44032192,0.43833992,0.43627992,0.4321606,0.42604327,0.4198524,0.4166064,0.4169647,0.4186878,0.42032865,0.42231244,0.425179,0.42900473,0.4331961,0.43736023,0.44083968,0.44356504,0.44574144,0.447287,0.44820914,0.44852874,0.4485976,0.44843438,0.44803998,0.4474939,0.4469569,0.44634622,0.44560415,0.44475007,0.44354838,0.44169062,0.4393024,0.43677858,0.43391085,0.43073037,0.42728275,0.42360303,0.4198713,0.41610345,0.4125365,0.4093404,0.40686464,0.40536597,0.40449387,0.40234566,0.39819476,0.39278314,0.38705716,0.38192353,0.37775815,0.37405246,0.37049127,0.36738262,0.36498818,0.3632897,0.36244845,0.36267462,0.3639668,0.36623782,0.368799,0.37017965,0.37078074,0.37152237,0.37229356,0.3728616,0.3732333,0.3739637,0.37576568,0.37923077,0.3837736,0.3885162,0.39381728,0.4003536,0.4081192,0.41576776,0.42149925,0.4256056,0.42873555,0.42955577,0.42809582,0.42705682,0.42753294,0.42879346,,,,,,,,,,,,,,,,,,,,,,,,,0.34801504,0.34600553,0.3416481,0.33687115,0.3336051,0.32981586,0.3260615,0.32363132,0.3219845,0.3228209,0.3434769,0.3446676,,,,,,,,,,,,,,,,,,0.48355848,0.47818097,0.47243744,0.46331817,0.45140252,0.44041133,0.43021283,0.42067614,0.41521198,0.41249132,0.4098178,0.40653482,0.40209442,0.3988142,0.3968549,0.39491028,0.39307332,0.39156935,0.3908636,0.39069965,0.3912365,0.39267227,0.39451772,0.3967688,0.3991994,0.4017681,0.403867,0.40563503,0.40727812,0.4088771,0.41095027,0.4141971,0.41824237,0.42373753,0.4321789,0.4434545,0.45211807,0.45871767,0.46390834,0.46787125,0.47139958,0.4739084,0.47473738,0.47433716,0.4730241,0.47198036,0.4715034,0.47146076,0.4715093,0.47176093,0.47149235,0.47116682,0.4711935,0.4706677,0.46961206,0.46802574,0.4659063,0.46464375,0.46302682,0.46120355,0.46009946,0.45952842,0.45878208,0.4580144,0.4570051,0.4555923,0.4541759,0.45259735,0.45093063,0.44942302,0.44821846,0.44673446,0.4441793,0.4408349,0.4370544,0.43287867,0.42813227,0.42322087,0.41845706,0.41382682,0.40945232,0.40581927,0.40362373,0.40285087,0.40250826,0.40180054,0.40131655,0.4010133,0.4003501,0.399756,0.39929882,0.39920962,0.40003425,0.4015091,0.40322953,0.40538123,0.40789568,0.41093284,0.41478127,0.4191353,0.42363727,0.42788693,0.4314429,0.4343302,0.4365606,0.43779677,0.43875608,0.44008264,0.44088733,0.43996808,0.43810996,0.43553427,0.43138516,0.42614326,0.42101112,0.41719472,0.41460812,0.41284218,0.41227955,0.41275334
9.083336,,,,,,,,,,,,,,,,,,,,,,,,,,,,,,,,,,,,0.3375498,0.3354481,0.33045742,0.32162642,0.31161562,0.3011674,0.29258904,0.28338048,0.27358547,0.2629733,0.25155503,0.23967227,0.22807322,0.2162855,0.20498997,0.19512291,0.18691856,0.17975852,0.17344373,0.1681112,0.16345184,0.15927438,0.15540072,0.15181485,0.14827812,0.14491476,0.14146248,0.13793404,0.13430269,0.13065648,0.12705202,0.12368294,0.12065494,0.11811221,0.11622966,0.11494307,0.11472121,0.11553713,0.11838313,0.123463355,0.13065141,0.13932385,0.1486225,0.15731503,0.16486524,0.17120601,0.17614931,0.1797925,0.18331808,0.18785389,0.19290008,0.19836119,0.20160541,0.20252548,0.20184979,0.20020603,0.1978322,0.19443075,0.19003975,0.18509737,0.18064031,0.17776677,0.17504667,0.17171401,0.1680115,0.16461329,0.16143622,0.15767434,0.15297012,0.14809316,0.14470525,0.14407375,0.14693812,0.15340212,0.16219495,0.17150313,0.18083315,0.19059074,0.2006612,0.2103043,0.22003855,0.22934704,0.23750506,0.24769942,0.25853667,0.26610067,0.27314818,0.28104538,0.28989238,0.2983442,0.30577117,0.31236306,0.31704843,0.32064313,0.32283065,0.32366914,0.32292074,0.32101545,0.3197726,0.31972453,0.31956744,0.3184157,0.31674203,0.3151312,0.31378838,0.3128916,0.3121996,0.3113274,0.30997047,0.30771762,0.30546415,0.30343902,0.30095235,0.2983394,0.29693094,0.29744643,0.29947737,0.30147016,0.30334198,0.30559346,0.30862886,0.31129774,0.3132786,0.31506,0.31666848,0.31750727,0.3180749,0.31903732,0.319996,0.32064316,0.32089245,0.3208191,0.3203835,0.31968367,0.31898275,0.31846738,0.3181803,0.31794086,0.31770673,0.31758273,0.31773227,0.31811816,0.31865954,0.3194072,0.3204185,0.32188907,0.3245356,0.32828146,0.33195046,0.33517432,0.33801374,0.34036058,0.34206733,0.34347895,0.34454644,0.3450686,0.34561887,0.34639886,0.34736162,0.34854388,0.35007858,0.35201624,0.35431167,0.35702938,0.36004794,0.36285976,0.36539713,0.3677233,0.3694336,0.37041578,0.37099612,0.3716972,0.37270007,0.37396592,0.37566113,0.37788692,0.38051307,0.38360253,0.3869657,0.39003164,0.39273447,0.39507443,0.39719433,0.3994501,0.4019424,0.40452027,0.40681645,0.40877718,0.41035813,0.41162482,0.41281506,0.41444173,0.41700438,0.41845018,0.41925207,0.41990027,0.42034233,0.42072353,0.4208333,0.42069447,0.42037013,0.42027113,0.4202223,0.42012492,0.4199331,0.4199693,0.4198012,0.420034,0.4208949,0.4226407,0.4246363,0.42641914,0.42855337,0.43243477,0.4373702,0.44229707,0.4467124,0.4507199,0.45378688,0.45574042,0.45675957,0.45652783,0.45501155,0.45325094,0.45143184,0.44892663,0.4468242,0.4451549,0.44268408,0.4400498,0.4366238,0.43148953,0.42504832,0.41977903,0.4178983,0.41910246,0.4209862,0.42325765,0.42590168,0.4293324,0.4335696,0.43786284,0.44157383,0.4442921,0.44620353,0.4475735,0.4481947,0.44829917,0.44819692,0.44802934,0.44773048,0.44745827,0.44716826,0.4468649,0.44647798,0.44591036,0.4453455,0.4447251,0.4435841,0.4418064,0.43967834,0.43713316,0.43433994,0.43124956,0.42784947,0.42432705,0.42075232,0.41719452,0.41375673,0.4101755,0.40745017,0.40565386,0.40411097,0.40138012,0.39690873,0.3915032,0.3857921,0.38065937,0.3760737,0.37179062,0.36798206,0.3648961,0.36279437,0.36160812,0.3613948,0.36224252,0.36442518,0.36763707,0.3702674,0.3715967,0.37234017,0.37285903,0.37339556,0.37387377,0.37426,0.37499824,0.3771345,0.38041273,0.38430688,0.38855714,0.3940997,0.4011133,0.40834963,0.41508046,0.42033267,0.42400846,0.4272523,0.42809767,0.42805594,0.42817426,0.42903885,0.42943573,,,,,,,,,,,,,,,,,,,,,,0.35791373,0.3547494,0.35062388,0.34806472,0.34535345,0.34213167,0.33896983,0.3358595,0.33122486,0.32750776,0.3244866,0.32087255,0.31772432,0.31498688,0.33240587,0.34320918,0.34241074,0.33694372,0.3317738,0.33895972,,,,,,,,,,,,0.48744026,0.48096186,0.4741112,0.4653025,0.45429987,0.44268775,0.43166876,0.4210062,0.41502145,0.41137123,0.408128,0.4047216,0.4001133,0.3965474,0.39409998,0.3920635,0.3900911,0.3881786,0.38720876,0.38701412,0.38732225,0.38832262,0.38974535,0.39218685,0.39503708,0.39820054,0.40093637,0.40343606,0.4056629,0.40762275,0.40988225,0.41308784,0.41727102,0.4227207,0.43140274,0.4423821,0.45043537,0.4571841,0.46257117,0.4661015,0.46953976,0.4721605,0.4728706,0.47224683,0.4708488,0.46955115,0.46890768,0.46878615,0.4687461,0.4687975,0.46868962,0.46861896,0.46823832,0.46750963,0.4665427,0.4650401,0.4630368,0.46159104,0.45970586,0.45794418,0.45681676,0.45593625,0.4550752,0.45426145,0.45326573,0.45173422,0.4499005,0.44796476,0.44623557,0.44513538,0.44439837,0.44318125,0.44075403,0.43741718,0.43364862,0.42961848,0.42512956,0.4203522,0.41566214,0.41123053,0.40739927,0.40464365,0.403015,0.40200156,0.4008109,0.39933154,0.39817274,0.3970756,0.39601323,0.39532906,0.39466292,0.39451513,0.39565128,0.39744663,0.39951426,0.40196425,0.4047958,0.40810046,0.4120138,0.41637567,0.4209556,0.42529806,0.42903823,0.4321792,0.43472752,0.436315,0.43692514,0.43753067,0.43828565,0.43778554,0.4360993,0.43369266,0.43014097,0.4251832,0.41966698,0.4147757,0.41070423,0.4072486,0.40523952,0.40521315
9.0,,,,,,,,,,,,,,,,,,,,,,,,,,,,,,,,,,,0.34126768,0.33867282,0.33410844,0.3281173,0.3175911,0.3067751,0.29667464,0.2875607,0.27811983,0.26777813,0.2562591,0.24454732,0.23257172,0.22108898,0.20935725,0.19804925,0.18802738,0.1794498,0.17204574,0.16565903,0.1604323,0.15598908,0.15216292,0.1487565,0.14571689,0.14289077,0.14028127,0.13774134,0.13521038,0.1326962,0.13020794,0.12772769,0.12541063,0.12336304,0.1216224,0.120380886,0.1194009,0.11910724,0.11992169,0.12222026,0.12711693,0.13411944,0.14216125,0.15114017,0.15979847,0.16751724,0.17396517,0.1789246,0.18296231,0.1860901,0.18904603,0.19248207,0.19656457,0.20154087,0.2039998,0.20407526,0.2024221,0.19987853,0.19663918,0.19223781,0.18702708,0.181393,0.17680867,0.17325707,0.1694713,0.165413,0.16159773,0.15820995,0.1544772,0.14982048,0.14500615,0.14141892,0.14035848,0.14290461,0.14920722,0.1578404,0.1667785,0.17610185,0.18598214,0.19584364,0.20527421,0.21475093,0.22355141,0.23084933,0.2406733,0.25177628,0.2596088,0.26651487,0.27479115,0.28442347,0.29353923,0.30152947,0.30858946,0.31404227,0.3184247,0.32115108,0.3226726,0.3226983,0.3214856,0.32048827,0.32062763,0.32072818,0.31988904,0.31844148,0.3168196,0.31530762,0.31411207,0.31321225,0.31235665,0.31124973,0.30917567,0.306457,0.30413726,0.30192453,0.2994593,0.29746473,0.29704577,0.29827243,0.2997914,0.30122036,0.3028414,0.3051467,0.30748284,0.30929977,0.31087235,0.31249928,0.31349427,0.31406125,0.31509024,0.3161432,0.31680667,0.31711823,0.31711665,0.31675777,0.3161024,0.31537715,0.31492373,0.31479424,0.31455445,0.3141875,0.31401023,0.31432328,0.31499612,0.31574124,0.31653956,0.3174461,0.3188734,0.32161236,0.32509753,0.3286117,0.33194938,0.33483553,0.33732337,0.33914146,0.3405175,0.34135887,0.34176716,0.34225962,0.34286332,0.34357488,0.3445566,0.3461159,0.34810805,0.35052323,0.35355118,0.35681313,0.35997272,0.36307088,0.36586267,0.3683611,0.37045652,0.37192512,0.37298787,0.37422213,0.3757847,0.37756175,0.37958357,0.38212964,0.38524303,0.3885153,0.39161325,0.39455974,0.39691842,0.39898112,0.4012543,0.40380216,0.40638053,0.4085789,0.4105493,0.41198206,0.41298285,0.41384217,0.41532713,0.41718692,0.41916445,0.4211938,0.42251042,0.42329592,0.42381668,0.42370453,0.42331463,0.42285967,0.42239374,0.4220627,0.42169237,0.42101052,0.42062512,0.42088637,0.42217386,0.42426965,0.42643312,0.42818272,0.42967588,0.43193343,0.43583384,0.44033054,0.44513786,0.4493539,0.4529178,0.45560852,0.45748097,0.45838508,0.45830262,0.45715696,0.45570037,0.4537881,0.45122,0.448767,0.44642046,0.4434922,0.4398334,0.43516293,0.4296138,0.4236806,0.42046708,0.42061946,0.42223132,0.42455977,0.42732653,0.43023744,0.43379337,0.43782303,0.44165167,0.44451237,0.44639194,0.44753274,0.4481014,0.4479397,0.4475789,0.44722447,0.446907,0.4467575,0.44680825,0.44690502,0.44690838,0.44674346,0.44633776,0.44589734,0.44551942,0.4448653,0.44376898,0.44223794,0.44028863,0.43816137,0.43578112,0.43313354,0.430014,0.42678684,0.4234112,0.41977164,0.41588914,0.4122168,0.40847182,0.406015,0.40363452,0.40050364,0.39617467,0.39120397,0.38585618,0.38048837,0.37538424,0.37096718,0.3673476,0.3647167,0.36307624,0.36243504,0.36253816,0.36383012,0.3664149,0.3696307,0.37202433,0.3732368,0.37366933,0.3739018,0.37419966,0.37454435,0.37489083,0.37565297,0.37755594,0.38062096,0.38382968,0.38801914,0.39370626,0.39964277,0.40652323,0.41316104,0.41733095,0.42107826,0.42429787,0.42692062,0.42852423,0.42944658,0.42998856,,,,,,,,,,,,,,,,,,,,,0.36330244,0.35992435,0.35652047,0.35272166,0.34934562,0.346065,0.3423276,0.33903882,0.33555284,0.33119667,0.32582805,0.32165924,0.31777596,0.31303513,0.31013027,0.29972762,0.29306754,0.28453517,0.27655485,0.2700139,0.26609606,,,,,,,,,,,,,0.4840151,0.47658977,0.4685596,0.45656034,0.44461936,0.4327139,0.42091724,0.41394556,0.40922126,0.40524974,0.40159744,0.3971611,0.3934348,0.39087743,0.3889215,0.3871768,0.3854722,0.38457522,0.38451976,0.38496783,0.38569337,0.38649052,0.38872355,0.3915472,0.39508045,0.3983522,0.40142483,0.40409175,0.4065772,0.4093267,0.4129035,0.4171912,0.4223341,0.4313564,0.44211283,0.4491054,0.45530865,0.46064377,0.4639439,0.46770948,0.47027987,0.47080508,0.4699614,0.46837166,0.46693912,0.4664331,0.46652463,0.46633205,0.466182,0.46621868,0.46637923,0.46588162,0.46495128,0.46392113,0.46256498,0.46075764,0.45897302,0.45705897,0.45519832,0.45345345,0.45204115,0.4510163,0.45012993,0.44907984,0.4474383,0.44527358,0.4431219,0.44129688,0.44020438,0.43944615,0.43831465,0.43617624,0.43310523,0.4294886,0.42564186,0.42138347,0.4169051,0.4127258,0.40911055,0.40622643,0.40409422,0.40234926,0.4007323,0.39884302,0.3967278,0.3946943,0.39287624,0.3916082,0.3909115,0.3903102,0.3905348,0.3919122,0.39391682,0.39620915,0.39895332,0.40223208,0.40596962,0.40997112,0.4140201,0.4182505,0.422516,0.426447,0.42979622,0.4324874,0.43431166,0.43509585,0.43518886,0.43553597,0.43538076,0.43400633,0.43176025,0.4287906,0.42433247,0.41880226,0.4131602,0.40784195,0.40275472,0.39873433,0.39708504
8.916672,,,,,,,,,,,,,,,,,,,,,,,,,,,,,,,,,,0.3445032,0.34341955,0.33889037,0.33254498,0.32407585,0.3131604,0.30254453,0.2927365,0.28335154,0.27327785,0.2626881,0.25069895,0.23833132,0.22644457,0.21494816,0.20321451,0.19212984,0.18212926,0.17328124,0.16575502,0.15934324,0.1541057,0.14975955,0.14611846,0.14305006,0.14045821,0.13831517,0.13650899,0.13487484,0.13337106,0.13201453,0.13074325,0.12942214,0.12815852,0.12710316,0.12616731,0.12574081,0.12558876,0.1259824,0.12765086,0.1303613,0.13540103,0.14206393,0.14950207,0.15750374,0.165327,0.17235005,0.17871581,0.18355805,0.18779606,0.19099201,0.19354308,0.19587077,0.19811836,0.20143116,0.20513274,0.20641829,0.20521909,0.20234475,0.19892381,0.19472566,0.18936418,0.18303436,0.17688474,0.1721506,0.16785118,0.16347423,0.15941031,0.15580803,0.15203314,0.14755142,0.14293684,0.13929836,0.13789709,0.14004159,0.14618008,0.15435359,0.16273637,0.17208838,0.18200274,0.1914843,0.2005261,0.20981266,0.21859524,0.22551903,0.23450594,0.24504413,0.25333455,0.26021764,0.26798236,0.27782884,0.28757116,0.2959049,0.3032797,0.30937502,0.31479898,0.31825864,0.32041037,0.3212188,0.32095936,0.3208779,0.32149127,0.3214492,0.32058814,0.31931844,0.31789553,0.31657094,0.31539235,0.31441036,0.31348586,0.31231356,0.3105079,0.3077377,0.305082,0.302829,0.30052596,0.29837936,0.29731172,0.2977108,0.29877436,0.29979908,0.3006916,0.30206755,0.30387682,0.3055145,0.30691078,0.30819947,0.30929598,0.31016678,0.3110553,0.31193608,0.3124612,0.31278256,0.3128235,0.31262195,0.31210735,0.31154743,0.31125572,0.3111309,0.31073624,0.31024462,0.3101553,0.3107006,0.3117428,0.31290865,0.31399772,0.31506628,0.3167292,0.31936988,0.32227376,0.32527983,0.32840967,0.33143905,0.33394703,0.33586234,0.33721465,0.33790588,0.33820352,0.3386557,0.33910215,0.33964586,0.34052542,0.34196055,0.3438277,0.34633505,0.34953442,0.35290512,0.3564668,0.3599628,0.36294556,0.36586335,0.36867222,0.37118524,0.37326986,0.37498596,0.37698153,0.3790143,0.38115242,0.38386747,0.3870631,0.39026794,0.39336604,0.3962007,0.39855713,0.400788,0.4032502,0.40593705,0.40866217,0.41093206,0.41289276,0.41418,0.4149038,0.41528985,0.4159574,0.41775414,0.42055023,0.42266583,0.42417586,0.42494115,0.42521405,0.42502773,0.42439625,0.4238422,0.4231618,0.4226672,0.42187443,0.42101163,0.4211517,0.42258224,0.4249663,0.42736128,0.4293372,0.43080488,0.43233582,0.43450138,0.43799412,0.44244415,0.4471405,0.45094013,0.45382017,0.45599625,0.45767114,0.458513,0.45849764,0.45758876,0.45601317,0.4538954,0.45140007,0.44879323,0.44575578,0.44199213,0.437671,0.4323058,0.42713034,0.42346513,0.42302632,0.42483115,0.42702398,0.42974064,0.43229717,0.4349638,0.43811968,0.44127363,0.4442051,0.44617674,0.44718003,0.44759268,0.44756255,0.44717675,0.44689226,0.44660696,0.44651815,0.44664004,0.44683728,0.44699034,0.44691703,0.44686627,0.44678783,0.44664627,0.44660062,0.44632876,0.44565907,0.44464216,0.4433183,0.4418128,0.44015965,0.4383584,0.43596658,0.43336356,0.43054765,0.42718655,0.42384824,0.4198175,0.41522938,0.4110999,0.40716878,0.40383574,0.40027353,0.39647847,0.39181054,0.3866238,0.38141078,0.37668747,0.37273145,0.36959532,0.36734366,0.36607718,0.36534598,0.36519516,0.3661758,0.3685575,0.37145615,0.37338382,0.37425363,0.37445417,0.3744175,0.3744539,0.37459925,0.3745076,0.375258,0.3774116,0.37989798,0.382854,0.38704473,0.3916854,0.39747915,0.40359196,0.40813854,0.41288832,0.41750744,0.4219744,0.42609575,0.42958298,0.43167925,0.43416035,,,,,,,,,,,,,,,,,,,0.37014562,0.3663883,0.36171132,0.3569979,0.3522185,0.34865585,0.34533268,0.34156507,0.33703238,0.3317488,0.3272884,0.32195652,0.31725553,0.31370515,0.3101143,0.3080103,0.30127808,0.29889598,0.29190478,0.28351295,0.2763323,0.2723059,,,,,,,,,,,,,,0.47929507,0.47251925,0.46040434,0.44706059,0.4334395,0.42037416,0.41239694,0.40649602,0.40162936,0.39737314,0.3929696,0.38906792,0.38655114,0.38470662,0.38334647,0.38234228,0.38208434,0.38262787,0.38345045,0.38423476,0.38492,0.3868638,0.38955095,0.39316276,0.39676142,0.40018284,0.40323207,0.40621313,0.40959802,0.4136503,0.4179653,0.4225874,0.4315107,0.44144616,0.4477507,0.45363826,0.4585942,0.46161917,0.4656979,0.46814305,0.46861017,0.46760482,0.46580228,0.46432742,0.46394017,0.46424007,0.46404707,0.46369484,0.46382442,0.4642576,0.46371257,0.462502,0.4613544,0.46003655,0.45839232,0.45652494,0.4546778,0.4526673,0.45052102,0.4487567,0.4474021,0.44629803,0.44500598,0.44317117,0.4409215,0.43874943,0.43687087,0.4354301,0.43414745,0.43265513,0.43060964,0.42789423,0.4246023,0.4210573,0.41723981,0.41349846,0.41032454,0.4077653,0.40551978,0.4033162,0.4010973,0.39895678,0.39652368,0.3935985,0.39069077,0.3884534,0.38722032,0.38672516,0.3866665,0.3873918,0.38880548,0.39080513,0.39313135,0.3960912,0.3996932,0.4037706,0.40783513,0.41159236,0.41552326,0.41969705,0.42364028,0.42698625,0.42971733,0.43173084,0.43283185,0.43309438,0.43294242,0.43280593,0.43174887,0.42979735,0.42718098,0.42334363,0.41823068,0.41239423,0.40665907,0.40101135,0.39602426,0.39306274
8.833336,,,,,,,,,,,,,,,,,,,,,,,,,,,,,,,,,,0.3465691,0.34385812,0.3387395,0.32984692,0.3196355,0.3089859,0.2990177,0.28936684,0.2796189,0.26882154,0.25803062,0.24606149,0.23349437,0.22148024,0.20975631,0.19810358,0.18729727,0.17742704,0.16868527,0.16127548,0.15498285,0.14978214,0.14555396,0.14214613,0.13947256,0.13741003,0.13591354,0.13495381,0.13428603,0.13384506,0.1335295,0.13343117,0.13335173,0.13318004,0.1331144,0.133239,0.13363262,0.13460194,0.135959,0.13862033,0.14212707,0.14727543,0.15365788,0.16068392,0.16734733,0.17386594,0.17965473,0.18527167,0.18998109,0.1936065,0.19723815,0.19961016,0.20155881,0.20316887,0.2040989,0.20656322,0.20840238,0.20805815,0.20533963,0.2014803,0.19733928,0.19181858,0.18501818,0.17787582,0.17185283,0.16693744,0.16224796,0.15789078,0.1540636,0.15023315,0.14595266,0.14154004,0.13790528,0.136352,0.13824621,0.14418218,0.1516624,0.15940864,0.16871417,0.17845047,0.18743792,0.1959268,0.20502871,0.21393283,0.221084,0.2294584,0.23892333,0.24703784,0.25447544,0.26180476,0.27119645,0.2812982,0.28975692,0.29718506,0.30374587,0.30996257,0.31453386,0.31757846,0.31922215,0.3200777,0.32103044,0.32171583,0.3213566,0.3204995,0.31946132,0.3182683,0.31718564,0.3162647,0.31546545,0.31453067,0.31321648,0.31147546,0.30891412,0.30604517,0.30366668,0.30145818,0.2994219,0.29803354,0.29775342,0.29834488,0.2990396,0.29943806,0.30000362,0.3011121,0.30226022,0.30307457,0.30393717,0.30509624,0.30606204,0.30683598,0.3075172,0.3079649,0.3082163,0.3083007,0.3082165,0.30797386,0.30770683,0.30757603,0.30739853,0.3069922,0.30662397,0.3067688,0.30744982,0.30869442,0.31021452,0.31162858,0.3131825,0.31542838,0.31816775,0.32060963,0.32279736,0.32531452,0.32830656,0.33078077,0.33266827,0.33395636,0.3346091,0.33480868,0.33514893,0.3354262,0.3358133,0.3365503,0.33775398,0.3393909,0.34179348,0.34501496,0.34858015,0.3525032,0.3561431,0.35935423,0.3625921,0.36571008,0.3686718,0.37154993,0.37419987,0.3768257,0.3793016,0.3819186,0.3849405,0.38823056,0.39147368,0.39437327,0.39698195,0.39958757,0.40227005,0.40518,0.40800175,0.4109001,0.41348034,0.41555715,0.41685057,0.4173314,0.41737366,0.41760182,0.41962257,0.42205355,0.42377615,0.42499918,0.4255275,0.42544267,0.4249712,0.424259,0.42351675,0.42267895,0.42182624,0.4208185,0.42084682,0.42225596,0.42475146,0.4273295,0.42949343,0.43130398,0.4328249,0.43440795,0.43647975,0.4394907,0.4433653,0.44747084,0.45104685,0.4536639,0.45554417,0.4568791,0.45743755,0.45726395,0.45636228,0.45469597,0.4525532,0.45002094,0.44685692,0.44285044,0.43841648,0.43355888,0.42875326,0.42577118,0.4254481,0.42725155,0.42973045,0.43229017,0.43480453,0.43696713,0.4393026,0.44181755,0.44392517,0.4458389,0.44679093,0.44697127,0.4469094,0.44685522,0.44689843,0.44703805,0.44714737,0.44738355,0.4476166,0.4477224,0.44759884,0.4472163,0.44702867,0.44736537,0.447697,0.44806123,0.44812343,0.4477047,0.44696242,0.44602728,0.44502455,0.44397995,0.44282806,0.4413436,0.43958494,0.43754205,0.43476057,0.431871,0.4284225,0.42440128,0.4196563,0.41483787,0.4101922,0.40599117,0.40185195,0.39756405,0.3929109,0.38802552,0.38331887,0.37912998,0.3755425,0.3728151,0.37091997,0.3698096,0.36878863,0.36796048,0.36836728,0.37018505,0.3722973,0.37377,0.37452745,0.37463656,0.37448248,0.37417227,0.37356877,0.37340695,0.37463483,0.37647358,0.3786148,0.3816575,0.38533816,0.39002272,0.3944798,0.39833388,0.4043048,0.41003135,0.41564527,0.4213594,0.42768225,0.43353093,0.43837604,0.4413829,,,,,,,,,,,,,,,,,,0.37314638,0.36820227,0.36244327,0.35707757,0.3518329,0.34866184,0.34509563,0.3405519,0.33366522,0.32695237,0.32214406,0.3178677,0.3134659,0.31041524,0.30799833,0.30657935,0.3041885,0.30189663,0.29619431,0.2889694,0.28170487,0.27790606,,,,,,,,,,,,,,0.48170117,0.47428238,0.46289542,0.44919103,0.43522388,0.42042997,0.41077408,0.4036087,0.3976611,0.3924723,0.38780773,0.38387775,0.3814383,0.3797479,0.37867704,0.3781199,0.37846854,0.37981367,0.3812003,0.3824723,0.38392413,0.3860422,0.38894847,0.39261985,0.396355,0.3999764,0.40345615,0.4070621,0.4109497,0.41525194,0.41939723,0.4236349,0.4319878,0.44083795,0.44653526,0.45200393,0.45668334,0.4594791,0.46330085,0.4657292,0.46628925,0.46512198,0.4631232,0.46159744,0.46114475,0.46140215,0.46126485,0.46091563,0.46110135,0.4612668,0.46069995,0.459317,0.45808545,0.45665628,0.4549255,0.45305717,0.4512851,0.4493296,0.4474047,0.44581243,0.44447827,0.4431602,0.44164371,0.43963715,0.4374197,0.43538556,0.43351117,0.43174875,0.42992532,0.4279385,0.42564595,0.4230237,0.42014778,0.41713586,0.41406453,0.41122583,0.4088436,0.40671748,0.4044014,0.40186644,0.3993062,0.3967726,0.39380702,0.3902403,0.38682407,0.3844739,0.3835467,0.3835305,0.38415694,0.38517338,0.38634562,0.3880675,0.3902481,0.39319578,0.3969653,0.4010542,0.4050518,0.4088665,0.41273358,0.4165177,0.42010882,0.42350248,0.42650872,0.42875716,0.4302277,0.43095496,0.4307632,0.43027568,0.42938066,0.42770955,0.42524806,0.42192557,0.4174895,0.41203937,0.40648958,0.40113804,0.3963832,0.3932495
8.75,,,,,,,,,,,,,,,,,,,,,,,,,,,,,,,,,0.34735996,0.3478792,0.34295014,0.33685967,0.32651454,0.31549135,0.30561858,0.2960416,0.28604263,0.2756994,0.2645788,0.25345156,0.24160208,0.22937842,0.21727987,0.20552509,0.19426249,0.18390502,0.17443071,0.16602173,0.1589497,0.15306765,0.14822818,0.1443917,0.14147073,0.13936403,0.13804422,0.13740653,0.13744484,0.13778946,0.13850598,0.13932198,0.1402568,0.14124686,0.1422471,0.14319238,0.14422522,0.14544164,0.14740871,0.14975944,0.15306026,0.1570675,0.16191132,0.1674978,0.17343841,0.17914271,0.18451527,0.18948945,0.19433302,0.19873638,0.20166036,0.2045392,0.20712902,0.20891784,0.21001388,0.20986736,0.20992216,0.21067977,0.21061628,0.20843,0.20441781,0.1998527,0.19416487,0.18712464,0.17950755,0.17238894,0.16668937,0.16157404,0.15681295,0.15267524,0.14884448,0.14472209,0.14051138,0.13699594,0.13552602,0.13746974,0.14311984,0.14972426,0.15690659,0.16609234,0.17551276,0.18393429,0.19175781,0.2005047,0.20937622,0.21685968,0.22503294,0.23399866,0.24182758,0.24947813,0.257021,0.26573673,0.2756724,0.28429613,0.29169217,0.29844213,0.30510893,0.31086153,0.31501487,0.31760332,0.31930736,0.32047698,0.32077745,0.3202715,0.3196975,0.3190112,0.31809872,0.31718734,0.3165393,0.31606522,0.3152498,0.31388992,0.31214115,0.30968484,0.30678877,0.30440563,0.30224177,0.30035752,0.29890463,0.2981573,0.2983362,0.29878998,0.29890552,0.29897428,0.29948014,0.30005178,0.3002524,0.30044338,0.30126664,0.30218285,0.30286357,0.30338937,0.30389363,0.3042206,0.30428183,0.30415583,0.30421078,0.3043223,0.30435205,0.30423832,0.30411735,0.30404624,0.30441186,0.30527875,0.30663148,0.30821005,0.3098997,0.31205806,0.31486407,0.31765026,0.31964672,0.32109815,0.32300672,0.32557693,0.32801118,0.3297821,0.33096102,0.33160785,0.3317373,0.33186045,0.3319215,0.33205128,0.33256903,0.33348712,0.33485726,0.33707646,0.34023067,0.3439439,0.34803188,0.35188058,0.3554094,0.35873684,0.36191067,0.36528218,0.3688055,0.37231687,0.3757725,0.37887335,0.38198122,0.38527855,0.38860843,0.39180654,0.3945662,0.39724186,0.4001903,0.40351042,0.40709177,0.41006574,0.41280434,0.41548446,0.41769925,0.4190148,0.41933036,0.41930142,0.4200008,0.4217776,0.42356217,0.42471224,0.42539644,0.42562386,0.42503676,0.42409685,0.4232813,0.4222761,0.42113137,0.41982597,0.41973913,0.42117104,0.42369387,0.4262222,0.42853686,0.43068257,0.43254182,0.4343181,0.43594727,0.43768314,0.43990552,0.44284472,0.44620207,0.4496056,0.45197394,0.4534832,0.45450595,0.4548074,0.45432353,0.45350015,0.45202395,0.44987416,0.44688228,0.4429189,0.4384866,0.43375337,0.42951506,0.4268269,0.42692885,0.42903548,0.43173602,0.43426988,0.4365629,0.4385307,0.4405223,0.44262925,0.44451144,0.44591147,0.44678447,0.44677237,0.44649938,0.4465198,0.4469442,0.44761473,0.4482683,0.44873592,0.4490894,0.44932222,0.44935173,0.44892132,0.44823048,0.44769704,0.44802085,0.4488544,0.44954386,0.4498883,0.44949585,0.44875202,0.4479489,0.4472029,0.44652212,0.44599205,0.44539836,0.44470757,0.44368768,0.441878,0.43972927,0.4370898,0.43376127,0.42983207,0.42548096,0.4206462,0.41580895,0.41090748,0.40611863,0.40129095,0.39658284,0.39195096,0.387694,0.38384977,0.38041827,0.37764564,0.37496817,0.37287304,0.3707837,0.36943185,0.3694525,0.3708652,0.37202626,0.37339258,0.37435743,0.37460244,0.37416485,0.37320092,0.3721526,0.37235904,0.37348717,0.3749542,0.3772197,0.38010028,0.38368484,0.38755736,0.39160126,0.39771998,0.403811,0.41104266,0.41779608,0.42432117,0.43176407,0.43877155,0.44322237,,,,,,,,,,,,,,,,,,0.3755218,0.36950773,0.36350757,0.35795307,0.35210645,0.34780085,0.34158757,0.33483264,0.32847497,0.32316276,0.31881967,0.31511712,0.3112903,0.3088161,0.30766386,0.30692807,0.30637324,0.304642,0.29861063,0.2927132,0.2859613,0.2826433,,,,,,,,,,,,,,,0.475932,0.46490937,0.45191464,0.43702316,0.42226076,0.41081575,0.40167627,0.39378127,0.38728252,0.38215703,0.37840226,0.37608576,0.37467158,0.37384883,0.37365538,0.3745664,0.37636387,0.37839207,0.3803047,0.38280594,0.38569167,0.3892402,0.39336327,0.39742178,0.40122938,0.40520188,0.40921772,0.41333503,0.41753724,0.42121798,0.42529455,0.4331798,0.44068938,0.44548503,0.4503076,0.4546839,0.45745477,0.46075147,0.46300417,0.4636472,0.4624066,0.46024424,0.4586345,0.45807865,0.45822388,0.45806965,0.45767555,0.45794988,0.45751894,0.45645165,0.45484394,0.45360413,0.4520579,0.45008543,0.44810998,0.44637686,0.4446712,0.44337785,0.4423488,0.44126654,0.4400213,0.43848574,0.43657863,0.43459135,0.4327345,0.43090636,0.42906153,0.42706627,0.42482564,0.42235953,0.41981593,0.41728973,0.41473168,0.412168,0.40970147,0.40737507,0.40501815,0.4025029,0.3998618,0.3972103,0.39447737,0.39132684,0.38765725,0.38412717,0.3818684,0.38137588,0.38173845,0.38261896,0.38369584,0.38460204,0.38594073,0.38783145,0.39055654,0.39411002,0.39787704,0.4016862,0.40560856,0.40934846,0.41276634,0.41604722,0.419563,0.42303255,0.4257281,0.42749998,0.42859936,0.42878148,0.4280821,0.42706046,0.4255737,0.42326498,0.42019674,0.41634473,0.41160512,0.40635952,0.40135545,0.3970412,0.39408138
8.666672,,,,,,,,,,,,,,,,,,,,,,,,,,,,,,,,,0.34956577,0.34739727,0.34257573,0.33427316,0.32317966,0.3124099,0.30281672,0.29293552,0.2826653,0.27176276,0.26028535,0.24898463,0.23717628,0.22542782,0.2136348,0.2023584,0.1917134,0.18198352,0.17317401,0.16543545,0.15902409,0.15389661,0.14983624,0.14681907,0.14477716,0.14365496,0.1433662,0.14377166,0.14486279,0.14634316,0.14819734,0.15015231,0.1520302,0.15385096,0.15571111,0.15760066,0.15934496,0.16109182,0.16335145,0.16614616,0.1697806,0.1738832,0.17853598,0.18299241,0.18747583,0.19181192,0.19637208,0.20077369,0.20496972,0.20884506,0.21152347,0.21347377,0.21554582,0.21712957,0.21763723,0.21687452,0.215008,0.21387845,0.21324588,0.21128899,0.20743692,0.20238218,0.19644038,0.1893032,0.18148181,0.17362882,0.16701366,0.1613234,0.15605247,0.15149423,0.14759266,0.14361216,0.13969468,0.13647044,0.13537976,0.13762905,0.14275266,0.14824891,0.15501598,0.16401587,0.17306939,0.18099195,0.18814519,0.19631854,0.20491792,0.21249376,0.22089015,0.22989438,0.2380738,0.24582101,0.25339422,0.26178172,0.2710599,0.2796218,0.28710943,0.29397264,0.3008037,0.30719396,0.3121237,0.31538048,0.3172661,0.31837344,0.31878728,0.318694,0.3184552,0.31795746,0.3174182,0.31682932,0.31636435,0.31606406,0.3154943,0.31419668,0.31241333,0.31000653,0.30722025,0.3047901,0.30271375,0.30100384,0.2996831,0.29884458,0.2986023,0.2988011,0.29870763,0.29836497,0.2984243,0.29876074,0.29891947,0.29886335,0.29914585,0.29965913,0.29999185,0.3002408,0.30055988,0.3008348,0.30082446,0.30076137,0.301085,0.30158752,0.30184925,0.3020663,0.30225435,0.30242857,0.30316824,0.30441785,0.3059012,0.30752647,0.30955204,0.3121046,0.31494978,0.3172872,0.31874254,0.31990764,0.3215813,0.32363272,0.3256995,0.32733274,0.32841417,0.32893723,0.32898584,0.3288152,0.32862368,0.32846767,0.32870033,0.32935452,0.3305093,0.33253026,0.33548716,0.33916408,0.3432457,0.34727725,0.3510626,0.35454765,0.35778293,0.3615944,0.36582682,0.37024328,0.37461007,0.37858835,0.38204455,0.38531592,0.38840035,0.3914473,0.39441153,0.39740634,0.40065277,0.40430373,0.40823478,0.41171348,0.41454914,0.41694334,0.41889906,0.42003638,0.42022923,0.42024294,0.42159063,0.42310417,0.42436978,0.42491078,0.4251243,0.42495352,0.42391253,0.42272836,0.42154935,0.42011356,0.41871193,0.41823265,0.41925997,0.42162988,0.42412192,0.42644012,0.42874295,0.43100336,0.4331003,0.43503854,0.43690306,0.43846986,0.4401213,0.44226772,0.44458005,0.44685093,0.4486874,0.44953308,0.44996506,0.45008558,0.4495909,0.44878376,0.44728824,0.44501686,0.44179988,0.43767866,0.43349922,0.42989177,0.42783034,0.42732492,0.4293994,0.43233696,0.435092,0.437549,0.4397491,0.44162163,0.44341144,0.44509232,0.44638136,0.44720683,0.44714054,0.44662613,0.44648975,0.44705927,0.44801065,0.44907457,0.4499434,0.450535,0.4509499,0.4512138,0.45136693,0.45101145,0.45014855,0.4492898,0.44900143,0.44966465,0.45044914,0.45098925,0.4506061,0.44984207,0.449051,0.44830403,0.44789526,0.44789374,0.4482901,0.44872215,0.4488606,0.44833288,0.4470163,0.44510528,0.44275266,0.4398921,0.43632576,0.43218243,0.42796838,0.42346042,0.41855678,0.41359892,0.40903494,0.40461487,0.40045545,0.39646196,0.39275867,0.389222,0.38544035,0.38138002,0.3779953,0.3739696,0.37151393,0.36974734,0.36958197,0.3709389,0.37320757,0.3742678,0.37438518,0.37359443,0.37197593,0.37103096,0.37138236,0.37233126,0.3738273,0.3757489,0.37803036,0.38237983,0.3878104,0.39369103,0.39987123,0.40764555,0.41530308,0.4219042,0.4289289,0.43578404,0.44202602,0.4460202,,,,,,,,,,,,,,,,,0.37789273,0.37141868,0.36538053,0.3600503,0.35338762,0.3449837,0.33716846,0.33134264,0.3275872,0.3241917,0.32010102,0.31605214,0.31216812,0.30947798,0.30812576,0.3081648,0.30786714,0.306932,0.30087182,0.2954561,0.28996998,0.2867527,,,,,,,,,,,,,,,,0.46833,0.4591486,0.44188014,0.42422146,0.4114287,0.40021574,0.39015308,0.38211864,0.3763931,0.37268552,0.37046206,0.36922652,0.36883587,0.36957428,0.37118006,0.3732742,0.3760002,0.37877685,0.3823212,0.38616857,0.39059296,0.39557832,0.40009654,0.40433398,0.40868297,0.41262615,0.41644877,0.42008367,0.4230363,0.42690104,0.43491068,0.44054088,0.44457033,0.44880205,0.45267636,0.4554057,0.45830095,0.46014124,0.46058807,0.45934275,0.4571364,0.4554686,0.4548457,0.4549009,0.45454988,0.45402718,0.45410645,0.45306346,0.451308,0.44935173,0.4483144,0.44661817,0.44429204,0.44219556,0.44060555,0.4393886,0.43858847,0.43757686,0.43666106,0.43559957,0.43437526,0.43290913,0.43133923,0.42975062,0.4281131,0.4264671,0.42462087,0.42242193,0.42000884,0.4176162,0.41529208,0.4128998,0.41034687,0.4076931,0.4050871,0.40253165,0.3999612,0.39739138,0.39491135,0.3923967,0.38946578,0.386093,0.38293463,0.38084194,0.38023672,0.38055438,0.38147926,0.38258836,0.3834733,0.38458714,0.3861926,0.3883277,0.3913383,0.39449573,0.39795518,0.40147382,0.40484488,0.40822488,0.41182384,0.41572192,0.41951916,0.42258593,0.42455244,0.42584622,0.42646554,0.42611068,0.42511022,0.42360324,0.42147836,0.41863146,0.41519597,0.41091874,0.40600985,0.40122256,0.39718837,0.39436838
8.583336,,,,,,,,,,,,,,,,,,,,,,,,,,,,,,,,,0.35010973,0.34582385,0.34105882,0.33140218,0.3201827,0.3097972,0.2998086,0.28957412,0.279062,0.26781517,0.2561034,0.24474928,0.23322216,0.22181721,0.21066518,0.20015731,0.19045584,0.18160798,0.17372327,0.16711734,0.16186494,0.15791866,0.15514198,0.15339601,0.1526067,0.15266392,0.15339614,0.1548221,0.15682153,0.15935636,0.16219226,0.16499715,0.16751483,0.16982038,0.17212841,0.17457634,0.17704494,0.17936239,0.18181941,0.18460926,0.18807648,0.19185841,0.19610602,0.19986905,0.20348746,0.20652588,0.21008806,0.21344978,0.21667942,0.2196632,0.22188094,0.22333127,0.22434576,0.22549713,0.22561753,0.22421864,0.22113962,0.21819833,0.21638183,0.2140828,0.21028441,0.20503609,0.1988206,0.19154221,0.18356444,0.17525715,0.16778943,0.16144164,0.15564008,0.15056321,0.1464349,0.1426686,0.13909768,0.13638087,0.1359532,0.13844149,0.14271769,0.14707264,0.15353347,0.16239263,0.17104031,0.17864908,0.18527469,0.19265488,0.2007696,0.20828605,0.21669056,0.22586401,0.23476642,0.24312985,0.25100976,0.25903532,0.26741132,0.27528936,0.28251982,0.28957024,0.29666838,0.30339733,0.30868915,0.3123594,0.31427026,0.31545457,0.31627837,0.3166644,0.31667975,0.3164162,0.31620577,0.3160456,0.31585005,0.31558752,0.31514838,0.31404656,0.3122884,0.30998138,0.30734655,0.3047874,0.3027867,0.3012261,0.3001109,0.2994274,0.2990099,0.29886913,0.29849315,0.29786488,0.29769057,0.29781398,0.2981001,0.29836586,0.29850155,0.29850122,0.2983231,0.2979627,0.29773384,0.29773933,0.29787475,0.29819924,0.2987765,0.29946107,0.2999601,0.3005039,0.3008932,0.30142516,0.30248314,0.30396917,0.30561012,0.3076744,0.31009737,0.31276992,0.3153512,0.31710863,0.3182034,0.31938255,0.32100055,0.32266712,0.32418695,0.32536584,0.32627043,0.32672814,0.32662293,0.32619494,0.32559252,0.3252014,0.3251955,0.3256222,0.3265777,0.3283749,0.33111063,0.33459517,0.33852297,0.3426422,0.3467763,0.3505664,0.35406396,0.35821044,0.3629618,0.36848283,0.37364015,0.37818232,0.3817256,0.38483757,0.3877572,0.39063415,0.3938369,0.39740965,0.40114024,0.40482634,0.40873858,0.41262916,0.41567472,0.41790494,0.4194868,0.4203827,0.42056674,0.42072085,0.42214933,0.42321903,0.42408305,0.4243005,0.42404982,0.4233995,0.42206025,0.42081475,0.41916242,0.41741425,0.41635215,0.4169157,0.41868526,0.42098057,0.4232662,0.42559338,0.42799664,0.43044594,0.432674,0.4349156,0.43716732,0.43898878,0.44070724,0.4421303,0.4433814,0.44434264,0.44521126,0.44528586,0.44496474,0.44464004,0.4439966,0.44289672,0.44127476,0.43904892,0.4361668,0.43266562,0.42967272,0.42801273,0.42798454,0.4287285,0.43119356,0.43423072,0.43706542,0.43959296,0.4418628,0.44393033,0.4456255,0.44686347,0.44763336,0.44781485,0.44720766,0.4468547,0.4472318,0.44824943,0.44936115,0.4503597,0.45108622,0.45173547,0.45224062,0.45263514,0.4530406,0.4531765,0.4526807,0.45181,0.4509484,0.45071223,0.4509132,0.45126003,0.45108703,0.450578,0.4497904,0.44911203,0.44918555,0.44982263,0.4510931,0.4526065,0.45375726,0.4539914,0.453262,0.45196292,0.45050326,0.4485506,0.4458852,0.44249296,0.43912166,0.4354562,0.43132862,0.42719424,0.42335337,0.41973308,0.41605446,0.41234466,0.40834504,0.4045042,0.39998272,0.39490074,0.39011312,0.38523608,0.37933046,0.3745918,0.37053108,0.37007797,0.37163928,0.3727097,0.3738622,0.37406403,0.3729067,0.37114447,0.37046394,0.37106892,0.37197107,0.3730234,0.37414312,0.3774551,0.38310745,0.3897996,0.3964451,0.40445477,0.41240752,0.42060885,0.42840692,0.43544084,0.4411347,0.44641903,0.44987962,,,,,,,,,,,,,,,,0.38055828,0.3734681,0.36762884,0.36286503,0.35614672,0.34525555,0.33777875,0.3337516,0.33088925,0.3279682,0.32372385,0.319158,0.31451944,0.31114456,0.31005177,0.31056452,0.3097011,0.30817318,0.30302772,0.29770762,0.29332936,0.290415,,,,,,,,,,,,,,,,0.47203663,0.46690437,0.45027038,0.42948258,0.41343713,0.4005393,0.38820764,0.3778428,0.37080204,0.3664604,0.36383358,0.36264855,0.3630608,0.36503908,0.3679948,0.370737,0.37419975,0.37788215,0.38261274,0.38812104,0.39386198,0.39964655,0.40456703,0.4091376,0.41315585,0.41650692,0.41951305,0.42224392,0.42467257,0.4289847,0.43588176,0.44011948,0.44363475,0.44741076,0.45070136,0.45338994,0.45591572,0.45734227,0.4573012,0.4558679,0.4537196,0.45209685,0.4512901,0.45119894,0.45066383,0.44990215,0.44944468,0.44797963,0.44580966,0.44407237,0.44282803,0.44074678,0.43807653,0.43589297,0.43453994,0.4335617,0.43237454,0.43094072,0.43011537,0.42930558,0.42847455,0.4275102,0.4264776,0.42539257,0.42416286,0.42289534,0.4214999,0.4196937,0.41749525,0.41509947,0.41274828,0.4103575,0.40776548,0.4049592,0.40212458,0.39944693,0.39693967,0.39470002,0.39263332,0.39039555,0.38770312,0.38475358,0.38203666,0.37994584,0.37888756,0.37906957,0.38026816,0.38167608,0.3826929,0.38357347,0.38480094,0.38656363,0.38889727,0.39154178,0.39433426,0.39714178,0.40011564,0.40347865,0.40751973,0.41194066,0.41584444,0.4190531,0.42130566,0.42279053,0.42376742,0.4238488,0.42320788,0.4219971,0.42008317,0.41748524,0.4142749,0.4103321,0.40572557,0.4010592,0.3970052,0.3940596
8.5,,,,,,,,,,,,,,,,,,,,,,,,,,,,,,,,0.352065,0.35006344,0.34607717,0.3388052,0.32819438,0.3174073,0.30697477,0.29646713,0.28591123,0.27501285,0.26363286,0.2520494,0.24080217,0.2294987,0.2186493,0.20828995,0.19882119,0.19053514,0.18329583,0.17707387,0.17217498,0.16863249,0.16624331,0.16488658,0.1644123,0.16479789,0.16582224,0.16735634,0.16940847,0.17200953,0.17519683,0.17867456,0.18190601,0.18484256,0.18757348,0.19016188,0.19290143,0.19570938,0.19869749,0.20149574,0.20424615,0.20724702,0.21047212,0.21384384,0.21719739,0.22037676,0.22295384,0.22530705,0.22734787,0.2293179,0.23095894,0.2323618,0.2333986,0.23364918,0.23364036,0.23344934,0.2315193,0.22768371,0.22336286,0.22014989,0.21706073,0.2129927,0.20762718,0.20122457,0.19370522,0.18561274,0.17706946,0.16891314,0.16192397,0.1556705,0.15007521,0.14557008,0.14195283,0.13879293,0.13685589,0.13713196,0.13957293,0.14253801,0.14617787,0.15242495,0.16111058,0.1693966,0.17682864,0.1831262,0.18980478,0.19725817,0.20455986,0.21268821,0.2217975,0.23127887,0.2404933,0.24926946,0.25740492,0.26514328,0.27195194,0.27834603,0.28524813,0.29253873,0.29961836,0.30528986,0.30928254,0.3115527,0.3128337,0.31374288,0.31429535,0.31448066,0.31459776,0.31463754,0.31474724,0.31482455,0.31462947,0.31425872,0.31341723,0.311831,0.30966344,0.30718508,0.3046185,0.30250436,0.30100754,0.30002698,0.29951614,0.29913756,0.2988123,0.29822913,0.29741913,0.29698455,0.29686332,0.29704726,0.29746065,0.2976928,0.29765603,0.29734233,0.29670134,0.2961478,0.29587042,0.29615197,0.29677662,0.29742715,0.29804525,0.29863825,0.2993199,0.299977,0.300776,0.3017794,0.30313206,0.30500078,0.30751434,0.31030336,0.31309974,0.31554183,0.3172287,0.3184749,0.31971118,0.32107434,0.32239366,0.32351598,0.32422292,0.3245663,0.32472184,0.32454535,0.3239517,0.3230524,0.3224131,0.32217103,0.32241386,0.3231546,0.32471275,0.32713777,0.33028167,0.33393058,0.33815408,0.3427102,0.3469437,0.35091868,0.35525218,0.36026466,0.366316,0.37253353,0.3771928,0.380647,0.38384697,0.38704565,0.39006543,0.39349434,0.39752957,0.40171328,0.40554053,0.4092437,0.41284525,0.41575924,0.41786572,0.41937962,0.42021757,0.42066178,0.4211917,0.42249194,0.4228354,0.42340064,0.42308122,0.42231062,0.42112902,0.41966355,0.41824844,0.4163977,0.41468772,0.41424206,0.4151846,0.41705313,0.41913623,0.42145503,0.4237537,0.4261985,0.42878023,0.43130195,0.43394995,0.4365254,0.43874365,0.44078302,0.4422234,0.44298407,0.4433736,0.4434871,0.4430663,0.4421543,0.44107956,0.43967035,0.4381709,0.43653718,0.43439156,0.43184182,0.429311,0.42768195,0.42724472,0.4278807,0.4294787,0.43180788,0.4350645,0.4380187,0.44074172,0.44312358,0.4451681,0.4467121,0.4476877,0.44805706,0.44779843,0.44735152,0.44753096,0.448268,0.4493868,0.4503095,0.45117375,0.45192194,0.45283103,0.45360664,0.45430508,0.4549255,0.45532295,0.4552337,0.45477185,0.45378676,0.4528146,0.45212516,0.45189992,0.45179158,0.4514035,0.45079103,0.4505872,0.4512959,0.45239645,0.45429155,0.45684287,0.45831305,0.4586627,0.45866546,0.45811707,0.4573601,0.45655698,0.45481026,0.45245856,0.45038834,0.4481482,0.4454427,0.44280508,0.44008967,0.43744105,0.43420133,0.43074867,0.42625836,0.42224294,0.4169184,0.4115963,0.40512055,0.39959818,0.3925281,0.38543305,0.3785089,0.37454686,0.3717684,0.37088826,0.37311485,0.37410113,0.3740769,0.37283543,0.37118208,0.3709503,0.37147105,0.37207404,0.37257788,0.37437966,0.37861654,0.38454172,0.3916898,0.40039092,0.40955126,0.4189361,0.42797855,0.43597445,0.44196895,0.4465053,0.45093894,0.4533203,,,,,,,,,,,,,,,0.3826887,0.37659615,0.37099484,0.36637726,0.3604387,0.35093835,0.34405318,0.3399829,0.3360015,0.332353,0.3278567,0.3228615,0.31713346,0.31388023,0.3144572,0.31471092,0.312264,0.30932176,0.30462554,0.29972962,0.29694867,,,,,,,,,,,,,,,,,,0.46649873,0.4538214,0.43672052,0.41711384,0.4012509,0.3870111,0.37515515,0.36631224,0.3606141,0.35711643,0.35572362,0.35663056,0.35977918,0.3644251,0.36895272,0.37311476,0.37761724,0.38377398,0.3911246,0.3981024,0.40445042,0.40968597,0.4140935,0.41739225,0.4194585,0.42145875,0.42359826,0.42597908,0.4311446,0.43611732,0.439575,0.44258317,0.44587535,0.44875342,0.45152828,0.45350766,0.4543652,0.45383075,0.45205468,0.45004037,0.4484616,0.44744018,0.44701636,0.44631276,0.4454359,0.44456357,0.4426346,0.4407426,0.43915153,0.43691415,0.4344343,0.4315438,0.42932758,0.42791578,0.42660543,0.42484346,0.4233084,0.4221479,0.4214385,0.4208193,0.4201782,0.4196852,0.41921097,0.41848877,0.4177968,0.41706017,0.41603953,0.41458356,0.41257885,0.41015956,0.40752354,0.40477318,0.40184307,0.39874053,0.3961623,0.39396188,0.39200535,0.39014024,0.38801134,0.3854973,0.3828636,0.3801474,0.37786633,0.37705398,0.37771857,0.37913856,0.38064948,0.38160878,0.38233444,0.3833951,0.385104,0.3871125,0.38935724,0.39151418,0.39366436,0.39626688,0.39943174,0.40331522,0.40748742,0.41140372,0.41495588,0.4178515,0.41984782,0.420999,0.42149654,0.4210457,0.42030707,0.41898194,0.41673672,0.41372076,0.40996015,0.4056155,0.40096718,0.3965947,0.39333954
8.416672,,,,,,,,,,,,,,,,,,,,,,,,,,,,,,,0.35375127,0.35346818,0.35010839,0.34571597,0.33615497,0.32499567,0.31429067,0.3034398,0.29246587,0.28164846,0.27033457,0.25864986,0.24742946,0.23632604,0.22570539,0.21599436,0.20722061,0.19978027,0.19364563,0.18867037,0.1846048,0.18163314,0.17980346,0.1789327,0.17874558,0.17916897,0.18022692,0.18175952,0.18372075,0.18626152,0.18930723,0.19280013,0.19648303,0.1999531,0.20315212,0.20613688,0.2090277,0.21193223,0.21491165,0.21809438,0.22092609,0.2235264,0.22595324,0.22841607,0.2311262,0.23399217,0.23654743,0.2385273,0.23999895,0.24106315,0.2419267,0.2425743,0.24323756,0.24356653,0.24298902,0.24185807,0.24083382,0.23848939,0.23413703,0.22886387,0.22436647,0.22033791,0.21570459,0.21004516,0.20347232,0.19574331,0.18762106,0.1790552,0.17022221,0.16267583,0.15612844,0.15020306,0.14531496,0.14169067,0.13904682,0.13799162,0.13865006,0.14042851,0.14231923,0.14544268,0.15154895,0.16001952,0.16807087,0.17553179,0.18164708,0.18794762,0.19472125,0.20168212,0.20945016,0.21819933,0.22780004,0.23769462,0.2473264,0.25610572,0.26405832,0.2704359,0.27605805,0.28227064,0.28912333,0.29612985,0.3021869,0.30636835,0.30884895,0.31033653,0.3112981,0.31191275,0.3121873,0.3125004,0.31275445,0.31307724,0.31336433,0.3132763,0.31296682,0.31235024,0.31105387,0.30911684,0.30675933,0.30431378,0.30210438,0.3004336,0.29942238,0.29896444,0.29859936,0.29837975,0.297896,0.297022,0.29621708,0.29575416,0.29572472,0.2959607,0.29621714,0.29634362,0.29635552,0.29616255,0.29587516,0.29569253,0.29568964,0.2961401,0.29693827,0.2975492,0.2980497,0.29862833,0.29946822,0.30054328,0.3014912,0.30255842,0.30434152,0.3068222,0.30971193,0.31262234,0.31522965,0.3173596,0.31914267,0.32065776,0.32176802,0.3227099,0.32338881,0.3238118,0.3237696,0.3233636,0.32284844,0.32215196,0.32126936,0.3203841,0.31981632,0.31993943,0.32066464,0.32189253,0.32392815,0.3266307,0.3299435,0.3342144,0.33886406,0.34351295,0.3479859,0.35247812,0.35755718,0.36376625,0.37065157,0.3755826,0.37903494,0.38263926,0.38610834,0.3895431,0.39350584,0.39793193,0.4022196,0.40604192,0.40950057,0.41250107,0.41499126,0.41691282,0.41840824,0.41951457,0.4205053,0.42154092,0.42224252,0.4221595,0.4221648,0.42127997,0.4201117,0.41852263,0.4169433,0.41538766,0.41358176,0.41212764,0.41210628,0.41319394,0.4149323,0.4169374,0.41926375,0.42158425,0.424093,0.42680213,0.42949727,0.43229073,0.43501347,0.43754366,0.43976194,0.4415107,0.44260442,0.4431256,0.4430167,0.44237518,0.44109222,0.4393745,0.43757516,0.43588066,0.43384957,0.4314744,0.4291803,0.42734292,0.42616257,0.4258178,0.42652413,0.42877173,0.43157592,0.43505695,0.43819717,0.44119072,0.44384938,0.4457209,0.4468496,0.44751447,0.4476068,0.447465,0.4477195,0.44829854,0.4490932,0.45010564,0.45103735,0.45224333,0.45349652,0.4547286,0.45600346,0.45695487,0.45766872,0.45808554,0.45812538,0.45782554,0.4569414,0.45566937,0.4544873,0.45361575,0.4531874,0.45259717,0.45226002,0.4525844,0.45381755,0.4550565,0.45756182,0.46029878,0.46187323,0.46342725,0.46435106,0.4641895,0.464137,0.46407565,0.46383542,0.46345675,0.46293592,0.46208602,0.46085182,0.45927978,0.45746335,0.45557153,0.45308575,0.4500088,0.44585848,0.44144952,0.43589208,0.43035012,0.4234892,0.41643366,0.40895882,0.40035674,0.39215633,0.38600674,0.37953374,0.37567008,0.37434146,0.3737391,0.37482658,0.3748481,0.37364882,0.3725879,0.3722461,0.3724402,0.373019,0.37431827,0.37709212,0.3811964,0.38750374,0.39617935,0.40634358,0.41690242,0.4272731,0.43543622,0.44271997,0.44750494,0.45065594,0.45301569,0.4540535,,,,,,,,,,,,,0.38649657,0.38423005,0.37949374,0.3745783,0.37052122,0.36538664,0.35829303,0.3522272,0.34711507,0.3418926,0.33713427,0.3318032,0.32569632,0.3196319,0.31879008,0.319806,0.3188862,0.31514198,0.31160387,0.30641076,0.30244997,0.30081427,,,,,,,,,,,,,,,,,,,0.45216927,0.4401776,0.42205384,0.40389243,0.38768908,0.37422588,0.36354485,0.35650137,0.3520026,0.34968093,0.3503295,0.35434768,0.36079237,0.36740103,0.3726787,0.37800908,0.38573182,0.39423344,0.40167987,0.4078732,0.41324583,0.41742188,0.41978583,0.42072028,0.4219596,0.42410576,0.42757174,0.4320771,0.43560526,0.43825045,0.44105718,0.4439562,0.44682762,0.4494628,0.45087704,0.45104265,0.45008364,0.44810018,0.44623238,0.4446885,0.44346195,0.44260323,0.441743,0.4408167,0.4395617,0.43753824,0.43579206,0.4336548,0.43058524,0.42792287,0.42510724,0.42291194,0.4212435,0.419147,0.417676,0.41637856,0.41555497,0.41512507,0.41472128,0.41432312,0.41393545,0.4134732,0.4128477,0.4122073,0.4116225,0.41094223,0.40992257,0.40846434,0.40653706,0.40407783,0.40163538,0.39886189,0.3958561,0.39328966,0.39115217,0.38930684,0.38746807,0.38530332,0.38277128,0.37982875,0.3770144,0.3754146,0.3756119,0.3768542,0.3781656,0.37931195,0.3801761,0.38099712,0.38222298,0.38396713,0.38597986,0.38792446,0.38978097,0.3915763,0.3937731,0.39651826,0.39968124,0.40313652,0.40681267,0.41057637,0.41402584,0.41670722,0.41838312,0.41919234,0.4191876,0.41845676,0.41770285,0.41604978,0.4134225,0.40997195,0.4057526,0.4010086,0.3963125,0.39269534
8.333336,,,,,,,,,,,,,,,,,,,,,,,,,,,,,,,0.3556229,0.35446697,0.34926334,0.34303722,0.33302313,0.3215101,0.31000155,0.29880336,0.28742298,0.275785,0.263882,0.25249022,0.24176371,0.2319467,0.223145,0.2157602,0.20964816,0.20487756,0.20120613,0.19844891,0.1963207,0.19484723,0.19415995,0.19422916,0.19485766,0.19586018,0.19737819,0.19930644,0.20163712,0.20454744,0.20788063,0.21141985,0.21497492,0.21842065,0.22153836,0.22433971,0.22707242,0.2299816,0.23314966,0.2361882,0.23890093,0.24137239,0.24341415,0.2454779,0.24758442,0.24955907,0.25118017,0.2523643,0.25327125,0.25386032,0.2540524,0.25406983,0.25407666,0.2536299,0.252189,0.25013825,0.24802415,0.24494515,0.24016863,0.23422575,0.22868857,0.22379455,0.21852955,0.21243258,0.20562062,0.19787866,0.18981422,0.18096225,0.17160508,0.16371587,0.15699928,0.15094955,0.14586669,0.14222799,0.1401264,0.13962492,0.14009415,0.1409539,0.1421135,0.14459813,0.15091483,0.15906666,0.16708069,0.1746948,0.18093953,0.18714097,0.19349723,0.20002803,0.20738238,0.21576713,0.22503248,0.23529923,0.2453977,0.25465524,0.26325765,0.27039325,0.27608803,0.28148222,0.2871687,0.29317483,0.2989868,0.30340803,0.30611938,0.30772766,0.30883226,0.30953833,0.30989468,0.31031874,0.3106427,0.31111434,0.31156406,0.311664,0.3114613,0.3110456,0.31011268,0.30847526,0.30630466,0.304001,0.3017927,0.2999492,0.29868308,0.29806226,0.2976882,0.2974786,0.2971638,0.2964707,0.29552603,0.29466453,0.29424423,0.2941567,0.29421324,0.29444385,0.29477793,0.29521677,0.29561806,0.2958643,0.2959576,0.29617023,0.29678687,0.29730704,0.29781392,0.29843926,0.29942754,0.30078778,0.30189562,0.30282977,0.30421495,0.30621597,0.30868,0.31146377,0.31428885,0.31696084,0.31928626,0.32125077,0.32270548,0.32359576,0.3239388,0.32395855,0.3237198,0.32311898,0.32223544,0.32124838,0.32026654,0.31918544,0.3185311,0.31862143,0.31918162,0.32008567,0.32175642,0.32406497,0.32724202,0.3313187,0.33561605,0.34037542,0.34518215,0.34984368,0.35481367,0.36106762,0.3682012,0.37354884,0.37728673,0.38125384,0.38496813,0.38882017,0.39333725,0.3982337,0.4024747,0.40615258,0.40917045,0.41180846,0.41417053,0.41586918,0.41729823,0.41872394,0.4201389,0.4209722,0.4209662,0.42067993,0.42015648,0.4189381,0.41751772,0.4157433,0.4141002,0.4126113,0.41095945,0.409947,0.41021314,0.41147277,0.41322544,0.4153558,0.41778395,0.42042768,0.42312956,0.425737,0.4282927,0.4309089,0.4335739,0.4359844,0.43818486,0.44012943,0.4415278,0.44226366,0.44233704,0.4418217,0.44063425,0.4388472,0.43685663,0.4348113,0.4324074,0.42992628,0.42774084,0.4259126,0.4243733,0.42359465,0.42430636,0.4269266,0.43041456,0.4342715,0.43776876,0.4409137,0.44368923,0.44557488,0.4464573,0.44683143,0.44676578,0.44701427,0.4477468,0.44850793,0.44935066,0.4505137,0.45181227,0.45356396,0.45524806,0.4568311,0.45832866,0.4594321,0.46031535,0.46081367,0.46106526,0.460785,0.45993888,0.4586636,0.45725906,0.45584396,0.45485,0.45409226,0.45399928,0.4546671,0.45600694,0.4576461,0.46016216,0.4626182,0.46470377,0.46626258,0.4669,0.46898657,0.47020224,0.47068965,0.47183368,0.4735397,0.47484145,0.47521865,0.47497785,0.4741637,0.47315997,0.47208372,0.47054902,0.4680308,0.46475896,0.46027735,0.4552361,0.44921505,0.4425858,0.434614,0.42669705,0.41771695,0.40881604,0.4016075,0.3934156,0.38647628,0.38122258,0.3780911,0.37711212,0.3768726,0.37650973,0.37560537,0.37495273,0.37457,0.37502754,0.37609062,0.37790427,0.38091457,0.38621163,0.39430872,0.40439457,0.41527066,0.42637122,0.4354685,0.4434984,0.44858983,0.45176297,0.452898,0.4535572,0.4534315,,,,,,,,,,0.39501014,0.39215496,0.38918686,0.3862435,0.382189,0.37826914,0.37466112,0.36995804,0.3645596,0.35910907,0.35340622,0.3475332,0.34164885,0.3349348,0.3278549,0.3245288,0.32463688,0.32411885,0.3223289,0.31870413,0.31448662,0.30891111,0.3059636,0.3041693,,,,,,,,,,,,,,,,,,,0.4517689,0.4433199,0.4284513,0.4104887,0.39291286,0.37705216,0.3641029,0.355218,0.3496362,0.34610853,0.345384,0.34915733,0.3573081,0.3661378,0.3726357,0.37920704,0.38843364,0.3973203,0.40437147,0.41023046,0.4151252,0.4187678,0.42014188,0.4201336,0.42143953,0.4242066,0.42843342,0.43194962,0.43442526,0.43659276,0.43919006,0.44200236,0.44479236,0.4469099,0.44751677,0.4472706,0.44605437,0.4441049,0.44244614,0.44094688,0.4396737,0.43848714,0.4373841,0.4363051,0.43479797,0.43272635,0.4303567,0.42776507,0.42467007,0.42175013,0.41928217,0.41734472,0.415145,0.41330048,0.41236752,0.41180074,0.41133976,0.41095117,0.41075057,0.41066194,0.41056064,0.41027346,0.40971443,0.4088811,0.4079294,0.406871,0.4055899,0.4040679,0.40218258,0.39976642,0.39741066,0.39496705,0.39241785,0.39015725,0.38842404,0.38689166,0.3849169,0.3822588,0.3789428,0.37578365,0.3739024,0.37359878,0.37463912,0.3758866,0.37687582,0.37782842,0.37887096,0.38006598,0.38157725,0.3833665,0.3852745,0.38715234,0.38901445,0.39076516,0.39270917,0.39505786,0.39766815,0.40051675,0.40351886,0.40671462,0.41004884,0.41314143,0.4155508,0.4170136,0.4176951,0.41752273,0.41658413,0.41526046,0.41309732,0.4100004,0.40604383,0.40151304,0.39679813,0.3929092
8.25,,,,,,,,,,,,,,,,,,,,,,,,,,,,,,,0.35532603,0.3520271,0.3482213,0.33969694,0.32847422,0.31644964,0.30412543,0.29229409,0.2800441,0.26773968,0.25655952,0.24633363,0.2376254,0.23045446,0.22450246,0.22008383,0.21681242,0.21445405,0.21272074,0.21144687,0.21053626,0.21008465,0.21009152,0.21057934,0.21151417,0.21306436,0.2151703,0.2175829,0.22011495,0.2228763,0.2258251,0.22899139,0.23217295,0.23539521,0.23841545,0.24104387,0.24352038,0.24625662,0.24916068,0.25206208,0.25479656,0.25724,0.2592789,0.26114985,0.2626713,0.26369324,0.26446053,0.26480013,0.26506868,0.26530805,0.26521295,0.26476917,0.26404876,0.26294068,0.2609141,0.2581297,0.2549321,0.2509124,0.24565881,0.23934047,0.2330229,0.22733279,0.22143893,0.21489845,0.20785367,0.20020191,0.19213334,0.1828982,0.17316775,0.16500726,0.1581965,0.15218098,0.14714737,0.1435947,0.14181416,0.14126301,0.14116298,0.14114934,0.14153722,0.14398351,0.15067455,0.15823497,0.1664394,0.17425291,0.18084261,0.18714923,0.19340312,0.19962646,0.20664833,0.2144042,0.22301215,0.23316415,0.24346973,0.25321865,0.26259524,0.27068648,0.2772301,0.28261626,0.28722572,0.2917257,0.29635194,0.30051035,0.30341056,0.3052095,0.30646303,0.30736303,0.3078899,0.3083683,0.30864987,0.309098,0.30953756,0.30983287,0.30984384,0.30961978,0.30899927,0.30774143,0.30593106,0.30389765,0.3017621,0.2997963,0.29819995,0.2972358,0.2966863,0.2962655,0.29597518,0.29549268,0.29479322,0.2938285,0.2929732,0.29251093,0.29228216,0.29221958,0.29249755,0.29334694,0.29433662,0.2952084,0.2959366,0.29631248,0.29679385,0.29729232,0.29786316,0.29866415,0.29990378,0.30134737,0.30265713,0.30381265,0.30503318,0.3065002,0.30822024,0.31050554,0.3132125,0.31598565,0.31859684,0.3209821,0.3229152,0.32433933,0.32508796,0.32493857,0.3243902,0.32344097,0.32226697,0.32119128,0.32032058,0.3194217,0.3186413,0.3183187,0.31852403,0.31923273,0.32065848,0.3227616,0.32596412,0.32954046,0.33336738,0.3379408,0.34275216,0.34744254,0.35230237,0.35869274,0.36580932,0.3712609,0.37548572,0.37969255,0.3837974,0.38828668,0.3931575,0.39814875,0.40237096,0.4056819,0.4083456,0.41101706,0.41328123,0.41484132,0.41628295,0.41781452,0.41892636,0.41910654,0.41878822,0.4185157,0.41773954,0.41625226,0.41463384,0.4129054,0.4113614,0.40999374,0.40863293,0.40817514,0.40864092,0.4100374,0.41208556,0.4148324,0.41772082,0.4207927,0.42379776,0.42633498,0.4287246,0.43106708,0.43329716,0.43524864,0.43706876,0.4387643,0.44022837,0.44102153,0.44117668,0.44091493,0.44002354,0.4383942,0.43625608,0.43396828,0.43150413,0.42891663,0.4265322,0.42444733,0.42264903,0.4214473,0.42201567,0.4247422,0.42855233,0.43290803,0.4368756,0.44034934,0.44324234,0.44508588,0.4459891,0.44619337,0.44606242,0.4464221,0.44736692,0.4483596,0.44929272,0.45067248,0.45235717,0.45439366,0.45624366,0.45796868,0.4593321,0.46037006,0.46145496,0.462423,0.46319413,0.46314785,0.4623041,0.4611207,0.45958802,0.45791394,0.45663604,0.45598236,0.45608395,0.45688313,0.45806077,0.45980668,0.46203953,0.46443826,0.4662091,0.46670243,0.46609145,0.468899,0.47184256,0.47452304,0.47780144,0.4812343,0.48413545,0.48613232,0.48705953,0.48733798,0.48726943,0.4866965,0.48565283,0.48360208,0.4809192,0.47711506,0.472582,0.4666927,0.45996413,0.45208964,0.44387802,0.4351633,0.4264368,0.41854578,0.4094816,0.40051886,0.393613,0.387966,0.38408396,0.38202497,0.3808399,0.38002,0.37921423,0.37847933,0.37826353,0.37908766,0.3804564,0.38264424,0.38701153,0.39510185,0.4057288,0.41652277,0.427088,0.43661645,0.4443145,0.45001468,0.45416164,0.4547958,0.45414597,0.45294514,0.45219508,,,,,,,,0.39952394,0.396403,0.3932236,0.39094833,0.38731372,0.38352528,0.38053516,0.37840652,0.3735061,0.36869624,0.3632522,0.35724887,0.3503196,0.34302253,0.33699006,0.3328038,0.33106542,0.32914868,0.3276614,0.3251449,0.3209001,0.317532,0.31139618,,,,,,,,,,,,,,,,,,,,,0.45259693,0.44611722,0.4352698,0.41969717,0.40194267,0.38408962,0.36880848,0.35778618,0.35093495,0.34658015,0.34433767,0.34701118,0.35611004,0.36686867,0.37398267,0.38205853,0.39220077,0.40012574,0.40667027,0.41228002,0.41628292,0.41843584,0.4187459,0.41858226,0.4206756,0.42441234,0.4281689,0.43064457,0.4326462,0.43473202,0.4373379,0.43986824,0.44224125,0.4437108,0.44363073,0.44315225,0.44183806,0.44018498,0.4387676,0.43733236,0.4361146,0.4347395,0.4332598,0.43187368,0.43041384,0.4280689,0.42519888,0.42229486,0.41923994,0.41647503,0.41449776,0.4124707,0.41031265,0.40906087,0.40835348,0.40806052,0.4078253,0.40757838,0.4074884,0.40757182,0.4078384,0.40801466,0.40779763,0.40718454,0.40612462,0.4046639,0.40300173,0.40116128,0.3990101,0.39668232,0.3944944,0.3923632,0.39023677,0.38829046,0.38661304,0.38467067,0.38179272,0.3778077,0.37413624,0.3718833,0.37149492,0.37241,0.37350658,0.3744137,0.37545204,0.37658814,0.37791902,0.3794893,0.3812325,0.3829648,0.38486305,0.38674662,0.3886039,0.39048976,0.39257923,0.3949353,0.39740202,0.3998873,0.40225887,0.40459892,0.40705687,0.40980166,0.41255233,0.41484317,0.41624668,0.4168746,0.41654408,0.41510308,0.41293645,0.41014126,0.40662438,0.4025728,0.39828682,0.39448577
8.166672,,,,,,,,,,,,,,,,,,,,,,,,,,,,,0.35045168,0.349142,0.3527092,0.34787062,0.34303066,0.3337896,0.32162246,0.3091142,0.29642364,0.2836425,0.27086467,0.26004288,0.25085193,0.2432177,0.23772335,0.23359479,0.23058,0.22870888,0.22759078,0.2269516,0.22656289,0.22618811,0.22598495,0.22622527,0.22680187,0.22759072,0.22873278,0.23030794,0.23236537,0.23486604,0.23739642,0.23987836,0.24248852,0.24517602,0.24782433,0.250602,0.25342622,0.256086,0.25862014,0.26121452,0.26361173,0.2659332,0.2683012,0.2705363,0.27248108,0.27407345,0.27510035,0.27575213,0.27592003,0.27560073,0.27546147,0.2754324,0.27517813,0.27431732,0.2728264,0.270928,0.2683573,0.264905,0.26071408,0.25596353,0.2504505,0.24392006,0.23708981,0.23077226,0.22436611,0.21749948,0.21024475,0.20272158,0.19455352,0.18484773,0.17502299,0.16665578,0.159718,0.15381779,0.1489263,0.14546981,0.14366925,0.14259666,0.14170802,0.14115842,0.14127657,0.14362349,0.1505219,0.15778697,0.16625422,0.17426766,0.18120785,0.18772954,0.19404402,0.20020379,0.20691465,0.21406008,0.22201262,0.23157814,0.24171485,0.25188997,0.26192993,0.27088425,0.2782748,0.28430456,0.2890439,0.2925545,0.2956568,0.2986643,0.3012717,0.30322263,0.30452776,0.30553728,0.30627346,0.30672568,0.30699152,0.30731282,0.3076426,0.30797425,0.3080588,0.3079878,0.30763426,0.30677223,0.30541348,0.30377823,0.30189294,0.29992712,0.29807281,0.29665443,0.295724,0.29497692,0.29447308,0.2940989,0.29370064,0.29303053,0.29220784,0.29156357,0.2911484,0.29089907,0.29080078,0.29127106,0.29229033,0.29344323,0.2945599,0.2955206,0.2964279,0.29735252,0.29835564,0.29947194,0.30089667,0.30245706,0.30401868,0.30553216,0.30683625,0.3079787,0.30908144,0.31065974,0.31280503,0.31524718,0.3178638,0.32042563,0.32263768,0.32460412,0.3259428,0.3263885,0.3259842,0.32505062,0.32378566,0.32244107,0.32136568,0.32040745,0.31948012,0.31893054,0.318938,0.31958473,0.32086483,0.322851,0.32571396,0.3285717,0.33189896,0.33620158,0.34082562,0.3454733,0.35048953,0.35714537,0.36400053,0.3690941,0.37354428,0.3780721,0.38256863,0.38778228,0.39301214,0.39770508,0.40171313,0.40488276,0.40750664,0.4099167,0.4118905,0.4134668,0.4149118,0.41612083,0.41661438,0.4163878,0.41614652,0.4157507,0.41486734,0.4132634,0.41149655,0.41007188,0.40878582,0.40757468,0.40655974,0.40641886,0.40705147,0.40872014,0.41163087,0.41537,0.41902253,0.42252827,0.42583156,0.42859572,0.4310529,0.43307817,0.43474534,0.43601155,0.43718222,0.43831664,0.43934116,0.43998146,0.44013187,0.43989643,0.43911874,0.43770975,0.43573314,0.43340588,0.4308888,0.4281506,0.42552978,0.42331105,0.42143422,0.42013237,0.42037228,0.42266488,0.42641172,0.43105724,0.43565413,0.43949926,0.44277495,0.44469672,0.44556788,0.44565117,0.4455388,0.44580543,0.4469043,0.44796917,0.44893187,0.4502483,0.45200574,0.45433462,0.45646587,0.45781556,0.45896238,0.46040526,0.4617783,0.46322015,0.4641672,0.4645719,0.4639049,0.4627933,0.46142095,0.45984885,0.45867988,0.45834658,0.45843577,0.45887938,0.45980027,0.46146435,0.4635878,0.46561888,0.46649355,0.46601763,0.46584624,0.4691478,0.47298095,0.47666547,0.48138028,0.48582825,0.48946455,0.49273118,0.4952836,0.49724904,0.4985116,0.4988448,0.49841106,0.49687088,0.49440882,0.49105456,0.4870326,0.48206642,0.47595644,0.46846592,0.45980558,0.45115092,0.4431232,0.4353961,0.4267457,0.41724876,0.40888727,0.40103242,0.39516175,0.39096245,0.3880535,0.38578376,0.3843821,0.38379812,0.38307723,0.3837672,0.38517967,0.38654953,0.3902758,0.39759797,0.40839887,0.4199611,0.43001744,0.43897763,0.44660276,0.45198378,0.4557497,0.4569482,0.45625913,0.45359024,0.45120567,0.44824076,,,,,0.40878037,0.40371802,0.40080574,0.39730704,0.39442402,0.3915738,0.3875193,0.38388804,0.38261336,0.37984443,0.37379214,0.3686565,0.36253133,0.35557735,0.3495393,0.34467107,0.34104824,0.338232,0.33551344,0.33283323,0.331167,0.32789558,0.32267347,0.3185772,0.31459847,,,,,,,,,,,,,,,,,,,,,,0.4468087,0.44088438,0.43016773,0.41368952,0.39567104,0.3789813,0.3658192,0.35719138,0.35186073,0.3484527,0.3498819,0.3590124,0.3697008,0.3771634,0.386622,0.3961815,0.40324956,0.40929595,0.4140602,0.4167376,0.41753596,0.41715196,0.41761267,0.42025313,0.42420557,0.4270476,0.4289291,0.43077034,0.43290386,0.43514487,0.437131,0.43899235,0.43971202,0.43950835,0.4388381,0.43765292,0.43631026,0.43502405,0.43375152,0.43256667,0.4311443,0.42956638,0.4277921,0.4261461,0.4238592,0.42083257,0.4175914,0.41461587,0.41223988,0.41028827,0.40816116,0.4063139,0.40544763,0.40491524,0.40445825,0.40423787,0.4039815,0.4038818,0.404037,0.404684,0.4053683,0.40565717,0.40543684,0.40466276,0.40318966,0.40133142,0.39928004,0.39708173,0.39492473,0.39306155,0.3912939,0.38937634,0.38721773,0.38458586,0.38114956,0.37685093,0.3724854,0.36965534,0.36908832,0.3702377,0.37142894,0.3723094,0.37319982,0.3743822,0.37573972,0.3772561,0.37894177,0.3807586,0.3825307,0.3845487,0.3864612,0.38820323,0.3901824,0.39246258,0.3949615,0.39754108,0.4001015,0.4025582,0.40479013,0.4067353,0.4085252,0.41038287,0.41243592,0.4143612,0.41567454,0.41636533,0.4155595,0.41378036,0.41142052,0.4082829,0.40469122,0.40099356,0.39759803
8.083336,,,,,,,,,,,,,,,,,,,,,,,,,,,,0.35470974,0.3521353,0.34914708,0.34878775,0.346232,0.3368974,0.3254508,0.31249487,0.29926437,0.28639993,0.27388403,0.2635104,0.25511768,0.24902138,0.24469456,0.24225345,0.24090707,0.24024716,0.24012153,0.24025945,0.24060124,0.24091221,0.24109304,0.24150558,0.24232078,0.24331789,0.2443549,0.2457357,0.24731167,0.24898224,0.25105244,0.25347027,0.25580958,0.25811797,0.26029575,0.2623888,0.26462826,0.26703107,0.26952088,0.2718666,0.2742436,0.27625006,0.2781195,0.27975938,0.28122547,0.2824932,0.28352952,0.28430906,0.28495535,0.28511274,0.28493586,0.28464437,0.2841826,0.2834598,0.2819095,0.27975821,0.27715668,0.2739626,0.26995394,0.26522434,0.26015136,0.2544055,0.24774814,0.2406458,0.23388138,0.22709593,0.22007833,0.21272407,0.20526761,0.19698161,0.1871607,0.17707336,0.16838305,0.16142862,0.1556709,0.15090238,0.147419,0.14529935,0.1435997,0.14224717,0.14152893,0.14135015,0.14372012,0.15039703,0.15798242,0.16667971,0.17492847,0.18224083,0.18887295,0.1951977,0.2014756,0.20802611,0.21481264,0.22231479,0.23105101,0.24060482,0.2506476,0.26091287,0.2704212,0.2785985,0.28551412,0.2909688,0.29486975,0.29727823,0.29902363,0.30055448,0.30207878,0.3033271,0.30428854,0.3050623,0.3054856,0.3057576,0.30598018,0.30612227,0.30630144,0.30633432,0.30629653,0.30606946,0.30559674,0.304652,0.30339196,0.30185732,0.30004793,0.29810017,0.29638386,0.29498157,0.2938423,0.293031,0.29251656,0.2922405,0.2919066,0.29151604,0.29117113,0.2910727,0.29088092,0.29051614,0.2905079,0.29110762,0.29207647,0.29311025,0.29433998,0.2956539,0.2971663,0.29897544,0.3008192,0.30273047,0.30454952,0.3064061,0.3083042,0.30976343,0.3108213,0.31166035,0.31265593,0.31418875,0.31619453,0.31850475,0.32078457,0.3228691,0.32489857,0.32653314,0.32753325,0.3279041,0.32747546,0.32656306,0.32528353,0.32393345,0.32260406,0.3215131,0.32079744,0.32061902,0.32132897,0.32246464,0.3241704,0.3262942,0.32857522,0.33148563,0.3352839,0.33957902,0.34421372,0.34945288,0.35617366,0.36247653,0.36721924,0.37184063,0.37663883,0.3815433,0.387225,0.39286518,0.39733437,0.4008478,0.403884,0.40632048,0.40821406,0.4099764,0.41162312,0.41290644,0.41371122,0.41388077,0.41356778,0.41316143,0.41245225,0.4114329,0.40987006,0.4082546,0.40711418,0.40597448,0.40495005,0.40433863,0.4044197,0.40532726,0.40782905,0.4120189,0.41659215,0.42082587,0.42472854,0.42826056,0.43145242,0.43421704,0.43647355,0.43805432,0.43866456,0.4390278,0.439301,0.439599,0.43970087,0.43965507,0.4392983,0.4385199,0.4372245,0.43542755,0.43315938,0.430644,0.42807308,0.42553872,0.42340374,0.42168188,0.4204074,0.4199576,0.42104667,0.42400268,0.42874256,0.4342892,0.43840888,0.44197983,0.44440168,0.44516802,0.4450909,0.44473103,0.44496158,0.446151,0.4472003,0.44789383,0.44888863,0.4508221,0.45352975,0.45570105,0.45664558,0.4580252,0.46023148,0.46197549,0.463264,0.46440482,0.4650155,0.46462473,0.4637782,0.46267396,0.46154574,0.46087354,0.46089363,0.46073124,0.4607576,0.461465,0.4628977,0.46464708,0.46586823,0.46573737,0.46487486,0.46597576,0.46923774,0.47275975,0.47676146,0.48240244,0.48730028,0.49182346,0.4965316,0.50103176,0.5048521,0.50776064,0.50962865,0.51023704,0.50930834,0.5072852,0.5039016,0.49973264,0.49488786,0.48951203,0.4828418,0.4748406,0.46630862,0.45835865,0.45100498,0.4433838,0.4345062,0.42496076,0.4163095,0.40923405,0.40303266,0.39829627,0.39428952,0.39127895,0.3892847,0.38866693,0.38938734,0.38992733,0.39141056,0.39655676,0.40314874,0.41183454,0.42310792,0.43350014,0.4419161,0.44910884,0.45448783,0.45738423,0.45889804,0.45861664,0.45577794,0.4515557,0.44679224,0.44135725,0.43370974,0.42555937,0.41623625,0.41056016,0.40479788,0.40185067,0.39800712,0.39475393,0.39086214,0.38737455,0.3836729,0.3818398,0.37643433,0.37001356,0.36505044,0.35991508,0.35458407,0.3506104,0.3476041,0.3444453,0.34178692,0.33952278,0.33710298,0.33494523,0.331569,0.3261728,0.32099134,0.3179586,,,,,,,,,,,,,,,,,,,,,,0.44844306,0.4436288,0.43717107,0.4244269,0.4091554,0.3928081,0.37902412,0.36874712,0.36192828,0.35751948,0.35835427,0.36634663,0.3745566,0.38177913,0.39193445,0.40017578,0.40659794,0.4119251,0.41556627,0.41701114,0.4169656,0.41609186,0.41709453,0.41971302,0.42317894,0.42526114,0.42679563,0.4286247,0.43071058,0.43248418,0.43399587,0.43514022,0.43534783,0.4351272,0.43438286,0.43360466,0.4324985,0.4313362,0.43029034,0.4291423,0.42776582,0.42621922,0.42422998,0.4222494,0.42006522,0.41710728,0.41364986,0.41060987,0.40837684,0.40645066,0.4044007,0.4028636,0.40218002,0.40162754,0.400989,0.4004334,0.3999652,0.39970312,0.40008637,0.40126553,0.40238473,0.4029811,0.40300378,0.40248647,0.4013449,0.3995538,0.3974401,0.3953062,0.39330176,0.39155835,0.38972756,0.38735467,0.3842148,0.38028076,0.37575468,0.37105358,0.36773208,0.36685416,0.36799258,0.36937976,0.37023365,0.37095973,0.37188774,0.37326065,0.37485343,0.37655613,0.37827656,0.3801517,0.3822285,0.3843802,0.38616994,0.38785273,0.3899479,0.39231074,0.3947189,0.39738044,0.40024206,0.40311432,0.4057192,0.40789318,0.40945947,0.4106567,0.41183904,0.4131299,0.41455144,0.4156489,0.41571262,0.41480866,0.41306207,0.41061425,0.4076199,0.40444204,0.4014969
8.0,,,,,,,,,,,,,,,,,,,,,,,,,,,0.3598109,0.35654417,0.3534175,0.35039946,0.34537905,0.34068918,0.32863253,0.31497484,0.3018631,0.2878849,0.27594835,0.2666362,0.2589774,0.2540569,0.25147796,0.2502655,0.25023407,0.25059438,0.25116983,0.2518222,0.25249687,0.25330848,0.25405422,0.25484145,0.2560481,0.2574839,0.25875637,0.25985542,0.26121446,0.26289612,0.2645832,0.26640862,0.26857907,0.2706543,0.2724004,0.27392882,0.27545598,0.2771234,0.27896312,0.28085232,0.28283542,0.28475866,0.28653526,0.28801587,0.28909162,0.28990224,0.29059362,0.2911263,0.291828,0.29240808,0.29262027,0.29248363,0.29205444,0.29110512,0.28969058,0.28754315,0.2849673,0.28178623,0.27806297,0.27376705,0.26883975,0.26354805,0.25755984,0.25072998,0.2434692,0.23648182,0.2295543,0.22250824,0.21522273,0.20779124,0.19941768,0.18955374,0.17953877,0.1704761,0.16328909,0.15752617,0.15272325,0.14908831,0.14651681,0.14445929,0.1429981,0.14224128,0.14181769,0.1447259,0.15092035,0.15885945,0.16787755,0.17639275,0.18395573,0.19065526,0.1967932,0.20308359,0.20965295,0.21637718,0.22370262,0.23163927,0.24032223,0.24976037,0.25972715,0.2694333,0.2782327,0.28570038,0.2921203,0.29677942,0.29982024,0.3014277,0.30195317,0.3023434,0.3030132,0.3038244,0.30441102,0.3047466,0.30496216,0.3050595,0.30502275,0.30494705,0.30486843,0.30474687,0.30449486,0.30419338,0.30360213,0.30267334,0.30143288,0.29987463,0.29810214,0.29626873,0.29452696,0.292998,0.29186574,0.29108238,0.29071513,0.29063675,0.29063788,0.29073364,0.29090348,0.29095593,0.29079407,0.2907501,0.2911045,0.29187864,0.2929196,0.2943712,0.29598695,0.29793328,0.30036202,0.30290657,0.30545247,0.30780673,0.3100388,0.31225342,0.31408086,0.3152419,0.31606203,0.31687874,0.31809327,0.3196552,0.32129177,0.32297283,0.32457447,0.32612213,0.32763773,0.32886168,0.32966605,0.32985714,0.3295255,0.32857096,0.3274382,0.32619953,0.32492912,0.32382026,0.3234703,0.32408062,0.32492605,0.3260944,0.32755515,0.32944438,0.3320431,0.33531433,0.3393167,0.34390897,0.3493096,0.3559444,0.36143827,0.36598545,0.37093303,0.37573552,0.38091615,0.38667864,0.3925438,0.39694917,0.40000588,0.402487,0.4046777,0.40631098,0.4078014,0.40916467,0.41012532,0.41074458,0.41085106,0.4105915,0.40988833,0.4089944,0.40780002,0.40631244,0.40498552,0.40387163,0.402782,0.4018705,0.40153053,0.4019459,0.40385413,0.40768316,0.41247496,0.4173847,0.4222454,0.42664328,0.43043256,0.43404144,0.43716207,0.43978468,0.4418523,0.44266084,0.44266072,0.44220203,0.4416349,0.44090465,0.44012564,0.4394105,0.43860888,0.43741485,0.4357615,0.4336741,0.4313497,0.4290694,0.42691883,0.4248912,0.42354658,0.42247358,0.42169252,0.4217496,0.42309317,0.42710522,0.43268898,0.43727335,0.44091675,0.44396386,0.44491425,0.44452113,0.44380876,0.44383118,0.44480622,0.44572246,0.4460442,0.44666314,0.44860744,0.45148218,0.4538577,0.45525122,0.4571565,0.45952573,0.46151543,0.46281606,0.4640266,0.4649499,0.4649038,0.4642204,0.46347335,0.46298867,0.4628038,0.4630242,0.46285567,0.4628356,0.46320683,0.46375632,0.4647735,0.46486992,0.46351534,0.46256086,0.46401936,0.46611762,0.4692563,0.47380373,0.4797268,0.48547637,0.49174458,0.4981025,0.50425214,0.5094354,0.51348925,0.5166831,0.51862484,0.51881725,0.51783705,0.5152726,0.51188314,0.5069932,0.50155646,0.49503037,0.48778102,0.4799725,0.4724405,0.46561304,0.4582951,0.45007643,0.4409413,0.43264043,0.4250308,0.4172407,0.41058058,0.40507993,0.4005332,0.39631608,0.39433995,0.39465442,0.39500514,0.39806786,0.40427494,0.41113198,0.41754174,0.4262506,0.4362945,0.4446383,0.45138705,0.4565471,0.4597393,0.46053845,0.46009496,0.4579527,0.45371187,0.44784266,0.44108066,0.43472785,0.4251776,0.41752985,0.41128314,0.4062986,0.4023974,0.3979066,0.39397037,0.3900544,0.38668704,0.3838049,0.37823173,0.3708942,0.36648193,0.36327463,0.36065963,0.35734499,0.35380352,0.34993336,0.3463908,0.3439923,0.34209776,0.34033477,0.33841628,0.335103,0.32985637,0.32475585,0.3217962,0.32475135,,,,,,,,,,,,,,,,,,,,,,0.4455278,0.44056937,0.43274927,0.42084783,0.40690982,0.39368513,0.382748,0.3749878,0.36989057,0.37052584,0.37675494,0.38150465,0.38820004,0.39683554,0.40388942,0.40939927,0.41410175,0.41674152,0.41709605,0.4161913,0.41526127,0.41623288,0.41846502,0.42117676,0.4227803,0.4240249,0.42581213,0.42756122,0.42885748,0.43025896,0.4309649,0.43072274,0.4305561,0.43003142,0.42956963,0.4287357,0.42779076,0.42693567,0.42593005,0.42458296,0.42305055,0.42113608,0.4188711,0.41644174,0.41357455,0.41014448,0.40716144,0.4050458,0.4031579,0.40129215,0.39981446,0.3990193,0.3982961,0.39749846,0.3965002,0.39565456,0.3954129,0.39616796,0.39781836,0.39908293,0.39974722,0.3997339,0.39947677,0.39878374,0.3971738,0.39508295,0.392926,0.39089894,0.38884154,0.38636252,0.3829992,0.37879425,0.37412658,0.36951637,0.36615816,0.3651249,0.36559537,0.36679006,0.3676531,0.36819097,0.36892283,0.37015113,0.37184247,0.3737869,0.375582,0.37744945,0.3797256,0.38212168,0.38429034,0.38599476,0.38768467,0.38988277,0.39226383,0.39464322,0.39736697,0.40034488,0.40341502,0.40619773,0.4086195,0.4106674,0.41231954,0.41350144,0.41433647,0.41498628,0.41547275,0.4158886,0.41572875,0.41449267,0.4125806,0.41034997,0.4076373,0.40491936
7.9166718,,,,,,,,,,,,,,,,,,,,,,,,,,,0.36151773,0.35659543,0.35300577,0.3481535,0.3434343,0.3341865,0.3191668,0.3034587,0.29012138,0.27740383,0.26857114,0.26270732,0.25815105,0.25702673,0.2572897,0.25805455,0.25880265,0.25934464,0.25999865,0.2608766,0.26220733,0.2638776,0.26541337,0.26698563,0.2688477,0.27055827,0.27189252,0.2730349,0.27421707,0.27575457,0.2778271,0.2799535,0.2818886,0.2835668,0.28483024,0.28592116,0.28701565,0.28812695,0.2893071,0.29054064,0.29200634,0.29333833,0.2945505,0.2956227,0.29658437,0.29724085,0.29787192,0.29836953,0.29862007,0.2986792,0.29868746,0.29830387,0.29751602,0.29613402,0.2942256,0.29167324,0.28884715,0.28539243,0.28134874,0.2768075,0.27169666,0.26607108,0.25978923,0.2529081,0.24566169,0.23859325,0.23164757,0.22470427,0.21762025,0.21014215,0.20200473,0.19254379,0.18244985,0.17316495,0.16558698,0.1594012,0.15429606,0.15030825,0.14742169,0.14526944,0.14398174,0.1432667,0.1429271,0.14633536,0.15239581,0.16066441,0.16981335,0.1785318,0.18615901,0.19275089,0.1987641,0.20513675,0.21165891,0.2184151,0.22548962,0.23275173,0.24068303,0.24937855,0.2587524,0.2682981,0.27743527,0.28547862,0.29242444,0.29808423,0.30201975,0.30433774,0.30506393,0.30445698,0.30393404,0.3041208,0.3043734,0.30448502,0.30459383,0.3044666,0.30422363,0.30388165,0.3036061,0.30339816,0.30304688,0.30270156,0.3023192,0.30166093,0.30064374,0.2993715,0.29785416,0.29608634,0.29423574,0.2925169,0.2911332,0.2900625,0.28953522,0.28946832,0.28959277,0.2899021,0.29013947,0.29034224,0.29057235,0.29088667,0.2914961,0.29236037,0.29343817,0.2950898,0.29722887,0.29991657,0.30310422,0.30634147,0.309449,0.31243554,0.3150886,0.31748432,0.31965604,0.3212046,0.32217538,0.32291695,0.3238217,0.32483834,0.32589653,0.3270131,0.3281315,0.3290855,0.33001763,0.33085734,0.33169028,0.33221835,0.33218843,0.3316603,0.3308449,0.3297872,0.32853177,0.32742175,0.32681885,0.32702488,0.3274896,0.32822406,0.32926548,0.330809,0.33314687,0.33613136,0.3399073,0.34434143,0.34986356,0.3565685,0.36142197,0.36558428,0.37052566,0.37523112,0.38041508,0.38617724,0.39195874,0.39630625,0.3990807,0.40097418,0.40279818,0.40438905,0.40533292,0.40624943,0.40699738,0.40737092,0.40752715,0.40731546,0.40648252,0.4053033,0.403908,0.40254647,0.4014036,0.4002847,0.39918894,0.39830443,0.39840412,0.39981368,0.40333992,0.40775967,0.41282666,0.41817468,0.42355034,0.4284745,0.4326093,0.43651408,0.43994784,0.44273862,0.44496644,0.44624212,0.44677436,0.446689,0.44587776,0.44407466,0.4422399,0.44073194,0.43953013,0.4384373,0.43701884,0.43527478,0.4333793,0.43142805,0.42958516,0.42794067,0.4267707,0.4260084,0.4251762,0.42461938,0.42456046,0.4268116,0.43148774,0.43618774,0.4396277,0.44307965,0.44488564,0.4443584,0.44308275,0.4423202,0.44292608,0.44365084,0.44376096,0.44389865,0.44543248,0.4485118,0.4515015,0.45383608,0.45600373,0.45826274,0.46048883,0.4619433,0.46300447,0.46436772,0.46500462,0.46479934,0.46441713,0.4642908,0.46438205,0.46461356,0.4646111,0.46461245,0.46437123,0.46397763,0.46379238,0.46249083,0.46014944,0.4588085,0.45908573,0.45973974,0.4627408,0.46788073,0.4738296,0.4812029,0.48919368,0.49689034,0.504224,0.5104886,0.515907,0.5199874,0.5228313,0.5243231,0.52495676,0.5241203,0.52196604,0.5179392,0.51271003,0.50624526,0.4993896,0.49224144,0.48525578,0.4785668,0.4716918,0.4645292,0.45649675,0.4485282,0.44070917,0.43232843,0.42436695,0.4174194,0.41139758,0.40544513,0.40148285,0.4003176,0.40083516,0.40490732,0.41101605,0.41822293,0.424663,0.4312539,0.43956494,0.4474337,0.4536501,0.45837155,0.46174493,0.46204516,0.4606149,0.459451,0.4556636,0.4487215,0.4408664,0.4324608,0.4254271,0.4172773,0.41118023,0.40625423,0.4012038,0.39624172,0.39142022,0.3881867,0.38623738,0.3802482,0.37341446,0.36806616,0.36557814,0.36420208,0.36227277,0.35909602,0.35477978,0.35046273,0.34740093,0.34522837,0.343818,0.34280178,0.34099144,0.33810246,0.33349282,0.32856098,0.32553294,0.3253318,,,,,,,,,,,,,,,,,,,,,,0.44736284,0.44285008,0.43745786,0.42915574,0.41843462,0.40678325,0.39649752,0.38850302,0.38360536,0.38427722,0.38790265,0.38959214,0.39578265,0.40153793,0.40727752,0.41186762,0.415654,0.4172793,0.416717,0.41528553,0.41432863,0.4147422,0.4163672,0.41839337,0.4196449,0.4205416,0.42205882,0.42323652,0.42437077,0.42568883,0.425947,0.42597637,0.4261707,0.4259491,0.4256175,0.4250611,0.42436978,0.42366555,0.42275542,0.4215519,0.42009428,0.4182237,0.41583222,0.41338772,0.4109191,0.40758467,0.40449077,0.40221834,0.4002431,0.39859384,0.39705,0.39595157,0.3949664,0.39388746,0.392468,0.39130142,0.3911401,0.39220563,0.394025,0.39538777,0.39587483,0.3958863,0.396033,0.39559656,0.39397502,0.39184952,0.38950062,0.38701126,0.38429728,0.38080266,0.37644506,0.37156633,0.3671303,0.36426306,0.3634537,0.363407,0.36367384,0.3641055,0.3647494,0.36537367,0.36623508,0.36762464,0.36977836,0.37214026,0.3742093,0.37661475,0.37946826,0.38200623,0.3840742,0.3857953,0.38751042,0.38958144,0.39184782,0.394443,0.39733928,0.40038717,0.40330315,0.40591633,0.40841272,0.41087085,0.4132834,0.41519997,0.41652834,0.41728854,0.4173123,0.41694865,0.4164245,0.41566867,0.41429046,0.41258493,0.4103567,0.40790215
7.833336,,,,,,,,,,,,,,,,,,,,,,,,,,,0.36118883,0.35537216,0.35058329,0.3451826,0.338191,0.3249323,0.30911168,0.29279703,0.27980092,0.2706088,0.26504543,0.26167658,0.26081693,0.26214203,0.26332524,0.26385072,0.26417595,0.26452947,0.2653565,0.26688078,0.26935995,0.27220273,0.27468008,0.2768191,0.27889192,0.28063017,0.28202742,0.28348315,0.28505224,0.2867505,0.28893593,0.29113796,0.29301834,0.29434052,0.29524314,0.29611644,0.29689848,0.29741317,0.29796693,0.2985993,0.29938114,0.30014408,0.30109528,0.3019691,0.3029325,0.30347028,0.3035283,0.30354333,0.30358744,0.30343506,0.3030398,0.30222684,0.30101538,0.2992808,0.2972158,0.29465047,0.29169723,0.28832868,0.2842343,0.27948847,0.27418363,0.26811856,0.2614612,0.25445065,0.24727237,0.24023157,0.23338026,0.22663167,0.21976791,0.21232952,0.20431349,0.19564176,0.18599975,0.17668234,0.16858172,0.16174047,0.15615736,0.15181014,0.14861508,0.1465591,0.14555623,0.1450354,0.14496323,0.14863145,0.15494628,0.16333988,0.17251654,0.18114384,0.18862161,0.1949906,0.20112574,0.20763022,0.2140021,0.22045037,0.22707675,0.23400854,0.24145818,0.2495967,0.25849617,0.26761818,0.27651736,0.28515095,0.29242447,0.29888725,0.30379954,0.30692294,0.30821094,0.30788472,0.3065166,0.30545986,0.3050058,0.30472472,0.30453226,0.30420345,0.30363476,0.30305368,0.30254278,0.30223346,0.30183366,0.30142224,0.30105284,0.3005141,0.29969624,0.29866624,0.29736593,0.29580054,0.29411986,0.29245394,0.2909546,0.28965962,0.2889323,0.28869942,0.28876123,0.289045,0.28923255,0.2895852,0.29008055,0.29085958,0.29187915,0.29305694,0.29447335,0.29633567,0.29891816,0.30235508,0.3062754,0.31038427,0.31434053,0.318207,0.32154876,0.32418883,0.32639715,0.328246,0.3294601,0.3302019,0.33081234,0.33147028,0.33198088,0.332537,0.3331508,0.33372083,0.334032,0.33402312,0.3341234,0.3344991,0.3346716,0.3343924,0.33386105,0.33290628,0.3316884,0.33054838,0.32981628,0.32968175,0.32996434,0.33048138,0.3312245,0.33266658,0.33481672,0.33755133,0.34111536,0.34533998,0.35092875,0.3574379,0.36202013,0.36596146,0.37057737,0.37509117,0.3799713,0.3857398,0.39147532,0.39548752,0.39800677,0.39955708,0.40090415,0.4021265,0.40280306,0.40330744,0.4038056,0.40392482,0.4041034,0.40383875,0.40275112,0.4011872,0.399728,0.39842448,0.39727443,0.396363,0.395313,0.39494687,0.39574346,0.3984108,0.4030609,0.40789068,0.4135842,0.41945907,0.4251888,0.43032405,0.43457523,0.4384939,0.4421177,0.44524756,0.44756895,0.4491373,0.45012876,0.45086676,0.45063645,0.44904482,0.44634682,0.4437891,0.44184285,0.44032505,0.4389035,0.43739322,0.4358655,0.4343321,0.43299252,0.43247214,0.43269736,0.432683,0.43269578,0.43218023,0.43019494,0.4284745,0.43102053,0.4351529,0.43859217,0.44184172,0.44462246,0.44481948,0.44303378,0.4412882,0.44099957,0.44164816,0.44175115,0.4415508,0.44254175,0.44575188,0.4494963,0.45236006,0.45454276,0.45674586,0.45904237,0.46100083,0.46210527,0.46326843,0.46466923,0.46532744,0.4655402,0.46554872,0.465717,0.46582437,0.46592158,0.465546,0.46468106,0.4635099,0.4618324,0.45925874,0.45591778,0.45326617,0.4511091,0.4505427,0.4540526,0.45920777,0.4657442,0.47516432,0.48496947,0.49412072,0.5028868,0.5105928,0.5176424,0.5227664,0.52598137,0.52818614,0.52975667,0.5302172,0.5294543,0.5266452,0.5226693,0.5169656,0.5106505,0.5036665,0.49693316,0.4907587,0.48460725,0.4780298,0.4705183,0.46296293,0.45540127,0.44734347,0.4390209,0.43104377,0.42388666,0.4163394,0.4106227,0.40770635,0.40784076,0.41171864,0.41748804,0.4247561,0.43211037,0.43804646,0.4442837,0.45135203,0.4568483,0.46165773,0.46378538,0.4635985,0.4617244,0.46057528,0.4564696,0.4483983,0.4395088,0.43076134,0.42548385,0.41544625,0.41040254,0.40571567,0.40016153,0.3959625,0.39092064,0.38522702,0.38522223,0.3768398,0.37235266,0.36832324,0.36632383,0.36392614,0.36136746,0.35792968,0.3538046,0.3505796,0.3488126,0.3471477,0.345983,0.3448394,0.3431786,0.34075946,0.33679444,0.33255947,0.32960486,0.3283559,,,,,,,,,,,,,,,,,,,,,,,0.44421616,0.44013655,0.43453267,0.42619026,0.41711187,0.40801027,0.4010883,0.39718124,0.3973056,0.39806458,0.3983599,0.4023791,0.40618998,0.41046345,0.41421902,0.41661975,0.41727716,0.41619933,0.4144186,0.41300508,0.41267884,0.41366363,0.41521204,0.41611728,0.41653386,0.41757414,0.41821748,0.41922623,0.42020968,0.42058754,0.4216538,0.42226252,0.42202073,0.42176843,0.42141873,0.42101103,0.42038563,0.41940692,0.41835463,0.41716534,0.41547066,0.41321045,0.41071242,0.40826383,0.40509883,0.40194926,0.39955392,0.39761543,0.39602554,0.39445406,0.39302862,0.39166075,0.3901684,0.38835636,0.38689676,0.38655162,0.3874803,0.38928583,0.39081037,0.39118427,0.39144942,0.39186254,0.39114076,0.38940752,0.38713458,0.3843555,0.3810334,0.3773537,0.37311992,0.36839128,0.3642321,0.36192802,0.36118442,0.3608408,0.36024943,0.3601102,0.36047462,0.36114484,0.36182183,0.3628854,0.36456078,0.36719778,0.3699518,0.372616,0.37577465,0.37894705,0.38133836,0.38325626,0.3850207,0.38668185,0.38851658,0.39080104,0.39372697,0.39675584,0.39953628,0.4021191,0.4047116,0.40735656,0.41011685,0.41289392,0.41543654,0.41753727,0.4191279,0.4198459,0.41973275,0.41883475,0.41727883,0.4159262,0.41464445,0.41299528,0.41066033
7.75,,,,,,,,,,,,,,,,,,,,,,,,,,,0.35617858,0.35232157,0.3478186,0.3406075,0.32894152,0.31367326,0.29728305,0.28330126,0.27264595,0.26669294,0.2638011,0.26344097,0.26421657,0.2652899,0.26564607,0.26576638,0.2661138,0.26720223,0.26917166,0.27204815,0.2757614,0.27935803,0.2824422,0.2849508,0.28727666,0.2893485,0.2909775,0.29251456,0.29408595,0.2957048,0.29754326,0.29963157,0.3016335,0.30307108,0.30393887,0.30449906,0.30472612,0.30481526,0.3049627,0.30526868,0.3055429,0.30601665,0.30644897,0.30689448,0.3074138,0.30760777,0.30769688,0.30746827,0.30694738,0.30632314,0.30559787,0.30451265,0.30303332,0.30129713,0.29937485,0.29706514,0.29403666,0.2906197,0.28667518,0.28188556,0.27618048,0.26959434,0.2626428,0.25553244,0.24844858,0.24146447,0.23485744,0.22845532,0.22184978,0.21474351,0.20690191,0.19859578,0.18983597,0.1809507,0.17260306,0.16533284,0.15917169,0.15435646,0.15094249,0.14900579,0.14825946,0.14788924,0.14826837,0.15219344,0.15860718,0.1669101,0.17583473,0.18410438,0.19124721,0.19751796,0.20384815,0.21032381,0.21637782,0.2222323,0.22834685,0.23505718,0.2423942,0.25026435,0.25893646,0.26788804,0.27631602,0.28496435,0.29270783,0.2995688,0.3052272,0.30898875,0.31091252,0.31124794,0.31019807,0.30825052,0.30658776,0.305583,0.30487955,0.30424857,0.30336177,0.302507,0.30178788,0.30127016,0.3007984,0.30034116,0.299909,0.2994352,0.29877365,0.29799008,0.29693297,0.2956351,0.29423168,0.29278776,0.2914041,0.29003394,0.28912824,0.28869805,0.28867993,0.2888504,0.28903314,0.28952697,0.29021388,0.29118213,0.2923348,0.29377624,0.29568172,0.2982207,0.30168223,0.30591187,0.31044924,0.31510785,0.31969428,0.32426035,0.3283545,0.33163366,0.33406702,0.3359869,0.33740997,0.33830065,0.33885807,0.3393823,0.33946654,0.33931848,0.3392223,0.3392499,0.3390718,0.33847135,0.3378021,0.3374325,0.3373239,0.3370731,0.3365736,0.33568883,0.33441463,0.333145,0.3323446,0.3320837,0.33213836,0.3325413,0.3333492,0.33491006,0.33690444,0.33948523,0.3429393,0.34700128,0.35250503,0.35809493,0.3625607,0.3669067,0.3712344,0.37528914,0.37965006,0.38511896,0.39092988,0.39446214,0.39658242,0.39788234,0.3990812,0.3999032,0.40045828,0.40066043,0.40086022,0.4007956,0.40062353,0.40008935,0.39858344,0.39679125,0.3954051,0.39408103,0.39304814,0.39220834,0.39145532,0.39182532,0.39359486,0.3975566,0.40235397,0.40843147,0.41470867,0.42067033,0.4266002,0.4318757,0.43621188,0.4402342,0.44398558,0.4473866,0.44999707,0.45183402,0.45300585,0.45414546,0.45432848,0.45359302,0.45150995,0.4485874,0.44578537,0.4434605,0.4417417,0.44015518,0.43847138,0.43740502,0.43733957,0.43783808,0.43843096,0.4388171,0.43930516,0.43900335,0.4378048,0.4346621,0.43294457,0.43514615,0.43827042,0.44102255,0.44363585,0.44518927,0.44416425,0.44174206,0.44005758,0.44015118,0.4405244,0.44039518,0.44096383,0.44415972,0.44801036,0.45098224,0.45316252,0.4553591,0.457755,0.45995712,0.46158323,0.46234724,0.46391794,0.46534395,0.46621257,0.46659088,0.46677884,0.46677992,0.46680588,0.46602625,0.46469727,0.46302328,0.4603329,0.45679983,0.45236456,0.44759184,0.44209546,0.44026744,0.44318435,0.44778532,0.45600888,0.4681954,0.48052675,0.49154425,0.50171804,0.51114523,0.5195881,0.5257162,0.52916163,0.5315847,0.53350407,0.53460056,0.534836,0.5333602,0.5307074,0.52639997,0.5210845,0.514976,0.5082929,0.5022214,0.49651092,0.49039617,0.48337117,0.47614226,0.46893847,0.46150905,0.4538292,0.44546744,0.4373588,0.4286794,0.42227614,0.41856667,0.4183382,0.42116734,0.42608356,0.43256596,0.43959236,0.4455617,0.45090067,0.45643845,0.4615375,0.46589008,0.4664039,0.4653876,0.46354195,0.46197546,0.45663643,0.44749892,0.43761674,0.429563,0.4219015,0.41444838,0.41008422,0.40480486,0.40000778,0.3959,0.3898827,0.381936,0.37963003,0.376301,0.37219384,0.36802816,0.36501196,0.36215913,0.35945112,0.35639286,0.35322475,0.35125262,0.35006967,0.34886312,0.347721,0.3468983,0.34593022,0.34405047,0.34042275,0.33635706,0.33436874,0.33426124,,,,,,,,,,,,,,,,,,,,,,,,0.44260848,0.43823448,0.43229514,0.4256593,0.41794273,0.41248044,0.4091398,0.40807778,0.40518898,0.40652287,0.4075707,0.41044077,0.4134621,0.41609868,0.41724774,0.4170652,0.4157011,0.41330355,0.41119212,0.41029423,0.41096532,0.4120477,0.4123117,0.41221943,0.41279775,0.41321477,0.4138143,0.41455528,0.41571227,0.41753125,0.41820356,0.41796526,0.417748,0.41758186,0.41737285,0.41686517,0.4159448,0.41499096,0.4140124,0.4126676,0.41068402,0.40804788,0.4051814,0.40214905,0.3993454,0.39705276,0.39525238,0.3935922,0.3920122,0.39031312,0.38853207,0.38662612,0.3844362,0.38261455,0.38172165,0.38214064,0.38367662,0.3852623,0.38576883,0.3860585,0.38633975,0.38521096,0.38291848,0.38006088,0.37664452,0.37295642,0.3688777,0.3647926,0.36125728,0.3592419,0.358308,0.3573528,0.35623303,0.35570973,0.35563684,0.3561084,0.35687944,0.357751,0.35913712,0.36164594,0.3646333,0.36769328,0.37107953,0.37469134,0.37758422,0.37961656,0.38173974,0.3837398,0.38531953,0.38717768,0.389622,0.3921865,0.39449194,0.3967944,0.39918303,0.40186417,0.40480396,0.40791968,0.4111266,0.41425425,0.41717675,0.41957808,0.42125842,0.42213425,0.42187524,0.42051566,0.4186378,0.41662368,0.4151237,0.41317374
7.6666718,,,,,,,,,,,,,,,,,,,,,,,,,,0.35320586,0.35173136,0.34806022,0.3433853,0.33213913,0.31721005,0.30124143,0.28602695,0.27519536,0.2684017,0.26430327,0.26375446,0.26397777,0.26446182,0.2646852,0.26504287,0.26598012,0.26764584,0.27048713,0.27456453,0.27883703,0.28310323,0.28672042,0.2897558,0.29245037,0.29499358,0.29742926,0.29940575,0.30077115,0.30188343,0.30302647,0.30464244,0.30671418,0.30887622,0.3104301,0.3110145,0.31088996,0.31058997,0.31048772,0.31041145,0.3107599,0.31081304,0.31081533,0.31080297,0.31091112,0.31103495,0.31089696,0.31056315,0.30982992,0.3087186,0.30767572,0.3067902,0.3057177,0.3043513,0.3027126,0.3010239,0.29892346,0.29591924,0.29224384,0.28819042,0.2834861,0.27760634,0.27065706,0.26336634,0.25627595,0.24911277,0.24205986,0.2356538,0.22957155,0.22346331,0.21702945,0.20987666,0.2022035,0.19431028,0.18588047,0.1775543,0.17004709,0.16357547,0.15857086,0.15508224,0.15317445,0.1524808,0.15214622,0.15273039,0.15690765,0.16321602,0.17131671,0.17965783,0.18727973,0.19395623,0.20016973,0.20646836,0.21280485,0.21870218,0.22433804,0.23011269,0.23650126,0.2436571,0.25142992,0.25997236,0.26892123,0.27734444,0.28545675,0.29343337,0.30054885,0.3065521,0.31094712,0.31332046,0.31420094,0.31377187,0.31198767,0.3094739,0.3073117,0.3058172,0.30468825,0.30357248,0.30242315,0.30139884,0.300566,0.29990456,0.29937,0.29885572,0.2984136,0.29788533,0.29727623,0.29652864,0.29560432,0.29458505,0.29352877,0.29240084,0.29118595,0.2902328,0.2896967,0.289672,0.28983375,0.29008457,0.2907406,0.29137358,0.29220167,0.29347757,0.29543585,0.29793325,0.30107003,0.30529606,0.31051815,0.31587136,0.3209899,0.3259479,0.33085883,0.33543465,0.33928987,0.3421046,0.3441255,0.345666,0.34677026,0.34738934,0.3478598,0.34763625,0.34697542,0.34610042,0.34536356,0.34475178,0.3438688,0.3426936,0.34155858,0.34071672,0.34006593,0.33927423,0.33823812,0.33694723,0.33554643,0.33455548,0.334196,0.33431435,0.3348894,0.33588246,0.3373067,0.33927244,0.34180585,0.34511915,0.34913865,0.3546817,0.3593013,0.36337262,0.36801317,0.37235588,0.37595436,0.3798273,0.3845834,0.39013863,0.39341685,0.3952971,0.39643472,0.39736545,0.39792866,0.3982298,0.39821783,0.3980541,0.3977173,0.3970814,0.39614183,0.39436045,0.39251858,0.39119318,0.38982418,0.38890392,0.3881003,0.38785842,0.38898432,0.3918692,0.39632994,0.40204817,0.40900195,0.4154878,0.42143795,0.42750588,0.4328812,0.43737394,0.44173524,0.4458047,0.4492716,0.45219758,0.45437706,0.4558294,0.45687774,0.45724693,0.4569061,0.45576346,0.45384106,0.45122224,0.4485623,0.44651076,0.44417852,0.44214883,0.4421471,0.44276887,0.4438052,0.44454363,0.44451258,0.44469118,0.4444522,0.44345495,0.44120887,0.43723354,0.4364322,0.43832183,0.4406331,0.44257674,0.44461524,0.44525284,0.44371226,0.44150636,0.44032955,0.44036642,0.44037887,0.44119474,0.44413337,0.44741777,0.4500398,0.45216268,0.45445773,0.4570941,0.45933342,0.4611527,0.46236166,0.46394393,0.46563658,0.466819,0.4674603,0.46772897,0.46752995,0.4675311,0.46669188,0.46521118,0.46348453,0.46077353,0.4563481,0.45113844,0.44522825,0.43740866,0.4324236,0.43125495,0.43552294,0.4467209,0.46258256,0.47793415,0.490765,0.5020759,0.5129559,0.52234715,0.529076,0.53316104,0.5354238,0.53711504,0.53852546,0.53928643,0.53900003,0.5373298,0.5341331,0.52969503,0.5248118,0.5192803,0.51354486,0.5079297,0.502074,0.49540716,0.4883901,0.48144963,0.4749705,0.46786994,0.4597596,0.45152333,0.44327956,0.43708232,0.43306777,0.4323259,0.43367437,0.43693227,0.44194564,0.4477532,0.45348752,0.45836282,0.46304277,0.4669732,0.4699042,0.468809,0.4667747,0.46470368,0.4623817,0.45612276,0.44593674,0.4361169,0.4278249,0.42084226,0.41488698,0.4106925,0.40508384,0.39909354,0.39361358,0.38760626,0.3802296,0.3768743,0.37466747,0.36964145,0.36553603,0.36207384,0.35972866,0.35702074,0.3546105,0.3528136,0.3517064,0.3508339,0.3500772,0.34945664,0.3493789,0.34930712,0.34815592,0.34498248,0.3407387,0.3399601,0.33976847,,,,,,,,,,,,,,,,,,,,,,,,0.4454583,0.4415489,0.4370057,0.43171003,0.42577443,0.42097428,0.417577,0.41435778,0.41098523,0.41116592,0.4116294,0.41379812,0.41627705,0.4176054,0.41778657,0.41674834,0.41470826,0.4114451,0.40911546,0.4078278,0.4082142,0.4088765,0.40845066,0.4080115,0.40814114,0.4083809,0.40872777,0.40955544,0.41129875,0.41280255,0.41333938,0.41322497,0.41328278,0.41338834,0.4133758,0.4130743,0.4124129,0.4116916,0.41077423,0.4096843,0.40807903,0.40550175,0.40238076,0.39923856,0.39676178,0.39471108,0.3930303,0.391354,0.3897476,0.38779926,0.3855785,0.38333178,0.3808575,0.37864578,0.37709883,0.37683424,0.37778226,0.37916347,0.379813,0.37983668,0.3794308,0.3777181,0.37481633,0.37168837,0.36826774,0.3645699,0.36096603,0.35803768,0.35628268,0.35502216,0.35321492,0.3516078,0.35088408,0.35065988,0.3507769,0.35130924,0.352302,0.3538717,0.3560006,0.3587477,0.36191806,0.36542898,0.36910257,0.37253028,0.375178,0.37737972,0.37976635,0.38173455,0.38342378,0.38531694,0.38741148,0.38939834,0.39131773,0.3934809,0.39581734,0.39828202,0.4008585,0.40395015,0.40773073,0.41175193,0.41556033,0.41885585,0.42121086,0.4230884,0.4239553,0.42366067,0.4222715,0.4200824,0.4176943,0.41566
7.583336,,,,,,,,,,,,,,,,,,,,,,,,,,0.35303202,0.3495669,0.3460591,0.33729416,0.32197177,0.3048896,0.28863773,0.2763181,0.2698944,0.26472095,0.26253834,0.2620013,0.26153713,0.26167667,0.26219407,0.26413748,0.26687384,0.27047294,0.27496496,0.28048486,0.28551897,0.28972834,0.29314193,0.29617673,0.29904142,0.30189127,0.30474535,0.30691627,0.30807617,0.30887574,0.309787,0.3112769,0.31310487,0.31493098,0.3161743,0.31610712,0.31541842,0.31508994,0.31478557,0.31467897,0.31510842,0.31503937,0.31468874,0.314156,0.31377956,0.31333485,0.31279278,0.3119984,0.31091326,0.30965555,0.30864307,0.3078488,0.30672652,0.30520093,0.3036182,0.302121,0.30015266,0.29727837,0.29350355,0.2890744,0.2842844,0.27836356,0.271326,0.263806,0.25652373,0.24918966,0.2420169,0.23568456,0.22981477,0.22423086,0.21846977,0.21231143,0.20576537,0.19874983,0.19086501,0.182916,0.17560251,0.16926603,0.1642034,0.16065545,0.15863205,0.15780656,0.15750971,0.15843359,0.16264084,0.16889797,0.17647952,0.18388054,0.19067317,0.19688508,0.20287478,0.20890605,0.21496144,0.22127458,0.22760487,0.23347484,0.23945412,0.2460649,0.25348824,0.26177076,0.27069238,0.27932924,0.28718823,0.2948903,0.30201563,0.30805057,0.31281918,0.3157075,0.31697825,0.31707406,0.31583917,0.31327832,0.31022453,0.30766684,0.3057369,0.30423382,0.30285797,0.30140644,0.3001928,0.2992972,0.29860914,0.29799974,0.29742497,0.2968728,0.2963556,0.29589206,0.29545203,0.29489112,0.29434007,0.29364258,0.29287422,0.29216462,0.29179114,0.29187146,0.2920251,0.2922875,0.2929318,0.29349318,0.2941519,0.29572242,0.29822862,0.3013522,0.30512518,0.31009546,0.31625578,0.32250807,0.32814544,0.33335975,0.33824027,0.34286088,0.34699556,0.35011372,0.35221875,0.35376137,0.3551006,0.35584906,0.35624743,0.356029,0.3551553,0.35379657,0.3523132,0.3510238,0.349762,0.34834105,0.34670627,0.34514305,0.343833,0.34246877,0.34105673,0.33960685,0.3381695,0.3371633,0.33689588,0.33715817,0.33783343,0.33874294,0.33997703,0.34200266,0.34450644,0.3476795,0.35193393,0.3571862,0.36118263,0.3649876,0.36939988,0.37364128,0.37706232,0.38049334,0.38453475,0.38933346,0.39248,0.3941461,0.3951611,0.39577478,0.39616325,0.39617038,0.39587668,0.39530784,0.3944487,0.39339554,0.39203677,0.39018637,0.38851076,0.3869936,0.3858039,0.38484785,0.38420865,0.38448668,0.38640678,0.38980904,0.39490932,0.4018313,0.40881383,0.4155759,0.42185062,0.42829993,0.43412358,0.43899232,0.4435252,0.4475561,0.45085377,0.4536664,0.4559895,0.45777965,0.45898983,0.4597882,0.4597609,0.4593032,0.4584458,0.45680764,0.45514658,0.45264256,0.44943756,0.44894373,0.44953686,0.44960326,0.45026428,0.45064262,0.4502984,0.45006198,0.4495472,0.44839522,0.44626442,0.4424029,0.43938625,0.43918368,0.44059676,0.44204825,0.4439366,0.4455317,0.44574556,0.44447812,0.4427062,0.44192955,0.44170818,0.44275358,0.44536743,0.4479699,0.44997746,0.45159927,0.45372322,0.4564656,0.45916435,0.461138,0.4623728,0.4640228,0.46618888,0.46761563,0.46845064,0.46884045,0.46847183,0.46842918,0.46782202,0.4665294,0.46457762,0.462076,0.4577381,0.45229474,0.44696608,0.4384256,0.42842323,0.42213717,0.42672333,0.4409274,0.46002838,0.47777212,0.49162388,0.503806,0.5157603,0.52591306,0.5329404,0.5376839,0.54030544,0.5416185,0.54229105,0.54267424,0.543263,0.5428809,0.5405678,0.5372756,0.5332877,0.5285142,0.52350616,0.5183952,0.51310563,0.50689465,0.49986193,0.49338153,0.48754886,0.48090702,0.47400254,0.46674365,0.45959562,0.4541387,0.45008373,0.44785538,0.44782653,0.44964483,0.45321146,0.45702532,0.4614486,0.46648872,0.47049484,0.4733691,0.47352952,0.47149155,0.46841785,0.4654487,0.4614737,0.45384562,0.44333073,0.4348808,0.426775,0.42074805,0.41404346,0.40913343,0.4030028,0.39694825,0.39040375,0.38425294,0.3789987,0.37455404,0.3706252,0.36608124,0.3619355,0.3588117,0.35665894,0.35455784,0.35256034,0.35154185,0.35126987,0.35104823,0.35087693,0.3511367,0.35197255,0.35262957,0.35208622,0.34943226,0.34585086,0.34586212,0.3459841,0.3464168,,,,,,,,,,,,,,,,,,,,,,,,0.44333398,0.43983334,0.43515378,0.43016726,0.42582476,0.42172495,0.41624433,0.4147939,0.41371658,0.41460794,0.41650683,0.41835877,0.41871476,0.41772684,0.41590852,0.41300568,0.4094686,0.40668088,0.405392,0.40562013,0.40572503,0.40496132,0.40428954,0.40420997,0.4042923,0.4044463,0.40524867,0.40674964,0.40759695,0.40833545,0.4086487,0.4089608,0.40906793,0.40918627,0.40914923,0.40895522,0.40857136,0.4077354,0.40650535,0.40489718,0.40286952,0.4000154,0.3968916,0.39431453,0.39244848,0.3908909,0.38927433,0.38759086,0.38546,0.38279817,0.380268,0.37759677,0.37503892,0.3729176,0.37190807,0.37203813,0.37255067,0.37301606,0.372937,0.3721718,0.36980206,0.36715075,0.36422276,0.36083603,0.35726282,0.35470417,0.35329577,0.35146174,0.3491338,0.34694654,0.34578094,0.34546772,0.34553707,0.3455666,0.34642273,0.34820926,0.35021797,0.35248512,0.35538045,0.3588365,0.3625742,0.36615288,0.3695241,0.37260327,0.3754918,0.37799668,0.37971708,0.38140103,0.38320768,0.38522154,0.38704655,0.38894194,0.3912532,0.39356226,0.3957411,0.39761207,0.39997044,0.40348423,0.40799034,0.4126204,0.41648567,0.4193426,0.42204782,0.42412046,0.42515054,0.42500287,0.42364752,0.421204,0.41878438
7.5,,,,,,,,,,,,,,,,,,,,,,,,,0.3532947,0.35175496,0.34740043,0.34074768,0.32847407,0.31150824,0.29282835,0.27879483,0.27101636,0.26529038,0.26095903,0.25921535,0.2578197,0.25751862,0.2580348,0.26043674,0.26406705,0.2687629,0.27380365,0.27891177,0.28399903,0.28898302,0.29345432,0.29734838,0.3011978,0.30463532,0.30789995,0.3108915,0.3130024,0.31402257,0.31475982,0.31572282,0.31715438,0.31856677,0.31987616,0.32058793,0.32004502,0.3191164,0.3185194,0.3179022,0.3181531,0.31831753,0.31786788,0.31704658,0.31621808,0.31563932,0.31478685,0.313975,0.31283194,0.3115215,0.31032535,0.3094236,0.30851367,0.30727628,0.30571863,0.3041714,0.30276564,0.30083278,0.2980103,0.2942254,0.28948918,0.28434014,0.27841097,0.27139246,0.26373002,0.25618517,0.24881901,0.2417394,0.23543249,0.22970808,0.22448009,0.21919641,0.21383183,0.20820417,0.20208739,0.19520666,0.18825404,0.18161967,0.17558356,0.1706412,0.16716976,0.16500828,0.16424471,0.16378754,0.16530414,0.16951129,0.17544329,0.1822337,0.18859963,0.19455822,0.20019013,0.20574412,0.21158214,0.21766649,0.22457792,0.23185618,0.2384313,0.24435024,0.2501649,0.256706,0.26450604,0.27320156,0.28194615,0.2897202,0.2970681,0.30413273,0.30996493,0.31461033,0.31798905,0.3199018,0.32040045,0.31953955,0.31728825,0.31401035,0.31067806,0.3077688,0.30548227,0.30364257,0.30192217,0.3003267,0.29913118,0.29819617,0.29732016,0.29653496,0.29589123,0.29535583,0.29503506,0.29495266,0.29485765,0.29475215,0.29464963,0.29452413,0.29434854,0.2944443,0.2947341,0.29499125,0.29528877,0.29567647,0.29614273,0.2968991,0.29881078,0.30180842,0.30548784,0.3099444,0.31585756,0.32289863,0.3298523,0.33593664,0.34134933,0.34607035,0.35049823,0.35461417,0.35801753,0.3602677,0.3616476,0.36294034,0.36388114,0.36409733,0.3638221,0.36303437,0.36179525,0.36011478,0.35817793,0.35633203,0.35450757,0.35247448,0.3503977,0.34848768,0.34657285,0.3447006,0.34298083,0.34149233,0.34070513,0.34051085,0.3407968,0.3412836,0.34185427,0.3431159,0.34495386,0.34742162,0.35073027,0.35555688,0.36011398,0.363499,0.3671513,0.37122557,0.37513408,0.37844393,0.38142955,0.3849525,0.38900638,0.3918338,0.39321148,0.39402002,0.39444745,0.3945844,0.3943477,0.3937679,0.39284506,0.3914501,0.38988152,0.38827357,0.38637263,0.38465324,0.3832829,0.38207644,0.3810795,0.38063127,0.3814596,0.38382605,0.38761294,0.39401492,0.40133286,0.40864792,0.41570574,0.42272645,0.42967576,0.4355552,0.4406064,0.4449931,0.4488125,0.45196092,0.45455813,0.45666128,0.4584218,0.46009505,0.4613961,0.46222106,0.46290436,0.46278813,0.46207252,0.46086174,0.4583079,0.45757726,0.45743442,0.45709652,0.45640555,0.45623067,0.45587355,0.45567027,0.45525947,0.4542088,0.45274922,0.4505481,0.44740424,0.44328544,0.4411462,0.44125068,0.4421645,0.44386542,0.44571856,0.4472143,0.44735909,0.44597134,0.44468006,0.44401443,0.44482988,0.44715992,0.44911784,0.4504209,0.45160213,0.4532488,0.45588374,0.45876884,0.46120074,0.46285617,0.46440747,0.46650258,0.46839526,0.46956587,0.47013208,0.46978122,0.4696075,0.46936357,0.46871087,0.46664,0.46398887,0.4601712,0.45494124,0.44972375,0.4423499,0.43085513,0.42298982,0.42765465,0.44333288,0.4630578,0.48052594,0.49442124,0.50656694,0.518873,0.5291389,0.53653425,0.5420341,0.5452918,0.54690915,0.5478069,0.5476301,0.54749143,0.5473978,0.5461863,0.5436803,0.54072547,0.53664464,0.532163,0.5277518,0.5231246,0.51746166,0.5108566,0.50491077,0.49941313,0.4941529,0.48890913,0.48221287,0.47634262,0.47186786,0.4670557,0.4636727,0.46216956,0.4630365,0.46446416,0.46608225,0.4703453,0.47496575,0.47705936,0.47797343,0.47612223,0.4736544,0.46992624,0.46479025,0.45877725,0.450803,0.44146293,0.43295884,0.42451164,0.41854593,0.41133338,0.40655205,0.40051067,0.39424112,0.3875312,0.38093612,0.37560824,0.3702926,0.36564815,0.36093962,0.35707,0.35455546,0.352595,0.3515288,0.35074928,0.35052264,0.35101587,0.35165706,0.35221118,0.35291693,0.35427803,0.3556812,0.35554236,0.35363504,0.35104805,0.35188767,0.35166925,0.3513001,,,,,,,,,,,,,,,,,,,,,,,,0.44525263,0.44113377,0.4365336,0.43184423,0.4272177,0.42198443,0.41774392,0.41663036,0.4157929,0.41693917,0.41872683,0.4193819,0.41900665,0.41732335,0.41471213,0.41120815,0.40755406,0.40450203,0.40326738,0.40316796,0.4029253,0.40195623,0.40115175,0.40100706,0.4011291,0.40103167,0.4013154,0.40213588,0.4028731,0.40379733,0.4044192,0.40481314,0.4048971,0.4050436,0.4053026,0.40561947,0.40553313,0.40494317,0.40364736,0.40185532,0.3998715,0.39762628,0.39490265,0.3922752,0.3902327,0.38870946,0.38718572,0.3854063,0.38311228,0.38026664,0.3773835,0.37459135,0.37186894,0.36925992,0.36752024,0.36676916,0.3663781,0.3659658,0.3655135,0.3644676,0.3623797,0.35961807,0.357091,0.35445166,0.35205647,0.35030845,0.34825477,0.34551185,0.3429683,0.34116277,0.3401852,0.33983636,0.33994788,0.34040004,0.3415453,0.34330726,0.34562507,0.3484239,0.35175467,0.35537183,0.35908964,0.36273703,0.3665184,0.37033823,0.3738652,0.37648112,0.37816805,0.3798835,0.38178608,0.3839427,0.38581052,0.38782126,0.3902432,0.39271256,0.3951402,0.39700335,0.3986919,0.40078336,0.40396103,0.40833572,0.4124993,0.41585326,0.41943774,0.42256224,0.42463902,0.4258135,0.42588317,0.42438686,0.42187652
7.4166718,,,,,,,,,,,,,,,,,,,,,,,,,0.35359672,0.34929588,0.3451625,0.33478835,0.31866637,0.3008546,0.28288612,0.27266034,0.2674213,0.26100484,0.2571678,0.25481027,0.25337505,0.25404945,0.25638258,0.2598898,0.26490518,0.27099517,0.27614358,0.28084385,0.28505,0.29046455,0.29615104,0.30134812,0.30609626,0.31012547,0.31369367,0.3166839,0.318393,0.31909227,0.31980994,0.3207441,0.32196435,0.3230586,0.32382023,0.32403603,0.32323653,0.32210693,0.32119662,0.32078958,0.32114312,0.3204866,0.3198051,0.31891733,0.3179663,0.31703237,0.31584015,0.31452367,0.3131007,0.31185898,0.31077027,0.30966744,0.3084529,0.3073245,0.30590948,0.3041972,0.3028711,0.30095023,0.2980431,0.29419258,0.28929937,0.28374666,0.27764955,0.27077216,0.2631192,0.25555256,0.24843459,0.24170037,0.23549959,0.22984195,0.22472826,0.21979764,0.21497408,0.2099613,0.20464928,0.1990303,0.1933872,0.18768266,0.1821584,0.17755853,0.1743013,0.17219558,0.17158373,0.17097734,0.17319003,0.17695162,0.18220592,0.18806566,0.19354858,0.19880392,0.20379369,0.20896845,0.21476711,0.22130704,0.22875011,0.23679282,0.24423143,0.25052127,0.25586188,0.26118279,0.26807615,0.27643627,0.28510085,0.2928596,0.2998368,0.3066913,0.31245628,0.31675044,0.3203252,0.32279515,0.32379767,0.32326242,0.32129273,0.31821778,0.31457427,0.31090117,0.3076939,0.30506024,0.30293694,0.3009685,0.29936612,0.2981223,0.29698205,0.29603064,0.29527736,0.2946851,0.29438788,0.2944619,0.2946629,0.29497963,0.29543564,0.29591748,0.29640365,0.29700166,0.29759353,0.29812467,0.29843056,0.2986228,0.29895273,0.29998687,0.30244577,0.3060147,0.3100744,0.3154511,0.32260695,0.33043888,0.33778468,0.34408894,0.34940138,0.35406473,0.35845304,0.36231428,0.36556265,0.36780766,0.36917636,0.37017354,0.3709963,0.37123036,0.37098545,0.3703809,0.36930475,0.36758912,0.36541608,0.3631091,0.36085007,0.35847458,0.35601518,0.35360834,0.3512523,0.34902135,0.34706342,0.34564593,0.34503472,0.3447033,0.34472764,0.3449265,0.34516558,0.346374,0.34781274,0.350326,0.35403883,0.35920537,0.36291945,0.36610365,0.36981437,0.37343788,0.37688375,0.37997657,0.38252896,0.38568076,0.3890208,0.39155835,0.39251298,0.39321226,0.3934517,0.39314875,0.3926527,0.3918385,0.39062157,0.38882068,0.3867848,0.38494495,0.38292164,0.3812485,0.3797465,0.37847883,0.37758708,0.37739658,0.378363,0.38095734,0.38631117,0.3934292,0.40103975,0.40882325,0.4162433,0.42387965,0.4307704,0.4364492,0.44133618,0.44548556,0.44906592,0.45205718,0.45473513,0.45713118,0.45915732,0.4608465,0.46239835,0.4637959,0.46556047,0.4662945,0.46660608,0.46558034,0.46576926,0.46668413,0.4658294,0.46413764,0.46290484,0.4620103,0.4608005,0.4605694,0.45989475,0.45873788,0.4569977,0.45471996,0.45159537,0.44702148,0.44354954,0.4424153,0.44264987,0.44410607,0.44613105,0.44822606,0.44960776,0.44936788,0.44818735,0.44706282,0.4472124,0.44881445,0.45037436,0.45133534,0.4520983,0.45321855,0.45547983,0.45866442,0.4609239,0.4627632,0.46490154,0.46693197,0.46922106,0.47085813,0.47164422,0.47137898,0.47137323,0.4716122,0.4716478,0.47020358,0.46756878,0.46418256,0.45912772,0.45350534,0.44751495,0.4403176,0.43587533,0.44085443,0.45574832,0.472467,0.48631728,0.4987163,0.5102501,0.5222306,0.53189355,0.5393665,0.5452543,0.5492573,0.5517213,0.552941,0.55363953,0.5536853,0.55154085,0.5498718,0.54846746,0.54646033,0.54341775,0.5398364,0.5360036,0.5316296,0.5263165,0.5205747,0.5153799,0.5108674,0.50722843,0.5023623,0.4966415,0.492094,0.48735034,0.48211703,0.47849283,0.47597152,0.47561118,0.4749083,0.47623736,0.47939032,0.48117897,0.48132363,0.48010707,0.47794926,0.4751226,0.47006065,0.46411523,0.45699197,0.44914076,0.4395712,0.43180004,0.42265272,0.41567725,0.40838587,0.4034682,0.39750648,0.39057034,0.38379067,0.3766603,0.37065294,0.36460188,0.35944214,0.35513538,0.35222816,0.35088214,0.34987444,0.34982976,0.35016376,0.35098118,0.35246202,0.35359687,0.35455316,0.35543784,0.35698035,0.35858104,0.35918728,0.35841557,0.35726118,0.35824096,0.35817668,0.35746416,,,,,,,,,,,,,,,,,,,,,,,,,0.44151887,0.43708962,0.43180448,0.4264489,0.4201427,0.41802508,0.41741934,0.4174059,0.4189797,0.4196154,0.41964957,0.4186019,0.4165542,0.41331312,0.41000265,0.40610862,0.40318683,0.40180165,0.40122315,0.4006208,0.3995233,0.39847267,0.3981984,0.39830223,0.39802924,0.3974559,0.39772618,0.39854163,0.39934874,0.39986193,0.40035647,0.40063563,0.4010516,0.40162277,0.40228772,0.40243226,0.40200165,0.40079972,0.39916915,0.39716652,0.39496404,0.39275187,0.39047593,0.38834298,0.38649684,0.38481534,0.38300362,0.38066205,0.3777977,0.37480798,0.37190387,0.36919612,0.36640748,0.3638595,0.36218518,0.3610545,0.3601734,0.35894337,0.35776657,0.35612792,0.35393274,0.35185656,0.3499719,0.3480881,0.34580427,0.34286523,0.34008443,0.3375699,0.33556828,0.33434683,0.33416602,0.33442208,0.3349833,0.33593255,0.33782786,0.34064004,0.34414244,0.34783417,0.351719,0.35571048,0.35961112,0.36361644,0.36797106,0.37207457,0.37523335,0.37734693,0.37925395,0.381295,0.3835095,0.38569352,0.3880121,0.39067835,0.3934804,0.39633706,0.3987143,0.400521,0.40184534,0.40297505,0.40477347,0.40777406,0.4114641,0.4158129,0.41985694,0.42289358,0.42509988,0.4263948,0.42625266,0.42458543
7.333336,,,,,,,,,,,,,,,,,,,,,,,,0.35275483,0.35120547,0.34703586,0.3392302,0.32490358,0.3085174,0.29058126,0.27632266,0.26859316,0.26257452,0.25674692,0.25310227,0.25057486,0.25078645,0.25335273,0.256839,0.26093695,0.26688132,0.2727495,0.27750024,0.2821712,0.28726375,0.29444167,0.3013109,0.3074102,0.31226727,0.3163262,0.31960508,0.32220948,0.3232555,0.32361484,0.32421312,0.32491028,0.32584232,0.32703948,0.3272348,0.3265656,0.3253468,0.32416153,0.32342944,0.32326573,0.32313967,0.32198405,0.32124445,0.3200911,0.31881106,0.3174661,0.31598845,0.3145106,0.3131789,0.31201917,0.31081033,0.30949068,0.30805835,0.30694714,0.305775,0.30393165,0.3023242,0.30042228,0.29731813,0.29356003,0.28875673,0.2830317,0.2768718,0.27025294,0.26286927,0.25546306,0.24847579,0.24195357,0.23592536,0.23036866,0.22543804,0.22087489,0.21640323,0.2119494,0.20742102,0.20274785,0.19798808,0.19318737,0.18855375,0.18468586,0.18173899,0.18025948,0.17953514,0.1793466,0.18142793,0.18444444,0.18889971,0.19376299,0.19855863,0.20321313,0.20779617,0.21291718,0.21906212,0.22637878,0.23449403,0.24288784,0.2507011,0.25735155,0.2626313,0.26702768,0.27234283,0.28001633,0.28854814,0.29632965,0.3031113,0.3096285,0.3152847,0.31948623,0.32298973,0.3258108,0.3271046,0.3269812,0.3255019,0.3227101,0.31894493,0.31482074,0.31077585,0.30718178,0.3043239,0.3019772,0.30002832,0.29836193,0.29690263,0.29576582,0.2950596,0.2945311,0.2942707,0.29442623,0.29488966,0.29546788,0.29629055,0.29724455,0.29828382,0.29923296,0.30016014,0.30091494,0.30118504,0.30136758,0.30191627,0.30368817,0.306993,0.3108375,0.3154539,0.32205334,0.3302545,0.338432,0.34579945,0.35203198,0.35725817,0.36214542,0.36634356,0.36973324,0.3725348,0.3745543,0.3759236,0.37677175,0.37741572,0.37776798,0.37767166,0.37719315,0.37623408,0.37448633,0.3721517,0.36969945,0.3671671,0.36442822,0.3616558,0.35895684,0.3563773,0.35397157,0.3518243,0.3502993,0.34962913,0.349169,0.3488398,0.34865117,0.3487011,0.3494868,0.3508079,0.35354245,0.35813016,0.36294606,0.36602497,0.36909428,0.3727597,0.37601516,0.3789672,0.38153732,0.38382375,0.38663548,0.38956216,0.3915778,0.39215055,0.39255357,0.39263818,0.3919711,0.3910725,0.38992006,0.38843572,0.38634384,0.384064,0.38189918,0.3798584,0.3781003,0.37647066,0.37523165,0.37442845,0.3743961,0.3753084,0.3783694,0.38536167,0.39300653,0.40112633,0.4091291,0.41692433,0.42461598,0.4312813,0.43701968,0.44148842,0.44514287,0.44839934,0.45156038,0.4546703,0.45755416,0.46017867,0.46238092,0.46399716,0.46589836,0.46848258,0.46949703,0.4713584,0.47279122,0.47424018,0.4744122,0.4723565,0.47005498,0.46888337,0.46785158,0.46617404,0.46525624,0.46409294,0.46264395,0.4607064,0.45822686,0.45501196,0.45052359,0.44596452,0.44387627,0.44367605,0.4448248,0.4468267,0.4492643,0.4513439,0.4522271,0.45183367,0.45077023,0.45025778,0.4507756,0.4519034,0.45285442,0.45350528,0.45432425,0.4562384,0.45881847,0.4616036,0.46301502,0.46545276,0.46769062,0.47004384,0.4721958,0.47336534,0.47354275,0.47409987,0.47469836,0.4755712,0.47482416,0.4734005,0.47006828,0.46574298,0.46023372,0.4563812,0.4525057,0.45398223,0.45994183,0.47282666,0.48456916,0.49377355,0.50481373,0.5158767,0.5266884,0.5350973,0.5418631,0.54769844,0.5518009,0.5544668,0.556645,0.55774564,0.55789703,0.5572831,0.5554007,0.55305326,0.55100626,0.54881626,0.54639536,0.5429342,0.53864425,0.53373283,0.528993,0.52513784,0.5218971,0.51840115,0.5134676,0.50943184,0.50536335,0.49986127,0.49518573,0.49089998,0.48800212,0.48599356,0.48472708,0.48530188,0.48523208,0.48420742,0.48352715,0.48145995,0.4781873,0.474176,0.4692038,0.4633172,0.45566007,0.44712472,0.43873203,0.42933193,0.42032516,0.4117988,0.4044808,0.39902297,0.39298758,0.3861244,0.37873396,0.37129518,0.36458707,0.35834846,0.3540092,0.35091087,0.34904847,0.34875327,0.34922338,0.3504255,0.35202083,0.35370496,0.3551343,0.3565586,0.35787013,0.35917518,0.36066064,0.3620505,0.363043,0.36318925,0.36323246,0.36464828,0.3661654,0.36473978,,,,,,,,,,,,,,,,,,,,,,,,,0.44172135,0.4370454,0.43101984,0.42467263,0.41967008,0.4184341,0.41812617,0.418915,0.4196653,0.41960958,0.41897416,0.41753474,0.41514808,0.41246855,0.40933785,0.40565592,0.40278327,0.40132755,0.40028933,0.3992259,0.39782587,0.39670712,0.39617375,0.39593154,0.39534536,0.39441502,0.39391202,0.39426765,0.39470795,0.39511132,0.39554152,0.3960398,0.39673245,0.39758566,0.39844632,0.3989224,0.39880922,0.3979166,0.39640582,0.3946739,0.39268678,0.39064658,0.38859698,0.3866023,0.38449708,0.38238975,0.38035655,0.37810373,0.37534884,0.37239513,0.36949706,0.36686057,0.3642434,0.36133096,0.3586583,0.3568289,0.35556468,0.35426837,0.35269415,0.35129002,0.3496828,0.3478347,0.3460272,0.3439116,0.34139356,0.33868447,0.3359241,0.33319223,0.33071828,0.32908997,0.32884067,0.32880205,0.32916963,0.33029222,0.33261272,0.33595344,0.3397205,0.34366786,0.34788218,0.35224918,0.35657087,0.3608585,0.36546832,0.36984566,0.3735807,0.3763985,0.37893173,0.38129702,0.3835455,0.38613653,0.38887915,0.3917431,0.39467764,0.39753965,0.40035674,0.4031145,0.40520924,0.40583828,0.4054509,0.40541795,0.40709418,0.41114727,0.41566327,0.41982782,0.42334667,0.42578247,0.42674255,0.42608818
7.25,,,,,,,,,,,,,,,,,,,,,,,0.35533568,0.3529784,0.34887052,0.3432635,0.3311132,0.31258062,0.29627106,0.28128982,0.27175426,0.26420507,0.25738275,0.2524603,0.24906938,0.24822788,0.25080514,0.25467548,0.2584171,0.26341575,0.2692657,0.27488762,0.28045997,0.2864896,0.29341608,0.30133188,0.30800548,0.3139046,0.3185216,0.3223502,0.32519096,0.3273976,0.3278777,0.32806814,0.3285445,0.3289067,0.32956305,0.3302227,0.32973057,0.3285709,0.3270546,0.32577866,0.32528216,0.32473737,0.32425815,0.32333288,0.32193244,0.3203282,0.318797,0.31735817,0.31592077,0.31443253,0.31304914,0.31174484,0.31039497,0.30908066,0.30773973,0.30650607,0.3053895,0.30356404,0.30125675,0.29914626,0.29597646,0.2921548,0.28766206,0.28219524,0.27620062,0.26990974,0.26301625,0.25582692,0.24895892,0.24274951,0.23699018,0.2318895,0.2271526,0.22281237,0.21861139,0.21468596,0.21076438,0.2067577,0.20266108,0.19848049,0.19464362,0.19140086,0.18929222,0.18855852,0.18766704,0.18835641,0.1893941,0.19169839,0.19518617,0.19925487,0.20353442,0.20789906,0.21268338,0.21831848,0.2250203,0.23294333,0.24161263,0.2501314,0.25783503,0.2644822,0.26982504,0.2738591,0.27769354,0.28414163,0.29215991,0.29983756,0.30653107,0.31281838,0.31844807,0.3227679,0.32608157,0.32881942,0.33048344,0.33066258,0.3297398,0.32738948,0.32364604,0.31922212,0.31457737,0.3100986,0.3064112,0.30350906,0.30109432,0.299002,0.2972308,0.2959652,0.2953065,0.29495633,0.2948398,0.29514256,0.2957795,0.2966435,0.2978098,0.2990103,0.3002183,0.30142072,0.30254042,0.30323184,0.30347696,0.3039688,0.3053563,0.30825263,0.31226385,0.31656983,0.32220665,0.32991937,0.33847588,0.34657264,0.35368305,0.3596891,0.36518532,0.3698167,0.37333387,0.3763209,0.3788181,0.3806231,0.38194326,0.38288686,0.3836155,0.3840143,0.38391823,0.383349,0.38235015,0.38076204,0.3785371,0.37604386,0.37331998,0.37037563,0.36741138,0.36464563,0.36207658,0.35948196,0.35700598,0.35516843,0.3543391,0.35369435,0.35290876,0.35225722,0.35226548,0.35282606,0.3541679,0.35725537,0.36247236,0.36624637,0.36876726,0.37219968,0.37576103,0.37883827,0.38114542,0.383137,0.38517368,0.38767114,0.3901979,0.39158028,0.39175984,0.3918887,0.39175627,0.39100552,0.38961348,0.38795665,0.38606942,0.38383502,0.38135234,0.3791967,0.37713385,0.3752532,0.37364247,0.37242973,0.37163547,0.37141407,0.37237537,0.37664375,0.38460818,0.39312798,0.40107393,0.4091075,0.41726738,0.42465848,0.43143624,0.4370298,0.44100383,0.44403434,0.4471847,0.4506004,0.45419687,0.4577301,0.46091634,0.46398744,0.4664525,0.46939874,0.47213027,0.47456756,0.47549582,0.47707883,0.47822192,0.47804314,0.47686902,0.47546637,0.47454974,0.47320512,0.4715197,0.4696133,0.46748984,0.46553338,0.46354625,0.4612834,0.45791888,0.4534365,0.4486004,0.44594827,0.4455342,0.44628757,0.44808808,0.4505135,0.45302576,0.4545816,0.45513013,0.45460168,0.45408154,0.45384783,0.45426938,0.4549803,0.45565403,0.45647374,0.45807707,0.4602718,0.4624061,0.46471438,0.4664944,0.46874973,0.47108862,0.4733902,0.47514874,0.47620815,0.4772926,0.47855496,0.47958124,0.4802216,0.47844478,0.47761044,0.47376454,0.47012016,0.46907106,0.46887377,0.47210202,0.47768697,0.48801818,0.4940588,0.50192463,0.5118329,0.5207559,0.5305381,0.5381627,0.54440176,0.5496136,0.5531659,0.5560598,0.558751,0.5600168,0.56075317,0.56047654,0.5594715,0.55723363,0.5550406,0.5533982,0.55130726,0.5478437,0.5437719,0.5399505,0.5366364,0.53369343,0.5304064,0.52671915,0.523176,0.519297,0.51437306,0.50962055,0.5054113,0.5008449,0.4978067,0.49373618,0.49235108,0.4915583,0.48958617,0.48755047,0.48462024,0.48113403,0.47702467,0.47280538,0.4674207,0.4601656,0.4525944,0.44469917,0.4356461,0.42482093,0.41641253,0.40739056,0.40065387,0.3951304,0.38920334,0.3820214,0.3742413,0.3668636,0.36089444,0.35579085,0.35286027,0.35089943,0.34987482,0.350214,0.35142347,0.3531389,0.35487264,0.35666037,0.359008,0.3611169,0.36250836,0.36372676,0.36490604,0.3661349,0.36752704,0.36810207,0.36828968,0.3708918,0.37292138,0.37268123,,,,,,,,,,,,,,,,,,,,,,,,,0.44162023,0.43710774,0.42993098,0.42258286,0.41916797,0.41862288,0.41865423,0.41977,0.4194301,0.4188873,0.41755155,0.4156118,0.41359502,0.4114994,0.40845546,0.40559107,0.40314007,0.40164414,0.40037426,0.39873073,0.39703175,0.3956725,0.3948508,0.39414275,0.39317667,0.3920282,0.39114723,0.39069244,0.39049548,0.39033863,0.39040902,0.39103594,0.39183146,0.39300528,0.39400402,0.39490724,0.39532882,0.3949595,0.39378154,0.392234,0.3906326,0.38891253,0.38690922,0.38485765,0.3826477,0.3801513,0.37768927,0.37534612,0.37272444,0.36977595,0.36685407,0.3644213,0.3622307,0.35963592,0.3562575,0.3535402,0.35156485,0.35025552,0.34885153,0.3472942,0.34589246,0.34420785,0.34224188,0.3400469,0.33777446,0.33521768,0.3322059,0.32935965,0.32656726,0.324518,0.32392243,0.32358217,0.32383284,0.32532004,0.32790592,0.3312842,0.33507088,0.3391696,0.3436263,0.34829924,0.35302565,0.3575718,0.362268,0.366926,0.37103602,0.3747178,0.37793544,0.38086617,0.38347608,0.38639522,0.3894179,0.39219734,0.39469504,0.39712456,0.39998403,0.4033433,0.40639773,0.4081534,0.40850183,0.40741563,0.4066782,0.40758595,0.41099966,0.41629788,0.42073324,0.424083,0.4262832,0.42653468
7.1666718,,,,,,,,,,,,,,,,,,,,,,0.3563639,0.35461783,0.3509165,0.34588268,0.33760008,0.3221846,0.30170962,0.28468198,0.27467805,0.26659882,0.25919402,0.25288844,0.2485138,0.2466803,0.2483087,0.25214997,0.25615162,0.26053885,0.2661143,0.27209967,0.27860624,0.2857892,0.29260325,0.29965806,0.306751,0.31288388,0.31870475,0.32356262,0.32747775,0.33011252,0.33213043,0.33232397,0.33244053,0.3327592,0.33257356,0.33249718,0.3326475,0.33186448,0.33033854,0.3284091,0.32702008,0.32646558,0.32599807,0.3252905,0.32391208,0.32206675,0.31994113,0.3182502,0.31685367,0.31535736,0.31387165,0.31246018,0.31110328,0.30981028,0.30876902,0.30767986,0.30645856,0.30494228,0.30296454,0.30022797,0.29730794,0.29430407,0.29052392,0.2863848,0.28140414,0.27559766,0.26953724,0.26307273,0.25617543,0.24978913,0.24412853,0.23885618,0.2341705,0.22980389,0.22563085,0.22175878,0.21823674,0.21474536,0.21123984,0.2076305,0.20409782,0.2008709,0.19824727,0.19678253,0.19593245,0.19586879,0.19618537,0.19668803,0.19832473,0.20102343,0.20452826,0.20876598,0.21372996,0.21945027,0.22589453,0.23320644,0.24117233,0.24966049,0.25806794,0.26544556,0.27185637,0.27714196,0.2810187,0.28398052,0.28906953,0.2963797,0.30365357,0.31019247,0.31625953,0.3217449,0.3262689,0.32966903,0.33223277,0.33402222,0.33458245,0.33397627,0.33199534,0.32849514,0.32397637,0.3190294,0.31399056,0.30943456,0.30568945,0.30267254,0.30019265,0.2982859,0.29695156,0.29630673,0.29613966,0.29623157,0.29670948,0.29758722,0.29875913,0.3000699,0.30137008,0.3027292,0.3041143,0.30521834,0.3056743,0.3060461,0.30726454,0.30987778,0.31383964,0.31849262,0.32376462,0.33063734,0.33876002,0.34707177,0.35474017,0.36149272,0.36737064,0.37265092,0.37674695,0.38000292,0.38275668,0.38477892,0.3862448,0.38763046,0.38887897,0.38970834,0.38990536,0.38967723,0.38903928,0.38797358,0.3863779,0.3843726,0.38197216,0.3792701,0.37637478,0.37340787,0.3706998,0.36799574,0.36494216,0.36203307,0.36009267,0.3589814,0.35797176,0.35674638,0.3558568,0.35588875,0.3563659,0.35787365,0.3619091,0.36662987,0.36874261,0.3712288,0.37517244,0.3785445,0.38114557,0.38303834,0.38479248,0.3865398,0.38877043,0.3907866,0.3915056,0.39126158,0.39118594,0.39075115,0.38998199,0.38841146,0.3862688,0.38392627,0.38143495,0.37897107,0.37674987,0.37459075,0.37279108,0.37126285,0.37006244,0.3690987,0.3686441,0.36995497,0.37580076,0.38429117,0.39291385,0.40057614,0.4089384,0.41721082,0.42430142,0.43118265,0.4366389,0.44002935,0.44244286,0.44535822,0.44894454,0.45325065,0.4575092,0.4613022,0.46555266,0.4692587,0.47176158,0.47374704,0.47603834,0.478248,0.4798569,0.48037046,0.4807992,0.48097426,0.4804881,0.47981328,0.47810194,0.47626942,0.47342506,0.47084856,0.46816874,0.46608838,0.46361154,0.46041343,0.45584098,0.4510632,0.44854912,0.4479708,0.44824442,0.4497237,0.45207912,0.45459878,0.45654812,0.45771942,0.4578645,0.45765594,0.45731252,0.457429,0.45783174,0.45867816,0.45940486,0.46053413,0.46220624,0.46378726,0.46665156,0.46833128,0.47002462,0.4724971,0.47468668,0.47678122,0.47846964,0.48027197,0.48212218,0.48333263,0.48458654,0.4819601,0.484877,0.47856513,0.48035622,0.481582,0.4830238,0.48415175,0.48982206,0.49432912,0.50115466,0.5094982,0.5177034,0.52563924,0.53354836,0.5408208,0.5470019,0.5515553,0.5544692,0.55739903,0.5597454,0.56106424,0.5619137,0.5618149,0.56153286,0.5596077,0.5577608,0.5564241,0.5542195,0.55086493,0.5475795,0.54505557,0.5424747,0.5394026,0.5361783,0.5331684,0.5301811,0.5258968,0.5209349,0.51644653,0.51257145,0.5090192,0.5030839,0.49931148,0.497351,0.4951501,0.49147317,0.48796338,0.48415753,0.48072657,0.47665954,0.47193125,0.46503788,0.45692888,0.44870093,0.4392333,0.42782462,0.41943553,0.4109967,0.40351292,0.3978806,0.3922161,0.3855793,0.3785491,0.37155667,0.36511,0.36072809,0.35764104,0.35584375,0.35495728,0.35509366,0.35587928,0.3575219,0.35958567,0.3617184,0.36293077,0.36396658,0.36587596,0.36785027,0.3695209,0.37043428,0.3709811,0.37205657,0.37364656,0.37443292,0.37533185,0.38217035,0.38130552,,,,,,,,,,,,,,,,,,,,,,,,,0.44146255,0.43610203,0.42843267,0.42114854,0.41924843,0.41850197,0.4189171,0.4192127,0.41830733,0.41697907,0.41518003,0.4133293,0.41138095,0.40910274,0.4067862,0.4046524,0.40303057,0.40153143,0.3998917,0.39796478,0.39609966,0.3946649,0.39362428,0.3924732,0.39120716,0.3900388,0.38895723,0.38804224,0.38722232,0.38649702,0.38613525,0.3863585,0.38696566,0.38805774,0.38923326,0.3905718,0.39150074,0.39172465,0.3911454,0.38994473,0.3886324,0.3872078,0.38543725,0.38352147,0.38110277,0.37832135,0.37536523,0.37262285,0.36991724,0.36701584,0.3642119,0.36190793,0.3600913,0.35808405,0.35517672,0.3516343,0.348689,0.346798,0.34554145,0.3441788,0.3426029,0.34065735,0.3384665,0.33627766,0.33405438,0.33130428,0.32846886,0.325821,0.322973,0.32076067,0.31978935,0.3193125,0.3196187,0.32112703,0.3235745,0.32679307,0.33059448,0.33483425,0.33938137,0.34408808,0.34879044,0.35349852,0.35839844,0.36325654,0.3677885,0.3720143,0.3759269,0.37944195,0.38250226,0.3854763,0.38834968,0.39068255,0.39272317,0.3948714,0.3979259,0.4013103,0.40462056,0.40722093,0.4091205,0.40939295,0.40930894,0.4089038,0.40926984,0.4129967,0.41780615,0.4212045,0.4246296,0.4266346
7.083336,,,,,,,,,,,,,,,,,,,,,,0.35733268,0.3526706,0.34810203,0.3405471,0.3287831,0.3109915,0.29243904,0.27733648,0.26871023,0.26102546,0.2542562,0.24872798,0.24582922,0.24622716,0.2494369,0.25306413,0.25741506,0.26272047,0.26881626,0.27552068,0.28283107,0.2901992,0.2966278,0.30323645,0.30997184,0.31589034,0.322248,0.32751107,0.33140066,0.33419064,0.33625224,0.3363569,0.33635622,0.336257,0.33537996,0.33483386,0.33474192,0.33367482,0.3317284,0.3295497,0.3284386,0.32777685,0.32697976,0.32611954,0.32389817,0.32142237,0.31876466,0.31676593,0.31545538,0.3142583,0.31307843,0.31181762,0.3105068,0.30927366,0.30845848,0.3076299,0.3064652,0.30484536,0.30259898,0.29944322,0.29552534,0.29194686,0.28848356,0.28451443,0.28001338,0.27469933,0.26879746,0.262573,0.25625837,0.25068852,0.24579424,0.24110493,0.23683952,0.2327286,0.2287159,0.2252288,0.22195844,0.21880835,0.21569322,0.21263264,0.20976983,0.20727652,0.2053022,0.20367031,0.20331846,0.2033943,0.20246007,0.20265476,0.20428981,0.20680256,0.21057723,0.21566741,0.22188815,0.22862865,0.23564737,0.24318475,0.25080147,0.25848174,0.26622316,0.2732257,0.2792879,0.28426236,0.2879255,0.29049677,0.29455525,0.3009285,0.30782863,0.3142334,0.3201666,0.32546553,0.32987654,0.33342862,0.33608228,0.33789286,0.338697,0.33823758,0.33654696,0.33326456,0.3288327,0.3238025,0.31845242,0.3132029,0.30860817,0.3049958,0.30219015,0.30019397,0.29884404,0.29818723,0.2981619,0.2984985,0.29916888,0.3003442,0.30167118,0.30301407,0.30443284,0.30588633,0.30739325,0.3084937,0.30880466,0.30957294,0.31200242,0.31593552,0.32071358,0.3262336,0.33275267,0.34023827,0.3482239,0.35593647,0.36291343,0.36907658,0.3746719,0.37944475,0.38319504,0.3862242,0.3885941,0.3903807,0.39178365,0.39319533,0.39452228,0.39519364,0.3952048,0.39471418,0.39395955,0.39287126,0.39133865,0.38956398,0.38742873,0.38501787,0.38228396,0.37939543,0.37657174,0.373395,0.37003508,0.3669947,0.36478305,0.36319697,0.361738,0.3602703,0.35946885,0.35948724,0.36000654,0.36214298,0.36701578,0.36960456,0.37077215,0.37415594,0.3777635,0.38073742,0.38286754,0.38479337,0.38642794,0.38790986,0.38969892,0.39112487,0.39130777,0.39089134,0.39046308,0.38971162,0.38878036,0.38730612,0.38500413,0.38228452,0.3794435,0.37688902,0.37463865,0.37255272,0.37082684,0.3693281,0.3681116,0.3670136,0.3665012,0.3685284,0.37579367,0.38444966,0.3922988,0.40017903,0.40884277,0.41663587,0.4236914,0.43072528,0.43607694,0.43910882,0.44073987,0.44342113,0.44750604,0.45256352,0.45789456,0.46283278,0.46658486,0.46991053,0.47248468,0.47489676,0.4773355,0.4793916,0.48146138,0.48307836,0.48366037,0.48435917,0.48472852,0.4841912,0.48299444,0.48076153,0.47761372,0.47489485,0.4702762,0.4679576,0.46561795,0.46228823,0.45850033,0.45329887,0.45071647,0.45056224,0.45066237,0.45182493,0.45379096,0.45594636,0.45805827,0.45954823,0.46020448,0.46036336,0.4602804,0.46037272,0.46076137,0.46157897,0.46212265,0.46300513,0.46426678,0.46566892,0.46860537,0.47074234,0.47213152,0.47434968,0.47634298,0.4785504,0.48082745,0.48301953,0.48498154,0.4866785,0.48732117,0.48741376,0.48999336,,,0.48434243,0.48848134,0.4905453,0.4919417,0.50111115,0.50952405,0.5161284,0.52283376,0.53137285,0.5371962,0.5429116,0.5486301,0.5525427,0.55544335,0.558095,0.5598111,0.56088454,0.56198734,0.56237537,0.56201863,0.56025153,0.5584523,0.5574437,0.55554444,0.55304,0.5508787,0.54849726,0.5459357,0.543161,0.5405143,0.53776294,0.5338939,0.5291712,0.52497524,0.52153444,0.51725054,0.51117533,0.5051558,0.5021825,0.4986516,0.4946304,0.49075142,0.48671013,0.48328742,0.47893125,0.47389022,0.46845388,0.46147466,0.45198765,0.44178542,0.43148947,0.421069,0.41355738,0.40626627,0.39988023,0.39454743,0.38910437,0.38249695,0.3766262,0.37126556,0.36696532,0.36432353,0.36322165,0.3628808,0.36337227,0.3645546,0.36591607,0.36772493,0.36955938,0.3710508,0.37179565,0.37215626,0.3729924,0.374218,0.3754732,0.3766169,0.37705386,0.37722468,0.3788566,0.38120425,0.38174435,0.38707846,0.39064926,,,,,,,,,,,,,,,,,,,,,,,,,0.44107673,0.4348463,0.42615888,0.4201978,0.41867667,0.41801798,0.41801703,0.41749784,0.41604167,0.41430247,0.41231582,0.41015992,0.40784696,0.40576985,0.40405667,0.40250826,0.40125012,0.3996531,0.39765674,0.39568743,0.39391708,0.3925261,0.39148366,0.39025238,0.38902414,0.38799682,0.38696057,0.38583395,0.38490188,0.3841945,0.38360766,0.383356,0.38351625,0.3838951,0.38460067,0.3857106,0.38703027,0.38792878,0.38786155,0.3872669,0.38633773,0.3852321,0.38380426,0.3820774,0.37977728,0.37685224,0.3736817,0.37047678,0.36737183,0.36440384,0.36170596,0.35945103,0.3575546,0.35602427,0.35409126,0.35103536,0.34755012,0.34475058,0.3428265,0.34123856,0.3394577,0.33737776,0.33512092,0.33296177,0.33077797,0.3279176,0.3250441,0.32248616,0.3198187,0.31792617,0.31702343,0.31656507,0.3168053,0.31799832,0.320094,0.3230024,0.32674143,0.3310763,0.33579686,0.34035945,0.34468436,0.34917787,0.35423547,0.35926867,0.36407593,0.36864513,0.37292886,0.3769219,0.38015786,0.3831894,0.38578016,0.3877842,0.38978598,0.39226854,0.39566377,0.39877194,0.40173236,0.4041996,0.40657106,0.40829572,0.40965778,0.41039282,0.41012657,0.41179404,0.4156949,0.41881362,0.42222297,0.4254177
7.0,,,,,,,,,,,,,,,,,,,,,0.35604858,0.35501057,0.34979093,0.34427756,0.333945,0.31958857,0.30081597,0.28458357,0.27331868,0.26346904,0.2556973,0.24961327,0.24532367,0.24458599,0.2465419,0.24959385,0.2536373,0.25875005,0.26470256,0.27136105,0.27860498,0.28589115,0.29262865,0.29909983,0.30566114,0.31216934,0.3186785,0.32519874,0.33023095,0.33404267,0.33704802,0.33917382,0.33943608,0.33947113,0.33864728,0.33735332,0.33669376,0.33614323,0.33477804,0.33252212,0.3307781,0.33021766,0.32927293,0.32805997,0.32629755,0.32342458,0.3203637,0.31753194,0.31545183,0.31418496,0.31337827,0.31254813,0.3112483,0.3097347,0.30851135,0.30788687,0.3071579,0.30608723,0.30482352,0.30281827,0.2993342,0.29445615,0.2896572,0.28591797,0.28250664,0.2781711,0.2731074,0.26757985,0.26172602,0.256346,0.25165808,0.24741983,0.2433183,0.23944578,0.23563541,0.231934,0.22865753,0.22568442,0.22284317,0.22009695,0.21746287,0.21517283,0.21327129,0.21181701,0.21099144,0.20995937,0.20851676,0.20805207,0.20879628,0.21058024,0.21376428,0.21867038,0.2250339,0.23220702,0.23957579,0.24680799,0.25392193,0.26098958,0.26805902,0.27492929,0.28120318,0.28658977,0.29093978,0.29421398,0.29670286,0.30014145,0.3057152,0.3122021,0.3183811,0.32422897,0.32944593,0.33366403,0.33728546,0.3400196,0.3418229,0.34272212,0.34229884,0.34068903,0.33773986,0.33357286,0.3285441,0.32299343,0.31736663,0.3122534,0.30821064,0.30514747,0.30304036,0.30175558,0.3011701,0.30119598,0.3016518,0.30250314,0.3038901,0.3053308,0.30674446,0.3082025,0.30960548,0.31117272,0.31221175,0.3128096,0.31478012,0.31865773,0.3235523,0.32911363,0.33560073,0.3425753,0.35018378,0.3578305,0.36460117,0.3706446,0.37618232,0.3810846,0.3853294,0.3888395,0.39166245,0.3938947,0.39579797,0.39724293,0.39827213,0.39906982,0.3994359,0.39921555,0.39868417,0.39804187,0.39710817,0.39580905,0.39424708,0.39232168,0.3900666,0.38740206,0.3845323,0.38146874,0.37802827,0.37438273,0.37131426,0.36897385,0.3669204,0.36495602,0.36335543,0.36264938,0.36271608,0.3634485,0.36731493,0.37080202,0.3715367,0.37379792,0.37738618,0.3799156,0.38235822,0.3844007,0.3863704,0.38775346,0.38893974,0.390369,0.3914449,0.39126483,0.39057449,0.3898471,0.38880074,0.38748023,0.38575467,0.38337088,0.38048258,0.37760547,0.37508926,0.37290186,0.37090543,0.36918718,0.36765587,0.36637223,0.36525598,0.36505654,0.36860248,0.37658495,0.3845815,0.39213178,0.40012413,0.4085195,0.41601044,0.4233919,0.43024907,0.4354436,0.43808612,0.43920386,0.4418948,0.44702134,0.45265785,0.45829883,0.4629923,0.46678835,0.47019187,0.47338322,0.47643492,0.47895607,0.48145,0.483897,0.48555216,0.48625174,0.4869687,0.48758504,0.4874104,0.4866642,0.4848593,0.4825272,0.48111755,0.47606793,0.4732215,0.4678257,0.4641158,0.4591011,0.4549017,0.45341054,0.4534357,0.45346627,0.45408824,0.45539436,0.4572149,0.45920393,0.46066564,0.46147078,0.46183604,0.4621179,0.46244517,0.46304017,0.4636241,0.46397156,0.465173,0.46643278,0.46778208,0.47091493,0.47362176,0.47481096,0.47666824,0.4783996,0.48041433,0.48275477,0.4852397,0.48713502,0.48860276,0.48951283,0.4912012,0.49272498,0.4928209,0.48485494,0.4778721,0.48718363,0.49060437,,0.5086697,0.51594293,0.521485,0.52810156,0.5352692,0.54026085,0.54463047,0.5487003,0.5520838,0.555234,0.55755186,0.5590979,0.5603669,0.5616792,0.56219476,0.56166655,0.56027216,0.5586769,0.5575439,0.555825,0.55409855,0.5525542,0.5505664,0.54760027,0.54446226,0.5414509,0.5380194,0.53413254,0.5303128,0.5270077,0.52271736,0.51649016,0.5097205,0.50550145,0.50152117,0.49723482,0.4921939,0.4880753,0.4836309,0.47909394,0.47414792,0.4683838,0.46165478,0.45272216,0.4428138,0.43307638,0.42284134,0.4150249,0.40891823,0.40225944,0.3965458,0.39172378,0.38691983,0.38147864,0.37711483,0.373566,0.3717607,0.37106803,0.37132314,0.37200743,0.37372467,0.3758491,0.37752563,0.37926736,0.38080207,0.38209787,0.3825491,0.3824234,0.38211888,0.38214785,0.3824481,0.38296506,0.38369682,0.3839515,0.38512078,0.3880156,0.38950953,0.39300787,0.39900878,,,,,,,,,,,,,,,,,,,,,,,,,0.43864527,0.43355486,0.4237631,0.4190595,0.41731924,0.41651538,0.41602275,0.41488886,0.4129891,0.4107958,0.40841746,0.40593496,0.40356904,0.40158287,0.40014628,0.39901665,0.3978898,0.39596704,0.39365056,0.3915965,0.39017245,0.38905823,0.38794217,0.38683,0.38569337,0.38470358,0.38407534,0.38344994,0.382992,0.38281173,0.38271913,0.3824715,0.3820332,0.38145396,0.38113573,0.3812113,0.38198942,0.38328055,0.38398793,0.38384858,0.3834076,0.38286105,0.3819026,0.38043007,0.37847093,0.3757454,0.3725506,0.3692303,0.36584082,0.3625336,0.35953876,0.3570007,0.35490346,0.35325602,0.35188589,0.34982222,0.3469676,0.3438917,0.34110892,0.33859995,0.33655977,0.33468914,0.3325004,0.330678,0.3283763,0.3255268,0.32271415,0.32023197,0.31782174,0.31616068,0.31535244,0.31508482,0.31534597,0.31609818,0.3178872,0.32035366,0.32383922,0.3279832,0.3326177,0.33706182,0.34111702,0.345206,0.35007593,0.3554371,0.36036146,0.3650389,0.3695218,0.37376112,0.37734732,0.38072556,0.3832145,0.3850634,0.38709018,0.38991562,0.39330095,0.3960932,0.39844516,0.400425,0.40240037,0.40459338,0.40690845,0.40902907,0.41001016,0.41076466,0.41382027,0.4166202,0.42016158,0.4234661
6.9166718,,,,,,,,,,,,,,,,,,,,,0.3565738,0.3514724,0.34574303,0.33626685,0.32284495,0.3091662,0.29333422,0.27999818,0.26983964,0.2594954,0.25152996,0.2456474,0.24314232,0.24398097,0.2463084,0.24947959,0.2541436,0.2598341,0.26629722,0.2735752,0.2805591,0.28766912,0.29449123,0.30076015,0.30792972,0.31455803,0.32125634,0.32708862,0.3318699,0.33593726,0.3390666,0.34110332,0.34159052,0.34157056,0.34001815,0.33842617,0.33762747,0.3367909,0.33511415,0.33317247,0.332073,0.33159542,0.3305221,0.328942,0.32636198,0.32326257,0.3201251,0.31739238,0.31530356,0.31381822,0.31272703,0.31170952,0.31043047,0.30895767,0.30771694,0.30686048,0.30595976,0.3049058,0.30392462,0.3025499,0.29990703,0.2953004,0.28935763,0.28363225,0.279542,0.2763725,0.27213547,0.26710016,0.2617317,0.25696436,0.25281015,0.24890754,0.24504411,0.24148871,0.23814145,0.23496176,0.23195216,0.2292511,0.2266905,0.22424926,0.22195548,0.22010086,0.21861696,0.21718112,0.21564977,0.21402358,0.21322939,0.21356969,0.21493359,0.21773279,0.22240716,0.22863087,0.23583502,0.2434358,0.25091645,0.2579742,0.26457185,0.27107137,0.27775544,0.28393963,0.28938344,0.29392573,0.29741868,0.30008683,0.30244008,0.30570993,0.31084648,0.3170359,0.32308355,0.3286348,0.3336619,0.33765936,0.34117764,0.34381992,0.34550363,0.34637433,0.34598544,0.34442517,0.34183216,0.33796918,0.3330315,0.32745454,0.32175952,0.3166225,0.3124117,0.30912185,0.30687517,0.30560383,0.3050947,0.3052438,0.3058064,0.30676493,0.3081491,0.30965897,0.31113392,0.31237954,0.31376153,0.31494427,0.31599018,0.31774688,0.32172114,0.32661232,0.33216804,0.33853793,0.3454052,0.35265014,0.35992804,0.3665052,0.3722292,0.37749493,0.3822837,0.38649854,0.39041007,0.39376804,0.3965955,0.39891058,0.40071094,0.40206742,0.40275937,0.4029854,0.40287122,0.40242094,0.4019469,0.40146357,0.40068746,0.3994834,0.3979089,0.3960297,0.3938294,0.3912113,0.3883025,0.38528088,0.38175917,0.3780489,0.3748714,0.3724056,0.37005448,0.36787972,0.36638302,0.36555666,0.36547735,0.36740997,0.3715237,0.37278852,0.37401038,0.3773663,0.3798227,0.3816779,0.38359034,0.3856937,0.38751605,0.38864705,0.3895997,0.39075455,0.39159998,0.39111808,0.39008087,0.3889118,0.38745892,0.38584638,0.3837902,0.38126406,0.37850946,0.37577072,0.373356,0.37128982,0.36929435,0.36757082,0.365981,0.36478308,0.36393657,0.36443347,0.36990887,0.37758574,0.3850859,0.39251754,0.40028745,0.4080549,0.41586024,0.42315203,0.42968312,0.43499708,0.4377107,0.4386704,0.4415598,0.44747683,0.4532175,0.45793447,0.4627646,0.4666852,0.47056127,0.47435415,0.47758344,0.48058906,0.48321053,0.48615265,0.48784044,0.488389,0.4888474,0.48902,0.48894295,0.48877466,0.48766893,0.48526317,0.48406887,0.48271114,0.47891065,0.47286266,0.4667644,0.46160203,0.45823407,0.4561733,0.45596674,0.45614824,0.4563051,0.45688054,0.45802495,0.45963022,0.46110925,0.46212608,0.46265575,0.4630637,0.4635253,0.46403,0.46446162,0.4656295,0.4677024,0.46897438,0.4706563,0.4739467,0.4767324,0.47749072,0.4790922,0.48031035,0.4820216,0.4844609,0.48673382,0.48842764,0.48973528,0.49061212,0.49118587,0.4924825,0.49548438,0.4893242,0.4908669,0.49045143,0.4892518,,0.5058617,0.5189801,0.5268049,0.5322392,0.5372225,0.54146504,0.54487634,0.5477937,0.5513642,0.5544643,0.55689615,0.5584958,0.55981445,0.5607874,0.5605583,0.5604506,0.55959827,0.5581871,0.5568082,0.55544364,0.5538073,0.5516763,0.54869354,0.5453757,0.5424606,0.5397665,0.53676116,0.5334246,0.52998334,0.52539146,0.51901263,0.5120212,0.50763255,0.50374866,0.49753207,0.49209726,0.4870174,0.48195985,0.47682643,0.47160497,0.46491715,0.45704833,0.44987327,0.4423715,0.4330313,0.4245476,0.4166655,0.4108283,0.4048774,0.39937922,0.39454818,0.39048946,0.3871167,0.38361314,0.3809541,0.379358,0.3790961,0.37951005,0.38047227,0.3819069,0.38382444,0.38674796,0.3897471,0.39135563,0.39198908,0.39236104,0.3925651,0.39235952,0.39158884,0.3904383,0.3897341,0.39024606,0.3912014,0.3916053,0.3919391,0.39423186,0.39618674,0.39925918,0.40442598,,,,,,,,,,,,,,,,,,,,,,,,0.43422297,0.4347122,0.4312172,0.421459,0.41783363,0.4156136,0.41437343,0.41346687,0.41188237,0.4093473,0.40684342,0.40412623,0.40120307,0.39892292,0.397022,0.39569378,0.39470166,0.3933514,0.39108384,0.38863087,0.38656375,0.38522345,0.38418335,0.38281858,0.38168776,0.38082746,0.3800482,0.37990198,0.37998086,0.38029653,0.3806064,0.38101727,0.38126233,0.3811797,0.38075146,0.37990353,0.37874866,0.37807715,0.37851164,0.37957352,0.38007963,0.37987643,0.37980542,0.37962514,0.37863615,0.3769525,0.37455335,0.3717598,0.3687372,0.36529565,0.36173537,0.35836512,0.3553988,0.35288185,0.35074013,0.34902713,0.3472767,0.34510183,0.3423905,0.33954844,0.33676243,0.3344124,0.33241257,0.33051834,0.32847908,0.32607988,0.32350463,0.3211396,0.31892335,0.31693187,0.31539905,0.3144921,0.31441045,0.3147973,0.3153154,0.31665894,0.31895047,0.32206836,0.32565066,0.32970738,0.33420554,0.33807442,0.34174103,0.34631205,0.3517562,0.3570089,0.3616051,0.3662435,0.37065426,0.37468928,0.37852502,0.38113907,0.38284865,0.3848265,0.38783094,0.39075345,0.39286003,0.39452836,0.39598778,0.39801493,0.40040892,0.40331823,0.40608537,0.40867034,0.4096748,0.41167194,0.4140525,0.41810647,0.42161733
6.833336,,,,,,,,,,,,,,,,,,,,0.35616404,0.35348836,0.34811175,0.34178752,0.32824168,0.30920425,0.293454,0.28310248,0.27527568,0.26555794,0.25563246,0.24800834,0.24318984,0.24236585,0.24354728,0.2459233,0.24947378,0.25399703,0.26023367,0.26755962,0.27508518,0.28163376,0.28888106,0.295892,0.30252486,0.31004512,0.31624684,0.3228446,0.3285157,0.33345082,0.33737278,0.34040236,0.3422182,0.3429134,0.34271684,0.34079424,0.33877674,0.3376398,0.3370363,0.33584407,0.33415234,0.33300367,0.33246797,0.3314151,0.32957095,0.326843,0.32388896,0.3209805,0.31848335,0.31607997,0.31384426,0.31227934,0.31099167,0.30961135,0.30829102,0.30693182,0.30569002,0.3045411,0.30349913,0.3024993,0.30135897,0.29941264,0.29646975,0.29181278,0.28560096,0.27940512,0.274325,0.2702191,0.2663962,0.26205704,0.25759143,0.25353402,0.24995677,0.24638954,0.24312244,0.24012066,0.2373977,0.23481534,0.23236266,0.23006143,0.22769625,0.22539394,0.22339487,0.22177477,0.22024243,0.21887235,0.21811862,0.21842666,0.21987763,0.22275725,0.22723314,0.23320433,0.24013914,0.24747321,0.25474137,0.26168823,0.26839378,0.27487892,0.28109786,0.28720823,0.29252875,0.29714397,0.30086806,0.30348542,0.30561668,0.30794618,0.31141704,0.31639263,0.32234943,0.32818738,0.33330658,0.33786997,0.34168518,0.34503403,0.3474097,0.34888634,0.34965086,0.34928817,0.34782854,0.3454801,0.34189898,0.3372481,0.3319513,0.32657295,0.3216073,0.31739807,0.3140546,0.31173536,0.3103725,0.30986577,0.31006032,0.3106696,0.31167197,0.31301916,0.31450126,0.3156564,0.3167399,0.31775165,0.31856495,0.32035527,0.3245201,0.32966527,0.33504295,0.34122244,0.347944,0.35508505,0.3621865,0.36844394,0.37381223,0.3788215,0.38330847,0.38733435,0.39092234,0.39457068,0.39808482,0.40100276,0.4034478,0.405032,0.40584806,0.4062651,0.40626922,0.4059853,0.40535778,0.40490198,0.40462944,0.40385473,0.40240753,0.40058887,0.398694,0.39658082,0.39397785,0.3912247,0.38812086,0.38452268,0.38084444,0.37785664,0.3752444,0.3726016,0.37041038,0.36875525,0.36789566,0.3681556,0.3717832,0.3740196,0.3745377,0.37717178,0.37984446,0.38132662,0.38301426,0.3847036,0.386682,0.38822597,0.38926524,0.390103,0.39100432,0.39132893,0.39044708,0.38908756,0.3876475,0.38587594,0.3839871,0.3816781,0.3791806,0.3764881,0.37381083,0.3715122,0.36945605,0.36758733,0.3659406,0.36442983,0.36345917,0.3633196,0.36488092,0.37118515,0.37845266,0.38585442,0.39304495,0.4004406,0.40791827,0.4157959,0.42310625,0.42961863,0.43526873,0.4381201,0.43937966,0.4427061,0.44840991,0.45372504,0.4579954,0.46220094,0.46670088,0.47085205,0.47470436,0.47825634,0.48137316,0.48478314,0.4880814,0.48965162,0.4897933,0.4897132,0.48931265,0.48931336,0.48966566,0.488992,0.48664495,0.48424244,0.4838918,0.4820408,0.4778647,0.47287124,0.46702018,0.46209714,0.45967773,0.4589601,0.4587402,0.45856512,0.45859745,0.45893556,0.4599009,0.4613407,0.46241626,0.46318334,0.4636363,0.46402016,0.46449673,0.4657312,0.46844786,0.47083953,0.4720193,0.4737075,0.47688916,0.47917745,0.47964486,0.4810932,0.48182327,0.48332855,0.4856109,0.48738435,0.4887595,0.48982406,0.489892,0.49026403,0.4925594,0.4938674,0.49491128,0.49644658,0.49472728,,0.52569073,0.52098155,0.5279819,0.5319958,0.5338126,0.53780746,0.54156816,0.5442329,0.54707605,0.5507239,0.5536562,0.5564226,0.55763996,0.5576208,0.5577018,0.55802584,0.5583527,0.55765855,0.5565162,0.55492735,0.5531911,0.5510271,0.54853326,0.54570085,0.5428395,0.54010063,0.5372495,0.53374577,0.5295963,0.52418596,0.5181379,0.51222277,0.5073562,0.5026201,0.4957645,0.4885143,0.48221847,0.47583964,0.47015435,0.46474344,0.4593731,0.45257482,0.4460336,0.4394125,0.4325652,0.42519188,0.41838372,0.41219273,0.40703914,0.4018559,0.39746746,0.39402813,0.39193812,0.3904997,0.3893303,0.38827458,0.3872746,0.38667914,0.3866573,0.3874143,0.3889116,0.39108202,0.39453626,0.39855954,0.40112418,0.40216324,0.4026892,0.4024198,0.4017622,0.40107474,0.39930487,0.3974517,0.3977021,0.39843005,0.3986905,0.39837468,0.39996305,0.40137342,0.40324333,0.4077242,,,,,,,,,,,,,,,,,,,,,,,,0.4334777,0.43125486,0.4280043,0.4198973,0.41613284,0.41368726,0.41184095,0.41086367,0.40868038,0.40592405,0.40271574,0.39919662,0.39619684,0.39398524,0.39211652,0.39074844,0.3892348,0.3874052,0.38517213,0.3830893,0.38119072,0.37960643,0.3782779,0.37680206,0.37588504,0.37558833,0.37533233,0.37533092,0.37564227,0.37640145,0.37707478,0.37787965,0.3786688,0.379094,0.3793252,0.3791589,0.3783042,0.3770801,0.3760346,0.37553582,0.37600076,0.3762552,0.37642172,0.37663618,0.37635797,0.37508592,0.37293118,0.37058055,0.36811358,0.36510143,0.36165023,0.35807297,0.35488132,0.35204548,0.34935308,0.34691733,0.3447347,0.34255007,0.339969,0.33710247,0.33428523,0.3317633,0.32961264,0.3276673,0.32560727,0.32354674,0.32160598,0.31970185,0.3178589,0.31611577,0.31480893,0.31414118,0.31404287,0.31438515,0.31489828,0.31593084,0.3182164,0.32131913,0.3244562,0.32786137,0.33212975,0.33588216,0.33905077,0.34303445,0.34810227,0.35366634,0.35817832,0.36280605,0.36763695,0.3721668,0.3762324,0.37897822,0.38041764,0.38259068,0.38553894,0.3880026,0.3899156,0.3914453,0.3930916,0.39574003,0.3989813,0.40207353,0.4049176,0.407745,0.4095093,0.4107566,0.41247186,0.41620424,0.42009383
6.75,,,,,,,,,,,,,,,,,,,,0.3566985,0.35081127,0.34518766,0.3346482,0.3200564,0.30072105,0.2829974,0.27397013,0.2685423,0.2603439,0.2520198,0.24600084,0.24253617,0.24218896,0.24315678,0.24529591,0.2481527,0.25312692,0.2596007,0.26768503,0.27544633,0.28284815,0.29030204,0.29684272,0.30369657,0.3114306,0.31748557,0.32404035,0.32991606,0.33467892,0.3383925,0.3412074,0.34275815,0.3436566,0.34324855,0.34100634,0.3385995,0.33741295,0.33763394,0.33695766,0.3348604,0.33338717,0.33303812,0.33216774,0.3305472,0.32800376,0.32510635,0.32238108,0.31968242,0.31695116,0.31474513,0.31283787,0.3108921,0.3092165,0.30772045,0.30627295,0.30480587,0.3034647,0.30232772,0.3014361,0.30048802,0.2988995,0.2964548,0.29308924,0.2887054,0.28303263,0.27694646,0.27142048,0.2666529,0.26226732,0.25795904,0.253964,0.25036243,0.24706702,0.24414171,0.24162823,0.2392347,0.23673432,0.23432437,0.23206516,0.22969799,0.22735341,0.22535713,0.2239763,0.22311537,0.22287844,0.22353046,0.22526388,0.22828929,0.23277847,0.23867531,0.24556662,0.25239128,0.2588416,0.26515472,0.27164876,0.27834707,0.28487527,0.29083458,0.29600388,0.30024725,0.30396152,0.306927,0.30904144,0.31109685,0.31360105,0.3173945,0.32235175,0.32790944,0.33327478,0.33797535,0.3422157,0.34577975,0.34874034,0.35080752,0.35206047,0.35266915,0.3523307,0.3510276,0.34881505,0.3455962,0.34136754,0.33658403,0.33163485,0.32703158,0.3230665,0.31974792,0.3174031,0.31610328,0.3155204,0.31547529,0.31597698,0.3168641,0.31819317,0.31927183,0.32007173,0.32058358,0.32073703,0.32240927,0.3269025,0.33229747,0.33769295,0.34355024,0.35021815,0.35736507,0.36408064,0.36993217,0.37508494,0.37968355,0.38386914,0.3874955,0.39095634,0.394684,0.39845404,0.40204364,0.4049561,0.4070487,0.40822577,0.40870455,0.4089019,0.40882474,0.4084171,0.4078669,0.40770546,0.40749556,0.40661788,0.40479514,0.4027283,0.40089595,0.3987278,0.39612177,0.3931685,0.38991493,0.38640726,0.3830243,0.38003406,0.3770911,0.37432468,0.3719582,0.3702196,0.3696834,0.37180844,0.3747159,0.3752132,0.37681198,0.37947652,0.38096866,0.38214755,0.38383794,0.38538143,0.38716364,0.38852638,0.38961738,0.39036122,0.3908483,0.39055276,0.3893232,0.3878308,0.38614368,0.38428253,0.38210317,0.37952188,0.37698317,0.37436163,0.3718327,0.36959755,0.36761007,0.3658227,0.36433497,0.36306122,0.36256137,0.36344367,0.36739796,0.37268642,0.3792455,0.38685396,0.39408842,0.40071896,0.40804845,0.41572034,0.4233142,0.4302306,0.43571958,0.43912292,0.44116268,0.44490278,0.44985032,0.45392975,0.45780388,0.46222156,0.46641192,0.47050884,0.47449827,0.47846478,0.48250675,0.48633048,0.48922166,0.49029696,0.4902516,0.4900284,0.48963046,0.48937812,0.48948973,0.48841307,0.4865355,0.48448032,0.48323405,0.48218337,0.4790255,0.4743784,0.46955228,0.4658988,0.4637843,0.46242496,0.46160084,0.4611929,0.46099326,0.46086153,0.46126133,0.46228197,0.46335495,0.46433297,0.4651694,0.466059,0.46721724,0.4692987,0.47224844,0.47421002,0.47501606,0.4766735,0.47946045,0.4810074,0.48154593,0.48294702,0.48348823,0.48429117,0.48569563,0.4867977,0.4878442,0.4881046,0.48769173,0.48800245,0.49050286,0.49195156,0.49288177,0.49513394,0.49571013,,0.52779543,0.52744883,0.5309071,0.5327988,0.5342256,0.5375531,0.5410278,0.5437491,0.54656696,0.54949105,0.55206764,0.554155,0.5534949,0.5524511,0.55384314,0.55455977,0.55439025,0.5537034,0.552313,0.55077994,0.548747,0.546309,0.5433298,0.5400582,0.536997,0.5339796,0.5303778,0.52598155,0.52099997,0.51581347,0.510815,0.50581807,0.5001739,0.49266407,0.4834022,0.47465494,0.46842438,0.46218893,0.45668903,0.45142454,0.44656223,0.44118258,0.43644923,0.43101048,0.4253932,0.4194968,0.4138537,0.40867698,0.40393382,0.39997503,0.39705545,0.39569715,0.39536142,0.39542454,0.39548922,0.39502418,0.39383107,0.39254382,0.39257526,0.39296612,0.39434978,0.39632168,0.3997351,0.40421057,0.408094,0.41018155,0.41155007,0.41184595,0.41115284,0.4101579,0.4084519,0.4055567,0.40446332,0.40477586,0.4048922,0.40467197,0.405427,0.40617213,0.40710303,0.41112497,0.41611436,,,,,,,,,,,,,,,,,,,,,,,0.43253633,0.4295531,0.4244876,0.41761696,0.41411704,0.41127455,0.40957603,0.408437,0.40557322,0.40191954,0.39771876,0.39378932,0.39087093,0.3885456,0.38675138,0.38488996,0.3827927,0.3809578,0.37938932,0.3777468,0.37605286,0.37429824,0.3728358,0.37144247,0.37056276,0.3702202,0.3702336,0.37070316,0.37175354,0.37292027,0.37389582,0.37487242,0.37582132,0.37636244,0.37671083,0.37730625,0.3777847,0.3775862,0.3763369,0.37459946,0.37329474,0.37293944,0.37295154,0.37329802,0.37348366,0.3727847,0.37107483,0.36908633,0.36690646,0.36449218,0.36134693,0.3578751,0.3546651,0.35165432,0.3486319,0.34565064,0.34296376,0.340529,0.3378539,0.3348408,0.3318387,0.32936302,0.32734993,0.32548732,0.32354656,0.32175383,0.32015756,0.3185549,0.3170246,0.3155341,0.31430295,0.3137069,0.31368166,0.3140256,0.31452096,0.31542557,0.31743923,0.32056835,0.32368073,0.32707042,0.33085284,0.3343284,0.33707997,0.3404237,0.34476745,0.34979728,0.35457292,0.35924634,0.36428228,0.36929685,0.37343642,0.37605387,0.3779504,0.38039,0.3831798,0.3859253,0.3882504,0.39000568,0.39244613,0.39566928,0.39926445,0.4023974,0.4050968,0.40710297,0.40882555,0.40978745,0.41054696,0.41396493,0.4177604
6.6666718,,,,,,,,,,,,,,,,,,,0.35718772,0.35420513,0.34868324,0.34292924,0.32936618,0.3130048,0.29627913,0.28062677,0.27080873,0.26315886,0.255448,0.24965881,0.24516736,0.24219711,0.24185267,0.2419077,0.24334979,0.24642934,0.25155872,0.25837493,0.26692057,0.27496278,0.2832831,0.29143718,0.29786238,0.3048032,0.312453,0.31864378,0.3252641,0.33108684,0.33561748,0.3390585,0.3414087,0.34282267,0.34382474,0.3432589,0.34087935,0.3387626,0.338205,0.33868238,0.33756837,0.3352378,0.3342205,0.33432886,0.3338248,0.33257985,0.32985237,0.32693806,0.32388553,0.32081407,0.31826156,0.31606713,0.31379342,0.3116197,0.30965936,0.30782998,0.30624065,0.30477694,0.30332512,0.30198285,0.30075997,0.29966995,0.29838464,0.29651904,0.29388905,0.29038382,0.28586406,0.28060713,0.2749453,0.26937783,0.26426026,0.25954872,0.25506723,0.25106218,0.2478077,0.2453008,0.2430209,0.24046397,0.23780346,0.23538613,0.23323186,0.23107095,0.22910672,0.22784321,0.2273301,0.22752227,0.22867966,0.23109713,0.23478281,0.23930247,0.24479988,0.25121996,0.2577513,0.26385966,0.2694382,0.27525884,0.281658,0.28817716,0.29423672,0.29959315,0.3037533,0.30699593,0.30985963,0.31233114,0.3142134,0.3162785,0.31910717,0.32335156,0.32844317,0.3336356,0.33833945,0.34257263,0.34642348,0.34960225,0.3521112,0.35390368,0.35501805,0.35553378,0.3552298,0.35413447,0.35203853,0.34914127,0.34531352,0.34100986,0.33646244,0.33221614,0.32849222,0.32547668,0.32352093,0.3223319,0.3215837,0.32137835,0.32155558,0.32220182,0.3230223,0.32358584,0.32364854,0.3232881,0.32454407,0.32868716,0.33399412,0.33959875,0.3452215,0.35152313,0.35864937,0.36536875,0.37092295,0.37555823,0.3797209,0.3832185,0.38634816,0.38999286,0.39416453,0.39827427,0.40208155,0.4053515,0.40795502,0.409721,0.4104617,0.41082644,0.41102785,0.41092983,0.41045925,0.41003564,0.40996486,0.40955633,0.4084259,0.40654382,0.40453804,0.40254676,0.40015838,0.39723703,0.39416194,0.39087766,0.38748854,0.38417435,0.38078398,0.37773976,0.37483102,0.3725379,0.37130198,0.37190259,0.37498862,0.37560782,0.37626174,0.3787588,0.3801564,0.38112754,0.38261476,0.38427565,0.38572064,0.38731265,0.38858405,0.3896376,0.3902621,0.39016205,0.38925883,0.38787726,0.38638604,0.38458106,0.38271055,0.38026574,0.37743565,0.37485856,0.37227824,0.36981344,0.36774096,0.3659334,0.36422235,0.36297128,0.3620747,0.36238813,0.36480275,0.36958355,0.37460604,0.38072592,0.38791078,0.3950873,0.40136138,0.40804377,0.41560304,0.42376387,0.43083826,0.43634927,0.44006976,0.44303805,0.44678357,0.4508352,0.4544722,0.45804143,0.46200824,0.46586704,0.4699744,0.47411126,0.4785027,0.48288178,0.48656932,0.4891762,0.4900998,0.49003622,0.48977074,0.48913002,0.48888424,0.48860538,0.4874316,0.48605278,0.4854433,0.484408,0.48274934,0.47961554,0.47537217,0.4715669,0.4693934,0.4676506,0.4660264,0.4648585,0.464309,0.4641169,0.4639512,0.46401346,0.46473002,0.46605748,0.4676455,0.4692035,0.47057733,0.47201505,0.4741275,0.4764766,0.47773027,0.47828746,0.47977775,0.4819094,0.48259214,0.48331988,0.48462448,0.48501685,0.48506957,0.48503974,0.48521185,0.48569912,0.48539877,0.48486245,0.48474675,0.48767316,0.49048933,,0.51130855,0.5143739,0.52764577,0.528388,0.52837,0.5304279,0.53184533,0.53387445,0.5368344,0.5403031,0.5438414,0.545601,0.5478354,0.5495292,0.5496821,0.54835665,0.5478784,0.5492628,0.54938537,0.5488377,0.54776603,0.5459776,0.54402715,0.5414634,0.5385464,0.5351601,0.53167605,0.5285656,0.5256383,0.522343,0.518311,0.51340914,0.5085226,0.5034015,0.49736297,0.4892317,0.47881183,0.4685748,0.46121302,0.455833,0.44996515,0.44482133,0.44001085,0.43589538,0.43193576,0.42803645,0.42391232,0.4193619,0.41470686,0.40989953,0.40542746,0.40141234,0.3992442,0.39881814,0.39883018,0.3990549,0.398894,0.39873588,0.3985904,0.39791402,0.39846537,0.39945552,0.39954063,0.4003003,0.40229157,0.40549672,0.4094099,0.41304156,0.415796,0.41793573,0.4193347,0.4191702,0.41856524,0.4173607,0.41455713,0.41203883,0.41168025,0.41152653,0.41077757,0.41066253,0.41036603,0.41146722,0.41422862,0.4195983,,,,,,,,,,,,,,,,,,,,,,,0.43009332,0.42528358,0.42132905,0.4152427,0.411452,0.40931103,0.4076854,0.40516,0.4013933,0.39697453,0.3921701,0.3884828,0.38522148,0.3830695,0.38091052,0.37870315,0.37661514,0.3752838,0.3740824,0.37236464,0.37078902,0.36921644,0.36789608,0.3668556,0.36602002,0.36535004,0.3655292,0.36645478,0.36781672,0.3694799,0.3711276,0.3727999,0.37379768,0.3744586,0.37505418,0.37556097,0.3763145,0.37716177,0.37691852,0.37560433,0.37394685,0.37230244,0.37102374,0.3705856,0.37052408,0.37024635,0.3690834,0.36747223,0.3653293,0.36308277,0.36039454,0.35726607,0.35412937,0.35111615,0.34802514,0.3448213,0.34182206,0.3391574,0.33640286,0.33345935,0.3304844,0.32797644,0.32595772,0.32401982,0.3221014,0.320662,0.31948727,0.31833395,0.31708282,0.31578857,0.31469625,0.31394994,0.31363297,0.31358472,0.31393448,0.31460306,0.31639224,0.3195097,0.32274342,0.32624638,0.33007032,0.33331543,0.33562914,0.3383287,0.34202653,0.34634826,0.35080004,0.35597464,0.36137834,0.36656836,0.370776,0.37358734,0.37596962,0.37860367,0.38176072,0.38460207,0.3867616,0.38911527,0.39195153,0.3944387,0.3976539,0.40126154,0.40463614,0.40677536,0.40741822,0.40846244,0.40940526,0.41203517,0.41544425
6.583336,,,,,,,,,,,,,,,,,,,0.3584646,0.35314596,0.34708506,0.33678916,0.32283399,0.30646008,0.29192892,0.2798999,0.2690958,0.2595969,0.25319377,0.24906045,0.24461359,0.24154389,0.24060944,0.23987915,0.24150254,0.24449414,0.24958536,0.2566735,0.26552114,0.27395847,0.28224167,0.2916414,0.29882166,0.30595613,0.31354788,0.3202799,0.3267594,0.33199742,0.33620855,0.3393784,0.3416376,0.34302247,0.34372762,0.34299564,0.3410192,0.33948302,0.3391998,0.33942062,0.33805108,0.3360708,0.33571953,0.33633763,0.33585072,0.3343632,0.3317321,0.32893413,0.325842,0.3226562,0.32012188,0.3179054,0.31568956,0.31354526,0.31134316,0.30916277,0.30720335,0.30563617,0.30409262,0.3025868,0.30112398,0.29963213,0.29792693,0.29615128,0.294187,0.2915011,0.2879048,0.28354743,0.27841386,0.27290726,0.26750854,0.26236352,0.2575217,0.2531611,0.24946345,0.24652143,0.24382076,0.24103683,0.2384697,0.23638237,0.2347906,0.23349358,0.23251987,0.2322543,0.23307073,0.23480426,0.23762736,0.2416256,0.24642555,0.2515461,0.2569369,0.26269355,0.2685003,0.27423716,0.27979806,0.2853802,0.29131097,0.2970779,0.30224946,0.30686033,0.31034142,0.3128371,0.31512472,0.31705517,0.31888193,0.321092,0.32446447,0.32907522,0.334052,0.33882043,0.3429864,0.34688053,0.3501642,0.3528343,0.3550384,0.356729,0.35777187,0.35822728,0.35796094,0.3569675,0.3551028,0.35244235,0.34890756,0.34481663,0.34060654,0.33668107,0.3334057,0.33097464,0.32933134,0.32824445,0.32754445,0.32721305,0.32705933,0.3272458,0.3273171,0.327101,0.32674605,0.3278661,0.33124638,0.3358556,0.34104863,0.34693372,0.35311472,0.35957497,0.36530656,0.37063003,0.37516385,0.37871838,0.38156185,0.38427892,0.38809097,0.39282808,0.39749718,0.40152064,0.40492222,0.40782863,0.41003302,0.41142815,0.41195476,0.41239777,0.41281623,0.4128226,0.41251782,0.4120043,0.41158396,0.41067934,0.4093434,0.40756443,0.4053837,0.40298024,0.40030706,0.39732513,0.39433712,0.39113066,0.38761353,0.38395873,0.38050961,0.37741536,0.3745711,0.37273383,0.37232858,0.37423277,0.37555522,0.37563306,0.3775745,0.3791646,0.37983602,0.38097587,0.38275936,0.38418365,0.38558894,0.38695776,0.388133,0.3889467,0.38928103,0.38874435,0.38758504,0.38627213,0.38474497,0.38288808,0.38099203,0.37845948,0.3756415,0.37295806,0.3705232,0.36822155,0.3662644,0.36456475,0.3630387,0.36199617,0.36159143,0.3629166,0.3671595,0.37042302,0.3762728,0.38257816,0.3890973,0.39552644,0.40147784,0.40775082,0.4154811,0.42396846,0.43120706,0.43689007,0.44060087,0.44412264,0.44776592,0.45121464,0.4545932,0.45799318,0.46151894,0.4651364,0.46921954,0.47351328,0.47775057,0.48197162,0.48570797,0.48823282,0.48910943,0.48893568,0.48862222,0.48789486,0.48753268,0.48736054,0.48664844,0.4858084,0.48530212,0.48428032,0.48232412,0.48004606,0.47704622,0.47422358,0.47284928,0.47127023,0.46963105,0.46864524,0.4680954,0.46791303,0.4679904,0.46816078,0.4687731,0.47025087,0.47213566,0.47397247,0.47557226,0.47718814,0.47914717,0.48077703,0.48145536,0.48186442,0.4830133,0.48404956,0.48428947,0.4851219,0.4860337,0.486349,0.4856434,0.48429403,0.48355243,0.482636,0.48187754,0.48222074,0.4827909,0.48725945,0.49050844,0.5013997,0.51822144,0.5203564,0.5223526,0.52374625,0.526036,0.52811015,0.5301443,0.53246564,0.53505903,0.53891605,0.54230756,0.5434045,0.5444941,0.5451023,0.5449172,0.5440998,0.5431321,0.54323316,0.5425037,0.5415474,0.5406519,0.53906196,0.5372244,0.5349188,0.5321906,0.52898616,0.52562684,0.5226534,0.5196718,0.5158105,0.51095337,0.5056138,0.49997544,0.49359375,0.4854034,0.4750893,0.46397814,0.45562783,0.44956157,0.44408268,0.43847072,0.43379894,0.4298227,0.4266607,0.42348236,0.42038944,0.4171194,0.41359884,0.41008747,0.40643057,0.40300405,0.40062895,0.40050748,0.40095067,0.40126878,0.40113986,0.40118068,0.40174466,0.40259257,0.40353173,0.4049367,0.405971,0.40624744,0.40704015,0.40879142,0.41159528,0.41484976,0.41809443,0.42110926,0.42352787,0.42490298,0.42523775,0.42463255,0.42414004,0.42190558,0.41936105,0.41799945,0.41748145,0.41631883,0.41518,0.4142962,0.4151501,0.4173285,0.42242894,,,,,,,,,,,,,,,,,,,,,,0.42524943,0.4254521,0.4188887,0.41497767,0.41144666,0.40895087,0.40686545,0.40462434,0.40080398,0.3963196,0.39172035,0.3868832,0.3835175,0.38007522,0.37787318,0.37540177,0.37287444,0.37067068,0.36922354,0.36788425,0.3662667,0.36487472,0.36369744,0.3627819,0.3619984,0.36148068,0.3610796,0.36132154,0.36229494,0.3634981,0.36546525,0.36767092,0.36987686,0.37111992,0.37195536,0.3731473,0.37401238,0.3746568,0.37547058,0.37555006,0.37528366,0.3750821,0.37411773,0.37231353,0.3703306,0.3688959,0.36810115,0.36724603,0.3657646,0.36363274,0.36151698,0.35909277,0.35614303,0.35336685,0.3505177,0.3475085,0.34409037,0.34079778,0.33792877,0.33525383,0.3324438,0.32963476,0.32710117,0.32491925,0.3228272,0.32108817,0.31980103,0.31878796,0.31784812,0.3167246,0.3156389,0.3146926,0.31396306,0.31352422,0.31320256,0.31326205,0.31358212,0.3150966,0.3181274,0.32143992,0.32531625,0.32927886,0.3323851,0.33450538,0.3367315,0.33996105,0.3438159,0.34823522,0.3536458,0.35942546,0.36470944,0.3688844,0.3719755,0.3748795,0.37806213,0.3810141,0.38300133,0.38462737,0.3875404,0.39073533,0.39317772,0.39642835,0.40049568,0.40390596,0.40558022,0.40562356,0.40591255,0.4067907,0.4097437,0.4134624
6.5,,,,,,,,,,,,,,,,,,0.36056098,0.35779175,0.35167843,0.3448135,0.33076295,0.3153574,0.29934463,0.28654718,0.2767413,0.26623368,0.25761345,0.25225386,0.24799848,0.24308486,0.24014927,0.2388025,0.23821206,0.23941815,0.2423625,0.24763341,0.25491917,0.26460317,0.27375087,0.2816537,0.29167345,0.29998296,0.30720145,0.3150656,0.32189193,0.32808208,0.33321467,0.3369495,0.339742,0.34204394,0.34297502,0.34339795,0.34277818,0.34155378,0.34041363,0.3399381,0.33974436,0.33850807,0.3369137,0.33749494,0.33830485,0.33742192,0.33603728,0.33382174,0.33137742,0.3284684,0.3249289,0.322409,0.32049888,0.3182722,0.3161272,0.31385922,0.3116006,0.30952102,0.30775455,0.30620497,0.30448344,0.3027556,0.30092457,0.2989282,0.29659125,0.29419342,0.29162806,0.2887018,0.28528076,0.28123435,0.2764671,0.27124488,0.26603964,0.26101702,0.2562589,0.25194436,0.24828134,0.24509473,0.24229863,0.24032459,0.23929279,0.23882078,0.23865157,0.23887984,0.2399741,0.24241428,0.2457142,0.24948815,0.2537303,0.25814945,0.26276278,0.2676759,0.2728082,0.27818793,0.28375202,0.2891759,0.29455018,0.2997044,0.3045598,0.30864197,0.31236017,0.31540766,0.31765506,0.31951135,0.32121763,0.3232462,0.32603267,0.33021203,0.33474874,0.33929366,0.3434714,0.34725374,0.35074747,0.35348016,0.3557354,0.35771292,0.35929585,0.36035794,0.36071193,0.3604081,0.35945368,0.35773668,0.35512552,0.35179836,0.34803316,0.34410217,0.3406792,0.3379827,0.33592737,0.33454064,0.3335864,0.33279318,0.33221057,0.33169577,0.33117473,0.3304168,0.33017176,0.33153385,0.3348317,0.33893946,0.34368843,0.34902576,0.35467985,0.360697,0.36602873,0.3704144,0.37423703,0.37726808,0.3797224,0.38262603,0.38697398,0.39189282,0.3965747,0.40098265,0.40454203,0.4072988,0.40932298,0.41079304,0.41202238,0.41278815,0.41357744,0.41419092,0.4142762,0.41401717,0.41368726,0.41292796,0.4115147,0.40977168,0.4076335,0.4051183,0.4023478,0.39960155,0.39681906,0.39393923,0.3905989,0.38669297,0.3829536,0.37966323,0.37653425,0.3740959,0.3729165,0.3734198,0.37494528,0.3745611,0.37579107,0.3774352,0.37816423,0.3790562,0.38036972,0.38202924,0.38346496,0.3848446,0.38586307,0.38655996,0.38712254,0.387326,0.38682505,0.38559434,0.38440487,0.38281313,0.3809864,0.37898293,0.37650555,0.37392512,0.37146991,0.3692301,0.36706194,0.36503023,0.36334944,0.3620905,0.36145514,0.3617901,0.3651444,0.368053,0.37248504,0.3783071,0.3837994,0.38961047,0.39565763,0.4010816,0.4072484,0.41529974,0.42378163,0.43135682,0.43706128,0.4408411,0.4443756,0.4477213,0.45098656,0.45404932,0.45727873,0.46071875,0.46414828,0.46810672,0.47250625,0.47650108,0.48045957,0.48400134,0.48647246,0.48741424,0.48735654,0.48698077,0.4862077,0.48571572,0.48607033,0.48601165,0.48548815,0.48467544,0.4832576,0.48155275,0.48005494,0.47820827,0.4763126,0.4751629,0.4740111,0.4728704,0.4723567,0.47201476,0.47189403,0.47236928,0.47300884,0.47397384,0.47554567,0.4772789,0.47870883,0.48008505,0.4817353,0.48345453,0.48472166,0.48500574,0.48500106,0.48556823,0.48609012,0.48655453,0.48669094,0.48709533,0.48737565,0.48628008,0.48385757,0.48174322,0.48011726,0.48002392,0.48158902,0.48233908,0.48652092,0.49026597,0.4988596,0.5110287,0.5113577,0.5084398,0.5162337,0.5219216,0.52429765,0.5272423,0.530247,0.5325001,0.53572434,0.5385068,0.5390688,0.538732,0.539023,0.5391982,0.5384792,0.5372036,0.5368983,0.5362297,0.5348922,0.5335325,0.5321464,0.53014344,0.52766114,0.52492565,0.5219733,0.51869607,0.5149334,0.51058537,0.50566113,0.500203,0.4943051,0.48770007,0.4799021,0.4707395,0.46071836,0.45176136,0.44524002,0.4389986,0.43332782,0.42828915,0.42426214,0.42117894,0.41847607,0.4159796,0.41351372,0.41109025,0.4088657,0.4066269,0.40444955,0.40269068,0.40216872,0.40219274,0.4028652,0.4034725,0.40415365,0.40550676,0.40641057,0.40697196,0.40775976,0.40939444,0.4109125,0.41270444,0.41457486,0.4168646,0.4194382,0.42179435,0.42430958,0.42684838,0.42871895,0.42952755,0.4298182,0.4295432,0.42912215,0.42758662,0.4252989,0.42336023,0.42241907,0.42141995,0.41923207,0.4179838,0.4183084,0.4201973,0.42610297,0.43014294,,,,,,,,,,,,,,,,,,,,0.42378885,0.42497274,0.42239085,0.4161659,0.41029224,0.40780234,0.4056524,0.40284193,0.40015265,0.39558724,0.39063293,0.38620293,0.38192493,0.3783503,0.3749704,0.37247053,0.36953613,0.36675873,0.36385417,0.3619065,0.36068162,0.35965526,0.35879648,0.35818556,0.35779548,0.35764363,0.35759848,0.35789448,0.35859147,0.35943338,0.36064655,0.36242074,0.36457133,0.36659673,0.36785513,0.36906907,0.3704719,0.37178618,0.3730283,0.37331346,0.37347528,0.3738563,0.37459043,0.37491578,0.37432006,0.3727878,0.3705422,0.3679664,0.3658923,0.36438704,0.36241347,0.36009154,0.35772592,0.35506147,0.3525184,0.34996888,0.347029,0.34350887,0.33983457,0.3366426,0.33404502,0.33118355,0.3283693,0.3261441,0.32417393,0.32223174,0.3204979,0.31904814,0.31777114,0.3165927,0.3155256,0.31466162,0.3139968,0.3135086,0.31325343,0.31302914,0.31298715,0.3131691,0.3143605,0.31704724,0.32048273,0.32448903,0.3283524,0.33143944,0.33364004,0.3355828,0.33838856,0.34193107,0.34639475,0.35213748,0.35795486,0.36330384,0.3674887,0.37083864,0.37416396,0.3775477,0.3798949,0.38122678,0.38345116,0.386937,0.39043513,0.39355284,0.39642358,0.3995598,0.402245,0.40335795,0.40322605,0.4030687,0.40368694,0.40565905,0.4092357
6.4166718,,,,,,,,,,,,,,,,,,0.36219007,0.35703695,0.35145319,0.3407053,0.32465208,0.3077829,0.2922773,0.28013867,0.2715814,0.26298213,0.256328,0.25124964,0.24634515,0.24135591,0.23850767,0.23672879,0.23599501,0.23721617,0.2405916,0.24601741,0.2538994,0.2645546,0.2743637,0.28184342,0.29210877,0.30134338,0.30906624,0.31696346,0.32353762,0.32909897,0.33398888,0.33773026,0.3403927,0.34220377,0.34263542,0.34274232,0.34269923,0.34209877,0.34084135,0.3399505,0.33979255,0.33840257,0.33733925,0.33863205,0.33942723,0.33865178,0.337532,0.33565176,0.33353755,0.3308721,0.32783613,0.3255308,0.3234957,0.32148084,0.31939176,0.31729636,0.31522503,0.31307313,0.3110282,0.3091223,0.3073907,0.30572918,0.30395406,0.30182627,0.29920688,0.2963686,0.29331237,0.29007843,0.2866324,0.28286502,0.27878204,0.27425033,0.26936352,0.26447538,0.25977272,0.25559026,0.2521994,0.24946703,0.24735576,0.2464032,0.24650955,0.24710248,0.24786727,0.24932732,0.2517531,0.2549333,0.25839588,0.2616773,0.26488468,0.26846573,0.27262917,0.2771609,0.2820209,0.28726184,0.29248595,0.29754958,0.302491,0.30672717,0.31042984,0.31348476,0.3164807,0.31951168,0.32204655,0.32387057,0.32572097,0.32801172,0.33135152,0.33573145,0.33990428,0.3439178,0.34762922,0.3512077,0.35420734,0.35646117,0.358386,0.36017308,0.36160645,0.36261216,0.3628986,0.36253402,0.36150983,0.35965252,0.35710257,0.35398373,0.35041398,0.34699637,0.3441386,0.34179154,0.33994585,0.3386761,0.3376738,0.33693397,0.33610797,0.33492878,0.3335022,0.33298847,0.33446527,0.33759156,0.34149683,0.3462109,0.35146266,0.35669193,0.36167997,0.36628065,0.37053588,0.3739318,0.37602463,0.37824142,0.38208535,0.3868417,0.39166602,0.39623258,0.40052545,0.40439138,0.40717277,0.4088524,0.41008124,0.41135883,0.41269714,0.41377237,0.41484728,0.4154534,0.4154134,0.4151289,0.4147863,0.41395858,0.41228262,0.4099363,0.4070253,0.40393156,0.40086898,0.39812326,0.39555034,0.3926847,0.38913786,0.3851208,0.38156882,0.37834007,0.37550333,0.3735628,0.37292865,0.37346244,0.373576,0.37365016,0.3753255,0.37600386,0.3767237,0.3777825,0.37911445,0.38068882,0.38197592,0.3830488,0.38355085,0.3839354,0.38457727,0.3848807,0.38455713,0.38351083,0.38235074,0.38096553,0.37953243,0.37750602,0.3750465,0.3725661,0.3701504,0.36791882,0.365814,0.3639201,0.36245155,0.36167964,0.36192825,0.3635875,0.3668595,0.36953175,0.3739956,0.3788028,0.38381454,0.38927698,0.3952251,0.40066046,0.40674567,0.41461763,0.42319086,0.43099007,0.43644637,0.44029683,0.44384664,0.44683516,0.44991317,0.45320898,0.45642924,0.45956784,0.46338156,0.46745598,0.47155443,0.4753591,0.47882718,0.4820652,0.48448998,0.4854057,0.4854355,0.48516998,0.48472673,0.48441023,0.4846505,0.48502997,0.4849476,0.48424292,0.4831389,0.48163414,0.48070493,0.47953692,0.4778749,0.47682798,0.476447,0.4759864,0.47561243,0.4754302,0.4755299,0.4763337,0.47751188,0.47887337,0.48044315,0.4818897,0.4831831,0.4845036,0.48584858,0.4872201,0.48805436,0.48796484,0.4874224,0.48731735,0.4875788,0.48790568,0.48744833,0.48750144,0.48775986,0.48682037,0.48455077,0.48122412,0.47939906,0.47995496,0.48029014,0.4820836,0.48516184,0.48468286,0.48936728,0.5080869,0.5015702,0.4966471,0.51063734,0.5171175,0.52119464,0.5250393,0.52767825,0.5291614,0.5320297,0.53425604,0.53338045,0.5322027,0.5325214,0.5325645,0.5315381,0.5299906,0.52892256,0.5278106,0.5259162,0.52375984,0.5214262,0.5187477,0.51554,0.5124214,0.50903755,0.50501585,0.5004135,0.49568173,0.4907656,0.48537534,0.47975153,0.47299662,0.4652343,0.4568064,0.4490954,0.44210184,0.43556044,0.42948347,0.42434478,0.42020902,0.4167604,0.41437313,0.41209948,0.41027963,0.40850055,0.4068741,0.40559563,0.40468937,0.4041867,0.40404463,0.40371233,0.4038542,0.4049542,0.40641922,0.40799528,0.40907452,0.40994188,0.41072163,0.411753,0.41429847,0.4171839,0.41968405,0.42174754,0.42383608,0.4261305,0.4281529,0.43005845,0.4320558,0.43330166,0.43414545,0.4348256,0.43540522,0.4351789,0.43349397,0.43099952,0.42850965,0.4271135,0.42635402,0.4234624,0.42182353,0.42137793,0.42237186,0.42713436,0.43187666,,,,,,,,,,,,,,,,,,,0.42191917,0.42305145,0.42390484,0.41969776,0.41285053,0.40642026,0.40393105,0.4012253,0.39752132,0.39418408,0.38878042,0.38422197,0.38013443,0.3762361,0.37275887,0.36972755,0.3668415,0.36347428,0.36028653,0.35697016,0.35497126,0.35405785,0.35402915,0.35427442,0.354614,0.35473576,0.35497746,0.35543194,0.3565021,0.35764882,0.3585752,0.35977438,0.36132047,0.36312807,0.3645542,0.3656349,0.36713907,0.36834094,0.36990714,0.37130654,0.37181345,0.3722947,0.37297192,0.37401247,0.3750452,0.37537265,0.3747021,0.37340343,0.3712502,0.36759663,0.36424932,0.36160633,0.35905433,0.35646185,0.3537359,0.3514289,0.3493545,0.3464531,0.34274966,0.33894685,0.335565,0.33285517,0.32987744,0.32697022,0.32499465,0.32342908,0.32143328,0.3195216,0.3179581,0.31665644,0.31537652,0.31414843,0.3132272,0.3127677,0.3126274,0.3126506,0.31262487,0.31272894,0.3132719,0.31451997,0.31692585,0.32044747,0.32424504,0.32779852,0.3306733,0.3330394,0.33504963,0.33754534,0.34079677,0.34526733,0.35096267,0.35661802,0.36218077,0.36646634,0.3699406,0.37366033,0.37678847,0.37863374,0.3806016,0.38382274,0.38789067,0.39121222,0.3937503,0.39661315,0.39973238,0.40187395,0.40239146,0.402272,0.40216085,0.401685,0.4014658,0.4026023
6.333336,,,,,,,,,,,,,,,,,,0.36147645,0.35444903,0.348848,0.33556497,0.3185028,0.30133098,0.28662843,0.27477157,0.2661653,0.25963065,0.2543331,0.24930304,0.24394184,0.23945762,0.23647644,0.23452455,0.23395781,0.23527795,0.23899743,0.24487376,0.25353724,0.2646606,0.2739884,0.2825332,0.29254043,0.302821,0.31124234,0.31871986,0.3249963,0.3301184,0.33478904,0.3382137,0.34053522,0.341596,0.34170628,0.34220108,0.34294924,0.34225774,0.34045792,0.3394562,0.33948526,0.33803478,0.33727813,0.33871448,0.33952063,0.33902693,0.33809084,0.33654398,0.33489636,0.33264446,0.33019358,0.32850534,0.32646182,0.3246469,0.32280278,0.32093915,0.31909114,0.31722358,0.31528097,0.3133463,0.311454,0.30950844,0.30761105,0.30566853,0.3034185,0.3008291,0.2978628,0.29450428,0.2909015,0.28706738,0.28295407,0.27870652,0.2742916,0.26993263,0.26594815,0.2625697,0.2599945,0.25822932,0.25712207,0.25684026,0.25733683,0.2585274,0.260171,0.2622299,0.26453608,0.26687744,0.26931825,0.27199325,0.27469122,0.27802387,0.28206235,0.28625754,0.29086316,0.29588035,0.3005552,0.30470133,0.30878434,0.31196257,0.31480014,0.31759995,0.32061446,0.32394233,0.32689267,0.329032,0.33112276,0.33354914,0.33703765,0.34087664,0.3444834,0.34803018,0.3514212,0.35466194,0.35711655,0.35900292,0.36064005,0.3621715,0.36342642,0.3643715,0.3646575,0.36415908,0.3629738,0.36112675,0.35848856,0.35529423,0.35207582,0.3492417,0.34663922,0.3444063,0.34269196,0.3414771,0.340714,0.33962432,0.33793145,0.3362193,0.33541122,0.33679226,0.3394675,0.34286666,0.34710413,0.35229936,0.35812896,0.36305386,0.36700806,0.37028357,0.3731323,0.37479237,0.37693745,0.38139215,0.38672864,0.3912785,0.39566848,0.39994884,0.4040558,0.4072236,0.4087085,0.40976298,0.4112208,0.41296256,0.41457364,0.41587242,0.41670537,0.41688782,0.416582,0.4161482,0.4155725,0.41461188,0.4128403,0.41007996,0.40642154,0.40262383,0.3992278,0.3962553,0.39366916,0.39067602,0.3869956,0.38326794,0.37982538,0.37670645,0.37419012,0.3726299,0.3721515,0.3722138,0.37192732,0.37271348,0.37367803,0.3742644,0.37520105,0.37617096,0.37756288,0.3788301,0.37971324,0.380276,0.3804458,0.38080975,0.38146827,0.3818576,0.3816964,0.38104776,0.38019228,0.37914354,0.37793267,0.37626225,0.37414578,0.37197167,0.3697056,0.3676411,0.36579755,0.36410576,0.36302257,0.3630659,0.36451274,0.36664337,0.3681663,0.3706835,0.3748951,0.37899366,0.3833966,0.38857272,0.3942069,0.40020525,0.40635315,0.4136199,0.4222324,0.42995304,0.43519357,0.43879607,0.44231203,0.4450176,0.44830114,0.45202008,0.4549596,0.4579515,0.46188417,0.4660642,0.46993417,0.47351488,0.47656617,0.47938037,0.4816346,0.48261294,0.48264226,0.4827861,0.48274547,0.4828289,0.48291627,0.48367053,0.48404935,0.483787,0.4830715,0.48209375,0.48122132,0.48056552,0.47984713,0.47877055,0.47829464,0.4783577,0.4781269,0.47796375,0.47843394,0.47956795,0.48125976,0.4828727,0.48454317,0.4858806,0.48708576,0.48816967,0.48928997,0.4904164,0.4906782,0.49003667,0.48905805,0.48855385,0.48827982,0.48808867,0.4870101,0.4868715,0.4872871,0.48708406,0.4853645,0.48197928,0.4797643,0.47916418,0.4768548,0.48308596,0.48486632,0.4820105,0.47988954,0.4918318,0.49662873,,0.51005167,0.5134812,0.520025,0.5228779,0.5245984,0.5258842,0.52828455,0.52925,0.5269482,0.5252558,0.52524394,0.5251785,0.5233806,0.5215743,0.51860064,0.51615095,0.51315653,0.5100824,0.50658625,0.5025682,0.49854073,0.49531433,0.49173045,0.48763406,0.48319817,0.47923112,0.47491035,0.4702575,0.46519446,0.45909026,0.4523128,0.44588816,0.4394611,0.43333924,0.42724064,0.4218803,0.41756627,0.41417468,0.41146538,0.40945017,0.4078524,0.40661904,0.40564194,0.40501606,0.40463606,0.40462053,0.40501186,0.40564564,0.40631944,0.40713355,0.40861487,0.41070938,0.4116661,0.41246086,0.41379964,0.4156937,0.4182151,0.42221218,0.42473307,0.42655918,0.42848527,0.43079138,0.43318903,0.43504113,0.436566,0.43819743,0.4395071,0.440009,0.44079873,0.44167104,0.4414647,0.4400169,0.43715513,0.43421555,0.43234333,0.43133712,0.42859334,0.4266154,0.42468533,0.42475227,0.42853472,0.43428782,,,,,,,,,,,,,,,,,,0.4200366,0.42086998,0.42122382,0.42116675,0.41531545,0.40748128,0.40264085,0.39883938,0.39566177,0.39109778,0.38703957,0.38170695,0.37757006,0.37346953,0.36972767,0.36646488,0.36354676,0.3604708,0.35740384,0.35437664,0.35149518,0.349947,0.3495625,0.3502459,0.3514272,0.35261428,0.3535903,0.35456106,0.35549268,0.35664642,0.3580703,0.35934833,0.3607434,0.36215606,0.3635245,0.36434868,0.36520696,0.36613345,0.36719707,0.3684863,0.3698413,0.37121767,0.37232226,0.373325,0.37440503,0.37557518,0.37639925,0.37630054,0.37548125,0.37428513,0.37186489,0.3682112,0.36378437,0.35926896,0.355873,0.35318065,0.3510281,0.34893233,0.34573904,0.34185952,0.33832583,0.33517852,0.3317716,0.32864168,0.3260186,0.3240913,0.32215118,0.32012156,0.31833342,0.3167911,0.31547907,0.31427175,0.31308228,0.3120486,0.31162405,0.31175947,0.31199175,0.31204963,0.3125009,0.31363437,0.31537697,0.3178201,0.32118973,0.3245904,0.3276735,0.33029053,0.33250308,0.33462015,0.33700472,0.3402125,0.34483343,0.3502683,0.3557226,0.36143193,0.3656539,0.36964333,0.37364236,0.37632978,0.3780676,0.3812844,0.38504803,0.38828775,0.3905038,0.39275038,0.39568815,0.39908957,0.4015633,0.40225816,0.40227255,0.40264925,0.40169033,0.39961034,0.39745963
6.25,,,,,,,,,,,,,,,,,,0.3594723,0.35337776,0.34404922,0.32893166,0.31159702,0.2950723,0.2818265,0.27119303,0.2625297,0.2561994,0.25123495,0.24593823,0.2410012,0.23710364,0.23423341,0.23242284,0.23199116,0.23376364,0.23810676,0.24467373,0.25396433,0.2649793,0.27395767,0.28437644,0.29442447,0.3042612,0.3133943,0.32025,0.3260906,0.33089942,0.335328,0.3384924,0.34008357,0.34020504,0.3403621,0.34204417,0.343084,0.341651,0.33919215,0.33840346,0.33870485,0.33746612,0.33684072,0.3381582,0.33895946,0.3384231,0.33763477,0.3363915,0.33510283,0.33324954,0.33150017,0.33006445,0.3284676,0.32696325,0.3254232,0.32368878,0.32217166,0.32066253,0.31906283,0.31744376,0.31596205,0.31424657,0.31242484,0.3105787,0.30849722,0.30612835,0.3034201,0.3003665,0.297294,0.29405963,0.29058346,0.28694227,0.28317842,0.2795837,0.27626964,0.27332014,0.27095303,0.26950872,0.26893842,0.26896325,0.26939267,0.27019963,0.27140406,0.27289733,0.27463812,0.276712,0.2788695,0.28135714,0.28414136,0.2873391,0.290791,0.29439142,0.2985366,0.3029638,0.30690512,0.31023148,0.3134088,0.31616387,0.31893858,0.32232976,0.3257608,0.32903552,0.33182263,0.33423498,0.33667347,0.339372,0.34257054,0.34561995,0.34861454,0.35168877,0.3547627,0.3574681,0.35940984,0.36086,0.3621674,0.363452,0.36460024,0.36545363,0.36574423,0.36522862,0.3640633,0.362129,0.35929984,0.35612947,0.35320774,0.350456,0.3479382,0.34589705,0.344367,0.34325305,0.34180075,0.34004104,0.3379709,0.3375374,0.33902794,0.3414694,0.34429237,0.3476132,0.35193616,0.35766962,0.36329564,0.36755705,0.37033045,0.37232092,0.3735412,0.37534648,0.37986183,0.38556427,0.38982853,0.39433905,0.3988772,0.40315053,0.40660578,0.4085811,0.40966454,0.41123572,0.41354582,0.41587305,0.41763663,0.41845173,0.41866142,0.4184166,0.41786203,0.41711727,0.41621006,0.41491824,0.4129402,0.40988368,0.4058188,0.4015241,0.39776316,0.39447078,0.39151177,0.3881678,0.3845602,0.38112265,0.37773922,0.3747281,0.37252513,0.3712397,0.37076566,0.37061694,0.3704178,0.37101248,0.37155598,0.37243226,0.37327024,0.3743913,0.3756656,0.37658924,0.376867,0.3768666,0.37691244,0.37728697,0.3778356,0.37824818,0.3782866,0.37813926,0.37782007,0.37702796,0.37589833,0.37452957,0.37305707,0.3715133,0.3698963,0.36838296,0.3671209,0.36598533,0.36523756,0.36553276,0.36638707,0.3676741,0.36875597,0.37077248,0.3748897,0.37845045,0.3821215,0.3870335,0.39283553,0.39907536,0.40510398,0.4120724,0.42044914,0.428114,0.43341747,0.43689692,0.44000903,0.44285315,0.44635695,0.44984242,0.4527535,0.45560694,0.4592006,0.46334478,0.46742925,0.47100613,0.47428524,0.47670785,0.47877574,0.48006037,0.48008472,0.4800878,0.48019484,0.48028618,0.4806012,0.48160407,0.4824348,0.48270652,0.48254308,0.4820836,0.48144543,0.4811762,0.48126912,0.48117504,0.48069322,0.48048437,0.48062754,0.48081386,0.4814841,0.48279998,0.48455155,0.4862347,0.48785883,0.489175,0.49013823,0.49100423,0.49196786,0.49286237,0.492684,0.49139643,0.49000823,0.48909688,0.4881471,0.48698062,0.48562425,0.48542586,0.48645028,0.48700365,0.48524114,0.48232475,0.47989774,0.47900265,0.47652444,0.4833575,0.4831219,0.4804768,0.4769655,0.48279962,0.4955383,0.4984996,0.49994078,0.5111899,0.51968765,0.52065,0.5214165,0.52271307,0.52407455,0.52310634,0.519853,0.5173229,0.5164837,0.51571125,0.51383686,0.5107142,0.5062678,0.5024034,0.4986724,0.4950845,0.4909802,0.4867996,0.4831895,0.48016277,0.47648942,0.47233647,0.46817473,0.46465015,0.4609294,0.4569331,0.45232362,0.44709972,0.44178614,0.4363854,0.43105498,0.42564493,0.42051932,0.41627005,0.41286203,0.41018078,0.40799305,0.40635145,0.40542606,0.4049745,0.40476778,0.40493473,0.4055245,0.40634915,0.40729582,0.40874538,0.41025093,0.41174838,0.41360912,0.41475382,0.4152316,0.41592073,0.41728374,0.4202406,0.42518988,0.42921776,0.43093222,0.43242228,0.43422744,0.43658075,0.43896636,0.4407329,0.44242013,0.44371367,0.44420752,0.44440097,0.44534457,0.44645065,0.44697794,0.44623762,0.44343427,0.44018605,0.43780598,0.43620738,0.433367,0.430955,0.4279702,0.42716342,0.43013468,0.4355496,0.43890947,,,,,,,,,,,,,,,0.41601473,0.4156405,0.41722187,0.41720343,0.4187765,0.41504484,0.408468,0.40271413,0.39731807,0.39292794,0.38919285,0.3840788,0.3801163,0.37510788,0.3709888,0.36671507,0.3626425,0.3597289,0.35734412,0.354436,0.35231924,0.34973085,0.3478052,0.3468509,0.34721714,0.34852108,0.35016444,0.3518847,0.35371706,0.35547057,0.35678902,0.35800156,0.3596264,0.36114907,0.36256292,0.36383858,0.3648205,0.36525083,0.36568958,0.36634317,0.36735195,0.36818308,0.36934263,0.37084988,0.3723639,0.3735198,0.37482128,0.3760524,0.3770488,0.37734255,0.37690192,0.37585437,0.3744452,0.3722269,0.36885867,0.36427352,0.35890538,0.35385054,0.35047746,0.34817874,0.34533605,0.3413413,0.33820426,0.3346929,0.33069655,0.32752693,0.32489666,0.3225343,0.3202267,0.3183469,0.317041,0.3157617,0.31464568,0.31365907,0.31236696,0.3115345,0.3113765,0.31154066,0.31178325,0.31216115,0.313086,0.3145894,0.3167782,0.319295,0.3222003,0.3251116,0.32776362,0.33018774,0.3322779,0.33431208,0.33670747,0.34016228,0.34499958,0.34976554,0.35502386,0.36076728,0.3652817,0.36991045,0.37400174,0.3760897,0.3783917,0.38200167,0.38537037,0.38835147,0.39035437,0.39167663,0.39392295,0.39686581,0.39972746,0.40114954,0.40163726,0.40250888,0.4026973,0.40026614,0.39754805
6.1666718,,,,,,,,,,,,,,,,,0.3609472,0.3573055,0.3526552,0.3398264,0.32217696,0.30390206,0.28952718,0.27803496,0.2682798,0.2595091,0.2530786,0.24780245,0.24238403,0.23793533,0.23446052,0.23180811,0.2303053,0.23028316,0.23297308,0.23817474,0.24596867,0.25578335,0.26661173,0.27630615,0.28701532,0.29625753,0.3058051,0.31532076,0.3215243,0.3271009,0.3312487,0.33521435,0.3379373,0.33902285,0.33844817,0.33899912,0.34187388,0.3423563,0.34008506,0.337476,0.3368849,0.33754662,0.3370436,0.33655584,0.33742395,0.3379637,0.33753225,0.3368219,0.3356652,0.33462813,0.33311483,0.3317353,0.33040908,0.3292761,0.32804182,0.3268235,0.32545125,0.32409698,0.3228165,0.3214421,0.32024232,0.31936035,0.3184339,0.31717324,0.31567526,0.31385067,0.3117216,0.30938908,0.30688956,0.30435666,0.3017168,0.29887754,0.29586348,0.29283378,0.2899339,0.2872788,0.28466946,0.28248668,0.28103128,0.28024578,0.27976584,0.27959752,0.2798523,0.28049892,0.28168142,0.28308365,0.28496128,0.28734404,0.29002705,0.29261893,0.2955073,0.29842207,0.30145687,0.3048501,0.30852646,0.3121226,0.3153518,0.31844446,0.32147852,0.32461622,0.3281639,0.33132437,0.33400387,0.33666617,0.33926827,0.3419048,0.34471664,0.3471585,0.34940425,0.35201833,0.35478777,0.35749587,0.3594995,0.3607663,0.3617926,0.3629356,0.3640423,0.36508507,0.3658899,0.36615783,0.36563924,0.36434564,0.36222246,0.35944906,0.35657603,0.3536603,0.3508544,0.34840646,0.34642658,0.3449274,0.34307933,0.3412039,0.3391364,0.33865932,0.3405835,0.3431906,0.34598714,0.34870982,0.35209975,0.3568515,0.3622287,0.3670283,0.37025794,0.3715808,0.37252808,0.37442037,0.3783789,0.38351116,0.38823134,0.39288586,0.3973157,0.4016804,0.40547433,0.4080566,0.40960416,0.41126567,0.41370186,0.41636267,0.41869426,0.42025575,0.42078266,0.4204106,0.41971594,0.4188645,0.41798618,0.41682038,0.4150108,0.41252565,0.40924677,0.4048878,0.40014842,0.3960737,0.39265114,0.38903373,0.3851926,0.38187146,0.3787001,0.37538245,0.37243998,0.3704869,0.3694785,0.36911178,0.3687942,0.36839873,0.36876246,0.36940923,0.37039763,0.37135234,0.37244114,0.3733867,0.3736098,0.37324864,0.3729935,0.3730341,0.37339193,0.37382,0.37430868,0.37465492,0.37486538,0.37479275,0.3743636,0.3734888,0.372405,0.371422,0.3705793,0.3696668,0.368693,0.36781496,0.36706698,0.3665959,0.3664961,0.36669323,0.36716926,0.3679374,0.37095347,0.37407538,0.37691996,0.38016447,0.38514343,0.39131472,0.3968532,0.40276808,0.4098046,0.41793028,0.42552376,0.43107364,0.43486565,0.43784267,0.4407288,0.4439236,0.44728404,0.4500415,0.45313025,0.45650005,0.46026874,0.46423942,0.46800864,0.47119254,0.47390074,0.47601625,0.4774403,0.4783764,0.478249,0.47851968,0.47873962,0.4786132,0.4792788,0.4804993,0.48113286,0.48159018,0.48186716,0.4823385,0.4824713,0.48219618,0.4825959,0.48280317,0.48263073,0.48253065,0.4829995,0.483905,0.48515126,0.48687488,0.4887419,0.490383,0.49171045,0.4927048,0.49339178,0.4937558,0.49415287,0.49351904,0.4919632,0.49033046,0.48893765,0.48724657,0.48514673,0.4837126,0.48364,0.48522833,0.4855001,0.4831548,0.4796176,0.47658473,0.475812,0.4727287,0.47566548,0.47823983,0.4772157,0.4766329,0.48131147,0.49011692,0.49207097,,0.51467264,0.5171545,0.5175685,0.5175402,0.5187244,0.5190872,0.5169812,0.5137051,0.50983214,0.5070891,0.50529754,0.50322354,0.50007254,0.49549785,0.49072987,0.48686203,0.4830931,0.4791734,0.47528848,0.4720065,0.46847492,0.46464637,0.4604987,0.4566002,0.4534084,0.44997907,0.44633654,0.44209948,0.43775788,0.4333425,0.42934036,0.42537045,0.42110786,0.4170337,0.41353807,0.4106613,0.40822798,0.40635356,0.4052979,0.40516916,0.40550402,0.40600067,0.40694237,0.40803805,0.40913555,0.41033852,0.4120451,0.41369936,0.41566455,0.4175877,0.4182233,0.41867018,0.41922408,0.42170608,0.42627025,0.4310113,0.4340871,0.43571723,0.43708792,0.43895823,0.4413169,0.44379318,0.44538394,0.4462959,0.44718572,0.44732738,0.44788033,0.4491461,0.45037335,0.45115438,0.45109287,0.448487,0.4453494,0.44311842,0.44101015,0.43799168,0.43504056,0.43137887,0.4289495,0.4311079,0.43490413,0.4397844,,,,,,,,,,,,,0.417845,0.41626403,0.41498157,0.41375154,0.41443792,0.41436377,0.4117701,0.40718013,0.4021403,0.39673853,0.39124215,0.38658658,0.38189298,0.37708992,0.37308547,0.36831224,0.36412612,0.3596846,0.3560259,0.35371342,0.35191742,0.34963968,0.34826577,0.3464993,0.34547925,0.34531903,0.3463111,0.34809947,0.35007116,0.35216445,0.35443723,0.35669702,0.35872412,0.36036524,0.36203945,0.36355218,0.36488077,0.36596608,0.36678952,0.36727163,0.36774644,0.36857378,0.36894232,0.36915112,0.36989757,0.37146756,0.37295088,0.37398374,0.3752335,0.37643877,0.3772481,0.37769282,0.37788653,0.37743795,0.37629384,0.3745669,0.37217456,0.3688388,0.36435005,0.35910693,0.35339093,0.3487384,0.34537607,0.34191152,0.338559,0.33482924,0.33102965,0.32763326,0.32451034,0.32165915,0.31907263,0.31749025,0.3166264,0.31546757,0.31444442,0.3134516,0.3124899,0.3120748,0.3119963,0.3120637,0.31240162,0.31329072,0.3146076,0.3164739,0.31855068,0.32088235,0.3233983,0.32585204,0.32827574,0.33037543,0.3323209,0.33445075,0.3368432,0.3406178,0.34556764,0.34999597,0.35510784,0.3606628,0.36535275,0.37070578,0.37453264,0.37566844,0.37796858,0.38182974,0.3856131,0.38815132,0.3893698,0.39071333,0.39254224,0.39456016,0.3963818,0.39822775,0.39962357,0.40110287,0.4025192,0.40221605,0.39980403
6.083336,,,,,,,,,,,,,,,,,0.3620734,0.35720065,0.3502637,0.3358726,0.31702328,0.29813692,0.28422335,0.27479166,0.26522774,0.25672415,0.24972482,0.24433891,0.2393547,0.23529847,0.23215613,0.23003766,0.22861809,0.22953859,0.23344404,0.23956418,0.24858004,0.2586777,0.26911175,0.27895525,0.28959453,0.29851335,0.30791417,0.31680682,0.32254872,0.32765126,0.3314069,0.33466834,0.336902,0.3373859,0.3365338,0.33793706,0.34115008,0.34064907,0.33794796,0.33572215,0.33551595,0.33652794,0.33645624,0.336192,0.33671173,0.3370399,0.33656088,0.33594853,0.334882,0.3337398,0.33239552,0.33119613,0.33007017,0.32931623,0.32826525,0.32739392,0.32632905,0.32504305,0.32387805,0.32267705,0.32171297,0.32108995,0.3205842,0.31993112,0.319099,0.3181669,0.31702262,0.31550002,0.3135264,0.31127322,0.3089203,0.30665165,0.30435726,0.30200014,0.2996481,0.29740518,0.29510838,0.29300183,0.29138502,0.29036137,0.2896476,0.2891878,0.2889822,0.28924382,0.28995618,0.29121518,0.29281303,0.29491326,0.2972516,0.29950094,0.3020224,0.30495697,0.30809823,0.3112432,0.31456962,0.31815577,0.32174757,0.3251005,0.3283664,0.33151963,0.33437213,0.33673838,0.33891958,0.3413915,0.34392056,0.34660235,0.34907338,0.3506886,0.35257897,0.35490754,0.35731503,0.35919094,0.3603499,0.36111706,0.36202085,0.36312363,0.3640806,0.36487773,0.36542088,0.365471,0.36486936,0.36349583,0.36147574,0.35911548,0.3565486,0.35360232,0.3507935,0.34827656,0.34617922,0.3443632,0.34202754,0.33951828,0.33940074,0.34144053,0.3442206,0.34712666,0.34958234,0.35248557,0.35648477,0.36141968,0.36602166,0.3694467,0.3710482,0.37168476,0.3735312,0.3773676,0.3818686,0.38673887,0.39129794,0.3955148,0.39975286,0.40368292,0.40688193,0.40888166,0.4104377,0.41277647,0.4157456,0.41842416,0.4205881,0.42197362,0.42247885,0.42193472,0.42097232,0.4198406,0.41853273,0.41693667,0.41464183,0.4116755,0.4079769,0.40323865,0.398188,0.39398757,0.3905487,0.38633505,0.3821303,0.37883306,0.37587,0.37274766,0.3699143,0.3680983,0.36735377,0.3670708,0.3665462,0.36612397,0.36652654,0.36724475,0.36823636,0.3692759,0.37012687,0.37046036,0.37002662,0.36938235,0.36909327,0.36907673,0.3691574,0.36948934,0.37005588,0.37061906,0.3710995,0.37147018,0.3713625,0.37092632,0.37035742,0.36989248,0.36939037,0.36877817,0.36806563,0.36729065,0.36660495,0.36607885,0.36585665,0.3658969,0.36609173,0.36734527,0.37041003,0.37259832,0.3746456,0.3777629,0.38275737,0.3892558,0.39432007,0.40008566,0.40712413,0.41454282,0.4221129,0.42787445,0.43217427,0.4351146,0.43855226,0.44157594,0.44466016,0.44750443,0.4506014,0.45375896,0.45736173,0.4611649,0.4646579,0.46766686,0.47028106,0.47289965,0.47469282,0.47596025,0.47659746,0.47698426,0.4770918,0.47729978,0.47734067,0.4782509,0.47914243,0.47975853,0.48042706,0.4815416,0.48225757,0.4825307,0.48270726,0.4830276,0.483382,0.48357713,0.48413643,0.48492357,0.48637572,0.48852327,0.4904018,0.49199802,0.49332717,0.49431935,0.49506277,0.49514374,0.49478802,0.49389464,0.4921066,0.49020615,0.4881006,0.4858547,0.48357165,0.48218605,0.48200762,0.48301244,0.4825657,0.479482,0.47319221,0.4661315,0.46065667,0.45882142,0.46190402,0.4684444,0.47297898,0.47440797,0.48040757,0.4877594,0.48566514,,0.5134796,0.51238734,0.51385254,0.5140995,0.5138769,0.51337326,0.5101758,0.50660706,0.50201166,0.4975316,0.4946469,0.49259448,0.48940477,0.48522288,0.48042744,0.4767451,0.47324556,0.46953946,0.46586916,0.46240065,0.45904434,0.4554907,0.4518414,0.44823182,0.44501045,0.44199353,0.43867293,0.43515772,0.43182123,0.4284568,0.42531043,0.4223191,0.41909614,0.41566953,0.41232598,0.40953377,0.4073631,0.40608883,0.40583897,0.4063521,0.40699393,0.40764436,0.4083241,0.40926796,0.41059592,0.4121323,0.41384348,0.41560555,0.41768637,0.41906938,0.41969943,0.42006204,0.421579,0.42550835,0.42968923,0.43387288,0.43697575,0.43914574,0.4409801,0.4431546,0.44510925,0.44674945,0.44792095,0.44834995,0.4491748,0.44945762,0.45020464,0.45192736,0.4533066,0.45427856,0.4543595,0.45257026,0.44998208,0.44793665,0.44552064,0.44223705,0.43848974,0.43477595,0.43230996,0.43298915,0.43593144,0.4412945,0.44408894,,,,,,,,0.42457923,0.42254993,0.42140797,0.41945815,0.4172559,0.41414076,0.41239923,0.4093611,0.40389505,0.40612802,0.4040291,0.39970377,0.39543313,0.39052665,0.38479778,0.37972164,0.37437636,0.36971828,0.36522388,0.3604916,0.3561822,0.3524177,0.3501974,0.34859538,0.3473339,0.34590504,0.34496245,0.34438232,0.34435618,0.34503728,0.3464082,0.3485189,0.35079452,0.35311007,0.35521814,0.35763177,0.3602249,0.3621815,0.36391035,0.3655375,0.3669921,0.36821568,0.36925954,0.3698859,0.3703343,0.37109903,0.37112862,0.37088555,0.3716127,0.3728632,0.37407193,0.37519473,0.37616158,0.37696275,0.37758943,0.37799767,0.37834546,0.37858722,0.3781791,0.37685356,0.3748738,0.37227347,0.36887947,0.36521643,0.36018136,0.3539084,0.34812012,0.34359407,0.34003335,0.33625346,0.33242884,0.3288679,0.32548553,0.32232562,0.31991315,0.31841466,0.3171516,0.31574216,0.31454676,0.31355077,0.3128959,0.3129447,0.31326208,0.31346318,0.31382316,0.31474495,0.31645608,0.3184233,0.32030573,0.32235286,0.32444012,0.3266143,0.32891098,0.3308374,0.33257627,0.33472317,0.337513,0.34156534,0.3465128,0.35086778,0.35571635,0.36107343,0.36567864,0.37155026,0.37425417,0.37450287,0.37683743,0.3808264,0.38448626,0.38700268,0.38945794,0.3917011,0.39304492,0.3932782,0.39341095,0.3942398,0.3957415,0.39801827,0.40083686,0.4026142,0.4018488
6.0,,,,,,,,,,,,,,,,0.3663886,0.36217004,0.3573211,0.3481867,0.33298522,0.31447107,0.29640868,0.28122467,0.27150664,0.26210722,0.25364456,0.24667074,0.24075809,0.2362682,0.23263116,0.22993472,0.22797014,0.22734798,0.23012565,0.23494713,0.24252543,0.25195655,0.26203722,0.27244508,0.28213102,0.2919863,0.30051726,0.309723,0.31772053,0.32361037,0.32811725,0.33129096,0.33358356,0.33536667,0.33550635,0.3354843,0.3374969,0.3393882,0.33840004,0.33597893,0.3340999,0.334173,0.33540204,0.335643,0.3355502,0.3358762,0.33607587,0.33550122,0.33479378,0.33367142,0.3323727,0.33112907,0.33008426,0.32943267,0.3286494,0.32777426,0.3269359,0.32620546,0.32522884,0.3241918,0.32300767,0.3221281,0.32180285,0.3218377,0.3220856,0.3221068,0.3217565,0.3210581,0.32003638,0.31890002,0.31733137,0.31525016,0.31299236,0.31076482,0.30881146,0.3071634,0.30569088,0.30416387,0.30258036,0.30120343,0.30006602,0.29907086,0.29826203,0.29765058,0.29738295,0.2976236,0.29834163,0.29950386,0.30112037,0.30313855,0.30552086,0.30824462,0.31149837,0.31485856,0.3183369,0.32192788,0.32565027,0.32926083,0.33253488,0.33550423,0.33811748,0.3401641,0.34193602,0.3438978,0.34598276,0.3483933,0.35088342,0.35253713,0.35370576,0.35537848,0.3572594,0.3588048,0.3596448,0.3602238,0.3609021,0.36184952,0.36275968,0.3634881,0.36394843,0.3640508,0.36375797,0.3630566,0.36188766,0.36027625,0.35834643,0.35597092,0.35314116,0.35025415,0.34754243,0.3450656,0.34261385,0.3402672,0.3396668,0.3420243,0.3446248,0.34743285,0.3499973,0.35271403,0.3563367,0.3606955,0.36490375,0.36847964,0.37048385,0.37109128,0.3730759,0.3764146,0.38013077,0.38464043,0.38917825,0.39322898,0.39722916,0.4011894,0.40473408,0.40751988,0.40941444,0.41140863,0.41398922,0.4168561,0.41952863,0.42165542,0.42291862,0.42347392,0.4230982,0.4220581,0.420667,0.41893974,0.41665226,0.4138065,0.41039187,0.40622613,0.40111023,0.395826,0.39171338,0.3880596,0.38365018,0.3790904,0.3755729,0.3727754,0.36989906,0.36723444,0.3655314,0.36486673,0.36461702,0.36416444,0.36388838,0.36417598,0.36478075,0.36575046,0.36676973,0.36733446,0.36717075,0.36638525,0.36557493,0.3651566,0.36503378,0.3649865,0.36524236,0.36572784,0.36629903,0.36680242,0.36725295,0.36763814,0.36783838,0.36787936,0.36785233,0.3676567,0.3672266,0.366555,0.36582875,0.36513162,0.3647292,0.36457643,0.36439255,0.36486977,0.36737272,0.3691245,0.37051576,0.37173748,0.37493286,0.3798,0.3863759,0.39176342,0.39731225,0.40425447,0.4107639,0.41771147,0.42371753,0.42822438,0.4313917,0.435135,0.43855086,0.44143155,0.44422567,0.44716632,0.45060128,0.45443693,0.45819604,0.4615285,0.4640317,0.46616817,0.46880096,0.471186,0.47281593,0.4738911,0.47421664,0.47448987,0.4749038,0.47573766,0.476399,0.47756776,0.47874272,0.48001456,0.4808907,0.48147196,0.48172417,0.4819866,0.482475,0.4831238,0.48378327,0.4845043,0.48558447,0.4871417,0.4890312,0.49068397,0.49235606,0.49364436,0.494683,0.49542725,0.49549082,0.4948099,0.49385884,0.4917634,0.48943645,0.48678577,0.4841506,0.48228803,0.4809233,0.4802412,0.4802853,0.47978258,0.47532856,0.46668515,0.45596406,0.44710866,0.44535017,0.45193893,0.4596196,0.46446624,0.46726096,0.47275877,0.4847024,0.48298043,,0.5107351,0.5068259,0.5101324,0.5114705,0.5095528,0.5083124,0.504846,0.49942368,0.4946607,0.4896989,0.4856361,0.48316333,0.48026112,0.47619218,0.4715042,0.46725255,0.46407712,0.46079242,0.45727956,0.4538233,0.4506754,0.44770786,0.44465756,0.4416844,0.4385935,0.43574798,0.4327236,0.4298842,0.4272149,0.42455018,0.42217952,0.4198757,0.41724667,0.4141052,0.41103825,0.40862206,0.40730926,0.40703192,0.40722278,0.4070048,0.40691224,0.40717834,0.407789,0.40878975,0.41029575,0.41200584,0.41362706,0.4153448,0.4169541,0.4182513,0.41901335,0.42003578,0.42228708,0.42570278,0.43026105,0.4344607,0.43773368,0.4401186,0.44289628,0.4454669,0.44734767,0.4482468,0.4488097,0.44903526,0.4496799,0.44992915,0.45125726,0.453399,0.45497116,0.45604843,0.45659608,0.45600757,0.45407134,0.45185894,0.44913235,0.44584197,0.4425096,0.4396221,0.43636,0.4358781,0.43735722,0.4404924,0.4430687,0.44330913,0.44110453,,,,,0.42996007,0.42781207,0.42415762,0.4230016,0.41871879,0.4150963,0.40709552,0.4092516,0.40217826,0.39927298,0.39902127,0.39616215,0.3917369,0.3877313,0.3822906,0.37718558,0.3720343,0.36724457,0.36249968,0.35771528,0.35346904,0.35006157,0.34787947,0.34648323,0.3455316,0.34457773,0.3437862,0.34320083,0.34303826,0.3438184,0.34516704,0.34718528,0.3496936,0.35206354,0.35394722,0.35563606,0.35803607,0.36061743,0.36279964,0.3645806,0.36617005,0.36786333,0.36927244,0.37039483,0.37138703,0.37228602,0.3729666,0.37328514,0.37361065,0.37425,0.37481347,0.37551486,0.37642664,0.37724817,0.37769252,0.3781575,0.3786289,0.37903512,0.37939578,0.37927386,0.37859324,0.3773202,0.3755149,0.3730159,0.36997974,0.36590093,0.36103693,0.35547057,0.34960768,0.343834,0.33875313,0.33447978,0.33058444,0.32693544,0.32350627,0.32087514,0.3190833,0.31753123,0.3159037,0.3147029,0.31368527,0.31334582,0.3138756,0.31454402,0.31493875,0.3152736,0.3162463,0.31783214,0.31978074,0.32156578,0.3235972,0.32564658,0.3276052,0.3295547,0.33142146,0.33311117,0.3351857,0.33834893,0.34266198,0.34755585,0.3523096,0.35685915,0.361888,0.36640266,0.37184456,0.37242752,0.37239364,0.3750436,0.3791944,0.38263473,0.3857023,0.38906828,0.3918559,0.39281234,0.39181978,0.390796,0.39040437,0.39086232,0.39267287,0.39663607,0.4001469,0.4009452
5.9166718,,,,,,,,,,,,,,,,0.3680233,0.36247125,0.35618642,0.34635118,0.3310636,0.31352907,0.29695514,0.28211802,0.2702949,0.26002803,0.25133434,0.24408898,0.23799111,0.23337859,0.22996192,0.22761203,0.22622453,0.22696623,0.23140755,0.23816694,0.24716581,0.25612682,0.26599565,0.27611986,0.28543112,0.2942893,0.30238524,0.31113547,0.31803024,0.32396108,0.32809937,0.3306525,0.3321932,0.33333978,0.33340365,0.33448464,0.33711243,0.33754498,0.3357344,0.33382758,0.33268997,0.33268246,0.33391285,0.33462143,0.33445176,0.3345624,0.3347797,0.3342258,0.33329388,0.33215994,0.33091384,0.32984355,0.32892913,0.32831854,0.32755247,0.32662606,0.32607263,0.32558912,0.32514647,0.32435113,0.3233626,0.3228401,0.32334402,0.32406992,0.32468525,0.32519957,0.32557505,0.32548603,0.32456723,0.3233211,0.32198223,0.32010475,0.31795302,0.316002,0.31432912,0.3130194,0.31192976,0.31086975,0.30983153,0.30893075,0.30788627,0.30681667,0.30570608,0.30479354,0.30436185,0.30444822,0.30507332,0.30628967,0.3081834,0.31081003,0.31379527,0.31688565,0.32011035,0.32352266,0.32708523,0.33060303,0.33403468,0.3371356,0.33972928,0.34181532,0.34338358,0.3449802,0.34665343,0.3482085,0.35001767,0.35232908,0.3543236,0.3553317,0.3562823,0.3575012,0.35844123,0.35897377,0.35933027,0.35973224,0.36040434,0.36112946,0.36188248,0.36247656,0.36253455,0.36213404,0.36151356,0.3607789,0.35985398,0.35861132,0.3569595,0.35478503,0.35201126,0.34888747,0.34596348,0.3432775,0.34076175,0.33991283,0.34266758,0.34516692,0.34774774,0.35008037,0.352626,0.355979,0.3599947,0.36396715,0.36737654,0.3695297,0.37062272,0.372456,0.37516263,0.3780432,0.381781,0.3859088,0.38998228,0.39386213,0.39784262,0.40164688,0.4050936,0.4078973,0.41014344,0.41238183,0.4148184,0.4174595,0.4199231,0.42178863,0.42295545,0.42355338,0.42344186,0.42261204,0.42115518,0.419109,0.41639417,0.41306773,0.40907443,0.4042822,0.39889005,0.39343664,0.38896874,0.38510776,0.3808228,0.3762752,0.37252522,0.36972877,0.36701614,0.36459205,0.3629534,0.36214668,0.36186457,0.3615633,0.3614975,0.36157468,0.36196345,0.3628681,0.3638038,0.3641243,0.36373836,0.3629248,0.3620485,0.36152425,0.36114526,0.36096916,0.36121354,0.36172083,0.3622359,0.36266193,0.3631269,0.363676,0.36421165,0.36458182,0.36479557,0.36490506,0.36478364,0.36434627,0.36382976,0.36334673,0.36304834,0.36292312,0.36310005,0.36471832,0.36660644,0.3674743,0.3679957,0.3687752,0.37175104,0.3765622,0.382969,0.388613,0.39421254,0.4008848,0.4074255,0.4130426,0.4188254,0.42396754,0.42801535,0.43102148,0.4343279,0.43736428,0.4403624,0.44350803,0.44732863,0.45139164,0.45525402,0.4583738,0.46049654,0.46200034,0.4642367,0.46713948,0.46951318,0.470962,0.4717958,0.4725561,0.47306094,0.4736092,0.47389007,0.4746653,0.47566402,0.47671112,0.47766438,0.47869742,0.47956473,0.48029324,0.4809676,0.48182586,0.4828973,0.48404127,0.48520276,0.48668745,0.48815185,0.48981354,0.49120703,0.49226323,0.49309886,0.49401808,0.49411598,0.49380744,0.49289113,0.49082828,0.48813045,0.48535928,0.48260194,0.48101884,0.4792163,0.47762564,0.47692627,0.47607297,0.4722281,0.46308616,0.45147938,0.44184563,0.43865117,0.44376597,0.45545486,0.46055022,0.4609956,0.466239,0.4827321,,0.5032074,0.49910447,,0.5105053,0.5090022,0.5051512,0.50301075,0.4986705,0.4945651,0.48994493,0.48395017,0.4788427,0.47562855,0.47228742,0.46830982,0.46429992,0.46009958,0.45641005,0.45295104,0.44955614,0.44618505,0.4434718,0.4409253,0.4383316,0.43564203,0.43266323,0.4298058,0.42707783,0.4247902,0.42256376,0.42052963,0.4189842,0.41722235,0.41482505,0.41207218,0.4095712,0.40809947,0.40758348,0.40727502,0.40649137,0.40586472,0.40577602,0.40622845,0.4069617,0.40781656,0.40910593,0.4105937,0.41209584,0.4139057,0.41551697,0.41673863,0.4179126,0.41914722,0.4213612,0.42442882,0.42854843,0.43232915,0.4358826,0.43952748,0.4431375,0.44578698,0.44739822,0.44779673,0.4478514,0.44782373,0.44816908,0.44910946,0.45132506,0.45351014,0.45501825,0.4566278,0.458023,0.458311,0.45706174,0.45485252,0.45215648,0.44974706,0.44720736,0.44449762,0.44167137,0.43957123,0.43977708,0.43976948,0.44145402,0.4420098,0.43859094,0.43538627,0.43677264,0.4336715,0.43033028,0.4317642,0.4290088,0.42143995,0.41918626,0.41405278,0.40831217,0.40327635,0.40165868,0.39403605,0.39187574,0.39073455,0.3878264,0.38293198,0.37837356,0.37375957,0.36907768,0.3648018,0.36055654,0.35639134,0.3524047,0.34941489,0.34740597,0.3460137,0.34523323,0.34440118,0.34368002,0.34299678,0.34254274,0.3424998,0.3437387,0.3454185,0.34776217,0.35064986,0.35277513,0.35403547,0.3557689,0.35822567,0.36055833,0.3624894,0.3641013,0.36579865,0.36750892,0.36903358,0.37035507,0.3718843,0.37330136,0.37389368,0.37479135,0.3757736,0.37667462,0.3766392,0.37692532,0.37766063,0.37837955,0.3785841,0.37859383,0.37923878,0.37996903,0.3805453,0.38072705,0.38034144,0.37934956,0.37806132,0.37633368,0.3739272,0.3706242,0.36642888,0.36159694,0.35640123,0.3508375,0.3450265,0.33911705,0.3337705,0.32927346,0.32545954,0.32246807,0.32028705,0.31830555,0.31654057,0.31507355,0.31409317,0.31407177,0.3146583,0.3153112,0.31576985,0.31623602,0.31712887,0.31858492,0.32048824,0.32265848,0.3249277,0.32690385,0.32866824,0.330404,0.33207512,0.33379945,0.33594263,0.33918816,0.34355122,0.34855604,0.35371548,0.35829073,0.3626669,0.36678907,0.37106404,0.36897698,0.36881,0.3724255,0.37765127,0.38143766,0.3845635,0.3876017,0.38995966,0.3903376,0.389284,0.3886082,0.3885797,0.38929793,0.39050066,0.39354476,0.39757794,0.39997885
5.833336,,,,,,,,,,,,,,,0.37134328,0.3674039,0.36276698,0.355402,0.34424967,0.3291028,0.31203446,0.29609844,0.28242934,0.27039015,0.2598725,0.25048497,0.24248438,0.23643269,0.2317998,0.22837706,0.22640292,0.22533357,0.22808613,0.23406777,0.24322577,0.25259945,0.26071346,0.27015752,0.2793215,0.2880846,0.2961889,0.30405128,0.3124231,0.318433,0.3241996,0.3278401,0.3295081,0.33043092,0.3308713,0.33104175,0.33348575,0.33653527,0.3353237,0.3326364,0.33177406,0.33138525,0.33103412,0.33196133,0.33301017,0.33274361,0.33246744,0.3328054,0.3326244,0.33176816,0.33056462,0.3294545,0.32851934,0.32763872,0.32673502,0.32584822,0.325175,0.3249925,0.32488346,0.32498872,0.32466257,0.32457376,0.3254799,0.32631272,0.32660964,0.32693487,0.32776314,0.32881486,0.32941663,0.32906628,0.32795715,0.32669213,0.32522762,0.3235192,0.32188857,0.3206111,0.31956804,0.31869707,0.317881,0.3172442,0.31664407,0.31591165,0.3150937,0.31434786,0.31391647,0.3138182,0.3143231,0.31562525,0.31745902,0.31973553,0.32248956,0.32530293,0.3278504,0.33040914,0.33328143,0.3361532,0.3388426,0.34147057,0.34368813,0.34525532,0.34615523,0.34720093,0.34875053,0.35010195,0.3515092,0.35346526,0.3555009,0.35693237,0.35762542,0.35822842,0.35852888,0.358656,0.35867104,0.3587348,0.35896075,0.3594313,0.36000723,0.36069134,0.36105612,0.36075315,0.35999775,0.3591081,0.3583194,0.35755795,0.3565201,0.35495073,0.35267982,0.3497802,0.3468934,0.34398952,0.34135592,0.340464,0.34307995,0.3456536,0.34785327,0.35009685,0.35243765,0.3554826,0.3588965,0.36244807,0.3659173,0.36838233,0.3695545,0.37114972,0.373629,0.3761127,0.37890583,0.38224018,0.38610247,0.39015755,0.39417794,0.3980968,0.4017713,0.4054545,0.40857056,0.41106173,0.4133523,0.41563317,0.41776654,0.41969687,0.4212246,0.4222112,0.4228366,0.42296338,0.42245767,0.421198,0.41917056,0.4162612,0.41249794,0.4078614,0.40246525,0.39665225,0.39106095,0.38625535,0.3819946,0.377831,0.37350088,0.36973414,0.3667337,0.3640793,0.36188266,0.3601777,0.3591511,0.35885254,0.35869902,0.35889316,0.3588635,0.35900792,0.359704,0.36044317,0.3606224,0.36026862,0.3595103,0.35872743,0.35814857,0.3577565,0.35763928,0.35785955,0.35813522,0.35838616,0.35875988,0.35934818,0.36005476,0.3606583,0.3611202,0.3615291,0.36198783,0.36223525,0.3620292,0.36160105,0.36130947,0.36133036,0.36169714,0.36346263,0.36447084,0.36522695,0.36538076,0.36521116,0.36575067,0.36814877,0.37302977,0.37918353,0.38524973,0.3909215,0.39762852,0.40442577,0.4093011,0.41416943,0.4205204,0.42521444,0.42750642,0.43020192,0.43393517,0.4372019,0.44047052,0.44454232,0.44859985,0.45225647,0.45510757,0.45709953,0.45825428,0.45992303,0.462609,0.4650968,0.46657488,0.46785206,0.46887648,0.46989247,0.47067344,0.47124058,0.47199368,0.47304472,0.4743859,0.47609138,0.4778582,0.47895402,0.47964722,0.48028404,0.48103285,0.4819464,0.48308736,0.4845011,0.4856306,0.4867613,0.48802266,0.4891305,0.49049023,0.4912425,0.49081266,0.4912022,0.49118552,0.49077475,0.489296,0.48658028,0.48371038,0.48132437,0.4794512,0.47780615,0.47572565,0.47391257,0.47190812,0.46927226,0.4623681,0.45288604,0.44539177,0.4409153,0.44335887,0.4534745,0.45760205,0.45232475,,0.48228836,0.49061632,0.4887816,,,0.50989,0.505874,0.5008289,0.49750513,0.49362636,0.48993063,0.4846696,0.4788816,0.47349796,0.46929768,0.46574998,0.4617885,0.4580006,0.45412007,0.45021027,0.44646338,0.44306102,0.43979397,0.4372915,0.4348439,0.43218914,0.42915437,0.4260561,0.4232297,0.42096353,0.4194661,0.4180945,0.41701254,0.41556683,0.41382566,0.41170081,0.40948808,0.407726,0.40690836,0.40630835,0.40548584,0.40455508,0.40427402,0.4046617,0.40546542,0.40603498,0.40637657,0.40698475,0.40807816,0.4098316,0.41176042,0.4137464,0.41538244,0.4164404,0.41764587,0.41953036,0.42224053,0.42543516,0.42971,0.43447632,0.43900692,0.44218037,0.44405195,0.44509193,0.44511414,0.44423985,0.44347876,0.444246,0.4469233,0.4495714,0.45178586,0.45398074,0.4564734,0.45866126,0.45928574,0.45830536,0.45619285,0.45389944,0.45213446,0.44991022,0.44679052,0.44472212,0.4435694,0.4416914,0.44016695,0.43944934,0.43970138,0.44027027,0.44009316,0.4378493,0.43409744,0.42930806,0.4245403,0.42135775,0.41426623,0.40996194,0.40520105,0.39754906,0.3933599,0.39186528,0.38573322,0.38274586,0.38069245,0.37814468,0.37328407,0.36972064,0.36524364,0.36179996,0.3583938,0.35520592,0.35183847,0.34924892,0.347075,0.3459034,0.34484482,0.34426543,0.34400287,0.34370834,0.3434298,0.34298974,0.34300664,0.34401253,0.34565625,0.34762567,0.35001743,0.3523188,0.3542182,0.35651478,0.3587776,0.36069793,0.36226803,0.3636977,0.36525676,0.36707583,0.36884043,0.37058386,0.37231922,0.3735693,0.3744796,0.37575862,0.37717855,0.3782267,0.37806633,0.37762833,0.3780474,0.3791001,0.37998363,0.3803328,0.38080114,0.38106254,0.38151726,0.38181013,0.38190994,0.38144955,0.38053298,0.37903863,0.37697926,0.3742854,0.37093252,0.36674398,0.36210582,0.35721946,0.35176364,0.34565747,0.3395007,0.33397746,0.32914537,0.32537183,0.32259804,0.32023314,0.31806612,0.31624064,0.3150042,0.31470013,0.31520003,0.31576332,0.31619084,0.3165798,0.31745073,0.31900746,0.32097837,0.32343438,0.32599646,0.32797748,0.32946846,0.33110094,0.33259216,0.3341677,0.3364331,0.33997253,0.34426397,0.3494496,0.3547779,0.3589434,0.3628243,0.36652634,0.36872363,0.36398375,0.36470395,0.37008354,0.3764409,0.3803769,0.38270885,0.3849103,0.38683477,0.38708323,0.38740176,0.3882402,0.38984224,0.39168778,0.39312318,0.3941157,0.39632967,0.3994862
5.75,,,,,,,,,,,,,,0.37514403,0.37172398,0.36685032,0.36195707,0.3547368,0.34314108,0.32782504,0.3109229,0.2952866,0.28264454,0.27080187,0.25992414,0.24958473,0.24135599,0.23551928,0.23116334,0.2278761,0.22623247,0.22625643,0.23080312,0.23806876,0.2492286,0.2578359,0.26484972,0.27320448,0.28188938,0.29029864,0.2981646,0.30573472,0.31332627,0.3189143,0.3241805,0.32723385,0.3279318,0.32855698,0.3286969,0.32956198,0.3326586,0.33484507,0.33269903,0.32991326,0.32994404,0.32947844,0.328977,0.32954368,0.33069906,0.3305068,0.3300265,0.33056083,0.33079517,0.33018336,0.32899034,0.3278906,0.32698885,0.32606333,0.32466954,0.32339925,0.32307357,0.32350108,0.32431987,0.3252371,0.3258098,0.32660064,0.32783228,0.32852554,0.32846695,0.328462,0.32936937,0.33053014,0.33137897,0.33169135,0.33150443,0.33079958,0.32991898,0.3287536,0.32734364,0.32620642,0.325502,0.32505375,0.32456496,0.3242653,0.3241566,0.3241322,0.32406718,0.32419977,0.32454193,0.32524294,0.3263787,0.32761136,0.3291723,0.33114618,0.3332597,0.3351976,0.33704793,0.33925787,0.3414369,0.34344128,0.3453662,0.3469243,0.34789082,0.3482579,0.34863073,0.349869,0.35135922,0.35272798,0.35449073,0.35637072,0.3579015,0.3587868,0.35905397,0.35900706,0.35883152,0.35846797,0.35797942,0.3577715,0.35783097,0.35802436,0.35846704,0.35893622,0.35898513,0.35847506,0.35756892,0.3565806,0.35589188,0.35506967,0.35385567,0.35211864,0.3498686,0.3471819,0.34432468,0.34190884,0.34117228,0.34346014,0.3456458,0.34771383,0.34982446,0.352161,0.35513973,0.35777515,0.36052302,0.36378813,0.3664925,0.36796415,0.36940828,0.37190735,0.37432823,0.37646013,0.3792198,0.38268942,0.3866658,0.39087418,0.3950298,0.39890674,0.4027396,0.40638936,0.40934342,0.4117768,0.41399997,0.4160113,0.41763037,0.41897598,0.4201259,0.4210301,0.42163077,0.42203817,0.42190617,0.4208949,0.4189106,0.41583827,0.41178873,0.40679246,0.40078953,0.3945186,0.38899347,0.38405523,0.3792368,0.3747758,0.37051854,0.36672372,0.36364472,0.3611286,0.35915354,0.35745528,0.3562656,0.35584265,0.35588962,0.35619757,0.35608685,0.3559584,0.35639176,0.35691762,0.35701698,0.3566072,0.35584614,0.35524976,0.35483143,0.3546697,0.35478732,0.3551103,0.35525194,0.35543016,0.35585365,0.3565049,0.35720995,0.35778138,0.35826242,0.35890493,0.35965747,0.3602387,0.3603573,0.360243,0.36042833,0.36176434,0.36249924,0.36279255,0.36331052,0.3637388,0.36339203,0.3626295,0.36282468,0.36483204,0.3692825,0.37522858,0.38170597,0.38771218,0.39509687,0.40145558,0.4062584,0.41093177,0.4175375,0.4223175,0.42460638,0.4275836,0.4315682,0.43472916,0.4381247,0.44204634,0.44582662,0.4491122,0.45173642,0.45366654,0.4548227,0.45601737,0.4581859,0.4602977,0.4619265,0.46352908,0.46487483,0.46613124,0.46736252,0.46886545,0.47032803,0.47194353,0.4732789,0.47439024,0.47552723,0.47656006,0.47764644,0.47858852,0.47960785,0.480575,0.48183304,0.48295835,0.48426828,0.48539826,0.4863763,0.48791704,0.48994607,0.49138668,0.48950332,0.48831752,0.48843652,0.4882595,0.4871697,0.4848347,0.4825697,0.48041013,0.47830382,0.47662386,0.4749327,0.4729383,0.4703485,0.46669126,0.46192253,0.45524246,0.45066634,0.4459042,0.44701385,0.45480987,0.45833015,0.44912818,,0.4884893,0.48865128,,0.51047456,0.507295,0.50508183,0.50059295,0.49576795,0.49197003,0.48842612,0.4847627,0.47977033,0.47421885,0.46864694,0.46418926,0.46026617,0.45605877,0.45213825,0.44836196,0.4446655,0.4409409,0.43751884,0.43429935,0.43169618,0.4287487,0.4256439,0.42223364,0.419276,0.41713563,0.41614106,0.41520146,0.4138694,0.41251296,0.4110111,0.40956977,0.40791473,0.40630856,0.40524554,0.40440318,0.4035241,0.40267012,0.4021509,0.402344,0.40313268,0.4040255,0.40427834,0.40419084,0.40440372,0.40578964,0.40801743,0.41029412,0.41214788,0.41367334,0.4146289,0.4159449,0.41761106,0.4200185,0.42364153,0.42797992,0.43245533,0.43644816,0.43956083,0.4414203,0.4417989,0.4409421,0.43854943,0.43692607,0.43910205,0.44347498,0.44656578,0.44963932,0.45257118,0.45591763,0.4581651,0.45862457,0.45749792,0.45590842,0.45404598,0.45260078,0.45095286,0.44948384,0.4465982,0.44318137,0.44146493,0.44065943,0.43876243,0.43963495,0.44032967,0.43490407,0.42989177,0.42533717,0.41920596,0.41357383,0.40815702,0.40198803,0.39701092,0.39251992,0.38596871,0.3825921,0.37986082,0.3751324,0.37236205,0.37042415,0.36795187,0.36431465,0.36139536,0.3586595,0.3562206,0.3533744,0.35140428,0.3489146,0.34710228,0.34542826,0.34441963,0.34375325,0.34349412,0.34332082,0.34331113,0.34329477,0.34315747,0.34317106,0.34362248,0.34482953,0.34641102,0.3486204,0.35127828,0.35391545,0.35607404,0.35789326,0.35978758,0.36140242,0.36306316,0.36498344,0.36693326,0.36899543,0.37107432,0.37263787,0.37400338,0.37537575,0.37682116,0.37812924,0.37918183,0.38003027,0.3796087,0.37960395,0.3802078,0.38115835,0.3820699,0.38272992,0.38307965,0.3833007,0.38334846,0.38321665,0.38282073,0.3820083,0.38070878,0.3790989,0.37705693,0.37436497,0.37099904,0.36703983,0.36262336,0.35773745,0.3523318,0.3462897,0.34004676,0.33430988,0.32967287,0.32618976,0.3231668,0.32032242,0.31798774,0.3164082,0.31579942,0.31564027,0.31575683,0.31624827,0.31686795,0.31775138,0.31917432,0.32144725,0.32438058,0.32706252,0.32871923,0.32984263,0.33117887,0.33265203,0.33450806,0.33697578,0.34065118,0.34497103,0.3502171,0.35488564,0.35862,0.36217138,0.36535305,0.36434147,0.35988945,0.36286595,0.3690097,0.3746139,0.37798667,0.38061383,0.38335252,0.38407266,0.38413867,0.38586855,0.38888153,0.39172328,0.39393896,0.39572018,0.39697185,0.3979057,0.40021095
5.6666718,,,,,,,,,,,,,,0.37655747,0.37074822,0.36569324,0.3600956,0.353483,0.3422976,0.3273038,0.31111756,0.2949055,0.28206202,0.26999056,0.2587002,0.24890713,0.24113683,0.23550095,0.23161113,0.22874315,0.22725905,0.22935183,0.235357,0.2432386,0.2549784,0.26321697,0.26845855,0.27522665,0.28416282,0.29246044,0.3001605,0.30732355,0.3138477,0.3193371,0.32414326,0.32626536,0.32616737,0.3266961,0.3270432,0.3285767,0.331525,0.33255574,0.3301507,0.32800403,0.3284826,0.3278809,0.32678312,0.32701972,0.32807398,0.32793042,0.32778752,0.3284519,0.32865414,0.328412,0.32711685,0.32604957,0.32507226,0.32390776,0.32216474,0.3210023,0.32143602,0.32309857,0.32494438,0.32617587,0.32710773,0.32783967,0.32892793,0.32960054,0.3297811,0.32994512,0.33049518,0.33142194,0.33209902,0.33278596,0.33315107,0.3331557,0.33293152,0.33232942,0.33155134,0.3307833,0.3303214,0.33017114,0.33015937,0.33035257,0.3308097,0.33135468,0.33178672,0.33222005,0.33299097,0.33412328,0.33542454,0.33668783,0.33804044,0.33950338,0.34116986,0.34263718,0.34389636,0.34513268,0.34647605,0.347885,0.34905052,0.34975433,0.3500211,0.35005084,0.35071823,0.35230336,0.3537537,0.3551683,0.35684168,0.35826913,0.35929218,0.35942662,0.35928956,0.3588987,0.35831848,0.3573532,0.3567364,0.35638076,0.3560883,0.35604975,0.35639355,0.3565735,0.356292,0.35555005,0.35471132,0.35394627,0.35323685,0.3523191,0.3508912,0.3489761,0.3467271,0.34427294,0.34213677,0.3416329,0.34358335,0.34541607,0.3472192,0.34941348,0.35180548,0.35446745,0.35674694,0.35871044,0.36134997,0.3637998,0.36543044,0.3670369,0.36982587,0.3725479,0.37465012,0.37697122,0.37983996,0.38337463,0.38767427,0.39205462,0.39616418,0.40023017,0.40404993,0.4073539,0.4100498,0.41230482,0.41422874,0.41590902,0.41728368,0.4182889,0.41905782,0.41963676,0.42010552,0.42064384,0.4209363,0.42014885,0.4181463,0.41498572,0.41086993,0.40580335,0.3994154,0.39258453,0.3868586,0.38190526,0.3767447,0.3718171,0.3673284,0.36327565,0.36017954,0.35797712,0.35626572,0.35478038,0.35354307,0.35290137,0.35298717,0.3532919,0.3531803,0.35282424,0.3529013,0.3531785,0.3531183,0.35257137,0.35201877,0.35171476,0.35149574,0.35160384,0.35190368,0.35247615,0.35308263,0.3538198,0.35448527,0.35506853,0.35563663,0.35607776,0.35649103,0.35725397,0.35843515,0.35984927,0.36031848,0.36046103,0.36090285,0.3610386,0.3614423,0.36215666,0.3628341,0.36267456,0.3617677,0.36063683,0.36024264,0.3620574,0.3659709,0.37180167,0.37834746,0.38495675,0.39216736,0.3981884,0.40294528,0.40838346,0.41435072,0.4190582,0.42190748,0.4255483,0.42923114,0.43214655,0.43582135,0.4395798,0.44300658,0.44589454,0.44819465,0.45003152,0.4516393,0.4530236,0.4545099,0.45624277,0.45810038,0.45958528,0.46091232,0.46218607,0.46366072,0.4650622,0.46662232,0.46865022,0.47030765,0.47163367,0.4727315,0.4740656,0.47543216,0.47687662,0.47832185,0.4794834,0.4806448,0.48173612,0.48288143,0.4839034,0.48455113,0.48644996,0.48874626,0.48957306,0.48927638,0.48717117,0.48634565,0.4860354,0.4852623,0.4837602,0.48210156,0.48050165,0.47797698,0.47601268,0.47420335,0.47233096,0.46984518,0.46659896,0.46203953,0.45795554,0.45533374,0.45132458,0.4534453,0.45768628,0.45877787,0.44933814,0.47074217,0.4920365,0.48844916,0.48682714,0.4930399,0.5021947,0.4992743,0.49462882,0.49145687,0.48805967,0.48450413,0.4801561,0.4752878,0.47022894,0.46458516,0.4600075,0.45572916,0.45127338,0.44696334,0.4432563,0.43965924,0.43613335,0.43258357,0.42910796,0.42596364,0.422517,0.41923723,0.416093,0.41367,0.41204035,0.4111295,0.409996,0.40867406,0.4073856,0.40627012,0.4051489,0.4037706,0.40248933,0.40152827,0.40070918,0.40001938,0.39955077,0.39950582,0.40001434,0.4008958,0.4015217,0.40150294,0.40133938,0.40187803,0.40360886,0.4061118,0.40855297,0.41048324,0.41178605,0.4127976,0.41390377,0.41534323,0.4178753,0.4219576,0.42581284,0.42993262,0.4336088,0.4361843,0.4378232,0.43824503,0.4370424,0.4330254,0.43045896,0.4346531,0.44041044,0.44370866,0.4475087,0.45119354,0.45516276,0.45651808,0.4571906,0.45657325,0.4551842,0.45289692,0.45063806,0.44813854,0.44604072,0.443609,0.44237378,0.4418874,0.43905833,0.4368338,0.43444544,0.4270381,0.42270756,0.4163304,0.41057754,0.40449977,0.3983598,0.39278275,0.38763767,0.38359043,0.37940285,0.374679,0.37196994,0.3687661,0.36515042,0.36298615,0.36157945,0.3596534,0.3572185,0.3549295,0.35329488,0.35154846,0.34952623,0.34804258,0.34605318,0.3448532,0.34342414,0.3427181,0.3421098,0.34179848,0.34173578,0.34177527,0.34189177,0.34200346,0.3420157,0.3422793,0.34321037,0.34490395,0.34719154,0.34971502,0.3520215,0.35383245,0.35565278,0.35772222,0.3595935,0.36155125,0.36390314,0.3663341,0.3685618,0.37074482,0.37284526,0.3746992,0.37625068,0.37759244,0.37892553,0.3799966,0.38117945,0.38203987,0.3825966,0.3829213,0.3831552,0.3834391,0.3844333,0.3848015,0.38497117,0.38494343,0.38442087,0.38377383,0.3831602,0.38219124,0.3809126,0.37928337,0.377077,0.37424096,0.37072742,0.36668676,0.36221293,0.3574246,0.35187104,0.34579843,0.3398948,0.33470044,0.33041438,0.32664973,0.32320228,0.32048815,0.31858394,0.31721935,0.3162265,0.31609923,0.31684804,0.31789738,0.31880927,0.32043335,0.3228274,0.32558838,0.32776883,0.32897955,0.32993335,0.3313311,0.33293536,0.33488828,0.33758703,0.34135267,0.34570137,0.3504452,0.353957,0.35701847,0.36052397,0.36227465,0.3598656,0.35797107,0.36157948,0.36711732,0.37203097,0.37696853,0.38089436,0.38297474,0.38136747,0.3814081,0.38449344,0.38884816,0.39272308,0.3955512,0.39813498,0.40057224,0.40190822,0.40304035
5.583336,,,,,,,,,,,,,0.3793868,0.37457973,0.36875144,0.36408392,0.35868216,0.35266972,0.34272966,0.32805845,0.31226972,0.29589275,0.2807469,0.26853517,0.2581695,0.2502335,0.24318661,0.2376891,0.23397262,0.2311501,0.23061463,0.23493491,0.24147587,0.2499712,0.26006502,0.26627988,0.27146,0.27821964,0.28669593,0.29479107,0.3022374,0.3086155,0.314065,0.3196311,0.3237521,0.3249065,0.32444504,0.32510382,0.32576504,0.32744262,0.32956052,0.32965302,0.3276489,0.32671124,0.32722378,0.32645068,0.32479686,0.32468098,0.32548591,0.32541087,0.32553974,0.32586655,0.32631618,0.32590702,0.32448274,0.3235395,0.32234088,0.32109985,0.3195204,0.31929606,0.32090172,0.3229526,0.32471427,0.32618493,0.32710308,0.3282018,0.32945928,0.33028117,0.3310023,0.33144933,0.33157343,0.33236802,0.33304086,0.33362833,0.33432668,0.3344635,0.3345326,0.33435953,0.3341013,0.3337581,0.33379552,0.33450827,0.3350404,0.33558765,0.33630082,0.33713263,0.33786607,0.33895046,0.34042418,0.34193933,0.34305954,0.3439324,0.34467125,0.3453385,0.34592068,0.34643558,0.34719905,0.34829497,0.34948292,0.3505592,0.3513702,0.35183656,0.35198694,0.3520488,0.3530315,0.3542778,0.35518184,0.3564719,0.35776174,0.35865137,0.35897294,0.35884774,0.35847032,0.35780695,0.35680327,0.35582805,0.35506025,0.3544402,0.35394174,0.3537964,0.3539145,0.35392237,0.35331678,0.35237226,0.35149875,0.35080913,0.35013512,0.34920058,0.3477022,0.34564197,0.34350717,0.34234184,0.34213498,0.34354857,0.34492934,0.34633085,0.34844524,0.35065982,0.353301,0.3553547,0.35717547,0.35921824,0.36113268,0.36252752,0.3642953,0.36720935,0.3703943,0.37298277,0.3751742,0.3775965,0.38074747,0.3847474,0.3889285,0.39301696,0.3970983,0.40109137,0.40492332,0.40826267,0.41077998,0.41275623,0.41428784,0.4156845,0.41680652,0.41749257,0.41809037,0.4185086,0.4187198,0.41907385,0.41954288,0.41893578,0.41692317,0.41359454,0.40937606,0.40442985,0.39794496,0.39082778,0.38468108,0.37952706,0.37431455,0.36902356,0.36405638,0.35960108,0.35637203,0.35433117,0.35301584,0.35188603,0.3506901,0.34994045,0.3501854,0.35045975,0.35034934,0.3497803,0.3495095,0.3494444,0.3490349,0.34831753,0.34786648,0.34773368,0.3478709,0.3483141,0.34903345,0.35009104,0.35137513,0.35273078,0.3538655,0.35464612,0.3551689,0.35560217,0.3560515,0.35680044,0.35827953,0.35922542,0.35945082,0.35982022,0.36030382,0.36066794,0.3614776,0.3619446,0.3620033,0.36154014,0.36042532,0.3591637,0.35852712,0.36009303,0.36319283,0.36868593,0.3750529,0.38232654,0.38905367,0.39482713,0.39999732,0.40584812,0.4112314,0.41568983,0.41956404,0.42340544,0.4267358,0.42986643,0.43362767,0.4371579,0.44016686,0.44261518,0.44458994,0.44628292,0.44811183,0.4497809,0.4512434,0.4527837,0.45427626,0.45557508,0.45681378,0.45818973,0.4596242,0.46141854,0.4633778,0.46535948,0.46710953,0.4687023,0.47028944,0.47158965,0.47309688,0.47472388,0.47659984,0.47829345,0.47970498,0.48093128,0.48188722,0.48257452,0.48301533,0.48467985,0.48626283,0.48625132,0.486871,0.4857196,0.48505735,0.48442498,0.48386878,0.48277274,0.48216188,0.48096123,0.47909278,0.47707865,0.47512037,0.4724725,0.46937776,0.4669646,0.46377203,0.46122003,0.45937696,0.45710686,0.46021867,0.4634008,0.45983297,0.45191336,0.4723657,0.49359408,0.4885652,0.4860045,0.4847113,0.49392712,0.4928998,0.48930177,0.48694044,0.48474354,0.4807019,0.47601888,0.47146103,0.4668545,0.4614335,0.45652193,0.4520495,0.44731742,0.4428484,0.43870658,0.43482935,0.43114918,0.42755577,0.423963,0.42055148,0.41731006,0.41438982,0.41132623,0.4082297,0.40602908,0.40481058,0.40392482,0.40291864,0.40199828,0.40122297,0.40020856,0.39895087,0.39786485,0.39706331,0.3966376,0.39645046,0.39644957,0.3967804,0.3974063,0.39799732,0.3981172,0.3980678,0.39804125,0.39867008,0.40049118,0.4030287,0.40572816,0.40774238,0.4092513,0.41084248,0.4122426,0.41398582,0.41694817,0.42040288,0.4236009,0.42767364,0.43122494,0.4336253,0.4345978,0.43427405,0.43203667,0.42787257,0.42593133,0.43151462,0.43719056,0.4407694,0.44529757,0.44955668,0.45261273,0.4542979,0.45448485,0.45236486,0.44991314,0.447149,0.44476455,0.44278312,0.4416585,0.44098336,0.43882978,0.43567437,0.4311798,0.42451355,0.41700915,0.41133356,0.40595302,0.39921173,0.39399347,0.38858384,0.38314384,0.3787282,0.37457475,0.37112975,0.36719507,0.36378193,0.3613057,0.3588964,0.35678664,0.35508326,0.3539515,0.35275823,0.35101584,0.3496156,0.3485085,0.34732488,0.34577492,0.34443963,0.3433177,0.34214306,0.34141666,0.34067783,0.3399666,0.33947298,0.33932853,0.33952752,0.33990324,0.34032816,0.3406465,0.341051,0.3420818,0.3438155,0.34585217,0.34776023,0.34969255,0.35162032,0.353494,0.35561943,0.35770804,0.35996154,0.36234224,0.36440665,0.36655214,0.3693577,0.3721222,0.37428266,0.3761307,0.37779483,0.37898332,0.38050336,0.38233426,0.3841917,0.38511974,0.3857681,0.38609064,0.385483,0.38554516,0.3859671,0.38619897,0.3860905,0.38549566,0.38471296,0.38403368,0.38345778,0.38252473,0.38112235,0.37922567,0.37667078,0.3734834,0.36982366,0.36563814,0.36103663,0.3558611,0.35043418,0.34504113,0.3398696,0.3350809,0.330617,0.32670382,0.32339832,0.32077602,0.31868428,0.31735706,0.31740317,0.31835002,0.31947294,0.32059023,0.3220624,0.32378364,0.32597175,0.32798824,0.32922313,0.33052593,0.33227864,0.33382168,0.33544898,0.33836594,0.34194124,0.34592018,0.34956232,0.3519269,0.35487017,0.35794026,0.3584656,0.35638425,0.35601196,0.359793,0.36470866,0.37014252,0.3768188,0.38140243,0.3818496,0.37995762,0.38119623,0.3845864,0.38860714,0.39225188,0.39556524,0.39913845,0.40273526,0.4049922,0.40574095
5.5,,,,,,,,,,,,,0.38123628,0.37238774,0.36633575,0.36240315,0.3561263,0.35086274,0.34365958,0.3310801,0.31594127,0.30074343,0.28464317,0.27227905,0.26254588,0.25486574,0.2478082,0.24230799,0.23828636,0.2359993,0.23720077,0.24268577,0.24869254,0.25708798,0.2643604,0.26833615,0.2744646,0.28226712,0.29005313,0.29804477,0.30488056,0.3099311,0.31432828,0.3198663,0.32331312,0.32379052,0.32320583,0.32403362,0.3248338,0.3257212,0.3263513,0.32612222,0.32540655,0.32546934,0.32560924,0.32464597,0.32267374,0.32234976,0.32293668,0.32290062,0.3230814,0.3230166,0.32341576,0.3228742,0.3215745,0.3201857,0.3189778,0.31827718,0.31744176,0.3181115,0.31989464,0.32191634,0.3239177,0.32561362,0.32710728,0.32831192,0.32940343,0.3303305,0.3313574,0.33195892,0.3321265,0.333007,0.33394364,0.33424526,0.3342919,0.33439615,0.3346266,0.33528876,0.33570835,0.33571872,0.33608896,0.33746645,0.3384043,0.33942267,0.34057182,0.34172943,0.3428982,0.34435526,0.34573308,0.34667963,0.3471505,0.3474266,0.34747532,0.3475145,0.34780827,0.34836537,0.34934863,0.35051772,0.35155183,0.35249084,0.35322782,0.3535555,0.35355827,0.35359052,0.35405758,0.35464767,0.35553572,0.3565094,0.3571785,0.35756105,0.35759413,0.35737574,0.35679963,0.35590637,0.35488528,0.35389084,0.35294813,0.3521969,0.3515736,0.35133582,0.35145998,0.35103455,0.34997594,0.34882092,0.3478625,0.34701744,0.3461794,0.34523886,0.34396675,0.34259918,0.3418364,0.34228382,0.3433867,0.3442292,0.3453666,0.34724972,0.34898037,0.35148278,0.35334834,0.35542536,0.35742548,0.35892758,0.36006898,0.36126298,0.36420107,0.3678828,0.37108102,0.37360027,0.37603614,0.37876773,0.3819481,0.3857508,0.3899723,0.39388198,0.39757028,0.40134454,0.40498662,0.40822497,0.4107276,0.41260257,0.4141154,0.41525194,0.4160922,0.41657802,0.41712618,0.4176661,0.41775241,0.41759083,0.41777954,0.4171823,0.41512084,0.41150993,0.40701923,0.40219545,0.3957832,0.3888173,0.38266805,0.37737998,0.37205654,0.36654133,0.36100158,0.35617545,0.35283467,0.35084033,0.349687,0.3487993,0.3478457,0.347258,0.3475227,0.34781927,0.3476918,0.3469316,0.3463565,0.3460015,0.34525913,0.34433484,0.3438855,0.34400475,0.34455302,0.345402,0.3466625,0.34833142,0.35018992,0.35189798,0.35331407,0.35429507,0.3548771,0.3552946,0.35576674,0.35632542,0.35723665,0.3580589,0.35841888,0.35887936,0.35934055,0.35990775,0.36038572,0.360683,0.3606672,0.36026382,0.35924903,0.35779458,0.35720214,0.3584034,0.361278,0.3663292,0.3722944,0.3794049,0.38609615,0.3917604,0.39736775,0.40319043,0.40813965,0.41257983,0.4171003,0.4208604,0.42413744,0.42795545,0.43164143,0.43482915,0.43739158,0.4394888,0.44119152,0.44259262,0.44425243,0.44596922,0.4476997,0.44927353,0.45047995,0.45178455,0.4530607,0.45433965,0.45572022,0.457372,0.4591916,0.46120074,0.46331495,0.46524927,0.46701866,0.46875128,0.47054785,0.47253343,0.4746092,0.4763965,0.4777845,0.4790584,0.47991872,0.47990814,0.48037493,0.48212323,0.4830768,0.48412904,0.48531547,0.48472154,0.48352626,0.48300543,0.4828316,0.48219845,0.48207077,0.4805442,0.4796849,0.47968286,0.47919953,0.47549728,0.47003543,0.4672405,0.4659473,0.46455973,0.46374443,0.46254244,0.46483952,0.46733856,0.4670808,0.4601639,0.47376883,0.48692006,0.48074618,0.48139983,0.47826284,,0.4891317,0.48282185,0.481104,0.48142824,0.47794867,0.47193548,0.46764755,0.46289036,0.4579533,0.45294395,0.44821677,0.44370642,0.43920857,0.4347182,0.43017173,0.42612454,0.4224859,0.41942152,0.41643608,0.4137156,0.41035694,0.40638953,0.40265104,0.40015268,0.398803,0.3977221,0.3968625,0.3963571,0.3959416,0.39527783,0.39425832,0.39331737,0.39268252,0.3925246,0.3927138,0.39308563,0.39363492,0.39414483,0.39435333,0.39435747,0.39458287,0.39502576,0.39572373,0.39724782,0.39940614,0.40199625,0.40426147,0.4065741,0.4087784,0.41070208,0.4127418,0.41491392,0.4177101,0.42157266,0.4258853,0.42890945,0.43154305,0.43288296,0.43120885,0.42752698,0.42458,0.42454842,0.4283341,0.43330732,0.43795934,0.44304463,0.44744143,0.4499855,0.4500552,0.44771022,0.4450973,0.4428799,0.44051784,0.43956256,0.43782482,0.43456733,0.4309088,0.4267863,0.42308772,0.41512483,0.40695947,0.3992497,0.3939533,0.38893765,0.38375965,0.37948716,0.3747408,0.37051085,0.36668438,0.36301997,0.35935697,0.35592535,0.35322252,0.35120305,0.34998167,0.3488063,0.34795862,0.34705135,0.34649423,0.34552446,0.34491903,0.34428412,0.3433776,0.34227127,0.3413527,0.34070945,0.33974335,0.33890444,0.33782038,0.33700153,0.33666593,0.33664712,0.33686906,0.33744735,0.33819038,0.33887318,0.33968213,0.34110823,0.34266743,0.34427246,0.3458465,0.34752122,0.3492379,0.3509626,0.35256997,0.35434136,0.3560406,0.35787034,0.36001602,0.3633957,0.3671751,0.37039495,0.3731119,0.37535766,0.3772563,0.3789635,0.38067627,0.38263828,0.38447684,0.3858379,0.38690788,0.38767847,0.3873597,0.3864146,0.38623452,0.3865299,0.3865029,0.38609543,0.38551387,0.38507935,0.38480884,0.3841868,0.38288635,0.38115257,0.3788614,0.37593627,0.37246054,0.3685021,0.36409995,0.35924092,0.35428032,0.34944236,0.34459713,0.33966506,0.33479556,0.33041525,0.3266438,0.32326803,0.32040685,0.31911954,0.3191659,0.3198877,0.3209885,0.32207555,0.32280773,0.32389852,0.3259115,0.32805786,0.3296533,0.33136424,0.33316725,0.33436403,0.33615866,0.33903196,0.3421192,0.3457869,0.34818172,0.34998548,0.35257268,0.35478792,0.35435984,0.35359502,0.3540126,0.3576351,0.36206678,0.36829063,0.37611744,0.3804373,0.38049164,0.380323,0.38192135,0.38495824,0.38772133,0.3902364,0.39329872,0.397129,0.401604,0.40535462,0.40736946
5.4166718,,,,,,,,,,,,0.38282055,0.37890652,0.36894313,0.36430565,0.36018708,0.35464203,0.3488157,0.34292898,0.333517,0.32077584,0.3075628,0.2932107,0.2810532,0.27088284,0.26229537,0.254917,0.24918212,0.2450131,0.24396192,0.24686055,0.25153878,0.25684485,0.26305684,0.2679366,0.27125576,0.27874464,0.2863929,0.2938685,0.30186328,0.30797023,0.31185296,0.3154895,0.32025772,0.32303733,0.3231809,0.32285434,0.32334423,0.3235456,0.3231812,0.32280368,0.32293236,0.32322,0.32367653,0.32374528,0.3226235,0.32041234,0.31944492,0.3197049,0.31994054,0.32045475,0.31998098,0.31992146,0.31915808,0.31792733,0.31634024,0.31569147,0.31546882,0.31550235,0.31663758,0.318109,0.32054535,0.3227571,0.32428384,0.32568592,0.32736844,0.32867453,0.32983944,0.33077803,0.33163556,0.33229995,0.3329793,0.33337224,0.3334208,0.33360544,0.3337784,0.33417055,0.33520973,0.33617288,0.3364744,0.33673486,0.33818218,0.33968917,0.3413244,0.3428492,0.34427893,0.34576964,0.34733656,0.34828487,0.34856513,0.3485456,0.3484934,0.34839985,0.3486166,0.34921694,0.3500112,0.3509304,0.35182095,0.3527301,0.35361883,0.35418302,0.354149,0.35389686,0.35365963,0.35368365,0.3541653,0.35458955,0.35501915,0.3555254,0.35571265,0.35561895,0.3552087,0.35451117,0.35371897,0.35271952,0.35155013,0.35054404,0.34968567,0.34888616,0.34871003,0.34837997,0.34752917,0.34606212,0.34466818,0.3436771,0.342958,0.3424148,0.34188557,0.3413521,0.34120467,0.34179837,0.3427431,0.34351727,0.34450093,0.34596878,0.34719926,0.34921405,0.3510328,0.35310623,0.3552368,0.3569247,0.3580983,0.35932723,0.3614886,0.36480397,0.36846873,0.37191743,0.3749902,0.37766916,0.38010007,0.3830227,0.3866327,0.39047262,0.3941057,0.39755607,0.40103257,0.4043172,0.40732402,0.40998903,0.412111,0.4137699,0.41480094,0.4154265,0.41588333,0.41647783,0.41702726,0.41695628,0.41640216,0.41586223,0.4149265,0.41280136,0.4090823,0.40410364,0.3991029,0.39283285,0.38597816,0.38023213,0.37518385,0.36974475,0.3640268,0.35845718,0.35351244,0.34987968,0.34765095,0.3464082,0.34566092,0.3450999,0.34500527,0.34516847,0.3453971,0.3452292,0.3444625,0.34364706,0.34297094,0.3419545,0.34078196,0.34030706,0.34070963,0.34173384,0.34310913,0.34501633,0.34730744,0.34958312,0.3514843,0.35294724,0.35398287,0.35463083,0.3551393,0.35555547,0.35601228,0.35643056,0.356996,0.35747775,0.35785216,0.35803178,0.35845548,0.3588444,0.3593629,0.35923013,0.35873872,0.3577576,0.35664022,0.3564675,0.35750157,0.3602632,0.3649971,0.37033287,0.376466,0.3831138,0.38874897,0.39443222,0.4002237,0.40512615,0.4098441,0.41412857,0.4176466,0.4214553,0.42581198,0.4295822,0.43258417,0.4346279,0.43615392,0.43778482,0.43914792,0.44057918,0.44237003,0.4442322,0.44556853,0.44665313,0.44799128,0.44942164,0.4504767,0.45165816,0.45326835,0.45522004,0.45753986,0.45956504,0.46154907,0.46353588,0.4655965,0.46787697,0.47023848,0.47248718,0.47431198,0.4756254,0.47655693,0.47708964,0.47659677,0.47730708,0.47966564,0.48034388,0.48186815,0.4840705,0.48410857,0.48201147,0.48126242,0.481426,0.48157582,0.48014536,0.47940686,0.4803045,0.48159733,0.48112822,0.4757362,0.46942985,0.4669298,0.4672522,0.46669257,0.4671106,0.4664132,0.46705815,0.46943995,0.46994814,0.4692386,0.475777,0.47904906,0.47679695,0.47879294,0.4768308,,0.48283553,0.47526062,,0.480057,0.4746179,0.4680349,0.46372208,0.45889106,0.4543009,0.44971,0.4448266,0.44022003,0.4357822,0.4309817,0.4260765,0.42180097,0.41834125,0.41573355,0.41294697,0.4096806,0.40574756,0.40162608,0.39802462,0.39523178,0.39299643,0.39131156,0.3904126,0.3900439,0.3901516,0.39007485,0.38950717,0.38887826,0.38841128,0.3883015,0.38855386,0.38915104,0.3898923,0.39052007,0.39087754,0.39109114,0.39144698,0.39226326,0.39346623,0.39489335,0.3964066,0.39865112,0.40129468,0.40400913,0.4063646,0.40860128,0.4104134,0.4122166,0.41488498,0.41939303,0.42382467,0.42680433,0.4288924,0.43036383,0.42899102,0.42525172,0.4233121,0.42500332,0.42746085,0.4314101,0.43641275,0.44088584,0.44316858,0.44347423,0.44291964,0.44117284,0.43879798,0.4368509,0.43472394,0.42985925,0.4245606,0.4207584,0.4171669,0.41111746,0.40431488,0.39684674,0.3898293,0.38355052,0.37934396,0.37509844,0.37107113,0.36716402,0.36314616,0.35960427,0.356085,0.35248062,0.3490225,0.3461192,0.3440292,0.34253597,0.3416754,0.34112933,0.3410083,0.34099218,0.34091505,0.3405342,0.3402228,0.3396117,0.33903554,0.33856004,0.33795172,0.3369407,0.3359151,0.33488017,0.33392686,0.33334747,0.33294672,0.3327871,0.33342394,0.3344278,0.33547482,0.33647177,0.33756834,0.33880758,0.33998728,0.34142005,0.34275004,0.34388983,0.34499967,0.34637713,0.34781942,0.34939164,0.35115105,0.3537249,0.3572189,0.3612416,0.36494595,0.36829707,0.37123424,0.37388417,0.37611082,0.37802202,0.38002157,0.38193434,0.3836342,0.3852368,0.3868672,0.3879341,0.38833702,0.38750815,0.38653663,0.38642818,0.3865648,0.38648555,0.38622394,0.3858566,0.38555753,0.3851768,0.3841927,0.38265327,0.38062763,0.3779926,0.3747839,0.37109455,0.36699116,0.36245936,0.3578419,0.35329166,0.34866613,0.34374568,0.33889294,0.33438027,0.33032778,0.32647753,0.3234014,0.3217939,0.32150674,0.3220615,0.32261628,0.32308996,0.32369286,0.32469898,0.32634512,0.32792905,0.3296432,0.33175796,0.33343783,0.33463696,0.3367214,0.33953658,0.3421826,0.3452648,0.34675866,0.34837183,0.3505296,0.35156396,0.35106194,0.35098615,0.3518062,0.35458896,0.35931078,0.36693558,0.37457898,0.37776452,0.378601,0.3791853,0.3814685,0.3851539,0.3877991,0.3895106,0.3918331,0.3951898,0.3993672,0.40381193,0.4071854
5.333336,,,,,,,,,,,0.38513222,0.3832338,0.37318715,0.36590734,0.36193103,0.35845336,0.353309,0.34808236,0.3418892,0.33424613,0.32447323,0.3141469,0.30231157,0.29069367,0.28025195,0.27121523,0.26376203,0.2578371,0.25440887,0.25440052,0.25690618,0.25980434,0.2642994,0.26920202,0.2723239,0.27731892,0.2852405,0.2919832,0.2988009,0.30569693,0.3107584,0.31401813,0.31708536,0.32038745,0.32261252,0.32317072,0.32333347,0.323028,0.32160696,0.31990516,0.31936377,0.3202152,0.32087943,0.3215643,0.32168755,0.320337,0.31778234,0.3159523,0.31594965,0.316458,0.31693992,0.31652135,0.31608105,0.31473178,0.3138393,0.31271252,0.31230748,0.31239283,0.31324434,0.31438175,0.3156931,0.31801575,0.32039478,0.32235602,0.32379383,0.32520902,0.32703075,0.32896277,0.33001107,0.33055076,0.33113524,0.33148223,0.3316865,0.3319031,0.33270597,0.33350447,0.33380502,0.33418825,0.33509436,0.3356694,0.33613124,0.33761993,0.3402824,0.34256256,0.34445304,0.34599304,0.347367,0.34839287,0.34883457,0.34890553,0.34889618,0.34903806,0.34939995,0.34994826,0.3505769,0.35128292,0.35196674,0.35258704,0.35340253,0.35409623,0.35420442,0.3538936,0.35346615,0.35300797,0.35253513,0.35230878,0.3524811,0.35297972,0.35343108,0.353474,0.35315052,0.35269248,0.35217288,0.35138708,0.35012057,0.34886256,0.3478845,0.34695715,0.34614724,0.34563088,0.34480715,0.34335122,0.3416444,0.34056136,0.33989662,0.33958408,0.33968276,0.34013852,0.34070978,0.34159017,0.3421626,0.34271446,0.34363112,0.34461814,0.34554318,0.34680733,0.34839815,0.35057136,0.3525086,0.35442692,0.35581994,0.3571262,0.3591497,0.36202416,0.36529097,0.36873007,0.37279865,0.37660226,0.3793907,0.3818266,0.3843972,0.38735464,0.3905621,0.39386222,0.39709142,0.40045992,0.40363324,0.40664592,0.40947595,0.4117054,0.41317153,0.41420874,0.41496283,0.41549885,0.41611096,0.41654897,0.4162584,0.4153692,0.41412678,0.41263083,0.41001374,0.40625793,0.40121117,0.3959757,0.38989553,0.38316223,0.37732625,0.37224853,0.36681134,0.3611812,0.35596615,0.3513779,0.34774783,0.34523475,0.3437379,0.3429991,0.3426319,0.34304997,0.34326783,0.34349668,0.34318668,0.3423321,0.34134787,0.34043515,0.33922604,0.33795515,0.3374029,0.33804128,0.33964872,0.34189972,0.3446291,0.34734696,0.3497694,0.3517282,0.35311428,0.35404027,0.3546947,0.35527626,0.3557165,0.35608023,0.35632634,0.35663092,0.35711074,0.3573683,0.35727635,0.35735038,0.35761467,0.35801437,0.3580509,0.35757238,0.35672373,0.35607633,0.356448,0.35752362,0.35982057,0.3634809,0.36836806,0.3735303,0.37970525,0.38541636,0.3914122,0.39724135,0.4024666,0.40700737,0.41080907,0.41449225,0.41884774,0.42326766,0.42704046,0.42998436,0.43183103,0.43295148,0.43428403,0.43568748,0.4370816,0.4388743,0.44035187,0.44144493,0.44259948,0.44407597,0.44549674,0.4466454,0.44785696,0.44916978,0.45104215,0.45317087,0.45536816,0.45744407,0.45948073,0.46167913,0.4643701,0.46734816,0.46998125,0.47220623,0.4739286,0.47505528,0.47527325,0.47466758,0.47536978,0.47774765,0.47928628,0.48058656,0.48225126,0.48359352,0.48093346,0.47951123,0.47914565,0.4783894,0.47797504,0.47798458,0.47903806,0.4787021,0.47677627,0.47174945,0.4667386,0.46490988,0.4667007,0.46771857,0.46847734,0.46883047,0.46842518,0.46856067,0.4688091,0.46615973,0.47043908,0.48271418,0.47927848,0.48005718,0.4782067,0.47487372,0.4745966,0.4733996,,0.47569117,0.47015053,0.46412873,0.4594883,0.45469406,0.45061195,0.44643003,0.44164225,0.43688434,0.4324096,0.42749527,0.4226,0.41846204,0.4150513,0.41228184,0.40883794,0.4051376,0.40128016,0.39760187,0.39405194,0.39049345,0.38725126,0.38504946,0.38386923,0.3834509,0.38374275,0.38416788,0.3843175,0.38437065,0.3841037,0.3841103,0.38437346,0.38504982,0.3860011,0.38714227,0.387985,0.3884954,0.3889711,0.3898145,0.39095443,0.3918394,0.39302436,0.3950618,0.39762866,0.4006189,0.40345246,0.4059232,0.4075147,0.40954533,0.41245434,0.41672838,0.42080903,0.42393488,0.42633438,0.42782134,0.42822197,0.42531922,0.42223576,0.42341748,0.42668137,0.43035954,0.43389073,0.43605834,0.4364724,0.43596473,0.43490437,0.43318695,0.4306685,0.42635697,0.42029244,0.41459474,0.4102464,0.40595695,0.4008364,0.39397725,0.3866804,0.37988132,0.37436602,0.36980173,0.36636886,0.3628242,0.3595184,0.35577548,0.35243222,0.3492687,0.3461018,0.3428033,0.33984384,0.3375084,0.33583772,0.33463782,0.33425403,0.33457756,0.33511415,0.33523005,0.33528367,0.33502623,0.3348462,0.3344836,0.33436263,0.33431122,0.33394253,0.3329619,0.33177543,0.33094764,0.33022666,0.3294203,0.32835698,0.32802385,0.3293035,0.33085683,0.33201066,0.33261174,0.33323443,0.3340656,0.33504203,0.3362533,0.33725345,0.3381921,0.3392826,0.34095117,0.3432053,0.34561685,0.34869125,0.352272,0.35570768,0.3591044,0.3625356,0.36586663,0.36916396,0.37220126,0.37445295,0.3764463,0.37858066,0.3809628,0.3828781,0.38437003,0.38582495,0.38712266,0.38791648,0.38782412,0.38705716,0.38640857,0.38636366,0.38651896,0.38681158,0.3865409,0.3860455,0.38544092,0.3846558,0.38355356,0.3818226,0.37940162,0.3764137,0.3730123,0.36919767,0.36493763,0.36061525,0.35637352,0.35190484,0.34719974,0.34268138,0.33823887,0.3342079,0.3303935,0.3272096,0.32526755,0.32459897,0.3244663,0.32425162,0.32422018,0.32496879,0.3259729,0.32698786,0.32818374,0.3300359,0.33187166,0.33342633,0.3347494,0.3369026,0.3396464,0.34212723,0.34481353,0.34558615,0.34716988,0.34869996,0.34884542,0.34888148,0.34938222,0.35036337,0.3519532,0.35825938,0.36709017,0.3734677,0.37569973,0.376591,0.37810522,0.38215408,0.38656494,0.3891619,0.39055791,0.39278257,0.39563003,0.3984941,0.40160894,0.40496892
5.25,,,,,,,,,,0.38942793,0.38602436,0.38060886,0.3678208,0.36180356,0.35997668,0.3559295,0.35133937,0.34696257,0.34174025,0.33510408,0.32707313,0.3188726,0.30942035,0.2993418,0.2896582,0.2809629,0.27365598,0.26830837,0.26558578,0.26531616,0.26642415,0.26873735,0.27203637,0.27505997,0.27815655,0.28442892,0.29205498,0.2980942,0.30442896,0.3092883,0.31317076,0.31642646,0.31905362,0.3209954,0.32224438,0.32341784,0.32395446,0.32242507,0.3196064,0.31696227,0.3161658,0.3175412,0.31853247,0.3191361,0.31910303,0.31748527,0.31477007,0.3123117,0.31176707,0.3123348,0.31252515,0.3124562,0.31172907,0.31033847,0.3097829,0.30928466,0.30913576,0.30908865,0.30986106,0.31141675,0.3130678,0.3154219,0.31786054,0.319972,0.32152537,0.32317945,0.32517412,0.32735035,0.32842323,0.32869917,0.32906324,0.32963622,0.33018863,0.33089483,0.33171532,0.33263355,0.33282295,0.33272326,0.33343038,0.3349408,0.33645484,0.33855513,0.34194905,0.34437358,0.34616572,0.34707803,0.3478259,0.34847334,0.3488879,0.3493484,0.34978002,0.35025325,0.3507694,0.35134995,0.3518416,0.35228464,0.3527417,0.3531427,0.35363445,0.35386714,0.3537968,0.35343638,0.3525335,0.35131255,0.35045174,0.34994468,0.35004133,0.35050437,0.35085744,0.3509045,0.3507038,0.35032094,0.34975347,0.3487305,0.34720245,0.34590378,0.34500796,0.3441265,0.34318018,0.34215692,0.3406776,0.33884093,0.337538,0.3368672,0.33684334,0.33735576,0.33830798,0.33959234,0.34056592,0.34115303,0.34172174,0.3422672,0.34285218,0.34358698,0.34449783,0.345774,0.3477289,0.34960723,0.35151896,0.3533044,0.35452843,0.35649338,0.3590545,0.36248654,0.36597678,0.36917284,0.37333918,0.3775757,0.38086247,0.38345414,0.38588494,0.38847336,0.3909849,0.39355877,0.39637592,0.39974883,0.40317303,0.40626466,0.40884557,0.41092518,0.41241136,0.41356748,0.41453668,0.41520008,0.41567168,0.41593972,0.41546032,0.414249,0.4125402,0.41066596,0.407468,0.40317026,0.39824075,0.3928511,0.3871571,0.38059297,0.37466007,0.3694278,0.36399698,0.35839108,0.35322806,0.34898135,0.34571096,0.3433904,0.34203827,0.3414863,0.3413247,0.34160364,0.34170228,0.34180033,0.3413378,0.34036037,0.33932915,0.338285,0.33700314,0.33576542,0.33529302,0.3361922,0.3384282,0.34151205,0.34498584,0.34807146,0.3505889,0.35261294,0.3540025,0.35485423,0.3554542,0.35606584,0.35645312,0.35668778,0.3568738,0.356915,0.35702503,0.35721454,0.35721526,0.3570392,0.35711613,0.35735756,0.3573466,0.35686895,0.35641345,0.35609388,0.3565288,0.3575995,0.35948154,0.36255294,0.36676648,0.37113655,0.37656906,0.3823737,0.3884916,0.3945909,0.39989933,0.4038941,0.40737107,0.41141346,0.41602555,0.42030564,0.42403468,0.42690164,0.4286993,0.42976415,0.43083435,0.43222457,0.433591,0.43506214,0.43634737,0.43739766,0.43862754,0.44015592,0.44172555,0.44290954,0.4438857,0.44498542,0.44672245,0.4488986,0.4511278,0.4532714,0.45535684,0.45766106,0.46054786,0.46368977,0.46648353,0.46885058,0.47094065,0.47258314,0.4732842,0.47315958,0.47334144,0.47534314,0.4770961,0.47954485,0.4807873,0.48206308,0.4801128,0.47780108,0.47615653,0.47550938,0.47507384,0.47496542,0.47273195,0.46962914,0.4698101,0.47012472,0.4656389,0.46399662,0.4662935,0.46799773,0.4688873,0.46913004,0.46879977,0.46933785,0.4689112,0.46557605,0.46214727,,0.48182532,0.48097107,0.477846,0.47589925,0.47261405,0.4724063,0.46624377,0.46693012,0.463819,0.45984727,0.45492446,0.45059922,0.44686577,0.44288325,0.43792924,0.43318787,0.42888182,0.42418095,0.41954884,0.41555932,0.41190702,0.40849572,0.40444666,0.40050325,0.39686683,0.39359987,0.3898733,0.38570794,0.38192874,0.37921524,0.37750384,0.37691268,0.37713292,0.3776666,0.37848413,0.3792351,0.37965447,0.3800911,0.38058084,0.38143423,0.3826114,0.38397306,0.38518688,0.38601682,0.38676056,0.38741678,0.3879363,0.38844162,0.38933432,0.39126503,0.39409766,0.3971442,0.4002836,0.40295318,0.40475366,0.40697703,0.4097679,0.41347286,0.41727608,0.42049628,0.4228834,0.4244755,0.42566204,0.42465666,0.42199782,0.4218945,0.42421046,0.42670345,0.42830664,0.42852035,0.42764214,0.425706,0.42364016,0.42067954,0.4171143,0.41193768,0.40561438,0.39996934,0.39523518,0.38919458,0.3842232,0.37858957,0.37232503,0.36573786,0.3604197,0.35666913,0.35382947,0.35094485,0.34820303,0.34503195,0.3424044,0.33965334,0.3369387,0.33407712,0.3314864,0.3292804,0.32780644,0.32748964,0.32786098,0.32840106,0.32887188,0.32898468,0.328924,0.32887876,0.3290808,0.32936525,0.32985997,0.3302199,0.32989526,0.32881972,0.32797256,0.32751358,0.32664478,0.32533664,0.3240506,0.32389432,0.3252828,0.32673496,0.3276494,0.32797274,0.32840222,0.32899222,0.3297742,0.33038768,0.33096865,0.33223796,0.3344935,0.33729962,0.3403736,0.34371993,0.3473593,0.350598,0.35354394,0.35661262,0.35993898,0.36336938,0.36686552,0.3700441,0.37244427,0.37441593,0.3765963,0.3793773,0.38206932,0.38374692,0.38464716,0.3855178,0.38640612,0.3870223,0.38720718,0.38689628,0.3866525,0.38673022,0.3869771,0.38696206,0.38642982,0.3856813,0.3849418,0.38405472,0.38251287,0.3802831,0.37741053,0.37418896,0.37063798,0.36670417,0.36260518,0.35855418,0.35438842,0.35008734,0.34591946,0.34188613,0.33813146,0.33455205,0.33133355,0.32914758,0.32796738,0.32701132,0.32615528,0.32574365,0.32623917,0.32722586,0.32793608,0.32898352,0.33049607,0.3319509,0.33327818,0.33478007,0.33682078,0.33948785,0.34188706,0.34416646,0.3444482,0.3459317,0.34686247,0.34693953,0.3481677,0.3488512,0.34914047,0.3505859,0.35894224,0.36774454,0.37301368,0.3750445,0.37564978,0.3778194,0.38285765,0.38721183,0.3895134,0.39109573,0.39355373,0.39631355,0.39855018,0.40015203,0.40236953
5.1666718,,,,,,,,,,0.39184618,0.38655743,0.37686047,0.36348388,0.35643104,0.35729614,0.35435918,0.34950906,0.34580114,0.34110677,0.33511835,0.3288059,0.32251227,0.31555358,0.30718255,0.29877666,0.2912839,0.2850905,0.28053388,0.27760962,0.27664074,0.2771096,0.27846932,0.28100893,0.28228447,0.2854508,0.2912785,0.29764625,0.30275097,0.30793613,0.31226048,0.31635398,0.3194458,0.32096735,0.32200468,0.32278836,0.32360113,0.32344225,0.32140458,0.31797373,0.31486318,0.3136188,0.31461012,0.31549188,0.31627408,0.31607518,0.3141678,0.3111848,0.3082339,0.30723137,0.30748352,0.30727988,0.30734292,0.307011,0.30604285,0.30589497,0.30542937,0.30506992,0.30517614,0.30649212,0.30822366,0.3101204,0.31270504,0.31496778,0.317075,0.31908387,0.32110938,0.32300448,0.3248413,0.32576478,0.32609016,0.32668388,0.3277951,0.32863924,0.32975695,0.33079553,0.3311684,0.33113602,0.33165216,0.33305824,0.33454695,0.33701676,0.33951515,0.3424341,0.34495863,0.34625328,0.34695303,0.3477258,0.34839946,0.34891322,0.34969088,0.35058627,0.35136077,0.35202038,0.3523894,0.35257667,0.35270968,0.35281825,0.35293716,0.35308897,0.3532498,0.3531179,0.3522607,0.35075602,0.34914014,0.34784392,0.34711128,0.34720835,0.3476942,0.34815565,0.34846044,0.3484161,0.34796605,0.34709647,0.34573534,0.34404486,0.34271246,0.34184366,0.3409883,0.33997092,0.33858055,0.33671725,0.3351297,0.33424452,0.3340351,0.33451962,0.3356234,0.33689657,0.33813447,0.33894536,0.33947152,0.3398892,0.34035388,0.34108758,0.34196627,0.34315553,0.34483084,0.34666616,0.34838945,0.35020757,0.35138008,0.3533217,0.35597196,0.35925266,0.36345005,0.36714917,0.3704764,0.37428492,0.37805033,0.381671,0.38449588,0.38685456,0.38905683,0.39118767,0.39326295,0.39557952,0.39877343,0.40223464,0.40520236,0.407615,0.40961888,0.4112341,0.41257766,0.413677,0.41433504,0.41465446,0.41470286,0.4141963,0.41292188,0.41091272,0.40874016,0.40544832,0.40064314,0.39538252,0.38982964,0.3842701,0.37810352,0.37202168,0.3668269,0.36183426,0.35673907,0.35173306,0.3471295,0.34352082,0.34138754,0.34069017,0.3406283,0.34104022,0.3412589,0.34095684,0.34048873,0.3397351,0.3386573,0.33757782,0.33650932,0.33537355,0.33438084,0.33408782,0.33518454,0.33778596,0.3412667,0.34515414,0.34851703,0.35120758,0.35347196,0.3550531,0.35603237,0.35681686,0.35735068,0.3575879,0.3575833,0.35771286,0.35767794,0.35746342,0.3574705,0.3575112,0.3573147,0.35702094,0.35700342,0.3569634,0.35662916,0.35625744,0.35602772,0.35627046,0.35736722,0.35934305,0.36224344,0.36576766,0.36974937,0.3742493,0.3800035,0.38582924,0.39197972,0.3971602,0.400818,0.40424544,0.40849024,0.41309702,0.41729918,0.42094457,0.4236913,0.42525387,0.4263417,0.42751515,0.42889497,0.43014136,0.43141037,0.43253294,0.4336062,0.43476254,0.43641293,0.4380742,0.43927148,0.4401033,0.44102186,0.44251654,0.44456467,0.4471344,0.44956416,0.45168212,0.45373067,0.4562543,0.45914197,0.4619336,0.46428132,0.46647558,0.46860918,0.4701437,0.4707572,0.47120118,0.47287896,0.47419062,0.4766019,0.47883457,0.4799337,0.47913405,0.47714388,0.47562546,0.47324845,0.472285,0.46871358,0.4615785,0.46144602,0.46572286,0.46826643,0.46479756,0.46287727,0.46343738,0.46771562,0.468807,0.46922892,0.46995646,0.46939,0.46715266,0.46465585,0.46005404,,0.48226324,0.48068485,0.47767097,0.47611687,0.47314176,0.47018787,0.4656544,0.46322015,0.4591347,0.4549146,0.45089275,0.4468299,0.4428048,0.43890268,0.43407485,0.43003285,0.42569438,0.42133528,0.4168986,0.4128952,0.40890288,0.4047459,0.40010658,0.3960074,0.39224315,0.38902614,0.38538787,0.38127413,0.37734923,0.3743269,0.37216434,0.37114486,0.37089765,0.37135512,0.37234002,0.37351108,0.37449434,0.37550068,0.37652615,0.37784338,0.37940466,0.38096616,0.3824506,0.38374618,0.38474837,0.3854178,0.38568154,0.38591477,0.3868753,0.38850993,0.39091244,0.39396584,0.397066,0.399695,0.4019998,0.40416515,0.407121,0.4105423,0.41455904,0.41808173,0.42007935,0.4208994,0.42226148,0.4226705,0.42136484,0.4198829,0.41992337,0.4202063,0.41958135,0.41827935,0.4157694,0.41285828,0.41025543,0.4071622,0.40370685,0.39876842,0.39234787,0.38613805,0.38045898,0.3746155,0.36953115,0.3650236,0.35982278,0.3538123,0.34878138,0.34514567,0.3427315,0.3402706,0.33811185,0.3355758,0.3332469,0.33059695,0.3282848,0.32564884,0.32320094,0.3213672,0.32035112,0.32053712,0.3211577,0.32164186,0.3219062,0.32217187,0.32230902,0.32256112,0.32326838,0.32421598,0.32518163,0.32561895,0.325377,0.32473233,0.32447696,0.32410702,0.32284826,0.3214004,0.32037082,0.32033545,0.3212309,0.32235608,0.32313398,0.32357058,0.32393235,0.32424164,0.3244563,0.32459354,0.32571444,0.3281287,0.33128428,0.33444902,0.33756033,0.34090617,0.3441704,0.34733394,0.35026434,0.35333017,0.3567901,0.3604531,0.36410546,0.3673678,0.37002936,0.37239787,0.3745124,0.3769119,0.3797033,0.3820587,0.3835562,0.3845864,0.38543096,0.38630736,0.3870652,0.3873461,0.3871766,0.38709384,0.3869973,0.38679606,0.38636637,0.3858404,0.38511512,0.384166,0.38263085,0.38052523,0.37789732,0.37491256,0.3714617,0.36783913,0.36414808,0.36035398,0.35632947,0.3525091,0.34888116,0.34523264,0.34173408,0.33822048,0.3348377,0.33233085,0.3307813,0.32962406,0.32857367,0.32779992,0.32785285,0.32845432,0.32891244,0.3298762,0.33122188,0.3324138,0.33356726,0.33501223,0.33669186,0.3389641,0.34115177,0.34286034,0.34311518,0.3444613,0.34523395,0.34638447,0.34849486,0.34925476,0.34912515,0.35121948,0.36035714,0.36801192,0.37268937,0.3743361,0.37402755,0.37729502,0.38284385,0.3870345,0.38924676,0.39111957,0.39377278,0.39670432,0.39914572,0.40049556,0.40205476
5.083336,,,,,,,,,0.39398864,0.39181003,0.3846261,0.37396726,0.36188644,0.35579824,0.35599747,0.354061,0.3491166,0.3446841,0.34034672,0.33486298,0.32974252,0.32440707,0.31946614,0.31304687,0.30666456,0.30095866,0.29569328,0.2913484,0.28884372,0.2877702,0.2871143,0.2870336,0.2867522,0.2872926,0.29071268,0.29584274,0.3013125,0.30609444,0.3108159,0.31511614,0.31919247,0.3217168,0.32287264,0.32342732,0.3235308,0.32316062,0.32182077,0.31928328,0.316126,0.31338513,0.3116238,0.31134552,0.31199464,0.312913,0.31265515,0.3105259,0.30699983,0.30381483,0.30242765,0.30211517,0.30153394,0.3018505,0.30204004,0.3015726,0.301331,0.30061835,0.30054495,0.30126652,0.30267522,0.30458018,0.30673778,0.3096699,0.31167957,0.31361517,0.31589222,0.3182719,0.32013375,0.32161254,0.3222401,0.32257017,0.32356334,0.32541636,0.32694632,0.32862893,0.3295892,0.32964215,0.33009717,0.33148092,0.33365977,0.33545357,0.33738086,0.33954912,0.34180778,0.34392783,0.34564868,0.34685048,0.347892,0.34858578,0.34921914,0.3499711,0.35103056,0.35204506,0.35274136,0.352853,0.3526488,0.3523762,0.35226926,0.35236204,0.35247606,0.35245067,0.3519305,0.35052624,0.3485664,0.34653082,0.34497967,0.34434107,0.34444925,0.34488064,0.34546664,0.34600604,0.34609234,0.34540918,0.34412518,0.3424211,0.34058675,0.33927444,0.33845267,0.3377426,0.33677465,0.33542266,0.3337884,0.3325218,0.33201408,0.33208677,0.3325093,0.33321398,0.3343653,0.33551246,0.3363752,0.3369848,0.3374722,0.33814374,0.33906344,0.34041357,0.34188735,0.34351593,0.34490138,0.34639803,0.3476012,0.3491193,0.35233214,0.35586685,0.36003357,0.36440533,0.36804855,0.3714169,0.37532204,0.3790472,0.38249442,0.38508645,0.38732642,0.38917735,0.39075696,0.3923312,0.39445844,0.3976451,0.4010836,0.40401945,0.40648058,0.40848455,0.40998912,0.4111547,0.4120686,0.41269675,0.412991,0.4129919,0.4123928,0.41126895,0.40932435,0.4067946,0.40362296,0.39893633,0.39331967,0.38735595,0.38141245,0.3755956,0.3695514,0.36426625,0.35969487,0.3554155,0.35120738,0.3469191,0.3431381,0.34069413,0.33975917,0.33988038,0.34074107,0.3412259,0.340868,0.33992633,0.33871183,0.33740938,0.33630624,0.33535558,0.33443555,0.3337893,0.33385068,0.3352118,0.33801132,0.34177807,0.34560475,0.34913215,0.3521169,0.35449556,0.35623628,0.3573824,0.35825378,0.35883525,0.35897067,0.3587723,0.35868984,0.35873294,0.35878217,0.3586384,0.35838398,0.35799143,0.3573708,0.35699594,0.3570012,0.35693783,0.3564878,0.356061,0.35637438,0.35757625,0.3595515,0.3621169,0.36517498,0.368755,0.37243873,0.37742928,0.38335666,0.38941666,0.39442477,0.39783967,0.401442,0.4057438,0.41006783,0.4143176,0.41796455,0.42042565,0.42183575,0.42285156,0.42403862,0.425372,0.42659676,0.4276557,0.4286387,0.4296474,0.43081537,0.4325077,0.434285,0.43548688,0.43641868,0.43729445,0.4384299,0.44013312,0.4427771,0.445809,0.44774753,0.44904596,0.45040533,0.45270726,0.45550406,0.45822063,0.4610738,0.4640927,0.46633106,0.467632,0.46875733,0.47009608,0.471462,0.47295484,0.47589967,0.4772719,0.4772585,0.47595176,0.474206,0.4706419,0.4668368,0.46141446,0.45816112,0.45962757,0.4629877,0.46548542,0.4638558,0.46180037,0.46132728,0.464276,0.4670015,0.46890876,0.46940893,0.46891716,0.46682185,0.46566498,0.4663074,0.48347387,0.48021674,0.47766447,0.47574678,0.4725451,0.4696899,0.46678546,0.46293175,0.46001124,0.45560697,0.45050108,0.44653028,0.4425377,0.43846974,0.4345123,0.4307753,0.42680913,0.42237714,0.41829452,0.41409647,0.4099443,0.4054816,0.4009017,0.39611346,0.39176473,0.38768333,0.3839039,0.37994328,0.37620145,0.3727744,0.36993986,0.3677153,0.36625597,0.36544284,0.3654408,0.3663443,0.36775327,0.36902902,0.3703342,0.3717506,0.3734764,0.37553427,0.3776063,0.37948132,0.3814015,0.38292938,0.38375518,0.38422182,0.38435906,0.38484004,0.3862419,0.38841593,0.3911729,0.39400896,0.39632565,0.39845756,0.40074995,0.40367097,0.40723777,0.41063285,0.41419816,0.41684094,0.4176776,0.41799495,0.41828576,0.41809264,0.41650397,0.41423598,0.41188478,0.40936816,0.40656435,0.4031639,0.40010813,0.3977475,0.39531532,0.39176062,0.38705072,0.38092494,0.3744002,0.36847857,0.3634139,0.35893777,0.35470343,0.34970012,0.34452736,0.33969718,0.3359683,0.3336849,0.33149868,0.32953826,0.32717475,0.3243013,0.32169384,0.31964755,0.31755763,0.31561795,0.31418034,0.31356534,0.31366697,0.31430328,0.31499937,0.31544727,0.31583184,0.31613547,0.3165738,0.31752914,0.3187038,0.3197041,0.32012695,0.32023662,0.32045856,0.32064754,0.31992778,0.31837353,0.31693923,0.3159933,0.3159007,0.31649673,0.3174019,0.3180042,0.31806108,0.31769136,0.317125,0.3171067,0.31829306,0.32107234,0.32425165,0.32730526,0.33023888,0.3332213,0.33625102,0.3393118,0.34247983,0.345559,0.34904414,0.35282242,0.3568273,0.36081538,0.36423475,0.36710486,0.36954585,0.3716901,0.37396917,0.37643442,0.37892354,0.3808898,0.3828255,0.3844963,0.3858259,0.38685024,0.3872949,0.3870814,0.3868712,0.38687575,0.38664407,0.38645822,0.38612172,0.38536647,0.3841952,0.38246182,0.3803853,0.37802532,0.37518215,0.37192026,0.36863247,0.36542442,0.36192435,0.3581144,0.35451636,0.35127103,0.34812236,0.34489852,0.34133524,0.33772823,0.33499092,0.3333269,0.332143,0.33108792,0.33014202,0.32958516,0.32958817,0.32994926,0.33106607,0.33245027,0.3335884,0.33466426,0.3357607,0.33689326,0.33881873,0.34032723,0.34136263,0.3417061,0.34279147,0.34413326,0.34679875,0.34915683,0.35012367,0.35044324,0.35299316,0.36201546,0.36871368,0.3725755,0.37345487,0.37316254,0.37783563,0.38335207,0.38737246,0.38975328,0.39204618,0.3951695,0.39842272,0.40117604,0.40284958,0.4043232
5.0,,,,,,,,0.3950992,0.39422247,0.3891309,0.38162348,0.37262213,0.3622416,0.35805163,0.35705078,0.3547505,0.34951356,0.34414065,0.33976862,0.3347616,0.3303121,0.32576132,0.32153103,0.31688607,0.31204844,0.30726528,0.3028639,0.29947948,0.29709676,0.29503193,0.29327744,0.29211625,0.291535,0.29185134,0.2948044,0.29998198,0.3049675,0.30904308,0.31379735,0.31714627,0.32058012,0.32345226,0.32408077,0.3239745,0.32313058,0.32159346,0.3194725,0.3166586,0.31408614,0.31172228,0.3099093,0.30884394,0.3084529,0.30916113,0.3087773,0.3066098,0.3028444,0.29951534,0.29761928,0.29666477,0.2959226,0.2963098,0.29673454,0.29662472,0.2964598,0.29564297,0.29582655,0.2969182,0.298271,0.3005259,0.30299294,0.30601025,0.3080978,0.31016907,0.3124489,0.31485856,0.31674165,0.31795734,0.3182491,0.31875464,0.32046425,0.32272676,0.3248975,0.32716864,0.32837343,0.32872874,0.3299648,0.33210474,0.33408484,0.3355471,0.33760902,0.3394458,0.34137002,0.34321976,0.34527826,0.34694943,0.34799248,0.34848106,0.3489854,0.35006824,0.3516111,0.3527442,0.35298017,0.35261652,0.35199726,0.35154602,0.35146764,0.35149983,0.3514376,0.35113126,0.3501337,0.34832814,0.34596592,0.3437821,0.3423125,0.3417851,0.341959,0.34234193,0.34278357,0.34336892,0.3435477,0.34267524,0.34101754,0.33892044,0.3369453,0.33575732,0.33511904,0.33446798,0.33366445,0.33264005,0.33145556,0.3304904,0.33010694,0.330003,0.33001003,0.33039334,0.3313751,0.33257592,0.3335909,0.33432338,0.33504498,0.33597094,0.33730483,0.33881545,0.34019113,0.3412911,0.34219182,0.34331733,0.34509587,0.34855264,0.35258195,0.3564914,0.36058626,0.3643331,0.36755887,0.3711784,0.37560043,0.3800489,0.38382787,0.38617048,0.38791528,0.38937053,0.3904022,0.3917187,0.3940624,0.397337,0.40062022,0.40347412,0.40583178,0.4077434,0.4089485,0.409718,0.41040275,0.41098076,0.4113444,0.41141987,0.41066206,0.40934104,0.40758812,0.40507638,0.401847,0.3975355,0.39213017,0.3859489,0.37949273,0.37336794,0.36727503,0.36176056,0.35747418,0.35404453,0.35061717,0.34694397,0.34364572,0.341449,0.34024963,0.34007168,0.34068912,0.34113687,0.34080133,0.3397083,0.33827215,0.33682027,0.3357856,0.33507314,0.33445,0.33410805,0.33459422,0.33630288,0.33926708,0.34301138,0.34692937,0.35062662,0.35375223,0.35617203,0.35805178,0.35941434,0.36030537,0.36067814,0.36059454,0.3602969,0.36009693,0.36011353,0.36024716,0.36018348,0.3596744,0.35888478,0.35799646,0.3575276,0.35748833,0.35740405,0.35704753,0.35661876,0.35686854,0.3579842,0.3598768,0.36211553,0.36471042,0.36785316,0.37145647,0.37557444,0.38089952,0.38678318,0.39163452,0.39523762,0.3987778,0.40311766,0.4072308,0.41130152,0.41487458,0.41720405,0.41845816,0.4194469,0.42052183,0.42172617,0.42286092,0.42376745,0.42464474,0.42564356,0.42679307,0.428359,0.43018565,0.4315583,0.43269065,0.43369687,0.43463984,0.435875,0.4379416,0.4409547,0.44316953,0.4442774,0.44453663,0.44533795,0.44754046,0.4506187,0.45438474,0.4583837,0.46151888,0.46387646,0.46567494,0.46690944,0.4680724,0.46916053,0.47182482,0.47297496,0.4727916,0.4718711,0.4699287,0.46662453,0.46228713,0.4593498,0.45863295,0.45803455,0.45776665,0.4583628,0.45868975,0.45881635,0.45955703,0.46188036,0.46603918,0.4668111,0.4663063,0.466923,0.46529898,0.46727526,0.465613,0.47458097,0.4722076,0.47005847,0.47098184,0.46844772,0.4649835,0.46334523,0.4599564,0.45684874,0.45236528,0.4471346,0.44199967,0.43775764,0.43420607,0.43037796,0.4268994,0.422605,0.41851944,0.4146654,0.41086584,0.40663525,0.40204933,0.39739048,0.3926072,0.38815758,0.38373008,0.3796537,0.37531927,0.37152806,0.3684299,0.36615336,0.36445907,0.3632027,0.36209872,0.36156932,0.36200273,0.36325783,0.3646123,0.3659798,0.3674869,0.36929876,0.37146267,0.37380692,0.37599885,0.37823808,0.38045108,0.3820147,0.3829886,0.38315403,0.3832511,0.38421467,0.38595417,0.3881214,0.39059478,0.39315674,0.39553365,0.39761898,0.4003847,0.40369284,0.40714982,0.41024482,0.412185,0.41369024,0.41479546,0.41418818,0.4129076,0.4112633,0.40836337,0.4046177,0.39983064,0.39528212,0.39192143,0.3891945,0.38640836,0.38412616,0.38070464,0.3762375,0.37084866,0.36487088,0.3587529,0.35404056,0.34975335,0.34523845,0.33998525,0.33538273,0.3313063,0.32801145,0.32585496,0.32376114,0.3216322,0.31908485,0.3160976,0.31375086,0.3121526,0.31071493,0.3092216,0.30821097,0.30778968,0.3078414,0.3083816,0.3093872,0.31034267,0.31102782,0.31141976,0.31171513,0.31208798,0.3128405,0.31347796,0.31375462,0.3144323,0.3156171,0.31593105,0.31463552,0.31265134,0.31124476,0.31057805,0.31076822,0.31119403,0.3116279,0.311603,0.31078726,0.30986518,0.3095056,0.31045005,0.31306106,0.3166928,0.32019693,0.32321188,0.32621992,0.32891637,0.3316576,0.33457893,0.3377245,0.34092334,0.34456855,0.34850243,0.3526775,0.3567004,0.36024165,0.36328882,0.3657031,0.3677424,0.3699491,0.37247053,0.37507656,0.3775505,0.38007325,0.3823937,0.38423005,0.38564017,0.38644832,0.3864293,0.38612688,0.3857882,0.38552544,0.38555524,0.38537106,0.38441133,0.38307655,0.3813509,0.37939104,0.37713975,0.37449765,0.37177742,0.36922565,0.3664732,0.36327234,0.35972267,0.35624027,0.3531691,0.3503426,0.3474192,0.3440356,0.34051368,0.3376921,0.33579245,0.3345013,0.33341512,0.33227468,0.33124933,0.33087137,0.33134156,0.3324825,0.33363828,0.33483675,0.3360758,0.3366243,0.33771664,0.3387947,0.3395648,0.33999544,0.33998945,0.34109774,0.34358475,0.34715673,0.34940386,0.35091838,0.3521948,0.35534796,0.36401328,0.3697683,0.3732528,0.37364858,0.37414384,0.3791288,0.38407126,0.3875611,0.3898365,0.39266765,0.39641556,0.40007952,0.40289322,0.40495682,0.40659076
