latitude,47.66667,47.75,47.833344,47.91667,48.0,48.083344,48.16667,48.25,48.333344,48.41667,48.5,48.583344,48.66667,48.75,48.833344,48.91667,49.0,49.083344,49.16667,49.25,49.333344,49.41667,49.5,49.583344,49.66667,49.75,49.833344,49.91667,50.0,50.083344,50.16667,50.25,50.333344,50.41667,50.5,50.583344,50.66667,50.75,50.833344,50.91667,51.0,51.083344,51.16667,51.25,51.333344,51.41667,51.5,51.583344,51.66667,51.75,51.833344,51.91667,52.0,52.083344,52.16667,52.25,52.333344,52.41667,52.5,52.583344,52.66667,52.75,52.833344,52.91667,53.0,53.083344,53.16667,53.25,53.333344,53.41667,53.5,53.583344,53.66667,53.75,53.833344,53.91667,54.0,54.083344,54.16667,54.25,54.333344,54.41667,54.5,54.583344,54.66667,54.75,54.833344,54.91667,55.0,55.083344,55.16667,55.25,55.333344,55.41667,55.5,55.583344,55.66667,55.75,55.833344,55.91667,56.0,56.083344,56.16667,56.25,56.333344,56.41667,56.5,56.583344,56.66667,56.75,56.833344,56.91667,57.0,57.083344,57.16667,57.25,57.333344,57.41667,57.5,57.583344,57.66667,57.75,57.833344,57.91667,58.0,58.083344,58.16667,58.25,58.333344,58.41667,58.5,58.583344,58.66667,58.75,58.833344,58.91667,59.0,59.083344,59.16667,59.25,59.333344,59.41667,59.5,59.583344,59.66667,59.75,59.833344,59.91667,60.0,60.083344,60.16667,60.25,60.333344,60.41667,60.5,60.583344,60.66667,60.75,60.833344,60.91667,61.0,61.083344,61.16667,61.25,61.333344,61.41667,61.5,61.583344,61.66667,61.75,61.833344,61.91667,62.0,62.083344,62.16667,62.25,62.333344,62.41667,62.5,62.583344,62.66667,62.75,62.833344,62.91667,63.0,63.083344,63.16667,63.25,63.333344,63.41667,63.5,63.583344,63.66667,63.75,63.833344,63.91667,64.0,64.08334,64.16667,64.25,64.33334,64.41667,64.5,64.58334,64.66667,64.75,64.83334,64.91667,65.0,65.08334,65.16667,65.25,65.33334,65.41667,65.5,65.58334,65.66667,65.75,65.83334,65.91667,66.0,66.08334,66.16667,66.25,66.33334,66.41667,66.5,66.58334,66.66667,66.75,66.83334,66.91667,67.0,67.08334,67.16667,67.25,67.33334,67.41667,67.5,67.58334,67.66667,67.75,67.83334,67.91667,68.0,68.08334,68.16667,68.25,68.33334,68.41667,68.5,68.58334,68.66667,68.75,68.83334,68.91667,69.0,69.08334,69.16667,69.25,69.33334,69.41667,69.5,69.58334,69.66667,69.75,69.83334,69.91667,70.0,70.08334,70.16667,70.25,70.33334,70.41667,70.5,70.58334,70.66667,70.75,70.83334,70.91667,71.0,71.08334,71.16667,71.25,71.33334,71.41667,71.5,71.58334,71.66667,71.75,71.83334,71.91667,72.0,72.08334,72.16667,72.25,72.33334,72.41667,72.5,72.58334,72.66667,72.75,72.83334,72.91667,73.0,73.08334,73.16667,73.25,73.33334,73.41667,73.5,73.58334,73.66667,73.75,73.83334,73.91667,74.0,74.08334,74.16667,74.25,74.33334,74.41667,74.5,74.58334,74.66667,74.75,74.83334,74.91667,75.0,75.08334,75.16667,75.25,75.33334,75.41667,75.5,75.58334,75.66667,75.75,75.83334,75.91667,76.0,76.08334,76.16669,76.25,76.33334,76.41669,76.5,76.58334,76.66669,76.75,76.83334,76.91669,77.0,77.08334,77.16669,77.25,77.33334,77.41669,77.5,77.58334,77.66669,77.75,77.83334,77.91669,78.0,78.08334,78.16669,78.25,78.33334,78.41669,78.5,78.58334,78.66669,78.75,78.83334,78.91669,79.0,79.08334,79.16669,79.25,79.33334,79.41669,79.5,79.58334,79.66669,79.75,79.83334,79.91669,80.0,80.08334,80.16669,80.25,80.33334,80.41669,80.5,80.58334,80.66669,80.75,80.83334,80.91669,81.0,81.08334,81.16669,81.25,81.33334,81.41669,81.5,81.58334,81.66669,81.75,81.83334,81.91669,82.0,82.08334,82.16669,82.25,82.33334,82.41669,82.5,82.58334,82.66669,82.75,82.83334,82.91669,83.0,83.08334,83.16669,83.25,83.33334,83.41669,83.5,83.58334,83.66669,83.75,83.83334,83.91669,84.0,84.08334,84.16669,84.25,84.33334,84.41669,84.5,84.58334,84.66669,84.75,84.83334,84.91669,85.0,85.08334,85.16669,85.25,85.33334,85.41669,85.5,85.58334,85.66669,85.75,85.83334,85.91669,86.0,86.08334,86.16669,86.25,86.33334,86.41669,86.5,86.58334,86.66669,86.75,86.83334,86.91669,87.0,87.08334,87.16669,87.25,87.33334,87.41669,87.5,87.58334,87.66669,87.75,87.83334,87.91669,88.0,88.08334,88.16669,88.25,88.33334,88.41669,88.5,88.58334,88.66669,88.75,88.83334,88.91669,89.0,89.08334,89.16669,89.25,89.33334,89.41669,89.5,89.58334,89.66669,89.75,89.83334,89.91669,90.0,90.08334,90.16669,90.25,90.33334,90.41669,90.5,90.58334,90.66669,90.75,90.83334
25.0,,,,,,,,,,,,,,,,,,,,,,,,,,,,,,,,,,,,,32.913624,32.91278,32.879787,,,,,,,,,39.3063,38.958366,38.8861,38.727707,,38.747902,38.73346,38.962654,39.16737,39.286854,39.026665,38.851994,38.73009,38.630604,38.68636,38.697945,38.779575,38.91819,38.92525,38.904377,38.87293,38.848946,38.851505,38.85121,38.834236,38.849075,38.950813,39.022194,38.983868,39.02067,39.09797,39.208282,39.2723,39.4522,39.583218,39.638275,39.87105,39.47273,40.13791,40.65956,40.62696,40.74019,,,,,,,,,,,,,,,,,36.76032,36.643818,36.641964,36.67675,36.687553,36.70258,36.696884,36.670124,36.660355,36.69729,36.68794,36.69051,36.67798,36.673523,36.696926,36.73358,36.741917,36.73415,36.72384,36.719112,36.725266,36.73218,36.729332,36.70747,36.690544,36.698624,36.72023,36.72659,36.71671,36.68015,36.616653,36.585304,36.575836,36.578545,36.597755,36.615158,36.626324,36.611324,36.58938,36.588886,36.597866,36.60287,36.612106,36.61229,36.611794,36.610332,36.607372,36.603123,36.60168,36.598156,36.59929,36.59774,36.592728,36.58964,36.585087,36.5788,36.57109,36.564064,36.553284,36.551422,36.55031,36.543232,36.54418,36.539474,36.544212,36.559048,36.546635,36.550907,36.558247,36.551674,36.5439,36.52653,36.540577,36.538307,36.542305,36.55399,36.535076,36.53531,36.51173,36.52504,36.494144,36.538605,36.54036,36.48503,36.47166,36.444725,36.430817,36.40741,36.384197,36.39629,36.396294,36.401157,36.395992,36.39069,36.390026,36.3799,36.375893,36.37206,36.36106,36.355495,36.36636,36.38824,36.415226,36.453545,36.465572,36.46734,36.468105,36.46379,36.458214,36.433514,36.40974,36.386208,36.37955,36.35436,36.33345,36.319542,36.307,36.289387,36.28749,36.278046,36.298656,36.31268,36.365185,36.50936,,,,,,,,,,,,,,,,,,,,,,,,,,,,,,,,,,,,,,,,,,,,,,,,,,,,,,,,,,,,,,,,,,,,,,,,,,,,,,,,,,,,,,,,,,,,,,,,,,,,,,,,,,,,,,,,,,,,,,,,,,,,,,,,,,,,,,,,,,,,,,,,,,,,,,,,,,,,,,,,,,,,,,,,,,,,,,,,,,,,,,,,,,,,,,,,,,,,,,,,,,,,,,,,,,,,,,,,,,,,,,,,,,,,,,,,,,,,,,,,,,,,,,,,,,,,,,,,,,,,,,,,,,,,,,,,,,,,,,,,,,,,,,,,,,
24.916672,,,,,,,,,,,,,,,,,,,,,,,,,,,,,,,,,,,,,,32.86606,32.878517,,,,,,,,39.889954,39.686443,39.359016,39.16501,38.876682,39.014633,39.021744,39.06258,39.45777,39.77737,39.76752,39.38821,39.091347,38.952644,38.73804,38.821575,38.824966,38.952183,39.09259,,38.994987,38.995743,38.998703,39.007267,38.99719,39.063812,39.070107,39.1147,39.087715,39.057816,39.039593,39.169636,39.315704,39.33658,39.653603,39.79142,39.889755,40.512905,40.467815,41.4046,41.40272,,,,,,,,,,,,,,,,,,,36.730747,36.647957,36.636383,36.659554,36.681404,36.69707,36.70021,36.68687,36.649986,36.698345,36.684586,36.683628,36.67261,36.677826,36.715446,36.755756,36.75682,36.741306,36.730488,36.726257,36.7326,36.74089,36.7439,36.73635,36.72617,36.729332,36.738716,36.736954,36.721786,36.668148,36.59784,36.566093,36.545906,36.537327,36.56792,36.602848,36.612576,36.59214,36.595642,36.60968,36.617573,36.633884,36.640755,36.642002,36.64645,36.639126,36.640762,36.634483,36.635113,36.633858,36.635056,36.637882,36.62935,36.624916,36.6108,36.599487,36.585114,36.576885,36.567097,36.561123,36.560585,36.55066,36.54794,36.542553,36.547703,36.551468,36.53909,36.55731,36.58031,36.56036,36.560703,36.567646,36.565304,36.580925,36.578888,36.58898,36.569298,36.556805,36.53747,36.51233,36.47992,36.475197,36.471474,36.465218,36.46146,36.45054,36.431293,36.411556,36.39136,36.390434,36.400383,36.40086,36.392742,36.38678,36.38555,36.380466,36.38152,36.38388,36.383358,36.390797,36.41487,36.447395,36.46736,36.4746,36.470715,36.472576,36.473522,36.471657,36.47623,36.47703,36.45248,36.418373,36.421124,36.37388,36.348305,36.329826,36.307957,36.28689,36.281654,36.29087,36.315113,36.3479,36.41214,36.535637,,,,,,,,,,,,,,,,,,,,,,,,,,,,,,,,,,,,,,,,,,,,,,,,,,,,,,,,,,,,,,,,,,,,,,,,,,,,,,,,,,,,,,,,,,,,,,,,,,,,,,,,,,,,,,,,,,,,,,,,,,,,,,,,,,,,,,,,,,,,,,,,,,,,,,,,,,,,,,,,,,,,,,,,,,,,,,,,,,,,,,,,,,,,,,,,,,,,,,,,,,,,,,,,,,,,,,,,,,,,,,,,,,,,,,,,,,,,,,,,,,,,,,,,,,,,,,,,,,,,,,,,,,,,,,,,,,,,,,,,,,,,,,,,,,
24.833336,,,,,,,,,,,,,,,,,,,,,,,,,,,,,,,,,,,,,,32.85477,32.865116,,,,,,,,40.040367,39.766174,39.459602,39.19934,39.00978,39.141914,39.197536,39.290207,39.68708,39.976112,39.911022,39.62225,39.528934,39.03727,38.763386,38.96832,39.04513,39.184223,39.214615,39.183193,39.12536,39.13897,39.207485,39.189144,39.290462,39.303013,39.245007,39.163406,39.121017,39.257687,39.26318,39.386253,39.58886,39.601383,39.938652,40.152546,40.477123,41.34519,41.852196,42.013763,,,,,,,,,,,,,,,,,,,,36.918324,36.789986,36.64658,36.65646,36.676167,36.68156,36.690205,36.70382,36.674603,36.696754,36.691284,36.68358,36.670303,36.67813,36.721924,36.76765,36.765934,36.74456,36.730072,36.72323,36.72551,36.732685,36.74004,36.745743,36.74744,36.745358,36.742153,36.73768,36.71976,36.656597,36.579266,36.554405,36.54164,36.52906,36.55499,36.59583,36.599197,36.59391,36.609505,36.629166,36.65544,36.67637,36.67489,36.68488,36.678215,36.67559,36.674656,36.667324,36.67364,36.67069,36.676407,36.67682,36.67316,36.66763,36.65103,36.637093,36.614716,36.604473,36.587994,36.58357,36.57577,36.56982,36.561035,36.552956,36.55235,36.56288,36.5766,36.60821,36.631107,36.62896,36.653778,36.66319,36.65862,36.668724,36.66174,36.66241,36.647198,36.627705,36.604343,36.58501,36.5639,36.55134,36.545372,36.535194,36.51395,36.486446,36.440773,36.400265,36.39155,36.40297,36.41755,36.41649,36.406918,36.402885,36.399937,36.396805,36.399216,36.407608,36.418755,36.432545,36.449886,36.46277,36.46159,36.45352,36.462467,36.48274,36.48362,36.47007,36.46274,36.467453,36.475468,36.472946,36.46587,36.39224,36.363327,36.345978,36.310776,36.29357,36.29738,36.31223,36.322292,36.327106,36.341755,36.432613,36.340157,36.317417,36.322533,36.37648,,,,,,,,,,,,,,,,,,,,,,,,,,,,,,,,,,,,,,,,,,,,,,,,,,,,,,,,,,,,,,,,,,,,,,,,,,,,,,,,,,,,,,,,,,,,,,,,,,,,,,,,,,,,,,,,,,,,,,,,,,,,,,,,,,,,,,,,,,,,,,,,,,,,,,,,,,,,,,,,,,,,,,,,,,,,,,,,,,,,,,,,,,,,,,,,,,,,,,,,,,,,,,,,,,,,,,,,,,,,,,,,,,,,,,,,,,,,,,,,,,,,,,,,,,,,,,,,,,,,,,,,,,,,,,,,,,,,,,,,,,,,,,
24.75,,,,,,,,,,,,,,,,,,,,,,,,,,,,,,,,,,,,,,32.857788,32.86273,,,,,,,,40.186325,40.039803,,39.200745,,39.15237,,39.376266,39.76816,39.993217,40.010494,39.873066,39.993324,39.555996,39.33678,39.295273,39.421825,39.491604,39.438404,39.32917,39.27145,39.261658,39.34722,39.37273,39.5362,39.477787,39.27782,39.256275,39.33269,39.392967,39.49426,39.62064,39.908524,40.142822,40.416134,40.466347,40.838085,41.71259,42.08081,,,,,,,,,,,,,,,,,,,,,,36.88187,36.643715,36.637226,36.644672,36.648796,36.66195,36.69953,36.691082,36.644413,36.678215,36.674774,36.67221,36.686054,36.73026,36.773975,36.77337,36.748608,36.729053,36.7164,36.71061,36.711956,36.71505,36.71992,36.72286,36.728664,36.727276,36.722572,36.711052,36.647995,36.57376,36.551044,36.544964,36.5452,36.571724,36.598022,36.59595,36.59844,36.632263,36.676807,36.71736,36.715633,36.723583,36.72268,36.71368,36.710175,36.699142,36.69423,36.69151,36.685337,36.68787,36.686657,36.685925,36.684193,36.67848,36.6684,36.65553,36.643597,36.63039,36.62333,36.616383,36.61162,36.603962,36.597065,36.591896,36.599617,36.613255,36.640053,36.662487,36.678078,36.700016,36.705303,36.69773,36.70433,36.6976,36.69707,36.688526,36.682213,36.668816,36.65726,36.645817,36.63916,36.62986,36.617577,36.596,36.556614,36.486,36.408005,36.39298,36.416004,36.43588,36.440685,36.43868,36.43429,36.42938,36.421585,36.411243,36.405716,36.408176,36.41891,36.43072,36.43555,36.432163,36.4424,36.487995,36.523468,36.51397,36.490093,36.469822,36.46525,36.464684,36.467777,36.47537,36.421898,36.37825,36.36523,36.334343,36.302177,36.299778,36.30716,36.30357,36.29615,36.303486,36.351048,36.186245,36.229908,36.256863,36.319187,36.292557,36.341316,,,,,,,,,,,,,,,,,,,,,,,,,,,,,,,,,,,,,,,,,,,,,,,,,,,,,,,,,,,,,,,,,,,,,,,,,,,,,,,,,,,,,,,,,,,,,,,,,,,,,,,,,,,,,,,,,,,,,,,,,,,,,,,,,,,,,,,,,,,,,,,,,,,,,,,,,,,,,,,,,,,,,,,,,,,,,,,,,,,,,,,,,,,,,,,,,,,,,,,,,,,,,,,,,,,,,,,,,,,,,,,,,,,,,,,,,,,,,,,,,,,,,,,,,,,,,,,,,,,,,,,,,,,,,,,,,,,,,,,,,,,,
24.666672,,,,,,,,,,,,,,,,,,,,,,,,,,,,,,,,,,,,,,,,,,,,,,,40.18933,40.07609,39.7429,39.30751,39.402527,39.311836,39.634205,39.58531,39.784725,39.974083,40.07595,40.178036,40.288734,39.967205,40.005344,39.79082,39.80374,39.695763,39.547997,39.466576,39.389675,39.372494,39.445763,39.492874,39.618946,39.63724,39.695015,39.577793,39.604553,39.581627,39.639626,39.80763,40.17048,40.482353,40.73571,40.79255,41.29523,41.980724,42.079105,,,,,,,,,,,,,,,,,,,,,,36.840923,36.67331,36.632553,36.635227,36.64348,36.645138,36.690395,36.70934,36.638405,36.67699,36.685318,36.67098,36.67984,36.720146,36.770805,36.78388,36.769234,36.752148,36.73192,36.71319,36.7002,36.6934,36.69704,36.698135,36.69853,36.70151,36.70913,36.711243,36.64825,36.57378,36.55943,36.55317,36.562153,36.58081,36.597103,36.60084,36.626896,36.686504,36.74124,36.74816,36.749702,36.760517,36.754356,36.749077,36.746666,36.73345,36.72665,36.71814,36.711998,36.70275,36.701435,36.696903,36.69421,36.694237,36.689873,36.68572,36.6774,36.66878,36.659016,36.65369,36.64673,36.644947,36.640743,36.638042,36.63356,36.63632,36.64807,36.66073,36.678307,36.69313,36.71367,36.724236,36.73552,36.72825,36.706482,36.698994,36.69486,36.69023,36.68583,36.67971,36.67711,36.67066,36.663616,36.650772,36.6284,36.576138,36.47914,36.392563,36.42069,36.45117,36.459797,36.469547,36.471878,36.466125,36.461082,36.4485,36.436405,36.424057,36.418636,36.419777,36.421776,36.42875,36.465706,36.52954,36.528442,36.50427,36.475643,36.457825,36.462635,36.46512,36.461506,36.45936,36.423897,36.39019,36.378666,36.346416,36.319046,36.31361,36.309765,36.29651,36.293243,36.315506,36.289738,36.164715,36.167248,36.20987,36.19621,36.239834,36.32015,,,,,,,,,,,,,,,,,,,,,,,,,,,,,,,,,,,,,,,,,,,,,,,,,,,,,,,,,,,,,,,,,,,,,,,,,,,,,,,,,,,,,,,,,,,,,,,,,,,,,,,,,,,,,,,,,,,,,,,,,,,,,,,,,,,,,,,,,,,,,,,,,,,,,,,,,,,,,,,,,,,,,,,,,,,,,,,,,,,,,,,,,,,,,,,,,,,,,,,,,,,,,,,,,,,,,,,,,,,,,,,,,,,,,,,,,,,,,,,,,,,,,,,,,,,,,,,,,,,,,,,,,,,,,,,,,,,,,,,,,,,,
24.583336,,,,,,,,,,,,,,,,,,,,,,,,,,,,,,,,,,,,,,,,,,,,,,,40.126564,40.09389,39.827393,39.587067,39.572716,39.574795,39.705013,39.705208,39.803234,39.97573,40.0491,40.319912,40.423565,40.261272,40.22681,40.031292,39.969246,39.81301,39.62749,,39.4915,39.513176,,39.70144,39.733078,39.73266,39.878197,39.72315,39.856354,39.9563,40.04435,40.12141,40.501797,40.809353,41.176567,41.476574,41.50647,41.868347,,,,,,,,,,,,,,,,,,,,,,,,36.871708,36.718555,36.702423,36.665604,36.64651,36.690834,36.729416,36.687126,36.646534,36.67932,36.69044,36.695084,36.723465,36.76552,36.789978,36.787563,36.77865,36.766315,36.750546,36.725765,36.69903,36.68118,36.679443,36.681564,36.693684,36.710236,36.71023,36.64852,36.57187,36.56901,36.57098,36.578423,36.591007,36.6054,36.618755,36.663795,36.731106,36.762188,36.74782,36.760822,36.768955,36.76638,36.76578,36.763195,36.76357,36.75564,36.752666,36.746384,36.73771,36.73053,36.72338,36.71468,36.711113,36.704338,36.701866,36.697037,36.691906,36.685513,36.67828,36.672504,36.66794,36.66627,36.665672,36.66478,36.66414,36.66287,36.664303,36.67003,36.67487,36.68641,36.69192,36.68901,36.688393,36.691628,36.71978,36.742256,36.708435,36.687836,36.687553,36.681763,36.67726,36.667988,36.652885,36.64144,36.621628,36.577347,36.45335,36.410492,36.44644,36.47042,36.477947,36.481518,36.478493,36.477444,36.48315,36.485157,36.474743,36.46283,36.45724,36.456383,36.472057,36.506504,36.53235,36.513332,36.483162,36.455376,36.45476,36.456795,36.46265,36.463,36.448826,36.421555,36.405094,36.389664,36.35495,36.32704,36.307964,36.288006,36.27857,36.294167,36.313297,36.219116,36.16186,36.144245,36.15589,36.032013,36.13687,36.27067,,,,,,,,,,,,,,,,,,,,,,,,,,,,,,,,,,,,,,,,,,,,,,,,,,,,,,,,,,,,,,,,,,,,,,,,,,,,,,,,,,,,,,,,,,,,,,,,,,,,,,,,,,,,,,,,,,,,,,,,,,,,,,,,,,,,,,,,,,,,,,,,,,,,,,,,,,,,,,,,,,,,,,,,,,,,,,,,,,,,,,,,,,,,,,,,,,,,,,,,,,,,,,,,,,,,,,,,,,,,,,,,,,,,,,,,,,,,,,,,,,,,,,,,,,,,,,,,,,,,,,,,,,,,,,,,,,,,,,,,,,,,
24.5,,,,,,,,,,,,,,,,,,,,,,,,,,,,,,,,,,,,,,,,,,,,,,39.46357,39.873444,40.05835,40.00945,,39.6878,39.799953,39.829163,39.838375,39.90643,40.013542,,40.413387,40.456635,40.38298,40.349308,40.12893,40.07244,39.96981,39.74439,39.893467,39.769566,39.70014,,,40.045654,40.068424,40.1648,40.036964,40.124287,40.29364,40.476624,40.58732,40.90709,41.244965,41.589005,41.92224,41.76156,41.811512,,,,,,,,,,,,,,,,,,,,,,,,36.980434,36.916115,36.82965,36.71405,36.65239,36.687096,36.76113,36.757133,36.695427,36.65853,36.669834,36.684254,36.70564,36.740692,36.777336,36.793884,36.797836,36.790863,36.775116,36.752758,36.72966,36.702404,36.680664,36.67265,36.68193,36.701416,36.712326,36.658413,36.57909,36.57324,36.579945,36.586693,36.59574,36.6127,36.641075,36.701378,36.761036,36.77211,36.770615,36.793118,36.782574,36.786976,36.788074,36.785454,36.79416,36.793198,36.798096,36.799267,36.797108,36.791374,36.7862,36.773773,36.76584,36.751633,36.740402,36.72828,36.716248,36.70443,36.69328,36.68161,36.67044,36.6609,36.65666,36.660038,36.672497,36.688614,36.710342,36.726135,36.744286,36.75383,36.750416,36.735603,36.717808,36.699875,36.688328,36.69164,36.70786,36.722458,36.72554,36.739006,36.715683,36.698254,36.677635,36.640198,36.613102,36.643536,36.610386,36.476955,36.427612,36.445694,36.46306,36.46485,36.455936,36.45005,36.46943,36.499638,36.517673,36.52441,36.51801,36.50736,36.51177,36.52547,36.5325,36.51555,36.481804,36.469696,36.47294,36.46543,36.462727,36.46089,36.449924,36.434307,36.426254,36.40374,36.3691,36.32842,36.28655,36.262512,36.24938,36.251102,36.24327,36.165016,36.128494,36.122715,36.07493,35.9433,35.997498,36.140118,36.1183,,,,,,,,,,,,,,,,,,,,,,,,,,,,,,,,,,,,,,,,,,,,,,,,,,,,,,,,,,,,,,,,,,,,,,,,,,,,,,,,,,,,,,,,,,,,,,,,,,,,,,,,,,,,,,,,,,,,,,,,,,,,,,,,,,,,,,,,,,,,,,,,,,,,,,,,,,,,,,,,,,,,,,,,,,,,,,,,,,,,,,,,,,,,,,,,,,,,,,,,,,,,,,,,,,,,,,,,,,,,,,,,,,,,,,,,,,,,,,,,,,,,,,,,,,,,,,,,,,,,,,,,,,,,,,,,,,,,,,,,,,,
24.416672,,,,,,,,,,,,,,,,,,,,,,,,,,,,,,,,,,,,,,,,,,,,,,39.10655,,,39.93139,39.918095,39.82582,39.937534,39.935925,39.9325,39.874477,39.949535,40.118877,40.284622,40.421715,40.476265,40.4678,40.24953,40.23367,40.17131,40.023067,40.11256,40.103123,39.94471,40.146275,40.37702,40.39586,40.474674,40.62431,40.525978,40.545563,40.663868,40.79392,40.952374,41.247604,41.576443,41.84147,42.04403,,,,,,,,,,,,,,,,,,,,,,,,,,,36.987633,36.958256,36.872734,36.736656,36.76121,36.794624,36.813625,36.79564,36.708412,36.67515,36.665215,36.67225,36.68708,36.710938,36.736973,36.750637,36.751263,36.744846,36.731453,36.7151,36.69533,36.67857,36.66929,36.67362,36.69903,36.717293,36.665558,36.591743,36.582005,36.586006,36.594406,36.60408,36.629868,36.672337,36.736427,36.789062,36.797897,36.816994,36.824684,36.80535,36.806843,36.804462,36.808895,36.819218,36.82361,36.834023,36.83868,36.841125,36.841812,36.84215,36.837677,36.833435,36.82655,36.817703,36.806694,36.794212,36.778107,36.760326,36.73994,36.717686,36.69144,36.663345,36.637684,36.618492,36.6164,36.641243,36.693684,36.751648,36.77355,36.771313,36.749084,36.735638,36.72778,36.72003,36.699394,36.69502,36.695885,36.697613,36.72497,36.722298,36.73473,36.733315,36.69193,36.6226,36.607327,36.636707,36.596657,36.497578,36.44436,36.437336,36.44087,36.437073,36.44436,36.507572,36.561802,36.571533,36.577568,36.580673,36.56989,36.57192,36.56727,36.55859,36.529522,36.491543,36.489574,36.4987,36.486713,36.482513,36.47449,36.46215,36.450394,36.439106,36.414528,36.381916,36.335934,36.289192,36.259567,36.23969,36.224678,36.19541,36.13911,36.093193,36.09354,36.052288,35.931408,35.927303,36.041332,36.066143,,,,,,,,,,,,,,,,,,,,,,,,,,,,,,,,,,,,,,,,,,,,,,,,,,,,,,,,,,,,,,,,,,,,,,,,,,,,,,,,,,,,,,,,,,,,,,,,,,,,,,,,,,,,,,,,,,,,,,,,,,,,,,,,,,,,,,,,,,,,,,,,,,,,,,,,,,,,,,,,,,,,,,,,,,,,,,,,,,,,,,,,,,,,,,,,,,,,,,,,,,,,,,,,,,,,,,,,,,,,,,,,,,,,,,,,,,,,,,,,,,,,,,,,,,,,,,,,,,,,,,,,,,,,,,,,,,,,,,,,,,,
24.333336,,,,,,,,,,,,,,,,,,,,,,,,,,,,,,,,,,,,,,,,,,,,,,,,39.38629,39.691963,39.79682,39.88545,39.992058,40.007725,39.969345,39.76446,39.82931,39.97138,40.151886,40.304535,,40.503887,40.452423,40.46518,40.43916,40.381367,40.413857,40.419014,40.33868,40.434277,40.56779,40.645397,40.738976,40.998444,41.00282,41.01248,41.027786,41.11864,41.32656,41.58872,41.785973,41.943703,42.046364,,,,,,,,,,,,,,,,,,,,,,,,,,,,,36.996197,36.889755,36.84055,36.810154,36.825138,36.862064,36.833786,36.77551,36.708282,36.68576,36.67627,36.678654,36.688896,36.694103,36.69477,36.693413,36.689445,36.68288,36.674065,36.669506,36.66855,36.6747,36.69961,36.723927,36.680798,36.605083,36.58889,36.59446,36.60261,36.61448,36.646538,36.698563,36.76077,36.8099,36.821754,36.841232,36.83822,36.823017,36.814182,36.80774,36.8151,36.824036,36.82797,36.835712,36.83828,36.83909,36.83519,36.832882,36.8286,36.82476,36.82301,36.82156,36.821026,36.81986,36.817898,36.8136,36.80503,36.793186,36.773903,36.747696,36.713295,36.670986,36.630516,36.599056,36.60913,36.683754,36.742126,36.75709,36.720085,36.70829,36.706394,36.70959,36.704113,36.701633,36.697224,36.68815,36.693016,36.706177,36.70149,36.704742,36.733757,36.692646,36.574512,36.603085,36.644176,36.611324,36.532093,36.464928,36.440643,36.432102,36.455112,36.558777,36.615562,36.61717,36.61114,36.608883,36.61031,36.624435,36.616386,36.582638,36.538628,36.50252,36.50552,36.527412,36.53059,36.527138,36.51308,36.486588,36.456993,36.439632,36.419525,36.39171,36.351612,36.301754,36.25603,36.2256,36.209072,36.180656,36.12214,36.071503,36.029335,35.996243,35.88668,35.863842,35.951096,35.99469,,,,,,,,,,,,,,,,,,,,,,,,,,,,,,,,,,,,,,,,,,,,,,,,,,,,,,,,,,,,,,,,,,,,,,,,,,,,,,,,,,,,,,,,,,,,,,,,,,,,,,,,,,,,,,,,,,,,,,,,,,,,,,,,,,,,,,,,,,,,,,,,,,,,,,,,,,,,,,,,,,,,,,,,,,,,,,,,,,,,,,,,,,,,,,,,,,,,,,,,,,,,,,,,,,,,,,,,,,,,,,,,,,,,,,,,,,,,,,,,,,,,,,,,,,,,,,,,,,,,,,,,,,,,,,,,,,,,,,,,,,,
24.25,,,,,,,,,,,,,,,,,,,,,,,,,,,,,,,,,,,,,,,,,,,,,,,,,,,39.841793,39.918488,,39.916725,39.717087,39.749012,39.875347,40.118393,40.20751,40.26599,40.46976,40.602257,40.664055,40.685658,40.70092,40.717865,40.724304,40.730347,40.78311,40.848156,40.873264,40.993893,41.335083,,,41.38283,41.45851,41.647488,41.79097,41.89565,,,,,,,,,,,,,,,,,,,,,,,,,,,,,,,37.051662,37.008957,36.93602,36.88021,36.890327,36.92258,36.927505,36.90624,36.87522,36.818783,36.756565,36.72068,36.70135,36.690006,36.681835,36.67592,36.67142,36.668438,36.668438,36.671047,36.672043,36.68089,36.705017,36.73087,36.696632,36.625637,36.596825,36.602654,36.60914,36.625587,36.658024,36.716774,36.776756,36.82064,36.83831,36.85479,36.853386,36.84528,36.830776,36.817245,36.82097,36.828293,36.830616,36.833447,36.83475,36.832714,36.825592,36.82122,36.816933,36.81248,36.81053,36.80898,36.808968,36.806446,36.805386,36.80366,36.800274,36.796295,36.790092,36.778828,36.76159,36.735313,36.699036,36.653435,36.6124,36.648506,36.730007,36.769676,36.72103,36.69426,36.683544,36.6696,36.667637,36.675526,36.68618,36.678455,36.670532,36.68422,36.680935,36.669712,36.701035,36.71955,36.617767,36.553123,36.61685,36.642197,36.60942,36.5421,36.482475,36.446957,36.4917,36.589275,36.62152,36.607548,36.589565,36.58882,36.601772,36.62661,36.618473,36.577324,36.536663,36.511654,36.510937,36.530636,36.547375,36.558613,36.56012,36.534126,36.474358,36.428326,36.413643,36.391834,36.362972,36.320686,36.2674,36.21218,36.176003,36.1508,36.096542,36.06408,35.997135,35.94483,35.885143,35.853577,35.86139,35.914276,,,,,,,,,,,,,,,,,,,,,,,,,,,,,,,,,,,,,,,,,,,,,,,,,,,,,,,,,,,,,,,,,,,,,,,,,,,,,,,,,,,,,,,,,,,,,,,,,,,,,,,,,,,,,,,,,,,,,,,,,,,,,,,,,,,,,,,,,,,,,,,,,,,,,,,,,,,,,,,,,,,,,,,,,,,,,,,,,,,,,,,,,,,,,,,,,,,,,,,,,,,,,,,,,,,,,,,,,,,,,,,,,,,,,,,,,,,,,,,,,,,,,,,,,,,,,,,,,,,,,,,,,,,,,,,,,,,,,,,,,,,
24.166672,,,,,,,,,,,,,,,,,,,,,,,,,,,,,,,,,,,,,,,,,,,,,,,,,,,39.53675,39.696217,39.645435,39.74467,39.67039,39.66979,39.77769,40.113747,40.136597,40.181114,40.348553,40.563927,40.741447,40.830402,40.886627,40.920017,40.971878,41.011547,41.023243,41.044674,41.02167,41.118492,41.470173,41.504955,41.52937,41.5875,41.626987,41.720234,41.824257,,,,,,,,,,,,,,,,,,,,,,,,,,,,,,,,,37.068707,37.026173,36.96574,36.961086,36.96677,36.965244,36.95742,36.956837,36.929024,36.86301,36.788067,36.739567,36.710545,36.690327,36.67676,36.67293,36.67542,36.67319,36.67338,36.672447,36.68663,36.71182,36.735794,36.714653,36.6485,36.605408,36.613518,36.6116,36.636475,36.660263,36.728012,36.78204,36.82533,36.842403,36.855995,36.854595,36.855137,36.841312,36.826313,36.823418,36.828796,36.83054,36.82894,36.825153,36.821236,36.812305,36.807274,36.806126,36.805077,36.805294,36.807705,36.811005,36.81376,36.815838,36.818848,36.819233,36.816933,36.81135,36.79863,36.777687,36.75201,36.72558,36.696907,36.65043,36.62944,36.713234,36.771076,36.710674,36.676712,36.668995,36.646904,36.63721,36.64106,36.648315,36.647163,36.651783,36.66494,36.66396,36.65123,36.67742,36.714535,36.665237,36.532867,36.55413,36.625053,36.623833,36.5845,36.52406,36.48194,36.543293,36.610126,36.616924,36.590553,36.5703,36.567,36.581886,36.61131,36.614365,36.58014,36.547176,36.52692,36.52134,36.528954,36.541187,36.556232,36.57225,36.58205,36.53214,36.441242,36.401066,36.383232,36.36015,36.330673,36.289993,36.23391,36.17348,36.134323,36.088947,36.047512,35.99209,35.93904,35.88749,35.83981,35.807606,35.818695,35.727016,,,,,,,,,,,,,,,,,,,,,,,,,,,,,,,,,,,,,,,,,,,,,,,,,,,,,,,,,,,,,,,,,,,,,,,,,,,,,,,,,,,,,,,,,,,,,,,,,,,,,,,,,,,,,,,,,,,,,,,,,,,,,,,,,,,,,,,,,,,,,,,,,,,,,,,,,,,,,,,,,,,,,,,,,,,,,,,,,,,,,,,,,,,,,,,,,,,,,,,,,,,,,,,,,,,,,,,,,,,,,,,,,,,,,,,,,,,,,,,,,,,,,,,,,,,,,,,,,,,,,,,,,,,,,,,,,,,,,,,,,,
24.083336,,,,,,,,,,,,,,,,,,,,,,,,,,,,,,,,,,,,,,,,,,,,,,,,,,,39.31419,39.498165,39.544167,39.617535,39.587788,39.58669,39.649235,39.93651,,,,,,,,,,,,,41.144093,41.168056,41.39161,41.460693,41.514538,41.601562,,,,,,,,,,,,,,,,,,,,,,,,,,,,,,,,,,,,,37.046543,37.008938,36.99232,36.988884,36.97968,36.96422,36.94264,36.914906,36.87323,36.826653,36.787716,36.75807,36.732742,36.71601,36.713882,36.71626,36.70428,36.68501,36.676735,36.69026,36.715366,36.737602,36.733433,36.677456,36.617336,36.624294,36.613945,36.643505,36.657883,36.72828,36.77873,36.821632,36.8372,36.847153,36.84856,36.849483,36.843826,36.829014,36.817425,36.81788,36.820194,36.814228,36.805073,36.79801,36.78869,36.78362,36.78558,36.78501,36.78512,36.78507,36.785233,36.78723,36.789703,36.79561,36.802204,36.808456,36.81315,36.814743,36.807476,36.786232,36.75186,36.715664,36.688515,36.651096,36.706463,36.77421,36.73249,36.683037,36.67226,36.646408,36.63436,36.628777,36.62818,36.627895,36.63069,36.635242,36.639027,36.655952,36.68019,36.70479,36.678474,36.533947,36.509098,36.597622,36.632175,36.600388,36.547768,36.525406,36.58272,36.621174,36.611008,36.58237,36.5625,36.55464,36.55579,36.57113,36.598824,36.586514,36.570564,36.556076,36.550907,36.551617,36.553932,36.559784,36.56621,36.582516,36.58333,36.492195,36.404854,36.381153,36.354984,36.32363,36.297165,36.260216,36.212048,36.164375,36.12445,36.07253,36.01678,35.95655,35.87664,35.807217,35.745605,35.69735,35.653114,,,,,,,,,,,,,,,,,,,,,,,,,,,,,,,,,,,,,,,,,,,,,,,,,,,,,,,,,,,,,,,,,,,,,,,,,,,,,,,,,,,,,,,,,,,,,,,,,,,,,,,,,,,,,,,,,,,,,,,,,,,,,,,,,,,,,,,,,,,,,,,,,,,,,,,,,,,,,,,,,,,,,,,,,,,,,,,,,,,,,,,,,,,,,,,,,,,,,,,,,,,,,,,,,,,,,,,,,,,,,,,,,,,,,,,,,,,,,,,,,,,,,,,,,,,,,,,,,,,,,,,,,,,,,,,,,,,,,,,,,,
24.0,,,,,,,,,,,,,,,,,,,,,,,,,,,,,,,,,,,,,,,,,,,,,,,,,,,39.281746,39.422348,39.46881,39.504997,39.503506,39.510937,39.511295,,,,,,,,,,,,,,,,,,,,,,,,,,,,,,,,,,,,,,,,,,,,,,,,,,,,,,,,,37.03419,37.0318,37.012466,36.984932,36.972427,36.948776,36.918427,36.894836,36.869156,36.85148,36.840015,36.816147,36.7929,36.78716,36.789394,36.773384,36.740814,36.7144,36.715225,36.729965,36.743164,36.74791,36.70758,36.639744,36.630703,36.62886,36.637035,36.65324,36.717022,36.767063,36.81278,36.832115,36.838604,36.840244,36.841377,36.842957,36.831978,36.813927,36.80823,36.810566,36.8058,36.793587,36.79004,36.78441,36.78254,36.787865,36.78963,36.79014,36.791832,36.79249,36.79352,36.79601,36.79888,36.80359,36.806644,36.808243,36.807343,36.803135,36.795708,36.7794,36.74419,36.703304,36.686234,36.660183,36.74191,36.741917,36.71204,36.69872,36.67384,36.656292,36.64451,36.64533,36.646996,36.660816,36.66937,36.673035,36.678074,36.679005,36.65817,36.639214,36.51374,36.46288,36.561443,36.636295,36.611996,36.56734,36.565983,36.605457,36.62868,36.61326,36.593067,36.573997,36.55539,36.53602,36.517654,36.523132,36.541996,36.56286,36.571842,36.572086,36.56119,36.543766,36.549335,36.556705,36.567337,36.59043,36.538593,36.43879,36.394276,36.365086,36.31191,36.285923,36.262905,36.23476,36.20455,36.16526,36.09785,36.001076,35.926632,35.850677,35.794224,35.710777,35.63026,35.568085,35.495724,,,,,,,,,,,,,,,,,,,,,,,,,,,,,,,,,,,,,,,,,,,,,,,,,,,,,,,,,,,,,,,,,,,,,,,,,,,,,,,,,,,,,,,,,,,,,,,,,,,,,,,,,,,,,,,,,,,,,,,,,,,,,,,,,,,,,,,,,,,,,,,,,,,,,,,,,,,,,,,,,,,,,,,,,,,,,,,,,,,,,,,,,,,,,,,,,,,,,,,,,,,,,,,,,,,,,,,,,,,,,,,,,,,,,,,,,,,,,,,,,,,,,,,,,,,,,,,,,,,,,,,,,,,,,,,,,,,,,,,,,
23.916672,,,,,,,,,,,,,,,,,,,,,,,,,,,,,,,,,,,,,,,,,,,,,,,,,,,,,,,,,,,,,,,,,,,,,,,,,,,,,,,,,,,,,,,,,,,,,,,,,,,,,,,,,,,,,,,,,,,,37.01129,37.008762,37.026577,36.999977,36.97299,36.956,36.92087,36.91909,36.90905,36.897774,36.87886,36.86321,36.86081,36.846626,36.813858,36.779934,36.762974,36.763226,36.7566,36.762863,36.737328,36.666557,36.634453,36.64547,36.628998,36.651226,36.69823,36.753723,36.796993,36.821712,36.830162,36.83085,36.83252,36.837925,36.833485,36.81263,36.799397,36.802853,36.79898,36.786343,36.784256,36.78113,36.77757,36.780663,36.782593,36.781002,36.7806,36.77935,36.779484,36.780354,36.784344,36.792927,36.804047,36.813305,36.81898,36.817013,36.803898,36.787556,36.765842,36.731106,36.692528,36.658436,36.73112,36.73639,36.732845,36.734596,36.725124,36.71895,36.708305,36.706005,36.696053,36.683723,36.664997,36.64807,36.630245,36.612213,36.574276,36.54832,36.470226,36.416622,36.528297,36.634644,36.62396,36.585873,36.59478,36.62564,36.64118,36.63953,36.62992,36.6107,36.589504,36.562202,36.522243,36.505077,36.506763,36.531796,36.5544,36.546722,36.49548,36.468647,36.497074,36.53014,36.546535,36.58159,36.572506,36.48262,36.42377,36.400173,36.332394,36.285976,36.263992,36.242638,36.22009,36.18122,36.104572,36.004353,35.929947,35.890076,35.890728,35.77379,35.627556,35.56328,35.50584,35.4669,,,,,,,,,,,,,,,,,,,,,,,,,,,,,,,,,,,,,,,,,,,,,,,,,,,,,,,,,,,,,,,,,,,,,,,,,,,,,,,,,,,,,,,,,,,,,,,,,,,,,,,,,,,,,,,,,,,,,,,,,,,,,,,,,,,,,,,,,,,,,,,,,,,,,,,,,,,,,,,,,,,,,,,,,,,,,,,,,,,,,,,,,,,,,,,,,,,,,,,,,,,,,,,,,,,,,,,,,,,,,,,,,,,,,,,,,,,,,,,,,,,,,,,,,,,,,,,,,,,,,,,,,,,,,,,,,,,,,,,,
23.833336,,,,,,,,,,,,,,,,,,,,,,,,,,,,,,,,,,,,,,,,,,,,,,,,,,,,,,,,,,,,,,,,,,,,,,,,,,,,,,,,,,,,,,,,,,,,,,,,,,,,,,,,,,,,,,,,,,,,,,37.085876,37.06604,37.04538,37.05224,37.017555,37.015297,37.001717,36.988808,36.95326,36.910507,36.89633,36.880314,36.857845,36.829693,36.80485,36.790375,36.77347,36.771843,36.76591,36.70918,36.647,36.654858,36.647266,36.648365,36.671623,36.733753,36.78068,36.811832,36.822914,36.823925,36.822506,36.82981,36.832947,36.81461,36.796864,36.797176,36.79628,36.785854,36.78332,36.78261,36.779247,36.77888,36.78084,36.780636,36.782055,36.780537,36.778473,36.77652,36.773865,36.777763,36.785805,36.7964,36.807343,36.812214,36.813747,36.802677,36.777885,36.75303,36.711605,36.685024,36.691,36.679947,36.680347,36.712208,36.72765,36.737915,36.71295,36.678337,36.61919,36.580166,36.55867,36.546097,36.538925,36.52844,36.50056,36.473198,36.42374,36.380035,36.48684,36.634335,36.644203,36.607533,36.613495,36.64812,36.670406,36.680958,36.664875,36.630318,36.608498,36.589775,36.551125,36.522934,36.512135,36.525597,36.51134,36.468655,36.41509,36.40133,36.438713,36.492043,36.528393,36.56565,36.58708,36.519173,36.47033,36.46285,36.408012,36.335793,36.290695,36.252907,36.22332,36.184998,36.107132,36.017567,35.962284,35.948605,35.938545,35.82125,35.632137,35.614334,35.5874,35.518044,35.487465,,,,,,,,,,,,,,,,,,,,,,,,,,,,,,,,,,,,,,,,,,,,,,,,,,,,,,,,,,,,,,,,,,,,,,,,,,,,,,,,,,,,,,,,,,,,,,,,,,,,,,,,,,,,,,,,,,,,,,,,,,,,,,,,,,,,,,,,,,,,,,,,,,,,,,,,,,,,,,,,,,,,,,,,,,,,,,,,,,,,,,,,,,,,,,,,,,,,,,,,,,,,,,,,,,,,,,,,,,,,,,,,,,,,,,,,,,,,,,,,,,,,,,,,,,,,,,,,,,,,,,,,,,,,,,,,,,,,,,,
23.75,,,,,,,,,,,,,,,,,,,,,,,,,,,,,,,,,,,,,,,,,,,,,,,,,,,,,,,,,,,,,,,,,,,,,,,,,,,,,,,,,,,,,,,,,,,,,,,,,,,,,,,,,,,,,,,,,,,,,,,,,37.16151,37.131203,37.0984,37.07852,37.087532,37.057934,37.000225,36.942875,36.915577,36.891113,36.863617,36.840633,36.818092,36.77755,36.76324,36.775227,36.739315,36.66123,36.643604,36.6622,36.656094,36.653477,36.705154,36.759567,36.797478,36.813633,36.816826,36.813747,36.819946,36.830177,36.821445,36.799618,36.79491,36.798225,36.792213,36.786835,36.78896,36.789154,36.787327,36.787785,36.78798,36.789536,36.788956,36.785435,36.779438,36.7756,36.77775,36.78572,36.796513,36.80714,36.81177,36.811127,36.806923,36.79351,36.7727,36.74451,36.72514,36.684147,36.636932,36.59209,36.59475,36.610542,36.646366,36.592842,36.536556,36.50494,36.50754,36.51055,36.509468,36.503773,36.48803,36.451897,36.41904,36.390087,36.37637,36.436275,36.602413,36.67781,36.654,36.646107,36.671,36.703403,36.725494,36.69567,36.627365,36.588497,36.57028,36.5341,36.514267,36.492947,36.48546,36.492855,36.49702,36.436226,36.39488,36.412415,36.466187,36.51558,36.562164,36.59256,36.54826,36.50244,36.50434,36.448204,36.34102,36.2939,36.25638,36.22573,36.197803,36.138653,36.067413,36.03263,36.012947,35.95483,35.83677,35.66862,35.70681,35.64134,35.57279,35.502438,35.462368,35.42085,35.348045,35.239132,35.12882,,,,,,,,,,,,,,,,,,,,,,,,,,,,,,,,,,,,,,,,,,,,,,,,,,,,,,,,,,,,,,,,,,,,,,,,,,,,,,,,,,,,,,,,,,,,,,,,,,,,,,,,,,,,,,,,,,,,,,,,,,,,,,,,,,,,,,,,,,,,,,,,,,,,,,,,,,,,,,,,,,,,,,,,,,,,,,,,,,,,,,,,,,,,,,,,,,,,,,,,,,,,,,,,,,,,,,,,,,,,,,,,,,,,,,,,,,,,,,,,,,,,,,,,,,,,,,,,,,,,,,,,,,,,,,,,,,
23.666672,,,,,,,,,,,,,,,,,,,,,,,,,,,,,,,,,,,,,,,,,,,,,,,,,,,,,,,,,,,,,,,,,,,,,,,,,,,,,,,,,,,,,,,,,,,,,,,,,,,,,,,,,,,,,,,,,,,,,,,,,,,,,37.166946,37.134655,37.05546,36.98467,36.96326,36.93786,36.905804,36.87512,36.85836,36.810303,36.779163,36.792854,36.76328,36.67238,36.629402,36.63112,36.66228,36.651512,36.679607,36.732975,36.779552,36.80243,36.808567,36.80719,36.810024,36.82391,36.82811,36.809597,36.79469,36.79888,36.800056,36.796043,36.795963,36.797848,36.79584,36.7949,36.795517,36.796093,36.79552,36.791008,36.781715,36.77015,36.767216,36.77331,36.786293,36.79975,36.809128,36.81346,36.809063,36.798058,36.785324,36.757454,36.739784,36.715847,36.67072,36.604923,36.54627,36.503017,36.513428,36.499966,36.50526,36.53148,36.5576,36.56209,36.553864,36.5358,36.50352,36.445145,36.394516,36.37068,36.38522,36.419804,36.54475,36.659027,36.681534,36.67543,36.68867,36.720676,36.75098,36.72546,36.633656,36.581112,36.558075,36.512875,36.479546,36.46905,36.49739,36.55889,36.56631,36.491604,36.407413,36.39636,36.42093,36.47416,36.538074,36.586815,36.57065,36.53264,36.533478,36.437496,36.28566,36.24294,36.232746,36.23137,36.202282,36.17099,36.13282,36.102657,36.04574,35.957752,35.831905,35.752914,35.761967,35.68143,35.628662,35.527275,35.45979,35.401035,35.327938,35.236015,35.11249,34.90291,34.724716,,,32.75969,32.639915,,,,,,,,,,,,,,,,,,,,,,,,,,,,,,,,,,,,,,,,,,,,,,,,,,,,,,,,,,,,,,,,,,,,,,,,,,,,,,,,,,,,,,,,,,,,,,,,,,,,,,,,,,,,,,,,,,,,,,,,,,,,,,,,,,,,,,,,,,,,,,,,,,,,,,,,,,,,,,,,,,,,,,,,,,,,,,,,,,,,,,,,,,,,,,,,,,,,,,,,,,,,,,,,,,,,,,,,,,,,,,,,,,,,,,,,,,,,,,,,,,,,,,,,,,,,,,,,,,,,,,,,,,,,
23.583336,,,,,,,,,,,,,,,,,,,,,,,,,,,,,,,,,,,,,,,,,,,,,,,,,,,,,,,,,,,,,,,,,,,,,,,,,,,,,,,,,,,,,,,,,,,,,,,,,,,,,,,,,,,,,,,,,,,,,,,,,,,,,,,,,36.98987,36.96562,36.92325,36.870358,36.850292,36.817715,36.79679,36.803387,36.76331,36.68092,36.63135,36.589817,36.62807,36.657,36.668095,36.70853,36.758736,36.788902,36.800697,36.801952,36.801006,36.81301,36.82835,36.825253,36.803795,36.796696,36.799595,36.80052,36.80024,36.801037,36.79903,36.79986,36.80282,36.805313,36.805527,36.800205,36.787502,36.772583,36.766453,36.77039,36.781677,36.79554,36.804623,36.809456,36.808876,36.802635,36.790005,36.769665,36.74766,36.73677,36.7323,36.707176,36.617878,36.530468,36.520836,36.52746,36.555847,36.57661,36.571957,36.56455,36.55978,36.5501,36.534607,36.481262,36.410583,36.366295,36.375347,36.415165,36.507885,36.612396,36.677116,36.696938,36.707947,36.735226,36.760777,36.72445,36.624355,36.576878,36.55935,36.524975,36.483578,36.475346,36.572323,36.61187,36.61251,36.57373,36.47684,36.41347,36.372437,36.396004,36.479687,36.551952,36.568195,36.550472,36.54689,36.39403,36.257015,36.231728,36.26689,36.255924,36.199066,36.18138,36.163258,36.137295,36.075123,35.992413,35.91262,35.84725,35.79251,35.727974,35.644028,35.50402,35.40632,35.331482,35.263107,35.19823,35.093678,34.879578,34.668736,,,33.240154,32.9813,,,,,,,,,,,,,,,,,,,,,,,,,,,,,,,,,,,,,,,,,,,,,,,,,,,,,,,,,,,,,,,,,,,,,,,,,,,,,,,,,,,,,,,,,,,,,,,,,,,,,,,,,,,,,,,,,,,,,,,,,,,,,,,,,,,,,,,,,,,,,,,,,,,,,,,,,,,,,,,,,,,,,,,,,,,,,,,,,,,,,,,,,,,,,,,,,,,,,,,,,,,,,,,,,,,,,,,,,,,,,,,,,,,,,,,,,,,,,,,,,,,,,,,,,,,,,,,,,,,,,,,,,,,,
23.5,,,,,,,,,,,,,,,,,,,,,,,,,,,,,,,,,,,,,,,,,,,,,,,,,,,,,,,,,,,,,,,,,,,,,,,,,,,,,,,,,,,,,,,,,,,,,,,,,,,,,,,,,,,,,,,,,,,,,,,,,,,,,,,,,,,,,,,36.814304,36.822556,36.764133,36.674904,36.62305,36.5866,36.57626,36.635204,36.662125,36.691372,36.73878,36.77465,36.79155,36.796135,36.794563,36.800625,36.818165,36.83375,36.825043,36.809517,36.80331,36.804703,36.807777,36.806835,36.80682,36.81094,36.815407,36.816853,36.81288,36.80117,36.78258,36.76655,36.760754,36.765118,36.777306,36.791317,36.80052,36.806313,36.806133,36.801678,36.791225,36.77727,36.756493,36.739895,36.744095,36.760757,36.69263,36.593037,36.53405,36.51167,36.52675,36.53761,36.53362,36.522526,36.516518,36.5182,36.52165,36.508244,36.46862,36.41248,36.383335,36.39624,36.458755,36.547905,36.626225,36.677166,36.698208,36.72311,36.73573,36.682487,36.60336,36.568115,36.561977,36.55218,36.511974,36.508614,36.65647,36.646763,36.62516,36.59404,36.554134,36.502895,36.389736,36.32209,36.35788,36.479233,36.54389,36.540756,36.522156,36.350113,36.25496,36.25121,36.30932,36.21812,36.167397,36.168484,36.15634,36.139523,36.068474,35.965096,35.89035,35.84977,35.748238,35.683174,35.569775,35.45639,35.362774,35.28014,35.194347,35.120674,35.02593,34.810814,34.53414,34.11959,33.852318,33.84555,,,,,,,,,,,,,,,,,,,,,,,,,,,,,,,,,,,,,,,,,,,,,,,,,,,,,,,,,,,,,,,,,,,,,,,,,,,,,,,,,,,,,,,,,,,,,,,,,,,,,,,,,,,,,,,,,,,,,,,,,,,,,,,,,,,,,,,,,,,,,,,,,,,,,,,,,,,,,,,,,,,,,,,,,,,,,,,,,,,,,,,,,,,,,,,,,,,,,,,,,,,,,,,,,,,,,,,,,,,,,,,,,,,,,,,,,,,,,,,,,,,,,,,,,,,,,,,,,,,,,,,,,,,,,
23.416672,,,,,,,,,,,,,,,,,,,,,,,,,,,,,,,,,,,,,,,,,,,,,,,,,,,,,,,,,,,,,,,,,,,,,,,,,,,,,,,,,,,,,,,,,,,,,,,,,,,,,,,,,,,,,,,,,,,,,,,,,,,,,,,,,,,,,,,36.720882,36.767704,36.692257,36.61474,36.5679,36.570847,36.54258,36.590153,36.645126,36.679523,36.72443,36.76127,36.783005,36.791847,36.79035,36.789314,36.797848,36.81662,36.834255,36.83235,36.82483,36.819687,36.818333,36.81581,36.81772,36.82112,36.821575,36.81686,36.804245,36.786266,36.766113,36.755623,36.754818,36.765373,36.778778,36.792088,36.799644,36.80059,36.797512,36.79367,36.785057,36.777443,36.759953,36.747272,36.74777,36.738033,36.65027,36.56677,36.480877,36.45169,36.464893,36.49258,36.50077,36.49417,36.484253,36.47645,36.479393,36.488144,36.49002,36.472637,36.442833,36.423885,36.435413,36.47973,36.53978,36.598015,36.629475,36.652763,36.664986,36.614292,36.574036,36.560894,36.5626,36.553562,36.51819,36.591625,36.67311,36.616653,36.558594,36.524708,36.531284,36.564445,36.500675,36.33036,36.256542,36.314514,36.457424,36.532745,36.507828,36.347553,36.258053,36.26936,36.333656,36.245754,36.187923,36.212444,36.138046,36.128273,36.046906,35.923042,35.845913,35.806667,35.714275,35.592518,35.53033,35.44,35.35491,35.269535,35.171795,35.093044,34.987812,34.812572,34.51888,34.179493,34.076862,34.23821,34.369884,,,,,,,,,,,,,,,,,,,,,,,,,,,,,,,,,,,,,,,,,,,,,,,,,,,,,,,,,,,,,,,,,,,,,,,,,,,,,,,,,,,,,,,,,,,,,,,,,,,,,,,,,,,,,,,,,,,,,,,,,,,,,,,,,,,,,,,,,,,,,,,,,,,,,,,,,,,,,,,,,,,,,,,,,,,,,,,,,,,,,,,,,,,,,,,,,,,,,,,,,,,,,,,,,,,,,,,,,,,,,,,,,,,,,,,,,,,,,,,,,,,,,,,,,,,,,,,,,,,,,,,,,,,,
23.333336,,,,,,,,,,,,,,,,,,,,,,,,,,,,,,,,,,,,,,,,,,,,,,,,,,,,,,,,,,,,,,,,,,,,,,,,,,,,,,,,,,,,,,,,,,,,,,,,,,,,,,,,,,,,,,,,,,,,,,,,,,,,,,,,,,,,,,,,36.67039,36.62848,36.58689,36.54961,36.56111,36.53272,36.553043,36.616528,36.66134,36.70789,36.75009,36.774647,36.786137,36.78808,36.78525,36.78145,36.79012,36.802803,36.821526,36.829346,36.82909,36.825333,36.82111,36.815945,36.810116,36.80015,36.787304,36.77075,36.75655,36.7463,36.747185,36.75365,36.76739,36.778976,36.78717,36.7886,36.78983,36.78364,36.77994,36.772995,36.76989,36.75896,36.744953,36.75129,36.724483,36.643707,36.568768,36.470314,36.445927,36.452194,36.465694,36.47315,36.466553,36.46115,36.454243,36.445892,36.443684,36.45521,36.471867,36.469784,36.46045,36.45907,36.46863,36.492615,36.527863,36.555428,36.57964,36.594868,36.5715,36.536457,36.53366,36.532497,36.51834,36.501,36.675392,36.61688,36.502533,36.445736,36.42656,36.44188,36.506886,36.5755,36.461746,36.252182,36.22081,36.264683,36.444,36.491116,36.418156,36.32257,36.291878,36.38793,36.354076,36.318718,36.27044,36.151638,36.098717,36.043385,35.951206,35.90213,35.908382,35.80668,35.678318,35.595993,35.501904,35.41168,35.316166,35.19631,35.10315,34.984383,34.813084,34.606228,34.33085,34.275352,34.396442,34.5193,,,,,,,,,,,,,,,,,,,,,,,,,,,,,,,,,,,,,,,,,,,,,,,,,,,,,,,,,,,,,,,,,,,,,,,,,,,,,,,,,,,,,,,,,,,,,,,,,,,,,,,,,,,,,,,,,,,,,,,,,,,,,,,,,,,,,,,,,,,,,,,,,,,,,,,,,,,,,,,,,,,,,,,,,,,,,,,,,,,,,,,,,,,,,,,,,,,,,,,,,,,,,,,,,,,,,,,,,,,,,,,,,,,,,,,,,,,,,,,,,,,,,,,,,,,,,,,,,,,,,,,,,,,,
23.25,,,,,,,,,,,,,,,,,,,,,,,,,,,,,,,,,,,,,,,,,,,,,,,,,,,,,,,,,,,,,,,,,,,,,,,,,,,,,,,,,,,,,,,,,,,,,,,,,,,,,,,,,,,,,,,,,,,,,,,,,,,,,,,,,,,,,,,,,36.59196,36.587017,36.55595,36.559284,36.540054,36.536694,36.59565,36.648533,36.696316,36.73736,36.765438,36.780487,36.782578,36.783356,36.78127,36.772625,36.77853,36.77347,36.784794,36.78762,36.780178,36.777725,36.77155,36.764465,36.75393,36.74504,36.73728,36.73696,36.740425,36.749535,36.761005,36.772636,36.77872,36.781242,36.77679,36.76938,36.76196,36.75876,36.756367,36.754883,36.751595,36.741356,36.750027,36.73391,36.66874,36.596447,36.49974,36.473736,36.471695,36.458855,36.452206,36.429733,36.41568,36.418095,36.420513,36.411343,36.408962,36.4341,36.452026,36.45626,36.460587,36.46775,36.48166,36.499397,36.516735,36.536602,36.55222,36.54645,36.514126,36.50091,36.501286,36.507774,36.587276,36.66003,36.51103,36.411705,36.39371,36.40851,36.42704,36.459595,36.565807,36.539585,36.328724,36.21397,36.22167,36.309296,36.361366,36.33726,36.309696,36.320526,36.417896,36.40651,36.35976,36.25966,36.167793,36.04277,36.002876,35.978947,36.00392,36.01132,35.89914,35.81499,35.7213,35.613586,35.508118,35.397423,35.24311,35.142666,35.02769,34.861797,34.698463,34.531673,34.47775,34.511345,34.634884,34.71699,,,,,,,,,,,,,,,,,,,,,,,,,,,,,,,,,,,,,,,,,,,,,,,,,,,,,,,,,,,,,,,,,,,,,,,,,,,,,,,,,,,,,,,,,,,,,,,,,,,,,,,,,,,,,,,,,,,,,,,,,,,,,,,,,,,,,,,,,,,,,,,,,,,,,,,,,,,,,,,,,,,,,,,,,,,,,,,,,,,,,,,,,,,,,,,,,,,,,,,,,,,,,,,,,,,,,,,,,,,,,,,,,,,,,,,,,,,,,,,,,,,,,,,,,,,,,,,,,,,,,,,,,,,
23.166672,,,,,,,,,,,,,,,,,,,,,,,,,,,,,,,,,,,,,,,,,,,,,,,,,,,,,,,,,,,,,,,,,,,,,,,,,,,,,,,,,,,,,,,,,,,,,,,,,,,,,,,,,,,,,,,,,,,,,,,,,,,,,,,,,,,,,,,,,36.603935,36.584156,36.534523,36.54886,36.537754,36.529068,36.575577,36.632843,36.684444,36.728344,36.756363,36.77212,36.77632,36.774338,36.7732,36.768963,36.76246,36.754955,36.758648,36.749054,36.742004,36.738567,36.735897,36.733597,36.73304,36.735317,36.73904,36.74724,36.75386,36.762062,36.766083,36.767452,36.762627,36.755936,36.743114,36.7374,36.732357,36.732174,36.73317,36.737793,36.74121,36.734364,36.748924,36.743217,36.69469,36.61646,36.52664,36.50743,36.49305,36.46444,36.448673,36.410324,36.37552,36.36927,36.370148,36.36746,36.362278,36.375847,36.399567,36.414528,36.428993,36.44713,36.465626,36.483772,36.49702,36.514027,36.531326,36.533432,36.51125,36.506046,36.523808,36.552116,36.670116,36.59341,36.421036,36.387005,36.412086,36.45171,36.50107,36.527374,36.51618,36.55643,36.376217,36.223476,36.237648,36.24478,36.25932,36.28024,36.27211,36.31841,36.413425,36.379368,36.36789,36.28724,36.19079,36.06791,36.014427,36.054707,36.104836,36.104664,36.03447,35.924316,35.81954,35.719646,35.59343,35.464172,35.281197,35.227398,35.144203,34.9814,34.829155,34.68467,34.594776,34.589287,34.687084,34.839634,34.917908,,,,,,,,,,,,,,,,,,,,,,,,,,,,,,,,,,,,,,,,,,,,,,,,,,,,,,,,,,,,,,,,,,,,,,,,,,,,,,,,,,,,,,,,,,,,,,,,,,,,,,,,,,,,,,,,,,,,,,,,,,,,,,,,,,,,,,,,,,,,,,,,,,,,,,,,,,,,,,,,,,,,,,,,,,,,,,,,,,,,,,,,,,,,,,,,,,,,,,,,,,,,,,,,,,,,,,,,,,,,,,,,,,,,,,,,,,,,,,,,,,,,,,,,,,,,,,,,,,,,,,,,,,
23.083336,,,,,,,,,,,,,,,,,,,,,,,,,,,,,,,,,,,,,,,,,,,,,,,,,,,,,,,,,,,,,,,,,,,,,,,,,,,,,,,,,,,,,,,,,,,,,,,,,,,,,,,,,,,,,,,,,,,,,,,,,,,,,,,,,,,,,,,,,,36.555363,36.521996,36.552628,36.53912,36.528637,36.5695,36.62122,36.67063,36.713825,36.744987,36.760494,36.766876,36.765427,36.761875,36.75809,36.75568,36.753246,36.75267,36.75307,36.75032,36.750698,36.751053,36.752293,36.75255,36.75604,36.75645,36.757607,36.753967,36.74968,36.741024,36.732513,36.71924,36.709366,36.7001,36.694744,36.690968,36.694077,36.700356,36.71101,36.725346,36.72342,36.7428,36.748383,36.71737,36.64198,36.56378,36.538715,36.487766,36.443043,36.42608,36.382263,36.353725,36.346752,36.345745,36.34442,36.346024,36.351685,36.36123,36.37055,36.385677,36.40373,36.42971,36.45994,36.48573,36.50861,36.52638,36.532265,36.51767,36.52346,36.5586,36.599163,36.65574,36.53379,36.395077,36.397697,36.44179,36.498817,36.566593,36.58701,36.53361,36.556667,36.414787,36.313713,36.29901,36.250057,36.223846,36.285076,36.31943,36.363556,36.416286,36.400864,36.40283,36.306038,36.22164,36.12508,36.059566,36.099804,36.123222,36.088238,36.03871,35.96729,35.88243,35.789562,35.679344,35.566086,35.44839,35.392662,35.319042,35.143513,34.976593,34.818497,34.697247,34.674095,34.774677,34.932373,35.051403,35.11067,35.14184,,,,,,,,,,,,,,,,,,,,,,,,,,,,,,,,,,,,,,,,,,,,,,,,,,,,,,,,,,,,,,,,,,,,,,,,,,,,,,,,,,,,,,,,,,,,,,,,,,,,,,,,,,,,,,,,,,,,,,,,,,,,,,,,,,,,,,,,,,,,,,,,,,,,,,,,,,,,,,,,,,,,,,,,,,,,,,,,,,,,,,,,,,,,,,,,,,,,,,,,,,,,,,,,,,,,,,,,,,,,,,,,,,,,,,,,,,,,,,,,,,,,,,,,,,,,,,,,,,,,,,,,
23.0,,,,,,,,,,,,,,,,,,,,,,,,,,,,,,,,,,,,,,,,,,,,,,,,,,,,,,,,,,,,,,,,,,,,,,,,,,,,,,,,,,,,,,,,,,,,,,,,,,,,,,,,,,,,,,,,,,,,,,,,,,,,,,,,,,,,,,,,,,36.571384,36.538742,36.57332,36.544697,36.527966,36.559807,36.61312,36.660645,36.70089,36.729477,36.74635,36.753353,36.757095,36.75812,36.75971,36.76245,36.76644,36.768684,36.769943,36.766438,36.763287,36.75667,36.749596,36.74305,36.73666,36.726963,36.71793,36.70439,36.69266,36.67929,36.667904,36.65725,36.65205,36.645756,36.645775,36.64891,36.6573,36.667427,36.680866,36.704857,36.70959,36.73473,36.747402,36.741894,36.66826,36.59975,36.53243,36.439674,36.39318,36.37803,36.352192,36.355953,36.383793,36.396976,36.39295,36.38275,36.37705,36.37575,36.37953,36.3872,36.399517,36.419205,36.44861,36.47739,36.505245,36.52508,36.530373,36.5179,36.535603,36.586,36.617023,36.63525,36.498627,36.40072,36.410557,36.46529,36.503498,36.56874,36.58963,36.558136,36.545475,36.502903,36.42603,36.389385,36.30822,36.240646,36.263042,36.285732,36.338535,36.3894,36.383076,36.3739,36.287132,36.24824,36.165073,36.09165,36.12091,36.09682,36.069366,36.04443,35.980213,35.916622,35.846413,35.79173,35.679024,35.595833,35.520992,35.437267,35.258266,35.120914,34.95512,34.80386,34.757183,34.865864,35.0416,35.15263,35.197525,35.24137,35.257183,,,,,,,,,,,,,,,,,,,,,,,,,,,,,,,,,,,,,,,,,,,,,,,,,,,,,,,,,,,,,,,,,,,,,,,,,,,,,,,,,,,,,,,,,,,,,,,,,,,,,,,,,,,,,,,,,,,,,,,,,,,,,,,,,,,,,,,,,,,,,,,,,,,,,,,,,,,,,,,,,,,,,,,,,,,,,,,,,,,,,,,,,,,,,,,,,,,,,,,,,,,,,,,,,,,,,,,,,,,,,,,,,,,,,,,,,,,,,,,,,,,,,,,,,,,,,,,,,,,,,,,
22.916672,,,,,,,,,,,,,,,,,,,,,,,,,,,,,,,,,,,,,,,,,,,,,,,,,,,,,,,,,,,,,,,,,,,,,,,,,,,,,,,,,,,,,,,,,,,,,,,,,,,,,,,,,,,,,,,,,,,,,,,,,,,,,,,,,,,,,,,,,,,,36.597034,36.55538,36.539215,36.55099,36.59696,36.647816,36.68962,36.72106,36.740826,36.7524,36.75973,36.765053,36.769295,36.772003,36.769382,36.762997,36.751804,36.738945,36.726585,36.714878,36.704746,36.69282,36.680367,36.666145,36.65316,36.6379,36.627846,36.61618,36.610977,36.604893,36.603504,36.601498,36.605427,36.61047,36.619556,36.63299,36.646473,36.680874,36.689396,36.723602,36.743023,36.75296,36.69015,36.61995,36.475853,36.38536,36.35739,36.364986,36.383366,36.422646,36.456295,36.45172,36.445065,36.428032,36.417942,36.413696,36.409767,36.408165,36.41837,36.43624,36.46069,36.484848,36.511078,36.52568,36.52842,36.520054,36.55916,36.60666,36.625496,36.597473,36.465767,36.406475,36.425285,36.47295,36.48144,36.522152,36.573334,36.56976,36.55218,36.59012,36.564247,36.550728,36.498352,36.421738,36.34992,36.322006,36.3167,36.332558,36.38176,36.333267,36.22988,36.185265,36.15727,36.109108,36.111626,36.08629,36.072678,36.050854,35.987473,35.939823,35.889942,35.83867,35.721756,35.667603,35.61259,35.54278,35.41305,35.307056,35.11596,34.91879,34.840794,34.955814,35.119118,35.227215,35.2795,35.296085,35.281437,35.264637,35.246956,,,,,,,,,,,,34.88807,34.773033,34.619038,34.525482,,,,,,,,,,,,,,,,,,,,,,,,,,,,,,,,,,,,,,,,,,,,,,,,,,,,,,,,,,,,,,,,,,,,,,,,,,,,,,,,,,,,,,,,,,,,,,,,,,,,,,,,,,,,,,,,,,,,,,,,,,,,,,,,,,,,,,,,,,,,,,,,,,,,,,,,,,,,,,,,,,,,,,,,,,,,,,,,,,,,,,,,,,,,,,,,,,,,,,,,,,,,,,,,,,,,,,,,,,,,,,,,,,,,,,,,,,,,,,,,,,,,,,
22.833336,,,,,,,,,,,,,,,,,,,,,,,,,,,,,,,,,,,,,,,,,,,,,,,,,,,,,,,,,,,,,,,,,,,,,,,,,,,,,,,,,,,,,,,,,,,,,,,,,,,,,,,,,,,,,,,,,,,,,,,,,,,,,,,,,,,,,,,,,,,,36.616188,36.56376,36.551266,36.54649,36.572716,36.61679,36.66063,36.69698,36.723755,36.740135,36.751324,36.756157,36.756023,36.74935,36.736774,36.72026,36.70482,36.68873,36.67694,36.663727,36.6513,36.637096,36.62364,36.611027,36.601574,36.59369,36.589382,36.585396,36.584824,36.58203,36.582714,36.581066,36.583134,36.58554,36.59177,36.60443,36.61517,36.65168,36.670235,36.70812,36.7371,36.75349,36.69871,36.583977,36.436893,36.379845,36.37879,36.41888,36.46618,36.475887,36.458897,36.44756,36.44686,36.439053,36.435387,36.428738,36.429295,36.435627,36.452454,36.47516,36.49831,36.517483,36.529396,36.534245,36.529068,36.523026,36.58528,36.608364,36.57942,36.484825,36.42483,36.411552,36.4412,36.48483,36.47851,36.474606,36.543808,36.588978,36.571472,36.60393,36.612938,36.58856,36.579594,36.601643,36.507828,36.42499,36.38688,36.39014,36.387436,36.29525,36.20728,36.149914,36.119534,36.10376,36.104393,36.099644,36.095116,36.07619,36.009975,35.98075,35.936726,35.9024,35.79353,35.744034,35.687725,35.63916,35.55618,35.439697,35.23357,35.02098,34.925713,35.027035,35.189163,35.302082,35.352615,35.356686,35.316612,35.280956,35.25406,35.172688,35.107655,,,,,,,35.017387,34.99264,35.00291,34.94228,34.81308,34.63457,34.52993,,,,,,,,,,,,,,,,,,,,,,,,,,,,,,,,,,,,,,,,,,,,,,,,,,,,,,,,,,,,,,,,,,,,,,,,,,,,,,,,,,,,,,,,,,,,,,,,,,,,,,,,,,,,,,,,,,,,,,,,,,,,,,,,,,,,,,,,,,,,,,,,,,,,,,,,,,,,,,,,,,,,,,,,,,,,,,,,,,,,,,,,,,,,,,,,,,,,,,,,,,,,,,,,,,,,,,,,,,,,,,,,,,,,,,,,,,,,,,,,,,,,,,
22.75,,,,,,,,,,,,,,,,,,,,,,,,,,,,,,,,,,,,,,,,,,,,,,,,,,,,,,,,,,,,,,,,,,,,,,,,,,,,,,,,,,,,,,,,,,,,,,,,,,,,,,,,,,,,,,,,,,,,,,,,,,,,,,,,,,,,,,,,,,,,,36.6041,36.582108,36.56036,36.559166,36.579685,36.6107,36.64526,36.673893,36.694664,36.706116,36.710777,36.70659,36.696365,36.680927,36.66691,36.653748,36.641174,36.63051,36.617077,36.607426,36.59839,36.5931,36.590744,36.590683,36.591007,36.59305,36.59343,36.595913,36.594078,36.594585,36.59157,36.589935,36.58667,36.585045,36.59068,36.595913,36.625683,36.65213,36.689537,36.73189,36.750355,36.69107,36.534607,36.445213,36.41122,36.421196,36.47545,36.500793,36.479374,36.479286,36.489407,36.486866,36.483517,36.47946,36.47316,36.472527,36.479443,36.494568,36.518333,36.53771,36.54405,36.542717,36.5344,36.5251,36.5302,36.578293,36.571228,36.471844,36.415558,36.41166,36.428623,36.45684,36.49335,36.500168,36.46253,36.499283,36.584602,36.608356,36.610138,36.63171,36.62628,36.589523,36.60616,36.540455,36.47261,36.410465,36.389965,36.32204,36.254124,36.18294,36.15012,36.12423,36.11589,36.120686,36.131916,36.14254,36.119095,36.010124,36.024,35.97712,35.945152,35.84402,35.800186,35.71785,35.671394,35.596527,35.466953,35.283497,35.10085,35.000248,35.082417,35.251923,35.382816,35.43933,35.449425,35.378407,35.318222,35.29442,35.226833,35.128178,35.079918,35.070084,35.053555,35.039192,,35.007904,34.95723,34.908474,34.935078,34.90529,34.78708,34.635334,34.56405,,,,,,,,,,,,,,,,,,,,,,,,,,,,,,,,,,,,,,,,,,,,,,,,,,,,,,,,,,,,,,,,,,,,,,,,,,,,,,,,,,,,,,,,,,,,,,,,,,,,,,,,,,,,,,,,,,,,,,,,,,,,,,,,,,,,,,,,,,,,,,,,,,,,,,,,,,,,,,,,,,,,,,,,,,,,,,,,,,,,,,,,,,,,,,,,,,,,,,,,,,,,,,,,,,,,,,,,,,,,,,,,,,,,,,,,,,,,,,,,,,,,,,
22.666672,,,,,,,,,,,,,,,,,,,,,,,,,,,,,,,,,,,,,,,,,,,,,,,,,,,,,,,,,,,,,,,,,,,,,,,,,,,,,,,,,,,,,,,,,,,,,,,,,,,,,,,,,,,,,,,,,,,,,,,,,,,,,,,,,,,,,,,,,,,,,,36.662395,36.610527,36.59248,36.581295,36.583317,36.597904,36.614975,36.63096,36.64142,36.646442,36.644897,36.638733,36.63011,36.621075,36.611458,36.603832,36.598946,36.59466,36.596638,36.597675,36.60148,36.604763,36.607292,36.60886,36.610336,36.610672,36.61341,36.612713,36.61488,36.613857,36.613052,36.60686,36.600067,36.593822,36.590527,36.608704,36.63617,36.672504,36.729633,36.741013,36.656113,36.515488,36.457897,36.43866,36.459583,36.52041,36.526096,36.49888,36.50921,36.525383,36.523502,36.52445,36.52075,36.5109,36.504375,36.508244,36.51577,36.52836,36.539955,36.5403,36.532413,36.52329,36.51838,36.53438,36.548656,36.513786,36.43191,36.43107,36.4333,36.45322,36.475227,36.507923,36.528206,36.48433,36.473717,36.545914,36.608017,36.619186,36.627235,36.63882,36.619877,36.623398,36.585712,36.485218,36.39105,36.34295,36.28621,36.267338,36.231823,36.17982,36.139156,36.13161,36.16073,36.220745,36.241848,36.19859,36.057503,36.068005,36.023964,35.98959,35.937634,35.86717,35.771442,35.728954,35.64746,35.478954,35.296326,35.16006,35.075657,35.15459,35.32612,35.48025,35.566017,35.59684,35.479527,35.3695,35.2929,35.252026,35.168182,35.10729,35.06834,35.02841,34.999813,34.978157,34.959465,34.907917,34.87237,34.87232,34.8144,34.70812,34.626312,,,,,,,,,,,,,,,,,,,,,,,,,,,,,,,,,,,,,,,,,,,,,,,,,,,,,,,,,,,,,,,,,,,,,,,,,,,,,,,,,,,,,,,,,,,,,,,,,,,,,,,,,,,,,,,,,,,,,,,,,,,,,,,,,,,,,,,,,,,,,,,,,,,,,,,,,,,,,,,,,,,,,,,,,,,,,,,,,,,,,,,,,,,,,,,,,,,,,,,,,,,,,,,,,,,,,,,,,,,,,,,,,,,,,,,,,,,,,,,,,,,,,,1.8659983,1.949955
22.583336,,,,,,,,,,,,,,,,,,,,,,,,,,,,,,,,,,,,,,,,,,,,,,,,,,,,,,,,,,,,,,,,,,,,,,,,,,,,,,,,,,,,,,,,,,,,,,,,,,,,,,,,,,,,,,,,,,,,,,,,,,,,,,,,,,,,,,,,,,,,,,,,36.66214,36.629387,36.614826,36.60675,36.60758,36.61301,36.61692,36.62049,36.61473,36.607765,36.594833,36.59296,36.59287,36.598484,36.60172,36.603825,36.60719,36.605965,36.60841,36.60749,36.607147,36.60512,36.603516,36.60098,36.600014,36.59862,36.60304,36.60715,36.61487,36.617714,36.61706,36.61072,36.60047,36.603878,36.626686,36.65754,36.731647,36.719753,36.613514,36.504257,36.478016,36.473774,36.483273,36.53192,36.53342,36.52584,36.548145,36.568733,36.576088,36.58078,36.57224,36.548653,36.520473,36.515488,36.52693,36.534386,36.538353,36.533894,36.52482,36.518333,36.518578,36.525166,36.522,36.478184,36.44749,36.443634,36.44264,36.479828,36.520367,36.552967,36.563454,36.519985,36.47372,36.516056,36.56893,36.59399,36.619957,36.640606,36.652306,36.6443,36.63982,36.524906,36.429733,36.372707,36.292206,36.26826,36.243343,36.22425,36.223354,36.258957,36.3316,36.357395,36.293446,36.280098,36.1835,36.138004,36.124638,36.094406,36.0582,35.99845,35.90908,35.846096,35.741573,35.501526,35.332096,35.287697,35.219063,35.29253,35.448143,35.601463,35.68981,35.715748,35.557133,35.282074,35.224567,35.20574,35.150543,35.10191,35.061832,35.00778,34.969555,34.946056,34.929028,34.89691,,,,,,,,,,,,,,,,,,,,,,,,,,,,,,,,,,,,,,,,,,,,,,,,,,,,,,,,,,,,,,,,,,,,,,,,,,,,,,,,,,,,,,,,,,,,,,,,,,,,,,,,,,,,,,,,,,,,,,,,,,,,,,,,,,,,,,,,,,,,,,,,,,,,,,,,,,,,,,,,,,,,,,,,,,,,,,,,,,,,,,,,,,,,,,,,,,,,,,,,,,,,,,,,,,,,,,,,,,,,,,,,,,,,,,,,,,,,,,,,,,,,,,,,,,,,2.1476114
22.5,,,,,,,,,,,,,,,,,,,,,,,,,,,,,,,,,,,,,,,,,,,,,,,,,,,,,,,,,,,,,,,,,,,,,,,,,,,,,,,,,,,,,,,,,,,,,,,,,,,,,,,,,,,,,,,,,,,,,,,,,,,,,,,,,,,,,,,,,,,,,,,,,,,36.645386,36.636395,36.61764,36.5964,36.57486,36.56086,36.560852,36.57671,36.596878,36.606388,36.608757,36.601933,36.59779,36.598198,36.6028,36.610863,36.612747,36.616676,36.613823,36.6136,36.605152,36.601734,36.58939,36.58355,36.581684,36.589993,36.599434,36.61001,36.613045,36.609848,36.607285,36.623905,36.652065,36.7363,36.68819,36.577976,36.498074,36.497334,36.507755,36.49629,36.520554,36.539127,36.581608,36.619503,36.634026,36.639576,36.648293,36.645195,36.62272,36.586483,36.55034,36.51684,36.498844,36.510204,36.519634,36.52102,36.520645,36.523045,36.52522,36.524414,36.492496,36.475082,36.450397,36.469574,36.5261,36.58133,36.608154,36.59127,36.53636,36.488876,36.520393,36.526897,36.539024,36.58716,36.61995,36.65088,36.65893,36.6684,36.56715,36.494457,36.459927,36.355114,36.33273,36.25981,36.282574,36.336735,36.419518,36.52171,36.428734,36.34421,36.31193,36.28749,36.22188,36.20887,36.19471,36.171974,36.133484,36.08069,36.017952,35.90636,35.676254,35.58803,35.586163,35.51792,35.516293,35.608433,35.717876,35.769928,35.737717,35.599762,35.25506,35.135063,35.12868,35.079582,,35.077568,35.027405,34.97713,34.95145,34.947754,34.926365,,,,,,,,,,,,,,,,,,,,,,,,,,,,,,,,,,,,,,,,,,,,,,,,,,,,,,,,,,,,,,,,,,,,,,,,,,,,,,,,,,,,,,,,,,,,,,,,,,,,,,,,,,,,,,,,,,,,,,,,,,,,,,,,,,,,,,,,,,,,,,,,,,,,,,,,,,,,,,,,,,,,,,,,,,,,,,,,,,,,,,,,,,,,,,,,,,,,,,,,,,,,,,,,,,,,,,,,,,,,,,,,,,,,,,,,,,,,,,,,,,,,,,,,,,,,2.2856221
22.416672,,,,,,,,,,,,,,,,,,,,,,,,,,,,,,,,,,,,,,,,,,,,,,,,,,,,,,,,,,,,,,,,,,,,,,,,,,,,,,,,,,,,,,,,,,,,,,,,,,,,,,,,,,,,,,,,,,,,,,,,,,,,,,,,,,,,,,,,,,,,,,,,,,,36.629005,36.541004,36.501183,36.501793,36.511776,36.55555,36.615788,36.638702,36.62299,36.599808,36.58325,36.582733,36.594395,36.61537,36.634266,36.64443,36.645554,36.646103,36.641853,36.637833,36.63092,36.617134,36.604385,36.584343,36.573128,36.576523,36.58023,36.593575,36.603767,36.610504,36.611153,36.625286,36.653587,36.736275,36.651707,36.55102,36.494328,36.50205,36.53263,36.526783,36.540176,36.585567,36.633667,36.65228,36.64729,36.644257,36.650173,36.65922,36.659252,36.63513,36.60288,36.56917,36.531796,36.505604,36.494026,36.48284,36.478146,36.47292,36.47537,36.497986,36.48278,36.460953,36.46631,36.51944,36.587242,36.63683,36.633583,36.591427,36.533028,36.507206,36.52383,36.502583,36.4992,36.55065,36.6062,36.62909,36.65436,36.676685,36.580463,36.51923,36.589622,36.570198,36.50259,36.410397,36.370758,36.428814,36.558296,36.583794,36.38579,36.361244,36.296055,36.29341,36.26975,36.223064,36.200546,36.18919,36.1755,36.147797,36.096497,36.01362,35.899597,35.86202,35.86996,35.813206,35.75601,35.774925,35.814114,35.79884,35.72919,35.616802,35.260986,,,35.061768,35.10236,35.097942,35.062267,35.028427,35.00696,,,,,,,,,,,,,,,,,,,,,,,,,,,,,,,,,,,,,,,,,,,,,,,,,,,,,,,,,,,,,,,,,,,,,,,,,,,,,,,,,,,,,,,,,,,,,,,,,,,,,,,,,,,,,,,,,,,,,,,,,,,,,,,,,,,,,,,,,,,,,,,,,,,,,,,,,,,,,,,,,,,,,,,,,,,,,,,,,,,,,,,,,,,,,,,,,,,,,,,,,,,,,,,,,,,,,,,,,,,,,,,,,,,,,,,,,,,,,,,,,,,,,,,,,,,,,,2.227231
22.333336,,,,,,,,,,,,,,,,,,,,,,,,,,,,,,,,,,,,,,,,,,,,,,,,,,,,,,,,,,,,,,,,,,,,,,,,,,,,,,,,,,,,,,,,,,,,,,,,,,,,,,,,,,,,,,,,,,,,,,,,,,,,,,,,,,,,,,,,,,,,,,,,,,,36.460075,36.430958,36.48852,36.57479,36.63099,36.67139,36.64818,36.587837,36.56002,36.55951,36.574245,36.610313,36.64591,36.665287,36.668568,36.660736,36.650913,36.64348,36.641,36.638206,36.637466,36.63113,36.616894,36.59419,36.569416,36.568108,36.56877,36.57929,36.59314,36.6063,36.612476,36.625175,36.663506,36.72585,36.61363,36.53366,36.497746,36.509335,36.546066,36.548183,36.560665,36.609253,36.649773,36.652275,36.63748,36.628117,36.625904,36.641216,36.662178,36.64337,36.63421,36.625217,36.605145,36.57646,36.553017,36.520607,36.49195,36.477337,36.474037,36.481247,36.473797,36.468533,36.52329,36.574177,36.638767,36.6545,36.628014,36.585583,36.544407,36.54423,36.559322,36.530098,36.494335,36.523468,36.60477,36.632256,36.633484,36.675587,36.63254,36.5253,36.561382,36.679634,36.672836,36.619934,36.58592,36.61849,36.660667,36.49269,36.363605,36.34342,36.30531,36.26327,36.25447,36.230396,36.215042,36.214912,36.220543,36.20473,36.14906,36.100838,36.036182,35.994434,35.97071,35.933952,35.889687,35.867306,35.846794,35.782894,35.713234,35.70663,,,,35.023617,35.062103,,,,,,,,,,,,,,,,,,,,,,,,,,,,,,,,,,,,,,,,,,,,,,,,,,,,,,,,,,,,,,,,,,,,,,,,,,,,,,,,,,,,,,,,,,,,,,,,,,,,,,,,,,,,,,,,,,,,,,,,,,,,,,,,,,,,,,,,,,,,,,,,,,,,,,,,,,,,,,,,,,,,,,,,,,,,,,,,,,,,,,,,,,,,,,,,,,,,,,,,,,,,,,,,,,,,,,,,,,,,,,,,,,,,,,,,,,,,,,,,,,,,,,,,,,,,,,,,,,2.399311
22.25,,,,,,,,,,,,,,,,,,,,,,,,,,,,,,,,,,,,,,,,,,,,,,,,,,,,,,,,,,,,,,,,,,,,,,,,,,,,,,,,,,,,,,,,,,,,,,,,,,,,,,,,,,,,,,,,,,,,,,,,,,,,,,,,,,,,,,,,,,,,,,,,,,,36.397934,36.42756,36.593746,36.645412,36.6747,36.621326,36.558826,36.557446,36.56591,36.584045,36.63035,36.66608,36.670765,36.66586,36.65456,36.633305,36.619144,36.613476,36.614723,36.617912,36.623325,36.62497,36.61895,36.60174,36.56865,36.558846,36.561493,36.57182,36.58301,36.601845,36.6127,36.62744,36.676353,36.697384,36.57683,36.520283,36.50307,36.514915,36.535175,36.529324,36.53105,36.572342,36.621277,36.639664,36.642426,36.640045,36.61326,36.619957,36.657658,36.639732,36.630646,36.63722,36.63887,36.632027,36.620228,36.59735,36.569122,36.54979,36.538982,36.53138,36.530666,36.555237,36.588108,36.62187,36.656708,36.66159,36.640606,36.61438,36.58831,36.596638,36.615345,36.584747,36.518597,36.509174,36.593,36.648632,36.634026,36.64726,36.68262,36.5794,36.52641,36.619022,36.69971,36.684322,36.636974,36.64223,36.615723,36.51078,36.399933,36.37259,36.325893,36.260975,36.237404,36.24119,36.25281,36.290367,36.319923,36.282623,36.206783,36.15759,36.098045,36.052917,36.00623,35.976894,35.927616,35.88176,35.835716,35.768105,35.69162,35.660923,,,,,,,,,,,,,,,,,,,,,,,,,,,,,,,,,,,,,,,,,22.022343,22.137749,23.139284,,,,,,,,,,,,,,,,,,,,,,,,,,,,,,,,,,,,,,,,,,,,,,,,,,,,,,,,,,,,,,,,,,,,,,,,,,,,,,,,,,,,,,,,,,,,,,,,,,,,,,,,,,,,,,,,,,,,,,,,,,,,,,,,,,,,,,,,,,,,,,,,,,,,,,,,,,,,,,,,,,,,,,,,,,,,,,,,,,,,,,,,,,,,,,,,,,,,,,,,,,,,,,,,,,,,,,,,,,,,4.6140647
22.166672,,,,,,,,,,,,,,,,,,,,,,,,,,,,,,,,,,,,,,,,,,,,,,,,,,,,,,,,,,,,,,,,,,,,,,,,,,,,,,,,,,,,,,,,,,,,,,,,,,,,,,,,,,,,,,,,,,,,,,,,,,,,,,,,,,,,,,,,,,,,,,,,,,36.406563,36.385326,36.53272,36.64675,36.660408,36.641487,36.58088,36.582695,36.576847,36.580044,36.616455,36.650894,36.66315,36.662132,36.657326,36.631718,36.601078,36.589005,36.585957,36.595364,36.602448,36.603638,36.606182,36.6105,36.59953,36.569416,36.55543,36.55496,36.56469,36.57931,36.600174,36.61398,36.632202,36.685116,36.64646,36.542793,36.50401,36.492706,36.503376,36.509052,36.50094,36.497803,36.528877,36.580517,36.616,36.6392,36.64776,36.608677,36.594402,36.639294,36.630928,36.607365,36.60598,36.615788,36.628525,36.643238,36.652775,36.643513,36.631126,36.624817,36.616577,36.620403,36.62372,36.633133,36.65362,36.681274,36.69072,36.68822,36.66766,36.648777,36.637707,36.631393,36.610825,36.529007,36.510544,36.591972,36.650055,36.63666,36.610294,36.653862,36.679554,36.567867,36.55269,36.64876,36.67142,36.61839,36.56212,36.548115,36.55367,36.455387,36.414173,36.394737,36.340946,36.28173,36.290375,36.352245,36.417595,36.41979,36.357574,36.31349,36.254715,36.18094,36.13228,36.09923,36.049698,35.973827,35.90112,35.83935,35.76206,35.675064,35.625336,35.602436,,,,,,,,,,,,,,,,,,,,,,,,,,,,,,,,,,,,,,,,22.470373,22.275278,23.012321,,,,,,,,,,,,,,,,,,,,,,,,,,,,,,,,,,,,,,,,,,,,,,,,,,,,,,,,,,,,,,,,,,,,,,,,,,,,,,,,,,,,,,,,,,,,,,,,,,,,,,,,,,,,,,,,,,,,,,,,,,,,,,,,,,,,,,,,,,,,,,,,,,,,,,,,,,,,,,,,,,,,,,,,,,,,,,,,,,,,,,,,,,,,,,,,,,,,,,,,,,,,,,,,,,,,,,,,,10.081223,9.824808,,7.554715
22.083336,,,,,,,,,,,,,,,,,,,,,,,,,,,,,,,,,,,,,,,,,,,,,,,,,,,,,,,,,,,,,,,,,,,,,,,,,,,,,,,,,,,,,,,,,,,,,,,,,,,,,,,,,,,,,,,,,,,,,,,,,,,,,,,,,,,,,,,,,,,,,,,,,,36.369743,36.370613,36.60133,36.670643,36.666496,36.612206,36.58815,36.573177,36.56134,36.576557,36.621063,36.654156,36.675316,36.66328,36.636738,36.59565,36.566082,36.56314,36.56635,36.58062,36.59409,36.59928,36.597614,36.59629,36.586475,36.560432,36.545925,36.554142,36.566116,36.577885,36.600746,36.61752,36.6427,36.68705,36.575436,36.512367,36.482494,36.4771,36.48608,36.483868,36.48198,36.48648,36.513546,36.55929,36.60254,36.63073,36.64885,36.616585,36.577126,36.59769,36.61798,36.59464,36.574425,36.56546,36.56903,36.584694,36.6171,36.64975,36.676,36.68811,36.694412,36.69126,36.670708,36.666344,36.686256,36.707245,36.70638,36.684826,36.66031,36.64117,36.625156,36.61433,36.55938,36.521294,36.563477,36.61899,36.623486,36.603733,36.57909,36.576447,36.64881,36.674305,36.58634,36.589756,36.60806,36.569862,36.51101,36.498478,36.546444,36.467957,36.482426,36.485996,36.42561,36.340786,36.35441,36.40503,36.44511,36.415184,36.38324,36.38786,36.36805,36.31409,36.258198,36.203705,36.1405,36.050144,35.96438,35.89906,35.809483,35.70797,35.62891,35.574852,35.542248,,,,,,,,,,,,,,,,,,,,,,,,,,,,,,,,,,,,,,,23.01178,22.823954,23.825289,,,,,,,,,,,,,,,,,,,,,,,,,,,,,,,,,,,,,,,,,,,,,,,,,,,,,,,,,,,,,,,,,,,,,,,,,,,,,,,,,,,,,,,,,,,,,,,,,,,,,,,,,,,,,,,,,,,,,,,,,,,,,,,,,,,,,,,,,,,,,,,,,,,,,,,,,,,,,,,,,,,,,,,,,,,,,,,,,,,,,,,,,,,,,,,,,,,,,,,,,,,,,,,,,,,,,,,,,11.525236,11.028618,11.2526455,10.118449
22.0,,,,,,,,,,,,,,,,,,,,,,,,,,,,,,,,,,,,,,,,,,,,,,,,,,,,,,,,,,,,,,,,,,,,,,,,,,,,,,,,,,,,,,,,,,,,,,,,,,,,,,,,,,,,,,,,,,,,,,,,,,,,,,,,,,,,,,,,,,,,,,,,,36.36648,36.362156,36.408997,36.678574,36.682613,36.643803,36.59738,36.569454,36.561523,36.555447,36.59086,36.648544,36.674248,36.673622,36.644962,36.60917,36.570713,36.551277,36.552753,36.553722,36.56399,36.582905,36.59039,36.590298,36.587536,36.572525,36.551723,36.542824,36.551888,36.56309,36.57985,36.605522,36.622982,36.652214,36.663177,36.50934,36.494026,36.46592,36.463417,36.468613,36.4666,36.477932,36.49701,36.5272,36.565266,36.597584,36.613884,36.6177,36.611248,36.586563,36.572483,36.5948,36.592247,36.573402,36.552895,36.537827,36.531403,36.542053,36.576275,36.63635,36.687428,36.70793,36.701653,36.684673,36.68393,36.706936,36.715443,36.689007,36.645103,36.61797,36.609577,36.609207,36.594574,36.59224,36.60644,36.615135,36.588997,36.55864,36.53335,36.52635,36.521248,36.546482,36.6364,36.669647,36.63004,36.618984,36.58531,36.51237,36.505688,36.57406,36.488216,36.469837,36.527287,36.516075,36.454235,36.417347,36.452164,36.439095,36.369556,36.35494,36.358418,36.356472,36.337322,36.30781,36.26659,36.187653,36.12755,36.06478,35.977966,35.89278,35.79409,35.699623,35.596516,35.516487,35.457123,,,,,,,,,,,,,,,,,,,,,,,,,,,,,,,,,,,,,25.312197,24.443401,23.66594,24.743656,,,,,,,,,,,,,,,,,,,,,,,,,,,,,,,,,,,,,,,,,,,,,,,,,,,,,,,,,,,,,,,,,,,,,,,,,,,,,,,,,,,,,,,,,,,,,,,,,,,,,,,,,,,,,,,,,,,,,,,,,,,,,,,,,,,,,,,,,,,,,,,,,,,,,,,,,,,,,,,,,,,,,,,,,,,,,,,,,,,,,,,,,,,3.7023718,3.7081423,,,,,,,,,,,,,,,,,,,,,9.881064,9.603925,,,,,13.6361475,13.654733,13.373674,12.964487,12.528769,11.058547
21.916672,,,,,,,,,,,,,,,,,,,,,,,,,,,,,,,,,,,,,,,,,,,,,,,,,,,,,,,,,,,,,,,,,,,,,,,,,,,,,,,,,,,,,,,,,,,,,,,,,,,,,,,,,,,,,,,,,,,,,,,,,,,,,,,,,,,,,,,,,,,,,,,,,36.363895,36.36712,36.553185,36.718647,36.665813,36.620434,36.58665,36.566105,36.55544,36.551754,36.58989,36.636574,36.6646,36.667583,36.63769,36.600693,36.561848,36.544888,36.55265,36.558426,36.56806,36.588078,36.591873,36.58755,36.56793,36.551506,36.53903,36.538498,36.554676,36.568836,36.586674,36.613274,36.633167,36.658787,36.624725,36.456573,36.485588,36.45219,36.457348,36.467693,36.47464,36.494442,36.513016,36.53029,36.545532,36.54197,36.538303,36.522644,36.52801,36.55654,36.56115,36.56668,36.56854,36.56319,36.55398,36.54619,36.534286,36.52277,36.517544,36.55307,36.637547,36.699112,36.711376,36.70153,36.703564,36.719097,36.701965,36.654346,36.615448,36.621513,36.656677,36.743866,36.752445,36.69748,36.64987,36.608696,36.555187,36.513786,36.484726,36.475506,36.48633,36.491066,36.535534,36.623817,36.664318,36.681374,36.676994,36.584785,36.55604,36.63167,36.53087,36.43354,36.503498,36.528156,36.549713,36.525833,36.52734,36.47845,36.38852,36.394024,36.391987,36.34737,36.303757,36.286846,36.278675,36.254936,36.22011,36.168148,36.09703,36.021976,35.91713,35.813217,35.69184,35.566044,35.45511,35.388386,,,,,,,,,,,,,,,,,,,,,,,,,,,,,,,,,,,,25.270851,24.861681,24.704222,26.053606,27.861929,,,,,,,,,,,,,,,,,,,,,,,,,,,,,,,,,,,,,,,,,,,,,,,,,,,,,,,,,,,,,,,,,,,,,,,,,,,,,,,,,,,,,,,,,,,,,,,,,,,,,,,,,,,,,,,,,,,,,,,,,,,,,,,,,,,,,,,,,,,,,,,,,,,,,,,,,,,,,,,,,,,,,,,,,,,,,,,,,,,,,,,,,,4.7624373,4.6656685,,,,,,,,,,,,,,,,,,,,,11.616067,11.052129,,,,,14.735508,14.695893,14.699648,14.5075,13.86073,12.535742
21.833336,,,,,,,,,,,,,,,,,,,,,,,,,,,,,,,,,,,,,,,,,,,,,,,,,,,,,,,,,,,,,,,,,,,,,,,,,,,,,,,,,,,,,,,,,,,,,,,,,,,,,,,,,,,,,,,,,,,,,,,,,,,,,,,,,,,,,,,,,,,,,,,,36.369,36.372166,36.406,36.706585,36.706383,36.63957,36.61217,36.57742,36.559856,36.545223,36.540733,36.582066,36.641228,36.675976,36.67199,36.635807,36.598766,36.560608,36.538185,36.544613,36.54809,36.556084,36.56946,36.56612,36.55384,36.53777,36.53539,36.534298,36.54325,36.560444,36.57492,36.5991,36.62525,36.64329,36.64566,36.533474,36.448547,36.475906,36.438496,36.455883,36.46243,36.46089,36.466667,36.472534,36.47495,36.476295,36.471523,36.470413,36.463295,36.470684,36.498165,36.52452,36.534782,36.539925,36.54319,36.541714,36.541065,36.540066,36.533207,36.52118,36.517586,36.570293,36.664894,36.71485,36.714718,36.713535,36.716824,36.664024,36.627686,36.63308,36.633804,36.648285,36.78942,36.85101,36.757317,36.671116,36.608406,36.54967,36.50617,36.48681,36.487698,36.500473,36.512287,36.50983,36.54675,36.615196,36.686207,36.722706,36.656643,36.619144,36.67952,36.58168,36.43774,36.46366,36.50186,36.58115,36.60778,36.602745,36.52422,36.43511,36.432568,36.413815,36.362026,36.296513,36.27034,36.261574,36.248497,36.236813,36.213528,36.1755,36.120674,36.03963,35.936142,35.811424,35.66865,35.535225,35.422783,35.30531,,,,,,,,,,,,,,,,,,,,,,,,,,,,,,,,,,,26.009348,25.646608,25.702747,27.563637,28.257053,,,,,,,,,,,,,,,,,,,,,,,,,,,,,,,,,,,,,,,,,,,,,,,,,,,,,,,,,,,,,,,,,,,,,,,,,,,,,,,,,,,,,,,,,,,,,,,,,,,,,,,,,,,,,,,,,,,,,,,,,,,,,,,,,,,,,,,,,,,,,,,,,,,,,,,,,,,,,,,,,,,,,,,,,,,,,,,,,,,,,,,,,9.33987,6.7834873,6.236784,,,,,,,,,,,,,,,,,,,,,15.015603,13.938878,,,,16.635437,16.166943,16.024342,16.089296,15.742753,14.858134,13.684671
21.75,,,,,,,,,,,,,,,,,,,,,,,,,,,,,,,,,,,,,,,,,,,,,,,,,,,,,,,,,,,,,,,,,,,,,,,,,,,,,,,,,,,,,,,,,,,,,,,,,,,,,,,,,,,,,,,,,,,,,,,,,,,,,,,,,,,,,,,,,,,,,,,36.356106,36.39468,36.4449,36.54566,36.78573,36.684723,36.62624,36.60418,36.578186,36.558914,36.5383,36.529213,36.56622,36.625,36.669632,36.673203,36.64009,36.608803,36.57394,36.54015,36.536324,36.534275,36.536266,36.540947,36.537422,36.53012,36.527885,36.53285,36.53642,36.551872,36.571457,36.590202,36.61639,36.63609,36.64044,36.58765,36.449013,36.458237,36.453587,36.427563,36.438145,36.4309,36.429996,36.44574,36.46278,36.473335,36.478344,36.47871,36.47744,36.474865,36.48163,36.497513,36.506702,36.51123,36.51465,36.5262,36.539215,36.545303,36.54169,36.535454,36.52578,36.51911,36.53779,36.633137,36.709057,36.722065,36.71797,36.697968,36.638565,36.6314,36.653625,36.570118,36.563644,36.661594,36.75058,36.640057,36.548843,36.516712,36.499264,36.49588,36.511024,36.53336,36.551563,36.575275,36.56128,36.54225,36.57108,36.658287,36.723083,36.690857,36.665054,36.723343,36.628914,36.47096,36.441025,36.489674,36.599174,36.632614,36.658165,36.606117,36.50064,36.475193,36.461872,36.433918,36.36173,36.313786,36.292366,36.260483,36.226612,36.195347,36.171013,36.134987,36.09127,36.027405,35.922688,35.79584,35.653374,35.536564,35.3594,35.25582,,,,,,,,,,,,,,,,,,,,,,,,,,,,,,,,,,27.012264,26.615614,26.3161,28.871672,,,,,,,,,,,,,,,,,,,,,,,,,,,,,,,,,,,,,,,,,,,,,,,,,,,,,,,,,,,,,,,,,,,,,,,,,,,,,,,,,,,,,,,,,,,,,,,,,,,,,,,,,,,,,,,,,,,,,,,,,,,,,,,,,,,,,,,,,,,,,,,,,,,,,,,,,,,,,,,,,,,,,,,,,,,,,,,,,,,,,,,,,14.418189,11.061017,8.49167,7.8062844,,,,15.702886,18.74191,21.90892,,,,,,,,,,,,,20.892885,20.37289,18.410784,16.672607,17.542046,18.366367,18.634361,18.225193,17.647833,17.434517,17.335451,16.690453,15.506448,14.2256
21.666672,,,,,,,,,,,,,,,,,,,,,,,,,,,,,,,,,,,,,,,,,,,,,,,,,,,,,,,,,,,,,,,,,,,,,,,,,,,,,,,,,,,,,,,,,,,,,,,,,,,,,,,,,,,,,,,,,,,,,,,,,,,,,,,,,,,,,,,,,,,,,,36.358025,36.358376,36.38914,36.5147,36.69631,36.786476,36.67331,36.62349,36.595562,36.57701,36.56052,36.535908,36.515366,36.54218,36.60264,36.660347,36.67996,36.650715,36.621662,36.597187,36.559895,36.540348,36.532906,36.52917,36.529408,36.527424,36.52628,36.53005,36.536697,36.547485,36.56903,36.588688,36.611122,36.633183,36.636536,36.600193,36.483288,36.421867,36.46193,36.42805,36.41564,36.410164,36.422585,36.446556,36.46272,36.47592,36.487083,36.499462,36.51084,36.515106,36.509266,36.505863,36.510212,36.51052,36.507183,36.516224,36.53749,36.5557,36.57072,36.572216,36.556583,36.538876,36.5269,36.547638,36.630497,36.708794,36.72553,36.722942,36.691833,36.641632,36.643635,36.637688,36.570774,36.55683,36.640335,36.542538,36.406506,36.382153,36.41394,36.457626,36.507618,36.55162,36.5793,36.590633,36.612137,36.619072,36.56975,36.56174,36.64141,36.71404,36.707687,36.705364,36.758564,36.641163,36.52595,36.468227,36.53104,36.625828,36.645214,36.71919,36.716164,36.629436,36.564304,36.530556,36.538147,36.511063,36.43847,36.38593,36.310078,36.230923,36.16978,36.13956,36.112595,36.091248,36.056797,35.99289,35.91182,35.789627,35.667255,35.479954,35.32651,35.238876,35.20348,,,,,,,,,,,,,,,,,,,,,,,,,,,,,,,,27.995117,27.764782,27.083422,29.996967,29.775543,29.04371,,,,,,,,,,,,,,,,,,,,,,,,,,,,,,,,,,,,,,,,,,,,,,,,,,,,,,,,,,,,,,,,,,,,,,,,,,,,,,,,,,,,,,,,,,,,,,,,,,,,,,,,,,,,,,,,,,,,,,,,,,,,,,,,,,,,,,,,,,,,,,,,,,,,,,,,,,,,,,,,,,,,,,,,,,,,,,,,,,19.907711,19.870792,19.686821,19.231672,18.216042,15.659449,12.441729,10.232413,9.486851,,,,,,26.429785,,28.789415,28.234995,,26.526884,25.825216,25.57207,24.918037,24.358355,23.640165,22.940544,22.43864,22.29086,21.673431,20.141485,18.572655,18.981133,19.877007,20.243322,19.862677,19.289854,18.888943,18.444174,17.43541,15.929869,14.396937
21.583336,,,,,,,,,,,,,,,,,,,,,,,,,,,,,,,,,,,,,,,,,,,,,,,,,,,,,,,,,,,,,,,,,,,,,,,,,,,,,,,,,,,,,,,,,,,,,,,,,,,,,,,,,,,,,,,,,,,,,,,,,,,,,,,,,,,,,,,,,,,,,,36.35311,36.352818,36.373642,36.52447,36.75561,36.79038,36.681202,36.628483,36.58793,36.582195,36.563854,36.536194,36.50531,36.5153,36.569004,36.637188,36.677406,36.668087,36.63956,36.621357,36.59296,36.567535,36.54965,36.538677,36.534744,36.532143,36.53581,36.54302,36.55551,36.57461,36.59846,36.61844,36.63357,36.63192,36.59285,36.50334,36.420525,36.445038,36.4558,36.411327,36.392315,36.404156,36.430428,36.448063,36.45608,36.46391,36.47951,36.506607,36.535954,36.553165,36.546177,36.53418,36.535976,36.53663,36.533844,36.55541,36.579315,36.59468,36.61579,36.626488,36.60234,36.575085,36.557575,36.579166,36.647594,36.7172,36.730743,36.72782,36.697437,36.640408,36.66861,36.63344,36.585575,36.600975,36.605064,36.328735,36.295204,36.348896,36.418106,36.49091,36.558315,36.59756,36.615223,36.620678,36.6304,36.64418,36.59592,36.57698,36.650917,36.718872,36.727398,36.740677,36.76468,36.65593,36.594975,36.567158,36.62274,36.64979,36.67175,36.775284,36.78361,36.74825,36.675747,36.571556,36.551044,36.56525,36.546772,36.47065,36.356934,36.24726,36.16817,36.124115,36.095184,36.078144,36.056038,36.01209,35.955616,35.874695,35.771133,35.618862,35.449135,35.32514,35.223804,35.184807,,,,,,,,,,,,,,,,,,,,,,,,,,,,,,,28.771706,28.782703,28.384604,30.723585,30.240902,29.118866,,,,,,,,,,,,,,,,,,,,,,,,,,,,,,,,,,,,,,,,,,,,,,,,,,,,,,,,,,,,,,,,,,,,,,,,,,,,,,,,,,,,,,,,,,,,,,,,,,,,,,,,,,,,,,,,,,,,,,,,,,,,,,,,,,,,,,,,,,,,,,,,,,,,,,,,,,,,,,,,,,,,,,,,,,,,,,20.541765,20.35088,20.379164,20.525274,20.50732,20.455803,20.284424,19.837612,18.673037,16.598438,14.012915,11.95309,11.384878,12.083865,12.337021,12.1621895,,26.700943,28.255482,28.43228,28.662807,28.278166,28.77475,28.389053,27.113276,26.199236,25.688372,25.163834,24.44199,24.138193,23.989689,24.121336,23.84376,22.208265,20.827477,21.15942,21.997404,22.080978,21.589502,20.816248,20.060656,19.202646,17.87174,16.134338,14.4324665
21.5,,,,,,,,,,,,,,,,,,,,,,,,,,,,,,,,,,,,,,,,,,,,,,,,,,,,,,,,,,,,,,,,,,,,,,,,,,,,,,,,,,,,,,,,,,,,,,,,,,,,,,,,,,,,,,,,,,,,,,,,,,,,,,,,,,,,,,,,,,,,,36.36493,36.34615,36.356873,36.38483,36.51688,36.81027,36.811996,36.718403,36.631943,36.58184,36.586143,36.576065,36.547874,36.502827,36.491745,36.524456,36.59022,36.65502,36.67277,36.66009,36.645077,36.62496,36.605843,36.587585,36.573666,36.567173,36.565502,36.57168,36.58262,36.598133,36.61694,36.63053,36.632324,36.621193,36.579403,36.50791,36.436584,36.43672,36.46855,36.442005,36.38016,36.374393,36.393917,36.409843,36.417484,36.42719,36.439987,36.468914,36.51195,36.564228,36.5907,36.58551,36.570007,36.56477,36.573997,36.589436,36.60579,36.622337,36.633583,36.640408,36.642723,36.625393,36.60713,36.592995,36.608032,36.66633,36.730125,36.739155,36.727177,36.68277,36.6317,36.67272,36.604904,36.582462,36.617004,36.39218,36.256397,36.2836,36.37396,36.46318,36.541466,36.607067,36.634525,36.642765,36.645184,36.644333,36.64516,36.602116,36.59515,36.67075,36.732372,36.747726,36.76918,36.75004,36.680466,36.6662,36.672234,36.695366,36.692078,36.731686,36.80217,36.812084,36.797337,36.744938,36.61902,36.543415,36.525978,36.496872,36.445843,36.35829,36.271923,36.209164,36.16821,36.123096,36.08517,36.042778,36.02178,35.971848,35.908646,35.847115,35.743538,35.609737,35.47711,35.334538,35.234364,35.18743,,,,,,,,,,,,,,,,,,,,,,,,,,,,,,29.162855,29.42171,29.658945,31.05382,30.364347,,,,,,,,,,,,,,,,,,,,,,,,,,,,,,,,,,,,,,,,,,,,,,,,,,,,,,,,,,,,,,,,,,,,,,,,,,,,,,,,,,,,,,,,,,,,,,,,,,,,,,,,,,,,,,,,,,,,,,,,,,,,,,,,,,,,,,,,,,,,,,,,,,,,,,,,,,,,,,,,,,,,,,,,,,,,,21.03824,21.041834,21.06197,20.890862,21.325678,21.730265,21.969975,21.76682,21.231224,20.371382,19.101286,17.40384,15.352701,13.667989,13.255036,13.583859,13.306166,13.143152,15.514745,22.996141,27.711512,28.264503,28.196053,28.158028,28.848146,28.326641,27.380386,26.524158,26.226114,26.044777,25.391699,26.798082,26.560165,26.539795,26.213207,24.296822,23.025753,23.407427,24.435732,23.824814,22.959034,21.76471,20.531883,19.318806,17.870811,16.151537,14.553189
21.416672,,,,,,,,,,,,,,,,,,,,,,,,,,,,,,,,,,,,,,,,,,,,,,,,,,,,,,,,,,,,,,,,,,,,,,,,,,,,,,,,,,,,,,,,,,,,,,,,,,,,,,,,,,,,,,,,,,,,,,,,,,,,,,,,,,,,,,,,,,,,36.360695,36.337154,36.341747,36.35744,36.404152,36.59464,36.881657,36.816174,36.75092,36.636517,36.57967,36.585835,36.58065,36.557533,36.51018,36.47868,36.491814,36.539776,36.60612,36.65441,36.663773,36.66623,36.65746,36.64382,36.634613,36.622425,36.620014,36.61722,36.62408,36.62944,36.6378,36.638203,36.628483,36.60787,36.567528,36.50694,36.44686,36.42982,36.453056,36.453712,36.388878,36.355114,36.350918,36.363083,36.375725,36.395096,36.41095,36.434975,36.4764,36.55154,36.59495,36.61837,36.623405,36.61906,36.61928,36.6284,36.63369,36.63641,36.636696,36.634735,36.62533,36.6188,36.615196,36.6219,36.62519,36.639156,36.6949,36.732094,36.734463,36.71347,36.657215,36.620037,36.594856,36.54628,36.568645,36.506237,36.243423,36.223408,36.30161,36.413036,36.49667,36.589447,36.646442,36.653835,36.646576,36.647594,36.64829,36.637928,36.605824,36.623352,36.7042,36.75516,36.765057,36.783665,36.751278,36.70319,36.715126,36.735863,36.749805,36.738567,36.773785,36.809223,36.82791,36.81457,36.7606,36.63525,36.559017,36.518425,36.47169,36.400764,36.35062,36.309425,36.26455,36.24997,36.205093,36.113304,36.042408,36.0488,35.98486,35.93644,35.880245,35.80375,35.72405,35.597343,35.45228,35.332672,35.24642,35.20487,,,,,,,,,,,,,,,,,,,,,,,,,,,,29.253927,29.512226,29.530373,30.188568,30.957262,30.276302,,,,,,,,,,,,,,,,,,,,,,,,,,,,,,,,,,,,,,,,,,,,,,,,,,,,,,,,,,,,,,,,,,,,,,,,,,,,,,,,,,,,,,,,,,,,,,,,,,,,,,,,,,,,,,,,,,,,,,,,,,,,,,,,,,,,,,,,,,,,,,,,,,,,,,,,,,,,,,,,,,,,,,,,,,,,,21.440735,21.568977,21.605434,21.557377,22.364212,23.30629,23.774103,23.292656,22.3937,21.053915,19.568287,18.09521,16.536634,15.336715,15.081754,15.16136,14.737414,13.761764,14.716386,19.27682,25.807018,26.952707,27.301844,28.04468,28.377565,28.660992,27.703745,26.862692,26.855352,27.080593,27.876385,28.724829,28.880753,28.53448,27.543583,25.755278,24.62256,25.039787,26.013916,24.962046,23.478392,21.898499,20.199516,18.848515,17.712206,16.553383,15.578412
21.333336,,,,,,,,,,,,,,,,,,,,,,,,,,,,,,,,,,,,,,,,,,,,,,,,,,,,,,,,,,,,,,,,,,,,,,,,,,,,,,,,,,,,,,,,,,,,,,,,,,,,,,,,,,,,,,,,,,,,,,,,,,,,,,,,,,,,,,,,,,36.32382,36.322117,36.306293,36.309155,36.34617,36.390606,36.51972,36.753777,36.891254,36.830482,36.76784,36.644764,36.58068,36.585793,36.59222,36.57425,36.52661,36.47415,36.460293,36.484234,36.542156,36.59768,36.630783,36.650375,36.66193,36.66198,36.65994,36.65702,36.65289,36.651123,36.648186,36.642487,36.63223,36.6112,36.579765,36.538143,36.483665,36.42699,36.392803,36.40263,36.426006,36.396233,36.328007,36.3267,36.340473,36.357727,36.384205,36.405678,36.42096,36.458088,36.52062,36.56554,36.579792,36.606186,36.635723,36.648926,36.654118,36.65582,36.650322,36.64041,36.626873,36.60346,36.593163,36.59997,36.609703,36.636173,36.652,36.668594,36.710865,36.739704,36.730663,36.699497,36.639282,36.5854,36.52584,36.569,36.552788,36.315956,36.227272,36.221115,36.339058,36.44942,36.545452,36.638702,36.650925,36.638508,36.627693,36.633137,36.640797,36.634163,36.622494,36.663967,36.73765,36.770878,36.783974,36.788013,36.727013,36.71914,36.7356,36.765404,36.778805,36.757416,36.77202,36.8077,36.83458,36.823532,36.761105,36.62756,36.564796,36.527573,36.50883,36.475906,36.423172,36.375286,36.357567,36.36208,36.33565,36.188076,36.05434,36.08825,36.03083,35.96817,35.917805,35.840824,35.761627,35.682,35.561043,35.43954,35.32055,35.226498,35.179096,,,,,,,,,,,,,,,,,,,,,,,,,,,29.515654,30.11926,29.814466,30.84286,30.675707,30.26518,,,,,,,,,,,,,,,,,,,,,,,,,,,,,,,,,,,,,,,,,,,,,,,,,,,,,,,,,,,,,,,,,,,,,,,,,,,,,,,,,,,,,,,,,,,,,,,,,,,,,,,,,,,,,,,,,,,,,,,,,,,,,,,,,,,,,,,,,,,,,,,,,,,,,,,,,,,,,,,,,,,,,,,,,,,,21.421387,21.815222,22.212603,22.191235,22.762138,23.240582,24.186317,24.246498,24.047129,23.49431,21.802298,19.90648,18.652864,17.503128,16.625769,16.947632,16.86941,16.97969,15.430834,16.226072,19.747065,24.953161,26.329052,27.295115,28.020527,28.179152,28.574749,27.485554,26.921377,27.445318,28.364607,28.872747,28.940905,28.989809,28.773008,28.363409,27.402855,26.874939,25.939037,26.254475,24.425886,23.916126,21.210377,19.037277,18.41055,17.643549,17.058994,16.823927
21.25,,,,,,,,,,,,,,,,,,,,,,,,,,,,,,,,,,,,,,,,,,,,,,,,,,,,,,,,,,,,,,,,,,,,,,,,,,,,,,,,,,,,,,,,,,,,,,,,,,,,,,,,,,,,,,,,,,,,,,,,,,,,,,,,,,,,,,,,,36.340706,36.27608,36.26435,36.273884,36.330956,36.40052,36.410255,36.506535,36.72332,36.832516,36.796036,36.76215,36.651787,36.58377,36.579407,36.586674,36.575245,36.54351,36.490467,36.452183,36.45069,36.47782,36.52648,36.564423,36.588707,36.61182,36.625607,36.632034,36.634483,36.631275,36.62562,36.614075,36.597336,36.570286,36.535213,36.49032,36.443954,36.392063,36.356052,36.344803,36.368256,36.37289,36.313305,36.2952,36.33489,36.372963,36.39646,36.416332,36.42648,36.45106,36.492783,36.531494,36.53973,36.549217,36.57126,36.599346,36.627674,36.646748,36.653572,36.64482,36.62897,36.60772,36.566822,36.546402,36.54624,36.56624,36.617756,36.65841,36.689335,36.72365,36.74299,36.71849,36.686577,36.614407,36.52808,36.52703,36.590225,36.413948,36.254135,36.196575,36.248253,36.3777,36.502666,36.599495,36.647366,36.64146,36.63225,36.62603,36.62405,36.628838,36.637043,36.645893,36.69824,36.758865,36.783367,36.787457,36.75317,36.699318,36.727177,36.745808,36.779106,36.765125,36.748543,36.74728,36.788773,36.82877,36.820415,36.738205,36.601715,36.554054,36.51515,36.50768,36.533314,36.550327,36.504837,36.47809,36.491264,36.486126,36.28705,36.058304,36.096775,36.08998,36.010895,35.94516,35.89014,35.807507,35.736156,35.631393,35.51993,35.381973,35.23486,35.1372,35.104145,,,,,,,,,,,,,,,,,,,,,,,,,29.943407,29.946795,30.410547,30.281193,31.692629,30.692425,30.746279,,,,,,,,,,,,,,,,,,,,,,,,,,,,,,,,,,,,,,,,,,,,,,,,,,,,,,,,,,,,,,,,,,,,,,,,,,,,,,,,,,,,,,,,,,,,,,,,,,,,,,,,,,,,,,,,,,,,,,,,,,,,,,,,,,,,,,,,,,,,,,,,,,,,,,,,,,,,,,,,,,,,,,,,,,,21.451519,21.839708,22.543856,23.21309,23.528397,24.450706,23.799881,24.412508,24.528229,24.354538,24.029032,21.452753,20.060667,19.263714,19.063757,18.054537,19.213284,20.03867,19.72563,19.768402,18.688074,21.491405,24.161177,25.835482,27.3575,28.022724,28.107906,28.275135,27.43929,27.681469,28.540937,29.231152,29.62697,29.377176,29.092995,28.945442,28.79613,28.212454,27.666824,27.28041,27.318142,26.877296,24.840712,19.26794,19.125929,18.558348,18.07876,17.963781,17.934212
21.166672,,,,,,,,,,,,,,,,,,,,,,,,,,,,,,,,,,,,,,,,,,,,,,,,,,,,,,,,,,,,,,,,,,,,,,,,,,,,,,,,,,,,,,,,,,,,,,,,,,,,,,,,,,,,,,,,,,,,,,,,,,,,,,,,,,,,,,,,36.393604,36.28641,36.244205,36.24946,36.270546,36.363113,36.449116,36.46275,36.50795,36.779713,36.81506,36.78309,36.75295,36.65238,36.587982,36.580162,36.585655,36.571133,36.538887,36.4988,36.456116,36.433735,36.436676,36.460056,36.496567,36.51668,36.531895,36.546314,36.55257,36.553455,36.551075,36.5408,36.527924,36.505142,36.47738,36.4434,36.404953,36.364033,36.32363,36.29839,36.307255,36.320343,36.295815,36.27169,36.316467,36.376606,36.406578,36.39421,36.40438,36.436874,36.468807,36.50148,36.504227,36.516453,36.537354,36.563225,36.588802,36.60775,36.621025,36.615833,36.594955,36.568043,36.51036,36.476555,36.480453,36.501873,36.566555,36.643913,36.680542,36.707108,36.73948,36.740578,36.71336,36.668606,36.576042,36.507843,36.547768,36.579014,36.27274,36.21949,36.206303,36.27499,36.42465,36.546284,36.619072,36.645267,36.64304,36.646126,36.644867,36.634567,36.64523,36.662956,36.683662,36.730534,36.77753,36.78252,36.760403,36.70345,36.696903,36.72742,36.759724,36.767067,36.73461,36.735516,36.720905,36.742924,36.803204,36.803337,36.67905,36.563023,36.50971,36.473473,36.45567,36.47796,36.541058,36.594887,36.616203,36.624523,36.59771,36.332382,36.045692,36.07002,36.084713,36.06901,36.00502,35.934013,35.86306,35.777157,35.672016,35.56543,35.422367,35.255966,35.098972,35.012527,35.02685,,,,,,,,,,,,,,,,,,,,,,,30.37898,30.413618,30.526041,30.77106,30.683405,31.28794,31.462194,32.67869,,,,,,,,,,,,,,,,,,,,,,,,,,,,,,,,,,,,,,,,,,,,,,,,,,,,,,,,,,,,,,,,,,,,,,,,,,,,,,,,,,,,,,,,,,,,,,,,,,,,,,,,,,,,,,,,,,,,,,,,,,,,,,,,,,,,,,,,,,,,,,,,,,,,,,,,,,,,,,,,,,,,,,,,,,,21.99846,22.645027,23.22309,23.536333,24.643078,25.507011,25.280363,25.079786,24.86217,24.284565,24.55661,24.033916,20.114832,20.97384,21.803913,20.748718,22.047707,23.305073,21.035032,22.393604,20.816925,23.875956,24.91084,26.522476,27.964108,28.241407,28.177803,28.15987,28.2333,28.877003,29.659838,30.071468,30.173298,29.81023,29.523304,29.305965,28.983482,28.632284,28.776384,28.725811,28.679033,27.938478,25.838106,19.922287,21.013315,20.221573,19.95331,20.238459,19.998278
21.083336,,,,,,,,,,,,,,,,,,,,,,,,,,,,,,,,,,,,,,,,,,,,,,,,,,,,,,,,,,,,,,,,,,,,,,,,,,,,,,,,,,,,,,,,,,,,,,,,,,,,,,,,,,,,,,,,,,,,,,,,,,,,,,,,,,,,,,,,36.39102,36.262466,36.249043,36.259567,36.296967,36.39949,36.470913,36.572033,36.64676,36.83114,36.784977,36.780376,36.74639,36.649185,36.58867,36.577236,36.577297,36.563354,36.53204,36.50156,36.467205,36.435516,36.416542,36.413715,36.428875,36.456787,36.468426,36.47752,36.48127,36.4757,36.470463,36.456753,36.440086,36.415585,36.38703,36.35076,36.30459,36.25116,36.21617,36.20673,36.225037,36.2441,36.256607,36.30303,36.36392,36.394806,36.394688,36.341484,36.347443,36.386017,36.429054,36.4609,36.488552,36.514603,36.536873,36.556187,36.5661,36.559185,36.530674,36.500862,36.474136,36.457268,36.455303,36.46916,36.512653,36.588985,36.65704,36.707508,36.72307,36.73781,36.74741,36.739227,36.6988,36.62601,36.521515,36.505493,36.578114,36.51525,36.285225,36.212326,36.18473,36.299686,36.450493,36.5635,36.62145,36.636494,36.640446,36.659477,36.659386,36.648323,36.656906,36.68028,36.70876,36.739407,36.765663,36.75999,36.73398,36.71942,36.73435,36.752724,36.76107,36.72924,36.68976,36.695683,36.700592,36.716896,36.784996,36.783314,36.596893,36.510906,36.45677,36.435623,36.41689,36.43083,36.47328,36.526714,36.59796,36.654602,36.6091,36.298496,36.02563,36.031708,36.034325,36.07512,36.061825,35.988422,35.90309,35.821014,35.728394,35.629047,35.501526,35.33251,35.13208,34.93601,34.9023,34.936672,,,,,,,,,,,,,,,,,,,,30.35554,30.52174,31.030478,31.456053,31.538902,31.626852,31.433712,32.513103,34.095253,34.70361,33.757416,32.878563,,,,,,,,,,,,,,,,,,,,,,,,,,,,,,,,,,,,,,,,,,,,,,,,,,,,,,,,,,,,,,,,,,,,,,,,,,,,,,,,,,,,,,,,,,,,,,,,,,,,,,,,,,,,,,,,,,,,,,,,,,,,,,,,,,,,,,,,,,,,,,,,,,,,,,,,,,,,,,,,,,,,,,,,,22.388992,23.067501,24.004963,24.800585,25.33852,25.420404,25.218164,25.354845,25.234568,24.214993,23.650108,23.337172,22.745111,24.726585,25.028156,22.74038,24.434597,25.576626,22.646751,25.146961,24.340805,25.755184,26.467499,27.485548,28.616648,28.767591,28.872255,29.04713,29.346228,29.612215,29.790922,29.870863,30.132246,30.198395,30.15824,29.858086,29.052542,28.54924,28.538689,28.459593,28.61546,27.282562,24.560503,22.489605,24.063253,23.225569,23.17715,23.310484,22.623716
21.0,,,,,,,,,,,,,,,,,,,,,,,,,,,,,,,,,,,,,,,,,,,,,,,,,,,,,,,,,,,,,,,,,,,,,,,,,,,,,,,,,,,,,,,,,,,,,,,,,,,,,,,,,,,,,,,,,,,,,,,,,,,,,,,,,,,,,,,36.29608,36.264946,36.27921,36.2767,36.287094,36.366043,36.478546,36.486298,36.603767,36.730747,36.79997,36.77043,36.782772,36.747368,36.6547,36.59366,36.577457,36.58112,36.565765,36.528465,36.502827,36.483837,36.461304,36.430027,36.40279,36.386044,36.383198,36.38839,36.40009,36.407303,36.404762,36.396564,36.37808,36.352432,36.322395,36.28185,36.235943,36.1876,36.14917,36.140186,36.15512,36.193142,36.23925,36.290413,36.340794,36.36796,36.374897,36.374424,36.327957,36.30609,36.3316,36.3976,36.460564,36.495895,36.50559,36.508537,36.50933,36.492172,36.466927,36.46736,36.47095,36.479454,36.49536,36.521328,36.56052,36.60739,36.667656,36.71574,36.73815,36.73779,36.732586,36.710163,36.66311,36.59807,36.53097,36.464886,36.50041,36.671124,36.478832,36.28464,36.14714,36.180767,36.29755,36.43147,36.52912,36.585648,36.618725,36.632347,36.666294,36.679234,36.68175,36.697277,36.71472,36.73011,36.745457,36.758392,36.757687,36.748596,36.7424,36.740524,36.72697,36.69869,36.670544,36.649044,36.66694,36.68522,36.710964,36.78654,36.7474,36.51147,36.46431,36.44149,36.418926,36.40718,36.42765,36.480656,36.55487,36.618015,36.64505,36.56878,36.205692,36.001057,36.00711,35.99681,36.025654,36.021225,35.984825,35.9147,35.820694,35.75512,35.694935,35.60372,35.45252,35.223667,34.9394,34.81564,34.75926,34.718674,,,,,,,,,,,,,,,,,30.703382,30.643793,30.482311,30.483276,30.953772,31.689384,32.61285,32.681767,33.159046,33.924397,34.776176,34.687973,33.767178,33.008907,,,,,,,,,,,,,,,,,,,,,,,,,,,,,,,,,,,,,,,,,,,,,,,,,,,,,,,,,,,,,,,,,,,,,,,,,,,,,,,,,,,,,,,,,,,,,,,,,,,,,,,,,,,,,,,,,,,,,,,,,,,,,,,,,,,,,,,,,,,,,,,,,,,,,,,,,,,,,,,,,,,,,,,,,,23.090094,24.16128,25.073462,25.453716,25.410042,24.630438,24.773392,24.32007,23.903803,23.854258,24.194675,25.255535,27.382664,27.038345,24.47369,27.659777,27.747496,26.411827,26.595118,26.67505,26.958366,27.832449,28.7372,29.48786,29.22773,29.25745,29.201267,29.161348,29.271837,29.440367,29.595833,29.830454,29.904015,30.191303,30.231558,29.13492,27.725157,27.706306,27.480045,27.109125,26.482424,26.021872,25.44716,26.130209,25.367796,25.337078,25.359531,25.271227
20.916672,,,,,,,,,,,,,,,,,,,,,,,,,,,,,,,,,,,,,,,,,,,,,,,,,,,,,,,,,,,,,,,,,,,,,,,,,,,,,,,,,,,,,,,,,,,,,,,,,,,,,,,,,,,,,,,,,,,,,,,,,,,,,,,,,,,,,,,36.21763,36.24454,36.30075,36.30899,36.35908,36.464993,36.53349,36.514828,36.611485,36.752377,36.76607,36.765022,36.790073,36.7523,36.66943,36.601547,36.57459,36.57924,36.571957,36.54113,36.515884,36.51013,36.509483,36.493317,36.4683,36.430138,36.396652,36.36456,36.33861,36.331734,36.320786,36.31074,36.29575,36.26815,36.24052,36.20729,36.17551,36.157764,36.1573,36.18124,36.216255,36.258766,36.30029,36.334175,36.34849,36.35091,36.34928,36.33084,36.309933,36.306244,36.341187,36.41713,36.47414,36.485188,36.47296,36.466766,36.46513,36.46632,36.486645,36.51871,36.527855,36.523956,36.53841,36.563988,36.579033,36.59505,36.621128,36.651237,36.66787,36.660843,36.635498,36.59442,36.55874,36.523182,36.491756,36.4897,36.603195,36.708023,36.500164,36.24575,36.122643,36.156956,36.2639,36.36706,36.441086,36.498047,36.543537,36.55834,36.58814,36.62538,36.634815,36.64965,36.667313,36.679737,36.684322,36.68782,36.68959,36.683952,36.675766,36.663433,36.6335,36.6129,36.61016,36.62472,36.675945,36.706352,36.74107,36.794178,36.668373,36.46949,36.449257,36.446663,36.413963,36.422607,36.47306,36.554382,36.63894,36.68606,36.68454,36.53875,36.166832,36.00205,35.997025,35.992023,35.963436,35.92549,35.909817,35.865196,35.8101,35.758373,35.734547,35.669678,35.5369,35.247314,34.96666,34.827805,34.699924,34.61685,34.531693,,,,,,,,,,,,,,31.580423,31.497122,31.234123,30.959427,30.701107,30.69816,31.456377,32.760674,33.848164,34.10747,34.753212,35.302505,35.124756,34.813847,34.057877,33.37182,32.82628,,,,,,,,,,,,,,,,,,,,,,,,,,,,,,,,,,,,,,,,,,,,,,,,,,,,,,,,,,,,,,,,,,,,,,,,,,,,,,,,,,,,,,,,,,,,,,,,,,,,,,,,,,,,,,,,,,,,,,,,,,,,,,,,,,,,,,,,,,,,,,,,,,,,,,,,,,,,,,,,,,,,,,,,,22.844563,23.366827,24.562561,25.46096,25.667028,24.695139,24.565798,24.738565,25.069624,25.251448,25.826008,27.205944,28.080011,27.971283,27.904655,28.76374,28.593338,28.221893,27.978865,27.9575,27.955288,28.53963,29.274328,29.646627,29.319231,28.875626,28.599796,28.819464,29.229269,29.344862,29.406044,29.58888,29.923147,30.449907,30.241129,28.96039,27.436497,27.321815,27.379498,27.731346,27.961605,27.46556,27.482048,27.653105,27.317766,26.973404,26.549707,26.354279
20.833336,,,,,,,,,,,,,,,,,,,,,,,,,,,,,,,,,,,,,,,,,,,,,,,,,,,,,,,,,,,,,,,,,,,,,,,,,,,,,,,,,,,,,,,,,,,,,,,,,,,,,,,,,,,,,,,,,,,,,,,,,,,,,,,,,,,,,,36.19063,36.23121,36.326622,36.38105,36.35571,36.3822,36.502033,36.55838,36.568832,36.65558,36.74957,36.74323,36.771152,36.8006,36.764984,36.69805,36.623547,36.575443,36.57192,36.56826,36.55454,36.53445,36.542274,36.57027,36.57452,36.56562,36.544456,36.510796,36.463593,36.407955,36.365467,36.328335,36.301243,36.279167,36.257706,36.234837,36.218388,36.21157,36.218407,36.238525,36.26844,36.29733,36.319016,36.33222,36.329906,36.32901,36.321,36.307976,36.287266,36.293163,36.31615,36.37,36.441025,36.4724,36.46262,36.45351,36.452934,36.444286,36.452168,36.49141,36.52154,36.526237,36.524548,36.527134,36.529236,36.52446,36.523056,36.537952,36.554157,36.561882,36.554745,36.539265,36.524895,36.524837,36.532906,36.532005,36.568527,36.67051,36.670742,36.57047,36.279305,36.120514,36.134743,36.22567,36.317596,36.374527,36.43767,36.50357,36.522705,36.525955,36.543602,36.556362,36.56098,36.559982,36.565434,36.570232,36.572468,36.577335,36.58058,36.583626,36.57486,36.56087,36.56779,36.59169,36.64296,36.716534,36.760994,36.78863,36.77632,36.55534,36.46461,36.4598,36.453205,36.430977,36.481518,36.56654,36.644627,36.693485,36.70118,36.64548,36.44792,36.174522,36.05384,36.03082,36.031483,35.982243,35.928837,35.891937,35.842163,35.80629,35.775566,35.75981,35.715065,35.620888,35.399467,35.1207,34.91663,34.76371,34.62251,34.454506,34.340935,34.26295,,,,,,,,,,32.465034,32.352726,32.067562,31.730797,31.318485,31.001045,30.873022,30.979612,31.486162,33.391075,34.834835,34.91875,35.36784,35.408516,35.36886,35.308155,34.6437,33.76124,33.176037,,,,,,,,,,,,,,,,,,,,,,,,,,,,,,,,,,,,,,,,,,,,,,,,,,,,,,,,,,,,,,,,,,,,,,,,,,,,,,,,,,,,,,,,,,,,,,,,,,,,,,,,,,,,,,,,,,,,,,,,,,,,,,,,,,,,,,,,,,,,,,,,,,,,,,,,,,,,,,,,,,,,,,,,,,23.239914,23.828733,25.448608,26.400105,26.289644,26.206022,27.345722,27.106384,27.176323,27.56635,28.343023,28.556116,28.826073,29.214167,29.295948,29.134512,29.009584,28.679686,28.567858,28.52238,28.80181,29.21036,29.349852,28.940903,28.346426,28.39459,28.979734,29.101664,28.853182,28.645231,28.642809,29.128328,30.239841,29.453947,28.141354,27.595747,27.479221,27.908358,28.619884,28.304506,27.213568,27.216734,27.786285,28.16562,27.949791,27.154596,26.520079
20.75,,,,,,,,,,,,,,,,,,,,,,,,,,,,,,,,,,,,,,,,,,,,,,,,,,,,,,,,,,,,,,,,,,,,,,,,,,,,,,,,,,,,,,,,,,,,,,,,,,,,,,,,,,,,,,,,,,,,,,,,,,,,,,,,,,,,,36.211094,36.229885,36.336952,36.40547,36.415455,36.428032,36.472195,36.549007,36.584236,36.623425,36.690235,36.724968,36.738167,36.788483,36.810505,36.785496,36.739582,36.66364,36.597168,36.568645,36.56225,36.560635,36.55245,36.571274,36.61947,36.633232,36.62864,36.628212,36.618336,36.593266,36.54625,36.480667,36.411476,36.36959,36.32837,36.314598,36.29611,36.276875,36.28029,36.291668,36.308617,36.325535,36.33348,36.330685,36.321148,36.304325,36.30155,36.298275,36.287857,36.285763,36.305084,36.34308,36.399296,36.45249,36.459785,36.44297,36.454765,36.46093,36.431736,36.41633,36.43327,36.466415,36.48784,36.48822,36.488445,36.502335,36.507366,36.498627,36.50027,36.505604,36.506023,36.497875,36.489826,36.487175,36.49812,36.52478,36.552612,36.580166,36.59335,36.59183,36.603947,36.37182,36.13812,36.121807,36.195786,36.294968,36.350792,36.407898,36.487316,36.528107,36.530563,36.52599,36.523834,36.52574,36.527668,36.5354,36.53728,36.533882,36.531673,36.53661,36.537838,36.534565,36.523773,36.52217,36.543324,36.609283,36.727238,36.81009,36.8099,36.72058,36.482178,36.467773,36.483658,36.464382,36.46812,36.5476,36.631336,36.68134,36.705147,36.69996,36.55914,36.308266,36.182373,36.1262,36.126305,36.172688,36.09923,36.023674,35.948086,35.866333,35.81512,35.782177,35.774765,35.767113,35.745026,35.683777,35.515785,35.316795,35.112507,34.836536,34.503532,34.273815,34.152687,34.103973,34.04761,,,,,33.32526,33.344193,33.228603,32.97788,32.7365,32.23617,31.75564,31.40246,31.09407,31.04822,31.2215,31.564926,33.580772,35.45206,35.303062,35.436813,35.4105,35.34497,35.23553,34.851112,34.013836,33.40102,,,,,,,,,,,,,,,,,,,,,,,,,,,,,,,,,,,,,,,,,,,,,,,,,,,,,,,,,,,,,,,,,,,,,,,,,,,,,,,,,,,,,,,,,,,,,,,,,,,,,,,,,,,,,,,,,,,,,,,,,,,,,,,,,,,,,,,,,,,,,,,,,,,,,,,,,,,,,,,,,,,,,,,,,,23.520044,23.543491,24.48811,26.479055,27.308512,27.822577,28.550009,28.308899,28.39725,28.68015,29.103533,29.500118,29.95352,30.240238,30.215816,30.252447,30.072779,29.641764,29.068394,28.776602,28.751959,28.810472,28.89255,28.61527,28.309881,28.629335,29.097214,28.914091,28.759022,28.680553,28.647234,28.839884,29.897524,28.924288,27.942047,27.757498,27.617485,28.090195,29.023521,28.23192,26.91135,26.683073,27.164255,27.748247,27.710978,27.003761,26.254358
20.666672,,,,,,,,,,,,,,,,,,,,,,,,,,,,,,,,,,,,,,,,,,,,,,,,,,,,,,,,,,,,,,,,,,,,,,,,,,,,,,,,,,,,,,,,,,,,,,,,,,,,,,,,,,,,,,,,,,,,,,,,,,,,,,,,,,,,36.23575,36.224274,36.268772,36.421074,36.411755,36.443687,36.469547,36.52523,36.564674,36.59755,36.64463,36.686573,36.708317,36.752598,36.806313,36.819466,36.816338,36.79222,36.72461,36.647167,36.583023,36.559086,36.56323,36.56915,36.581913,36.61507,36.629673,36.625977,36.628567,36.63959,36.646732,36.65099,36.624462,36.559196,36.484997,36.385933,36.357773,36.35801,36.336914,36.330875,36.334126,36.336716,36.334763,36.3235,36.308903,36.29743,36.301044,36.317776,36.32464,36.316204,36.312992,36.3386,36.377834,36.42288,36.448395,36.433243,36.424168,36.461582,36.490623,36.47743,36.440735,36.415966,36.41912,36.43976,36.456295,36.47478,36.503395,36.5159,36.508266,36.498505,36.497765,36.49655,36.489754,36.488155,36.49272,36.502647,36.515133,36.52793,36.518257,36.467834,36.47041,36.586773,36.475777,36.199425,36.113487,36.165535,36.27163,36.351376,36.39276,36.439316,36.48345,36.503536,36.511436,36.520916,36.530643,36.5447,36.556713,36.551502,36.5265,36.4997,36.489273,36.480778,36.474304,36.484875,36.51226,36.539284,36.580338,36.714317,36.82603,36.791367,36.633743,36.47087,36.476227,36.50589,36.477177,36.495544,36.578083,36.64916,36.691044,36.720486,36.704716,36.513012,36.25956,36.2132,36.226536,36.307205,36.412216,36.318386,36.203342,36.102867,35.933933,35.80012,35.72943,35.68067,35.686817,35.71656,35.720535,35.713047,35.70234,35.60494,35.332825,34.873634,34.34109,34.15528,34.20688,34.237392,34.00975,33.874435,33.836422,33.84521,33.753258,33.575035,33.422897,33.216084,32.92485,32.453484,32.05856,31.720833,31.280756,31.088793,31.257048,32.2493,34.50834,35.535164,35.48094,35.451897,35.401756,35.32711,35.194355,34.8631,34.082226,33.462204,,,,,,,,,,,,,,,,,,,,,,,,,,,,,,,,,,,,,,,,,,,,,,,,,,,,,,,,,,,,,,,,,,,,,,,,,,,,,,,,,,,,,,,,,,,,,,,,,,,,,,,,,,,,,,,,,,,,,,,,,,,,,,,,,,,,,,,,,,,,,,,,,,,,,,,,,,,,,,,,,,,,,,,,,,23.95257,23.936106,24.687038,26.311974,27.034025,27.379902,27.911358,28.569689,28.778194,29.156189,29.530527,29.932774,30.111994,30.11271,30.200909,30.564837,31.031588,31.059633,30.494003,29.5435,29.114237,28.838634,28.666729,28.509264,28.64755,29.219784,29.170855,29.244577,29.048906,28.881605,28.842909,29.073097,29.881413,29.144659,28.06321,27.887333,27.787271,28.247187,29.168478,28.005486,26.896517,26.58206,26.952658,27.26879,27.001516,26.420414,26.00632
20.583336,,,,,,,,,,,,,,,,,,,,,,,,,,,,,,,,,,,,,,,,,,,,,,,,,,,,,,,,,,,,,,,,,,,,,,,,,,,,,,,,,,,,,,,,,,,,,,,,,,,,,,,,,,,,,,,,,,,,,,,,,,,,,,35.14544,35.072792,35.00482,,,,36.24479,36.229137,36.266304,,,36.47082,36.48881,36.53773,36.56705,36.598633,36.64016,36.66984,36.70599,36.761642,36.803127,36.815468,36.837147,36.84345,36.802765,36.72773,36.629524,36.567238,36.565662,36.574192,36.5799,36.59338,36.601643,36.59883,36.605946,36.625977,36.635216,36.64307,36.675255,36.690144,36.62856,36.491253,36.38557,36.380806,36.377773,36.36554,36.352425,36.33521,36.31431,36.296196,36.291534,36.30668,36.340397,36.364815,36.36061,36.344288,36.34818,36.381832,36.414257,36.433735,36.43204,36.419155,36.44535,36.500053,36.537445,36.544792,36.517982,36.47249,36.43082,36.41875,36.43832,36.471848,36.50676,36.516365,36.504955,36.491932,36.473026,36.439564,36.396893,36.39583,36.44101,36.46673,36.481976,36.48494,36.47281,36.429417,36.394966,36.537754,36.5531,36.297523,36.127735,36.125343,36.190296,36.27383,36.325344,36.34972,36.37871,36.41403,36.454197,36.493908,36.528637,36.561676,36.58395,36.58218,36.54387,36.48536,36.455215,36.45335,36.466084,36.49526,36.529476,36.564262,36.593243,36.679802,36.81069,36.771366,36.56263,36.470905,36.488144,36.525032,36.49018,36.50053,36.57288,36.63962,36.688744,36.725266,36.725822,36.562458,36.298885,36.280743,36.376995,36.562622,36.736317,36.66704,36.52399,36.45307,36.23642,35.945614,35.756264,35.603012,35.583378,35.57415,35.537132,35.50003,35.52475,35.563717,35.525925,35.376343,34.72362,34.4469,34.760056,34.858128,34.382343,34.168194,34.072544,34.069958,33.87643,33.43283,33.233795,33.085438,32.884365,32.58236,32.211414,31.882832,31.564705,31.305922,31.504189,32.962715,35.116028,35.51895,35.480324,35.439327,35.38921,35.30886,35.18649,34.839912,34.010178,33.46395,,,,,,,,,,,,,,,,,,,,,,,,,,,,,,,,,,,,,,,,,,,,,,,,,,,,,,,,,,,,,,,,,,,,,,,,,,,,,,,,,,,,,,,,,,,,,,,,,,,,,,,,,,,,,,,,,,,,,,,,,,,,,,,,,,,,,,,,,,,,,,,,,,,,,,,,,,,,,,,,,,,,,,,23.254591,23.486671,24.01868,24.546116,24.896412,25.53595,26.513662,26.699198,26.617073,26.964222,28.047318,28.63754,29.014122,29.298952,29.415144,29.271666,29.106575,29.129192,29.427645,30.362333,31.363478,31.94645,31.392506,30.417347,29.88316,29.417456,29.288752,29.585588,29.584352,29.423668,29.552723,29.416704,29.318743,29.305279,29.500553,29.927355,29.379095,28.75109,28.41509,28.450308,28.976326,29.341734,27.81542,26.729904,26.48354,26.739933,26.675823,26.378569,26.156113,26.335678
20.5,,,,,,,,,,,,,,,,,,,,,,,,,,,,,,,,,,,,,,,,,,,,,,,,,,,,,,,,,,,,,,,,,,,,,,,,,,,,,,,,,,,,,,,,,,,,,,,,,,,,,,,,,,,,,,,,,,,,,,,,,,,,,35.36492,35.27046,35.191444,35.128994,,,,36.277306,36.251194,36.23457,,36.41475,36.482937,36.51762,36.549408,36.567326,36.595905,36.62139,36.65182,36.698547,36.752617,36.780197,36.78682,36.813183,36.847404,36.85115,36.81069,36.709385,36.603195,36.563942,36.57012,36.566883,36.57107,36.57645,36.582653,36.608475,36.66084,36.685894,36.671524,36.692432,36.718277,36.69589,36.58492,36.42694,36.37361,36.37637,36.368423,36.343407,36.310284,36.29059,36.28899,36.312355,36.34962,36.384148,36.383682,36.36305,36.35343,36.37849,36.41802,36.433212,36.429432,36.41344,36.41836,36.46914,36.538063,36.578854,36.57889,36.564022,36.539494,36.484203,36.447193,36.453194,36.46928,36.477848,36.48485,36.487324,36.470787,36.39933,36.273045,36.14296,36.13084,36.303032,36.420185,36.478394,36.484653,36.470093,36.447094,36.38231,36.47253,36.58172,36.428223,36.210426,36.13007,36.132282,36.175724,36.213264,36.232914,36.254482,36.285305,36.327473,36.37028,36.427677,36.510433,36.576298,36.6102,36.59231,36.52068,36.4654,36.451557,36.461784,36.479973,36.50325,36.550518,36.607216,36.65694,36.760357,36.784763,36.59567,36.48462,36.51257,36.541798,36.51351,36.499912,36.552765,36.61599,36.66979,36.720783,36.743996,36.648277,36.411217,36.36944,36.533688,36.749813,36.924942,36.86771,36.74327,36.72314,36.659927,36.41105,35.998722,35.667446,35.61136,35.552784,35.42809,35.319363,35.321888,35.35819,35.370773,35.420155,35.16127,34.913837,35.236282,35.344112,35.118374,34.86787,34.56331,34.446087,34.233093,33.588966,33.199516,33.041218,32.683743,32.231148,31.962204,31.839985,31.956657,32.10599,32.46918,33.78687,35.255318,35.50146,35.45992,35.415756,35.374084,35.28793,35.17467,34.838943,34.021637,33.555515,,,,,,,,,,,,,,,,,,,,,,,,,,,,,,,,,,,,,,,,,,,,,,,,,,,,,,,,,,,,,,,,,,,,,,,,,,,,,,,,,,,,,,,,,,,,,,,,,,,,,,,,,,,,,,,,,,,,,,,,,,,,,,,,,,,,,,,,,,,,,,,,,,,,,,,,,,,,,,,,,,,,,,,23.675474,23.865694,24.78485,25.151245,25.985096,26.4623,27.054817,26.73783,26.342056,26.613255,27.458715,28.197498,28.686934,28.99225,28.98736,28.832638,28.750038,28.741768,28.80698,29.526241,30.622116,31.94897,32.44413,31.913048,31.13075,30.397507,30.093637,30.0389,29.437014,29.572126,29.752197,29.687185,29.546099,29.484753,29.555048,29.672644,29.65091,29.419018,29.261473,29.310646,29.608217,29.369286,27.510479,26.627626,26.480965,26.56498,26.475557,26.646627,27.059988,27.524189
20.416672,,,,,,,,,,,,,,,,,,,,,,,,,,,,,,,,,,,,,,,,,,,,,,,,,,,,,,,,,,,,,,,,,,,,,,,,,,,,,,,,,,,,,,,,,,,,,,,,,,,,,,,,,,,,,,,,,,,,,,,,,,,,,35.530354,35.543858,35.586784,35.642426,,,36.32784,36.31583,36.300632,,36.34061,36.470364,36.479324,36.5103,36.53319,36.559013,36.571957,36.592495,36.624043,36.66424,36.714012,36.754486,36.761135,36.775578,36.80927,36.83767,36.84616,36.80958,36.6958,36.6041,36.5882,36.58704,36.581505,36.587677,36.594547,36.649754,36.73021,36.7429,36.72487,36.734882,36.74604,36.72083,36.613377,36.479694,36.39024,36.368294,36.357414,36.323227,36.292633,36.290955,36.312363,36.349243,36.386322,36.394455,36.37315,36.356686,36.36584,36.404514,36.433823,36.43404,36.41336,36.39237,36.404034,36.454,36.52571,36.578484,36.579746,36.56047,36.542168,36.505028,36.44812,36.35686,36.24955,36.215736,36.33001,36.435658,36.413048,36.253326,36.036644,35.89245,35.865105,36.056057,36.354847,36.526638,36.528904,36.479122,36.45868,36.390522,36.429325,36.593365,36.559647,36.3934,36.259552,36.195927,36.17751,36.208523,36.23162,36.255764,36.291126,36.332333,36.34554,36.341034,36.393528,36.50624,36.6067,36.63403,36.57056,36.489933,36.464966,36.470814,36.48211,36.48424,36.511288,36.580524,36.64776,36.70861,36.762745,36.681366,36.55568,36.553474,36.55836,36.54616,36.50731,36.529476,36.58404,36.646137,36.716064,36.75559,36.720562,36.558952,36.45289,36.602898,36.77515,36.881805,36.787502,36.723343,36.720978,36.731274,36.713703,36.40595,35.820824,35.711422,35.690575,35.563236,35.36918,35.32812,35.345448,35.338306,35.353855,35.33173,35.225597,35.344173,35.420845,35.4214,35.30521,35.10933,35.00473,34.998783,34.392963,33.61132,33.24748,32.654797,32.2554,31.942205,31.825066,32.063896,32.55736,33.098248,34.137527,35.249435,35.480045,35.42623,35.39861,35.37309,35.255962,35.136974,34.773132,33.99231,33.61524,,,,,,,,,,,,,,,,,,,,,,,,,,,,,,,,,,,,,,,,,,,,,,,,,,,,,,,,,,,,,,,,,,,,,,,,,,,,,,,,,,,,,,,,,,,,,,,,,,,,,,,,,,,,,,,,,,,,,,,,,,,,,,,,,,,,,,,,,,,,,,,,,,,,,,,,,,,,,,,,,,,,,,,24.543365,24.924303,25.737001,26.333933,27.109816,27.663147,28.044306,27.695042,26.85756,27.284115,27.419514,27.88661,28.287096,28.617352,28.799337,28.818943,28.81653,28.762548,28.715214,29.224377,30.17694,31.573704,32.37381,31.81955,30.92308,30.481781,29.824123,29.493631,29.219484,29.399244,29.66092,29.47634,29.467878,29.348324,29.058887,28.850689,29.431553,29.375147,29.520687,29.553234,29.544472,28.368326,26.983788,26.78499,26.77301,27.069456,27.346703,27.964476,28.614754,28.652311
20.333336,,,,,,,,,,,,,,,,,,,,,,,,,,,,,,,,,,,,,,,,,,,,,,,,,,,,,,,,,,,,,,,,,,,,,,,,,,,,,,,,,,,,,,,,,,,,,,,,,,,,,,,,,,,,,,,,,,,,,,,,,,,,35.848103,35.760876,35.880272,36.099453,36.211243,36.2496,36.31605,36.32908,36.330765,,,36.38629,36.508564,36.472645,36.48411,36.512283,36.549587,36.57298,36.59342,36.60353,36.620987,36.6544,36.69301,36.726063,36.75168,36.77662,36.808456,36.826336,36.837753,36.83318,36.777527,36.695976,36.69901,36.68966,36.695892,36.70179,36.72417,36.733273,36.721577,36.728172,36.733986,36.728123,36.681755,36.570335,36.47526,36.426613,36.394352,36.365112,36.325645,36.299892,36.308205,36.342155,36.379215,36.399845,36.386787,36.36529,36.361298,36.382828,36.417408,36.431953,36.41635,36.386932,36.36986,36.387806,36.442276,36.520615,36.57137,36.553066,36.504498,36.467606,36.360077,36.123928,35.9064,35.843704,35.8698,36.13234,36.397247,36.358337,36.16104,35.93829,35.82394,35.801456,35.8626,36.239594,36.587505,36.537243,36.45986,36.456497,36.39278,36.404545,36.58269,36.636723,36.5658,36.44776,36.32218,36.25906,36.281925,36.32367,36.358574,36.398895,36.442104,36.450985,36.404865,36.36016,36.447227,36.582245,36.66016,36.62359,36.53934,36.510406,36.514557,36.504204,36.477432,36.469913,36.508335,36.597717,36.68053,36.72893,36.707306,36.632698,36.594097,36.58451,36.590897,36.529797,36.515797,36.555767,36.628155,36.721878,36.76,36.76062,36.68244,36.541313,36.606144,36.741585,36.837784,36.74659,36.70061,36.71074,36.715614,36.704742,36.517372,35.95883,35.76227,35.782875,35.749565,35.56866,35.43907,35.442013,35.393646,35.34742,35.349773,35.33857,35.41785,35.454395,35.394268,35.2194,35.061676,35.01839,35.076237,34.925358,34.31159,33.854187,33.258865,32.834324,32.48972,31.98192,32.08843,32.560265,33.25266,34.388798,35.3501,35.387722,35.37062,35.38603,35.377644,35.197712,35.067245,34.738194,34.069332,,,,,,,,,,,,,,,,,,,,,,,,,,,,,,,,,,,,,,,,,,,,,,,,,,,,,,,,,,,,,,,,,,,,,,,,,,,,,,,,,,,,,,,,,,,,,,,,,,,,,,,,,,,,,,,,,,,,,,,,,,,,,,,,,,,,,,,,,,,,,,,,,,,,,,,,,,,,,,,,,,,,,,,,25.1861,26.221392,27.185938,27.584696,27.875858,28.231936,28.504488,28.927774,29.03482,28.979519,28.513144,28.075102,28.104967,28.1961,28.36388,28.537428,28.581945,28.54804,28.572306,29.104303,29.841127,31.199942,32.02134,30.839125,29.748455,29.703287,29.240286,29.163883,29.214458,29.317377,29.27611,28.993353,29.120358,29.10056,28.784458,28.43372,28.55052,28.710688,28.800707,28.514593,28.030775,27.44489,27.17158,27.256016,27.48557,28.044912,28.629652,29.517353,29.667067,28.461653
20.25,,,,,,,,,,,,,,,,,,,,,,,,,,,,,,,,,,,,,,,,,,,,,,,,,,,,,,,,,,,,,,,,,,,,,,,,,,,,,,,,,,,,,,,,,,,,,,,,,,,,,,,,,,,,,,,,,,,,,,,,,,,36.034035,35.983517,35.976406,36.162296,36.314827,36.29561,36.290215,36.29774,36.31202,36.340218,,36.296673,36.403355,36.542496,36.50445,36.512775,36.58313,36.61115,36.641464,36.659653,36.655273,36.656086,36.67767,36.665314,36.67567,36.70177,36.741726,36.791565,36.814465,36.809692,36.81396,36.835606,36.83516,36.823387,36.803764,36.777367,36.717163,36.65361,36.619823,36.628693,36.658737,36.675003,36.667564,36.625137,36.56311,36.501335,36.45818,36.42657,36.3867,36.3502,36.332436,36.34352,36.37881,36.406822,36.399258,36.378468,36.36907,36.37637,36.398685,36.415066,36.406578,36.379517,36.35466,36.349174,36.369957,36.412277,36.469566,36.520226,36.493073,36.36734,36.22759,36.089737,35.814827,35.751183,35.77792,35.871937,36.06481,36.281364,36.210114,36.020054,35.88102,35.817356,35.80226,35.84352,36.231934,36.63688,36.492287,36.39744,36.43194,36.400105,36.38862,36.52133,36.618435,36.640995,36.60419,36.506504,36.405125,36.38928,36.413525,36.43888,36.46443,36.500484,36.52932,36.507004,36.414013,36.435593,36.57194,36.680023,36.684093,36.62575,36.604424,36.59803,36.55806,36.499786,36.46199,36.45748,36.500156,36.591343,36.68485,36.705376,36.676,36.64723,36.638416,36.614376,36.53392,36.51022,36.53438,36.625725,36.740932,36.765854,36.774773,36.754814,36.647182,36.638794,36.748775,36.828968,36.706898,36.68297,36.697258,36.713627,36.654095,36.322865,35.92913,35.81896,35.800396,35.808086,35.723736,35.57358,35.519955,35.49858,35.44542,35.43592,35.47587,35.544952,35.568676,35.487164,35.256023,34.980846,34.889824,34.865803,34.82323,34.63587,34.483505,34.184048,33.891376,33.563602,32.88056,32.97774,33.315716,33.953754,34.905838,35.264797,35.2643,35.30807,35.37187,35.346577,35.1942,35.096733,34.608658,34.105198,,,,,,,,,,,,,,,,,,,,,,,,,,,,,,,,,,,,,,,,,,,,,,,,,,,,,,,,,,,,,,,,,,,,,,,,,,,,,,,,,,,,,,,,,,,,,,,,,,,,,,,,,,,,,,,,,,,,,,,,,,,,,,,,,,,,,,,,,,,,,,,,,,,,,,,,,,,,,,,,,,,,,,26.176634,25.48326,25.518358,26.291748,27.328789,27.55755,27.983997,28.31018,28.85618,29.259974,29.527252,29.623926,29.588861,29.701004,29.322311,28.839497,28.508638,28.451832,28.520512,28.588062,28.831795,29.355335,29.897924,30.832941,31.832773,30.71897,29.36664,29.497694,29.17848,29.287119,29.250313,29.011444,28.782461,28.67499,28.674114,28.664742,28.599388,28.446943,28.286888,28.26951,28.158972,27.97401,27.762423,27.607887,27.67446,27.851192,28.24056,28.90966,29.6033,30.382854,29.771038,28.722242
20.166672,,,,,,,,,,,,,,,,,,,,,,,,,,,,,,,,,,,,,,,,,,,,,,,,,,,,,,,,,,,,,,,,,,,,,,,,,,,,,,,,,,,,,,,,,,,,,,,,,,,,,,,,,,,,,,,,,,,,,,,,,,,36.09016,36.087418,36.116383,36.259903,36.347748,36.314854,36.28631,36.28941,36.308376,36.317345,36.301632,36.289684,36.390507,36.545746,36.575573,36.58473,36.623436,36.589504,36.591663,36.610287,36.6478,36.669926,36.706577,36.707436,36.696712,36.690956,36.70134,36.761612,36.80889,36.790745,36.75247,36.7571,36.817802,36.80174,36.71633,36.629704,36.56478,36.558563,36.568638,36.60137,36.630768,36.646847,36.637955,36.60604,36.572067,36.541103,36.509224,36.472572,36.435467,36.415188,36.41095,36.419167,36.428062,36.412556,36.383114,36.37594,36.381123,36.39936,36.413563,36.40782,36.38695,36.365818,36.35717,36.361374,36.374588,36.398212,36.43558,36.47561,36.462883,36.28405,36.001442,35.836105,35.74114,35.752525,35.78791,35.86278,35.969234,36.01643,35.921272,35.819904,35.781918,35.771397,35.780888,35.87548,36.32576,36.715137,36.501392,36.385773,36.398808,36.405884,36.38591,36.449425,36.511677,36.570633,36.62911,36.61558,36.550484,36.510975,36.49856,36.484936,36.477596,36.507236,36.55013,36.56042,36.4745,36.44382,36.574055,36.70169,36.746693,36.730022,36.721947,36.71148,36.67218,36.597466,36.518875,36.46305,36.464237,36.46938,36.5417,36.62965,36.657387,36.647938,36.627052,36.554565,36.4993,36.48906,36.51753,36.64662,36.768463,36.775314,36.779957,36.78598,36.73845,36.706562,36.76918,36.797337,36.656303,36.64897,36.682262,36.705154,36.660774,36.329056,35.96191,35.867657,35.85399,35.86353,35.821346,35.734215,35.630573,35.61618,35.60527,35.601643,35.62528,35.66116,35.67551,35.65955,35.570164,35.23742,35.06017,34.922676,34.7202,34.598198,34.5403,34.405746,34.14301,34.062233,33.940536,33.886086,34.139076,34.58035,35.058624,35.129223,35.186195,35.281693,35.388206,35.359325,35.208755,34.97524,34.32412,34.06998,,,,,,,,,,,,,,,,,,,,,,,,,,,,,,,,,,,,,,,,,,,,,,,,,,,,,,,,,,,,,,,,,,,,,,,,,,,,,,,,,,,,,,,,,,,,,,,,,,,,,,,,,,,,,,,,,,,,,,,,,,,,,,,,,,,,,,,,,,,,,,,,,,,,,,,,,,,,,,,,,,,,,26.753387,26.99147,27.012209,26.82243,26.532898,26.934626,27.185612,28.079138,29.020096,29.741285,30.197098,30.485107,30.593765,30.48897,30.519222,30.489065,30.144901,29.729254,29.381557,29.242453,29.344374,29.502417,29.77325,30.204575,30.625269,31.685211,30.616985,28.95923,29.420107,29.42858,29.514729,29.310488,28.998943,29.013178,29.078232,29.094332,29.063091,28.943876,28.80352,28.625467,28.497478,28.340544,28.161476,28.093792,28.104208,28.206226,28.437561,28.845798,29.448141,30.156662,30.655916,30.442501,29.785242
20.083336,,,,,,,,,,,,,,,,,,,,,,,,,,,,,,,,,,,,,,,,,,,,,,,,,,,,,,,,,,,,,,,,,,,,,,,,,,,,,,,,,,,,,,,,,,,,,,,,,,,,,,,,,,,,,,,,,,,,,,,,,,,36.14826,36.173363,36.209587,36.32789,36.367306,36.34963,36.31472,36.296253,36.294266,36.2946,36.294476,36.285595,36.310387,36.534588,36.602505,36.597095,36.557415,36.50655,36.525375,36.5294,36.501476,36.551994,36.644154,36.715054,36.72467,36.702854,36.694244,36.74527,36.79675,36.760532,36.682045,36.67417,36.703224,36.62105,36.552376,36.539948,36.55261,36.565765,36.58531,36.60148,36.63068,36.645844,36.64478,36.62956,36.607143,36.58098,36.55533,36.530178,36.5062,36.486687,36.471287,36.451187,36.402966,36.37308,36.37049,36.382774,36.398594,36.416286,36.417645,36.408535,36.39604,36.39174,36.3924,36.398235,36.406807,36.41766,36.431988,36.4509,36.424446,36.211468,35.88639,35.759354,35.757084,35.766293,35.831017,35.915066,35.9455,35.927532,35.899933,35.851486,35.84401,35.781635,35.762825,35.884727,36.33845,36.742546,36.669895,36.396095,36.38011,36.37886,36.37482,36.397823,36.421345,36.460094,36.543774,36.575558,36.551205,36.529774,36.523064,36.490105,36.473145,36.498386,36.553406,36.577774,36.51206,36.474064,36.580463,36.704205,36.76352,36.775993,36.785183,36.80333,36.80793,36.76372,36.646175,36.539,36.51232,36.458782,36.45824,36.500793,36.522633,36.52739,36.505413,36.464993,36.45309,36.46805,36.545578,36.704933,36.78452,36.780743,36.786034,36.800003,36.786106,36.761864,36.784344,36.754566,36.636826,36.633106,36.68089,36.711056,36.669937,36.40016,36.026215,35.88256,35.884697,35.89399,35.853928,35.802372,35.741943,35.701603,35.693607,35.70875,35.714836,35.703632,35.684433,35.664978,35.640408,35.585728,35.476864,35.21293,34.85778,34.612938,34.4828,34.378307,34.257362,34.20286,34.215126,34.258144,34.444893,34.7199,34.943924,35.063522,35.169415,35.27773,35.39626,35.36528,35.19988,34.873817,34.340763,,,,,,,,,,,,,,,,,,,,,,,,,,,,,,,,,,,,,,,,,,,,,,,,,,,,,,,,,,,,,,,,,,,,,,,,,,,,,,,,,,,,,,,,,,,,,,,,,,,,,,,,,,,,,,,,,,,,,,,,,,,,,,,,,,,,,,,,,,,,,,,,,,,,,,,,,,,,,,,,,,,,,,27.473782,28.945702,29.543081,29.452341,28.685734,28.29854,29.184803,30.017418,30.950745,31.417799,31.692205,31.852428,31.860603,31.69439,31.54429,31.452421,31.228695,30.896276,30.55774,30.358482,30.34839,30.324797,30.411875,30.626905,30.76439,31.729359,30.656542,28.82081,29.39489,29.45816,29.376009,28.880362,28.792336,29.137981,29.243092,29.323303,29.421473,29.444921,29.409834,29.26979,29.11152,28.921686,28.7559,28.570343,28.538174,28.646399,28.925438,29.402029,29.88078,30.460537,30.914238,30.779055,30.158497
20.0,,,,,,,,,,,,,,,,,,,,,,,,,,,,,,,,,,,,,,,,,,,,,,,,,,,,,,,,,,,,,,,,,,,,,,,,,,,,,,,,,,,,,,,,,,,,,,,,,,,,,,,,,,,,,,,,,,,,,,,,,,,36.15593,36.209488,36.269726,36.382446,36.388165,36.36748,36.330814,36.313595,36.324852,36.324306,36.313553,36.298607,36.291798,36.4818,36.650455,36.5952,36.563766,36.51457,36.484398,36.472023,36.44458,36.477634,36.593853,36.67793,36.712418,36.70537,36.69424,36.737125,36.787502,36.734886,36.633938,36.61539,36.61542,36.549576,36.534863,36.54292,36.543846,36.53713,36.53166,36.547337,36.567265,36.593918,36.610886,36.60921,36.59643,36.577553,36.555294,36.528908,36.499218,36.46113,36.424156,36.386803,36.36569,36.36451,36.3684,36.37845,36.38759,36.39587,36.396637,36.391586,36.389446,36.38938,36.393238,36.403313,36.41622,36.433624,36.45064,36.454903,36.409084,36.18837,35.886307,35.7906,35.784363,35.823414,35.926903,35.987988,35.977127,35.988895,35.966156,35.905678,35.883606,35.83926,35.78371,35.902893,36.333786,36.714928,36.73216,36.56194,36.384335,36.410503,36.35992,36.349037,36.354618,36.36879,36.42802,36.454475,36.454006,36.457035,36.45625,36.453068,36.471134,36.514935,36.57502,36.59381,36.528152,36.499557,36.581863,36.675777,36.715393,36.71639,36.71984,36.742794,36.813152,36.867165,36.8307,36.658424,36.59393,36.526463,36.492195,36.484196,36.462963,36.45551,36.450363,36.44687,36.458538,36.517063,36.635456,36.762997,36.790684,36.78255,36.79332,36.81009,36.8075,36.793865,36.785065,36.67105,36.62416,36.61619,36.65886,36.70392,36.69021,36.48068,36.128952,35.920208,35.895782,35.899597,35.836006,35.79534,35.76491,35.75041,35.724735,35.72462,35.71534,35.69781,35.690475,35.673832,35.65887,35.628242,35.59607,35.50568,35.146465,34.75167,34.542664,34.428394,34.365383,34.36471,34.39558,34.489426,34.632828,34.793083,34.937294,35.050766,35.17158,35.3097,35.44005,35.375698,35.18991,34.833946,34.407604,,,,,,,,,,,,,,,,,,,,,,,,,,,,,,,,,,,,,,,,,,,,,,,,,,,,,,,,,,,,,,,,,,,,,,,,,,,,,,,,,,,,,,,,,,,,,,,,,,,,,,,,,,,,,,,,,,,,,,,,,,,,,,,,,,,,,,,,,,,,,,,,,,,,,,,,,,,,,,,,,,,,,27.879625,29.083004,30.053537,30.602661,30.731258,30.861193,30.779984,30.997509,31.442627,31.761003,31.994183,32.140076,32.155777,32.058174,31.915117,31.776005,31.709866,31.643343,31.50946,31.316925,31.176744,31.117403,31.02501,30.963848,30.963049,30.908047,31.695946,30.53937,28.766321,29.215288,29.14002,28.77376,28.353292,28.798147,29.102552,29.115284,29.159027,29.28154,29.445354,29.67162,29.869387,29.91438,29.787342,29.659632,29.551249,29.470114,29.603907,29.873192,30.33536,30.658434,30.866703,30.939684,30.436722,30.00218
19.916672,,,,,,,,,,,,,,,,,,,,,,,,,,,,,,,,,,,,,,,,,,,,,,,,,,,,,,,,,,,,,,,,,,,,,,,,,,,,,,,,,,,,,,,,,,,,,,,,,,,,,,,,,,,,,,,,,,,,,,,,,,,36.159874,36.220966,36.300137,36.401653,36.418083,36.395813,36.364956,36.34969,36.36583,36.35598,36.336506,36.31093,36.293854,36.332928,36.570477,36.61435,36.56078,36.51153,36.516518,36.524376,36.460957,36.43466,36.53699,36.65544,36.70135,36.699318,36.69273,36.739437,36.78272,36.713524,36.59403,36.562344,36.570732,36.536495,36.535194,36.532303,36.51709,36.50086,36.495407,36.48885,36.488716,36.502308,36.518436,36.531204,36.529816,36.516724,36.49295,36.46171,36.431133,36.40848,36.39979,36.39733,36.386684,36.368614,36.360455,36.36572,36.368244,36.36718,36.367805,36.370026,36.371502,36.37154,36.372177,36.378143,36.390526,36.42096,36.456825,36.47234,36.417343,36.20058,35.922943,35.842278,35.820835,35.888218,35.968277,35.96836,35.921177,35.94772,35.91476,35.84724,35.84262,35.844467,35.826878,35.946476,36.336197,36.65343,36.702232,36.64671,36.55725,36.454456,36.419556,36.35055,36.3163,36.31365,36.334175,36.34021,36.341717,36.36833,36.417152,36.465794,36.50865,36.54687,36.584503,36.5676,36.5155,36.516563,36.569546,36.640923,36.679543,36.688137,36.68362,36.67304,36.730915,36.850895,36.892654,36.853256,36.684734,36.626354,36.567204,36.56078,36.53997,36.496944,36.505817,36.516243,36.55973,36.635372,36.733135,36.786182,36.78316,36.773586,36.79513,36.820984,36.8176,36.81105,36.770935,36.598843,36.575394,36.576527,36.59982,36.649403,36.689346,36.58664,36.25462,36.000256,35.95181,35.940414,35.876343,35.817993,35.75853,35.746445,35.73204,35.72899,35.72996,35.725464,35.708485,35.674976,35.665085,35.638462,35.606068,35.547066,35.38441,35.025234,34.734135,34.580097,34.462208,34.490395,34.582325,34.715534,34.802586,34.92791,35.015907,35.113853,35.225502,35.377247,35.48917,35.428226,35.185623,34.799652,34.515774,,,,,,,,,,,,,,,,,,,,,,,,,,,,,,,,,,,,,,,,,,,,,,,,,,,,,,,,,,,,,,,,,,,,,,,,,,,,,,,,,,,,,,,,,,,,,,,,,,,,,,,,,,,,,,,,,,,,,,,,,,,,,,,,,,,,,,,,,,,,,,,,,,,,,,,,,,,,,,,,,,,28.95895,29.029732,29.226814,29.939734,30.73009,31.068867,31.234293,31.376398,31.480621,31.780546,31.964708,31.969246,32.076385,32.212097,32.27623,32.068897,31.878666,31.779425,31.771387,31.778254,31.759363,31.665749,31.554468,31.462206,31.341219,31.202213,31.147081,30.978302,31.64971,30.506609,28.753592,29.030106,28.892023,28.542526,28.368687,28.859436,28.893808,28.758904,28.751549,28.76009,28.845644,29.095772,29.473965,29.962648,30.460255,30.743141,30.87102,30.883509,30.912367,30.96334,31.08874,31.099167,30.958546,30.567015,30.085772,29.89079
19.833336,,,,,,,,,,,,,,,,,,,,,,,,,,,,,,,,,,,,,,,,,,,,,,,,,,,,,,,,,,,,,,,,,,,,,,,,,,,,,,,,,,,,,,,,,,,,,,,,,,,,,,,,,,,,,,,,,,,,,,,,,,36.139988,36.180264,36.247097,36.323124,36.38947,36.42814,36.427803,36.40511,36.385357,36.379498,36.368736,36.351204,36.33319,36.316505,36.31334,36.409813,36.5426,36.56186,36.520325,36.508884,36.538536,36.487377,36.433403,36.536606,36.656467,36.700657,36.696552,36.69804,36.743954,36.773945,36.698597,36.570595,36.54689,36.554,36.544445,36.546974,36.54433,36.52856,36.51171,36.49709,36.475346,36.456955,36.44617,36.44551,36.455647,36.45953,36.452354,36.437786,36.42349,36.416584,36.412846,36.40944,36.402702,36.395454,36.390694,36.384537,36.382988,36.380962,36.377438,36.374153,36.37299,36.37228,36.37154,36.370773,36.371243,36.37475,36.395565,36.436573,36.47518,36.44709,36.23425,35.984688,35.843826,35.82141,35.91093,36.02695,36.027225,35.92226,35.964066,35.968357,35.865376,35.8554,35.86864,35.875443,36.004635,36.30512,36.566917,36.629704,36.64865,36.653595,36.57479,36.486805,36.404625,36.343533,36.317947,36.311314,36.326393,36.362324,36.422928,36.482784,36.513714,36.53104,36.581375,36.615906,36.5531,36.541164,36.567577,36.609943,36.658825,36.68039,36.680073,36.669056,36.669132,36.75917,36.862225,36.872517,36.886574,36.837204,36.71277,36.66314,36.660454,36.678596,36.632305,36.633396,36.66538,36.701157,36.746346,36.781715,36.775715,36.757217,36.746647,36.764595,36.800377,36.823357,36.81706,36.72675,36.55573,36.53754,36.54097,36.524693,36.56168,36.626232,36.629948,36.406605,36.111233,36.0051,35.966278,35.910954,35.86752,35.807762,35.751427,35.747612,35.747223,35.753582,35.753212,35.71918,35.67166,35.669773,35.660053,35.64168,35.610348,35.541367,35.37303,35.08908,34.846684,34.646473,34.64399,34.7745,34.907436,34.983562,35.085358,35.157055,35.26392,35.353928,35.473824,35.53526,35.439705,35.202576,34.889313,34.675,,,,,,,,,,,,,,,,,,,,,,,,,,,,,,,,,,,,,,,,,,,,,,,,,,,,,,,,,,,,,,,,,,,,,,,,,,,,,,,,,,,,,,,,,,,,,,,,,,,,,,,,,,,,,,,,,,,,,,,,,,,,,,,,,,,,,,,,,,,,,,,,,,,,,,,,,,,,,,,28.586111,28.734625,29.405954,29.328472,29.686249,30.255344,30.774202,31.18594,31.382547,31.459019,31.448273,31.550224,31.686886,31.93715,32.09085,32.39151,32.79522,32.864388,32.794727,32.545013,32.32102,32.20299,32.16882,32.164303,32.126694,32.03929,31.899256,31.727959,31.543022,31.388342,31.309835,31.115616,31.7122,30.574099,28.7523,28.862228,28.675789,28.373526,28.18807,28.47089,28.243393,28.094925,28.085613,28.110168,28.167109,28.329195,28.60065,28.91434,29.34547,29.924023,30.757055,31.377447,31.439505,31.479786,31.273106,31.048868,30.69117,30.308146,30.37923,30.234554
19.75,,,,,,,,,,,,,,,,,,,,,,,,,,,,,,,,,,,,,,,,,,,,,,,,,,,,,,,,,,,,,,,,,,,,,,,,,,,,,,,,,,,,,,,,,,,,,,,,,,,,,,,,,,,,,,,,,,,,,,,,,,36.16084,36.21766,36.27607,36.344643,36.40099,36.428078,36.412655,36.385464,36.388252,36.382225,36.373363,36.365147,36.35261,36.34257,36.324642,36.33941,36.41462,36.47741,36.47316,36.482857,36.511524,36.444225,36.417347,36.519207,36.665874,36.69735,36.69565,36.699688,36.737087,36.76572,36.695366,36.572186,36.54827,36.57408,36.593052,36.594013,36.586758,36.565567,36.55228,36.54488,36.52454,36.49546,36.45814,36.43561,36.429375,36.426514,36.422523,36.41349,36.405373,36.39511,36.383755,36.37907,36.37697,36.375942,36.37834,36.378693,36.378242,36.37557,36.371986,36.36782,36.363064,36.35755,36.353874,36.35478,36.359165,36.365406,36.38247,36.42127,36.47053,36.49098,36.405796,36.241066,36.09719,36.02385,36.09292,36.20813,36.139606,35.990654,35.99664,35.99752,35.882336,35.88779,35.933735,35.941265,36.038418,36.21071,36.37801,36.498913,36.637432,36.66565,36.605175,36.524204,36.48036,36.427902,36.39365,36.391193,36.418083,36.45405,36.492744,36.50954,36.5351,36.59642,36.64631,36.597195,36.54979,36.57486,36.607548,36.63457,36.65303,36.656097,36.650684,36.65712,36.71016,36.83149,36.850864,36.85038,36.868576,36.861156,36.803574,36.730747,36.728508,36.775566,36.76797,36.75316,36.77898,36.788902,36.79381,36.78379,36.758205,36.728004,36.71034,36.711933,36.73562,36.77285,36.80181,36.671215,36.541466,36.51132,36.510166,36.474365,36.48944,36.53235,36.585728,36.562263,36.31485,36.093277,35.998653,35.897324,35.862766,35.871082,35.798664,35.765617,35.768105,35.78035,35.790894,35.742447,35.67206,35.668934,35.675053,35.671772,35.664913,35.644485,35.605522,35.514824,35.280064,35.0599,35.069912,35.180054,35.232357,35.264236,35.308376,35.37267,35.448017,35.502266,35.55859,35.571095,35.45869,35.237896,34.998283,34.823696,,,,,,,,,,,,,,,,,,,,,,,,,,,,,,,,,,,,,,,,,,,,,,,,,,,,,,,,,,,,,,,,,,,,,,,,,,,,,,,,,,,,,,,,,,,,,,,,,,,,,,,,,,,,,,,,,,,,,,,,,,,,,,,,,,,,,,,,,,,,,,,,,,,,,,,,,,,,27.930025,28.097609,28.255411,29.260113,30.191786,30.871008,30.882792,31.009853,31.17423,31.299023,31.255192,31.234715,31.301088,31.527967,31.781414,32.052673,32.41325,32.720287,33.040066,33.11142,32.981266,32.699867,32.417194,32.274155,32.246967,32.32093,32.423935,32.48724,32.404716,32.214153,32.014687,31.82473,31.649185,31.595713,31.366129,31.873339,30.682318,28.771488,28.728373,28.50061,28.240295,28.0819,28.081781,27.954115,27.899899,27.96805,28.029303,27.964174,27.953043,28.12804,28.419376,28.900612,29.5623,30.024807,30.422968,31.129307,31.485353,31.331135,30.852428,30.396812,30.321741,30.552582,30.68829
19.666672,,,,,,,,,,,,,,,,,,,,,,,,,,,,,,,,,,,,,,,,,,,,,,,,,,,,,,,,,,,,,,,,,,,,,,,,,,,,,,,,,,,,,,,,,,,,,,,,,,,,,,,,,,,,,,,,,,,,,,,,,,36.201736,36.25748,36.30735,36.379402,36.43088,36.423058,36.4016,36.39155,36.38316,36.380222,36.37363,36.365353,36.35976,36.355797,36.3581,36.348206,36.36379,36.40303,36.40627,36.42591,36.44292,36.40638,36.418404,36.566544,36.68401,36.701687,36.686077,36.694824,36.73489,36.759808,36.693478,36.586002,36.567535,36.618393,36.657837,36.66832,36.657043,36.62945,36.609596,36.60904,36.607315,36.582027,36.524387,36.469116,36.438156,36.42976,36.422462,36.41681,36.40616,36.39067,36.364914,36.35013,36.35172,36.35061,36.346146,36.34844,36.352383,36.353676,36.354187,36.353226,36.351955,36.351433,36.3558,36.36719,36.37856,36.37664,36.376766,36.407913,36.464172,36.502235,36.482594,36.411865,36.35357,36.297634,36.260868,36.25677,36.051495,36.02019,35.998863,36.00565,35.873226,35.890102,35.940796,35.960594,35.987408,36.020535,36.120693,36.29788,36.520115,36.648083,36.631866,36.56132,36.53933,36.512062,36.478775,36.476433,36.493725,36.51728,36.553493,36.59362,36.6419,36.678486,36.635563,36.53461,36.531322,36.554333,36.593338,36.62508,36.64011,36.65036,36.674637,36.71796,36.814716,36.849934,36.835648,36.83191,36.850143,36.867535,36.853165,36.813915,36.790825,36.823208,36.841908,36.828976,36.83552,36.83276,36.824997,36.812126,36.785614,36.735783,36.70429,36.69208,36.69235,36.717834,36.767895,36.623608,36.533268,36.51281,36.51179,36.46949,36.44924,36.45396,36.488483,36.55745,36.55182,36.303043,36.075947,35.89508,35.83091,35.868988,35.86363,35.811756,35.795597,35.807552,35.820435,35.76418,35.68328,35.66571,35.663578,35.65657,35.651928,35.64439,35.63298,35.617,35.58974,35.526722,35.466274,35.473934,35.48618,35.491455,35.50585,35.546883,35.57732,35.601906,35.609325,35.580112,35.463207,35.27648,35.072723,34.955936,,,,,,,,,,,,,,,,,,,,,,,,,,,,,,,,,,,,,,,,,,,,,,,,,,,,,,,,,,,,,,,,,,,,,,,,,,,,,,,,,,,,,,,,,,,,,,,,,,,,,,,,,,,,,,,,,,,,,,,,,,,,,,,,,,,,,,,,,,,,,,,,,,,,,,,,,,28.796091,28.71712,28.538988,28.827822,29.55835,30.280443,30.899494,31.075464,31.06738,31.116892,31.078363,31.124598,31.343294,31.442963,31.600677,31.734507,31.93251,32.171364,32.48721,32.794724,33.053837,33.177204,33.14259,32.899906,32.59163,32.38526,32.34077,32.429607,32.54406,32.585655,32.548523,32.46341,32.298523,32.14399,31.994194,31.928102,31.733973,32.10533,30.761898,28.847641,28.654253,28.575459,28.335619,28.192854,28.242828,28.046667,28.073696,28.40868,28.544933,28.373981,28.236341,28.283234,28.271223,28.270382,28.744081,29.678022,30.396278,30.973404,31.32582,31.207556,30.713919,30.339264,30.410929,30.714994,31.012701
19.583336,,,,,,,,,,,,,,,,,,,,,,,,,,,,,,,,,,,,,,,,,,,,,,,,,,,,,,,,,,,,,,,,,,,,,,,,,,,,,,,,,,,,,,,,,,,,,,,,,,,,,,,,,,,,,,,,,,,,,,,,,,36.2341,36.290146,36.342022,36.408672,36.431335,36.412983,36.396248,36.383198,36.377834,36.375183,36.37165,36.367916,36.36376,36.36818,36.383347,36.376804,36.37415,36.383614,36.38772,36.407814,36.402622,36.393528,36.462555,36.62661,36.69707,36.701077,36.683792,36.70645,36.74473,36.754158,36.699905,36.62941,36.62633,36.663425,36.69775,36.71513,36.70984,36.68745,36.66123,36.649254,36.651764,36.65029,36.61985,36.554314,36.489315,36.45873,36.44258,36.43729,36.417805,36.383347,36.30726,36.25391,36.26482,36.27754,36.26348,36.26792,36.28946,36.310623,36.32695,36.349483,36.35659,36.35408,36.353848,36.378365,36.411404,36.412193,36.39354,36.394493,36.443687,36.497963,36.52094,36.46574,36.41468,36.36767,36.24855,36.107845,35.979683,35.99855,36.078228,36.04276,35.87072,35.848324,35.88393,35.878357,35.878475,35.865437,35.903683,36.077213,36.258945,36.488647,36.628918,36.621643,36.59723,36.599007,36.577564,36.57836,36.603134,36.61858,36.645924,36.666523,36.68486,36.69735,36.6508,36.56652,36.539307,36.55977,36.60018,36.64043,36.671936,36.706177,36.75313,36.805557,36.845337,36.831413,36.826454,36.818638,36.82673,36.847004,36.861355,36.851692,36.832672,36.83933,36.851456,36.84997,36.852604,36.847088,36.842068,36.837025,36.816326,36.76295,36.728188,36.710323,36.683258,36.69763,36.73489,36.59471,36.537056,36.549885,36.548737,36.480804,36.446804,36.42719,36.418655,36.465324,36.55057,36.47391,36.027866,35.862843,35.81704,35.82874,35.875137,35.8722,35.838966,35.836292,35.83393,35.772602,35.70436,35.679874,35.67363,35.658604,35.64917,35.636253,35.626713,35.62099,35.61486,35.604317,35.590977,35.585976,35.588055,35.59306,35.59979,35.61744,35.62762,35.63403,35.62457,35.578213,35.482075,35.339073,35.15949,35.054775,,,,,,,,,,,,,,,,,,,,,,,,,,,,,,,,,,,,,,,,,,,,,,,,,,,,,,,,,,,,,,,,,,,,,,,,,,,,,,,,,,,,,,,,,,,,,,,,,,,,,,,,,,,,,,,,,,,,,,,,,,,,,,,,,,,,,,,,,,,,,,,,,,,,,,,,28.524317,28.881756,29.738123,29.619677,29.700064,30.31497,30.893137,31.018555,31.12465,31.00513,31.020496,31.11382,31.179518,31.270576,31.350027,31.409014,31.489843,31.624357,31.812918,32.112667,32.50111,32.872,33.108437,33.17537,33.158863,32.896194,32.604355,32.417755,32.443737,32.52952,32.596767,32.59835,32.60458,32.595222,32.525074,32.424202,32.31569,32.21985,32.063103,32.341812,31.12152,29.104261,28.514753,28.600346,28.569004,28.40504,28.320063,28.116777,28.374,28.96956,29.069492,28.830536,28.554882,28.558237,28.647099,28.58267,28.553465,28.870737,29.944565,30.772875,31.172098,31.012724,30.416603,30.221972,30.43694,30.72026,31.02551
19.5,,,,,,,,,,,,,,,,,,,,,,,,,,,,,,,,,,,,,,,,,,,,,,,,,,,,,,,,,,,,,,,,,,,,,,,,,,,,,,,,,,,,,,,,,,,,,,,,,,,,,,,,,,,,,,,,,,,,,,,,,,36.268463,36.33498,36.376816,36.42394,36.428387,36.39151,36.384403,36.373566,36.371754,36.37631,36.3807,36.38686,36.37878,36.37922,36.39333,36.39252,36.37786,36.375893,36.37783,36.383106,36.387684,36.435146,36.581543,36.689743,36.71005,36.704357,36.696075,36.723946,36.74664,36.749554,36.72454,36.693695,36.68984,36.695366,36.713844,36.72477,36.718372,36.699318,36.675102,36.659145,36.653736,36.650105,36.65252,36.634205,36.58372,36.540794,36.49987,36.489998,36.45879,36.41457,36.27621,36.186382,36.17986,36.180355,36.158306,36.135193,36.140263,36.160088,36.189976,36.269142,36.333805,36.348816,36.322647,36.34198,36.409542,36.444504,36.435345,36.402092,36.42629,36.47944,36.525085,36.514748,36.4393,36.34519,36.1941,36.111504,36.10421,36.13469,36.215714,36.129696,35.888916,35.84633,35.849648,35.844246,35.847446,35.850014,35.86159,35.92008,36.04789,36.228703,36.42015,36.547344,36.587738,36.57664,36.569122,36.57282,36.569748,36.55457,36.546757,36.53555,36.552967,36.601665,36.653996,36.631638,36.532604,36.466,36.54772,36.630886,36.688282,36.750847,36.81367,36.84132,36.821907,36.825752,36.83434,36.82591,36.822254,36.829174,36.8221,36.79538,36.781433,36.765976,36.762794,36.76685,36.79844,36.81168,36.809284,36.801964,36.794235,36.767494,36.746826,36.73415,36.689068,36.68664,36.71247,36.591526,36.558693,36.593372,36.588528,36.50374,36.461803,36.429314,36.393867,36.375164,36.435017,36.311043,35.874317,35.792656,35.78536,35.789894,35.832447,35.866463,35.863525,35.853832,35.84026,35.778584,35.72158,35.70229,35.69234,35.67027,35.64945,35.63209,35.620087,35.61048,35.6017,35.598095,35.598534,35.60139,35.60791,35.61523,35.61871,35.626045,35.6284,35.63131,35.617123,35.56695,35.49006,35.378517,35.225163,35.120373,35.10213,,,,,,,,,,,,,,,,,,,,,,,,,,,,,,,,,,,,,,,,,,,,,,,,,,,,,,,,,,,,,,,,,,,,,,,,,,,,,,,,,,,,,,,,,,,,,,,,,,,,,,,,,,,,,,,,,,,,,,,,,,,,,,,,,,,,,,,,,,,,,,,,,,,,,,28.577421,29.198936,30.236631,30.79002,30.484682,30.686481,31.046705,31.065752,30.994263,31.039232,31.10715,31.15308,31.192554,31.197521,31.215437,31.259974,31.329075,31.443098,31.576298,31.777674,32.04723,32.389603,32.752686,33.023525,33.138424,33.134815,32.92971,32.64242,32.488014,32.53212,32.590668,32.598553,32.624203,32.666386,32.695847,32.704067,32.636932,32.552174,32.457966,32.315582,32.508163,31.594885,29.734896,28.601267,28.514614,28.63853,28.449747,28.289825,28.22162,28.775019,29.279642,29.379553,29.212097,28.911022,28.73087,28.712723,28.678139,28.68198,28.808899,29.509895,30.397926,30.985346,30.854254,30.239225,30.148773,30.456913,30.712685,30.99443
19.416672,,,,,,,,,,,,,,,,,,,,,,,,,,,,,,,,,,,,,,,,,,,,,,,,,,,,,,,,,,,,,,,,,,,,,,,,,,,,,,,,,,,,,,,,,,,,,,,,,,,,,,,,,,,,,,,,,,,,,,,,,,36.32189,36.37383,36.38925,36.40663,36.387463,36.375885,36.376305,36.370274,36.371212,36.385147,36.41722,36.451904,36.43265,36.40776,36.42574,36.451416,36.45101,36.43929,36.43139,36.4523,36.502983,36.606815,36.707413,36.737675,36.734745,36.721107,36.720833,36.742287,36.753147,36.757668,36.750637,36.734837,36.71806,36.71351,36.727272,36.731133,36.723083,36.706905,36.68521,36.66764,36.647964,36.61744,36.588833,36.566135,36.58823,36.597805,36.58748,36.57701,36.541504,36.52072,36.39207,36.242126,36.20456,36.195652,36.15112,36.10558,36.099075,36.104504,36.105587,36.124775,36.238674,36.336494,36.32281,36.281994,36.34409,36.449104,36.479115,36.440025,36.433235,36.46225,36.50635,36.538376,36.497616,36.39562,36.279568,36.22926,36.245808,36.29554,36.365456,36.237263,35.961063,35.851864,35.860664,35.855415,35.86201,35.86409,35.864582,35.87746,35.914223,35.99697,36.127293,36.256714,36.403835,36.453575,36.503567,36.5083,36.475826,36.4522,36.431152,36.417698,36.445957,36.506912,36.574543,36.4956,36.29431,36.22247,36.364033,36.585724,36.682747,36.770824,36.82844,36.829918,36.817535,36.831734,36.842487,36.829853,36.80409,36.763535,36.70143,36.637814,36.616085,36.597107,36.583363,36.596863,36.67531,36.740635,36.751305,36.738144,36.741055,36.741295,36.743538,36.74031,36.70308,36.67323,36.705673,36.617714,36.582634,36.61883,36.60663,36.518936,36.460957,36.428574,36.39826,36.31482,36.218006,36.002617,35.80992,35.78985,35.775566,35.772705,35.76563,35.79014,35.817295,35.82579,35.82277,35.78534,35.740776,35.72655,35.72457,35.699436,35.665104,35.638275,35.62489,35.61244,35.59639,35.585197,35.583214,35.58519,35.590137,35.597267,35.600243,35.603844,35.602722,35.611,35.600765,35.55749,35.490635,35.399307,35.271885,35.173775,35.148685,,,,,,,,,,,,,,,,,,,,,,,,,,,,,,,,,,,,,,,,,,,,,,,,,,,,,,,,,,,,,,,,,,,,,,,,,,,,,,,,,,,,,,,,,,,,,,,,,,,,,,,,,,,,,,,,,,,,,,,,,,,,,,,,,,,,,,,,,,,,,,,,,,,,,28.469744,28.822174,29.771322,31.0157,31.042812,30.948345,31.026344,30.973488,31.00525,31.04358,31.08748,31.114132,31.114445,31.147362,31.172955,31.19763,31.203625,31.206951,31.21875,31.309233,31.4753,31.751427,32.1383,32.56953,32.92972,33.09988,33.084087,32.933346,32.670403,32.585,32.56952,32.614445,32.612186,32.70438,32.768604,32.81318,32.849617,32.826805,32.733738,32.635555,32.506454,32.599167,32.167934,30.464283,28.8662,28.522825,28.519602,28.399006,28.331923,28.450922,29.064789,29.342995,29.48807,29.444977,29.212496,28.946932,28.752253,28.70184,28.806896,28.888502,29.389294,30.208546,30.815968,30.705603,30.092203,30.110529,30.444801,30.699814,30.998785
19.333336,,,,,,,,,,,,,,,,,,,,,,,,,,,,,,,,,,,,,,,,,,,,,,,,,,,,,,,,,,,,,,,,,,,,,,,,,,,,,,,,,,,,,,,,,,,,,,,,,,,,,,,,,,,,,,,,,,,,,,,,,,36.352478,36.364307,36.35731,36.36627,36.355667,36.36138,36.364346,36.36256,36.375263,36.416412,36.496464,36.57602,36.55368,36.504486,36.522015,36.577797,36.610504,36.591938,36.57536,36.60203,36.660976,36.711,36.739235,36.74394,36.74727,36.749523,36.754025,36.762444,36.76422,36.764507,36.756355,36.739185,36.72248,36.727356,36.73678,36.72179,36.669308,36.628582,36.59203,36.561035,36.514763,36.45993,36.41968,36.393135,36.394066,36.426785,36.527992,36.601078,36.59772,36.57579,36.489456,36.344006,36.25697,36.227825,36.159637,36.10442,36.102005,36.117943,36.123074,36.126125,36.176647,36.317425,36.344482,36.265965,36.28591,36.417366,36.495934,36.496674,36.467793,36.460953,36.485813,36.53062,36.5415,36.488968,36.409367,36.354736,36.354862,36.396618,36.453564,36.364532,36.091694,35.882996,35.865242,35.87688,35.881763,35.887184,35.87436,35.870373,35.8646,35.869423,35.90083,35.955685,36.035454,36.197514,36.390755,36.44871,36.445538,36.43233,36.372757,36.370018,36.420662,36.46917,36.43634,36.21799,36.08856,36.089684,36.17632,36.50821,36.74843,36.820538,36.833317,36.81302,36.79632,36.81754,36.821934,36.77441,36.708973,36.621357,36.561398,36.527206,36.51116,36.506836,36.49669,36.510815,36.570396,36.63803,36.666332,36.668114,36.673138,36.684406,36.703796,36.724705,36.714684,36.665485,36.702778,36.64945,36.59987,36.62327,36.61868,36.549034,36.46458,36.410122,36.401424,36.346474,36.178623,35.99797,35.85815,35.84123,35.796497,35.77912,35.719086,35.709946,35.733295,35.755703,35.767334,35.761597,35.74737,35.74789,35.751022,35.728474,35.686302,35.650406,35.63265,35.62136,35.608105,35.590313,35.577637,35.572704,35.570496,35.570667,35.571465,35.571472,35.56974,35.579865,35.57754,35.547153,35.490425,35.411186,35.30026,35.213306,35.17797,,,,,,,,,,,,,,,,,,,,,,,,,,,,,,,,,,,,,,,,,,,,,,,,,,,,,,,,,,,,,,,,,,,,,,,,,,,,,,,,,,,,,,,,,,,,,,,,,,,,,,,,,,,,,,,,,,,,,,,,,,,,,,,,,,,,,,,,,,,,,,,,,,,,28.43048,28.6691,29.490284,30.687405,31.119097,30.95553,30.961573,30.983086,30.993608,31.026522,31.045977,31.067028,31.08888,31.092266,31.071318,31.01488,30.9765,30.97066,30.99067,31.015781,31.072853,31.203108,31.426687,31.79179,32.243237,32.744087,33.041443,33.068512,32.927055,32.74285,32.69854,32.6165,32.65794,32.682728,32.79155,32.86754,32.948578,32.97564,32.968075,32.89207,32.773975,32.643177,32.66581,32.571125,31.238747,29.51042,28.648045,28.50595,28.543028,28.632072,28.922234,29.40406,29.608204,29.897919,29.857624,29.607748,29.19398,28.807487,28.76333,28.942692,29.09759,29.515581,30.237316,30.72053,30.536442,29.918104,30.05635,30.461294,30.675232,30.988703
19.25,,,,,,,,,,,,,,,,,,,,,,,,,,,,,,,,,,,,,,,,,,,,,,,,,,,,,,,,,,,,,,,,,,,,,,,,,,,,,,,,,,,,,,,,,,,,,,,,,,,,,,,,,,,,,,,,,,,,,,,,,,36.35066,36.335762,36.339268,36.352436,36.351585,36.35428,36.354813,36.361664,36.39323,36.469814,36.5962,36.658806,36.63973,36.608727,36.62109,36.657986,36.67579,36.66861,36.666313,36.67841,36.69855,36.71079,36.713116,36.71815,36.72858,36.74072,36.74919,36.75562,36.75461,36.750053,36.742992,36.73302,36.732323,36.729404,36.657307,36.555035,36.43436,36.37275,36.324215,36.284203,36.237923,36.20183,36.183952,36.168274,36.17506,36.179977,36.253662,36.42973,36.553364,36.572002,36.50423,36.38498,36.290676,36.24326,36.17024,36.102924,36.10721,36.116676,36.14402,36.192924,36.231926,36.350014,36.37389,36.27206,36.238884,36.34495,36.45426,36.50862,36.5154,36.477043,36.475357,36.514923,36.550007,36.551712,36.520676,36.484406,36.46915,36.47925,36.513397,36.501263,36.322605,35.99799,35.86594,35.8881,35.8919,35.905045,35.899445,35.895817,35.882683,35.859196,35.844013,35.84015,35.850155,35.986694,36.225273,36.364197,36.420696,36.417065,36.277218,36.261753,36.37182,36.38933,36.292995,36.136414,36.08551,36.074585,36.08271,36.228134,36.454205,36.62706,36.80421,36.782055,36.74792,36.760326,36.744427,36.657166,36.61852,36.5951,36.579838,36.53759,36.509037,36.516853,36.507553,36.498985,36.49911,36.520313,36.54345,36.55834,36.57455,36.5996,36.641506,36.68691,36.713303,36.675667,36.695232,36.6717,36.622562,36.630817,36.636875,36.593433,36.4949,36.407784,36.379322,36.38066,36.347523,36.18895,35.992355,35.937084,35.88232,35.850586,35.74975,35.6817,35.686203,35.705166,35.725872,35.7385,35.746304,35.754734,35.749702,35.717247,35.671543,35.642025,35.62942,35.626366,35.6239,35.61371,35.593678,35.579742,35.566795,35.55767,35.552254,35.54764,35.544613,35.54833,35.550983,35.53426,35.489132,35.418457,35.31656,35.235374,35.196087,,,,,,,,,,,,,,,,,,,,,,,,,,,,,,,,,,,,,,,,,,,,,,,,,,,,,,,,,,,,,,,,,,,,,,,,,,,,,,,,,,,,,,,,,,,,,,,,,,,,,,,,,,,,,,,,,,,,,,,,,,,,,,,,,,,,,,,,,,,,,,,,,28.524752,28.432526,28.34587,28.48554,29.168339,30.585665,31.120668,30.968874,30.948004,30.98057,30.992023,31.016367,31.042053,31.044886,31.034353,31.004322,30.940739,30.852623,30.779255,30.772646,30.825869,30.876158,30.91108,30.940376,31.030445,31.175512,31.458345,31.884693,32.427094,32.91447,33.071236,32.968204,32.81592,32.753056,32.6824,32.717037,32.78135,32.86863,32.96391,33.039154,33.043823,33.0254,32.976315,32.883415,32.762085,32.718353,32.79412,31.877106,30.621399,29.363638,28.956198,29.081778,29.38168,29.67192,29.970564,30.161144,30.641102,30.6807,30.383614,29.801052,29.091715,28.894224,29.126528,29.323397,29.761768,30.351706,30.668406,30.390278,29.815498,29.988024,30.437115,30.627186,30.92073
19.166672,,,,,,,,,,,,,,,,,,,,,,,,,,,,,,,,,,,,,,,,,,,,,,,,,,,,,,,,,,,,,,,,,,,,,,,,,,,,,,,,,,,,,,,,,,,,,,,,,,,,,,,,,,,,,,,,,,,,,,,,,,,36.325756,36.358154,36.35356,36.350506,36.35284,36.35562,36.385513,36.461002,36.577847,36.647804,36.643192,36.642467,36.64462,36.65112,36.660885,36.668663,36.67541,36.682804,36.693478,36.699444,36.699593,36.69486,36.69553,36.70154,36.714493,36.726505,36.736702,36.74329,36.74584,36.746243,36.742573,36.687134,36.555378,36.388603,36.249683,36.165493,36.13402,36.108723,36.08668,36.065796,36.052925,36.050323,36.03961,36.04562,36.051918,36.045784,36.177116,36.424812,36.53854,36.51772,36.413006,36.315887,36.287083,36.226204,36.134018,36.11183,36.07395,36.10174,36.202354,36.302094,36.39109,36.390606,36.283714,36.22357,36.26516,36.364323,36.446842,36.524166,36.504375,36.470573,36.493343,36.53811,36.572376,36.583096,36.58029,36.5728,36.56775,36.574413,36.576588,36.518948,36.242477,35.924885,35.89058,35.895462,35.896263,35.904255,35.915154,35.91971,35.908096,35.871346,35.839527,35.846706,35.906536,36.183407,36.398666,36.402706,36.299046,36.099953,36.082844,36.15037,36.159084,36.14025,36.10351,36.092697,36.141693,36.196903,36.205166,36.218918,36.316853,36.45703,36.60426,36.736336,36.69487,36.65877,36.623962,36.63522,36.663654,36.640446,36.548412,36.51415,36.510406,36.50449,36.50946,36.5118,36.50497,36.503357,36.510113,36.533222,36.57544,36.639385,36.684708,36.71372,36.700363,36.672043,36.678143,36.658123,36.6473,36.64046,36.577713,36.473495,36.394558,36.378204,36.330612,36.38429,36.39597,36.310276,36.149944,36.074753,36.001038,35.87546,35.719135,35.682426,35.702415,35.731075,35.746876,35.749317,35.739594,35.69962,35.629314,35.578373,35.564316,35.576496,35.60015,35.619766,35.63368,35.624386,35.60244,35.58094,35.562702,35.550583,35.54129,35.534687,35.530716,35.53093,35.51956,35.48166,35.421005,35.336376,35.259922,35.21163,35.19799,,,,,,,,,,,,,,,,,,,,,,,,,,,,,,,,,,,,,,,,,,,,,,,,,,,,,,,,,,,,,,,,,,,,,,,,,,,,,,,,,,,,,,,,,,,,,,,,,,,,,,,,,,,,,,,,,,,,,,,,,,,,,,,,,,,,,,,,,,,,,,,28.571415,28.49975,28.366177,28.342165,28.820267,30.09817,31.15821,31.00135,30.956724,30.97832,31.007948,31.01852,31.050852,31.037983,31.010944,30.948822,30.876165,30.781452,30.689613,30.65712,30.684301,30.748917,30.816406,30.872946,30.90269,30.948698,31.02129,31.181131,31.519691,32.0209,32.618526,33.03199,33.03937,32.92638,32.828033,32.8105,32.772747,32.850037,32.934708,33.035046,33.076385,33.063774,33.039055,32.994804,32.927982,32.821053,32.757584,32.858208,32.32378,31.394629,30.512556,29.973763,30.09018,30.386417,30.522215,30.62658,30.893562,31.412212,31.562614,31.626692,30.806192,29.762224,29.202757,29.320902,29.5339,30.004436,30.473808,30.615042,30.261198,29.754313,29.903362,30.35756,30.541294,30.773129
19.083336,,,,,,,,,,,,,,,,,,,,,,,,,,,,,,,,,,,,,,,,,,,,,,,,,,,,,,,,,,,,,,,,,,,,,,,,,,,,,,,,,,,,,,,,,,,,,,,,,,,,,,,,,,,,,,,,,,,,,,,,,,,36.367916,36.37268,36.353275,36.35189,36.36378,36.385193,36.46368,36.573563,36.629715,36.591244,36.557777,36.531082,36.512768,36.515106,36.512177,36.51415,36.531116,36.56408,36.608574,36.648636,36.677174,36.693047,36.703495,36.706696,36.713615,36.725033,36.73707,36.74431,36.745213,36.712273,36.593643,36.420666,36.25139,36.14627,36.09243,36.06858,36.05756,36.054108,36.05062,36.04666,36.03907,36.03052,36.01633,36.00648,36.014984,36.000263,36.005737,36.19044,36.45166,36.515026,36.453537,36.35087,36.335697,36.299618,36.221146,36.14378,36.05061,36.035076,36.072727,36.179726,36.311283,36.346447,36.27278,36.2086,36.20883,36.27804,36.36799,36.500904,36.53223,36.475487,36.471428,36.502228,36.547913,36.588326,36.6187,36.63866,36.64112,36.63533,36.620426,36.602566,36.486134,36.13163,35.899117,35.91152,35.89921,35.896168,35.906765,35.923603,35.937126,35.91949,35.86052,35.8426,35.875885,36.02938,36.312286,36.31764,36.129284,36.038704,36.005215,36.014725,36.060604,36.121845,36.168457,36.251884,36.350525,36.413097,36.413116,36.38742,36.33837,36.273727,36.35835,36.554855,36.686256,36.66369,36.62635,36.63941,36.706337,36.708984,36.622826,36.549824,36.513493,36.4946,36.496925,36.51138,36.52149,36.53137,36.543903,36.562565,36.6063,36.669964,36.708668,36.721592,36.710934,36.647537,36.64841,36.643227,36.615715,36.56218,36.46525,36.39055,36.345627,36.354378,36.311073,36.330574,36.431313,36.48634,36.43487,36.39335,36.265438,36.083992,35.84111,35.68746,35.70908,35.74351,35.759033,35.737217,35.680496,35.58156,35.480625,35.435158,35.442486,35.470695,35.50956,35.565224,35.614277,35.642017,35.629833,35.60366,35.576656,35.557182,35.541157,35.529972,35.521713,35.516296,35.503754,35.47141,35.423267,35.360676,35.289314,35.230694,35.208305,,,,,,,,,,,,,,,,,,,,,,,,,,,,,,,,,,,,,,,,,,,,,,,,,,,,,,,,,,,,,,,,,,,,,,,,,,,,,,,,,,,,,,,,,,,,,,,,,,,,,,,,,,,,,,,,,,,,,,,,,,,,,,,,,,,,,,,,,,,,,,,28.496977,28.326584,28.3647,28.676231,29.71056,31.04612,31.023043,30.956709,30.983595,31.023634,31.032417,31.044428,31.045885,30.990208,30.941498,30.84547,30.771614,30.68639,30.62185,30.632769,30.67775,30.721676,30.773293,30.831627,30.889118,30.925352,30.974863,31.050915,31.244438,31.637257,32.203674,32.825882,33.06581,33.02895,32.934685,32.90163,32.87154,32.87881,32.974808,33.06933,33.091373,33.062702,33.030125,33.007584,32.948406,32.856857,32.779736,32.849052,32.68613,31.966293,31.270899,31.047174,31.215776,31.249687,31.261166,31.340479,31.678339,32.104115,32.192577,32.430443,31.760132,30.641975,29.784723,29.723581,29.864685,30.298697,30.674925,30.55234,30.158636,29.67141,29.81116,30.233746,30.389942,30.515366
19.0,,,,,,,,,,,,,,,,,,,,,,,,,,,,,,,,,,,,,,,,,,,,,,,,,,,,,,,,,,,,,,,,,,,,,,,,,,,,,,,,,,,,,,,,,,,,,,,,,,,,,,,,,,,,,,,,,,,,,,,,,,36.40063,36.395866,36.37436,36.35146,36.369366,36.401638,36.455605,36.55507,36.597527,36.551826,36.48666,36.42892,36.35536,36.337467,36.34983,36.336044,36.317883,36.320736,36.354034,36.404953,36.46827,36.53304,36.594105,36.649776,36.678288,36.68935,36.69615,36.69642,36.683605,36.623928,36.49682,36.31019,36.165714,36.11174,36.0981,36.10044,36.099045,36.094585,36.09165,36.09041,36.089314,36.08444,36.074497,36.057022,36.03241,36.010204,36.000168,35.96859,35.988815,36.230556,36.46574,36.473694,36.385582,36.35403,36.34311,36.295498,36.202557,36.0802,36.01911,36.0113,36.04637,36.155632,36.273304,36.25445,36.195267,36.179295,36.216587,36.3055,36.466667,36.552853,36.504272,36.47235,36.471336,36.491455,36.52752,36.57054,36.61945,36.65866,36.670265,36.662415,36.65475,36.577938,36.349586,36.053,35.957104,35.94033,35.930588,35.94098,35.931908,35.932747,35.93347,35.89187,35.842953,35.847576,35.881573,36.020844,36.06436,36.06657,36.056602,36.04126,36.041317,36.11997,36.25659,36.328457,36.410355,36.460648,36.49835,36.51354,36.540306,36.517563,36.42006,36.319992,36.375313,36.521812,36.69108,36.691845,36.653202,36.717976,36.80347,36.717556,36.590084,36.51648,36.499107,36.50559,36.51764,36.518867,36.525974,36.551765,36.567287,36.59675,36.65081,36.694263,36.71506,36.69496,36.615856,36.584015,36.55003,36.475796,36.396286,36.36078,36.350914,36.35715,36.354065,36.323853,36.306602,36.37583,36.47679,36.515152,36.513294,36.48365,36.36282,36.01675,35.747204,35.71072,35.74367,35.756416,35.70214,35.58808,35.455746,35.37976,35.369846,35.378918,35.39352,35.426983,35.47495,35.539085,35.60979,35.64172,35.630787,35.594532,35.562202,35.535183,35.519474,35.51278,35.507065,35.49328,35.46973,35.4288,35.373062,35.30978,35.25295,35.22965,,,,,,,,,,,,,,,,,,,,,,,,,,,,,,,,,,,,,,,,,,,,,,,,,,,,,,,,,,,,,,,,,,,,,,,,,,,,,,,,,,,,,,,,,,,,,,,,,,,,,,,,,,,,,,,,,,,,,,,,,,,,,,,,,,,,,,,,,,,,,,28.568958,28.522388,28.410913,28.673655,29.45598,30.857979,31.216051,30.848934,31.025883,31.004366,31.049639,31.041922,31.037249,30.989016,30.937414,30.85037,30.752495,30.709087,30.641132,30.626764,30.673449,30.727364,30.769533,30.798956,30.824806,30.851625,30.89358,30.948011,31.00786,31.107166,31.331203,31.768593,32.410397,32.959076,33.06012,33.0108,32.967815,32.944885,32.933277,32.968113,33.050247,33.093025,33.052612,33.009857,33.00707,32.978626,32.919792,32.85818,32.88877,32.922478,32.535397,32.02341,31.97577,32.076015,31.758577,31.63065,31.939707,32.412235,32.4815,32.665012,32.660778,32.11874,31.093752,30.347197,30.28977,30.432686,30.798668,30.792448,30.417862,30.079527,29.60576,29.695272,30.067675,30.188982,30.171036
18.916672,,,,,,,,,,,,,,,,,,,,,,,,,,,,,,,,,,,,,,,,,,,,,,,,,,,,,,,,,,,,,,,,,,,,,,,,,,,,,,,,,,,,,,,,,,,,,,,,,,,,,,,,,,,,,,,,,,36.609245,36.544228,36.501865,36.471996,36.439777,36.410828,36.399693,36.398544,36.40525,36.402504,36.368084,36.35102,36.394844,36.45245,36.516735,36.564674,36.515144,36.4319,36.38938,36.309677,36.227715,36.2232,36.24117,36.236176,36.215668,36.199516,36.20325,36.223774,36.26207,36.313637,36.378155,36.464607,36.5479,36.598484,36.609257,36.585583,36.530018,36.41866,36.271748,36.15261,36.115334,36.117428,36.12907,36.128586,36.11882,36.106163,36.097588,36.09643,36.09769,36.10052,36.103363,36.096333,36.08625,36.053455,36.033264,35.990093,35.954685,35.99752,36.208183,36.41625,36.398197,36.367104,36.31946,36.22001,36.128464,36.062706,36.003845,35.990482,36.01712,36.028675,36.17257,36.23509,36.197163,36.17715,36.21386,36.29909,36.48653,36.583515,36.557682,36.51818,36.491158,36.47492,36.47308,36.486835,36.526707,36.585823,36.641575,36.669537,36.670113,36.60178,36.43906,36.259483,36.064095,36.020077,36.011353,36.005035,35.970818,35.934467,35.917107,35.900368,35.870777,35.84762,35.84261,35.873978,35.884705,35.97612,35.938515,35.974827,36.01067,36.095295,36.30194,36.389927,36.41407,36.416763,36.444218,36.489246,36.578392,36.616825,36.572285,36.46032,36.38583,36.409847,36.5229,36.696537,36.773388,36.79711,36.84098,36.655033,36.519234,36.453217,36.44737,36.47763,36.503754,36.51015,36.50956,36.540573,36.56611,36.5997,36.649967,36.678883,36.70008,36.64484,36.54069,36.465626,36.396698,36.347404,36.341087,36.368244,36.388573,36.39403,36.399494,36.360424,36.30916,36.345898,36.448265,36.490356,36.50127,36.52277,36.4782,36.068996,35.863476,35.736225,35.74396,35.752075,35.672382,35.521122,35.397217,35.36477,35.375576,35.387653,35.390648,35.400383,35.42906,35.46804,35.536945,35.600327,35.638153,35.615395,35.5689,35.52207,35.498226,35.494377,35.5013,35.49024,35.474808,35.437454,35.37955,35.314056,35.262928,35.244564,,,,,,,,,,,,,,,,,,,,,,,,,,,,,,,,,,,,,,,,,,,,,,,,,,,,,,,,,,,,,,,,,,,,,,,,,,,,,,,,,,,,,,,,,,,,,,,,,,,,,,,,,,,,,,,,,,,,,,,,,,,,,,,,,,,,,,,,,,,,,28.485601,28.670135,28.748001,28.889261,29.449917,30.488548,31.184528,31.044674,30.834236,31.073833,31.019411,31.042355,31.017265,30.969223,30.947123,30.857088,30.741247,30.693079,30.674086,30.68436,30.71659,30.808563,30.866938,30.906342,30.909706,30.89526,30.870506,30.862627,30.900444,30.968668,31.073637,31.212923,31.473707,31.966465,32.645523,33.034916,33.043015,33.014767,32.983044,32.96393,32.967197,33.01125,33.085476,33.051964,32.998924,32.97335,32.965675,32.93912,32.918373,32.933113,32.996696,32.88478,32.64417,32.620766,32.377304,31.991404,32.106163,32.476402,32.764217,32.82897,32.872383,32.648758,31.893995,31.16105,30.649464,30.643064,30.96529,31.339691,30.90471,30.369967,30.097824,29.5807,29.557405,29.888628,29.969955,29.774643
18.833336,,,,,,,,,,,,,,,,,,,,,,,,,,,,,,,,,,,,,,,,,,,,,,,,,,,,,,,,,,,,,,,,,,,,,,,,,,,,,,,,,,,,,,,,,,,,,,,,,,,,,,,,,,,,,,,,36.666965,36.600067,36.56713,36.52003,36.487083,36.4642,36.43752,36.403896,36.396336,36.407692,36.427082,36.418434,36.360283,36.353592,36.423103,36.49595,36.52072,36.481556,36.369427,36.315334,36.294827,36.237488,36.18254,36.174778,36.185772,36.187958,36.17327,36.150963,36.135593,36.13087,36.138844,36.1597,36.194565,36.25293,36.339035,36.428493,36.477455,36.455654,36.377094,36.257175,36.155937,36.126446,36.130054,36.147667,36.138878,36.117813,36.09797,36.083973,36.077915,36.078026,36.080704,36.08731,36.09718,36.098522,36.09975,36.091736,36.073772,36.041546,35.983036,35.959778,36.02828,36.119602,36.20361,36.30959,36.251793,36.13313,36.047764,35.968575,35.949448,35.94122,35.974216,36.00542,36.073444,36.18205,36.19791,36.209,36.321533,36.454372,36.56854,36.611523,36.60057,36.577057,36.5564,36.530247,36.497574,36.46947,36.454952,36.470646,36.515614,36.563354,36.58542,36.54566,36.43143,36.29413,36.20117,36.15117,36.14669,36.104908,36.048595,35.967022,35.909557,35.885376,35.87481,35.872734,35.841713,35.844,35.836025,35.893436,35.856575,35.885044,35.93558,36.01938,36.25799,36.380936,36.390244,36.380733,36.389477,36.4625,36.59146,36.67255,36.664486,36.599026,36.50488,36.419727,36.423573,36.53795,36.672554,36.759216,36.73465,36.5366,36.43525,36.388298,36.398808,36.44999,36.484264,36.49827,36.49981,36.535595,36.584927,36.645077,36.67226,36.657734,36.636242,36.560097,36.46321,36.372902,36.343525,36.345253,36.40938,36.451122,36.44999,36.448627,36.428524,36.385185,36.324463,36.347267,36.432255,36.47073,36.493336,36.49722,36.29013,35.8899,35.865044,35.77935,35.763058,35.762806,35.66473,35.49399,35.386944,35.376545,35.4024,35.393852,35.39114,35.389824,35.392002,35.41432,35.457912,35.527306,35.59116,35.60941,35.567127,35.50865,35.47404,35.46606,35.483276,35.479828,35.472675,35.444527,35.39544,35.318367,35.264114,35.254612,,,,,,,,,,,,,,,,,,,,,,,,,,,,,,,,,,,,,,,,,,,,,,,,,,,,,,,,,,,,,,,,,,,,,,,,,,,,,,,,,,,,,,,,,,,,,,,,,,,,,,,,,,,,,,,,,,,,,,,,,,,,,,,,,,,,,,,,,,,,,28.651472,28.860233,29.069975,29.446106,30.255821,31.085617,31.077942,30.904236,30.953213,31.079102,30.997063,30.946186,30.871168,30.854359,30.827675,30.708368,30.675716,30.686281,30.73755,30.828806,30.90876,31.003786,31.05725,31.076784,31.069529,31.03379,30.96852,30.901365,30.862074,30.893682,31.001566,31.152462,31.332859,31.630041,32.179234,32.80366,33.044247,33.028698,33.014362,32.98644,32.962082,32.978897,33.036922,33.07186,33.028973,32.983612,32.942905,32.926033,32.911057,32.909023,32.935028,32.88802,32.78302,32.628872,32.3767,32.331867,32.570045,32.800755,32.914158,32.917236,32.86445,32.355553,31.606516,31.116272,30.844099,30.94547,31.341911,31.818062,31.222805,30.444288,30.132587,29.564306,29.441364,29.713964,29.749504,29.408981
18.75,,,,,,,,,,,,,,,,,,,,,,,,,,,,,,,,,,,,,,,,,,,,,,,,,,,,,,,,,,,,,,,,,,,,,,,,,,,,,,,,,,,,,,,,,,,,,,,,,,,,,,,,,,,,,,,,36.641483,36.566303,36.51064,36.476555,36.453735,36.44027,36.42901,36.405273,36.40983,36.4424,36.473824,36.438854,36.35483,36.35043,36.417473,36.481678,36.454113,36.35155,36.242523,36.222435,36.215637,36.18841,36.16532,36.16049,36.16882,36.17436,36.1648,36.14683,36.133972,36.124523,36.117645,36.11569,36.11959,36.13657,36.179794,36.256283,36.325344,36.33557,36.27327,36.179256,36.133553,36.137074,36.15583,36.15115,36.119205,36.105133,36.09452,36.086086,36.082005,36.083458,36.088295,36.098015,36.105804,36.10856,36.105003,36.101936,36.095802,36.07824,36.052383,35.988537,35.981403,36.012802,36.021065,36.10206,36.10179,36.055843,36.01322,35.959446,35.939575,35.938145,35.931973,35.989418,35.999542,36.11306,36.172703,36.207367,36.382725,36.550415,36.599384,36.606506,36.59185,36.57038,36.549896,36.535618,36.523746,36.5109,36.484356,36.453766,36.448715,36.466724,36.486187,36.474304,36.373734,36.249348,36.168716,36.158016,36.20965,36.250782,36.171894,36.032154,35.927677,35.898148,35.88408,35.894432,35.877655,35.838177,35.84277,35.861095,35.856335,35.856472,35.897167,35.9674,36.21004,36.368706,36.379047,36.349094,36.33246,36.401016,36.540226,36.678783,36.703934,36.654156,36.58561,36.509666,36.44411,36.472343,36.536366,36.62838,36.56311,36.442326,36.351444,36.325573,36.37161,36.463757,36.52221,36.541924,36.558163,36.602898,36.655556,36.674187,36.6297,36.59566,36.55697,36.453865,36.36264,36.33082,36.345333,36.41298,36.490067,36.475758,36.438763,36.428596,36.407932,36.374313,36.32891,36.35449,36.460903,36.441235,36.477467,36.434303,36.018333,35.908474,35.840256,35.807987,35.795876,35.786472,35.66573,35.473824,35.384075,35.390125,35.41919,35.40851,35.41574,35.38948,35.346256,35.33851,35.36098,35.419304,35.49116,35.550354,35.531467,35.481712,35.446968,35.435528,35.4566,35.463593,35.466156,35.45595,35.42225,35.34324,35.27833,,,,,,,,,,,,,,,,,,,,,,,,,,,,,,,,,,,,,,,,,,,,,,,,,,,,,,,,,,,,,,,,,,,,,,,,,,,,,,,,,,,,,,,,,,,,,,,,,,,,,,,,,,,,,,,,,,,,,,,,,,,,,,,,,,,,,,,,,,,,,28.551802,28.796959,29.15574,29.452126,29.995617,30.90025,31.255737,30.872519,30.882574,30.973528,30.970785,30.770481,30.784937,30.670248,30.687592,30.655699,30.658207,30.715975,30.821209,30.93701,31.041779,31.107668,31.168394,31.192415,31.19838,31.183966,31.152088,31.092762,31.008137,30.910294,30.859165,30.907448,31.059153,31.253199,31.484562,31.861694,32.420357,32.901367,33.03748,33.031075,33.00387,32.9631,32.948112,32.970795,33.02558,33.05807,33.033115,32.991405,32.96173,32.93989,32.916668,32.89238,32.81902,32.72665,32.595875,32.565002,32.69504,32.860855,32.94447,32.913902,32.808697,32.607952,32.1966,31.729855,31.270771,31.125875,31.174318,31.60587,32.081924,31.529886,30.641472,30.185392,29.52569,29.35711,29.577457,29.561953,29.20016
18.666672,,,,,,,,,,,,,,,,,,,,,,,,,,,,,,,,,,,,,,,,,,,,,,,,,,,,,,,,,,,,,,,,,,,,,,,,,,,,,,,,,,,,,,,,,,,,,,,,,,,,,,,,,,,,,36.734993,36.690388,36.623108,36.593193,36.52696,36.470055,36.43267,36.422497,36.42204,36.41502,36.40525,36.43293,36.485374,36.511818,36.45897,36.369865,36.338604,36.380493,36.44026,36.413063,36.303387,36.21948,36.188915,36.185726,36.175163,36.149296,36.14561,36.157272,36.16567,36.15959,36.145657,36.138542,36.135384,36.13487,36.13372,36.12847,36.118565,36.114033,36.145145,36.204025,36.23896,36.208744,36.151318,36.133583,36.15127,36.165775,36.145096,36.125324,36.114906,36.09641,36.081802,36.077644,36.08289,36.09186,36.106876,36.127056,36.131203,36.134163,36.124317,36.111603,36.094906,36.087173,36.052402,36.025845,36.01276,35.985767,35.998302,35.99853,35.976467,35.958504,35.943573,35.938927,35.941837,35.931427,35.97102,35.98718,36.06244,36.143734,36.163876,36.324837,36.48899,36.566044,36.569168,36.536003,36.500347,36.455826,36.40905,36.390366,36.392677,36.419033,36.440308,36.438652,36.412853,36.4027,36.337856,36.261284,36.179153,36.123085,36.161457,36.289448,36.331055,36.233795,36.08487,35.953983,35.894764,35.89634,35.926224,35.92312,35.865448,35.840668,35.849415,35.87998,35.867516,35.893593,35.946587,36.187775,36.348976,36.363174,36.334152,36.30642,36.35028,36.442863,36.602398,36.699574,36.666573,36.564228,36.523586,36.45943,36.461823,36.457134,36.53,36.483055,36.335297,36.242245,36.25517,36.36135,36.525307,36.60869,36.627007,36.627396,36.647625,36.637833,36.605003,36.528103,36.486057,36.39357,36.31414,36.288452,36.31104,36.38156,36.491367,36.49111,36.428024,36.377525,36.369614,36.35767,36.326744,36.32493,36.37796,36.394836,36.38976,36.42434,36.224297,35.945534,35.934982,35.883793,35.837887,35.84059,35.82758,35.695103,35.4928,35.401962,35.438065,35.489353,35.529957,35.547768,35.503174,35.382893,35.302105,35.27988,35.293556,35.362877,35.43303,35.45794,35.43795,35.41246,35.40056,35.42572,35.446915,35.448807,35.448345,35.43414,35.37584,35.3197,35.375668,,,,,,,,,,,,,,,,,,,,,,,,,,,,,,,,,,,,,,,,,,,,,,,,,,,,,,,,,,,,,,,,,,,,,,,,,,,,,,,,,,,,,,,,,,,,,,,,,,,,,,,,,,,,,,,,,,,,,,,,,,,,,,,,,,,,,,,,,,,28.659101,28.678307,29.06701,29.516129,29.83762,30.495733,31.203524,31.085077,30.693573,30.849972,30.894114,30.715729,30.645979,30.653822,30.616465,30.678246,30.767351,30.822172,30.953308,31.063148,31.14438,31.204752,31.218683,31.232023,31.213186,31.196274,31.19059,31.193604,31.177149,31.1323,31.029228,30.907993,30.868322,30.957918,31.144623,31.361662,31.664505,32.119373,32.60731,32.965477,33.0446,33.02423,32.984943,32.93448,32.915417,32.949028,33.011906,33.039997,33.03188,33.018394,33.002804,32.982246,32.950077,32.891476,32.83415,32.798878,32.846073,32.931255,32.956234,32.901695,32.812965,32.73856,32.672447,32.566868,32.331917,31.717361,31.419062,31.39041,31.751213,32.182358,31.706554,30.757978,30.162289,29.39055,29.276842,29.485058,29.400888,29.112034
18.583336,,,,,,,,,,,,,,,,,,,,,,,,,,,,,,,,,,,,,,,,,,,,,,,,,,,,,,,,,,,,,,,,,,,,,,,,,,,,,,,,,,,,,,,,,,,,,,,,,,,,,,,,,,,,,36.7203,36.65958,36.584946,36.527493,36.46007,36.431557,36.399654,36.402534,36.40362,36.403805,36.413998,36.459835,36.513565,36.52817,36.49099,36.404232,36.34321,36.340214,36.37018,36.39111,36.387314,36.33732,36.288616,36.25022,36.191284,36.145836,36.127712,36.132267,36.13477,36.12109,36.100224,36.08498,36.078823,36.083096,36.096664,36.121197,36.140152,36.130127,36.11333,36.12336,36.150192,36.16415,36.14937,36.146557,36.1624,36.172,36.155376,36.138153,36.11306,36.086506,36.068634,36.06691,36.072136,36.086323,36.10242,36.124046,36.140385,36.15474,36.15944,36.144287,36.12671,36.108852,36.08916,36.066628,36.053947,36.028774,36.00993,35.999043,35.99186,35.985977,35.973698,35.964878,35.969025,35.943665,35.970318,35.993473,36.035908,36.122746,36.143963,36.254196,36.38478,36.49742,36.512318,36.468098,36.422775,36.33289,36.290504,36.287655,36.274723,36.29302,36.31224,36.291737,36.25221,36.226715,36.16978,36.137936,36.11486,36.107227,36.216835,36.385517,36.343666,36.183887,36.049366,35.96485,35.917873,35.912655,35.950745,35.97506,35.924007,35.873672,35.86553,35.881096,35.913437,35.894077,35.951202,36.181477,36.33264,36.343517,36.30627,36.295815,36.337837,36.406433,36.495075,36.63577,36.671856,36.536755,36.467754,36.426247,36.425354,36.43332,36.52259,36.366203,36.22888,36.164047,36.18927,36.340553,36.51982,36.577526,36.505493,36.426346,36.40973,36.358414,36.330723,36.308453,36.26548,36.24754,36.251556,36.287056,36.372078,36.46978,36.481266,36.458477,36.418453,36.364017,36.362072,36.3594,36.36248,36.378197,36.410564,36.305534,36.30602,36.273758,36.09588,35.999474,36.00468,35.946697,35.883286,35.896557,35.89445,35.76756,35.551125,35.44815,35.4856,35.602055,35.70205,35.758457,35.753662,35.60696,35.411274,35.27799,35.25743,35.254875,35.32203,35.367584,35.385353,35.371216,35.36198,35.38712,35.428345,35.431194,35.43326,35.429684,35.398537,35.36404,35.40288,,,,,,,,,,,,,,,,,,,,,,,,,,,,,,,,,,,,,,,,,,,,,,,,,,,,,,,,,,,,,,,,,,,,,,,,,,,,,,,,,,,,,,,,,,,,,,,,,,,,,,,,,,,,,,,,,,,,,,,,,,,,,,,,,,,,,,,,,,28.704039,28.797981,29.031647,29.460358,29.835093,30.15342,30.869146,31.216331,30.810356,30.592224,30.79942,30.74717,30.637833,30.654276,30.72202,30.751284,30.916199,30.974789,31.054628,31.126673,31.172413,31.191874,31.211948,31.208755,31.18826,31.140987,31.093834,31.072807,31.085964,31.124235,31.150507,31.125416,31.012712,30.8978,30.904924,31.050032,31.251253,31.495514,31.87713,32.365204,32.718983,32.97325,33.03802,33.0119,32.955364,32.892895,32.858177,32.89001,32.952065,32.996693,33.02122,33.02553,33.01643,33.008125,32.990707,32.970882,32.96823,32.975887,32.955826,32.898285,32.818752,32.76633,32.736073,32.706608,32.66026,32.63089,32.585175,32.082466,31.650116,31.862986,32.25934,31.838356,30.827463,30.122507,29.323053,29.24783,29.406101,29.276693,29.083763
18.5,,,,,,,,,,,,,,,,,,,,,,,,,,,,,,,,,,,,,,,,,,,,,,,,,,,,,,,,,,,,,,,,,,,,,,,,,,,,,,,,,,,,,,,,,,,,,,,,,,,,,,,,,,,,,36.69601,36.621433,36.538784,36.45292,36.40312,36.380096,36.360542,36.384388,36.393196,36.4016,36.422077,36.46045,36.489433,36.48161,36.451313,36.466434,36.42566,36.38033,36.371525,36.413326,36.462578,36.45016,36.38992,36.285236,36.194775,36.138325,36.109066,36.1016,36.09143,36.06979,36.045437,36.027664,36.01964,36.020214,36.02541,36.036064,36.058693,36.086876,36.130135,36.149364,36.136654,36.125977,36.12122,36.126335,36.15384,36.173977,36.16712,36.146526,36.118614,36.09435,36.07708,36.07108,36.08206,36.100853,36.11979,36.137882,36.14865,36.16126,36.17255,36.17212,36.166393,36.148247,36.1298,36.106007,36.08275,36.073593,36.048847,36.0378,36.02517,36.01664,36.017433,36.003952,36.005096,35.970848,35.971836,35.991726,36.020756,36.107063,36.13647,36.19785,36.32755,36.458317,36.463795,36.426563,36.390976,36.324806,36.313152,36.329144,36.258163,36.228138,36.2164,36.212265,36.2105,36.210854,36.219406,36.2166,36.188545,36.201492,36.34857,36.387207,36.22092,36.079597,36.000164,35.95692,35.942688,35.945564,35.982018,36.02492,36.01421,35.951195,35.900658,35.875523,35.919678,35.92027,35.984203,36.183804,36.315964,36.327923,36.296318,36.3007,36.333317,36.39576,36.471806,36.58751,36.675827,36.619045,36.460056,36.42016,36.42138,36.47448,36.46368,36.241016,36.146694,36.088856,36.108906,36.211395,36.29656,36.31661,36.272324,36.23352,36.223988,36.222023,36.221786,36.222076,36.22773,36.255054,36.289623,36.349953,36.44339,36.463776,36.45458,36.473145,36.452396,36.382565,36.360523,36.359573,36.367043,36.36981,36.371746,36.320133,36.25876,36.2292,36.11588,36.067215,36.10345,36.019733,35.95139,35.9673,35.954746,35.81787,35.611504,35.50202,35.518364,35.611538,35.73019,35.805355,35.791473,35.739727,35.58798,35.38488,35.27299,35.235718,35.245354,35.286404,35.325684,35.319176,35.314816,35.341545,35.41014,35.418537,35.420307,35.422775,35.407978,35.396446,35.426987,,,,,,,,,,,,,,,,,,,,,,,,,,,,,,,,,,,,,,,,,,,,,,,,,,,,,,,,,,,,,,,,,,,,,,,,,,,,,,,,,,,,,,,,,,,,,,,,,,,,,,,,,,,,,,,,,,,,,,,,,,,,,,,,,,,,,,,,,28.555689,28.726398,28.856646,29.249186,29.769514,30.133017,30.466194,31.035593,31.05695,30.60856,30.579329,30.732758,30.683722,30.668415,30.786596,30.858162,30.90505,31.017027,31.037945,31.062069,31.099052,31.114088,31.130144,31.147243,31.151865,31.113005,31.04663,30.967052,30.936575,30.964493,31.004274,31.056501,31.097,31.0771,30.969416,30.889576,30.968046,31.150091,31.354124,31.653692,32.123177,32.53101,32.759148,32.943806,33.025238,33.003624,32.947807,32.86266,32.832527,32.852627,32.89064,32.931694,32.957638,32.965702,32.97485,32.978535,32.973938,32.961918,32.93009,32.89327,32.81961,32.74686,32.70755,32.676376,32.592506,32.560593,32.554832,32.62533,32.554836,32.12349,32.1178,32.36206,31.893839,30.900219,30.137945,29.363028,29.211884,29.252224,29.226793,29.133955
18.416672,,,,,,,,,,,,,,,,,,,,,,,,,,,,,,,,,,,,,,,,,,,,,,,,,,,,,,,,,,,,,,,,,,,,,,,,,,,,,,,,,,,,,,,,,,,,,,,,,,,,,,,,,,,,,36.660763,36.573517,36.4828,36.4192,36.371597,36.337326,36.348778,36.374844,36.385906,36.387905,36.389244,36.38608,36.332317,36.253338,36.236202,36.317574,36.39535,36.430294,36.446777,36.479595,36.48908,36.467194,36.347515,36.23515,36.164417,36.120575,36.089554,36.06659,36.04227,36.01795,35.99928,35.99315,36.000435,36.009792,36.019367,36.024734,36.03044,36.038204,36.056866,36.09275,36.128075,36.14476,36.14489,36.145836,36.16258,36.174843,36.166515,36.145306,36.120613,36.095787,36.074642,36.073093,36.08599,36.10985,36.13369,36.157864,36.17581,36.185516,36.19155,36.19076,36.195415,36.189533,36.17878,36.159935,36.131153,36.11699,36.092968,36.072254,36.059303,36.04681,36.044144,36.027958,36.027252,35.996563,35.978363,35.98801,36.01012,36.09396,36.129536,36.16961,36.315807,36.44057,36.436512,36.427,36.431377,36.403618,36.414436,36.44187,36.34216,36.32326,36.33266,36.337925,36.358505,36.39471,36.40549,36.38864,36.37468,36.435913,36.444424,36.241127,36.041996,35.97556,35.969273,35.96693,35.96836,35.973724,36.002857,36.0377,36.054504,36.031033,35.952526,35.899677,35.904438,35.93977,36.015793,36.185314,36.30039,36.315323,36.291862,36.304306,36.346756,36.40107,36.469826,36.574783,36.65947,36.588192,36.46503,36.447224,36.4712,36.48118,36.318222,36.172935,36.10096,36.076725,36.115013,36.169773,36.21434,36.219814,36.21541,36.22906,36.239048,36.25097,36.258545,36.27707,36.297195,36.30989,36.32432,36.340206,36.368923,36.350845,36.374996,36.42285,36.44646,36.427177,36.385574,36.40458,36.40392,36.44626,36.45623,36.35767,36.29987,36.29005,36.167812,36.190544,36.186127,36.10871,36.043877,36.038113,35.96626,35.790012,35.66127,35.622826,35.636814,35.706875,35.795673,35.778404,35.64334,35.465874,35.412483,35.38069,35.313663,35.238884,35.223377,35.230404,35.263706,35.259365,35.258247,35.28934,35.386513,35.40539,35.40935,35.4136,35.408447,35.409416,35.42494,,,,,,,,,,,,,,,,,,,,,,,,,,,,,,,,,,,,,,,,,,,,,,,,,,,,,,,,,,,,,,,,,,,,,,,,,,,,,,,,,,,,,,,,,,,,,,,,,,,,,,,,,,,,,,,,,,,,,,,,,,,,,,,,,,,,,,,,28.375134,28.63077,28.777964,28.903553,29.4178,30.042734,30.4096,30.713066,31.07227,30.897114,30.554464,30.604,30.729685,30.72398,30.789705,30.90943,30.915565,30.94385,30.988287,30.977081,31.004564,31.043089,31.09192,31.130936,31.140003,31.133205,31.08061,30.98005,30.857206,30.818846,30.879694,30.958183,31.008188,31.010714,31.033792,31.04284,30.95167,30.930002,31.073498,31.27177,31.483694,31.85147,32.345974,32.631935,32.78681,32.892464,32.973915,33.00396,32.94963,32.878433,32.836075,32.838123,32.852173,32.883373,32.901493,32.914246,32.923576,32.92059,32.900787,32.87016,32.828156,32.741356,32.66056,32.620007,32.5946,32.54326,32.52242,32.567146,32.59054,32.580627,32.40845,32.38057,32.451733,31.694107,30.97125,30.353865,29.62139,29.263512,29.139048,29.10734,29.128544
18.333336,,,,,,,,,,,,,,,,,,,,,,,,,,,,,,,,,,,,,,,,,,,,,,,,,,,,,,,,,,,,,,,,,,,,,,,,,,,,,,,,,,,,,,,,,,,,,,,,,,,,,,,,,,,,36.63777,36.62227,36.532288,36.44983,36.399147,36.346382,36.323063,36.34371,36.364765,36.360863,36.336224,36.299664,36.240963,36.14093,36.073627,36.05217,36.091064,36.158775,36.227097,36.2679,36.307693,36.329296,36.29642,36.234303,36.17269,36.124672,36.08731,36.054527,36.023163,35.99474,35.977936,35.979202,35.991405,36.016,36.039143,36.05349,36.0578,36.057236,36.052822,36.04992,36.05378,36.07147,36.09877,36.12094,36.132526,36.14326,36.149284,36.14015,36.123947,36.105732,36.082882,36.067352,36.07045,36.09118,36.11841,36.143658,36.166527,36.18315,36.19742,36.213253,36.213085,36.21461,36.21537,36.212357,36.203766,36.179836,36.16588,36.143795,36.12208,36.10495,36.08546,36.077793,36.06241,36.05976,36.028263,35.995575,35.993652,36.009537,36.08736,36.120773,36.169262,36.33337,36.429634,36.42649,36.434475,36.438583,36.4545,36.472195,36.5327,36.487324,36.45821,36.491005,36.49496,36.488956,36.43023,36.366085,36.33025,36.348736,36.342045,36.18953,36.074455,36.027607,36.00202,35.984257,35.983833,35.993927,36.00832,36.02681,36.047287,36.0591,36.07264,36.00917,35.94147,35.913002,35.925583,36.01073,36.16589,36.27695,36.300488,36.287735,36.306904,36.35246,36.38224,36.426735,36.488644,36.59963,36.64391,36.543888,36.470898,36.501835,36.41399,36.243526,36.162693,36.10595,36.112602,36.190228,36.261425,36.28118,36.281506,36.277092,36.305946,36.318752,36.321552,36.32438,36.329357,36.33158,36.326077,36.319813,36.306747,36.28747,36.27746,36.272453,36.315323,36.39963,36.459316,36.402214,36.414104,36.467846,36.53169,36.50845,36.431923,36.38464,36.344658,36.295937,36.311264,36.26931,36.20779,36.143593,36.109005,36.01341,35.905643,35.881447,35.8832,35.869064,35.87181,35.844585,35.72221,35.54668,35.38185,35.299877,35.274136,35.276737,35.25122,35.21311,35.19795,35.21016,35.206017,35.20761,35.241394,35.343636,35.384785,35.39631,35.399868,35.405117,35.415367,35.433514,,,,,,,,,,,,,,,,,,,,,,,,,,,,,,,,,,,,,,,,,,,,,,,,,,,,,,,,,,,,,,,,,,,,,,,,,,,,,,,,,,,,,,,,,,,,,,,,,,,,,,,,,,,,,,,,,,,,,,,,,,,,,,,,,,,,,,,,28.822693,28.958103,28.819756,28.97511,29.612768,30.30112,30.659822,30.827803,31.018223,30.758064,30.537535,30.630905,30.735846,30.778582,30.834372,30.891542,30.850084,30.85306,30.909529,30.925545,31.00052,31.055754,31.112528,31.138132,31.132849,31.107973,31.043348,30.90687,30.743168,30.685001,30.800907,30.948345,31.04436,31.032364,30.977034,30.977285,30.993484,30.930737,30.993082,31.175684,31.381128,31.646973,32.092,32.48123,32.69865,32.79439,32.807632,32.87381,32.964626,32.967422,32.919033,32.874157,32.854397,32.855694,32.861324,32.86396,32.86439,32.861904,32.84829,32.819805,32.773125,32.712105,32.642056,32.624268,32.612335,32.574047,32.52707,32.552525,32.569233,32.57325,32.501114,32.47885,32.03763,31.329885,30.99881,30.488317,29.690958,29.19117,29.03431,28.93873,28.950914
18.25,,,,,,,,,,,,,,,,,,,,,,,,,,,,,,,,,,,,,,,,,,,,,,,,,,,,,,,,,,,,,,,,,,,,,,,,,,,,,,,,,,,,,,,,,,,,,,,,,,,,,,,,,,,,36.612568,36.539764,36.43916,36.390667,36.374783,36.337105,36.321667,36.335907,36.34666,36.31758,36.26442,36.209576,36.140713,36.0608,36.005333,35.98181,35.984398,36.00181,36.0324,36.057198,36.077682,36.084087,36.07779,36.058304,36.037914,36.017784,36.000477,35.982533,35.965866,35.96199,35.9725,35.99684,36.034412,36.069912,36.09233,36.10253,36.10212,36.0977,36.090282,36.08162,36.072582,36.070263,36.074333,36.087048,36.098972,36.108868,36.11357,36.106716,36.097553,36.085526,36.070107,36.064793,36.081554,36.111748,36.142715,36.170784,36.188282,36.197647,36.205265,36.21544,36.221046,36.22424,36.224403,36.22364,36.22952,36.216835,36.208015,36.1912,36.170216,36.15171,36.12541,36.113956,36.09796,36.09143,36.06214,36.02114,36.0041,36.01405,36.08429,36.121735,36.19411,36.35951,36.427776,36.450367,36.478374,36.490875,36.479607,36.460613,36.51986,36.561203,36.548874,36.563328,36.561314,36.476383,36.358685,36.27018,36.23212,36.193623,36.110313,36.06239,36.036743,36.00944,35.991547,35.983963,35.99794,36.011627,36.03327,36.04766,36.05354,36.054222,36.074005,36.05223,35.981777,35.93868,35.92533,35.980545,36.124233,36.241848,36.282722,36.282326,36.301277,36.338696,36.354454,36.3972,36.43869,36.50375,36.593365,36.618973,36.54653,36.47376,36.360855,36.233234,36.163074,36.12563,36.14897,36.242123,36.31545,36.31651,36.30138,36.285797,36.281334,36.28486,36.28879,36.29387,36.31787,36.345028,36.36796,36.38261,36.38006,36.357018,36.316628,36.277054,36.2774,36.254433,36.389862,36.465515,36.46455,36.46671,36.489925,36.48588,36.49817,36.474148,36.463417,36.45668,36.42063,36.372982,36.312378,36.269527,36.249672,36.226566,36.19035,36.171837,36.11759,35.99696,35.88732,35.804905,35.654896,35.533512,35.46589,35.379585,35.274036,35.242157,35.231674,35.199623,35.183857,35.178555,35.1764,35.180584,35.218094,35.29503,35.354717,35.379917,35.377766,35.3857,35.405838,35.442604,35.50464,,,,,,,,,,,,,,,,,,,,,,,,,,,,,,,,,,,,,,,,,,,,,,,,,,,,,,,,,,,,,,,,,,,,,,,,,,,,,,,,,,,,,,,,,,,,,,,,,,,,,,,,,,,,,,,,,,,,,,,,,,,,,,,,,,,,,28.349066,28.655788,29.225004,29.100338,28.93817,29.21071,29.848345,30.516613,30.886229,30.916307,30.962587,30.716301,30.540264,30.641008,30.75914,30.767923,30.80079,30.80835,30.707323,30.737133,30.837868,30.91773,31.00355,31.051456,31.077929,31.072939,31.054802,31.039362,30.991291,30.850864,30.675915,30.605375,30.786898,31.00628,31.124872,31.096199,30.977907,30.942804,30.967905,30.974897,30.965698,31.081041,31.257149,31.473597,31.833801,32.28052,32.54893,32.733437,32.78519,32.75116,32.768826,32.842518,32.932854,32.95485,32.940876,32.90897,32.908054,32.893185,32.874084,32.85879,32.848225,32.8478,32.830475,32.789684,32.760284,32.74283,32.709644,32.648823,32.567223,32.55808,32.597622,32.53887,32.482323,32.284847,31.343569,30.9916,30.986225,30.458864,29.517021,29.010168,28.80991,28.667841,28.63152
18.166672,,,,,,,,,,,,,,,,,,,,,,,,,,,,,,,,,,,,,,,,,,,,,,,,,,,,,,,,,,,,,,,,,,,,,,,,,,,,,,,,,,,,,,,,,,,,,,,,,,,,,,,,,,,,36.50163,36.364494,36.33645,36.31696,36.312096,36.308224,36.309956,36.32642,36.319393,36.266644,36.207317,36.168564,36.11243,36.02722,35.985565,35.97013,35.964493,35.96329,35.968204,35.973732,35.978806,35.977783,35.975628,35.96865,35.959595,35.95141,35.945896,35.9479,35.960648,35.988163,36.023384,36.06163,36.094467,36.11721,36.12691,36.129456,36.125015,36.116688,36.106964,36.097477,36.08889,36.08234,36.076977,36.076874,36.079163,36.0815,36.08372,36.079655,36.076733,36.0693,36.06497,36.075348,36.106403,36.14089,36.170044,36.191574,36.203278,36.210682,36.217644,36.223717,36.223392,36.224148,36.220226,36.218666,36.225864,36.22337,36.224895,36.21316,36.194504,36.175056,36.151516,36.141727,36.125008,36.11504,36.087986,36.04559,36.019646,36.02669,36.088528,36.123943,36.2187,36.402824,36.44944,36.45833,36.479115,36.51737,36.53771,36.500603,36.492847,36.530933,36.55877,36.55087,36.53176,36.393555,36.279972,36.211582,36.151527,36.100025,36.072266,36.044342,36.02009,35.999676,35.997272,36.001408,36.011787,36.018265,36.03568,36.046703,36.051304,36.052666,36.07417,36.065758,36.004387,35.96014,35.935875,35.948936,36.068996,36.19554,36.25698,36.26954,36.28646,36.313766,36.32224,36.36946,36.412865,36.441288,36.494328,36.586956,36.593006,36.49722,36.360783,36.245228,36.171764,36.12532,36.116276,36.16502,36.226604,36.246994,36.22109,36.199158,36.216724,36.237144,36.250618,36.25853,36.272827,36.30627,36.3417,36.369984,36.393063,36.404022,36.386494,36.32396,36.30917,36.261208,36.318592,36.36767,36.42917,36.487507,36.511513,36.50631,36.56088,36.61187,36.590225,36.558525,36.537754,36.48159,36.42549,36.39406,36.375973,36.375393,36.39572,36.367268,36.236107,36.013344,35.871418,35.79187,35.64951,35.517097,35.410805,35.35187,35.282364,35.240505,35.218796,35.200928,35.181606,35.17257,35.1681,35.170353,35.202496,35.259335,35.33178,35.36399,35.353848,35.351868,35.37676,35.423573,35.488373,,,,,,,,,,,,,,,,,,,,,,,,,,,,,,,,,,,,,,,,,,,,,,,,,,,,,,,,,,,,,,,,,,,,,,,,,,,,,,,,,,,,,,,,,,,,,,,,,,,,,,,,,,,,,,,,,,,,,,,,,,,,,,,,,,,28.218742,28.364233,28.862534,29.332798,29.375397,29.121946,29.175102,29.562405,30.143057,30.728712,31.036053,30.906528,30.901552,30.689384,30.547758,30.67188,30.742897,30.75968,30.758362,30.715475,30.607851,30.652655,30.77174,30.898148,30.978134,31.002064,30.986479,30.948473,30.940619,30.964842,30.944656,30.814632,30.64319,30.564402,30.818325,31.143354,31.299385,31.166473,30.967318,30.932564,30.925707,30.958445,30.967194,31.013428,31.155003,31.304462,31.574203,32.02011,32.36038,32.57909,32.70857,32.73688,32.74292,32.74276,32.781097,32.83869,32.906284,32.924213,32.931126,32.933163,32.92345,32.913864,32.89801,32.89229,32.888397,32.872066,32.856304,32.859882,32.80884,32.733704,32.62175,32.557205,32.60656,32.57921,32.496986,32.25053,31.251638,30.816587,30.763222,30.395761,29.397717,28.846878,28.618372,28.403978,28.372267
18.083336,,,,,,,,,,,,,,,,,,,,,,,,,,,,,,,,,,,,,,,,,,,,,,,,,,,,,,,,,,,,,,,,,,,,,,,,,,,,,,,,,,,,,,,,,,,,,,,,,,,,,,,,,,,36.26196,36.377274,36.311543,36.28801,36.27129,36.27465,36.289715,36.303375,36.31305,36.285797,36.219963,36.170765,36.136635,36.06331,35.992046,35.974182,35.97563,35.978004,35.977005,35.973167,35.966652,35.96079,35.954365,35.949635,35.943718,35.940155,35.942326,35.953228,35.975716,36.015354,36.054848,36.086266,36.112167,36.129757,36.143787,36.15088,36.152096,36.14508,36.13423,36.122326,36.110497,36.10075,36.09236,36.084457,36.079964,36.07596,36.07411,36.071995,36.069782,36.069527,36.07145,36.08178,36.110332,36.144947,36.172283,36.191486,36.20488,36.209576,36.21581,36.221054,36.226196,36.226143,36.22156,36.212234,36.20693,36.209435,36.205524,36.209053,36.20164,36.188248,36.17685,36.16382,36.155544,36.136032,36.131275,36.105373,36.06321,36.035694,36.044205,36.09796,36.13865,36.271328,36.43578,36.42578,36.393326,36.41888,36.485092,36.55232,36.553757,36.530365,36.538387,36.5338,36.514812,36.437088,36.310947,36.223377,36.159584,36.12063,36.08746,36.057285,36.02888,36.011528,36.00192,36.008266,36.016354,36.019646,36.021023,36.027744,36.04863,36.063747,36.07474,36.086758,36.07987,36.020546,35.9885,35.961563,35.94522,36.017464,36.137726,36.21856,36.25011,36.268784,36.286602,36.278316,36.320038,36.38357,36.414192,36.440666,36.4971,36.56053,36.49875,36.347626,36.25125,36.19768,36.153652,36.114704,36.091076,36.10617,36.129322,36.142784,36.14402,36.15595,36.17792,36.196514,36.204777,36.205585,36.232662,36.270596,36.310886,36.35753,36.389,36.405056,36.3503,36.338318,36.309624,36.302204,36.346794,36.336124,36.41332,36.489178,36.516594,36.576866,36.670673,36.677147,36.61608,36.61302,36.577496,36.53627,36.500668,36.47056,36.43545,36.424755,36.39925,36.23487,35.99191,35.86201,35.781532,35.628387,35.488724,35.410465,35.34522,35.279697,35.251072,35.228306,35.21142,35.187798,35.177277,35.16848,35.166607,35.188053,35.238213,35.323193,35.34666,35.332397,35.323788,35.345993,35.399567,35.461876,35.51747,,,,,,,,,,,,,,,,,,,,,,,,,,,,,,,,,,,,,,,,,,,,,,,,,,,,,,,,,,,,,,,,,,,,,,,,,,,,,,,,,,,,,,,,,,,,,,,,,,,,,,,,,,,,,,,,,,,,,,,,,,,,,,,,,28.276587,28.571508,29.014593,29.368069,29.648003,29.344938,29.249142,29.466198,29.935017,30.516714,30.966667,31.096224,30.913074,30.86751,30.68254,30.550932,30.61641,30.68952,30.684244,30.639751,30.608913,30.519098,30.551374,30.663784,30.79544,30.87356,30.8815,30.83667,30.794146,30.829859,30.902258,30.888727,30.765387,30.609705,30.51332,30.816328,31.289778,31.535887,31.254145,30.934242,30.90898,30.89475,30.92333,30.946505,30.961016,31.059273,31.17146,31.3091,31.657955,32.088497,32.369545,32.55107,32.640713,32.674328,32.67505,32.6994,32.748493,32.84475,32.90557,32.93221,32.93469,32.91736,32.90926,32.898354,32.88381,32.870644,32.862423,32.842915,32.85355,32.844673,32.783215,32.662945,32.57468,32.587944,32.62821,32.5255,32.41987,31.851254,31.113045,30.503773,30.225336,29.501818,28.899048,28.64284,28.402853,28.274124
18.0,,,,,,,,,,,,,,,,,,,,,,,,,,,,,,,,,,,,,,,,,,,,,,,,,,,,,,,,,,,,,,,,,,,,,,,,,,,,,,,,,,,,,,,,,,,,,,,,,,,,,,,,,,36.16784,36.195446,36.275425,36.274036,36.24772,36.258648,36.266525,36.283947,36.298782,36.29554,36.248787,36.176712,36.12416,36.05918,35.985493,35.976315,35.990685,36.004967,36.00686,35.998455,35.98603,35.97145,35.958805,35.948597,35.943718,35.94502,35.95711,35.981403,36.01314,36.04924,36.08183,36.108753,36.128593,36.14684,36.159775,36.16798,36.16958,36.165726,36.156193,36.14564,36.13439,36.123055,36.113003,36.102062,36.094063,36.088722,36.083923,36.082146,36.08047,36.08266,36.088997,36.0995,36.123833,36.151066,36.174282,36.192596,36.20524,36.212593,36.2133,36.22039,36.22411,36.227604,36.223576,36.210075,36.194088,36.184536,36.180695,36.179707,36.18442,36.180923,36.183247,36.187138,36.18791,36.182514,36.158966,36.15015,36.114132,36.069984,36.045902,36.060204,36.113308,36.1667,36.326683,36.371426,36.340946,36.310024,36.339676,36.4233,36.52392,36.571266,36.580727,36.572937,36.541664,36.4597,36.334915,36.250683,36.181946,36.130722,36.096348,36.064995,36.03604,36.01033,36.004944,36.003624,36.01067,36.023212,36.029625,36.030945,36.040493,36.071804,36.09498,36.11312,36.118114,36.10954,36.053215,36.013096,35.996754,35.95795,35.984615,36.081432,36.17868,36.226994,36.25302,36.26468,36.23971,36.254856,36.310936,36.36811,36.41058,36.43951,36.50611,36.49976,36.361378,36.288242,36.253876,36.22206,36.183598,36.12287,36.097485,36.093384,36.10056,36.121014,36.155655,36.181534,36.21254,36.23602,36.224472,36.23738,36.271935,36.308544,36.356655,36.381584,36.40293,36.362827,36.34236,36.34445,36.319054,36.337982,36.327877,36.34771,36.392815,36.484364,36.547882,36.579792,36.61335,36.622616,36.623566,36.63199,36.628212,36.59613,36.56017,36.509758,36.445473,36.392704,36.236313,36.01559,35.843304,35.763832,35.644703,35.52922,35.448654,35.36669,35.306152,35.28182,35.248512,35.2186,35.19846,35.18465,35.168987,35.160706,35.168728,35.20605,35.281948,35.310867,35.30418,35.2967,35.31844,35.37373,35.43347,35.4999,,,,,,,,,,,,,,,,,,,,,,,,,,,,,,,,,,,,,,,,,,,,,,,,,,,,,,,,,,,,,,,,,,,,,,,,,,,,,,,,,,,,,,,,,,,,,,,,,,,,,,,,,,,,,,,,,,,,,,,,,,,,,,,28.364773,28.526737,29.218674,29.349873,29.544853,29.697317,29.59179,29.421556,29.438429,29.641844,30.199585,30.730713,31.064535,31.119268,30.937338,30.861864,30.711065,30.556353,30.615107,30.666018,30.652044,30.61706,30.546198,30.440437,30.44186,30.51758,30.646,30.734358,30.732151,30.68794,30.677639,30.766998,30.875488,30.840902,30.717394,30.581356,30.464514,30.774534,31.394014,31.75442,31.341518,30.917986,30.868095,30.865536,30.889093,30.920145,30.952532,31.011713,31.098045,31.16428,31.332983,31.703451,32.040802,32.319836,32.472576,32.536705,32.563652,32.567333,32.601555,32.694096,32.835278,32.931606,32.972534,32.9728,32.962173,32.946934,32.917404,32.89655,32.89886,32.89018,32.896435,32.911503,32.888615,32.803608,32.659863,32.586086,32.62016,32.640182,32.52747,32.356693,31.87226,31.012457,30.424873,29.930702,29.373926,28.896889,28.643463,28.411743
17.916672,,,,,,,,,,,,,,,,,,,,,,,,,,,,,,,,,,,,,,,,,,,,,,,,,,,,,,,,,,,,,,,,,,,,,,,,,,,,,,,,,,,,,,,,,,,,,,,,,,,,,35.49205,35.836216,36.005707,36.06192,36.143414,36.172295,36.179485,36.224396,36.22202,36.23077,36.25552,36.26777,36.285004,36.29216,36.271152,36.202236,36.112144,36.04101,35.975925,35.983643,36.012173,36.03392,36.03619,36.02158,36.001396,35.982674,35.966164,35.954136,35.948635,35.955322,35.980896,36.024822,36.063946,36.09512,36.12117,36.138058,36.148514,36.157146,36.161053,36.1609,36.15959,36.15639,36.151443,36.14645,36.143425,36.138622,36.130695,36.120438,36.10786,36.098972,36.090904,36.087376,36.085754,36.087593,36.095078,36.10564,36.123104,36.15073,36.175507,36.196518,36.212193,36.216537,36.213684,36.21116,36.22063,36.222153,36.21943,36.203274,36.179504,36.16475,36.1612,36.16575,36.179966,36.1942,36.209484,36.229626,36.24119,36.24157,36.22735,36.195435,36.174232,36.121452,36.076305,36.05828,36.07874,36.133007,36.210197,36.36796,36.26328,36.25572,36.28021,36.287292,36.343433,36.45687,36.51362,36.52912,36.537724,36.44821,36.3167,36.251965,36.198788,36.147507,36.109215,36.07469,36.038666,36.01203,36.004093,36.007797,36.004128,36.00842,36.02203,36.034863,36.04589,36.074715,36.117535,36.137207,36.148163,36.14678,36.136894,36.09764,36.051346,36.035683,35.98907,35.9773,36.036446,36.133587,36.200798,36.241985,36.250175,36.223015,36.22106,36.237415,36.301174,36.36528,36.400345,36.455013,36.508923,36.448093,36.368244,36.29396,36.28739,36.27183,36.21687,36.175674,36.160732,36.161587,36.17402,36.193626,36.20764,36.238865,36.25688,36.235832,36.243725,36.282173,36.333103,36.386913,36.394886,36.394825,36.364086,36.34533,36.36156,36.34886,36.358143,36.34056,36.34191,36.349545,36.431725,36.49648,36.500774,36.504128,36.53707,36.55608,36.60398,36.664913,36.657005,36.61165,36.536205,36.432156,36.376244,36.282215,36.0791,35.852276,35.758125,35.660236,35.54135,35.446465,35.372322,35.315937,35.29511,35.260487,35.230236,35.215878,35.196148,35.172028,35.155354,35.151596,35.167316,35.20723,35.25549,35.26428,35.265923,35.29286,35.345955,35.413372,35.48268,,,,,,,,,,,,,,,,,,,,,,,,,,,,,,,,,,,,,,,,,,,,,,,,,,,,,,,,,,,,,,,,,,,,,,,,,,,,,,,,,,,,,,,,,,,,,,,,,,,,,,,,,,,,,,,,,,,,,,,,,,,,,,28.520916,29.20693,29.424042,29.746683,29.760614,29.789454,29.767368,29.658075,29.620726,29.604832,29.739378,30.231628,30.754719,31.099283,31.161493,30.99148,30.871613,30.740885,30.580128,30.547592,30.570848,30.578499,30.53766,30.468882,30.409239,30.395626,30.42724,30.529469,30.598951,30.602665,30.594866,30.642723,30.776009,30.875406,30.790667,30.660755,30.542843,30.426443,30.714027,31.440117,31.951326,31.532337,30.985231,30.828653,30.826231,30.856989,30.89924,30.944973,30.985096,31.06705,31.134916,31.174816,31.379753,31.67571,31.976566,32.254818,32.401104,32.46427,32.471897,32.458458,32.48804,32.58655,32.760777,32.93211,33.01987,33.03796,33.03187,33.008183,32.989162,32.996372,32.98471,32.963345,32.97089,32.965748,32.916122,32.78722,32.63852,32.592518,32.686874,32.702587,32.60868,32.393925,31.846254,30.980503,30.17816,29.751701,29.282299,28.982117,28.613123
17.833336,,,,,,,,,,,,,,,,,,,,,,,,,,,,,,,,,,,,,,,,,,,,,,,,,,,,,,,,,,,,,,,,,,,,,,,,,,,,,,,,,,,,,,,,,,,,,,,35.36716,35.493877,35.584373,35.545704,35.54928,35.686123,35.912342,36.141914,36.12734,36.16949,36.189438,36.210903,36.18566,36.203045,36.21006,36.223797,36.25738,36.272064,36.282677,36.27597,36.225746,36.11295,36.007732,35.96945,35.984512,36.029358,36.065094,36.063175,36.044098,36.019493,36.00004,35.98561,35.977623,35.978294,35.99399,36.02938,36.079178,36.128803,36.146656,36.150425,36.147873,36.141308,36.1396,36.139244,36.13993,36.14101,36.143044,36.145847,36.150665,36.15737,36.165512,36.168064,36.16275,36.1509,36.134956,36.12005,36.10627,36.099678,36.095448,36.100708,36.112484,36.13145,36.161385,36.19476,36.21671,36.22652,36.222786,36.20615,36.19387,36.19427,36.205452,36.202747,36.186337,36.16632,36.148407,36.151825,36.16863,36.18722,36.20325,36.217907,36.239235,36.267635,36.287216,36.287395,36.26268,36.22461,36.187344,36.119602,36.07942,36.07003,36.099438,36.159008,36.258408,36.368774,36.2491,36.263996,36.315517,36.31731,36.32473,36.40496,36.419834,36.38601,36.391872,36.311203,36.26151,36.229855,36.177685,36.138367,36.096943,36.052067,36.023857,36.025314,36.03594,36.035072,36.02435,36.01952,36.028343,36.045017,36.071144,36.122585,36.151424,36.157803,36.149357,36.143295,36.135452,36.121418,36.086517,36.068836,36.029305,35.98849,36.013046,36.098026,36.174805,36.22644,36.241093,36.21697,36.212276,36.20606,36.253246,36.31574,36.360237,36.39948,36.474655,36.48963,36.382492,36.304245,36.298317,36.294697,36.27199,36.266212,36.250378,36.23399,36.23209,36.235844,36.222992,36.23704,36.237663,36.210426,36.23334,36.28459,36.35778,36.40036,36.397377,36.38395,36.34967,36.350086,36.364307,36.364754,36.365963,36.351166,36.356186,36.387646,36.458843,36.490574,36.48175,36.472015,36.49522,36.506573,36.556896,36.65272,36.678047,36.617157,36.49689,36.341145,36.251614,36.203644,36.072124,35.84387,35.727104,35.64692,35.540424,35.44309,35.372158,35.342693,35.31781,35.2887,35.263786,35.247406,35.21795,35.1889,35.161682,35.146065,35.14527,35.154877,35.188747,35.212555,35.22775,35.26071,35.312828,35.38368,35.449684,35.492638,,,,,,,,,,,,,,,,,,,,,,,,,,,,,,,,,,,,,,,,,,,,,,,,,,,,,,,,,,,,,,,,,,,,,,,,,,,,,,,,,,,,,,,,,,,,,,,,,,,,,,,,,,,,,,,,,,,,,,,,,,,,28.79002,29.36802,30.188477,29.79099,29.902288,29.87081,29.889505,29.857187,29.870272,29.840288,29.809381,29.8122,30.070147,30.603516,31.099964,31.245214,31.07392,30.92613,30.856985,30.71064,30.60822,30.570862,30.554457,30.51533,30.48428,30.448496,30.40881,30.408215,30.441938,30.48502,30.537527,30.60758,30.706522,30.832588,30.84272,30.700363,30.569948,30.479103,30.398434,30.590616,31.284834,31.98412,31.821388,31.229214,30.847746,30.792282,30.81498,30.862906,30.903572,30.934025,31.027472,31.144964,31.160698,31.237028,31.408592,31.628956,31.924435,32.196415,32.37569,32.44171,32.446262,32.43263,32.42871,32.5355,32.821274,33.04245,33.096455,33.10244,33.086266,33.075916,33.06976,33.047523,33.00527,32.981873,32.966034,32.958023,32.884785,32.72543,32.61919,32.67136,32.784267,32.79593,32.67879,32.396744,31.896368,30.704027,29.958178,29.474207,29.110264,28.713253
17.75,,,,,,,,,,,,,,,,,,,,,,,,,,,,,,,,,,,,,,,,,,,,,,,,,,,,,,,,,,,,,,,,,,,,,,,,,,,,,,,,,,,,,,,,,,,,,35.10675,35.162704,35.30296,35.469223,35.660755,35.634747,35.605297,35.716957,36.118732,36.186966,36.147057,36.179405,36.198887,36.1819,36.159134,36.192833,36.20451,36.223694,36.260235,36.27503,36.27107,36.22964,36.12094,35.99148,35.95311,35.98362,36.042187,36.085552,36.089657,36.0701,36.052437,36.038548,36.03157,36.03057,36.03923,36.059814,36.092754,36.131344,36.160713,36.17418,36.155396,36.138027,36.125244,36.122246,36.131508,36.143387,36.15527,36.165543,36.17564,36.186615,36.20068,36.215897,36.23018,36.232635,36.223305,36.20365,36.180058,36.158062,36.142147,36.1338,36.132797,36.146786,36.16673,36.198044,36.224762,36.23774,36.229786,36.209267,36.183125,36.160942,36.157413,36.166565,36.17035,36.159363,36.144817,36.14452,36.150955,36.165466,36.177288,36.185642,36.193974,36.21083,36.242302,36.284878,36.315647,36.30857,36.269806,36.22838,36.17594,36.105595,36.079796,36.08183,36.1232,36.19625,36.306213,36.335968,36.24495,36.303654,36.3479,36.35564,36.34979,36.393993,36.380363,36.332375,36.325386,36.2935,36.26032,36.229225,36.188072,36.141674,36.087475,36.058876,36.052063,36.074715,36.06896,36.06213,36.04565,36.035995,36.041115,36.063717,36.10933,36.15001,36.144802,36.132,36.10998,36.098816,36.1052,36.11277,36.098278,36.08624,36.056618,36.005024,36.0053,36.075214,36.151756,36.20682,36.232918,36.213642,36.22019,36.202835,36.212524,36.25902,36.312233,36.34077,36.41383,36.46736,36.386765,36.328903,36.315014,36.31705,36.311916,36.32117,36.31457,36.291058,36.27513,36.262028,36.24222,36.238346,36.206024,36.191067,36.24139,36.315193,36.3903,36.40314,36.377777,36.35914,36.337723,36.369133,36.389267,36.37584,36.402775,36.409195,36.42769,36.466743,36.489906,36.48767,36.480312,36.475014,36.489834,36.50364,36.548958,36.64564,36.684772,36.615623,36.47097,36.273914,36.12688,36.06054,35.972794,35.798145,35.707302,35.6327,35.521744,35.441097,35.39331,35.387497,35.35555,35.34062,35.31388,35.295853,35.25735,35.22891,35.189133,35.15378,35.14105,35.130753,35.13254,35.15922,35.18924,35.228992,35.278847,35.35148,35.413345,35.454723,,,,,,,,,,,,,,,,,,,,,,,,,,,,,,,,,,,,,,,,,,,,,,,,,,,,,,,,,,,,,,,,,,,,,,,,,,,,,,,,,,,,,,,,,,,,,,,,,,,,,,,,,,,,,,,,,,,,,,,,,,,29.119795,29.212606,30.245584,30.38975,29.932524,30.138432,30.095654,30.184958,30.12326,30.173225,30.031681,30.018368,29.886316,29.945433,30.316364,30.916233,31.277893,31.213787,31.03957,30.919743,30.79753,30.703178,30.642282,30.614426,30.567215,30.520576,30.470528,30.427813,30.421856,30.44981,30.536747,30.651224,30.759079,30.810112,30.816458,30.69515,30.548182,30.449135,30.405426,30.347963,30.361359,30.639723,31.217852,31.842854,31.73726,31.08596,30.792542,30.7732,30.81654,30.868912,30.89052,30.973671,31.148584,31.207462,31.234945,31.299133,31.416134,31.617908,31.873093,32.15644,32.34753,32.43159,32.43826,32.421722,32.46172,32.67709,32.993195,33.131218,33.16976,33.166336,33.158913,33.141464,33.12494,33.077427,33.03889,32.98037,32.967922,32.943737,32.803844,32.668587,32.651077,32.784546,32.89659,32.87909,32.71577,32.58135,31.636648,30.940239,30.475496,30.01992,29.45986
17.666672,,,,,,,,,,,,,,,,,,,,,,,,,,,,,,,,,,,,,,,,,,,,,,,,,,,,,,,,,,,,,,,,,,,,,,,,,,,,,,,,,,,,,,,,,,,,,35.088425,35.244328,35.50881,35.832474,35.91715,35.82103,35.709362,35.82463,36.191795,36.129017,36.10899,36.138744,36.150707,36.138245,36.155827,36.186268,36.20721,36.23365,36.263165,36.26153,36.215397,36.111607,35.98239,35.94735,35.981266,36.045513,36.09532,36.105927,36.096333,36.087337,36.082806,36.080376,36.08431,36.094902,36.10911,36.128098,36.14857,36.16797,36.185257,36.178627,36.156914,36.14115,36.138428,36.15307,36.17823,36.20066,36.219036,36.234745,36.249355,36.263958,36.279034,36.29393,36.30202,36.299362,36.284138,36.258057,36.22864,36.204166,36.18875,36.184902,36.19382,36.21432,36.23459,36.246796,36.234077,36.210686,36.178993,36.154522,36.140656,36.134785,36.139824,36.14039,36.132538,36.12589,36.12896,36.13922,36.14522,36.148693,36.147465,36.152668,36.171364,36.207592,36.260674,36.31463,36.338017,36.313965,36.26529,36.216965,36.149624,36.090996,36.085403,36.09818,36.155834,36.245075,36.354492,36.32673,36.270744,36.325523,36.347458,36.35732,36.362495,36.388885,36.37829,36.335987,36.33177,36.303204,36.281765,36.264877,36.219463,36.154476,36.108353,36.09435,36.101986,36.107204,36.088387,36.08356,36.053936,36.046963,36.05316,36.08532,36.13031,36.135914,36.13008,36.11867,36.079594,36.05695,36.061916,36.078365,36.083855,36.08085,36.057716,36.01279,36.00626,36.06478,36.134792,36.18872,36.216984,36.209038,36.23601,36.20232,36.18468,36.211536,36.270557,36.302986,36.364758,36.425484,36.421444,36.397617,36.376774,36.346024,36.333515,36.336765,36.329178,36.30255,36.278168,36.255486,36.231796,36.196644,36.16307,36.184788,36.267056,36.351936,36.408096,36.385075,36.347343,36.331367,36.329693,36.384155,36.44501,36.43952,36.469723,36.46329,36.464703,36.472557,36.45608,36.4353,36.44785,36.468124,36.49383,36.496796,36.53957,36.65354,36.6911,36.643158,36.538757,36.364872,36.175102,36.03596,35.90131,35.75228,35.68003,35.620747,35.519424,35.467747,35.438583,35.436474,35.41456,35.397285,35.372334,35.35029,35.31261,35.286488,35.23708,35.177998,35.148064,35.125557,35.10966,35.122753,35.155384,35.194965,35.2434,35.3243,35.380764,35.40321,,,,,,,,,,,,,,,,,,,,,,,,,,,,,,,,,,,,,,,,,,,,,,,,,,,,,,,,,,,,,,,,,,,,,,,,,,,,,,,,,,,,,,,,,,,,,,,,,,,,,,,,,,,,,,,,,,,,,,,,,,28.962473,29.038504,29.61235,30.904482,30.285957,30.170574,30.331387,30.470436,30.600615,30.576786,30.57419,30.372494,30.247654,29.975578,29.948654,30.099253,30.53276,31.055899,31.27046,31.211357,31.08776,30.957726,30.855288,30.7667,30.716969,30.667553,30.612589,30.587618,30.580963,30.61604,30.692238,30.790573,30.837795,30.838213,30.74723,30.619328,30.494682,30.420624,30.365828,30.314268,30.185625,30.067314,30.038782,30.179338,30.725033,31.514172,31.641954,31.05797,30.772728,30.775331,30.827244,30.854805,30.89358,31.080225,31.225857,31.288376,31.302519,31.33944,31.447958,31.629866,31.863455,32.115974,32.31774,32.40672,32.407875,32.39736,32.473526,32.671955,32.929165,33.143616,33.227917,33.226566,33.206913,33.194508,33.163273,33.13292,33.01754,32.9678,32.963596,32.850567,32.68903,32.66261,32.79597,32.931103,32.87298,32.775906,32.843735,32.524395,32.208714,31.910587,31.617731,31.175499
17.583336,,,,,,,,,,,,,,,,,,,,,,,,,,,,,,,,,,,,,,,,,,,,,,,,,,,,,,,,,,,,,,,,,,,,,,,,,,,,,,,,,,,,,,,,,,,,35.1266,35.113396,35.502113,35.97968,36.05578,36.01943,35.89145,35.784416,35.909355,36.203033,36.100758,36.05916,36.066418,36.09902,36.12798,36.173172,36.20143,36.222874,36.24634,36.252037,36.203003,36.09478,35.974773,35.93877,35.975384,36.029037,36.09078,36.108707,36.108124,36.107662,36.11124,36.112858,36.115738,36.122288,36.13303,36.142548,36.154713,36.16737,36.183983,36.200687,36.1863,36.169815,36.163006,36.178932,36.209282,36.23925,36.25664,36.269485,36.281277,36.29316,36.30343,36.310574,36.316128,36.31867,36.314796,36.30193,36.281906,36.261745,36.247112,36.241245,36.24625,36.254185,36.258232,36.24608,36.214394,36.177677,36.15526,36.144524,36.142864,36.14262,36.13867,36.132484,36.12095,36.108376,36.10419,36.1066,36.10563,36.10374,36.104412,36.11374,36.139366,36.18257,36.24016,36.30175,36.343517,36.344303,36.303307,36.246082,36.185707,36.115696,36.08466,36.09204,36.119633,36.200848,36.298046,36.395847,36.347744,36.322563,36.338318,36.3455,36.352676,36.362953,36.384266,36.38781,36.346836,36.35273,36.33974,36.33265,36.32147,36.256607,36.190598,36.152298,36.13575,36.138668,36.122917,36.112762,36.097713,36.055077,36.05632,36.066883,36.098827,36.12604,36.12738,36.1448,36.126026,36.06481,36.03373,36.031498,36.03855,36.045853,36.045692,36.027893,36.000156,36.00102,36.058712,36.1273,36.185947,36.20131,36.207664,36.249184,36.191574,36.162933,36.175365,36.23057,36.28003,36.31439,36.37601,36.40803,36.41584,36.38811,36.336807,36.316437,36.30413,36.28387,36.249084,36.22012,36.19696,36.157932,36.11794,36.128334,36.196964,36.29978,36.381996,36.403984,36.350582,36.311794,36.308556,36.319298,36.3775,36.44937,36.451183,36.45222,36.43456,36.426098,36.415916,36.39874,36.399174,36.439236,36.479115,36.497925,36.49343,36.551407,36.678402,36.704678,36.67554,36.616314,36.491203,36.31164,36.12308,35.93346,35.785763,35.700035,35.641396,35.55071,35.52428,35.50902,35.48176,35.4848,35.44739,35.430267,35.393173,35.362495,35.33738,35.29856,35.220844,35.16899,35.134605,35.105045,35.10313,35.122234,35.1501,35.187263,35.283092,35.335915,35.34268,35.3629,,,,,,,,,,,,,,,,,,,,,,,,,,,,,,,,,,,,,,,,,,,,,,,,,,,,,,,,,,,,,,,,,,,,,,,,,,,,,,,,,,,,,,,,,,,,,,,,,,,,,,,,,,,,,,,,,,,,,,,,28.91688,29.042105,29.673368,30.759264,31.302803,30.660938,30.898355,30.799953,30.906204,30.875736,30.988796,31.118525,30.884558,30.531158,30.207945,30.124094,30.064087,30.236479,30.602503,30.98746,31.145292,31.16361,31.137146,31.080376,31.016855,30.974272,30.942545,30.900051,30.897589,30.888075,30.891275,30.901814,30.853205,30.768555,30.654444,30.542236,30.486412,30.485655,30.45015,30.307493,30.14704,30.030077,29.957003,29.927402,29.912392,29.952608,30.541914,31.329927,31.61294,31.158895,30.78793,30.7717,30.835104,30.82585,30.940607,31.160675,31.306086,31.339651,31.340765,31.363836,31.482353,31.674067,31.886778,32.125164,32.303577,32.38202,32.35599,32.348488,32.382576,32.517307,32.869686,33.17296,33.25112,33.23215,33.22791,33.2556,33.2043,33.029396,32.944515,32.941795,32.84436,32.714165,32.687256,32.82184,32.811974,32.44324,32.26945,32.41576,32.419,32.32913,32.21804,32.115234,31.962618
17.5,,,,,,,,,,,,,,,,,,,,,,,,,,,,,,,,,,,,,,,,,,,,,,,,,,,,,,,,,,,,,,,,,,,,,,,,,,,,,,,,,,,,,,,,,,,,35.413635,35.46305,35.93043,36.153908,36.1082,36.03637,35.900284,35.821117,36.06481,36.205425,36.115864,36.03817,36.03956,36.0741,36.1191,36.18875,36.222595,36.238754,36.245007,36.208927,36.10405,35.979805,35.932636,35.957565,36.010277,36.060184,36.098522,36.101013,36.10799,36.114113,36.12171,36.125717,36.134014,36.140472,36.147526,36.152782,36.16413,36.17748,36.19579,36.20093,36.184074,36.17241,36.181347,36.21825,36.247574,36.256275,36.25073,36.248795,36.25252,36.25717,36.26326,36.270874,36.278008,36.282642,36.284985,36.283176,36.277565,36.27269,36.270138,36.26908,36.266647,36.250977,36.222214,36.176296,36.151672,36.14275,36.150043,36.162468,36.166096,36.152557,36.134514,36.11379,36.086353,36.06132,36.056282,36.052814,36.053608,36.06408,36.0865,36.124294,36.17621,36.23182,36.28172,36.322273,36.33699,36.31287,36.260944,36.19998,36.139385,36.094944,36.090263,36.106792,36.15151,36.250072,36.3437,36.401287,36.337437,36.31704,36.314106,36.330833,36.348354,36.35848,36.38139,36.400898,36.36944,36.389942,36.393764,36.38414,36.38011,36.319885,36.260685,36.21328,36.182335,36.164673,36.146618,36.14288,36.116375,36.062828,36.06455,36.07826,36.101246,36.12194,36.140343,36.174694,36.14571,36.0657,36.03255,36.027676,36.020576,36.01678,36.012566,36.003056,35.996185,36.016865,36.081608,36.14695,36.18144,36.180798,36.232063,36.24674,36.17072,36.13919,36.147194,36.192123,36.2434,36.27157,36.317226,36.362057,36.371933,36.335896,36.282417,36.246727,36.21584,36.165253,36.11608,36.096935,36.07376,36.053535,36.070198,36.129112,36.239803,36.331585,36.40595,36.391903,36.317867,36.28094,36.28441,36.29846,36.340218,36.38283,36.38754,36.40685,36.377865,36.404198,36.372818,36.377903,36.411266,36.45199,36.480915,36.490677,36.49966,36.607418,36.70684,36.714462,36.693542,36.65242,36.59107,36.489937,36.326504,36.106045,35.904743,35.769123,35.70175,35.628853,35.596478,35.5897,35.555477,35.56484,35.52691,35.49544,35.43758,35.398182,35.37246,35.346973,35.281315,35.208775,35.155003,35.114338,35.09465,35.10033,35.116947,35.14929,35.23947,35.277126,35.27912,35.315628,,,,,,,,,,,,,,,,,,,,,,,,,,,,,,,,,,,,,,,,,,,,,,,,,,,,,,,,,,,,,,,,,,,,,,,,,,,,,,,,,,,,,,,,,,,,,,,,,,,,,,,,,,,,,,,,,,,,,,28.881088,29.178984,29.176191,29.665318,30.886332,31.79495,32.01507,31.76252,31.795273,31.75006,31.725918,31.491611,31.497604,31.722527,31.433178,30.982483,30.688671,30.517424,30.190985,30.203365,30.33231,30.567081,30.764427,30.882113,30.97187,31.022116,31.03678,31.040472,31.025728,30.991756,30.951757,30.8962,30.821972,30.752123,30.654337,30.57051,30.552536,30.615452,30.697968,30.66642,30.511024,30.271383,30.115002,30.075865,30.046566,30.034761,30.017147,29.974676,30.343666,30.74886,30.813416,31.081133,31.111954,30.771095,30.809444,30.795023,30.782885,31.009047,31.214802,31.340189,31.348167,31.334196,31.366756,31.526993,31.722786,31.946886,32.16723,32.326134,32.364582,32.347855,32.334923,32.35704,32.510315,32.932568,33.138344,33.109463,33.14125,33.287792,33.283463,33.03667,32.918095,32.91198,32.85715,32.800896,32.77374,32.687664,32.289513,31.853832,31.722803,31.792152,31.846222,31.83207,31.816278,31.84754,31.819233
17.416672,,,,,,,,,,,,,,,,,,,,,,,,,,,,,,,,,,,,,,,,,,,,,,,,,,,,,,,,,,,,,,,,,,,,,,,,,,,,,,,,,,,,,,,,,,,,35.644814,35.725636,36.137825,36.15364,36.129215,36.088932,36.00762,35.9742,36.172966,36.157925,36.0774,36.004322,36.011387,36.05132,36.120422,36.20757,36.239437,36.24052,36.22145,36.14642,36.022133,35.936245,35.94398,35.982674,36.032745,36.07589,36.09438,36.09605,36.10713,36.11534,36.12179,36.12664,36.138813,36.149063,36.15552,36.159153,36.171387,36.186794,36.20387,36.195877,36.17839,36.17466,36.201763,36.23802,36.233288,36.210846,36.191765,36.193172,36.20148,36.21012,36.223064,36.23218,36.239372,36.244095,36.249573,36.25338,36.25492,36.25372,36.250385,36.236336,36.21722,36.18044,36.146126,36.13125,36.13692,36.164192,36.182262,36.185204,36.163292,36.14071,36.106384,36.061153,36.015823,36.006165,35.996567,35.99742,36.02181,36.06232,36.11915,36.18371,36.239803,36.27218,36.29263,36.30031,36.28823,36.25536,36.207256,36.157833,36.11686,36.097626,36.10109,36.120605,36.189545,36.298897,36.34888,36.331417,36.240826,36.20604,36.23214,36.287266,36.331245,36.3494,36.36816,36.406437,36.379765,36.380978,36.420578,36.43087,36.435246,36.411476,36.36477,36.29878,36.23452,36.192375,36.16765,36.172035,36.141457,36.075283,36.068596,36.08599,36.10559,36.13117,36.17091,36.222343,36.18496,36.075897,36.03554,36.030552,36.022205,36.020214,36.019382,36.01996,36.03141,36.067368,36.12163,36.153694,36.166763,36.200367,36.26983,36.21489,36.14334,36.13771,36.164356,36.20209,36.231457,36.25342,36.278156,36.31114,36.313717,36.24814,36.159294,36.091187,36.046486,35.998867,35.971493,35.972534,35.97255,36.01004,36.082367,36.169857,36.283764,36.35494,36.42042,36.376514,36.295116,36.262547,36.261692,36.269726,36.30471,36.34896,36.34424,36.339157,36.393147,36.393826,36.358162,36.386044,36.419327,36.451065,36.452847,36.470837,36.554924,36.693073,36.71678,36.639652,36.538044,36.464157,36.41192,36.400616,36.371323,36.324265,36.203056,35.94995,35.81655,35.759228,35.693707,35.714527,35.656574,35.691666,35.656532,35.621376,35.538616,35.46937,35.419704,35.366505,35.33027,35.25859,35.183,35.13964,35.09384,35.095337,35.10528,35.140175,35.205128,35.225502,35.230587,35.27138,,,,,,,,,,,,,,,,,,,,,,,,,,,,,,,,,,,,,,,,,,,,,,,,,,,,,,,,,,,,,,,,,,,,,,,,,,,,,,,,,,,,,,,,,,,,,,,,,,,,,,,,,,,,,,,,,,,,28.930555,29.418814,29.378162,29.86149,29.623154,30.718609,31.44217,32.010284,32.088177,31.982714,31.970436,31.971773,31.974312,32.274677,32.464,32.64056,32.49793,32.082996,31.546204,30.911377,30.56709,30.563185,30.450045,30.481573,30.543106,30.614212,30.690126,30.767727,30.818575,30.839073,30.832758,30.801888,30.75179,30.696966,30.665995,30.67764,30.64673,30.68876,30.874573,31.082682,31.16443,31.035389,30.788437,30.493704,30.280094,30.203535,30.18636,30.191446,30.165447,30.140797,30.317791,30.404202,30.322624,30.43527,30.718306,30.895126,30.830568,30.784748,30.724861,30.846556,31.062376,31.282507,31.334354,31.302898,31.269915,31.398613,31.58909,31.794165,32.022907,32.251534,32.33422,32.372185,32.369534,32.394,32.401814,32.69907,32.928715,32.93294,32.98249,33.155365,33.250996,33.05885,32.89069,32.898148,32.869816,32.75088,32.557384,32.301647,31.901077,31.756826,31.835749,31.951923,31.933292,31.967232,31.991283,32.115154,32.125744
17.333336,,,,,,,,,,,,,,,,,,,,,,,,,,,,,,,,,,,,,,,,,,,,,,,,,,,,,,,,,,,,,,,,,,,,,,,,,,,,,,,,,,,,,,,,,,,,35.832924,35.96141,36.152424,36.118843,36.110935,36.114204,36.091316,36.089577,36.123547,36.050236,36.014793,35.979645,36.001232,36.048885,36.131462,36.223854,36.252544,36.235123,36.18932,36.09093,35.986057,35.93639,35.96225,36.01219,36.059875,36.098827,36.10679,36.10748,36.119267,36.125248,36.12992,36.136814,36.15047,36.160454,36.16578,36.171032,36.185547,36.20249,36.20425,36.18798,36.17703,36.186058,36.22224,36.221497,36.183475,36.158707,36.157948,36.177456,36.194386,36.204113,36.210953,36.212852,36.212906,36.21064,36.2098,36.209023,36.20462,36.19738,36.185783,36.171577,36.15088,36.135403,36.126038,36.132576,36.174866,36.205414,36.197544,36.166615,36.138206,36.097458,36.0364,35.98287,35.95719,35.993904,35.97298,35.977154,36.028957,36.108646,36.195034,36.259,36.281345,36.287148,36.28566,36.274822,36.25244,36.218716,36.174168,36.13413,36.103397,36.09033,36.100815,36.146915,36.24374,36.303177,36.286957,36.14202,36.0432,36.019737,36.08682,36.21443,36.2909,36.33053,36.345,36.38938,36.408947,36.37786,36.374027,36.408978,36.447433,36.471237,36.456253,36.394707,36.301037,36.22658,36.186024,36.202477,36.170647,36.0924,36.07557,36.09912,36.126972,36.17305,36.23534,36.293957,36.252434,36.133495,36.060287,36.044308,36.02672,36.02734,36.03683,36.04605,36.069435,36.099297,36.129044,36.151505,36.20461,36.268166,36.275986,36.193314,36.159466,36.213802,36.26249,36.289738,36.29446,36.30004,36.30962,36.281914,36.19532,36.06537,35.97109,35.940315,35.931374,35.925694,35.927555,35.939106,35.971745,36.05558,36.14725,36.237007,36.31878,36.37954,36.41858,36.358746,36.29299,36.27409,36.280285,36.28612,36.297237,36.294647,36.28383,36.341908,36.403484,36.366146,36.365726,36.411903,36.441364,36.465652,36.504868,36.559597,36.65262,36.65574,36.513958,36.34661,36.16519,36.029675,35.920704,35.88089,35.827938,35.83137,35.91783,35.733437,35.88568,35.9876,35.80878,35.851418,35.78051,35.83467,35.833904,35.814945,35.711403,35.60607,35.50847,35.39444,35.352013,35.30781,35.214058,35.1691,35.11,35.09423,35.09763,35.121765,35.160114,35.179672,35.195602,35.23924,,,,,,,,,,,,,,,,,,,,,,,,,,,,,,,,,,,,,,,,,,,,,,,,,,,,,,,,,,,,,,,,,,,,,,,,,,,,,,,,,,,,,,,,,,,,,,,,,,,,,,,,,,,,,,,,,,27.955002,29.151356,29.72445,30.31401,30.308,30.63055,30.527708,31.35867,31.482054,31.898495,31.93343,31.916899,32.01277,32.075817,32.11854,32.600098,33.144863,33.309963,33.33506,33.277157,32.945084,32.426476,32.26832,31.493061,30.87166,30.70441,30.608868,30.562948,30.577652,30.611593,30.636473,30.640257,30.630917,30.61512,30.62769,30.692312,30.80995,30.919283,31.08677,31.343466,31.643454,31.857286,31.851206,31.635662,31.30476,30.895586,30.53578,30.326233,30.259275,30.321404,30.333029,30.29899,30.35125,30.482666,30.464008,30.326288,30.378658,30.733624,30.879366,30.813744,30.738066,30.735394,30.907816,31.143042,31.278883,31.237326,31.09276,31.208523,31.475946,31.677559,31.908327,32.186718,32.29158,32.353897,32.402813,32.440414,32.430347,32.456802,32.66388,32.853558,32.92128,33.00696,33.06495,32.945385,32.80881,32.771843,32.679787,32.451847,32.352566,32.276287,32.16749,32.17629,32.27113,32.39204,32.452053,32.542767,32.62101,32.757927,32.78536
17.25,,,,,,,,,,,,,,,,,,,,,,,,,,,,,,,,,,,,,,,,,,,,,,,,,,,,,,,,,,,,,,,,,,,,,,,,,,,,,,,,,,,,,,,,,,,,35.95782,36.118576,36.09643,36.054043,36.060757,36.074738,36.074196,36.067204,36.05951,36.037815,36.026295,36.01944,36.03168,36.06134,36.142746,36.23353,36.255642,36.22264,36.167458,36.073864,35.989388,35.95683,35.998577,36.048664,36.0984,36.13628,36.13378,36.131214,36.138405,36.142685,36.147217,36.15754,36.165985,36.17262,36.180874,36.193058,36.207527,36.211296,36.193085,36.18202,36.183025,36.200985,36.212036,36.1758,36.142075,36.138126,36.151913,36.17116,36.17794,36.177708,36.17964,36.178257,36.173622,36.169388,36.166016,36.16137,36.152683,36.146004,36.141872,36.134853,36.132313,36.127045,36.13065,36.17736,36.223,36.20282,36.15157,36.088383,36.0259,35.98202,35.946457,35.904533,35.92489,35.98494,35.963745,35.993073,36.083046,36.18682,36.260628,36.28188,36.282207,36.27802,36.268047,36.245163,36.210823,36.169632,36.12649,36.095276,36.079254,36.08729,36.12566,36.192173,36.248722,36.235813,36.166103,35.969913,35.91407,35.917427,35.99523,36.129505,36.23766,36.296818,36.324165,36.346394,36.389877,36.411327,36.40229,36.404675,36.433636,36.473335,36.49085,36.466198,36.38095,36.2686,36.20338,36.22939,36.204666,36.11516,36.086727,36.125034,36.17488,36.25002,36.331764,36.367638,36.303387,36.204964,36.143055,36.097015,36.06499,36.058132,36.066563,36.07503,36.09618,36.12067,36.15739,36.216866,36.28938,36.320023,36.28621,36.251858,36.283714,36.34285,36.36242,36.34315,36.31093,36.27134,36.199253,36.085495,35.964836,35.919807,35.910984,35.923862,35.946323,35.95233,35.959923,35.984905,36.03746,36.133972,36.223442,36.30436,36.356857,36.410744,36.419697,36.360435,36.30565,36.30014,36.29591,36.281853,36.258286,36.22904,36.242107,36.314182,36.320045,36.219776,36.21653,36.288242,36.388313,36.47899,36.505558,36.50352,36.42348,36.228405,36.040833,35.89487,35.766727,35.672802,35.601154,35.568554,35.5536,35.553577,35.573864,35.535416,35.591362,35.635715,35.780567,35.98087,35.899506,35.951088,35.995304,35.973915,35.88559,35.771755,35.63362,35.45776,35.387135,35.345787,35.248837,35.191654,35.13391,35.099796,35.08963,35.098125,35.117382,35.147057,35.17291,35.219517,35.27526,,,,,,,,,,,,,,,,,,,,,,,,,,,,,,,,,,,,,,,,,,,,,,,,,,,,,,,,,,,,,,,,,,,,,,,,,,,,,,,,,,,,,,,,,,,,,,,,,,,,,,,,,,,,,,,27.904863,27.671827,28.185354,29.868643,30.719896,31.076544,31.049368,31.295542,31.463346,31.758644,31.663147,31.93574,31.96354,32.021225,32.314808,32.459183,32.513603,32.899673,33.373253,33.53433,33.582447,33.564636,33.491524,33.28344,33.242718,32.939087,31.879175,31.078957,30.785055,30.612244,30.582018,30.573893,30.583117,30.609125,30.653202,30.725855,30.877445,31.169018,31.51935,31.793901,32.06223,32.313656,32.500668,32.548985,32.472984,32.28578,32.012802,31.576206,31.018772,30.572824,30.403421,30.46494,30.520702,30.47094,30.553898,30.835758,30.883736,30.4966,30.370619,30.525219,30.89996,30.941347,30.78292,30.627274,30.740023,30.996185,31.183472,31.044706,30.751125,30.835346,31.302734,31.565317,31.78867,32.14984,32.270466,32.311413,32.38044,32.456593,32.494133,32.428234,32.47121,32.697506,32.787663,32.865524,32.96888,32.82228,32.775764,32.614136,32.37347,32.277206,32.37352,32.529984,32.585587,32.636284,32.674934,32.722797,32.801266,32.913834,33.096004,33.22549,33.09652
17.166672,,,,,,,,,,,,,,,,,,,,,,,,,,,,,,,,,,,,,,,,,,,,,,,,,,,,,,,,,,,,,,,,,,,,,,,,,,,,,,,,,,,,,,,,,,,,36.066875,36.105946,36.053623,36.063023,36.088783,36.095093,36.100925,36.100677,36.099476,36.095963,36.085876,36.073338,36.067135,36.087143,36.16068,36.244167,36.259907,36.21603,36.15751,36.077404,36.01555,35.993954,36.032185,36.080578,36.1335,36.163414,36.152504,36.147907,36.15621,36.160934,36.16934,36.18074,36.187656,36.198658,36.212677,36.222237,36.220432,36.203506,36.181953,36.181854,36.188896,36.19981,36.175663,36.13907,36.124287,36.128986,36.13931,36.142532,36.14173,36.141518,36.143005,36.144127,36.14443,36.14446,36.144577,36.13861,36.13453,36.135452,36.135044,36.129463,36.12548,36.13189,36.17822,36.23127,36.2062,36.11098,36.03273,35.949444,35.87949,35.854416,35.84513,35.840714,35.92137,35.998127,35.97535,36.0391,36.1512,36.229813,36.257088,36.250195,36.23956,36.230183,36.206085,36.176098,36.144375,36.113308,36.08964,36.0789,36.08419,36.110916,36.154263,36.19413,36.20451,36.1779,35.996243,35.905144,35.9019,35.916294,35.982582,36.067444,36.171646,36.246582,36.296806,36.321533,36.343914,36.367455,36.390236,36.408836,36.43507,36.465946,36.484047,36.479523,36.427834,36.31385,36.215305,36.245087,36.241726,36.146904,36.09757,36.148457,36.22293,36.318733,36.388756,36.379803,36.316566,36.274593,36.258507,36.21301,36.165035,36.14823,36.1431,36.150787,36.17829,36.21453,36.266808,36.325394,36.35809,36.35386,36.338707,36.34312,36.361,36.33131,36.274887,36.21847,36.164394,36.090187,35.997906,35.925407,35.902027,35.90754,35.940193,36.00104,36.047394,36.025112,36.01973,36.04335,36.1034,36.19122,36.277916,36.362797,36.416107,36.44033,36.408665,36.363594,36.318222,36.303123,36.293964,36.2726,36.2601,36.23163,36.19333,36.18244,36.07763,35.80924,35.594902,35.485912,35.605118,35.914284,35.9871,35.931057,35.76317,35.621655,35.559864,35.55192,35.547806,35.55052,35.56313,35.57519,35.575832,35.571854,35.57309,35.545406,35.547256,35.538303,35.608955,35.74422,35.98594,36.0621,36.051876,36.088882,36.022545,35.9057,35.73899,35.52156,35.416733,35.38781,35.29556,35.215836,35.165157,35.122242,35.097485,35.097992,35.10188,35.12298,35.15216,35.198383,35.244434,,,,,,,,,,,,,,,,,,,,,,,,,,,,,,,,,,,,,,,,,,,,,,,,,,,,,,,,,,,,,,,,,,,,,,,,,,,,,,,,,,,,,,,,,,,,,,,,,,,,,,,,,,,,,,28.141932,27.891685,28.153172,28.77166,30.675447,31.636974,31.235956,31.225151,31.52795,31.942348,32.315937,32.364296,32.422535,32.42405,32.584408,32.772274,32.828323,32.814556,33.162422,33.426918,33.58611,33.647816,33.615715,33.55416,33.465515,33.388836,33.22951,32.780144,32.016804,31.471142,31.181929,31.008144,30.912588,30.958012,31.077278,31.262356,31.519995,31.861818,32.20663,32.51415,32.730938,32.847866,32.884243,32.80806,32.63641,32.444614,32.299126,32.210308,32.01288,31.54611,30.96623,30.55783,30.56131,30.59144,30.498394,30.548454,30.955902,31.08539,30.712412,30.486225,30.667473,31.072853,31.107208,30.711315,30.437391,30.509285,30.802465,31.058352,30.96333,30.483189,30.397572,30.969795,31.454609,31.694738,32.115143,32.281223,32.308258,32.36413,32.464256,32.527832,32.488144,32.427555,32.591206,32.65885,32.74113,32.75789,32.68173,32.58317,32.46018,32.301666,32.324375,32.69399,32.87561,32.968075,33.016003,33.04511,33.043312,33.03818,33.137257,33.294605,33.42607,33.34053
17.083336,,,,,,,,,,,,,,,,,,,,,,,,,,,,,,,,,,,,,,,,,,,,,,,,,,,,,,,,,,,,,,,,,,,,,,,,,,,,,,,,,,,,,,,,,,,36.0767,36.064606,36.083546,36.09881,36.141945,36.127426,36.145863,36.140026,36.13398,36.1279,36.12844,36.122303,36.11288,36.106853,36.121563,36.18372,36.25415,36.262074,36.215435,36.16104,36.09934,36.051052,36.03337,36.05945,36.09515,36.15094,36.172375,36.15915,36.162704,36.179153,36.189487,36.20617,36.22031,36.234467,36.24494,36.24532,36.235973,36.215805,36.19183,36.17823,36.180252,36.185947,36.177017,36.140602,36.11635,36.110138,36.12221,36.129795,36.131897,36.135593,36.143612,36.15131,36.155518,36.155926,36.1557,36.151276,36.1425,36.13641,36.13653,36.132263,36.130478,36.149605,36.19343,36.242207,36.21947,36.107685,35.985035,35.89987,35.845776,35.864758,35.917202,35.931496,35.95973,36.02528,35.99738,35.994938,36.090996,36.191647,36.21095,36.21226,36.196964,36.187855,36.17032,36.143154,36.122463,36.102924,36.08785,36.07826,36.077194,36.089474,36.11527,36.145046,36.164383,36.162567,36.089825,35.92772,35.91568,35.924526,35.95187,35.97001,35.995255,36.04561,36.11285,36.191708,36.254707,36.30884,36.344208,36.367363,36.381905,36.39904,36.42289,36.44439,36.464024,36.45379,36.348587,36.224594,36.25563,36.278,36.182648,36.10434,36.15949,36.252357,36.34892,36.387333,36.34636,36.293793,36.31527,36.340435,36.314716,36.280277,36.270138,36.26904,36.280575,36.304832,36.336536,36.370586,36.391315,36.388653,36.371857,36.341225,36.308098,36.261185,36.19409,36.133884,36.074215,36.013844,35.957478,35.927692,35.91432,35.917725,35.95848,36.04304,36.144157,36.150574,36.07502,36.04497,36.069317,36.14032,36.229435,36.33363,36.42969,36.451622,36.427425,36.386723,36.352234,36.327637,36.319946,36.312244,36.282364,36.252182,36.2239,36.184475,36.159527,36.10894,35.860355,35.493595,35.35151,35.361332,35.473274,35.483322,35.475853,35.47043,35.497158,35.53482,35.572,35.585655,35.60716,35.619324,35.608013,35.59934,35.577255,35.56295,35.540123,35.511917,35.54773,35.54801,35.59306,35.778137,36.018837,36.16236,36.172096,36.138737,36.070305,35.819275,35.56543,35.428032,35.402706,35.348457,35.255844,35.192375,35.14903,35.11487,35.096886,35.089363,35.08696,35.11406,35.16483,35.216923,,,,,,,,,,,,,,,,,,,,,,,,,,,,,,,,,,,,,,,,,,,,,,,,,,,,,,,,,,,,,,,,,,,,,,,,,,,,,,,,,,,,,,,,,,,,,,,,,,,,,,,,,,,,,28.674902,28.186415,28.021408,28.405739,29.216133,31.333115,32.118866,31.723206,32.322857,32.92818,33.129528,33.190655,32.9906,32.899776,32.881958,32.893925,33.00067,33.22839,33.33337,33.54242,33.599182,33.685535,33.7288,33.71487,33.67811,33.600483,33.41826,33.21264,32.962284,32.61635,32.306606,32.130142,32.048405,32.00766,32.0874,32.258556,32.504543,32.754955,32.984196,33.127216,33.207237,33.170746,33.039413,32.80529,32.501377,32.219734,32.05896,31.98523,31.961267,31.96751,31.736784,31.238031,30.759687,30.66332,30.66812,30.53601,30.50877,30.809277,31.0813,30.95186,30.803959,31.08996,31.297699,31.215927,30.713215,30.42298,30.269201,30.420662,30.77004,30.878,30.423012,30.164366,30.601412,31.278675,31.621859,32.073547,32.28536,32.30154,32.374794,32.492214,32.56329,32.518143,32.438007,32.460598,32.52574,32.661026,32.67853,32.474064,32.45536,32.383045,32.368996,32.84601,32.95823,33.046364,33.091946,33.14387,33.187443,33.203064,33.193596,33.207207,33.33113,33.44667,33.224052
17.0,,,,,,,,,,,,,,,,,,,,,,,,,,,,,,,,,,,,,,,,,,,,,,,,,,,,,,,,,,,,,,,,,,,,,,,,,,,,,36.23807,36.213726,36.20966,36.2403,36.25031,36.256218,36.253407,36.248016,36.24264,36.24421,36.171524,36.136627,36.08035,36.075806,36.07566,36.09392,36.172047,36.156883,36.185036,36.17401,36.168743,36.156822,36.141445,36.13066,36.137768,36.139797,36.146873,36.150642,36.16121,36.208397,36.264732,36.268234,36.217587,36.16832,36.118694,36.08204,36.069633,36.076637,36.099575,36.156803,36.180805,36.17264,36.18972,36.222763,36.246788,36.268955,36.28057,36.285942,36.27553,36.25685,36.236324,36.209793,36.18732,36.17542,36.176193,36.17136,36.150246,36.11382,36.093792,36.101673,36.121597,36.130802,36.133793,36.14404,36.15465,36.160397,36.15904,36.157185,36.154346,36.147503,36.138615,36.13778,36.141544,36.149918,36.174244,36.21571,36.256985,36.245457,36.140842,35.99103,35.867718,35.80239,35.807465,35.859207,35.94562,36.02171,36.05124,36.056145,35.980167,36.031384,36.132515,36.167545,36.150597,36.144047,36.12249,36.114605,36.096382,36.08007,36.067852,36.05501,36.04946,36.04984,36.05956,36.080784,36.108444,36.131886,36.14441,36.13412,36.035404,35.965866,35.96407,35.994488,36.006035,36.02868,36.048786,36.047253,36.03965,36.04413,36.06472,36.101746,36.164547,36.27431,36.357613,36.398426,36.40462,36.413486,36.441063,36.46386,36.383236,36.234993,36.260574,36.3122,36.225986,36.117836,36.153595,36.24869,36.344933,36.373505,36.305767,36.265316,36.298164,36.32392,36.319218,36.318195,36.336338,36.35106,36.359646,36.367252,36.37588,36.37899,36.37181,36.34944,36.31608,36.268673,36.2201,36.16417,36.116035,36.075203,36.034702,35.993538,35.95993,35.941895,35.942623,35.981995,36.073692,36.206535,36.265568,36.200138,36.081768,36.044247,36.10185,36.186703,36.276215,36.372692,36.43216,36.426464,36.398163,36.361877,36.339146,36.332573,36.342804,36.334785,36.302067,36.26603,36.22665,36.18147,36.150436,36.092514,35.821682,35.40061,35.364563,35.364937,35.428543,35.4679,35.503582,35.498993,35.530186,35.56586,35.606773,35.615208,35.602158,35.583298,35.57414,35.56417,35.55034,35.530643,35.503582,35.478447,35.499924,35.49777,35.48092,35.583984,35.829967,36.108658,36.23866,36.307606,36.146935,35.80587,35.578903,35.4368,35.395687,35.379097,35.3028,35.23276,35.18486,35.14146,35.110588,35.08924,35.07375,35.09224,35.143658,35.18258,,,,,,,,,,,,,,,,,,,,,,,,,,,,,,,,,,,,,,,,,,,,,,,,,,,,,,,,,,,,,,,,,,,,,,,,,,,,,,,,,,,,,,,,,,,,,,,,,,,,,,,,,,,,,28.6854,28.216066,28.083351,28.647436,29.39281,31.320704,32.331245,32.912014,33.43195,33.83451,33.727642,33.51683,33.33237,33.282883,33.346878,33.411987,33.593094,33.78394,33.86513,33.844513,33.824635,33.82377,33.835365,33.83673,33.829582,33.808277,33.73427,33.527454,33.299187,33.107307,32.9628,32.92873,32.96783,33.04845,33.165367,33.308727,33.46583,33.55338,33.508884,33.378517,33.201878,32.97044,32.753807,32.526306,32.295025,32.174892,32.05688,31.92296,31.889828,31.899296,31.865957,31.522861,31.032312,30.799498,30.766052,30.58497,30.513775,30.695864,30.943888,30.911097,30.879335,31.193003,31.372694,31.353346,31.093506,30.780012,30.405867,30.243958,30.449667,30.706377,30.464373,30.165506,30.361158,31.191475,31.577124,32.066124,32.29385,32.328938,32.384937,32.516884,32.575485,32.526802,32.467133,32.43545,32.438637,32.496025,32.686676,32.80258,32.748947,32.73526,32.857597,32.927685,32.90419,32.989086,33.101242,33.204723,33.285667,33.336346,33.33948,33.32312,33.36799,33.437874,33.204796
16.916672,,,,,,,,,,,,,,,,,,,,,,,,,,,,,,,,,,,,,,,,,,,,,,,,,,,,,,,,,,,,,,,,,,,,,,,,,,,36.233757,36.19804,36.200832,36.210426,36.219532,36.23518,36.252686,36.274376,36.25773,36.23773,36.213108,36.17659,36.12254,36.093025,36.08563,36.101784,36.138126,36.200954,36.18362,36.163055,36.172153,36.180992,36.186695,36.190426,36.171097,36.150837,36.147804,36.138603,36.169773,36.194836,36.198463,36.231342,36.274143,36.271427,36.22667,36.184616,36.14786,36.118813,36.105976,36.09008,36.098083,36.159557,36.194584,36.19903,36.235622,36.284016,36.317543,36.335297,36.33012,36.309525,36.282043,36.261116,36.237984,36.208054,36.182426,36.168198,36.16664,36.155807,36.131065,36.093674,36.08117,36.099052,36.116146,36.117523,36.130375,36.147717,36.15471,36.15245,36.150375,36.149002,36.148262,36.144096,36.145226,36.153965,36.16784,36.198086,36.240963,36.27766,36.274773,36.19281,36.042492,35.884396,35.77887,35.76328,35.778103,35.82752,35.89949,36.060497,36.089214,36.033943,35.975334,36.051212,36.129852,36.116917,36.085503,36.058926,36.03639,36.027153,36.013058,36.008133,36.007313,36.010582,36.02386,36.040405,36.061523,36.085556,36.10504,36.11858,36.126137,36.102127,36.031895,36.027863,36.04617,36.06585,36.111504,36.19448,36.245872,36.253674,36.235657,36.190304,36.147583,36.099556,36.073616,36.091656,36.15005,36.25963,36.38433,36.418343,36.44036,36.461002,36.40247,36.24277,36.255966,36.33408,36.273033,36.143856,36.14437,36.236427,36.33459,36.363422,36.29136,36.258335,36.26339,36.261898,36.256115,36.260883,36.278076,36.29722,36.31235,36.31909,36.31788,36.31213,36.298435,36.279087,36.251404,36.222046,36.19058,36.159035,36.13101,36.097927,36.0605,36.019527,35.99044,35.98042,36.008907,36.08546,36.220177,36.33791,36.311028,36.15182,36.04053,36.046444,36.13453,36.220608,36.287586,36.34878,36.382767,36.383774,36.372303,36.346985,36.349262,36.37052,36.38561,36.357395,36.31814,36.280777,36.23641,36.172894,36.116295,35.987747,35.631317,35.407345,35.39387,35.394478,35.46985,35.484283,35.51962,35.53738,35.59289,35.627773,35.65057,35.669125,35.686745,35.685116,35.674038,35.65247,35.626865,35.596012,35.555363,35.512,35.490147,35.47738,35.46411,35.495014,35.659576,35.95501,36.14706,36.325157,36.063206,35.715336,35.532124,35.41663,35.384495,35.384735,35.341183,35.28223,35.22841,35.18261,35.144196,35.113567,35.080875,35.0974,35.130836,35.149685,,,,,,,,,,,,,,,,,,,,,,,,,,,,,,,,,,,,,,,,,,,,,,,,,,,,,,,,,,,,,,,,,,,,,,,,,,,,,,,,,,,,,,,,,,,,,,,,,,,,,,,,,,,,,28.69663,28.318407,28.366877,28.955297,29.511866,31.674078,33.247986,33.669662,33.73394,33.81642,33.722878,33.730576,33.645138,33.62002,33.657784,33.695705,33.776203,33.852295,33.909412,33.948742,33.95532,33.95785,33.97447,33.98887,33.999428,33.99942,33.98875,33.950115,33.836933,33.69103,33.588345,33.558407,33.585823,33.65417,33.731297,33.812786,33.828796,33.72297,33.52411,33.336903,33.191303,33.016693,32.809387,32.552723,32.302517,32.008976,31.798267,31.672714,31.684446,31.769768,31.84142,31.585258,31.150156,30.845764,30.802608,30.673813,30.51198,30.624714,30.742386,30.72636,30.731268,30.851236,31.21555,31.343649,31.315449,31.133846,30.741468,30.283018,30.42345,30.583397,30.409737,30.15442,30.304811,31.233915,31.59769,32.07942,32.29391,32.32106,32.39709,32.521675,32.583576,32.543816,32.47364,32.459274,32.43173,32.432438,32.536446,32.667583,32.782806,32.888363,32.935284,32.883152,32.90072,33.07658,33.32244,33.420715,33.461918,33.476086,33.467964,33.433617,33.42628,33.43705,33.26809
16.833336,,,,,,,,,,,,,,,,,,,,,,,,,,,,,,,,,,,,,,,,,,,,,,,,,,,,,,,,,,,,,,,,,,,,,,,,,36.202393,36.208355,36.207977,36.200447,36.221355,36.239567,36.23932,36.234898,36.25451,36.279633,36.275135,36.25295,36.21059,36.14727,36.11759,36.120842,36.15394,36.20085,36.21448,36.185177,36.128307,36.14043,36.144325,36.140965,36.160244,36.178493,36.194828,36.201626,36.176258,36.14968,36.167408,36.22073,36.23416,36.25151,36.281746,36.275803,36.23049,36.19241,36.164288,36.14211,36.128952,36.106586,36.095753,36.155827,36.204227,36.221992,36.272877,36.33645,36.373272,36.37915,36.351192,36.315426,36.28713,36.268654,36.242985,36.209793,36.17963,36.16328,36.15811,36.144814,36.115597,36.08186,36.0751,36.096123,36.1112,36.117058,36.135475,36.150696,36.152294,36.151527,36.150177,36.150536,36.151325,36.152008,36.16296,36.186295,36.22149,36.26815,36.305084,36.307243,36.24887,36.12473,35.964092,35.832317,35.78845,35.822483,35.889786,36.047756,36.10254,36.118275,36.091217,35.99249,35.974907,36.060913,36.09766,36.04393,36.02566,36.012768,35.99731,36.001152,35.98723,35.993935,36.00313,36.015396,36.032997,36.048214,36.063408,36.07725,36.09315,36.11069,36.12416,36.092808,36.064274,36.086075,36.112083,36.148914,36.254322,36.364594,36.45353,36.492012,36.502922,36.489227,36.42223,36.315254,36.208927,36.13042,36.09886,36.121548,36.18996,36.34646,36.458656,36.470287,36.40345,36.246372,36.23966,36.341705,36.326195,36.18249,36.13932,36.22349,36.33476,36.389687,36.32473,36.264675,36.255817,36.251545,36.229992,36.210545,36.217876,36.22557,36.235283,36.247276,36.251247,36.250847,36.249325,36.245197,36.242493,36.23618,36.22481,36.211357,36.195896,36.167732,36.128796,36.08181,36.046658,36.044556,36.087986,36.179222,36.339767,36.349766,36.235516,36.070312,36.01408,36.06713,36.16821,36.246387,36.292583,36.32183,36.35752,36.369236,36.36201,36.356476,36.382496,36.417397,36.41166,36.347916,36.298363,36.26397,36.21616,36.165714,36.07063,35.837437,35.574665,35.53149,35.423866,35.47759,35.58551,35.594097,35.648247,35.69737,35.744446,35.758984,35.77977,35.78323,35.750626,35.706215,35.660255,35.623665,35.60243,35.585228,35.561317,35.534958,35.500057,35.475834,35.47168,35.490845,35.630314,35.827847,36.096478,36.148224,35.78969,35.56936,35.520996,35.407276,35.364788,35.36741,35.35542,35.3229,35.27361,35.232056,35.187057,35.13923,35.096874,35.09707,35.105938,35.12201,,,,,,,,,,,,,,,,,,,,,,,,,,,,,,,,,,,,,,,,,,,,,,,,,,,,,,,,,,,,,,,,,,,,,,,,,,,,,,,,,,,,,,,,,,,,,,,,,,,,,,,,,,,,,,28.920883,28.913876,29.638031,30.065706,32.33635,33.307117,33.273945,33.369495,33.551,33.426594,33.616615,33.659946,33.460804,33.39183,33.42118,33.446907,33.538868,33.67422,33.790127,33.880375,33.928963,33.97205,34.00794,34.036045,34.05971,34.07901,34.090702,34.09449,34.074924,34.04864,34.015198,33.999287,34.019207,34.026344,34.02315,33.980495,33.87723,33.747272,33.628082,33.430405,33.097466,32.736217,32.37383,32.058178,31.80509,31.572521,31.439373,31.47744,31.56932,31.737175,31.623137,31.291206,30.978262,30.831472,30.718721,30.56702,30.549572,30.694786,30.718342,30.686483,30.645182,30.756334,31.084337,31.29369,31.26013,31.036139,30.66717,30.49195,30.452518,30.310722,30.164942,30.38362,31.433203,31.627535,32.13959,32.319096,32.33019,32.412216,32.51228,32.54058,32.530033,32.48379,32.46211,32.45224,32.440403,32.49564,32.5873,32.65769,32.72939,32.756744,32.786858,33.147522,33.420506,33.564434,33.582443,33.562225,33.529243,33.49154,33.46313,33.437763,33.42708,33.35965
16.75,,,,,,,,,,,,,,,,,,,,,,,,,,,,,,,,,,,,,,,,,,,,,,,,,,,,,,,,,,,,,,,,,,,,,36.233334,36.200516,36.21451,36.223526,36.226295,36.267593,36.27548,36.28038,36.297947,36.314724,36.308735,36.281048,36.288677,36.300297,36.292988,36.25198,36.186428,36.134228,36.13478,36.17255,36.23878,36.256496,36.201534,36.14638,36.121815,36.106556,36.108383,36.10733,36.108643,36.121437,36.157845,36.188957,36.192844,36.173687,36.166576,36.220387,36.26358,36.26893,36.287918,36.28242,36.23624,36.203194,36.182114,36.168694,36.154167,36.112446,36.08667,36.14795,36.196636,36.221954,36.28419,36.35559,36.392456,36.38195,36.3543,36.32286,36.295376,36.27781,36.25208,36.215885,36.1807,36.15882,36.15146,36.1336,36.102283,36.071438,36.06766,36.094463,36.111717,36.119385,36.139473,36.152718,36.151905,36.153,36.155167,36.15783,36.161034,36.16959,36.194157,36.235344,36.283295,36.326073,36.338882,36.30315,36.21367,36.081135,35.943157,35.859985,35.887543,36.025772,36.125526,36.172993,36.164936,36.10209,36.047554,35.96563,35.99869,36.054935,36.04344,35.984325,35.989033,35.98478,35.98403,35.989456,35.98164,35.99616,35.99848,36.005196,36.016846,36.026646,36.046387,36.070625,36.10224,36.128765,36.122917,36.111103,36.134052,36.15714,36.17985,36.266193,36.381207,36.48205,36.55726,36.580772,36.620003,36.62364,36.623337,36.602654,36.461525,36.318096,36.20953,36.14091,36.127346,36.1828,36.3202,36.455193,36.442295,36.274536,36.224644,36.341915,36.374073,36.235947,36.14085,36.1976,36.312134,36.42001,36.411724,36.332623,36.278545,36.273167,36.243477,36.23687,36.2419,36.24844,36.256317,36.26391,36.275394,36.28292,36.288593,36.292454,36.29306,36.289284,36.292553,36.30083,36.293125,36.268272,36.229168,36.1782,36.136307,36.13675,36.164528,36.259155,36.35062,36.324055,36.161972,36.056168,36.02452,36.112885,36.214054,36.28538,36.323666,36.34417,36.365417,36.365757,36.36805,36.384785,36.423676,36.458206,36.40342,36.31825,36.271133,36.245358,36.20582,36.136234,35.97822,35.767193,35.743023,35.698082,35.462914,35.597748,35.704014,35.705452,35.749035,35.809967,35.836758,35.850895,35.83257,35.77252,35.70279,35.635597,35.571495,35.534073,35.526974,35.526283,35.52855,35.525932,35.507256,35.485947,35.497585,35.506077,35.629105,35.759644,35.93897,35.721867,35.519333,35.493927,35.45572,35.36671,35.35343,35.36009,35.357826,35.34594,35.304802,35.267624,35.21894,35.16125,35.115788,35.096317,35.081573,35.0994,,,,,,,,,,,,,,,,,,,,,,,,,,,,,,,,,,,,,,,,,,,,,,,,,,,,,,,,,,,,,,,,,,,,,,,,,,,,,,,,,,,,,,,,,,,,,,,,,,,,,,,,,,,,,,29.592276,29.738123,30.552376,31.080956,32.70027,32.79237,32.791782,32.979942,33.090355,32.983093,33.167557,33.292774,33.13157,33.083775,33.16885,33.29198,33.394028,33.522396,33.62173,33.69211,33.750114,33.80399,33.847946,33.883896,33.926964,33.97785,34.026314,34.071823,34.10763,34.12798,34.14402,34.14562,34.14325,34.141407,34.137596,34.116375,34.019722,33.887123,33.56394,33.073784,32.579193,32.14045,31.809546,31.58544,31.44866,31.28849,31.201017,31.212202,31.397522,31.657143,31.770042,31.52359,31.21461,30.976965,30.782038,30.620615,30.584246,30.72653,30.82418,30.794954,30.629305,30.474012,30.583227,30.873835,31.05758,31.168024,31.043423,30.841698,30.775454,30.617832,30.57715,30.86739,31.615423,31.670782,32.18333,32.34942,32.331665,32.420105,32.50181,32.491463,32.47158,32.481438,32.45579,32.453106,32.430958,32.443134,32.471256,32.498997,32.603928,32.922176,33.31277,33.60773,33.6429,33.6274,33.59826,33.55308,33.50056,33.447792,33.407295,33.3882,33.365646,33.341835
16.666672,,,,,,,,,,,,,,,,,,,,,,,,,,,,,,,,,,,,,,,,,,,,,,,,,,,,,,,,,,,,,,,,,,36.24246,36.208046,36.221653,36.223927,36.24177,36.27697,36.282917,36.295364,36.314556,36.316418,36.320446,36.323177,36.318928,36.304317,36.29226,36.29474,36.29406,36.27715,36.228374,36.16274,36.135143,36.156982,36.222893,36.275616,36.229534,36.160824,36.12699,36.10538,36.11529,36.123837,36.12548,36.114872,36.1008,36.094414,36.12507,36.186695,36.185368,36.170143,36.2053,36.275986,36.285706,36.293304,36.289604,36.24716,36.21206,36.199722,36.19325,36.176834,36.115643,36.075645,36.140194,36.183956,36.211216,36.271023,36.347866,36.3867,36.369473,36.35011,36.332882,36.29735,36.282787,36.261044,36.225243,36.186474,36.15747,36.14418,36.124767,36.092438,36.06199,36.06229,36.093975,36.111443,36.121876,36.143383,36.153526,36.15379,36.157463,36.16017,36.163773,36.169456,36.181767,36.216255,36.267555,36.319588,36.35391,36.34241,36.28508,36.191086,36.074036,35.956272,35.89796,35.94198,36.06896,36.155285,36.14902,36.10643,36.05486,36.01461,35.968388,36.004116,36.031822,35.97574,35.92834,35.949856,35.93721,35.95021,35.943733,35.937683,35.946743,35.943184,35.965054,35.99386,36.02855,36.070076,36.113956,36.148293,36.16641,36.189617,36.21202,36.228584,36.248116,36.306393,36.416428,36.514416,36.582336,36.612835,36.623753,36.62039,36.61447,36.613808,36.624744,36.631847,36.58125,36.388622,36.24473,36.16257,36.15783,36.208588,36.321693,36.381516,36.262184,36.208363,36.33997,36.402317,36.28217,36.149418,36.16314,36.2486,36.369205,36.4473,36.418747,36.355392,36.303085,36.26351,36.25124,36.262634,36.28038,36.304573,36.3233,36.33791,36.34882,36.354107,36.3563,36.360245,36.360424,36.36936,36.376633,36.381287,36.37214,36.35065,36.316105,36.276226,36.27402,36.269814,36.329098,36.36043,36.265953,36.155758,36.077236,36.056797,36.15885,36.243706,36.30417,36.347492,36.36072,36.371887,36.376793,36.39336,36.43387,36.484455,36.479645,36.36374,36.266697,36.225872,36.21795,36.181614,36.080482,35.9082,35.829594,35.92152,35.750744,35.53469,35.709988,35.761795,35.796154,35.893963,35.93883,35.933712,35.92861,35.888092,35.803093,35.71897,35.63568,35.549854,35.521442,35.50944,35.497593,35.499325,35.50153,35.506508,35.50477,35.515465,35.524162,35.59621,35.628635,35.64107,35.462467,35.44275,35.457066,35.4104,35.326775,35.318584,35.338802,35.34605,35.348427,35.314777,35.276688,35.22847,35.166275,35.119247,35.092106,35.071583,35.0871,35.11274,,,,,,,,,,,,,,,,,,,,,,,,,,,,,,,,,,,,,,,,,,,,,,,,,,,,,,,,,,,,,,,,,,,,,,,,,,,,,,,,,,,,,,,,,,,,,,,,,,,,,,,,,,,,29.799572,30.129469,30.962006,31.740639,31.771051,32.815273,32.68478,32.80047,32.86083,32.886753,32.85652,32.956505,33.027565,33.01288,33.070766,33.206673,33.33084,33.425938,33.498573,33.552467,33.60117,33.649517,33.691875,33.73344,33.77131,33.814445,33.859573,33.908348,33.96491,34.025566,34.08157,34.13152,34.170006,34.183464,34.18916,34.170116,34.042763,33.683147,33.16444,32.621994,32.11415,31.71208,31.451483,31.281456,31.164587,31.09372,31.03885,31.035574,31.072533,31.224611,31.491453,31.707468,31.577145,31.20744,30.94006,30.759727,30.674349,30.679277,30.84789,30.97541,30.926582,30.656338,30.36996,30.283737,30.435509,30.67053,30.96983,31.250202,31.37438,31.317238,31.206818,31.167376,31.564356,31.552845,31.751287,32.245327,32.389084,32.350113,32.42337,32.50276,32.46065,32.46031,32.46807,32.462627,32.443073,32.435898,32.441853,32.477406,32.70408,33.088455,33.467255,33.645443,33.6438,33.64189,33.631657,33.60556,33.56071,33.51071,33.465164,33.44006,33.439426,33.469597,33.499146
16.583336,,,,,,,,,,,,,,,,,,,,,,,,,,,,,,,,,,,,,,,,,,,,,,,,,,,,,,,,,,,,,,,,36.223297,36.222626,36.21841,36.22169,36.23981,36.24441,36.25938,36.268597,36.27856,36.29404,36.303463,36.311127,36.315796,36.319626,36.30388,36.267857,36.260242,36.26658,36.272095,36.260693,36.215794,36.15255,36.13972,36.186104,36.25511,36.243885,36.15356,36.13503,36.124187,36.134583,36.15456,36.161842,36.16335,36.160973,36.148197,36.11658,36.093414,36.11386,36.184612,36.17594,36.186752,36.26266,36.29987,36.29837,36.297283,36.268864,36.229176,36.216034,36.21482,36.19123,36.110603,36.069813,36.129032,36.167538,36.192997,36.242916,36.31219,36.355198,36.3542,36.351192,36.32969,36.291275,36.279343,36.263256,36.234325,36.19341,36.156338,36.138695,36.116787,36.082626,36.054043,36.054512,36.087498,36.109066,36.123913,36.144768,36.155563,36.157604,36.161957,36.16263,36.165997,36.169483,36.18133,36.217728,36.271843,36.327557,36.355846,36.33673,36.27032,36.17727,36.07889,35.985683,35.935684,35.973724,36.08154,36.13996,36.095055,36.054832,36.031532,35.9879,35.9586,35.9905,35.97953,35.92239,35.908985,35.91856,35.918148,35.922607,35.91658,35.91708,35.941555,35.97735,36.024494,36.073933,36.11869,36.15683,36.188297,36.22931,36.279297,36.321434,36.34986,36.375072,36.42053,36.50031,36.58683,36.637238,36.657555,36.65415,36.636734,36.594116,36.569595,36.55463,36.57066,36.606033,36.629013,36.59637,36.407932,36.24967,36.179356,36.17954,36.23635,36.295067,36.230175,36.192486,36.28015,36.408936,36.347286,36.171864,36.142128,36.181984,36.243725,36.354916,36.407394,36.37422,36.30473,36.258884,36.24911,36.2505,36.25753,36.273342,36.288185,36.28795,36.281254,36.26429,36.252125,36.252262,36.26148,36.281773,36.294495,36.311428,36.331112,36.348537,36.35717,36.340816,36.32263,36.31379,36.33001,36.316223,36.23956,36.153496,36.07217,36.084526,36.18436,36.25206,36.31741,36.365726,36.37706,36.39314,36.4127,36.44545,36.505657,36.54604,36.46618,36.32347,36.22639,36.17641,36.17421,36.13009,36.0281,35.931408,35.99173,36.084095,35.832798,35.649677,35.78777,35.826653,35.918884,36.039135,36.06205,36.056316,36.027725,35.920673,35.805458,35.73559,35.6318,35.550198,35.54071,35.505737,35.467316,35.4659,35.47579,35.486496,35.493813,35.49982,35.506855,35.519093,35.49986,35.461395,35.387604,35.402695,35.39242,35.361668,35.305313,35.29818,35.311,35.320488,35.322235,35.305283,35.273224,35.220795,35.15816,35.111748,35.074753,35.06029,35.070274,35.09446,,,,,,,,,,,,,,,,,,,,,,,,,,,,,,,,,,,,,,,,,,,,,,,,,,,,,,,,,,,,,,,,,,,,,,,,,,,,,,,,,,,,,,,,,,,,,,,,,,,,,,,,,,,,29.666874,30.27353,31.762457,32.6387,32.035984,32.890446,32.70163,32.804317,32.759697,32.750977,32.78941,32.86532,32.930496,33.027138,33.17638,33.274014,33.26688,33.22292,33.207336,33.204147,33.254166,33.354385,33.470932,33.584972,33.692593,33.76993,33.83206,33.883186,33.933952,33.9967,34.06869,34.147175,34.146107,34.155304,34.134846,33.773712,33.196083,32.67352,32.155712,31.805073,31.590384,31.443796,31.328949,31.197586,31.079079,31.015305,31.036728,31.064636,31.067652,31.141277,31.338348,31.5634,31.56982,31.294682,31.078688,30.985476,30.89552,30.850924,31.0308,31.123922,30.998873,30.64981,30.352558,30.207104,30.200254,30.390013,30.714367,31.049002,31.383543,31.65419,31.743275,31.6628,31.978714,31.512215,31.840725,32.310455,32.42805,32.373974,32.438156,32.555656,32.517067,32.5388,32.596268,32.61847,32.647552,32.662018,32.762184,32.94436,33.185867,33.435596,33.561512,33.560448,33.547512,33.540142,33.57972,33.609646,33.59191,33.572826,33.547157,33.517887,33.49421,33.471786,33.409187
16.5,,,,,,,,,,,,,,,,,,,,,,,,,,,,,,,,,,,,,,,,,,,,,,,,,,,,,,,,,,,,,36.223633,36.214046,36.226326,36.224304,36.22695,36.223244,36.224182,36.238647,36.241383,36.239365,36.234707,36.242172,36.256214,36.281254,36.30547,36.31718,36.314495,36.284977,36.261333,36.260887,36.26174,36.266075,36.24916,36.19724,36.14669,36.15588,36.219135,36.26168,36.173443,36.151237,36.149197,36.14854,36.159786,36.15927,36.15741,36.15824,36.160675,36.16237,36.164436,36.129818,36.095333,36.14687,36.18446,36.17764,36.23135,36.30078,36.308117,36.30824,36.293102,36.25842,36.243828,36.23598,36.190853,36.09476,36.065178,36.115116,36.1483,36.170395,36.207188,36.264626,36.308376,36.32466,36.34434,36.325634,36.28646,36.273167,36.25987,36.240353,36.20183,36.159092,36.13425,36.10902,36.074245,36.044994,36.046795,36.079617,36.099266,36.11732,36.142242,36.155445,36.157978,36.16322,36.16342,36.166786,36.168423,36.176273,36.205185,36.252533,36.30676,36.346264,36.338795,36.274223,36.1788,36.08654,36.008553,35.96631,36.002342,36.094757,36.128254,36.052082,35.999016,36.00365,35.970844,35.958492,35.978966,35.957417,35.91584,35.918583,35.944237,35.950485,35.96558,35.974445,36.01285,36.073414,36.121727,36.169273,36.205364,36.22616,36.24423,36.29139,36.3659,36.435345,36.486588,36.524944,36.566555,36.607353,36.652496,36.666943,36.665344,36.652855,36.61231,36.559547,36.498684,36.45003,36.42233,36.462112,36.520706,36.58627,36.622784,36.571507,36.379482,36.249794,36.198578,36.20575,36.262558,36.23921,36.21135,36.26542,36.37171,36.429035,36.276264,36.169083,36.14843,36.162754,36.201157,36.2529,36.278076,36.26118,36.22647,36.21709,36.22413,36.228252,36.225933,36.225525,36.21329,36.19427,36.16621,36.153576,36.160503,36.18584,36.22441,36.253445,36.266228,36.269432,36.275238,36.280487,36.27174,36.260216,36.26079,36.280293,36.260963,36.21487,36.13399,36.05952,36.09092,36.203175,36.26935,36.347977,36.39258,36.40357,36.43698,36.470802,36.52855,36.585873,36.559544,36.454556,36.34929,36.234173,36.158554,36.151974,36.11847,36.03255,35.988262,36.0973,36.14321,35.908825,35.66811,35.823215,35.854282,36.00888,36.15753,36.19262,36.15935,36.06465,35.920567,35.83421,35.78949,35.689125,35.606483,35.58128,35.52746,35.472233,35.46195,35.450638,35.4425,35.446857,35.44196,35.43589,35.426006,35.404434,35.379585,35.377804,35.390766,35.38227,35.352776,35.29178,35.286957,35.293667,35.299133,35.29374,35.284554,35.258316,35.213352,35.145107,35.08589,35.057835,35.05266,35.065784,35.087143,,,,,,,,,,,,,,,,,,,,,,,,,,,,,,,,,,,,,,,,,,,,,,,,,,,,,,,,,,,,,,,,,,,,,,,,,,,,,,,,,,,,,,,,,,,,,,,,,,,,,,,,,,,30.042408,30.285524,30.724434,32.681606,32.632954,32.32111,32.98437,32.774296,32.844604,32.753193,32.76083,32.783104,32.84725,32.95812,33.030056,32.915623,32.767307,32.615402,32.45063,32.382805,32.3455,32.381397,32.53818,32.753426,32.979355,33.202427,33.438744,33.677288,33.83947,33.932674,33.99886,34.08472,34.14327,33.93751,33.829792,33.395706,32.826054,32.374924,31.984716,31.716263,31.613073,31.48554,31.265894,31.073496,30.989138,30.983747,31.002735,31.090136,31.147926,31.180677,31.201094,31.261791,31.438528,31.61826,31.549826,31.475235,31.306982,31.150663,31.05672,31.186977,31.246008,31.037601,30.62903,30.345375,30.201525,30.17039,30.263079,30.506514,30.846096,31.281477,31.598463,31.793411,31.60301,31.833704,31.462059,31.93833,32.386482,32.469654,32.41054,32.42379,32.612534,32.726906,32.739887,32.852905,32.86776,32.847176,32.81397,32.853767,32.938316,33.01999,33.129242,33.29911,33.349674,33.3046,33.24733,33.29877,33.41369,33.41845,33.41489,33.40656,33.342213,33.269524,33.138977,32.969517
16.416672,,,,,,,,,,,,,,,,,,,,,,,,,,,,,,,,,,,,,,,,,,,,,,,,,,,,,,,,,,,36.220688,36.20799,36.19852,36.227856,36.236996,36.229256,36.224285,36.216187,36.219585,36.227318,36.229023,36.226784,36.227207,36.234123,36.246944,36.273773,36.299793,36.31057,36.31302,36.286285,36.26497,36.258785,36.255356,36.24334,36.21716,36.171936,36.148884,36.180134,36.253895,36.255222,36.17785,36.164707,36.153927,36.162537,36.151146,36.14487,36.143383,36.144543,36.14588,36.14615,36.15363,36.158455,36.117844,36.10619,36.174263,36.17995,36.19889,36.276268,36.312874,36.313812,36.312313,36.287045,36.265736,36.242203,36.174175,36.077026,36.057705,36.098274,36.127583,36.144524,36.16711,36.210632,36.25273,36.27917,36.312195,36.31313,36.290638,36.266727,36.253506,36.24086,36.20967,36.16307,36.131775,36.10337,36.06712,36.04006,36.040283,36.069557,36.088696,36.110752,36.136898,36.15203,36.157307,36.16338,36.165474,36.16943,36.169216,36.171394,36.18946,36.22376,36.269104,36.314915,36.33374,36.296555,36.210537,36.116764,36.044205,36.005413,36.02708,36.100956,36.1328,36.035828,35.95052,35.98028,35.967155,35.954464,35.970337,35.963615,35.928898,35.952236,35.98452,36.00524,36.04857,36.08944,36.13707,36.19218,36.23544,36.280094,36.305756,36.324356,36.36455,36.442886,36.5199,36.582253,36.62094,36.639057,36.646313,36.644535,36.63776,36.626595,36.61356,36.57894,36.521717,36.46253,36.416626,36.378536,36.360493,36.35133,36.41202,36.495,36.57411,36.58962,36.479362,36.326004,36.237778,36.207935,36.22981,36.245068,36.26156,36.318447,36.39874,36.486217,36.447456,36.271626,36.20771,36.187553,36.140163,36.136192,36.146767,36.159042,36.161118,36.174084,36.19479,36.211754,36.21102,36.19469,36.168655,36.14123,36.117256,36.11012,36.131393,36.176178,36.23582,36.28668,36.305237,36.31492,36.317272,36.30362,36.28901,36.274654,36.27295,36.278603,36.275288,36.228416,36.123882,36.055683,36.097237,36.217594,36.291348,36.38193,36.42503,36.45676,36.513817,36.560726,36.604206,36.570904,36.488857,36.43202,36.399998,36.311756,36.197895,36.1218,36.098606,36.05627,36.037582,36.12797,36.234333,36.01077,35.69092,35.828617,35.86552,36.041992,36.203342,36.257195,36.19647,36.049755,35.905594,35.85365,35.832436,35.769455,35.68907,35.64548,35.584927,35.5194,35.48766,35.459366,35.43725,35.43165,35.413956,35.401993,35.39762,35.381317,35.36986,35.35991,35.356262,35.366817,35.318935,35.272694,35.268044,35.274204,35.27825,35.273235,35.261967,35.233173,35.20106,35.14735,35.078384,35.048462,35.053272,35.068405,35.085705,,,,,,,,,,,,,,,,,,,,,,,,,,,,,,,,,,,,,,,,,,,,,,,,,,,,,,,,,,,,,,,,,,,,,,,,,,,,,,,,,,,,,,,,,,,,,,,,,,,,,,,,30.005518,29.93916,30.090973,30.556166,30.725574,31.410954,32.93771,32.695457,32.700676,33.03868,32.918125,32.905712,32.80566,32.828003,32.82715,32.88982,32.81254,32.503025,32.14976,31.94027,31.831665,31.739216,31.705555,31.685163,31.692238,31.763092,31.886265,32.05334,32.276352,32.61518,33.06088,33.489132,33.80498,33.95328,34.054813,34.06275,33.666107,33.136288,32.71692,32.395527,32.130722,31.96207,31.768715,31.46455,31.214046,31.058987,31.008108,31.018679,31.021727,31.105583,31.248957,31.375904,31.416903,31.365969,31.361712,31.472567,31.548233,31.509739,31.463999,31.366718,31.305069,31.305162,31.397776,31.351273,31.001942,30.579676,30.319204,30.192236,30.173233,30.231087,30.408718,30.77235,31.26124,31.568476,31.57681,31.399565,31.555744,31.507296,32.088467,32.47078,32.528786,32.463497,32.414055,32.44246,32.642998,32.770382,32.855663,32.92157,32.80006,32.65176,32.633274,32.639275,32.690628,32.74551,32.907543,33.008503,33.012367,33.012867,33.0175,33.084652,33.123802,33.094772,33.10707,33.08216,33.0453,32.955894,32.779335
16.333336,,,,,,,,,,,,,,,,,,,,,,,,,,,,,,,,,,,,,,,,,,,,,,,,,,,,,,,,,,36.25773,36.21213,36.17627,36.18226,36.21576,36.212646,36.228798,36.216415,36.214085,36.21811,36.218365,36.21945,36.22181,36.2231,36.225864,36.24093,36.270702,36.29448,36.305935,36.31424,36.290195,36.266647,36.25761,36.24445,36.214973,36.187378,36.16187,36.166775,36.23427,36.312553,36.316166,36.239353,36.17257,36.160458,36.144836,36.1368,36.13875,36.140106,36.13835,36.135166,36.136444,36.13919,36.15371,36.144775,36.099342,36.141068,36.183346,36.181393,36.235035,36.29892,36.313126,36.314865,36.29798,36.26581,36.21601,36.13366,36.062187,36.054245,36.08651,36.11048,36.12202,36.13134,36.156704,36.187332,36.210777,36.25502,36.283157,36.288097,36.267418,36.249184,36.238655,36.216114,36.168484,36.13035,36.096935,36.059216,36.032257,36.032955,36.059177,36.076187,36.099888,36.128498,36.145237,36.151142,36.160435,36.164738,36.17065,36.17132,36.170906,36.177296,36.19488,36.22546,36.268524,36.30529,36.307377,36.254776,36.171158,36.097473,36.05625,36.060543,36.113045,36.153996,36.05524,35.926304,35.944866,35.965237,35.961452,35.96494,35.96026,35.947773,35.97527,36.00439,36.025345,36.067764,36.117947,36.16054,36.207268,36.265175,36.33873,36.397396,36.4434,36.496532,36.558437,36.6078,36.635387,36.629986,36.610714,36.59026,36.58242,36.575108,36.566967,36.546543,36.514008,36.473534,36.434055,36.398388,36.372536,36.360264,36.332893,36.31598,36.397835,36.492317,36.543552,36.547443,36.4508,36.32641,36.24492,36.216187,36.219337,36.254948,36.336105,36.423813,36.514812,36.547226,36.487633,36.442924,36.310123,36.202736,36.180832,36.146896,36.097824,36.081715,36.08999,36.114414,36.152073,36.176586,36.173817,36.146206,36.115868,36.099026,36.1048,36.135494,36.189724,36.25546,36.309357,36.315216,36.334232,36.343567,36.33144,36.310066,36.2975,36.28802,36.28642,36.28029,36.230602,36.119606,36.057827,36.108784,36.226162,36.30449,36.41409,36.474194,36.533844,36.603832,36.612453,36.54266,36.417877,36.360744,36.366905,36.38562,36.387012,36.324368,36.21695,36.14664,36.10831,36.101406,36.162334,36.326725,36.092323,35.75166,35.828304,35.878986,35.998363,36.16221,36.246815,36.217,36.064915,35.89652,35.840237,35.835308,35.805595,35.75374,35.719738,35.679222,35.61376,35.570377,35.53058,35.501728,35.480865,35.45651,35.44026,35.427174,35.39395,35.365734,35.337723,35.312157,35.300518,35.28189,35.270042,35.26384,35.266,35.26466,35.25946,35.232403,35.183002,35.153927,35.130646,35.07301,35.03936,35.046432,35.05869,35.074364,,,,,,,,,,,,,,,,,,,,,,,,,,,,,,,,,,,,,,,,,,,,,,,,,,,,,,,,,,,,,,,,,,,,,,,,,,,,,,,,,,,,,,,,,,,,,,,,28.980032,29.037148,29.084694,29.15286,,,29.785381,29.866335,29.858099,29.986517,30.473831,30.925222,31.343493,32.391052,32.918312,32.754776,33.02851,33.053947,33.02735,32.978115,32.916534,32.872257,32.7939,32.52297,32.169598,31.831255,31.619392,31.557775,31.563765,31.577818,31.597845,31.612467,31.62621,31.628006,31.636745,31.659582,31.723597,31.8743,32.197643,32.732418,33.317783,33.75066,33.9676,33.991913,33.708286,33.286163,32.785458,32.435257,32.158672,31.893976,31.6004,31.331821,31.138212,31.071043,31.020767,31.06371,31.146223,31.289158,31.496904,31.66787,31.714472,31.689938,31.65711,31.626041,31.692654,31.766895,31.766232,31.695156,31.642889,31.626915,31.588913,31.341343,30.864332,30.490953,30.286877,30.176926,30.182419,30.228874,30.345217,30.704105,31.151918,31.424393,31.337776,31.383574,31.463772,31.637365,32.254784,32.556236,32.574112,32.544224,32.48878,32.431915,32.41487,32.513275,32.654613,32.78059,32.756847,32.592842,32.552612,32.553547,32.60428,32.646362,32.686855,32.718555,32.747066,32.829514,32.86615,32.86453,32.898144,32.888634,32.874138,32.856705,32.859894,32.856644,32.756042
16.25,,,,,,,,,,,,,,,,,,,,,,,,,,,,,,,,,,,,,,,,,,,,,,,,,,,,,,,,,36.20425,36.21433,36.17292,36.11548,36.140247,36.163136,36.16895,36.19538,36.20343,36.21075,36.217216,36.21767,36.211826,36.212246,36.204426,36.20409,36.226006,36.26042,36.28525,36.302795,36.315063,36.295544,36.273926,36.262127,36.242493,36.20888,36.18776,36.179585,36.211838,36.29061,36.35753,36.342735,36.224926,36.148075,36.141785,36.13933,36.136665,36.13718,36.13577,36.131332,36.12542,36.1217,36.130947,36.141262,36.150284,36.11712,36.10968,36.169743,36.181534,36.1979,36.26047,36.296906,36.29884,36.289066,36.255356,36.19576,36.120106,36.062046,36.053925,36.076435,36.095036,36.10076,36.09936,36.108593,36.123646,36.13324,36.180424,36.23761,36.275814,36.26841,36.249237,36.237755,36.219772,36.17443,36.130905,36.093098,36.05269,36.023956,36.022163,36.042847,36.0572,36.081974,36.11188,36.12969,36.1374,36.148796,36.15674,36.166573,36.172234,36.17448,36.178024,36.18275,36.195843,36.222954,36.258785,36.286934,36.27757,36.221874,36.149082,36.102707,36.106308,36.154327,36.198235,36.122868,35.956947,35.906803,35.938343,35.96277,35.976814,35.97885,35.96697,35.98511,36.009243,36.01758,36.038296,36.07548,36.118866,36.166546,36.25259,36.3793,36.486816,36.547745,36.572998,36.59755,36.61588,36.59388,36.573368,36.555065,36.55775,36.56086,36.555595,36.53809,36.51015,36.476265,36.43803,36.39642,36.34898,36.318092,36.308395,36.30826,36.2849,36.29146,36.366764,36.445095,36.49233,36.496952,36.43304,36.33753,36.264812,36.230247,36.235634,36.293743,36.37475,36.455833,36.505444,36.49821,36.4982,36.49886,36.476494,36.416107,36.297966,36.191765,36.141083,36.07905,36.054737,36.06303,36.08985,36.10299,36.100456,36.08994,36.10333,36.13535,36.182198,36.244167,36.30615,36.34861,36.364338,36.37131,36.37743,36.365944,36.34241,36.33019,36.318817,36.29986,36.287857,36.242306,36.12668,36.059063,36.10664,36.218407,36.298954,36.427418,36.51575,36.599632,36.641567,36.555508,36.384335,36.271873,36.2718,36.282146,36.290314,36.315174,36.32018,36.30891,36.285233,36.262375,36.267048,36.306477,36.39902,36.25706,35.915844,35.845154,35.90886,35.93403,36.076668,36.18592,36.22813,36.11685,35.911915,35.825123,35.814117,35.7925,35.757442,35.73742,35.738335,35.704712,35.675426,35.64433,35.618137,35.590595,35.57435,35.543297,35.51581,35.47682,35.434505,35.385876,35.327732,35.277714,35.255154,35.25314,35.256687,35.262302,35.26913,35.258106,35.20998,35.14079,35.10245,35.091515,35.064632,35.03389,35.037647,35.04149,35.059612,35.105015,,,,,,,,,,,,,,,,,,,,,,,,,,,,,,,,,,,,,,,,,,,,,,,,,,,,,,,,,,,,,,,,,,,,,,,,,,,,,,,,,,,,,,,,,,,,,,29.066114,29.245996,29.529022,29.647587,29.793072,29.890505,29.841215,29.80078,29.81302,29.890884,30.412783,31.055141,31.663227,32.34637,32.81975,32.780987,32.732765,32.948963,32.845432,32.83594,32.748463,32.649082,32.468197,32.169094,31.792076,31.617998,31.53768,31.543919,31.583838,31.642237,31.711035,31.758291,31.78461,31.803925,31.793194,31.765965,31.730425,31.697823,31.686913,31.765514,32.039825,32.598503,33.27847,33.771336,33.988304,33.92856,33.42943,32.746994,32.27123,32.06776,31.832863,31.525602,31.198359,31.00409,30.986334,31.01006,31.125162,31.250502,31.378254,31.635103,31.935091,32.117603,32.14948,32.125797,32.154457,32.250557,32.258663,32.075428,31.91699,31.851051,31.698158,31.483986,31.136724,30.677652,30.396378,30.242422,30.164026,30.192837,30.279175,30.409254,30.697426,31.033085,31.24686,31.236609,31.46437,31.436914,31.842766,32.441277,32.604126,32.6104,32.61839,32.576977,32.511326,32.435368,32.46315,32.5271,32.656754,32.74021,32.65106,32.551903,32.49788,32.530525,32.5694,32.620255,32.66301,32.70442,32.73561,32.77935,32.78121,32.762012,32.749516,32.7401,32.73424,32.747894,32.765747,32.74634
16.166672,,,,,,,,,,,,,,,,,,,,,,,,,,,,,,,,,,,,,,,,,,,,,,,,,,,,,,,,36.19371,36.20279,36.185905,36.128216,36.072697,36.113297,36.12599,36.12421,36.12906,36.14032,36.16068,36.17887,36.18349,36.171375,36.167652,36.16386,36.177658,36.208176,36.241737,36.270386,36.296963,36.317253,36.307014,36.287117,36.270893,36.244495,36.21342,36.204033,36.205013,36.248276,36.322674,36.37273,36.303997,36.16713,36.15196,36.142376,36.13742,36.130535,36.128345,36.127514,36.12612,36.120037,36.11233,36.11719,36.13058,36.14515,36.13663,36.10175,36.136303,36.18329,36.184807,36.217087,36.264744,36.275715,36.26024,36.224697,36.16845,36.104813,36.052876,36.040497,36.052242,36.066265,36.07102,36.069798,36.073505,36.076862,36.066032,36.10553,36.182972,36.2529,36.263954,36.247467,36.23622,36.222927,36.180748,36.133377,36.090942,36.048435,36.019375,36.01377,36.027832,36.035343,36.056946,36.08716,36.104404,36.11249,36.12424,36.133644,36.146355,36.16017,36.1714,36.18239,36.187355,36.190693,36.197594,36.214806,36.24314,36.265213,36.25511,36.201164,36.144176,36.141445,36.199337,36.249973,36.20099,36.03818,35.91768,35.902927,35.92467,35.955856,35.986416,35.99611,36.006935,36.02016,36.01581,36.01386,36.036983,36.072407,36.11962,36.224472,36.39785,36.54569,36.603035,36.594643,36.60193,36.581635,36.54663,36.550037,36.55478,36.566807,36.563694,36.538246,36.498737,36.450066,36.403976,36.364864,36.33365,36.291824,36.259216,36.24952,36.24985,36.259056,36.251465,36.25595,36.30225,36.36665,36.415585,36.43866,36.421333,36.3605,36.295815,36.266315,36.27724,36.31847,36.371284,36.41272,36.410797,36.41845,36.466007,36.52219,36.559486,36.558086,36.52698,36.415997,36.286217,36.211452,36.16131,36.13586,36.128407,36.12958,36.138103,36.17617,36.214207,36.26283,36.317825,36.36303,36.39073,36.41522,36.42171,36.414562,36.401382,36.37682,36.366432,36.34782,36.321964,36.30741,36.255135,36.13013,36.057346,36.08683,36.187447,36.25868,36.394947,36.512486,36.61096,36.63337,36.490986,36.291374,36.18801,36.185036,36.196037,36.195484,36.19789,36.185154,36.18266,36.192444,36.205784,36.212112,36.213444,36.247498,36.306576,36.14463,35.99118,35.97661,35.92127,35.992443,36.071705,36.200928,36.173073,35.95935,35.812828,35.797577,35.770588,35.74251,35.715187,35.726112,35.728176,35.728943,35.724075,35.715267,35.706688,35.69782,35.67365,35.64769,35.616085,35.576202,35.51133,35.417072,35.310562,35.25695,35.252537,35.254913,35.262173,35.276825,35.271164,35.225094,35.150875,35.102375,35.07943,35.05973,35.033253,35.03085,35.024963,35.036255,35.08243,,,,,,,,,,,,,,,,,,,,,,,,,,,,,,,,,,,,,,,,,,,,,,,,,,,,,,,,,,,,,,,,,,,,,,,,,,,,,,,,,,,,,,,,,,,,,,29.311872,29.672926,30.065361,30.18572,30.218561,30.037771,29.95427,29.839323,29.797913,30.143446,31.058323,31.837866,32.494183,32.796623,32.598816,32.552097,32.603577,32.48893,32.184044,32.101433,31.92011,31.86622,31.77605,31.64226,31.539291,31.537407,31.546724,31.600069,31.694359,31.827833,31.953678,32.02195,32.05917,32.07976,32.068966,32.03061,31.970303,31.898449,31.815714,31.754168,31.785992,32.053574,32.661915,33.360226,33.835796,34.000057,33.6211,32.957745,32.48456,32.168755,31.827162,31.476997,31.210836,31.061321,31.01368,31.042217,31.170198,31.284412,31.362303,31.568748,31.888416,32.241142,32.433537,32.49289,32.497425,32.431576,32.15415,31.899376,31.758688,31.653284,31.478485,31.21359,30.799126,30.470152,30.285986,30.18627,30.185963,30.359741,30.627636,30.832102,30.946148,31.121033,31.222178,31.223515,31.543999,31.427645,32.068344,32.540623,32.597027,32.61923,32.655636,32.640083,32.58701,32.485645,32.442085,32.57895,32.69513,32.698303,32.650513,32.565132,32.443848,32.447742,32.484535,32.571095,32.65227,32.71416,32.747456,32.767895,32.779472,32.767452,32.748085,32.725746,32.69848,32.68104,32.680294,32.671165
16.083336,,,,,,,,,,,,,,,,,,,,,,,,,,,,,,,,,,,,,,,,,,,,,,,,,,,,,,,,36.19759,36.196922,36.169712,36.106937,36.072216,36.123116,36.136417,36.13646,36.12009,36.102585,36.09973,36.11384,36.126846,36.114456,36.111736,36.12084,36.147884,36.180367,36.21379,36.2491,36.286194,36.31284,36.315018,36.30525,36.293217,36.276062,36.249477,36.233654,36.250484,36.290627,36.361256,36.382633,36.27782,36.151093,36.142597,36.13374,36.12411,36.12191,36.124413,36.127174,36.12852,36.12583,36.115337,36.109077,36.120785,36.13162,36.138645,36.115734,36.10763,36.158916,36.187447,36.194294,36.2231,36.24906,36.23866,36.198143,36.13855,36.08137,36.037582,36.02628,36.029663,36.038036,36.04626,36.050865,36.05582,36.050243,36.01628,36.037994,36.127018,36.224373,36.25499,36.24366,36.232525,36.224487,36.18718,36.137314,36.090763,36.04547,36.014915,36.005913,36.01477,36.01512,36.02932,36.055824,36.069782,36.077362,36.088608,36.096878,36.10845,36.12552,36.145084,36.168095,36.18732,36.198914,36.20141,36.202145,36.20842,36.22657,36.247467,36.245087,36.206738,36.172005,36.206207,36.260944,36.25491,36.135803,35.982517,35.914303,35.895943,35.91291,35.94416,35.980305,36.010345,36.021175,36.01551,36.000893,36.01668,36.0465,36.082085,36.19415,36.4004,36.580074,36.61275,36.58839,36.58396,36.541485,36.543312,36.555943,36.555805,36.55617,36.535366,36.493477,36.441643,36.38907,36.34583,36.31714,36.30118,36.270405,36.234573,36.21855,36.21979,36.227818,36.22986,36.22002,36.216488,36.23027,36.260445,36.316208,36.35905,36.383957,36.36885,36.335022,36.311676,36.313477,36.334873,36.3616,36.367313,36.366207,36.39354,36.451828,36.526356,36.576427,36.60264,36.59421,36.573032,36.519855,36.432587,36.369545,36.33339,36.30907,36.30344,36.308937,36.322643,36.355076,36.38828,36.41171,36.425293,36.43595,36.444363,36.44492,36.436623,36.4136,36.403442,36.381588,36.34663,36.332527,36.276104,36.144753,36.059418,36.062912,36.14477,36.194805,36.308094,36.448322,36.57144,36.62255,36.473766,36.23501,36.09341,36.077133,36.103935,36.092335,36.092407,36.057476,36.023125,35.995945,35.97619,35.95305,35.928516,35.954266,36.05437,36.144653,36.1672,36.076015,36.056713,35.97516,35.919228,36.07575,36.187325,36.05758,35.84296,35.796616,35.769073,35.753963,35.719982,35.711594,35.723618,35.7286,35.72926,35.738155,35.743347,35.74551,35.745567,35.738533,35.73519,35.723022,35.676075,35.552372,35.38,35.264854,35.255096,35.257717,35.265907,35.283413,35.293583,35.275414,35.217537,35.1635,35.116707,35.072395,35.039864,35.02537,35.013905,35.01641,35.05492,,,,,,,,,,,,,,,,,,,,,,,,,,,,,,,,,,,,,,,,,,,,,,,,,,,,,,,,,,,,,,,,,,,,,,,,,,,,,,,,,,,,,,,,,,,,,29.426922,29.680004,30.13607,30.325483,30.259985,30.25798,30.151693,30.07366,30.03667,30.13178,30.784523,31.86037,32.58105,32.848618,32.607094,32.27582,32.223087,32.09261,31.830894,31.73121,31.59673,31.499512,31.532255,31.550491,31.544712,31.566729,31.596745,31.645596,31.751045,31.9087,32.082645,32.214333,32.264473,32.287792,32.29869,32.297436,32.28459,32.236794,32.15362,32.04228,31.920456,31.81748,31.832024,32.182648,32.885956,33.52945,33.929714,33.94436,33.323704,32.692074,32.32542,32.01135,31.686834,31.367096,31.117132,31.02847,31.025137,31.1543,31.26124,31.294794,31.384195,31.593506,31.921926,32.14008,32.23826,32.089283,31.830553,31.583166,31.438139,31.346191,31.278702,31.070658,30.789522,30.502718,30.304413,30.20055,30.182644,30.331347,30.796097,31.265154,31.397379,31.32714,31.296484,31.25074,31.260303,31.53371,31.493034,32.147297,32.517548,32.464848,32.52841,32.603493,32.65741,32.642406,32.54386,32.434612,32.50503,32.632504,32.674625,32.646202,32.551037,32.459846,32.478386,32.504654,32.578854,32.66062,32.7202,32.769016,32.788174,32.79886,32.80478,32.797832,32.77409,32.73957,32.704456,32.68303,32.638138
16.0,,,,,,,,,,,,,,,,,,,,,,,,,,,,,,,,,,,,,,,,,,,,,,,,,,,,,,,,36.19346,36.19061,36.15686,36.094368,36.071037,36.113995,36.12834,36.122223,36.111248,36.112545,36.11056,36.110634,36.10954,36.102394,36.092834,36.091076,36.109203,36.144444,36.187748,36.226357,36.269043,36.304317,36.31521,36.31589,36.309963,36.308834,36.306416,36.297318,36.319294,36.347324,36.387695,36.378166,36.23998,36.158894,36.138943,36.121216,36.11684,36.11974,36.119984,36.122204,36.125546,36.12953,36.12586,36.11481,36.112587,36.121456,36.130978,36.126976,36.10451,36.122135,36.170013,36.19311,36.19976,36.21546,36.217796,36.190304,36.143005,36.090004,36.054947,36.041294,36.035152,36.034973,36.040596,36.044933,36.047287,36.028534,35.975624,35.97949,36.078037,36.200855,36.24918,36.240555,36.22984,36.225586,36.19372,36.143654,36.093327,36.044353,36.011402,35.997444,36.00258,35.99702,36.001236,36.021687,36.02964,36.03599,36.0472,36.053192,36.061695,36.077396,36.097115,36.125584,36.159084,36.190666,36.212395,36.221024,36.21627,36.20981,36.21507,36.234703,36.248352,36.234737,36.23304,36.249664,36.265602,36.21174,36.06997,35.954586,35.915283,35.89471,35.905235,35.933395,35.972763,35.99848,36.00178,35.989704,36.00865,36.035477,36.05738,36.171387,36.403378,36.60048,36.593956,36.578205,36.550953,36.538452,36.541447,36.547268,36.546043,36.541576,36.513073,36.470642,36.417614,36.36114,36.315838,36.28704,36.275753,36.259724,36.238914,36.22849,36.232063,36.241764,36.25031,36.250145,36.235546,36.217426,36.199715,36.201614,36.220615,36.276215,36.326,36.35184,36.35644,36.34889,36.349308,36.35819,36.364937,36.36859,36.38031,36.40525,36.479885,36.54288,36.594837,36.615673,36.61596,36.594612,36.570065,36.53792,36.49219,36.445423,36.40678,36.387707,36.39473,36.41211,36.423904,36.429794,36.430573,36.43424,36.4419,36.449062,36.450157,36.441597,36.42893,36.408764,36.378216,36.36575,36.314697,36.17749,36.06936,36.047012,36.10939,36.143433,36.206024,36.34592,36.50017,36.608337,36.50403,36.23686,36.04276,35.999386,36.016083,36.00804,36.00566,35.967133,35.911606,35.860844,35.80448,35.7447,35.71312,35.743385,35.80292,35.905914,35.998543,36.07325,36.1912,36.10277,35.871,35.827435,36.05779,36.12821,35.9424,35.79732,35.781715,35.777485,35.762497,35.75056,35.759922,35.756474,35.74959,35.736214,35.73312,35.730442,35.734657,35.742275,35.76053,35.785526,35.799706,35.72137,35.519077,35.318497,35.260643,35.260876,35.266064,35.285923,35.300335,35.30838,35.282864,35.235832,35.16949,35.100395,35.050617,35.018017,35.005688,35.004005,35.029083,,,,,,,,,,,,,,,,,,,,,,,,,,,,,,,,,,,,,,,,,,,,,,,,,,,,,,,,,,,,,,,,,,,,,,,,,,,,,,,,,,,,,,,,,,,,,29.655895,30.057055,30.408724,30.476414,30.459612,30.53017,30.524405,30.488892,30.564636,30.870415,31.652214,32.568726,32.884872,32.78658,32.473244,32.11406,31.884144,31.638624,31.511753,31.553017,31.493141,31.472782,31.541979,31.579512,31.593843,31.655596,31.720455,31.807392,31.957983,32.14157,32.303364,32.38384,32.38796,32.385517,32.37397,32.37325,32.38224,32.37225,32.334515,32.252926,32.1303,31.975157,31.829973,31.930616,32.471203,33.20057,33.77349,33.91319,33.36083,32.753883,32.449787,32.2014,31.928322,31.543228,31.174826,31.023954,30.9733,31.09935,31.221746,31.25844,31.250885,31.301119,31.436092,31.498783,31.502369,31.346369,31.183443,31.087933,30.988214,30.912378,30.8196,30.660843,30.470802,30.30719,30.20499,30.196905,30.302181,30.657448,31.303152,31.73632,31.822762,31.694248,31.494444,31.305326,31.455956,31.553097,31.481667,32.11508,32.34782,31.99833,32.194313,32.30768,32.55629,32.654972,32.59432,32.462097,32.442654,32.53362,32.615505,32.62434,32.57733,32.543407,32.584305,32.64079,32.68693,32.729843,32.76125,32.804764,32.81924,32.821095,32.829857,32.836372,32.82463,32.797485,32.7471,32.70969,32.66177
15.916672,,,,,,,,,,,,,,,,,,,,,,,,,,,,,,,,,,,,,,,,,,,,,,,,,,,,,,,,36.1924,36.186882,36.14754,36.089382,36.083206,36.120136,36.13044,36.105785,36.097652,36.095604,36.096092,36.100124,36.1054,36.109753,36.10799,36.099674,36.09505,36.110947,36.14837,36.198013,36.243347,36.28868,36.30814,36.31779,36.324657,36.31942,36.327915,36.33669,36.352974,36.371258,36.38695,36.33822,36.180138,36.158607,36.14371,36.119335,36.116394,36.118256,36.11492,36.114685,36.115795,36.122555,36.129395,36.127598,36.116653,36.116108,36.122402,36.12561,36.11203,36.10349,36.132324,36.176807,36.19822,36.200714,36.19638,36.18055,36.154167,36.121506,36.095287,36.074524,36.05494,36.041115,36.035694,36.031048,36.023823,35.994087,35.939667,35.937897,36.04736,36.18882,36.245472,36.237915,36.227703,36.226765,36.200516,36.152546,36.09956,36.046677,36.01065,35.991245,35.992764,35.983994,35.978455,35.99258,35.993977,35.997913,36.009506,36.01413,36.020508,36.033302,36.04792,36.070724,36.10377,36.14505,36.18711,36.221943,36.24022,36.233467,36.222363,36.21356,36.221615,36.24322,36.2669,36.280006,36.30016,36.270695,36.16288,36.00888,35.94139,35.905224,35.891266,35.903366,35.933037,35.966274,35.98145,35.981243,36.007435,36.02902,36.04464,36.165195,36.43057,36.608074,36.569965,36.562366,36.528915,36.53344,36.5341,36.54548,36.545174,36.53611,36.50763,36.465954,36.405865,36.339516,36.288143,36.253437,36.24826,36.24709,36.249424,36.256294,36.272697,36.29155,36.306225,36.317753,36.318626,36.303463,36.270283,36.22723,36.182858,36.17242,36.206356,36.256863,36.311424,36.349342,36.371586,36.37854,36.382607,36.39224,36.402332,36.40405,36.465744,36.54085,36.607525,36.636375,36.627636,36.60006,36.569344,36.537785,36.499302,36.461586,36.434822,36.4291,36.42523,36.41695,36.41006,36.406914,36.405067,36.40407,36.416447,36.434948,36.446762,36.45177,36.434864,36.428936,36.41922,36.400253,36.367607,36.26256,36.10532,36.04103,36.079983,36.11852,36.12768,36.23462,36.397568,36.573383,36.56463,36.301357,36.02486,35.91069,35.912,35.931366,35.945423,35.92509,35.862194,35.80665,35.730034,35.65431,35.630703,35.641068,35.670975,35.758854,35.870533,35.995205,36.15389,36.241158,35.933746,35.622955,35.717472,35.942276,36.014675,35.86805,35.806988,35.799866,35.78795,35.821136,35.84337,35.833866,35.812523,35.77784,35.73983,35.71519,35.705788,35.70062,35.723755,35.765278,35.822475,35.836765,35.700832,35.45394,35.29031,35.266384,35.268036,35.281395,35.286762,35.295776,35.290024,35.258503,35.19945,35.12731,35.070976,35.02094,34.994072,34.988197,35.000988,34.99338,,,,,,,,,,,,,,,,,,,,,,,,,,,,,,,,,,,,,,,,,,,,,,,,,,,,,,,,,,,,,,,,,,,,,,,,,,,,,,,,,,,,,,,,,,,29.726572,29.945024,30.415022,30.61634,30.681019,30.66093,30.904478,31.001413,30.947042,31.130018,31.52554,32.143967,32.65568,32.620155,32.541275,32.398983,32.13975,31.766022,31.490126,31.453266,31.471834,31.452549,31.432236,31.472258,31.516878,31.587183,31.714905,31.861012,31.994076,32.146755,32.303574,32.413223,32.43249,32.40757,32.387978,32.361874,32.353558,32.371975,32.382046,32.37095,32.32274,32.2683,32.17023,31.955019,31.835968,32.12558,32.87685,33.54408,33.829998,33.374878,32.720516,32.396595,32.267426,32.07347,31.655134,31.225067,31.037785,30.922901,30.990032,31.127398,31.207418,31.186148,31.147537,31.127512,31.091022,31.029182,30.917587,30.826637,30.751165,30.661224,30.591787,30.506319,30.405767,30.303549,30.219805,30.180134,30.294842,30.60205,31.147436,31.610556,31.754824,31.93275,31.971066,31.807732,31.600653,31.779167,31.375216,31.407276,32.054527,31.910843,31.28302,31.508198,31.592918,32.16786,32.52758,32.618343,32.528526,32.434647,32.447914,32.51349,32.571194,32.582485,32.617695,32.687496,32.7256,32.74684,32.776268,32.817646,32.85422,32.863876,32.863354,32.869442,32.877056,32.868557,32.84511,32.798016,32.74688,32.687042
15.833336,,,,,,,,,,,,,,,,,,,,,,,,,,,,,,,,,,,,,,,,,,,,,,,,,,,,,,,,36.190113,36.185783,36.139053,36.090263,36.09996,36.126114,36.12413,36.100384,36.101524,36.10077,36.09911,36.09747,36.096584,36.10002,36.10712,36.108032,36.105614,36.10074,36.1118,36.15439,36.208855,36.2653,36.293198,36.30148,36.324383,36.33624,36.33675,36.350548,36.36493,36.374645,36.363487,36.23815,36.16544,36.15349,36.13448,36.11704,36.11915,36.1228,36.121666,36.115402,36.110176,36.109848,36.117325,36.129696,36.130096,36.120174,36.1175,36.12262,36.117447,36.10241,36.104164,36.137875,36.180492,36.203156,36.199776,36.178474,36.155663,36.136612,36.121758,36.09838,36.06521,36.033825,36.012722,35.9964,35.981678,35.953114,35.916832,35.925453,36.044235,36.189423,36.243187,36.233913,36.22409,36.22716,36.207413,36.163197,36.10969,36.052616,36.013012,35.987522,35.98524,35.975777,35.962635,35.97097,35.96905,35.970158,35.980316,35.98432,35.99077,36.002617,36.01358,36.029503,36.05351,36.088257,36.133526,36.18068,36.225834,36.250553,36.25245,36.239178,36.21986,36.21116,36.22874,36.262863,36.309338,36.341614,36.263428,36.070343,35.944687,35.92075,35.88679,35.88441,35.90715,35.94443,35.9674,35.979404,36.01015,36.01913,36.03639,36.17783,36.47879,36.60363,36.552734,36.53291,36.51805,36.522327,36.5288,36.54564,36.54132,36.536404,36.513775,36.4765,36.41436,36.33903,36.274136,36.238464,36.22803,36.228306,36.239166,36.256763,36.28369,36.313686,36.338696,36.363995,36.38349,36.393017,36.38761,36.354008,36.291836,36.215595,36.160183,36.157963,36.19601,36.253197,36.318043,36.357536,36.38484,36.40762,36.419968,36.424343,36.490772,36.580093,36.642056,36.662663,36.644146,36.606094,36.564056,36.525444,36.489956,36.466557,36.448917,36.423077,36.39623,36.38191,36.382786,36.39206,36.397484,36.403206,36.41882,36.4385,36.454468,36.46186,36.461643,36.47142,36.45929,36.431427,36.406994,36.356148,36.20001,36.056,36.06125,36.10762,36.102596,36.150787,36.28288,36.483234,36.597424,36.4051,36.05482,35.843487,35.79769,35.824383,35.866848,35.892357,35.846443,35.796894,35.720108,35.648983,35.615543,35.593098,35.601425,35.670525,35.774883,35.923008,36.08163,36.169132,35.92355,35.552975,35.46135,35.529205,35.76667,35.893253,35.920895,35.841248,35.83706,35.88245,35.932972,35.94254,35.900475,35.856617,35.781605,35.717907,35.68243,35.668385,35.690193,35.73709,35.820812,35.887222,35.84261,35.619976,35.381783,35.287365,35.27393,35.28266,35.275043,35.26659,35.257706,35.237724,35.20263,35.15363,35.10179,35.049988,34.994514,34.970695,34.974808,34.96647,34.959637,34.967487,,,,,,,,,,,,,,,,,,,,,,,,,,,,,,,,,,,,,,,,,,,,,,,,,,,,,,,,,,,,,,,,,,,,,,,,,,,,,,,,,28.54555,28.53229,28.482313,28.466713,28.462769,,,29.512016,29.765057,30.229332,30.73009,30.879486,30.834284,30.698845,31.071423,31.235922,31.282309,31.462597,31.744495,32.072918,32.27135,32.192024,32.191303,32.244194,32.218037,31.863438,31.518656,31.430716,31.439949,31.450497,31.450312,31.433413,31.443144,31.486982,31.64813,31.928364,32.140858,32.273964,32.388138,32.44645,32.43483,32.422485,32.405712,32.380714,32.355648,32.35793,32.360928,32.335922,32.26981,32.254227,32.263935,32.09906,31.85861,31.895105,32.554688,33.270737,33.791416,33.353527,32.57284,32.16951,32.086964,31.95868,31.696962,31.286758,31.07124,30.91894,30.884111,30.97287,31.077606,31.102036,31.048594,30.965006,30.877153,30.783693,30.695944,30.626495,30.552486,30.46897,30.3992,30.340096,30.271915,30.224506,30.187778,30.216003,30.48943,31.03835,31.478092,31.455475,31.256636,31.472467,31.876238,31.916624,31.837538,31.831387,31.145452,31.307499,31.941814,31.531042,30.967367,30.968657,31.011288,31.588186,32.169804,32.530266,32.611988,32.497566,32.441566,32.48581,32.547367,32.59828,32.692524,32.739624,32.727417,32.733673,32.782425,32.84425,32.880516,32.87338,32.879414,32.89855,32.916737,32.915104,32.895832,32.858574,32.791996,32.699627
15.75,,,,,,,,,,,,,,,,,,,,,,,,,,,,,,,,,,,,,,,,,,,,,,,,,,,,,,,,36.191147,36.18131,36.132072,36.097183,36.12253,36.131226,36.112873,36.109623,36.110584,36.112625,36.110996,36.10772,36.10328,36.10053,36.101974,36.10639,36.110703,36.107143,36.103123,36.121284,36.166744,36.23118,36.274155,36.277943,36.28609,36.313244,36.328457,36.330856,36.332798,36.32487,36.272156,36.17916,36.17006,36.151466,36.129932,36.119896,36.12759,36.135384,36.13343,36.123806,36.11569,36.107826,36.10349,36.11164,36.129562,36.134617,36.125046,36.11782,36.120163,36.11261,36.0988,36.10455,36.135895,36.177967,36.205067,36.201508,36.178783,36.153957,36.13785,36.11632,36.07706,36.03166,35.994553,35.96861,35.951515,35.93088,35.91392,35.9443,36.064877,36.200947,36.24425,36.230755,36.22051,36.22669,36.213646,36.17534,36.12434,36.06354,36.01951,35.98683,35.97896,35.970905,35.952232,35.954975,35.95177,35.947475,35.95565,35.957546,35.963432,35.97491,35.985413,35.999607,36.01764,36.044827,36.0838,36.134605,36.18299,36.228024,36.252777,36.26044,36.253685,36.233128,36.214203,36.21401,36.237053,36.329235,36.35609,36.183056,35.929054,35.88831,35.885834,35.86418,35.879543,35.92264,35.955605,35.97987,36.008408,36.00427,36.024445,36.195915,36.527824,36.582638,36.537365,36.50243,36.49812,36.509922,36.52612,36.54542,36.541298,36.543915,36.528717,36.497562,36.43515,36.350662,36.27256,36.231266,36.218445,36.21476,36.222553,36.233047,36.25518,36.2912,36.323914,36.355537,36.383556,36.406677,36.42865,36.437572,36.42638,36.368996,36.274216,36.179768,36.14274,36.16207,36.209377,36.2714,36.335537,36.38974,36.421528,36.45839,36.540344,36.635708,36.687664,36.696262,36.67354,36.624058,36.58028,36.537735,36.50299,36.468166,36.417706,36.37857,36.36501,36.378178,36.40315,36.42493,36.43924,36.453594,36.4664,36.482647,36.502422,36.517178,36.53958,36.54712,36.52512,36.486904,36.446198,36.408573,36.318718,36.156742,36.069145,36.097782,36.10644,36.115414,36.19409,36.36365,36.561604,36.52464,36.17875,35.87704,35.750385,35.744328,35.79011,35.826283,35.810234,35.790607,35.747627,35.681316,35.62501,35.563625,35.534447,35.542027,35.57445,35.637074,35.71085,35.71979,35.57409,35.377567,35.319157,35.280838,35.370888,35.593624,35.798122,35.920765,35.989975,35.97559,36.028896,36.06383,36.010715,35.961327,35.87246,35.75955,35.67437,35.648254,35.66975,35.720165,35.811466,35.91656,35.91005,35.734608,35.488686,35.338184,35.291904,35.28918,35.281673,35.25893,35.235928,35.2144,35.1874,35.15643,35.1202,35.081974,35.020832,34.96617,34.951733,34.943356,34.943268,34.959736,,,,,,,,,,,,,,,,,,,,,,,,,,,,,,,,,,,,,,,,,,,,,,,,,,,,,,,,,,,,,,,,,,,,,,,,,,,,,,,28.439665,28.574694,28.688725,28.829842,29.021715,29.241894,29.46006,29.65556,29.800943,29.743551,30.285273,30.715565,31.090605,31.208246,31.025574,30.826405,31.176691,31.198875,31.296661,31.509232,31.67502,31.853754,31.922243,31.92304,31.964453,32.048794,32.21292,32.1044,31.733189,31.509497,31.49443,31.588037,31.605152,31.56862,31.540676,31.491964,31.558569,31.877983,32.189034,32.321842,32.41445,32.42984,32.41443,32.430103,32.430786,32.42704,32.395416,32.372936,32.35792,32.31692,32.237305,32.174053,32.213287,32.169827,31.900948,31.78363,32.312134,33.029556,33.62249,33.2206,32.469704,31.939098,31.806036,31.74153,31.644842,31.33629,31.150269,30.996502,30.847353,30.845957,30.932156,30.989763,30.9815,30.914185,30.80829,30.708288,30.609934,30.52815,30.444218,30.360794,30.300858,30.26644,30.231657,30.230877,30.261934,30.408346,30.85674,31.358156,31.274233,30.923439,30.678595,30.736055,31.227983,31.510569,31.542976,31.388287,30.876955,31.018122,31.704813,31.60224,31.153408,31.074697,31.046616,31.399221,31.929686,32.329388,32.606457,32.624237,32.528923,32.532867,32.60303,32.66815,32.785767,32.755558,32.71483,32.73964,32.814934,32.87702,32.875473,32.8094,32.810028,32.853657,32.898342,32.93397,32.93641,32.91089,32.84968,32.74157
15.666672,,,,,,,,,,,,,,,,,,,,,,,,,,,,,,,,,,,,,,,,,,,,,,,,,,,,,,,,36.186127,36.176258,36.122955,36.10446,36.138805,36.13114,36.11523,36.120396,36.121136,36.125954,36.124855,36.12078,36.114674,36.10969,36.106987,36.107517,36.110897,36.113693,36.10898,36.112972,36.137985,36.192818,36.248844,36.26661,36.25356,36.24931,36.25649,36.25184,36.238407,36.225876,36.19102,36.172844,36.166668,36.147156,36.13112,36.127163,36.13926,36.14552,36.135506,36.125637,36.11842,36.11375,36.105663,36.098415,36.106644,36.1297,36.141212,36.130154,36.115746,36.11687,36.111626,36.102196,36.104603,36.12889,36.166733,36.19648,36.2044,36.195232,36.179165,36.159405,36.124058,36.077034,36.02916,35.990135,35.964996,35.948833,35.946075,35.987553,36.104565,36.221203,36.24578,36.22729,36.216995,36.225746,36.218945,36.18793,36.14328,36.081104,36.032494,35.992416,35.975105,35.969574,35.947273,35.94236,35.938953,35.928642,35.931324,35.931095,35.93316,35.94263,35.954002,35.96927,35.98702,36.0107,36.047024,36.09481,36.153664,36.19415,36.231415,36.250946,36.258858,36.26051,36.24232,36.214085,36.193275,36.224514,36.34214,36.31129,36.058712,35.847134,35.86623,35.840343,35.84488,35.889923,35.93819,35.973564,35.994873,35.98693,36.016693,36.241436,36.55444,36.549297,36.514923,36.470802,36.464016,36.488987,36.525555,36.542545,36.540676,36.54834,36.54263,36.52144,36.461597,36.373024,36.289192,36.2365,36.22377,36.224464,36.230198,36.234825,36.257584,36.285374,36.30432,36.326,36.34878,36.366203,36.385414,36.412624,36.44824,36.459553,36.428825,36.325058,36.21361,36.149574,36.151802,36.18074,36.252804,36.332005,36.397724,36.48452,36.5908,36.68891,36.737747,36.739407,36.711796,36.662445,36.618973,36.57415,36.52603,36.439926,36.377907,36.36012,36.36669,36.401394,36.445515,36.48097,36.50524,36.530415,36.547302,36.56512,36.595512,36.606445,36.606537,36.587177,36.555557,36.514862,36.474598,36.446415,36.390923,36.296463,36.143284,36.094112,36.117207,36.123867,36.1497,36.260815,36.46395,36.59172,36.378895,36.01528,35.777927,35.710037,35.726173,35.73602,35.751553,35.77564,35.777557,35.74669,35.695545,35.62808,35.5619,35.512215,35.482742,35.43813,35.392166,35.345875,35.29164,35.237198,35.207447,35.1905,35.184193,35.265255,35.45082,35.718143,35.941727,36.037136,36.08377,36.09581,36.04988,36.018154,35.964676,35.848522,35.70363,35.634033,35.653046,35.698753,35.796574,35.91626,35.927086,35.793392,35.57422,35.406246,35.326496,35.296234,35.294575,35.275978,35.24334,35.213127,35.17415,35.137936,35.10768,35.081894,35.0487,34.98806,34.944332,34.926743,34.920216,34.9319,34.939537,,,,,,,,,,,,,,,,,,,,,,,,,,,,,,,,,,,,,,,,,,,,,,,,,,,,,,,,,,,,,,,,,,,,,,,,,,,,,,28.502234,28.728392,29.033638,29.385315,29.793798,30.14866,30.350664,30.243359,30.276354,30.385235,30.734547,31.020346,31.453043,31.6089,31.355951,31.20312,31.401903,31.23171,31.197254,31.387651,31.533375,31.671534,31.744959,31.806576,31.855236,31.906065,32.02561,32.228848,32.09179,31.7128,31.574587,31.693867,31.714504,31.684366,31.651926,31.603159,31.61431,31.878271,32.20556,32.320076,32.39727,32.368427,32.35271,32.38619,32.40904,32.456135,32.44663,32.41364,32.388924,32.367157,32.29415,32.13103,32.092762,32.108665,31.898746,31.756426,32.16342,32.84347,33.48912,33.363827,32.691463,31.94829,31.74353,31.625856,31.567965,31.396788,31.269554,31.11323,30.881376,30.778177,30.799751,30.858364,30.889261,30.880415,30.790253,30.68557,30.565714,30.477097,30.41013,30.358131,30.337013,30.357868,30.405268,30.478472,30.58067,30.817827,31.1306,31.114265,30.663498,30.372595,30.2665,30.256012,30.531063,30.863825,30.97671,30.885214,30.66068,30.758293,31.31625,31.661098,31.388575,31.367367,31.418186,31.605328,31.981503,32.21172,32.465202,32.676197,32.672367,32.6525,32.72995,32.813683,32.827003,32.752617,32.714542,32.766483,32.858112,32.898792,32.81351,32.649452,32.637295,32.70215,32.798084,32.891895,32.941257,32.949665,32.91457,32.820656
15.583336,,,,,,,,,,,,,,,,,,,,,,,,,,,,,,,,,,,,,,,,,,,,,,,,,,,,,36.10329,36.120903,36.18786,36.187847,36.16337,36.109146,36.12109,36.145313,36.12311,36.127777,36.123917,36.129715,36.13302,36.131893,36.12993,36.126247,36.121212,36.117332,36.114132,36.114746,36.117752,36.11745,36.11664,36.128716,36.168365,36.221622,36.259876,36.2529,36.228386,36.202225,36.18887,36.17879,36.175312,36.171703,36.172276,36.162655,36.145626,36.134365,36.137493,36.14857,36.148235,36.13476,36.12456,36.117237,36.11215,36.10967,36.102352,36.098667,36.103703,36.12895,36.150833,36.13605,36.116684,36.11448,36.11181,36.107502,36.107857,36.1241,36.15108,36.178993,36.198013,36.20598,36.201916,36.182487,36.148304,36.10414,36.060486,36.02804,36.013786,36.017464,36.059467,36.16024,36.24417,36.24489,36.22126,36.212254,36.22411,36.224083,36.20046,36.165325,36.10491,36.053112,36.009342,35.97895,35.97443,35.953617,35.939537,35.93784,35.92311,35.919838,35.915905,35.91113,35.913383,35.922646,35.93998,35.958843,35.98319,36.018536,36.06601,36.127678,36.17769,36.212967,36.237988,36.24659,36.254314,36.261154,36.236374,36.201725,36.17193,36.256393,36.35703,36.235676,35.879158,35.82068,35.814774,35.811264,35.848404,35.913036,35.95489,35.969585,35.963844,36.024067,36.303703,36.557205,36.51996,36.486977,36.435715,36.42119,36.449333,36.509464,36.537395,36.53712,36.548573,36.553947,36.547756,36.495453,36.40499,36.308258,36.241707,36.226463,36.23492,36.245186,36.25974,36.285915,36.297115,36.303444,36.31943,36.341698,36.354816,36.358055,36.371136,36.40283,36.445786,36.476334,36.451065,36.355255,36.239132,36.167747,36.154537,36.186584,36.261166,36.35245,36.48444,36.624752,36.728024,36.781574,36.78954,36.758987,36.710865,36.672874,36.62171,36.521725,36.41104,36.35606,36.35085,36.372818,36.43063,36.49489,36.54592,36.583458,36.61302,36.620163,36.626476,36.632298,36.628277,36.611164,36.57965,36.540714,36.50409,36.475555,36.461136,36.42914,36.379303,36.239834,36.109665,36.125435,36.141636,36.1477,36.203564,36.35851,36.553757,36.52741,36.213787,35.871548,35.706535,35.68473,35.681652,35.70037,35.74173,35.787064,35.8304,35.833214,35.803707,35.74272,35.688885,35.653732,35.586815,35.511402,35.4419,35.405907,35.325333,35.234066,35.17966,35.144646,35.149303,35.236324,35.431156,35.690346,35.900627,36.021347,36.051987,36.013042,35.983322,35.954792,35.881798,35.741985,35.62496,35.627014,35.668636,35.770584,35.894688,35.928036,35.834156,35.659702,35.490284,35.38366,35.32332,35.304424,35.29191,35.257988,35.217083,35.169453,35.130108,35.100105,35.06803,35.043484,35.010662,34.963406,34.926758,34.902985,34.902607,34.914825,,,,,,,,,,,,,,,,,,,,,,,,,,,,,,,,,,,,,,,,,,,,,,,,,,,,,,,,,,,,,,,,,,,,,,,,,,,,,,28.655151,28.957382,29.343718,29.820667,30.242092,30.680456,30.823036,30.728928,30.904776,30.957344,30.96871,31.08182,31.293135,31.480011,31.40927,31.374088,31.642504,31.499544,31.339577,31.373518,31.41963,31.535131,31.643635,31.747204,31.837748,31.862177,31.884943,32.06228,32.282516,32.08795,31.893858,31.757143,31.765553,31.69128,31.645212,31.677893,31.74526,31.956165,32.20949,32.29422,32.323784,32.25832,32.254787,32.26843,32.3156,32.41477,32.464916,32.45608,32.429893,32.423645,32.4047,32.18647,31.997442,31.985344,31.850342,31.753277,32.080357,32.756756,33.31243,33.59475,33.112553,32.083923,31.804737,31.629622,31.563757,31.492489,31.39657,31.237133,30.955845,30.760216,30.707436,30.730429,30.77991,30.810003,30.767109,30.66032,30.537634,30.462801,30.445698,30.458736,30.517939,30.609133,30.694132,30.75175,30.811943,30.87904,30.827215,30.438059,30.1446,30.042305,30.03677,30.05704,30.209751,30.410582,30.547285,30.573982,30.526917,30.659986,31.061132,31.294653,31.179558,31.277489,31.532087,31.733217,31.979475,32.191505,32.345074,32.59439,32.761105,32.812893,32.881683,32.911766,32.838455,32.753265,32.71975,32.784435,32.876125,32.887466,32.699745,32.52744,32.51882,32.58095,32.69217,32.81795,32.918262,32.971478,32.968136,32.905155
15.5,,,,,,,,,,,,,,,,,,,,,,,,,,,,,,,,,,,,,,,,,,,,,,,,,,,36.10233,36.11244,36.14061,36.176468,36.1964,36.17315,36.12822,36.11643,36.144405,36.136456,36.12745,36.12932,36.12911,36.13178,36.134163,36.132927,36.13163,36.13023,36.128246,36.127216,36.124,36.121277,36.121933,36.122787,36.1249,36.13137,36.159393,36.200375,36.244404,36.256306,36.23363,36.1913,36.17193,36.166656,36.170784,36.17412,36.17081,36.159367,36.146336,36.143032,36.147846,36.15458,36.148388,36.13683,36.129242,36.124233,36.11581,36.110382,36.101414,36.10241,36.100437,36.10399,36.134487,36.16156,36.145817,36.11802,36.109547,36.109505,36.108868,36.111954,36.121967,36.14103,36.16456,36.18723,36.204296,36.208584,36.19965,36.17491,36.145004,36.1178,36.10782,36.11267,36.145824,36.21416,36.25796,36.240364,36.214,36.206497,36.22154,36.228252,36.210682,36.18735,36.13645,36.081406,36.038975,35.99712,35.986362,35.976315,35.955574,35.954372,35.94368,35.93247,35.92501,35.909485,35.897842,35.895496,35.90905,35.931885,35.958206,35.993523,36.05579,36.115635,36.171795,36.215843,36.241917,36.24155,36.233757,36.251156,36.25297,36.22435,36.16914,36.169754,36.31384,36.323025,36.049255,35.81627,35.79154,35.787388,35.81209,35.88147,35.925385,35.939125,35.941864,36.048798,36.37584,36.542957,36.49832,36.453175,36.39625,36.36769,36.386837,36.474392,36.522022,36.521553,36.532333,36.54814,36.564774,36.5371,36.45632,36.344387,36.25433,36.22416,36.23138,36.242252,36.26331,36.27838,36.27673,36.289616,36.318546,36.34957,36.36981,36.366913,36.366886,36.379005,36.410805,36.456566,36.49117,36.462788,36.36577,36.251686,36.183243,36.17337,36.210392,36.303402,36.45369,36.620907,36.74333,36.803246,36.81948,36.798447,36.758698,36.72434,36.660275,36.49629,36.380764,36.33727,36.3474,36.382767,36.450966,36.51553,36.57667,36.610527,36.620003,36.611107,36.60196,36.599537,36.60067,36.596146,36.581074,36.54659,36.49875,36.46082,36.442947,36.441128,36.41754,36.33115,36.170315,36.134037,36.150738,36.161682,36.18126,36.271225,36.46068,36.572006,36.404312,36.040142,35.770702,35.6814,35.685036,35.70194,35.730618,35.773834,35.874596,35.940273,35.960873,35.90699,35.843426,35.81765,35.78811,35.73278,35.65829,35.625828,35.51341,35.397343,35.27788,35.188046,35.151695,35.163143,35.269722,35.465553,35.675125,35.852505,35.941833,35.94133,35.93821,35.92997,35.86186,35.733253,35.62654,35.5943,35.62264,35.72593,35.854885,35.91607,35.870018,35.7427,35.591885,35.464844,35.378437,35.32859,35.30793,35.26286,35.208588,35.155403,35.123905,35.105076,35.07181,35.028027,34.995636,34.975845,34.93235,34.893112,34.880867,34.88772,,,,,,,,,,,,,,,,,,,,,,,,,,,,,,,,,,,,,,,,,,,,,,,,,,,,,,,,,,,,,,,,,,,,,,,,,,,,,28.742573,28.847504,29.208643,29.659819,30.194092,30.798424,31.123625,31.35009,31.483803,31.61562,31.620832,31.604185,31.561575,31.522776,31.499836,31.50951,31.511204,31.543137,31.54261,31.562622,31.421246,31.398245,31.427856,31.551893,31.694876,31.818031,31.878393,31.87219,31.90255,32.1465,32.324234,32.253445,31.933983,31.891415,31.702837,31.612463,31.686071,31.84045,32.019615,32.1621,32.230682,32.206055,32.107815,32.120087,32.09203,32.141968,32.287457,32.41733,32.470394,32.46526,32.47545,32.512516,32.34265,32.01795,31.892414,31.796593,31.751942,32.07875,32.73709,33.130486,33.59975,33.221237,32.15212,31.805471,31.629684,31.605183,31.57051,31.515871,31.337772,31.053514,30.820547,30.679054,30.643274,30.672531,30.71634,30.72781,30.666527,30.556171,30.500824,30.549292,30.646713,30.723097,30.747957,30.721844,30.651463,30.554049,30.410543,30.227968,30.023087,29.970057,29.98242,30.022161,30.061514,30.147217,30.243336,30.365648,30.40367,30.511194,30.737347,30.950762,31.026178,31.017881,31.25288,31.537945,31.757956,31.936132,32.16365,32.364162,32.52499,32.710938,32.86247,32.93895,32.922363,32.836308,32.751667,32.722786,32.779995,32.867023,32.857628,32.649933,32.512226,32.492737,32.53751,32.656033,32.801346,32.92583,32.993626,33.01886,32.984154
15.416672,,,,,,,,,,,,,,,,,,,,,,,,,,,,,,,,,,,,,,,,,,,,,,,,,36.109627,36.124382,36.141113,36.175194,36.180466,36.19258,36.16975,36.14588,36.122963,36.13777,36.144657,36.12335,36.12707,36.124805,36.126328,36.127865,36.127674,36.127674,36.129337,36.1308,36.131626,36.13188,36.130875,36.129807,36.127827,36.127872,36.131706,36.137703,36.15667,36.18638,36.223076,36.244595,36.229942,36.186783,36.168865,36.167908,36.175316,36.17579,36.16895,36.159157,36.152924,36.153576,36.155415,36.154827,36.147232,36.136726,36.12814,36.12516,36.119045,36.116657,36.1083,36.09849,36.100212,36.104233,36.109547,36.1436,36.175472,36.163662,36.131298,36.112534,36.106297,36.10593,36.1087,36.117714,36.13346,36.154457,36.177227,36.19726,36.21016,36.209694,36.201717,36.18889,36.18791,36.19161,36.20687,36.242805,36.25831,36.233406,36.205997,36.199867,36.217793,36.23183,36.218613,36.204796,36.171783,36.11406,36.077923,36.035946,36.00585,36.005684,35.99384,35.98839,35.991817,35.9839,35.973766,35.950184,35.9141,35.8843,35.883404,35.9001,35.929634,35.959938,36.02533,36.095425,36.169403,36.21913,36.25077,36.24768,36.227345,36.229122,36.248764,36.234688,36.18722,36.15038,36.251884,36.34913,36.212536,35.930016,35.794346,35.77661,35.790707,35.85282,35.893517,35.911945,35.93303,36.09246,36.438198,36.503674,36.476597,36.41908,36.355415,36.304707,36.3066,36.40419,36.48961,36.50092,36.506565,36.529354,36.567245,36.575043,36.51763,36.40029,36.285053,36.233025,36.23458,36.241737,36.25031,36.253098,36.24743,36.269855,36.311428,36.354706,36.383076,36.368217,36.368355,36.374542,36.38911,36.426476,36.480877,36.505543,36.457535,36.35226,36.25337,36.197845,36.200363,36.26499,36.412735,36.58767,36.72741,36.80076,36.828278,36.811386,36.785896,36.768005,36.654427,36.459316,36.348354,36.319954,36.33619,36.370136,36.4133,36.448044,36.490173,36.522453,36.54155,36.540703,36.53733,36.544003,36.528343,36.509228,36.520275,36.538975,36.522694,36.471176,36.419113,36.41489,36.417553,36.391132,36.25652,36.15437,36.1597,36.17885,36.185455,36.22475,36.364933,36.539715,36.52177,36.249874,35.907257,35.761772,35.75008,35.78887,35.768047,35.79855,35.903885,35.97793,36.061424,36.057415,35.94006,35.855152,35.863388,35.87312,35.808987,35.796555,35.74545,35.65199,35.49967,35.341,35.216084,35.156147,35.18667,35.30607,35.474846,35.658813,35.78749,35.847637,35.89662,35.911877,35.84651,35.720287,35.60658,35.562916,35.572357,35.664658,35.790478,35.875202,35.885384,35.80847,35.678616,35.546455,35.44062,35.374798,35.338512,35.28933,35.213146,35.143917,35.114265,35.109383,35.083317,35.03329,34.976944,34.955723,34.935287,34.891846,34.86531,34.862152,34.864178,,,,,,,,,,,,,,,,,,,,,,,,,,,,,,,,,,,,,,,,,,,,,,,,,,,,,,,,,,,,,,,,,,,,,,,,,,,,28.83912,29.09475,29.45643,30.025578,30.62267,31.18005,31.539078,31.75887,31.78715,31.924143,32.04802,32.125896,32.177765,32.12497,31.891348,31.785557,31.677378,31.542025,31.5027,31.571026,31.604887,31.562803,31.459995,31.49093,31.63234,31.805935,31.886843,31.88632,31.87861,31.949842,32.2703,32.39259,32.122482,31.973166,31.726126,31.614937,31.674877,31.848944,32.014618,32.12279,32.149532,32.06987,31.962297,31.947916,31.890676,31.922373,32.0874,32.298534,32.435184,32.483837,32.51222,32.576218,32.52389,32.1861,31.874544,31.785574,31.753595,32.109245,32.738514,33.054005,33.528404,33.30874,32.20622,31.75307,31.657053,31.649216,31.624414,31.594604,31.43099,31.181704,30.960691,30.769241,30.622152,30.59211,30.605434,30.650072,30.662407,30.619986,30.602276,30.691797,30.772062,30.778131,30.662231,30.477839,30.302109,30.156342,30.07105,30.027039,30.013115,30.04513,30.102707,30.151142,30.20769,30.251162,30.304096,30.42683,30.545622,30.721535,30.912127,31.010187,31.03663,31.133322,31.4359,31.690405,31.855875,32.039257,32.215572,32.42733,32.566864,32.683895,32.832325,32.9113,32.889816,32.821823,32.74209,32.716366,32.76713,32.84766,32.84375,32.672714,32.508476,32.456985,32.48803,32.617752,32.79553,32.97629,33.04728,33.064102,33.05263
15.333336,,,,,,,,,,,,,,,,,,,,,,,,,,,,,,,,,,,,,,,,,,,,,,,36.10341,36.103756,36.11445,36.176746,36.181797,36.18552,36.1766,36.16646,36.145466,36.139694,36.132442,36.13134,36.12082,36.112545,36.113876,36.11528,36.114853,36.1154,36.11589,36.117,36.12132,36.12705,36.131615,36.134212,36.136063,36.13539,36.132767,36.13307,36.137386,36.143456,36.156185,36.175423,36.19955,36.21753,36.200787,36.17287,36.16755,36.17214,36.17709,36.175323,36.168617,36.16155,36.15874,36.1566,36.155785,36.149704,36.139942,36.132378,36.1233,36.120594,36.11593,36.111137,36.114426,36.106297,36.099583,36.097843,36.106228,36.12277,36.15971,36.185093,36.173264,36.14239,36.118977,36.10784,36.10244,36.10325,36.11049,36.124683,36.14325,36.164917,36.18707,36.203632,36.213085,36.21419,36.218002,36.217377,36.218014,36.238182,36.24832,36.22525,36.197506,36.191914,36.212135,36.23467,36.22524,36.216106,36.200935,36.152027,36.11405,36.090145,36.05178,36.03477,36.036457,36.03562,36.043407,36.053875,36.059036,36.043556,35.992397,35.909515,35.877617,35.88186,35.90886,35.935627,35.99237,36.066452,36.156254,36.222298,36.257393,36.254112,36.22725,36.21609,36.23309,36.233715,36.20777,36.15017,36.217556,36.349552,36.302315,36.098255,35.869747,35.788883,35.791946,35.835434,35.868687,35.893986,35.94616,36.159634,36.46532,36.47073,36.452766,36.38603,36.318752,36.25341,36.235813,36.31914,36.435055,36.46793,36.47019,36.49842,36.55425,36.591373,36.56861,36.462963,36.32715,36.2516,36.24747,36.25936,36.263344,36.26549,36.252216,36.275387,36.314682,36.371918,36.403477,36.369984,36.366535,36.372635,36.38089,36.410973,36.463737,36.51055,36.502674,36.427155,36.325695,36.242832,36.21647,36.263977,36.384964,36.533237,36.670475,36.76086,36.809937,36.80977,36.793774,36.774105,36.5572,36.37716,36.299942,36.291653,36.309383,36.32156,36.336445,36.348312,36.37053,36.400867,36.434937,36.45955,36.481785,36.43234,36.30532,36.234337,36.243675,36.315914,36.419525,36.46932,36.423435,36.389194,36.39723,36.39818,36.337605,36.19708,36.16498,36.19337,36.211777,36.215843,36.280148,36.46207,36.55971,36.450577,36.18725,35.928185,35.869373,35.86654,35.84104,35.798775,35.883286,35.933044,36.00858,36.095116,36.0591,35.872856,35.833744,35.911953,35.857693,35.82572,35.82461,35.807903,35.77008,35.642662,35.395645,35.22664,35.16239,35.200237,35.31838,35.475296,35.624622,35.750435,35.85452,35.89263,35.838856,35.718773,35.592728,35.528053,35.5344,35.607998,35.71648,35.80556,35.863503,35.849365,35.753445,35.6232,35.49593,35.40624,35.36506,35.333755,35.259464,35.179554,35.130146,35.121647,35.10211,35.055763,34.982746,34.930237,34.928406,34.896294,34.861557,34.837997,34.83847,34.850666,,,,,,,,,,,,,,,,,,,,,,,,,,,,,,,,,,,,,,,,,,,,,,,,,,,,,,,,,,,,,,,,,,,,,,,,,,28.85336,28.94089,29.225115,29.868048,30.475477,30.978714,31.471622,31.716846,31.393715,31.513657,31.795609,32.03693,32.168552,32.253113,32.40281,32.34382,32.098442,31.887041,31.66925,31.56059,31.521566,31.561682,31.569601,31.565594,31.52257,31.55267,31.719374,31.9132,31.930016,31.898298,31.907976,32.144527,32.364353,32.254623,32.055546,31.806164,31.65193,31.645412,31.794434,31.959723,32.082176,32.06674,31.941523,31.838829,31.800432,31.74299,31.730215,31.861082,32.12426,32.343994,32.467484,32.530273,32.603508,32.650593,32.455643,32.038868,31.852343,31.792612,32.125484,32.68696,32.987503,33.452797,33.262615,32.123177,31.714128,31.709057,31.691786,31.693083,31.676851,31.500004,31.27858,31.117798,30.931084,30.75817,30.632004,30.539486,30.526007,30.555632,30.600069,30.63996,30.7149,30.74618,30.663834,30.470608,30.269012,30.161093,30.13752,30.190361,30.263983,30.318575,30.340258,30.371979,30.460545,30.552214,30.597284,30.674526,30.790812,30.890348,30.985897,31.133947,31.223946,31.24568,31.406288,31.764631,31.97937,32.08078,32.247856,32.404472,32.544453,32.650875,32.732437,32.8319,32.87608,32.856506,32.79966,32.72606,32.707382,32.76207,32.83667,32.844948,32.68648,32.479885,32.429844,32.441402,32.540268,32.75216,33.02057,33.12064,33.128986,33.11668
15.25,,,,,,,,,,,,,,,,,,,,,,,,,,,,,,,,,,,,,,,,,,,,36.092255,36.09191,36.09299,36.095024,36.136,36.17427,36.185127,36.176514,36.171566,36.156174,36.144978,36.13253,36.125305,36.10727,36.103256,36.096737,36.097237,36.098484,36.098614,36.0994,36.100563,36.102997,36.10671,36.111664,36.11879,36.12822,36.134365,36.137817,36.140556,36.139194,36.13788,36.139805,36.14466,36.15376,36.165813,36.177597,36.183388,36.17335,36.168114,36.171497,36.1753,36.17688,36.17363,36.167328,36.161118,36.15627,36.15179,36.146442,36.139576,36.130814,36.126034,36.1225,36.118206,36.121574,36.11309,36.114037,36.109722,36.107677,36.10259,36.09775,36.10825,36.141357,36.178078,36.191833,36.176075,36.14817,36.126003,36.109943,36.100666,36.096558,36.099598,36.109375,36.125282,36.143585,36.164997,36.185173,36.195427,36.20308,36.200115,36.196293,36.216667,36.234077,36.216618,36.188957,36.18185,36.202118,36.23417,36.232025,36.22411,36.22099,36.193165,36.144203,36.127365,36.116104,36.094982,36.0818,36.08606,36.095436,36.102802,36.109337,36.11075,36.08728,35.982918,35.88485,35.875443,35.89295,35.920727,35.968807,36.04837,36.144245,36.218132,36.25816,36.25177,36.222794,36.2114,36.219467,36.22697,36.21053,36.15343,36.173916,36.321842,36.342846,36.2278,35.985695,35.826847,35.811745,35.83303,35.856026,35.88626,35.97752,36.23755,36.460415,36.44432,36.414585,36.347755,36.284588,36.216503,36.17909,36.238056,36.36181,36.415623,36.428734,36.459007,36.528614,36.595665,36.606873,36.527737,36.375923,36.2708,36.253822,36.274982,36.278698,36.28268,36.263657,36.27252,36.306988,36.3762,36.42346,36.38184,36.36697,36.375763,36.38838,36.41854,36.466957,36.516937,36.528202,36.472965,36.37659,36.28547,36.245064,36.26741,36.355816,36.484985,36.609196,36.703285,36.764015,36.789303,36.794193,36.739,36.479355,36.321213,36.259865,36.256775,36.27035,36.28867,36.325798,36.347336,36.34707,36.35744,36.389748,36.43259,36.398376,36.154675,35.929516,35.835316,35.832462,35.890907,36.018593,36.2481,36.379837,36.372215,36.3802,36.38768,36.369022,36.237213,36.169777,36.190666,36.236435,36.237053,36.252834,36.375656,36.512386,36.522015,36.441246,36.308655,36.10895,35.989002,35.926346,35.808548,35.806274,35.77007,35.80244,35.870712,35.861023,35.699726,35.64366,35.842968,35.905533,35.865814,35.83652,35.7953,35.777924,35.793877,35.718967,35.427876,35.231533,35.17753,35.20654,35.31457,35.46012,35.628517,35.787716,35.86486,35.833,35.72424,35.590935,35.517147,35.52465,35.587063,35.667633,35.723698,35.798126,35.854916,35.825665,35.71752,35.572636,35.433414,35.355057,35.33773,35.30137,35.231705,35.16919,35.142365,35.13214,35.093918,35.018433,34.92684,34.889187,34.89317,34.87191,34.83651,34.823185,34.83399,,,,,,,,,,,,,,,,,,,,,,,,,,,,,,,,,,,,,,,,,,,,,,,,,,,,,,,,,,,,,,,,,,,,,,,,,,28.952805,29.141312,29.59675,30.259892,30.758669,31.22437,31.489801,31.35632,31.050682,31.408648,31.870752,32.29255,32.516155,32.63153,32.604,32.544918,32.563503,32.566326,32.454346,32.1258,31.872976,31.645042,31.62789,31.542612,31.525576,31.53009,31.55328,31.760363,31.966461,31.930563,31.92185,32.085148,32.296757,32.265278,32.118374,31.859411,31.672806,31.620367,31.702885,31.856195,31.966047,31.951973,31.82763,31.74746,31.70583,31.658514,31.606974,31.67294,31.952765,32.228653,32.418884,32.54832,32.63086,32.71173,32.609512,32.251015,32.02317,31.935425,32.13783,32.628254,32.935284,33.36786,33.213295,32.201782,31.736435,31.736483,31.707363,31.77218,31.719688,31.509377,31.33235,31.270754,31.111889,30.928772,30.755592,30.593252,30.47378,30.438313,30.463655,30.51666,30.572077,30.570229,30.467255,30.319054,30.243416,30.274767,30.456898,30.596928,30.669874,30.6802,30.636938,30.672117,30.810396,30.926023,30.98355,31.051638,31.123186,31.181202,31.268288,31.51906,31.593744,31.682169,31.868982,32.148808,32.258217,32.352264,32.49722,32.58747,32.64945,32.735207,32.80332,32.848167,32.846657,32.826584,32.78189,32.7247,32.700634,32.746464,32.821133,32.84377,32.704372,32.493484,32.432114,32.430656,32.49497,32.686096,32.988773,33.18727,33.223457,33.206215
15.166672,,,,,,,,,,,,,,,,,,,,,,,,,,,,,,,,,,,,,,,,,36.12095,36.117855,36.111485,36.09836,36.099186,36.122597,36.160976,36.173595,36.180157,36.171577,36.161915,36.149612,36.12958,36.120316,36.10096,36.091393,36.077,36.0812,36.083134,36.085556,36.088272,36.08922,36.091553,36.09337,36.095615,36.099155,36.103474,36.110775,36.12178,36.132275,36.13837,36.142513,36.144592,36.14364,36.143173,36.14604,36.15119,36.157513,36.16287,36.16655,36.16837,36.171135,36.17298,36.174206,36.173565,36.168007,36.161,36.154,36.147423,36.14093,36.133923,36.1271,36.12457,36.11889,36.12031,36.11605,36.117126,36.115673,36.115273,36.114002,36.105152,36.108273,36.103657,36.10399,36.125816,36.16178,36.191982,36.192608,36.1728,36.14831,36.128407,36.113316,36.102528,36.0947,36.091515,36.09534,36.104645,36.118187,36.141594,36.15784,36.17029,36.16795,36.1623,36.18961,36.2187,36.206936,36.178722,36.16942,36.18595,36.22591,36.237377,36.23037,36.23119,36.22239,36.18669,36.149208,36.136543,36.13626,36.137928,36.138798,36.14026,36.135754,36.12654,36.123447,36.116207,36.03161,35.909435,35.873394,35.886154,35.912838,35.952656,36.044117,36.134155,36.21825,36.26236,36.24982,36.215706,36.205067,36.207996,36.214584,36.203354,36.168503,36.134644,36.288067,36.35573,36.293926,36.091427,35.880707,35.840782,35.843742,35.855343,35.886395,36.020153,36.30193,36.442177,36.412727,36.358524,36.29527,36.24343,36.18076,36.134388,36.17029,36.281487,36.35399,36.379696,36.416176,36.499138,36.59005,36.630684,36.581593,36.439594,36.303574,36.263405,36.28471,36.28537,36.28644,36.264088,36.262066,36.29969,36.36997,36.451115,36.421288,36.383904,36.39473,36.408726,36.44253,36.48906,36.53626,36.548653,36.501247,36.40667,36.31299,36.267197,36.280354,36.360405,36.466576,36.557247,36.64451,36.72088,36.757614,36.791664,36.645256,36.408443,36.27073,36.220684,36.217674,36.233597,36.269913,36.3337,36.37716,36.37705,36.371365,36.395325,36.36612,36.120506,35.799187,35.634666,35.591873,35.576096,35.58597,35.627953,35.765396,36.083527,36.31126,36.350773,36.374893,36.358482,36.260353,36.173656,36.18225,36.24137,36.282036,36.25154,36.291866,36.41497,36.42058,36.423992,36.510746,36.372734,36.184505,36.120182,36.007282,35.914062,35.75725,35.661995,35.64343,35.626167,35.50513,35.4945,35.575684,35.732674,35.845745,35.91807,35.867855,35.77393,35.769787,35.797855,35.69729,35.436024,35.225986,35.17813,35.203945,35.30754,35.46026,35.630363,35.78639,35.832443,35.750122,35.620975,35.53621,35.548557,35.621723,35.689285,35.686752,35.716198,35.806534,35.869926,35.842476,35.701466,35.510124,35.347946,35.2868,35.277985,35.25705,35.213726,35.175117,35.161182,35.137005,35.0805,34.975307,34.872944,34.86094,34.85486,34.831112,34.816734,34.819286,,,,,,,,,,,,,,,,,,,,,,,,,,,,,,,,,,,,,,,,,,,,,,,,,,,,,,,,,,,,,,,,,,,,,,,,,,29.04198,29.30723,29.89522,30.53112,30.77067,31.334517,31.70899,30.860048,31.017418,31.70441,32.288715,32.699326,32.85821,32.94298,33.011803,32.933838,32.912006,32.789234,32.629906,32.41204,32.213978,32.0363,31.852848,31.779526,31.649853,31.5335,31.533781,31.558086,31.797483,31.967808,31.957207,32.08469,32.20991,32.235317,32.108887,31.892103,31.711634,31.632502,31.648342,31.74324,31.811287,31.804888,31.747295,31.710497,31.671824,31.634962,31.53754,31.54372,31.807224,32.117374,32.34737,32.542927,32.66408,32.748363,32.745026,32.502407,32.219692,32.13279,32.241592,32.65005,32.94271,33.308243,33.215233,32.2949,31.784023,31.74833,31.758656,31.876884,31.765099,31.541647,31.420168,31.40858,31.254799,31.108189,30.9745,30.787718,30.600723,30.463015,30.39612,30.403072,30.424908,30.407013,30.359587,30.338533,30.42621,30.624662,30.81862,30.88804,30.869406,30.794525,30.80132,30.88616,31.06677,31.24056,31.34694,31.435514,31.554533,31.693674,31.850657,32.101265,32.180717,32.23266,32.38769,32.492474,32.498028,32.58237,32.627197,32.623493,32.693485,32.801037,32.829197,32.799263,32.785484,32.78755,32.759533,32.711994,32.685055,32.717285,32.788082,32.82998,32.737083,32.501896,32.434544,32.43405,32.477154,32.632557,32.92227,33.18424,33.274414,33.269714
15.083336,,,,,,,,,,,,,,,,,,,,,,,,,,,,,,,,,,,,36.122494,36.125057,36.125443,36.12288,36.120987,36.118786,36.11946,36.114033,36.105152,36.127644,36.170338,36.17806,36.17068,36.164402,36.14733,36.130207,36.110455,36.090893,36.0846,36.070385,36.068745,36.071968,36.077217,36.084152,36.08794,36.09223,36.096188,36.09706,36.097107,36.096703,36.096638,36.098362,36.103573,36.11296,36.12541,36.13509,36.141342,36.14641,36.148445,36.1485,36.15063,36.15314,36.156605,36.161327,36.16612,36.168446,36.168247,36.16698,36.165012,36.16156,36.15493,36.14616,36.138264,36.131313,36.12334,36.120514,36.11473,36.1146,36.11149,36.11189,36.11088,36.110622,36.11257,36.108597,36.113293,36.108852,36.108017,36.10493,36.101997,36.11709,36.150467,36.18375,36.19882,36.189545,36.168266,36.146435,36.13021,36.117046,36.109398,36.10097,36.09685,36.093925,36.096493,36.10795,36.122837,36.137115,36.13637,36.13373,36.1646,36.20251,36.19714,36.169575,36.156994,36.16768,36.20707,36.235744,36.2359,36.236332,36.23677,36.22071,36.19125,36.167305,36.155872,36.154167,36.159637,36.157627,36.13742,36.111454,36.108578,36.11167,36.026142,35.91194,35.873024,35.882362,35.907333,35.946747,36.044132,36.131805,36.21784,36.263817,36.24229,36.206745,36.192947,36.192726,36.196465,36.192223,36.17705,36.130188,36.245785,36.35093,36.326637,36.16825,35.938133,35.87118,35.865845,35.868282,35.898685,36.059414,36.33312,36.408783,36.362194,36.290974,36.23203,36.194817,36.14286,36.094715,36.114384,36.20667,36.28501,36.324898,36.377598,36.477818,36.58721,36.641388,36.617233,36.492542,36.34264,36.283035,36.30267,36.31084,36.306087,36.27224,36.26761,36.2903,36.35627,36.468307,36.483715,36.4357,36.44298,36.450603,36.474216,36.508987,36.547188,36.55399,36.507,36.421017,36.342903,36.31035,36.330673,36.387417,36.453022,36.519638,36.621826,36.700275,36.750668,36.732193,36.45504,36.289234,36.214302,36.1867,36.188725,36.214848,36.265255,36.343296,36.400215,36.4063,36.39737,36.313286,36.07385,35.775192,35.6367,35.595123,35.550934,35.5274,35.521126,35.519615,35.53015,35.61888,36.001026,36.2925,36.356964,36.356094,36.300026,36.201794,36.171425,36.230103,36.312263,36.301926,36.268692,36.31648,36.317825,36.315742,36.605305,36.562572,36.427517,36.379284,36.336044,36.241688,36.015106,35.768322,35.648777,35.58462,35.536148,35.506435,35.500713,35.53028,35.61115,35.806965,35.94819,35.84415,35.77438,35.79136,35.757847,35.576557,35.434803,35.238544,35.17111,35.19701,35.286797,35.428867,35.59615,35.75349,35.777668,35.675617,35.579056,35.57008,35.681576,35.778713,35.74568,35.711098,35.76592,35.827168,35.89231,35.869347,35.675846,35.42922,35.26235,35.21197,35.212265,35.218586,35.203686,35.18652,35.16512,35.13118,35.06711,34.925667,34.827312,34.821644,34.81391,34.804333,34.79831,34.807877,,,,,,,,,,,,,,,,,,,,,,,,,,,,,,,,,,,,,,,,,,,,,,,,,,,,,,,,,,,,,,,,,,,,,,,,,29.134453,29.340921,30.067787,30.860886,30.98471,31.327063,31.370531,30.821707,31.122871,31.987196,32.615623,32.878143,33.00924,33.10729,33.15987,33.186638,33.20678,33.147175,33.011024,32.802338,32.54502,32.41203,32.248875,32.099876,32.002197,31.877161,31.633078,31.55837,31.59181,31.79403,32.00158,32.1151,32.240845,32.268566,32.146446,32.016872,31.808807,31.671818,31.66438,31.705801,31.731483,31.718225,31.71083,31.70717,31.690182,31.653126,31.525015,31.474014,31.713762,32.041607,32.28666,32.51907,32.686348,32.782494,32.80913,32.680996,32.412674,32.3476,32.408104,32.71172,32.98192,33.26673,33.169018,32.39394,31.925426,31.818872,31.89385,32.05674,31.879366,31.619041,31.570812,31.601646,31.560488,31.482445,31.278324,31.071836,30.863525,30.706474,30.54395,30.41521,30.383226,30.38783,30.437372,30.558971,30.740099,30.911627,31.019627,31.05429,31.11585,31.227339,31.390806,31.634516,31.894361,32.05773,32.139133,32.215164,32.292843,32.37501,32.448364,32.52971,32.552483,32.56058,32.555817,32.53478,32.543636,32.57664,32.56855,32.591835,32.703785,32.768787,32.743217,32.743385,32.762936,32.773663,32.739582,32.69659,32.666454,32.690796,32.75142,32.80757,32.73605,32.488953,32.434307,32.423634,32.47102,32.587734,32.797287,33.04209,33.206875,33.234245
15.0,,,,,,,,,,,,,,,,,,,,,,,,,,,,,,,,,,36.111954,36.119953,36.115993,36.125828,36.125908,36.120476,36.116123,36.113796,36.11496,36.115208,36.12406,36.164524,36.178722,36.165424,36.152344,36.13484,36.107876,36.090363,36.071007,36.06646,36.062603,36.063484,36.070225,36.083187,36.090706,36.100006,36.10465,36.10996,36.111137,36.11095,36.10851,36.105278,36.10136,36.0985,36.09851,36.103268,36.113686,36.12781,36.137688,36.144085,36.148914,36.152897,36.155178,36.15831,36.160954,36.163895,36.164577,36.16219,36.157413,36.152508,36.147682,36.140335,36.134876,36.127922,36.118164,36.114655,36.109337,36.106712,36.103584,36.102802,36.101856,36.101555,36.103653,36.1023,36.10757,36.103867,36.10931,36.107395,36.106182,36.109478,36.101105,36.109005,36.141197,36.17385,36.195946,36.200127,36.1867,36.16576,36.144676,36.126972,36.114445,36.107563,36.10497,36.103115,36.09945,36.104736,36.113987,36.124313,36.121468,36.115173,36.14445,36.187984,36.188507,36.16123,36.145176,36.148933,36.18091,36.221607,36.23587,36.23735,36.238655,36.23432,36.222515,36.207146,36.197124,36.19858,36.19365,36.16908,36.126232,36.093746,36.0896,36.092323,36.006824,35.900635,35.86798,35.880817,35.907665,35.94642,36.052002,36.137543,36.22585,36.26862,36.236156,36.195652,36.18521,36.180332,36.177177,36.177937,36.173843,36.13016,36.199287,36.325737,36.339054,36.21693,35.98159,35.89886,35.89782,35.891487,35.919437,36.094707,36.330135,36.3671,36.30715,36.23139,36.17899,36.152214,36.109303,36.063957,36.07306,36.145782,36.223675,36.278137,36.349495,36.46746,36.59025,36.6557,36.641605,36.53364,36.375454,36.29852,36.311672,36.329514,36.32859,36.289238,36.275925,36.291153,36.34892,36.468994,36.52849,36.510178,36.510006,36.51536,36.51971,36.533066,36.55085,36.54748,36.50351,36.436295,36.378956,36.35313,36.358604,36.3901,36.45603,36.53738,36.650513,36.700867,36.750603,36.597538,36.35737,36.22866,36.181087,36.169506,36.18318,36.219055,36.276028,36.356483,36.416214,36.41025,36.269356,36.009193,35.76627,35.667652,35.613842,35.561733,35.54199,35.522015,35.511127,35.508476,35.506615,35.50875,35.583797,36.016502,36.291054,36.35138,36.32634,36.211037,36.15806,36.20609,36.308132,36.36372,36.326225,36.29874,36.275887,36.38671,36.71571,36.685112,36.55972,36.474457,36.419353,36.38067,36.313305,36.080486,35.869526,35.767296,35.705444,35.628845,35.56486,35.460655,35.411163,35.631855,35.93443,35.931736,35.806732,35.781853,35.804935,35.66658,35.46947,35.40482,35.22243,35.164787,35.181324,35.246426,35.376945,35.547066,35.68849,35.696938,35.62358,35.568027,35.676,35.866547,35.89396,35.827713,35.85136,35.830494,35.838737,35.914623,35.903625,35.665413,35.37805,35.19565,35.15982,35.156708,35.174393,35.199677,35.186264,35.14571,35.118546,35.029522,34.866898,34.807476,34.791466,34.790096,34.789474,34.80786,,,,,,,,,,,,,,,,,,,,,,,,,,,,,,,,,,,,,,,,,,,,,,,,,,,,,,,,,,,,,,,,,,,,,,,,,29.272728,29.52128,30.056734,30.817707,31.241686,31.42105,30.826765,30.708078,31.363575,32.390373,32.828403,33.024586,33.168427,33.28627,33.359215,33.409447,33.40203,33.40606,33.329674,33.226948,33.03486,32.767693,32.558804,32.415806,32.285526,32.21047,32.07689,31.78256,31.643814,31.652885,31.82068,32.089985,32.275345,32.359016,32.26985,32.142582,31.891855,31.721025,31.722425,31.733183,31.705004,31.653631,31.646317,31.677996,31.698227,31.659174,31.51484,31.439215,31.666403,31.994408,32.23832,32.49011,32.70471,32.808945,32.838898,32.777832,32.591587,32.481544,32.540325,32.78151,33.02586,33.230747,33.3315,32.70792,32.1598,31.985762,32.05549,32.220634,31.962145,31.790941,31.962738,32.189056,32.1885,31.978237,31.682732,31.390064,31.069511,30.930115,30.741905,30.568121,30.523048,30.48239,30.578737,30.743828,30.952166,31.1262,31.307049,31.580477,31.80003,32.026363,32.23513,32.494316,32.649296,32.737648,32.744617,32.7372,32.713413,32.670235,32.62067,32.557682,32.50746,32.470592,32.461044,32.45993,32.461372,32.477028,32.525013,32.584984,32.66293,32.709568,32.72884,32.769894,32.79181,32.771027,32.719982,32.67912,32.65442,32.66666,32.71324,32.775944,32.725975,32.477947,32.42069,32.40941,32.469025,32.57262,32.7252,32.86996,32.976418,33.038826
14.916672,,,,,,,,,,,,,,,,,,,,,,,,,,,,,,,,36.087906,36.10539,36.11562,36.126736,36.1337,36.154602,36.137775,36.126835,36.11853,36.115536,36.115704,36.12163,36.151413,36.174408,36.163963,36.139565,36.122684,36.094944,36.07354,36.064445,36.0554,36.058937,36.06214,36.076263,36.091618,36.103695,36.111187,36.11771,36.119606,36.121025,36.1221,36.122612,36.12061,36.1179,36.113136,36.107605,36.1027,36.09984,36.10259,36.112194,36.126972,36.138126,36.144768,36.149048,36.153244,36.15579,36.156635,36.156517,36.153664,36.148907,36.143497,36.1374,36.132072,36.124737,36.117615,36.11244,36.105946,36.10205,36.09773,36.09592,36.093956,36.09516,36.09563,36.096493,36.099403,36.09778,36.102802,36.10058,36.10472,36.10747,36.101234,36.108997,36.10343,36.104233,36.13283,36.168404,36.19175,36.20075,36.19946,36.187527,36.173622,36.152027,36.132153,36.113163,36.105167,36.103573,36.102333,36.103718,36.111095,36.1186,36.11602,36.103966,36.131172,36.17618,36.181473,36.155216,36.135223,36.129303,36.149113,36.193005,36.225063,36.23492,36.23607,36.233044,36.22816,36.220905,36.21477,36.214855,36.20997,36.17816,36.132843,36.10303,36.091507,36.072346,35.97831,35.890476,35.866043,35.88076,35.906986,35.95348,36.061626,36.149612,36.240837,36.27179,36.228638,36.184868,36.17368,36.16685,36.160835,36.16188,36.16256,36.134354,36.15621,36.28807,36.338234,36.245144,36.03059,35.922607,35.93836,35.927372,35.949684,36.123756,36.309772,36.32428,36.265385,36.194458,36.142017,36.11834,36.083656,36.041965,36.048054,36.107887,36.179924,36.247463,36.341137,36.47933,36.606895,36.671497,36.66173,36.56506,36.41221,36.315437,36.31801,36.341892,36.344772,36.3065,36.287018,36.299328,36.344322,36.45453,36.53924,36.55327,36.562508,36.573097,36.56187,36.559486,36.54936,36.530846,36.491253,36.44012,36.395782,36.374725,36.386585,36.438366,36.53082,36.614594,36.677715,36.7082,36.637672,36.379047,36.234825,36.173782,36.159122,36.170826,36.200577,36.248478,36.31021,36.37876,36.405968,36.257957,35.99083,35.74439,35.67539,35.639442,35.559944,35.53992,35.523735,35.511005,35.50772,35.506695,35.50794,35.508297,35.508854,35.675667,36.06877,36.299404,36.33174,36.244324,36.16382,36.173218,36.283146,36.387512,36.41852,36.383106,36.36,36.532616,36.764843,36.656895,36.48138,36.334442,36.199913,36.11714,36.144024,36.174454,36.14623,36.05878,35.9599,35.83656,35.665646,35.46791,35.38489,35.50798,35.925945,35.99444,35.877422,35.797127,35.770023,35.710228,35.491806,35.41191,35.382183,35.221752,35.15965,35.164413,35.213787,35.332188,35.48549,35.593678,35.600742,35.53561,35.510162,35.784695,36.0162,36.02958,36.011806,35.95973,35.875957,35.837696,35.96051,35.966038,35.69323,35.364864,35.17763,35.127132,35.092022,35.143803,35.18078,35.162098,35.119167,35.079952,34.98557,34.82644,34.784595,34.7876,34.79664,34.832165,34.88439,,,,,,,,,,,,,,,,,,,,,,,,,,,,,,,,,,,,,,,,,,,,,,,,,,,,,,,,,,,,,,,,,,,,,,,,29.407476,29.603899,30.069262,30.530489,30.952469,31.070301,30.70337,30.718582,31.82786,32.698147,32.99846,33.209667,33.368443,33.44941,33.512012,33.53519,33.56611,33.56267,33.564884,33.49049,33.39266,33.20948,32.9459,32.67932,32.513756,32.40625,32.362144,32.209824,31.893911,31.71619,31.704384,31.859488,32.16336,32.341553,32.383034,32.30492,32.07813,31.841183,31.763952,31.711397,31.646639,31.60776,31.610506,31.654247,31.680044,31.591618,31.464914,31.419779,31.64736,31.97117,32.208595,32.469906,32.723076,32.842533,32.868725,32.84087,32.721767,32.606308,32.6434,32.84889,33.0695,33.210926,33.3648,32.77721,32.39967,32.23152,32.245575,32.362072,32.25906,32.198784,32.45717,32.86166,32.983734,32.670723,32.28824,31.868176,31.40118,31.240093,31.085148,30.873459,30.752548,30.702345,30.686356,30.799658,31.003777,31.232386,31.609003,32.03343,32.39795,32.649326,32.84319,32.928684,32.91753,32.84254,32.724224,32.62341,32.548725,32.510006,32.487457,32.47907,32.472816,32.474373,32.47357,32.47888,32.495834,32.53378,32.580364,32.643383,32.7172,32.76931,32.813297,32.822838,32.79763,32.732517,32.68347,32.652866,32.63872,32.638233,32.672028,32.742935,32.72969,32.49359,32.403297,32.395348,32.469196,32.57544,32.69364,32.762142,32.792545,32.830708
14.833336,,,,,,,,,,,,,,,,,,,,,,,,,,,36.120106,36.11791,36.10499,36.08786,36.098015,36.08255,36.09561,36.11627,36.124428,36.144222,36.14753,36.113186,36.12192,36.12039,36.11638,36.12121,36.142086,36.167618,36.163074,36.13425,36.112095,36.088974,36.065605,36.055717,36.052677,36.054382,36.064995,36.08152,36.100376,36.11135,36.118896,36.11891,36.11988,36.120792,36.122635,36.123863,36.124073,36.12388,36.123337,36.121403,36.118183,36.11384,36.107933,36.10317,36.102364,36.108162,36.119358,36.131393,36.140167,36.144688,36.14702,36.147655,36.146496,36.143925,36.13953,36.134064,36.127724,36.120705,36.113728,36.107594,36.101902,36.095726,36.094093,36.092503,36.093365,36.094555,36.096733,36.099213,36.099472,36.10258,36.100056,36.10275,36.102177,36.10037,36.10635,36.101326,36.106544,36.10804,36.098686,36.122833,36.16684,36.195015,36.203373,36.20618,36.19943,36.192677,36.187424,36.16926,36.14841,36.125572,36.109337,36.10613,36.109516,36.11567,36.12068,36.114902,36.10213,36.12304,36.1714,36.178867,36.153328,36.130875,36.11509,36.11825,36.154552,36.19995,36.2252,36.232044,36.229427,36.220562,36.207466,36.197784,36.199074,36.198627,36.176662,36.135185,36.107185,36.081116,36.04484,35.946373,35.877407,35.86342,35.88312,35.912937,35.965313,36.07364,36.184437,36.254833,36.271667,36.218857,36.173153,36.162643,36.15725,36.149837,36.149254,36.1519,36.140537,36.12664,36.253662,36.32949,36.26696,36.086487,35.9637,35.98421,35.97005,35.98159,36.140804,36.280415,36.28868,36.24112,36.1767,36.119526,36.09385,36.063805,36.026073,36.030838,36.084103,36.157753,36.239594,36.358944,36.51498,36.640156,36.689167,36.67399,36.588066,36.447258,36.33973,36.33182,36.358612,36.365993,36.327316,36.304348,36.3126,36.346985,36.44685,36.53538,36.561214,36.58596,36.61239,36.60282,36.59473,36.571068,36.547176,36.512127,36.480015,36.45873,36.463036,36.501385,36.56231,36.62213,36.65686,36.67458,36.630505,36.405483,36.253872,36.17384,36.146732,36.153633,36.184166,36.22938,36.285255,36.342003,36.378204,36.27344,36.03207,35.80138,35.67846,35.64028,35.557266,35.566383,35.574615,35.586315,35.58684,35.58337,35.55877,35.558125,35.564842,35.531303,35.552578,35.88536,36.196156,36.316376,36.292736,36.182953,36.16044,36.236412,36.360054,36.443974,36.466045,36.457203,36.60714,36.646156,36.465317,36.298374,36.197777,36.14327,36.108776,36.083454,36.07779,36.12199,36.121365,36.068913,35.982918,35.836063,35.581093,35.400383,35.627533,36.006153,36.04967,35.930927,35.845016,35.808483,35.72243,35.52702,35.3883,35.390984,35.380486,35.254528,35.16835,35.172077,35.20735,35.293804,35.38926,35.46326,35.4847,35.39981,35.463444,35.738186,36.011948,36.131214,36.141758,36.02391,35.8403,35.889595,36.028778,36.04084,35.72208,35.39449,35.18577,35.065247,35.051327,35.12233,35.159325,35.141308,35.083763,35.04403,34.951187,34.830414,34.797928,34.796803,34.815857,34.85562,,,,,,,,,,,,,,,,,,,,,,,,,,,,,,,,,,,,,,,,,,,,,,,,,,,,,,,,,,,,,,,,,,,,,,,,29.50489,29.943842,30.412695,30.583654,30.794935,30.739634,30.621555,30.79334,32.420494,32.903553,33.218758,33.367676,33.43619,33.47011,33.500786,33.507874,33.532177,33.566097,33.61404,33.643383,33.598843,33.47765,33.294506,33.031082,32.757244,32.58542,32.496788,32.45853,32.290405,31.959953,31.774223,31.753498,31.894276,32.16944,32.335846,32.344555,32.229393,32.03006,31.880316,31.767069,31.682264,31.643745,31.66189,31.686953,31.606033,31.488947,31.408358,31.41738,31.648989,31.981188,32.201714,32.4705,32.742153,32.8668,32.891296,32.87452,32.811047,32.74179,32.772537,32.94475,33.128326,33.215855,33.375572,32.90316,32.592777,32.43879,32.42888,32.481506,32.39821,32.322323,32.52823,32.763134,32.85862,33.04779,33.055668,32.92238,32.118923,31.727493,31.397537,31.252275,31.068687,31.06413,31.013948,31.013199,31.174047,31.460691,31.918787,32.362263,32.719566,32.89858,32.93809,32.89105,32.787636,32.667835,32.59282,32.570766,32.574783,32.58101,32.578773,32.575428,32.57163,32.56298,32.555977,32.55357,32.549706,32.58789,32.680687,32.758656,32.80978,32.840866,32.844154,32.81637,32.75083,32.68949,32.646313,32.623344,32.615864,32.61199,32.635586,32.713074,32.741417,32.53763,32.40077,32.390793,32.466995,32.5832,32.68105,32.71314,32.702854,32.699825
14.75,,,,,,,,,,,,,,,,,,,,,,,,36.110397,36.109425,36.110893,36.120758,36.13109,36.103622,36.06471,36.069874,36.085857,36.083607,36.10521,36.11996,36.15279,36.141106,36.112267,36.13178,36.121307,36.123825,36.141098,36.15947,36.162422,36.134792,36.10894,36.085434,36.063446,36.053158,36.047523,36.052467,36.065376,36.084717,36.10398,36.114876,36.116165,36.1149,36.11053,36.11343,36.117428,36.119446,36.119034,36.119244,36.118137,36.11869,36.119423,36.11923,36.120018,36.118065,36.11383,36.107536,36.103985,36.105297,36.111538,36.121655,36.130943,36.136322,36.138435,36.13784,36.134396,36.12818,36.12204,36.114502,36.109238,36.104534,36.099155,36.096916,36.094128,36.09702,36.09682,36.10018,36.102745,36.107906,36.111122,36.11118,36.11352,36.1074,36.108067,36.10586,36.101818,36.10732,36.102993,36.104282,36.108147,36.10187,36.11158,36.160423,36.202892,36.218506,36.218937,36.212677,36.20662,36.20273,36.199272,36.178677,36.15963,36.13653,36.10825,36.105568,36.116253,36.12335,36.11777,36.102097,36.11662,36.161312,36.17414,36.15431,36.132965,36.11123,36.097286,36.1175,36.16466,36.20492,36.22407,36.22679,36.218758,36.204617,36.186985,36.188103,36.19499,36.18171,36.143723,36.106667,36.06414,36.01203,35.92427,35.86909,35.86349,35.88635,35.917885,35.978283,36.091457,36.195423,36.25711,36.26955,36.213882,36.172554,36.162933,36.155674,36.14691,36.143127,36.1445,36.14082,36.11468,36.222748,36.317276,36.287445,36.146122,36.01897,36.032692,36.02139,36.018288,36.149372,36.251114,36.260456,36.227695,36.173313,36.113155,36.07993,36.04845,36.014782,36.018475,36.07057,36.152096,36.257065,36.40467,36.568558,36.67683,36.70759,36.67869,36.595886,36.465862,36.358765,36.342148,36.375305,36.389133,36.35549,36.32426,36.32191,36.345287,36.430405,36.512615,36.53611,36.57126,36.621475,36.63318,36.640053,36.626694,36.60938,36.592857,36.57872,36.57108,36.582024,36.601276,36.61928,36.632233,36.6289,36.584534,36.41643,36.25461,36.170673,36.1399,36.142563,36.169006,36.214718,36.26229,36.317154,36.350426,36.270775,36.064953,35.85679,35.715527,35.660812,35.595856,35.600105,35.638054,35.668938,35.69876,35.72043,35.718792,35.67893,35.62756,35.65633,35.60321,35.562763,35.74747,36.116066,36.31101,36.31915,36.21997,36.160347,36.19692,36.298553,36.405064,36.471584,36.477135,36.523926,36.45053,36.29788,36.202057,36.1731,36.174286,36.16854,36.13922,36.13968,36.119682,36.020535,35.94924,35.943157,35.907555,35.671383,35.5611,35.86636,36.16128,36.135956,35.98138,35.878128,35.83064,35.739845,35.570408,35.411823,35.355755,35.37978,35.39548,35.309563,35.215313,35.198284,35.218033,35.258183,35.313206,35.380333,35.35454,35.32522,35.45263,35.630363,35.89392,36.163784,36.209007,35.965946,35.856636,35.96616,36.071373,36.025528,35.742058,35.406853,35.124203,35.039333,35.041397,35.092396,35.149265,35.115112,35.048817,35.00539,34.935715,34.838245,34.797157,34.788044,34.801506,34.827206,,,,,,,,,,,,,,,,,,,,,,,,,,,,,,,,,,,,,,,,,,,,,,,,,,,,,,,,,,,,,,,,,,,,,,,29.51221,29.744947,30.439474,30.66763,30.665018,30.559164,30.713552,31.453321,32.739113,33.163544,33.329895,33.375324,33.438145,33.487564,33.48823,33.47941,33.48548,33.53399,33.59378,33.66184,33.679478,33.617527,33.465816,33.296673,33.065323,32.808884,32.642048,32.557854,32.530277,32.32576,32.018417,31.804806,31.794449,31.906456,32.104298,32.224537,32.194042,32.096756,31.972143,31.816626,31.728647,31.679556,31.631596,31.570604,31.46172,31.405827,31.398672,31.434086,31.72187,32.028423,32.2194,32.480156,32.761845,32.902622,32.919487,32.90927,32.86975,32.846844,32.899456,33.05107,33.19618,33.240723,33.383778,33.047237,32.743244,32.603844,32.59873,32.622536,32.568027,32.418785,32.480347,32.618626,32.844032,33.015446,33.060722,33.063004,32.985676,32.390694,31.761162,31.601122,31.445694,31.419224,31.414541,31.506586,31.599056,31.934168,32.311615,32.680668,32.87005,32.92541,32.909885,32.84522,32.80283,32.77889,32.75911,32.73961,32.716095,32.688816,32.664818,32.644936,32.62687,32.619198,32.60666,32.594128,32.602234,32.66678,32.750465,32.803314,32.827545,32.83057,32.821884,32.787792,32.728565,32.66251,32.615677,32.59447,32.589798,32.589436,32.60338,32.682114,32.744537,32.563625,32.396374,32.39366,32.463657,32.586502,32.663975,32.64507,32.568436,32.561134
14.666672,,,,,,,,,,,,,,,,,,,,,,36.104607,36.09275,36.091656,36.08687,36.096985,36.103573,36.119637,36.115932,36.081394,36.047672,36.087875,36.084667,36.109314,36.11324,36.15757,36.131496,36.120155,36.142887,36.126614,36.14467,36.15468,36.15827,36.140038,36.11065,36.088947,36.06663,36.052574,36.047123,36.04849,36.06274,36.0845,36.10249,36.111786,36.108913,36.103535,36.101562,36.106102,36.116608,36.121166,36.12159,36.118473,36.115902,36.11391,36.11283,36.11297,36.112488,36.11489,36.11814,36.120502,36.119167,36.113224,36.107666,36.10367,36.10346,36.106865,36.111473,36.114933,36.116493,36.11493,36.110607,36.108215,36.10623,36.105274,36.101566,36.099083,36.09696,36.09761,36.102783,36.106205,36.11332,36.12111,36.128815,36.13227,36.13039,36.126755,36.116215,36.113834,36.109356,36.103695,36.107594,36.102776,36.10187,36.106697,36.10442,36.103535,36.149124,36.205013,36.238235,36.245182,36.241104,36.230316,36.223743,36.222843,36.219578,36.20034,36.180737,36.144855,36.10518,36.100315,36.115837,36.118362,36.10479,36.11198,36.156338,36.17234,36.157646,36.1401,36.116665,36.09073,36.094063,36.130505,36.17544,36.207573,36.22167,36.218487,36.206726,36.189735,36.186592,36.193794,36.18589,36.146893,36.10311,36.046932,35.9781,35.89973,35.862392,35.866978,35.892708,35.92918,35.996292,36.11375,36.2119,36.26584,36.26509,36.209213,36.167328,36.164936,36.161633,36.153904,36.14435,36.140915,36.137386,36.113136,36.18906,36.296215,36.30315,36.20789,36.086872,36.08177,36.07036,36.059723,36.15324,36.224487,36.23736,36.216003,36.174488,36.11381,36.073193,36.038887,36.007755,36.011986,36.065933,36.159866,36.29553,36.470264,36.6301,36.709587,36.714184,36.67591,36.594997,36.476345,36.37536,36.353554,36.390465,36.412434,36.386,36.34617,36.334362,36.347248,36.406178,36.469585,36.480385,36.4931,36.54829,36.58723,36.61142,36.624573,36.621525,36.61541,36.604168,36.590458,36.58045,36.57369,36.568268,36.551098,36.498566,36.39305,36.259834,36.169533,36.138657,36.141186,36.169834,36.212658,36.261356,36.305065,36.34878,36.2737,36.082355,35.898197,35.77119,35.693443,35.639084,35.64589,35.68155,35.741116,35.801376,35.863514,35.881626,35.869442,35.818478,35.722225,35.697514,35.69407,35.61312,35.70234,36.036583,36.283405,36.32516,36.2622,36.177002,36.172676,36.239548,36.335545,36.39936,36.40448,36.401127,36.30155,36.20594,36.17907,36.223072,36.271553,36.30195,36.31713,36.295273,36.21052,36.10979,36.081776,36.11713,36.072323,35.970135,35.99137,36.21002,36.31879,36.196888,36.02921,35.920944,35.87972,35.78435,35.609417,35.444008,35.362476,35.359875,35.397697,35.42803,35.391525,35.307682,35.262596,35.25482,35.265835,35.30209,35.315697,35.312626,35.352894,35.501328,35.679844,36.016106,36.283,36.15389,35.915142,35.918877,36.023163,36.057755,35.978485,35.698578,35.30121,35.047337,35.032837,35.001434,35.091805,35.142883,35.082092,34.996387,34.958157,34.876797,34.80856,34.786366,34.787937,34.805164,34.85009,,,,,,,,,,,,,,,,,,,,,,,,,,,,,,,,,,,,,,,,,,,,,,,,,,,,,,,,,,,,,,,,,,,,,,,29.674751,30.043262,30.56035,30.543472,30.522194,30.70778,32.59709,32.97354,33.27984,33.30792,33.415558,33.494926,33.484097,33.449165,33.402184,33.42182,33.495117,33.581863,33.665386,33.713875,33.70449,33.605377,33.446785,33.292686,33.09293,32.862617,32.665276,32.61623,32.557953,32.35577,32.064617,31.836922,31.824955,31.8711,31.973131,32.018036,32.004524,31.93213,31.823023,31.739826,31.650219,31.556406,31.501692,31.454773,31.432676,31.437944,31.541306,31.847143,32.08578,32.244915,32.50723,32.794476,32.925507,32.93191,32.92692,32.9071,32.913307,32.990192,33.134407,33.258747,33.276516,33.38941,33.187405,32.83192,32.726967,32.728302,32.738373,32.71454,32.596474,32.528217,32.6334,32.869167,33.007828,33.05656,33.073696,33.055546,32.94935,32.578487,32.02266,31.817802,31.77356,31.77228,31.82261,32.003864,32.346485,32.612286,32.80722,32.888206,32.91732,32.89068,32.847477,32.81625,32.804596,32.790493,32.761826,32.72223,32.685253,32.658348,32.63913,32.619793,32.61188,32.618618,32.631912,32.646225,32.688595,32.740147,32.770206,32.785862,32.79285,32.79898,32.779224,32.706676,32.631,32.58553,32.569164,32.56952,32.5739,32.57852,32.651524,32.730797,32.57354,32.39757,32.398804,32.467884,32.59398,32.644634,32.561123,32.463852,32.44448
14.583336,,,,,,,,,,,,,,,,,,,,36.084095,36.05992,36.01921,35.99541,36.00081,36.012836,36.040928,36.054203,36.08455,36.116276,36.11443,36.06416,36.063744,36.097126,36.123135,36.094997,36.153454,36.134968,36.12564,36.148487,36.137455,36.155552,36.15396,36.143757,36.11891,36.095196,36.075245,36.05655,36.047447,36.04573,36.055847,36.078304,36.09749,36.102856,36.099064,36.093426,36.093716,36.10366,36.117607,36.125957,36.12684,36.122787,36.117054,36.11277,36.109417,36.10833,36.108387,36.106796,36.106926,36.10845,36.111233,36.11473,36.116978,36.11928,36.116394,36.11306,36.11109,36.109028,36.108143,36.108246,36.107243,36.107327,36.10856,36.107475,36.102062,36.096622,36.094257,36.09765,36.10549,36.116074,36.12472,36.14012,36.154686,36.165672,36.167038,36.15812,36.143223,36.126,36.11953,36.11085,36.10356,36.106316,36.1045,36.09998,36.106346,36.10446,36.1001,36.138138,36.200863,36.24821,36.271206,36.276558,36.268578,36.254448,36.247944,36.248142,36.24081,36.224876,36.204803,36.159355,36.115925,36.110252,36.11514,36.103355,36.11182,36.149048,36.167366,36.159313,36.14743,36.12411,36.09114,36.084045,36.110188,36.150562,36.185913,36.20807,36.210133,36.202953,36.190296,36.183834,36.1909,36.183357,36.145496,36.091385,36.02029,35.938477,35.88325,35.861496,35.87252,35.9011,35.940655,36.01798,36.133575,36.227413,36.26623,36.266933,36.2042,36.168327,36.172665,36.17675,36.1705,36.15343,36.140915,36.135815,36.11572,36.160625,36.2712,36.30966,36.255157,36.156933,36.1307,36.116974,36.102894,36.16008,36.20517,36.21678,36.202652,36.17478,36.116745,36.070786,36.033443,36.00298,36.00952,36.07172,36.184944,36.354607,36.546158,36.685318,36.72872,36.708294,36.655952,36.580795,36.48084,36.389706,36.364933,36.402824,36.433872,36.413143,36.368168,36.351,36.363026,36.400402,36.44912,36.458344,36.438625,36.44986,36.47198,36.492947,36.509727,36.518867,36.516193,36.5043,36.48795,36.47521,36.46225,36.44107,36.404964,36.334072,36.242725,36.166794,36.13798,36.143356,36.172955,36.217464,36.266144,36.30553,36.338684,36.291145,36.09769,35.922073,35.80891,35.74274,35.678207,35.676273,35.70916,35.778687,35.881252,35.958733,35.993378,36.00229,35.9949,35.96794,35.8635,35.738354,35.78901,35.703903,35.719776,35.956825,36.208897,36.29733,36.279533,36.208183,36.166756,36.203278,36.266727,36.309925,36.334564,36.301373,36.2069,36.156628,36.20257,36.321236,36.445335,36.550346,36.60619,36.58149,36.524513,36.501617,36.486095,36.46889,36.444607,36.436234,36.488773,36.52599,36.44375,36.254982,36.076927,35.96666,35.933468,35.848465,35.644978,35.48792,35.4396,35.412716,35.430443,35.47013,35.492527,35.473667,35.43754,35.38042,35.34416,35.348026,35.335674,35.325047,35.36745,35.436428,35.630836,36.023956,36.322514,36.324615,36.091328,35.927666,36.000584,36.05832,36.044853,35.877556,35.51778,35.15245,35.02902,34.97956,35.001156,35.104584,35.134773,35.038136,34.97556,34.918377,34.84133,34.792065,34.77354,34.765335,34.785458,34.800026,,,,,,,,,,,,,,,,,,,,,,,,,,,,,,,,,,,,,,,,,,,,,,,,,,,,,,,,,,,,,,,,,,,,,,29.704058,30.095623,30.542597,30.621452,30.697441,31.737377,32.774323,33.124344,33.290806,33.3644,33.486877,33.501053,33.434063,33.345173,33.283756,33.337036,33.431767,33.539696,33.656075,33.7199,33.717392,33.66555,33.526337,33.35145,33.232525,33.07334,32.845806,32.698692,32.65442,32.592014,32.40449,32.144398,31.935963,31.844604,31.82219,31.825323,31.81617,31.78666,31.718199,31.664415,31.59899,31.526196,31.540115,31.479939,31.49235,31.598646,31.71727,31.957392,32.129787,32.277157,32.549603,32.837475,32.94462,32.946285,32.95233,32.959015,32.979908,33.06658,33.20551,33.316154,33.318546,33.395405,33.312572,32.90774,32.826324,32.819695,32.82075,32.79988,32.745564,32.6747,32.752502,32.916527,33.002224,33.04227,33.05998,33.045254,33.009506,32.971764,32.819633,32.32687,31.998726,32.031784,31.990606,32.138393,32.414047,32.641933,32.793755,32.893,32.91277,32.87597,32.8522,32.86315,32.854744,32.801075,32.733654,32.67431,32.621666,32.58325,32.558666,32.54412,32.547867,32.563385,32.58343,32.61437,32.655003,32.689686,32.71645,32.739845,32.762707,32.781925,32.76046,32.67473,32.59749,32.564877,32.562138,32.571884,32.572838,32.56519,32.627743,32.720947,32.602573,32.409245,32.40571,32.47184,32.610886,32.66107,32.54442,32.420425,32.41149
14.5,,,,,,,,,,,,,,,,,,36.10215,36.04961,35.9664,35.917786,35.8974,35.898533,35.92316,35.961918,35.980404,36.002125,36.03976,36.064007,36.1188,36.089462,36.049797,36.081,36.112682,36.0917,36.16468,36.135082,36.123867,36.15109,36.1429,36.15446,36.14361,36.126736,36.105545,36.084454,36.06749,36.052334,36.04458,36.049744,36.067596,36.087685,36.093784,36.088173,36.0843,36.088017,36.09867,36.115196,36.1263,36.126797,36.122627,36.114487,36.108135,36.103497,36.100765,36.099773,36.10189,36.103157,36.10417,36.10456,36.104122,36.104515,36.103657,36.10838,36.109047,36.111115,36.11305,36.11252,36.1131,36.11289,36.11013,36.108704,36.103024,36.09422,36.085407,36.086784,36.09424,36.1106,36.12912,36.14743,36.16995,36.196136,36.21714,36.229088,36.220257,36.195034,36.1656,36.14233,36.128853,36.113686,36.10552,36.10689,36.103672,36.097565,36.103535,36.10323,36.0998,36.133793,36.201855,36.26055,36.294994,36.309273,36.3094,36.28962,36.269566,36.261253,36.259068,36.25543,36.245678,36.21721,36.160473,36.122734,36.109406,36.10158,36.104923,36.13612,36.159008,36.158405,36.150986,36.12657,36.089527,36.08059,36.105244,36.14061,36.171913,36.192745,36.19857,36.200733,36.191715,36.184597,36.1895,36.180096,36.137882,36.068516,35.983593,35.908756,35.874676,35.86362,35.880585,35.912643,35.95784,36.042206,36.15745,36.23694,36.275345,36.270695,36.205914,36.17006,36.185703,36.200058,36.197563,36.172096,36.146446,36.136894,36.122025,36.141567,36.249634,36.309784,36.287544,36.216854,36.17945,36.159462,36.14229,36.168087,36.190617,36.197025,36.191296,36.17025,36.116413,36.070816,36.029785,35.9995,36.011497,36.086555,36.228306,36.429176,36.62146,36.722797,36.731323,36.689713,36.622974,36.55373,36.474293,36.39822,36.376213,36.414215,36.454082,36.438488,36.389153,36.369194,36.38429,36.409317,36.444916,36.46602,36.44562,36.432316,36.429314,36.42348,36.4146,36.410484,36.40578,36.39371,36.369713,36.34675,36.3271,36.30735,36.27766,36.221798,36.16502,36.142975,36.156296,36.187523,36.22926,36.272545,36.309353,36.343204,36.312675,36.126274,35.95528,35.85798,35.79961,35.739025,35.711155,35.727264,35.79848,35.897305,36.0135,36.05014,36.070606,36.08321,36.077698,36.074574,36.028976,35.856663,35.832787,35.782845,35.741333,35.9108,36.118813,36.250584,36.253727,36.21353,36.167454,36.174572,36.212368,36.256382,36.264076,36.196426,36.13326,36.13333,36.21494,36.36031,36.51213,36.65713,36.75545,36.794376,36.795677,36.79157,36.757885,36.720192,36.685925,36.673397,36.656105,36.576664,36.47256,36.29117,36.119205,36.01291,35.986504,35.937695,35.74154,35.592934,35.561768,35.54669,35.529827,35.556465,35.585457,35.60065,35.60875,35.585094,35.52909,35.50145,35.47181,35.436676,35.454254,35.456295,35.61313,36.04069,36.390694,36.49145,36.32173,36.007286,35.98278,36.064556,36.11034,35.990932,35.65113,35.267464,35.068993,34.976025,34.971363,35.02604,35.131474,35.10601,35.01916,34.96896,34.89152,34.82013,34.779297,34.752907,34.75225,34.782127,,,,,,,,,,,,,,,,,,,,,,,,,,,,,,,,,,,,,,,,,,,,,,,,,,,,,,,,,,,,,,,,,,,,,,29.780233,30.187912,30.663673,30.729912,31.156723,32.6959,32.74957,33.222157,33.28927,33.39878,33.508514,33.4623,33.37355,33.25858,33.202957,33.245968,33.339634,33.456314,33.592865,33.684906,33.7052,33.660618,33.571667,33.39447,33.2346,33.138496,32.966045,32.7628,32.65075,32.627666,32.57002,32.418114,32.22561,32.052536,31.934982,31.847706,31.789968,31.74124,31.673876,31.653965,31.592869,31.564854,31.582169,31.557423,31.653437,31.760696,31.85776,32.05244,32.178303,32.32728,32.617523,32.895542,32.97084,32.961758,32.98568,33.013077,33.054665,33.145313,33.271233,33.364403,33.358784,33.408062,33.390915,32.963085,32.879654,32.880623,32.845314,32.840378,32.815697,32.79596,32.865856,32.958546,33.00515,33.0325,33.054577,33.046875,33.007126,32.94909,32.902927,32.783455,32.403385,32.154335,32.166237,32.19808,32.371864,32.605995,32.811844,32.91062,32.904457,32.891693,32.913563,32.903145,32.807663,32.685074,32.582336,32.512653,32.450237,32.403294,32.378757,32.362175,32.35574,32.360153,32.387524,32.433746,32.491825,32.54211,32.582203,32.63101,32.68559,32.723145,32.703438,32.63104,32.575554,32.558422,32.574257,32.59598,32.59118,32.565617,32.61533,32.71405,32.61589,32.420578,32.40796,32.481586,32.632538,32.68325,32.562595,32.39936,32.353878
14.416672,,,,,,,,,,,,,,,,,36.09254,35.98113,35.90219,35.86569,35.859833,35.86178,35.88316,35.92426,35.963627,35.99768,36.010258,36.02516,36.040527,36.070423,36.12105,36.071804,36.05131,36.071728,36.055077,36.159107,36.1458,36.118244,36.14967,36.14289,36.14876,36.13337,36.116955,36.098717,36.08045,36.063755,36.04833,36.04338,36.055897,36.074852,36.08432,36.079247,36.07441,36.08088,36.091602,36.10691,36.119762,36.123775,36.12376,36.120445,36.11271,36.106693,36.10147,36.098778,36.096027,36.095825,36.096123,36.098427,36.10116,36.103733,36.105255,36.10372,36.10373,36.09804,36.097755,36.095203,36.09299,36.09305,36.09093,36.085484,36.08275,36.07338,36.073814,36.078865,36.097946,36.12536,36.15362,36.18347,36.214634,36.246174,36.278328,36.300537,36.29915,36.266663,36.22334,36.187244,36.160454,36.142532,36.12314,36.112453,36.10956,36.102825,36.09432,36.101063,36.103706,36.100143,36.136593,36.208385,36.269802,36.307762,36.329685,36.342014,36.33044,36.302486,36.279953,36.26111,36.247406,36.24536,36.233845,36.197124,36.153515,36.123817,36.10042,36.100437,36.126755,36.15037,36.15085,36.147694,36.120205,36.082737,36.07987,36.112473,36.147835,36.173214,36.187836,36.1918,36.1942,36.185394,36.181664,36.18678,36.173527,36.121033,36.034184,35.943367,35.891655,35.871674,35.869522,35.890194,35.925045,35.977295,36.07004,36.179474,36.25276,36.278244,36.270416,36.2054,36.174747,36.200737,36.22686,36.23093,36.20085,36.16077,36.14136,36.129562,36.13286,36.231525,36.303352,36.305023,36.258327,36.22165,36.194855,36.177147,36.177006,36.181328,36.18259,36.179657,36.157265,36.11295,36.072617,36.02715,35.999584,36.0213,36.11512,36.292496,36.51415,36.6835,36.74045,36.71973,36.655018,36.5811,36.51641,36.453472,36.3952,36.383957,36.42514,36.47175,36.461266,36.408966,36.38733,36.40862,36.429558,36.4512,36.476013,36.473553,36.45656,36.436436,36.415096,36.393326,36.364033,36.335148,36.30483,36.26839,36.241573,36.22538,36.211693,36.191055,36.164425,36.15242,36.171494,36.210636,36.2508,36.284927,36.311966,36.348114,36.34161,36.17355,35.981434,35.905663,35.857937,35.789288,35.755695,35.7525,35.803104,35.880226,36.025826,36.09396,36.11366,36.132103,36.152504,36.14099,36.14534,36.13919,36.00663,35.8887,35.88241,35.80193,35.890408,36.067055,36.18573,36.206654,36.188637,36.1606,36.14822,36.16001,36.177902,36.158974,36.130264,36.138977,36.154957,36.207554,36.305943,36.44833,36.588963,36.6792,36.7166,36.731796,36.74314,36.733395,36.6955,36.641605,36.621635,36.59332,36.546314,36.480343,36.349907,36.18188,36.055027,36.023155,36.012383,35.902817,35.744938,35.688763,35.69648,35.67928,35.67843,35.702656,35.722324,35.73952,35.75128,35.73739,35.70925,35.67247,35.647026,35.608086,35.519234,35.619984,36.04645,36.45262,36.659676,36.53369,36.21007,36.012314,36.054173,36.121933,36.077374,35.767773,35.35958,35.11654,34.977455,34.940807,34.971844,35.063713,35.14909,35.09289,35.02302,34.949238,34.852757,34.783607,34.75576,34.75534,34.80775,34.902744,,,,,,,,,,,,,,,,,,,,,,,,,,,,,,,,,,,,,,,,,,,,,,,,,,,,,,,,,,,,,,,,,,,,,29.778301,29.958303,30.642666,31.067644,31.870811,32.663292,32.86894,33.272995,33.290016,33.44897,33.52412,33.479607,33.39172,33.23612,33.14663,33.17112,33.229847,33.313046,33.44089,33.568943,33.635273,33.633335,33.57861,33.466496,33.282303,33.144302,33.054623,32.89316,32.710224,32.629356,32.588455,32.52601,32.41173,32.269035,32.157757,32.041264,31.951365,31.882835,31.803787,31.77794,31.727238,31.69982,31.72866,31.718779,31.828018,31.888111,31.96739,32.12382,32.235603,32.39951,32.702816,32.949863,32.985405,32.969822,33.013046,33.071884,33.129177,33.222054,33.331448,33.40335,33.39049,33.420174,33.408085,32.97513,32.8907,32.90118,32.85632,32.86016,32.87335,32.915993,32.987137,33.038235,33.035698,33.03653,33.055874,33.046444,33.004436,32.954647,32.923416,32.87882,32.7408,32.406433,32.331593,32.31135,32.46346,32.708546,32.886982,32.917866,32.91109,32.933582,32.93605,32.80093,32.615723,32.480057,32.39367,32.348427,32.313583,32.289658,32.2678,32.252945,32.242226,32.238117,32.24278,32.254555,32.279137,32.318306,32.366028,32.439613,32.532562,32.601887,32.605473,32.571613,32.541866,32.54907,32.58928,32.62078,32.614536,32.575512,32.615807,32.713673,32.621853,32.417152,32.407238,32.456417,32.629852,32.70827,32.621605,32.424683,32.286983
14.333336,,,,,,,,,,,,,,,,,35.960217,35.899754,35.89763,35.904243,35.87811,35.860653,35.876804,35.93398,35.977463,36.008675,36.02516,36.02861,36.04138,36.049812,36.089,36.117897,36.075478,36.05536,36.048286,36.166935,36.1702,36.110523,36.14195,36.14012,36.13864,36.126873,36.110107,36.096127,36.077694,36.06138,36.044926,36.043415,36.06004,36.074013,36.072716,36.066887,36.071144,36.083214,36.095253,36.108112,36.115906,36.119354,36.12425,36.123516,36.121017,36.11556,36.111073,36.106663,36.10212,36.099426,36.0961,36.095463,36.097282,36.10034,36.104137,36.10494,36.103825,36.097233,36.0947,36.086308,36.0817,36.078613,36.072544,36.072716,36.07408,36.080692,36.09233,36.122234,36.15932,36.194412,36.229385,36.264683,36.296448,36.327793,36.35314,36.358017,36.33055,36.279346,36.22554,36.18643,36.157906,36.143803,36.124104,36.114452,36.10752,36.099976,36.089256,36.09793,36.101616,36.10337,36.148674,36.2212,36.27901,36.31197,36.333416,36.3501,36.355637,36.336147,36.31255,36.288677,36.26345,36.262123,36.25683,36.22211,36.183235,36.148384,36.119873,36.104668,36.119076,36.135273,36.136536,36.138588,36.10574,36.07292,36.087395,36.13206,36.16701,36.182594,36.184357,36.18393,36.189766,36.18064,36.18109,36.18487,36.160892,36.089813,35.988194,35.90713,35.88497,35.87395,35.877663,35.902,35.939835,36.001163,36.100536,36.204983,36.26419,36.283512,36.274075,36.20935,36.179424,36.21308,36.250023,36.262486,36.23401,36.1821,36.14759,36.135323,36.13404,36.218323,36.296295,36.314148,36.28606,36.255016,36.227432,36.20565,36.1876,36.176968,36.17173,36.164883,36.14261,36.11161,36.07241,36.024223,36.005108,36.04269,36.165504,36.378815,36.60121,36.722363,36.740913,36.69363,36.61211,36.536472,36.4772,36.42998,36.38654,36.387726,36.434452,36.485992,36.483852,36.42897,36.40276,36.434074,36.46179,36.46696,36.47969,36.482685,36.46893,36.43157,36.38814,36.3488,36.30855,36.27233,36.241093,36.2039,36.18572,36.173088,36.165188,36.161106,36.165455,36.189228,36.230522,36.274193,36.307526,36.3352,36.363796,36.366257,36.23612,36.04028,35.94081,35.906185,35.85902,35.821514,35.803387,35.826927,35.872513,35.986443,36.115925,36.166553,36.179577,36.190224,36.21064,36.199554,36.189335,36.204395,36.12847,35.959415,35.971306,35.85697,35.892254,36.060806,36.152184,36.145008,36.141277,36.14031,36.138172,36.138386,36.139,36.139084,36.142414,36.124596,36.10294,36.15497,36.348316,36.54319,36.659607,36.693882,36.70123,36.699,36.692047,36.68883,36.666843,36.627686,36.60806,36.6036,36.57485,36.498966,36.37355,36.21032,36.080364,36.049755,36.05752,36.016796,35.902065,35.8156,35.779934,35.813374,35.829353,35.827908,35.8445,35.85993,35.860767,35.8458,35.833817,35.840836,35.809517,35.758717,35.663918,35.696968,36.052235,36.45868,36.67484,36.672634,36.43884,36.122734,36.05909,36.11408,36.103878,35.845455,35.46476,35.184227,34.993202,34.902405,34.924164,34.969364,35.097775,35.145927,35.087627,35.013893,34.915554,34.81507,34.76714,34.753128,34.790665,34.87108,,,,,,,,,,,,,,,,,,,,,,,,,,,,,,,,,,,,,,,,,,,,,,,,,,,,,,,,,,,,,,,,,,,,,29.766552,30.035006,30.640554,31.252523,32.23112,32.644997,32.929047,33.26665,33.290207,33.470272,33.54017,33.50077,33.405613,33.21692,33.120792,33.09454,33.10221,33.145332,33.20857,33.321598,33.458576,33.54607,33.562485,33.509315,33.386707,33.22151,33.101868,32.98419,32.846214,32.722404,32.63546,32.57532,32.497097,32.39639,32.312004,32.211655,32.1326,32.08128,32.014297,31.99817,31.968346,31.947557,31.976261,31.962439,32.040253,32.041695,32.105843,32.22962,32.326206,32.505016,32.811558,33.009624,32.999382,32.984585,33.042698,33.120102,33.19209,33.285595,33.3859,33.438816,33.419746,33.4335,33.395046,32.946766,32.908585,32.91216,32.864166,32.896904,32.97752,33.082092,33.146748,33.144035,33.085552,33.063316,33.07886,33.054886,32.996883,32.95475,32.923218,32.90763,32.871254,32.719734,32.559196,32.54859,32.69022,32.86154,32.919483,32.921013,32.947975,32.963615,32.83604,32.586704,32.448193,32.405354,32.40061,32.39266,32.3867,32.372253,32.349483,32.315243,32.279247,32.255676,32.25082,32.258427,32.263012,32.265102,32.28878,32.34042,32.423256,32.48749,32.507107,32.50202,32.50744,32.54816,32.605507,32.650356,32.642437,32.598724,32.639236,32.723015,32.61499,32.413147,32.39488,32.39931,32.525024,32.63187,32.640244,32.494736,32.330135
14.25,,,,,,,,,,,,,,,,35.99071,35.911434,35.924767,35.973476,35.972443,35.919037,35.873196,35.876884,35.937325,35.994152,36.02152,36.038982,36.033276,36.048477,36.042362,36.060955,36.10152,36.127865,36.095848,36.075478,36.180866,36.201588,36.112015,36.124992,36.138474,36.131157,36.126312,36.10652,36.098293,36.07877,36.05885,36.0407,36.04261,36.060875,36.069298,36.06324,36.06216,36.071903,36.08253,36.09306,36.102848,36.10821,36.11445,36.122055,36.12411,36.12495,36.12179,36.118793,36.11621,36.10983,36.10551,36.10184,36.09899,36.09899,36.101044,36.10533,36.10743,36.10363,36.093422,36.08907,36.080826,36.078346,36.075867,36.077038,36.085445,36.098186,36.12115,36.160755,36.208195,36.24888,36.28091,36.31139,36.335052,36.35137,36.35755,36.36043,36.35742,36.323254,36.261368,36.205074,36.165653,36.141953,36.13164,36.12402,36.114555,36.105423,36.09303,36.087284,36.09799,36.099426,36.112236,36.169903,36.240704,36.28494,36.307888,36.33128,36.350636,36.35983,36.350697,36.33162,36.309566,36.28009,36.271503,36.277,36.25091,36.206333,36.159683,36.12018,36.099472,36.10329,36.115875,36.12359,36.128902,36.085426,36.069664,36.11042,36.15996,36.187336,36.194107,36.19217,36.193478,36.18975,36.180412,36.18386,36.179966,36.136658,36.043537,35.937637,35.88679,35.88743,35.87801,35.887478,35.915607,35.956776,36.028374,36.134598,36.228672,36.275856,36.288464,36.27847,36.214176,36.182407,36.221214,36.266144,36.28736,36.26747,36.208794,36.159073,36.139263,36.137276,36.20168,36.279964,36.312534,36.300365,36.27349,36.246258,36.22284,36.19941,36.17754,36.16237,36.148937,36.129833,36.10675,36.065434,36.023605,36.02065,36.07749,36.24311,36.47963,36.66708,36.73886,36.72816,36.659817,36.56742,36.49155,36.439217,36.40398,36.37367,36.38611,36.442978,36.49841,36.50529,36.448803,36.41124,36.443493,36.48905,36.492016,36.48651,36.476555,36.448307,36.390697,36.3315,36.287167,36.254715,36.225964,36.20703,36.18287,36.172134,36.165634,36.16768,36.18318,36.21226,36.253178,36.29854,36.33446,36.36557,36.389957,36.385548,36.283936,36.091446,35.97945,35.949528,35.922924,35.88213,35.874397,35.886105,35.929523,35.99663,36.125122,36.207024,36.22419,36.233456,36.236797,36.246426,36.234795,36.226772,36.249374,36.220646,36.055008,36.038788,35.94466,35.908344,36.053223,36.14335,36.082977,36.07445,36.08778,36.10156,36.116154,36.118423,36.113693,36.07355,36.031273,36.067802,36.293827,36.51846,36.63221,36.67735,36.714165,36.748844,36.76006,36.763206,36.75365,36.7356,36.70533,36.68865,36.672733,36.590767,36.481663,36.37434,36.238834,36.1077,36.073303,36.102028,36.093,36.030277,35.960827,35.870483,35.859478,35.940037,35.993378,35.994843,35.9861,35.97592,35.955147,35.932762,35.914684,35.890892,35.839874,35.79658,35.841312,36.139805,36.48069,36.61639,36.631283,36.568424,36.286434,36.093292,36.11049,36.121304,35.898647,35.527718,35.25939,35.029915,34.884544,34.87105,34.914215,34.990673,35.118145,35.113354,35.060635,34.9979,34.8829,34.79301,34.746197,34.747494,34.81052,,,,,,,,,,,,,,,,,,,,,,,,,,,,,,,,,,,,,,,,,,,,,,,,,,,,,,,,,,,,,,,,,,,,,29.681364,29.870472,30.54711,31.31453,32.11978,32.591743,32.92716,33.26673,33.274376,33.47966,33.550705,33.560173,33.47845,33.26954,33.11536,33.04282,33.028725,33.009624,32.97006,33.02329,33.16444,33.354923,33.47659,33.484528,33.42553,33.300316,33.145817,33.00282,32.903904,32.823322,32.73912,32.680046,32.61372,32.537373,32.45553,32.3756,32.305847,32.27121,32.218807,32.227695,32.197475,32.204216,32.20194,32.174534,32.205624,32.162624,32.231773,32.31785,32.41096,32.62708,32.935024,33.056423,33.001102,32.989056,33.06508,33.162548,33.249058,33.346222,33.43525,33.474495,33.45047,33.44876,33.35144,32.934376,32.923058,32.913273,32.89068,32.972458,33.12172,33.236637,33.253185,33.19369,33.116215,33.100903,33.10334,33.055668,32.99423,32.953335,32.92176,32.907707,32.900406,32.8629,32.791534,32.7879,32.86629,32.91758,32.92919,32.950386,32.976917,32.89667,32.648575,32.49841,32.49651,32.53133,32.564312,32.56637,32.5665,32.55408,32.51198,32.43146,32.356087,32.315884,32.309628,32.33309,32.35007,32.351517,32.354286,32.372612,32.41119,32.44269,32.456455,32.468094,32.50359,32.567154,32.635338,32.663273,32.65474,32.618187,32.663002,32.737125,32.600628,32.42843,32.399902,32.36539,32.38777,32.444817,32.478485,32.44747,32.363182
14.166672,,,,,,,,,,,,,,,35.985165,35.93257,35.95123,36.031017,36.10551,36.09081,35.990776,35.897125,35.891163,35.953106,36.012875,36.03793,36.04529,36.037647,36.0452,36.048424,36.045654,36.069443,36.118404,36.151203,36.133347,36.216244,36.23368,36.13357,36.10931,36.13179,36.12881,36.125816,36.110867,36.10264,36.083855,36.056046,36.038033,36.044064,36.060337,36.063923,36.05871,36.061108,36.071327,36.07913,36.087246,36.09173,36.093563,36.099686,36.105267,36.110676,36.11626,36.119083,36.12044,36.122154,36.119038,36.111565,36.10316,36.09634,36.094353,36.09736,36.103065,36.10642,36.101326,36.0926,36.089962,36.07954,36.0761,36.080345,36.09503,36.121536,36.162666,36.213284,36.263126,36.30147,36.323242,36.33723,36.34214,36.33922,36.322968,36.314125,36.323574,36.33225,36.31136,36.254402,36.196915,36.157364,36.136677,36.12765,36.11393,36.100803,36.093826,36.089924,36.089718,36.099564,36.099205,36.126225,36.20099,36.259388,36.288097,36.311993,36.336094,36.35292,36.354347,36.34477,36.33101,36.31503,36.28787,36.274567,36.282852,36.271454,36.229492,36.181774,36.133854,36.10651,36.10949,36.108505,36.120693,36.11083,36.06885,36.085056,36.14033,36.17748,36.192863,36.19527,36.195908,36.19498,36.183914,36.183586,36.187332,36.16595,36.09793,35.985744,35.89504,35.89285,35.894493,35.884487,35.899307,35.930405,35.97615,36.059593,36.1652,36.25679,36.28453,36.291103,36.28298,36.220135,36.182785,36.222153,36.272697,36.303463,36.297436,36.235786,36.17115,36.144405,36.143238,36.18796,36.26715,36.309483,36.30558,36.28405,36.258,36.23412,36.207344,36.176353,36.152424,36.135883,36.12021,36.098896,36.058422,36.03517,36.04706,36.13667,36.35009,36.576054,36.705444,36.74022,36.706932,36.62231,36.525967,36.451878,36.40361,36.37671,36.359203,36.38244,36.44884,36.50651,36.521362,36.46413,36.40787,36.42167,36.474792,36.49148,36.473152,36.43947,36.389893,36.3242,36.270298,36.238815,36.221912,36.205406,36.196598,36.18495,36.183224,36.18863,36.206093,36.233604,36.277676,36.31956,36.35732,36.394497,36.41837,36.410828,36.32798,36.156853,36.021763,35.98512,35.972424,35.939426,35.94289,35.95785,36.00172,36.06115,36.12209,36.2374,36.261467,36.25408,36.2623,36.268703,36.27088,36.25659,36.249935,36.28749,36.28797,36.147724,36.081985,36.0456,35.929874,36.060284,36.156296,36.080845,36.02397,36.028385,36.03386,36.037758,36.032597,36.023006,36.01387,36.083576,36.306896,36.517952,36.61379,36.653023,36.713764,36.786495,36.829227,36.84102,36.82894,36.793274,36.757538,36.72216,36.685505,36.638412,36.522236,36.419876,36.349377,36.25169,36.131237,36.087296,36.13882,36.168495,36.130226,36.058094,36.001045,36.001923,36.02067,36.075577,36.16241,36.19862,36.17543,36.140484,36.083405,36.017025,35.94147,35.8901,35.88719,35.942127,36.242275,36.483955,36.519432,36.518738,36.588043,36.40939,36.151157,36.10978,36.14092,35.96463,35.61269,35.323074,35.070423,34.879475,34.842625,34.8702,34.921932,35.04004,35.100616,35.055252,35.0356,34.970432,34.845623,34.75095,34.726124,34.75475,34.82593,,,,,,,,,,,,,,,,,,,,,,,,,,,,,,,,,,,,,,,,,,,,,,,,,,,,,,,,,,,,,,,,,,,,29.636045,29.777153,30.377657,31.193016,31.951008,32.572556,32.940197,33.25596,33.256763,33.468212,33.550808,33.59165,33.561512,33.363472,33.16146,33.019577,32.980118,32.95787,32.858494,32.818714,32.885704,33.0526,33.257656,33.331646,33.33354,33.300053,33.193005,33.043987,32.915817,32.824543,32.73527,32.710014,32.673893,32.63665,32.59565,32.541096,32.48255,32.446754,32.39638,32.396893,32.358162,32.361145,32.32419,32.294243,32.286713,32.255714,32.328743,32.407833,32.5205,32.784954,33.057384,33.07195,32.988167,32.993233,33.081635,33.198643,33.29865,33.39651,33.476414,33.505585,33.47253,33.45583,33.31106,32.93525,32.9255,32.925777,32.93435,33.070484,33.236275,33.30194,33.259705,33.177914,33.14208,33.138172,33.097553,33.043457,32.994827,32.95714,32.918934,32.90001,32.891853,32.89192,32.885628,32.890804,32.915264,32.93049,32.952065,32.9777,32.953014,32.76727,32.591766,32.605915,32.658333,32.683167,32.70148,32.716362,32.72486,32.71575,32.64799,32.52376,32.423714,32.38031,32.37667,32.404728,32.42631,32.435253,32.4192,32.41438,32.424618,32.43718,32.446373,32.47359,32.525402,32.608997,32.658173,32.67631,32.6633,32.637245,32.687904,32.747524,32.58644,32.46553,32.446297,32.40215,32.361423,32.358913,32.369865,32.35716,32.314487
14.083336,,,,,,,,,,,,,,36.034477,35.949677,35.96687,36.0513,36.18441,36.22651,36.195385,36.037903,35.913586,35.88972,35.955845,36.017303,36.041603,36.04112,36.034073,36.034462,36.049355,36.044292,36.04763,36.079166,36.143085,36.182083,36.25901,36.278236,36.17535,36.111633,36.11593,36.12688,36.1233,36.114635,36.10518,36.08812,36.058372,36.038696,36.042885,36.05893,36.061813,36.055595,36.058525,36.068764,36.072456,36.077053,36.07759,36.07587,36.07806,36.08098,36.089207,36.10085,36.111126,36.11768,36.125046,36.127285,36.12295,36.112892,36.100212,36.09255,36.091164,36.09687,36.100643,36.095303,36.08913,36.084507,36.072,36.07758,36.103058,36.1508,36.21275,36.274284,36.31736,36.337326,36.334663,36.320312,36.30609,36.28808,36.269466,36.25565,36.25332,36.274868,36.309414,36.317036,36.269466,36.206497,36.16388,36.138817,36.121162,36.10007,36.089516,36.085987,36.09276,36.09931,36.1051,36.104843,36.1543,36.229992,36.271004,36.302383,36.33103,36.351562,36.35562,36.345387,36.3307,36.31951,36.30777,36.28555,36.27519,36.2829,36.28597,36.259037,36.219185,36.167652,36.13014,36.113148,36.107025,36.119667,36.08311,36.06739,36.116997,36.16321,36.182785,36.18918,36.190186,36.194542,36.192986,36.189407,36.196514,36.18617,36.13739,36.04334,35.92658,35.87825,35.907978,35.899612,35.89033,35.913338,35.94657,35.999702,36.09211,36.19876,36.272987,36.289352,36.29431,36.290302,36.229122,36.182236,36.216187,36.270103,36.311733,36.32054,36.264107,36.182827,36.147564,36.14715,36.17958,36.258995,36.303894,36.30527,36.28615,36.261345,36.23607,36.20856,36.173645,36.14702,36.128036,36.112953,36.086906,36.059284,36.054543,36.087463,36.23482,36.467556,36.647556,36.724674,36.732334,36.682774,36.5927,36.493164,36.420357,36.374023,36.35255,36.348186,36.3809,36.450245,36.511124,36.535233,36.48194,36.403625,36.38585,36.418655,36.43299,36.406113,36.360893,36.31011,36.268215,36.24278,36.23214,36.221394,36.213924,36.21015,36.21113,36.221546,36.239693,36.261547,36.296455,36.334343,36.376614,36.411797,36.439877,36.435677,36.375237,36.23015,36.08041,36.010483,36.004257,36.00075,35.99334,36.0058,36.041935,36.112373,36.1542,36.230488,36.299076,36.278988,36.26253,36.272034,36.279114,36.27958,36.266308,36.25817,36.308132,36.34269,36.238598,36.11927,36.11887,35.97704,36.04879,36.168274,36.16076,36.043148,36.020084,36.01854,36.024216,36.040924,36.090355,36.18121,36.35983,36.513718,36.583088,36.63117,36.708668,36.81719,36.882767,36.880344,36.83581,36.763783,36.692173,36.63865,36.58491,36.53049,36.477795,36.403336,36.32828,36.27721,36.231438,36.14651,36.092346,36.14865,36.234287,36.262497,36.24002,36.24627,36.24362,36.2566,36.283054,36.284824,36.318855,36.371414,36.36846,36.31038,36.233513,36.12339,36.03925,36.00424,36.11381,36.32193,36.45066,36.418755,36.389954,36.568222,36.47567,36.193176,36.116035,36.143982,35.990795,35.67189,35.38274,35.0967,34.874058,34.811768,34.845108,34.882282,34.952087,35.067516,35.041885,34.996735,34.984386,34.88922,34.75943,34.70894,34.703495,34.758793,,,,,,,,,,,,,,,,,,,,,,,,,,,,,,,,,,,,,,,,,,,,,,,,,,,,,,,,,,,,,,,,,,,,29.63044,29.750614,30.333984,31.084137,31.847595,32.55522,32.96757,33.23111,33.21741,33.42792,33.525974,33.609215,33.646774,33.513103,33.268894,33.026474,32.93132,32.90924,32.829582,32.746494,32.730896,32.77849,32.935635,33.04977,33.107727,33.19537,33.21417,33.143494,33.01743,32.88222,32.751263,32.6806,32.63301,32.608925,32.594105,32.573944,32.545044,32.533176,32.499054,32.485996,32.44682,32.436817,32.377895,32.356007,32.33384,32.331234,32.409023,32.494186,32.661667,32.971893,33.139633,33.05983,32.979828,33.0125,33.1115,33.235638,33.343807,33.439644,33.51383,33.53871,33.504208,33.477203,33.29245,32.9377,32.934074,32.938824,32.98556,33.14624,33.295647,33.314556,33.242977,33.151768,33.137623,33.118946,33.054783,33.022797,32.983402,32.937572,32.902603,32.881927,32.88182,32.88555,32.897022,32.91255,32.927715,32.94478,32.971855,32.979374,32.894485,32.70446,32.6832,32.751263,32.77222,32.78238,32.78638,32.816444,32.844524,32.830143,32.719345,32.55452,32.434387,32.40059,32.40278,32.421215,32.453526,32.474888,32.452866,32.43497,32.433174,32.442204,32.460957,32.508736,32.583,32.643013,32.680397,32.69079,32.675865,32.66996,32.72219,32.752098,32.564194,32.492634,32.47292,32.447998,32.432934,32.40837,32.395145,32.365063,32.32942
14.0,,,,36.335728,36.19683,36.202663,36.20619,,,,36.231453,36.05151,35.983006,35.992027,35.97598,36.074043,36.210968,36.25575,36.290417,36.226963,36.041763,35.90648,35.885372,35.96357,36.02263,36.03741,36.025707,36.016342,36.012135,36.027836,36.04835,36.04087,36.049507,36.09782,36.174084,36.275597,36.315495,36.231804,36.14435,36.112312,36.12151,36.12022,36.116856,36.10767,36.09056,36.063145,36.040714,36.042015,36.055893,36.05726,36.05238,36.058014,36.064896,36.06519,36.068348,36.067883,36.064686,36.06342,36.063293,36.06933,36.08116,36.09653,36.109356,36.121742,36.12941,36.129322,36.12082,36.10563,36.094254,36.09128,36.09533,36.098824,36.096275,36.089966,36.080322,36.072613,36.100315,36.164886,36.251434,36.32006,36.347736,36.34098,36.311863,36.276325,36.2533,36.242065,36.234024,36.23159,36.232155,36.228878,36.249584,36.293724,36.326225,36.290833,36.219555,36.169952,36.142647,36.12533,36.10642,36.093662,36.098637,36.108944,36.108124,36.10545,36.112644,36.179,36.242096,36.282097,36.323112,36.351368,36.361774,36.350246,36.33152,36.31795,36.30855,36.30345,36.290897,36.283722,36.291542,36.29747,36.28298,36.23586,36.174667,36.13016,36.1077,36.110092,36.099552,36.064907,36.092937,36.145576,36.17445,36.186947,36.195015,36.20322,36.212807,36.21368,36.210022,36.20328,36.164963,36.093647,35.98557,35.88746,35.897976,35.923466,35.90038,35.898113,35.929184,35.9634,36.02448,36.127506,36.228004,36.291477,36.296497,36.29993,36.30209,36.244892,36.18425,36.207714,36.26049,36.310455,36.336983,36.304176,36.21464,36.156948,36.14862,36.173893,36.245567,36.293167,36.301037,36.28609,36.26156,36.234825,36.20696,36.172188,36.143417,36.122143,36.103687,36.082935,36.072784,36.08572,36.169544,36.368538,36.573063,36.68869,36.730396,36.719215,36.661407,36.568535,36.47104,36.400017,36.355614,36.338238,36.346012,36.38344,36.449,36.50994,36.54364,36.505424,36.40977,36.354225,36.359035,36.36298,36.34239,36.30388,36.268047,36.245777,36.239456,36.2443,36.250256,36.25874,36.26641,36.271328,36.281265,36.300533,36.32111,36.349525,36.381,36.414337,36.44031,36.452133,36.426254,36.325665,36.168766,36.050163,36.024113,36.031185,36.034073,36.036377,36.05352,36.11349,36.17417,36.192,36.30255,36.332714,36.27659,36.2645,36.275455,36.26946,36.26683,36.260227,36.25912,36.293343,36.340195,36.28971,36.166424,36.15228,36.0487,36.03936,36.154125,36.230175,36.185528,36.119514,36.118088,36.154156,36.21974,36.319614,36.40023,36.48246,36.544132,36.60348,36.690086,36.806282,36.917267,36.91473,36.82622,36.713425,36.60893,36.522938,36.455845,36.397984,36.35023,36.33096,36.30312,36.254738,36.1941,36.17519,36.145252,36.102848,36.11216,36.18803,36.27268,36.35688,36.457474,36.471992,36.461647,36.494186,36.505444,36.52864,36.50386,36.49694,36.5149,36.4792,36.38865,36.319016,36.29372,36.33508,36.464104,36.445896,36.370094,36.377254,36.559532,36.48998,36.206524,36.116005,36.146023,36.025017,35.70753,35.405857,35.11339,34.865974,34.77867,34.810905,34.848034,34.896404,35.016304,35.0345,34.97793,34.92981,34.857765,34.75864,34.69389,34.675987,34.716427,,,,,,,,,,,,,,,,,,,,,,,,,,,,,,,,,,,,,,,,,,,,,,,,,,,,,,,,,,,,,,,,,,,,29.6178,29.750534,30.332764,30.965733,31.874857,32.579212,32.97818,33.209652,33.178448,33.374126,33.46008,33.58377,33.684353,33.675644,33.495914,33.164997,32.9126,32.828682,32.789814,32.694756,32.649784,32.627335,32.68941,32.762085,32.81855,32.951572,33.063137,33.12548,33.11236,33.0367,32.91283,32.780094,32.67074,32.58797,32.533348,32.496746,32.469307,32.4509,32.431694,32.40675,32.386444,32.366726,32.330475,32.328156,32.318226,32.36274,32.470272,32.58685,32.84957,33.14303,33.163223,33.01634,32.969025,33.03935,33.151154,33.273594,33.385254,33.478153,33.547504,33.566727,33.525787,33.48542,33.2894,32.945297,32.939384,32.960487,33.03001,33.19755,33.315754,33.306065,33.209732,33.11613,33.108673,33.06101,33.02185,32.984562,32.949795,32.903862,32.87862,32.86984,32.8688,32.880466,32.89837,32.91861,32.939224,32.96418,32.985184,32.96622,32.841824,32.743122,32.79097,32.833298,32.845,32.832977,32.877174,32.905113,32.936188,32.910213,32.783413,32.60871,32.46462,32.409824,32.40975,32.42703,32.46649,32.487457,32.476562,32.454563,32.45612,32.478203,32.52063,32.586105,32.64302,32.680782,32.700718,32.70611,32.69611,32.703594,32.754375,32.7448,32.52983,32.495773,32.462326,32.440754,32.448166,32.44381,32.430992,32.409737,32.378483
13.916672,,36.19071,36.195103,36.209488,36.151596,36.150986,36.11763,36.125458,36.101192,36.039093,36.020664,36.024303,36.028564,36.070923,36.10231,36.21673,36.2865,36.28948,36.308804,36.202766,36.00373,35.886974,35.88594,35.97505,36.027737,36.031113,36.013283,35.9984,35.98987,35.994076,36.025043,36.042522,36.04482,36.058567,36.12297,36.245464,36.32613,36.283436,36.19979,36.138977,36.114017,36.11442,36.116013,36.106174,36.090576,36.066193,36.04187,36.039974,36.054054,36.057278,36.052986,36.05565,36.059742,36.06034,36.0636,36.06498,36.06267,36.059013,36.05846,36.063717,36.07323,36.089996,36.1071,36.12139,36.128944,36.130722,36.123486,36.107258,36.092854,36.08793,36.092434,36.096474,36.094437,36.087196,36.078003,36.090965,36.162594,36.26674,36.340645,36.3532,36.328506,36.287792,36.250305,36.234127,36.23787,36.24431,36.240036,36.23824,36.236683,36.22524,36.231346,36.271442,36.321968,36.31284,36.238625,36.17545,36.144993,36.129425,36.117115,36.111053,36.116276,36.1182,36.109673,36.106373,36.126446,36.195007,36.240543,36.295185,36.33964,36.362625,36.357944,36.33288,36.31711,36.31063,36.30742,36.306126,36.301033,36.295963,36.30033,36.299934,36.270626,36.210743,36.154945,36.12452,36.112373,36.10452,36.072315,36.07605,36.12618,36.163483,36.18532,36.200546,36.215546,36.231163,36.238403,36.228603,36.216,36.188538,36.131054,36.048775,35.93881,35.885727,35.934715,35.929077,35.899876,35.909607,35.945827,35.980495,36.052242,36.161915,36.258533,36.30624,36.302044,36.305843,36.31385,36.26023,36.193783,36.201866,36.250103,36.304287,36.344246,36.333275,36.252003,36.175373,36.153183,36.17018,36.228817,36.279194,36.29027,36.27872,36.25457,36.22778,36.20115,36.17235,36.14393,36.121674,36.10492,36.095905,36.10388,36.155876,36.304455,36.5006,36.64558,36.711685,36.729366,36.707615,36.64684,36.55306,36.45938,36.394375,36.353634,36.340523,36.354225,36.390373,36.447895,36.502026,36.543846,36.529285,36.429398,36.341854,36.321144,36.314262,36.297844,36.27368,36.2515,36.24371,36.25561,36.27829,36.2974,36.31741,36.331,36.334827,36.3413,36.353012,36.367504,36.386894,36.407784,36.43085,36.449642,36.451004,36.411915,36.301357,36.153633,36.050335,36.035458,36.050964,36.057037,36.06846,36.09561,36.15904,36.195293,36.2413,36.354744,36.33988,36.2632,36.25447,36.25958,36.25137,36.246746,36.250248,36.260548,36.27041,36.329014,36.300106,36.20553,36.174713,36.125404,36.051373,36.1263,36.229557,36.276203,36.262558,36.280785,36.32822,36.3701,36.391636,36.4165,36.476833,36.55907,36.65011,36.77921,36.923656,36.954037,36.83308,36.681103,36.575123,36.48466,36.395634,36.323708,36.27993,36.24724,36.221226,36.19,36.164265,36.115814,36.073845,36.07635,36.090767,36.111523,36.148457,36.204765,36.262695,36.341515,36.421124,36.441658,36.510086,36.60944,36.66623,36.673748,36.62407,36.592693,36.562607,36.534863,36.516495,36.509716,36.48467,36.466106,36.385483,36.362392,36.45197,36.607025,36.47577,36.201275,36.10831,36.142937,36.032253,35.73068,35.41075,35.116306,34.8632,34.756695,34.773487,34.800457,34.85301,34.95008,35.01971,34.972282,34.8867,34.796364,34.721165,34.666443,34.655567,34.68934,34.752262,,,,,,,,,,,,,,,,,,,,,,,,,,,,,,,,,,,,,,,,,,,,,,,,,,,,,,,,,,,,,,,,,,,29.639914,29.751493,30.283892,30.845268,31.82843,32.553185,32.960556,33.18674,33.134174,33.311066,33.38183,33.5118,33.636414,33.73654,33.711407,33.454674,33.06202,32.79409,32.73142,32.650448,32.570663,32.53047,32.568794,32.63088,32.644188,32.73102,32.824997,32.91761,32.99455,33.05074,33.057854,33.02164,32.949028,32.85851,32.76785,32.67641,32.60615,32.542034,32.487854,32.424244,32.382298,32.353065,32.34597,32.370678,32.401962,32.517395,32.632343,32.747833,33.035744,33.22783,33.137295,32.986294,32.97534,33.069,33.18737,33.303535,33.414673,33.508625,33.577766,33.59425,33.55141,33.50338,33.313343,32.946365,32.942196,32.980785,33.048424,33.201206,33.305088,33.288578,33.197094,33.09758,33.092003,33.028465,32.977165,32.93029,32.90581,32.876522,32.865913,32.85998,32.86703,32.883137,32.904037,32.932087,32.957897,32.98584,32.99976,32.95859,32.843216,32.810875,32.87336,32.895947,32.893257,32.906128,32.926792,32.961548,32.982147,32.965286,32.87656,32.712772,32.549477,32.448418,32.415485,32.44617,32.477764,32.496544,32.50375,32.492645,32.50807,32.544884,32.60013,32.652996,32.6877,32.705513,32.707607,32.715633,32.728096,32.7429,32.77512,32.716946,32.501938,32.4902,32.443394,32.409428,32.401054,32.409275,32.415127,32.417446,32.40454
13.833336,36.12488,36.121075,36.117085,36.104984,36.07459,36.057648,36.03745,36.044567,36.047363,36.063698,36.083923,36.114876,36.157516,36.19584,36.231243,36.297825,36.309914,36.316463,36.307423,36.14165,35.948627,35.86579,35.889492,35.98981,36.031284,36.026375,36.009285,35.99294,35.97926,35.971134,35.98219,36.018234,36.04182,36.049774,36.074127,36.178917,36.29367,36.309086,36.255337,36.194996,36.13345,36.110836,36.110504,36.105022,36.091278,36.068954,36.044624,36.037315,36.04923,36.055218,36.05121,36.053535,36.057743,36.05903,36.063194,36.06693,36.064556,36.058403,36.058144,36.06683,36.079823,36.098858,36.118828,36.1303,36.133354,36.132496,36.12467,36.107365,36.09163,36.086216,36.090782,36.092953,36.09039,36.08261,36.071117,36.120052,36.24656,36.346405,36.34748,36.31587,36.284573,36.25051,36.237633,36.233166,36.24473,36.245544,36.230804,36.227432,36.228428,36.220047,36.218235,36.24455,36.305546,36.331024,36.26699,36.182983,36.142567,36.123264,36.117474,36.116905,36.117065,36.113632,36.106003,36.10528,36.143703,36.192898,36.24126,36.3075,36.352146,36.363407,36.3401,36.31255,36.305664,36.299503,36.295773,36.29105,36.289803,36.29315,36.293938,36.278595,36.234398,36.181023,36.14373,36.121628,36.102463,36.07942,36.07063,36.108433,36.153732,36.1815,36.20505,36.223576,36.24224,36.255497,36.252388,36.235847,36.21217,36.168568,36.10381,36.014256,35.91714,35.916714,35.95467,35.927826,35.90179,35.92535,35.96253,35.998085,36.08052,36.196804,36.28425,36.317875,36.308586,36.31386,36.323124,36.277554,36.210117,36.20538,36.24809,36.30136,36.34866,36.352875,36.286446,36.199867,36.16097,36.165222,36.209515,36.2621,36.277966,36.27049,36.247738,36.220776,36.195236,36.171642,36.14682,36.130524,36.124146,36.133625,36.177155,36.291214,36.45794,36.603462,36.686737,36.723278,36.72995,36.70155,36.630447,36.533802,36.45319,36.40234,36.372852,36.364357,36.375294,36.402554,36.446526,36.489952,36.532352,36.545593,36.475704,36.36582,36.311462,36.29179,36.275585,36.26212,36.255676,36.259987,36.284534,36.31668,36.3413,36.362057,36.370735,36.371258,36.363605,36.360188,36.36546,36.385372,36.409428,36.431797,36.44393,36.435802,36.390545,36.29188,36.162354,36.05957,36.033516,36.058224,36.083797,36.100166,36.145836,36.19161,36.201427,36.29979,36.399513,36.33615,36.246532,36.24375,36.240612,36.228497,36.233463,36.247856,36.267857,36.277756,36.321644,36.29948,36.229836,36.188477,36.16891,36.089733,36.106083,36.1937,36.269547,36.303024,36.354225,36.38706,36.36617,36.34321,36.4008,36.500397,36.60451,36.739292,36.90223,36.957497,36.84528,36.699787,36.578995,36.49825,36.42985,36.354477,36.29201,36.241825,36.19134,36.150925,36.10508,36.079132,36.063637,36.019608,35.967335,35.984993,36.04869,36.11685,36.184483,36.2319,36.294327,36.36536,36.43158,36.476208,36.518406,36.650116,36.757717,36.753616,36.703716,36.642532,36.57461,36.564415,36.591095,36.541077,36.45525,36.37775,36.452354,36.58624,36.655098,36.426556,36.169426,36.095955,36.13706,36.023678,35.725346,35.43483,35.151566,34.875114,34.754673,34.750137,34.759224,34.808292,34.867794,34.97441,34.973766,34.89078,34.77499,34.68797,34.65258,34.652966,34.68295,34.74448,,,,,,,,,,,,,,,,,,,,,,,,,,,,,,,,,,,,,,,,,,,,,,,,,,,,,,,,,,,,,,,,,,,,29.78696,30.16181,30.764093,31.767363,32.493347,32.918552,33.16248,33.097065,33.267258,33.321564,33.445328,33.553158,33.701206,33.768616,33.710083,33.39433,32.93329,32.705677,32.653645,32.53082,32.440025,32.455982,32.543823,32.598694,32.6829,32.747437,32.803837,32.85469,32.9191,32.97546,33.019234,33.03482,33.025093,33.001377,32.961353,32.920036,32.85941,32.801052,32.744247,32.6947,32.62821,32.618946,32.652386,32.690807,32.812496,32.88602,32.98401,33.212887,33.25727,33.07572,32.95844,32.998894,33.10436,33.215115,33.325737,33.441242,33.545826,33.619682,33.63295,33.58614,33.522224,33.288067,32.942253,32.95632,32.98823,33.049755,33.17963,33.2764,33.272263,33.18803,33.087856,33.061665,32.99488,32.93062,32.88644,32.87542,32.86566,32.85936,32.860992,32.874294,32.89185,32.91536,32.949883,32.98509,33.016747,33.018635,32.952354,32.8633,32.87338,32.919197,32.932262,32.935856,32.94487,32.955048,32.974026,32.98519,32.992233,32.968468,32.855827,32.698402,32.543663,32.44369,32.456413,32.474346,32.501804,32.532684,32.536636,32.56669,32.60735,32.652023,32.68433,32.70048,32.70962,32.7133,32.723343,32.743507,32.769497,32.778667,32.67174,32.486584,32.487698,32.43435,32.38775,32.353973,32.356735,32.37725,32.395138,32.390785
13.75,36.06478,36.05698,36.06042,36.06187,36.060825,36.07509,36.089878,36.11479,36.134964,36.16493,36.188396,36.223934,36.266663,36.299828,36.330997,36.35465,36.351215,36.342716,36.257053,36.05183,35.89243,35.853615,35.904804,36.007965,36.036083,36.024574,36.010864,36.001026,35.99165,35.97707,35.965027,35.976997,36.015934,36.04246,36.05441,36.115032,36.229156,36.294952,36.28283,36.247047,36.18187,36.13213,36.109013,36.10014,36.089256,36.07012,36.049114,36.037918,36.043335,36.05194,36.050987,36.0525,36.05833,36.060955,36.065628,36.067966,36.061684,36.05364,36.0534,36.067787,36.08835,36.1113,36.13319,36.139515,36.135117,36.13041,36.121075,36.103195,36.08747,36.08398,36.090546,36.09213,36.089428,36.08351,36.07508,36.160233,36.31732,36.351875,36.315247,36.29733,36.276966,36.245422,36.229782,36.21883,36.227676,36.214542,36.195236,36.19974,36.20779,36.21254,36.212723,36.223732,36.277313,36.331978,36.306057,36.2087,36.15353,36.12565,36.114563,36.112217,36.11175,36.111378,36.112,36.124245,36.155663,36.190704,36.257023,36.327236,36.36185,36.352283,36.317142,36.294598,36.284676,36.25801,36.247227,36.244556,36.2563,36.2671,36.264927,36.238667,36.194206,36.154106,36.12362,36.098637,36.07889,36.074017,36.10158,36.145954,36.182163,36.208195,36.230526,36.246468,36.2631,36.271366,36.2634,36.24099,36.20846,36.151985,36.082134,35.988323,35.921,35.95494,35.964306,35.924362,35.90765,35.9433,35.97762,36.015667,36.109154,36.22884,36.306667,36.326725,36.315727,36.325394,36.333977,36.296947,36.230976,36.216377,36.253925,36.305927,36.355415,36.36747,36.31766,36.23327,36.17859,36.169643,36.202522,36.252876,36.269337,36.259663,36.238216,36.215187,36.195446,36.17965,36.16624,36.163742,36.1778,36.222565,36.31757,36.452793,36.57837,36.661785,36.71156,36.7369,36.7361,36.6915,36.60065,36.51072,36.456947,36.429466,36.414043,36.409225,36.412052,36.427635,36.45401,36.48277,36.517796,36.54532,36.531105,36.43994,36.35073,36.307194,36.281414,36.269585,36.276108,36.287586,36.31349,36.344395,36.36502,36.37344,36.367397,36.344227,36.309963,36.289955,36.30339,36.341766,36.380634,36.40602,36.410793,36.392025,36.34595,36.26796,36.162952,36.069992,36.038624,36.067535,36.105133,36.141422,36.189293,36.210056,36.230904,36.35009,36.42433,36.32777,36.234253,36.233315,36.221737,36.214485,36.231285,36.26052,36.28051,36.298885,36.322174,36.29119,36.22899,36.187958,36.184414,36.135296,36.114964,36.164043,36.230354,36.29696,36.363113,36.35783,36.315742,36.331974,36.446896,36.556297,36.678528,36.85056,36.932766,36.81381,36.670685,36.57867,36.515186,36.4704,36.42625,36.361744,36.304806,36.264297,36.21538,36.169216,36.1252,36.090458,36.06706,36.025608,35.950977,35.90922,35.928814,35.991745,36.07704,36.141792,36.201572,36.26848,36.353806,36.43265,36.52483,36.59472,36.72785,36.830807,36.832703,36.769417,36.669334,36.65508,36.66282,36.582764,36.462296,36.47815,36.612366,36.70851,36.641994,36.35996,36.137066,36.086952,36.128872,36.005,35.723637,35.471676,35.20804,34.921036,34.76203,34.74932,34.728645,34.75746,34.79923,34.884533,34.9608,34.942062,34.84173,34.738213,34.695225,34.6825,34.700226,34.759377,,,,,,,,,,,,,,,,,,,,,,,,,,,,,,,,,,,,,,,,,,,,,,,,,,,,,,,,,,,,,,,,,,,,29.839216,30.042711,30.723593,31.73298,32.467262,32.908276,33.14192,33.067757,33.243473,33.294495,33.405937,33.491165,33.625366,33.73277,33.769512,33.6635,33.22924,32.790913,32.67921,32.589657,32.428112,32.375217,32.410038,32.50744,32.632618,32.73591,32.822254,32.886196,32.934864,32.970825,33.003033,33.03551,33.059612,33.073166,33.08144,33.079235,33.057434,33.033173,33.004326,32.983093,32.94429,32.9398,32.948715,32.969803,33.052994,33.088783,33.176685,33.31876,33.224678,33.014446,32.96053,33.03076,33.13434,33.235386,33.34418,33.47503,33.58922,33.654682,33.655872,33.597363,33.500195,33.229343,32.963043,32.962074,33.005753,33.05318,33.170406,33.24401,33.260307,33.164806,33.096764,33.03995,32.969486,32.90999,32.875256,32.866135,32.86291,32.861908,32.867725,32.88313,32.90248,32.932247,32.97204,33.013126,33.044975,33.02596,32.952423,32.89553,32.912605,32.940086,32.942497,32.938896,32.94156,32.952515,32.96408,32.98083,32.9994,33.005802,32.975235,32.887993,32.71237,32.520687,32.453037,32.46326,32.496517,32.554466,32.569065,32.60249,32.63547,32.666615,32.687405,32.701477,32.712406,32.71818,32.73047,32.7532,32.770256,32.741184,32.586796,32.466774,32.470734,32.40007,32.353634,32.30807,32.3035,32.332626,32.36089,32.351067
13.666672,36.0656,36.07161,36.08583,36.099724,36.12084,36.1497,36.17322,36.20414,36.2261,36.25669,36.280254,36.32103,36.357914,36.38849,36.404778,36.4036,36.377117,36.328236,36.168835,35.966263,35.852097,35.85235,35.929825,36.0214,36.03931,36.025425,36.017483,36.014378,36.00865,35.998344,35.979225,35.963974,35.981335,36.01524,36.041367,36.073177,36.157887,36.249992,36.2748,36.271965,36.23007,36.181858,36.135,36.10565,36.088844,36.06971,36.050426,36.04049,36.04187,36.051727,36.055206,36.05598,36.060097,36.062508,36.065193,36.06174,36.05223,36.046173,36.049,36.072678,36.102654,36.12848,36.14669,36.14579,36.134693,36.12651,36.115612,36.096874,36.081955,36.081215,36.088867,36.088882,36.08413,36.079357,36.085155,36.206844,36.35027,36.324886,36.300217,36.298855,36.261654,36.221046,36.201427,36.19632,36.207855,36.19067,36.171688,36.18165,36.192272,36.210056,36.21878,36.21854,36.24931,36.31175,36.336624,36.267353,36.19716,36.160458,36.144054,36.139168,36.142906,36.15467,36.16907,36.190174,36.204624,36.235977,36.298225,36.350784,36.36348,36.33262,36.294674,36.269653,36.232983,36.17993,36.173103,36.18905,36.20959,36.221207,36.213493,36.181847,36.144936,36.11477,36.09157,36.078655,36.08121,36.105476,36.14738,36.18477,36.213055,36.234844,36.25184,36.263313,36.27762,36.284267,36.27335,36.247066,36.20535,36.13973,36.06421,35.97679,35.94774,35.985397,35.963375,35.92077,35.917095,35.962025,35.990746,36.03233,36.135437,36.257553,36.324665,36.3335,36.324413,36.339878,36.34717,36.317753,36.25569,36.23407,36.2686,36.320747,36.367123,36.376232,36.33109,36.255684,36.195564,36.176785,36.198322,36.241737,36.259964,36.25337,36.23921,36.22305,36.2105,36.204884,36.20994,36.235966,36.287575,36.37142,36.477097,36.576694,36.64908,36.69905,36.735703,36.754272,36.735954,36.659187,36.560596,36.50131,36.48437,36.4783,36.469666,36.462196,36.45812,36.467712,36.472267,36.485962,36.51041,36.5368,36.554314,36.52019,36.43286,36.35624,36.310684,36.28789,36.291767,36.30628,36.327625,36.34971,36.35819,36.348827,36.310978,36.254887,36.202255,36.186924,36.220074,36.284332,36.34125,36.365246,36.35352,36.320034,36.276833,36.2199,36.146244,36.077698,36.058933,36.091938,36.139675,36.18482,36.206936,36.21835,36.286457,36.394142,36.441326,36.325157,36.222244,36.22218,36.207996,36.211834,36.24223,36.272556,36.28651,36.302765,36.312347,36.27887,36.204517,36.186256,36.190605,36.17239,36.149494,36.1798,36.237953,36.30534,36.330208,36.306942,36.312263,36.40155,36.528934,36.625053,36.771248,36.9,36.788914,36.626717,36.54292,36.503666,36.482838,36.469063,36.440765,36.392776,36.348568,36.31682,36.26877,36.212337,36.16748,36.138275,36.111614,36.068913,36.000538,35.93665,35.902905,35.91235,35.95532,36.001667,36.04528,36.10996,36.215084,36.29919,36.403976,36.52587,36.64619,36.791847,36.932304,36.9465,36.8476,36.819595,36.753872,36.64563,36.5659,36.659893,36.756897,36.744743,36.559013,36.2769,36.10463,36.076645,36.118042,35.988693,35.735046,35.525204,35.29338,34.98757,34.79314,34.754642,34.719482,34.722702,34.761826,34.799393,34.889507,34.958035,34.929394,34.837475,34.770428,34.72035,34.697647,34.732044,34.780014,,,,,,,,,,,,,,,,,,,,,,,,,,,,,,,,,,,,,,,,,,,,,,,,,,,,,,,,,,,,,,,,,,,29.849442,30.026627,30.707504,31.705727,32.464775,32.916206,33.118664,33.045525,33.225986,33.288486,33.388336,33.45944,33.5748,33.67508,33.74837,33.735424,33.469734,32.97053,32.68055,32.66817,32.50621,32.370358,32.37774,32.455273,32.579166,32.67799,32.782227,32.88411,32.955627,33.00173,33.048862,33.10041,33.136097,33.16462,33.18341,33.186954,33.18414,33.170425,33.15139,33.13499,33.122105,33.12704,33.126945,33.145546,33.209866,33.227955,33.299583,33.34536,33.157024,32.988377,32.985165,33.067593,33.1592,33.250473,33.36916,33.5159,33.636906,33.698563,33.68912,33.6241,33.52708,33.286182,33.02322,32.9718,33.031967,33.085876,33.16172,33.223186,33.274727,33.150528,33.106358,33.03376,32.966343,32.917522,32.88272,32.868523,32.870323,32.870415,32.876396,32.89208,32.915085,32.950268,32.99491,33.038692,33.0579,33.02671,32.96176,32.922222,32.93101,32.93745,32.929955,32.928642,32.93376,32.93903,32.943604,32.946465,32.94567,32.95214,32.976383,32.98318,32.91247,32.697567,32.46973,32.442616,32.491554,32.555958,32.584084,32.612568,32.63764,32.66092,32.681534,32.700165,32.714935,32.72352,32.730766,32.74888,32.72748,32.622116,32.474735,32.418423,32.38421,32.300987,32.273262,32.24487,32.248695,32.27961,32.3137,32.299316
13.583336,36.089973,36.110374,36.136223,36.156155,36.18543,36.211586,36.239105,36.271564,36.302826,36.341675,36.377216,36.418983,36.44702,36.45824,36.449535,36.4214,36.374798,36.275444,36.086807,35.893326,35.824158,35.85886,35.950706,36.032387,36.044426,36.029617,36.02749,36.025738,36.014374,36.004726,35.98952,35.975616,35.96906,35.987183,36.018555,36.04951,36.098656,36.189915,36.2417,36.25835,36.24875,36.22296,36.18236,36.13353,36.09997,36.074196,36.050285,36.038937,36.037113,36.046867,36.055614,36.05752,36.05845,36.05894,36.056873,36.050064,36.04199,36.041428,36.052326,36.087124,36.12329,36.146664,36.15549,36.146477,36.13007,36.11952,36.107338,36.08894,36.077137,36.080933,36.088898,36.08714,36.081097,36.074318,36.096756,36.24529,36.353615,36.303917,36.295433,36.284855,36.241642,36.209267,36.185337,36.18719,36.20604,36.18638,36.16281,36.1754,36.19158,36.216324,36.231606,36.229683,36.2401,36.28275,36.329414,36.32478,36.275352,36.2347,36.227295,36.227604,36.23415,36.247948,36.265816,36.275314,36.274326,36.298058,36.33925,36.363384,36.35027,36.308495,36.27229,36.23191,36.15677,36.09824,36.114105,36.1367,36.154247,36.161285,36.147472,36.120964,36.098488,36.08517,36.082447,36.094746,36.120594,36.15638,36.19214,36.219936,36.241783,36.25917,36.27109,36.279133,36.290237,36.29625,36.283367,36.25406,36.203754,36.132896,36.05396,35.98116,35.980827,35.99493,35.957504,35.92035,35.931477,35.9794,36.000572,36.047596,36.15791,36.280476,36.337215,36.33765,36.33348,36.35462,36.362713,36.34085,36.286808,36.26375,36.299942,36.35227,36.389168,36.38739,36.34021,36.27172,36.21216,36.18905,36.204445,36.241764,36.259335,36.254772,36.246456,36.242466,36.249737,36.269836,36.30728,36.364376,36.43612,36.514965,36.59073,36.652,36.702343,36.739372,36.760918,36.753174,36.698303,36.6048,36.539173,36.530476,36.542458,36.543224,36.533085,36.52215,36.51944,36.526783,36.51133,36.513474,36.52608,36.546406,36.564373,36.5644,36.516823,36.434135,36.36623,36.31658,36.30176,36.308136,36.324963,36.336018,36.331295,36.29316,36.217827,36.13668,36.0778,36.077686,36.138443,36.23381,36.31596,36.332752,36.291443,36.244278,36.20782,36.16938,36.12716,36.097736,36.09983,36.14138,36.184998,36.201794,36.209923,36.25535,36.34885,36.432964,36.45071,36.312973,36.2018,36.208313,36.199768,36.210373,36.252598,36.28835,36.299835,36.303856,36.303368,36.265865,36.198612,36.18856,36.19317,36.19894,36.19528,36.216457,36.252144,36.285522,36.300537,36.326157,36.39913,36.510937,36.597473,36.697517,36.842503,36.799507,36.610878,36.534615,36.511204,36.496964,36.4834,36.47351,36.45489,36.415813,36.375687,36.339695,36.278893,36.209476,36.16245,36.149605,36.13471,36.102036,36.059807,36.005688,35.94566,35.909313,35.908424,35.924362,35.976036,36.07388,36.195408,36.255802,36.321743,36.437107,36.5831,36.72169,36.88028,37.0274,37.011627,36.962708,36.870853,36.779217,36.763634,36.821445,36.819466,36.696888,36.471443,36.2153,36.076393,36.069324,36.108006,35.969864,35.748512,35.5824,35.36572,35.060944,34.84639,34.774414,34.721485,34.707684,34.72616,34.75356,34.802845,34.901108,34.94192,34.89671,34.822903,34.753292,34.69836,34.690323,34.735752,,,,,,,,,,,,,,,,,,,,,,,,,,,,,,,,,,,,,,,,,,,,,,,,,,,,,,,,,,,,,,,,,,,29.72749,29.957468,30.714712,31.669159,32.46236,32.920113,33.09922,33.018433,33.191486,33.276657,33.368057,33.430645,33.53661,33.62992,33.714348,33.732677,33.56569,33.17861,32.730156,32.64975,32.589527,32.39064,32.376392,32.465946,32.578396,32.667976,32.76058,32.872013,32.94423,32.98775,33.052883,33.128765,33.18385,33.228683,33.26198,33.27665,33.278187,33.26344,33.246727,33.227345,33.216667,33.221302,33.218254,33.247025,33.294594,33.305195,33.35781,33.302258,33.091488,32.983624,33.01785,33.09565,33.1699,33.266342,33.418663,33.587154,33.707535,33.757668,33.74239,33.68076,33.586773,33.374485,33.104195,33.012196,33.061157,33.123173,33.15057,33.24711,33.298412,33.178493,33.134438,33.056572,32.994884,32.949375,32.91659,32.897446,32.89226,32.886986,32.892056,32.905537,32.930058,32.967426,33.015118,33.05196,33.060616,33.040916,32.98923,32.949093,32.939697,32.93286,32.924793,32.926502,32.928856,32.911964,32.88263,32.84842,32.817986,32.811913,32.853508,32.89608,32.976353,32.90585,32.558258,32.426716,32.484398,32.5423,32.58739,32.613422,32.632805,32.647175,32.674294,32.695896,32.709213,32.713257,32.702568,32.678596,32.58545,32.44646,32.364193,32.311245,32.232307,32.18425,32.182716,32.18314,32.196125,32.227585,32.26181,32.250237
13.5,36.134644,36.16804,36.194782,36.222057,36.263943,36.28645,36.32139,36.356426,36.398415,36.43591,36.467335,36.48506,36.489742,36.4807,36.458267,36.4173,36.349957,36.21443,36.003437,35.83326,35.80974,35.873096,35.968086,36.041615,36.050385,36.035095,36.036118,36.031864,36.014023,35.996468,35.983345,35.979343,35.969444,35.973003,35.99091,36.02996,36.058056,36.129116,36.197773,36.22499,36.231377,36.234375,36.21904,36.177704,36.12871,36.09099,36.058777,36.039417,36.03023,36.033237,36.042103,36.048004,36.04968,36.0488,36.045345,36.039024,36.035713,36.04393,36.068054,36.109364,36.14358,36.1576,36.157265,36.13971,36.12091,36.109936,36.096252,36.079002,36.072704,36.081863,36.08864,36.084736,36.079994,36.07281,36.105076,36.27149,36.347656,36.289505,36.289696,36.27656,36.243267,36.20945,36.174408,36.176273,36.19832,36.182915,36.154465,36.172916,36.197994,36.22555,36.240623,36.241497,36.248634,36.268593,36.303806,36.327145,36.32073,36.30594,36.309986,36.315975,36.319153,36.324585,36.33197,36.329166,36.326912,36.341732,36.358154,36.356125,36.32573,36.28659,36.252213,36.194077,36.09435,36.050186,36.079536,36.093674,36.108265,36.108955,36.099186,36.089245,36.087856,36.096806,36.114418,36.140896,36.17155,36.202633,36.229843,36.252552,36.27003,36.283253,36.290207,36.294594,36.30114,36.306202,36.29147,36.258884,36.201317,36.128765,36.05226,35.996166,36.00564,35.995968,35.951744,35.92344,35.949608,35.99221,36.007412,36.061356,36.175735,36.297523,36.345135,36.340225,36.343624,36.37011,36.378624,36.363735,36.32537,36.310368,36.348995,36.39387,36.414497,36.39757,36.35009,36.287464,36.234367,36.209007,36.2161,36.2384,36.25246,36.264008,36.282658,36.307068,36.33827,36.38136,36.434566,36.49479,36.554985,36.61534,36.673603,36.71644,36.74573,36.757896,36.74338,36.698467,36.628105,36.572098,36.567944,36.594963,36.61003,36.611217,36.60655,36.598248,36.597202,36.593525,36.580093,36.574177,36.578106,36.589767,36.597992,36.599087,36.577305,36.51862,36.440445,36.37153,36.328854,36.3123,36.31583,36.318295,36.29785,36.222992,36.112957,36.02473,35.97287,35.981388,36.059414,36.18264,36.299072,36.321274,36.256145,36.19334,36.166656,36.150715,36.13515,36.136192,36.158447,36.18957,36.194756,36.194324,36.237747,36.326504,36.389492,36.456352,36.446735,36.276672,36.177692,36.198174,36.191917,36.215588,36.274467,36.308273,36.309563,36.303295,36.295242,36.24822,36.19669,36.18313,36.18987,36.205807,36.211548,36.230705,36.26463,36.31076,36.365173,36.435097,36.51889,36.59405,36.654747,36.7728,36.79152,36.619164,36.535923,36.528397,36.52343,36.49877,36.472492,36.460766,36.4527,36.421326,36.38003,36.330578,36.256226,36.179245,36.14462,36.15814,36.159706,36.11605,36.07333,36.03152,35.973274,35.91557,35.902924,35.90669,35.96674,36.321922,36.34752,36.33144,36.33886,36.41265,36.55425,36.69745,36.801422,36.97632,37.08027,37.096848,37.02508,36.939552,36.93318,36.90546,36.8257,36.66065,36.42452,36.175636,36.05481,36.06174,36.09496,35.96485,35.77853,35.643955,35.45366,35.126343,34.8969,34.794502,34.730556,34.70731,34.700695,34.734028,34.757507,34.83871,34.91198,34.904922,34.840893,34.770462,34.712887,34.6864,34.719666,,,,,,,,,,,,,,,,,,,,,,,,,,,,,,,,,,,,,,,,,,,,,,,,,,,,,,,,,,,,,,,,,,,29.703691,29.77322,30.699472,31.672462,32.47028,32.92505,33.077038,32.984894,33.160145,33.275497,33.34921,33.40355,33.499336,33.579338,33.67493,33.720608,33.606544,33.297348,32.86591,32.630386,32.62567,32.47393,32.3715,32.47873,32.61002,32.69145,32.76108,32.86414,32.934677,32.965614,33.04597,33.141655,33.214184,33.273373,33.322605,33.34166,33.334156,33.31781,33.300117,33.28987,33.283607,33.28958,33.294773,33.329998,33.349987,33.355762,33.362648,33.21351,33.039692,32.99426,33.050484,33.104614,33.185875,33.32767,33.510216,33.662594,33.749023,33.779217,33.755817,33.68983,33.57526,33.345623,33.120102,33.050426,33.066895,33.12955,33.17736,33.30419,33.27431,33.2327,33.18996,33.130806,33.08122,33.03079,32.988007,32.958717,32.939728,32.92199,32.915863,32.922844,32.942486,32.975708,33.017162,33.04372,33.057,33.056152,33.028145,32.98705,32.963573,32.952934,32.941547,32.935852,32.90246,32.822617,32.74047,32.681175,32.65735,32.66555,32.74131,32.78204,32.9078,32.997086,32.673065,32.425076,32.477196,32.53047,32.58833,32.614986,32.620506,32.637787,32.663414,32.675713,32.671124,32.64404,32.590336,32.507286,32.39483,32.308014,32.246536,32.172436,32.12479,32.115376,32.129173,32.135033,32.14991,32.179543,32.21028,32.212547
13.416672,36.197235,36.22326,36.258865,36.304287,36.363422,36.39092,36.43228,36.4552,36.485664,36.496967,36.50151,36.49916,36.491367,36.47834,36.459663,36.410564,36.31672,36.152084,35.932697,35.792526,35.803654,35.882103,35.980495,36.048687,36.056095,36.038044,36.041634,36.03429,36.015408,35.993153,35.978584,35.972824,35.96584,35.966507,35.96705,36.006447,36.030396,36.076126,36.14932,36.18873,36.192703,36.210766,36.224545,36.210716,36.17058,36.123928,36.082375,36.053024,36.03579,36.029594,36.031555,36.035824,36.038967,36.03803,36.037674,36.03407,36.040222,36.06095,36.095253,36.13407,36.156647,36.161644,36.151634,36.12779,36.110504,36.099735,36.084526,36.070484,36.07144,36.084694,36.087505,36.080074,36.07694,36.071644,36.11147,36.28257,36.338303,36.276974,36.28139,36.26893,36.241936,36.20374,36.161938,36.157562,36.185387,36.178017,36.143505,36.164097,36.20118,36.23274,36.245445,36.2485,36.259617,36.269733,36.29163,36.314133,36.32829,36.33532,36.343937,36.350235,36.352516,36.353924,36.354027,36.35012,36.35059,36.356155,36.354687,36.336525,36.302593,36.272625,36.24279,36.176105,36.07233,36.039616,36.061066,36.075825,36.08671,36.09064,36.094666,36.104137,36.120235,36.14068,36.16282,36.188183,36.215424,36.243454,36.267776,36.286808,36.29802,36.303883,36.304516,36.304462,36.307396,36.311005,36.295574,36.258926,36.196087,36.125404,36.055664,36.014748,36.016983,35.992214,35.947006,35.93084,35.97044,35.999577,36.011955,36.072792,36.189415,36.308743,36.348602,36.34256,36.355732,36.387474,36.39374,36.385246,36.36593,36.363228,36.397312,36.425182,36.423183,36.389248,36.33818,36.284046,36.239056,36.21738,36.22097,36.248665,36.28356,36.321632,36.35872,36.396057,36.435444,36.48966,36.552883,36.61314,36.65602,36.69337,36.722805,36.73382,36.729683,36.710255,36.6729,36.627773,36.59844,36.603745,36.63404,36.65515,36.66275,36.663483,36.662746,36.654636,36.651604,36.64622,36.64246,36.637264,36.640568,36.64812,36.651466,36.648026,36.63412,36.59969,36.51659,36.44968,36.390545,36.343544,36.317448,36.304974,36.26823,36.170918,36.04276,35.95938,35.915524,35.926826,35.99582,36.121777,36.264145,36.32559,36.2827,36.20576,36.17233,36.17045,36.179905,36.190296,36.19918,36.183014,36.172108,36.221333,36.30996,36.37743,36.407383,36.46056,36.407635,36.22431,36.153847,36.190254,36.186153,36.225803,36.29506,36.32395,36.316185,36.304207,36.28784,36.225296,36.181107,36.16875,36.17849,36.204056,36.237164,36.290882,36.352642,36.418983,36.484737,36.548874,36.606514,36.665276,36.731747,36.745613,36.602966,36.515697,36.521084,36.525814,36.497044,36.442684,36.40182,36.394928,36.406227,36.400826,36.374653,36.320408,36.245556,36.17614,36.147507,36.18989,36.223717,36.156326,36.07129,36.014244,35.94798,35.89928,35.903828,36.038425,36.515694,36.830025,36.76106,36.59154,36.512318,36.534325,36.634377,36.74387,36.788307,36.903545,37.042625,37.148727,37.137558,37.09175,37.06302,36.972157,36.84642,36.666428,36.41241,36.158413,36.042614,36.04849,36.076202,35.957203,35.79523,35.69973,35.528072,35.18848,34.945656,34.815323,34.745403,34.71273,34.69449,34.70623,34.73712,34.78826,34.87649,34.905006,34.86173,34.788742,34.726166,34.68572,34.703876,,,,,,,,,,,,,,,,,,,,,,,,,,,,,,,,,,,,,,,,,,,,,,,,,,,,,,,,,,,,,,,,,,,,29.77,30.747711,31.70136,32.484463,32.936356,33.050724,32.96602,33.163513,33.299126,33.33803,33.37953,33.468987,33.534847,33.639427,33.691193,33.609753,33.347466,32.960056,32.66844,32.615013,32.566986,32.399517,32.46959,32.65597,32.758606,32.81554,32.8865,32.9229,32.922462,33.002457,33.11843,33.216736,33.297382,33.365257,33.395504,33.389637,33.37548,33.363037,33.36779,33.37304,33.372974,33.373657,33.38527,33.371986,33.365273,33.31784,33.11712,33.015705,33.020462,33.06728,33.130203,33.257153,33.42112,33.572643,33.703026,33.770958,33.787125,33.7617,33.68981,33.532284,33.275723,33.110268,33.079647,33.09812,33.18488,33.274414,33.332752,33.278458,33.286266,33.272034,33.254593,33.22783,33.170837,33.106003,33.060406,33.02504,32.98826,32.960716,32.94925,32.954178,32.9735,32.999554,33.018246,33.031364,33.04044,33.04087,33.02035,32.994343,32.978073,32.95426,32.897335,32.766846,32.613094,32.520863,32.493717,32.52105,32.57026,32.676044,32.73504,32.85181,32.975903,32.687996,32.427685,32.4746,32.52669,32.58576,32.61807,32.60741,32.631485,32.645077,32.634655,32.583565,32.50626,32.422688,32.34016,32.271545,32.211586,32.136127,32.085205,32.085987,32.09079,32.10261,32.10748,32.119934,32.14781,32.173695,32.18687
13.333336,36.248596,36.28946,36.361156,36.426674,36.473705,36.49445,36.513474,36.51883,36.524696,36.516613,36.50836,36.50154,36.491524,36.47541,36.45434,36.399063,36.284035,36.098682,35.878258,35.764996,35.798363,35.88512,35.990543,36.054882,36.059364,36.038403,36.04491,36.03296,36.017303,35.998863,35.98377,35.96899,35.960667,35.95823,35.95056,35.977913,36.010536,36.035797,36.10084,36.154613,36.15511,36.166187,36.19822,36.21328,36.199005,36.164215,36.120705,36.08313,36.05715,36.042572,36.037636,36.036846,36.039284,36.037083,36.041992,36.045937,36.065464,36.092686,36.127304,36.154316,36.164608,36.16035,36.138275,36.112854,36.09983,36.08835,36.07332,36.065556,36.075924,36.08891,36.086117,36.076237,36.07313,36.070732,36.113754,36.28269,36.32823,36.265774,36.269863,36.26253,36.24568,36.21452,36.16282,36.141354,36.174984,36.176834,36.13584,36.14922,36.19653,36.23752,36.251423,36.25456,36.265804,36.27259,36.289757,36.30849,36.324696,36.336754,36.345963,36.35199,36.35414,36.354378,36.35279,36.352535,36.354584,36.35312,36.33953,36.312824,36.281994,36.26489,36.245872,36.184544,36.090187,36.05045,36.06164,36.081875,36.09448,36.11061,36.127857,36.147587,36.165585,36.18315,36.202923,36.229008,36.258297,36.28575,36.304,36.313393,36.314217,36.311275,36.30644,36.30414,36.307034,36.311146,36.294804,36.2535,36.188805,36.12131,36.05903,36.0278,36.017914,35.985874,35.94507,35.942852,35.991337,36.00198,36.016293,36.083557,36.19948,36.313732,36.34909,36.344425,36.368286,36.40464,36.408527,36.40466,36.400154,36.406483,36.43115,36.440342,36.41803,36.375233,36.32613,36.283882,36.253597,36.248287,36.2701,36.31084,36.350418,36.393955,36.44613,36.50223,36.553448,36.601578,36.648956,36.682304,36.6969,36.701878,36.696697,36.68585,36.66946,36.64713,36.626446,36.619144,36.634926,36.6644,36.684574,36.688007,36.678677,36.663754,36.65661,36.650764,36.646812,36.643467,36.642487,36.64462,36.655827,36.669273,36.681824,36.687798,36.686466,36.671844,36.61898,36.53765,36.474216,36.409584,36.345745,36.3055,36.25816,36.1591,36.02972,35.943935,35.901073,35.908455,35.953693,36.056763,36.194397,36.303345,36.328156,36.2742,36.223427,36.20803,36.211617,36.197487,36.166553,36.145824,36.195232,36.294456,36.356976,36.376392,36.41283,36.437885,36.32821,36.163193,36.12967,36.17939,36.181404,36.23235,36.31443,36.342373,36.32724,36.316433,36.300064,36.219128,36.171947,36.171726,36.204597,36.260933,36.336815,36.416187,36.475555,36.53501,36.58326,36.63017,36.674404,36.69681,36.67695,36.553196,36.474438,36.48064,36.4925,36.477436,36.41284,36.325844,36.276237,36.273796,36.316906,36.363827,36.378487,36.33537,36.268833,36.19928,36.17583,36.24847,36.306385,36.212265,36.065666,35.974094,35.90972,35.890785,36.07056,36.519897,37.272095,37.332306,37.272823,37.03478,36.830788,36.788544,36.813324,36.853477,36.832172,36.891724,37.03076,37.172028,37.2175,37.20927,37.154587,37.061073,36.902046,36.69867,36.420536,36.156727,36.03439,36.04134,36.067387,35.947647,35.806248,35.74626,35.588432,35.226994,34.979855,34.834747,34.762657,34.722603,34.693768,34.68319,34.720474,34.749035,34.83001,34.886288,34.865765,34.792053,34.727028,34.678234,34.683613,34.7061,,,,,,,,,,,,,,,,,,,,,,,,,,,,,,,,,,,,,,,,,,,,,,,,,,,,,,,,,,,,,,,,,,,29.770412,30.83311,31.769136,32.524624,32.946293,33.02942,32.98508,33.20285,33.32871,33.323883,33.351612,33.42934,33.48354,33.601685,33.66355,33.61565,33.40018,33.023327,32.707474,32.609528,32.59965,32.478554,32.44346,32.662277,32.82784,32.902496,32.959057,32.942493,32.897667,32.950977,33.075596,33.195724,33.30582,33.394638,33.431118,33.43909,33.442646,33.43995,33.4474,33.442177,33.425186,33.40688,33.396465,33.378475,33.350616,33.22596,33.07202,33.026638,33.041595,33.090046,33.185085,33.313328,33.46407,33.65511,33.772823,33.81645,33.81755,33.78028,33.69595,33.54631,33.3558,33.221306,33.202477,33.219437,33.294262,33.33455,33.326496,33.32604,33.35611,33.36641,33.37448,33.362232,33.316883,33.25686,33.20316,33.149025,33.087154,33.034657,33.00199,32.982075,32.979336,32.98806,32.996742,33.001587,33.00645,33.010963,33.004463,32.97869,32.951405,32.87165,32.701878,32.493267,32.37226,32.346287,32.396664,32.485474,32.570534,32.664364,32.7358,32.849094,32.933838,32.630882,32.43737,32.464436,32.52145,32.580513,32.620094,32.600643,32.61562,32.6234,32.581882,32.47854,32.37671,32.31327,32.27295,32.217026,32.140026,32.074493,32.063297,32.08136,32.09728,32.099846,32.1038,32.11456,32.14072,32.16235,32.168602
13.25,36.320034,36.410168,36.48359,36.51935,36.538963,36.5438,36.544052,36.541298,36.53595,36.52642,36.517612,36.506664,36.48914,36.45897,36.4383,36.389732,36.259876,36.055305,35.837673,35.745613,35.792343,35.88525,35.99406,36.058464,36.06229,36.04097,36.048027,36.03155,36.018894,36.003822,35.987133,35.966103,35.95656,35.946926,35.939243,35.949226,35.990005,36.00631,36.05591,36.120644,36.12816,36.121834,36.151024,36.18785,36.200653,36.188427,36.1589,36.125137,36.09582,36.074898,36.06532,36.059757,36.061924,36.060783,36.072292,36.084435,36.109997,36.134514,36.16025,36.170593,36.1681,36.148376,36.118595,36.09861,36.088226,36.075867,36.06363,36.065273,36.084404,36.09047,36.082,36.07346,36.07119,36.07105,36.112556,36.27668,36.319885,36.258385,36.25745,36.258022,36.248764,36.226566,36.172615,36.132286,36.165447,36.184406,36.136112,36.136723,36.18476,36.23596,36.255703,36.25953,36.26674,36.27257,36.288754,36.30445,36.317066,36.3267,36.334114,36.337307,36.338673,36.34069,36.34272,36.347023,36.347446,36.338512,36.31569,36.28586,36.26244,36.256664,36.251392,36.20931,36.13037,36.083805,36.086937,36.1097,36.12849,36.15195,36.171383,36.186253,36.19803,36.215366,36.241467,36.2739,36.301853,36.318176,36.320805,36.31584,36.30643,36.297726,36.292213,36.291912,36.29997,36.30568,36.288136,36.242535,36.178616,36.115448,36.061058,36.032772,36.014717,35.980824,35.947533,35.959423,36.008526,36.001335,36.021942,36.094868,36.206863,36.31376,36.348267,36.34413,36.378967,36.421013,36.425877,36.424576,36.42954,36.44196,36.457718,36.45179,36.423515,36.386044,36.34913,36.32313,36.310352,36.316628,36.34389,36.381947,36.43713,36.502228,36.556126,36.605183,36.63736,36.653732,36.665096,36.666042,36.664917,36.662407,36.65695,36.649513,36.641655,36.63765,36.641033,36.65537,36.679394,36.69951,36.70107,36.684174,36.656902,36.63487,36.62113,36.613678,36.607666,36.6011,36.597404,36.600033,36.61532,36.63435,36.657333,36.678154,36.6951,36.70624,36.700382,36.64565,36.56976,36.495552,36.410694,36.331455,36.270645,36.18222,36.0608,35.96237,35.9078,35.898117,35.91862,35.984653,36.08853,36.21409,36.31436,36.33004,36.28925,36.246735,36.20666,36.154156,36.12149,36.16184,36.26452,36.335846,36.33716,36.357113,36.39733,36.380104,36.22745,36.109833,36.11658,36.166855,36.173283,36.23044,36.326706,36.35717,36.3387,36.334362,36.34072,36.28211,36.227077,36.24344,36.307037,36.381706,36.461994,36.520462,36.553524,36.56267,36.558624,36.57857,36.60703,36.574684,36.47536,36.42281,36.420433,36.40999,36.398087,36.361115,36.284252,36.2001,36.155437,36.15059,36.194866,36.277924,36.351597,36.358585,36.31498,36.24557,36.301956,36.38605,36.374832,36.23691,36.049366,35.93993,35.928596,35.97658,36.3109,36.994247,37.33006,37.444286,37.4942,37.343967,37.116817,37.012177,36.980583,36.95872,36.91969,36.967216,37.105026,37.248188,37.298344,37.256702,37.158226,37.0567,36.94254,36.73744,36.434418,36.167442,36.028923,36.024925,36.055496,35.93579,35.8044,35.76383,35.63252,35.248543,34.992985,34.841938,34.776154,34.73435,34.695396,34.674583,34.70327,34.73209,34.79418,34.859554,34.851376,34.77314,34.710747,34.662395,34.66554,34.700325,,,,,,,,,,,,,,,,,,,,,,,,,,,,,,,,,,,,,,,,,,,,,,,,,,,,,,,,,,,,,,,,,,,29.934786,30.949816,31.861237,32.57249,32.96379,33.014164,33.028004,33.260162,33.360565,33.31624,33.332718,33.39361,33.435528,33.560738,33.627132,33.617455,33.4483,33.113144,32.764614,32.61522,32.610775,32.542126,32.46668,32.63212,32.84847,32.950512,33.009415,32.963837,32.89551,32.92259,33.037918,33.16773,33.302887,33.412487,33.45389,33.46993,33.497353,33.505997,33.508743,33.484077,33.451725,33.42003,33.400566,33.366844,33.290043,33.153522,33.063725,33.024937,33.05073,33.122715,33.202255,33.401268,33.623287,33.78039,33.83571,33.84534,33.814888,33.7571,33.68703,33.599617,33.481987,33.380547,33.346844,33.324574,33.34007,33.334938,33.345364,33.384766,33.41584,33.40659,33.390682,33.373127,33.349865,33.30919,33.26605,33.20746,33.13307,33.058537,33.018986,32.98924,32.975285,32.964767,32.954285,32.949448,32.94393,32.936417,32.914165,32.866665,32.78829,32.62636,32.40158,32.276974,32.266094,32.31563,32.416943,32.54266,32.638393,32.70476,32.758495,32.862774,32.9139,32.635628,32.44138,32.45138,32.5113,32.575203,32.619682,32.595444,32.602505,32.605427,32.543232,32.413986,32.318172,32.282413,32.2593,32.187595,32.10114,32.058372,32.068996,32.0989,32.12513,32.124947,32.124054,32.13328,32.15214,32.16698,32.15851
13.166672,36.43847,36.51523,36.521713,36.538406,36.55607,36.552948,36.548725,36.54341,36.536514,36.524857,36.510876,36.493458,36.463596,36.426144,36.41764,36.379456,36.24004,36.019363,35.8043,35.730415,35.782833,35.878902,35.99106,36.060287,36.065437,36.044785,36.050064,36.03321,36.02155,36.006126,35.989975,35.96856,35.95749,35.939808,35.932755,35.929436,35.971355,35.984734,36.020233,36.087578,36.10776,36.09166,36.101204,36.142593,36.178036,36.18922,36.179672,36.159576,36.13763,36.118874,36.109512,36.105026,36.10783,36.112427,36.12615,36.13941,36.15949,36.170246,36.17898,36.170673,36.15208,36.120495,36.09604,36.084206,36.076187,36.063046,36.058594,36.075237,36.093765,36.08788,36.07638,36.07085,36.070293,36.073975,36.112514,36.268734,36.31757,36.258186,36.2485,36.25119,36.242577,36.233032,36.185844,36.12662,36.148872,36.191437,36.14359,36.126617,36.16804,36.225445,36.25212,36.259136,36.26315,36.26984,36.28464,36.295372,36.30387,36.311726,36.315437,36.316658,36.319534,36.324093,36.32953,36.333298,36.32806,36.312943,36.288326,36.264126,36.251076,36.254463,36.259983,36.240532,36.18644,36.143864,36.1404,36.15756,36.17316,36.189823,36.20074,36.211235,36.22877,36.257397,36.29089,36.31673,36.32607,36.32077,36.306503,36.292267,36.279823,36.272327,36.271145,36.27634,36.29059,36.29612,36.27682,36.227676,36.165974,36.107662,36.059185,36.030964,36.010483,35.97743,35.954464,35.980232,36.019142,36.000114,36.02971,36.108017,36.21311,36.31048,36.345303,36.341152,36.385033,36.436954,36.449364,36.45048,36.461384,36.476124,36.48381,36.47166,36.448765,36.42214,36.39847,36.38474,36.3823,36.397705,36.437172,36.498207,36.55664,36.601574,36.61942,36.630333,36.620296,36.604984,36.59617,36.599106,36.619724,36.637314,36.648945,36.64817,36.649,36.653942,36.662434,36.677685,36.6929,36.697582,36.686905,36.663826,36.638523,36.616207,36.600662,36.59011,36.583256,36.572914,36.56289,36.55629,36.558193,36.564396,36.576096,36.59505,36.617798,36.64974,36.68447,36.71138,36.67026,36.587044,36.49321,36.388195,36.30183,36.22001,36.112045,36.00234,35.92657,35.892193,35.892014,35.92116,35.983376,36.085228,36.21917,36.31092,36.31473,36.261463,36.18678,36.126015,36.12822,36.213528,36.307095,36.308376,36.29593,36.329384,36.355785,36.30827,36.14236,36.077454,36.112793,36.155006,36.159546,36.214653,36.323635,36.362785,36.34976,36.34448,36.366447,36.373802,36.3362,36.360786,36.425663,36.487015,36.53115,36.53606,36.502636,36.434685,36.40496,36.41196,36.426674,36.40032,36.36023,36.333153,36.29595,36.238155,36.214745,36.20028,36.16583,36.11201,36.08244,36.088146,36.108,36.18073,36.28754,36.367664,36.374603,36.365192,36.544323,36.528587,36.380516,36.217464,36.051666,35.94251,36.01172,36.139633,36.596718,37.121555,37.285267,37.430477,37.526127,37.443783,37.26877,37.14741,37.09852,37.065125,37.06027,37.113663,37.247646,37.342056,37.348064,37.231358,37.127037,36.98717,36.90752,36.70508,36.40849,36.168175,36.03486,36.017944,36.04499,35.9307,35.78465,35.750694,35.652493,35.25497,34.994846,34.84337,34.786114,34.74639,34.70188,34.6694,34.68435,34.722385,34.77144,34.83464,34.831684,34.756878,34.69243,34.641705,34.637817,34.67165,,,,,,,,,,,,,,,,,,,,,,,,,,,,,,,,,,,,,,,,,,,,,,,,,,,,,,,,,,,,,,,,,,,30.280224,31.106865,31.976267,32.64794,32.97081,33.015762,33.079,33.324966,33.38077,33.309063,33.3158,33.353188,33.385155,33.521748,33.593616,33.61731,33.488728,33.208584,32.849678,32.648468,32.624348,32.580044,32.52736,32.643322,32.852898,32.97791,33.03721,32.984077,32.903725,32.9146,33.008106,33.12555,33.274296,33.407703,33.46715,33.48839,33.515327,33.53774,33.53271,33.497894,33.455486,33.41916,33.386772,33.323647,33.217037,33.108837,33.036304,33.01213,33.048782,33.117546,33.36594,33.63944,33.78511,33.83168,33.836098,33.795506,33.731438,33.668465,33.629658,33.5684,33.49134,33.421055,33.368893,33.339962,33.340683,33.361378,33.405415,33.42592,33.40092,33.336014,33.27723,33.248753,33.21423,33.15781,33.112305,33.04582,32.966564,32.888397,32.843716,32.80782,32.787117,32.768635,32.748844,32.742985,32.732883,32.71667,32.6735,32.608463,32.476295,32.327694,32.243664,32.22011,32.25423,32.33505,32.442875,32.587013,32.69336,32.756588,32.799007,32.879612,32.91409,32.650944,32.43148,32.43249,32.49364,32.562702,32.611565,32.59301,32.59264,32.59657,32.53304,32.398163,32.30689,32.29281,32.27465,32.20471,32.12399,32.068226,32.078842,32.124084,32.16461,32.170357,32.15805,32.165718,32.17713,32.18585,32.169514
13.083336,36.516296,36.519203,36.51133,36.546963,36.55189,36.54556,36.52472,36.510757,36.49887,36.479637,36.461338,36.44681,36.418606,36.38803,36.392788,36.364758,36.226326,35.999943,35.78439,35.719856,35.769264,35.863777,35.9775,36.059353,36.06931,36.049305,36.051025,36.036037,36.02331,36.011482,36.000526,35.98119,35.966278,35.944126,35.933704,35.92286,35.960136,35.97312,35.995987,36.05856,36.089676,36.075294,36.063683,36.09278,36.136597,36.16872,36.1806,36.17601,36.166313,36.15562,36.150764,36.149952,36.15369,36.160248,36.16887,36.174183,36.179523,36.17309,36.16839,36.142464,36.11876,36.092285,36.08135,36.074627,36.06646,36.05653,36.067757,36.09314,36.098335,36.08232,36.072037,36.070778,36.072845,36.07931,36.118774,36.264137,36.320194,36.270542,36.251602,36.252926,36.238865,36.238243,36.2056,36.124638,36.13244,36.18876,36.154446,36.117672,36.14689,36.205494,36.242443,36.25447,36.259045,36.2641,36.274666,36.280403,36.288883,36.296886,36.29828,36.301136,36.30332,36.305943,36.308266,36.305744,36.295345,36.280964,36.26456,36.253193,36.254295,36.264866,36.2779,36.276215,36.246246,36.213776,36.200478,36.20412,36.208916,36.217606,36.229904,36.251545,36.28175,36.310425,36.32668,36.32466,36.309177,36.28949,36.271416,36.26005,36.25452,36.252823,36.257755,36.269424,36.285763,36.285538,36.25971,36.208595,36.151096,36.09787,36.050537,36.026352,36.007645,35.97759,35.966343,36.00441,36.021145,36.000805,36.04061,36.124565,36.22038,36.304184,36.339195,36.334827,36.38344,36.44842,36.476185,36.48087,36.494152,36.505676,36.507954,36.49616,36.4798,36.460842,36.447453,36.444237,36.456017,36.49211,36.544933,36.581566,36.583073,36.5124,36.517708,36.477097,36.47373,36.443104,36.421345,36.444595,36.476826,36.529987,36.572624,36.597244,36.617077,36.638687,36.65691,36.665756,36.674767,36.67569,36.670387,36.655952,36.636528,36.610798,36.5941,36.58476,36.57636,36.562637,36.546215,36.531017,36.518017,36.507885,36.500698,36.501976,36.5112,36.533928,36.573975,36.647728,36.709248,36.67157,36.57854,36.46906,36.357887,36.26346,36.166935,36.06031,35.968933,35.91178,35.887455,35.88784,35.917507,35.98083,36.09618,36.21967,36.275146,36.24355,36.169296,36.123158,36.157043,36.253315,36.295307,36.251644,36.251324,36.278927,36.31055,36.26102,36.098988,36.06412,36.11267,36.146595,36.14036,36.187626,36.299088,36.35248,36.35959,36.365635,36.377903,36.42142,36.43474,36.459175,36.500767,36.523064,36.500065,36.428314,36.353085,36.31227,36.3159,36.33525,36.322308,36.282368,36.218086,36.14674,36.082146,36.038517,36.03853,36.06696,36.087963,36.056583,36.033646,36.06846,36.097847,36.14945,36.24997,36.384834,36.447414,36.5971,36.70166,36.5198,36.33623,36.20581,36.09556,36.03906,36.117504,36.288754,36.811974,37.136726,37.35102,37.51667,37.546654,37.480892,37.346252,37.245472,37.20645,37.20204,37.235146,37.290718,37.369003,37.384315,37.309692,37.140694,37.034714,36.901268,36.823566,36.62232,36.35829,36.132797,36.022152,36.01448,36.0474,35.916023,35.776913,35.73235,35.626476,35.24102,34.983604,34.85215,34.795883,34.75942,34.70993,34.665558,34.66642,34.710976,34.754845,34.81051,34.809223,34.744495,34.679497,34.62193,34.612946,34.640553,,,,,,,,,,,,,,,,,,,,,,,,,,,,,,,,,,,,,,,,,,,,,,,,,,,,,,,,,,,,,,,,,,30.559847,30.541067,31.28843,32.10361,32.686367,32.985584,33.019764,33.128933,33.37482,33.3793,33.29768,33.29816,33.311687,33.331245,33.464245,33.541767,33.599945,33.52489,33.29553,32.93382,32.689705,32.651222,32.631943,32.593227,32.674805,32.86483,33.007004,33.06241,33.000126,32.91809,32.917034,32.984924,33.069374,33.212257,33.363243,33.458046,33.494152,33.514923,33.540558,33.53399,33.50078,33.460808,33.42047,33.363617,33.266537,33.14565,33.04842,33.004436,32.998463,33.054314,33.375607,33.67548,33.783344,33.80797,33.76922,33.70002,33.609825,33.56731,33.513077,33.499943,33.45753,33.41169,33.3735,33.346107,33.357567,33.388535,33.42293,33.43098,33.376514,33.270702,33.183296,33.12893,33.088936,33.027935,32.940357,32.872906,32.794353,32.723404,32.66799,32.622227,32.57382,32.532005,32.50534,32.48111,32.462444,32.436344,32.408714,32.36513,32.314873,32.25894,32.2206,32.21808,32.21117,32.221294,32.270256,32.369717,32.53909,32.699837,32.794617,32.843216,32.90257,32.878204,32.59397,32.42563,32.418476,32.477573,32.545105,32.603283,32.59147,32.582832,32.58636,32.543613,32.42415,32.312675,32.31058,32.320847,32.28928,32.2173,32.135357,32.111767,32.156296,32.20261,32.215786,32.20678,32.210728,32.219162,32.2225,32.20088
13.0,36.523315,36.487003,36.510235,36.534485,36.532288,36.50641,36.473804,36.454887,36.44238,36.419132,36.399532,36.39274,36.376488,36.357758,36.370724,36.35176,36.22003,35.993885,35.771885,35.708977,35.749714,35.838715,35.952507,36.05019,36.073463,36.055058,36.05408,36.041363,36.02857,36.02108,36.01609,35.99895,35.98328,35.962196,35.946373,35.935043,35.964825,35.972862,35.986244,36.038933,36.074158,36.065113,36.042892,36.05031,36.089165,36.13011,36.159607,36.17036,36.173737,36.17287,36.172745,36.174553,36.17616,36.177532,36.174236,36.169662,36.1597,36.148636,36.13093,36.104805,36.090607,36.074306,36.07342,36.065063,36.06189,36.063713,36.098103,36.107418,36.094604,36.074635,36.06949,36.07351,36.080204,36.08756,36.121704,36.25224,36.319584,36.295975,36.276543,36.272804,36.238483,36.23873,36.222694,36.132843,36.121655,36.18217,36.168667,36.11587,36.12149,36.17376,36.22164,36.241505,36.252613,36.25692,36.26375,36.266243,36.2727,36.278217,36.277267,36.27797,36.2747,36.271687,36.266487,36.2585,36.249237,36.24036,36.234962,36.237537,36.249115,36.2662,36.28347,36.291016,36.277668,36.255272,36.241707,36.241154,36.247425,36.263107,36.285748,36.308945,36.324398,36.324203,36.309322,36.28769,36.268673,36.255722,36.248913,36.247025,36.247623,36.252712,36.262035,36.27296,36.280342,36.26871,36.23524,36.185364,36.133995,36.08544,36.03837,36.023125,36.00704,35.983925,35.986885,36.031116,36.017273,36.005356,36.055805,36.14699,36.23164,36.29762,36.330563,36.324993,36.372845,36.446304,36.48909,36.50389,36.51708,36.523796,36.52241,36.513546,36.49973,36.4867,36.484047,36.495617,36.526962,36.566685,36.575264,36.490444,36.413822,36.376522,36.355553,36.340485,36.349346,36.33762,36.33271,36.343254,36.35511,36.377827,36.400864,36.436268,36.49779,36.55997,36.604206,36.627357,36.641304,36.64979,36.65567,36.65192,36.639324,36.61137,36.590805,36.580334,36.570374,36.55423,36.535633,36.516727,36.498028,36.482704,36.469746,36.460873,36.460606,36.47329,36.50305,36.553173,36.64862,36.70657,36.654568,36.555077,36.426613,36.31116,36.215458,36.124157,36.033653,35.9597,35.9067,35.882553,35.89104,35.922073,36.001305,36.113518,36.19528,36.201263,36.15277,36.128147,36.182648,36.26622,36.249714,36.18889,36.192215,36.227604,36.283863,36.24843,36.090256,36.057568,36.113052,36.13995,36.125893,36.157574,36.250877,36.308258,36.337826,36.38407,36.402367,36.441025,36.478443,36.496143,36.502926,36.464024,36.384308,36.30001,36.263412,36.27724,36.293755,36.25956,36.17194,36.1218,36.060143,36.01354,35.987038,35.976395,35.97823,36.023148,36.026894,35.984673,35.957104,36.021473,36.10808,36.189884,36.302727,36.47948,36.645393,36.802254,36.73572,36.50915,36.32983,36.185314,36.118687,36.112274,36.228558,36.524536,37.011066,37.248062,37.46068,37.570282,37.549366,37.50552,37.40538,37.32976,37.308556,37.32224,37.35961,37.37875,37.39542,37.362457,37.25856,37.124516,37.000153,36.82481,36.715885,36.57951,36.368008,36.133827,35.99468,35.972496,35.99456,35.895077,35.80425,35.751644,35.559814,35.198154,34.963253,34.856255,34.811428,34.771885,34.720234,34.66779,34.655502,34.69876,34.744392,34.792984,34.78792,34.729427,34.672756,34.61178,34.600044,34.62656,,,,,,,,,,,,,,,,,,,,,,,,,,,,,,,,,,,,,,,,,,,,,,,,,,,,,,,,,,,,,,,,,,30.697397,30.659292,31.442095,32.231186,32.7419,32.991257,33.02628,33.160435,33.407772,33.376728,33.28894,33.286644,33.27754,33.29129,33.409405,33.490635,33.571472,33.56143,33.389957,33.058212,32.7336,32.66806,32.68998,32.636402,32.69817,32.892357,33.0515,33.112537,33.042763,32.95451,32.939148,32.99041,33.034294,33.13661,33.267544,33.394196,33.46366,33.496067,33.525597,33.522537,33.4929,33.453297,33.39054,33.298386,33.175575,33.06386,33.004025,32.993656,33.05426,33.405247,33.688675,33.77078,33.721977,33.6535,33.553024,33.46617,33.417847,33.403645,33.380665,33.384975,33.36888,33.36693,33.373383,33.38626,33.41944,33.437218,33.416016,33.33915,33.229828,33.127884,33.062263,33.013794,32.949066,32.874493,32.79907,32.75843,32.72324,32.699085,32.667088,32.610725,32.551918,32.495823,32.458145,32.406338,32.35776,32.30695,32.264473,32.23481,32.21976,32.219345,32.221447,32.196415,32.153828,32.126293,32.123806,32.204872,32.3933,32.640736,32.799294,32.87416,32.9133,32.788094,32.518585,32.41912,32.408993,32.458626,32.525726,32.593575,32.591106,32.579056,32.58171,32.567104,32.492554,32.383244,32.339676,32.371407,32.396946,32.35726,32.261127,32.185802,32.190327,32.225082,32.259853,32.27217,32.278175,32.281944,32.277924,32.24904
12.916672,36.497784,36.482094,36.507526,36.523758,36.516235,36.47932,36.444992,36.43342,36.423832,36.396725,36.364014,36.35335,36.340775,36.33022,36.34791,36.341454,36.22469,35.996723,35.767563,35.699184,35.72705,35.80114,35.908775,36.02483,36.07516,36.059673,36.058895,36.05227,36.03944,36.031372,36.03104,36.013817,36.005066,35.988384,35.972862,35.966537,35.982872,35.986935,35.995846,36.033684,36.065475,36.0601,36.036148,36.026867,36.048294,36.08382,36.120148,36.142593,36.154663,36.161636,36.16318,36.16283,36.155987,36.150345,36.14009,36.13372,36.122776,36.111034,36.093212,36.081734,36.07399,36.067333,36.06972,36.06482,36.074806,36.101665,36.12405,36.108974,36.08112,36.069187,36.069954,36.078632,36.091663,36.10639,36.143745,36.241455,36.30619,36.317734,36.312923,36.293365,36.235012,36.23741,36.232513,36.14249,36.112926,36.17691,36.1848,36.12782,36.10471,36.138863,36.184986,36.213882,36.233334,36.2431,36.25336,36.257095,36.261147,36.262657,36.25922,36.255966,36.248158,36.239628,36.229122,36.21886,36.210342,36.20594,36.206627,36.21241,36.22916,36.250874,36.273087,36.289234,36.291813,36.287807,36.28901,36.295185,36.306156,36.319263,36.327347,36.323532,36.307663,36.28574,36.267185,36.257458,36.25474,36.254436,36.25454,36.25477,36.255062,36.259212,36.263817,36.267033,36.261333,36.239513,36.20365,36.15992,36.11546,36.06697,36.02954,36.022537,36.009773,35.99617,36.014362,36.05226,36.012486,36.013245,36.07595,36.174046,36.24697,36.292824,36.319565,36.31245,36.35223,36.424614,36.478027,36.506027,36.52097,36.52558,36.522167,36.513218,36.504047,36.498825,36.50989,36.53716,36.564625,36.532757,36.41394,36.35478,36.31931,36.31149,36.309505,36.319332,36.32581,36.33712,36.346592,36.35121,36.357834,36.361862,36.36445,36.371483,36.39267,36.41494,36.46356,36.549995,36.586365,36.60872,36.625195,36.633,36.63561,36.618286,36.594887,36.578945,36.56878,36.552,36.530785,36.506733,36.481495,36.457657,36.43661,36.421062,36.41639,36.430336,36.46455,36.525974,36.595074,36.687992,36.699738,36.626877,36.503986,36.37376,36.266018,36.184803,36.10676,36.02318,35.947674,35.899815,35.887714,35.895744,35.946434,36.036434,36.119617,36.1498,36.13142,36.133232,36.199345,36.25166,36.186825,36.121468,36.133198,36.19671,36.26646,36.251934,36.09767,36.05184,36.10629,36.12836,36.12512,36.140293,36.203094,36.23046,36.261147,36.33939,36.3879,36.42047,36.450714,36.44746,36.407223,36.32945,36.26097,36.233437,36.251835,36.26553,36.203415,36.101543,36.055798,36.07738,36.058983,36.027843,35.992725,35.97292,35.98343,35.98501,35.93444,35.901108,35.891357,35.97888,36.13027,36.28742,36.507404,36.757042,36.88023,36.882183,36.76482,36.53059,36.38248,36.25543,36.260124,36.276554,36.399925,36.85398,37.2341,37.404778,37.543797,37.584347,37.548904,37.533485,37.455944,37.40381,37.393,37.39891,37.40467,37.378113,37.343575,37.308136,37.224873,37.17023,37.089344,36.86685,36.653404,36.5278,36.380844,36.19588,36.046867,35.985794,35.990505,35.92409,35.83038,35.81831,35.4862,35.13737,34.94536,34.863987,34.822453,34.783707,34.72867,34.674046,34.65173,34.685684,34.739384,34.78581,34.785667,34.750088,34.70231,34.64131,34.60959,34.631287,34.672497,,,,,,,,,,,,,,,,,,,,,,,,,,,,,,,,,,,,,,,,,,,,,,,,,,,,,,,,,,,,,,,,,30.76357,30.831081,31.615002,32.377705,32.7456,32.996704,33.02992,33.187756,33.43851,33.374615,33.28268,33.27476,33.245193,33.250896,33.337883,33.427906,33.517925,33.55533,33.464386,33.18846,32.82932,32.685112,32.7248,32.66903,32.71535,32.89426,33.085705,33.167316,33.11307,33.023224,32.990673,33.029575,33.036156,33.09641,33.1754,33.29742,33.383892,33.429203,33.459473,33.46301,33.432163,33.383938,33.29208,33.178307,33.070038,33.009003,32.994175,33.11741,33.429806,33.660854,33.705906,33.598236,33.52375,33.410145,33.34622,33.312767,33.3228,33.322685,33.337727,33.356632,33.377632,33.408253,33.425243,33.437862,33.431854,33.37952,33.291798,33.1866,33.094852,33.019703,32.953682,32.903217,32.856815,32.83144,32.828217,32.820274,32.769207,32.734028,32.71436,32.65637,32.600567,32.54643,32.513683,32.44774,32.377373,32.31278,32.259632,32.222553,32.201538,32.194042,32.194202,32.173702,32.115623,32.04209,32.01101,32.06108,32.219215,32.483116,32.73478,32.86174,32.885284,32.720444,32.504314,32.40553,32.395824,32.43029,32.496098,32.576164,32.58989,32.578773,32.57723,32.576332,32.547745,32.48964,32.438023,32.441246,32.468025,32.448868,32.374214,32.285988,32.245342,32.256683,32.30475,32.33877,32.350224,32.352055,32.341106,32.305897
12.833336,36.484753,36.49748,36.51535,36.52949,36.519306,36.48042,36.448383,36.441963,36.439438,36.4075,36.35634,36.329536,36.310528,36.305626,36.325397,36.32857,36.23687,36.014797,35.77258,35.692173,35.70323,35.755554,35.843452,35.971104,36.06067,36.062588,36.057953,36.063538,36.050922,36.03957,36.044052,36.028015,36.03075,36.018684,36.0122,36.011063,36.01364,36.01845,36.02368,36.04636,36.066673,36.05903,36.0358,36.020027,36.027435,36.04958,36.079468,36.104893,36.118244,36.126133,36.123356,36.121666,36.114197,36.112797,36.107094,36.10386,36.093235,36.08519,36.07509,36.072227,36.06718,36.07289,36.077175,36.088345,36.12286,36.137768,36.129654,36.0882,36.071133,36.068687,36.072067,36.08323,36.101387,36.12291,36.173275,36.22958,36.295837,36.316833,36.313995,36.260994,36.21457,36.238285,36.240658,36.15399,36.10396,36.16499,36.196857,36.152428,36.101105,36.115566,36.146805,36.174076,36.194885,36.20846,36.222332,36.229824,36.23698,36.2405,36.240902,36.240147,36.23661,36.23167,36.225666,36.21972,36.21407,36.211983,36.21436,36.22324,36.23954,36.261353,36.285435,36.306442,36.318542,36.323997,36.327286,36.33111,36.33046,36.32075,36.303463,36.28308,36.267494,36.26046,36.260757,36.263145,36.2627,36.25895,36.253887,36.24883,36.244694,36.24383,36.242844,36.23865,36.22457,36.201637,36.17057,36.13496,36.09344,36.04217,36.02607,36.025322,36.017174,36.01594,36.04755,36.05705,36.01089,36.025208,36.101208,36.204628,36.265976,36.291233,36.309086,36.300644,36.32591,36.38722,36.442207,36.479282,36.499397,36.504597,36.502605,36.496693,36.495907,36.50282,36.52927,36.55388,36.5095,36.378998,36.319893,36.310745,36.30684,36.306393,36.31101,36.32481,36.332172,36.343155,36.34953,36.358124,36.369884,36.380856,36.38871,36.390438,36.38893,36.38545,36.39619,36.42414,36.447273,36.52696,36.57238,36.599277,36.616886,36.618755,36.60511,36.586662,36.574696,36.562195,36.543583,36.51802,36.488174,36.455257,36.421318,36.390312,36.369385,36.37095,36.406055,36.479206,36.586277,36.65947,36.712196,36.67471,36.576424,36.441883,36.32178,36.24163,36.176678,36.097073,36.006264,35.932682,35.894867,35.884125,35.918625,35.991,36.067394,36.107204,36.112576,36.138493,36.206295,36.217213,36.120052,36.063343,36.09314,36.167927,36.241238,36.255955,36.109962,36.040215,36.086773,36.11851,36.129856,36.13271,36.16995,36.167206,36.168022,36.24508,36.303226,36.331783,36.34456,36.31187,36.25271,36.213097,36.208282,36.225,36.227043,36.165775,36.06688,36.03181,36.08455,36.16253,36.102634,36.03235,35.980923,35.952454,35.936527,35.87692,35.83523,35.847996,35.870007,35.974808,36.194126,36.496506,36.86628,36.94138,36.95761,36.930824,36.84263,36.64986,36.543526,36.464676,36.516182,36.56103,36.809135,37.24709,37.44759,37.522644,37.586433,37.577934,37.53321,37.551662,37.5103,37.46177,37.435955,37.407143,37.382423,37.334785,37.275486,37.248203,37.19672,37.196186,37.170902,37.002514,36.73426,36.4945,36.309223,36.1544,36.048244,35.993313,35.98945,35.888245,35.82512,35.816444,35.382965,35.08298,34.93571,34.873367,34.838203,34.794228,34.737164,34.685642,34.6542,34.669548,34.72491,34.778282,34.79313,34.78421,34.75943,34.70779,34.647213,34.63638,34.66957,,,,,,,,,,,,,,,,,,,,,,,,,,,,,,,,,,,,,,,,,,,,,,,,,,,,,,,,,,,,,,,,,30.87115,31.036213,31.779274,32.4722,32.758022,32.995213,33.029858,33.208344,33.466354,33.381386,33.278194,33.269424,33.21431,33.221977,33.271214,33.36217,33.44359,33.51867,33.525093,33.348904,32.956955,32.712048,32.751297,32.72494,32.732407,32.899616,33.10398,33.22377,33.20495,33.12526,33.07506,33.091694,33.065098,33.083668,33.1147,33.20215,33.28781,33.32734,33.354984,33.354996,33.31994,33.257767,33.161537,33.076195,33.024612,33.013084,33.201893,33.456207,33.604126,33.591015,33.468975,33.399326,33.307682,33.255615,33.257675,33.28026,33.31262,33.334164,33.37197,33.403458,33.43334,33.449223,33.439686,33.404476,33.330677,33.227898,33.13284,33.044506,32.968292,32.919304,32.891624,32.873814,32.884212,32.935528,32.956867,32.85985,32.695076,32.629913,32.61983,32.555634,32.52867,32.502552,32.506546,32.464447,32.39395,32.34381,32.29368,32.240734,32.19622,32.173298,32.171814,32.148266,32.090786,32.015644,31.977013,31.973232,32.05097,32.26205,32.555782,32.773796,32.813416,32.67513,32.49927,32.40011,32.384495,32.40564,32.452877,32.544693,32.57794,32.57822,32.570362,32.569473,32.55803,32.539734,32.517693,32.510635,32.513916,32.492844,32.440086,32.36814,32.319214,32.316765,32.351967,32.386196,32.409668,32.415604,32.4068,32.37509
12.75,36.49151,36.513283,36.52562,36.535583,36.516983,36.47468,36.45158,36.454212,36.46181,36.42965,36.3652,36.320236,36.289467,36.28724,36.308456,36.3139,36.253605,36.054173,35.78743,35.690533,35.68598,35.707485,35.763477,35.87967,35.99943,36.053173,36.04827,36.065502,36.064514,36.046562,36.054394,36.040344,36.04651,36.042152,36.042038,36.043316,36.04069,36.049088,36.052456,36.062843,36.073097,36.065002,36.045902,36.027554,36.02547,36.03703,36.053745,36.071423,36.079254,36.085537,36.08807,36.091686,36.088623,36.08553,36.074825,36.066116,36.06064,36.063366,36.065575,36.072914,36.08041,36.10014,36.11238,36.148556,36.164318,36.145103,36.107975,36.06643,36.072403,36.071804,36.073746,36.083473,36.093006,36.109585,36.14702,36.14963,36.195892,36.209087,36.212105,36.187634,36.184856,36.242912,36.247116,36.16797,36.099876,36.149567,36.200665,36.184017,36.122684,36.106567,36.128906,36.14308,36.15399,36.16638,36.173782,36.181126,36.188713,36.19451,36.199905,36.204914,36.21015,36.214264,36.218624,36.22182,36.224,36.227943,36.2347,36.246258,36.261024,36.27875,36.297024,36.31164,36.317642,36.31839,36.315086,36.304817,36.291008,36.276417,36.266933,36.264027,36.266678,36.268616,36.266262,36.258892,36.247906,36.236656,36.2272,36.21833,36.211384,36.207146,36.202587,36.19515,36.182095,36.164192,36.140186,36.108433,36.065136,36.02869,36.02784,36.03167,36.03028,36.04302,36.07796,36.044666,36.013107,36.041824,36.130917,36.236595,36.28545,36.291286,36.298843,36.29113,36.303345,36.348423,36.39188,36.429443,36.45568,36.464535,36.468346,36.47019,36.482864,36.50482,36.53708,36.521557,36.397522,36.318012,36.310986,36.313698,36.307114,36.302563,36.30427,36.304005,36.307514,36.31007,36.316322,36.32649,36.336628,36.3483,36.3611,36.37519,36.38937,36.398727,36.395187,36.391617,36.396137,36.41979,36.438267,36.518097,36.575256,36.594784,36.599728,36.591793,36.579887,36.572777,36.56289,36.54556,36.517967,36.48243,36.438404,36.39257,36.35138,36.32922,36.341797,36.408234,36.538433,36.63278,36.701645,36.700623,36.631256,36.506645,36.384712,36.299625,36.239586,36.170204,36.073536,35.974987,35.912064,35.88231,35.90434,35.964798,36.03545,36.079018,36.1013,36.146626,36.20401,36.170513,36.05775,36.02091,36.06418,36.126072,36.21224,36.25496,36.126297,36.030357,36.062847,36.111855,36.131077,36.13106,36.154087,36.127693,36.09535,36.14433,36.182907,36.19395,36.200138,36.181583,36.170338,36.181534,36.20051,36.193726,36.132755,36.06099,36.037994,36.068733,36.165863,36.19787,36.084408,36.021973,35.956882,35.881535,35.807293,35.7644,35.76508,35.803837,35.856564,35.98985,36.287403,36.790184,37.02477,36.953022,36.98899,36.97572,36.983902,36.888023,36.757744,36.7813,36.881725,37.057854,37.300358,37.48318,37.51968,37.542343,37.564655,37.53924,37.50579,37.543648,37.533817,37.497257,37.454712,37.396935,37.339695,37.26256,37.20983,37.192966,37.1688,37.198288,37.187157,37.045357,36.892605,36.688564,36.420177,36.142654,35.973705,35.9169,35.91245,35.88174,35.972572,35.6553,35.25257,35.046875,34.94542,34.887955,34.85073,34.804108,34.744377,34.695812,34.66382,34.659325,34.700375,34.749126,34.778645,34.79332,34.79028,34.760605,34.69562,34.647324,34.64917,,,,,,,,,,,,,,,,,,,,,,,,,,,,,,,,,,,,,,,,,,,,,,,,,,,,,,,,,,,,,,,,,30.95994,31.224617,31.960735,32.59652,32.755386,32.98084,33.031624,33.239788,33.50874,33.40155,33.27829,33.27199,33.189514,33.188683,33.212452,33.289173,33.367603,33.45658,33.513992,33.456615,33.15115,32.779934,32.766125,32.810528,32.751114,32.891014,33.102993,33.265205,33.29621,33.237293,33.191727,33.18069,33.125748,33.10447,33.09634,33.145206,33.21021,33.242435,33.248154,33.239323,33.19347,33.139606,33.08878,33.05738,33.09827,33.27462,33.490253,33.539043,33.45592,33.353806,33.286842,33.241215,33.204327,33.22626,33.27719,33.31336,33.354225,33.38613,33.42115,33.439198,33.437805,33.413807,33.354065,33.26684,33.163162,33.064945,32.990467,32.9519,32.92913,32.91066,32.926754,32.97687,33.081463,33.168568,33.125546,32.89621,32.667885,32.581375,32.525055,32.41215,32.39527,32.38369,32.400383,32.406258,32.3735,32.32983,32.284977,32.225643,32.17073,32.140106,32.135464,32.119465,32.075745,32.013725,31.973711,31.928644,31.929873,32.054012,32.2937,32.58681,32.724045,32.64848,32.494495,32.404713,32.381245,32.38766,32.405357,32.496433,32.54589,32.56312,32.561665,32.563503,32.55632,32.546684,32.538063,32.531395,32.526016,32.50942,32.477684,32.435913,32.401592,32.391777,32.40632,32.43143,32.458023,32.47202,32.466824,32.44392
12.666672,36.51093,36.51698,36.527786,36.53335,36.509144,36.4729,36.461933,36.47104,36.48558,36.449116,36.37294,36.313286,36.273125,36.27184,36.299,36.306084,36.278667,36.12554,35.827328,35.6951,35.678406,35.673786,35.67961,35.760403,35.87901,35.978798,36.0131,36.040634,36.0711,36.060608,36.06314,36.055862,36.05533,36.054848,36.05069,36.05452,36.05098,36.060905,36.057716,36.059376,36.059586,36.04732,36.02815,36.018227,36.01353,36.01628,36.028114,36.04672,36.06651,36.079506,36.077347,36.043697,36.013542,35.99564,35.985836,36.001114,36.034264,36.06302,36.086014,36.107918,36.12904,36.153645,36.177322,36.189507,36.171307,36.121895,36.08714,36.066483,36.08029,36.074852,,,,36.09861,36.117043,36.134052,36.150288,,,36.1867,36.20204,36.246338,36.25104,36.177998,36.0979,36.13457,36.188995,36.202545,36.158615,36.122337,36.12525,36.138306,36.140003,36.143322,36.148514,36.148296,36.150806,36.1546,36.1575,36.162266,36.169655,36.176582,36.18583,36.194363,36.2019,36.20984,36.21862,36.22887,36.240147,36.251736,36.262276,36.269867,36.27296,36.272415,36.271053,36.268448,36.268173,36.269894,36.273266,36.27435,36.269386,36.256653,36.23924,36.22158,36.20521,36.193867,36.187077,36.179955,36.174538,36.171055,36.165646,36.15816,36.148773,36.1364,36.11367,36.07952,36.03881,36.02791,36.03554,36.043526,36.050446,36.079445,36.094307,36.033573,36.019863,36.064747,36.165817,36.26702,36.303112,36.293053,36.290783,36.285477,36.291,36.32276,36.348854,36.375607,36.403564,36.41675,36.42994,36.44282,36.469505,36.502773,36.530304,36.46347,36.337933,36.316383,36.324898,36.314865,36.29772,36.28705,36.279716,36.278812,36.28838,36.296085,36.306507,36.314323,36.3172,36.32017,36.324875,36.332104,36.342167,36.35478,36.367935,36.378376,36.38745,36.391987,36.392807,36.403618,36.457283,36.5384,36.572124,36.580986,36.580425,36.578663,36.57784,36.57417,36.55737,36.526894,36.480915,36.424072,36.36293,36.310726,36.28824,36.321484,36.435474,36.596798,36.66771,36.70104,36.65724,36.554188,36.44033,36.35362,36.292866,36.230385,36.136906,36.0197,35.930218,35.885174,35.89421,35.948017,36.013878,36.060993,36.0966,36.15277,36.1918,36.120525,36.010517,35.99253,36.030746,36.08341,36.18458,36.249218,36.152294,36.027016,36.034317,36.09337,36.12375,36.12611,36.134056,36.09827,36.03116,36.057003,36.07998,36.08954,36.117195,36.136856,36.154182,36.170753,36.164867,36.12266,36.071568,36.07238,36.103455,36.113575,36.22444,36.200554,36.08762,36.015713,35.887047,35.754368,35.699253,35.692146,35.708805,35.74977,35.816364,35.950737,36.3983,36.984238,37.018387,36.974197,37.024715,36.952774,37.018787,37.03003,37.046875,37.15624,37.334892,37.48916,37.538834,37.49996,37.491764,37.50197,37.496822,37.472336,37.47082,37.502277,37.509457,37.46867,37.40309,37.327618,37.255413,37.18732,37.15197,37.144295,37.142494,37.1826,37.14758,36.97641,36.87593,36.79296,36.67818,36.514397,36.300976,36.146748,36.08906,36.17831,35.973415,35.451557,35.195644,35.050713,34.95195,34.8981,34.863094,34.816,34.75216,34.706093,34.677223,34.662434,34.68845,34.72342,34.75357,34.777653,34.781864,34.766712,34.730145,34.669407,34.64038,34.66283,,,,,,,,,,,,,,,,,,,,,,,,,,,,,,,,,,,,,,,,,,,,,,,,,,,,,,,,,,,,,,,,31.060257,31.355257,32.106537,32.63128,32.74474,32.98478,33.03393,33.262367,33.551823,33.437435,33.289032,33.278835,33.180984,33.16076,33.156162,33.21403,33.274902,33.361877,33.4675,33.518932,33.32362,32.92715,32.768353,32.8672,32.796562,32.90054,33.08693,33.28944,33.36565,33.330566,33.287834,33.268673,33.196724,33.14148,33.11574,33.125866,33.163773,33.17716,33.168335,33.153473,33.12473,33.11095,33.104523,33.20818,33.342293,33.484756,33.473797,33.345932,33.27284,33.212788,33.192566,33.19034,33.215607,33.279976,33.329113,33.36438,33.39871,33.42049,33.42666,33.40937,33.366707,33.298523,33.213768,33.134487,33.075783,33.041397,33.02573,33.01147,33.005672,33.015614,33.08159,33.211693,33.359135,33.45547,33.358913,33.08692,32.80269,32.646805,32.56267,32.408844,32.377953,32.34218,32.31302,32.300034,32.304718,32.27667,32.236473,32.177635,32.120865,32.087482,32.0695,32.070038,32.044155,32.006638,31.966831,31.922619,31.886969,31.91863,32.046394,32.30603,32.580544,32.662327,32.54745,32.43117,32.38576,32.371716,32.375774,32.435387,32.48296,32.513027,32.530838,32.539654,32.539043,32.534378,32.52935,32.52024,32.513645,32.505085,32.496334,32.48632,32.474937,32.46828,32.46931,32.480415,32.498657,32.513966,32.517387,32.50553
12.583336,36.529648,36.52768,36.530872,36.53121,36.5115,36.481518,36.477192,36.490124,36.507084,36.46129,36.373386,36.304386,36.261192,36.263275,36.296574,36.303978,36.297283,36.20887,35.91424,35.718197,35.680706,35.66875,35.639206,35.654415,35.7259,35.832443,35.90755,35.951313,36.01587,36.05076,36.06907,36.06878,36.06385,36.063545,36.055683,36.06,36.054947,36.057865,36.054195,36.050976,36.05328,36.042423,36.044823,36.03982,36.04828,36.058758,36.070107,36.076828,36.028748,35.937496,35.840603,35.75307,35.73599,35.752827,35.808205,35.908203,36.008266,36.074947,36.12286,36.160038,36.190475,36.211403,36.212296,36.19513,36.152435,36.1115,36.08113,36.07454,36.08748,,,,,,,,,,,,,,36.261192,36.182278,36.09762,36.12254,36.166233,36.199066,36.184242,36.14471,36.127865,36.13782,36.142265,36.142746,36.14442,36.14527,36.143505,36.143295,36.143684,36.14357,36.147915,36.151882,36.15881,36.166683,36.174812,36.184093,36.19402,36.20486,36.216286,36.227734,36.239006,36.249466,36.257896,36.264763,36.27092,36.27504,36.27614,36.271317,36.261475,36.24673,36.226437,36.202824,36.181137,36.16271,36.147823,36.141342,36.140823,36.13874,36.138836,36.14109,36.13947,36.131256,36.11849,36.105373,36.08137,36.048344,36.030098,36.03569,36.048996,36.061523,36.078056,36.114315,36.082497,36.02908,36.03123,36.09395,36.202698,36.29324,36.3154,36.293827,36.286507,36.28506,36.29011,36.315247,36.32992,36.340416,36.36315,36.376354,36.396492,36.419083,36.45539,36.49848,36.519012,36.422264,36.324764,36.32377,36.325092,36.292904,36.272346,36.257607,36.261295,36.275352,36.287605,36.298107,36.30133,36.298466,36.294807,36.291817,36.2921,36.29469,36.300037,36.31129,36.3226,36.330044,36.33873,36.35601,36.37432,36.377815,36.37587,36.40969,36.489037,36.54659,36.563515,36.571716,36.57919,36.588108,36.590694,36.574947,36.53819,36.47894,36.40188,36.323257,36.263973,36.255497,36.339603,36.51214,36.609848,36.669197,36.656067,36.59014,36.486588,36.399918,36.33539,36.2774,36.195988,36.070065,35.953976,35.891193,35.889236,35.93853,36.002213,36.050335,36.094334,36.154343,36.17128,36.075768,35.97718,35.96771,35.99601,36.051704,36.155483,36.244877,36.197674,36.02835,36.022015,36.07802,36.11261,36.12809,36.118984,36.076817,35.990154,36.00552,36.041508,36.061424,36.098328,36.130276,36.143654,36.142563,36.120033,36.09276,36.103806,36.15844,36.167194,36.1588,36.23527,36.206394,36.114765,35.983757,35.788372,35.67713,35.661747,35.648342,35.673897,35.70869,35.76896,35.77227,36.338486,36.919815,37.033176,36.97329,36.960922,36.943665,36.979774,37.041428,37.260437,37.545063,37.612694,37.58553,37.519093,37.450283,37.432205,37.423088,37.418255,37.425358,37.437325,37.44733,37.43026,37.3672,37.2936,37.22594,37.16297,37.1149,37.097412,37.102905,37.1186,37.158207,37.079792,36.871902,36.716988,36.60886,36.581375,36.549393,36.4936,36.391155,36.35052,36.136826,35.553326,35.26121,35.144684,35.033844,34.95719,34.91081,34.873512,34.826572,34.763897,34.71647,34.6878,34.671253,34.682804,34.710518,34.734486,34.754612,34.756443,34.755264,34.752277,34.70117,34.644775,34.64544,,,,,,,,,,,,,,,,,,,,,,,,,,,,,,,,,,,,,,,,,,,,,,,,,,,,,,,,,,,,,,,31.167072,31.18569,31.573036,32.244,32.66571,32.717365,32.978615,33.033695,33.2772,33.580128,33.442326,33.315643,33.28427,33.183563,33.147945,33.116333,33.147816,33.194813,33.26001,33.36934,33.49109,33.44344,33.078312,32.794453,32.872543,32.848064,32.898396,33.072823,33.300686,33.414173,33.41036,33.370407,33.339695,33.27177,33.18917,33.151928,33.142902,33.150528,33.148205,33.138916,33.135956,33.136753,33.19808,33.295452,33.40557,33.461708,33.410675,33.284958,33.216972,33.19167,33.15919,33.186047,33.21672,33.276012,33.331955,33.369617,33.397022,33.41289,33.408897,33.379875,33.329548,33.27077,33.203888,33.148373,33.116455,33.123253,33.159428,33.204422,33.221317,33.229256,33.270782,33.368492,33.490665,33.602848,33.652966,33.548626,33.2454,32.879524,32.687115,32.635395,32.500847,32.45011,32.413647,32.342907,32.286453,32.231445,32.199905,32.182365,32.15695,32.098316,32.05434,32.019817,32.007893,31.990927,31.979425,31.945923,31.910313,31.879759,31.875008,31.89928,32.02082,32.261086,32.55129,32.614235,32.505497,32.417465,32.390865,32.36429,32.397877,32.41834,32.44175,32.45115,32.456245,32.460045,32.45198,32.434258,32.418007,32.404438,32.39889,32.406868,32.427456,32.44975,32.469055,32.487553,32.510693,32.534557,32.55326,32.561523,32.56028
12.5,36.542988,36.547733,36.54459,36.53812,36.520306,36.4895,36.48488,36.501152,36.520885,36.465355,36.3678,36.292328,36.251186,36.257004,36.289856,36.29778,36.309902,36.26949,36.03063,35.78524,35.707436,35.69187,35.636642,35.616116,35.61438,35.647697,35.729,35.774097,35.841846,35.916508,35.98664,36.03526,36.065174,36.08259,36.083065,36.085308,36.084377,36.0854,36.08451,36.083508,36.08341,36.079094,36.06189,36.054432,36.037586,36.017014,35.958393,35.815025,35.624084,35.499577,35.43014,35.416245,35.45078,35.511597,35.651478,35.834793,35.984222,36.08479,36.162098,36.22043,36.238056,36.227634,36.20501,36.173298,36.13454,36.109165,36.080017,36.08074,36.097534,36.10031,,,,,,,,,,,,36.22019,36.26323,36.16349,36.099308,36.113373,36.142963,36.172665,36.18731,36.16635,36.13524,36.13201,36.135918,36.138134,36.140377,36.14277,36.143986,36.143932,36.14675,36.14783,36.152306,36.15782,36.16444,36.173103,36.182144,36.192177,36.203064,36.214245,36.225685,36.23682,36.246452,36.254417,36.25978,36.262497,36.260414,36.25443,36.24402,36.227703,36.21325,36.19642,36.177605,36.15777,36.1401,36.122993,36.107304,36.096596,36.091316,36.089027,36.09013,36.094837,36.097256,36.090893,36.076576,36.06424,36.046074,36.034187,36.04028,36.051968,36.071083,36.089478,36.118317,36.12926,36.059208,36.029335,36.049988,36.13031,36.23958,36.315094,36.319984,36.290848,36.281536,36.2847,36.29339,36.317715,36.330826,36.32935,36.34302,36.352127,36.371067,36.398117,36.43858,36.490078,36.508842,36.408924,36.323017,36.32433,36.300663,36.25601,36.23619,36.240543,36.26488,36.287205,36.296757,36.297024,36.29122,36.282177,36.272827,36.261776,36.251747,36.244667,36.243687,36.254433,36.265045,36.280945,36.291294,36.295208,36.317307,36.347534,36.359222,36.353615,36.366932,36.44171,36.517357,36.54661,36.563595,36.582092,36.60067,36.608326,36.58814,36.535786,36.449543,36.35063,36.265175,36.210697,36.243355,36.379696,36.552986,36.604034,36.6251,36.592285,36.522133,36.44655,36.382713,36.325756,36.248028,36.105087,35.966686,35.896946,35.88853,35.93492,35.9959,36.04027,36.089962,36.150803,36.149303,36.04289,35.954395,35.94491,35.969173,36.024803,36.123997,36.232555,36.235878,36.073845,36.015003,36.05416,36.10177,36.13197,36.116016,36.068005,35.983093,35.98667,36.03686,36.07018,36.109314,36.133644,36.129425,36.116074,36.105625,36.11345,36.167892,36.225883,36.20066,36.166973,36.20065,36.19881,36.097168,35.928738,35.73273,35.667515,35.645947,35.632217,35.661003,35.696175,35.74045,35.73779,35.98221,36.50546,36.992847,37.08151,37.0473,37.05964,37.112003,37.300045,37.53344,37.641552,37.5986,37.583427,37.49663,37.38871,37.36643,37.355133,37.335144,37.343525,37.349277,37.346817,37.304626,37.231995,37.164516,37.106995,37.06086,37.03367,37.054478,37.07286,37.10212,37.1317,37.01648,36.769623,36.54102,36.342983,36.262455,36.244785,36.20737,36.146484,36.012333,35.526394,35.350796,35.27923,35.185875,35.062294,34.979786,34.929096,34.891468,34.849213,34.7856,34.73706,34.70202,34.68189,34.681335,34.69826,34.711403,34.718792,34.712467,34.720333,34.743263,34.729378,34.663544,34.628567,34.641888,,,,,,,,,,,,,,,,,,,,,,,,,,,,,,,,,,,,,,,,,,,,,,,,,,,,,,,,,,,,,,31.269709,31.339392,31.738201,32.337063,32.68864,32.694645,32.97084,33.027225,33.28248,33.594162,33.437084,33.326637,33.289463,33.191833,33.145447,33.09166,33.094658,33.117577,33.16083,33.265167,33.431206,33.530323,33.28014,32.86279,32.868534,32.9049,32.9053,33.05395,33.301632,33.44186,33.472748,33.44163,33.409245,33.354057,33.27005,33.223755,33.206596,33.20519,33.190765,33.201138,33.238968,33.291855,33.371994,33.43706,33.438976,33.35769,33.2485,33.19577,33.178017,33.159645,33.169838,33.217922,33.26594,33.328236,33.36466,33.391098,33.407665,33.399784,33.37202,33.324963,33.275406,33.22382,33.185116,33.170673,33.19567,33.26133,33.355793,33.44938,33.50641,33.523388,33.561356,33.62223,33.688442,33.71908,33.695843,33.551277,33.224373,32.823956,32.700874,32.664936,32.52799,32.482735,32.458748,32.37883,32.318607,32.250412,32.18955,32.14892,32.12257,32.07659,32.031532,32.002174,31.976797,31.950687,31.937222,31.922606,31.894157,31.879951,31.874308,31.869675,31.893646,32.009693,32.249104,32.54326,32.594612,32.47704,32.413876,32.394024,32.37882,32.38003,32.3778,32.367043,32.34813,32.338745,32.31642,32.28578,32.2591,32.236378,32.22105,32.217182,32.22826,32.260532,32.29779,32.335712,32.39902,32.473484,32.535522,32.568535,32.582603
12.416672,36.547413,36.55621,36.550053,36.539307,36.52103,36.488487,36.487125,36.5099,36.531765,36.463104,36.36049,36.280888,36.240265,36.250114,36.278107,36.2826,36.312218,36.324528,36.157192,35.89251,35.78179,35.74209,35.6797,35.63038,35.600914,35.578537,35.58092,35.593323,35.62432,35.653763,35.723164,35.782715,35.820515,35.86971,35.897472,35.916412,35.94243,35.93411,35.95415,35.900074,35.863808,35.768307,35.73223,35.708206,35.630962,35.593422,35.51076,35.35583,35.316643,35.30959,35.30947,35.31836,35.377163,35.439274,35.54197,35.691715,35.84999,36.01492,36.155872,36.21787,36.206913,36.17356,36.161587,36.16088,36.144028,36.113052,36.07086,36.08792,36.119476,36.100945,36.078907,,,,,,,,,36.19309,36.223797,36.26468,36.246456,36.120857,36.100006,36.10779,36.120785,36.134075,36.1548,36.163574,36.141308,36.12341,36.12093,36.1182,36.119766,36.12008,36.123814,36.125427,36.129814,36.134953,36.14091,36.149727,36.15891,36.16926,36.18005,36.189705,36.199524,36.207867,36.21486,36.220478,36.22444,36.225647,36.22455,36.222042,36.216713,36.211334,36.204685,36.19702,36.18964,36.180725,36.169655,36.156242,36.142067,36.12615,36.109264,36.093536,36.080517,36.071114,36.065025,36.06297,36.061417,36.055782,36.04675,36.04121,36.03985,36.049686,36.063328,36.078922,36.102768,36.12666,36.154793,36.10979,36.045902,36.037,36.07942,36.172344,36.275116,36.33004,36.317345,36.28593,36.2761,36.281914,36.29571,36.32141,36.33547,36.33382,36.34008,36.344105,36.355316,36.38082,36.42111,36.479385,36.509083,36.425594,36.322372,36.297153,36.27298,36.23174,36.22216,36.25307,36.28531,36.305466,36.300186,36.296448,36.294094,36.294426,36.290474,36.27771,36.258007,36.235115,36.2147,36.2041,36.200275,36.20601,36.222458,36.234352,36.242332,36.274822,36.31823,36.335693,36.32987,36.334343,36.39974,36.48517,36.529892,36.55853,36.58736,36.61428,36.617657,36.58326,36.50234,36.39435,36.290207,36.203346,36.18386,36.275326,36.45532,36.539673,36.588512,36.575275,36.53485,36.475033,36.41151,36.34936,36.26636,36.111248,35.969536,35.898247,35.88871,35.93355,35.988186,36.03044,36.086674,36.14465,36.12711,36.017166,35.93632,35.925186,35.948086,35.9993,36.09042,36.211205,36.26081,36.146885,36.014782,36.035774,36.085407,36.12539,36.129555,36.08181,35.990013,35.972137,36.02824,36.079823,36.11084,36.128452,36.11821,36.10711,36.11547,36.151188,36.226627,36.24424,36.18258,36.15793,36.181065,36.160637,36.064903,35.904076,35.71362,35.65225,35.620228,35.614677,35.641277,35.684135,35.71986,35.749622,35.767296,36.142155,36.268494,36.896004,37.269028,37.294754,37.36913,37.45545,37.44063,37.39265,37.53374,37.57161,37.486465,37.36648,37.322582,37.28411,37.24396,37.2379,37.223553,37.19581,37.150562,37.09432,37.05844,37.02712,37.00667,37.03751,37.02328,37.05079,37.088398,37.110638,36.9746,36.710514,36.449722,36.177452,35.992893,35.941418,35.88025,35.77888,35.5897,35.51551,35.39146,35.26326,35.14589,35.062508,34.9984,34.945972,34.90924,34.87824,34.823227,34.77243,34.73024,34.700344,34.688286,34.688126,34.690727,34.691307,34.685833,34.691803,34.713654,34.73014,34.686646,34.625183,34.60731,,,,,,,,,,,,,,,,,,,,,,,,,,,,,,,,,,,,,,,,,,,,,,,,,,,,,,,,,,,,,31.285309,31.303072,31.404728,31.83976,32.405502,32.701008,32.6763,32.955257,32.98441,33.30092,33.600327,33.43538,33.332092,33.30088,33.20759,33.15453,33.079754,33.05929,33.06738,33.08439,33.158344,33.32431,33.503468,33.413486,32.992966,32.866947,32.96467,32.907173,33.03441,33.28341,33.449223,33.511032,33.501694,33.477467,33.442253,33.381313,33.3491,33.331894,33.330147,33.332363,33.357525,33.40133,33.433033,33.45514,33.415756,33.327923,33.23366,33.18501,33.176132,33.161545,33.16656,33.201828,33.253983,33.30649,33.3597,33.383324,33.40355,33.401344,33.380547,33.358753,33.343098,33.339283,33.340992,33.357094,33.390438,33.434086,33.50393,33.574318,33.648014,33.695107,33.70757,33.71273,33.720837,33.72517,33.70679,33.661873,33.548714,33.294827,32.94785,32.810673,32.730453,32.58359,32.51837,32.465843,32.38834,32.327843,32.27911,32.215874,32.15921,32.104176,32.05639,32.022137,31.993034,31.952038,31.925861,31.912422,31.894987,31.882425,31.87965,31.872404,31.867466,31.884825,31.950342,32.084442,32.339787,32.565838,32.558086,32.436394,32.425434,32.37859,32.381153,32.35491,32.336876,32.31518,32.304825,32.286877,32.259544,32.234398,32.209705,32.185703,32.167217,32.153496,32.1497,32.15871,32.171085,32.200832,32.25326,32.3281,32.42515,32.502567
12.333336,36.541145,36.54939,36.546745,36.536316,36.519398,36.493793,36.498383,36.5285,36.54334,36.458588,36.35257,36.27573,36.241577,36.25393,36.26364,36.26619,36.310535,36.34187,36.27768,36.038727,35.886032,35.850254,35.767586,35.688255,35.644344,35.601852,35.573368,35.549202,35.530613,35.518917,35.493694,35.491943,35.476227,35.47728,35.4822,35.490494,35.494164,35.517693,35.527016,35.496258,35.465252,35.38737,35.375404,35.391144,35.362785,35.36271,35.37188,35.306667,35.29036,35.290848,35.307686,35.320858,35.319485,35.346222,35.395,35.51267,35.697784,35.953156,36.120323,36.133354,36.12486,36.120842,36.133957,36.153767,36.139297,36.085148,36.061516,36.11383,36.14696,36.113747,36.084026,,,,,36.075867,36.07336,36.02191,36.072292,36.179626,36.29689,36.318024,36.206577,36.107006,36.100155,36.105755,36.103466,36.100098,36.109093,36.121727,36.118626,36.108826,36.100346,36.09437,36.092476,36.092052,36.093296,36.096226,36.100082,36.106434,36.112617,36.120716,36.130512,36.140575,36.151203,36.160744,36.168976,36.175507,36.18121,36.18622,36.191223,36.19597,36.201115,36.206425,36.21092,36.215786,36.219807,36.221783,36.221996,36.21837,36.208733,36.193512,36.17655,36.15839,36.139,36.1199,36.101963,36.08656,36.07451,36.066948,36.061275,36.056435,36.05482,36.05912,36.068527,36.079,36.09585,36.11836,36.143703,36.174793,36.158382,36.078278,36.04608,36.055077,36.118958,36.217594,36.30631,36.33619,36.311234,36.280968,36.272026,36.277626,36.2929,36.31882,36.336082,36.3379,36.342304,36.344746,36.347878,36.370262,36.407825,36.46782,36.511337,36.45896,36.34447,36.291027,36.26687,36.225075,36.23201,36.270382,36.307137,36.310352,36.303688,36.30701,36.315895,36.32462,36.327473,36.319466,36.29593,36.259422,36.21894,36.18598,36.162624,36.14994,36.153217,36.16294,36.174812,36.19438,36.24539,36.295742,36.314484,36.30368,36.30871,36.361607,36.44444,36.507877,36.553772,36.597343,36.619465,36.60527,36.5423,36.441963,36.33,36.21483,36.149654,36.17562,36.310658,36.475685,36.534733,36.54418,36.512882,36.4612,36.40304,36.350716,36.25462,36.095074,35.96201,35.89469,35.89011,35.932255,35.98006,36.025185,36.088062,36.139217,36.10921,36.000412,35.922916,35.90814,35.928627,35.974236,36.057213,36.184505,36.27126,36.203766,36.047253,36.024216,36.066704,36.1114,36.138294,36.11185,36.017727,35.967064,35.99981,36.04635,36.08454,36.09464,36.1,36.115734,36.163868,36.229977,36.27117,36.1986,36.16176,36.16648,36.180973,36.14705,36.053566,35.866596,35.682167,35.64166,35.607,35.6149,35.64372,35.680836,35.71393,35.781013,35.75525,35.939034,36.058136,36.44314,36.53094,37.03973,37.311974,37.207485,36.9043,36.96886,37.31617,37.542297,37.519283,37.376083,37.317703,37.264893,37.201153,37.16757,37.111473,37.076683,37.03867,37.022167,37.015404,37.02213,37.066246,37.087273,37.007538,37.031223,37.074375,37.08285,36.94673,36.714603,36.451042,36.133007,35.896423,35.816544,35.75466,35.66402,35.5636,35.413525,35.380383,35.322865,35.217896,35.11332,35.0371,34.976967,34.934265,34.915386,34.873665,34.828934,34.783165,34.74431,34.717686,34.703094,34.690228,34.687706,34.68546,34.688496,34.692657,34.707493,34.69131,34.639824,34.601757,34.614132,,,,,,,,,,,,,,,,,,,,,,,,,,,,,,,,,,,,,,,,,,,,,,,,,,,,,,,,,,,,31.287437,31.455736,31.565525,31.929756,32.465847,32.701664,32.6707,32.953003,32.9878,33.348816,33.593834,33.42211,33.335903,33.301746,33.224346,33.169514,33.084736,33.029736,33.01828,33.021362,33.073254,33.233524,33.45497,33.52228,33.151237,32.871586,32.97508,32.92631,33.002586,33.248585,33.44816,33.53007,33.537727,33.531746,33.51985,33.48707,33.470764,33.461464,33.46003,33.46178,33.47328,33.478176,33.45401,33.40159,33.314186,33.233627,33.185883,33.171806,33.163517,33.169426,33.189995,33.232025,33.287827,33.33972,33.380104,33.39845,33.40612,33.3898,33.370884,33.358387,33.3656,33.39935,33.459175,33.5317,33.600662,33.64729,33.679043,33.70161,33.722416,33.730038,33.724842,33.710266,33.696133,33.678406,33.65098,33.61426,33.536915,33.33741,32.99579,32.88145,32.726833,32.61078,32.553356,32.472076,32.41527,32.35107,32.286587,32.233368,32.17486,32.120747,32.070824,32.022484,31.983585,31.946146,31.927267,31.908316,31.896887,31.881998,31.871637,31.855022,31.860937,31.907114,31.967773,32.045074,32.199657,32.431503,32.56732,32.469517,32.422726,32.394268,32.3703,32.35606,32.326958,32.312252,32.30335,32.27905,32.250996,32.22163,32.19034,32.15954,32.136192,32.116737,32.10853,32.105232,32.110764,32.12482,32.153122,32.194885,32.257504,32.32882
12.25,36.5274,36.540817,36.53659,36.53035,36.517975,36.506252,36.52004,36.550182,36.547894,36.446278,36.342583,36.26738,36.24571,36.26286,36.25312,36.261154,36.31861,36.34529,36.348713,36.210175,36.018562,35.993523,35.95852,35.81399,35.70484,35.65099,35.61565,35.593174,35.563725,35.557835,35.52747,35.50766,35.48585,35.45561,35.450527,35.418243,35.41101,35.40458,35.394794,35.378826,35.36187,35.335464,35.301178,35.300503,35.305325,35.29324,35.296516,35.296135,35.297337,35.304447,35.305466,35.304905,35.30742,35.325523,35.391487,35.548706,35.79299,36.0354,36.054813,36.039448,36.058586,36.074436,36.09039,36.126472,36.113453,36.060192,36.058155,36.143826,36.15038,36.11883,36.09037,36.105118,36.10931,36.09878,36.104347,36.1032,36.070255,36.121937,36.308163,36.35063,36.325066,36.2837,36.1594,36.105045,36.10107,36.106365,36.09592,36.083923,36.082584,36.086224,36.08173,36.074783,36.068504,36.06064,36.057137,36.05565,36.05695,36.05901,36.063168,36.069286,36.07798,36.086365,36.095768,36.105778,36.11565,36.12673,36.138187,36.150696,36.163673,36.177814,36.192684,36.208225,36.222733,36.235962,36.246754,36.257256,36.266342,36.27138,36.2713,36.264088,36.248943,36.23045,36.21024,36.188557,36.166065,36.1461,36.127975,36.112503,36.10056,36.0931,36.08754,36.08438,36.08524,36.09022,36.100296,36.117146,36.138233,36.158813,36.189667,36.189587,36.116013,36.060234,36.053387,36.08789,36.16482,36.261223,36.331535,36.334583,36.303043,36.273823,36.264816,36.26887,36.28594,36.309914,36.328552,36.336372,36.344383,36.349106,36.348427,36.366745,36.400517,36.45939,36.51207,36.50142,36.4185,36.349514,36.275703,36.226364,36.255554,36.299423,36.325165,36.319496,36.316372,36.32225,36.324986,36.330814,36.340767,36.3524,36.34784,36.308807,36.24604,36.17996,36.129982,36.098957,36.093052,36.09748,36.108624,36.13344,36.175964,36.23497,36.283607,36.29537,36.28181,36.287426,36.318977,36.400887,36.48343,36.548416,36.587433,36.588593,36.547462,36.472004,36.37428,36.24293,36.13956,36.12569,36.17709,36.35515,36.465134,36.50891,36.487366,36.45073,36.405315,36.35544,36.222336,36.060856,35.9497,35.89168,35.889584,35.92709,35.9705,36.02206,36.0889,36.132687,36.093758,35.98938,35.913948,35.89555,35.909527,35.95087,36.022884,36.145714,36.257874,36.25038,36.122387,36.02694,36.055336,36.09102,36.146008,36.160446,36.10279,36.00591,36.00117,36.022873,36.066494,36.10874,36.160194,36.219234,36.277267,36.275856,36.20309,36.15936,36.17142,36.191174,36.20058,36.13927,36.030888,35.83179,35.688194,35.659054,35.61312,35.622684,35.659958,35.694157,35.729298,35.79974,35.813595,35.897675,36.06202,36.262947,36.398834,36.92178,37.01467,36.627335,36.555485,36.63413,36.96172,37.420662,37.5469,37.426636,37.34865,37.330112,37.26683,37.227947,37.14948,37.09796,37.061733,37.046715,37.061752,37.090614,37.090855,37.01445,36.984825,37.013103,37.04558,37.05581,36.9476,36.74483,36.504414,36.170513,35.88638,35.792007,35.724792,35.646866,35.56228,35.48582,35.418713,35.363213,35.235153,35.14992,35.083374,35.017982,34.95779,34.94264,34.9171,34.88442,34.844994,34.802223,34.76577,34.73692,34.71474,34.699585,34.685265,34.67273,34.66668,34.67215,34.66802,34.641083,34.592857,34.59338,,,,,,,,,,,,,,,,,,,,,,,,,,,,,,,,,,,,,,,,,,,,,,,,,,,,,,,,,,,31.451838,31.452694,31.542217,31.639114,32.00847,32.512157,32.6992,32.658546,32.939045,32.953114,33.361595,33.591137,33.408646,33.329376,33.31151,33.248894,33.19298,33.110348,33.033813,32.99127,32.975803,33.001373,33.139492,33.383457,33.54762,33.305424,32.92742,32.95249,32.965546,32.981403,33.212708,33.431057,33.53487,33.557613,33.56146,33.56864,33.559975,33.545727,33.534206,33.51588,33.499382,33.471977,33.435226,33.367012,33.297863,33.23029,33.190178,33.173584,33.16696,33.1782,33.184452,33.214714,33.261135,33.320118,33.36782,33.39836,33.415565,33.422398,33.414707,33.40514,33.39456,33.392857,33.412003,33.463787,33.534195,33.604992,33.653763,33.67796,33.685917,33.68447,33.67492,33.66106,33.642952,33.621964,33.599567,33.573322,33.539364,33.4684,33.259758,32.903587,32.810074,32.69342,32.58935,32.528584,32.47823,32.437675,32.38926,32.32713,32.255215,32.20008,32.14955,32.102097,32.056202,32.009846,31.964369,31.933474,31.926897,31.92532,31.888079,31.857042,31.85093,31.875235,31.949375,32.014477,32.057312,32.13548,32.29915,32.505623,32.53727,32.406414,32.399475,32.364506,32.36001,32.33572,32.334763,32.319267,32.29878,32.27202,32.222946,32.168404,32.12114,32.09073,32.071682,32.063667,32.058716,32.05727,32.063683,32.08016,32.10455,32.14708,32.201538
12.166672,36.510998,36.5296,36.53234,36.532127,36.52567,36.524075,36.5445,36.563904,36.54228,36.427258,36.334625,36.263756,36.252594,36.26649,36.248913,36.266937,36.32935,36.366356,36.37241,36.32327,36.166134,36.07569,36.11616,36.12982,36.0047,35.735985,35.626366,35.582897,35.536892,35.514614,35.48693,35.470715,35.455242,35.433178,35.42995,35.412575,35.409008,35.408516,35.382915,35.37131,35.346085,35.342335,35.305477,35.325073,35.314598,35.286617,35.29999,35.331924,35.335472,35.33808,35.34468,35.33312,35.301937,35.32268,35.400185,35.547012,35.72525,35.856297,35.898052,35.95901,36.009834,36.059788,36.075348,36.137325,36.111107,36.053112,36.08091,36.159958,36.158203,36.139782,36.113117,36.12295,36.111477,36.091843,36.085545,36.103367,36.147865,36.23921,36.369965,36.357574,36.305737,36.223072,36.135044,36.10052,36.104576,36.109444,36.096073,36.083107,36.0772,36.07494,36.067436,36.05873,36.048054,36.036777,36.027946,36.02245,36.02052,36.02169,36.02586,36.033463,36.043507,36.05463,36.06676,36.08011,36.09445,36.111015,36.129417,36.150272,36.17176,36.194996,36.219776,36.24504,36.26668,36.28462,36.298576,36.309685,36.31724,36.31826,36.31238,36.29816,36.274544,36.248905,36.22369,36.200336,36.180653,36.1649,36.151814,36.140644,36.131958,36.125977,36.12127,36.12026,36.12408,36.133495,36.146656,36.158813,36.176495,36.20176,36.212906,36.156387,36.08059,36.05804,36.06827,36.126213,36.209827,36.297585,36.34449,36.32826,36.29338,36.266968,36.25619,36.26161,36.279987,36.299107,36.314938,36.32642,36.33878,36.350708,36.351532,36.368412,36.4008,36.45532,36.511,36.528023,36.476166,36.37998,36.26289,36.236103,36.286148,36.324715,36.33769,36.320843,36.312138,36.29357,36.272884,36.273216,36.296608,36.335087,36.369354,36.359097,36.290775,36.19468,36.108208,36.052147,36.03762,36.04301,36.04989,36.073032,36.113373,36.173138,36.232883,36.275482,36.280624,36.267464,36.26644,36.291843,36.35801,36.453537,36.519516,36.53769,36.518394,36.472878,36.402786,36.273083,36.14251,36.101456,36.111805,36.176857,36.34176,36.435028,36.462784,36.448246,36.41652,36.343132,36.17467,36.030727,35.93692,35.886436,35.88397,35.916744,35.961052,36.02102,36.089767,36.124958,36.080936,35.981808,35.90672,35.885185,35.892593,35.931755,35.99171,36.107643,36.232117,36.275898,36.18995,36.069885,36.053116,36.07486,36.09706,36.176933,36.204994,36.18023,36.126778,36.13966,36.187496,36.228947,36.26985,36.2903,36.261555,36.185417,36.157852,36.168835,36.209602,36.216805,36.18757,36.12276,36.012466,35.814503,35.71477,35.663254,35.615837,35.62881,35.657867,35.700916,35.74359,35.826572,35.900192,35.95632,36.06871,36.176598,36.450397,36.91458,36.590218,36.536163,36.536537,36.569736,36.745438,37.172832,37.51687,37.544075,37.394714,37.36418,37.333714,37.269455,37.23106,37.18291,37.12845,37.08031,37.0461,37.107765,37.062973,36.983566,36.9638,37.00026,37.02953,37.038357,36.949535,36.80097,36.610043,36.277653,35.951214,35.8136,35.72831,35.662254,35.591393,35.53584,35.494183,35.395847,35.25817,35.189438,35.143738,35.077038,34.992756,34.96504,34.94086,34.918606,34.887352,34.844055,34.799885,34.75857,34.725807,34.70215,34.68217,34.665894,34.649307,34.637074,34.626377,34.61217,34.574184,34.551067,34.520817,,,,,,,,,,,,,,,,,,,,,,,,,,,,,,,,,,,,,,,,,,,,,,,,,,,,,,,,,,31.470882,31.51407,31.667206,31.754898,32.09672,32.561153,32.686577,32.632786,32.91696,32.963593,33.401775,33.565453,33.373596,33.31487,33.299988,33.256935,33.213165,33.130398,33.03813,32.96991,32.93168,32.945625,33.06113,33.31216,33.54554,33.440224,32.9991,32.95743,33.00024,32.972797,33.15913,33.398205,33.517784,33.552975,33.54375,33.55255,33.55186,33.535378,33.50776,33.468384,33.425144,33.374557,33.316216,33.26363,33.215893,33.186176,33.1745,33.171677,33.178158,33.19181,33.196503,33.237545,33.287716,33.349552,33.388702,33.41223,33.42641,33.439373,33.451817,33.4703,33.48038,33.489815,33.49953,33.524887,33.56146,33.602177,33.629517,33.636703,33.633236,33.622005,33.6053,33.582714,33.55661,33.52942,33.505665,33.486702,33.47635,33.452747,33.278374,32.92325,32.805202,32.686882,32.589172,32.54191,32.506084,32.464462,32.405346,32.336666,32.26054,32.19171,32.144066,32.106823,32.078465,32.034992,31.988047,31.96721,31.967684,31.935125,31.891294,31.865828,31.863663,31.906925,31.987226,32.037727,32.076946,32.116917,32.198685,32.37131,32.551968,32.51181,32.417007,32.395603,32.40377,32.389328,32.38206,32.378105,32.348244,32.279602,32.189342,32.11872,32.070175,32.039646,32.020973,32.01388,32.015568,32.024765,32.034157,32.04481,32.061306,32.084076,32.120388
12.083336,36.485332,36.507103,36.525112,36.53907,36.542328,36.545975,36.561985,36.56673,36.52008,36.40699,36.32486,36.26129,36.261024,36.262287,36.241673,36.270668,36.330875,36.370686,36.37522,36.3661,36.285778,36.181538,36.168278,36.1986,36.241276,36.22997,36.158825,35.88596,35.7184,35.69778,35.59322,35.580025,35.537476,35.517227,35.527203,35.485985,35.54112,35.502132,35.52509,35.45918,35.36697,35.418324,35.384243,35.39905,35.322395,35.350574,35.330784,35.362278,35.383575,35.402695,35.4142,35.386425,35.322754,35.328594,35.44112,35.551163,35.65481,35.69469,35.796932,35.91996,35.99633,36.079483,36.119774,36.152676,36.11008,36.055843,36.11833,36.179794,36.17062,36.159317,36.138466,36.129433,36.142776,36.15675,36.13798,36.1334,36.18989,36.34767,36.365444,36.32092,36.270252,36.195553,36.119724,36.101994,36.108692,36.112663,36.100956,36.08792,36.081642,36.07622,36.064857,36.053886,36.041325,36.027103,36.01499,36.004616,35.9974,35.996567,35.99932,36.006325,36.01814,36.032562,36.050484,36.069973,36.092472,36.1167,36.1438,36.173046,36.20271,36.231354,36.258625,36.2875,36.314278,36.33544,36.350372,36.36007,36.360397,36.350662,36.331608,36.3055,36.274643,36.247574,36.226532,36.211876,36.20133,36.190945,36.18092,36.171913,36.164215,36.160027,36.157085,36.15671,36.161694,36.171864,36.179977,36.189274,36.216934,36.228226,36.195507,36.10794,36.066902,36.066845,36.09636,36.16579,36.249,36.323914,36.34716,36.322495,36.290745,36.267647,36.254,36.25537,36.27073,36.28492,36.297485,36.312042,36.331036,36.349007,36.352562,36.368046,36.400978,36.457058,36.508846,36.53466,36.508377,36.395393,36.254543,36.255444,36.305893,36.348194,36.342754,36.314373,36.27898,36.23,36.20607,36.206577,36.224407,36.27065,36.346485,36.381577,36.329506,36.207977,36.089985,36.01747,35.99514,35.993122,36.00203,36.022617,36.064907,36.125626,36.193226,36.24656,36.27754,36.274097,36.25744,36.25332,36.275208,36.33444,36.405014,36.446075,36.457504,36.445686,36.405987,36.294342,36.152145,36.081913,36.08735,36.083134,36.17287,36.287735,36.368835,36.381943,36.34522,36.24562,36.09499,35.984745,35.91392,35.874283,35.874702,35.905926,35.948902,36.014244,36.08509,36.115437,36.06887,35.975723,35.900356,35.872505,35.878784,35.914787,35.962894,36.06458,36.18333,36.26218,36.258644,36.144978,36.063198,36.062286,36.05648,36.106846,36.17917,36.24083,36.270294,36.27666,36.2841,36.283676,36.255314,36.211758,36.1472,36.126736,36.152237,36.156097,36.203983,36.21659,36.175297,36.115524,36.00484,35.83758,35.765217,35.69541,35.638775,35.64552,35.662083,35.70064,35.74989,35.82857,35.94313,36.0797,36.077583,36.202374,36.69305,36.690933,36.58019,36.55308,36.56384,36.590553,36.651035,36.905262,37.20319,37.37415,37.443695,37.365765,37.282925,37.2097,37.09971,37.025814,36.906254,36.754864,36.639465,36.926636,37.042423,36.97852,36.938107,36.975677,37.01115,37.055443,37.007282,36.88543,36.72766,36.417854,36.07672,35.867985,35.771088,35.715157,35.658615,35.608654,35.558598,35.429806,35.260273,35.197426,35.190876,35.148224,35.05214,34.99959,34.960533,34.932053,34.909748,34.873665,34.828445,34.783173,34.746353,34.722828,34.70472,34.68437,34.656227,34.62521,34.598366,34.575863,34.54576,34.526157,34.529114,,,,,,,,,,,,,,,,,,,,,,,,,,,,,,,,,,,,,,,,,,,,,,,,,,,,,,,,,31.491253,31.54822,31.653383,31.798433,31.868763,32.192787,32.5871,32.66948,32.614002,32.915962,32.985245,33.396988,33.545403,33.32345,33.28726,33.271065,33.259373,33.23321,33.16292,33.059784,32.962814,32.899544,32.89523,32.989628,33.247936,33.53154,33.562096,33.129143,32.95197,33.01923,32.983105,33.108837,33.34341,33.478863,33.544952,33.511845,33.49731,33.477345,33.451294,33.416096,33.356773,33.31407,33.26065,33.2235,33.18833,33.164597,33.15954,33.161884,33.171444,33.195904,33.201473,33.212112,33.260773,33.318443,33.375378,33.40474,33.416107,33.422268,33.433926,33.450523,33.4741,33.494915,33.520397,33.54499,33.558025,33.56833,33.5784,33.57737,33.567444,33.55576,33.541946,33.525608,33.50377,33.47736,33.452164,33.439808,33.437134,33.462955,33.48943,33.286278,32.936184,32.818184,32.676933,32.610657,32.579643,32.543663,32.48089,32.412487,32.34671,32.269352,32.198654,32.155018,32.12183,32.097237,32.069733,32.027397,32.02135,31.980629,31.935528,31.913376,31.907265,31.91679,31.978865,32.038837,32.069912,32.099754,32.12394,32.165813,32.240738,32.415676,32.5726,32.57276,32.53266,32.506752,32.486347,32.463627,32.413563,32.326057,32.20341,32.1047,32.048565,32.009895,31.986246,31.974699,31.973282,31.980007,31.996548,32.01573,32.032608,32.050217,32.066307,32.083626
12.0,36.45469,36.477497,36.506603,36.53286,36.54753,36.556473,36.562954,36.559296,36.486996,36.386147,36.317432,36.264835,36.27086,36.25471,36.23521,36.270542,36.33276,36.364014,36.36328,36.364834,36.351208,36.276257,36.23839,36.25696,36.269722,36.2677,36.265568,36.227425,36.146942,36.06001,35.876698,35.69521,35.66807,35.677258,35.636734,35.697887,35.69745,35.72237,35.773907,35.72563,35.53063,35.596703,35.548763,35.534477,35.43968,35.377625,35.360054,35.385426,35.418953,35.454647,35.480827,35.45413,35.38003,35.387756,35.52208,35.641235,35.72863,35.80651,35.884846,35.96925,36.02648,36.09331,36.105686,36.134785,36.117455,36.114178,36.142876,36.181477,36.17137,36.176243,36.170994,36.180508,36.212532,36.22567,36.188473,36.194958,36.287773,36.361298,36.32863,36.29779,36.253513,36.18099,36.116398,36.104244,36.11169,36.11497,36.10241,36.090767,36.084713,36.079685,36.065693,36.053066,36.039345,36.023903,36.010258,35.99786,35.986576,35.981426,35.98186,35.98766,36.001263,36.01995,36.044483,36.071266,36.10113,36.131363,36.162643,36.194115,36.226032,36.25792,36.29047,36.322483,36.348324,36.3681,36.37863,36.374115,36.361004,36.335876,36.304893,36.276566,36.25931,36.254986,36.25644,36.260704,36.25975,36.253593,36.24523,36.23242,36.222008,36.215527,36.213963,36.2159,36.21756,36.222282,36.228928,36.23265,36.240673,36.219036,36.14076,36.08147,36.066315,36.079807,36.125927,36.203224,36.282593,36.33924,36.343258,36.313755,36.285717,36.268932,36.25256,36.24879,36.257828,36.26854,36.28031,36.299713,36.3256,36.352024,36.361317,36.38184,36.417797,36.46398,36.509018,36.538788,36.526443,36.368214,36.26126,36.275818,36.33919,36.35954,36.344513,36.295536,36.231144,36.189358,36.181404,36.180847,36.1915,36.216232,36.29509,36.371365,36.344364,36.199574,36.0616,35.982075,35.955967,35.95352,35.976746,35.997562,36.04318,36.12398,36.18146,36.229214,36.265152,36.2771,36.262726,36.245155,36.238728,36.263065,36.30371,36.345745,36.3857,36.412342,36.40014,36.302048,36.162807,36.068287,36.06351,36.046646,36.066048,36.137157,36.202557,36.23134,36.19679,36.112675,36.014656,35.93908,35.88875,35.861202,35.86721,35.89525,35.934467,36.003674,36.07632,36.102615,36.05704,35.968,35.894806,35.858078,35.86346,35.900337,35.936768,36.022354,36.128296,36.212868,36.258713,36.21668,36.117573,36.07085,36.060715,36.046978,36.10717,36.153526,36.19438,36.20349,36.188198,36.15779,36.11201,36.0816,36.09331,36.11027,36.073895,36.08776,36.213688,36.246223,36.188175,36.12691,36.008038,35.89248,35.834114,35.74682,35.673885,35.664856,35.657673,35.68713,35.733395,35.787918,35.830837,36.13338,36.39061,36.575195,36.814598,36.730965,36.67904,36.62059,36.65957,36.6594,36.635986,36.71132,36.87925,36.9904,37.086395,37.086563,37.034416,36.97089,37.045998,37.09915,36.92546,36.61553,36.560726,36.63174,36.86444,36.97489,36.92099,36.948578,36.99236,37.030403,37.01034,36.929935,36.823917,36.595154,36.270557,35.975277,35.844154,35.78225,35.74612,35.69277,35.622612,35.46639,35.264736,35.17572,35.209435,35.20848,35.133186,35.063713,35.008705,34.96262,34.93841,34.914253,34.87694,34.83578,34.800144,34.7761,34.760357,34.742786,34.712048,34.668236,34.619686,34.576553,34.541943,34.51248,34.522068,34.559574,,,,,,,,,,,,,,,,,,,,,,,,,,,,,,,,,,,,,,,,,,,,,,,,,,,,,,,31.480293,31.513472,31.620173,31.781897,31.915865,31.965353,32.24189,32.613285,32.64365,32.60145,32.903255,32.99777,33.504917,33.481747,33.254658,33.270405,33.243286,33.245064,33.240234,33.185448,33.091015,32.97206,32.876972,32.847008,32.9153,33.15324,33.51161,33.647446,33.284733,32.955257,33.008793,33.01298,33.063053,33.290348,33.437622,33.53385,33.511063,33.461254,33.406013,33.36088,33.31799,33.26239,33.225307,33.1902,33.159904,33.1498,33.141445,33.147137,33.155205,33.179783,33.193287,33.205208,33.232723,33.29063,33.350292,33.404606,33.425034,33.426228,33.427967,33.43013,33.435024,33.436165,33.44591,33.473183,33.488544,33.499104,33.506752,33.504436,33.499157,33.4962,33.48681,33.477875,33.46589,33.45077,33.43789,33.431793,33.436855,33.447247,33.496197,33.529144,33.213406,32.91439,32.77617,32.662724,32.620457,32.585983,32.548138,32.479137,32.41914,32.35292,32.282352,32.21622,32.174267,32.146553,32.128635,32.110424,32.084106,32.04749,32.00372,31.966658,31.95495,31.973288,32.000427,32.061825,32.069378,32.103165,32.152065,32.154514,32.165024,32.216732,32.281696,32.410614,32.527588,32.56108,32.553093,32.506317,32.428066,32.317337,32.195774,32.09028,32.02422,31.989641,31.969158,31.958374,31.955275,31.955915,31.961723,31.979149,32.007175,32.03657,32.066696,32.088966,32.102596
11.916672,36.431816,36.459778,36.490543,36.516983,36.53408,36.54189,36.55153,36.5225,36.44983,36.3668,36.30753,36.273876,36.275818,36.237057,36.222836,36.259087,36.323677,36.344917,36.33672,36.358734,36.354374,36.3223,36.28692,36.275105,36.27964,36.30454,36.319283,36.308094,36.260784,36.204113,36.211143,36.208504,36.063427,35.897484,35.87435,35.908085,,,,,35.861015,35.725925,35.726402,35.628376,35.571873,35.440235,35.361637,35.37261,35.40969,35.454227,35.495293,35.500717,35.457203,35.52433,35.672016,35.78211,35.855324,35.899956,35.943607,35.975876,36.03646,36.12547,36.13845,36.102543,36.060394,36.066906,36.087612,36.17539,36.201714,36.214596,36.230125,36.248825,36.249874,36.243824,36.25043,36.268288,36.340103,36.323303,36.302773,36.2904,36.246258,36.177685,36.12354,36.112713,36.115063,36.11119,36.09903,36.087055,36.080452,36.07584,36.06211,36.04926,36.03657,36.023857,36.01018,35.998184,35.98709,35.980133,35.979458,35.985428,35.99987,36.020794,36.04886,36.080265,36.11472,36.148163,36.180122,36.212437,36.24609,36.277508,36.30467,36.329605,36.35293,36.368587,36.364796,36.347267,36.318813,36.296238,36.286896,36.288296,36.295113,36.31157,36.319138,36.31477,36.306458,36.297302,36.290802,36.28598,36.280346,36.276096,36.272285,36.27013,36.267853,36.265713,36.262856,36.253017,36.22736,36.16965,36.10254,36.072155,36.074356,36.099506,36.153694,36.224495,36.295773,36.345436,36.33848,36.30451,36.282036,36.265343,36.243744,36.23867,36.2434,36.249413,36.26561,36.291737,36.325375,36.363956,36.380913,36.39995,36.430454,36.466938,36.504654,36.537163,36.50353,36.30289,36.27383,36.32218,36.36098,36.375195,36.33819,36.269897,36.19924,36.184338,36.177376,36.17623,36.194443,36.209743,36.26412,36.352367,36.34853,36.184715,36.03601,35.961826,35.939327,35.94245,35.97547,35.99964,36.05292,36.130722,36.18398,36.23406,36.27105,36.28722,36.276894,36.255928,36.235367,36.231575,36.247887,36.282238,36.32798,36.377754,36.39,36.314785,36.17764,36.06692,36.040634,36.02394,36.011402,36.045948,36.0721,36.088127,36.062317,36.006634,35.9508,35.90456,35.868217,35.85195,35.861378,35.88664,35.930737,36.003307,36.07128,36.08934,36.042126,35.95719,35.880486,35.837875,35.847874,35.888145,35.912,35.9762,36.057606,36.131664,36.209797,36.24522,36.18979,36.109863,36.07515,36.05265,36.045692,36.061367,36.075043,36.07202,36.052402,36.036125,36.041233,36.05915,36.06396,36.023148,35.957138,36.056534,36.258854,36.306118,36.217136,36.13803,36.042667,35.97107,35.908012,35.82215,35.73209,35.71149,35.671005,35.68195,35.723682,35.784992,35.81268,35.818428,36.327324,36.791206,36.851875,36.761395,36.720123,36.71875,36.79712,36.80927,36.712353,36.65677,36.672188,36.70014,36.729294,36.70618,36.692966,36.63402,36.6387,36.66409,36.739166,36.769867,36.621563,36.34819,36.673153,36.940216,36.940983,36.9207,36.977604,37.043545,37.04525,36.99238,36.928635,36.779785,36.506294,36.160168,35.943016,35.85687,35.83827,35.797623,35.724453,35.554832,35.294834,35.15528,35.18233,35.207848,35.18978,35.13641,35.077396,35.020603,34.983383,34.968773,34.950447,34.919113,34.882618,34.85449,34.84031,34.827343,34.80157,34.754536,34.694023,34.627457,34.583817,34.555897,34.5502,34.56667,34.58155,,,,,,,,,,,,,,,,,,,,,,,,,,,,,,,,,,,,,,,,,,,,,,,,,,,,,,31.521574,31.538631,31.68492,31.884142,32.00953,32.065582,32.327614,32.620552,32.620255,32.607056,32.902058,33.078026,33.51107,33.401634,33.153416,33.20651,33.2069,33.21237,33.23763,33.2124,33.13346,33.004677,32.868683,32.811764,32.846325,33.06677,33.44734,33.70625,33.462727,33.021,32.996384,33.04143,33.040012,33.216606,33.382706,33.494606,33.518734,33.466747,33.384567,33.313526,33.25857,33.221783,33.176456,33.16391,33.148087,33.1449,33.15091,33.158577,33.180435,33.202644,33.22145,33.242973,33.279507,33.340107,33.39681,33.443512,33.453403,33.444862,33.4359,33.43058,33.421658,33.415813,33.422756,33.437332,33.451736,33.46256,33.47115,33.473286,33.475254,33.474262,33.47001,33.46515,33.459644,33.451332,33.451942,33.46216,33.475506,33.492405,33.54753,33.51175,33.073734,32.87729,32.751297,32.672134,32.638966,32.61486,32.55793,32.49555,32.440105,32.375072,32.301598,32.22582,32.18252,32.165268,32.151196,32.131866,32.112095,32.083626,32.047153,32.022373,32.039047,32.05933,32.072834,32.07964,32.07935,32.12726,32.154663,32.166546,32.17487,32.202225,32.245445,32.286766,32.34573,32.406227,32.40604,32.34765,32.262066,32.166065,32.08159,32.01683,31.977692,31.960934,31.948961,31.941418,31.940357,31.940302,31.93881,31.952513,31.980785,32.01529,32.053143,32.09203,32.12289
11.833336,36.432804,36.459007,36.48885,36.508656,36.517643,36.527725,36.515884,36.477055,36.411938,36.345177,36.29681,36.2822,36.275425,36.218456,36.211575,36.239315,36.31197,36.34234,36.331352,36.343906,36.328674,36.31471,36.29658,36.311974,36.34695,36.36647,36.365513,36.356777,36.329906,36.29857,36.339012,36.330708,36.18502,36.030323,36.02543,,,,,,,,,,35.62796,35.48087,35.394257,35.380013,35.417686,35.459248,35.501938,35.5287,35.57389,35.71381,35.862255,35.914238,35.959763,35.993526,36.035946,36.07634,36.133457,36.166412,36.074306,35.91925,35.878834,35.932278,36.008575,36.116947,36.214527,36.246754,36.2701,36.28345,36.281555,36.281822,36.28871,36.302467,36.31772,36.295223,36.30115,36.287018,36.243866,36.185627,36.141453,36.127697,36.1183,36.103195,36.09057,36.08138,36.07601,36.06801,36.057144,36.047333,36.039318,36.03108,36.020355,36.00892,35.998257,35.990013,35.988384,35.993687,36.00821,36.030746,36.061146,36.09666,36.13345,36.169254,36.20479,36.243797,36.278397,36.30281,36.321156,36.33864,36.350372,36.34739,36.331436,36.313,36.307972,36.3165,36.337605,36.349743,36.34916,36.329487,36.30379,36.276424,36.255974,36.243774,36.237553,36.236847,36.24267,36.248066,36.251793,36.253315,36.254242,36.251194,36.239643,36.219193,36.18407,36.127403,36.07892,36.069874,36.08226,36.112053,36.16907,36.239674,36.305054,36.34484,36.332657,36.29709,36.284454,36.2619,36.22932,36.221333,36.228645,36.234707,36.25509,36.28764,36.32572,36.371433,36.399242,36.41681,36.437534,36.478943,36.513752,36.533314,36.434605,36.292995,36.297794,36.347855,36.384106,36.37986,36.325294,36.23856,36.18677,36.167587,36.156155,36.159523,36.184593,36.22265,36.265423,36.34664,36.356922,36.191654,36.025112,35.94712,35.92388,35.94096,35.98148,36.011387,36.07219,36.133656,36.193523,36.244297,36.27876,36.292545,36.286983,36.262383,36.236275,36.216778,36.214634,36.248,36.294838,36.353947,36.373947,36.319405,36.197495,36.074635,36.027832,36.005253,35.975563,35.98941,35.995743,35.99633,35.97602,35.94025,35.909195,35.87865,35.854057,35.847332,35.85635,35.88776,35.940655,36.012722,36.066658,36.068798,36.022476,35.930737,35.84927,35.807518,35.830845,35.876102,35.88912,35.938824,36.003464,36.053688,36.112583,36.174175,36.19431,36.15346,36.08646,36.05317,36.015995,36.018692,36.013096,36.004295,35.992645,35.98806,35.98252,35.96206,35.931488,35.892242,35.88711,36.079544,36.306362,36.35213,36.234222,36.158882,36.083584,36.045128,36.01405,35.93207,35.83823,35.79385,35.73691,35.71629,35.73385,35.78393,35.843876,35.855892,35.971603,36.113552,36.251896,36.56958,36.711163,36.729687,36.830498,36.886635,36.849808,36.72289,36.656796,36.62704,36.59583,36.536877,36.510277,36.454346,36.45451,36.437447,36.4747,36.50701,36.480568,36.389492,36.485184,36.807804,36.951805,36.893543,36.877014,36.943047,37.012478,36.997795,36.97119,36.964005,36.727535,36.36523,36.104877,35.92724,35.912323,35.927822,35.852707,35.695652,35.395535,35.152195,35.151543,35.161938,35.17112,35.16565,35.1223,35.072117,35.02254,34.99635,34.988335,34.980206,34.959133,34.930622,34.908634,34.893898,34.868977,34.82801,34.770844,34.70801,34.644424,34.603775,34.568035,34.555588,34.553364,34.566242,,,,,,,,,,,,,,,,,,,,,,,,,,,,,,,,,,,,,,,,,,,,,,,,,,,,,31.52336,31.560223,31.721931,31.955025,32.086082,32.16506,32.417316,32.61568,32.600327,32.61948,32.929317,33.128365,33.4997,33.257362,33.09619,33.11173,33.16894,33.186813,33.22831,33.220245,33.169098,33.04662,32.882977,32.79006,32.795734,32.967075,33.377125,33.721813,33.624847,33.180454,33.000816,33.078236,33.032063,33.1492,33.324528,33.425934,33.497795,33.481976,33.411823,33.317806,33.23961,33.220985,33.18108,33.179028,33.19154,33.198845,33.218273,33.224678,33.256397,33.275646,33.295868,33.31345,33.347095,33.39811,33.449024,33.478558,33.475662,33.46014,33.44797,33.434532,33.422886,33.425354,33.437237,33.451794,33.468163,33.472153,33.47865,33.481728,33.482624,33.478577,33.47497,33.47335,33.476086,33.477375,33.489563,33.50814,33.52981,33.54889,33.60547,33.452774,32.979843,32.856514,32.72024,32.66245,32.63513,32.614777,32.548626,32.487926,32.433548,32.368668,32.302338,32.238655,32.20743,32.191067,32.168724,32.145233,32.11987,32.10245,32.094227,32.098816,32.075203,32.05492,32.04844,32.039543,32.060585,32.104603,32.122753,32.152206,32.16615,32.1772,32.209835,32.24393,32.26342,32.277122,32.25259,32.204155,32.13263,32.054745,31.99873,31.960363,31.957426,31.96199,31.966888,31.973444,31.976084,31.974545,31.96845,31.966303,31.981834,32.00425,32.03223,32.07413,32.12095
11.75,36.452625,36.475563,36.50202,36.505196,36.51094,36.502018,36.474857,36.431942,36.381363,36.33125,36.297375,36.2864,36.257545,36.205856,36.198532,36.20167,36.273617,36.320206,36.32157,36.34078,36.345303,36.34305,36.340733,36.343082,36.321667,36.322693,36.350597,36.36309,36.363144,36.34732,36.31632,36.225826,36.11116,36.048046,36.033146,,,,,,,,,35.755238,35.609776,35.491875,35.405804,35.394882,35.432205,35.471043,35.505886,35.563686,35.72264,35.93933,36.040775,36.01935,36.084084,36.10063,36.11914,36.11358,36.053246,35.961735,35.826595,35.79516,35.850494,35.92619,36.001213,36.07808,36.147335,36.19897,36.22852,36.252823,36.276245,36.285614,36.289658,36.293755,36.289925,36.289085,36.29235,36.28503,36.253708,36.20691,36.169086,36.146263,36.120743,36.097065,36.08409,36.077198,36.075054,36.07063,36.067337,36.065742,36.064182,36.060123,36.04989,36.03738,36.023746,36.01234,36.005337,36.00678,36.019176,36.043568,36.07952,36.123585,36.171688,36.22147,36.272266,36.315445,36.335648,36.341484,36.34228,36.33817,36.331573,36.323097,36.32045,36.333527,36.365692,36.389908,36.387447,36.36255,36.322445,36.27658,36.232136,36.195446,36.17243,36.164227,36.162888,36.167,36.17574,36.185455,36.193737,36.198803,36.203224,36.204514,36.19788,36.183502,36.143147,36.08359,36.065784,36.072006,36.086136,36.12104,36.170795,36.24105,36.306843,36.34264,36.328335,36.289013,36.269325,36.25018,36.214283,36.208122,36.21356,36.222942,36.243504,36.275337,36.316322,36.37482,36.40911,36.428547,36.463066,36.494343,36.521885,36.51091,36.377666,36.299328,36.33056,36.374832,36.395206,36.37484,36.297356,36.207466,36.166466,36.139584,36.136074,36.148674,36.170963,36.222836,36.277657,36.352833,36.364113,36.21258,36.024952,35.940018,35.91476,35.93524,35.979004,36.012405,36.066788,36.12929,36.191505,36.236847,36.2681,36.28471,36.280293,36.261505,36.235508,36.203976,36.200188,36.224197,36.268456,36.33567,36.358307,36.320015,36.216545,36.09338,36.028183,35.994724,35.95403,35.949867,35.948704,35.939987,35.928204,35.904545,35.88215,35.857014,35.8393,35.836674,35.853252,35.89419,35.952225,36.01136,36.043922,36.040558,35.992683,35.87778,35.79909,35.767937,35.81071,35.865116,35.869602,35.90546,35.961395,36.000664,36.028484,36.067356,36.100636,36.107002,36.066174,35.99792,35.961845,35.92344,35.90968,35.890156,35.874508,35.864544,35.848072,35.827923,35.800404,35.786743,35.86089,36.083645,36.323086,36.3927,36.261166,36.17544,36.130726,36.103584,36.10971,36.039104,35.962646,35.906406,35.838226,35.801384,35.784668,35.797134,35.869164,35.918446,35.9218,35.947643,35.964977,36.06991,36.414215,36.67359,36.776806,36.874737,36.884003,36.760105,36.663494,36.602894,36.516132,36.395725,36.329998,36.28841,36.295048,36.287685,36.319843,36.31433,36.336395,36.298695,36.25783,36.554817,36.882065,36.9537,36.93371,37.003036,37.02453,37.015602,36.997017,36.759796,36.78141,36.453274,36.268887,36.037273,35.94599,35.973545,35.98814,35.870743,35.584488,35.20571,35.144314,35.143673,35.133327,35.142056,35.12875,35.102135,35.058968,35.017582,34.993187,34.984177,34.97784,34.96879,34.957157,34.946957,34.925068,34.889366,34.834618,34.769974,34.701378,34.63811,34.587025,34.563957,34.532738,34.535378,34.539177,,,,,,,,,,,,,,,,,,,,,,,,,,,,,,,,,,,,,,,,,,,,,,,,,,,,31.586855,31.601246,31.761335,32.002678,32.16204,32.2455,32.48938,32.610615,32.584614,32.667355,32.968357,33.186604,33.429985,33.069077,33.029125,33.020153,33.12457,33.166046,33.213352,33.22748,33.194443,33.089684,32.91888,32.782604,32.77675,32.894524,33.265736,33.693333,33.682526,33.3327,33.061676,33.077816,33.036472,33.08278,33.270615,33.35523,33.44652,33.4681,33.453754,33.37124,33.2731,33.241135,33.229694,33.23281,33.260426,33.288372,33.31456,33.33631,33.360455,33.377365,33.38456,33.396305,33.417152,33.459274,33.495964,33.510456,33.498013,33.48507,33.46839,33.45124,33.446384,33.466007,33.481262,33.49931,33.507256,33.509865,33.510185,33.50696,33.49988,33.487724,33.47095,33.45919,33.45762,33.467236,33.48787,33.520386,33.555344,33.578983,33.62907,33.30589,32.916096,32.810356,32.70197,32.662235,32.640213,32.596817,32.53021,32.462345,32.41496,32.36417,32.310997,32.257988,32.226387,32.210785,32.178806,32.151512,32.126713,32.122967,32.117767,32.053364,32.027355,32.023544,32.01219,32.013184,32.03258,32.053513,32.073647,32.110943,32.116817,32.119553,32.136703,32.15607,32.167076,32.152725,32.11645,32.06557,32.017986,31.98118,31.968775,31.97755,32.0063,32.028046,32.058765,32.077244,32.083416,32.08039,32.0642,32.045467,32.029095,32.02487,32.043182,32.073635,32.1214
11.666672,36.46712,36.496387,36.505196,36.499218,36.4908,36.46163,36.43045,36.400753,36.36279,36.323402,36.30267,36.28727,36.231903,36.1957,36.180542,36.16495,36.226154,36.28326,36.304882,36.313484,36.329376,36.299656,36.26833,36.22423,36.214993,36.23084,36.26292,36.28315,36.28027,36.242935,36.188873,36.10903,36.05781,36.076458,,,,,,,,,,35.662384,35.57198,35.480015,35.40493,35.414085,35.4535,35.493443,35.516685,35.56317,35.77884,36.035397,36.040783,35.977825,36.05714,36.031666,35.932873,35.8518,35.77622,35.707264,35.68724,35.737904,35.816875,35.89002,35.972843,36.04208,36.090645,36.127533,36.160706,36.19692,36.238148,36.261623,36.26904,36.271763,36.272854,36.27856,36.28656,36.28737,36.269485,36.23692,36.199318,36.156433,36.11291,36.089203,36.083797,36.08377,36.089108,36.092934,36.09475,36.094353,36.09054,36.085373,36.07694,36.06469,36.05168,36.037197,36.02462,36.020786,36.031586,36.06185,36.113724,36.181183,36.25317,36.312176,36.345585,36.352726,36.34724,36.3365,36.32604,36.31899,36.32116,36.335014,36.36321,36.40296,36.422882,36.40883,36.36922,36.321156,36.276146,36.231216,36.18476,36.150375,36.137424,36.141552,36.15352,36.165676,36.174953,36.18035,36.18492,36.18843,36.19353,36.196617,36.188118,36.151047,36.085968,36.062138,36.064304,36.068462,36.089287,36.11631,36.16513,36.22707,36.295956,36.339172,36.33684,36.29478,36.265247,36.247948,36.21906,36.20737,36.211365,36.227535,36.245216,36.27594,36.323837,36.372883,36.4093,36.442017,36.484753,36.50935,36.523907,36.474102,36.332672,36.322384,36.348927,36.388084,36.397816,36.358906,36.253098,36.177616,36.135605,36.12152,36.130333,36.154644,36.178352,36.224052,36.287487,36.36053,36.36664,36.22038,36.02061,35.920776,35.90327,35.92508,35.96769,35.99437,36.03622,36.097363,36.153893,36.206825,36.241863,36.255222,36.258537,36.24126,36.21746,36.18854,36.181366,36.19665,36.256336,36.320965,36.33911,36.315903,36.229416,36.11345,36.04118,35.998024,35.94511,35.925453,35.917835,35.897346,35.887108,35.86744,35.849697,35.833027,35.82572,35.82863,35.853043,35.89621,35.947678,35.997204,36.030197,36.026615,35.90977,35.79064,35.725697,35.718082,35.786182,35.85305,35.85253,35.8766,35.930183,35.967876,35.98266,35.99458,35.99483,35.97025,35.93667,35.8799,35.831997,35.7885,35.769516,35.75978,35.75863,35.760796,35.761974,35.757862,35.7558,35.776463,35.854866,36.068222,36.32865,36.39709,36.27277,36.175728,36.15324,36.139553,36.16157,36.10485,36.042492,35.99298,35.92194,35.884563,35.853878,35.86056,35.898266,35.979416,36.00618,36.00737,35.98771,36.022167,36.159466,36.38187,36.683582,36.864304,36.878162,36.767143,36.64937,36.576935,36.46618,36.26537,36.136425,36.07225,36.058563,36.064266,36.09985,36.12488,36.15951,36.20387,36.13864,36.268204,36.718117,36.899967,36.831387,36.84396,36.932255,36.98048,36.994137,36.522648,,36.282394,36.24482,36.18682,36.089634,36.01207,36.00364,36.00491,35.786892,35.34962,35.18086,35.15491,35.133633,35.120605,35.11872,35.109467,35.094257,35.063965,35.030987,35.003166,34.982178,34.96593,34.96119,34.966347,34.968533,34.96266,34.933952,34.873814,34.792027,34.702305,34.622177,34.58406,34.537296,34.51064,34.514156,,,,,,,,,,,,,,,,,,,,,,,,,,,,,,,,,,,,,,,,,,,,,,,,,,,31.693644,31.648596,31.71944,31.88075,32.0301,32.21372,32.335773,32.548397,32.601162,32.589653,32.729687,33.04129,33.270767,33.276188,32.9126,32.902504,32.925964,33.06765,33.147903,33.194202,33.21639,33.21366,33.12644,32.95265,32.796192,32.764793,32.872204,33.198673,33.612946,33.683956,33.38929,33.16322,33.095886,33.05504,33.03648,33.20534,33.30608,33.381992,33.41171,33.438435,33.415066,33.34094,33.290302,33.28203,33.28798,33.312943,33.360016,33.399242,33.44492,33.46852,33.48387,33.48483,33.483845,33.495728,33.516724,33.535954,33.536034,33.524666,33.503376,33.487774,33.475777,33.496975,33.539562,33.56658,33.588684,33.57268,33.55756,33.537804,33.517784,33.49958,33.468323,33.43179,33.403584,33.391827,33.39666,33.421284,33.47088,33.52338,33.586243,33.586334,33.207638,32.950565,32.769352,32.6779,32.65992,32.638,32.583115,32.49837,32.425194,32.391506,32.36082,32.317425,32.26523,32.22547,32.20301,32.168884,32.13812,32.112232,32.07238,32.020172,31.98999,31.99282,31.995571,31.980125,31.985859,32.00046,32.0077,32.034943,32.0665,32.06592,32.061024,32.060753,32.06248,32.060352,32.043247,32.020523,32.0025,31.995403,31.999773,32.02171,32.061623,32.12509,32.17641,32.22072,32.232334,32.227104,32.215267,32.187252,32.1505,32.12002,32.099274,32.08237,32.08327,32.121796
11.583336,36.49214,36.505737,36.492645,36.475647,36.448334,36.414967,36.398106,36.380825,36.346703,36.319614,36.29771,36.261734,36.197998,36.197376,36.160675,36.124992,36.13436,36.175148,36.190628,36.185783,36.181248,36.156277,36.133,36.108555,36.110924,36.122982,36.15111,36.15379,36.148705,36.117588,36.09177,36.064922,,,,,,,,,,,35.81164,35.62929,35.53856,35.475582,35.43484,35.451878,35.49539,35.526577,35.530884,35.541496,35.70336,35.93862,35.906925,35.75624,35.783012,35.802204,35.69315,35.61104,35.58504,35.60422,35.65101,35.68886,35.734985,35.800987,35.88241,35.963512,36.027775,36.076088,36.119743,36.167072,36.209095,36.231705,36.24104,36.24439,36.25148,36.26601,36.27755,36.28588,36.278194,36.259182,36.223335,36.16647,36.115784,36.094395,36.095608,36.100906,36.10731,36.10737,36.101498,36.092793,36.086464,36.08406,36.082863,36.077934,36.069263,36.056454,36.043922,36.0412,36.05905,36.107628,36.188206,36.273956,36.33569,36.349194,36.340702,36.327286,36.315407,36.311466,36.31334,36.323643,36.34615,36.383938,36.424694,36.4443,36.429123,36.39216,36.35254,36.314342,36.26495,36.203358,36.145287,36.118324,36.12077,36.13811,36.15581,36.170387,36.179054,36.183395,36.1861,36.187683,36.18544,36.169975,36.1327,36.079723,36.055244,36.06031,36.055504,36.069138,36.07996,36.10513,36.142857,36.193195,36.26288,36.319088,36.341644,36.329174,36.298874,36.284344,36.26278,36.243576,36.24462,36.253098,36.268394,36.29064,36.324833,36.373066,36.42279,36.45431,36.498188,36.526627,36.515408,36.40807,36.330906,36.33743,36.37081,36.397552,36.392246,36.316086,36.2052,36.1447,36.112362,36.11334,36.131737,36.162323,36.194687,36.237144,36.30124,36.36894,36.366116,36.206917,35.99942,35.90158,35.882065,35.903076,35.95058,35.95728,35.98625,36.030483,36.087086,36.14383,36.188362,36.21674,36.22859,36.21529,36.19476,36.176407,36.170475,36.19813,36.26153,36.30578,36.318687,36.3067,36.239616,36.135113,36.063812,36.021362,35.961765,35.923424,35.90503,35.88327,35.87163,35.85826,35.844986,35.835407,35.831177,35.840317,35.866318,35.909912,35.96457,36.010696,36.02392,35.938236,35.795162,35.691475,35.643818,35.662975,35.759598,35.84192,35.837833,35.848846,35.893417,35.930984,35.945606,35.951862,35.939842,35.879498,35.783077,35.701256,35.672756,35.65819,35.657158,35.674236,35.69014,35.711506,35.73397,35.74442,35.745018,35.767704,35.839348,36.048714,36.327637,36.38523,36.246033,36.157345,36.147358,36.170803,36.16841,36.13311,36.072838,36.03264,35.963524,35.91098,35.878963,35.894886,35.94147,36.020687,36.08021,36.107986,36.11585,36.100967,36.110336,36.243134,36.387608,36.604855,36.865356,36.907314,36.833424,36.760334,36.706474,36.432495,36.122555,35.963123,35.903843,35.898354,35.914116,35.961494,35.99701,36.0802,36.045628,36.116837,36.527985,36.718113,,36.852577,36.91804,36.922615,36.84533,36.34232,36.286503,36.26174,36.178253,36.149597,36.136486,36.095463,36.062496,36.07051,35.931477,35.515213,35.27886,35.211006,35.182358,35.1546,35.14288,35.13246,35.11518,35.093555,35.06697,35.0386,35.00956,34.982723,34.964836,34.95401,34.957962,34.972824,34.97963,34.973648,34.92623,34.82965,34.721527,34.617184,34.540077,34.50409,34.487957,34.4704,,,,,,,,,,,,,,,,,,,,,,,,,,,,,,,,,,,,,,,,,,,,,,,,,,31.70802,31.671673,31.724367,31.903265,32.09171,32.292572,32.396294,32.56916,32.57995,32.606213,32.823685,33.131973,33.287575,33.06886,32.761684,32.767593,32.856693,33.02869,33.127182,33.18033,33.205578,33.22019,33.161083,32.989178,32.80813,32.76267,32.85547,33.148537,33.552376,33.664078,33.418545,33.24812,33.14806,33.06801,33.021133,33.133907,33.264572,33.337906,33.356525,33.384953,33.40101,33.37532,33.32982,33.31524,33.332092,33.360073,33.417957,33.47065,33.525383,33.554222,33.571766,33.566746,33.557064,33.5548,33.560905,33.56495,33.5636,33.544666,33.535034,33.519848,33.54144,33.59409,33.63303,33.64178,33.62953,33.589043,33.542213,33.494804,33.45843,33.4288,33.3838,33.335293,33.30006,33.28819,33.29793,33.33509,33.40542,33.47633,33.57605,33.432003,32.975643,32.837273,32.73234,32.688004,32.667843,32.61559,32.549885,32.4587,32.401585,32.380966,32.352654,32.304913,32.256714,32.21284,32.17542,32.136353,32.09132,32.044403,32.006332,31.988146,31.983744,31.975641,31.968729,31.972597,31.973166,31.974398,31.982763,32.008793,32.03242,32.03334,32.034607,32.032753,32.027546,32.021408,32.01526,32.011414,32.015034,32.03418,32.07947,32.160378,32.233074,32.30222,32.3381,32.34448,32.3292,32.302773,32.283287,32.269997,32.252144,32.223824,32.19077,32.163395,32.144707,32.13996
11.5,36.500656,36.485798,36.453167,36.43554,36.4031,36.389454,36.387497,36.363983,36.33057,36.30883,36.271404,36.20835,36.17783,36.188416,36.16126,36.128323,36.09477,36.105732,36.11011,36.111736,36.11348,36.108986,36.117855,36.08915,36.043865,36.010933,36.053246,36.088604,36.103855,36.121883,,,,,,,,,,,,,35.729317,35.619595,35.53344,35.476067,35.451576,35.487026,35.528973,35.551193,35.538345,35.518658,35.587242,35.749557,35.80962,35.695602,35.58954,35.58167,35.554043,35.540928,35.557297,35.58124,35.607773,35.650433,35.71103,35.775063,35.84598,35.922543,35.996216,36.051273,36.095505,36.136913,36.170628,36.19156,36.202164,36.210873,36.22499,36.24713,36.26397,36.273853,36.273895,36.256485,36.21516,36.154213,36.11428,36.103294,36.1055,36.107265,36.104626,36.0927,36.08033,36.078552,36.084187,36.088753,36.09163,36.0878,36.080948,36.070213,36.063465,36.07352,36.11244,36.185795,36.271137,36.33183,36.34257,36.33372,36.319412,36.30797,36.307526,36.317074,36.334324,36.35809,36.396465,36.437325,36.46213,36.454044,36.427643,36.398254,36.366436,36.315037,36.239914,36.16038,36.10407,36.09728,36.114517,36.13547,36.14475,36.145878,36.14718,36.147747,36.148113,36.14511,36.12917,36.09921,36.068443,36.05173,36.051342,36.050365,36.054398,36.0636,36.073517,36.088387,36.109577,36.150463,36.203194,36.262592,36.308334,36.325314,36.318237,36.31072,36.29748,36.28146,36.277668,36.283703,36.292892,36.301647,36.328613,36.386677,36.440865,36.47088,36.502953,36.5331,36.475212,36.358368,36.33496,36.351627,36.381405,36.3958,36.3698,36.25489,36.157078,36.109917,36.0949,36.106358,36.133648,36.16362,36.203377,36.24923,36.31257,36.374878,36.355076,36.17931,35.966164,35.87593,35.84995,35.863815,35.9144,35.930256,35.9334,35.967934,36.01203,36.06809,36.123753,36.16796,36.19197,36.193047,36.183483,36.176502,36.18289,36.217274,36.262745,36.28914,36.29583,36.290344,36.24586,36.158085,36.09151,36.05824,36.01136,35.962337,35.92688,35.89441,35.874706,35.862453,35.852345,35.84742,35.850235,35.86964,35.90411,35.948784,35.982635,35.99601,35.929436,35.799847,35.67852,35.5922,35.564274,35.60271,35.72721,35.828278,35.825966,35.817528,35.843346,35.86865,35.876335,35.889294,35.899315,35.863873,35.77244,35.67254,35.639523,35.63331,35.641113,35.66588,35.68408,35.701317,35.72112,35.735092,35.73889,35.75853,35.825344,36.02971,36.318615,36.37094,36.224632,36.145084,36.152397,36.175022,36.167347,36.132996,36.089664,36.03754,35.96086,35.890118,35.84304,35.853012,35.92442,36.025196,36.097702,36.1697,36.189907,36.17334,36.150764,36.19946,36.292793,36.39266,36.56839,36.74573,36.79099,36.7334,36.718998,36.54217,36.13071,35.87522,35.775322,35.77176,35.771458,35.832962,35.872772,35.97631,35.98544,35.98324,36.253826,36.612247,36.442535,36.594486,36.791008,36.91662,36.857567,36.661816,36.422672,36.292828,36.178898,36.14102,,35.983025,35.96321,35.978294,35.901012,35.643562,35.424942,35.327488,35.28664,35.258125,35.2397,35.22654,35.203274,35.160145,35.11141,35.066,35.026043,34.99962,34.982395,34.960728,34.946507,34.94648,34.956066,34.981472,34.996418,34.9692,34.868206,34.727856,34.558895,34.48016,34.472385,34.46886,,,,,,,,,,,,,,,,,,,,,,,,,,,,,,,,,,,,,,,,,,,,,,,,,,31.739916,31.710592,31.734566,31.904814,32.135506,32.33597,32.453312,32.55173,32.57115,32.661053,32.936825,33.194855,33.228077,32.836903,32.65022,32.69787,32.842316,33.015568,33.10968,33.16426,33.19147,33.224247,33.188164,33.0243,32.82737,32.75671,32.851665,33.141705,33.47929,33.618484,33.438183,33.28673,33.22149,33.09404,33.027287,33.08121,33.2167,33.30823,33.333492,33.348198,33.366467,33.37526,33.358227,33.341503,33.358658,33.406673,33.466564,33.52251,33.57368,33.609707,33.61619,33.610447,33.59946,33.594807,33.594986,33.59905,33.586807,33.581314,33.572384,33.583565,33.634212,33.689262,33.695763,33.684624,33.63501,33.56216,33.48744,33.432823,33.39846,33.36151,33.312214,33.265007,33.23398,33.23333,33.25416,33.314053,33.40094,33.478313,33.52194,33.133526,32.90844,32.79438,32.6972,32.675602,32.642426,32.591003,32.506943,32.42496,32.38938,32.372803,32.344543,32.28689,32.236256,32.192368,32.15753,32.11746,32.066704,32.033234,32.023277,32.01228,31.990995,31.972721,31.964272,31.963297,31.966726,31.97932,32.00266,32.022297,32.031948,32.039963,32.04377,32.040657,32.03889,32.037495,32.043316,32.068283,32.119667,32.202896,32.282104,32.347084,32.387657,32.41555,32.41141,32.361485,32.302105,32.26546,32.24579,32.243896,32.260952,32.272144,32.259922,32.23663,32.210636,32.191093
11.416672,36.471607,36.434895,36.42291,36.41771,36.39717,36.385048,36.346737,36.33715,36.3124,36.245453,36.202374,36.174126,36.17726,36.1695,36.180748,36.157753,36.121826,36.107388,36.111607,36.11015,36.113647,36.11451,36.129105,36.204052,,,,,,,,,,,,,,,,,,35.851307,35.695164,35.59653,35.51529,35.48468,35.48328,35.51898,35.561684,35.568233,35.53454,35.50386,35.525948,35.661324,35.748173,35.66534,35.549374,35.50702,35.509357,35.501152,35.50029,35.515396,35.554703,35.61369,35.70198,35.79496,35.877098,35.939453,35.993134,36.032394,36.064613,36.097637,36.128784,36.150597,36.161594,36.17152,36.19613,36.22856,36.252846,36.25473,36.24389,36.21707,36.169952,36.129787,36.11097,36.10598,36.103474,36.097862,36.08566,36.072144,36.07451,36.087704,36.09811,36.103073,36.105415,36.104332,36.098595,36.094658,36.098064,36.123657,36.175858,36.244247,36.298393,36.32291,36.332813,36.34216,36.339798,36.32266,36.321205,36.343517,36.371586,36.403645,36.44202,36.47154,36.476986,36.462017,36.442883,36.419712,36.37879,36.3114,36.229275,36.151814,36.101727,36.08644,36.098137,36.11221,36.110954,36.102535,36.099228,36.094536,36.094,36.090065,36.075665,36.06065,36.04871,36.04279,36.04245,36.04303,36.048553,36.057255,36.063854,36.068726,36.08042,36.1028,36.138145,36.186874,36.233803,36.26567,36.28201,36.287235,36.29022,36.289284,36.294155,36.304207,36.311005,36.326244,36.373512,36.427387,36.46764,36.482124,36.494873,36.476227,36.389362,36.335423,36.33509,36.35614,36.378113,36.373196,36.310265,36.184547,36.11442,36.084286,36.080723,36.10558,36.140766,36.16719,36.20229,36.251167,36.31519,36.372066,36.337852,36.149254,35.933475,35.844925,35.817837,35.818348,35.85529,35.891674,35.901035,35.92649,35.955997,35.996933,36.046864,36.097317,36.136322,36.15833,36.169003,36.17754,36.19373,36.22303,36.253574,36.2672,36.26289,36.25583,36.232944,36.17359,36.11216,36.080296,36.053898,36.01461,35.97324,35.934925,35.906467,35.89114,35.88284,35.882015,35.89496,35.923595,35.95302,35.967236,35.951237,35.87584,35.760487,35.653454,35.56511,35.51053,35.49642,35.546997,35.690197,35.815475,35.81997,35.791138,35.79301,35.79595,35.783516,35.78602,35.812828,35.819363,35.772896,35.696194,35.63604,35.61701,35.651413,35.68511,35.69944,35.7025,35.70759,35.719887,35.730022,35.746494,35.818645,36.03356,36.31172,36.3532,36.205914,36.141907,36.15319,36.168247,36.16095,36.13437,36.090374,36.03519,35.96036,35.873615,35.814533,35.797115,35.853973,35.97244,36.096073,36.16482,36.223564,36.22195,36.210827,36.221897,36.26663,36.300686,36.36519,36.506165,36.58356,36.511612,36.566742,36.35492,35.955547,35.74509,35.668663,35.657623,35.66539,35.733894,35.773743,35.859978,35.895267,35.903442,36.08643,36.41777,36.308876,36.367226,36.55136,36.751495,36.792446,36.789394,36.450752,36.285034,36.11878,35.942837,35.845474,35.790287,35.741207,35.7429,35.7166,35.639145,35.5493,35.477776,35.424374,35.38507,35.351456,35.32878,35.310097,35.275803,35.21874,35.143257,35.065487,35.005848,34.978016,34.96645,34.960957,34.95214,34.93956,34.945446,34.972713,34.992954,34.976444,34.893524,34.683563,34.46716,34.462654,34.44353,34.419518,,,,,,,,,,,,,,,,,,,,,,,,,,,,,,,,,,,,,,,,,,,,,,,,,,31.718504,31.797298,31.956669,32.166553,32.39563,32.463596,32.539528,32.58179,32.739048,33.056522,33.18449,33.060738,32.678753,32.613262,32.680187,32.852634,33.018276,33.10142,33.146294,33.1722,33.218693,33.208057,33.051765,32.84763,32.75366,32.83113,33.121765,33.445133,33.549927,33.425797,33.31743,33.271538,33.146053,33.044083,33.050156,33.17014,33.28114,33.32625,33.335175,33.343212,33.359875,33.372566,33.37964,33.39843,33.43054,33.49134,33.54976,33.60395,33.634083,33.643135,33.6404,33.633167,33.6308,33.63021,33.62591,33.6209,33.621433,33.630585,33.663315,33.725296,33.760967,33.76767,33.733597,33.595905,33.494804,33.41359,33.37718,33.359425,33.316193,33.267487,33.23429,33.23208,33.257492,33.31972,33.39413,33.46217,33.48703,33.3179,32.965107,32.901497,32.747627,32.686867,32.662357,32.611122,32.555843,32.45932,32.40975,32.396175,32.383347,32.34214,32.275105,32.22705,32.18701,32.15877,32.133602,32.097897,32.0828,32.049824,32.01231,31.981237,31.974218,31.979073,31.988068,32.00244,32.018505,32.036755,32.05136,32.058205,32.06943,32.070564,32.073784,32.085598,32.11042,32.156628,32.229866,32.30616,32.37522,32.417942,32.44879,32.46204,32.444225,32.386414,32.31672,32.269688,32.240498,32.208065,32.18637,32.204975,32.247353,32.272125,32.279606,32.266445,32.24121
11.333336,36.426876,36.421112,36.43391,36.41673,36.349987,36.315186,36.279835,36.199787,36.179745,36.1643,36.140896,36.140053,36.14905,36.163795,36.169975,36.17445,36.15388,36.14749,36.13492,36.13024,36.12462,36.123024,,,,,,,,,,,,,,,,,,,,35.794384,35.662914,35.595535,35.523933,35.507557,35.52224,35.555874,35.591095,35.571453,35.522854,35.494473,35.52229,35.645,35.694847,35.580826,35.50101,35.472717,35.461983,35.46167,35.467957,35.478546,35.50616,35.559334,35.650494,35.781384,35.899376,35.96546,36.00463,36.034657,36.064415,36.08873,36.11148,36.12672,36.133198,36.148335,36.183403,36.22495,36.24337,36.22571,36.19169,36.15664,36.138226,36.12553,36.11072,36.100723,36.092625,36.079575,36.064877,36.064873,36.07685,36.09018,36.096684,36.102974,36.109848,36.11612,36.1237,36.130966,36.142868,36.166477,36.20338,36.23871,36.26032,36.281548,36.32413,36.369976,36.375473,36.34427,36.333496,36.36989,36.411064,36.43935,36.464252,36.481014,36.482773,36.477264,36.46674,36.447845,36.406967,36.343243,36.25526,36.161724,36.100258,36.081978,36.082714,36.086826,36.086468,36.07674,36.074062,36.07017,36.067787,36.064346,36.053284,36.045513,36.03887,36.036575,36.036537,36.03817,36.04355,36.05308,36.056335,36.06006,36.062035,36.06725,36.081955,36.111195,36.147907,36.183487,36.211277,36.231705,36.24892,36.266975,36.286694,36.308613,36.33393,36.36277,36.397823,36.427135,36.44324,36.438385,36.40381,36.3566,36.316685,36.313755,36.32874,36.347305,36.352573,36.325676,36.221733,36.122776,36.078033,36.06209,36.073708,36.112732,36.155994,36.180527,36.20007,36.246822,36.311916,36.364098,36.32033,36.1255,35.90725,35.811428,35.76796,35.74606,35.776974,35.821716,35.848743,35.880745,35.91182,35.945427,35.984676,36.027184,36.068485,36.10735,36.141415,36.1684,36.192307,36.218678,36.24063,36.236217,36.210754,36.19009,36.170765,36.13958,36.100452,36.06871,36.047764,36.0348,36.019814,35.99909,35.97777,35.961395,35.95211,35.947826,35.951576,35.956127,35.95024,35.909092,35.81435,35.71105,35.614155,35.536495,35.47761,35.44952,35.445072,35.496975,35.648483,35.79747,35.81618,35.76996,35.750412,35.741367,35.716602,35.70325,35.730152,35.75477,35.7288,35.647385,35.58168,35.58366,35.665615,35.735783,35.760387,35.753822,35.729847,35.72229,35.72911,35.74788,35.834976,36.057686,36.320366,36.33652,36.18804,36.140896,36.15046,36.154682,36.144665,36.122215,36.079838,36.023655,35.958984,35.873363,35.802086,35.762966,35.79503,35.895283,36.042175,36.143772,36.196423,36.2408,36.242744,36.252174,36.260155,36.265015,36.27621,36.385586,36.396156,36.41877,36.458008,36.08922,35.752724,35.6407,35.602016,35.589924,35.59359,35.654907,35.731937,35.80125,35.831696,35.895966,35.941185,36.140495,36.151424,36.217823,36.389297,36.68064,36.708897,36.800446,36.228832,36.240437,36.07524,35.799496,35.599445,35.454292,35.379467,35.335457,35.339504,35.34173,35.332603,35.326923,35.318172,35.29378,35.273212,35.266064,35.268253,35.2702,35.256596,35.209133,35.134624,35.048862,34.980507,34.94647,34.941864,34.948277,34.939816,34.93244,34.945354,34.96705,34.968002,34.924877,34.812534,34.557705,34.464718,34.443836,34.41912,34.36857,,,,,,,,,,,,,,,,,,,,,,,,,,,,,,,,,,,,,,,,,,,,,,,,,31.76731,31.831923,32.010784,32.17929,32.399155,32.46259,32.528522,32.61644,32.832703,33.12017,33.12922,32.894634,32.620235,32.600742,32.697605,32.883793,33.024445,33.093582,33.12724,33.150013,33.208317,33.225365,33.083984,32.869236,32.75517,32.819477,33.09494,33.397537,33.50941,33.374092,33.331676,33.311893,33.200386,33.097485,33.050304,33.12507,33.2442,33.316174,33.34786,33.349148,33.35569,33.376587,33.40087,33.423676,33.44894,33.505367,33.567966,33.612934,33.644947,33.660915,33.66449,33.659847,33.658768,33.659077,33.66131,33.66409,33.67742,33.702267,33.751736,33.816162,33.84892,33.85107,33.66314,33.463856,33.364178,33.310123,33.300674,33.296204,33.263657,33.225372,33.22238,33.255577,33.339634,33.420284,33.46519,33.42103,33.24225,32.9445,32.890533,32.80703,32.73604,32.66405,32.642723,32.593674,32.49955,32.42707,32.41354,32.409904,32.39293,32.339745,32.287544,32.252613,32.217514,32.187214,32.15667,32.111732,32.059017,32.02296,32.005028,32.001537,32.002872,32.008015,32.02763,32.043217,32.05838,32.06984,32.091743,32.098705,32.111206,32.125996,32.153202,32.194332,32.25715,32.331482,32.39411,32.43833,32.484825,32.513462,32.48825,32.467808,32.434513,32.38283,32.326427,32.293037,32.26292,32.205936,32.164795,32.15458,32.185795,32.21826,32.251972,32.27406,32.280712
11.25,36.513165,36.509052,36.367203,36.28988,36.25499,36.266327,36.264362,36.221565,36.183968,36.222763,,,,,36.148888,36.190105,36.19712,36.229694,36.191696,,,,,,,,,,,,,,,,,,,,,,,35.8117,35.66799,35.5952,35.529243,35.531384,35.545525,35.58563,35.61249,35.575703,35.52443,35.503716,35.544052,35.640373,35.629925,35.51517,35.46824,35.458992,35.470154,35.4876,35.487312,35.48309,35.48631,35.510612,35.57622,35.720505,35.897907,36.003117,36.048798,36.07922,36.096935,36.109375,36.11896,36.122517,36.127888,36.15234,36.196587,36.238407,36.232594,36.189095,36.1458,36.14267,36.137615,36.120132,36.096104,36.085392,36.06719,36.0516,36.047314,36.05184,36.060825,36.064777,36.06596,36.068832,36.072384,36.078716,36.094063,36.11434,36.133026,36.150146,36.16534,36.177444,36.188538,36.22124,36.29155,36.369442,36.397892,36.366642,36.33696,36.370804,36.426197,36.459454,36.472527,36.48316,36.489685,36.49805,36.498974,36.48961,36.462498,36.405277,36.31615,36.212177,36.134823,36.091732,36.080547,36.077347,36.070976,36.065147,36.06179,36.060608,36.05949,36.056026,36.047085,36.041653,36.03784,36.038357,36.04035,36.04314,36.04597,36.054337,36.058907,36.062428,36.060223,36.05762,36.056328,36.058765,36.070557,36.094147,36.122326,36.14648,36.173546,36.20041,36.227695,36.254807,36.282192,36.309475,36.33164,36.342335,36.336876,36.314514,36.284393,36.268623,36.272396,36.290924,36.311066,36.3211,36.30422,36.243076,36.130924,36.07055,36.046043,36.045643,36.075367,36.129116,36.180008,36.19959,36.20357,36.241756,36.306583,36.352516,36.298347,36.086685,35.879158,35.783398,35.72642,35.69297,35.705334,35.736965,35.771862,35.811085,35.855587,35.894775,35.935123,35.97378,36.012424,36.054344,36.100426,36.146637,36.183678,36.21495,36.22582,36.193844,36.142403,36.098045,36.061657,36.032997,36.00769,35.99164,35.97528,35.962456,35.957935,35.955544,35.954155,35.946804,35.938015,35.918453,35.893723,35.86256,35.810143,35.72884,35.630947,35.539425,35.47027,35.431343,35.400917,35.4025,35.40804,35.454742,35.60364,35.776398,35.81629,35.758972,35.71404,35.69178,35.66738,35.65089,35.67504,35.710804,35.69903,35.614834,35.547276,35.58475,35.701187,35.79301,35.824173,35.792416,35.75183,35.740204,35.741394,35.76825,35.867607,36.10663,36.341938,36.32742,36.190155,36.140198,36.139023,36.12203,36.093567,36.067078,36.029434,35.985027,35.94005,35.876774,35.79687,35.724594,35.727577,35.81339,35.937897,36.05849,36.125946,36.208584,36.249588,36.274223,36.28133,36.28356,36.281044,36.33068,36.370895,36.40808,36.168476,35.77547,35.646362,35.607452,35.584198,35.566345,35.56542,35.60055,35.661003,35.742905,35.78264,35.80429,35.910946,36.03458,36.15564,36.24663,36.216454,36.26671,36.594093,36.74047,35.8927,36.03502,35.64159,35.362835,35.303932,35.291763,35.294117,35.260647,35.266582,35.20729,35.1824,35.130573,35.07803,35.038067,35.01969,35.03794,35.06542,35.087856,35.103943,35.097977,35.07428,35.030758,34.972313,34.914776,34.895912,34.907448,34.921265,34.92139,34.92622,34.941612,34.946682,34.892727,34.827526,34.6644,34.48881,34.462917,34.429356,34.3758,,,,,,,,,,,,,,,,,,,,,,,,,,,,,,,,,,,,,,,,,,,,,,,,,31.78284,31.858856,32.043125,32.169327,32.422195,32.46548,32.52367,32.669163,32.9171,33.1428,33.07949,32.810467,32.629894,32.609463,32.724964,32.918884,33.03115,33.08746,33.117817,33.13188,33.194736,33.238464,33.113873,32.889164,32.756958,32.796764,33.05616,33.34709,33.49728,33.36233,33.322735,33.342426,33.25515,33.160095,33.084675,33.1026,33.199722,33.29009,33.356136,33.378635,33.387897,33.397003,33.41726,33.45202,33.47973,33.5241,33.578793,33.624454,33.659966,33.684155,33.69104,33.68925,33.692894,33.70153,33.710182,33.72417,33.744194,33.775703,33.826164,33.88287,33.91208,33.821976,33.46836,33.332157,33.27793,33.266014,33.27632,33.28107,33.253777,33.21536,33.227253,33.302654,33.3993,33.447132,33.36453,33.127182,32.96767,32.9357,32.88131,32.784424,32.73316,32.685513,32.631557,32.53612,32.4503,32.418648,32.423794,32.427586,32.408573,32.35632,32.33631,32.31044,32.24941,32.177395,32.096622,32.05315,32.0382,32.033207,32.02287,32.017345,32.02523,32.05091,32.07068,32.088955,32.10944,32.13113,32.1473,32.167656,32.193424,32.227383,32.277363,32.335384,32.3925,32.442375,32.493965,32.54019,32.55422,32.52008,32.503334,32.506573,32.453487,32.384937,32.324226,32.302082,32.26156,32.20476,32.15599,32.132618,32.12014,32.121956,32.14107,32.173386,32.231365
11.166672,36.43741,36.391434,36.312565,36.268044,36.249535,36.252926,36.248596,36.289257,,,,,,,,,,,,,,,,,,,,,,,,,,,,,,,,,,35.784237,35.639256,35.607933,35.539635,35.545517,35.562992,35.614964,35.6397,35.610924,35.59196,35.581337,35.583523,35.619247,35.567387,35.491814,35.472446,35.477226,35.51102,35.534317,35.531998,35.531258,35.526516,35.517994,35.547302,35.655598,35.83311,35.98821,36.065083,36.103268,36.129013,36.142735,36.140938,36.138332,36.145462,36.176655,36.220894,36.241413,36.205017,36.151352,36.1384,36.139317,36.12652,36.093204,36.067177,36.052544,36.038254,36.030624,36.030964,36.032234,36.031494,36.02796,36.025307,36.022366,36.018818,36.01472,36.014717,36.02001,36.034756,36.04993,36.066822,36.082726,36.101555,36.145374,36.23419,36.3501,36.421894,36.403996,36.35002,36.347202,36.39617,36.444595,36.470318,36.48733,36.499264,36.518005,36.534748,36.543163,36.537838,36.49971,36.423798,36.3167,36.21856,36.150433,36.112507,36.091156,36.077377,36.058918,36.052315,36.049694,36.049076,36.049095,36.046413,36.042294,36.039135,36.037846,36.038837,36.042057,36.043354,36.051075,36.056564,36.061092,36.060898,36.0588,36.055286,36.046074,36.03464,36.024227,36.025223,36.03565,36.05362,36.07364,36.095497,36.119827,36.141582,36.161312,36.17848,36.18801,36.190067,36.19226,36.196316,36.21343,36.236588,36.258663,36.27304,36.262547,36.22355,36.128555,36.05682,36.02836,36.021847,36.038826,36.088257,36.16084,36.213547,36.224716,36.21684,36.24282,36.302124,36.338806,36.265244,36.029095,35.843754,35.757286,35.694,35.657475,35.66025,35.675034,35.701416,35.741886,35.78729,35.834335,35.8814,35.927032,35.968296,36.009617,36.057323,36.112343,36.16391,36.202206,36.197464,36.143562,36.073486,36.00796,35.95097,35.906418,35.872288,35.848488,35.828415,35.81178,35.802647,35.798023,35.796745,35.787994,35.777943,35.753403,35.72042,35.676033,35.61691,35.54901,35.47674,35.419758,35.38198,35.35523,35.34811,35.36471,35.376705,35.41088,35.553375,35.747322,35.813587,35.74925,35.679813,35.642326,35.615986,35.59669,35.614086,35.640587,35.636784,35.56298,35.510887,35.5789,35.728004,35.838886,35.84567,35.78465,35.747253,35.746742,35.754124,35.796627,35.920628,36.162117,36.35997,36.318336,36.207417,36.140438,36.097706,36.034866,35.97381,35.938343,35.90732,35.892056,35.886684,35.87332,35.81083,35.71203,35.661934,35.717457,35.816154,35.950634,36.048588,36.145554,36.222847,36.26777,36.302845,36.319035,36.316395,36.32026,36.27822,36.06217,35.739136,35.620987,35.580364,35.563656,35.558548,35.555878,35.56042,35.634197,35.660305,35.716927,35.748863,35.80345,35.945885,,36.040123,35.986824,35.953167,35.614307,35.979736,36.373318,36.04968,,35.274834,35.27948,35.30976,35.333504,35.34893,35.316963,35.314545,35.229034,35.233097,35.121075,35.02109,34.98163,34.989346,35.01496,35.00516,34.958885,34.905277,34.86128,34.836773,34.830387,34.826164,34.80537,34.778633,34.79026,34.85681,34.89171,34.90292,34.91645,34.943703,34.922882,34.841713,34.69109,34.52897,34.473232,34.429356,34.37599,,,,,,,,,,,,,,,,,,,,,,,,,,,,,,,,,,,,,,,,,,,,,,,,,31.789812,31.832087,32.09277,32.157543,32.39881,32.470757,32.522778,32.70542,32.95942,33.142696,33.05182,32.786243,32.635323,32.628223,32.76,32.93997,33.032333,33.082363,33.10836,33.114864,33.17438,33.2473,33.147537,32.917557,32.765316,32.77958,32.9946,33.270973,33.472355,33.352333,33.320473,33.356915,33.30341,33.211395,33.144733,33.107166,33.171703,33.256588,33.350864,33.405815,33.427563,33.436825,33.449135,33.48921,33.518326,33.552822,33.596546,33.64477,33.683086,33.706924,33.72344,33.730457,33.739193,33.7506,33.76693,33.787098,33.80444,33.830482,33.874805,33.9267,33.93565,33.52631,33.290432,33.239567,33.23453,33.25023,33.26656,33.267056,33.23786,33.201824,33.213543,33.293846,33.361656,33.319283,33.119884,33.0275,33.021942,32.943775,32.80452,32.755867,32.71104,32.625736,32.560413,32.481857,32.428925,32.425716,32.444,32.448494,32.424934,32.37251,32.353016,32.303417,32.190296,32.10323,32.06308,32.063805,32.054436,32.03517,32.037067,32.050655,32.07241,32.10568,32.131752,32.164734,32.186264,32.211086,32.231636,32.256138,32.289192,32.330425,32.383194,32.42856,32.477898,32.527866,32.57084,32.589764,32.57214,32.547344,32.546505,32.54048,32.464706,32.374374,32.31255,32.308117,32.263214,32.188526,32.13671,32.11573,32.089344,32.064194,32.052376,32.06662,32.119816
11.083336,,,,,,,,,,,,,,,,,,,,,,,,,,,,,,,,,,,,,,,,,,,35.654438,35.608017,35.546852,35.570187,35.583664,35.633373,35.669983,35.68327,35.73077,35.74284,35.6713,35.618443,35.520214,35.494183,35.48391,35.501114,35.543293,35.557648,35.559875,35.556602,35.553635,35.54085,35.54803,35.632015,35.800774,35.989742,36.089287,36.127167,36.1579,36.166687,36.15859,36.157135,36.167675,36.206097,36.234493,36.212757,36.159687,36.129215,36.12915,36.119305,36.087505,36.049774,36.033806,36.028046,36.022285,36.020454,36.021145,36.021133,36.02027,36.022377,36.028126,36.032906,36.036415,36.034782,36.028362,36.015846,36.000687,35.989647,35.986248,35.993122,36.016468,36.065533,36.163227,36.30811,36.435215,36.463787,36.403976,36.348583,36.360317,36.40457,36.44813,36.482254,36.507023,36.53044,36.56141,36.58894,36.60838,36.60223,36.56062,36.478024,36.37925,36.294582,36.230167,36.17739,36.134865,36.09343,36.06648,36.054893,36.046165,36.04197,36.03884,36.03828,36.037228,36.03808,36.03957,36.043148,36.045605,36.048836,36.053787,36.059925,36.063442,36.06342,36.059547,36.050705,36.037064,36.014637,35.99043,35.968426,35.95831,35.961224,35.971016,35.98962,36.007935,36.027515,36.049023,36.06926,36.088623,36.112377,36.13558,36.159397,36.17685,36.192757,36.19849,36.167744,36.10235,36.03396,36.006844,36.00027,36.009357,36.04841,36.123753,36.203957,36.250122,36.25252,36.23372,36.250786,36.29945,36.318184,36.203423,35.95418,35.81419,35.741444,35.67542,35.635963,35.62931,35.640984,35.654835,35.688953,35.72099,35.760944,35.80902,35.86118,35.908825,35.963253,36.021103,36.08112,36.13861,36.17639,36.16242,36.10377,36.027946,35.954365,35.89281,35.837273,35.79127,35.75468,35.72651,35.699963,35.680073,35.66627,35.65716,35.63917,35.621,35.599922,35.570213,35.534138,35.491863,35.44783,35.405518,35.360905,35.325222,35.312675,35.314987,35.333546,35.344288,35.369274,35.498566,35.70533,35.807465,35.746025,35.653,35.60457,35.57009,35.53986,35.537163,35.555466,35.55245,35.488182,35.45496,35.55061,35.73109,35.8492,35.83021,35.748947,35.735615,35.74033,35.757156,35.822166,35.97197,36.220547,36.36948,36.312996,36.239033,36.164825,36.050842,35.922714,35.78192,35.731014,35.714626,35.72637,35.776276,35.835136,35.83918,35.752407,35.6381,35.615673,35.700176,35.811954,35.91875,36.013596,36.093178,36.13957,36.195732,36.195297,36.18916,35.99533,35.792618,35.63922,35.59129,35.55686,35.52981,35.519505,35.523354,35.53477,35.560062,35.712685,35.77369,35.742374,35.76791,35.83147,35.862186,35.638863,35.577156,35.541504,35.619637,35.463837,35.60421,35.715797,35.733658,,35.375618,35.369816,35.375587,35.38051,35.375565,35.331665,35.297276,35.175858,35.203487,34.891033,34.819096,34.845127,34.91978,34.959282,34.894737,34.795242,34.719875,34.670883,34.63548,34.617107,34.620686,34.626797,34.635685,34.64124,34.672276,34.75821,34.834988,34.871002,34.89057,34.894062,34.860897,34.74745,34.563828,34.484196,34.43683,34.393143,34.377747,,,,,,,,,,,,,,,,,,,,,,,,,,,,,,,,,,,,,,,,,,,,,,,,31.795542,31.87258,32.14908,32.162617,32.399124,32.49617,32.55382,32.742702,32.982,33.11682,33.00309,32.775047,32.626972,32.63341,32.794052,32.94775,33.03131,33.069805,33.093697,33.09817,33.1563,33.251263,33.1785,32.949825,32.7823,32.77107,32.9434,33.18088,33.44871,33.382988,33.316444,33.35374,33.348953,33.263393,33.212086,33.15012,33.160107,33.2315,33.323753,33.4111,33.455803,33.4795,33.48353,33.51763,33.55033,33.57928,33.61535,33.662495,33.704376,33.73033,33.752544,33.766773,33.78024,33.79828,33.813442,33.834484,33.85715,33.884464,33.918945,33.956997,33.765797,33.3062,33.22299,33.18928,33.19037,33.21314,33.23189,33.22966,33.22071,33.183617,33.169422,33.214523,33.223312,33.12213,33.077827,33.08565,33.036304,32.888943,32.77981,32.75177,32.669617,32.55875,32.52803,32.45901,32.431496,32.448612,32.473595,32.472984,32.43911,32.38212,32.33579,32.241486,32.124,32.073643,32.068672,32.063576,32.053715,32.053368,32.078754,32.10267,32.148598,32.18305,32.22367,32.248333,32.26355,32.271233,32.280605,32.30245,32.341866,32.39343,32.44665,32.489845,32.53998,32.588093,32.62124,32.613,32.58308,32.57623,32.60352,32.59265,32.482014,32.370007,32.314236,32.31873,32.277813,32.192978,32.127323,32.10974,32.08482,32.057335,32.043804,32.034267,32.042686
11.0,,,,,,,,,,,,,,,,,,,,,,,,,,,,,,,,,,,,,,,,,,,35.645878,35.60676,35.549286,35.582314,35.61055,35.647766,35.675224,35.690994,35.739437,35.73913,35.666466,35.55606,35.510338,35.502705,35.4994,35.51509,35.55506,35.564358,35.57192,35.580128,35.575138,35.552128,35.54387,35.618458,35.813854,36.03423,36.144623,36.16226,36.17405,36.180862,36.173855,36.17324,36.196743,36.223213,36.198967,36.14719,36.11347,36.10662,36.104557,36.07981,36.042442,36.01956,36.01882,36.019913,36.019455,36.02307,36.02762,36.035057,36.04324,36.056923,36.073948,36.092674,36.111187,36.122585,36.122887,36.10996,36.08643,36.05466,36.022568,36.00004,35.994534,36.02148,36.1028,36.251644,36.40783,36.49011,36.46234,36.398273,36.356846,36.372242,36.40625,36.448185,36.49179,36.529728,36.567318,36.613728,36.658066,36.687634,36.692936,36.662262,36.594967,36.514656,36.443214,36.364613,36.284637,36.21281,36.153316,36.112766,36.086388,36.064358,36.045147,36.035538,36.032772,36.035793,36.039627,36.044342,36.05041,36.053764,36.05712,36.059418,36.059868,36.058277,36.05639,36.05253,36.044067,36.02513,35.996265,35.96034,35.92798,35.90421,35.89778,35.907116,35.918976,35.9363,35.95907,35.984177,36.00738,36.03247,36.05359,36.071453,36.083405,36.094322,36.087086,36.048103,36.000095,35.977898,35.97326,35.982986,36.014885,36.084244,36.181686,36.25213,36.28501,36.267853,36.246777,36.26076,36.298916,36.28814,36.12081,35.88167,35.78643,35.72841,35.66868,35.628586,35.61267,35.614967,35.62208,35.641575,35.66964,35.69913,35.728504,35.77236,35.823322,35.8797,35.944412,36.01169,36.073574,36.114716,36.11273,36.066193,35.990166,35.91668,35.858086,35.809185,35.76435,35.731678,35.707497,35.680744,35.65453,35.632324,35.616898,35.598785,35.578766,35.55444,35.523926,35.49329,35.45786,35.4211,35.388878,35.351856,35.31778,35.30928,35.300278,35.300144,35.315876,35.340553,35.445194,35.652473,35.7909,35.745758,35.635975,35.581715,35.534348,35.493538,35.466957,35.45303,35.433353,35.383587,35.38209,35.51628,35.72148,35.841793,35.8022,35.72172,35.725864,35.74281,35.77806,35.87021,36.031563,36.26292,36.3707,36.33167,36.266834,36.207527,36.054466,35.83089,35.60816,35.524593,35.48334,35.48278,35.55388,35.686058,35.799473,35.812508,35.67604,35.567963,35.593056,35.65602,35.754253,35.78711,35.842953,35.81912,35.85286,35.83591,35.80004,35.663486,35.602245,35.57604,35.52809,35.498608,35.47206,35.47777,35.484913,35.50568,35.548462,35.69172,35.827354,35.84621,35.867207,35.84621,35.70357,35.46904,35.398296,35.343414,35.41289,35.374268,35.451168,35.411892,35.52726,35.502743,35.485928,35.479557,35.460274,35.451294,35.432533,35.376026,35.291973,35.20484,35.066383,34.713615,34.735836,34.81367,34.866695,34.768883,34.6597,34.600056,34.5759,34.564266,34.557182,34.553276,34.554592,34.554913,34.56257,34.56161,34.573853,34.6219,34.70767,34.771168,34.810818,34.835747,34.774406,34.69827,34.58638,34.49991,34.450935,34.408966,34.38157,,,,,,,,,,,,,,,,,,,,,,,,,,,,,,,,,,,,,,,,,,,,,,,,31.860676,31.940641,32.164074,32.173553,32.392124,32.50793,32.58618,32.77854,32.993107,33.08778,32.975124,32.77775,32.620773,32.639465,32.81079,32.947132,33.028954,33.06238,33.08305,33.081944,33.132816,33.24968,33.21092,32.990177,32.80685,32.772423,32.903694,33.06707,33.371384,33.41007,33.31659,33.33744,33.357307,33.309322,33.27319,33.21627,33.173748,33.21258,33.29169,33.394543,33.467903,33.510353,33.51746,33.546074,33.578773,33.607853,33.63771,33.676533,33.717754,33.74792,33.774273,33.79491,33.815773,33.837383,33.864902,33.897423,33.927353,33.94817,33.95661,33.916943,33.459442,33.2633,33.187416,33.15941,33.162594,33.18004,33.185482,33.208282,33.2301,33.191868,33.112373,33.107815,33.080296,33.085033,33.12013,33.116394,33.001858,32.832474,32.78041,32.740475,32.637657,32.519855,32.48902,32.45756,32.45672,32.480076,32.50406,32.500767,32.452065,32.38346,32.300346,32.176865,32.085186,32.06674,32.072414,32.066067,32.07158,32.10069,32.137043,32.18519,32.23196,32.272823,32.294422,32.306084,32.303825,32.30744,32.322903,32.35142,32.39229,32.443268,32.48795,32.535236,32.585102,32.62036,32.635216,32.6375,32.636635,32.645073,32.66754,32.650795,32.532497,32.390728,32.315186,32.30398,32.277283,32.209545,32.141415,32.112904,32.09941,32.077557,32.057655,32.039192,32.033146
10.916672,,,,,,,,,,,,,,,,,,,,,,,,,,,,,,,,,,,,,,,,,,,35.668736,35.620735,35.57029,35.601112,35.618988,35.65696,35.667236,35.652714,35.64701,35.65688,35.619545,35.530293,35.51359,35.503334,35.51223,35.5302,35.555523,35.581966,35.609722,35.624218,35.602856,35.573223,35.564175,35.619793,35.81445,36.070183,36.19357,36.19271,36.18259,36.18526,36.180943,36.1922,36.212006,36.18852,36.12461,36.075783,36.066147,36.069515,36.06282,36.038982,36.020977,36.014805,36.018055,36.023468,36.03063,36.03586,36.04301,36.053036,36.06522,36.084957,36.110207,36.142254,36.175335,36.1999,36.211575,36.20853,36.18917,36.154263,36.11073,36.06706,36.03519,36.02647,36.06763,36.18107,36.340954,36.46653,36.492348,36.45973,36.41346,36.396214,36.4044,36.423294,36.452595,36.500957,36.5483,36.616646,36.679607,36.733955,36.7709,36.778755,36.746414,36.676376,36.612415,36.547005,36.479103,36.408077,36.336006,36.27058,36.20916,36.158764,36.11039,36.07791,36.062878,36.063564,36.067368,36.072926,36.078262,36.079224,36.07987,36.07532,36.068584,36.060184,36.05379,36.04724,36.040997,36.029484,36.009796,35.979366,35.940308,35.896893,35.870613,35.863308,35.869835,35.884953,35.902924,35.92283,35.94137,35.96052,35.975,35.98553,35.98875,35.988132,35.979145,35.953682,35.942654,35.944416,35.9556,35.988083,36.05317,36.15321,36.24671,36.301613,36.3029,36.269253,36.253338,36.267303,36.29043,36.246338,36.0292,35.82219,35.769905,35.725597,35.66951,35.627476,35.606815,35.5993,35.596928,35.606358,35.624023,35.649494,35.67232,35.69519,35.72135,35.757378,35.801617,35.85525,35.90727,35.945915,35.9597,35.945522,35.898,35.84069,35.795597,35.76121,35.734386,35.71771,35.704742,35.68875,35.670006,35.649536,35.631115,35.610207,35.588467,35.563553,35.53181,35.50019,35.469376,35.436012,35.40405,35.37286,35.34096,35.31441,35.290977,35.28038,35.29463,35.31944,35.391853,35.584183,35.756134,35.751904,35.637558,35.57053,35.508694,35.45826,35.40856,35.338966,35.255955,35.19914,35.24687,35.426826,35.651245,35.801,35.782875,35.72502,35.73938,35.767555,35.810486,35.89119,36.045616,36.25985,36.368267,36.342907,36.2804,36.212307,36.079353,35.83362,35.579006,35.41838,35.29059,35.24316,35.27685,35.4195,35.62751,35.77688,35.749565,35.58105,35.530994,35.575504,35.620724,35.632908,35.644997,35.65455,35.686405,35.683895,35.649185,35.58706,35.529755,35.482082,35.453617,35.428818,35.411747,35.40282,35.408592,35.42413,35.45916,35.53707,35.641285,35.701607,35.797916,35.69333,35.432743,35.294186,35.284946,35.3009,35.32498,35.340195,35.352493,35.360184,35.39351,35.400032,35.409927,35.40792,35.40269,35.41258,35.406166,35.34704,35.278416,35.20021,34.82495,34.663208,34.781136,34.80666,34.686874,34.606926,34.588806,34.592796,34.60138,34.608425,34.60791,34.596897,34.588722,34.585102,34.574005,34.56208,34.55044,34.561123,34.623856,34.68165,34.689938,34.717976,34.676743,34.59243,34.518154,34.483566,34.449364,34.41196,34.384304,,,,,,,,,,,,,,,,,,,,,,,,,,,,,,,,,,,,,,,,,,,,,,,,31.860262,31.934574,32.016174,32.193207,32.412636,32.54999,32.62981,32.805004,32.98987,33.04335,32.941017,32.757004,32.596725,32.633007,32.792217,32.925255,33.01741,33.05727,33.07579,33.071823,33.111996,33.24409,33.24262,33.03916,32.84489,32.79159,32.88744,32.962902,33.2534,33.42594,33.318546,33.326893,33.330406,33.306747,33.262325,33.24495,33.194767,33.196182,33.25154,33.346348,33.448532,33.52008,33.543633,33.568653,33.604927,33.642574,33.676033,33.709064,33.74481,33.77481,33.80497,33.836952,33.86664,33.894608,33.925846,33.95549,33.97356,33.963875,33.873882,33.460133,33.14856,33.132137,33.12712,33.122402,33.127567,33.132565,33.146008,33.18991,33.24694,33.230354,33.10552,33.061855,33.074417,33.115635,33.155827,33.16217,33.047417,32.81668,32.782566,32.705475,32.569904,32.463676,32.465534,32.46821,32.486107,32.514214,32.53306,32.512684,32.45506,32.36183,32.247807,32.127262,32.068333,32.06899,32.073215,32.082367,32.115047,32.160297,32.214947,32.266,32.307617,32.331795,32.333603,32.325016,32.307827,32.314224,32.337418,32.374256,32.424038,32.48129,32.52599,32.56908,32.606007,32.63967,32.665886,32.690987,32.69972,32.703915,32.72381,32.730785,32.63632,32.452404,32.32621,32.296513,32.26975,32.21578,32.16108,32.127197,32.121105,32.108524,32.089645,32.06278,32.05517
10.833336,,,,,,,,,,,,,,,,,,,,,,,,,,,,,,,,,,,,,,,,,,,35.668537,35.626125,35.5828,35.61433,35.631496,35.664497,35.66676,35.64955,35.6458,35.63837,35.5962,35.53186,35.507816,35.500793,35.529514,35.543915,35.564766,35.606594,35.64907,35.65394,35.635124,35.6045,35.58159,35.626976,35.81708,36.10297,36.22183,36.203983,36.18798,36.19026,36.197247,36.21003,36.197132,36.133934,36.06076,36.024166,36.02697,36.029705,36.02759,36.018192,36.016647,36.018215,36.02396,36.031143,36.032467,36.029106,36.029793,36.035904,36.051075,36.07886,36.116264,36.16461,36.215256,36.255333,36.27799,36.28189,36.267857,36.234585,36.187878,36.136497,36.091106,36.055656,36.054996,36.10829,36.22291,36.35758,36.44559,36.477425,36.48254,36.486137,36.487823,36.48411,36.490387,36.505165,36.539776,36.604015,36.679924,36.748295,36.781967,36.76464,36.693855,36.597214,36.517326,36.4661,36.460377,36.488163,36.495804,36.470547,36.404667,36.322407,36.243713,36.18191,36.14575,36.14114,36.141712,36.148598,36.148144,36.140697,36.133015,36.110775,36.087242,36.062866,36.044754,36.03153,36.022766,36.01489,36.003616,35.984386,35.954697,35.91776,35.881924,35.858997,35.855072,35.861248,35.872345,35.884274,35.893353,35.902775,35.90738,35.9092,35.905746,35.901367,35.89771,35.896755,35.909603,35.926907,35.964767,36.03061,36.13292,36.237976,36.30227,36.33112,36.30905,36.266426,36.2547,36.26775,36.27147,36.184875,35.944084,35.79445,35.77001,35.715843,35.650898,35.609287,35.590553,35.579453,35.57488,35.57783,35.58734,35.603542,35.624325,35.640854,35.65121,35.66261,35.679127,35.70377,35.731083,35.755047,35.76658,35.768974,35.756977,35.738663,35.72465,35.718357,35.71619,35.716576,35.713303,35.704124,35.691093,35.675552,35.655613,35.630627,35.605213,35.57655,35.543213,35.512226,35.48035,35.447433,35.412365,35.378765,35.346115,35.312008,35.281254,35.26251,35.273117,35.295704,35.343346,35.508717,35.708923,35.755863,35.652603,35.57001,35.49864,35.431923,35.354107,35.238995,35.10341,35.033535,35.078712,35.25925,35.49004,35.708866,35.787952,35.74646,35.74292,35.79428,35.839542,35.924343,36.062035,36.22738,36.31055,36.244736,36.103287,36.03564,35.97779,35.854053,35.625988,35.358376,35.177166,35.07228,35.04373,35.129284,35.342197,35.606018,35.761684,35.666416,35.51317,35.52079,35.542553,35.58412,35.566555,35.604088,35.58874,35.58373,35.536057,35.492905,35.443718,35.399124,35.372154,35.341785,35.31599,35.29953,35.287445,35.29011,35.30256,35.324677,35.360687,35.417255,35.47888,35.35824,35.256107,35.262268,,35.330784,35.320698,35.34215,35.34645,35.338497,35.34525,35.36133,35.367496,35.36375,35.377686,35.38208,35.348194,35.303543,35.280094,35.053413,34.718758,34.65819,,34.651695,34.6178,34.631855,34.645496,34.65273,34.65581,34.657524,34.656612,34.650787,34.649452,34.64116,34.617428,34.592896,34.560093,34.549244,34.573368,34.624725,34.616226,34.62353,34.567825,34.512577,34.46525,34.453255,34.437237,34.408882,34.382927,34.39527,,,,,,,,,,,,,,,,,,,,,,,,,,,,,,,,,,,,,,,,,,,,,,,31.837181,31.946445,31.921618,32.311943,32.453823,32.56587,32.6632,32.834072,32.988243,33.010593,32.928093,32.76723,32.597305,32.591885,32.730003,32.865086,32.983955,33.049625,33.074192,33.068413,33.095238,33.235126,33.26767,33.08462,32.882427,32.814316,32.881725,32.885693,33.10873,33.391342,33.33361,33.321114,33.31745,33.286,33.229187,33.201073,33.17681,33.176292,33.210106,33.291782,33.40834,33.510647,33.56347,33.586906,33.6178,33.656975,33.69375,33.72872,33.768513,33.80623,33.84014,33.8727,33.899776,33.92213,33.942474,33.957836,33.954414,33.755253,33.347317,33.07135,33.092777,33.10578,33.096073,33.097733,33.09989,33.110588,33.13823,33.17242,33.246376,33.2918,33.196102,33.11257,33.13022,33.163498,33.20133,33.202034,33.0684,32.835354,32.76037,32.645462,32.496033,32.43541,32.456554,32.485657,32.517883,32.542507,32.553627,32.525513,32.44799,32.335037,32.208073,32.094616,32.06937,32.07436,32.089878,32.11935,32.170895,32.223515,32.2764,32.316513,32.34252,32.352497,32.350193,32.336437,32.329704,32.338936,32.360874,32.392704,32.4453,32.5045,32.55942,32.605797,32.644077,32.6719,32.693348,32.71318,32.730865,32.75339,32.784725,32.821636,32.794727,32.63612,32.43761,32.342564,32.305054,32.254593,32.214123,32.181084,32.169388,32.15386,32.131683,32.10858,32.09452
10.75,,,,,,,,,,,,,,,,,,,,,,,,,,,,,,,,,,,,,,,,,,,35.688892,35.65498,35.601234,35.6135,35.62603,35.667126,35.663475,35.644768,35.64647,35.645,35.607086,35.537697,35.508743,35.502625,35.52818,35.548145,35.57732,35.630676,35.67051,35.674004,35.66073,35.634167,35.609917,35.651054,35.839115,36.13261,36.223434,36.20932,36.196487,36.200203,36.21281,36.208763,36.162045,36.07738,36.009476,35.98899,35.998177,36.009434,36.01624,36.017914,36.018864,36.022232,36.02097,36.01515,36.000538,35.987854,35.985085,35.997807,36.025692,36.068893,36.12771,36.197456,36.26438,36.310318,36.33565,36.341553,36.326206,36.29476,36.248753,36.197323,36.14687,36.09734,36.067,36.065685,36.099434,36.158897,36.2347,36.328884,36.429676,36.510487,36.56666,36.587845,36.57914,36.563305,36.568653,36.606304,36.673214,36.740025,36.74319,36.656635,36.494762,36.339184,36.230682,36.167683,36.16415,36.23957,36.355553,36.4727,36.52725,36.5031,36.436455,36.357155,36.284145,36.247353,36.2488,36.257996,36.25539,36.2375,36.22083,36.17492,36.130905,36.082203,36.041985,36.01183,35.991577,35.979088,35.969856,35.957836,35.94098,35.917538,35.892002,35.869324,35.854527,35.849644,35.846203,35.843266,35.838448,35.83544,35.82811,35.822884,35.822086,35.827393,35.843998,35.869377,35.900135,35.941956,36.01588,36.12021,36.233852,36.308098,36.343548,36.34787,36.314205,36.258038,36.247833,36.26109,36.240494,36.111374,35.89298,35.802227,35.783195,35.709156,35.645966,35.609936,35.58856,35.57117,35.55733,35.548298,35.546318,35.55079,35.56468,35.58239,35.59422,35.603546,35.61327,35.626545,35.64343,35.659122,35.669735,35.67938,35.69028,35.698765,35.705425,35.715008,35.726635,35.733326,35.732777,35.727825,35.71926,35.702805,35.67573,35.64404,35.60986,35.576374,35.547848,35.52498,35.496136,35.46354,35.428314,35.39015,35.35343,35.315308,35.275364,35.25193,35.249702,35.267555,35.294956,35.416164,35.63915,35.7529,35.6875,35.59419,35.512375,35.426823,35.34106,35.232773,35.077263,34.962967,34.94758,35.06403,35.23525,35.440872,35.628067,35.714146,35.756817,35.818474,35.876728,35.97021,36.073174,36.148785,36.112556,35.886223,35.718597,35.60337,35.533672,35.593376,35.52705,35.23739,35.045773,34.954838,34.93015,34.96663,35.086494,35.299343,35.58969,35.72193,35.5555,35.471996,35.504047,35.50168,35.499947,35.529217,35.50411,35.48682,35.443317,35.40182,35.356422,35.313786,35.276875,35.236725,35.202755,35.186108,35.166336,35.16423,35.1744,35.185467,35.198223,35.23102,35.242413,35.22333,35.22146,35.247555,35.32804,35.363674,35.327312,35.332474,35.30102,35.26857,35.275,35.309162,35.327328,35.344135,35.3486,35.327103,35.30534,35.290394,35.277855,34.85674,34.68551,34.642433,34.653404,34.62938,34.638447,34.65273,34.65626,34.636383,34.615788,34.608917,34.61139,34.624664,34.64788,34.6552,34.635384,34.6003,34.560417,34.548843,34.55902,34.589867,34.57104,34.528927,34.471848,34.43886,34.41546,34.41226,34.41888,34.39853,34.38021,34.400463,,,,,,,,,,,,,,,,,,,,,,,,,,,,,,,,,,,,,,,,,,,,,,,31.80252,31.944967,31.956522,32.23044,32.493828,32.618385,32.707447,32.84892,32.96615,32.974777,32.93374,32.794384,32.609688,32.583477,32.639828,32.76203,32.913864,33.020508,33.071266,33.07127,33.083923,33.22925,33.29037,33.13087,32.930023,32.852695,32.90542,32.852493,32.966362,33.277046,33.362476,33.3269,33.32085,33.30367,33.235638,33.19598,33.178684,33.168137,33.189674,33.257908,33.376404,33.494522,33.575542,33.61152,33.634537,33.666443,33.697594,33.729065,33.765602,33.80175,33.83048,33.853996,33.879593,33.905827,33.92681,33.91332,33.689926,33.278694,33.058224,33.06018,33.050255,33.06505,33.077217,33.08275,33.092403,33.124683,33.167027,33.19365,33.240738,33.319317,33.305943,33.211845,33.203606,33.213913,33.242184,33.243683,33.07756,32.82075,32.714775,32.59641,32.45987,32.41989,32.458157,32.504726,32.547516,32.573692,32.573063,32.52468,32.43005,32.318615,32.20463,32.08815,32.07238,32.087696,32.12022,32.169895,32.220135,32.266865,32.309334,32.337063,32.362286,32.389652,32.40667,32.41185,32.405594,32.401043,32.4056,32.436737,32.493835,32.554207,32.608196,32.64702,32.666924,32.674217,32.69002,32.717014,32.7482,32.782066,32.821743,32.87843,32.93013,32.877632,32.694508,32.506775,32.436974,32.38889,32.330944,32.29824,32.261433,32.225018,32.194695,32.15583,32.123722
10.666672,,,,,,,,,,,,,,,,,,,,,,,,,,,,,,,,,,,,,,,,,,,35.71025,35.682327,35.632153,35.627617,35.616154,35.664944,35.66211,35.64004,35.643646,35.654606,35.648727,35.60058,35.54795,35.538387,35.548103,35.558556,35.600304,35.64934,35.6743,35.6806,35.67272,35.65328,35.63121,35.67,35.855564,36.123947,36.219757,36.211613,36.202,36.19955,36.197605,36.170723,36.112095,36.03431,35.985493,35.979607,35.989983,36.009827,36.015736,36.01561,36.012646,36.007286,35.989418,35.97108,35.95281,35.94567,35.947987,35.972977,36.020306,36.088203,36.173683,36.260315,36.32873,36.36569,36.384327,36.385567,36.367393,36.339283,36.302185,36.255074,36.206463,36.158215,36.116993,36.086166,36.074184,36.085335,36.11587,36.156384,36.223846,36.34151,36.50277,36.614254,36.65117,36.64282,36.627872,36.64274,36.690056,36.722626,36.67302,36.52699,36.34019,36.200035,36.100945,36.05586,36.042522,36.036625,36.063328,36.165775,36.314354,36.47695,36.566162,36.558987,36.49088,36.42715,36.40639,36.400024,36.4148,36.388294,36.354126,36.289574,36.227444,36.15661,36.08473,36.024147,35.97635,35.944542,35.924133,35.908943,35.895485,35.880413,35.861973,35.843597,35.827854,35.81288,35.79484,35.77918,35.76512,35.755974,35.75095,35.755627,35.77313,35.80152,35.839973,35.880547,35.929867,36.007847,36.115623,36.226143,36.306904,36.3436,36.36138,36.360527,36.311954,36.251343,36.238632,36.24555,36.196568,36.045033,35.87994,35.824238,35.80006,35.73666,35.68654,35.648537,35.6233,35.60621,35.58011,35.55293,35.537117,35.52879,35.52448,35.524097,35.530052,35.53952,35.55273,35.570835,35.594048,35.61793,35.63857,35.655346,35.672943,35.69113,35.71033,35.727276,35.74034,35.746258,35.746716,35.746544,35.743782,35.72741,35.694393,35.650585,35.60213,35.561447,35.536247,35.523106,35.50527,35.48364,35.456966,35.425327,35.38875,35.350597,35.304504,35.2615,35.24374,35.24424,35.259567,35.32577,35.52916,35.716927,35.72914,35.64818,35.568047,35.455128,35.355316,35.267986,35.122246,34.964382,34.86429,34.86913,34.930214,35.04706,35.20362,35.38466,35.516045,35.56529,35.626152,35.703243,35.75109,35.68563,35.56038,35.31156,35.167282,35.043327,34.928703,34.936176,34.95679,34.86197,34.79586,34.7749,34.797176,34.85105,34.95631,35.0841,35.283417,35.561283,35.631126,35.460186,35.428062,35.442276,35.431675,35.45039,35.42808,35.40168,35.361557,35.30122,35.253426,35.203907,35.16352,35.120865,35.08367,35.06724,35.04878,35.04085,35.058918,35.083317,35.11453,35.14781,35.17795,35.20852,35.255558,35.311424,35.350952,35.34396,35.29293,35.28748,35.216442,35.16843,35.173233,35.223118,35.282333,35.32386,35.328697,35.313156,35.30864,35.286537,35.189014,34.733738,34.652657,34.652927,34.65455,34.657005,34.658825,34.63851,34.619427,34.598545,34.579792,34.56958,34.571156,34.588528,34.612724,34.616573,34.60257,34.57516,34.55479,34.551823,34.55068,34.533516,34.467247,34.42357,34.415184,34.41964,34.392754,34.371464,34.37116,34.36506,34.338272,34.327194,,,,,,,,,,,,,,,,,,,,,,,,,,,,,,,,,,,,,,,,,,,,,,,31.73676,31.847115,31.997412,31.973036,32.404724,32.63561,32.73601,32.87011,32.974133,32.971535,32.961056,32.897137,32.74073,32.62848,32.610374,32.66843,32.81904,32.973515,33.071503,33.080864,33.083817,33.226162,33.306313,33.170044,32.97002,32.889603,32.93943,32.851067,32.864677,33.10563,33.297703,33.339268,33.31136,33.33359,33.24756,33.200806,33.180183,33.16608,33.18814,33.24415,33.356228,33.470333,33.570217,33.631054,33.662548,33.691315,33.715363,33.732548,33.755154,33.783527,33.81099,33.840267,33.874046,33.88722,33.8539,33.52673,33.12408,32.95682,33.006413,32.99378,33.01022,33.036903,33.05216,33.073982,33.118866,33.172085,33.20849,33.22987,33.259964,33.321815,33.36712,33.31878,33.283726,33.277832,33.292915,33.285236,33.03972,32.821774,32.671738,32.54328,32.422302,32.400646,32.457695,32.526676,32.56972,32.602573,32.58116,32.50976,32.40596,32.319653,32.193104,32.084133,32.078514,32.10678,32.156918,32.20789,32.24886,32.28264,32.314445,32.33654,32.372974,32.415905,32.459953,32.486397,32.48988,32.483772,32.488182,32.514412,32.558147,32.598457,32.623413,32.62608,32.615257,32.619957,32.65073,32.696754,32.743107,32.784363,32.82826,32.885796,32.95902,33.00997,32.953304,32.746487,32.605537,32.5503,32.497902,32.44949,32.42325,32.372696,32.322674,32.267883,32.208363
10.583336,,,,,,,,,,,,,,,,,,,,,,,,,,,,,,,,,,,,,,,,,,,35.79741,35.7647,35.68214,35.65719,35.61273,35.651077,35.66034,35.630993,35.63369,35.648067,35.66842,35.662693,35.6238,35.57079,35.547935,35.57336,35.622005,35.644833,35.657074,35.66555,35.666977,35.66085,35.650887,35.686584,35.868492,36.0897,36.197895,36.20923,36.18764,36.155567,36.123043,36.093925,36.043537,35.999077,35.98045,35.981564,35.99213,36.008415,36.008743,36.00124,35.989742,35.975105,35.95191,35.93357,35.914776,35.90974,35.9147,35.951065,36.024773,36.128937,36.239956,36.331978,36.383358,36.4214,36.45737,36.47991,36.477554,36.443886,36.384377,36.34192,36.321617,36.285683,36.24524,36.198936,36.161247,36.162518,36.19044,36.23775,36.304962,36.36918,36.43917,36.541336,36.662518,36.698147,36.70647,36.716846,36.718117,36.686203,36.576492,36.4116,36.277306,36.187016,36.12362,36.069508,36.0413,36.029087,36.013966,36.012703,36.039516,36.16163,36.33116,36.520947,36.61679,36.612183,36.55378,36.52176,36.50867,36.47357,36.418396,36.359898,36.297657,36.23429,36.159363,36.082912,36.011475,35.951653,35.905884,35.871853,35.845722,35.825363,35.80539,35.785664,35.76757,35.748795,35.730576,35.71776,35.706905,35.70326,35.711056,35.733974,35.770218,35.81329,35.862362,35.91969,36.001064,36.10836,36.215103,36.28991,36.3188,36.331,36.349808,36.352077,36.302166,36.236843,36.223133,36.217064,36.1464,35.996716,35.88212,35.85555,35.83331,35.78288,35.72509,35.686504,35.673832,35.65877,35.630684,35.58977,35.56205,35.546,35.5335,35.523285,35.516624,35.511974,35.509777,35.514088,35.53175,35.55902,35.589005,35.615547,35.64063,35.665424,35.69208,35.71314,35.729893,35.742294,35.746407,35.749657,35.754086,35.744537,35.710102,35.65421,35.591812,35.542492,35.51407,35.508324,35.508842,35.5062,35.497036,35.480427,35.453297,35.416824,35.372635,35.31314,35.25898,35.236683,35.2331,35.265022,35.39616,35.614033,35.73793,35.746655,35.6865,35.553467,35.412853,35.333477,35.23641,35.059353,34.897404,34.830223,34.808468,34.79646,34.831383,34.90244,34.988995,34.965855,34.95852,34.977848,34.95463,34.87041,34.785206,34.69142,34.63026,34.612637,34.587353,34.590626,34.5971,34.59875,34.61617,34.629093,34.647064,34.728817,34.83689,34.965916,35.10622,35.277992,35.56441,35.543213,35.390198,35.3742,35.36968,35.353733,35.340355,35.297028,35.26923,35.20736,35.15116,35.082344,35.052788,35.016537,34.989906,34.977783,34.96274,34.937218,34.93901,34.955128,34.98537,35.045258,35.124207,35.210964,35.318573,35.371037,35.382824,35.376305,35.368904,35.316635,35.21398,35.168106,35.173885,35.218185,35.268147,35.313892,35.331154,35.33278,35.307556,35.25237,34.985012,34.70098,34.65969,34.66176,34.694466,34.678383,34.63984,34.615273,34.61452,34.605286,34.58463,34.56973,34.572273,34.57745,34.58901,34.584454,34.575245,34.5654,34.546356,34.516376,34.460476,34.385433,34.389824,34.419296,34.39591,34.362972,34.33843,34.32118,34.31891,34.32546,34.30172,34.27948,34.30056,,,,,,,,,,,,,,,,,,,,,,,,,,,,,,,,,,,,,,,,,,,,,,31.673912,31.727795,32.06082,31.986109,32.056427,32.53435,32.753094,32.87337,32.961082,32.969326,32.978508,32.97209,32.894756,32.771976,32.66686,32.648975,32.763725,32.93611,33.0738,33.09715,33.093197,33.22776,33.32012,33.200157,33.00249,32.921722,32.980545,32.880802,32.810474,32.930374,33.148964,33.31906,33.278057,33.336636,33.26834,33.204483,33.20465,33.19296,33.2111,33.24216,33.327686,33.418007,33.515213,33.593258,33.64922,33.693363,33.732582,33.75822,33.781155,33.80592,33.82721,33.849457,33.80045,33.573017,33.37757,32.964947,32.91905,32.927017,32.925407,32.920906,32.956547,32.98754,33.02101,33.083187,33.166508,33.225876,33.25236,33.265656,33.277924,33.317898,33.36794,33.390938,33.374355,33.35622,33.350304,33.29249,32.962364,32.80144,32.653397,32.51637,32.422504,32.40073,32.458107,32.531548,32.57767,32.611935,32.56652,32.473087,32.3784,32.317352,32.17896,32.087654,32.08808,32.128403,32.18176,32.226902,32.255478,32.273727,32.289284,32.30978,32.34556,32.397823,32.458458,32.506435,32.535492,32.547333,32.55734,32.56946,32.579807,32.582157,32.563828,32.537266,32.515087,32.521038,32.55777,32.611534,32.670334,32.729145,32.78487,32.84381,32.91379,32.99675,33.041126,32.96411,32.78665,32.684364,32.662415,32.62505,32.59484,32.580036,32.53272,32.483124,32.422367
10.5,,,,,,,,,,,,,,,,,,,,,,,,,,,,,,,,,,,,,,,,,,,35.925785,35.88435,35.802715,35.699474,35.618492,35.639282,35.651928,35.62011,35.612617,35.610374,35.61325,35.597626,35.562153,35.52676,35.559177,35.605637,35.625973,35.621586,35.62188,35.63721,35.653824,35.66339,35.659805,35.683918,35.801758,35.963024,36.092026,36.1434,36.109344,36.06923,36.042572,36.02167,35.992676,35.97007,35.968517,35.97886,35.988724,35.993366,35.993362,35.984188,35.962883,35.945034,35.923862,35.893585,35.865406,35.85524,35.866833,35.925552,36.046425,36.198387,36.3205,36.38222,36.407276,36.445766,36.514008,36.592712,36.63574,36.6303,36.57078,36.524834,36.556282,36.538643,36.504734,36.48335,36.436028,36.43598,36.46001,36.504616,36.56168,36.58603,36.62052,36.628696,36.67177,36.71308,36.75529,36.74744,36.69779,36.603428,36.475166,36.350544,36.25606,36.1832,36.119545,36.059345,36.020046,35.994297,35.98487,35.989998,36.002705,36.021248,36.07955,36.183342,36.35593,36.48485,36.4702,36.382847,36.316208,36.29123,36.277176,36.252014,36.226994,36.208363,36.17347,36.113583,36.044926,35.976307,35.91421,35.86288,35.820255,35.787373,35.759598,35.73288,35.71145,35.695274,35.684685,35.677326,35.668964,35.669876,35.692513,35.73532,35.787197,35.843426,35.90946,35.99292,36.09768,36.199764,36.265694,36.285355,36.288433,36.301914,36.329563,36.33485,36.283924,36.216896,36.204918,36.18831,36.106617,35.977173,35.90437,35.896893,35.87796,35.823402,35.750896,35.71757,35.712803,35.701527,35.68442,35.647717,35.621765,35.605858,35.595455,35.58696,35.572083,35.55568,35.5375,35.523277,35.521385,35.52514,35.5399,35.56028,35.58553,35.612537,35.641895,35.66962,35.69315,35.713753,35.727234,35.737923,35.750553,35.753277,35.72563,35.6666,35.59639,35.532433,35.49532,35.489483,35.501717,35.520775,35.53184,35.5327,35.519382,35.490925,35.45278,35.39038,35.318233,35.26299,35.235825,35.230614,35.295662,35.463604,35.62397,35.74315,35.76513,35.708595,35.51832,35.39769,35.33257,35.204025,35.039227,34.944847,34.892883,34.826344,34.78268,34.77495,34.76918,34.74299,34.7372,34.726536,34.692104,34.669617,34.6599,34.64358,34.64081,34.640705,34.64525,34.654865,34.66637,34.671196,34.674767,34.665817,34.682846,34.73295,34.79837,34.85978,34.990227,35.141163,35.354076,35.576103,35.502674,35.34845,35.32492,35.249416,35.261585,35.209095,35.17548,35.10756,35.058273,35.033413,35.058765,35.082886,35.09032,35.08668,35.03584,34.969833,34.919758,34.859867,34.833397,34.87636,34.975666,35.08651,35.219944,35.36194,35.42991,35.429848,35.426105,35.386757,35.224197,,35.1937,35.194313,35.216805,35.257607,35.28198,35.285038,35.228848,35.163784,34.854668,34.701305,34.67756,34.69136,34.686405,34.64145,34.614426,34.605553,34.609947,34.605286,34.596066,34.585117,34.585503,34.586926,34.5885,34.57657,34.553383,34.509388,34.404186,34.310364,34.301632,34.306404,34.332943,34.349487,34.375893,34.36205,34.336983,34.33656,34.349075,34.363365,34.325443,34.27514,34.26694,,,,,,,,,,,,,,,,,,,,,,,,,,,,,,,,,,,,,,,,,,,,,,31.643837,31.660929,31.995817,31.996885,31.974152,32.21807,32.65182,32.860374,32.951767,32.96851,32.980335,32.970577,32.921886,32.81812,32.71041,32.681576,32.780243,32.95123,33.09503,33.1249,33.110207,33.23564,33.33573,33.23087,33.034588,32.943886,33.013695,32.93507,32.804134,32.817852,32.951088,33.188206,33.23587,33.30673,33.317654,33.237335,33.252712,33.24867,33.26362,33.270092,33.331276,33.38411,33.450832,33.521774,33.579994,33.63737,33.68595,33.722622,33.748108,33.75531,33.738552,33.6633,33.371906,33.007923,32.912556,32.88662,32.892265,32.882153,32.849735,32.8606,32.890934,32.93494,33.01644,33.1193,33.20226,33.24438,33.270348,33.295322,33.294964,33.30456,33.34806,33.39666,33.413982,33.401627,33.38106,33.20817,32.892044,32.774044,32.61646,32.46755,32.400852,32.39374,32.459175,32.53292,32.574715,32.590164,32.52059,32.43238,32.37723,32.316635,32.170803,32.096195,32.094776,32.14036,32.194206,32.2261,32.239117,32.240288,32.246414,32.264713,32.29404,32.34337,32.39568,32.44892,32.495354,32.526474,32.54599,32.548527,32.539547,32.5184,32.488113,32.4582,32.436237,32.43391,32.45122,32.484703,32.537678,32.60834,32.686573,32.759987,32.827347,32.901714,32.981308,33.01355,32.92515,32.779728,32.712734,32.72115,32.715427,32.70901,32.73523,32.71427,32.69747
10.416672,,,,,,,,,,,,,,,,,,,,,,,,,,,,,,,,,,,,,,,,,,,,,,,35.62485,35.635403,35.643673,35.61037,35.589897,35.57012,35.552456,35.52579,35.523567,35.55735,35.603928,35.62506,35.615757,35.609325,35.61551,35.637302,35.658802,35.67019,35.665085,35.670803,35.71979,35.81345,35.89504,35.93702,35.960674,35.987015,35.99673,35.99176,35.971004,35.950073,35.95468,35.969826,35.97424,35.969727,35.97111,35.966537,35.941143,35.910618,35.880886,35.833275,35.78991,35.777317,35.808994,35.905117,36.074997,36.263344,36.373524,36.37311,36.341522,36.328697,36.37938,36.515354,36.673183,36.77724,36.831688,36.83669,36.82348,36.846172,36.8019,36.810375,36.77255,36.77754,36.753567,36.768917,36.77318,36.771233,36.78225,36.764904,36.76304,36.749302,36.72995,36.689457,36.61685,36.52461,36.434647,36.365444,36.294052,36.22266,36.14529,36.069687,36.004036,35.95306,35.913567,35.899517,35.91312,35.939056,35.95856,35.98073,36.008286,36.038948,36.056118,35.9748,35.907764,35.92448,35.953865,35.977875,35.999073,36.02215,36.038185,36.018715,35.98221,35.938896,35.88765,35.83958,35.79498,35.75596,35.724136,35.695,35.675236,35.66331,35.653652,35.64209,35.632442,35.64754,35.696613,35.762905,35.827206,35.8947,35.976147,36.075115,36.175797,36.238567,36.255894,36.257767,36.259205,36.27406,36.300243,36.305878,36.255962,36.191658,36.18061,36.163517,36.084106,35.98239,35.938335,35.94129,35.921337,35.84926,35.764793,35.738632,35.7334,35.719048,35.715153,35.695457,35.683628,35.681057,35.680195,35.677383,35.66534,35.64771,35.62806,35.605373,35.581554,35.567585,35.566463,35.572018,35.585297,35.603928,35.626225,35.64891,35.669815,35.692158,35.71207,35.728935,35.74682,35.75889,35.74751,35.70337,35.633102,35.55371,35.4926,35.47363,35.49298,35.525898,35.546223,35.55038,35.543003,35.51975,35.490112,35.445812,35.387035,35.32349,35.269386,35.242622,35.244995,35.33048,35.46925,35.57942,35.682915,35.710068,35.593132,35.434834,35.355556,35.314857,35.200836,35.087048,35.013287,34.960926,34.909397,34.887592,34.866653,34.842606,34.833454,34.817028,34.783947,34.7499,34.729855,34.71019,34.702213,34.70382,34.713196,34.721706,34.720093,34.723263,34.722904,34.71331,34.732838,34.779697,34.818638,34.867115,34.92042,35.070972,35.226067,35.44524,35.607693,35.44186,35.276176,35.23774,35.18513,35.18428,35.133636,35.123177,35.103935,35.1554,35.28215,35.412804,35.46985,35.465607,35.33879,35.177185,35.059296,34.94062,34.84389,34.806763,34.828625,34.92092,35.033424,35.162952,35.280174,35.325947,35.363403,35.39757,35.271114,35.179203,35.142483,35.114544,35.111168,35.12923,35.14996,35.152935,35.130142,35.066334,34.785786,34.69954,34.679504,34.70471,34.676685,34.64578,34.610905,34.591747,34.589977,34.58807,34.591183,34.58838,34.576717,34.55544,34.51484,34.444683,34.361282,34.284706,34.21635,34.176643,34.16984,34.151134,34.14442,34.16294,34.20705,34.282238,34.34508,34.36671,34.378513,34.342827,34.298695,34.27738,34.25079,34.211998,,,,,,,,,,,,,,,,,,,,,,,,,,,,,,,,,,,,,,,,,,,,,31.638115,31.6432,31.89552,31.965824,31.969814,31.976992,32.325497,32.682373,32.873493,32.93434,32.94734,32.937443,32.892437,32.80879,32.74815,32.76537,32.876312,33.033855,33.148563,33.16226,33.131927,33.2473,33.347183,33.25346,33.062912,32.963017,33.029404,33.000652,32.8241,32.802353,32.826015,32.95572,33.088284,33.184055,33.279415,33.251743,33.28584,33.307407,33.31872,33.318916,33.34698,33.38385,33.407166,33.449734,33.47376,33.501446,33.545685,33.584984,33.580246,33.45234,33.322235,33.131153,32.954666,32.86133,32.854004,32.84351,32.797066,32.7752,32.77259,32.79346,32.85058,32.93665,33.046402,33.14005,33.20179,33.248154,33.286728,33.30537,33.303776,33.319614,33.34938,33.3882,33.4221,33.420383,33.349884,33.01926,32.817875,32.711273,32.58018,32.4464,32.386253,32.39208,32.459137,32.524975,32.550335,32.53458,32.45902,32.39853,32.393974,32.30906,32.180508,32.09587,32.08427,32.1332,32.181843,32.203793,32.202156,32.199783,32.208748,32.230717,32.25831,32.29492,32.32838,32.366364,32.40115,32.42802,32.4537,32.45821,32.4615,32.45377,32.440563,32.428303,32.420074,32.424023,32.429516,32.43717,32.46194,32.506107,32.5778,32.661007,32.73652,32.799057,32.86862,32.94092,32.961765,32.85609,32.714916,32.671867,32.674004,32.664276,32.695698,32.72587,32.744164
10.333336,,,,,,,,,,,,,,,,,,,,,,,,,,,,,,,,,,,,,,,,35.930466,35.78135,35.734623,35.708355,35.67617,35.634758,35.619354,35.619896,35.638214,35.637733,35.602753,35.575638,35.542774,35.5199,35.52129,35.562347,35.610733,35.629673,35.61817,35.60936,35.61547,35.631218,35.65377,35.66666,35.669613,35.667416,35.664528,35.669582,35.70505,35.745007,35.780807,35.8268,35.884045,35.931595,35.959396,35.957634,35.94209,35.93898,35.94594,35.950756,35.94674,35.9414,35.93536,35.911873,35.860798,35.79655,35.734825,35.686897,35.679028,35.73282,35.856415,36.069378,36.298717,36.408302,36.374134,36.304005,36.220917,36.18866,36.28846,36.488594,36.663494,36.812405,37.005894,37.010216,36.972008,36.902653,36.93427,36.842953,36.894707,36.85553,36.85652,36.83885,36.824474,36.790997,36.754406,36.706825,36.660576,36.618244,36.575935,36.521976,36.482407,36.44249,36.40582,36.34638,36.28559,36.223404,36.1491,36.080894,36.01117,35.938545,35.88225,35.85402,35.84342,35.837505,35.827507,35.80665,35.77748,35.745903,35.72153,35.720352,35.725952,35.739586,35.763523,35.79476,35.814716,35.843086,35.84895,35.834366,35.81238,35.78808,35.761787,35.73563,35.70818,35.684494,35.66165,35.645607,35.633278,35.619747,35.607124,35.608444,35.649185,35.724358,35.801636,35.867054,35.940582,36.031998,36.132057,36.20644,36.22967,36.236782,36.237778,36.237213,36.247948,36.269215,36.275867,36.23649,36.17351,36.15603,36.145203,36.080097,36.000973,35.97133,35.974064,35.940517,35.852406,35.772377,35.747303,35.735336,35.716854,35.71511,35.714478,35.721855,35.73258,35.738083,35.74241,35.742256,35.736126,35.72402,35.705097,35.678967,35.655468,35.64582,35.646626,35.65475,35.66805,35.681946,35.695076,35.708286,35.724865,35.741493,35.75537,35.76842,35.778877,35.779408,35.753387,35.688927,35.589645,35.496765,35.45822,35.479088,35.51631,35.538086,35.53613,35.5231,35.500187,35.475372,35.45256,35.41697,35.364357,35.308933,35.266697,35.24516,35.255054,35.344883,35.415565,35.49002,35.52606,35.47625,35.383186,35.30925,35.320965,35.292316,35.202354,35.11046,35.042526,34.988605,34.97768,34.97475,34.975986,34.96453,34.926136,34.859615,34.791767,34.739094,34.712543,34.70668,34.71701,34.73357,34.74793,34.74785,34.744247,34.744465,34.745083,34.758656,34.804287,34.831493,34.866234,34.912514,35.028297,35.190113,35.347248,35.53459,35.59213,35.379147,35.26276,35.221626,35.233444,35.21575,35.24,35.255688,35.380226,35.58023,35.802296,35.922146,35.92034,35.729897,35.407684,35.217068,35.114735,34.99282,34.87188,34.792374,34.792065,34.868607,34.987057,35.122623,35.179615,35.231243,35.34521,35.305443,35.18,35.131493,35.10679,35.094486,35.09443,35.10154,35.107216,35.108078,35.028423,34.786415,34.72028,34.690033,34.720932,34.68121,34.642567,34.591198,34.574272,34.55994,34.5431,34.523514,34.496494,34.44902,34.399857,34.345005,34.28154,34.239525,34.201317,34.17745,34.140175,34.10653,34.069115,34.047897,34.01721,33.99106,34.00098,34.064327,34.11724,34.164318,34.138454,34.13513,34.22896,34.25048,34.200054,,,,,,,,,,,,,,,,,,,,,,,,,,,,,,,,,,,,,,,,,,,,,,31.653896,31.83901,31.928686,31.969757,31.947277,32.031647,32.367588,32.664257,32.803112,32.844296,32.866863,32.856743,32.830204,32.832047,32.893337,32.997974,33.12333,33.20926,33.198692,33.152504,33.262653,33.364265,33.2825,33.09468,32.981873,33.042324,33.03189,32.891785,32.821346,32.81732,32.817955,32.874607,32.972195,33.090065,33.155495,33.231186,33.307907,33.333447,33.34348,33.32955,33.331573,33.289696,33.281246,33.242382,33.192085,33.18834,33.156506,33.11586,33.007153,32.913155,32.85192,32.831078,32.807835,32.765522,32.73324,32.71108,32.707973,32.72081,32.763237,32.83976,32.949837,33.053677,33.15027,33.222294,33.275444,33.314095,33.33222,33.327633,33.32941,33.348732,33.37652,33.400677,33.384064,33.18168,32.825882,32.768795,32.672962,32.53875,32.43921,32.392525,32.399647,32.46036,32.514267,32.519787,32.475677,32.401024,32.36683,32.38625,32.30378,32.19919,32.09373,32.070538,32.106728,32.15264,32.172424,32.170704,32.178482,32.204094,32.24402,32.281086,32.3161,32.33837,32.354576,32.366375,32.37668,32.38843,32.395977,32.406586,32.414577,32.421715,32.430397,32.438637,32.451912,32.466934,32.48036,32.48653,32.49917,32.532578,32.59464,32.67322,32.73662,32.785927,32.838676,32.890236,32.869118,32.755135,32.648182,32.61512,32.60463,32.61806,32.619484,32.636917
10.25,,,,,,,,,,,,,,,,,,,,,,,,,,,,,,,,,,,,,,,,35.899292,35.779472,35.74322,35.704426,35.651215,35.598667,35.598507,35.62856,35.64723,35.63068,35.59725,35.571205,35.54174,35.54177,35.57331,35.618435,35.634655,35.62648,35.618786,35.623775,35.63495,35.643963,35.65926,35.667183,35.673664,35.67423,35.668575,35.656574,35.65878,35.670216,35.687473,35.720943,35.77216,35.83545,35.892822,35.925537,35.92955,35.921658,35.914516,35.919205,35.919983,35.909058,35.890423,35.855057,35.784534,35.690144,35.61547,35.580486,35.586994,35.64111,35.767014,36.002666,36.288685,36.4704,36.475895,36.378017,36.22604,36.09188,36.069996,36.14883,36.283905,36.48161,36.751545,36.86771,36.802753,36.681713,36.740746,36.646637,36.701927,36.683044,36.67802,36.643368,36.59595,36.525963,36.46194,36.402122,36.368374,36.36294,36.38049,36.38848,36.41246,36.41672,36.41852,36.382225,36.346134,36.317814,36.25972,36.18489,36.116867,36.04433,35.963055,35.903652,35.866203,35.83254,35.799145,35.769814,35.74458,35.72439,35.712715,35.705677,35.702644,35.698593,35.695637,35.692364,35.690113,35.697647,35.701042,35.686996,35.672447,35.663273,35.656998,35.649868,35.64004,35.631485,35.61894,35.606262,35.59335,35.58267,35.579308,35.60154,35.66515,35.754448,35.831337,35.89571,35.976933,36.072254,36.157333,36.201305,36.205723,36.216633,36.217186,36.211243,36.215786,36.23244,36.244827,36.218758,36.161995,36.13467,36.12942,36.086983,36.021667,35.992126,35.982883,35.935287,35.84347,35.768433,35.734737,35.718193,35.703423,35.704956,35.71722,35.73587,35.757713,35.77364,35.78529,35.790413,35.79138,35.790443,35.78597,35.773827,35.76011,35.75282,35.753498,35.7612,35.770958,35.77902,35.785656,35.791412,35.798428,35.8045,35.80821,35.807816,35.804268,35.802094,35.786053,35.723152,35.608437,35.496956,35.451473,35.472797,35.513996,35.531075,35.524326,35.50812,35.48395,35.459896,35.443752,35.42084,35.39051,35.354107,35.31082,35.265934,35.248604,35.271324,35.31963,35.344143,35.343754,35.343124,35.31399,35.256645,35.26873,35.30691,35.287617,35.209763,35.151176,35.11499,35.12805,35.168415,35.194576,35.181732,35.103928,35.00603,34.922997,34.850525,34.799282,34.77793,34.79079,34.80117,34.81084,34.810814,34.797806,34.782906,34.780933,34.80384,34.813007,34.839844,34.877335,34.947163,35.073715,35.180565,35.32011,35.417873,35.56713,35.58568,35.421547,35.359566,35.303867,35.326176,35.290318,35.32224,35.446045,35.712616,35.904026,36.001133,36.048557,35.98603,35.620785,35.264267,35.11474,35.061802,34.974125,34.851524,34.761017,34.771008,34.86235,35.008408,35.09637,35.197777,35.323475,35.28105,35.181717,35.14294,35.118584,35.10385,35.101234,35.11249,35.126434,35.109055,34.97401,34.81076,34.73627,34.72077,34.7411,34.708916,34.66894,34.604115,34.5478,34.51236,34.477955,34.43538,34.407227,34.362392,34.336258,34.314907,34.3019,34.30686,34.293873,34.254234,34.17176,34.11732,34.06706,34.038685,34.00713,33.97345,33.960545,33.93901,33.90779,33.907032,33.919037,33.94422,34.03071,34.219467,34.18998,,,,,,,,,,,,,,,,,,,,,,,,,,,,,,,,,,,,,,,30.56111,30.624527,30.838675,31.308804,31.63317,31.680866,31.692678,31.71715,31.872849,31.95095,31.998951,31.963139,31.95018,32.11472,32.398727,32.60427,32.716366,32.78064,32.801453,32.824825,32.87796,32.96345,33.07703,33.19927,33.25469,33.216457,33.16895,33.28227,33.37869,33.30798,33.126083,32.999847,33.05832,33.063633,32.93676,32.883926,32.8639,32.860622,32.82868,32.83293,32.87366,32.955288,33.041203,33.14626,33.214993,33.218353,33.152687,33.05496,32.932766,32.905193,32.870663,32.854042,32.84673,32.827675,32.79766,32.768818,32.753765,32.74651,32.722652,32.711983,32.70176,32.696426,32.69688,32.69619,32.715046,32.76872,32.848988,32.960423,33.090797,33.18945,33.250908,33.293377,33.329422,33.35605,33.36313,33.373913,33.375412,33.384136,33.3897,33.263496,32.91215,32.723,32.710835,32.618443,32.501217,32.415478,32.379253,32.39725,32.457207,32.505936,32.49015,32.421963,32.350258,32.35687,32.362553,32.32887,32.22958,32.119095,32.06523,32.08706,32.12907,32.160854,32.173862,32.206306,32.264008,32.319153,32.36651,32.399776,32.425026,32.437237,32.443024,32.4456,32.444942,32.44413,32.445625,32.44869,32.455227,32.46458,32.47441,32.48615,32.497253,32.5087,32.521046,32.53329,32.549484,32.58606,32.64817,32.708122,32.74961,32.78357,32.830517,32.877827,32.841797,32.732586,32.651802,32.628063,32.65004,32.63872,32.639797
10.166672,,,,,,,,,,,,,,,,,,,,,,,,,,,,,,,,,,,,,,,,35.865597,35.779095,35.73018,35.68062,35.62091,35.611908,35.625233,35.636612,35.647137,35.62898,35.606922,35.590977,35.577175,35.598534,35.628765,35.642597,35.636795,35.63533,35.6457,35.6548,35.659657,35.655724,35.6583,35.669003,35.681522,35.684902,35.67919,35.667175,35.6584,35.653206,35.65503,35.666183,35.689915,35.729942,35.779995,35.833492,35.87052,35.88727,35.88365,35.87926,35.8759,35.868614,35.84702,35.796772,35.711155,35.618084,35.56009,35.54542,35.55371,35.578613,35.65898,35.842216,36.14432,36.43004,36.545612,36.468845,36.297203,36.111336,35.975918,35.950924,36.027378,36.14442,36.27429,36.389164,36.37785,36.325375,36.34006,36.300896,36.30657,36.31093,36.282658,36.23188,36.165047,36.091663,36.038,36.009136,35.994625,36.006374,36.038345,36.053497,36.117733,36.17199,36.237335,36.26859,36.287773,36.32108,36.303196,36.256092,36.209377,36.147194,36.065193,35.997925,35.944736,35.895496,35.845272,35.796837,35.758476,35.729782,35.705296,35.69519,35.68469,35.674725,35.65868,35.641888,35.62932,35.625355,35.621185,35.60334,35.588303,35.582127,35.583157,35.58314,35.58174,35.579037,35.57279,35.56327,35.553722,35.551773,35.564198,35.606915,35.690548,35.78878,35.863068,35.923183,36.00722,36.094555,36.1586,36.177887,36.17762,36.188564,36.185143,36.17534,36.172478,36.186424,36.20609,36.19857,36.153454,36.115463,36.108326,36.090862,36.042866,36.0081,35.984615,35.92612,35.834972,35.756058,35.710907,35.697247,35.694355,35.70541,35.73121,35.757397,35.787292,35.805798,35.814377,35.813774,35.815716,35.82221,35.83157,35.83628,35.837124,35.842392,35.85301,35.867405,35.881767,35.891365,35.895683,35.896267,35.89358,35.885815,35.877895,35.864567,35.843376,35.825695,35.804596,35.734776,35.606785,35.48853,35.44703,35.473324,35.518227,35.5363,35.529694,35.516636,35.493073,35.471237,35.454365,35.43677,35.421787,35.403305,35.368538,35.32418,35.28657,35.268986,35.281345,35.276524,35.26898,35.27654,35.27433,35.22989,35.21138,35.26383,35.294117,35.288204,35.258644,35.241585,35.26193,35.298782,35.34954,35.34653,35.23686,35.1108,35.02547,34.953793,34.891365,34.858364,34.876568,34.902557,34.92303,34.934242,34.92425,34.902744,34.88108,34.886,34.883484,34.885963,34.91856,34.996994,35.125095,35.23333,35.341114,35.43391,35.52503,35.631863,35.69071,35.593285,35.52461,35.555027,35.4739,35.38329,35.577103,35.773094,35.841118,35.821785,35.857834,36.000675,35.812973,35.374107,35.084385,34.97338,34.930588,34.864582,34.777946,34.737026,34.78531,34.93092,35.07224,35.22602,35.341995,35.279938,35.173813,35.14053,35.12305,35.11776,35.124634,35.136665,35.128235,35.05314,34.881924,34.815384,34.77375,34.757282,34.766647,34.734,34.70151,34.642094,34.579205,34.524845,34.484833,34.4368,34.41673,34.396633,34.402737,34.422024,34.446,34.472145,34.428047,34.293236,34.126522,34.065735,34.02803,34.01433,33.98449,33.94882,33.931282,33.91524,33.88992,33.879807,33.868584,33.897064,33.898964,34.150963,34.18496,34.137096,,,,,,,,,,,,,,,,,,,,,,,,,,,,,,,,,,,,,30.606268,30.659737,30.904272,31.264256,31.566696,31.694286,31.727976,31.778793,31.839624,31.949604,31.991657,32.047607,32.03755,31.984152,32.005527,32.19322,32.410866,32.59224,32.702477,32.76261,32.829422,32.922085,33.03787,33.171696,33.26537,33.268093,33.21646,33.184113,33.302505,33.394432,33.330692,33.157024,33.012463,33.06166,33.07936,32.98315,32.925728,32.9088,32.89746,32.867805,32.860977,32.85435,32.837788,32.8579,32.895203,32.95305,32.94568,32.900703,32.815372,32.7664,32.76787,32.759975,32.762817,32.755993,32.75036,32.72822,32.701958,32.69131,32.69091,32.690712,32.694305,32.696358,32.6964,32.69624,32.702953,32.737526,32.78855,32.894653,33.040245,33.1524,33.225544,33.273815,33.30717,33.33593,33.367405,33.390774,33.401493,33.40227,33.40248,33.32398,33.013058,32.737465,32.714947,32.675022,32.559155,32.457954,32.39614,32.35198,32.37594,32.43925,32.481655,32.445786,32.370373,32.31181,32.3408,32.345505,32.3569,32.289955,32.181892,32.094448,32.084793,32.130684,32.190468,32.2424,32.307724,32.379017,32.42903,32.469425,32.49158,32.504192,32.510815,32.51226,32.513027,32.51244,32.51208,32.51354,32.514217,32.51476,32.51379,32.51146,32.509716,32.508476,32.513897,32.530003,32.553955,32.575596,32.602737,32.649715,32.706844,32.74254,32.761402,32.80213,32.85246,32.879276,32.84314,32.71713,32.685616,32.717278,32.72432,32.722313
10.083336,,,,,,,,,,,,,,,,,,,,,,,,,,,,,,,,,,,,,,,,35.857044,35.77714,35.713825,35.65556,35.61082,35.617615,35.634235,35.645847,35.652416,35.634632,35.629894,35.62177,35.622086,35.64391,35.65003,35.646038,35.648403,35.666523,35.682335,35.682964,35.67119,35.659325,35.663383,35.670803,35.68151,35.68934,35.69098,35.685238,35.678875,35.671394,35.6663,35.66246,35.664154,35.67475,35.693222,35.72408,35.755116,35.78979,35.81785,35.830643,35.829,35.82254,35.81146,35.77521,35.699745,35.617153,35.569775,35.559196,35.569515,35.5823,35.610878,35.69908,35.885902,36.1343,36.319103,36.366585,36.276123,36.128418,35.972324,35.909878,35.93518,35.988434,36.046627,36.052567,36.04272,36.0152,36.004208,35.982113,35.947266,35.919476,35.884827,35.839207,35.784313,35.734818,35.703495,35.700886,35.688934,35.68951,35.696312,35.68781,35.728153,35.782726,35.861855,35.963184,36.044106,36.14197,36.212547,36.242477,36.242844,36.21631,36.150665,36.08755,36.031773,35.97368,35.90816,35.842155,35.78692,35.752224,35.722084,35.70329,35.68814,35.67276,35.65861,35.64626,35.630714,35.627537,35.62028,35.613647,35.60887,35.610176,35.61311,35.60983,35.605328,35.59239,35.5767,35.56208,35.54947,35.548485,35.572163,35.633232,35.73012,35.83056,35.89402,35.946846,36.026623,36.09743,36.139503,36.141834,36.14314,36.157017,36.147488,36.13181,36.120934,36.136604,36.160915,36.167496,36.139988,36.099022,36.078674,36.071064,36.046078,36.00834,35.970978,35.898914,35.80732,35.728916,35.690216,35.684765,35.679268,35.700165,35.742268,35.791412,35.833664,35.85029,35.85079,35.84169,35.838654,35.846542,35.862766,35.881138,35.898193,35.91708,35.93803,35.96,35.98228,35.99362,35.99695,35.993824,35.984077,35.96613,35.94686,35.925873,35.89235,35.85892,35.83175,35.76468,35.625618,35.495968,35.445286,35.463806,35.50585,35.53096,35.53498,35.526764,35.50386,35.480698,35.46344,35.452595,35.44528,35.439213,35.424282,35.39306,35.35578,35.316727,35.30933,35.289196,35.27469,35.27661,35.274956,35.238506,35.193047,35.20383,35.24348,35.280342,35.29568,35.30534,35.331944,35.352844,35.3403,35.28219,35.15767,35.04447,34.977528,34.929466,34.88902,34.87925,34.908253,34.956642,34.995796,35.009823,35.026047,35.035675,35.014797,34.996155,34.977802,34.954796,34.97876,35.06213,35.180824,35.319115,35.423237,35.4917,35.546234,35.61689,35.683807,35.72819,35.758766,35.758045,35.716698,35.64258,35.73691,35.80751,35.79292,35.7218,35.73507,35.813595,35.713943,35.400394,35.12378,34.968456,34.89112,34.816376,34.7623,34.72878,34.746723,34.879364,35.066647,35.259228,35.37149,35.2905,35.173534,35.130085,35.11101,35.110664,35.12095,35.118046,35.0602,34.91249,34.80125,34.792313,34.79613,34.79474,34.79509,,34.748817,34.71575,34.66649,34.612705,34.577705,34.528687,34.510845,34.50561,34.520584,34.563038,34.592445,34.60204,34.49934,34.27375,34.069984,34.02077,34.011833,34.005657,33.978554,33.96471,33.93227,33.89542,33.867382,33.854454,33.85048,33.866753,33.885136,34.084644,34.17789,34.136833,,,,,,,,,,,,,,,,,,,,,,,,,,,,,,,,,,,,,30.710804,30.826715,31.174639,31.52829,31.68153,31.754469,31.809973,31.87674,31.935274,31.978483,32.024384,32.083748,32.10096,32.06791,32.052864,32.112286,32.262936,32.444023,32.599937,32.747055,32.89142,33.030697,33.164646,33.268257,33.287952,33.253662,33.211475,33.2001,33.32272,33.40845,33.349106,33.187595,33.031784,33.06721,33.11224,33.03539,32.962017,32.953106,32.93174,32.919968,32.888424,32.896877,32.85475,32.854176,32.82649,32.812595,32.805145,32.780956,32.761833,32.750694,32.74393,32.73569,32.72643,32.717827,32.712727,32.70657,32.702633,32.705395,32.701916,32.701817,32.703533,32.708637,32.71006,32.711487,32.724777,32.760082,32.85239,32.987236,33.119312,33.206455,33.246075,33.260536,33.27127,33.292835,33.332577,33.390415,33.426563,33.426826,33.356617,33.055035,32.738377,32.690323,32.685104,32.604435,32.505188,32.42015,32.35412,32.308773,32.344036,32.397655,32.418682,32.379818,32.32576,32.292763,32.302402,32.343216,32.370266,32.35902,32.280407,32.187695,32.159683,32.192734,32.270054,32.35496,32.428066,32.474464,32.50146,32.52001,32.52831,32.534203,32.532272,32.526657,32.52449,32.52283,32.522083,32.523186,32.525085,32.524567,32.521374,32.512276,32.500732,32.493107,32.500835,32.529427,32.57064,32.60673,32.629402,32.659817,32.709053,32.74716,32.757954,32.781837,32.82545,32.842457,32.79291,32.73378,32.745373,32.781208,32.81225,32.799526
10.0,,,,,,,,,,,,,,,,,,,,,,,,,,,,,,,,,,,,,,,,35.843315,35.760044,35.70093,35.63677,35.610348,35.62997,35.64018,35.652504,35.65618,35.646526,35.653305,35.650272,35.65402,35.661102,35.652313,35.654324,35.67067,35.692703,35.70167,35.691532,35.67525,35.668427,35.669636,35.672237,35.68344,35.692352,35.694393,35.69523,35.695656,35.692776,35.689293,35.68363,35.676765,35.671356,35.66582,35.667057,35.66954,35.68575,35.708237,35.73815,35.763554,35.780613,35.785267,35.76927,35.725555,35.660187,35.614506,35.600906,35.604103,35.612526,35.623356,35.652023,35.733692,35.877888,36.00995,36.110126,36.147385,36.063667,35.936886,35.86574,35.877655,35.904068,35.912834,35.895493,35.864605,35.818535,35.78157,35.755795,35.720745,35.688816,35.655533,35.635384,35.6136,35.597263,35.592983,35.589287,35.587364,35.58615,35.585854,35.588036,35.592903,35.602932,35.62244,35.677704,35.7512,35.841274,35.94409,36.053013,36.140068,36.18711,36.18033,36.14549,36.10477,36.05725,35.993004,35.915863,35.841824,35.791878,35.756927,35.73472,35.725582,35.721886,35.71533,35.70898,35.70437,35.707638,35.710796,35.723053,35.7396,35.7568,35.76872,35.76832,35.758266,35.722847,35.682632,35.64998,35.613567,35.596172,35.61254,35.675926,35.77681,35.869118,35.92099,35.969578,36.034977,36.083652,36.103554,36.09858,36.107918,36.120598,36.118202,36.094833,36.06828,36.0812,36.107635,36.12405,36.114513,36.08201,36.0499,36.030724,36.010876,35.978004,35.92707,35.845814,35.765533,35.706497,35.68255,35.67417,35.668613,35.70314,35.763115,35.831867,35.883945,35.897472,35.89144,35.875683,35.86825,35.875343,35.892467,35.917976,35.94541,35.97626,36.007343,36.03916,36.06781,36.06604,36.063637,36.060028,36.048473,36.025112,35.996845,35.97371,35.938126,35.8979,35.863083,35.803185,35.67494,35.530518,35.446476,35.435745,35.4697,35.504753,35.518097,35.50878,35.486946,35.459946,35.436684,35.43138,35.437843,35.44909,35.452812,35.443142,35.42021,35.38746,35.36946,35.342674,35.321045,35.315094,35.29985,35.255966,35.20049,35.16969,35.179455,35.207024,35.240585,35.270206,35.316284,35.319954,35.24688,35.12018,34.97065,34.883297,34.856514,34.866196,34.893555,34.93672,34.990547,35.036125,35.07601,35.09993,35.128387,35.136,35.106293,35.07947,35.0584,35.020046,35.033108,35.10104,35.22732,35.394417,35.54867,35.59884,35.63473,35.660427,35.690872,35.7123,35.719463,35.72098,35.77308,35.787224,35.787975,35.780502,35.715218,35.63806,35.63805,35.71175,35.546227,35.249275,35.035015,34.93903,34.886875,34.808857,34.7417,34.718002,34.72154,34.839146,35.049046,35.274143,35.382668,35.29771,35.18082,35.119682,35.081566,35.078983,35.08743,35.05675,34.950123,34.816486,34.79622,34.829895,34.851875,34.808723,34.74833,34.7426,34.774357,34.776546,34.77111,34.745625,34.728447,34.69705,34.66403,34.641357,34.625183,34.645657,34.661343,34.658573,34.546772,34.30009,34.048176,34.014244,34.007633,34.019207,34.03214,34.020836,33.969948,33.91132,33.859386,33.838905,33.83536,33.839237,33.89082,34.067528,34.166676,34.12881,,,,,,,,,,,,,,,,,,,,,,,,,,,,,,,,,,,,,30.83677,30.990654,31.399199,31.706089,31.782345,31.834667,31.876991,31.91626,31.940954,31.962774,32.03039,32.062954,32.093067,32.09902,32.144592,32.171116,32.23774,32.34971,32.486897,32.663532,32.865723,33.059322,33.19976,33.242428,33.20246,33.18757,33.1881,33.208088,33.33962,33.420944,33.36814,33.217735,33.042168,33.053326,33.129463,33.097622,33.010506,32.997368,32.96632,32.94535,32.92121,32.916084,32.897785,32.887566,32.860237,32.83503,32.814537,32.794888,32.77843,32.772957,32.767494,32.76527,32.76819,32.76942,32.76626,32.760727,32.755886,32.751606,32.74191,32.73159,32.722874,32.72165,32.721962,32.728855,32.75996,32.828133,32.937263,33.072346,33.17623,33.203697,33.18394,33.163548,33.168514,33.20104,33.244816,33.343533,33.42023,33.406425,33.122128,32.749283,32.680367,32.67714,32.639374,32.557117,32.47737,32.390984,32.311325,32.280388,32.31269,32.362064,32.376698,32.342632,32.290638,32.262295,32.27615,32.324436,32.368145,32.38048,32.348396,32.292885,32.278004,32.306053,32.37364,32.44105,32.48434,32.50948,32.525356,32.533253,32.536354,32.535114,32.522316,32.510254,32.508076,32.509556,32.510788,32.51323,32.518623,32.519775,32.51667,32.501625,32.48358,32.478386,32.494247,32.534313,32.587116,32.63578,32.669174,32.690437,32.715794,32.745636,32.76197,32.779747,32.817493,32.820457,32.77992,32.76378,32.79281,32.857956,32.887222,32.858353
9.916672,,,,,,,,,,,,,,,,,,,,,,,,,,,,,,,,,,,,,,,,35.82945,35.74944,35.69165,35.623352,35.617153,35.642494,35.644474,35.663517,35.66125,35.661827,35.674206,35.669605,35.66865,35.662094,35.657757,35.672462,35.697845,35.71692,35.719658,35.70752,35.695644,35.68943,35.684322,35.68706,35.69674,35.698196,35.70113,35.70571,35.708214,35.709446,35.708214,35.704727,35.697884,35.688736,35.67689,35.665134,35.650845,35.64251,35.64082,35.65191,35.675285,35.7084,35.74121,35.755833,35.744713,35.70698,35.667088,35.6477,35.641357,35.646717,35.66481,35.675602,35.689816,35.75769,35.86823,36.004486,36.07012,35.998196,35.858925,35.795486,35.809593,35.819275,35.809338,35.783627,35.746235,35.713474,35.681896,35.657383,35.635986,35.614048,35.601696,35.590584,35.582256,35.58371,35.58236,35.58089,35.57683,35.572906,35.57018,35.57232,35.583183,35.585323,35.59339,35.604782,35.625744,35.653797,35.712357,35.795364,35.897854,36.003403,36.081474,36.122196,36.133614,36.112736,36.0646,35.989594,35.90586,35.840233,35.795708,35.7614,35.745388,35.746517,35.755184,35.76771,35.78396,35.804073,35.832504,35.873985,35.918106,35.954292,35.96754,35.96717,35.950737,35.899345,35.83965,35.78058,35.72336,35.68607,35.681217,35.726067,35.81621,35.900917,35.95035,35.99163,36.032207,36.051685,36.057037,36.05418,36.066757,36.081627,36.08893,36.06269,36.012955,36.010628,36.031734,36.05356,36.057644,36.043102,36.016144,35.9853,35.953407,35.91819,35.86424,35.796093,35.739388,35.701496,35.681362,35.661404,35.66157,35.70785,35.778908,35.858524,35.91896,35.93274,35.925163,35.909035,35.90535,35.91912,35.94181,35.972248,36.003952,36.04158,36.078617,36.120728,36.137516,36.088097,36.071342,36.080254,36.0812,36.065037,36.03715,36.013992,35.98011,35.93825,35.895626,35.835335,35.724323,35.578247,35.459785,35.414288,35.430286,35.46605,35.48277,35.473118,35.4526,35.420506,35.39002,35.38706,35.401928,35.42625,35.447525,35.46444,35.46602,35.455513,35.439,35.414192,35.38074,35.357063,35.327076,35.279728,35.22284,35.175507,35.161884,35.171165,35.182213,35.2132,35.242603,35.182846,35.066036,34.966476,34.878708,34.851902,34.87628,34.91976,34.975155,35.034264,35.09848,35.138287,35.16888,35.197765,35.215927,35.21863,35.19068,35.153717,35.12729,35.06982,35.057003,35.121326,35.262295,35.47686,35.69909,35.780697,35.773335,35.766556,35.76591,35.749542,35.732624,35.726463,35.75975,35.771584,35.76839,35.71178,35.652653,35.642162,35.637943,35.605515,35.341366,35.114872,34.97547,34.886585,34.831974,34.78617,34.736103,34.70535,34.69306,34.782906,34.98497,35.252125,35.38064,35.307133,35.177696,35.098045,35.033085,35.014835,35.032078,34.99962,34.894928,34.814583,34.833256,34.890354,34.896046,34.78457,34.71852,34.726776,34.754738,34.7723,34.808243,34.82257,34.839546,34.840267,34.80797,34.760517,34.69416,34.6634,34.652252,34.654438,34.570076,34.309147,34.023373,34.009354,34.029484,34.0958,34.143642,34.068104,33.984795,33.91482,33.864594,33.8327,33.818516,33.806755,33.887875,34.10111,34.166965,34.11407,34.048676,,,,,,,,,,,,,,,,,,,,,,,,,,,,,,,,,,,30.975494,30.98762,31.210684,31.58291,31.79504,31.865088,31.898096,31.903399,31.914455,31.931393,31.950247,31.986713,32.011112,32.042664,32.07051,32.14002,32.204456,32.291645,32.373333,32.472237,32.609432,32.80229,33.001514,33.132168,33.117035,33.04727,33.08509,33.15887,33.21621,33.35368,33.435036,33.394825,33.25926,33.057247,33.03601,33.12077,33.136833,33.056114,33.03364,33.013145,32.981,32.958733,32.94091,32.925877,32.916946,32.89384,32.883663,32.864372,32.869186,32.85914,32.873558,32.87632,32.878834,32.888573,32.88932,32.88988,32.872448,32.85039,32.82159,32.788506,32.763668,32.74952,32.746887,32.74487,32.76161,32.810947,32.90118,33.022263,33.13131,33.17015,33.107006,33.033657,33.00816,33.033424,33.090893,33.151627,33.277363,33.3743,33.187325,32.783157,32.66941,32.66972,32.64344,32.591778,32.52347,32.456787,32.369114,32.27582,32.258606,32.291862,32.33915,32.352474,32.311775,32.26371,32.236526,32.24688,32.304295,32.34983,32.36786,32.35742,32.342274,32.35375,32.388203,32.438347,32.479694,32.511692,32.525337,32.527985,32.52801,32.52337,32.506058,32.481842,32.46653,32.47078,32.485252,32.496677,32.504955,32.514824,32.522163,32.52405,32.51047,32.493946,32.491917,32.51978,32.566708,32.61379,32.652973,32.689644,32.719303,32.740116,32.75181,32.760204,32.782352,32.8292,32.826874,32.776836,32.810402,32.87651,32.937866,32.96257,32.911354
9.833336,,,,,,,,,,,,,,,,,,,,,,,,,,,,,,,,,,,,,,,35.862793,35.82004,35.738384,35.671642,35.615772,35.630302,35.65478,35.655273,35.67826,35.66962,35.680607,35.689663,35.677517,35.6694,35.663082,35.67193,35.695004,35.726166,35.74092,35.743526,35.73382,35.7266,35.718178,35.714275,35.714695,35.71684,35.71816,35.72439,35.72741,35.729305,35.73037,35.729515,35.72598,35.72174,35.714188,35.703003,35.689888,35.67247,35.652805,35.63586,35.625507,35.62333,35.638405,35.673237,35.71544,35.742023,35.741398,35.71257,35.679882,35.667137,35.67912,35.71396,35.738884,35.727356,35.745308,35.838223,35.96771,36.024555,35.947582,35.810627,35.737907,35.738487,35.74853,35.73832,35.719074,35.690735,35.669792,35.648262,35.634243,35.61948,35.60721,35.599167,35.589718,35.581223,35.577133,35.56887,35.5577,35.552174,35.546627,35.545193,35.547493,35.561394,35.56819,35.58309,35.597622,35.622036,35.638706,35.658253,35.688065,35.735836,35.802086,35.892513,35.9894,36.070118,36.101616,36.103294,36.065388,35.997547,35.924995,35.864697,35.809776,35.764538,35.74788,35.765656,35.79901,35.835007,35.876354,35.933628,36.000275,36.05073,36.07068,36.06474,36.054874,36.04265,36.00822,35.95413,35.87868,35.81546,35.774178,35.75711,35.776985,35.849068,35.929752,35.97706,36.003075,36.017204,36.016426,36.014374,36.003986,36.013416,36.03038,36.052406,36.034985,35.964283,35.928474,35.931717,35.950794,35.96117,35.958866,35.948463,35.926403,35.89602,35.8636,35.820145,35.77349,35.735966,35.70785,35.67956,35.657673,35.664497,35.717896,35.795765,35.879215,35.937164,35.953,35.949768,35.939304,35.94112,35.959198,35.983795,36.015602,36.050823,36.09484,36.137806,36.187794,36.1662,36.048252,36.00857,36.041466,36.069904,36.07745,36.063225,36.046165,36.01734,35.973843,35.92039,35.856808,35.764553,35.627224,35.4906,35.418056,35.408176,35.423523,35.43627,35.42656,35.406292,35.38171,35.359913,35.356625,35.368103,35.381615,35.40646,35.45292,35.48202,35.493984,35.489723,35.47113,35.440666,35.40382,35.363773,35.31664,35.279892,35.236057,35.200504,35.192112,35.196907,35.204315,35.155746,35.056152,34.9576,34.92007,34.909615,34.927715,34.96916,35.021618,35.083588,35.153217,35.224182,35.27009,35.291737,35.3147,35.318596,35.33708,35.30512,35.268898,35.20783,35.104534,35.05845,35.120056,35.2966,35.56402,35.82643,35.938866,35.89602,35.88185,35.850136,35.802616,35.77167,35.755577,35.77748,35.767147,35.7527,35.7078,35.6766,35.655025,35.588333,35.364742,35.09903,34.934696,34.874844,34.833916,34.769604,34.72851,34.71406,34.679726,34.663532,34.725204,34.88773,35.167236,35.35963,35.32946,35.18597,35.0874,35.003067,34.944855,34.94888,34.946304,34.882088,34.83283,34.874744,34.945557,34.924732,34.777016,34.71134,34.716846,34.73186,34.756203,34.79839,34.838634,34.873657,34.897102,34.884026,34.83074,34.733326,34.657497,34.62277,34.63091,34.56228,34.316887,34.035355,34.026066,34.090176,34.210464,34.2478,34.052975,33.94119,33.896408,33.865246,33.830467,33.81602,33.778664,33.8177,34.063717,34.169086,34.109924,34.04014,,,,,,,,,,,,,,,,,,,,,,,,,,,,,,,,,,,31.034185,31.09973,31.381126,31.684282,31.870634,31.953844,31.959377,31.927773,31.928068,31.943626,31.955704,31.964254,31.976137,31.986345,32.011692,32.068184,32.146698,32.265785,32.377953,32.49402,32.607437,32.75472,32.9241,33.033123,32.98615,32.908184,33.00915,33.144035,33.220398,33.36366,33.44456,33.41287,33.303307,33.090183,33.025673,33.095882,33.13876,33.08223,33.063457,33.043407,33.032482,33.001312,32.985485,32.974087,32.97007,32.96112,32.97212,32.976475,33.00007,33.010323,33.02979,33.040104,33.048634,33.066418,33.06997,33.06204,33.020348,32.965813,32.910557,32.861153,32.821426,32.791355,32.775826,32.77171,32.79588,32.85303,32.950397,33.067608,33.129173,33.077263,32.935863,32.85795,32.85161,32.8963,32.98155,33.071587,33.20801,33.15611,32.777996,32.647945,32.659805,32.63458,32.601265,32.551617,32.4966,32.428436,32.335396,32.25766,32.24618,32.28005,32.32336,32.327232,32.287983,32.24517,32.215927,32.229893,32.28074,32.325947,32.34954,32.35487,32.366886,32.398933,32.44464,32.48243,32.5033,32.511074,32.50683,32.504627,32.5012,32.485065,32.454582,32.422363,32.40903,32.421772,32.447872,32.467518,32.4823,32.495464,32.5068,32.513496,32.509064,32.507328,32.52052,32.562737,32.61707,32.65488,32.6755,32.699696,32.729897,32.758606,32.770115,32.76675,32.785347,32.852135,32.874546,32.81499,32.87479,32.95823,32.98562,32.99495,32.948334
9.75,,,,,,,,,,,,,,,,,,,,,,,,,,,,,,,,,,,,,,,35.857548,35.820183,35.714912,35.650215,35.61706,35.646107,35.666813,35.673584,35.69137,35.68275,35.695103,35.693096,35.67551,35.666817,35.67069,35.687767,35.71631,35.746834,35.75799,35.764214,35.761642,35.759785,35.756313,35.75582,35.753674,35.75257,35.75252,35.755554,35.755695,35.75641,35.756615,35.756084,35.75417,35.750988,35.743637,35.73356,35.72285,35.70479,35.682636,35.661186,35.643517,35.62456,35.61688,35.621906,35.64979,35.69103,35.729397,35.739265,35.718735,35.69217,35.692837,35.743683,35.79486,35.788445,35.771538,35.837162,35.94057,35.972313,35.87948,35.768013,35.707108,35.69912,35.703117,35.695866,35.68725,35.665848,35.65481,35.64234,35.63026,35.614304,35.60013,35.58343,35.56495,35.549778,35.534702,35.519264,35.50193,35.49394,35.489025,35.490788,35.4977,35.510162,35.53042,35.554714,35.57756,35.610188,35.638073,35.661068,35.685505,35.711056,35.73514,35.775887,35.835846,35.911503,35.976437,36.04036,36.073425,36.06133,36.02175,35.966568,35.89957,35.820583,35.769253,35.766674,35.806473,35.864975,35.928974,36.006283,36.07913,36.10064,36.075462,36.04073,36.036495,36.039677,36.027695,35.99432,35.93363,35.87676,35.839466,35.82088,35.826725,35.88611,35.96042,36.000893,36.014767,36.010082,35.992992,35.97528,35.95461,35.95704,35.977844,36.0115,36.011585,35.93758,35.85957,35.82989,35.838596,35.848534,35.850273,35.84747,35.84292,35.831604,35.816505,35.79222,35.763416,35.73817,35.70989,35.68103,35.66693,35.68255,35.737354,35.81152,35.88086,35.929024,35.949646,35.953236,35.943203,35.93868,35.946743,35.96155,35.989414,36.02864,36.085155,36.143215,36.201416,36.144245,35.994743,35.923668,35.95536,35.996346,36.036957,36.05406,36.052963,36.02034,35.972145,35.90966,35.84084,35.757233,35.643654,35.509712,35.423176,35.388588,35.381287,35.384556,35.37023,35.349113,35.3356,35.331303,35.33728,35.348618,35.350483,35.37395,35.43113,35.474747,35.50231,35.516033,35.517986,35.49691,35.456223,35.413406,35.38094,35.354233,35.317787,35.28151,35.263363,35.231613,35.161236,35.04815,34.953957,34.900597,34.9231,34.94801,35.00113,35.0636,35.14362,35.22112,35.30405,35.380833,35.43164,35.45918,35.46307,35.46338,35.484035,35.441994,35.415455,35.332127,35.183704,35.074055,35.112682,35.308002,35.596905,35.843998,35.970905,35.989006,35.95816,35.910065,35.842308,35.802757,35.780712,35.787113,35.726387,35.670105,35.60722,35.55914,35.49189,35.334805,35.081017,34.92091,34.81977,34.768436,34.75299,34.713367,34.688343,34.694286,34.664192,34.646297,34.68142,34.803516,35.03083,35.279484,35.36222,35.25396,35.140633,35.03461,34.923313,34.883053,34.88928,34.863888,34.84383,34.90711,34.994267,34.969128,34.818604,34.732227,34.73143,34.74286,34.776768,34.81611,34.863274,34.897835,34.91758,34.908127,34.85279,34.749966,34.655952,34.602203,34.603146,34.555817,34.358727,34.080494,34.04128,34.154198,34.304733,34.276234,33.9705,33.864662,33.853184,33.84221,33.823498,33.82054,33.796833,33.773407,33.905357,34.08996,34.09108,34.030098,,,,,,,,,,,,,,,,,,,,,,,,,,,,,,,,,,31.325565,31.113445,31.18294,31.451038,31.743986,31.933268,32.038887,32.037895,31.97964,31.971329,31.986254,,,,31.980518,31.982386,32.00942,32.078045,32.15521,32.26309,32.431103,32.55716,32.670597,32.793327,32.884785,32.86003,32.823483,32.96545,33.128525,33.213196,33.37087,33.450344,33.419758,33.335674,33.130085,33.026752,33.09494,33.145306,33.120125,33.097733,33.07406,33.06634,33.025196,33.023693,33.0281,33.050144,33.069523,33.11289,33.134056,33.171284,33.191265,33.21576,33.23835,33.253124,33.270367,33.26844,33.23551,33.160065,33.076237,33.006794,32.943565,32.885773,32.836548,32.799458,32.783787,32.80113,32.871563,32.978363,33.07318,33.06739,32.92848,32.770744,32.709465,32.70718,32.74678,32.837814,32.95012,33.01547,32.741516,32.57151,32.6324,32.622498,32.58652,32.559532,32.509396,32.47669,32.402626,32.305622,32.242725,32.230988,32.264904,32.30854,32.30399,32.265438,32.229565,32.208244,32.222107,32.26675,32.31471,32.347046,32.36647,32.393932,32.435257,32.477314,32.494545,32.4888,32.47476,32.475555,32.490185,32.487915,32.45855,32.419327,32.389095,32.386536,32.403625,32.42906,32.447044,32.460808,32.4735,32.486202,32.498295,32.510395,32.534946,32.57796,32.63824,32.686825,32.705345,32.704315,32.71442,32.73636,32.76355,32.78328,32.783653,32.79841,32.877884,32.92978,32.880547,32.934475,33.023064,32.99837,32.96157,32.93384
9.666672,,,,,,,,,,,,,,,,,,,,,,,,,,,,,,,,,,,,,,,35.85035,35.821373,35.704475,35.6376,35.62566,35.667934,35.682465,35.69509,35.70235,35.693718,35.701603,35.689568,35.67194,35.668858,35.68411,35.704216,35.734383,35.755764,35.762974,35.77282,35.77852,35.785492,35.78914,35.793495,35.795418,35.79673,35.797234,35.798725,35.799004,35.798622,35.796642,35.793655,35.788357,35.780876,35.77046,35.75946,35.751736,35.732758,35.71859,35.700207,35.684616,35.659557,35.633705,35.619133,35.612846,35.62955,35.668495,35.711723,35.732006,35.710438,35.699932,35.74186,35.81505,35.841896,35.81816,35.84013,35.90542,35.920437,35.831696,35.73516,35.693954,35.690968,35.69184,35.689884,35.684505,35.67143,35.659473,35.63801,35.611324,35.58181,35.55473,35.528862,35.499752,35.48139,35.46469,35.45079,35.439735,35.437218,35.437813,35.44115,35.443256,35.44987,35.464146,35.48952,35.51973,35.55326,35.596146,35.63784,35.678192,35.721428,35.749542,35.766453,35.779747,35.802475,35.83372,35.89429,35.962955,36.01488,36.047935,36.045597,36.007603,35.928795,35.838234,35.78113,35.806072,35.871494,35.956547,36.053867,36.11259,36.088856,36.0289,36.002987,36.017883,36.019897,35.999725,35.983475,35.961216,35.928844,35.897808,35.879967,35.883617,35.932644,35.99682,36.02652,36.032593,36.013783,35.980877,35.9456,35.916035,35.90754,35.92876,35.95995,35.97664,35.92799,35.832127,35.77228,35.77066,35.774982,35.779373,35.780437,35.78177,35.781235,35.77437,35.76134,35.74287,35.727337,35.70921,35.69795,35.69698,35.716183,35.76213,35.817554,35.856346,35.888966,35.90693,35.893917,35.849674,35.811543,35.7986,35.80865,35.84576,35.91198,36.004612,36.102062,36.168114,36.117702,35.96769,35.88368,35.88037,35.88549,35.94138,35.994583,36.004257,35.945633,35.885956,35.81748,35.745457,35.672623,35.595024,35.498127,35.42021,35.3736,35.351433,35.340965,35.326427,35.310337,35.306717,35.318077,35.33666,35.351665,35.359894,35.386192,35.44337,35.489555,35.518906,35.54186,35.559402,35.548786,35.512024,35.490513,35.457966,35.39997,35.340645,35.29393,35.226948,35.129025,35.014526,34.930958,34.894665,34.895317,34.967224,35.038578,35.124508,35.21986,35.318962,35.399857,35.467182,35.518917,35.54816,35.574223,35.56881,35.558918,35.57553,35.57202,35.55672,35.47936,35.29902,35.11963,35.085697,35.226776,35.500404,35.764103,35.93828,36.019833,35.985012,35.93306,35.87548,35.812767,35.74179,35.687187,35.565235,35.46881,35.351543,35.265934,35.148415,35.042824,34.926884,34.8458,34.779263,34.718708,34.689896,34.6698,34.66361,34.678524,34.673656,34.65335,34.653538,34.74125,34.93327,35.1652,35.34981,35.336796,35.255596,35.12458,34.96162,34.86626,34.868935,34.86225,34.85421,34.923172,35.01471,35.00455,34.877193,34.77948,34.76585,34.776436,34.808384,34.842155,34.885,34.912777,34.923775,34.90758,34.851505,34.754948,34.662975,34.599094,34.584274,34.560673,34.412918,34.175117,34.08776,34.21943,34.37427,34.27549,33.895573,33.822613,33.837963,33.82062,33.813877,33.810757,33.81317,33.800594,33.785355,33.9096,34.03368,34.01668,,,,,,,,,,,,,,,,,,,,,,,,,,,,,,,,,31.478281,31.326324,31.084898,31.168438,31.424818,31.71843,31.947674,32.068592,32.092854,32.06502,32.05248,32.062447,,,,,31.972548,31.975433,31.999413,32.05708,32.134174,32.297604,32.472702,32.595345,32.68497,32.737522,32.752453,32.810028,32.972424,33.12786,33.208828,33.378838,33.453316,33.417747,33.346024,33.155144,33.028614,33.088192,33.162685,33.180107,33.147266,33.120018,33.10237,33.05646,33.074142,33.089043,33.130882,33.174538,33.235657,33.28264,33.344982,33.38254,33.40933,33.43768,33.447716,33.451878,33.425983,33.33366,33.184025,33.07468,33.02164,32.98422,32.932117,32.86342,32.79822,32.777996,32.79922,32.884163,32.98745,33.039448,32.963097,32.80031,32.666897,32.603767,32.575333,32.590614,32.646164,32.733738,32.69851,32.51955,32.54752,32.584705,32.568142,32.538486,32.511288,32.483135,32.457798,32.372097,32.276947,32.2221,32.2215,32.253452,32.29504,32.284466,32.24294,32.215874,32.205044,32.21682,32.25918,32.313534,32.35494,32.382668,32.41464,32.452293,32.479786,32.481926,32.462734,32.448856,32.470222,32.498604,32.488556,32.443462,32.398533,32.381817,32.39431,32.41217,32.43311,32.448032,32.45924,32.470917,32.487267,32.509125,32.54247,32.59324,32.658615,32.72422,32.765625,32.76956,32.74289,32.734043,32.75099,32.771137,32.79026,32.80124,32.82476,32.91131,32.969326,32.935585,32.981388,33.039463,32.994465,32.93795,32.92608
9.583336,,,,,,,,,,,,,,,,,,,,,,,,,,,,,,,,,,,,,,,35.86085,35.821854,35.686737,35.624016,35.64336,35.685856,35.697124,35.712997,35.707752,35.699703,35.701138,35.683178,35.66981,35.67414,35.69577,35.714634,35.73879,35.74862,35.75186,35.760876,35.768726,35.77965,35.78816,35.796078,35.80215,35.80722,35.810646,35.81383,35.816963,35.819176,35.820866,35.820843,35.820038,35.817287,35.811825,35.801914,35.792515,35.77224,35.75646,35.742203,35.72316,35.70214,35.673717,35.65544,35.62332,35.612377,35.619736,35.652077,35.692764,35.7117,35.70512,35.72201,35.79471,35.855915,35.858692,35.850567,35.868164,35.87221,35.802433,35.720432,35.692707,35.698025,35.70218,35.702065,35.69287,35.671516,35.640587,35.60492,35.571163,35.54168,35.51675,35.489952,35.46031,35.439175,35.42357,35.414078,35.411854,35.422302,35.435192,35.447556,35.454388,35.459244,35.46545,35.475964,35.486607,35.501297,35.533665,35.574806,35.627235,35.69163,35.747322,35.786575,35.799576,35.79923,35.790188,35.803425,35.837746,35.876938,35.930866,35.979336,36.007168,35.991474,35.914852,35.821857,35.810856,35.863525,35.949123,36.056934,36.11101,36.07374,36.01698,36.021534,36.046837,36.033558,35.988323,35.96169,35.959217,35.95959,35.944862,35.93411,35.94236,35.97839,36.022022,36.03652,36.030884,35.997013,35.95151,35.906754,35.87309,35.86417,35.888626,35.91857,35.9367,35.907475,35.831215,35.769802,35.761093,35.76575,35.775608,35.781162,35.777733,35.776867,35.76708,35.757664,35.74769,35.738136,35.72866,35.72754,35.731567,35.74651,35.771606,35.799232,35.801414,35.800083,35.783882,35.702232,35.591473,35.530693,35.527897,35.56932,35.652187,35.773502,35.916946,36.060802,36.132435,36.09597,35.919518,35.855076,35.821342,35.778015,35.810917,35.854908,35.844193,35.76698,35.70885,35.64497,35.581863,35.530018,35.486233,35.429314,35.375607,35.339886,35.32339,35.31365,35.308823,35.310856,35.325302,35.353737,35.384632,35.39941,35.40486,35.41958,35.46743,35.51907,35.557316,35.572777,35.574158,35.569584,35.506264,35.46736,35.387108,35.291714,35.18974,35.09181,34.984722,34.911415,34.889053,34.90366,34.932064,34.99272,35.11062,35.234486,35.3361,35.43437,35.496616,35.532734,35.536316,35.53129,35.526985,35.55138,35.58127,35.584103,35.593536,35.61819,35.607014,35.53423,35.36272,35.14663,35.061146,35.123444,35.347622,35.65146,35.896378,36.017254,35.98186,35.923145,35.855877,35.740993,35.601547,35.478127,35.33385,35.219826,35.109196,35.016712,34.948944,34.92556,34.87106,34.81335,34.744614,34.679306,34.642193,34.621532,34.61778,34.645245,34.665813,34.662834,34.648033,34.696453,34.855328,35.06342,35.277596,35.363136,35.359673,35.258766,35.059563,34.89476,34.87146,34.868767,34.871235,34.92565,35.016727,35.033993,34.947006,34.849945,34.81003,34.810734,34.82306,34.844555,34.874954,34.898487,34.906574,34.887085,34.835403,34.752316,34.67411,34.61441,34.580784,34.573627,34.502983,34.341255,34.21523,34.30043,34.44344,34.327473,33.91751,33.836666,33.87503,33.85286,33.842567,33.81371,33.799328,33.827137,33.75639,33.80002,33.97669,34.00066,,,,,,,,,,,,,,,,,,,,,,,,,,,,,,,,,31.420134,31.18901,31.018242,31.09615,31.387342,31.687222,31.899742,31.985846,32.048645,32.090153,32.08018,32.07954,32.079464,32.13783,,,,,31.94901,31.9756,32.03414,32.14786,32.354523,32.501675,32.645676,32.713387,32.764786,32.87728,33.047096,33.164062,33.212765,33.39238,33.452927,33.406418,33.3338,33.16359,33.03433,33.07256,33.157703,33.20449,33.179222,33.148853,33.130623,33.08952,33.10452,33.129585,33.181656,33.242188,33.328247,33.413254,33.49394,33.548588,33.573616,33.59062,33.580986,33.555073,33.497032,33.361507,33.17282,33.031395,32.98488,32.977837,32.934296,32.84873,32.781902,32.77486,32.805412,32.88231,32.961494,32.972855,32.862003,32.71083,32.595203,32.529106,32.489685,32.4887,32.501427,32.532764,32.50731,32.49879,32.49466,32.50998,32.50842,32.498005,32.483757,32.47636,32.43529,32.344524,32.25917,32.211403,32.220333,32.245525,32.285053,32.271637,32.222668,32.19886,32.199318,32.212166,32.254013,32.315685,32.367077,32.39823,32.42556,32.452934,32.468437,32.461235,32.441967,32.44383,32.480507,32.50535,32.485607,32.43864,32.39586,32.39279,32.41547,32.43391,32.44973,32.464687,32.48322,32.499496,32.524723,32.556892,32.598553,32.65023,32.703957,32.755882,32.802113,32.819435,32.791626,32.757603,32.7669,32.785812,32.799538,32.81248,32.84715,32.944393,33.008064,32.97174,32.99688,33.04366,33.006306,32.948643,32.93325
9.5,,,,,,,,,,,,,,,,,,,,,,,,,,,,,,,,,,,,,,,35.863285,35.80283,35.660614,35.622643,35.662663,35.697445,35.711285,35.72517,35.708065,35.701126,35.693954,35.67669,35.66928,35.67967,35.701004,35.715298,35.730545,35.732018,35.73266,35.739574,35.745483,35.75421,35.761856,35.76671,35.771465,35.77282,35.772728,35.771553,35.771988,35.771553,35.773376,35.775604,35.781124,35.79016,35.79998,35.809536,35.816113,35.81578,35.807426,35.796753,35.76893,35.742783,35.721725,35.697624,35.656223,35.638496,35.621796,35.625076,35.641567,35.680336,35.700493,35.70672,35.747288,35.82393,35.867195,35.862034,35.841564,35.822136,35.77425,35.71328,35.69563,35.709446,35.717686,35.715282,35.69401,35.65325,35.607292,35.572197,35.549744,35.53155,35.507748,35.474094,35.438885,35.415405,35.400375,35.401424,35.410664,35.43534,35.46256,35.486416,35.50023,35.508373,35.51701,35.52568,35.525642,35.519783,35.530685,35.543293,35.57238,35.623913,35.694584,35.77064,35.822002,35.837208,35.81693,35.79452,35.78724,35.788113,35.805893,35.84193,35.89654,35.95359,35.95674,35.89178,35.844337,35.86047,35.915104,36.01271,36.09277,36.090496,36.059807,36.059444,36.06743,36.041492,35.991516,35.935574,35.915646,35.93741,35.95109,35.960655,35.968033,35.991184,36.003723,35.99167,35.959866,35.90819,35.862667,35.829403,35.811485,35.816925,35.848602,35.88065,35.894505,35.87026,35.826073,35.78791,35.775272,35.78514,35.802574,35.806496,35.798405,35.792683,35.779385,35.769497,35.76323,35.755833,35.746952,35.743305,35.74094,35.739277,35.739933,35.7314,35.68267,35.617256,35.521965,35.379776,35.269527,35.248985,35.297897,35.38831,35.51624,35.66876,35.837303,35.998905,36.093235,36.024986,35.843864,35.787743,35.737892,35.675564,35.66792,35.66808,35.63184,35.57611,35.53704,35.48898,35.44328,35.415703,35.389572,35.356674,35.30878,35.30519,35.30901,35.32087,35.337006,35.353737,35.382977,35.430832,35.469105,35.481743,35.48642,35.46824,35.494232,35.54822,35.590683,35.551315,35.450886,35.404633,35.281208,35.197273,35.08811,35.009766,34.943985,34.87995,34.869957,34.8846,34.93986,35.019787,35.101547,35.202095,35.337822,35.45344,35.531765,35.574375,35.562733,35.51332,35.456448,35.41438,35.408566,35.43207,35.495895,35.548786,35.576004,35.60151,35.61612,35.563705,35.408237,35.19083,35.085884,35.08098,35.20831,35.546417,35.848747,35.97701,35.981873,35.890007,35.754726,35.566643,35.434372,35.356163,35.253605,35.13376,35.03037,34.94497,34.881077,34.82878,34.761173,34.70431,34.64949,34.608128,34.59171,34.57717,34.58057,34.612194,34.65554,34.672005,34.661434,34.682236,34.79164,34.96507,35.16646,35.30989,35.37931,35.353428,35.192352,34.965836,34.866196,34.8746,34.8898,34.93035,35.014534,35.06349,35.024326,34.939228,34.877792,34.85986,34.843666,34.838646,34.8472,34.860188,34.86294,34.844494,34.80211,34.741924,34.687103,34.637836,34.59294,34.5868,34.588333,34.532314,34.426113,34.432163,34.541973,34.446175,34.06342,33.8895,33.955105,33.945293,33.893692,33.830505,33.792416,33.80223,33.76066,33.754063,33.919327,33.986862,33.96949,,,,,,,,,,,,,,,,,,,,,,,,,,,,,,,31.788134,31.4506,31.131485,30.982866,31.021326,31.269173,31.572887,31.742725,31.82394,,32.06695,32.057495,32.129078,32.27947,32.52545,,,,,,31.934162,31.919022,31.990507,32.18603,32.338997,32.563194,32.746506,32.868557,33.00568,33.14847,33.21518,33.2407,33.4251,33.449345,33.395073,33.323833,33.18071,33.05065,33.071415,33.142044,33.20184,33.18373,33.160854,33.156494,33.12897,33.12844,33.151054,33.210876,33.260406,33.366882,33.475468,33.56844,33.625874,33.646038,33.638294,33.608482,33.576786,33.53614,33.436882,33.258263,33.07307,32.98931,32.95723,32.905247,32.83101,32.791454,32.7761,32.794056,32.85875,32.922714,32.90455,32.783146,32.64355,32.54932,32.49275,32.461384,32.45697,32.458576,32.469566,32.469925,32.46816,32.455696,32.453884,32.46164,32.471714,32.475548,32.456974,32.408905,32.33746,32.250282,32.209293,32.218796,32.239246,32.274284,32.264835,32.208187,32.178474,32.185005,32.20604,32.252296,32.31987,32.380608,32.41205,32.427956,32.44069,32.442238,32.4254,32.424206,32.453827,32.497593,32.508335,32.48605,32.45125,32.416534,32.422935,32.45558,32.47729,32.49515,32.517212,32.550266,32.57464,32.603355,32.628456,32.64772,32.663456,32.681244,32.717205,32.77737,32.831306,32.834385,32.789524,32.777107,32.797127,32.807995,32.81687,32.852806,32.95611,33.042496,33.018173,33.004177,33.05005,33.037315,32.983734,32.949863
9.416672,,,,,,,,,,,,,,,,,,,,,,,,,,,,,,,,,,,,,,,35.847763,35.762028,35.633965,35.63193,35.67868,35.707787,35.72636,35.730606,35.70513,35.69941,35.68641,35.672,35.67035,35.68346,35.700493,35.70922,35.715088,35.711735,35.71126,35.71513,35.71829,35.722523,35.726154,35.726543,35.72782,35.725185,35.720497,35.714878,35.709835,35.703835,35.70073,35.698776,35.69922,35.70527,35.71535,35.73059,35.75086,35.771805,35.79459,35.81519,35.815407,35.79944,35.76984,35.731426,35.699963,35.684002,35.656696,35.641216,35.632187,35.648766,35.672577,35.68857,35.70555,35.757133,35.829792,35.86128,35.829643,35.779423,35.7497,35.71364,35.7022,35.719437,35.72928,35.71778,35.680202,35.62616,35.581184,35.55924,35.55035,35.53482,35.503696,35.457405,35.414402,35.39334,35.387306,35.403145,35.429317,35.4659,35.50594,35.537407,35.557423,35.569977,35.58345,35.59567,35.59344,35.580143,35.588596,35.58246,35.584606,35.595898,35.63939,35.72441,35.80848,35.847874,35.82835,35.799248,35.781517,35.774837,35.772217,35.781822,35.811596,35.862408,35.931828,35.955757,35.930046,35.906773,35.890705,35.930904,36.029263,36.090233,36.091106,36.075726,36.056553,36.031715,36.003544,35.938774,35.87459,35.881157,35.903465,35.923462,35.925068,35.92966,35.915733,35.876728,35.81872,35.76838,35.74845,35.740227,35.742386,35.75893,35.79085,35.820267,35.835712,35.827187,35.81196,35.802723,35.796898,35.80111,35.810394,35.807503,35.793003,35.77502,35.751484,35.729485,35.71527,35.703712,35.69089,35.6814,35.671444,35.655357,35.632877,35.578514,35.46364,35.341396,35.224144,35.129192,35.095665,35.13346,35.20185,35.29493,35.404636,35.53532,35.695908,35.873585,36.01001,35.95423,35.79519,35.72602,35.674328,35.61411,35.59502,35.585323,35.561867,35.527447,35.48812,35.456055,35.42452,35.40561,35.38366,35.36094,35.328873,35.34084,35.3544,35.37617,35.40195,35.431664,35.4556,35.49413,35.52928,35.540386,35.549824,35.524586,35.537933,35.56977,35.506588,35.357433,35.166256,35.05702,34.976376,34.921993,34.88001,34.87257,34.90005,34.90801,34.964832,35.027927,35.1234,35.228477,35.338352,35.44348,35.53599,35.58795,35.60043,35.56447,35.500805,35.414448,35.36384,35.337666,35.344097,35.358177,35.427254,35.499466,35.54952,35.5692,35.575382,35.537468,35.399998,35.267452,35.133213,35.06394,35.15039,35.489635,35.748505,35.900894,35.907513,35.786552,35.616726,35.45007,35.394497,35.393513,35.294376,35.113823,34.940277,34.809105,34.729507,34.673058,34.633617,34.59842,34.572815,34.559875,34.564644,34.556816,34.566654,34.599434,34.6471,34.681934,34.685,34.68984,34.761795,34.895206,35.059597,35.225986,35.341656,35.373924,35.30595,35.107086,34.90983,34.886894,34.905907,34.937557,35.00859,35.06934,35.07686,35.024303,34.95974,34.92531,34.894,34.861206,34.842762,34.83697,34.82599,34.80414,34.773518,34.73156,34.69486,34.65924,34.61599,34.595272,34.62723,34.671562,34.645546,34.610832,34.671787,34.588642,34.23352,33.99119,34.037296,34.03802,33.921696,33.836834,33.80293,33.77023,33.775158,33.713097,33.869587,33.980602,33.99507,,,,,,,,,,,,,,,,,,,,,,,,,,,,,,,31.674248,31.520666,31.328178,31.150867,31.042944,31.200842,31.481998,31.560532,31.651718,31.679977,31.906624,31.90725,32.109257,32.4175,32.77138,,,,,,,31.893864,31.928116,32.087948,32.257496,32.422096,32.69039,32.952194,33.14354,33.239983,33.25704,33.289017,33.4609,33.441345,33.384964,33.319626,33.207268,33.089417,33.08419,33.125774,33.190773,33.194378,33.17937,33.18968,33.172443,33.16226,33.17371,33.206696,33.24182,33.339252,33.45302,33.548683,33.586422,33.611942,33.603428,33.575825,33.581745,33.584164,33.52607,33.33342,33.13168,33.03008,32.963074,32.892246,32.8371,32.813835,32.778606,32.783386,32.846813,32.890987,32.842777,32.719822,32.60593,32.54131,32.51297,32.4902,32.467846,32.466904,32.47008,32.45087,32.444958,32.443882,32.45173,32.457645,32.457867,32.45118,32.4327,32.39705,32.327393,32.244667,32.20948,32.21575,32.22949,32.25272,32.24824,32.195198,32.15654,32.166348,32.198,32.250614,32.321857,32.3866,32.414257,32.416164,32.412163,32.3994,32.394703,32.42694,32.476265,32.512882,32.514923,32.496414,32.474945,32.456886,32.477238,32.520203,32.550392,32.57992,32.614475,32.65512,32.682224,32.6985,32.692833,32.669827,32.64262,32.630543,32.6519,32.714813,32.804302,32.85297,32.82928,32.791096,32.802654,32.81391,32.817207,32.844498,32.939434,33.053722,33.068123,33.04093,33.055256,33.062885,33.023876,32.974686
9.333336,,,,,,,,,,,,,,,,,,,,,,,,,,,,,,,,,,,,,35.86632,35.823853,35.82171,35.709324,35.618217,35.649147,35.69174,35.722065,35.739716,35.72877,35.703377,35.696934,35.6801,35.66872,35.671276,35.683304,35.695053,35.697598,35.69716,35.69097,35.68979,35.69089,35.691563,35.692677,35.693596,35.691933,35.691624,35.6885,35.683414,35.678577,35.67319,35.668247,35.66543,35.66288,35.661095,35.66156,35.662563,35.666668,35.676483,35.68876,35.710373,35.74447,35.776443,35.805454,35.80934,35.784378,35.74899,35.729176,35.706802,35.68215,35.657192,35.645683,35.650692,35.66195,35.67339,35.697742,35.762318,35.834152,35.82031,35.748222,35.721397,35.712933,35.7079,35.723877,35.73342,35.715534,35.670383,35.61524,35.573715,35.559673,35.553783,35.5321,35.491123,35.43248,35.388157,35.37439,35.384052,35.41626,35.46186,35.50986,35.560356,35.597485,35.625256,35.648224,35.670666,35.68981,35.683926,35.649868,35.662716,35.651848,35.644527,35.63161,35.62792,35.68737,35.77933,35.835087,35.815205,35.79402,35.786312,35.784943,35.786903,35.796925,35.802586,35.80786,35.854546,35.92576,35.978844,35.985703,35.920418,35.872837,35.93055,36.027092,36.066193,36.046917,36.01485,35.9973,36.0076,35.973557,35.876907,35.83614,35.841824,35.84341,35.83778,35.824512,35.806305,35.767162,35.71613,35.684433,35.683064,35.67982,35.68286,35.697598,35.72286,35.747025,35.76766,35.78527,35.795757,35.79935,35.800777,35.80098,35.794167,35.780178,35.75467,35.72052,35.67831,35.63525,35.59712,35.567795,35.544106,35.527393,35.514637,35.492416,35.44691,35.34892,35.212063,35.123314,35.076813,35.05704,35.06152,35.10631,35.141434,35.190388,35.24373,35.331657,35.471954,35.664024,35.84772,35.902325,35.815548,35.744183,35.71624,35.663548,35.65645,35.65843,35.64615,35.61022,35.550076,35.51918,35.486317,35.460247,35.436615,35.410587,35.39401,35.395264,35.399567,35.406986,35.4234,35.45105,35.470722,35.49219,35.52097,35.532417,35.544426,35.493145,35.443485,35.369164,35.214207,35.06076,34.94996,34.867096,34.878803,34.898205,34.9045,34.92675,34.998245,35.06476,35.146114,35.21998,35.330536,35.45255,35.53442,35.590023,35.621014,35.622177,35.56246,35.475388,35.416927,35.35316,35.341778,35.33786,35.343365,35.367085,35.42923,35.488064,35.546597,35.567875,35.535534,35.46897,35.347168,35.274994,35.141644,35.06188,35.219418,35.509415,35.695663,35.764492,35.719463,35.618645,35.50749,35.41823,35.413395,35.371586,35.166393,34.958916,34.79046,34.6728,34.616882,34.591846,34.569923,34.55185,34.54561,34.552563,34.553997,34.54983,34.56756,34.59005,34.629147,34.679848,34.708942,34.717686,34.751328,34.841263,34.979504,35.14304,35.269615,35.344936,35.353573,35.26769,35.06187,34.916477,34.916824,34.94009,35.008175,35.069714,35.09093,35.068287,35.02315,34.992,34.964924,34.926006,34.892365,34.867393,34.841766,34.8124,34.775925,34.734425,34.69133,34.66178,34.63713,34.610023,34.62303,34.711426,34.791897,34.790627,34.801533,34.6881,34.384228,34.13831,34.119778,34.110233,33.945797,33.845047,33.821674,33.781006,33.761314,33.675674,33.828224,33.97516,34.011585,,,,,,,,,,,,,,,,,,,,,,,,,,,,,,,,,,,,31.210835,,,31.51771,31.548763,31.740812,31.739925,31.998688,32.383053,32.80069,,,,,,,,,32.117676,32.235283,32.316372,32.533703,32.889946,33.17954,33.283535,33.27831,33.32646,33.48723,33.429226,33.368946,33.307648,33.232212,33.148613,33.125553,33.120193,33.161762,33.196526,33.201412,33.23087,33.225468,33.205986,33.192196,33.199047,33.23268,33.30195,33.385612,33.445366,33.486675,33.53293,33.55425,33.558113,33.6008,33.63045,33.54682,33.294758,33.127094,33.06672,32.991264,32.895718,32.831642,32.815998,32.77865,32.783405,32.837673,32.854652,32.796097,32.702248,32.628914,32.580235,32.57442,32.556095,32.500015,32.49793,32.488514,32.462307,32.46073,32.460423,32.458424,32.45208,32.44715,32.43422,32.42024,32.38171,32.3129,32.24603,32.213696,32.21233,32.22245,32.23246,32.2236,32.17528,32.140354,32.154858,32.187153,32.238884,32.30804,32.36714,32.38881,32.38361,32.37352,32.370815,32.406467,32.46062,32.49791,32.51627,32.529186,32.522648,32.5154,32.51718,32.553036,32.607048,32.650223,32.68907,32.73086,32.767395,32.790604,32.78837,32.749405,32.69077,32.634384,32.601093,32.602592,32.648537,32.742374,32.84203,32.85991,32.817966,32.807888,32.820404,32.8183,32.832302,32.902077,33.02995,33.09243,33.083164,33.075634,33.080696,33.0565,32.99759
9.25,,,,,,,,,,,,,,,,,,,,,,,,,,,,,,,,,,,,,35.861115,35.80759,35.77642,35.663754,35.62112,35.66748,35.704327,35.739834,35.74435,35.724236,35.701294,35.69079,35.674763,35.666607,35.67148,35.682518,35.68997,35.687916,35.683964,35.67796,35.676502,35.675537,35.67572,35.675148,35.6758,35.67357,35.673878,35.67231,35.66976,35.669426,35.669327,35.672012,35.671875,35.667854,35.665363,35.663055,35.659492,35.657917,35.66228,35.665794,35.668888,35.68345,35.708004,35.74161,35.777737,35.799934,35.79916,35.774883,35.750088,35.726276,35.697,35.66971,35.653656,35.64884,35.650986,35.66041,35.699432,35.773106,35.80377,35.738335,35.694187,35.69972,35.707767,35.72262,35.73203,35.713184,35.66638,35.613453,35.57448,35.56186,35.555042,35.53139,35.482296,35.41298,35.369354,35.362892,35.38363,35.429585,35.48863,35.54666,35.600544,35.64204,35.680622,35.719746,35.76175,35.802284,35.805202,35.74791,35.751385,35.71323,35.695488,35.686623,35.662815,35.68968,35.762993,35.824093,35.821136,35.80064,35.787037,35.78391,35.78693,35.805912,35.82266,35.821762,35.823322,35.856678,35.92552,35.994843,35.96418,35.866722,35.84755,35.93473,36.00788,35.991585,35.942753,35.91662,35.960773,35.991768,35.926716,35.845333,35.82727,35.810795,35.79534,35.771523,35.75435,35.728687,35.69351,35.67173,35.655834,35.63972,35.636467,35.649498,35.67141,35.690918,35.718906,35.752243,35.77229,35.778625,35.781116,35.780193,35.764107,35.74188,35.710003,35.666817,35.60717,35.541092,35.47075,35.411224,35.37059,35.347908,35.33162,35.30115,35.243317,35.157116,35.08503,35.064613,35.05546,35.051937,35.05425,35.07635,35.085445,35.089935,35.100548,35.1416,35.238407,35.38685,35.571095,35.749607,35.831264,35.808983,35.80048,35.758778,35.772915,35.76688,35.74012,35.67917,35.603138,35.539318,35.48311,35.44339,35.415195,35.38696,35.35936,35.355106,35.349743,35.360336,35.385185,35.419834,35.45007,35.465405,35.472878,35.482788,35.409744,35.271088,35.165504,35.075207,35.006634,34.960274,34.937473,34.90413,34.92943,34.957817,35.001446,35.057312,35.139214,35.228466,35.294434,35.41153,35.520954,35.596096,35.615494,35.6241,35.618214,35.592293,35.49566,35.412235,35.36007,35.315304,35.313496,35.32116,35.339592,35.38595,35.456833,35.531918,35.577866,35.58822,35.52168,35.400978,35.325596,35.23922,35.127586,35.088963,35.28698,35.53655,35.64636,35.620064,35.60143,35.548058,35.45956,35.395996,35.341537,35.217434,35.00751,34.851757,34.7344,34.637318,34.593147,34.577385,34.56299,34.556458,34.55088,34.55744,34.555702,34.553505,34.56422,34.56167,34.579636,34.636086,34.692944,34.733562,34.773228,34.834305,34.9246,35.03623,35.14079,35.23297,35.290718,35.31448,35.23366,35.026978,34.92396,34.934113,34.989197,35.07319,35.1144,35.102356,35.067173,35.044,35.028866,35.00279,34.97316,34.943024,34.91462,34.8781,34.818085,34.757557,34.683872,34.64693,34.639023,34.62393,34.61523,34.676807,34.802277,34.883087,34.893837,34.782887,34.537346,34.30789,34.231663,34.167873,33.973854,33.857002,33.84551,33.818172,33.73927,33.66872,33.770767,33.944046,34.008617,34.027153,,,,,,,,,,,,,,,,,,,,,,,,,,,,31.62174,31.407812,31.313078,31.31975,31.315592,31.283068,31.268925,31.246405,31.62091,31.65986,31.611298,31.81331,31.924295,31.975733,32.207993,32.507732,32.85192,,,,,,,,,32.07167,32.12638,32.237675,32.35854,32.69087,33.059414,33.244457,33.280582,33.366886,33.503857,33.4115,33.347454,33.28775,33.24946,33.20837,33.173885,33.13735,33.131805,33.17573,33.216877,33.266773,33.29181,33.265305,33.242336,33.23717,33.260647,33.28659,33.323483,33.361317,33.405415,33.45996,33.524597,33.565742,33.638947,33.683964,33.54991,33.20965,33.092396,33.074203,33.01239,32.909164,32.83468,32.804394,32.779255,32.78213,32.825554,32.82937,32.78885,32.742855,32.709335,32.665565,32.664387,32.650314,32.57468,32.55637,32.53679,32.50403,32.498318,32.471565,32.44915,32.446465,32.44271,32.426903,32.40231,32.357967,32.308758,32.266743,32.238064,32.23256,32.23995,32.23485,32.2058,32.15679,32.134487,32.147705,32.170563,32.214436,32.274624,32.322853,32.342815,32.347374,32.360172,32.395985,32.457226,32.494007,32.50136,32.51705,32.55207,32.563133,32.573154,32.59471,32.64381,32.706944,32.76634,32.80938,32.8456,32.872116,32.890816,32.8796,32.824764,32.743656,32.662907,32.604843,32.58206,32.598976,32.671864,32.795467,32.868473,32.851368,32.816498,32.823746,32.82127,32.822285,32.865005,32.975338,33.076534,33.103035,33.100445,33.102406,33.081444,33.01662
9.166672,,,,,,,,,,,,,,,,,,,,,,,,,,,,,,,,,,,,,35.83852,35.78813,35.73548,35.631943,35.634773,35.67844,35.71857,35.74968,35.73907,35.71844,35.69727,35.68605,35.67287,35.66787,35.673546,35.68315,35.685986,35.67987,35.67662,35.672333,35.670605,35.66815,35.66833,35.667496,35.66775,35.666405,35.666782,35.666637,35.666332,35.6697,35.673676,35.68341,35.692406,35.693977,35.693615,35.688644,35.682587,35.674248,35.667747,35.662273,35.66667,35.666275,35.67659,35.695923,35.723427,35.75516,35.782227,35.794865,35.789677,35.763744,35.73614,35.705322,35.67796,35.658497,35.646336,35.64204,35.653214,35.7029,35.767433,35.747112,35.685646,35.681,35.700413,35.719707,35.72976,35.713524,35.669193,35.618473,35.58106,35.568783,35.561096,35.532074,35.469204,35.389576,35.34471,35.34425,35.374252,35.431652,35.495243,35.55419,35.604877,35.649708,35.694786,35.74531,35.81162,35.87502,35.8911,35.857407,35.84864,35.77732,35.742424,35.730885,35.705482,35.722637,35.7732,35.821716,35.844437,35.83213,35.793674,35.776928,35.777233,35.793736,35.82175,35.84278,35.847095,35.848778,35.87274,35.937344,35.969387,35.89032,35.83084,35.872627,35.948483,35.94331,35.867973,35.813248,35.859108,35.940292,35.95677,35.888603,35.852062,35.83002,35.810764,35.78033,35.749508,35.728386,35.692142,35.667118,35.64145,35.62083,35.616955,35.629906,35.64959,35.666107,35.69181,35.72104,35.73859,35.743073,35.744816,35.742348,35.724094,35.70594,35.679626,35.638485,35.57373,35.49408,35.3985,35.309933,35.247997,35.218094,35.19811,35.168354,35.131733,35.1017,35.084354,35.074554,35.064083,35.06777,35.073498,35.083412,35.07902,35.06775,35.063896,35.059566,35.085255,35.144196,35.24984,35.431545,35.647476,35.739693,35.777626,35.780632,35.78854,35.769875,35.71821,35.63754,35.55158,35.458874,35.392975,35.348644,35.32455,35.30414,35.287807,35.288307,35.292896,35.32935,35.380413,35.432278,35.46392,35.468445,35.44388,35.346195,35.178234,35.086575,35.04184,35.019424,35.003147,34.992924,34.976566,34.967648,35.001934,35.059193,35.14136,35.224087,35.271786,35.34183,35.422836,35.55429,35.62343,35.632977,35.62745,35.631344,35.61547,35.548878,35.43589,35.369545,35.324223,35.297985,35.285698,35.29272,35.328613,35.401062,35.465096,35.514256,35.58016,35.572605,35.457386,35.34297,35.318264,35.208664,35.117332,35.1534,35.403175,35.607178,35.625027,35.627247,35.618744,35.547096,35.42695,35.32523,35.211967,35.04033,34.863724,34.756924,34.687183,34.628754,34.601124,34.590897,34.588097,34.596268,34.595867,34.595898,34.594177,34.59341,34.58414,34.554558,34.532505,34.55461,34.602997,34.65076,34.730663,34.801884,34.88837,34.97789,35.05678,35.14226,35.215115,35.27242,35.276714,35.177345,35.00302,34.932484,34.959682,35.035843,35.11665,35.148243,35.125473,35.098503,35.083897,35.068527,35.048058,35.02155,35.003746,34.97451,34.903374,34.81825,34.706783,34.64501,34.627083,34.625378,34.63354,34.654457,34.731926,34.8393,34.911335,34.866558,34.683456,34.484726,34.36955,34.233574,33.993847,33.854504,33.842194,33.841034,33.784866,33.706882,33.772404,33.921696,33.989727,34.010517,,,,,,,,,,,,,,,,,,,,,,,,,32.069466,31.783707,31.61336,31.55786,31.342627,31.27434,31.282555,31.31721,31.277422,31.287123,31.290466,31.81124,,,,,,,,,,,,,,,,,,32.03294,32.151924,32.26463,32.529613,32.90956,33.162468,33.278175,33.413628,33.506874,33.400204,33.34211,33.281376,33.26394,33.249733,33.226044,33.188286,33.14913,33.16566,33.210346,33.276638,33.335453,33.332935,33.331284,33.318104,33.328476,33.32409,33.33393,33.351368,33.376137,33.434814,33.52838,33.598763,33.686565,33.730637,33.578327,33.23007,33.12005,33.083786,33.00484,32.925434,32.847008,32.80216,32.77939,32.7804,32.815346,32.821342,32.81488,32.8062,32.788162,32.754093,32.756886,32.737427,32.665154,32.620636,32.588978,32.545395,32.519783,32.457355,32.44628,32.45112,32.43858,32.415257,32.392376,32.357338,32.32455,32.306908,32.28992,32.291782,32.293686,32.265068,32.209793,32.156063,32.1356,32.14146,32.162483,32.198063,32.24461,32.285355,32.315247,32.34937,32.397854,32.456516,32.494587,32.494884,32.49495,32.53411,32.586655,32.618286,32.647106,32.681324,32.73508,32.80835,32.87969,32.9242,32.950306,32.9656,32.978584,32.966415,32.91146,32.819885,32.71777,32.634666,32.58399,32.574944,32.613262,32.720894,32.839767,32.872974,32.83655,32.828735,32.830357,32.818096,32.84248,32.918457,33.02745,33.09226,33.11283,33.130077,33.1183,33.05765
9.083336,,,,,,,,,,,,,,,,,,,,,,,,,,,,,,,,,,,,35.82938,35.812954,35.751034,35.68938,35.61707,35.64607,35.689316,35.736534,35.747482,35.733517,35.717396,35.69791,35.685898,35.674557,35.669903,35.67557,35.67999,35.68101,35.676178,35.67779,35.676468,35.67475,35.671837,35.67195,35.670433,35.670353,35.670345,35.670506,35.67216,35.67392,35.678642,35.682144,35.689827,35.70154,35.711277,35.717007,35.718407,35.714455,35.70606,35.687893,35.6692,35.665974,35.661915,35.662193,35.675167,35.696392,35.716667,35.736824,35.762688,35.77819,35.788624,35.773083,35.738808,35.708843,35.67847,35.655094,35.64015,35.632973,35.653217,35.713505,35.747833,35.69801,35.66871,35.68756,35.713337,35.728645,35.717102,35.6796,35.630474,35.59449,35.581467,35.571693,35.53367,35.452805,35.363724,35.325893,35.32738,35.366337,35.434185,35.497902,35.5501,35.5962,35.6426,35.691605,35.748177,35.836308,35.90853,35.922592,35.90956,35.900375,35.83832,35.79803,35.775158,35.74843,35.763386,35.805305,35.83786,35.866165,35.869385,35.817616,35.77816,35.775715,35.789803,35.81229,35.841434,35.859737,35.86259,35.86444,35.88975,35.95059,35.937973,35.87907,35.86346,35.89696,35.899837,35.82315,35.73307,35.751705,35.83289,35.91389,35.89993,35.859676,35.83766,35.8208,35.795643,35.759308,35.735134,35.70541,35.67322,35.649475,35.62971,35.622955,35.63188,35.646378,35.660206,35.67298,35.690083,35.701427,35.70501,35.707016,35.704105,35.690105,35.679386,35.662697,35.63202,35.580276,35.50334,35.401493,35.29782,35.222546,35.185627,35.16724,35.14414,35.1282,35.118256,35.103474,35.094917,35.090157,35.103016,35.13567,35.150482,35.135365,35.12157,35.10712,35.075497,35.047215,35.046318,35.063953,35.132305,35.285164,35.44911,35.57009,35.61775,35.630188,35.622757,35.596165,35.546154,35.470993,35.387142,35.330997,35.297752,35.285004,35.278316,35.26781,35.26729,35.277702,35.320774,35.368507,35.423073,35.464603,35.48558,35.42982,35.238716,35.125664,35.092728,35.04999,35.013065,34.993786,34.99898,35.007763,35.0242,35.075085,35.177795,35.273975,35.35369,35.39703,35.51992,35.590385,35.612545,35.610172,35.61806,35.635307,35.65037,35.604736,35.520565,35.429607,35.385735,35.341824,35.309574,35.26948,35.27572,35.317085,35.3856,35.395252,35.39619,35.494724,35.470276,35.372677,35.313923,35.275696,35.161102,35.123203,35.2842,35.542404,35.647335,35.657967,35.651535,35.61529,35.51295,35.359417,35.189392,35.031193,34.86656,34.74581,34.686268,34.663826,34.651657,34.645565,34.64494,34.64257,34.656498,34.666237,34.661564,34.649876,34.63959,34.624718,34.589134,34.53492,34.516964,34.518017,34.5151,34.5768,34.64174,34.724537,34.820724,34.919796,35.002396,35.08505,35.171417,35.262863,35.258358,35.151154,35.006565,34.95675,34.99191,35.059395,35.13727,35.16538,35.1563,35.140892,35.12199,35.10563,35.08398,35.068527,35.050602,35.003155,34.917812,34.785225,34.67254,34.624203,34.61551,34.64297,34.667137,34.694042,34.754547,34.85198,34.897015,34.80159,34.631874,34.508263,34.32683,34.044094,33.878155,33.82691,33.828304,33.84854,33.8102,33.829014,33.9038,33.938263,33.93453,33.90616,,,,,,,,,,,,,,,,,,,,,,32.11846,31.940445,31.981096,31.783361,31.602482,31.51441,31.400463,31.34233,31.585388,31.705906,31.518932,31.590973,31.795563,31.8446,32.460697,32.69643,32.753887,32.81537,32.884617,32.92847,,,,,,,,,,,,32.02172,32.11972,32.268726,32.517696,32.838837,33.07851,33.223965,33.418808,33.507412,33.4238,33.381027,33.320095,33.300526,33.29418,33.286255,33.2568,33.21455,33.210983,33.226162,33.272137,33.339348,33.36751,33.412575,33.4072,33.42127,33.406414,33.40991,33.40963,33.419304,33.47137,33.566597,33.654884,33.729153,33.76705,33.574512,33.254128,33.17805,33.108772,32.993958,32.92758,32.859997,32.80497,32.777946,32.78273,32.812817,32.832638,32.844414,32.83728,32.817917,32.79715,32.79507,32.764378,32.703186,32.646523,32.58875,32.5251,32.49296,32.439857,32.44649,32.446465,32.43761,32.433388,32.412792,32.385708,32.36406,32.356857,32.35951,32.36927,32.37058,32.326817,32.25647,32.190075,32.15846,32.162308,32.182003,32.209225,32.24498,32.28989,32.339737,32.398514,32.453873,32.486164,32.48663,32.474785,32.495033,32.558636,32.628025,32.685802,32.73525,32.77353,32.828373,32.909393,32.98317,33.02484,33.041275,33.04355,33.041153,33.019787,32.967068,32.878773,32.771145,32.673504,32.60302,32.570644,32.577232,32.646305,32.774414,32.868282,32.86203,32.84371,32.842697,32.82886,32.831875,32.877598,32.971752,33.059326,33.113686,33.161835,33.186672,33.156734
9.0,,,,,,,,,,,,,,,,,,,,,,,,,,,,,,,,,,,35.84235,35.81654,35.775517,35.71024,35.653362,35.622147,35.666122,35.713593,35.7498,35.746887,35.735012,35.7193,35.69698,35.68418,35.673576,35.669334,35.67458,35.679256,35.686054,35.689728,35.699364,35.703484,35.704113,35.703365,35.70533,35.703495,35.704113,35.704376,35.70501,35.706924,35.708973,35.711975,35.713425,35.71554,35.720592,35.72746,35.73206,35.73601,35.72996,35.72232,35.697826,35.677372,35.659008,35.664192,35.659496,35.66077,35.67428,35.69497,35.70785,35.721672,35.738605,35.761116,35.781982,35.77322,35.73432,35.70163,35.67086,35.647133,35.629505,35.628975,35.664673,35.72362,35.714283,35.66676,35.672634,35.701443,35.724945,35.72185,35.69446,35.6492,35.614227,35.59942,35.58469,35.53484,35.433285,35.340096,35.308117,35.30396,35.346546,35.41998,35.48007,35.519447,35.55886,35.601982,35.65626,35.722248,35.82463,35.925045,35.95358,35.94712,35.935837,35.893284,35.854057,35.827953,35.800068,35.807503,35.846123,35.87476,35.901787,35.90314,35.84624,35.794537,35.78404,35.79619,35.812103,35.833458,35.851234,35.862724,35.865894,35.871323,35.91703,35.96529,35.930416,35.87029,35.856472,35.85519,35.803074,35.70447,35.67236,35.72223,35.82892,35.875313,35.855045,35.83523,35.82406,35.80679,35.78598,35.760006,35.73771,35.70328,35.67675,35.65503,35.64452,35.650696,35.661976,35.672295,35.680058,35.690063,35.698605,35.70115,35.706978,35.703354,35.683258,35.669033,35.65616,35.637386,35.609905,35.554672,35.47291,35.368668,35.27888,35.229576,35.207806,35.18252,35.162224,35.14951,35.13301,35.125618,35.136726,35.171406,35.212,35.224148,35.220562,35.213314,35.184837,35.140167,35.09413,35.067814,35.061302,35.05741,35.079403,35.15386,35.295204,35.389244,35.432774,35.459023,35.487476,35.479492,35.4222,35.349102,35.293045,35.264767,35.254536,35.242462,35.21054,35.19244,35.190113,35.21996,35.254337,35.324596,35.402626,35.4713,35.426952,35.305187,35.16265,35.07036,35.028145,35.0109,35.001415,35.021442,35.045372,35.075737,35.166595,35.28696,35.382114,35.49253,35.612114,35.699787,35.663757,35.595905,35.584133,35.600986,35.63858,35.65764,35.607674,35.54307,35.471043,35.418587,35.369152,35.3236,35.268238,35.24483,35.28766,35.33667,35.31361,35.300137,35.391953,35.382717,35.323055,35.286217,35.21392,35.147587,35.22745,35.447628,35.574356,35.564728,35.568913,35.54021,35.51431,35.43854,35.25816,35.045525,34.889557,34.78443,34.72539,34.70132,34.69755,34.70623,34.72612,34.736385,34.72972,34.731148,34.73226,34.72232,34.692974,34.653343,34.629612,34.612633,34.564472,34.526093,34.48925,34.44719,34.460747,34.479977,34.52217,34.573086,34.6591,34.70225,34.75302,34.858162,34.961636,35.06009,35.189934,35.161568,35.08219,35.002945,35.01865,35.057415,35.11026,35.145393,35.16415,35.1538,35.137493,35.11896,35.100006,35.07735,35.05812,35.006897,34.893135,34.73713,34.650955,34.613342,34.63531,34.672466,34.70129,34.730843,34.797028,34.88675,34.864235,34.718605,34.588276,34.397186,34.10503,33.937317,33.858753,33.800316,33.828373,33.86591,33.87183,33.84616,33.850067,33.81682,33.78357,,,,,,,,,,,,,,,,,,,,,32.37096,32.211063,32.15008,32.248413,32.285305,32.221596,32.28187,32.260815,32.241955,32.52772,32.703964,32.582348,32.692368,32.896282,32.49934,33.592194,33.247074,33.014275,33.011574,33.08113,33.145412,,,,,,,,,,,,,32.129448,32.259434,32.434315,32.79987,33.041008,33.194973,33.43015,33.532017,33.482376,33.46506,33.421253,33.4015,33.399803,33.383934,33.358753,33.332508,33.32995,33.333534,33.336723,33.350494,33.372227,33.45798,33.481976,33.516453,33.504993,33.503986,33.501217,33.51719,33.56433,33.64041,33.711445,33.77043,33.81072,33.555733,33.240116,33.21533,33.13567,33.0115,32.9415,32.86842,32.804554,32.77751,32.786373,32.81913,32.84977,32.85353,32.820175,32.793068,32.778084,32.765114,32.719826,32.65382,32.587955,32.522533,32.448906,32.41745,32.39404,32.40453,32.41623,32.44546,32.46667,32.454887,32.438118,32.422276,32.41716,32.430367,32.44166,32.44887,32.414284,32.34905,32.27824,32.237587,32.234615,32.250317,32.2734,32.310654,32.361126,32.412724,32.45691,32.480362,32.47391,32.459946,32.460747,32.500145,32.579437,32.675083,32.765217,32.829826,32.871002,32.93119,33.01119,33.078197,33.11254,33.123154,33.110943,33.080856,33.036995,32.98113,32.906464,32.81481,32.71824,32.6366,32.584545,32.565674,32.598118,32.69665,32.82815,32.874577,32.86277,32.857273,32.84693,32.835796,32.85431,32.922977,33.012302,33.088154,33.162014,33.22973,33.25815
8.916672,,,,,,,,,,,,,,,,,,,,,,,,,,,,,,,,,,35.862076,35.83399,35.790527,35.748264,35.68782,35.648254,35.643494,35.69524,35.731434,35.75217,35.740643,35.72882,35.71043,35.689274,35.680367,35.67282,35.67253,35.681454,35.691036,35.706337,35.718616,35.73596,35.74635,35.75303,35.75778,35.76315,35.762764,35.763905,35.763065,35.760918,35.75888,35.75654,35.75404,35.752182,35.748165,35.746193,35.74165,35.737934,35.73602,35.71954,35.711693,35.68827,35.66762,35.651726,35.65583,35.656536,35.6548,35.661373,35.672855,35.68042,35.687202,35.70023,35.718468,35.74599,35.778187,35.76401,35.72497,35.688835,35.65763,35.63422,35.619583,35.63062,35.68507,35.716892,35.67551,35.658535,35.685627,35.715553,35.72609,35.71023,35.673683,35.639385,35.621407,35.594597,35.524845,35.405354,35.320297,35.287666,35.274605,35.319527,35.39518,35.45106,35.478443,35.501736,35.531628,35.579792,35.650112,35.75271,35.87836,35.962402,35.9761,35.97357,35.95045,35.915455,35.893337,35.8661,35.862164,35.889046,35.914894,35.93159,35.90917,35.84515,35.80727,35.799984,35.809357,35.8198,35.83367,35.848637,35.85687,35.867252,35.874973,35.89589,35.95645,35.95483,35.88015,35.83511,35.812588,35.773643,35.68267,35.611526,35.618114,35.716633,35.81337,35.839195,35.83965,35.838253,35.827038,35.815678,35.800213,35.782074,35.756718,35.73537,35.714867,35.701363,35.701706,35.71168,35.717804,35.722656,35.732048,35.74467,35.751213,35.752064,35.7381,35.70588,35.67528,35.65789,35.646034,35.63795,35.60534,35.555267,35.46736,35.36579,35.29353,35.262474,35.233562,35.203186,35.18854,35.17775,35.17792,35.196934,35.227356,35.26063,35.28282,35.291946,35.29657,35.268204,35.22653,35.177547,35.143322,35.13957,35.140137,35.14216,35.15015,35.219707,35.318855,35.354042,35.384457,35.41467,35.405586,35.34878,35.277668,35.219093,35.191963,35.179684,35.15606,35.10789,35.064133,35.031548,35.049603,35.081417,35.15556,35.253155,35.377678,35.42344,35.332737,35.130417,35.058357,35.044384,35.0585,35.079937,35.115692,35.156937,35.182858,35.307034,35.3935,35.49843,35.656586,35.754047,35.73284,35.63203,35.555065,35.546547,35.59466,35.633247,35.65511,35.645573,35.58497,35.49882,35.43425,35.386242,35.335148,35.266716,35.23536,35.253544,35.286476,35.28725,35.28197,35.303402,35.302906,35.244972,35.224457,35.181942,35.256325,35.42485,35.53752,35.505806,35.444798,35.458107,35.411037,35.400925,35.32518,35.135567,34.93627,34.806652,34.75957,34.74371,34.73896,34.747196,34.76934,34.790775,34.79362,34.77409,34.76928,34.781124,34.774258,34.753086,34.708984,34.659725,34.622128,34.563507,34.50015,34.44648,34.39602,34.376534,34.38085,34.391964,34.38943,34.441017,34.44152,34.433968,34.524994,34.540718,34.643867,34.80219,34.936943,35.095844,35.109116,35.094273,35.0666,35.069614,35.090244,35.109295,35.107567,35.09574,35.08289,35.07623,35.064766,35.064693,35.06356,34.99138,34.845623,34.735775,34.659874,34.648193,34.663963,34.698654,34.739254,34.787727,34.872177,34.88321,34.76079,34.605167,34.409237,34.115536,33.94752,33.913967,33.826122,33.762413,33.78926,33.829094,33.77167,33.746258,33.68286,33.663933,33.63552,,,,,,,,,,,,,,,,,,,32.68402,32.489346,32.46285,32.63953,32.86731,32.954266,32.95834,32.988544,33.144077,33.31209,33.488842,33.701805,33.782444,33.87727,33.96499,33.738464,34.354137,33.707123,33.354115,33.10094,33.127575,33.19977,,,,,,,,,,,,,,32.275932,32.288513,32.64742,32.962482,33.195114,33.46299,33.55229,33.539448,33.54224,33.523838,33.51329,33.51507,33.497826,33.491356,33.485725,33.48455,33.47384,33.44714,33.426113,33.4302,33.50805,33.55257,33.60083,33.59786,33.596058,33.599136,33.63258,33.68096,33.727104,33.76396,33.8049,33.85317,33.576622,33.281036,33.25468,33.149178,33.047802,32.983326,32.883446,32.80737,32.777718,32.788025,32.8282,32.861702,32.851593,32.78508,32.732727,32.71217,32.67625,32.60679,32.539154,32.482697,32.412983,32.353924,32.32603,32.32348,32.3418,32.374516,32.42648,32.469307,32.49304,32.489822,32.47805,32.47834,32.489033,32.4975,32.507137,32.494556,32.459087,32.41082,32.37516,32.358723,32.36797,32.387943,32.4189,32.451897,32.472267,32.474575,32.463802,32.448006,32.441463,32.453148,32.50111,32.598434,32.725334,32.842106,32.917862,32.967712,33.030476,33.103737,33.165962,33.196606,33.204697,33.17784,33.118233,33.04825,32.983433,32.92004,32.8545,32.775826,32.68551,32.61476,32.575504,32.578365,32.639915,32.755676,32.857777,32.87754,32.875114,32.867363,32.852272,32.85136,32.886692,32.962776,33.04049,33.116104,33.189857,33.244743
8.833336,,,,,,,,,,,,,,,,,,,,,,,,,,,,,,,,,,35.867794,35.808353,35.773106,35.73337,35.68306,35.653614,35.66106,35.70942,35.733482,35.7434,35.72637,35.721287,35.702347,35.689606,35.684692,35.680176,35.684223,35.69552,35.707115,35.72863,35.746925,35.769203,35.78439,35.794853,35.800854,35.80385,35.803284,35.800938,35.79563,35.78705,35.77858,35.76875,35.759186,35.75138,35.7422,35.732502,35.723137,35.71258,35.703167,35.687828,35.67637,35.664318,35.646088,35.64413,35.64164,35.647438,35.649868,35.64697,35.64936,35.654465,35.658203,35.66413,35.676174,35.70257,35.74696,35.77853,35.752323,35.708374,35.672493,35.641354,35.61584,35.612125,35.650856,35.702442,35.687515,35.65094,35.66763,35.701317,35.722515,35.717365,35.691936,35.661335,35.641174,35.600822,35.501316,35.374588,35.31053,35.27019,35.248005,35.296146,35.377502,35.430546,35.45151,35.458023,35.47115,35.50357,35.564423,35.6585,35.77947,35.901833,35.962776,35.978725,35.985477,35.968067,35.953705,35.93397,35.92464,35.92745,35.9324,35.91629,35.875755,35.8288,35.81782,35.819603,35.829937,35.840286,35.85328,35.86711,35.871464,35.87478,35.88296,35.89172,35.93406,35.95654,35.889328,35.82245,35.780083,35.738937,35.653908,35.56421,35.52974,35.58577,35.681072,35.746037,35.790474,35.824043,35.83534,35.8333,35.831768,35.822624,35.806404,35.791763,35.782276,35.775055,35.775253,35.778824,35.78383,35.787407,35.79437,35.80417,35.806004,35.788345,35.758327,35.720425,35.682858,35.659943,35.6483,35.64381,35.62681,35.60221,35.54411,35.454502,35.360424,35.30408,35.279102,35.251003,35.225037,35.218662,35.225204,35.241997,35.262665,35.29148,35.325172,35.35101,35.36976,35.353565,35.320793,35.273487,35.239414,35.229553,35.243893,35.275883,35.306824,35.343357,35.388474,35.39818,35.398365,35.396843,35.368645,35.31566,35.24754,35.193592,35.167145,35.142853,35.106617,35.043583,34.97942,34.925552,34.915974,34.928833,34.984978,35.07955,35.222725,35.324615,35.227894,35.107273,35.067368,35.082047,35.114704,35.18745,35.261913,35.311928,35.351734,35.445442,35.528374,35.672638,35.759907,35.752094,35.67189,35.60028,35.551113,35.55457,35.60117,35.639515,35.65931,35.657753,35.61993,35.53903,35.46117,35.412853,35.335716,35.25668,35.222343,35.216663,35.238976,35.252827,35.247154,35.212585,35.20984,35.176266,35.201344,35.299488,35.46815,35.550167,35.505436,35.415813,35.37846,35.37076,35.310646,35.296745,35.208,35.0278,34.859554,34.763874,34.761795,34.7749,34.78049,34.79174,34.796017,34.808064,34.815697,34.8117,34.809128,34.813885,34.81429,34.811943,34.786255,34.71304,34.639927,34.53883,34.448536,34.382454,34.330276,34.31794,34.319138,34.316624,34.30465,34.322422,34.316082,34.28766,34.337708,34.334713,34.348637,34.40274,34.504906,34.688152,34.89907,35.020657,35.104527,35.126026,35.122986,35.12472,35.12777,35.122795,35.117043,35.109066,35.096256,35.060497,35.059788,35.051525,34.96897,34.877693,34.754406,34.704975,34.675606,34.686493,34.72273,34.777725,34.856556,34.892097,34.788082,34.61604,34.405758,34.096405,33.89277,33.883564,33.84293,33.758556,33.70119,33.726788,33.70139,33.681465,33.599422,33.574245,33.498505,33.475887,,,,,,,,,,,,,,,,,,32.815235,32.701847,32.869167,33.135227,33.32149,33.2103,33.22632,33.445644,33.778217,33.965576,34.072826,34.240807,34.373867,34.43822,34.486206,34.42524,34.4721,34.051716,33.948193,33.437496,33.291042,33.272102,,,,,,,,,,,,,,32.38846,32.25482,32.4976,32.879883,33.136765,33.455685,33.574398,33.58239,33.580467,33.57487,33.564217,33.56242,33.548016,33.564262,33.59018,33.609894,33.612885,33.597324,33.58279,33.58487,33.619717,33.6585,33.69289,33.688637,33.691418,33.701283,33.73686,33.768818,33.792953,33.807575,33.83666,33.876568,33.61149,33.338875,33.299744,33.180557,33.083527,33.02601,32.907726,32.816303,32.778572,32.79424,32.841564,32.87026,32.847652,32.765182,32.68724,32.64505,32.587433,32.520847,32.432472,32.383568,32.330242,32.30228,32.29068,32.307186,32.335785,32.37549,32.410957,32.454163,32.49275,32.506306,32.507603,32.521088,32.5307,32.53264,32.53775,32.535652,32.52529,32.507427,32.48909,32.47316,32.472687,32.480835,32.487675,32.48534,32.46983,32.447952,32.434277,32.42756,32.427277,32.4392,32.493023,32.606113,32.754627,32.889385,32.979527,33.042713,33.105602,33.176884,33.248222,33.283485,33.28477,33.236797,33.15549,33.068756,32.994457,32.937294,32.888824,32.837482,32.760056,32.67016,32.60396,32.584232,32.61518,32.690876,32.80024,32.87054,32.88823,32.88739,32.87504,32.865425,32.874302,32.926067,32.994423,33.062332,33.12319,33.174164
8.75,,,,,,,,,,,,,,,,,,,,,,,,,,,,,,,,,35.912872,35.854805,35.78777,35.756554,35.7215,35.679745,35.656822,35.678375,35.72418,35.734203,35.739532,35.72415,35.719757,35.70222,35.69323,35.687214,35.6863,35.694565,35.70908,35.72592,35.75104,35.773014,35.793526,35.806873,35.81025,35.81071,35.80551,35.795364,35.78425,35.77229,35.7562,35.74249,35.7265,35.713207,35.7016,35.691277,35.680088,35.672077,35.662148,35.653706,35.64787,35.637814,35.63554,35.628216,35.63144,35.633095,35.631275,35.632435,35.622086,35.6143,35.61903,35.624252,35.628254,35.64149,35.665424,35.709866,35.770786,35.773575,35.730232,35.688457,35.64767,35.61749,35.60529,35.62448,35.677795,35.692245,35.65255,35.65053,35.684128,35.713367,35.718674,35.702686,35.677914,35.65332,35.593052,35.461212,35.348083,35.301594,35.24552,35.21651,35.264637,35.35396,35.410664,35.429436,35.430035,35.435417,35.4496,35.476673,35.55441,35.66335,35.789673,35.89298,35.937325,35.963966,35.967464,35.963478,35.949886,35.939465,35.919857,35.8979,35.86616,35.836365,35.825867,35.837006,35.84379,35.855347,35.868347,35.88398,35.89424,35.889244,35.882217,35.883636,35.89009,35.917233,35.944324,35.881245,35.80328,35.750782,35.704582,35.62857,35.52986,35.46327,35.466934,35.522125,35.579556,35.640484,35.712303,35.76851,35.79727,35.813046,35.81491,35.809483,35.797714,35.798298,35.80309,35.811993,35.815426,35.818016,35.817608,35.817657,35.81624,35.796494,35.75338,35.709763,35.677696,35.649014,35.623833,35.617794,35.620647,35.624237,35.617416,35.58537,35.524338,35.435238,35.346207,35.30062,35.28128,35.25777,35.248814,35.258324,35.27544,35.299126,35.336258,35.37372,35.40834,35.438717,35.43262,35.40501,35.36304,35.333256,35.3244,35.345276,35.39197,35.436146,35.476475,35.492977,35.478672,35.452076,35.42494,35.380367,35.321636,35.25941,35.213875,35.177647,35.137367,35.08295,35.006317,34.938053,34.88684,34.86201,34.859898,34.90819,34.995594,35.116512,35.166214,35.09709,35.05631,35.051376,35.080074,35.134575,35.249077,35.35419,35.413395,35.48557,35.577766,35.734943,35.805508,35.7743,35.70538,35.661896,35.633827,35.605133,35.59736,35.615948,35.648895,35.667557,35.680695,35.680447,35.627594,35.540237,35.490547,35.406754,35.297474,35.232227,35.215828,35.22457,35.22504,35.211624,35.17798,35.199093,35.241756,35.372623,35.536057,35.62527,35.566597,35.45943,35.38637,35.349785,35.305603,35.26678,35.22065,35.12135,34.96062,34.817528,34.760685,34.784367,34.808556,34.80933,34.80698,34.79568,34.808834,34.829147,34.846394,34.84483,34.83623,34.84254,34.849052,34.83958,34.768597,34.667,34.54713,34.451855,34.39685,34.36218,34.356056,34.356544,34.35794,34.33882,34.331013,34.304134,34.26621,34.269215,34.25372,34.21649,34.225914,34.263206,34.314686,34.465084,34.646416,34.834198,34.953915,35.006775,35.003815,35.018795,35.00745,35.024773,35.047886,35.064026,35.13216,35.147915,35.159275,35.1173,35.029297,34.86703,34.805588,34.735493,34.70411,34.702835,34.74171,34.82197,34.896503,34.841705,34.67747,34.469734,34.15474,33.895916,33.856167,33.798313,33.734764,33.663128,33.64808,33.60267,33.595394,33.565598,33.514362,33.45127,33.448624,,,,,,,,,,,,,,,,,,32.90639,32.925446,33.17323,33.501785,33.65578,33.498,33.67411,34.026917,34.28396,34.34379,34.393993,34.461308,34.53431,34.54653,34.548096,34.534485,34.49738,34.38864,34.4029,34.01417,33.545254,33.334457,,,,,,,,,,,,,,,32.337852,32.41019,32.807705,33.12807,33.41342,33.53027,33.56547,33.592766,33.590355,33.567154,33.534832,33.503952,33.51679,33.564526,33.62213,33.672764,33.7148,33.731884,33.74498,33.759518,33.779873,33.789524,33.778656,33.77507,33.790993,33.806786,33.81899,33.828945,33.8349,33.868362,33.88365,33.6094,33.371033,33.345745,33.23826,33.132835,33.062275,32.93523,32.83486,32.78886,32.806217,32.859173,32.88143,32.840794,32.74026,32.64097,32.576668,32.501537,32.447044,32.36951,32.341663,32.32397,32.325623,32.340195,32.375244,32.408623,32.436806,32.4364,32.454044,32.48109,32.496063,32.51241,32.531475,32.53794,32.53724,32.53849,32.537403,32.533653,32.529835,32.52299,32.512505,32.50383,32.497276,32.483128,32.45982,32.43656,32.424057,32.418015,32.41359,32.40704,32.414772,32.465557,32.576508,32.73315,32.88572,33.009583,33.0931,33.159134,33.233257,33.30771,33.342384,33.340565,33.2834,33.197792,33.116592,33.045418,32.977,32.919495,32.874435,32.819534,32.741108,32.656826,32.609123,32.611923,32.65465,32.733414,32.82852,32.88164,32.898884,32.89454,32.88197,32.881207,32.90934,32.96312,33.02458,33.07856,33.134136
8.666672,,,,,,,,,,,,,,,,,,,,,,,,,,,,,,,,,35.906685,35.833897,35.764786,35.737755,35.713383,35.681248,35.675,35.710484,35.735794,35.73717,35.73626,35.715397,35.70899,35.69101,35.687195,35.68846,35.699326,35.71668,35.739124,35.76116,35.782238,35.796783,35.804348,35.804646,35.79676,35.784218,35.7691,35.751476,35.733284,35.7159,35.698048,35.682545,35.666756,35.655167,35.644806,35.637127,35.62905,35.62521,35.617966,35.617615,35.614605,35.610897,35.611065,35.60853,35.61457,35.611374,35.608055,35.600147,35.587723,35.575363,35.580387,35.59219,35.607838,35.624172,35.647015,35.681335,35.74478,35.779057,35.753345,35.7047,35.657864,35.62484,35.60477,35.60708,35.651974,35.686268,35.657585,35.636505,35.664856,35.698654,35.71207,35.704044,35.68202,35.644688,35.55194,35.41087,35.33283,35.28999,35.220524,35.18765,35.235588,35.323795,35.391254,35.41643,35.421272,35.43333,35.42703,35.415836,35.4496,35.53117,35.647774,35.775715,35.8601,35.907417,35.923668,35.92355,35.912643,35.89912,35.88061,35.85426,35.834988,35.825356,35.838757,35.857727,35.869106,35.880356,35.89092,35.90336,35.9076,35.895313,35.880295,35.876427,35.885437,35.90546,35.925625,35.87665,35.785667,35.72059,35.66668,35.592377,35.499485,35.418137,35.39014,35.404144,35.426197,35.458134,35.519005,35.599617,35.66897,35.71997,35.748726,35.757603,35.75644,35.76338,35.77534,35.78457,35.789352,35.788284,35.77682,35.760838,35.746063,35.708584,35.651436,35.599777,35.57046,35.54752,35.52128,35.52187,35.537636,35.57198,35.59915,35.595592,35.558933,35.49377,35.41062,35.321583,35.28353,35.27947,35.281605,35.29952,35.318184,35.34746,35.396793,35.432888,35.467495,35.49968,35.49643,35.4692,35.436466,35.410706,35.400585,35.41923,35.471836,35.525112,35.569103,35.56832,35.52582,35.472263,35.424313,35.36584,35.31776,35.278053,35.238796,35.195522,35.14886,35.08992,35.022015,34.95118,34.902782,34.880627,34.88593,34.944412,35.030087,35.12248,35.094788,35.04334,35.033783,35.04966,35.08287,35.116104,35.22768,35.366684,35.482246,35.600056,35.741745,35.833797,35.821606,35.762287,35.73418,35.71715,35.686344,35.652637,35.640606,35.642853,35.650036,35.660183,35.673862,35.69883,35.69528,35.66056,35.61326,35.565605,35.463245,35.374,35.341904,35.3385,35.32764,35.31101,35.309444,35.376415,35.481247,35.633396,35.712162,35.706467,35.57006,35.45559,35.401367,35.35436,35.300205,35.25036,35.167007,35.073196,34.929485,34.812084,34.79359,34.82268,34.83085,34.809055,34.802456,34.796413,34.82445,34.85222,34.87024,34.870846,34.85681,34.856472,34.865265,34.86175,34.82792,34.732506,34.63381,34.547745,34.5053,34.48711,34.48694,34.50781,34.500965,34.47726,34.417587,34.36093,34.30621,34.261578,34.23049,34.19759,34.158714,34.163982,34.17481,34.218796,34.29123,34.420025,34.549088,34.65199,34.682415,34.706837,34.674316,34.676052,34.663578,34.70982,34.742363,34.875885,34.952858,35.155598,35.163315,35.11756,34.961372,34.85248,34.763153,34.717133,34.71975,34.764423,34.86606,34.88516,34.756104,34.556293,34.271614,34.00004,33.930782,33.83042,33.664005,33.596462,33.572224,33.53578,33.5066,33.494614,33.471542,33.439133,33.4145,33.352787,,,,,,,,,,,,,,,,,32.975994,33.06339,33.38279,33.663597,33.826588,33.886063,34.10588,34.28771,34.359745,34.37008,34.430252,34.489746,34.539623,34.54036,34.519516,34.479225,34.42344,34.460712,34.46797,34.066406,33.558796,33.369118,,,,,,,,,,,,,,,,32.375126,32.548214,33.01986,33.40244,33.516884,33.582962,33.628826,33.625587,33.588017,33.513138,33.445488,33.422157,33.44411,33.498734,33.60247,33.724365,33.790222,33.82857,33.858883,33.867577,33.853497,33.820683,33.806194,33.811092,33.808205,33.822926,33.838573,33.85598,33.90139,33.882973,33.56396,33.405376,33.38137,33.283756,33.17846,33.085228,32.94959,32.85324,32.80874,32.824486,32.877632,32.89371,32.831154,32.709053,32.59082,32.50721,32.4295,32.39483,32.362015,32.370308,32.371403,32.39506,32.445007,32.488457,32.510773,32.504284,32.477776,32.494995,32.511616,32.522568,32.533535,32.54003,32.538933,32.533886,32.52786,32.52164,32.51642,32.51294,32.505585,32.49193,32.47605,32.462395,32.447155,32.432404,32.4218,32.418465,32.41672,32.408493,32.395508,32.393784,32.428165,32.52458,32.67842,32.859188,33.034435,33.14888,33.2097,33.27523,33.333412,33.361835,33.35832,33.32139,33.259304,33.203728,33.13643,33.055405,32.978027,32.91877,32.8655,32.79861,32.72116,32.653152,32.628895,32.643738,32.690697,32.77313,32.843895,32.889454,32.904484,32.894802,32.89046,32.905933,32.94353,32.998764,33.054073,33.124184
8.583336,,,,,,,,,,,,,,,,,,,,,,,,,,,,,,,,,35.89127,35.806084,35.745964,35.730213,35.7151,35.695305,35.70516,35.72743,35.73309,35.72575,35.714386,35.694725,35.691628,35.688404,35.69767,35.716106,35.73821,35.76013,35.780346,35.792515,35.797314,35.79482,35.784966,35.77176,35.754105,35.733727,35.71471,35.694702,35.67692,35.65892,35.643456,35.629055,35.616875,35.60653,35.597454,35.590004,35.583805,35.580235,35.575623,35.575527,35.571514,35.5728,35.570316,35.573524,35.574883,35.57292,35.57045,35.56121,35.55107,35.547943,35.561085,35.58194,35.608864,35.629234,35.651344,35.67429,35.72223,35.772694,35.770313,35.72232,35.67066,35.62933,35.602127,35.59594,35.629204,35.672832,35.659157,35.626537,35.63925,35.66916,35.683807,35.6802,35.658993,35.60058,35.481712,35.369576,35.319695,35.27426,35.20045,35.158123,35.212124,35.285843,35.36305,35.400352,35.41963,35.445232,35.437378,35.40075,35.402115,35.43309,35.50159,35.62217,35.748352,35.84089,35.879692,35.8843,35.874847,35.859795,35.850376,35.83307,35.831944,35.833805,35.854706,35.873695,35.88688,35.893795,35.897816,35.903126,35.89968,35.88667,35.869278,35.861492,35.87043,35.887146,35.89871,35.870228,35.779884,35.69981,35.631584,35.548878,35.462456,35.386024,35.351627,35.34399,35.330498,35.32894,35.345192,35.39304,35.46401,35.538662,35.60257,35.651165,35.67461,35.687763,35.70361,35.712807,35.71375,35.705826,35.687637,35.660774,35.64099,35.60149,35.549896,35.501225,35.472973,35.441616,35.419277,35.414993,35.42345,35.465763,35.52279,35.564648,35.56827,35.52747,35.471897,35.391426,35.31755,35.30357,35.319065,35.338924,35.37006,35.40608,35.45858,35.49828,35.53095,35.560543,35.557137,35.52604,35.4972,35.46477,35.44092,35.443237,35.49131,35.55608,35.605633,35.58705,35.522972,35.46499,35.427082,35.373528,35.348263,35.32673,35.29133,35.238945,35.17855,35.1182,35.0528,34.978207,34.93888,34.923645,34.951946,35.02614,35.10235,35.158348,35.10288,35.06466,35.060986,35.078957,35.119324,35.152847,35.21664,35.366207,35.53936,35.713486,35.835636,35.822052,35.824398,35.82772,35.820183,35.799892,35.757965,35.724403,35.70793,35.682823,35.670376,35.668724,35.656258,35.678154,35.68936,35.70891,35.700592,35.69349,35.656372,35.598186,35.56077,35.532177,35.506756,35.49552,35.52365,35.619232,35.709553,35.778557,35.79194,35.740093,35.56705,35.458076,35.40022,35.348408,35.297813,35.226456,35.121956,35.02275,34.903698,34.838264,34.845554,34.8389,34.820995,34.804264,34.80589,34.826363,34.86786,34.89463,34.91273,34.91703,34.88786,34.86932,34.878265,34.86628,34.848736,34.80495,34.76427,34.71191,34.672215,34.64715,34.66471,34.681118,34.637005,34.564785,34.483585,34.351254,34.307182,34.286385,34.25418,34.25351,34.247936,34.23239,34.205406,34.221455,34.26988,34.328926,34.392395,34.414906,34.42669,34.372047,34.344044,34.263645,34.264805,34.2158,34.284206,34.284786,34.483055,34.560493,34.885025,34.957775,35.086136,35.040794,34.899117,34.75888,34.756363,34.736614,34.7931,34.87847,34.836113,34.636898,34.385612,34.149353,34.091465,34.07377,33.848595,33.61695,33.534878,33.4703,33.447586,33.43041,33.42139,33.416447,33.41571,33.36998,33.30671,,,,,,,,,,,,,,,,33.060978,33.234974,33.526535,33.692226,33.818756,33.96271,34.109253,34.17406,34.215473,34.240482,34.319557,34.409355,34.50866,34.534782,34.47484,34.377827,34.33052,34.38112,34.45571,33.932396,33.541817,33.443054,,,,,,,,,,,,,,,,32.400433,32.406235,32.594917,33.15227,33.485176,33.574688,33.634537,33.672005,33.646034,33.565456,33.47405,33.40827,33.369675,33.372547,33.430614,33.610977,33.755226,33.855083,33.909657,33.87815,33.819122,33.7539,33.737843,33.732708,33.745155,33.79048,33.83899,33.88336,33.922916,33.811005,33.519802,33.44357,33.417152,33.31257,33.207275,33.09727,32.95873,32.869377,32.835438,32.853664,32.90135,32.906757,32.83624,32.704426,32.569252,32.46978,32.39979,32.381866,32.385868,32.41562,32.424,32.479877,32.56068,32.597027,32.596798,32.584225,32.5944,32.622765,32.632587,32.63955,32.634113,32.63109,32.620777,32.60155,32.577442,32.55064,32.526333,32.50886,32.493637,32.47888,32.461422,32.44591,32.43566,32.429928,32.427685,32.43143,32.433258,32.423817,32.404816,32.39411,32.42293,32.517372,32.68362,32.900486,33.097805,33.214584,33.262085,33.302128,33.33329,33.360096,33.36521,33.345776,33.318626,33.2827,33.228645,33.152954,33.071144,33.000126,32.93794,32.865303,32.789906,32.71609,32.668972,32.66042,32.67757,32.73075,32.800507,32.85527,32.89417,32.902554,32.8999,32.909164,32.93284,32.98336,33.04885,33.13814
8.5,,,,,,,,,,,,,,,,,,,,,,,,,,,,,,,,35.858307,35.844784,35.775997,35.740726,35.73495,35.720066,35.707836,35.715687,35.719017,35.713562,35.702953,35.69572,35.69051,35.704647,35.717514,35.74054,35.76244,35.780426,35.78821,35.790535,35.78532,35.772987,35.758232,35.73952,35.720207,35.700016,35.679653,35.659733,35.64041,35.62272,35.60473,35.587246,35.571156,35.557453,35.54432,35.534122,35.524742,35.519253,35.515503,35.51445,35.515766,35.51591,35.51959,35.521114,35.528126,35.533035,35.536636,35.53773,35.536808,35.53561,35.545643,35.571487,35.603596,35.640438,35.66409,35.67536,35.686142,35.721348,35.769062,35.780388,35.741783,35.685352,35.632286,35.597107,35.587673,35.61047,35.65608,35.655014,35.618446,35.611687,35.6326,35.645565,35.64059,35.610577,35.53166,35.419273,35.350246,35.3084,35.261383,35.181442,35.131275,35.184826,35.247543,35.32836,35.374615,35.408348,35.44929,35.45319,35.419357,35.401485,35.395416,35.40365,35.461853,35.579533,35.72405,35.81884,35.85016,35.848446,35.83063,35.82263,35.815746,35.82931,35.843365,35.865284,35.88016,35.892178,35.89206,35.888794,35.887997,35.884014,35.871994,35.853294,35.841534,35.844166,35.856133,35.862484,35.845882,35.78048,35.687748,35.601517,35.512493,35.430737,35.37056,35.337326,35.324574,35.299694,35.275814,35.26459,35.27243,35.30426,35.35423,35.40535,35.474483,35.53806,35.574825,35.594376,35.605194,35.60411,35.594685,35.578568,35.55798,35.54417,35.52145,35.4931,35.461327,35.43508,35.400967,35.3748,35.35565,35.34747,35.362446,35.413197,35.48238,35.538273,35.545826,35.51861,35.47429,35.40932,35.361595,35.35236,35.368137,35.414223,35.467274,35.519993,35.558857,35.597645,35.62535,35.62696,35.60424,35.579166,35.53896,35.497166,35.474255,35.492973,35.54906,35.60679,35.587917,35.50256,35.460094,35.454865,35.415115,35.398678,35.37865,35.328976,35.248035,35.166424,35.097652,35.03707,34.989685,34.975574,34.9925,35.03293,35.09721,35.13786,35.141903,35.076023,35.070778,35.077892,35.10726,35.174187,35.26162,35.32816,35.435265,35.627003,35.816994,35.881397,35.872086,35.919815,35.943733,35.94241,35.918003,35.88617,35.861095,35.835537,35.802757,35.77422,35.747925,35.696354,35.675617,35.660023,35.658894,35.664455,35.6852,35.701416,35.682766,35.656544,35.635746,35.633522,35.648,35.68797,35.763588,35.805046,35.83635,35.84501,35.75805,35.583107,35.45737,35.405964,35.348076,35.287643,35.199326,35.074318,34.970306,34.893158,34.87132,34.850906,34.809437,34.798042,34.807133,34.8278,34.84575,34.879,34.88657,34.894886,34.89561,34.896683,34.900284,34.895695,34.86263,34.831825,34.81755,34.824852,34.824005,34.79256,34.791622,34.810627,34.775845,34.67934,34.58449,34.469803,34.272907,34.2567,34.318916,34.282852,34.2237,34.21963,34.224407,34.26245,34.25227,34.204887,34.12433,34.070602,33.971867,33.915863,33.82468,33.82856,33.74613,33.824123,33.728832,33.87567,33.799168,33.98877,33.971382,34.217857,34.40394,34.614315,34.795372,34.871162,34.907505,34.828987,34.744076,34.74524,34.807037,34.87856,34.765163,34.55124,34.337254,34.23808,34.194057,34.036392,33.82497,33.656,33.53634,33.462906,33.44637,33.432102,33.426727,33.418034,33.375137,33.330894,33.28695,,,,,,,,,,,,,,,33.093502,33.283062,33.59162,33.73369,33.7777,33.86596,33.97108,34.025787,34.10801,34.15084,34.208885,34.320465,34.47072,34.48361,34.328304,34.23442,34.254467,34.330128,34.461292,33.958946,33.46585,,,,,,,,,,,,,,,,,,32.44927,32.40401,32.729443,33.25793,33.51933,33.626713,33.672752,33.68668,33.652454,33.577515,33.491302,33.4021,33.332916,33.31499,33.42475,33.658028,33.841286,33.8908,33.78374,33.688816,33.6213,33.610703,33.614902,33.662144,33.772125,33.858955,33.90861,33.90308,33.67831,33.494053,33.472576,33.439514,33.3291,33.226273,33.095684,32.966408,32.897694,32.875004,32.896923,32.930283,32.923798,32.856495,32.731163,32.588165,32.47616,32.40409,32.386707,32.402027,32.43065,32.50497,32.5848,32.680088,32.700985,32.708714,32.735584,32.796688,32.824,32.84776,32.857006,32.849472,32.848648,32.829613,32.789516,32.74738,32.68819,32.62765,32.574383,32.53022,32.495644,32.468365,32.452785,32.44733,32.4475,32.45474,32.464565,32.46749,32.459843,32.44304,32.43838,32.481426,32.595753,32.797653,33.03012,33.188618,33.259914,33.299538,33.318283,33.332073,33.359257,33.37175,33.363148,33.34833,33.324417,33.288242,33.23804,33.174915,33.109543,33.046867,32.97616,32.897316,32.811253,32.739883,32.70416,32.69595,32.710613,32.769054,32.821056,32.862915,32.894665,32.90598,32.916023,32.93264,32.97989,33.057785,33.162888
8.416672,,,,,,,,,,,,,,,,,,,,,,,,,,,,,,,35.944077,35.848454,35.803425,35.758606,35.743366,35.729523,35.71109,35.707535,35.704,35.69914,35.698803,35.7021,35.707367,35.724773,35.745377,35.760296,35.777424,35.780952,35.780743,35.771824,35.759014,35.74364,35.724983,35.70705,35.68691,35.66638,35.644863,35.621174,35.59636,35.571453,35.550255,35.527573,35.507885,35.49142,35.47897,35.47016,35.466045,35.464363,35.46743,35.470657,35.47759,35.483387,35.490334,35.497284,35.504925,35.51474,35.52314,35.528934,35.53198,35.53363,35.538727,35.561314,35.599834,35.641487,35.680744,35.70835,35.71086,35.7061,35.730732,35.771374,35.785805,35.75651,35.700718,35.639133,35.5996,35.58419,35.59884,35.63717,35.64515,35.61334,35.59139,35.599964,35.60959,35.598705,35.554764,35.469105,35.38234,35.337147,35.304787,35.256702,35.166096,35.118122,35.156494,35.20942,35.28975,35.33989,35.37878,35.43284,35.451057,35.43601,35.422405,35.416096,35.39814,35.384518,35.417683,35.531986,35.684254,35.781826,35.815975,35.807194,35.79144,35.79182,35.818504,35.839226,35.85856,35.876225,35.88856,35.886723,35.87994,35.872555,35.86397,35.851154,35.832764,35.817337,35.811886,35.8182,35.82719,35.815228,35.762894,35.677116,35.58706,35.503304,35.43171,35.37445,35.338036,35.322346,35.300896,35.275795,35.254,35.247353,35.254448,35.270416,35.29033,35.330544,35.388615,35.434563,35.469116,35.483906,35.484413,35.479485,35.474194,35.47489,35.480595,35.474327,35.464455,35.456726,35.44182,35.414448,35.38361,35.353855,35.329224,35.317074,35.32841,35.364944,35.44127,35.504345,35.52888,35.52075,35.487637,35.445305,35.408367,35.409203,35.44909,35.511234,35.56888,35.604313,35.635563,35.6735,35.689003,35.687363,35.66635,35.632504,35.58746,35.549202,35.539127,35.570484,35.62234,35.614086,35.51777,35.482887,35.49408,35.455982,35.446213,35.416634,35.337727,35.21564,35.119026,35.07205,35.04375,35.038822,35.046207,35.079838,35.111782,35.127674,35.109478,35.067505,35.043343,35.07171,35.0818,35.132942,35.212093,35.326527,35.421345,35.521217,35.717148,35.890125,35.936787,35.958984,36.005882,36.039597,36.042835,36.035164,36.02922,36.001915,35.994316,35.970825,35.93753,35.872086,35.80201,35.745506,35.687523,35.641113,35.631207,35.647686,35.673252,35.678852,35.68139,35.68172,35.700558,35.731445,35.78038,35.824764,35.86478,35.92069,35.938408,35.826855,35.648724,35.48757,35.420517,35.339497,35.260017,35.16928,35.03398,34.930847,34.892933,34.860096,34.79983,34.764465,34.779034,34.79118,34.776524,34.74192,34.747475,34.781685,34.78851,34.812798,34.856888,34.882084,34.882412,34.855644,34.82756,34.809883,34.805157,34.819084,34.834446,34.89659,34.891502,34.807457,34.664936,34.611313,34.41022,34.242977,34.236576,34.201977,34.159332,34.1076,34.149082,34.112137,34.059025,33.91083,33.72204,33.567806,33.4573,33.39838,33.374077,33.34626,33.355927,33.341446,33.39029,33.3801,33.46982,33.48347,33.57774,33.663063,33.73367,33.926056,34.050274,34.28842,34.425438,34.611706,34.635952,34.76681,34.74933,34.75524,34.834538,34.85137,34.76145,34.584606,34.410755,34.300346,34.177113,33.99534,33.809254,33.642193,33.529053,33.47138,33.463253,33.47086,33.4508,33.381435,33.35949,33.36616,33.266754,,,,,,,,,,,,,33.30654,33.273415,33.443855,33.6929,33.763893,33.786522,33.85401,33.934692,33.995193,34.06731,34.10524,34.1689,34.32697,34.447845,34.301594,34.105465,34.09648,34.189384,34.28078,34.42533,33.806507,33.28475,,,,,,,,,,,,,,,,,,,32.411373,32.477173,32.938507,33.367264,33.593273,33.670135,33.71831,33.715992,33.674355,33.610767,33.535088,33.396713,33.290905,33.30942,33.55975,33.804157,33.801086,33.647682,33.56801,33.531227,33.530197,33.541206,33.635784,33.788635,33.89031,33.908703,33.784565,33.57901,33.51496,33.516144,33.45138,33.3466,33.250538,33.103714,32.979572,32.93665,32.924854,32.94427,32.96125,32.9412,32.87768,32.766483,32.623093,32.50323,32.43075,32.411186,32.43606,32.49441,32.615414,32.696903,32.776855,32.800007,32.835846,32.917023,32.94764,32.980675,33.005386,33.01052,33.008385,33.008408,32.998154,32.973408,32.94127,32.89448,32.831783,32.761032,32.685883,32.619766,32.55909,32.521774,32.502506,32.49559,32.50185,32.51185,32.513687,32.504425,32.494846,32.51354,32.595444,32.760426,32.987415,33.173637,33.253872,33.285313,33.316364,33.329662,33.343834,33.36455,33.374268,33.36897,33.3535,33.33561,33.31319,33.28775,33.25227,33.20801,33.15936,33.10366,33.03785,32.949757,32.857674,32.790718,32.75028,32.731716,32.749393,32.80316,32.838642,32.87506,32.901913,32.917385,32.936916,32.982437,33.062542,33.1643
8.333336,,,,,,,,,,,,,,,,,,,,,,,,,,,,,,,35.908142,35.815216,35.7704,35.745445,35.729916,35.709286,35.697807,35.69599,35.690693,35.70193,35.721268,35.729515,35.749123,35.761253,35.772274,35.771812,35.76922,35.75644,35.741127,35.72342,35.70518,35.686745,35.665836,35.644314,35.619976,35.593388,35.563293,35.531906,35.500584,35.472664,35.45053,35.43344,35.423832,35.419907,35.422672,35.42882,35.43883,35.448334,35.46052,35.47303,35.48382,35.492226,35.500084,35.506504,35.51644,35.524384,35.529907,35.534424,35.534927,35.53607,35.55168,35.591564,35.642563,35.68902,35.72772,35.749466,35.74481,35.728935,35.746014,35.779495,35.788666,35.766293,35.713314,35.64779,35.601734,35.58197,35.587032,35.623055,35.63454,35.607063,35.576714,35.571423,35.574284,35.55571,35.504475,35.424747,35.3576,35.326992,35.3034,35.255318,35.14761,35.114815,35.134575,35.178288,35.246323,35.292805,35.325474,35.38624,35.418716,35.41607,35.416927,35.428955,35.426304,35.39532,35.366272,35.38122,35.481636,35.635456,35.743732,35.780125,35.76437,35.76317,35.782852,35.805847,35.823376,35.84794,35.868656,35.872673,35.867397,35.858475,35.844257,35.823895,35.801132,35.782795,35.769264,35.770283,35.78163,35.77547,35.735207,35.66351,35.589424,35.514935,35.445564,35.386143,35.348686,35.330475,35.310425,35.28962,35.27307,35.268402,35.273476,35.280434,35.292095,35.305897,35.321545,35.34769,35.376347,35.398907,35.41408,35.42641,35.43261,35.439964,35.456512,35.462086,35.462715,35.46445,35.45997,35.443672,35.42033,35.391163,35.356956,35.328392,35.31198,35.306084,35.3322,35.396103,35.46574,35.51111,35.51751,35.492485,35.464924,35.470425,35.496796,35.54794,35.603474,35.634087,35.658787,35.702328,35.72969,35.7418,35.724827,35.694782,35.658176,35.617435,35.589222,35.60547,35.65022,35.645203,35.552784,35.519203,35.53103,35.501812,35.49021,35.4421,35.338013,35.200863,35.116455,35.0842,35.091908,35.108955,35.119644,35.14226,35.144234,35.11354,35.054916,35.029976,35.045902,35.0736,35.09328,35.15796,35.240482,35.364285,35.46896,35.569344,35.768623,35.914196,35.971607,35.99193,35.996387,36.007877,36.002575,35.99465,35.99126,36.00077,36.03247,36.048866,36.029926,35.99854,35.9631,35.9106,35.82972,35.749462,35.70375,35.68733,35.691887,35.702755,35.716976,35.731415,35.75657,35.793438,35.847122,35.894604,35.95692,36.02362,36.034885,35.92838,35.74711,35.54548,35.439655,35.34591,35.26062,35.181473,35.049488,34.941692,34.901352,34.84258,34.776432,34.76709,34.770683,34.717957,34.64148,34.57081,34.570847,34.62306,34.66645,34.723206,34.79862,34.856102,34.861427,34.84875,34.83135,34.799683,34.78516,34.80581,34.87014,34.93456,34.90011,34.808258,34.687073,34.58548,34.395565,34.24549,34.14811,34.05203,34.06301,34.0459,33.998966,33.8845,33.670444,33.448933,33.313595,33.266045,33.234344,33.230495,33.234886,33.23936,33.24268,33.250286,33.242317,33.264137,33.257603,33.31078,33.309525,33.43965,33.449863,33.614536,33.69885,33.913963,34.021782,34.21665,34.29277,34.449196,34.468437,34.630302,34.772785,34.86789,34.864803,34.77461,34.589005,34.42503,34.316856,34.206585,34.020065,33.76443,33.59859,33.50471,33.464542,33.47548,33.499172,33.453075,33.39683,33.40068,33.305305,33.261497,,,,,,,,,,33.057762,33.182487,33.257477,33.35214,33.61433,33.827557,33.827065,33.870407,33.92058,33.95918,34.000156,34.051792,34.11156,34.22769,34.385612,34.304657,34.028564,33.92577,33.995052,34.106636,34.21751,34.26039,33.50219,33.177917,,,,,,,,,,,,,,,,,,,32.451057,32.424988,32.65607,33.12519,33.470116,33.629787,33.710682,33.731293,33.702217,33.67177,33.68742,33.56061,33.326996,33.276512,33.507504,33.746723,33.66144,33.540436,33.518513,33.50983,33.519226,33.54479,33.673798,33.844353,33.911106,33.857525,33.670036,33.54843,33.548462,33.536297,33.460915,33.373318,33.267193,33.115955,33.01488,32.9818,32.97445,32.986763,32.98462,32.95279,32.878765,32.777924,32.642456,32.52113,32.460835,32.458847,32.501217,32.58396,32.694263,32.783234,32.833992,32.87117,32.94959,32.981575,32.994934,33.021828,33.023987,33.025745,33.02758,33.026287,33.012325,32.992226,32.973717,32.955322,32.925674,32.88785,32.84054,32.786682,32.733215,32.694664,32.660645,32.636364,32.619183,32.602585,32.574017,32.544903,32.54769,32.612747,32.761013,32.972305,33.161556,33.255116,33.278397,33.30625,33.329895,33.344837,33.3597,33.36868,33.368637,33.361378,33.345367,33.324814,33.305183,33.291832,33.278458,33.264057,33.238567,33.201885,33.159355,33.099186,33.01317,32.921413,32.845066,32.796154,32.77495,32.787994,32.82811,32.859165,32.895355,32.921276,32.94214,32.97988,33.050163,33.137985
8.25,,,,,,,,,,,,,,,,,,,,,,,,,,,,,,,35.875294,35.791,35.749344,35.72633,35.711422,35.69246,35.692127,35.693863,35.71225,35.744217,35.750935,35.761482,35.76789,35.763947,35.75832,35.741047,35.720486,35.69613,35.670673,35.646362,35.624023,35.601242,35.57589,35.54849,35.51848,35.485844,35.453682,35.422543,35.398422,35.38187,35.372883,35.37062,35.377594,35.3902,35.406376,35.421608,35.435314,35.448112,35.465168,35.479015,35.489822,35.497272,35.503876,35.51094,35.517384,35.52271,35.527046,35.529408,35.529892,35.544155,35.582424,35.641182,35.696957,35.739826,35.770176,35.776596,35.76403,35.748173,35.76336,35.78653,35.788273,35.77342,35.72711,35.660748,35.60811,35.582573,35.579193,35.605095,35.61979,35.59988,35.564816,35.548016,35.540756,35.5163,35.46664,35.398655,35.345295,35.326813,35.317318,35.256954,35.123974,35.109436,35.118916,35.156364,35.211628,35.24681,35.271297,35.32707,35.361076,35.376244,35.38405,35.406033,35.42969,35.419872,35.382717,35.351192,35.351833,35.436287,35.58502,35.701183,35.74245,35.742596,35.750313,35.762634,35.782757,35.809906,35.832226,35.84287,35.844162,35.84161,35.82992,35.80459,35.776386,35.752365,35.730854,35.71847,35.720684,35.717667,35.695724,35.64723,35.589855,35.526234,35.4591,35.400513,35.36347,35.34586,35.32256,35.302933,35.293102,35.29216,35.30369,35.329224,35.35692,35.371124,35.36897,35.368668,35.378162,35.395885,35.41412,35.432755,35.447197,35.4595,35.466095,35.472065,35.479298,35.481297,35.477882,35.466515,35.450523,35.429623,35.40117,35.370903,35.346535,35.321922,35.307877,35.31328,35.353096,35.422024,35.482082,35.52294,35.536167,35.543953,35.54867,35.57641,35.628723,35.661167,35.685425,35.724884,35.760006,35.775627,35.761047,35.724094,35.692898,35.656223,35.622566,35.629627,35.66664,35.65616,35.580647,35.552353,35.556114,35.53997,35.517555,35.447502,35.331356,35.214554,35.157124,35.13274,35.148727,35.16699,35.165825,35.155693,35.1403,35.094414,35.053413,35.057663,35.061382,35.06229,35.106117,35.182613,35.26347,35.379818,35.490925,35.624027,35.811928,35.911846,35.968376,35.95583,35.87274,35.818035,35.78417,35.74457,35.727104,35.781933,35.870625,35.95191,35.992203,36.038685,36.070583,36.064846,36.00299,35.92665,35.864468,35.808784,35.777008,35.77084,35.777714,35.796043,35.82545,35.872944,35.928932,35.97953,36.043842,36.108334,36.09983,36.008694,35.83313,35.60065,35.454906,35.33439,35.234665,35.18531,35.06612,34.961178,34.909504,34.848057,34.788944,34.755196,34.70971,34.60396,34.509792,34.44533,34.45511,34.536434,34.615807,34.686718,34.75324,34.826557,34.84665,34.846035,34.83963,34.80353,34.784405,34.79961,34.862083,34.900257,34.853363,34.768368,34.663322,34.538414,34.377445,34.196075,34.053864,33.979294,34.027927,34.03008,33.778088,33.587593,33.362686,33.264217,33.23672,33.243904,33.25931,33.276295,33.29089,33.310852,33.31937,33.32869,33.31676,33.320953,33.28383,33.292732,33.250595,33.298912,33.298435,33.40082,33.437885,33.61318,33.73131,33.918167,34.01383,34.143353,34.19049,34.277092,34.478462,34.703346,34.829903,34.843697,34.75813,34.57328,34.441685,34.395126,34.260395,33.89769,33.638107,33.535088,33.487183,33.496162,33.500725,33.539936,33.472683,33.423462,33.34905,33.30784,33.289623,,,,,,,,33.048527,33.20827,33.390034,33.44207,33.639824,33.85151,33.93319,33.889175,33.925976,33.945656,33.952312,33.992268,34.108253,34.248333,34.31885,34.2549,34.00113,33.884823,33.86062,33.950665,34.119713,34.211246,34.23075,,,,,,,,,,,,,,,,,,,,,32.55888,32.488743,32.524292,32.85656,33.26055,33.512543,33.644608,33.69951,33.68653,33.679745,33.753174,33.675625,33.385498,33.25326,33.47737,33.66149,33.526333,33.49956,33.50535,33.50268,33.535328,33.614094,33.772144,33.909904,33.904415,33.75947,33.614258,33.582333,33.584553,33.539116,33.463562,33.38987,33.26304,33.13004,33.064438,33.03266,33.022278,33.019817,32.993793,32.94652,32.858974,32.76663,32.656395,32.553066,32.496273,32.505703,32.563503,32.650562,32.750526,32.828644,32.860397,32.912437,32.96973,32.966206,32.981407,32.967083,32.961662,32.977955,32.99552,32.9971,32.97469,32.942665,32.91988,32.897835,32.879734,32.872528,32.86548,32.849182,32.82122,32.791927,32.758926,32.72666,32.692623,32.65418,32.603825,32.57927,32.62594,32.765957,32.970497,33.153328,33.243694,33.261482,33.280296,33.313805,33.324123,33.34469,33.352715,33.351925,33.34242,33.333797,33.316067,33.296654,33.279366,33.265606,33.254993,33.24869,33.240524,33.229515,33.21876,33.201984,33.167397,33.099354,33.0067,32.91947,32.859825,32.820087,32.817894,32.84049,32.877407,32.914963,32.945538,32.97786,33.029133,33.09417
8.166672,,,,,,,,,,,,,,,,,,,,,,,,,,,,,35.947086,35.864063,35.854885,35.762024,35.72098,35.708965,35.695946,35.68886,35.701447,35.72811,35.761784,35.759518,35.762333,35.76239,35.74615,35.728367,35.701042,35.66394,35.623505,35.585556,35.552338,35.525978,35.50435,35.481743,35.45722,35.431087,35.402477,35.374687,35.351055,35.332867,35.32466,35.322067,35.322525,35.330887,35.348763,35.369576,35.387924,35.40083,35.41536,35.43623,35.460384,35.47731,35.488434,35.496223,35.502674,35.506233,35.509514,35.514282,35.519295,35.52152,35.534996,35.582973,35.64634,35.70934,35.751587,35.77383,35.789703,35.78993,35.781708,35.772217,35.783768,35.79522,35.791843,35.779415,35.73546,35.669735,35.61122,35.580666,35.57237,35.59191,35.603058,35.586384,35.552876,35.528904,35.51305,35.486515,35.44019,35.385193,35.349854,35.338215,35.33383,35.268814,35.116028,35.10076,35.11297,35.144047,35.1885,35.212337,35.234608,35.280067,35.306885,35.325485,35.34026,35.36422,35.40489,35.420998,35.401844,35.368427,35.333366,35.323635,35.380035,35.524662,35.650925,35.71346,35.728283,35.72378,35.746384,35.77374,35.793865,35.80835,35.815895,35.821133,35.815456,35.79306,35.76495,35.734947,35.70329,35.67854,35.665592,35.656742,35.64115,35.611336,35.573402,35.525814,35.466175,35.411983,35.381283,35.363144,35.337975,35.315456,35.302654,35.29792,35.309814,35.34787,35.398983,35.437515,35.455738,35.459785,35.4621,35.46723,35.4782,35.486294,35.494938,35.503067,35.505993,35.505386,35.5043,35.501186,35.49575,35.485905,35.47655,35.463726,35.447895,35.424553,35.399776,35.379093,35.353783,35.320904,35.306927,35.33306,35.39278,35.461723,35.51963,35.572205,35.59424,35.60624,35.64523,35.676052,35.703598,35.73991,35.772453,35.79242,35.788853,35.76056,35.733387,35.69845,35.659615,35.651497,35.67409,35.653202,35.590614,35.57682,35.571724,35.56316,35.532932,35.44553,35.3277,35.242004,35.207905,35.18761,35.197437,35.19893,35.1846,35.15463,35.129597,35.105927,35.09359,35.098717,35.073368,35.07738,35.13286,35.205006,35.297047,35.384712,35.501873,35.660038,35.81881,35.89554,35.931686,35.82196,35.649254,35.54066,35.45704,35.391262,35.37704,35.43034,35.542805,35.68268,35.77818,35.88978,35.989796,36.070133,36.090755,36.06343,36.023037,35.966957,35.911793,35.877724,35.86174,35.86722,35.89041,35.938065,35.995872,36.045265,36.09954,36.15445,36.136837,36.0731,35.917362,35.68867,35.492393,35.338985,35.194828,35.16378,35.090946,34.991825,34.92434,34.873547,34.778984,34.708652,34.61766,34.505325,34.431232,34.347607,34.350506,34.4608,34.552513,34.619972,34.66102,34.739975,34.831093,34.841938,34.832767,34.800373,34.772373,34.77719,34.818874,34.826504,34.773888,34.715992,34.627796,34.48615,34.320477,34.12946,34.002846,34.001343,34.01103,33.70576,33.45463,33.443844,33.298325,33.283134,33.282196,33.294785,33.309006,33.32986,33.354706,33.379616,33.396526,33.413788,33.41385,33.420784,33.39574,33.386112,33.32918,33.31303,33.2829,33.310955,33.317543,33.40519,33.489265,33.65298,33.759842,33.890854,33.989433,34.054012,34.08824,34.363262,34.715538,34.772804,34.79299,34.644913,34.48938,34.489002,34.291378,33.847294,33.61919,33.532173,33.510662,33.516323,33.52975,33.570877,33.552963,33.507366,33.38555,33.339596,33.341095,33.32672,,,,,32.99581,33.27745,33.256046,33.457874,33.573784,33.66765,33.880386,34.00394,33.987022,33.930172,33.975018,33.977085,34.05347,34.184803,34.266094,34.266136,34.152763,33.971634,33.856533,33.858597,33.844784,33.94766,34.144768,34.25169,34.263184,,,,,,,,,,,,,,,,,,,,,,32.631744,32.50571,32.65571,33.017017,33.310932,33.489605,33.590584,33.618797,33.62592,33.735733,33.704144,33.373848,33.236492,33.471237,33.549397,33.434895,33.470455,33.480415,33.491196,33.563454,33.695065,33.85921,33.93335,33.859074,33.675888,33.60033,33.61147,33.585487,33.510853,33.45857,33.391304,33.27103,33.17861,33.11684,33.086197,33.067085,33.049126,33.005795,32.939915,32.845497,32.75375,32.656765,32.583107,32.54646,32.55372,32.599693,32.685722,32.776558,32.84082,32.872585,32.91333,32.943924,32.93883,32.927788,32.922447,32.943256,32.985676,33.01412,33.020477,32.989227,32.94191,32.894836,32.851486,32.81913,32.810413,32.812477,32.809868,32.79412,32.770523,32.735832,32.695812,32.654255,32.619663,32.603638,32.647655,32.77511,32.9766,33.14344,33.215527,33.212784,33.220833,33.245434,33.262222,33.277534,33.292027,33.293625,33.293884,33.290604,33.28487,33.271584,33.255096,33.247723,33.236362,33.22758,33.21659,33.203094,33.193745,33.193893,33.2025,33.210823,33.203476,33.169605,33.100414,33.016148,32.943714,32.865467,32.84633,32.854797,32.873978,32.9096,32.945915,32.98449,33.02607
8.083336,,,,,,,,,,,,,,,,,,,,,,,,,,,,35.991737,35.920967,35.841183,35.81402,35.71786,35.70652,35.701767,35.697727,35.70679,35.744896,35.77141,35.75887,35.750652,35.741066,35.723568,35.68015,35.630924,35.57415,35.518833,35.472065,35.436382,35.412354,35.39574,35.380547,35.362362,35.3435,35.324093,35.304325,35.288883,35.2776,35.272446,35.270195,35.269783,35.27632,35.294884,35.318333,35.33897,35.354126,35.37015,35.39863,35.43597,35.46776,35.484814,35.494823,35.499283,35.50169,35.505142,35.51088,35.51665,35.519016,35.538006,35.598156,35.6647,35.715584,35.75819,35.78667,35.80372,35.81338,35.81166,35.80606,35.79822,35.801876,35.8011,35.792538,35.7806,35.74245,35.674793,35.612503,35.577934,35.566574,35.575806,35.5894,35.575745,35.54329,35.515583,35.49353,35.466236,35.424473,35.382748,35.357067,35.34902,35.35461,35.280388,35.164097,35.117172,35.11485,35.134365,35.16613,35.18474,35.21424,35.249054,35.267048,35.27857,35.290497,35.314224,35.35848,35.39764,35.404934,35.390285,35.354332,35.30819,35.287167,35.32874,35.46086,35.596004,35.68243,35.69859,35.71421,35.73618,35.755123,35.777058,35.786716,35.791924,35.79394,35.779434,35.753742,35.720352,35.684715,35.64769,35.62172,35.60144,35.58115,35.5609,35.541405,35.510376,35.46145,35.41511,35.392925,35.379284,35.354973,35.331963,35.31464,35.302822,35.306778,35.333725,35.380493,35.43413,35.481018,35.512653,35.532413,35.547527,35.5598,35.565456,35.569748,35.56871,35.563602,35.55684,35.548008,35.534714,35.52328,35.508064,35.49669,35.48902,35.48326,35.468597,35.44801,35.429844,35.40755,35.371223,35.339237,35.331085,35.341824,35.385944,35.442707,35.51254,35.56961,35.606426,35.638996,35.670444,35.70672,35.727493,35.752384,35.77647,35.791542,35.781822,35.764606,35.73322,35.695152,35.679447,35.68443,35.651314,35.608932,35.603706,35.594383,35.584892,35.538162,35.432415,35.312733,35.256996,35.24367,35.232445,35.22587,35.21272,35.200794,35.16722,35.1376,35.138783,35.130203,35.1261,35.09936,35.121403,35.177338,35.25787,35.345158,35.40558,35.534996,35.695564,35.78008,35.815445,35.821404,35.606625,35.371773,35.25208,35.169094,35.120598,35.119358,35.159103,35.240993,35.344162,35.43249,35.56669,35.71073,35.876076,35.990074,36.07337,36.111294,36.091843,36.047993,36.006584,35.975594,35.964417,35.968735,35.9922,36.031193,36.066833,36.102325,36.150414,36.15485,36.137115,36.028606,35.80095,35.537754,35.381763,35.21067,35.137016,35.13027,35.039707,34.971554,34.874886,34.74315,34.648758,34.55206,34.470364,34.375736,34.272205,34.26726,34.371567,34.457573,34.516727,34.548714,34.63065,34.737823,34.798164,34.81506,34.78892,34.75902,34.7533,34.766113,34.743736,34.696995,34.657265,34.58144,34.435257,34.263912,34.09557,34.000065,34.022255,33.829746,33.516068,33.415012,33.374454,33.28553,33.324524,33.302353,33.308483,33.324013,33.3566,33.401825,33.44219,33.472683,33.501556,33.50585,33.52307,33.515755,33.513775,33.46328,33.425545,33.356792,33.338936,33.30488,33.330555,33.363167,33.455177,33.55696,33.65522,33.761467,33.898388,33.865036,34.008427,34.293903,34.633514,34.73194,34.568848,34.56818,34.475853,33.998722,33.65522,33.559105,33.555653,33.5712,33.595978,33.61612,33.62256,33.602436,33.571903,33.460007,33.366535,33.380276,33.3891,33.509285,33.387535,33.281567,33.169724,33.16665,33.4687,33.39465,33.633442,33.769577,33.92945,34.050316,34.109024,34.05387,34.06604,34.140804,34.167866,34.229065,34.256683,34.17558,34.036087,33.918663,33.845898,33.80932,33.795803,33.797718,33.86065,34.038692,34.231636,34.276207,,,,,,,,,,,,,,,,,,,,,,32.655365,32.592365,32.61518,32.862087,33.12416,33.32465,33.438,33.492706,33.51974,33.653877,33.611637,33.277214,33.227444,33.48636,33.43336,33.378273,33.434303,33.44306,33.48348,33.588448,33.743324,33.899616,33.918003,33.807888,33.63882,33.609135,33.621155,33.55195,33.468834,33.435177,33.374035,33.289413,33.228394,33.172646,33.137722,33.10552,33.068913,33.014557,32.935574,32.841057,32.752956,32.664494,32.609707,32.585907,32.593513,32.62234,32.702522,32.78493,32.842407,32.870922,32.895565,32.917274,32.905407,32.893272,32.90955,32.958336,33.01631,33.05052,33.05336,33.003826,32.939583,32.883656,32.836315,32.800076,32.77851,32.771034,32.759697,32.737415,32.708298,32.669754,32.633705,32.614254,32.617535,32.673927,32.801212,32.98493,33.12981,33.162945,33.129555,33.11831,33.13582,33.154636,33.175102,33.18728,33.194,33.19791,33.206738,33.215923,33.21994,33.213165,33.206806,33.206005,33.201508,33.197334,33.192093,33.178333,33.16474,33.156284,33.161102,33.178364,33.19953,33.2136,33.206367,33.171577,33.097866,33.01075,32.939407,32.885853,32.86449,32.870926,32.892906,32.915756,32.939293
8.0,,,,,,,,,,,,,,,,,,,,,,,,,,,35.99068,35.96635,35.873405,35.810802,35.759888,35.705673,35.706493,35.706047,35.715,35.752453,35.780075,35.756054,35.744255,35.723125,35.677567,35.61545,35.528923,35.456272,35.404026,35.366657,35.33825,35.317406,35.303703,35.2926,35.281105,35.269127,35.26013,35.251984,35.2458,35.240894,35.236107,35.22926,35.223637,35.224472,35.239147,35.263172,35.285477,35.305946,35.327393,35.360455,35.407234,35.45371,35.483192,35.497917,35.500847,35.50266,35.503326,35.51545,35.52681,35.53267,35.568115,35.630657,35.68456,35.7171,35.7521,35.792217,35.824234,35.8455,35.847504,35.83876,35.82832,35.8187,35.813435,35.805264,35.79291,35.780186,35.748775,35.681534,35.612,35.57572,35.560795,35.56678,35.57429,35.565887,35.539505,35.5096,35.482002,35.452522,35.419033,35.386925,35.366383,35.36222,35.372246,35.284603,35.2,35.15309,35.118694,35.122616,35.14927,35.171135,35.204575,35.231827,35.24625,35.258068,35.259727,35.276386,35.312626,35.357338,35.390022,35.39741,35.373672,35.328716,35.290936,35.27524,35.295708,35.388687,35.534718,35.639004,35.688686,35.699867,35.7121,35.737995,35.75808,35.764206,35.76209,35.75077,35.731304,35.699036,35.668056,35.632965,35.596806,35.56216,35.536186,35.517426,35.50366,35.485504,35.448223,35.41188,35.39697,35.39273,35.378933,35.359097,35.340553,35.324394,35.323406,35.34027,35.367672,35.41085,35.46175,35.511017,35.549053,35.582043,35.606663,35.620674,35.628933,35.630642,35.625465,35.61602,35.60017,35.583775,35.567364,35.54926,35.53255,35.51531,35.503357,35.490112,35.4741,35.45912,35.442116,35.40935,35.373928,35.358772,35.34676,35.360924,35.40048,35.458076,35.51386,35.56231,35.60592,35.658516,35.691425,35.699535,35.72145,35.748848,35.77566,35.79241,35.78214,35.759098,35.718845,35.694904,35.683243,35.63351,35.61788,35.615482,35.59996,35.588154,35.527325,35.406704,35.29141,35.26789,35.272694,35.267025,35.24528,35.233337,35.239376,35.237434,35.20747,35.188602,35.175587,35.160004,35.142906,35.169212,35.223957,35.315342,35.38184,35.43671,35.58647,35.736942,35.79074,35.79583,35.641666,35.39747,35.182266,35.041634,34.99284,34.978645,34.99535,35.028233,35.090088,35.13804,35.163414,35.2292,35.347736,35.52622,35.69565,35.894043,36.056263,36.123425,36.123184,36.10943,36.087376,36.0742,36.061737,36.062088,36.067894,36.09632,36.099556,36.13623,36.156013,36.1497,36.12701,35.931534,35.587227,35.429226,35.265907,35.11036,35.139877,35.11587,35.03198,34.872944,34.722862,34.63289,34.557335,34.47108,34.360764,34.27997,34.251274,34.320534,34.386852,34.434204,34.46598,34.520866,34.61888,34.6938,34.75419,34.77056,34.74044,34.710995,34.71313,34.67867,34.630527,34.57772,34.524662,34.423016,34.227543,34.077538,34.03416,33.973785,33.619034,33.481026,33.39747,33.357864,33.406345,33.403225,33.341194,33.35241,33.370625,33.42848,33.487293,33.53815,33.575264,33.610348,33.61969,33.643597,33.641968,33.649826,33.619183,33.586952,33.52007,33.45218,33.38233,33.344738,33.34167,33.373013,33.425888,33.499565,33.555027,33.714893,33.743164,33.773853,33.896084,34.31575,34.48017,34.391193,34.46764,34.080822,33.66593,33.550125,33.56825,33.610615,33.64676,33.685642,33.697327,33.690613,33.660797,33.638344,33.5586,33.423817,33.40703,33.479923,33.561092,33.400394,33.257206,33.255817,33.405895,33.586903,33.58948,33.81496,33.96255,34.094353,34.154373,34.16718,34.154972,34.23231,34.218197,34.159332,34.087563,34.000008,33.902584,33.84156,33.81592,33.796944,33.773422,33.73598,33.717743,33.771156,33.952854,34.209995,34.09941,33.689953,,,,,,,,,,,,,,,,,,,,,,32.629673,32.639034,32.758335,32.96956,33.16017,33.30579,33.377956,33.440926,33.555992,33.45724,33.17684,33.251682,33.477077,33.380245,33.359394,33.39339,33.413574,33.48728,33.617157,33.780216,33.907143,33.901054,33.771236,33.625977,33.617207,33.61474,33.515255,33.44638,33.418633,33.34973,33.287537,33.258125,33.217545,33.17569,33.132538,33.08129,33.018757,32.93945,32.848362,32.767662,32.6915,32.639736,32.620342,32.63174,32.665573,32.733498,32.79539,32.83538,32.86131,32.868484,32.88018,32.86263,32.859997,32.888023,32.95563,33.028133,33.068134,33.059315,32.989525,32.916157,32.86162,32.82091,32.78424,32.75485,32.742947,32.722694,32.693207,32.65867,32.6299,32.616898,32.637333,32.711678,32.834522,32.999493,33.09773,33.08644,33.04055,33.01628,33.02831,33.051888,33.07218,33.08202,33.09179,33.100178,33.10726,33.119102,33.133884,33.14663,33.146,33.149605,33.152805,33.154877,33.154,33.15962,33.157658,33.15143,33.14099,33.136547,33.14249,33.156815,33.174107,33.19493,33.206062,33.20059,33.161953,33.069412,32.971893,32.914032,32.886772,32.874893,32.875458,32.88222
7.9166718,,,,,,,,,,,,,,,,,,,,,,,,,,,35.991085,35.93698,35.841026,35.788048,35.72846,35.70569,35.709755,35.72393,35.757862,35.78158,35.75548,35.728535,35.703114,35.625237,35.520557,35.423096,35.354378,35.32223,35.308292,35.29541,35.272446,35.2502,35.239025,35.234455,35.23177,35.232304,35.234844,35.233425,35.22797,35.218433,35.201035,35.18481,35.18013,35.18882,35.21093,35.23612,35.261036,35.29001,35.325546,35.3754,35.431515,35.477592,35.503193,35.512905,35.51519,35.519917,35.525387,35.552048,35.59412,35.62284,35.65478,35.68837,35.71345,35.739986,35.77949,35.82263,35.857086,35.875504,35.871494,35.859642,35.843452,35.82849,35.818417,35.8036,35.785446,35.7762,35.749557,35.684414,35.6144,35.574375,35.557343,35.55512,35.561684,35.556923,35.536438,35.511597,35.484406,35.454777,35.42402,35.397957,35.37857,35.38811,35.396957,35.313046,35.229664,35.180916,35.138992,35.120514,35.139248,35.167995,35.196354,35.213596,35.225163,35.239056,35.249405,35.264503,35.286823,35.31597,35.353275,35.393597,35.391155,35.346012,35.30866,35.282825,35.256226,35.25214,35.321056,35.481384,35.622925,35.66699,35.669163,35.690006,35.712315,35.72969,35.730114,35.718365,35.702293,35.677258,35.6537,35.624443,35.587902,35.547203,35.516808,35.49351,35.475662,35.45997,35.436146,35.40865,35.396595,35.404854,35.40665,35.39528,35.381268,35.366364,35.364174,35.376457,35.393074,35.42402,35.474117,35.52502,35.57013,35.61022,35.641045,35.65939,35.66966,35.668293,35.66088,35.647152,35.632942,35.617657,35.60169,35.587875,35.577477,35.56216,35.544678,35.523617,35.500954,35.482025,35.464127,35.43765,35.401863,35.383667,35.36442,35.373734,35.406662,35.443256,35.48598,35.537434,35.588993,35.644997,35.666523,35.668026,35.687286,35.716156,35.750652,35.792225,35.79547,35.780922,35.73582,35.699596,35.66892,35.609623,35.60802,35.606663,35.591797,35.587738,35.533722,35.402245,35.27702,35.268154,35.278873,35.291103,35.277462,35.27033,35.28428,35.290966,35.25894,35.2403,35.220936,35.19966,35.198837,35.23249,35.285686,35.364006,35.407295,35.501408,35.66304,35.773888,35.78459,35.663822,35.388664,35.17604,35.00993,34.911495,34.880424,34.87389,34.91117,34.955357,35.001495,35.03246,35.050102,35.0673,35.10669,35.192497,35.336662,35.586643,35.858208,36.034813,36.100426,36.10561,36.105633,36.10582,36.101395,36.093555,36.10259,36.106655,36.101444,36.103676,36.12375,36.126827,36.1422,36.016106,35.699017,35.506294,35.359905,35.11284,35.069855,35.118336,35.09429,34.96869,34.785595,34.668232,34.59759,34.521038,34.434975,34.331448,34.269093,34.295105,34.33368,34.37168,34.406933,34.479996,34.56414,34.629158,34.68332,34.689724,34.674854,34.646923,34.64942,34.617912,34.568684,34.502098,34.473057,34.413074,34.2277,34.09737,34.012306,33.864513,33.53256,33.4796,33.414906,33.4392,33.528847,33.418667,33.345383,33.36039,33.405193,33.49253,33.558327,33.601395,33.632523,33.660927,33.678574,33.70566,33.716675,33.731396,33.717445,33.71175,33.67526,33.618107,33.535645,33.45662,33.39691,33.36823,33.37784,33.423542,33.435406,33.546642,33.630466,33.660343,33.660004,33.95738,34.199295,34.221607,34.12904,33.717617,33.570847,33.600563,33.64668,33.68028,33.72611,33.75678,33.755615,33.729767,33.68121,33.692707,33.645294,33.490856,33.44849,33.54365,33.639267,33.510914,33.25423,33.484394,33.680237,33.75025,33.838425,33.982452,34.09515,34.164364,34.210224,34.219486,34.230785,34.182045,34.01739,33.88615,33.838085,33.7873,33.771626,33.7692,33.758984,33.737614,33.696312,33.65055,33.657852,33.715076,33.876072,34.14171,33.93263,33.669437,,,,,,,,,,,,,,,,,,,,,,32.610752,32.667763,32.743767,32.875397,33.028713,33.194763,33.288963,33.37792,33.43088,33.294292,33.110962,33.335705,33.41158,33.35723,33.34585,33.35984,33.40965,33.504673,33.64806,33.80185,33.908497,33.894688,33.753944,33.623352,33.6202,33.60236,33.49393,33.445293,33.409866,33.333206,33.28423,33.267906,33.239384,33.198788,33.146084,33.086716,33.021484,32.948376,32.867638,32.793423,32.72798,32.67468,32.652184,32.657032,32.686714,32.745037,32.79749,32.820255,32.845676,32.833813,32.82984,32.813114,32.820965,32.862362,32.950226,33.037685,33.079586,33.054794,32.96679,32.889572,32.843086,32.806065,32.762817,32.728962,32.715717,32.691444,32.66231,32.641876,32.635044,32.67154,32.76085,32.88705,33.01536,33.05946,33.00501,32.952736,32.94104,32.957767,32.973003,32.987328,32.995434,33.01131,33.01826,33.02511,33.033714,33.041004,33.05974,33.07697,33.08101,33.09202,33.10317,33.11252,33.119816,33.12657,33.13105,33.1304,33.13202,33.13757,33.14272,33.144855,33.144093,33.15351,33.167446,33.1864,33.199356,33.183,33.122272,33.02687,32.96525,32.927395,32.89341,32.866814
7.833336,,,,,,,,,,,,,,,,,,,,,,,,,,,35.96796,35.906487,35.82017,35.758606,35.7104,35.705933,35.728077,35.762535,35.78065,35.758907,35.71597,35.678555,35.573402,35.438065,35.34858,35.313942,35.310085,35.316303,35.307293,35.28856,35.25156,35.226013,35.21954,35.22164,35.226562,35.233223,35.231384,35.219196,35.19811,35.17671,35.15345,35.147697,35.15219,35.169647,35.197075,35.2247,35.258617,35.302277,35.353035,35.40926,35.463608,35.500713,35.519512,35.532127,35.542618,35.557114,35.588478,35.624096,35.653812,35.6704,35.68441,35.701687,35.726818,35.76378,35.806087,35.846,35.8743,35.886894,35.881046,35.868603,35.84766,35.82646,35.811275,35.794266,35.779297,35.774254,35.748302,35.693233,35.62868,35.581966,35.56144,35.550667,35.550053,35.545364,35.53462,35.516926,35.4909,35.46029,35.431324,35.40902,35.3906,35.417908,35.424587,35.356045,35.25457,35.187576,35.146614,35.13659,35.153717,35.170185,35.175545,35.1858,35.206623,35.228466,35.251564,35.271168,35.282898,35.291454,35.30003,35.36331,35.40474,35.382545,35.339798,35.305397,35.266094,35.232082,35.229713,35.292076,35.45732,35.594105,35.63761,35.647137,35.660122,35.68656,35.702538,35.695023,35.678356,35.65483,35.62888,35.601696,35.571495,35.54178,35.51349,35.489082,35.467026,35.446835,35.422455,35.398758,35.39308,35.411102,35.423412,35.42241,35.41628,35.40839,35.412537,35.425625,35.443043,35.463623,35.508675,35.562176,35.610115,35.653866,35.681633,35.6862,35.685028,35.67344,35.660706,35.643997,35.628433,35.611492,35.5911,35.581776,35.581078,35.580875,35.578003,35.55973,35.534836,35.51209,35.48835,35.454815,35.41355,35.399296,35.402866,35.407223,35.433254,35.46724,35.500313,35.54071,35.581703,35.62184,35.637875,35.645123,35.65654,35.683594,35.72422,35.774414,35.79061,35.785824,35.739594,35.696827,35.639076,35.57847,35.580036,35.580906,35.56969,35.574146,35.53996,35.41996,35.27101,35.26133,35.262398,35.278416,35.299416,35.3088,35.323154,35.31967,35.29592,35.2792,35.257236,35.244556,35.260246,35.30324,35.347965,35.419315,35.47707,35.573162,35.7034,35.73001,35.685677,35.49058,35.22321,35.035015,34.875267,34.81783,34.804924,34.806023,34.871372,34.923355,34.95623,34.98265,35.009315,35.02076,35.052994,35.074913,35.140125,35.31039,35.603794,35.86247,36.007946,36.057552,36.070236,36.073742,36.07192,36.06547,36.04605,35.948227,35.83041,35.810287,35.774498,35.748386,35.891354,36.032196,35.797916,35.57067,35.442253,35.18524,35.001446,35.013226,35.09312,35.052345,34.885303,34.726704,34.64868,34.583775,34.52823,34.392395,34.285072,34.27864,34.300304,34.327557,34.372177,34.45274,34.522247,34.60366,34.630013,34.638554,34.61956,34.59877,34.59557,34.570316,34.533955,34.470634,34.431038,34.366447,34.220367,34.075382,33.989887,33.758408,33.50695,33.453636,33.4365,33.575455,33.60871,33.44363,33.364113,33.388737,33.445946,33.541508,33.59378,33.6332,33.667976,33.701073,33.724304,33.75594,33.771774,33.786465,33.769234,33.765354,33.74838,33.726944,33.675934,33.59419,33.51231,33.44287,33.399925,33.395676,33.398224,33.43424,33.516605,33.584908,33.54646,33.708633,33.94056,34.02427,33.886566,33.619274,33.60015,33.63998,33.676384,33.731125,33.780743,33.787918,33.76912,33.691296,33.67068,33.68564,33.67831,33.531254,33.48094,33.57741,33.641266,33.474255,33.305496,33.74353,33.88478,33.845036,33.95144,34.001545,34.0525,34.176132,34.224884,34.229645,34.102783,33.96745,33.787773,33.74752,33.728592,33.707935,33.691044,33.702667,33.666943,33.64152,33.605515,33.596794,33.6263,33.695965,33.841537,34.056362,33.866386,33.626396,,,,,,,,,,,,,,,,,,,,,,,32.73467,32.75717,32.822334,32.96132,33.083942,33.191475,33.27063,33.264027,33.161575,33.0985,33.409016,33.363075,33.34199,33.325344,33.34202,33.419224,33.523132,33.673466,33.819496,33.910675,33.88355,33.74287,33.622673,33.616833,33.590477,33.491043,33.460842,33.420757,33.33947,33.28865,33.26509,33.2343,33.2002,33.14516,33.08844,33.023,32.956623,32.892727,32.82697,32.769394,32.719387,32.68237,32.675606,32.695957,32.74102,32.79052,32.809925,32.824066,32.806286,32.783825,32.771297,32.7889,32.842487,32.939434,33.037617,33.088654,33.05999,32.965527,32.882248,32.837036,32.796864,32.761265,32.73448,32.71352,32.69016,32.674732,32.686,32.7358,32.8265,32.93829,33.016273,33.006027,32.92964,32.879086,32.882618,32.90296,32.911602,32.909073,32.91347,32.918053,32.93612,32.947964,32.952217,32.95982,32.97186,32.996075,33.02226,33.039066,33.061172,33.083492,33.09871,33.115932,33.123253,33.126663,33.131805,33.148335,33.165047,33.175743,33.174046,33.163887,33.15285,33.148487,33.15285,33.1703,33.184563,33.18249,33.162266,33.08617,33.00512,32.94803,32.904953
7.75,,,,,,,,,,,,,,,,,,,,,,,,,,,35.966682,35.894054,35.787025,35.728325,35.707047,35.727707,35.761604,35.782234,35.763046,35.71436,35.655224,35.533268,35.408566,35.345165,35.353508,35.361763,35.358646,35.35098,35.321278,35.281094,35.2331,35.214043,35.211266,35.217003,35.222755,35.221375,35.207542,35.19033,35.168667,35.154713,35.140816,35.139,35.147907,35.167732,35.197067,35.231827,35.27794,35.331997,35.385796,35.43627,35.47718,35.508118,35.532948,35.55574,35.579254,35.602142,35.623066,35.64017,35.65532,35.673023,35.69215,35.71511,35.74659,35.78356,35.81987,35.852978,35.87475,35.885284,35.88112,35.86914,35.844093,35.82038,35.80735,35.793808,35.779015,35.76512,35.742382,35.699505,35.639652,35.590187,35.565002,35.549282,35.5384,35.53215,35.52356,35.509186,35.48738,35.46486,35.44462,35.42225,35.411533,35.44605,35.449978,35.375072,35.258045,35.17856,35.137245,35.143326,35.164932,35.172596,35.15237,35.14326,35.186413,35.23065,35.269367,35.293316,35.298138,35.299988,35.302795,35.334694,35.401325,35.417225,35.392498,35.33751,35.28401,35.244034,35.227398,35.214066,35.271526,35.433308,35.567432,35.61927,35.630035,35.64554,35.671673,35.677162,35.659264,35.634895,35.606857,35.579105,35.552227,35.52705,35.50502,35.482544,35.46038,35.436752,35.41163,35.386395,35.380424,35.400856,35.419437,35.42698,35.426968,35.427967,35.439693,35.457756,35.485638,35.511333,35.554283,35.606308,35.6519,35.69479,35.70999,35.698895,35.682667,35.66279,35.639977,35.62009,35.602165,35.58171,35.55453,35.540485,35.54073,35.546986,35.553123,35.555973,35.538795,35.52705,35.503887,35.46797,35.423717,35.402336,35.40969,35.43197,35.46116,35.49694,35.530716,35.55944,35.590073,35.615265,35.62599,35.633728,35.643436,35.665375,35.710346,35.76602,35.77487,35.771984,35.724743,35.67647,35.601322,35.552765,35.54102,35.53932,35.535805,35.55304,35.546543,35.45374,35.291645,35.275986,35.283333,35.28566,35.29565,35.32496,35.336704,35.321224,35.30459,35.298702,35.28709,35.287468,35.319477,35.35427,35.39509,35.47511,35.572144,35.674664,35.70617,35.657066,35.566128,35.335323,35.134483,34.925724,34.802906,34.787758,34.77785,34.79682,34.881767,34.91085,34.959663,35.003193,35.016415,35.03794,35.077633,35.072815,35.10506,35.208607,35.4353,35.691093,35.880665,35.98802,36.02835,36.043465,36.053745,35.996597,35.823193,35.626175,35.514446,35.47762,35.4804,35.482815,35.50976,35.700356,35.794594,35.662743,35.49632,35.290504,35.052937,34.91753,34.96347,35.032295,34.961617,34.82046,34.688408,34.62039,34.59729,34.444168,34.320625,34.28162,34.284306,34.301777,34.333405,34.419655,34.497097,34.586357,34.615128,34.622025,34.620132,34.593735,34.582832,34.54977,34.52306,34.472187,34.405933,34.33808,34.212902,34.04705,33.919365,33.666508,33.53062,33.492535,33.56078,33.76756,33.690125,33.475887,33.37762,33.40851,33.480686,33.577606,33.619904,33.660126,33.709072,33.754,33.79489,33.82969,33.851994,33.85851,33.84014,33.83017,33.812565,33.792862,33.767643,33.70695,33.634014,33.556915,33.483555,33.43927,33.401466,33.400887,33.4228,33.51136,33.484123,33.56048,33.723156,33.839146,33.710537,33.587284,33.610954,33.65462,33.715446,33.771935,33.80027,33.78984,33.737244,33.654778,33.638313,33.654476,33.654976,33.53743,33.503155,33.589897,33.626835,33.56311,33.53455,33.914356,33.936794,33.923363,33.984272,34.007595,34.0839,34.181057,34.18879,34.031673,33.88116,33.78407,33.69502,33.660713,33.651623,33.63311,33.619286,33.618507,33.598087,33.578625,33.56027,33.55034,33.585674,33.6751,33.831482,34.05207,33.782173,33.534668,,,,,,,,,,,,,,,,,,,,,,,,32.72877,32.818096,32.924385,32.994,33.09203,33.12982,33.132385,33.059933,33.225513,33.399208,33.347916,33.315365,33.28878,33.332863,33.423912,33.536263,33.684925,33.825798,33.905895,33.85888,33.72108,33.620636,33.61566,33.578804,33.49847,33.475285,33.446705,33.368668,33.306683,33.269928,33.23269,33.19242,33.144833,33.089836,33.033794,32.978497,32.925232,32.868523,32.81346,32.76353,32.729218,32.72287,32.732193,32.769985,32.798603,32.8077,32.802868,32.784645,32.748833,32.7289,32.752026,32.810165,32.915283,33.032345,33.112965,33.10504,33.015392,32.924026,32.865154,32.821808,32.793465,32.77929,32.77196,32.772568,32.795914,32.847206,32.920975,32.980537,33.001118,32.945217,32.864983,32.829754,32.842323,32.852455,32.859577,32.84797,32.829887,32.826427,32.834805,32.847046,32.86455,32.87763,32.88925,32.91547,32.951912,32.98929,33.01614,33.045616,33.080826,33.103306,33.12378,33.1425,33.16614,33.188713,33.214314,33.22749,33.232563,33.227787,33.21066,33.18523,33.163734,33.1542,33.154564,33.166985,33.176304,33.188515,33.177105,33.130466,33.036583,32.978065
7.6666718,,,,,,,,,,,,,,,,,,,,,,,,,,35.974422,35.939278,35.846107,35.753834,35.71938,35.72124,35.750957,35.78365,35.774147,35.705944,35.659866,35.532627,35.423584,35.390514,35.425014,35.43905,35.402542,35.370262,35.348133,35.30957,35.256622,35.21086,35.202316,35.20129,35.209743,35.215805,35.208355,35.194347,35.182648,35.16321,35.148746,35.128613,35.12666,35.1356,35.154198,35.191193,35.242397,35.299557,35.35606,35.40876,35.45068,35.487686,35.515354,35.535404,35.558193,35.581196,35.602093,35.619534,35.637028,35.659164,35.682724,35.70695,35.734634,35.76541,35.79761,35.826427,35.853294,35.869827,35.877876,35.875126,35.86625,35.84267,35.82507,35.814102,35.79482,35.76765,35.747017,35.731403,35.704433,35.65366,35.606808,35.56712,35.540173,35.526886,35.52025,35.512432,35.5,35.486748,35.46703,35.453053,35.425076,35.43705,35.469975,35.477505,35.373055,35.24181,35.164104,35.129333,35.143883,35.16766,35.179928,35.161804,35.14835,35.19953,35.246326,35.28448,35.310772,35.32002,35.33279,35.35208,35.352577,35.3852,35.42885,35.43852,35.398266,35.321915,35.257057,35.22244,35.196026,35.187412,35.267498,35.426514,35.563942,35.62095,35.630272,35.637745,35.648083,35.639477,35.62119,35.59479,35.562378,35.536644,35.511063,35.48829,35.46927,35.449608,35.426468,35.399345,35.37166,35.36111,35.373234,35.391148,35.402294,35.4073,35.414494,35.43011,35.450756,35.490788,35.531166,35.58431,35.636894,35.677536,35.711334,35.71515,35.680725,35.64274,35.61197,35.57834,35.547497,35.52936,35.51263,35.49817,35.490746,35.493862,35.503513,35.516125,35.529167,35.528038,35.52433,35.507984,35.477894,35.43595,35.40722,35.40967,35.43956,35.4782,35.514828,35.549282,35.58309,35.62208,35.6406,35.643734,35.641197,35.636925,35.65149,35.695953,35.759872,35.766483,35.75977,35.70461,35.65131,35.56614,35.52256,35.498978,35.4959,35.496914,35.52767,35.547188,35.486656,35.320724,35.289692,35.2924,35.27926,35.28228,35.316193,35.334057,35.322567,35.302444,35.30295,35.308994,35.31482,35.35681,35.38779,35.427197,35.563713,35.65293,35.711178,35.668602,35.591026,35.452812,35.24684,35.035175,34.86559,34.76251,34.764805,34.783955,34.85501,34.90916,34.90231,34.96527,35.06111,35.086582,35.108006,35.122803,35.12453,35.134792,35.243153,35.419456,35.58952,35.75043,35.869,35.9318,36.004963,36.03246,35.81124,35.60362,35.42052,35.37263,35.369923,35.407665,35.43727,35.424606,35.453842,35.638577,35.688316,35.565678,35.405926,35.188393,34.96177,34.858437,34.89741,34.91622,34.875698,34.74083,34.66489,34.592163,34.44364,34.332504,34.28238,34.276455,34.28119,34.292225,34.348846,34.44983,34.545708,34.581905,34.5902,34.60764,34.592525,34.583866,34.55195,34.49279,34.447018,34.408714,34.36405,34.221863,34.033264,33.896988,33.692863,33.574017,33.525375,33.681408,33.841614,33.761215,33.508022,33.37724,33.409733,33.499027,33.59775,33.642445,33.68242,33.73055,33.778763,33.832863,33.87378,33.905617,33.916958,33.903957,33.88973,33.87273,33.85099,33.81896,33.76508,33.714542,33.64686,33.58332,33.524235,33.46285,33.411747,33.397984,33.449326,33.44662,33.470654,33.56932,33.68232,33.587883,33.56212,33.619904,33.67244,33.7454,33.78644,33.7919,33.75495,33.69827,33.632427,33.636963,33.682148,33.629604,33.541267,33.514984,33.59762,33.647346,33.568237,33.612556,33.925602,33.921032,33.93874,33.999653,34.035942,34.08506,34.106117,33.99555,33.81176,33.763615,33.698364,33.680946,33.636642,33.625755,33.615356,33.605404,33.591496,33.570576,33.550606,33.538147,33.525455,33.552,33.63357,33.800236,34.05509,33.851383,33.514668,,,,,,,,,,,,,,,,,,,,,,,,32.623898,32.759476,32.89304,32.959454,33.015053,33.04482,33.06634,33.07245,33.399197,33.350636,33.326305,33.26952,33.255424,33.31853,33.410027,33.546185,33.689667,33.833958,33.88925,33.83469,33.70268,33.611332,33.60891,33.568214,33.50573,33.48323,33.469254,33.4067,33.3354,33.299824,33.249565,33.216736,33.16537,33.113716,33.06513,33.019405,32.97367,32.92398,32.870983,32.812485,32.771397,32.767986,32.786556,32.812405,32.822132,32.81408,32.792706,32.765053,32.71969,32.68987,32.7154,32.771194,32.876995,33.010994,33.12545,33.15182,33.0917,33.00338,32.9387,32.896366,32.883156,32.895355,32.91522,32.938007,32.964462,32.996426,33.014008,32.98563,32.89021,32.79961,32.790222,32.810905,32.81277,32.811485,32.802654,32.782684,32.76202,32.751625,32.759212,32.782246,32.804523,32.822197,32.844006,32.869854,32.91109,32.9614,33.005993,33.04814,33.083397,33.11079,33.136353,33.171417,33.2062,33.235115,33.270058,33.298824,33.321033,33.32263,33.297432,33.243942,33.199543,33.177147,33.17026,33.164715,33.16876,33.172375,33.18074,33.17718,33.149113,33.065205
7.583336,,,,,,,,,,,,,,,,,,,,,,,,,,35.96225,35.895462,35.799965,35.72973,35.723022,35.734406,35.78104,35.789604,35.71147,35.67361,35.57447,35.47847,35.457745,35.505077,35.535625,35.485172,35.414043,35.363647,35.33858,35.309986,35.247066,35.207947,35.20253,35.198277,35.207844,35.20573,35.18881,35.175453,35.16772,35.14606,35.126953,35.108494,35.11447,35.13278,35.15927,35.208336,35.26681,35.31717,35.369465,35.425877,35.46456,35.4933,35.51584,35.536476,35.56139,35.582935,35.599663,35.618523,35.64034,35.66632,35.693855,35.72218,35.753254,35.78439,35.811066,35.834248,35.854023,35.86513,35.870895,35.870068,35.86327,35.842896,35.82514,35.807507,35.777473,35.744106,35.72556,35.72409,35.71563,35.67952,35.6372,35.58471,35.542744,35.51997,35.51009,35.497677,35.487186,35.48123,35.467865,35.459408,35.441143,35.47258,35.50526,35.489574,35.338478,35.21133,35.157837,35.143322,35.1537,35.175644,35.18538,35.173794,35.191177,35.228043,35.25254,35.29346,35.319855,35.34005,35.36302,35.38806,35.389034,35.381546,35.417984,35.45445,35.442703,35.38242,35.29335,35.22406,35.186203,35.169567,35.182835,35.28049,35.443977,35.579567,35.62361,35.61735,35.61345,35.625015,35.617954,35.592785,35.555504,35.52305,35.50252,35.48159,35.46202,35.442593,35.418232,35.394814,35.366554,35.348297,35.344868,35.35401,35.362015,35.36818,35.38195,35.40147,35.4177,35.465546,35.523804,35.58856,35.64407,35.68716,35.71725,35.704113,35.635113,35.568405,35.52646,35.483753,35.43835,35.411316,35.401966,35.401756,35.410023,35.427944,35.439373,35.463867,35.491375,35.50336,35.5097,35.50002,35.485382,35.45867,35.431015,35.41972,35.440594,35.478905,35.517498,35.56162,35.60672,35.64684,35.664963,35.663803,35.64708,35.630894,35.63903,35.681286,35.74441,35.752686,35.736942,35.675526,35.611565,35.540714,35.49473,35.462425,35.459393,35.473816,35.511105,35.54403,35.488834,35.335762,35.290943,35.300472,35.2786,35.28076,35.29875,35.321617,35.31997,35.314396,35.334606,35.35884,35.375103,35.41736,35.476585,35.571663,35.650993,35.712227,35.708286,35.640556,35.545574,35.391224,35.181683,34.97567,34.86886,34.77018,34.759804,34.794662,34.86187,34.91841,34.925144,35.0336,35.130512,35.183334,35.214317,35.201725,35.19721,35.224575,35.320038,35.433002,35.534817,35.645943,35.724216,35.81296,35.929123,35.783825,35.50069,35.40584,35.335358,35.3507,35.361706,35.390533,35.425102,35.41512,35.394787,35.492672,35.638332,35.59725,35.493713,35.31654,35.080086,34.874844,34.791214,34.786533,34.811424,34.74198,34.671154,34.539215,34.395973,34.313015,34.269844,34.273315,34.276157,34.28388,34.317226,34.40421,34.5097,34.567795,34.56685,34.58744,34.58091,34.56742,34.533978,34.43779,34.3635,34.337547,34.37155,34.277412,34.06164,33.924236,33.722218,33.555866,33.52491,33.685097,33.819447,33.825203,33.537704,33.385555,33.43064,33.539036,33.634315,33.678185,33.72284,33.763832,33.80283,33.854713,33.901062,33.936314,33.95525,33.952118,33.931606,33.90594,33.884003,33.855984,33.80516,33.762596,33.707508,33.643497,33.60282,33.544865,33.471966,33.41366,33.42951,33.431698,33.428555,33.479366,33.5599,33.53898,33.553516,33.61778,33.682076,33.772274,33.790028,33.756557,33.6982,33.619568,33.592533,33.602806,33.63113,33.5872,33.53382,33.53352,33.61101,33.56971,33.577896,33.709137,33.94114,33.943604,33.960148,33.98354,33.98342,33.981213,33.896828,33.788082,33.7203,33.711834,33.718822,33.736263,33.715103,33.69303,33.682747,33.673775,33.651073,33.620544,33.58788,33.5625,33.526554,33.53404,33.61075,33.803555,34.027336,33.766243,33.450768,33.31853,,,,,,,,,,,,,,,,,,,,,,,,32.763542,32.86694,32.9236,32.958702,32.968365,33.039864,33.23435,33.42433,33.34283,33.29053,33.22122,33.228058,33.296154,33.40551,33.55111,33.68127,33.82249,33.872303,33.808952,33.683258,33.602844,33.596687,33.562458,33.506954,33.474026,33.467304,33.423492,33.36129,33.33421,33.286095,33.258537,33.201607,33.15805,33.111706,33.07036,33.026207,32.98256,32.937363,32.880814,32.833275,32.81338,32.827675,32.850506,32.85178,32.821396,32.791046,32.750755,32.699875,32.660152,32.682865,32.73215,32.82907,32.967525,33.1093,33.175335,33.160328,33.108032,33.045986,33.002796,32.98298,33.002724,33.018692,33.035965,33.04183,33.044884,32.985554,32.853775,32.76133,32.743763,32.76211,32.761765,32.76367,32.7601,32.7647,32.749542,32.720055,32.702915,32.711338,32.736816,32.76208,32.774784,32.79143,32.814407,32.848225,32.893642,32.9536,33.015564,33.056526,33.09035,33.11354,33.156483,33.19406,33.221783,33.255196,33.291912,33.35094,33.394833,33.400276,33.346638,33.270523,33.23465,33.218163,33.197506,33.186142,33.181858,33.17897,33.17996,33.191746,33.15987
7.5,,,,,,,,,,,,,,,,,,,,,,,,,35.964737,35.937748,35.840233,35.7588,35.725037,35.731033,35.76775,35.803032,35.733185,35.684547,35.62929,35.541885,35.532738,35.583195,35.62801,35.60723,35.540794,35.44234,35.360874,35.332577,35.316498,35.2431,35.20772,35.20247,35.19435,35.19656,35.190887,35.17401,35.163795,35.152,35.12512,35.110107,35.100315,35.114334,35.14248,35.172497,35.221817,35.278233,35.33187,35.38307,35.43349,35.468765,35.498253,35.524265,35.54529,35.56436,35.582035,35.59783,35.620842,35.64618,35.6758,35.70442,35.73347,35.76321,35.79307,35.819027,35.839333,35.852676,35.857178,35.858345,35.859875,35.85296,35.830616,35.808475,35.784863,35.75017,35.72244,35.713734,35.731518,35.738758,35.7137,35.67716,35.62993,35.580063,35.547695,35.527164,35.505653,35.49252,35.487354,35.486366,35.474533,35.47715,35.506973,35.54987,35.47217,35.27244,35.178364,35.14754,35.146736,35.162823,35.196484,35.215134,35.20502,35.214897,35.242195,35.26283,35.298264,35.323742,35.34759,35.37499,35.402187,35.413525,35.4022,35.424366,35.453617,35.45325,35.410465,35.32781,35.250122,35.19751,35.172108,35.16809,35.19488,35.309143,35.471603,35.58544,35.61339,35.602978,35.6088,35.612103,35.591316,35.553196,35.519012,35.502365,35.48339,35.463974,35.44316,35.419773,35.398132,35.374912,35.35313,35.33956,35.3354,35.331936,35.334324,35.350616,35.37233,35.39238,35.445297,35.522873,35.601173,35.656223,35.702328,35.72224,35.67597,35.58005,35.49913,35.447052,35.393604,35.343742,35.318928,35.312607,35.31098,35.314823,35.345352,35.353752,35.375828,35.431786,35.462746,35.468952,35.45634,35.44558,35.438423,35.43082,35.427692,35.444363,35.479176,35.52411,35.569317,35.61276,35.650913,35.673786,35.658344,35.633713,35.61304,35.62168,35.667442,35.722836,35.737408,35.71196,35.63174,35.54691,35.497242,35.48074,35.45419,35.44386,35.45841,35.499973,35.541992,35.483932,35.33145,35.275387,35.29927,35.282616,35.27719,35.292015,35.32487,35.32964,35.329,35.3695,35.413002,35.44149,35.509335,35.58552,35.636906,35.698723,35.74017,35.704082,35.606716,35.498497,35.317837,35.065292,34.9044,34.76804,34.661453,34.67285,34.744686,34.861862,34.971188,35.003086,35.111866,35.222485,35.28719,35.32573,35.339462,35.34184,35.35133,35.401066,35.428757,35.498585,35.55752,35.640938,35.753056,35.650513,35.413338,35.284477,35.33227,35.326603,35.37711,35.39735,35.397457,35.441486,35.416576,35.39602,35.4564,35.59116,35.61893,35.535824,35.39837,35.18623,34.95992,34.78254,34.69734,34.719772,34.71731,34.677116,34.53221,34.386475,34.307343,34.264786,34.267002,34.279415,34.294994,34.321808,34.390884,34.492134,34.54762,34.550724,34.558437,34.562767,34.549343,34.529064,34.42568,34.31628,34.238194,34.30836,34.31845,34.151352,34.032173,33.846146,33.568764,33.500122,33.577328,33.803497,33.84929,33.520805,33.374546,33.443825,33.57033,33.658897,33.706276,33.742073,33.767258,33.81124,33.864025,33.89916,33.930363,33.931965,33.943554,33.94301,33.927082,33.899273,33.866867,33.83105,33.802658,33.7596,33.697067,33.652817,33.612907,33.54509,33.459286,33.43875,33.425213,33.412937,33.435337,33.500637,33.51017,33.581112,33.644722,33.726807,33.802383,33.75328,33.67152,33.641006,33.596283,33.596222,33.616596,33.609337,33.57702,33.55225,33.56376,33.58383,33.559067,33.603928,33.727367,33.945755,33.900482,33.894524,33.881172,33.85183,33.821613,33.755215,33.737038,33.75616,33.827225,33.88316,33.894604,33.877758,33.834396,33.799603,33.757633,33.71256,33.68017,33.629547,33.592125,33.53923,33.518936,33.59826,33.796688,33.991558,33.755173,33.41695,33.282898,,,,,,,,,,,,,,,,,,,,,,,,32.715424,32.82081,32.92674,32.96404,33.00761,33.144382,33.466476,33.29992,33.302124,33.22505,33.191803,33.217316,33.272926,33.375294,33.506317,33.63925,33.78405,33.84108,33.7734,33.659523,33.581055,33.57121,33.547745,33.497597,33.45506,33.44299,33.41966,33.377167,33.34365,33.3054,33.280346,33.227016,33.188145,33.151867,33.11635,33.072994,33.024048,32.973145,32.932434,32.890488,32.867165,32.859188,32.87135,32.87341,32.837746,32.79104,32.743008,32.68611,32.64463,32.65122,32.699844,32.77768,32.90314,33.059937,33.161633,33.189445,33.174988,33.145756,33.11278,33.08775,33.086933,33.098648,33.08472,33.02793,32.95089,32.83076,32.73288,32.701702,32.690838,32.679897,32.680225,32.705685,32.7228,32.727955,32.716045,32.692745,32.668747,32.672565,32.693077,32.717075,32.730225,32.739094,32.74447,32.75712,32.79136,32.852306,32.930805,32.98139,33.017666,33.036457,33.080185,33.11625,33.136917,33.16236,33.195107,33.26367,33.339657,33.403812,33.433365,33.398907,33.34668,33.308918,33.259277,33.2386,33.22101,33.206985,33.189358,33.199707,33.2078
7.4166718,,,,,,,,,,,,,,,,,,,,,,,,,35.94322,35.891197,35.79249,35.737488,35.732407,35.75913,35.798706,35.763294,35.695415,35.673145,35.60597,35.58216,35.632664,35.67697,35.692352,35.66716,35.600735,35.46065,35.348213,35.324284,35.312958,35.23587,35.210384,35.20573,35.197258,35.195103,35.184834,35.16026,35.14588,35.12533,35.099827,35.096554,35.09637,35.116577,35.155235,35.18996,35.238293,35.29089,35.345695,35.392464,35.426792,35.470657,35.498722,35.525738,35.5452,35.562622,35.58076,35.60241,35.626785,35.652203,35.68088,35.71273,35.74415,35.771904,35.79789,35.82555,35.84403,35.850773,35.84747,35.84094,35.838142,35.830227,35.80913,35.78447,35.75972,35.73027,35.713856,35.721172,35.762333,35.775726,35.755783,35.724106,35.68713,35.646065,35.609062,35.57584,35.539772,35.515793,35.508068,35.50429,35.49521,35.518883,35.549744,35.570053,35.386284,35.209064,35.158356,35.14364,35.15494,35.17977,35.221836,35.251846,35.273766,35.281242,35.288227,35.301777,35.32308,35.338276,35.356525,35.384007,35.40446,35.419937,35.421474,35.439514,35.458195,35.445835,35.402287,35.333282,35.260796,35.21187,35.16931,35.156246,35.163578,35.21842,35.348083,35.498173,35.587254,35.603092,35.60189,35.600414,35.58444,35.55173,35.51918,35.495255,35.47456,35.455486,35.435192,35.413296,35.394295,35.374653,35.356827,35.34425,35.331505,35.322502,35.319317,35.333553,35.35514,35.389038,35.45638,35.54858,35.62709,35.683346,35.7225,35.71285,35.622513,35.503605,35.415745,35.3581,35.311546,35.270206,35.251583,35.251427,35.265934,35.261276,35.274437,35.2821,35.299385,35.35171,35.378677,35.373642,35.367313,35.38233,35.401073,35.421562,35.43812,35.461895,35.49054,35.52756,35.565247,35.604183,35.64452,35.66198,35.63099,35.601635,35.58509,35.60484,35.67171,35.718437,35.728256,35.669304,35.582832,35.49972,35.466984,35.448383,35.43138,35.436913,35.452824,35.488586,35.5336,35.452797,35.330643,35.270412,35.29939,35.27389,35.275826,35.30255,35.33611,35.35334,35.35465,35.394016,35.445778,35.498604,35.57879,35.6288,35.675926,35.72398,35.709545,35.66161,35.573803,35.426937,35.186672,34.966217,34.840744,34.709927,34.61083,34.653107,34.72191,34.870758,34.998085,35.110332,35.20846,35.31328,35.366524,35.39357,35.433674,35.438553,35.449646,35.46948,35.457535,35.489536,35.478447,35.476322,35.369568,35.190594,35.157303,35.199406,35.310734,35.344242,35.40959,35.410114,35.44021,35.489025,35.465862,35.437428,35.485756,35.59505,35.63935,35.567047,35.45077,35.251244,35.04568,34.84705,34.68888,34.638405,34.65603,34.653316,34.548306,34.422916,34.33429,34.279083,34.27704,34.305676,34.335876,34.36103,34.414116,34.517826,34.5448,34.53419,34.523888,34.52192,34.521248,34.506847,34.426167,34.297943,34.184467,34.21601,34.278057,34.22697,34.152416,34.091164,33.952847,33.769917,33.687824,33.922363,33.887245,33.477455,33.36004,33.465904,33.609642,33.691208,33.72681,33.741844,33.756138,33.808666,33.8557,33.883297,33.89204,33.88692,33.888073,33.895668,33.90846,33.900146,33.86746,33.831318,33.800964,33.77329,33.73193,33.68823,33.651978,33.60309,33.52252,33.474113,33.439354,33.42478,33.426506,33.47582,33.506657,33.599266,33.67688,33.766933,33.738396,33.66787,33.64424,33.637234,33.61946,33.60205,33.61116,33.601055,33.558086,33.532,33.527065,33.565754,33.55683,33.604454,33.74425,33.913734,33.831673,33.791473,33.786686,33.75024,33.76263,33.77392,33.87536,33.96408,34.035786,34.063484,34.03281,33.979164,33.89263,33.82364,33.747272,33.66857,33.637432,33.59899,33.57541,33.530228,33.496723,33.544624,33.70668,33.862045,33.804478,33.421715,33.320778,,,,,,,,,,,,,,,,,,,,,,,,,32.817448,32.93898,33.023216,33.092937,33.341206,33.447334,33.255474,33.25311,33.171253,33.19341,33.201538,33.236637,33.305794,33.414314,33.547596,33.705753,33.762035,33.70576,33.61111,33.542908,33.520542,33.50588,33.46122,33.41929,33.403923,33.40586,33.379494,33.34217,33.31003,33.290527,33.248333,33.207153,33.17191,33.14112,33.10037,33.051365,32.995285,32.96196,32.931427,32.90847,32.90072,32.892704,32.88053,32.850533,32.800816,32.74467,32.68637,32.63987,32.634228,32.662918,32.714878,32.810944,32.956238,33.093605,33.166935,33.187218,33.155315,33.1456,33.116753,33.081867,33.041958,32.981606,32.87976,32.767853,32.67966,32.640903,32.60658,32.58312,32.578434,32.603867,32.634644,32.670273,32.68333,32.684025,32.66833,32.651215,32.6537,32.668457,32.683567,32.69008,32.692616,32.69016,32.688175,32.6949,32.72724,32.796818,32.857876,32.89782,32.921463,32.949734,32.98068,33.00583,33.0349,33.066605,33.122547,33.19599,33.279186,33.38408,33.47128,33.490635,33.444057,33.36189,33.327816,33.301926,33.262493,33.229824,33.21119,33.222736
7.333336,,,,,,,,,,,,,,,,,,,,,,,,35.938457,35.92849,35.839443,35.75605,35.735092,35.74792,35.79008,35.785507,35.713985,35.699745,35.66279,35.626236,35.655262,35.686077,35.70453,35.711674,35.698303,35.613003,35.45618,35.339245,35.320335,35.305134,35.23306,35.219376,35.209106,35.19906,35.186672,35.173256,35.143345,35.12524,35.100998,35.08374,35.086575,35.092567,35.113937,35.162327,35.20929,35.257946,35.307106,35.35171,35.390472,35.425045,35.46865,35.49222,35.519547,35.540836,35.56128,35.582912,35.605217,35.629204,35.65595,35.68701,35.717617,35.747684,35.77453,35.799976,35.82547,35.84179,35.847317,35.836964,35.822838,35.81469,35.805145,35.783882,35.757816,35.738255,35.72229,35.724976,35.75725,35.80845,35.822975,35.80745,35.773914,35.7343,35.693855,35.650013,35.607082,35.566303,35.541603,35.537468,35.535362,35.548122,35.569054,35.58552,35.49165,35.2627,35.17894,35.15339,35.149708,35.180668,35.21988,35.263824,35.30902,35.337627,35.34968,35.35715,35.35555,35.35709,35.360985,35.372585,35.3952,35.41059,35.41749,35.420723,35.437176,35.456238,35.43455,35.38909,35.34166,35.25974,35.19428,35.16268,35.15032,35.147427,35.168667,35.254166,35.392963,35.523327,35.591995,35.606575,35.595028,35.574757,35.550686,35.52269,35.49241,35.46264,35.444607,35.425972,35.405914,35.38368,35.36562,35.35243,35.34643,35.333057,35.324207,35.320667,35.33109,35.355453,35.41042,35.499554,35.598534,35.6654,35.70848,35.726044,35.66946,35.539574,35.420254,35.340576,35.283566,35.232384,35.19954,35.192566,35.19215,35.203506,35.217377,35.226063,35.235687,35.2492,35.275524,35.285995,35.27339,35.26849,35.300247,35.34633,35.389015,35.42825,35.465725,35.493618,35.519806,35.541637,35.576935,35.617245,35.63267,35.59588,35.558914,35.551517,35.591953,35.667427,35.710182,35.71288,35.61429,35.492977,35.426483,35.39867,35.402557,35.399014,35.41351,35.435184,35.458004,35.487156,35.40487,35.2959,35.257774,35.28687,35.26805,35.26328,35.298122,35.34629,35.370514,35.37308,35.42133,35.485706,35.545788,35.625294,35.672413,35.716,35.738422,35.70985,35.62832,35.54081,35.312763,35.03511,34.885513,34.76752,34.673183,34.59865,34.633415,34.700047,34.84997,35.0195,35.185627,35.32116,35.39087,35.36359,35.364086,35.39632,35.376358,35.37703,35.334183,35.247696,35.298683,35.111042,34.920296,34.893375,34.925304,35.05655,35.17988,35.276615,35.345135,35.418873,35.445747,35.485165,35.546276,35.537304,35.51476,35.554295,35.613148,35.659424,35.58648,35.430264,35.220634,35.0457,34.862267,34.702538,34.600704,34.60319,34.613983,34.574467,34.49552,34.403717,34.339897,34.31734,34.346107,34.373455,34.410736,34.442017,34.52386,34.54394,34.523434,34.489426,34.4792,34.474743,34.453342,34.369072,34.241848,34.124626,34.151844,34.163586,34.221195,34.202477,34.20494,34.144005,34.14113,33.97048,34.096703,33.81147,33.337254,33.34139,33.492733,33.635227,33.705086,33.73354,33.738304,33.74096,33.78479,33.820625,33.828457,33.838104,33.81901,33.81958,33.83028,33.86206,33.884235,33.861904,33.825344,33.78599,33.752396,33.72139,33.69102,33.663456,33.620514,33.556786,33.5064,33.463554,33.437263,33.45336,33.474598,33.545883,33.642418,33.720577,33.738506,33.696815,33.660374,33.661125,33.65027,33.610016,33.592297,33.577568,33.523376,33.458046,33.46981,33.495758,33.54012,33.563293,33.611626,33.802963,33.878735,33.78287,33.753204,33.765854,33.786804,33.866455,33.953438,34.077736,34.13999,34.168346,34.152718,34.06766,33.9764,33.879505,33.78011,33.67351,33.577564,33.5088,33.486916,33.508373,33.49873,33.474934,33.48418,33.605755,33.736374,33.741493,33.537933,33.454136,,,,,,,,,,,,,,,,,,,,,,,,,32.832603,32.955395,33.058407,33.20083,33.500637,33.293056,33.232285,33.178013,33.161304,33.187973,33.189087,33.19739,33.224167,33.30377,33.42623,33.557068,33.61543,33.579662,33.518036,33.46314,33.4431,33.42278,33.388496,33.355484,33.347244,33.35999,33.370663,33.347607,33.324863,33.307777,33.283707,33.23895,33.19599,33.160988,33.122967,33.07358,33.017643,32.978653,32.95638,32.93032,32.916683,32.903522,32.888584,32.85778,32.815823,32.75591,32.701668,32.648823,32.62545,32.626842,32.64522,32.695995,32.80664,32.95627,33.081673,33.13336,33.11166,33.07556,33.04588,32.976696,32.88143,32.77947,32.668636,32.581738,32.52542,32.48846,32.460842,32.450817,32.473133,32.52112,32.56587,32.625195,32.644955,32.657665,32.65411,32.63469,32.634285,32.647114,32.657696,32.664177,32.665867,32.660206,32.647133,32.639847,32.640224,32.679256,32.723854,32.765594,32.807667,32.82208,32.8467,32.888145,32.930603,32.98148,33.03744,33.087856,33.14022,33.241707,33.377644,33.528633,33.596817,33.539577,33.48452,33.42937,33.35472,33.297382,33.25408,33.246555
7.25,,,,,,,,,,,,,,,,,,,,,,,35.90522,35.919502,35.882084,35.796513,35.745075,35.744186,35.780243,35.801514,35.73419,35.716663,35.70339,35.666378,35.669983,35.684586,35.691998,35.71182,35.716576,35.6822,35.585777,35.44574,35.339,35.316128,35.298775,35.236546,35.233017,35.21474,35.195854,35.174927,35.15555,35.117817,35.100838,35.080627,35.067665,35.073112,35.085754,35.112293,35.16268,35.207436,35.257477,35.303627,35.346966,35.38305,35.41913,35.456192,35.489006,35.512882,35.534233,35.55605,35.57709,35.60082,35.62731,35.656162,35.68907,35.721848,35.75182,35.775845,35.798653,35.81981,35.8337,35.83602,35.82563,35.80656,35.79524,35.78226,35.762005,35.74756,35.74043,35.74317,35.76554,35.812576,35.856358,35.86336,35.855446,35.822586,35.784916,35.743877,35.69438,35.6484,35.61316,35.59956,35.596096,35.604973,35.606346,35.584446,35.507355,35.279125,35.18837,35.178345,35.17678,35.183655,35.22579,35.276936,35.328144,35.37165,35.397694,35.40294,35.39867,35.3927,35.38774,35.385387,35.397247,35.417004,35.422268,35.41345,35.41188,35.424488,35.44391,35.42102,35.369804,35.3219,35.261555,35.184105,35.146362,35.14266,35.142365,35.14876,35.19459,35.300102,35.438183,35.552547,35.60432,35.599224,35.573055,35.545067,35.51829,35.48781,35.45812,35.436726,35.418224,35.399364,35.37611,35.355713,35.343063,35.339363,35.333393,35.328293,35.32518,35.338028,35.38342,35.462452,35.569454,35.65281,35.692318,35.71463,35.693756,35.59046,35.451195,35.337105,35.268124,35.211754,35.157673,35.128304,35.129715,35.143566,35.16273,35.196274,35.21121,35.209167,35.20237,35.203617,35.20656,35.19825,35.193176,35.216965,35.264183,35.321724,35.381077,35.429012,35.46034,35.47882,35.496326,35.533546,35.575314,35.58785,35.549152,35.518356,35.533638,35.585724,35.663303,35.697952,35.669407,35.54561,35.423298,35.371902,35.343044,35.341984,35.354473,35.379192,35.39779,35.427277,35.439182,35.356354,35.265297,35.24821,35.262238,35.240532,35.236748,35.259647,35.323593,35.377827,35.411793,35.455757,35.528217,35.588543,35.68733,35.75736,35.7797,35.760994,35.712234,35.618763,35.48836,35.17095,34.926586,34.81191,34.72761,34.657326,34.633446,34.66003,34.700546,34.84521,35.04829,35.27497,35.41396,35.400444,35.24332,35.161297,35.168285,35.113995,35.074455,34.939087,34.87349,34.852688,34.82546,34.797684,34.828674,34.931713,35.026913,35.101784,35.170547,35.303776,35.390137,35.511017,35.582355,35.65262,35.63953,35.617443,35.62761,35.649513,35.667652,35.577244,35.375244,35.18159,35.021294,34.86098,34.693394,34.58955,34.551025,34.555984,34.531193,34.507896,34.45892,34.412178,34.398617,34.410667,34.42439,34.427105,34.488045,34.51052,34.525833,34.49864,34.451088,34.44746,34.430058,34.356697,34.273094,34.15681,34.101597,34.065426,34.170643,34.11683,34.17078,34.144127,34.14042,34.110138,34.036068,34.087452,33.41147,33.281113,33.352657,33.53607,33.66768,33.71788,33.73569,33.73043,33.723694,33.7463,33.774197,33.757206,33.77705,33.755356,33.738396,33.76269,33.805134,33.835197,33.82969,33.79658,33.753963,33.721085,33.690197,33.67255,33.652946,33.619305,33.569508,33.526287,33.488934,33.451572,33.450462,33.499165,33.61139,33.65022,33.762062,33.739666,33.662724,33.584736,33.580864,33.62362,33.585903,33.535156,33.485718,33.408344,33.398296,33.417313,33.453537,33.565628,33.62504,33.69984,33.873234,33.849434,33.76223,33.751064,33.79561,33.863865,33.963722,34.051273,34.131626,34.157745,34.149765,34.107815,34.050953,33.988407,33.90112,33.781025,33.650448,33.517582,33.402225,33.342705,33.381233,33.454773,33.457882,33.447617,33.53216,33.71169,33.667446,33.438084,33.421482,,,,,,,,,,,,,,,,,,,,,,,,,32.824802,32.934986,33.10241,33.33485,33.462353,33.208298,33.2248,33.13171,33.16502,33.183582,33.177387,33.181175,33.191235,33.22873,33.31934,33.380318,33.403687,33.386227,33.349537,33.31708,33.30165,33.2881,33.2576,33.24507,33.25224,33.27871,33.304485,33.316616,33.323368,33.326164,33.3217,33.286484,33.247593,33.201313,33.158463,33.097427,33.03524,32.986362,32.95827,32.930252,32.90374,32.884014,32.870445,32.850456,32.820557,32.781574,32.73663,32.684235,32.644596,32.62466,32.619576,32.61931,32.657085,32.76268,32.92852,33.02876,33.05463,33.00384,32.93776,32.846195,32.70825,32.57867,32.474678,32.403797,32.355625,32.330303,32.33777,32.35832,32.40924,32.47383,32.526012,32.578102,32.60698,32.625233,32.629745,32.619446,32.619484,32.635956,32.651882,32.666924,32.67425,32.66964,32.650276,32.632687,32.624454,32.629787,32.65526,32.68718,32.73232,32.755116,32.782394,32.83801,32.907093,32.983574,33.042637,33.08495,33.116924,33.178905,33.268192,33.429188,33.586372,33.686584,33.692135,33.60907,33.504856,33.4253,33.355503,33.3262
7.1666718,,,,,,,,,,,,,,,,,,,,,,35.884773,35.902786,35.898746,35.844276,35.762264,35.746883,35.76752,35.802483,35.758663,35.73083,35.731396,35.699806,35.691357,35.68408,35.6874,35.69913,35.721138,35.707333,35.64667,35.552914,35.443073,35.349182,35.319897,35.28557,35.245087,35.239803,35.208424,35.182976,35.153145,35.13268,35.090088,35.078087,35.066257,35.05628,35.059402,35.07468,35.096706,35.146904,35.19762,35.248035,35.294727,35.340115,35.37505,35.411945,35.450264,35.47958,35.503296,35.52363,35.543713,35.567337,35.590416,35.617496,35.649406,35.686466,35.723145,35.75573,35.78221,35.803196,35.818264,35.823868,35.821735,35.809277,35.79018,35.777058,35.768112,35.75453,35.749363,35.753216,35.771923,35.803,35.840748,35.86588,35.869705,35.862892,35.846577,35.814365,35.776463,35.73009,35.68327,35.650543,35.636974,35.628063,35.609444,35.570786,35.477932,35.26345,35.173737,35.170494,35.195927,35.228916,35.256496,35.299988,35.352543,35.391514,35.422497,35.43682,35.426075,35.418396,35.414562,35.409286,35.40217,35.413067,35.43076,35.42834,35.40131,35.393513,35.401108,35.40292,35.382984,35.341713,35.28576,35.236256,35.173306,35.128017,35.123703,35.133644,35.140602,35.16271,35.23455,35.355247,35.48751,35.573963,35.596336,35.57668,35.544796,35.510586,35.480522,35.452644,35.426064,35.405594,35.38718,35.366077,35.34605,35.3345,35.332615,35.33339,35.32971,35.326744,35.354786,35.429375,35.541786,35.643074,35.69145,35.693775,35.681385,35.61552,35.496304,35.360874,35.253666,35.18166,35.13263,35.084602,35.052944,35.03843,35.048206,35.095856,35.14682,35.15561,35.129646,35.108585,35.116264,35.12788,35.13176,35.131733,35.15523,35.200573,35.254803,35.305923,35.351063,35.38878,35.410904,35.434708,35.48181,35.531418,35.52563,35.49071,35.488075,35.524513,35.585415,35.65252,35.661713,35.582466,35.436638,35.3476,35.303825,35.279346,35.283283,35.315723,35.356796,35.37521,35.41879,35.405457,35.315437,35.227173,35.21735,35.233227,35.204933,35.185234,35.163467,35.242157,35.34731,35.39763,35.44513,35.495342,35.59616,35.74389,35.80933,35.80071,35.767097,35.72705,35.633316,35.44103,35.097004,34.91939,34.803818,34.75959,34.68434,34.66721,34.660984,34.65489,34.76201,35.00827,35.307446,35.449635,35.32145,35.03948,34.923462,34.858345,34.772636,34.762413,34.774693,34.81211,34.82306,34.79462,34.78053,34.763096,34.794003,34.823456,34.882504,34.966015,35.14164,35.295204,35.53645,35.65613,35.73691,35.725197,35.705494,35.689865,35.68163,35.664272,35.526714,35.314407,35.153088,35.010727,34.853065,34.702927,34.58398,34.506016,34.496716,34.47155,34.462967,34.449097,34.449154,34.438744,34.443554,34.448936,34.442753,34.506912,34.51044,34.513977,34.466064,34.42278,34.426052,34.392906,34.306946,34.20966,34.11124,34.071815,34.041115,34.188393,33.970097,34.02906,34.025043,34.114033,33.829853,33.86688,33.764084,33.300545,33.28347,33.380016,33.57024,33.684788,33.72034,33.727974,33.72266,33.70513,33.711334,33.721848,33.71242,33.715477,33.7019,33.700268,33.722424,33.76218,33.78857,33.77857,33.742275,33.70412,33.671944,33.64598,33.63836,33.62665,33.593002,33.549706,33.511883,33.488884,33.48455,33.501244,33.53998,33.56459,33.712257,33.75402,33.69344,33.5515,33.535873,33.58665,33.581196,33.493683,33.42316,33.372684,33.352142,33.359562,33.413788,33.542156,33.658,33.706287,33.819393,33.896545,33.819588,33.764843,33.799713,33.853924,33.91465,33.995266,34.029346,34.04077,34.04842,34.036232,33.973198,33.913567,33.856937,33.810623,33.7328,33.660534,33.59175,33.467888,33.34414,33.279392,33.329655,33.40157,33.425213,33.424072,33.56592,33.605137,33.404064,33.342396,,,,,,,,,,,,,,,,,,,,,,,,,32.853092,32.968884,33.158207,33.47033,33.310738,33.21464,33.208416,33.14645,33.168404,33.179264,33.19565,33.188156,33.1864,33.204777,33.224125,33.233803,33.216812,33.194614,33.175797,33.146458,33.13188,33.11298,33.09725,33.10073,33.122993,33.149918,33.18183,33.212925,33.250954,33.292202,33.32076,33.31956,33.305393,33.273857,33.222157,33.140488,33.046158,32.97822,32.938667,32.903202,32.864426,32.83647,32.824436,32.79935,32.792557,32.783073,32.76443,32.72845,32.6916,32.663895,32.635895,32.595676,32.564014,32.5865,32.69198,32.834415,32.93181,32.91737,32.82082,32.711815,32.5882,32.4749,32.377747,32.31828,32.287052,32.28989,32.30409,32.32607,32.376934,32.440384,32.486553,32.51755,32.539265,32.56376,32.589085,32.60148,32.606583,32.628086,32.652603,32.68023,32.705597,32.709187,32.688442,32.663338,32.652718,32.65951,32.668674,32.692043,32.725597,32.76547,32.807278,32.885475,32.96953,33.058556,33.107777,33.148506,33.171253,33.20769,33.25454,33.35729,33.496593,33.650585,33.790276,33.800682,33.707024,33.609695,33.51161,33.423115
7.083336,,,,,,,,,,,,,,,,,,,,,,35.87153,35.890507,35.868366,35.807537,35.756317,35.757343,35.795475,35.788723,35.740086,35.746456,35.728466,35.708164,35.69696,35.68221,35.689915,35.718346,35.726784,35.68823,35.60134,35.511066,35.427067,35.362125,35.331387,35.28648,35.247997,35.24286,35.19858,35.164593,35.13542,35.10852,35.063423,35.05682,35.05257,35.048306,35.050343,35.06944,35.092392,35.137417,35.188877,35.24007,35.28973,35.336056,35.370857,35.405987,35.44469,35.46943,35.490932,35.512417,35.528072,35.54428,35.567547,35.59642,35.63308,35.672165,35.71213,35.75107,35.78538,35.809326,35.82012,35.8198,35.814167,35.800835,35.783592,35.766716,35.759483,35.75405,35.75145,35.761757,35.784332,35.806232,35.817078,35.826508,35.824802,35.819942,35.809578,35.781124,35.752,35.70614,35.663303,35.622993,35.588516,35.553913,35.497765,35.43117,35.26721,35.174595,35.17835,35.202747,35.241547,35.292732,35.336357,35.37651,35.409218,35.430172,35.44249,35.437183,35.42814,35.42251,35.418842,35.411922,35.406357,35.42039,35.432785,35.41891,35.37281,35.370472,35.371887,35.35278,35.319733,35.292507,35.255894,35.206013,35.149155,35.112614,35.10392,35.119045,35.133545,35.146214,35.192036,35.28842,35.413097,35.516514,35.56701,35.567253,35.53946,35.504997,35.476265,35.446995,35.412865,35.386368,35.36807,35.34291,35.323814,35.319405,35.32613,35.333614,35.332767,35.33067,35.385914,35.50475,35.618008,35.676502,35.683033,35.64774,35.593445,35.507183,35.380013,35.246777,35.149326,35.093266,35.051228,34.997124,34.95542,34.94066,34.961403,35.00765,35.044445,35.03224,34.991657,34.99016,35.018723,35.060387,35.088333,35.09816,35.118843,35.148975,35.189884,35.222878,35.264637,35.30875,35.335667,35.370007,35.414536,35.450798,35.448174,35.441067,35.46849,35.521458,35.58018,35.611164,35.577297,35.4432,35.3049,35.26788,35.236137,35.23627,35.245937,35.29343,35.335686,35.351673,35.37547,35.344788,35.251026,35.18796,35.193394,35.193962,35.16535,35.142517,35.10635,35.14945,35.272133,35.372192,35.45084,35.48769,35.5808,35.73083,35.79132,35.75643,35.693466,35.694424,35.615437,35.395626,35.106796,34.93692,34.87818,34.802673,34.7191,34.696102,34.66283,34.6159,34.736553,34.98065,35.30354,35.425674,35.118534,34.801582,34.66939,34.618748,34.689842,34.739662,34.795834,34.781776,34.721203,34.656326,34.59543,34.555195,34.59622,34.624493,34.65514,34.774643,34.87037,35.0575,35.331028,35.53477,35.810474,35.84951,35.824738,35.79951,35.709988,35.687206,35.5196,35.2532,35.1033,34.98921,34.876312,34.753242,34.603714,34.487183,34.44522,34.41207,34.411877,34.40987,34.43802,34.43437,34.459415,34.45485,34.452084,34.505234,34.512897,34.495327,34.426872,34.39191,34.388535,34.34996,34.243423,34.14433,34.086617,34.04549,34.04806,34.04084,33.938755,,,33.905003,33.58192,33.60358,33.567303,33.280056,33.286102,33.408955,33.599907,33.694324,33.724033,33.731342,33.714348,33.680378,33.664154,33.671455,33.658955,33.660862,33.659027,33.679207,33.695526,33.73109,33.740364,33.71556,33.6811,33.657154,33.61636,33.59809,33.587406,33.575726,33.55794,33.53143,33.51435,33.500538,33.494007,33.50759,33.561943,33.670593,33.756493,33.729576,33.61262,33.52336,33.548214,33.540745,33.469322,33.38702,33.3457,33.331646,33.33539,33.425434,33.555668,33.676987,33.7831,33.82604,33.91111,33.921932,33.861843,33.84974,33.900494,33.91753,33.934105,33.938816,33.9193,33.864105,33.82077,33.771282,33.709843,33.667023,33.623917,33.602215,33.58456,33.56205,33.530422,33.497837,33.41576,33.309074,33.253334,33.31394,33.394318,33.37447,33.43888,33.463764,33.36264,33.244133,,,,,,,,,,,,,,,,,,,,,,,,,32.86845,32.9861,33.2601,33.528397,33.21899,33.226788,33.212532,33.157036,33.18261,33.16494,33.200153,33.202717,33.200314,33.178196,33.15603,33.132618,33.10763,33.073185,33.05553,33.01274,32.99781,32.97794,32.966087,32.969658,32.98088,32.99301,33.017223,33.05677,33.108326,33.163284,33.219902,33.26727,33.29177,33.306873,33.286564,33.213852,33.091652,32.97916,32.918243,32.88538,32.84598,32.801346,32.770374,32.75063,32.741386,32.748768,32.75152,32.744835,32.732265,32.71577,32.68169,32.62627,32.559063,32.505733,32.501087,32.56895,32.66976,32.727184,32.6727,32.568848,32.486732,32.419617,32.35967,32.309566,32.28596,32.296364,32.315197,32.32502,32.362915,32.40187,32.41778,32.42429,32.437927,32.47122,32.51205,32.55553,32.583904,32.61699,32.63997,32.676872,32.725075,32.755447,32.747166,32.715057,32.700844,32.718876,32.735058,32.75334,32.79957,32.843132,32.900345,32.98956,33.06422,33.13252,33.17233,33.22752,33.26753,33.316982,33.364586,33.428787,33.51334,33.63467,33.802216,33.891438,33.847267,33.77014,33.681335,33.571327
7.0,,,,,,,,,,,,,,,,,,,,,35.885662,35.873043,35.876236,35.840282,35.78666,35.75918,35.779102,35.802113,35.751366,35.74965,35.75367,35.725567,35.713894,35.68455,35.67932,35.705627,35.73201,35.72124,35.65802,35.558086,35.471462,35.413166,35.380375,35.343616,35.283493,35.257668,35.23676,35.190372,35.15208,35.117825,35.086338,35.044743,35.036102,35.03481,35.034275,35.0398,35.064808,35.095406,35.13618,35.186237,35.235794,35.281784,35.32733,35.363594,35.398914,35.434704,35.45499,35.474392,35.492855,35.50157,35.515972,35.53835,35.569107,35.607185,35.64704,35.68368,35.725136,35.767975,35.80179,35.818993,35.816177,35.81122,35.799274,35.78262,35.767963,35.757008,35.75573,35.756657,35.762997,35.773518,35.772305,35.759876,35.752766,35.73615,35.720886,35.70518,35.67672,35.646053,35.60018,35.554253,35.50703,35.45226,35.39298,35.326126,35.237183,35.16458,35.164417,35.194626,35.245415,35.30359,35.357674,35.389587,35.413147,35.424667,35.424854,35.41468,35.404354,35.40324,35.403187,35.403778,35.401608,35.401505,35.417774,35.42392,35.3896,35.356033,35.35218,35.33908,35.317337,35.27942,35.24229,35.216827,35.189655,35.13938,35.10068,35.084934,35.096905,35.118732,35.13199,35.161648,35.23197,35.33718,35.439102,35.509197,35.532967,35.520367,35.49134,35.460056,35.425694,35.388332,35.360126,35.345085,35.31987,35.302097,35.30698,35.321995,35.33564,35.3408,35.348503,35.453186,35.58159,35.65002,35.65918,35.62426,35.551624,35.477173,35.364967,35.22958,35.12329,35.058445,35.01201,34.978603,34.929256,34.883625,34.872982,34.889565,34.91618,34.936592,34.93703,34.917492,34.915264,34.95607,35.01036,35.04472,35.06097,35.074062,35.094868,35.128483,35.162262,35.19754,35.235085,35.26537,35.30292,35.353745,35.376083,35.37772,35.40081,35.463577,35.542435,35.596836,35.57655,35.47184,35.29332,35.222794,35.20329,35.19276,35.20195,35.24637,35.298286,35.312138,35.329163,35.348488,35.30626,35.193245,35.12781,35.159397,35.187,35.137817,35.118416,35.111835,35.16718,35.2845,35.407402,35.48119,35.544056,35.651398,35.744007,35.758183,35.71554,35.690315,35.69608,35.629417,35.344994,35.124527,34.985287,34.898956,34.78719,34.701176,34.674477,34.624325,34.57635,34.715946,34.987198,35.313953,35.356937,34.877125,34.60442,34.54102,34.624,34.662292,34.640827,34.586777,34.521973,34.478794,34.448048,34.432957,34.446175,34.474182,34.477024,34.509926,34.575703,34.635864,34.7457,34.90214,34.94422,35.336792,35.491627,35.82507,35.8764,35.816128,35.673824,35.38922,35.139095,35.027103,34.972446,34.907692,34.81027,34.67169,34.54359,34.46687,34.433136,34.40853,34.4047,34.425587,34.427227,34.479496,34.45599,34.460438,34.492306,34.48887,34.444775,34.373974,34.33927,34.33666,34.316013,34.211952,34.090584,34.058743,34.03279,34.004646,33.942623,33.878826,33.908127,33.903934,33.787693,33.536156,33.586304,,33.274006,33.292007,33.435913,33.61706,33.694183,33.721508,33.72841,33.707027,33.665215,33.63532,33.631657,33.62586,33.62099,33.623363,33.647537,33.66347,33.685863,33.674335,33.642742,33.623253,33.602566,33.57756,33.549217,33.5368,33.540417,33.533226,33.5147,33.49668,33.490143,33.507114,33.561604,33.669254,33.760513,33.75617,33.70303,33.556637,33.520508,33.51288,33.434765,33.390182,33.356617,33.340572,33.40345,33.51839,33.637516,33.744595,33.8559,33.90165,33.909004,33.96411,33.9537,33.92015,33.91184,33.93612,33.912586,33.872158,33.77775,33.693005,33.585133,33.5057,33.442295,33.40216,33.383068,33.36815,33.367764,33.380215,33.412495,33.432526,33.43259,33.418503,33.365772,33.299236,33.28182,33.346165,33.33434,33.344048,33.303688,33.35311,33.23092,,,,,,,,,,,,,,,,,,,,,,,,,32.891018,33.02344,33.37499,33.48218,33.220276,33.26448,33.212563,33.171494,33.191193,33.17792,33.2276,33.223625,33.210613,33.174713,33.13885,33.09664,33.06908,33.042267,33.00688,32.956657,32.935402,32.923454,32.916958,32.89824,32.891846,32.89078,32.896553,32.919975,32.949852,32.979958,33.015636,33.07017,33.138325,33.215115,33.263,33.266586,33.1983,33.063255,32.94535,32.88472,32.857456,32.79839,32.735924,32.709126,32.691227,32.684162,32.69629,32.70785,32.715317,32.721756,32.710888,32.67474,32.609898,32.53955,32.467636,32.42319,32.42252,32.45821,32.460743,32.4421,32.419453,32.36314,32.344017,32.307175,32.289112,32.30129,32.310143,32.30741,32.32411,32.339283,32.33116,32.320854,32.33615,32.3772,32.411045,32.469364,32.52399,32.584946,32.62306,32.660385,32.72282,32.78678,32.810165,32.78375,32.76134,32.791912,32.81772,32.843147,32.883793,32.928333,32.998917,33.080574,33.13298,33.171635,33.21405,33.29353,33.360817,33.43409,33.517773,33.596287,33.67646,33.749763,33.861492,33.983513,33.968575,33.912964,33.826263,33.730625
6.9166718,,,,,,,,,,,,,,,,,,,,,35.883904,35.867737,35.857002,35.81928,35.774998,35.765938,35.7926,35.78251,35.747776,35.76819,35.750126,35.727516,35.700573,35.67261,35.68344,35.71967,35.740536,35.708836,35.63478,35.53216,35.44101,35.39791,35.38135,35.361294,35.291367,35.266647,35.240135,35.198975,35.15281,35.105022,35.066788,35.03247,35.021896,35.022884,35.028015,35.033855,35.060165,35.088238,35.133083,35.179577,35.22455,35.267635,35.308605,35.34649,35.382328,35.408882,35.428936,35.452374,35.47057,35.48154,35.490147,35.51064,35.538715,35.57693,35.61475,35.650913,35.6884,35.733063,35.775646,35.80706,35.81386,35.8023,35.79723,35.789677,35.77979,35.76705,35.757248,35.748653,35.74904,35.737976,35.713776,35.685623,35.66247,35.630478,35.602478,35.577034,35.545498,35.509388,35.46375,35.414654,35.359364,35.308903,35.260376,35.214695,35.18369,35.19681,35.230537,35.27533,35.331497,35.379402,35.406433,35.41824,35.418995,35.398884,35.3758,35.36398,35.36154,35.36829,35.371136,35.37989,35.381664,35.38187,35.400803,35.39354,35.36599,35.354958,35.338894,35.30403,35.27178,35.23185,35.183582,35.16052,35.15328,35.12731,35.095028,35.076523,35.077644,35.09642,35.114597,35.136246,35.182907,35.262104,35.352257,35.428604,35.470177,35.48015,35.46167,35.425503,35.38511,35.34637,35.325954,35.31576,35.301132,35.29039,35.307255,35.328934,35.342285,35.362988,35.432594,35.5733,35.636436,35.643898,35.61063,35.535706,35.432217,35.3171,35.19382,35.100742,35.03482,34.986317,34.954082,34.91746,34.864494,34.826206,34.820095,34.821358,34.848804,34.869656,34.88127,34.87644,34.8758,34.912807,34.96436,34.994774,35.017242,35.036465,35.061455,35.09197,35.119583,35.145367,35.190693,35.22692,35.264675,35.297077,35.31467,35.335945,35.386013,35.464565,35.54335,35.56864,35.513077,35.349373,35.20309,35.15557,35.14695,35.153305,35.193977,35.255573,35.305622,35.31329,35.31521,35.33255,35.29159,35.191444,35.113068,35.140064,35.187294,35.133766,35.101337,35.103065,35.161636,35.315163,35.424156,35.526787,35.616425,35.693825,35.74575,35.76881,35.783016,35.739193,35.719734,35.62603,35.300507,35.133835,34.981667,34.8441,34.715336,34.666336,34.661674,34.634686,34.604645,34.729126,34.957752,35.19194,35.092175,34.676132,34.495384,34.516285,34.504868,34.474392,34.407032,34.38851,34.380272,34.386497,34.388626,34.347237,34.337433,34.356102,34.378353,34.43242,34.492233,34.540302,34.588383,34.630066,34.646206,34.738056,34.817863,35.236233,35.63662,35.655087,35.410606,35.19019,35.053703,34.97573,34.94626,34.916943,34.869156,34.78026,34.644493,34.53556,34.493607,34.46728,34.463287,34.479053,34.4845,34.46723,34.417957,34.442917,34.42674,34.417282,34.352238,34.311977,34.28594,34.3045,34.296165,34.163986,34.066307,34.035904,33.980255,33.927948,33.917202,33.826534,33.72666,33.774754,33.683292,33.38872,33.521744,,33.31198,33.32408,33.4635,33.628883,33.693485,33.721718,33.72613,33.700546,33.652172,33.619534,33.617676,33.607758,33.606384,33.60295,33.620426,33.622086,33.6307,33.6211,33.60034,33.574135,33.549828,33.525936,33.5163,33.51618,33.51233,33.504425,33.495495,33.49579,33.509308,33.561127,33.65136,33.758083,33.777256,33.727345,33.6579,33.560017,33.52771,33.477127,33.443768,33.445805,33.478603,33.55783,33.681946,33.76345,33.854527,33.91926,33.95902,33.931644,33.945217,33.95486,33.94631,33.929195,33.895542,33.871006,33.77659,33.64637,33.497337,33.40349,33.324913,33.2624,33.229362,33.22537,33.216564,33.20986,33.22663,33.265717,33.29892,33.367596,33.429256,33.46706,33.46116,33.397503,33.292053,33.283752,33.267998,33.298386,33.228504,33.2338,33.27684,,,,,,,,,,,,,,,,,,,,,,,,32.95795,32.97705,33.101337,33.455425,33.405216,33.240105,33.30352,33.201927,33.18272,33.19133,33.193016,33.237957,33.22732,33.21138,33.1736,33.148525,33.11515,33.085716,33.06336,33.028877,32.984295,32.970295,32.957447,32.950264,32.933212,32.921074,32.91564,32.903915,32.902386,32.893963,32.887398,32.88165,32.893215,32.929985,32.995396,33.08239,33.17437,33.22522,33.189484,33.06864,32.948837,32.899525,32.836697,32.74782,32.686333,32.658348,32.63279,32.625717,32.624672,32.637115,32.65991,32.670574,32.665516,32.633545,32.584534,32.522743,32.450344,32.387688,32.368874,32.369385,32.374363,32.36915,32.343086,32.326447,32.304554,32.300503,32.302597,32.287785,32.281143,32.288185,32.291958,32.281322,32.25907,32.254715,32.305744,32.346188,32.37588,32.436264,32.524006,32.603306,32.639477,32.709717,32.80142,32.859726,32.860676,32.833637,32.864002,32.89649,32.924744,32.95433,32.99421,33.05241,33.12346,33.16426,33.20552,33.26495,33.360237,33.446568,33.538734,33.628124,33.728992,33.818424,33.896614,33.958416,34.059917,34.08969,34.07683,33.97331,33.85535
6.833336,,,,,,,,,,,,,,,,,,,,35.890427,35.88273,35.863823,35.84214,35.801327,35.771015,35.776634,35.795414,35.758984,35.759426,35.76577,35.737072,35.708496,35.67465,35.66727,35.695465,35.731182,35.743263,35.705902,35.624985,35.524586,35.44534,35.400654,35.387768,35.367435,35.29767,35.285084,35.252842,35.21334,35.146618,35.101383,35.06322,35.032784,35.01591,35.015343,35.01673,35.016907,35.040234,35.0609,35.102695,35.147457,35.186882,35.222954,35.266853,35.304165,35.343376,35.370937,35.40075,35.428127,35.441753,35.451538,35.461124,35.477867,35.503925,35.53788,35.57519,35.612576,35.649063,35.689823,35.732403,35.773148,35.803288,35.8052,35.791138,35.780537,35.770164,35.76208,35.74808,35.72965,35.71483,35.689014,35.650497,35.605095,35.570747,35.53133,35.49793,35.467525,35.430847,35.386765,35.3414,35.309174,35.276154,35.24749,35.227882,35.21924,35.23606,35.276306,35.31962,35.360394,35.39715,35.419193,35.415318,35.396088,35.365417,35.33718,35.323864,35.31494,35.320988,35.33046,35.337868,35.35812,35.361336,35.363396,35.386738,35.377316,35.360634,35.350025,35.310207,35.251194,35.198875,35.15664,35.121407,35.112938,35.11859,35.105095,35.087303,35.078243,35.072266,35.079872,35.096157,35.11542,35.14868,35.205654,35.277702,35.346897,35.39682,35.42085,35.408047,35.36964,35.326317,35.294838,35.28657,35.28355,35.27899,35.286053,35.31697,35.340736,35.370583,35.456944,35.595818,35.64392,35.632397,35.60122,35.53025,35.4076,35.257153,35.137627,35.065166,35.014626,34.957405,34.92303,34.896275,34.856083,34.813034,34.785316,34.79585,34.789577,34.804512,34.83249,34.84166,34.8381,34.837734,34.870213,34.919704,34.950817,34.97244,35.002186,35.042007,35.075184,35.095406,35.12631,35.162666,35.206078,35.23747,35.259777,35.273224,35.31048,35.392956,35.475216,35.5293,35.49782,35.404087,35.21574,35.12446,35.09197,35.10233,35.13664,35.18481,35.24815,35.28808,35.31218,35.307762,35.30679,35.2694,35.188824,35.11607,35.150307,35.1792,35.09135,35.077477,35.114807,35.209854,35.320335,35.426193,35.565674,35.672333,35.7441,35.79827,35.8074,35.79452,35.76576,35.671177,35.587955,35.313152,35.12645,34.93925,34.781006,34.660748,34.659073,34.68029,34.632236,34.590206,34.677925,34.838882,35.01845,34.824852,34.487843,34.40857,34.338825,34.302254,34.29176,34.298832,34.294674,34.299248,34.297234,34.238518,34.19763,34.222534,34.267742,34.310772,34.36582,34.422077,34.473656,34.542248,34.59057,34.632236,34.655773,34.665634,34.77519,34.881252,35.006172,34.99277,34.964104,34.9342,34.90508,34.88235,34.864872,34.861732,34.829777,34.772152,34.684425,34.60216,34.571312,34.564384,34.55632,34.501923,34.38901,34.362225,34.40186,34.37791,34.341095,34.28223,34.26542,34.247517,34.28428,34.246326,34.1054,34.038685,33.97683,33.892803,33.8591,33.859756,33.74082,33.585487,33.59433,33.55575,33.35803,,33.31548,33.29975,33.31846,33.476612,33.637463,33.692684,33.720654,33.721382,33.697205,33.64405,33.606647,33.59929,33.58918,33.574272,33.57545,33.578465,33.578407,33.572838,33.558865,33.55228,33.537216,33.51733,33.492744,33.479435,33.4762,33.47851,33.487087,33.504604,33.534412,33.598732,33.678753,33.754475,33.790424,33.781944,33.77941,33.752163,33.71316,33.688255,33.655342,33.681084,33.707596,33.776184,33.848396,33.905132,33.926624,33.95379,33.964912,33.9482,33.918373,33.924587,33.92897,33.92012,33.8584,33.758076,33.660915,33.50208,33.396553,33.34606,33.31406,33.263428,33.2228,33.206036,33.19335,33.177483,33.17308,33.190067,33.20288,33.24348,33.312557,33.389328,33.489044,33.576813,33.49029,33.325684,33.261845,33.224453,33.250942,33.18017,33.154537,33.198864,,,,,,,,,,,,,,,,,,,,,,,,32.965614,33.00971,33.148987,33.498234,33.36557,33.287582,33.32286,33.18932,33.199,33.186768,33.22067,33.25466,33.240387,33.232395,33.20673,33.19256,33.18426,33.162514,33.141563,33.121727,33.083706,33.06852,33.057762,33.05846,33.049046,33.03743,33.024048,33.00978,33.014038,32.991558,32.94487,32.89871,32.86145,32.846085,32.848114,32.88891,32.962284,33.06525,33.155476,33.17007,33.089848,32.99999,32.92132,32.810886,32.71156,32.655617,32.62434,32.590607,32.558746,32.552837,32.561554,32.57652,32.582775,32.57442,32.555576,32.522114,32.47893,32.44372,32.433136,32.422207,32.412895,32.40672,32.392498,32.377407,32.360786,32.34654,32.321877,32.297745,32.279877,32.28066,32.28042,32.267082,32.247932,32.241474,32.267776,32.32555,32.34425,32.37669,32.459717,32.567726,32.621754,32.684547,32.795662,32.888912,32.93147,32.919315,32.946457,32.97241,32.991226,33.008217,33.030148,33.088795,33.155613,33.200005,33.247284,33.328846,33.39723,33.474136,33.56445,33.65406,33.759262,33.87689,33.970055,34.02779,34.09582,34.149868,34.18367,34.121098,33.9791
6.75,,,,,,,,,,,,,,,,,,,,35.891094,35.8777,35.85537,35.829124,35.78972,35.772423,35.783432,35.776955,35.74904,35.767696,35.759308,35.715534,35.6755,35.661736,35.669434,35.70778,35.742233,35.747288,35.70716,35.61982,35.527115,35.462868,35.404118,35.384342,35.378567,35.315907,35.300365,35.26482,35.222763,35.15204,35.09824,35.05898,35.030342,35.00438,34.998196,34.999447,34.988964,35.00263,35.016254,35.052773,35.092735,35.123043,35.156563,35.200718,35.24593,35.2903,35.323223,35.35842,35.38691,35.401886,35.413086,35.423615,35.443874,35.465725,35.493458,35.52675,35.561584,35.599583,35.642143,35.68728,35.726555,35.76228,35.784218,35.789642,35.782406,35.770294,35.754814,35.738777,35.718098,35.696987,35.661644,35.612305,35.55894,35.518112,35.479744,35.442966,35.41116,35.376358,35.33832,35.303326,35.286804,35.280304,35.28192,35.287983,35.307125,35.340065,35.3753,35.398746,35.414795,35.415825,35.393124,35.356724,35.325336,35.312443,35.31078,35.302868,35.279953,35.283096,35.294502,35.312748,35.340145,35.34531,35.354973,35.379265,35.364067,35.346584,35.329014,35.265324,35.18778,35.13333,35.091656,35.065952,35.07346,35.079765,35.073906,35.07189,35.076454,35.074474,35.074764,35.083675,35.09966,35.127537,35.16817,35.22266,35.277046,35.32203,35.345367,35.334057,35.304447,35.269768,35.25161,35.256897,35.260216,35.26813,35.29417,35.33541,35.37524,35.497246,35.627087,35.650528,35.621597,35.588394,35.525707,35.385643,35.205414,35.079094,35.016823,34.972633,34.927742,34.88047,34.854317,34.829815,34.80324,34.76874,34.752758,34.756744,34.753418,34.767235,34.79455,34.796764,34.790512,34.802372,34.837944,34.884182,34.917614,34.944138,35.00049,35.051254,35.065773,35.081524,35.100895,35.144302,35.185627,35.20899,35.227135,35.256668,35.320457,35.406303,35.483463,35.49988,35.406677,35.252254,35.136658,35.06537,35.044025,35.083984,35.13463,35.18266,35.23425,35.27152,35.28941,35.284973,35.273193,35.225056,35.16829,35.123684,35.16311,35.16596,35.110775,35.101875,35.15552,35.265255,35.380764,35.508984,35.627346,35.721012,35.775684,35.81172,35.80203,35.774143,35.674587,35.49357,35.41914,35.29438,35.110867,34.921688,34.763317,34.669704,34.66928,34.645233,34.585217,34.54074,34.607204,34.699215,34.735374,34.532978,34.373283,34.288673,34.203506,34.17775,34.213074,34.194542,34.17506,34.1375,34.09346,34.073666,34.111294,34.164238,34.20675,34.246555,34.275913,34.337643,34.38724,34.45785,34.53071,34.599346,34.67213,34.707413,34.724724,34.74116,34.801315,34.82882,34.827335,34.805683,34.78881,34.76544,34.743454,34.74138,34.7246,34.72244,34.67861,34.625175,34.5741,34.51681,34.46537,34.38635,34.31649,34.331184,34.38176,34.34463,34.278755,34.2179,34.1903,34.17123,34.226295,34.20278,34.08995,34.01741,33.91033,33.832138,33.806755,33.80491,33.677624,33.43507,33.357937,33.42913,33.383152,,33.304592,33.296597,33.34232,33.493576,33.631508,33.690895,33.727787,33.734196,33.705395,33.64475,33.60329,33.590218,33.577156,33.56019,33.54966,33.543957,33.543987,33.542843,33.534843,33.52415,33.506897,33.493046,33.484528,33.484932,33.50188,33.528828,33.563717,33.60091,33.65489,33.711243,33.75539,33.784634,33.81122,33.86211,33.93474,33.964043,33.934673,33.916748,33.89587,33.92773,33.91586,33.965412,33.94817,33.956825,33.933235,33.936687,33.925392,33.930393,33.9436,33.97168,33.952385,33.829273,33.659107,33.51038,33.41528,33.362106,33.374752,33.393433,33.318527,33.250233,33.206562,33.194344,33.17879,33.167118,33.147144,33.135826,33.129654,33.151302,33.19877,33.29315,33.398052,33.591618,33.614628,33.47109,33.35231,33.23633,33.226883,33.20318,33.146427,33.122475,32.97932,,,,,,,,,,,,,,,,,,,,,,,33.04688,33.146366,33.25891,33.57213,33.34781,33.35954,33.332752,33.208683,33.206535,33.21337,33.27044,33.302734,33.296257,33.291107,33.276417,33.271408,33.269318,33.26664,33.243652,33.237083,33.212013,33.201782,33.18999,33.201088,33.20518,33.207966,33.200222,33.17651,33.16429,33.145126,33.079845,32.999893,32.9313,32.88867,32.87021,32.84347,32.82552,32.860535,32.948357,33.051205,33.128826,33.12254,33.06358,32.96046,32.82456,32.706455,32.64662,32.604538,32.544174,32.493557,32.481163,32.4887,32.500153,32.50876,32.501945,32.486664,32.45666,32.43549,32.437622,32.447117,32.452343,32.437645,32.4167,32.391975,32.375343,32.361916,32.345966,32.337364,32.3236,32.315323,32.30365,32.285236,32.254158,32.248184,32.269108,32.330933,32.374233,32.394382,32.45747,32.542103,32.61088,32.674137,32.789463,32.910324,32.98885,33.01558,33.047108,33.06847,33.077484,33.084797,33.08383,33.13758,33.18501,33.232685,33.30576,33.361473,33.40182,33.47221,33.56045,33.662647,33.78363,33.926426,34.022156,34.08842,34.14284,34.205185,34.273766,34.26802,34.144905
6.6666718,,,,,,,,,,,,,,,,,,,35.86864,35.881023,35.863358,35.842487,35.813957,35.781662,35.773537,35.77826,35.75526,35.75901,35.768337,35.724876,35.671154,35.656975,35.652336,35.681667,35.7191,35.74878,35.748665,35.70047,35.60195,35.52128,35.47939,35.405556,35.369183,35.365562,35.33027,35.309624,35.278828,35.23664,35.159973,35.095562,35.05685,35.026222,35.0001,34.979122,34.96972,34.949364,34.952732,34.96028,34.986656,35.011997,35.03761,35.065964,35.11203,35.158558,35.21589,35.252472,35.28258,35.30896,35.330357,35.35288,35.37442,35.40042,35.42826,35.454243,35.479004,35.505936,35.537525,35.57813,35.627594,35.675488,35.717896,35.74484,35.758995,35.76469,35.76633,35.7584,35.74328,35.72319,35.699657,35.661636,35.616745,35.567825,35.53055,35.494915,35.455826,35.41869,35.39424,35.380154,35.36799,35.36346,35.36635,35.37468,35.385754,35.401894,35.41641,35.423904,35.40993,35.38651,35.351185,35.308437,35.288143,35.290714,35.294846,35.283714,35.261036,35.24231,35.247837,35.263138,35.29294,35.319874,35.327553,35.351074,35.374737,35.359028,35.339493,35.298794,35.20468,35.111694,35.058384,35.033,35.02776,35.037125,35.050095,35.055107,35.057888,35.065277,35.06786,35.06649,35.073593,35.08859,35.11477,35.143833,35.17865,35.217457,35.250668,35.26568,35.25317,35.23892,35.23019,35.232315,35.2476,35.25677,35.287518,35.320797,35.379124,35.52573,35.645615,35.65053,35.617733,35.571243,35.510124,35.369705,35.179104,35.05378,34.98919,34.937622,34.888226,34.84942,34.80205,34.778408,34.769066,34.75854,34.74929,34.72516,34.70317,34.688892,34.7235,34.756783,34.74789,34.742573,34.770588,34.815094,34.84539,34.878326,34.937885,35.001408,35.028667,35.03581,35.04904,35.08219,35.12264,35.160015,35.18991,35.22866,35.28358,35.357723,35.444782,35.477562,35.420074,35.28003,35.11331,35.063316,35.007225,35.017124,35.068787,35.116196,35.15989,35.210514,35.22574,35.224213,35.22538,35.201553,35.137684,35.11319,35.10576,35.129246,35.134193,35.111137,35.07249,35.157658,35.273975,35.393288,35.57646,35.68787,35.730915,35.764893,35.801018,35.79368,35.75963,35.603455,35.383465,35.324135,35.232162,35.0864,34.921223,34.832638,34.728607,34.627026,34.597748,34.54571,34.495422,34.520443,34.542263,34.480515,34.35006,34.252888,34.161373,34.11475,34.118797,34.07059,34.02345,33.98581,33.962708,33.97583,34.024002,34.095802,34.132015,34.18074,34.211338,34.25437,34.30315,34.34614,34.3881,34.448345,34.489895,34.5434,34.580116,34.64759,34.702477,34.71947,34.699127,34.67133,34.641216,34.627518,34.614452,34.59814,34.59747,34.58812,34.566196,34.517273,34.455708,34.39248,34.3401,34.31327,34.27939,34.25104,34.278683,34.32336,34.28807,34.217884,34.149567,34.11095,34.07222,34.140602,34.15009,34.091,34.021572,33.90102,33.838955,33.82325,33.85364,33.65708,33.45357,,33.247635,33.402035,33.419956,33.28017,33.301365,33.3485,33.488598,33.62773,33.688175,33.72605,33.748516,33.7308,33.6647,33.607895,33.591743,33.577534,33.564915,33.54581,33.540462,33.534653,33.535786,33.531044,33.539692,33.546978,33.556995,33.572403,33.58769,33.60902,33.629616,33.648483,33.675663,33.70638,33.736122,33.760975,33.808525,33.881344,34.01368,34.094597,34.08575,34.02197,33.99367,33.98068,33.96732,33.95197,33.951904,33.929665,33.9235,33.91586,33.931797,33.95137,34.00413,34.062916,34.0326,33.821568,33.581055,33.4509,33.41757,33.41239,33.38758,33.41669,33.302464,33.18434,33.14418,33.13962,33.154472,33.162926,33.151894,33.140045,33.142544,33.13556,33.122623,33.120552,33.167088,33.24336,33.427578,33.584175,33.528553,33.400734,33.26276,33.216858,33.18727,33.123714,33.14914,32.960182,,,,,,,,,,,,,,,,,,,,,,,33.146973,33.2093,33.33345,33.567493,33.33911,33.343674,33.305607,33.23953,33.239227,33.263237,33.341278,33.354332,33.391884,33.36357,33.37957,33.37707,33.390656,33.397804,33.383457,33.380554,33.366745,33.362,33.34417,33.343765,33.35526,33.372303,33.373177,33.36513,33.323753,33.275463,33.20437,33.098656,33.02058,32.959465,32.924988,32.899883,32.84585,32.80041,32.78323,32.823994,32.913235,33.027332,33.10537,33.08995,32.997948,32.84456,32.711082,32.640892,32.5853,32.520973,32.479942,32.461327,32.467823,32.482277,32.47411,32.457764,32.423496,32.391796,32.386272,32.397354,32.412746,32.409176,32.391003,32.3711,32.35912,32.33903,32.322617,32.306324,32.296528,32.291252,32.28296,32.265717,32.246227,32.261112,32.302094,32.378117,32.44179,32.471493,32.52079,32.572727,32.612843,32.67347,32.789833,32.92853,33.027042,33.09285,33.150642,33.165222,33.160767,33.15361,33.157093,33.18064,33.23004,33.29074,33.33011,33.349014,33.38794,33.459915,33.5541,33.68771,33.842834,33.964977,34.045742,34.10048,34.18592,34.257225,34.32152,34.363476,34.30674
6.583336,,,,,,,,,,,,,,,,,,,35.86761,35.87967,35.854374,35.834187,35.805096,35.777622,35.774075,35.76541,35.748222,35.762497,35.72693,35.664658,35.64496,35.65313,35.64718,35.689842,35.720615,35.75073,35.75116,35.689304,35.576393,35.502563,35.491344,35.412216,35.365364,35.36255,35.34263,35.320004,35.289413,35.250896,35.173805,35.09853,35.053776,35.012676,34.984932,34.956116,34.939342,34.91217,34.906113,34.9071,34.920235,34.933464,34.951683,34.9788,35.018715,35.059784,35.109974,35.1423,35.166008,35.20127,35.236744,35.259277,35.28781,35.321827,35.365486,35.398827,35.43448,35.45726,35.48428,35.51222,35.547226,35.593906,35.645958,35.690144,35.71932,35.732098,35.738018,35.738857,35.736263,35.723557,35.70303,35.66875,35.633354,35.59376,35.571712,35.555954,35.521534,35.479485,35.458984,35.459763,35.460194,35.45693,35.446503,35.433746,35.420986,35.41081,35.39226,35.3658,35.3311,35.302937,35.282925,35.27277,35.281487,35.278675,35.25356,35.22771,35.20596,35.197807,35.207005,35.225178,35.260426,35.294086,35.313053,35.354282,35.36836,35.36179,35.330246,35.23543,35.127533,35.042076,35.00088,34.9929,35.00456,35.02006,35.038364,35.04574,35.04919,35.057537,35.061172,35.062153,35.067303,35.081856,35.104534,35.129944,35.151836,35.17777,35.19609,35.197342,35.19509,35.200188,35.212517,35.229137,35.253628,35.283276,35.32569,35.38618,35.52524,35.644527,35.659065,35.631836,35.572094,35.478134,35.353798,35.179825,35.079964,35.008232,34.937828,34.867416,34.825558,34.79233,34.748768,34.738396,34.7254,34.725056,34.704113,34.670277,34.632915,34.61389,34.66867,34.715866,34.70877,34.72024,34.751415,34.79342,34.827568,34.875664,34.93392,34.9733,34.994003,35.023525,35.05462,35.09017,35.116524,35.150433,35.195213,35.260506,35.325806,35.400425,35.442482,35.424004,35.33174,35.168694,35.073586,34.984432,34.966503,34.9927,35.048946,35.099552,35.13677,35.17722,35.180058,35.180157,35.150707,35.10895,35.07371,35.07295,35.06315,35.085457,35.12296,35.128223,35.096478,35.19994,35.322388,35.447815,35.60234,35.68445,35.699207,35.71442,35.73983,35.763977,35.746784,35.54658,35.330795,35.40573,35.233402,35.097557,34.975296,34.810314,34.663708,34.633747,34.599457,34.486427,34.413723,34.407036,34.3847,34.314354,34.2456,34.16368,34.111732,34.126026,34.05047,33.95486,33.89999,33.866364,33.899017,33.955513,34.012314,34.06806,34.130505,34.187542,34.215405,34.25492,34.287373,34.326145,34.36229,34.395245,34.433628,34.44572,34.47722,34.490067,34.51177,34.51609,34.50438,34.496586,34.48346,34.480465,34.47702,34.46623,34.467472,34.461727,34.441135,34.390865,34.32993,34.277855,34.24811,34.22544,34.186295,34.160892,34.187107,34.2482,34.24951,34.194946,34.105713,34.03554,33.97422,34.03211,34.09045,34.10379,34.052208,33.98982,33.95554,33.911594,33.866398,33.622482,33.34923,33.298435,33.296333,33.395638,33.414005,33.263653,33.291782,33.359028,33.48864,33.61729,33.685036,33.724735,33.76236,33.745445,33.69595,33.618164,33.605106,33.580746,33.577637,33.56505,33.564674,33.557816,33.563118,33.570465,33.583923,33.587925,33.59871,33.589752,33.589893,33.587185,33.599854,33.63075,33.67542,33.71471,33.754547,33.82402,33.920853,34.03639,34.149628,34.137573,34.066864,34.003677,33.992348,33.974186,33.961456,33.959717,33.956917,33.962963,33.977352,34.00535,34.05878,34.114273,34.17405,34.164917,33.915173,33.591022,33.45886,33.476482,33.46993,33.395645,33.3077,33.252228,33.166718,33.135242,33.168392,33.200012,33.228924,33.225685,33.210922,33.205803,33.21401,33.209675,33.198994,33.167206,33.18463,33.201893,33.327843,33.49852,33.545704,33.448784,33.29097,33.201633,33.160664,33.096184,33.095703,32.976913,,,,,,,,,,,,,,,,,,,,,,33.19622,33.1602,33.29404,33.432613,33.600323,33.335636,33.377335,33.30687,33.302284,33.2953,33.336605,33.418053,33.42555,33.48006,33.44366,33.481483,33.49912,33.52931,33.553776,33.566814,33.559963,33.54918,33.5417,33.518944,33.52044,33.525948,33.537243,33.510082,33.480892,33.448093,33.390488,33.305195,33.19711,33.1223,33.063732,33.023777,32.985344,32.930187,32.8488,32.794586,32.752254,32.71407,32.760307,32.87942,33.019947,33.071854,33.00837,32.859158,32.718075,32.659702,32.616608,32.55561,32.5232,32.505035,32.504158,32.47406,32.45856,32.42287,32.377552,32.343388,32.34511,32.356934,32.36352,32.36144,32.359253,32.354362,32.335266,32.31102,32.28777,32.2789,32.27344,32.272274,32.268112,32.262363,32.290634,32.353756,32.457157,32.550243,32.596024,32.63459,32.64403,32.65366,32.695473,32.79927,32.941742,33.05407,33.14195,33.204464,33.227676,33.225178,33.216278,33.218643,33.234905,33.276375,33.302223,33.324707,33.337284,33.39357,33.477314,33.58228,33.734432,33.88301,33.983208,34.05185,34.11091,34.219456,34.32581,34.394337,34.43204,34.408318
6.5,,,,,,,,,,,,,,,,,,35.8492,35.86267,35.859158,35.845737,35.82294,35.79255,35.768494,35.763733,35.748444,35.74513,35.717293,35.665665,35.63148,35.639923,35.642387,35.644802,35.68906,35.723198,35.753525,35.751976,35.680756,35.545628,35.459766,35.46883,35.40148,35.358135,35.353615,35.350815,35.331093,35.296246,35.24915,35.17655,35.094593,35.044334,35.001118,34.965954,34.931213,34.90747,34.879425,34.864727,34.862614,34.8597,34.86081,34.860813,34.880863,34.90739,34.932964,34.974785,34.99973,35.023663,35.074936,35.112865,35.12993,35.16883,35.215473,35.260006,35.30253,35.34353,35.373573,35.40759,35.44309,35.477863,35.51287,35.553593,35.600136,35.64198,35.676575,35.70334,35.71392,35.716805,35.71256,35.70065,35.6801,35.657955,35.629307,35.61327,35.613586,35.599,35.556408,35.51725,35.51023,35.51945,35.50657,35.465504,35.423145,35.377213,35.326836,35.29162,35.267185,35.259666,35.258278,35.25634,35.264915,35.260433,35.226883,35.196884,35.17444,35.154346,35.152416,35.166725,35.191,35.23679,35.274956,35.30989,35.342937,35.34745,35.334904,35.24038,35.120354,35.03895,34.988758,34.974903,34.980618,34.998238,35.02089,35.038616,35.044697,35.044956,35.05311,35.057693,35.059563,35.061043,35.072758,35.092773,35.11089,35.13002,35.14605,35.152767,35.157955,35.17203,35.191833,35.215706,35.23692,35.272556,35.315544,35.401672,35.54248,35.643456,35.666306,35.66683,35.60002,35.474854,35.338963,35.208675,35.123363,35.05233,34.96439,34.889328,34.818745,34.779743,34.75225,34.7308,34.72603,34.70176,34.68782,34.665123,34.638535,34.621754,34.60013,34.64218,34.678894,34.6817,34.701084,34.747253,34.792484,34.83107,34.877373,34.915375,34.944912,34.967365,35.01592,35.058273,35.09224,35.12128,35.151043,35.217995,35.291683,35.362244,35.41522,35.41274,35.34697,35.222305,35.083065,35.049694,34.95591,34.980755,35.003822,35.0491,35.080124,35.121666,35.146328,35.14626,35.165413,35.144653,35.09531,35.041294,35.030857,35.027214,35.055466,35.126335,35.20639,35.24912,35.298855,35.33875,35.465206,35.60842,35.650738,35.687775,35.726345,35.71819,35.70316,35.61958,35.366615,35.425465,35.390953,35.189934,35.099045,34.9923,34.785988,34.69565,34.65045,34.557247,34.423435,34.31953,34.26225,34.245094,34.210735,34.17202,34.131233,34.114586,34.06977,33.990017,33.929577,33.868313,33.835037,33.884815,33.950993,34.005535,34.077812,34.144623,34.177998,34.210648,34.24443,34.287415,34.321724,34.364376,34.399277,34.431595,34.436592,34.437878,34.43926,34.44639,34.438156,34.43136,34.428204,34.420864,34.42062,34.40786,34.39892,34.391266,34.3756,34.340298,34.288097,34.250908,34.219837,34.18594,34.142086,34.10949,34.088005,34.136868,34.21645,34.228542,34.16163,34.050716,33.969975,33.90508,33.92699,34.005203,34.079777,34.069134,34.055992,34.014374,33.87495,33.776802,33.62146,33.47057,33.377182,33.549335,33.45907,33.590122,33.29997,33.291454,33.34953,33.482227,33.609066,33.67967,33.719624,33.762184,33.7503,33.727142,33.661488,33.632675,33.602753,33.595234,33.58513,33.582413,33.574062,33.57366,33.568157,33.568172,33.562737,33.559162,33.55763,33.565918,33.583706,33.63747,33.70045,33.76213,33.821056,33.89756,33.993923,34.083626,34.160892,34.155727,34.06081,34.016876,33.991356,34.00399,34.00672,34.02934,34.059532,34.093475,34.13094,34.170208,34.21398,34.263718,34.298485,34.26491,34.034763,33.709244,33.499504,33.44715,33.41633,33.309814,33.219852,33.198986,33.206303,33.168465,33.178917,33.177765,33.187393,33.196136,33.182667,33.173923,33.187733,33.224712,33.256058,33.271015,33.25812,33.266026,33.266148,33.33157,33.467606,33.55007,33.50425,33.317997,33.185974,33.147057,33.113712,33.054287,32.923046,32.974827,,,,,,,,,,,,,,,,,,,,33.203297,33.197853,33.23169,33.396187,33.596,33.540646,33.33889,33.443203,33.346012,33.396553,33.40774,33.45851,33.532898,33.548477,33.59405,33.56575,33.634136,33.665554,33.724728,33.752808,33.777023,33.766895,33.755775,33.747128,33.728767,33.721344,33.700085,33.676586,33.63507,33.589924,33.549072,33.50158,33.414272,33.309864,33.244392,33.187172,33.140152,33.086136,33.011284,32.936,32.86738,32.82085,32.736145,32.691624,32.67765,32.747784,32.90611,33.017086,33.023037,32.901978,32.803185,32.76909,32.702564,32.658253,32.62727,32.572884,32.51513,32.487362,32.45841,32.41386,32.35999,32.361332,32.360508,32.346382,32.333427,32.33078,32.32865,32.317604,32.308094,32.304436,32.298416,32.286587,32.277138,32.278732,32.291027,32.332397,32.408417,32.534885,32.64789,32.71103,32.736935,32.718155,32.710587,32.75141,32.83178,32.970367,33.090977,33.193058,33.255337,33.271984,33.27289,33.27191,33.283054,33.29154,33.30379,33.297382,33.30223,33.32909,33.406452,33.51277,33.64067,33.81932,33.975086,34.062946,34.105843,34.182,34.281593,34.365784,34.443348,34.504185,34.51811
6.4166718,,,,,,,,,,,,,,,,,,35.851387,35.861843,35.849224,35.839317,35.81351,35.78218,35.76025,35.746773,35.728203,35.70868,35.661217,35.63114,35.62554,35.632828,35.627354,35.63795,35.685352,35.7247,35.750523,35.757423,35.685223,35.532112,35.430584,35.46019,35.394447,35.34979,35.3429,35.348713,35.32722,35.297035,35.24281,35.169617,35.08448,35.02876,34.983837,34.94911,34.91629,34.89272,34.865635,34.853367,34.84254,34.83469,34.824177,34.8171,34.81995,34.82618,34.8377,34.868526,34.882744,34.903584,34.936893,34.966587,34.98728,35.028564,35.0791,35.122623,35.168358,35.208164,35.242676,35.280563,35.318535,35.3599,35.405655,35.458164,35.508568,35.551884,35.591408,35.62625,35.655293,35.67722,35.68932,35.690334,35.680782,35.66938,35.654095,35.633713,35.62431,35.60968,35.57732,35.529976,35.498882,35.47466,35.43147,35.3621,35.29488,35.23939,35.203323,35.198345,35.212097,35.23262,35.240982,35.245144,35.2485,35.223095,35.18602,35.159935,35.133827,35.119358,35.12867,35.143673,35.174835,35.22782,35.262238,35.2923,35.313683,35.30714,35.247868,35.108547,35.01186,34.967945,34.957584,34.96662,34.983932,35.009995,35.033546,35.045097,35.045055,35.03782,35.041615,35.049442,35.052235,35.054863,35.064644,35.077335,35.089725,35.105095,35.118385,35.130608,35.152958,35.182293,35.209023,35.22988,35.25393,35.30325,35.412,35.560318,35.642475,35.66214,35.685722,35.641098,35.50301,35.358208,35.24077,35.177513,35.1136,35.0263,34.947166,34.87139,34.79854,34.772884,34.741783,34.72645,34.711403,34.69114,34.67485,34.64537,34.621777,34.607117,34.593964,34.635155,34.66556,34.66763,34.696747,34.741222,34.785904,34.819584,34.851242,34.887695,34.92392,34.956112,35.011242,35.062572,35.10362,35.1403,35.17762,35.25565,35.324585,35.368046,35.38254,35.336197,35.24456,35.13591,35.04426,34.989567,34.929855,34.946693,34.990654,35.031544,35.08351,35.1423,35.17439,35.191677,35.21828,35.192993,35.124172,35.057335,35.01244,34.98305,34.961838,35.03925,35.150444,35.236546,35.281597,35.33731,35.489883,35.61383,35.655277,35.694756,35.73087,35.691624,35.565765,35.452564,35.33309,35.494106,35.307167,35.176865,35.171646,35.075855,34.88777,34.764725,34.65903,34.542717,34.38761,34.24978,34.174603,34.146233,34.121414,34.111794,34.11333,34.049557,33.967583,33.927956,33.856182,33.82137,33.825203,33.876114,33.940308,33.991177,34.053204,34.12241,34.159958,34.21898,34.25456,34.30012,34.351093,34.3958,34.43045,34.45026,34.44436,34.455505,34.456932,34.447754,34.433395,34.41902,34.412357,34.39873,34.3898,34.370598,34.35452,34.33857,34.30911,34.259544,34.225075,34.19722,34.17301,34.137005,34.10599,34.075962,34.060562,34.11336,34.184975,34.191097,34.132187,34.03516,33.953854,33.88786,33.860577,33.916714,33.975044,34.02072,34.043247,33.97145,33.85461,33.673275,33.63493,33.68711,33.51896,33.6877,33.627735,33.638496,33.39198,33.273724,33.33139,33.48226,33.587696,33.672703,33.701237,33.74461,33.735928,33.732502,33.68065,33.651863,33.625256,33.610004,33.59994,33.584698,33.575817,33.573772,33.57993,33.585766,33.60109,33.616035,33.65359,33.698635,33.754513,33.810932,33.867744,33.92713,33.98159,34.053593,34.11035,34.146393,34.106018,34.0549,34.017166,34.01739,34.045017,34.10382,34.161106,34.212936,34.26472,34.31,34.33826,34.363094,34.379658,34.36464,34.273045,34.053684,33.780247,33.55981,33.3994,33.32597,33.27914,33.261852,33.26454,33.27518,33.233883,33.15324,33.121117,33.12951,33.169888,33.19962,33.185925,33.18675,33.222878,33.263935,33.303753,33.31461,33.30497,33.298504,33.296635,33.34097,33.443386,33.531586,33.52766,33.337315,33.188786,33.140728,33.12163,33.030464,32.877235,32.946236,,,,,,,,,,,,,,,,,,,33.13298,33.201283,33.287376,33.316803,33.567318,33.64569,33.4317,33.415653,33.527657,33.44384,33.554844,33.55676,33.606888,33.649345,33.66724,33.678936,33.690655,33.777752,33.815056,33.90769,33.921917,33.930756,33.8989,33.872684,33.854435,33.84736,33.83077,33.80953,33.763603,33.70932,33.658146,33.621227,33.577747,33.510784,33.44583,33.39681,33.342323,33.283947,33.208126,33.127045,33.05306,32.980007,32.91417,32.82224,32.737217,32.686646,32.661594,32.684177,32.77361,32.934387,33.01254,33.004047,32.980785,32.908043,32.84416,32.785587,32.701584,32.62752,32.594746,32.567596,32.531307,32.475594,32.4604,32.436806,32.402912,32.35941,32.358284,32.364204,32.352093,32.333584,32.330807,32.336437,32.335075,32.322742,32.326817,32.352062,32.419556,32.514404,32.62351,32.71481,32.781757,32.77959,32.7575,32.763336,32.811943,32.88872,33.010372,33.129925,33.24835,33.302,33.322624,33.330517,33.328465,33.34387,33.330254,33.277145,33.27595,33.30068,33.350502,33.444763,33.570904,33.73301,33.945084,34.068,34.112537,34.147045,34.20803,34.30878,34.398132,34.486015,34.543243,34.608448
6.333336,,,,,,,,,,,,,,,,,,35.850792,35.849068,35.84451,35.8324,35.800873,35.770523,35.744263,35.72078,35.698162,35.65941,35.62027,35.615448,35.616756,35.612476,35.61164,35.63523,35.685387,35.727116,35.75505,35.7625,35.6796,35.521576,35.405323,35.43713,35.40863,35.35114,35.338802,35.344704,35.315857,35.28289,35.217922,35.153736,35.07631,35.01908,34.975563,34.941463,34.91275,34.89371,34.870544,34.86281,34.851173,34.83778,34.82681,34.815186,34.819355,34.82415,34.826298,34.84315,34.839764,34.851925,34.864445,34.869728,34.890175,34.919247,34.951954,34.98131,35.015713,35.049335,35.084927,35.12407,35.169228,35.2192,35.27163,35.326103,35.37939,35.425907,35.47099,35.515606,35.556988,35.59124,35.617985,35.6303,35.63519,35.627487,35.608242,35.57509,35.541473,35.509075,35.466415,35.419216,35.37408,35.32734,35.271072,35.22076,35.18951,35.17307,35.170723,35.189342,35.22188,35.23852,35.238934,35.2375,35.223763,35.17741,35.139294,35.11958,35.099503,35.098164,35.11173,35.13351,35.169403,35.21552,35.23995,35.270218,35.266445,35.223335,35.103283,34.98079,34.935047,34.92455,34.94056,34.961956,34.99472,35.021927,35.03924,35.04887,35.046047,35.032764,35.02967,35.03447,35.039608,35.043327,35.05116,35.064693,35.07231,35.081593,35.109764,35.13862,35.169422,35.199596,35.22455,35.25036,35.307476,35.439953,35.58033,35.637695,35.65957,35.695843,35.67917,35.567413,35.41715,35.299572,35.231136,35.18358,35.110863,35.01896,34.94759,34.86519,34.79423,34.772106,34.748547,34.722378,34.708027,34.67468,34.653564,34.62331,34.59136,34.57559,34.57657,34.621902,34.661667,34.66785,34.687027,34.733097,34.7742,34.80034,34.81983,34.85815,34.905636,34.949425,35.01297,35.072456,35.112755,35.14979,35.20926,35.28279,35.341103,35.357853,35.344982,35.280643,35.172592,35.07002,35.00327,34.942852,34.899086,34.91944,34.956738,35.021244,35.082207,35.173996,35.2349,35.25866,35.276123,35.257797,35.22039,35.152843,35.09474,35.050213,34.975403,34.995037,35.107143,35.140614,35.195534,35.26616,35.43657,35.543076,35.569897,35.599583,35.60852,35.513096,35.35771,35.281235,35.428066,35.427807,35.23755,35.177303,35.192963,35.10934,35.01868,34.82502,34.66838,34.54387,34.363335,34.21082,34.116524,34.089283,34.061974,34.05067,34.005665,33.935528,33.905224,33.836514,33.801777,33.818058,33.83309,33.87951,33.92938,33.971645,34.050537,34.134518,34.178875,34.227966,34.270767,34.328682,34.382847,34.417927,34.444557,34.451153,34.45628,34.455605,34.44892,34.437424,34.420406,34.410313,34.39776,34.378273,34.37325,34.35682,34.332905,34.306744,34.255905,34.21082,34.184864,34.167355,34.150375,34.12126,34.095493,34.056946,34.050404,34.09866,34.153122,34.15575,34.120674,34.05542,33.99031,33.92179,33.86637,33.83327,33.823895,33.89919,33.980824,33.87203,33.622173,33.590553,33.513004,33.634335,33.665638,33.639748,33.651413,,33.512596,33.293266,33.292194,33.474907,33.576298,33.67096,33.707287,33.735283,33.72773,33.737972,33.703606,33.680695,33.67324,33.664597,33.674145,33.674854,33.68541,33.699093,33.720356,33.737713,33.771923,33.80248,33.84781,33.87741,33.920826,33.948994,33.985645,34.0194,34.052597,34.082436,34.082127,34.079594,34.062527,34.057804,34.09027,34.136147,34.205296,34.28208,34.333694,34.37086,34.39747,34.409187,34.409122,34.397156,34.36661,34.281567,34.091866,33.823986,33.603382,33.432564,33.300034,33.240852,33.28293,33.28347,33.25377,33.212475,33.17004,33.11734,33.12609,33.179108,33.2252,33.226902,33.190212,33.207726,33.261436,33.289516,33.283012,33.270966,33.26801,33.255684,33.267483,33.30702,33.397358,33.483284,33.4889,33.306812,33.137474,33.095516,33.10671,33.003498,32.877457,32.89898,,,,,,,,,,,,,,,,,,33.111683,33.171364,33.33857,33.299263,33.53905,33.713898,33.52083,33.491707,33.528122,33.587616,33.572548,33.676605,33.67671,33.725685,33.75723,33.790092,33.785725,33.829678,33.89027,33.930565,34.012413,34.025726,34.014786,33.94959,33.89762,33.867836,33.845093,33.815975,33.79412,33.74392,33.684086,33.630768,33.59472,33.5613,33.527477,33.509377,33.483856,33.456413,33.41512,33.34857,33.269917,33.17926,33.07865,32.99486,32.902946,32.812645,32.73738,32.6891,32.646515,32.60509,32.64949,32.774677,32.94196,33.087677,33.091328,33.040462,32.962982,32.853134,32.787743,32.761333,32.75682,32.71623,32.710064,32.670254,32.60901,32.547253,32.50222,32.49572,32.485817,32.454662,32.419388,32.405415,32.409138,32.42421,32.42408,32.433002,32.472378,32.560352,32.654472,32.725853,32.77173,32.810913,32.792202,32.775555,32.805115,32.871124,32.965084,33.08281,33.194263,33.302155,33.34054,33.361954,33.37154,33.364952,33.382874,33.33672,33.256237,33.242603,33.306316,33.35972,33.47451,33.650383,33.852173,34.020912,34.090164,34.126686,34.160667,34.228104,34.31412,34.390564,34.473923,34.571148,34.638233
6.25,,,,,,,,,,,,,,,,,,35.837494,35.84119,35.839787,35.822872,35.789974,35.75295,35.71833,35.688396,35.655407,35.613586,35.59354,35.606003,35.59995,35.598022,35.609833,35.64222,35.692005,35.73257,35.766754,35.76476,35.666245,35.516396,35.39851,35.398132,35.393585,35.35045,35.334167,35.337425,35.3099,35.26346,35.19595,35.132626,35.067184,35.018173,34.97698,34.947876,34.92474,34.913868,34.897694,34.892513,34.88733,34.86691,34.854317,34.844563,34.8532,34.873913,34.877483,34.892204,34.866806,34.867706,34.860676,34.856255,34.866165,34.87869,34.889668,34.907574,34.923187,34.943386,34.964584,34.99247,35.026417,35.067955,35.116993,35.167873,35.221725,35.269707,35.3157,35.362137,35.396225,35.428688,35.453922,35.476013,35.48853,35.479946,35.455524,35.418854,35.38338,35.342598,35.29384,35.25601,35.21879,35.19109,35.17099,35.169533,35.17563,35.1824,35.198326,35.2216,35.23533,35.23454,35.222805,35.205837,35.170044,35.128925,35.112213,35.101772,35.091175,35.093758,35.10898,35.129215,35.164906,35.196617,35.213947,35.22271,35.179703,35.08285,34.969376,34.9197,34.907555,34.913574,34.93968,34.967724,34.996647,35.02669,35.039413,35.046448,35.039417,35.025803,35.016342,35.01978,35.02635,35.03082,35.03739,35.05436,35.074295,35.094017,35.12723,35.164055,35.195026,35.223396,35.249886,35.298088,35.475006,35.598507,35.639004,35.653008,35.696846,35.70685,35.64128,35.498928,35.380543,35.29114,35.2484,35.20895,35.11666,35.024826,34.96008,34.856846,34.84386,34.787273,34.734768,34.706516,34.684437,34.653217,34.634983,34.612698,34.564423,34.547993,34.55688,34.60243,34.640636,34.653187,34.677803,34.723396,34.760258,34.783325,34.80827,34.85305,34.902622,34.95089,35.013012,35.066193,35.099167,35.145947,35.216007,35.295773,35.343777,35.347378,35.321262,35.22631,35.09386,34.994934,34.95596,34.914326,34.886414,34.927982,34.997814,35.0347,35.088184,35.183956,35.26698,35.29864,35.305206,35.315582,35.31114,35.27441,35.225677,35.146587,35.058872,35.01545,35.089874,35.11783,35.136227,35.21063,35.319412,35.39556,35.388206,35.404842,35.41781,35.357517,35.351746,35.334812,35.40617,35.439754,35.29011,35.241768,35.250965,35.21397,35.077774,34.86335,34.715744,34.5782,34.36801,34.190987,34.107525,34.053432,34.007793,33.951466,33.886646,33.857388,33.820644,33.798077,33.79986,33.814716,33.82553,33.85203,33.88373,33.954224,34.033676,34.11598,34.176765,34.232758,34.293903,34.354553,34.39179,34.424664,34.449493,34.459957,34.4588,34.466896,34.4598,34.42189,34.39738,34.3849,34.36181,34.34355,34.337585,34.315495,34.276203,34.253693,34.208656,34.1834,34.16379,34.14371,34.11977,34.098816,34.07757,34.049545,34.04817,34.094345,34.14148,34.15817,34.14342,34.10514,34.04016,33.958645,33.85868,33.76461,33.742203,33.77292,33.854668,33.84564,33.489895,33.552986,33.47989,33.56145,33.678314,33.682564,33.604202,33.508068,33.506546,33.36697,33.27898,33.42594,33.55365,33.64983,33.688225,33.71914,33.715168,33.741364,33.73197,33.717873,33.713585,33.720165,33.74024,33.756462,33.77358,33.796177,33.816967,33.82867,33.85173,33.86675,33.895325,33.907906,33.93734,33.95571,33.987095,34.00947,34.037292,34.05887,34.072887,34.10331,34.13267,34.184975,34.242313,34.29196,34.34201,34.369858,34.380913,34.383396,34.387184,34.378807,34.367596,34.339466,34.26689,34.1145,33.895393,33.657505,33.48011,33.331207,33.20217,33.233612,33.25066,33.250484,33.24377,33.240627,33.22123,33.148357,33.13863,33.163303,33.18462,33.182934,33.162136,33.20121,33.246487,33.239815,33.2289,33.23023,33.22403,33.20768,33.21147,33.248417,33.32,33.388504,33.40425,33.265873,33.106533,33.068275,33.074738,32.995594,32.874126,32.8493,32.992165,,,,,,,,,,,,,,,33.301945,33.28542,33.280827,33.36389,33.347755,33.520298,33.759815,33.65334,33.54544,33.58845,33.5974,33.657387,33.66766,33.769566,33.78074,33.843464,33.900017,33.92711,33.896957,33.969162,33.953217,34.02632,34.05594,34.06391,34.005127,33.905197,33.831234,33.786922,33.754086,33.724304,33.70035,33.66225,33.603874,33.546886,33.516792,33.495083,33.479507,33.49262,33.493908,33.48333,33.46742,33.42665,33.36303,33.27935,33.167988,33.077805,32.994614,32.913517,32.829037,32.74959,32.68662,32.633507,32.581642,32.568554,32.620487,32.77316,32.969257,33.123196,33.151127,33.05609,32.96915,32.958008,32.932358,32.933887,32.986168,32.933933,32.838955,32.79078,32.770695,32.7485,32.669502,32.594074,32.548805,32.52538,32.54362,32.560013,32.561413,32.569157,32.618866,32.695454,32.75997,32.809345,32.81875,32.82048,32.810745,32.81888,32.86126,32.94215,33.03457,33.15922,33.265316,33.34954,33.374916,33.410736,33.418922,33.405354,33.40014,33.3295,33.243553,33.217396,33.302044,33.3821,33.52559,33.697548,33.873894,34.02967,34.093777,34.131653,34.168804,34.227337,34.30922,34.37855,34.45968,34.564693,34.62563
6.1666718,,,,,,,,,,,,,,,,,35.804733,35.821068,35.835735,35.837288,35.81553,35.77617,35.734463,35.687527,35.644966,35.612377,35.575714,35.57864,35.59423,35.583805,35.590527,35.61328,35.652218,35.702244,35.746,35.7802,35.752216,35.639675,35.502422,35.39045,35.378902,35.37321,35.35007,35.334717,35.33205,35.29531,35.252388,35.18671,35.128292,35.068596,35.029663,34.995358,34.969078,34.95471,34.943027,34.93261,34.92744,34.92547,34.90048,34.88618,34.88869,34.90374,34.92215,34.924637,34.929615,34.894882,34.88478,34.87898,34.873653,34.873497,34.87794,34.879482,34.88727,34.896732,34.90442,34.918415,34.932617,34.953026,34.97594,35.004227,35.028248,35.065807,35.110935,35.154522,35.193275,35.219154,35.240288,35.25745,35.275368,35.281143,35.278072,35.254936,35.232697,35.208687,35.180065,35.15716,35.146683,35.1443,35.146416,35.158195,35.172626,35.183605,35.19463,35.212917,35.21652,35.219013,35.20577,35.191216,35.171265,35.137306,35.11923,35.11121,35.099545,35.08663,35.093372,35.107704,35.128296,35.159077,35.179127,35.185226,35.157864,35.064503,34.93491,34.882927,34.899387,34.9101,34.93321,34.96232,34.983433,35.01224,35.035427,35.0313,35.045273,35.03983,35.02327,35.008545,35.0133,35.02664,35.04116,35.05357,35.0704,35.09209,35.12512,35.16022,35.194824,35.228966,35.27606,35.331997,35.50532,35.61878,35.63878,35.65673,35.693768,35.729717,35.70063,35.578377,35.449215,35.366093,35.309704,35.27666,35.20994,35.12725,35.039318,34.948936,34.91554,34.833797,34.76101,34.719772,34.69189,34.669632,34.632095,34.605957,34.579018,34.552464,34.52107,34.524376,34.56733,34.615494,34.638878,34.666298,34.70024,34.719448,34.745316,34.80126,34.846836,34.89438,34.952667,35.020275,35.082115,35.13615,35.192745,35.23455,35.296215,35.338005,35.327435,35.28023,35.173744,35.043186,34.952187,34.940308,34.90268,34.913017,34.94543,34.983604,35.016724,35.07383,35.176018,35.285507,35.320583,35.34576,35.37584,35.376213,35.355846,35.329956,35.254128,35.167255,35.094795,35.095963,35.133602,35.173847,35.222115,35.266342,35.30758,35.308086,35.339233,35.3585,35.36147,35.388298,35.442814,35.51379,35.35426,35.337193,35.26766,35.224937,35.22044,35.08552,34.941322,34.79432,34.61035,34.36609,34.18408,34.089096,34.018345,33.94544,33.87078,33.799965,33.77992,33.78886,33.783478,33.775894,33.798344,33.80466,33.808342,33.866592,33.93894,34.01943,34.13053,34.179047,34.248543,34.295216,34.34807,34.39651,34.439106,34.449596,34.456093,34.446445,34.436398,34.407043,34.358643,34.3446,34.30994,34.293674,34.282986,34.278378,34.268456,34.23587,34.22944,34.180607,34.15529,34.134,34.105915,34.090687,34.074608,34.081326,34.06725,34.071224,34.11418,34.156563,34.183037,34.185295,34.163933,34.07942,33.98362,33.868164,33.778694,33.72025,33.710903,33.773293,33.75439,33.733894,33.795902,33.45491,33.46323,33.486156,33.55443,33.447548,33.504337,,33.416634,33.3005,33.375713,33.515602,33.60044,33.622913,33.663025,33.648506,33.655712,33.659267,33.6521,33.63985,33.637096,33.641117,33.653393,33.652275,33.669174,33.684265,33.691788,33.71733,33.740566,33.77842,33.8057,33.849842,33.88654,33.941746,33.98541,34.037083,34.08158,34.128597,34.17368,34.220676,34.265648,34.29902,34.31652,34.322433,34.32977,34.338013,34.343937,34.35214,34.347908,34.33505,34.290127,34.168983,33.958275,33.738758,33.556408,33.4202,33.259426,33.184032,33.22829,33.214947,33.261497,33.277912,33.25532,33.21185,33.108154,33.100685,33.13999,33.17462,33.174305,33.15823,33.180305,33.224384,33.205364,33.189102,33.18652,33.17484,33.168545,33.17375,33.198784,33.24872,33.29418,33.29638,33.1923,33.068943,33.025146,33.024883,32.996155,32.929306,32.865726,32.981888,,,,,,,,,,,,,33.172684,33.19006,33.263054,33.3236,33.347958,33.442924,33.56709,33.750156,33.752666,33.62574,33.62017,33.658257,33.708324,33.73569,33.79714,33.899746,33.90748,33.97269,34.040462,34.02369,33.99377,34.059544,34.011326,34.072727,34.07599,34.05368,33.93922,33.80346,33.71173,33.65735,33.62056,33.595367,33.56834,33.532307,33.475845,33.417213,33.386482,33.37197,33.373127,33.38662,33.38536,33.37403,33.408802,33.420853,33.386074,33.29472,33.201252,33.143,33.071064,32.985527,32.91054,32.82746,32.737934,32.666653,32.612587,32.5687,32.54796,32.573803,32.6795,32.842773,33.065933,33.16325,33.12861,33.11323,33.105984,33.129635,33.158142,33.11562,33.05521,33.03069,33.030663,32.957138,32.813255,32.756012,32.718132,32.699333,32.704876,32.712875,32.713238,32.71243,32.757103,32.800735,32.83228,32.83648,32.84766,32.842587,32.837574,32.86155,32.912888,33.001762,33.112297,33.225212,33.32199,33.382107,33.40241,33.43866,33.441242,33.42262,33.426746,33.32323,33.22044,33.17394,33.29059,33.390568,33.52762,33.7151,33.916508,34.03605,34.081287,34.12628,34.17557,34.240746,34.313732,34.37867,34.445137,34.5187,34.587414
6.083336,,,,,,,,,,,,,,,,,35.805916,35.816154,35.83864,35.83592,35.806416,35.75864,35.70322,35.646015,35.60851,35.572285,35.549927,35.56486,35.57841,35.575943,35.59785,35.627365,35.67678,35.72714,35.763084,35.78648,35.72907,35.60179,35.471436,35.377804,35.367027,35.353115,35.340992,35.33334,35.323326,35.284348,35.23852,35.178925,35.130543,35.081284,35.048103,35.02164,34.99422,34.985184,34.97183,34.962894,34.95628,34.956276,34.933693,34.917942,34.924282,34.93478,34.95189,34.94387,34.932053,34.908436,34.89697,34.88983,34.889053,34.88192,34.884212,34.888363,34.891373,34.902363,34.908028,34.915993,34.923832,34.93456,34.945423,34.95658,34.96805,34.98354,35.013947,35.04212,35.064102,35.07726,35.090816,35.09792,35.108543,35.118378,35.11987,35.11077,35.10518,35.098766,35.097435,35.104557,35.12089,35.13353,35.153862,35.16795,35.175888,35.180603,35.196888,35.201283,35.193493,35.189117,35.1803,35.170914,35.152992,35.13088,35.115364,35.100372,35.088768,35.08791,35.09932,35.112617,35.127407,35.149006,35.15433,35.133934,35.05827,34.938946,34.85934,34.881737,34.90642,34.92472,34.95599,34.988678,35.00619,35.029495,35.0413,35.03951,35.048595,35.04643,35.039803,35.030487,35.038036,35.056934,35.07932,35.094128,35.10646,35.128716,35.161907,35.19904,35.237053,35.27775,35.3601,35.539974,35.630535,35.642033,35.662575,35.7095,35.745667,35.72984,35.656086,35.53268,35.450073,35.388863,35.334103,35.28287,35.222744,35.13268,35.038532,34.97122,34.88857,34.824097,34.76997,34.7265,34.68994,34.663307,34.626396,34.60581,34.581352,34.552303,34.52053,34.51287,34.5391,34.585434,34.616802,34.64218,34.672897,34.69306,34.726517,34.78837,34.843636,34.906563,34.97983,35.05596,35.11956,35.16489,35.206604,35.250164,35.300888,35.32339,35.293026,35.22769,35.128654,35.0147,34.941742,34.941353,34.906174,34.918224,34.932297,34.95771,34.998596,35.07242,35.178978,35.270996,35.324978,35.37678,35.437542,35.469284,35.446037,35.41613,35.36772,35.27589,35.18627,35.14997,35.186825,35.176556,35.202145,35.242416,35.302715,35.33846,35.36715,35.393723,35.419346,35.453667,35.505524,35.48054,35.371143,35.374996,35.36697,35.328423,35.261154,35.138184,35.03985,34.85887,34.641975,34.39502,34.2125,34.09169,33.99662,33.91616,33.8337,33.74993,33.741055,33.746487,33.740665,33.764576,33.769516,33.76303,33.783966,33.845715,33.92095,33.99438,34.08695,34.164337,34.233425,34.298267,34.368908,34.41024,34.440403,34.444263,34.450924,34.439854,34.386784,34.33179,34.301006,34.27806,34.266808,34.26357,34.258396,34.248726,34.238873,34.228523,34.209442,34.16774,34.148006,34.114967,34.07541,34.045826,34.02301,34.03828,34.062397,34.07921,34.13339,34.173832,34.21331,34.218243,34.18191,34.09731,34.0166,33.890438,33.82093,33.798542,33.820946,33.878483,33.85832,33.890175,33.933716,33.64987,33.516224,33.541424,33.52409,33.428562,33.60169,,33.439907,33.317398,33.34533,33.47016,33.53116,33.49951,33.58833,33.602936,33.58747,33.577244,33.56705,33.54006,33.52585,33.497944,33.471397,33.461567,33.454483,33.49046,33.508545,33.5573,33.59745,33.659744,33.722626,33.782265,33.85576,33.926044,33.993256,34.051994,34.100773,34.145824,34.17885,34.20328,34.221397,34.233482,34.246174,34.260925,34.273228,34.288254,34.301067,34.31344,34.31688,34.29687,34.20463,34.006603,33.775578,33.603493,33.490322,33.335293,33.21445,33.23191,33.23874,33.26759,33.26084,33.253376,33.264492,33.217422,33.12492,33.106445,33.13658,33.155365,33.14958,33.159798,33.17315,33.196262,33.177803,33.144337,33.135906,33.119873,33.10699,33.111927,33.14352,33.1673,33.220165,33.205185,33.145924,33.04643,33.00901,32.99727,32.991756,32.98432,32.913155,32.990078,32.992424,,,,,,,,33.21934,33.064995,33.101154,33.177452,33.121956,33.30213,33.39808,33.429153,33.534595,33.66169,33.733707,33.7911,33.67502,33.651733,33.70474,33.74477,33.808613,33.854313,33.964687,34.03865,34.074738,34.124035,34.149815,34.111973,34.10009,34.096027,34.08913,34.090046,34.06098,33.98734,33.852467,33.692028,33.59138,33.535072,33.49493,33.456516,33.417988,33.39449,33.34158,33.286297,33.248894,33.24033,33.239346,33.245796,33.248577,33.255642,33.30733,33.371502,33.359867,33.293556,33.234623,33.17623,33.087986,33.013706,32.946514,32.881668,32.809105,32.72487,32.649044,32.59406,32.554462,32.5379,32.558773,32.581795,32.73246,32.95815,33.10591,33.164574,33.15029,33.15979,33.188633,33.174065,33.134422,33.14201,33.11311,33.031822,32.972412,32.948566,32.898685,32.862682,32.85583,32.848045,32.815014,32.814518,32.83929,32.863075,32.85911,32.85419,32.86652,32.865376,32.877167,32.912083,32.957623,33.05495,33.17305,33.271084,33.36682,33.399025,33.42054,33.462227,33.46281,33.434593,33.432625,33.306797,33.193066,33.15604,33.28012,33.396114,33.53869,33.7316,33.898846,34.0055,34.059097,34.11617,34.168945,34.23836,34.30656,34.377228,34.433414,34.4959,34.54555
6.0,,,,,,,,,,,,,,,,35.70347,35.79222,35.824852,35.841198,35.829388,35.795273,35.742725,35.680622,35.617264,35.57188,35.544296,35.526497,35.54793,35.557213,35.572636,35.60902,35.66056,35.71287,35.757572,35.77861,35.77576,35.700104,35.559303,35.430214,35.37134,35.356674,35.340572,35.342144,35.3277,35.308315,35.26785,35.224003,35.174316,35.129227,35.094776,35.068695,35.047962,35.0249,35.00905,34.999928,34.989384,34.984756,34.979446,34.956375,34.94499,34.947166,34.95263,34.968975,34.95346,34.93502,34.920807,34.90697,34.90339,34.899277,34.89885,34.902153,34.908672,34.91528,34.926125,34.932842,34.938152,34.941463,34.94458,34.950424,34.95137,34.954212,34.959938,34.973743,34.986805,34.997032,35.004707,35.01271,35.025295,35.041912,35.05275,35.062447,35.06418,35.065296,35.078114,35.09319,35.11172,35.126976,35.140285,35.151577,35.15922,35.159813,35.165634,35.177574,35.181046,35.17895,35.17721,35.171814,35.16322,35.15121,35.133404,35.118675,35.10173,35.094315,35.09671,35.10724,35.11469,35.120506,35.12816,35.113384,35.05653,34.950768,34.858635,34.852863,34.899483,34.917004,34.940807,34.9688,34.99972,35.024628,35.036953,35.054573,35.06671,35.063164,35.063374,35.06785,35.069077,35.08444,35.10292,35.120556,35.13335,35.152695,35.17647,35.20737,35.24909,35.296974,35.375694,35.52214,35.65463,35.64963,35.67439,35.717613,35.757076,35.744232,35.6966,35.608772,35.538635,35.482662,35.4143,35.34985,35.294205,35.221687,35.124676,35.03675,34.9487,34.90005,34.840954,34.78435,34.73713,34.69597,34.660664,34.62654,34.604298,34.581924,34.559525,34.53138,34.518307,34.520584,34.554768,34.591167,34.627346,34.65115,34.684788,34.729298,34.790962,34.852135,34.92024,34.995766,35.07478,35.127605,35.161114,35.216618,35.261547,35.29547,35.296368,35.25462,35.184837,35.10061,34.99317,34.930317,34.929813,34.919186,34.92485,34.92786,34.95262,35.010822,35.081676,35.156937,35.24282,35.309948,35.386787,35.458218,35.488888,35.498253,35.505352,35.533092,35.477367,35.36755,35.32119,35.308014,35.295044,35.27729,35.268612,35.350014,35.4092,35.440907,35.470387,35.484695,35.52252,35.487865,35.304283,35.368748,35.39904,35.493763,35.423977,35.36019,35.22577,35.105526,34.919277,34.71448,34.465656,34.282806,34.132538,34.021664,33.94084,33.832302,33.7364,33.712505,33.72631,33.73645,33.74247,33.734978,33.73699,33.76914,33.835087,33.899925,33.996223,34.09103,34.167484,34.246582,34.339096,34.40904,34.448624,34.429237,34.42051,34.40219,34.37134,34.302315,34.27974,34.258183,34.253498,34.260677,34.265587,34.264565,34.26335,34.261745,34.252934,34.220192,34.164536,34.113415,34.015522,33.937775,33.894135,33.88858,33.930496,34.020443,34.067192,34.13985,34.186447,34.2323,34.223515,34.172626,34.1148,34.046925,33.90542,33.767944,33.773052,33.821716,33.85664,33.86804,33.890163,33.893646,33.79589,33.741596,33.54955,33.585575,33.46364,33.69673,,33.55391,33.347645,33.339226,33.457283,33.51079,33.41891,33.401184,33.4962,33.5244,33.51366,33.49898,33.48539,33.464783,33.44095,33.412567,33.403957,33.390156,33.40716,33.445866,33.496254,33.568928,33.642136,33.722702,33.793316,33.872738,33.928284,33.98054,34.01952,34.050587,34.081028,34.108894,34.131275,34.151848,34.177044,34.193645,34.215565,34.232044,34.25045,34.266544,34.284714,34.294388,34.2455,34.091667,33.876442,33.695225,33.612934,33.480694,33.31258,33.26746,33.247948,33.263325,33.251785,33.266182,33.308384,33.317814,33.238995,33.111996,33.074406,33.096016,33.10853,33.094315,33.11288,33.138527,33.15313,33.129395,33.115623,33.105507,33.08609,33.080208,33.082897,33.094543,33.100067,33.132233,33.137077,33.10565,33.029747,32.97584,32.936,32.969715,32.97147,32.92504,32.906944,32.93447,33.07634,33.243134,,,,,33.171158,33.13867,33.03441,33.07355,33.332977,33.341866,33.53163,33.549515,33.642307,33.71481,33.735603,33.754917,33.7327,33.685093,33.769146,33.793663,33.862858,33.947094,33.99584,34.103466,34.146904,34.175365,34.172775,34.179703,34.145527,34.14202,34.10944,34.106506,34.06528,33.9911,33.885475,33.736397,33.58931,33.502377,33.44759,33.405125,33.356773,33.309574,33.283283,33.240025,33.200794,33.174503,33.166805,33.172535,33.173595,33.164337,33.173965,33.208336,33.26628,33.29235,33.264065,33.23506,33.184902,33.105526,33.026165,32.969044,32.908318,32.850746,32.793827,32.73147,32.654808,32.583282,32.534588,32.521072,32.521927,32.573048,32.646397,32.764503,32.923336,33.058014,33.1366,33.179043,33.20461,33.223118,33.259808,33.245888,33.18702,33.144413,33.109062,33.040546,33.001774,32.9788,32.941216,32.89239,32.876736,32.88945,32.88541,32.884644,32.88522,32.901222,32.905125,32.921764,32.949818,32.995922,33.086998,33.21591,33.305847,33.37705,33.411934,33.441696,33.47794,33.472107,33.440845,33.43146,33.293346,33.186047,33.144363,33.265026,33.398148,33.535923,33.723858,33.890736,33.979263,34.03098,34.09467,34.16092,34.232048,34.299675,34.377422,34.438477,34.483616,34.51714
5.9166718,,,,,,,,,,,,,,,,35.681244,35.80003,35.828403,35.837936,35.82744,35.789703,35.7277,35.648563,35.580837,35.547894,35.52599,35.510647,35.527702,35.545383,35.585075,35.630875,35.68834,35.7337,35.767864,35.782433,35.744434,35.662685,35.516735,35.398888,35.372078,35.349483,35.33267,35.335857,35.327347,35.301105,35.260075,35.21394,35.170223,35.13313,35.10334,35.084274,35.06254,35.04797,35.031116,35.022198,35.010002,35.000362,34.98776,34.96597,34.96511,34.961277,34.963764,34.96896,34.946907,34.93168,34.920967,34.904667,34.912426,34.91159,34.91692,34.926144,34.930767,34.941048,34.94799,34.95768,34.96162,34.966156,34.96719,34.96973,34.965515,34.96214,34.960186,34.967438,34.977325,34.984093,34.988495,34.99481,35.008835,35.02883,35.043594,35.055656,35.055084,35.06343,35.08718,35.10194,35.111076,35.116108,35.125206,35.132347,35.135506,35.14634,35.15608,35.161907,35.169147,35.17556,35.18154,35.181385,35.170185,35.148205,35.129524,35.11687,35.101665,35.09938,35.104908,35.101425,35.103893,35.106197,35.102352,35.067917,34.97668,34.87194,34.832146,34.865833,34.909954,34.931366,34.959198,34.982586,35.013775,35.036133,35.047157,35.07176,35.0898,35.089172,35.095867,35.09899,35.102898,35.119976,35.143097,35.165054,35.18506,35.203922,35.231888,35.265766,35.31842,35.396248,35.50901,35.65741,35.65569,35.68166,35.71927,35.76056,35.764652,35.728924,35.657475,35.591095,35.54777,35.49587,35.42299,35.366695,35.29461,35.218815,35.123005,35.02626,34.955868,34.914314,34.850468,34.7941,34.73831,34.69763,34.66496,34.6341,34.604816,34.585995,34.566536,34.543934,34.532757,34.528862,34.54625,34.580986,34.628025,34.65363,34.68648,34.7313,34.80319,34.873596,34.940582,35.017174,35.092533,35.135685,35.171646,35.225998,35.259632,35.270206,35.26024,35.230846,35.18013,35.06994,34.971317,34.923973,34.910503,34.927868,34.940098,34.951748,34.973026,35.029278,35.086475,35.151527,35.22137,35.251305,35.307156,35.387375,35.440117,35.479733,35.529747,35.594055,35.59465,35.540283,35.490536,35.494877,35.497272,35.440716,35.395546,35.47276,35.536964,35.555607,35.56938,35.583176,35.542397,35.316784,35.304462,35.34135,35.413013,35.508034,35.485382,35.425076,35.335907,35.222534,35.016033,34.79688,34.575935,34.36268,34.192585,34.077587,33.971733,33.83922,33.732994,33.704445,33.70641,33.696095,33.699627,33.708004,33.717346,33.763046,33.825497,33.906174,33.999466,34.087513,34.151276,34.217617,34.287926,34.345123,34.37487,34.39523,34.40671,34.381836,34.34455,34.332462,34.31982,34.30312,34.30058,34.29628,34.301704,34.302345,34.288254,34.277096,34.257843,34.19178,34.092144,33.92685,33.789978,33.7421,33.72601,33.74649,33.81409,33.91945,34.008995,34.09903,34.18564,34.235924,34.201023,34.117767,34.092415,34.06369,33.951786,33.80183,33.759014,33.766586,33.745132,33.664158,33.85205,34.039497,33.796864,33.843742,33.681606,33.60959,33.480442,,33.400497,33.47865,,33.355232,33.479527,33.58568,33.45549,33.373596,33.34296,33.35507,33.4367,33.4217,33.389423,33.40419,33.393177,33.38299,33.391747,33.398376,33.43465,33.48212,33.548748,33.6145,33.694237,33.76037,33.821007,33.87616,33.912487,33.940456,33.97276,34.0013,34.033726,34.073277,34.108334,34.13996,34.166317,34.185837,34.20681,34.22551,34.244358,34.267014,34.272636,34.251873,34.163803,34.00586,33.831287,33.69969,33.615738,33.450268,33.30715,33.2696,33.27044,33.258762,33.276157,33.275497,33.306023,33.321304,33.251923,33.136574,33.08161,33.089046,33.09524,33.06025,33.06447,33.10053,33.106552,33.08997,33.094593,33.086033,33.05263,33.06318,33.06348,33.0616,33.056026,33.081257,33.088562,33.06225,32.988316,32.92579,32.907623,32.98382,32.953915,32.895042,32.977436,32.973812,33.083942,33.094643,33.038025,33.067547,33.12629,33.28506,33.069252,33.20873,33.369076,33.47579,33.575027,33.60508,33.705677,33.695076,33.775326,33.756535,33.77027,33.780403,33.78143,33.84881,33.900356,33.941784,34.024994,34.07505,34.099377,34.160862,34.17495,34.156097,34.146687,34.127693,34.11211,34.095318,34.085217,34.048187,33.98197,33.883343,33.774204,33.642586,33.541687,33.478813,33.412178,33.34772,33.301044,33.266773,33.23235,33.191498,33.154564,33.14036,33.13157,33.13341,33.135418,33.126686,33.141197,33.14357,33.180336,33.204212,33.210175,33.20011,33.16281,33.089108,33.024918,32.98478,32.92091,32.852608,32.802513,32.758076,32.694687,32.63919,32.574867,32.532585,32.518055,32.525814,32.546154,32.592537,32.65891,32.760536,32.89211,33.04433,33.159145,33.24984,33.318256,33.332317,33.28686,33.25564,33.199963,33.14313,33.112774,33.07663,33.010773,32.96284,32.942303,32.92756,32.91362,32.92048,32.92965,32.93767,32.952835,32.971313,32.993393,33.037083,33.127335,33.233315,33.338856,33.40643,33.42519,33.457115,33.469902,33.46014,33.438522,33.41747,33.275192,33.172173,33.133945,33.249096,33.378254,33.515224,33.711327,33.855556,33.94187,34.00107,34.073193,34.14308,34.215553,34.289207,34.36707,34.424454,34.48058,34.52692
5.833336,,,,,,,,,,,,,,,35.596012,35.737907,35.813625,35.832058,35.837063,35.82199,35.781475,35.718018,35.638462,35.569324,35.526917,35.511574,35.50244,35.515827,35.54808,35.598255,35.647976,35.701992,35.75075,35.784866,35.770855,35.69537,35.616894,35.46944,35.384533,35.37384,35.340305,35.326664,35.330296,35.324703,35.29675,35.258423,35.214645,35.17315,35.14298,35.115475,35.098667,35.07628,35.06483,35.047195,35.036434,35.02576,35.006702,34.99341,34.978573,34.980286,34.979317,34.97332,34.963146,34.936535,34.92016,34.918175,34.906284,34.91748,34.92578,34.933945,34.94721,34.952793,34.963932,34.966633,34.975266,34.97876,34.983566,34.984215,34.98774,34.983994,34.978775,34.973194,34.97646,34.983803,34.98686,34.99176,35.000984,35.015987,35.029976,35.043682,35.050034,35.04982,35.05893,35.071327,35.083584,35.09049,35.09601,35.10641,35.110966,35.125744,35.14256,35.151806,35.157387,35.17065,35.17691,35.183804,35.18209,35.171974,35.159702,35.136227,35.120533,35.110344,35.112183,35.115547,35.101192,35.096878,35.09781,35.078213,35.01912,34.91738,34.8302,34.829838,34.891068,34.920002,34.956234,34.98275,35.011436,35.036964,35.051544,35.072205,35.095673,35.10069,35.09964,35.107018,35.131992,35.145653,35.16099,35.180607,35.2063,35.234455,35.25839,35.289715,35.329723,35.398674,35.507454,35.628986,35.648632,35.674706,35.713093,35.75077,35.76601,35.754555,35.70927,35.638542,35.591652,35.5608,35.50905,35.44037,35.361057,35.29256,35.203285,35.109417,35.034233,34.96998,34.924213,34.8641,34.809765,34.746193,34.709652,34.68532,34.64832,34.598858,34.57321,34.55923,34.538834,34.539646,34.540546,34.55925,34.5915,34.626045,34.651367,34.683758,34.73628,34.816227,34.8989,34.98121,35.06041,35.12471,35.17078,35.19903,35.239548,35.2654,35.28246,35.307384,35.3042,35.245533,35.113663,34.987934,34.92935,34.888016,34.901318,34.93051,34.9688,34.990097,35.053295,35.126255,35.18662,35.20114,35.20947,35.24627,35.322113,35.395256,35.459496,35.53637,35.60389,35.62855,35.60536,35.60773,35.662155,35.68238,35.60264,35.50588,35.5918,35.68652,35.700226,35.65405,35.573498,35.32846,35.32732,35.360508,35.376522,35.44214,35.517254,35.530926,35.475784,35.425247,35.317947,35.089325,34.868984,34.65869,34.44359,34.27995,34.143032,33.997097,33.884598,33.782795,33.713272,33.679893,33.66732,33.657036,33.67555,33.717136,33.76529,33.836292,33.92096,34.006687,34.08483,34.151924,34.22291,34.29692,34.36724,34.390957,34.405113,34.406567,34.3925,34.35956,34.31652,34.29065,34.26357,34.26349,34.278217,34.289486,34.27519,34.265816,34.2358,34.16416,34.071568,33.918507,33.73433,33.654438,33.636295,33.636967,33.707954,33.782803,33.862263,33.95227,34.04723,34.169437,34.229885,34.162224,34.080555,34.039642,34.06562,34.062786,34.022224,33.86536,33.767307,33.752743,33.612762,33.80282,33.981415,33.822735,33.9499,33.65382,,33.44755,33.399406,33.33952,,,33.345917,33.485302,33.617813,33.523857,33.43498,33.372807,33.36124,33.343536,33.362293,33.3581,33.353653,33.382828,33.391117,33.41551,33.45412,33.497856,33.546196,33.615498,33.653667,33.715424,33.75587,33.800884,33.843754,33.884533,33.9281,33.968334,34.0132,34.050304,34.09255,34.127155,34.16221,34.18605,34.207676,34.227936,34.24176,34.249752,34.252167,34.226032,34.16396,34.059017,33.93097,33.811974,33.728073,33.642784,33.477654,33.354603,33.270634,33.256298,33.261997,33.273033,33.288345,33.33341,33.34608,33.275684,33.13598,33.05069,33.04516,33.085594,33.07157,33.046646,33.07078,33.069855,33.03598,33.025208,33.02839,33.037224,33.042065,33.040016,33.037373,33.040016,33.045708,33.014454,33.011463,32.97226,32.972668,32.97911,32.971672,32.879562,32.87123,33.025517,33.101658,33.052727,33.0093,33.089947,33.059235,32.975986,33.13451,33.43724,33.58627,33.6257,33.67848,33.726536,33.732098,33.791317,33.75598,33.821968,33.794186,33.8765,33.888237,33.959805,33.9977,34.024685,34.060802,34.107838,34.10454,34.13972,34.143158,34.152668,34.111153,34.09449,34.05813,34.043808,34.021687,33.986374,33.93699,33.849922,33.75802,33.67161,33.585857,33.527744,33.474987,33.38956,33.313553,33.27092,33.229874,33.19312,33.14699,33.118866,33.102806,33.090904,33.096836,33.09931,33.10383,33.11099,33.104774,33.12091,33.141155,33.15162,33.145813,33.122032,33.03992,32.980576,32.949127,32.892265,32.8568,32.807003,32.770584,32.718796,32.662422,32.598515,32.550274,32.52305,32.515686,32.50851,32.524437,32.55321,32.597954,32.689804,32.8466,33.024357,33.16545,33.270905,33.32812,33.311993,33.287216,33.245995,33.217846,33.196285,33.147465,33.07136,33.014965,32.9789,32.94848,32.93845,32.952484,32.971024,32.993275,33.01173,33.02975,33.054058,33.098873,33.182293,33.27774,33.36616,33.414913,33.440563,33.45302,33.44593,33.45484,33.427948,33.396427,33.250744,33.160854,33.123245,33.225513,33.3481,33.49443,33.691936,33.82526,33.90041,33.958862,34.030537,34.113037,34.190845,34.265827,34.35349,34.41478,34.46148,34.504196
5.75,,,,,,,,,,,,,,35.44943,35.64576,35.768738,35.82497,35.826153,35.831013,35.82043,35.779774,35.71532,35.631096,35.5589,35.519558,35.50914,35.50854,35.532135,35.56917,35.62448,35.67406,35.724102,35.76554,35.811256,35.745663,35.646973,35.560883,35.437588,35.383102,35.376045,35.33422,35.324226,35.326225,35.324142,35.300823,35.262154,35.223595,35.181835,35.15435,35.12918,35.111946,35.09356,35.079544,35.069286,35.061512,35.051987,35.028538,35.010883,34.9955,34.99233,34.98636,34.973724,34.953945,34.92653,34.916668,34.922237,34.92158,34.936222,34.94663,34.961044,34.970844,34.98097,34.990074,34.994408,34.993683,34.993385,34.99751,34.998486,34.997517,34.993465,34.982616,34.970577,34.971493,34.974693,34.976814,34.979843,34.988075,35.005733,35.019,35.027943,35.03086,35.03537,35.042355,35.05343,35.067684,35.073784,35.08558,35.09665,35.10827,35.126114,35.144085,35.156647,35.164864,35.1763,35.181095,35.185257,35.184387,35.180378,35.168972,35.14452,35.12849,35.123787,35.124565,35.130764,35.116905,35.103825,35.082027,35.03291,34.944233,34.84564,34.81036,34.85455,34.908073,34.94796,34.975826,35.00388,35.03515,35.04882,35.070065,35.102306,35.115658,35.131695,35.137527,35.138874,35.163498,35.18477,35.196693,35.2112,35.23764,35.26939,35.302055,35.33647,35.40423,35.512398,35.618286,35.651325,35.664837,35.70012,35.72323,35.75699,35.76365,35.740948,35.68406,35.620052,35.585606,35.543076,35.495617,35.43377,35.36025,35.285725,35.20248,35.106415,35.027004,34.983677,34.925026,34.86483,34.81212,34.755806,34.716076,34.694927,34.648098,34.60132,34.583702,34.574524,34.550953,34.546047,34.553005,34.561813,34.58776,34.616425,34.64475,34.687702,34.75407,34.833324,34.9242,35.01062,35.09103,35.154526,35.198666,35.22634,35.25497,35.281586,35.322178,35.36676,35.362713,35.28074,35.149593,35.03041,34.961807,34.892937,34.858112,34.904366,34.95424,34.988705,35.060013,35.16086,35.241436,35.27715,35.306164,35.333134,35.358486,35.37061,35.442257,35.5178,35.561264,35.590256,35.611557,35.639282,35.72302,35.733406,35.660156,35.58363,35.625328,35.742813,35.692093,35.4424,35.335236,35.37827,35.470768,35.461372,35.429035,35.481483,35.547848,35.57449,35.519413,35.491203,35.39552,35.167747,34.947178,34.734573,34.493736,34.339565,34.207344,34.03048,33.93789,33.809853,33.706757,33.66405,33.634323,33.624264,33.646477,33.71404,33.768703,33.835346,33.923435,34.012875,34.075615,34.14154,34.209393,34.282604,34.34768,34.38577,34.396927,34.379032,34.347404,34.306217,34.278137,34.27427,34.286407,34.30525,34.31201,34.305958,34.273335,34.237057,34.1782,34.10141,33.961952,33.780132,33.63624,33.58921,33.579697,33.607624,33.69722,33.800053,33.850567,33.93663,34.01702,34.160374,34.205303,34.14857,34.081734,34.042732,34.036385,34.042957,34.059315,34.03324,33.936832,33.921234,33.796417,33.934002,34.01966,33.841717,33.82873,33.571842,,33.44526,33.512234,,33.311268,33.364414,33.35877,33.555367,33.641365,33.602684,33.486137,33.45598,33.43722,33.39055,33.42102,33.421753,33.427628,33.451977,33.47017,33.49699,33.524773,33.561108,33.580433,33.625023,33.64049,33.69005,33.721138,33.772133,33.829197,33.888966,33.939674,33.99454,34.046494,34.09268,34.13212,34.157017,34.17808,34.20131,34.214554,34.22953,34.230637,34.21734,34.18501,34.117527,34.035946,33.951824,33.8801,33.815067,33.74899,33.638744,33.492596,33.366215,33.306152,33.281395,33.279858,33.2581,33.29193,33.321514,33.331944,33.29793,33.17875,33.059563,33.02096,33.05555,33.077774,33.036465,33.044136,33.030403,32.989544,32.99011,32.99976,33.001377,33.001606,32.997044,33.010906,33.032154,33.025024,33.00416,32.99194,32.95738,32.91607,32.871853,32.89713,32.953777,32.953106,33.11582,33.16227,33.12975,32.9283,32.923897,33.13688,33.380512,33.58581,33.69321,33.75026,33.7606,33.809032,33.81977,33.84325,33.871174,33.868336,33.938164,33.935295,34.02367,34.011456,34.063725,34.064102,34.082355,34.103683,34.11372,34.104763,34.1394,34.120525,34.11827,34.05998,34.029293,33.98662,33.961193,33.919693,33.874306,33.817463,33.73933,33.67867,33.630516,33.574795,33.49976,33.438732,33.36698,33.298065,33.250576,33.204674,33.157433,33.106693,33.06721,33.0531,33.046333,33.056652,33.062225,33.060825,33.07242,33.064583,33.060364,33.057068,33.04742,33.022724,32.984238,32.939983,32.905846,32.899406,32.867207,32.834976,32.796787,32.75726,32.722034,32.68752,32.64976,32.613262,32.5674,32.529213,32.511215,32.511375,32.51874,32.534706,32.588974,32.679924,32.835487,33.001923,33.148808,33.248287,33.269608,33.269936,33.27736,33.273872,33.24259,33.175117,33.1111,33.054207,33.007927,32.96982,32.964264,32.98545,33.012394,33.04068,33.056828,33.08434,33.118984,33.17225,33.241703,33.32605,33.4007,33.430367,33.432117,33.423344,33.4364,33.43945,33.400604,33.360497,33.232754,33.151203,33.108803,33.193577,33.31392,33.45827,33.65796,33.781742,33.855843,33.91863,33.98649,34.071163,34.153355,34.23885,34.32391,34.38503,34.43613,34.47777
5.6666718,,,,,,,,,,,,,,35.43601,35.70608,35.799866,35.82564,35.821228,35.830486,35.82364,35.78867,35.728718,35.65333,35.580025,35.537434,35.525166,35.528927,35.562817,35.60438,35.656815,35.710197,35.755646,35.79229,35.828796,35.708405,35.58237,35.490925,35.424427,35.381042,35.36785,35.327457,35.32022,35.32062,35.319958,35.301537,35.26634,35.23004,35.192738,35.167213,35.145313,35.127457,35.10798,35.094257,35.08483,35.076218,35.059536,35.040855,35.019505,34.999737,34.996643,34.980904,34.961006,34.94069,34.92266,34.925724,34.934242,34.94863,34.95919,34.976757,34.991302,35.003685,35.01866,35.029686,35.036045,35.031628,35.023586,35.019485,35.01645,35.015106,35.010292,34.998863,34.97902,34.97603,34.970505,34.97063,34.964268,34.967377,34.992184,35.00404,35.008667,35.011326,35.019104,35.035393,35.04845,35.056805,35.06678,35.080204,35.093307,35.104866,35.12564,35.146645,35.16147,35.17233,35.187542,35.194145,35.198627,35.19428,35.18604,35.173447,35.150826,35.145485,35.13948,35.13184,35.130928,35.110596,35.082592,35.034046,34.958847,34.86592,34.80769,34.81874,34.881058,34.921436,34.977673,35.00332,35.0279,35.052483,35.06966,35.100506,35.128906,35.14609,35.172054,35.195843,35.20497,35.20663,35.207836,35.215115,35.233887,35.260033,35.290924,35.341705,35.415817,35.52765,35.632294,35.6514,35.64048,35.67292,35.693398,35.71387,35.747807,35.76166,35.72531,35.657158,35.60766,35.55355,35.494873,35.451126,35.419033,35.36218,35.27453,35.175625,35.1019,35.032066,34.9842,34.934155,34.8731,34.815144,34.760357,34.73069,34.708534,34.667465,34.617012,34.592472,34.58335,34.564762,34.557827,34.565964,34.572018,34.592136,34.624775,34.653194,34.696037,34.76606,34.850044,34.939762,35.04124,35.11706,35.175144,35.21229,35.23566,35.269505,35.3108,35.36612,35.407677,35.39442,35.300316,35.167046,35.067547,34.99783,34.92964,34.91154,34.95422,35.0158,35.076015,35.148354,35.2468,35.303246,35.3311,35.38544,35.396744,35.37953,35.374386,35.448532,35.48087,35.509396,35.537758,35.558838,35.612026,35.668835,35.685818,35.59369,35.405212,35.41869,35.505035,35.46159,35.484634,35.53885,35.49683,35.41261,35.391907,35.409576,35.479282,35.60641,35.59763,35.530525,35.484352,35.402977,35.225407,35.04247,34.84477,34.671776,34.49417,34.31367,34.135193,33.999847,33.859844,33.717464,33.64563,33.631054,33.62558,33.66101,33.714397,33.764034,33.82017,33.909447,33.994854,34.0667,34.12478,34.184467,34.255272,34.329933,34.395756,34.411957,34.417583,34.404396,34.356663,34.32201,34.314667,34.317947,34.327366,34.321716,34.29317,34.247215,34.207462,34.142166,34.02842,33.85669,33.695297,33.619244,33.57974,33.557343,33.57749,33.680782,33.82865,33.858227,33.931755,34.003098,34.138554,34.187313,34.132217,34.12661,34.11001,34.07812,34.033268,34.030643,34.03744,34.049988,34.027153,33.950676,34.060017,34.03652,33.847355,33.68358,33.33755,33.398132,33.38659,33.411285,33.37812,33.281807,33.35767,33.387287,33.58166,33.566826,33.533524,33.432713,33.41114,33.437313,33.411564,33.440983,33.435528,33.45546,33.463303,33.482487,33.504887,33.51362,33.517605,33.523483,33.549732,33.585484,33.638714,33.693417,33.765614,33.834816,33.916405,33.977512,34.038273,34.091187,34.13701,34.158005,34.16083,34.17263,34.198708,34.21571,34.2151,34.191486,34.144432,34.07357,33.99907,33.938522,33.893955,33.87022,33.824947,33.731213,33.602055,33.477127,33.371376,33.288357,33.251575,33.24808,33.249836,33.28722,33.322826,33.34254,33.316242,33.205883,33.07463,33.015152,33.039093,33.075867,33.03888,33.03371,33.01732,32.962685,32.947872,32.99733,32.994156,33.014244,32.98631,32.973396,32.96647,32.95948,32.921288,32.875175,32.8616,32.92342,32.987587,32.9761,33.009613,33.11863,33.17378,33.00714,32.97987,33.182636,33.306465,33.561264,33.74564,33.77478,33.858738,33.864902,33.895714,33.923138,33.925617,33.965984,33.970947,33.99075,34.01188,34.01657,34.058414,34.05385,34.07311,34.0949,34.109432,34.12263,34.12874,34.130226,34.134945,34.101154,34.053635,33.99201,33.946423,33.89929,33.86643,33.83045,33.791676,33.758854,33.71046,33.657562,33.60817,33.555534,33.48282,33.410725,33.35325,33.288593,33.22328,33.168438,33.12735,33.08849,33.053116,33.021393,32.99794,32.99769,32.998135,33.006317,33.0115,32.99625,32.96515,32.961407,32.937183,32.894352,32.86386,32.84756,32.8312,32.831486,32.806602,32.8084,32.787613,32.74647,32.71797,32.689228,32.65013,32.628197,32.5995,32.561058,32.530525,32.519577,32.52797,32.539295,32.5629,32.595818,32.696865,32.838303,32.979996,33.10382,33.189186,33.236893,33.267582,33.259205,33.22395,33.189266,33.149,33.101162,33.046055,33.00484,33.001823,33.012836,33.050816,33.07706,33.099148,33.13121,33.181965,33.232727,33.295616,33.37358,33.42591,33.432144,33.40625,33.392563,33.40905,33.42249,33.36345,33.318756,33.21197,33.14515,33.100037,33.153862,33.2755,33.41277,33.615932,33.74166,33.81222,33.873665,33.938328,34.02805,34.108772,34.1831,34.271725,34.337616,34.385128,34.41661
5.583336,,,,,,,,,,,,,35.301468,35.581528,35.775986,35.818768,35.810566,35.81762,35.823788,35.821655,35.799156,35.747513,35.686867,35.618885,35.574364,35.558475,35.56714,35.59843,35.645023,35.699776,35.742386,35.77466,35.82329,35.806774,35.643986,35.520107,35.453396,35.41949,35.376335,35.352024,35.322758,35.316727,35.320507,35.318237,35.30296,35.269592,35.234245,35.20192,35.177814,35.15993,35.14278,35.126038,35.112514,35.09559,35.079567,35.05748,35.039375,35.016155,34.99574,34.99293,34.974533,34.953144,34.937996,34.940464,34.95395,34.96175,34.976868,34.990894,35.00819,35.023388,35.04073,35.061028,35.07914,35.08705,35.08655,35.07711,35.066242,35.0535,35.042717,35.03551,35.029343,35.012478,34.998123,34.98333,34.973423,34.96551,34.962128,34.97504,34.991055,34.99993,35.008762,35.02053,35.032288,35.03386,35.035576,35.046288,35.06505,35.082172,35.106777,35.133335,35.16439,35.180042,35.18972,35.200367,35.211235,35.21619,35.210205,35.19784,35.172665,35.153225,35.14718,35.14085,35.13375,35.124733,35.09635,35.048317,34.981438,34.89793,34.827034,34.815067,34.854183,34.908302,34.958073,35.00606,35.023903,35.047073,35.070206,35.09676,35.133644,35.159668,35.194935,35.223267,35.243866,35.26315,35.271107,35.255558,35.245945,35.25548,35.291225,35.36663,35.461803,35.554806,35.619564,35.623642,35.60805,35.636993,35.687744,35.723717,35.75054,35.75909,35.752434,35.704727,35.649067,35.580418,35.48216,35.40566,35.36995,35.35671,35.325897,35.265064,35.17606,35.08353,35.033314,35.00589,34.92751,34.87286,34.82969,34.768986,34.733913,34.696407,34.66134,34.609875,34.587273,34.593414,34.5762,34.56974,34.579433,34.58192,34.600544,34.627434,34.669273,34.70997,34.783268,34.870144,34.959644,35.05174,35.115612,35.17018,35.212517,35.249706,35.296967,35.357456,35.413185,35.441162,35.401474,35.291656,35.172226,35.09325,35.01223,34.9594,34.954067,35.005318,35.064556,35.134174,35.22367,35.320683,35.38646,35.406326,35.42897,35.411682,35.38385,35.37603,35.444065,35.499737,35.516323,35.52803,35.535664,35.541363,35.550385,35.530727,35.36198,35.226093,35.2815,35.359505,35.368973,35.419666,35.36195,35.375603,35.36202,35.3367,35.38711,35.4811,35.604294,35.56607,35.533306,35.49116,35.414093,35.255783,35.08814,34.925816,34.784847,34.623955,34.45152,34.24839,34.09004,33.901897,33.740677,33.644592,33.64641,33.673355,33.671986,33.68293,33.753853,33.820427,33.91071,33.99826,34.05633,34.11785,34.19517,34.267967,34.347313,34.40065,34.425568,34.41117,34.379887,34.3361,34.304047,34.290462,34.294674,34.31828,34.294746,34.25805,34.20304,34.14557,34.066273,33.950092,33.81555,33.7238,33.646126,33.549465,33.521267,33.531284,33.629177,33.84627,33.86196,33.91283,33.997093,34.13693,34.112934,34.07738,34.097843,34.09952,34.06602,33.964687,33.935787,33.949146,34.018513,34.04518,34.04113,34.087914,33.95049,33.75116,33.326355,33.33751,33.379944,33.34007,33.311127,33.31549,33.3045,33.335575,33.38361,33.483036,33.522175,33.404594,33.282467,33.26727,33.285515,33.291668,33.30491,33.315407,33.318634,33.317165,33.363724,33.383556,33.398262,33.41247,33.414387,33.45305,33.52168,33.589886,33.673237,33.7585,33.85393,33.958374,34.049595,34.11188,34.14405,34.175392,34.174114,34.170513,34.18343,34.199066,34.200108,34.172035,34.119804,34.05447,33.98419,33.92683,33.899178,33.912487,33.928886,33.89181,33.7916,33.64525,33.517803,33.392307,33.2972,33.258224,33.23171,33.22853,33.26027,33.27931,33.30451,33.32123,33.270477,33.142628,33.025864,33.04223,33.076405,33.042755,33.020344,32.99457,32.94175,32.924755,32.963257,32.947975,32.973213,32.968193,32.92984,32.928844,32.91699,32.95361,32.99779,33.006218,33.032673,32.999756,32.96003,32.95281,32.94362,33.025364,33.203766,33.45526,33.55218,33.62719,33.80339,33.845608,33.889698,33.937714,33.950623,33.974075,33.988743,34.00132,34.024033,34.035416,34.045696,34.05403,34.06243,34.091877,34.109097,34.137142,34.165657,34.168568,34.15904,34.144733,34.11537,34.07683,34.021748,33.956524,33.907597,33.87098,33.851826,33.824203,33.788193,33.74826,33.721367,33.685295,33.62154,33.56692,33.523773,33.459244,33.396355,33.329487,33.259205,33.21166,33.1679,33.120537,33.06919,33.029083,32.99611,32.971622,32.96215,32.94552,32.941708,32.933876,32.91328,32.90474,32.870785,32.814148,32.768105,32.77353,32.78423,32.76507,32.76097,32.746536,32.740204,32.716644,32.687717,32.67845,32.659092,32.626564,32.60303,32.585083,32.568054,32.5474,32.533554,32.538216,32.546234,32.558414,32.58317,32.65759,32.742146,32.834724,32.95417,33.076134,33.17093,33.213383,33.21995,33.22154,33.20045,33.16803,33.112793,33.068398,33.039154,33.04803,33.065636,33.105976,33.134907,33.157345,33.196545,33.24763,33.28587,33.350967,33.420135,33.43376,33.42546,33.379295,33.367073,33.39347,33.395912,33.325855,33.266434,33.194397,33.143757,33.092865,33.123524,33.228626,33.353172,33.55711,33.684605,33.753918,33.824463,33.885517,33.979454,34.0619,34.135998,34.210003,34.269623,34.31599,34.34328
5.5,,,,,,,,,,,,,35.267597,35.644627,35.827633,35.80374,35.8041,35.81353,35.82242,35.820877,35.80269,35.7657,35.71337,35.6499,35.61327,35.60216,35.61434,35.64321,35.685406,35.73733,35.771366,35.799973,35.85911,35.778614,35.581757,35.480747,35.425564,35.40547,35.364254,35.337444,35.316788,35.31013,35.32058,35.3184,35.30648,35.2749,35.243652,35.216396,35.195072,35.177444,35.16352,35.1463,35.129387,35.10584,35.07914,35.05428,35.04115,35.013832,35.00145,34.997654,34.985497,34.97459,34.972507,34.98404,34.981853,34.991386,35.003635,35.01425,35.037064,35.05249,35.075283,35.093212,35.109398,35.12851,35.13101,35.122456,35.112946,35.09799,35.08134,35.068565,35.059822,35.043182,35.02784,35.010414,34.99626,34.982277,34.982285,34.98764,34.99495,35.004784,35.007633,35.017876,35.027,35.025715,35.030876,35.04391,35.06996,35.09075,35.12291,35.162537,35.19822,35.205666,35.20437,35.2119,35.21988,35.226498,35.21324,35.191086,35.171783,35.160873,35.154102,35.147545,35.134377,35.107063,35.059807,34.991386,34.908466,34.839714,34.819283,34.84477,34.902374,34.9595,35.005737,35.028282,35.044613,35.058514,35.086216,35.129757,35.16133,35.193245,35.23044,35.258026,35.28427,35.31038,35.32615,35.32875,35.32496,35.35701,35.41908,35.50337,35.575317,35.59929,35.585518,35.577152,35.575123,35.601624,35.67119,35.742462,35.774807,35.759686,35.730556,35.692123,35.622627,35.510895,35.35544,35.234974,35.196934,35.21776,35.25134,35.21722,35.147858,35.08931,35.018303,34.98744,34.942913,34.889652,34.84846,34.78947,34.74304,34.702763,34.65923,34.622547,34.603397,34.60515,34.592304,34.582016,34.596786,34.603626,34.621174,34.648148,34.70095,34.755848,34.824795,34.892635,34.963932,35.032913,35.089317,35.14019,35.213806,35.267456,35.331852,35.395496,35.43739,35.434067,35.366543,35.256893,35.15637,35.111366,35.02346,34.98001,34.96595,35.041637,35.099163,35.144367,35.228058,35.32739,35.397602,35.425625,35.44198,35.439083,35.405315,35.371796,35.440895,35.52522,35.547077,35.55919,35.565533,35.58023,35.5501,35.5206,35.453423,35.378216,35.431557,35.402542,35.360096,35.299088,35.294315,35.34563,35.39333,35.35713,35.365463,35.499905,35.599026,35.54247,35.495514,35.491577,35.43768,35.312614,35.15219,34.980465,34.850403,34.722702,34.563442,34.393173,34.20212,33.986313,33.790558,33.68356,33.677185,33.68267,33.65939,33.679085,33.764175,33.83789,33.92546,34.001102,34.055332,34.111206,34.188335,34.256653,34.33203,34.38749,34.416553,34.422874,34.40821,34.366444,34.32278,34.29331,34.304108,34.303013,34.245384,34.192772,34.12869,34.075043,34.017723,33.928272,33.824368,33.76175,33.60244,33.482937,33.51423,33.479527,33.559116,33.835045,33.894657,33.905785,33.998756,34.065235,33.997055,34.03798,34.051174,34.014946,33.90625,33.798794,33.803474,33.8292,33.888725,33.91927,33.96058,34.00748,33.88316,33.68562,33.59477,33.53096,33.40365,33.38261,33.387054,33.42007,33.660446,,33.55699,33.5251,33.38238,33.412342,33.169933,33.207085,33.164925,33.184517,33.1543,33.19801,33.17289,33.15083,33.212868,33.233696,33.272305,33.308174,33.348076,33.385643,33.4791,33.560604,33.672066,33.77134,33.8701,33.98502,34.102417,34.16998,34.193424,34.202404,34.20208,34.199493,34.201027,34.1976,34.18786,34.16056,34.109882,34.05113,33.99475,33.95931,33.95156,33.949677,33.9484,33.89707,33.80114,33.662006,33.547066,33.438534,33.34205,33.277943,33.235485,33.222824,33.231785,33.268013,33.26859,33.26616,33.237736,33.17334,33.053467,33.027905,33.064354,33.04582,33.025196,32.99591,32.96811,32.936123,32.95349,32.933876,32.951187,32.960743,32.961105,32.97935,32.987957,32.988247,32.9527,32.86805,32.888203,32.929256,32.899345,32.939774,33.15737,33.524776,33.701714,33.750137,33.729366,33.805214,33.81631,33.85835,33.906174,33.950474,33.97446,34.000034,34.01548,34.043716,34.070442,34.09986,34.12839,34.1566,34.17067,34.191402,34.19639,34.192547,34.177174,34.17113,34.134647,34.090794,34.036564,33.98467,33.939426,33.894756,33.863834,33.843204,33.828358,33.811832,33.779804,33.74368,33.709976,33.66685,33.608257,33.545654,33.49939,33.45213,33.402542,33.338177,33.266663,33.211414,33.17587,33.138195,33.0911,33.05921,33.029495,32.97335,32.94239,32.921608,32.897434,32.87951,32.86566,32.842705,32.824455,32.779217,32.75887,32.757862,32.745705,32.721794,32.713036,32.707413,32.68998,32.65527,32.629696,32.636665,32.627674,32.601246,32.566303,32.54075,32.540737,32.53985,32.538185,32.54394,32.550823,32.556915,32.57607,32.63913,32.70201,32.757664,32.841972,32.95919,33.064808,33.129707,33.167168,33.20309,33.206654,33.16883,33.125797,33.097076,33.07499,33.08737,33.126553,33.167286,33.192715,33.217762,33.26279,33.303947,33.3405,33.397118,33.438057,33.431595,33.41056,33.337204,33.32382,33.35867,33.367737,33.289314,33.242813,33.18089,33.130646,33.082138,33.08883,33.179436,33.292805,33.494865,33.618694,33.68659,33.765938,33.82712,33.92669,34.00361,34.07045,34.13883,34.19087,34.22923,34.247337
5.4166718,,,,,,,,,,,,35.172787,35.375202,35.808384,35.845276,35.789944,35.800682,35.815468,35.81272,35.81802,35.81191,35.78603,35.74755,35.695507,35.66463,35.654724,35.66742,35.69512,35.73677,35.767002,35.79833,35.84683,35.878506,35.754814,35.56254,35.47545,35.401974,35.39168,35.357533,35.33013,35.310013,35.304207,35.315426,35.319477,35.307926,35.282448,35.25486,35.23288,35.210052,35.187763,35.170742,35.151936,35.13426,35.109795,35.083572,35.062206,35.047836,35.03628,35.02795,35.032,35.01814,35.01966,35.017788,35.02471,35.01508,35.022465,35.03055,35.03992,35.064972,35.07967,35.102657,35.119286,35.13879,35.151573,35.16619,35.16523,35.157463,35.144756,35.132404,35.115612,35.10448,35.084,35.062626,35.042797,35.028355,35.015083,35.0069,35.011765,35.011436,35.013145,35.00941,35.01523,35.024044,35.022945,35.033466,35.048893,35.086227,35.12835,35.17288,35.204975,35.22465,35.22532,35.22089,35.21379,35.209003,35.20743,35.199284,35.18383,35.166603,35.159714,35.147743,35.130646,35.10327,35.05731,34.984127,34.898045,34.843037,34.822243,34.8461,34.89523,34.951878,35.00582,35.03834,35.046623,35.05869,35.075428,35.115143,35.155506,35.188835,35.22007,35.26559,35.29849,35.337387,35.36073,35.38705,35.41313,35.43874,35.49153,35.531017,35.559166,35.560337,35.54366,35.55916,35.608162,35.62914,35.644276,35.6784,35.737953,35.75064,35.726192,35.700012,35.65085,35.545334,35.35816,35.115425,34.972935,34.95,35.00709,35.096767,35.145977,35.113087,35.047623,34.999104,34.988525,34.944504,34.887333,34.856014,34.794834,34.74992,34.724987,34.684856,34.653866,34.62649,34.619125,34.59984,34.59003,34.61074,34.620758,34.63903,34.669228,34.726852,34.782574,34.848866,34.919712,34.972828,35.02583,35.06232,35.116,35.21485,35.293747,35.354088,35.413628,35.45875,35.44387,35.370396,35.262913,35.17322,35.105347,35.0316,34.98475,34.97858,35.045662,35.104214,35.14102,35.21658,35.3245,35.389454,35.414173,35.43311,35.42472,35.40152,35.372864,35.42426,35.482704,35.51296,35.528267,35.570724,35.588627,35.5824,35.554245,35.565422,35.56323,35.544106,35.491924,35.47571,35.35305,35.31778,35.289352,35.38155,35.414173,35.42496,35.50363,35.562077,35.575546,35.573456,35.544563,35.456474,35.363586,35.216972,35.0284,34.89852,34.79211,34.680504,34.517586,34.333855,34.104015,33.877842,33.737522,33.68403,33.666904,33.677513,33.723972,33.79315,33.86389,33.941166,34.01109,34.05363,34.11784,34.18981,34.24886,34.304092,34.38375,34.422997,34.43312,34.405956,34.348164,34.309273,34.284946,34.2825,34.2835,34.267467,34.21674,34.160892,34.113544,34.07521,34.026108,33.922485,33.851135,33.607662,33.463634,33.56095,33.435448,33.466522,33.7582,33.91943,33.91657,33.99849,33.977383,34.012135,34.09386,33.98608,33.84152,33.701786,33.66039,33.732918,33.79593,33.81336,33.834457,33.81795,33.88652,33.8756,33.63875,33.49767,33.50351,33.35406,33.3541,33.3464,33.35601,33.699535,,33.55435,33.515263,,33.34839,33.15589,33.1923,33.13851,33.11545,33.097473,33.114075,33.100506,33.09462,33.133186,33.16543,33.216927,33.27165,33.342297,33.40225,33.50387,33.585205,33.68573,33.78974,33.882034,33.996853,34.119022,34.19835,34.235203,34.250553,34.24918,34.238693,34.226273,34.218487,34.21227,34.19905,34.169582,34.11798,34.066856,34.029194,34.00057,33.962692,33.92785,33.868492,33.77508,33.66178,33.574074,33.496063,33.413967,33.32997,33.283062,33.233944,33.21775,33.239845,33.234272,33.234753,33.222454,33.165123,33.05285,32.980743,32.990505,32.984364,32.972164,32.954353,32.94315,32.9358,32.947884,32.952393,32.958294,32.970844,32.95349,32.90513,32.875565,32.82893,32.831326,32.889133,32.94256,32.99105,33.071976,33.363586,33.678814,33.78458,33.788918,33.806606,33.76857,33.78724,33.762737,33.810856,33.89879,33.96458,34.010223,34.050262,34.07961,34.119026,34.15251,34.188984,34.20684,34.21946,34.216053,34.197678,34.165157,34.153934,34.12539,34.101112,34.055416,34.013504,33.981476,33.94856,33.92068,33.897877,33.878433,33.862106,33.835938,33.813137,33.775047,33.74165,33.7049,33.657524,33.594334,33.527145,33.48071,33.44778,33.406727,33.34563,33.287594,33.236347,33.18324,33.137665,33.09424,33.063423,33.037277,32.991417,32.941086,32.920288,32.90516,32.8803,32.860397,32.848793,32.829334,32.793224,32.767498,32.758,32.725414,32.70637,32.69026,32.674923,32.640774,32.588707,32.571754,32.591854,32.57644,32.549896,32.538376,32.52215,32.52128,32.52784,32.533417,32.541298,32.545647,32.552834,32.567123,32.610657,32.668625,32.723507,32.77877,32.862896,32.963226,33.043823,33.104828,33.169346,33.177773,33.158928,33.146408,33.120243,33.115475,33.13882,33.169918,33.20485,33.23192,33.28423,33.32876,33.3595,33.386894,33.421425,33.435127,33.406406,33.36752,33.292847,33.293133,33.330795,33.34516,33.270237,33.20846,33.16285,33.12833,33.07248,33.062527,33.139996,33.234684,33.424747,33.5494,33.60923,33.696213,33.7541,33.861603,33.944775,34.00768,34.059036,34.100166,34.12857,34.129925
5.333336,,,,,,,,,,,34.9437,35.256405,35.60669,35.841576,35.814648,35.777233,35.81923,35.815666,35.811844,35.81856,35.818035,35.801014,35.769985,35.73053,35.715847,35.717243,35.73327,35.757053,35.7802,35.80108,35.83954,35.89593,35.874855,35.734486,35.584423,35.47488,35.37133,35.353443,35.342728,35.317463,35.298523,35.303467,35.310642,35.314728,35.300594,35.28603,35.25863,35.243587,35.21927,35.19631,35.176785,35.1576,35.137856,35.11276,35.08834,35.078377,35.07124,35.0705,35.06997,35.07649,35.070606,35.06927,35.05995,35.064457,35.052864,35.063538,35.068584,35.0784,35.09825,35.10892,35.135113,35.148598,35.168594,35.178604,35.193253,35.19819,35.19885,35.183556,35.17144,35.15643,35.144573,35.12144,35.09581,35.07419,35.060432,35.04595,35.03808,35.03697,35.028362,35.02662,35.01556,35.01493,35.017956,35.02904,35.05796,35.08531,35.124115,35.17455,35.20235,35.210567,35.219803,35.219322,35.211403,35.197514,35.179832,35.165913,35.16006,35.155308,35.14807,35.12878,35.10394,35.067547,35.024067,34.966793,34.89564,34.831673,34.8061,34.830357,34.883354,34.93625,34.997734,35.040257,35.054325,35.06746,35.08688,35.115818,35.15476,35.184113,35.210632,35.241947,35.293667,35.349285,35.38693,35.4084,35.42594,35.459747,35.49387,35.51456,35.51648,35.491917,35.490143,35.531998,35.58556,35.64242,35.697796,35.707962,35.71122,35.711327,35.691696,35.66547,35.634388,35.569767,35.39982,35.137405,34.856567,34.66853,34.61619,34.71091,34.866,34.98448,35.033543,35.025745,34.981518,34.967743,34.931633,34.870724,34.84869,34.815758,34.778214,34.75194,34.720387,34.69337,34.653984,34.63722,34.610733,34.6,34.617035,34.63282,34.652992,34.68646,34.747105,34.815025,34.87528,34.950615,34.992985,35.012394,35.044407,35.126053,35.22981,35.29613,35.356155,35.412846,35.451855,35.442047,35.366085,35.271126,35.2035,35.095123,35.029434,34.915154,34.904755,34.993725,35.07654,35.110962,35.208126,35.32033,35.389908,35.40075,35.39767,35.344852,35.296127,35.30234,35.33312,35.37692,35.423958,35.44223,35.487988,35.507187,35.53137,35.5681,35.62231,35.610844,35.586002,35.5693,35.58335,35.524834,35.47497,35.4702,35.500866,35.500053,35.488926,35.542946,35.546932,35.570236,35.590466,35.570282,35.49973,35.42492,35.303833,35.11628,34.9521,34.841484,34.755047,34.637497,34.45872,34.23692,33.998386,33.800903,33.74173,33.703747,33.72327,33.755802,33.809547,33.883854,33.956055,34.019268,34.082935,34.14635,34.210316,34.247875,34.3008,34.363163,34.401974,34.438995,34.42214,34.38245,34.323414,34.28625,34.279835,34.28214,34.267677,34.237595,34.20596,34.14542,34.07289,34.025833,33.944206,33.846035,33.62653,33.568756,33.626236,33.418056,33.38945,33.59128,33.84158,33.86574,34.00386,34.037685,34.049503,33.955738,33.765755,33.70992,33.638325,33.66292,33.804256,33.88799,33.86375,33.82477,33.827705,33.81021,33.827972,33.678177,33.461853,33.394165,33.315353,33.50425,33.44088,33.352634,33.530216,33.640137,33.542587,33.432484,,33.30263,33.148705,33.168964,33.14212,33.084366,33.088062,33.080723,33.08557,33.09437,33.11499,33.165703,33.21393,33.283047,33.373993,33.434914,33.533817,33.61335,33.709625,33.806606,33.912033,34.031254,34.149788,34.240356,34.30037,34.327587,34.333054,34.3177,34.284973,34.267097,34.282883,34.28289,34.272522,34.21907,34.142715,34.082153,34.03596,33.993317,33.966965,33.91303,33.838127,33.758575,33.685524,33.598217,33.51002,33.418144,33.303276,33.262985,33.22696,33.2079,33.196056,33.185043,33.19517,33.181046,33.096645,32.98947,32.94806,32.92151,32.914814,32.90924,32.90282,32.888416,32.918327,32.927517,32.893356,32.86546,32.839043,32.81464,32.842834,32.90705,32.994198,33.08086,33.13261,33.28095,33.50627,33.71935,33.751553,33.780357,33.779343,33.802967,33.789642,33.808655,33.789448,33.865204,33.96753,34.067566,34.115646,34.15444,34.17858,34.21261,34.222393,34.229065,34.227726,34.213997,34.182617,34.170017,34.140133,34.11949,34.087997,34.062748,34.02648,33.99242,33.96605,33.9433,33.931744,33.921204,33.912,33.88852,33.86104,33.83188,33.79297,33.754673,33.72428,33.691387,33.653175,33.59155,33.52941,33.478756,33.432518,33.38123,33.326183,33.259727,33.20428,33.156162,33.11597,33.093655,33.066994,33.026436,32.981556,32.94392,32.918053,32.898052,32.88783,32.867554,32.845825,32.80277,32.762615,32.73428,32.711815,32.704994,32.683784,32.648754,32.605835,32.565334,32.552376,32.556168,32.532932,32.51052,32.505226,32.522236,32.5326,32.523743,32.52629,32.53958,32.545994,32.552155,32.56865,32.613205,32.662796,32.701435,32.74716,32.819046,32.889626,32.970856,33.03727,33.112934,33.15588,33.178677,33.173584,33.16198,33.154953,33.17783,33.20431,33.24501,33.28589,33.33581,33.37503,33.396282,33.416203,33.430202,33.422825,33.372757,33.337387,33.260372,33.26456,33.30327,33.323883,33.249176,33.188095,33.150864,33.12503,33.065998,33.040806,33.106056,33.175373,33.34871,33.47341,33.52182,33.612007,33.66398,33.77465,33.8621,33.92677,33.971474,34.00572,34.02606,34.008213
5.25,,,,,,,,,,34.81744,35.08893,35.38413,35.737087,35.83091,35.72448,35.753784,35.815426,35.814137,35.80744,35.817368,35.82416,35.818787,35.80255,35.77834,35.77642,35.7784,35.78931,35.797325,35.80519,35.843014,35.89519,35.913643,35.844368,35.74633,35.64074,35.48237,35.369762,35.35788,35.325947,35.306526,35.287674,35.29272,35.308647,35.312782,35.297127,35.282894,35.260868,35.24748,35.225628,35.203873,35.18445,35.166748,35.145794,35.123585,35.106113,35.108536,35.1072,35.11632,35.12081,35.12343,35.120296,35.11425,35.10475,35.11103,35.10283,35.114548,35.117947,35.12509,35.142857,35.143044,35.16457,35.171257,35.190285,35.19787,35.209637,35.212242,35.213898,35.20455,35.191795,35.178844,35.166584,35.145977,35.11897,35.09331,35.08015,35.068016,35.059204,35.058556,35.04356,35.03835,35.02513,35.016045,35.03038,35.054634,35.084637,35.11811,35.14096,35.168888,35.18366,35.174927,35.176147,35.184425,35.18193,35.17097,35.153446,35.121883,35.098335,35.09587,35.090584,35.05665,35.017803,34.977146,34.932873,34.877598,34.825993,34.797672,34.803566,34.855392,34.929783,34.99035,35.029167,35.05862,35.073776,35.089928,35.112278,35.143356,35.18962,35.225185,35.26325,35.296806,35.340282,35.39144,35.419094,35.442635,35.44441,35.460213,35.46074,35.461052,35.45693,35.456215,35.498672,35.562317,35.622295,35.68089,35.72597,35.731136,35.707317,35.675396,35.636147,35.582764,35.523186,35.40721,35.19994,34.896324,34.611046,34.399845,34.30507,34.37086,34.574974,34.780003,34.912964,34.95143,34.944214,34.94297,34.927906,34.871155,34.841755,34.811024,34.777035,34.7508,34.736565,34.715305,34.67946,34.656593,34.640217,34.612175,34.620476,34.641186,34.657364,34.687218,34.751965,34.85055,34.914726,34.979836,35.020588,35.02172,35.07023,35.16373,35.25238,35.302994,35.338352,35.36881,35.40818,35.396564,35.336205,35.275608,35.22129,35.111416,35.019093,34.90852,34.905807,34.995865,35.022614,35.076633,35.20331,35.31046,35.368248,35.371933,35.31755,35.232018,35.154198,35.168587,35.19909,35.2279,35.29401,35.360653,35.38492,35.33457,35.401478,35.523438,35.577656,35.579826,35.5638,35.59211,35.627724,35.61979,35.584522,35.5829,35.60953,35.597923,35.567223,35.575905,35.57091,35.589233,35.62751,35.615574,35.553055,35.48601,35.409893,35.237106,35.034878,34.891342,34.808308,34.734512,34.609406,34.409817,34.186115,33.967648,33.823254,33.732883,33.730774,33.77019,33.82374,33.889946,33.975433,34.045216,34.10504,34.168304,34.22466,34.249744,34.276417,34.334984,34.399815,34.456253,34.454605,34.41073,34.351536,34.2976,34.276604,34.27325,34.25648,34.24139,34.235474,34.227688,34.193302,34.1307,34.077522,34.04087,33.90788,33.742405,33.669647,33.42551,33.343964,33.44394,33.69996,33.78591,33.977863,34.036602,33.924644,33.742855,33.699444,33.708736,33.591507,33.535744,33.68365,33.839428,33.766495,33.693,33.723526,33.753124,33.741123,33.58383,33.394325,32.911034,33.083736,,33.3557,33.406506,33.530235,33.53396,33.574814,33.389652,33.27868,33.227524,33.158962,33.162193,33.13659,33.079803,33.09294,33.07761,33.08157,33.095013,33.113155,33.169804,33.22339,33.29003,33.37836,33.4351,33.54308,33.618446,33.718044,33.823677,33.933823,34.0573,34.182976,34.293163,34.36601,34.398155,34.40566,34.39646,34.377254,34.36583,34.359493,34.359627,34.357677,34.324173,34.254883,34.161114,34.093002,34.036873,34.01249,33.98474,33.94512,33.882317,33.816216,33.749897,33.629436,33.464558,33.333557,33.243782,33.209248,33.190247,33.19037,33.175507,33.17243,33.191265,33.1571,33.092693,32.98628,32.958637,32.90147,32.897373,32.86998,32.862812,32.868454,32.87897,32.845047,32.865593,32.87463,32.960667,33.080147,33.174377,33.249874,33.335457,33.45352,33.628784,33.71749,33.789196,33.774593,33.814007,33.837433,33.871582,33.898438,33.933712,33.9598,34.029934,34.11141,34.19024,34.20669,34.22643,34.25148,34.25283,34.25405,34.235058,34.218987,34.20131,34.169476,34.153584,34.13442,34.104626,34.065723,34.038975,34.01187,33.995365,33.985737,33.96799,33.957253,33.954407,33.941166,33.91435,33.888393,33.86026,33.820427,33.781235,33.742672,33.718376,33.70364,33.663216,33.605938,33.555725,33.493603,33.42904,33.371212,33.29968,33.233215,33.182434,33.15001,33.12278,33.095066,33.067776,33.02233,32.97861,32.944878,32.915546,32.91258,32.902763,32.859844,32.80522,32.764206,32.74277,32.73709,32.72405,32.683445,32.624268,32.580853,32.55847,32.55821,32.55856,32.547794,32.528687,32.521046,32.537193,32.54692,32.53048,32.527554,32.532436,32.54258,32.560547,32.580936,32.616116,32.66408,32.7,32.736507,32.791252,32.85699,32.92586,32.987114,33.058792,33.117393,33.161724,33.177513,33.190456,33.19593,33.218544,33.256207,33.29076,33.344715,33.401794,33.416077,33.420765,33.438995,33.431087,33.410114,33.343964,33.28533,33.2196,33.229122,33.275,33.307106,33.238876,33.16011,33.125847,33.120903,33.07083,33.028572,33.07444,33.12071,33.27045,33.39316,33.423084,33.515896,33.554676,33.662865,33.750443,33.81534,33.849407,33.87899,33.901745,33.877964
5.1666718,,,,,,,,,,34.898212,35.20652,35.474346,35.78058,35.779724,35.6376,35.710075,35.789894,35.8101,35.804924,35.816723,35.821377,35.82151,35.812428,35.801373,35.800747,35.803448,35.807686,35.814575,35.85505,35.91171,35.923374,35.876377,35.795696,35.745987,35.6593,35.49981,35.374435,35.360382,35.323395,35.293404,35.28182,35.28313,35.308872,35.3095,35.296646,35.28053,35.26294,35.252304,35.23436,35.21632,35.198765,35.1823,35.16247,35.14364,35.140934,35.14849,35.152958,35.167545,35.1757,35.17855,35.177498,35.17778,35.167423,35.176678,35.163334,35.17621,35.176876,35.182076,35.189026,35.18305,35.195644,35.19014,35.20668,35.208538,35.22213,35.219402,35.21656,35.203026,35.191288,35.18272,35.17523,35.160686,35.133785,35.112278,35.09357,35.082603,35.069557,35.064552,35.05003,35.05041,35.04318,35.030144,35.043224,35.07231,35.098812,35.11946,35.125526,35.136875,35.14097,35.125965,35.11574,35.118702,35.114975,35.102837,35.081703,35.05166,35.022503,35.000835,34.993565,34.972137,34.933308,34.895576,34.867588,34.837715,34.80666,34.802464,34.825935,34.917313,34.98878,35.02946,35.04843,35.06999,35.090233,35.107574,35.14508,35.189182,35.226654,35.263176,35.29938,35.332462,35.37302,35.39421,35.40997,35.41348,35.399452,35.40045,35.40338,35.416447,35.44725,35.495277,35.539333,35.597622,35.645542,35.692875,35.71746,35.69971,35.659126,35.607723,35.56525,35.523705,35.44765,35.277317,35.000195,34.672592,34.39407,34.22204,34.101864,34.16732,34.365597,34.56851,34.742355,34.874687,34.93047,34.930733,34.908173,34.855698,34.824886,34.80864,34.761265,34.72915,34.734344,34.730515,34.702282,34.681602,34.66554,34.62397,34.617702,34.637474,34.66954,34.68363,34.769215,34.874985,34.94939,35.005062,35.048775,35.06394,35.13214,35.218517,35.27711,35.296127,35.316654,35.336735,35.384518,35.360584,35.292805,35.252655,35.19594,35.07078,34.970413,34.878334,34.899017,34.929638,34.92881,35.000965,35.139843,35.23145,35.289993,35.320293,35.2948,35.197445,35.088467,35.10076,35.13141,35.14871,35.20646,35.306297,35.330463,35.286114,35.334167,35.48254,35.547375,35.537315,35.52871,35.56815,35.66725,35.67659,35.648598,35.61165,35.66371,35.67103,35.638813,35.61184,35.620346,35.64402,35.65582,35.625694,35.583687,35.53755,35.490532,35.359913,35.18035,35.00448,34.862507,34.76645,34.695873,34.534695,34.324554,34.116932,33.89997,33.773552,33.742126,33.776226,33.813133,33.870632,33.978294,34.046486,34.112045,34.1734,34.22692,34.242054,34.25672,34.307495,34.383087,34.453194,34.471905,34.438965,34.373047,34.307285,34.277832,34.276333,34.260967,34.24028,34.231316,34.226753,34.21823,34.18409,34.1792,34.174015,34.11003,33.881996,33.74906,33.4732,33.335762,33.33871,33.513268,33.62595,33.79381,33.881382,33.677837,33.67671,33.76425,33.730415,33.68102,33.49806,33.49115,33.685047,33.677128,33.601643,33.586452,33.673374,33.637093,33.50693,33.30965,32.990078,33.18731,,33.500023,33.4234,33.439938,33.392303,33.34839,33.26641,33.232094,33.202007,33.155434,33.15854,33.083168,33.058792,33.056084,33.028248,33.038757,33.026623,33.068657,33.11432,33.18623,33.248867,33.347267,33.409233,33.531044,33.604435,33.709843,33.812866,33.93434,34.064087,34.19694,34.30214,34.37104,34.406,34.428467,34.43704,34.43817,34.434563,34.42854,34.422005,34.416798,34.402187,34.346146,34.26654,34.190914,34.123867,34.078213,34.04793,34.02369,33.979237,33.929447,33.85124,33.727818,33.56555,33.42755,33.28513,33.267433,33.22905,33.20353,33.18391,33.168266,33.18166,33.18517,33.18386,33.132565,33.04257,32.98059,32.94374,32.94592,32.922703,32.918835,32.939075,32.995476,33.06112,33.184868,33.294876,33.365932,33.408405,33.489014,33.56456,33.637573,33.714878,33.727367,33.77032,33.798706,33.859207,33.911385,33.98121,34.036064,34.064716,34.10484,34.161854,34.195736,34.242,34.244816,34.254585,34.25809,34.246365,34.241055,34.217335,34.207176,34.186916,34.16785,34.151386,34.139202,34.11737,34.08001,34.053917,34.026398,34.00949,33.993507,33.98551,33.978336,33.95551,33.94168,33.930973,33.914318,33.88621,33.85499,33.82652,33.781715,33.75885,33.74655,33.712765,33.662838,33.60745,33.560383,33.50745,33.435337,33.341053,33.26321,33.212795,33.184155,33.152237,33.119778,33.10487,33.07473,33.02087,32.975933,32.946976,32.9425,32.94034,32.916798,32.85636,32.81401,32.780327,32.776054,32.749615,32.690453,32.624237,32.57628,32.560078,32.56861,32.577442,32.564945,32.554752,32.575115,32.566498,32.563797,32.538963,32.528076,32.53904,32.550594,32.56769,32.597076,32.629875,32.66037,32.690514,32.73526,32.781116,32.832874,32.895348,32.9547,33.0237,33.10183,33.15543,33.18517,33.210815,33.23414,33.26731,33.305202,33.352005,33.403908,33.438217,33.434654,33.444145,33.44884,33.420696,33.384037,33.315754,33.246857,33.191536,33.198483,33.243576,33.28227,33.22965,33.143627,33.102566,33.10989,33.074593,33.018394,33.041027,33.066063,33.18609,33.31025,33.325474,33.40529,33.43971,33.534397,33.61265,33.676582,33.707615,33.728138,33.751537,33.733818
5.083336,,,,,,,,,34.784725,35.041035,35.2994,35.53649,35.743366,35.701324,35.61776,35.665874,35.754044,35.812344,35.8207,35.818825,35.82238,35.82697,35.822426,35.816753,35.81732,35.818527,35.835365,35.87416,35.914974,35.91099,35.87057,35.842827,35.836735,35.814556,35.692585,35.4684,35.376682,35.345856,35.317314,35.28575,35.270252,35.281185,35.30706,35.306465,35.2939,35.278023,35.264004,35.25669,35.243004,35.23043,35.21772,35.204468,35.18759,35.172607,35.182228,35.189564,35.203297,35.212307,35.22371,35.22652,35.230564,35.236187,35.232174,35.23895,35.226475,35.234978,35.23491,35.23174,35.232265,35.218204,35.22434,35.20521,35.21328,35.206963,35.218056,35.21685,35.214878,35.203526,35.189934,35.181526,35.176437,35.162636,35.13991,35.111706,35.09703,35.083454,35.070415,35.056053,35.043552,35.036606,35.035194,35.038403,35.05623,35.079967,35.087597,35.101055,35.09709,35.082706,35.067818,35.06085,35.0456,35.040394,35.025333,35.004925,34.98486,34.961884,34.94238,34.92887,34.91341,34.885437,34.855274,34.843914,34.839676,34.82949,34.824146,34.823616,34.889915,34.97778,35.03282,35.057217,35.069256,35.09897,35.124813,35.154728,35.187122,35.21955,35.26116,35.296284,35.314392,35.324238,35.360043,35.360558,35.35405,35.328106,35.322464,35.34003,35.367916,35.417473,35.474983,35.528397,35.57997,35.61153,35.61422,35.643654,35.667706,35.64454,35.601067,35.545437,35.49714,35.448364,35.361786,35.177513,34.883533,34.558086,34.294296,34.143616,34.03709,34.09145,34.270393,34.453423,34.587627,34.76782,34.887688,34.908676,34.890194,34.830357,34.78379,34.780342,34.749737,34.724907,34.744934,34.748524,34.72576,34.700676,34.68649,34.641804,34.63349,34.641647,34.67428,34.70421,34.777473,34.877884,34.9709,35.01041,35.032803,35.067204,35.12963,35.213547,35.271442,35.295807,35.30423,35.32982,35.32184,35.27021,35.208775,35.19565,35.11855,35.014156,34.8983,34.8365,34.859364,34.908226,34.908665,34.970135,35.0677,35.160995,35.207787,35.23611,35.245106,35.165405,35.080265,35.041393,35.04509,35.082603,35.145973,35.247417,35.30779,35.257027,35.27667,35.44666,35.522594,35.488094,35.474125,35.575554,35.636837,35.69441,35.682358,35.644882,35.637787,35.656666,35.65772,35.647774,35.65835,35.676247,35.684067,35.656147,35.61585,35.57436,35.55425,35.478115,35.316956,35.114655,34.938503,34.835953,34.769363,34.655464,34.4759,34.23378,33.998215,33.8466,33.78034,33.795483,33.82673,33.87545,33.988396,34.057896,34.12778,34.19265,34.23926,34.25252,34.25296,34.289673,34.363926,34.44346,34.483837,34.47324,34.418633,34.342896,34.30287,34.303406,34.30084,34.280334,34.260845,34.23647,34.205784,34.14297,34.1333,34.117756,34.088894,34.001415,33.861668,33.597168,33.363407,33.36423,33.406124,33.49585,33.585644,33.748665,33.684097,33.66523,33.676113,33.739124,33.7998,33.56689,33.396362,33.474464,33.528908,33.573696,33.592052,33.621166,33.538322,33.391865,33.063805,33.3993,33.45885,33.46075,33.345356,33.398705,33.294243,33.313244,33.233307,33.17059,33.1996,33.135956,33.1224,33.102444,33.047035,33.04388,33.00988,32.99981,32.987873,32.976875,33.005177,33.044224,33.10925,33.19199,33.303024,33.391373,33.514774,33.596584,33.70563,33.80285,33.932854,34.05676,34.16308,34.237637,34.30871,34.35087,34.403378,34.440926,34.46234,34.47454,34.48005,34.48538,34.491337,34.46599,34.40646,34.317818,34.22661,34.15073,34.106056,34.080048,34.03304,34.001335,33.98738,33.895992,33.768135,33.646248,33.522507,33.375366,33.33653,33.291164,33.258423,33.21696,33.218555,33.202507,33.2052,33.24105,33.29006,33.265347,33.188858,33.13935,33.096695,33.12796,33.13835,33.22,33.294746,33.3866,33.477127,33.482166,33.49063,33.50078,33.54195,33.570927,33.606533,33.627144,33.64983,33.698563,33.77547,33.87813,33.987938,34.082237,34.15726,34.189026,34.2054,34.219696,34.22477,34.23127,34.22167,34.233105,34.23918,34.19373,34.138054,34.139904,34.16246,34.169483,34.171032,34.166454,34.150204,34.139282,34.107548,34.071644,34.030426,33.996815,33.97137,33.98067,33.99224,33.984703,33.967743,33.95186,33.932854,33.919662,33.902855,33.888115,33.868053,33.847862,33.838795,33.806812,33.752403,33.69205,33.642906,33.597317,33.52725,33.429264,33.350506,33.28894,33.241226,33.190353,33.146465,33.134018,33.1197,33.066017,33.010845,32.968273,32.968388,32.98109,32.972725,32.9181,32.868855,32.833527,32.815117,32.769924,32.702446,32.646755,32.610744,32.597267,32.597416,32.60033,32.592007,32.587257,32.58607,32.56764,32.549202,32.531498,32.5303,32.545147,32.549294,32.560963,32.587875,32.622974,32.648487,32.682602,32.734478,32.77884,32.82264,32.868813,32.925858,32.996807,33.086693,33.150246,33.197792,33.225872,33.251507,33.29904,33.355995,33.40917,33.460144,33.469593,33.459324,33.458965,33.420837,33.377335,33.3545,33.2873,33.20889,33.16203,33.16572,33.208424,33.256287,33.221214,33.125755,33.07085,33.085693,33.071117,33.011257,32.99737,33.020317,33.10511,33.230556,33.234615,33.303272,33.31527,33.390842,33.459126,33.51372,33.53744,33.545345,33.557686,33.550114
5.0,,,,,,,,35.056644,35.042362,35.20196,35.40039,35.553448,35.66924,35.63194,35.601788,35.632412,35.728516,35.822983,35.84439,35.814285,35.818275,35.82769,35.828907,35.828472,35.834743,35.851532,35.88044,35.90171,35.897747,35.878426,35.866177,35.86135,35.855595,35.82372,35.67633,35.42032,35.366455,35.34352,35.30676,35.290356,35.267788,35.277008,35.303604,35.305202,35.29269,35.277412,35.267334,35.261368,35.251347,35.241627,35.23087,35.222977,35.211197,35.20403,35.215263,35.22818,35.241447,35.2487,35.259445,35.262993,35.27227,35.280807,35.280125,35.29025,35.2791,35.291374,35.286087,35.278694,35.276596,35.256077,35.25307,35.22304,35.22319,35.2052,35.201836,35.193615,35.194893,35.18869,35.178207,35.169037,35.162483,35.15284,35.135994,35.10954,35.085953,35.073723,35.06097,35.04751,35.032536,35.03215,35.030926,35.031013,35.045326,35.064716,35.06136,35.05287,35.041393,35.024593,35.001083,34.97929,34.965855,34.953194,34.93464,34.914818,34.90134,34.893063,34.8795,34.862152,34.84489,34.827473,34.81756,34.81802,34.83712,34.847527,34.8558,34.878403,34.928337,35.00682,35.056156,35.07447,35.08718,35.123837,35.15856,35.19467,35.218437,35.24743,35.285824,35.310028,35.317787,35.32075,35.323166,35.316204,35.30216,35.302353,35.320988,35.352207,35.386528,35.437775,35.491478,35.53859,35.57571,35.585373,35.578922,35.58652,35.60946,35.58655,35.544605,35.490303,35.439476,35.367355,35.257133,35.056057,34.78513,34.49605,34.282707,34.133068,34.026962,34.098484,34.242477,34.37855,34.475834,34.639343,34.823193,34.889126,34.867847,34.812016,34.752987,34.736477,34.7536,34.739433,34.757675,34.762234,34.737583,34.710518,34.701588,34.660847,34.64468,34.640038,34.667797,34.7095,34.77223,34.85995,34.95018,34.923214,34.92819,34.954796,35.065983,35.173576,35.227276,35.242615,35.25033,35.280537,35.261967,35.20322,35.14437,35.121517,35.058228,34.963745,34.881718,34.847107,34.841118,34.899403,34.89281,34.929436,35.003613,35.119488,35.148087,35.131454,35.16747,35.126995,35.05626,35.00157,34.981632,34.987373,35.075314,35.14989,35.19412,35.204372,35.272915,35.41516,35.463173,35.48532,35.516815,35.56579,35.61449,35.64876,35.65429,35.6586,35.660336,35.669575,35.676174,35.690224,35.705364,35.725822,35.715637,35.693943,35.65997,35.646053,35.62476,35.567616,35.44497,35.238873,35.033833,34.88965,34.81163,34.71839,34.588413,34.37452,34.121735,33.93611,33.849335,33.816265,33.85712,33.912254,33.987816,34.07112,34.142784,34.208748,34.261147,34.284176,34.273106,34.282333,34.344715,34.41663,34.476234,34.49236,34.464886,34.394196,34.340736,34.32587,34.348335,34.362034,34.342945,34.30667,34.263577,34.180294,34.130627,34.0535,34.030735,34.035442,33.963905,33.7908,33.575596,33.494225,33.503414,33.551155,33.565132,33.60175,33.72519,33.713924,33.73973,33.848778,33.89285,33.709423,33.507484,33.45679,33.44807,33.514046,33.573032,33.58406,33.55497,33.527508,33.56282,33.51143,33.554653,33.5223,33.455524,33.530598,33.40044,33.38129,33.35011,33.125896,33.17039,33.10283,33.09057,33.051197,33.046207,33.040974,33.005863,33.012314,33.003166,33.006317,32.999317,33.00916,33.020496,33.10362,33.204865,33.30851,33.43733,33.54543,33.684616,33.75976,33.866543,33.938408,34.001495,34.039223,34.11826,34.17294,34.250774,34.324757,34.37829,34.410217,34.441696,34.48485,34.510147,34.49918,34.445435,34.35354,34.27383,34.192814,34.133907,34.09635,34.07573,34.043594,34.003456,33.938007,33.81873,33.68544,33.548237,33.469326,33.377014,33.34329,33.322815,33.27374,33.253765,33.21297,33.183704,33.20885,33.280476,33.34975,33.368607,33.351665,33.330708,33.35791,33.387836,33.432934,33.463535,33.48098,33.48325,33.470745,33.459908,33.458836,33.486977,33.515945,33.55233,33.586666,33.652058,33.746357,33.858143,33.97101,34.083496,34.149323,34.21195,34.23507,34.255924,34.24913,34.231647,34.202934,34.17665,34.181923,34.168148,34.066208,33.962353,33.941654,34.052757,34.088375,34.127304,34.156075,34.150894,34.141636,34.13453,34.1072,34.06574,34.03915,34.012997,34.010735,34.019993,34.014297,33.99083,33.979237,33.986115,33.980484,33.967873,33.9561,33.943573,33.937183,33.91803,33.89057,33.849663,33.79687,33.736553,33.68801,33.615562,33.505543,33.425255,33.377186,33.334316,33.261784,33.20208,33.175808,33.151592,33.09963,33.044746,32.994583,32.974167,32.979523,32.991615,32.95337,32.905163,32.88229,32.859184,32.801105,32.724464,32.67146,32.64109,32.63559,32.628464,32.62153,32.61117,32.594513,32.58847,32.554012,32.53079,32.529,32.532333,32.53953,32.571762,32.582947,32.60297,32.618412,32.63932,32.684,32.738083,32.776627,32.80799,32.84148,32.8966,32.98075,33.072605,33.14652,33.208202,33.246914,33.277885,33.338417,33.40414,33.455544,33.49039,33.47736,33.459183,33.422947,33.370823,33.346104,33.32293,33.270733,33.199013,33.14239,33.13741,33.176514,33.237095,33.22358,33.126637,33.044094,33.0475,33.05261,33.006275,32.973,32.970516,33.0249,33.144295,33.151985,33.20209,33.204884,33.24798,33.29481,33.3384,33.353638,33.35137,33.356045,33.36148
