latitude,47.75,48.0,48.25,48.5,48.75,49.0,49.25,49.5,49.75,50.0,50.25,50.5,50.75,51.0,51.25,51.5,51.75,52.0,52.25,52.5,52.75,53.0,53.25,53.5,53.75,54.0,54.25,54.5,54.75,55.0,55.25,55.5,55.75,56.0,56.25,56.5,56.75,57.0,57.25,57.5,57.75,58.0,58.25,58.5,58.75,59.0,59.25,59.5,59.75,60.0,60.25,60.5,60.75,61.0,61.25,61.5,61.75,62.0,62.25,62.5,62.75,63.0,63.25,63.5,63.75,64.0,64.25,64.5,64.75,65.0,65.25,65.5,65.75,66.0,66.25,66.5,66.75,67.0,67.25,67.5,67.75,68.0,68.25,68.5,68.75,69.0,69.25,69.5,69.75,70.0,70.25,70.5,70.75,71.0,71.25,71.5,71.75,72.0,72.25,72.5,72.75,73.0,73.25,73.5,73.75,74.0,74.25,74.5,74.75,75.0,75.25,75.5,75.75,76.0,76.25,76.5,76.75,77.0,77.25,77.5,77.75,78.0,78.25,78.5,78.75,79.0,79.25,79.5,79.75,80.0,80.25,80.5,80.75,81.0,81.25,81.5,81.75,82.0,82.25,82.5,82.75,83.0,83.25,83.5,83.75,84.0,84.25,84.5,84.75,85.0,85.25,85.5,85.75,86.0,86.25,86.5,86.75,87.0,87.25,87.5,87.75,88.0,88.25,88.5,88.75,89.0,89.25,89.5,89.75,90.0,90.25,90.5,90.75
25.0,2.518719,2.2676947,2.0746803,2.0351732,1.7525344,1.7929012,2.1013508,2.2743068,2.3886223,2.5643356,2.7815053,3.3592858,3.594598,3.1512644,3.1938763,3.9736946,4.6770344,5.031318,5.4125333,5.491107,5.732939,5.9709187,6.1333513,6.3668785,6.425575,6.452129,6.382498,5.8696856,5.2694654,3.6514106,1.7514338,0.7523628,0.5241381,0.98234874,1.9866952,2.3656318,2.0589,1.9336411,2.179278,2.534765,2.63866,2.477429,1.9719356,1.7048615,1.3036531,0.7693807,0.53379244,0.95015055,1.4162909,1.9097066,2.310446,2.5833664,2.335474,2.2960224,2.0699215,2.0863297,2.093239,2.266623,2.1968064,2.3871846,2.056402,1.7625979,1.5115721,1.2036511,1.1699111,1.2869378,1.4008625,1.632125,1.8538684,1.9280254,1.851994,1.6493253,1.2352196,1.3416126,2.4530013,3.4276018,3.6624684,3.5353494,4.3317595,5.0517426,5.0011854,4.6190004,4.1596165,3.584812,3.41577,3.4077523,3.3269289,3.5053136,3.8074367,3.909264,4.015361,4.3793483,4.795932,5.1588364,5.2004867,4.9395027,3.9933355,3.1278284,2.5104504,2.163839,1.9075077,1.7620646,2.1739473,2.04862,1.0366039,1.4938215,1.7677915,2.0539343,1.9784148,2.0162268,2.0033076,2.1384635,2.1299348,1.8597914,1.717676,1.3283409,1.6263154,1.970102,2.18241,2.3569586,2.453192,1.6490763,1.3705391,1.4674581,1.3762374,1.1901311,1.1075765,1.2634249,1.3683865,1.3397627,1.2146498,1.6809443,1.6953837,1.313876,1.051658,1.0961399,0.85994834,0.7707492,0.77181345,0.96092504,1.13693,1.2932655,1.4980496,1.3636489,1.0642974,0.84102255,0.79530025,0.88524735,1.040833,1.3992791,1.6173996,1.8719356,1.6353383,2.1398954,2.0673356,1.7256541,1.845726,1.6785342,1.7534326,1.6185101,2.2864423,2.818397,2.489646,2.394062,2.3200946,2.2450576,2.2278275,2.248533,2.279839,2.1159048,1.8102577,1.5006758,0.98184586
24.75,2.7269173,2.336149,1.9742112,1.9593825,2.1074467,2.1340961,2.3016212,2.381558,2.3970761,2.596131,2.7746315,2.9525158,3.1280584,3.1881754,3.5431461,4.3808527,5.004202,5.4027166,5.442987,5.5394974,5.664815,5.7616663,5.9058175,5.986303,6.0084114,6.11774,5.7125573,5.0100064,3.642864,2.0198355,1.324128,0.42729566,0.7331583,0.7513955,1.7566332,2.1941354,1.92386,1.5313513,1.4804367,1.716655,1.837028,1.7690125,1.8848224,2.0210626,1.5878499,0.86005145,0.54853743,1.0211434,1.5047723,2.0128574,2.374466,2.6117854,2.699642,2.54236,2.7223053,2.8140132,2.8617039,2.8477058,2.7622018,2.182714,1.7329199,0.9716658,0.5491174,0.6528415,0.70432186,0.82285106,0.89260304,1.0689886,1.2808193,1.4139667,1.3541261,1.2776726,1.4304476,2.540066,3.822433,4.742177,4.8719497,4.8120346,4.765735,4.9325213,4.6815705,4.318335,3.8357587,3.8476717,3.6752105,3.5159986,3.7947822,3.9878714,4.011301,4.1056232,4.0873356,4.4037895,4.740183,5.042586,5.09103,4.5173154,3.5220292,2.9750261,2.4089596,2.1130955,1.8118888,1.7323108,1.850243,1.8422091,1.6471761,2.1025417,2.371067,2.1344693,2.0777183,2.0810854,2.0847287,2.3605645,2.2843642,1.977831,1.6495152,1.2311026,1.479422,1.980124,2.2258134,2.3556657,2.374244,1.6445673,1.5580884,1.6076849,1.4740607,1.271838,1.1741272,1.3030455,1.6333596,1.5844522,1.6998265,1.7343093,1.6130021,1.0364867,0.8771075,0.91373813,0.8425519,0.8214247,0.9206462,0.9879862,1.0384214,0.94375944,1.1485752,1.1808184,0.9530912,0.7727553,0.8087511,0.9266674,1.0267804,1.3504773,1.5115373,1.7023941,1.3985138,1.666734,1.5556262,1.7940266,1.8627859,1.6110708,1.8298842,1.6109825,1.6789869,2.2020035,2.3622432,2.4040945,2.2914665,2.1926765,2.1740556,2.3146732,2.3993406,2.2514007,2.0460744,1.8363589,1.5329903
24.5,2.7108548,2.3031073,1.9647985,2.0114574,2.229089,2.4067755,2.4803998,2.5353758,2.4969049,2.697982,2.8315113,2.9798346,3.1420116,3.2716663,3.6452127,4.5472574,5.1678023,5.3501544,5.318122,5.361478,5.329688,5.360459,5.3078628,5.369239,5.379292,5.383724,4.6380663,3.5694962,2.2299447,1.8464227,1.6229568,1.7280724,2.0103304,1.1252937,1.6602877,2.1338263,2.0786285,1.8076706,1.2400206,0.7046126,0.82182527,1.362257,1.8387685,2.1554642,1.814544,1.0331436,0.45642444,0.7113407,1.2714791,1.8167835,2.200852,2.45195,2.5400245,2.7206426,2.872516,3.1283445,3.2367806,3.188859,2.7495239,2.144777,1.285895,0.63817924,0.7749502,0.7991146,0.85208994,0.58740497,0.4902916,0.6312529,0.9419996,1.2013687,1.5101014,1.9058433,2.896124,4.248802,5.370854,5.92211,6.1981773,6.1529136,5.913425,4.6847863,4.0953994,3.867489,4.1622133,4.2201467,4.186301,4.012135,4.281082,4.2356186,4.2327614,4.129761,4.097588,4.367085,4.598672,4.902715,4.6201644,4.0278544,3.2388868,2.893442,2.3099658,2.1760457,1.8939263,1.7486233,1.8452384,2.1216378,2.4858034,2.8306377,2.7964253,2.56667,2.2434247,2.2812479,2.2055118,2.3334186,2.2431264,1.8439678,1.5030891,1.2142597,1.1594098,1.8656361,2.4714117,2.62729,2.1326022,1.656121,1.740392,1.5311579,1.4421061,1.4866624,1.4997281,1.4904066,1.8086178,1.708862,1.7937963,1.8455999,1.5295335,0.9827142,0.8587811,0.68848276,0.30448985,0.52095807,0.7416223,0.7078588,0.6182847,0.38987833,0.32718083,0.45445544,0.6386265,0.59819275,0.8320677,0.98044705,1.0447819,1.2451609,1.4344846,1.2960515,0.9143452,1.236556,1.5015441,1.9599665,1.9161,1.8461286,2.028931,1.8049662,1.8041239,1.6918588,2.0474257,2.3614292,2.2792192,2.207177,2.1292598,2.2653973,2.3492076,2.084183,2.0317385,1.9838102,1.683724
24.25,2.4875524,2.1808236,2.0607293,2.134683,2.366668,2.5491269,2.6400263,2.6736016,2.6715207,2.7133188,2.841307,2.9792411,3.1485105,3.2063336,3.3799055,4.1986036,4.706111,4.9329586,4.679327,4.4288435,4.326513,4.2226834,4.1389084,4.20225,4.2390323,4.0203805,3.2332733,2.459325,2.2337852,2.1507072,2.475549,2.6156955,2.7403605,1.8585018,1.2456381,2.2847404,2.2698514,1.5459876,0.80401474,0.2556132,0.67181486,1.3317753,1.8348761,2.1513205,1.941918,1.5575087,0.8542355,0.39663273,0.68866926,1.3312752,1.8324884,2.1311345,2.379138,2.5461411,2.8633826,3.1731522,3.276117,3.125541,2.6502867,1.8639486,1.0933563,0.7948139,0.83960515,0.7754326,0.4160293,0.1489809,0.6150082,1.1032183,1.4689745,1.8841453,2.4381986,3.3191657,4.474608,5.581344,6.344394,6.902713,7.2432046,7.283444,6.5741057,4.858991,4.153038,4.1060257,4.4853473,4.7573767,4.8583617,4.7957993,4.478924,4.237059,3.734319,3.5819108,3.9397998,4.313791,4.501428,4.617098,4.295039,3.6146257,2.8675876,2.3825042,2.1494193,2.1283422,2.0078952,1.9104743,2.171106,2.6913357,3.0272617,3.1320395,3.0944512,2.9096272,2.432594,2.3367062,2.218968,2.1314938,1.8606759,1.4580635,1.1668507,1.4813734,1.3338318,2.0260842,2.6377304,2.3903167,1.8038962,1.579006,1.6243311,1.5071257,1.4188727,1.4845514,1.6283035,1.7253768,2.0360937,1.9943926,2.049401,1.9832288,1.479277,1.0999591,0.9287325,0.7201168,0.39733404,0.36988196,0.5174608,0.45852566,0.43556464,0.12390756,0.0730109,0.27456644,0.43922442,0.47950894,0.7339976,0.90784526,1.1199656,1.3352182,1.2012742,1.2568967,1.1970075,1.2813269,1.7751135,2.0136058,1.9949907,2.128797,2.6074557,2.2745216,1.979086,1.7544771,1.7602793,2.3416724,2.3073063,2.313517,2.190673,2.2052786,2.2148516,1.7760761,1.7908094,1.7779775,1.6617723
24.0,3.0539138,2.463667,2.112298,2.1217327,2.3599975,2.5893497,2.716869,2.6488054,2.6428566,2.6542163,2.7288647,2.8286858,2.897571,2.9048858,2.857262,3.0781794,3.5694206,3.8106863,3.5627708,2.5228374,2.1841931,2.1637688,2.3441832,2.5429213,2.7965422,2.8193772,2.5249007,2.4496472,2.495774,2.7635503,3.148486,3.3379126,2.9316268,2.1629498,0.914159,1.4272817,2.440218,1.6844777,0.120449565,1.0405049,1.4509355,1.5173912,1.6125765,1.8120509,1.8846842,1.7895283,1.6061121,1.1555965,0.69639754,0.8332215,1.2705146,1.6669816,1.9694774,2.3464525,2.747835,3.0427408,3.0836415,2.8984797,2.380123,1.6576564,1.0556389,0.92635006,0.8576281,0.52265966,0.05664667,0.6036434,1.2695708,1.8942752,2.360239,2.9482853,3.7233846,4.65454,5.5612245,6.3363276,7.0129476,7.382603,7.6405063,7.6356745,6.973303,5.6143546,5.173885,5.0643697,4.7559533,4.783303,4.9679337,5.245322,4.3928175,3.7553434,3.0992036,3.0317478,3.5283473,4.064157,4.2926207,4.473958,4.214643,3.528905,2.7890713,2.016888,2.1344635,2.4415603,2.3421547,2.304024,2.5595512,3.2234502,3.107535,2.95831,2.5363727,2.4375756,2.6329648,2.2789972,1.9143546,1.8351477,1.5341574,1.3386726,1.7533636,1.6399889,1.8278015,2.3929868,2.5532277,2.144168,1.5417267,1.2273847,1.5727013,2.0100229,1.8291144,1.4647516,1.8926328,1.5721595,1.8114556,2.106147,2.0567286,2.0305166,2.0616677,1.758258,1.1650805,0.91716,0.78941184,0.75919175,0.647109,0.82724375,0.59014845,0.62360734,0.94192815,1.111482,0.817015,0.0981629,0.5949973,0.88748765,0.7410168,0.19827278,0.8380357,1.4865996,1.508935,1.6007718,1.9725602,2.1994758,1.9977902,1.9955908,2.348963,2.1946068,1.958672,1.7934717,1.6892654,1.9697611,2.07429,2.2238677,2.1979392,2.250201,2.4770029,2.01948,1.8648299,1.6536752,1.5242807
23.75,2.895164,2.3513446,2.1956995,2.19552,2.3264508,2.5275235,2.689949,2.6362169,2.4328978,2.3205774,2.3731196,2.465157,2.4947538,2.5249794,2.497527,2.447008,2.3837426,2.235903,1.9748781,1.506287,1.4075407,1.4558902,1.825723,2.2177963,2.5054486,2.6240904,2.6730795,2.791203,3.0468152,3.3815098,3.7400033,4.112311,3.7096317,2.6092987,1.5853485,0.7782308,1.5075366,2.1831734,1.2765018,0.74938613,1.1912981,1.2922077,1.2269058,1.4874027,1.663734,1.9246739,2.0192845,1.8437645,1.4148755,0.9080822,1.0312907,1.3303744,1.6131482,1.952406,2.3688097,2.73944,2.7310765,2.4505653,1.9944577,1.4904214,1.1199986,0.9446724,0.58199227,0.08952357,0.62024915,1.3738819,2.0548692,2.7075937,3.2486227,4.0279813,4.8262644,5.6040664,6.3086247,6.7294416,7.162046,7.497082,7.773128,7.933473,7.81077,7.1791387,7.008248,6.608294,5.6945467,4.734374,4.191821,4.0254736,2.8538404,2.4890485,2.8001444,3.3804762,3.7047498,3.5597243,3.5634894,3.897429,3.9261816,3.5082815,2.7767756,1.8306667,2.075075,2.3840816,2.6258066,2.878587,3.199456,3.6964004,3.289897,2.699072,1.9757614,2.1346164,2.9773924,2.5757654,1.9144626,1.530692,1.3023716,1.2317117,1.4483237,1.9980599,2.0857165,2.4570515,2.4374819,1.9635321,1.4238803,1.704287,2.304087,2.3555067,2.2222812,2.0392041,1.9094342,1.9074409,1.8729019,1.712199,1.5426983,1.5018507,1.5277283,1.278104,1.3493129,1.2478997,1.0154551,0.78889644,0.55096424,1.0674791,1.013192,0.86891866,1.2309184,1.6467298,1.5374877,1.5773867,1.2713025,1.1165067,0.8871567,0.7629265,0.93322724,1.3539926,1.4627403,1.5660363,1.7663475,1.9375049,1.9843738,1.9812373,2.032356,2.0541706,1.9356649,1.8852869,2.0400403,2.1313918,2.1321957,2.1130834,2.111762,2.1881757,2.3260005,2.3347845,1.8534856,1.6393539,1.4116806
23.5,2.6527328,2.4227602,2.2726676,2.2078633,2.2299774,2.4010704,2.5446293,2.505324,2.2533345,2.1544266,2.1847823,2.2427564,2.2695963,2.224922,2.1243238,2.0186503,1.7374939,1.5598161,1.6651087,1.7285594,1.7976085,1.8457285,2.0717082,2.4171984,2.6697152,2.8336096,2.9972217,3.2071645,3.5150106,3.829003,4.0593934,4.301695,4.08748,2.794161,1.5793225,0.8792684,0.5298815,1.1366503,1.769276,1.9547282,1.7985256,1.6153355,1.8676041,2.1234534,1.4938809,1.6496443,2.1291482,2.4954805,2.25525,1.5755265,1.1295496,1.1441854,1.3498735,1.5442729,1.8017106,2.0901988,2.1084957,1.9656245,1.651593,1.3305925,1.085174,0.7844875,0.14763151,0.46776682,1.244399,2.0367267,2.7813485,3.5436027,4.125294,4.865079,5.5394583,6.035332,6.514595,6.8103075,7.1354914,7.439458,7.6085525,7.697682,7.7130075,7.661423,7.474014,7.2556386,6.6844673,5.710536,4.5383835,3.8856053,3.135282,2.4719663,2.5983298,3.1402137,3.4373305,3.2883098,3.3908064,3.6321847,3.6185002,3.256049,2.618047,1.6508596,1.6735659,2.1337693,2.4186833,2.6421666,3.0441217,3.3643663,3.1176903,2.3619528,1.6578039,1.9026859,2.6546543,2.424489,1.6284739,1.4124668,1.5386821,1.5937818,1.3204846,1.525354,1.9173329,2.2562635,2.3092182,2.0408802,1.6542357,1.965352,2.479725,2.2436967,1.7717087,1.7162292,2.1419857,2.0981436,1.711303,1.8175408,1.7204698,1.4358842,1.1365926,1.2241153,1.2193993,1.5067601,1.3198822,0.74176043,0.44832802,1.1820347,0.89602023,0.25723556,0.52043873,0.8445504,1.1792117,0.85978174,0.7727293,0.58341914,0.6173526,0.7259631,0.9148396,1.3706359,1.1269921,1.2414076,1.6052592,1.9728812,2.0390887,2.1918712,2.2550852,2.095549,2.0336204,2.0455997,2.0049486,2.0877953,2.1228027,2.0520015,2.0095956,1.9657141,1.9632231,2.204738,2.1821618,1.9277861,1.6580759
23.25,2.5978398,2.511545,2.4626367,2.3512573,2.2219825,2.167257,2.3188212,2.408983,2.1548014,2.070107,2.0539312,2.0673628,2.1403315,2.1878889,2.0871587,1.9647968,1.8126645,1.8419533,2.0467558,2.1568143,2.1990662,2.2233543,2.3948767,2.6197083,2.8081386,2.9615676,3.1968224,3.5396085,3.8158314,3.9916077,4.179285,4.3080883,4.0050883,2.3955774,0.7345933,2.1320431,2.626828,1.054948,0.7934242,0.9886706,1.0193874,1.3411137,1.7943597,1.624298,1.2499843,1.1722307,2.0892675,2.6761334,2.869664,2.2395027,1.4884715,1.1220081,1.1347268,1.1797919,1.3064661,1.5142678,1.5118619,1.4223863,1.296588,1.1229328,0.83264905,0.42165175,0.36596593,1.096926,1.893922,2.7023852,3.4337687,4.1382976,4.69556,5.336725,5.8266463,6.257666,6.4501853,6.6469812,6.9177704,7.1347003,7.3597984,7.5507374,7.5698605,7.61419,7.454607,7.3837013,7.1199546,6.1941075,5.0071235,4.6668553,4.0488014,3.6136875,3.5631223,3.7057712,3.962079,3.7636144,3.3981493,3.0688148,2.5132577,2.220737,2.2901607,1.5043832,1.5577688,1.7377645,2.0672235,2.3852382,2.6427062,2.6467118,2.5855424,1.9033793,1.6240578,2.0026124,2.2425663,2.2176595,1.5338994,1.8392031,1.9827282,1.9672766,1.7554376,1.3290247,1.7001451,2.072805,2.2357805,2.02164,1.687076,1.8572582,2.2336252,2.4238234,2.254604,1.9683918,1.8074006,1.8816124,1.7717123,1.7772379,1.6093239,1.5144368,1.5469809,1.579266,1.3851053,1.33734,0.7346961,0.8672307,1.1074824,1.3653471,1.3470218,0.82702696,0.7991889,0.5964439,1.0111175,0.9311841,1.1136869,1.0181104,0.9708694,1.034111,1.2057258,1.2973932,0.92317307,1.2471555,1.6546214,2.0463977,2.4690948,2.635301,2.5740116,2.4129758,2.2762911,2.1755059,2.1950347,2.3392887,2.1938286,2.1282084,1.9602077,1.8587636,1.8236176,1.7391596,1.7344708,2.0000708,1.7557396
23.0,2.5804412,2.5454607,2.5977094,2.559166,2.3217976,2.2109487,2.1807053,2.303483,2.113881,2.0932295,2.0676682,2.1039708,2.200739,2.2644558,2.2418063,2.160828,2.1633408,2.2551477,2.3654613,2.4893632,2.5613878,2.6351576,2.736072,2.8162315,2.930253,3.0613327,3.3044899,3.6277773,3.878522,4.056498,4.1382866,4.240479,3.953564,2.085155,1.217343,3.9769378,4.504779,1.9753499,0.9774525,0.5653319,0.52502966,0.6701584,0.7040354,0.98816437,0.6757245,1.0733829,1.5442187,2.5208404,2.9743447,2.6640797,1.7590712,1.1959162,0.9803699,0.9261059,0.8789581,0.9882334,1.015172,0.9700635,0.89683694,0.74699813,0.43923417,0.29624188,0.8946028,1.6225048,2.3855088,3.1803086,3.8956032,4.530284,5.0576887,5.495016,5.9564185,6.191135,6.369252,6.4482336,6.6611013,6.8591485,7.067764,7.2409086,7.39748,7.506231,7.4487014,7.441419,7.188278,6.856006,6.1402817,5.704795,4.5000362,4.301064,4.6667495,4.8906064,4.2053714,3.128696,2.574386,2.3383582,1.8450404,1.8735219,1.8896217,1.604722,1.7672008,1.6948245,1.7453171,2.0002043,2.1785116,2.1045554,1.9702042,1.732916,1.6046629,1.6665864,1.8127165,1.7568076,1.530313,1.6948283,1.6436394,1.6792792,1.8116448,1.4355736,1.5559975,1.8160778,2.0449564,2.0476782,1.8524286,1.5403634,1.7394178,1.9545841,2.0540164,1.8559567,1.589555,1.4545519,1.6322447,1.8523676,1.8260506,1.3653767,0.96103966,1.2744154,1.4403214,1.1983856,0.84532565,0.40205684,0.7987666,1.4535733,1.5568846,1.7033014,1.3244355,1.2021586,1.4578843,1.4183805,1.1821448,1.3025142,1.2577833,1.3112011,1.4278338,1.3887509,1.3560407,1.2685267,1.5379933,1.9680187,2.634884,2.8404508,2.7824295,2.599764,2.402401,2.3161273,2.228363,2.252253,2.1383708,2.1211753,1.9711865,1.9286623,1.8591695,1.734971,1.8831105,2.2451,2.016976
22.75,2.4909115,2.541395,2.6521115,2.7573276,2.680838,2.3952115,2.317325,2.358271,2.2758522,2.202026,2.277507,2.3981047,2.4636683,2.4923372,2.4908338,2.469517,2.486862,2.561025,2.6887743,2.8331265,2.9278338,2.9695165,3.0250127,3.0256698,3.0481791,3.1462522,3.3419883,3.56651,3.8329637,3.9940233,4.0419445,4.0899887,3.9417958,2.2799032,1.9727614,4.690793,4.984409,2.9786186,1.7382666,1.1519868,0.99009156,1.1816279,1.4249709,1.7707214,1.0747073,0.3829052,0.7650704,1.9063754,2.704718,2.5543697,1.7903818,1.0405337,0.76005054,0.67011887,0.5454607,0.56128806,0.60984963,0.5502572,0.51749873,0.42340493,0.47501513,0.8209504,1.4154001,2.107033,2.8749976,3.590528,4.2404637,4.736381,5.1945267,5.6065087,5.935677,6.14228,6.251463,6.273048,6.423652,6.586421,6.826845,7.041225,7.2442927,7.380279,7.3955293,7.3697557,7.127726,6.9091225,6.678451,6.1044517,5.2628875,5.358021,5.6180577,4.9579806,3.3076546,2.2705743,1.8668842,1.7928095,1.7643284,1.9555035,2.024197,1.9285262,1.7196988,1.8169626,1.5754981,1.642407,1.8073015,1.7463224,1.7405816,1.5546836,1.4161342,1.4796808,1.5648489,1.6286196,1.8596157,1.7142218,1.6644357,1.5756108,1.6364874,1.4733877,1.487042,1.8900241,2.0892322,2.0308394,1.8547124,1.4798087,1.4410374,1.268752,1.6257261,1.682626,1.5651416,1.5650495,2.0383387,1.90596,1.7933952,1.7531941,1.3681005,1.352176,0.8142372,0.07449649,0.5948679,0.6790416,0.97306466,1.5978806,1.7988902,1.707608,1.5272952,1.8473536,1.4903555,1.6546367,1.6115344,1.7023573,1.5769461,1.4126005,1.3875484,1.6255809,1.8922105,2.0305934,1.8013519,1.5520598,2.4929678,2.7323253,2.7303762,2.5481331,2.4762328,2.2958083,2.3800728,2.2674007,2.188122,2.1863039,2.1775436,2.3610423,1.9887083,1.997003,2.073935,2.386557,2.355997
22.5,2.4211721,2.4898288,2.689949,2.832569,2.806017,2.6550694,2.5798328,2.5076923,2.4667602,2.4547224,2.5516813,2.6874866,2.778387,2.7776513,2.7750294,2.7708032,2.7970371,2.8801682,3.0183635,3.1745172,3.272429,3.3331683,3.353765,3.3293269,3.296438,3.315261,3.4461308,3.6041067,3.7718031,3.9230866,3.9596066,3.961899,3.8751123,2.6819577,1.9376628,4.0623884,4.2802076,3.6869717,2.2300613,1.3807831,1.1824505,1.3665167,1.6081616,1.7561489,1.8950125,1.4609033,0.929382,1.2629704,1.8079122,2.1516125,1.4656366,0.76382464,0.47406223,0.37493283,0.22311108,0.2327611,0.38244125,0.3656338,0.46846998,0.61392874,0.94554365,1.3609608,1.926156,2.5798953,3.3248272,3.9593387,4.4693995,4.886874,5.1807895,5.571571,5.843342,6.0369506,6.1305637,6.1898093,6.281519,6.38937,6.6298823,6.856218,7.086909,7.2230973,7.2961903,7.241893,7.102343,6.91026,6.4180455,5.6482515,5.4919524,5.1195126,4.772267,3.9159245,2.606359,2.1319537,1.9221795,1.8876234,2.2304807,2.4155216,2.3956904,2.4784846,2.163882,1.6912292,1.5807258,1.6576174,1.6868505,1.4787085,1.6244614,1.5056021,1.2942513,1.2320793,1.2738209,1.3538265,1.7229266,1.5015087,1.486659,1.4545356,1.6532105,1.6685115,1.6484964,1.8654627,1.6426142,1.6362516,1.4616004,1.5178428,1.6822089,1.362161,1.9693816,2.2948062,2.1284363,1.2144055,0.82341355,1.726676,1.7613819,1.7937564,1.8035593,1.3443816,0.6302969,0.9052081,1.2214814,1.4826369,1.623674,1.775884,2.1330376,1.7406878,1.4969987,1.5398519,1.4966975,1.717625,1.8881227,1.893182,1.8202463,1.5605336,1.5281115,1.5975897,2.0339043,2.182365,2.0317702,1.6618501,2.1382587,2.509013,2.5584023,2.4761992,2.4641163,2.4083781,2.4172215,2.147618,2.0864098,2.3318624,2.4408743,2.5120094,2.1983864,2.2744815,2.3274615,2.5508068,3.3759303
22.25,2.4559307,2.4863434,2.7496428,2.977448,2.9451764,2.840403,2.7722714,2.6480317,2.6288767,2.6718602,2.8050208,2.9502769,3.0616539,3.0694213,3.0443501,3.0798173,3.1022613,3.1935976,3.3354437,3.4569674,3.5504558,3.6360185,3.6294596,3.588109,3.5708742,3.5563476,3.6409523,3.7891626,3.86458,3.9224439,3.9458835,3.9582694,3.9029405,2.967599,1.8373475,3.693582,4.058072,3.387359,2.582273,1.6029437,1.4083695,1.6048381,1.3937846,1.6170752,1.8086938,1.8513155,1.6912395,1.4202276,1.1707801,1.3419074,1.103951,0.37229896,0.22083502,0.11133843,0.12359665,0.38065884,0.59504443,0.7101853,0.83595806,1.1029279,1.4644533,1.8855729,2.440387,3.088337,3.7368994,4.3082523,4.7120233,5.0052013,5.280161,5.471993,5.7244644,5.91197,6.0247774,6.127695,6.2232447,6.3301635,6.4578233,6.674287,6.898317,7.062927,7.165135,7.140003,6.9999633,6.8690333,6.2270393,5.3237147,4.375299,3.87148,3.3569248,2.3238995,2.5882277,2.3466973,2.0620084,2.051573,2.362299,2.7086806,2.5869694,2.7732794,3.1951494,2.396941,1.6394532,1.7157202,1.8099523,1.5194046,1.4361217,1.1612025,0.90465295,0.6250314,0.68871266,0.98233694,1.5351762,1.4220784,1.4269438,1.4355237,1.3525288,1.4463501,1.4301152,1.759747,1.8060837,1.9159132,1.9942974,1.7455374,1.7685899,1.4361283,1.2941369,1.525078,1.5692506,0.8115509,0.47908217,1.3228164,1.5472038,1.8818735,1.8984972,0.97281367,0.8469936,1.3425449,1.6076419,2.019629,1.9602106,2.0784829,2.018799,1.5063422,1.5838481,1.6355677,1.557299,1.5983971,1.8223451,1.724606,1.731596,1.4469666,1.6171331,1.5014305,1.6239978,1.6255027,1.558673,1.8981084,2.0218787,2.478045,2.535367,2.3661616,2.3350434,2.5706663,2.2538674,1.9583409,2.0298662,2.2968886,2.5418813,2.5227623,2.5034676,2.7200356,2.7927086,3.076191,3.896469
22.0,2.66284,2.654776,2.8566093,3.1157057,3.127761,3.031332,2.9207058,2.7830224,2.7900448,2.8749926,3.0197084,3.145447,3.2570736,3.3196707,3.2944136,3.3324127,3.3705404,3.4605043,3.5527287,3.667547,3.7189236,3.7437224,3.712785,3.7010944,3.674637,3.704031,3.768329,3.9141576,3.9618576,3.97546,3.95185,3.930126,3.7690136,2.8600512,1.938937,3.272408,3.8295367,3.4168832,2.5338783,1.6974944,1.1593218,1.2143284,1.4779633,1.3558044,1.3347464,1.4914595,1.7081137,1.1230551,0.5449524,0.66883504,0.57551116,0.3190296,0.26095173,0.32166085,0.54325664,0.77460647,0.95759624,1.0789964,1.2980924,1.6319122,1.9725747,2.4141634,2.9814925,3.5663245,4.147451,4.6333776,4.899727,5.151725,5.314641,5.49115,5.6479025,5.835738,5.9710975,6.1039515,6.214118,6.3027678,6.422465,6.5317984,6.739254,6.903317,7.0474153,7.0239544,6.93561,6.842066,6.6470594,5.934797,3.9344707,2.781583,2.446969,2.3500526,2.373937,2.1147518,2.0340097,2.1877909,2.3469388,2.4979076,2.449211,2.4201233,3.7691655,2.950705,2.059762,1.5834788,1.668687,1.9169116,1.2869072,0.987367,0.63150245,0.44855133,0.82001656,0.8257932,1.1755984,0.9527319,0.9554784,1.0329908,1.4326352,1.9088159,1.9196131,1.8618461,1.7671167,1.8662612,2.0900917,2.067269,1.4218829,1.7359606,1.2590864,1.1979408,1.0576675,0.83748233,0.427208,1.0702764,1.4508245,1.6916519,1.7691642,1.038724,1.1656076,1.7526569,2.0758913,1.7098787,1.7493873,1.8557937,1.8019112,1.4630617,1.6718822,1.95166,1.8676529,1.9256469,1.8385786,1.5967269,1.5277168,1.1591414,1.2318678,1.1333932,1.4036678,1.5660836,1.2289375,1.5431105,1.9917347,2.527068,2.585191,2.37372,2.5169284,2.7918937,2.4827192,2.6228075,2.6599896,2.469204,2.583535,3.496293,3.5897894,3.8102574,3.8906024,4.1786723,4.619615
21.75,2.861186,2.9505935,3.0802495,3.1655872,3.1873379,3.1240757,3.014642,2.9452908,3.0034494,3.0696425,3.1925602,3.2973552,3.356508,3.423486,3.4661913,3.4813643,3.5198195,3.5544448,3.609991,3.6856122,3.742913,3.7165177,3.695592,3.7001524,3.7214615,3.7464817,3.7856855,3.8626661,3.897881,3.866173,3.7864661,3.712227,3.5420127,2.0341518,1.9573852,3.5026603,3.6845348,3.2029612,2.5383015,1.8181918,1.1914728,0.7098722,1.1483078,1.3412886,1.3440706,1.0190926,1.1245754,0.29881606,0.5712933,0.82915825,0.67758065,0.54350036,0.5891847,0.7301191,0.9852447,1.188556,1.3720957,1.5689691,1.8117278,2.141145,2.5383527,2.9441278,3.4419088,3.998285,4.4503846,4.8716884,5.117253,5.2819796,5.4158835,5.534834,5.6558065,5.8054624,6.0139856,6.1565847,6.240389,6.3046713,6.366541,6.4389343,6.6245704,6.7629447,6.908199,6.998734,6.9626555,6.811402,6.6375856,6.5164766,5.62635,4.002053,2.839919,2.6814702,2.6456623,2.021047,1.9134518,2.0938008,2.2601304,2.206463,1.995443,2.328311,4.1311736,3.664668,2.5945034,1.9167706,1.7810535,2.060758,1.3538647,1.7105638,1.318732,0.9112028,0.5606611,1.0436589,1.1536943,1.347204,1.600559,1.720466,1.9162648,2.2514348,2.058732,1.7201657,1.6942174,1.6188964,1.7483051,1.6213857,1.8216299,1.4540552,1.3242604,1.716937,1.7161753,1.3268632,0.86510146,1.1192784,1.1809769,1.5715499,1.5455472,1.4687644,1.5522369,1.7997557,1.4987471,1.4884604,1.585343,1.5511876,1.5301024,1.7523957,1.9599028,1.6651262,1.5245388,1.570578,1.6040906,1.4350502,1.1963252,1.3777686,0.60742986,0.6556724,0.9174025,1.3510181,1.0519809,1.2007328,2.1593578,3.0208104,3.0706766,2.848088,3.014985,3.767212,3.0308747,3.6118836,3.5386167,3.141885,3.561321,5.313707,5.8358793,5.8777795,5.9815087,5.9387946,6.007323
21.5,2.92987,3.1085465,3.2104244,3.2966435,3.3053007,3.2538943,3.187079,3.1530597,3.229431,3.3450408,3.439354,3.5121543,3.5678594,3.6000187,3.6074958,3.5823264,3.6161797,3.6643796,3.700476,3.717579,3.724263,3.6699352,3.6250098,3.6067216,3.6280677,3.67292,3.7003942,3.6499882,3.5836003,3.4865868,3.348432,3.2024648,2.591089,0.35390633,2.5425475,3.4724228,3.377908,2.8746247,2.360188,1.9038948,1.2027494,0.61644906,0.81936294,0.99611264,1.3047218,1.3481265,1.0690064,1.3764756,1.4299203,1.2388629,1.0193572,0.9360102,1.0366293,1.2392812,1.4609011,1.6257824,1.777476,1.9857464,2.2867212,2.5880392,2.9738731,3.3650672,3.8233302,4.311871,4.7212405,4.9896884,5.2043467,5.3787723,5.501962,5.6177387,5.753199,5.881843,6.002412,6.1371317,6.226872,6.288575,6.3477664,6.4206095,6.517924,6.69982,6.8039675,6.8516393,6.8968773,6.9278345,6.775566,6.6544657,6.37278,5.5973716,4.329499,3.0698252,2.5009625,1.8514878,2.516955,2.5755644,2.245096,1.8516128,2.0456004,2.6416368,4.922373,4.86073,3.3478014,2.155319,2.067878,1.8612766,1.5201602,1.5499177,1.6296681,1.5009551,1.3420818,1.5749578,2.2835016,1.7938445,2.0805018,2.055082,2.0410101,2.173915,2.3191926,2.6188145,1.8673881,1.4986871,1.1178223,1.0833381,1.3291812,1.249424,1.9755331,1.748644,1.428793,1.4395938,1.630541,1.7631948,1.4998778,1.6979924,1.5109,1.716774,2.032052,1.3279803,1.3362333,1.9639585,1.9655704,1.6731395,1.5265914,1.5865275,2.1558058,1.8734217,1.5578884,1.6793748,1.7043133,1.2608217,1.3031646,1.4664713,1.0046422,0.39098045,0.95670533,1.4313868,1.3343334,1.437101,1.9066265,3.7251403,4.8437495,4.8558016,4.64839,5.0864677,4.742222,5.1966352,5.28713,5.214953,5.5955586,6.5290227,6.7841024,6.568914,6.4466643,6.4134097,6.5286407
21.25,3.113095,3.2558796,3.280408,3.3584206,3.3378723,3.2885146,3.292301,3.346719,3.4680192,3.6167986,3.6794493,3.720062,3.76475,3.747768,3.7520487,3.7496612,3.722356,3.7307937,3.7397425,3.747264,3.743782,3.7040415,3.6447237,3.5834417,3.5701787,3.53832,3.4707036,3.3294551,3.0390248,2.7703133,2.5262508,2.3376725,1.3190786,1.4490687,3.0380843,3.2844996,3.1134417,2.6606858,2.14581,1.6789501,1.0351158,0.7369295,0.9307769,1.0931267,1.2844709,1.6372876,2.0923746,2.0381868,1.8404785,1.5544893,1.4042817,1.4127694,1.5433962,1.7676101,1.9142418,2.0892553,2.2625566,2.4633725,2.7412398,2.999767,3.2922568,3.6740692,4.0904107,4.466564,4.817729,5.112317,5.301012,5.4502616,5.5598273,5.6694427,5.79335,5.9347787,6.045684,6.121446,6.203218,6.2580705,6.3167243,6.4160247,6.497825,6.609805,6.7168665,6.7636247,6.789404,6.823344,6.890533,6.8104215,6.6546373,6.589799,5.8698096,4.674469,3.365382,3.040456,2.6539938,2.394166,2.6331778,2.924026,3.2160006,3.542784,5.6161757,5.4873505,3.762042,2.287937,2.0716882,1.5350615,1.9008858,1.2920718,1.1837438,1.4977298,1.7906998,2.2670975,1.7917783,1.8399639,1.6071215,1.9126168,1.9081116,1.4709357,1.6852382,1.8959066,1.4871407,1.5125573,1.3745295,1.2727432,1.4802511,1.5967022,1.9958781,2.0818949,2.0341,2.0291061,1.9520904,1.6644664,2.202627,2.1751943,1.8036536,1.6780958,1.5559934,1.3380282,1.5519103,1.6634295,1.7333094,1.6439574,1.7301555,2.0092864,1.547016,1.6879789,1.6324255,1.5165033,1.3865906,1.4116774,1.31645,1.6041589,1.4667282,1.0301877,1.0996032,1.3264037,1.5109849,2.085847,2.4755037,4.205308,5.216834,5.110268,4.677774,5.053425,5.159539,5.573927,5.848169,6.1782193,6.62687,6.693283,6.8433027,6.8021,6.750294,6.7388854,6.8216076
21.0,3.3575735,3.3997927,3.4073732,3.4216428,3.4365458,3.4436967,3.448628,3.530885,3.6530874,3.7968404,3.8850882,3.9265704,3.9244044,3.9047744,3.8745193,3.8414533,3.8406796,3.838896,3.8379076,3.7926416,3.748145,3.6471362,3.5527413,3.4705408,3.3241382,3.2433844,3.0231633,2.6872294,2.1272888,1.6492734,1.4283507,1.0546899,0.31599268,2.5614707,3.0185127,3.1345713,2.8649092,2.4553757,1.8942599,1.200157,0.81386614,0.79525906,0.82048976,1.1916312,1.9188768,2.7158308,2.7846253,2.4872706,2.2106001,1.9870121,1.9003389,1.9578794,2.0734189,2.2713373,2.3975716,2.5177863,2.6791718,2.8455236,3.06703,3.3251114,3.618815,3.9589236,4.2858458,4.6291814,4.885635,5.1382113,5.3344193,5.5035715,5.639281,5.782309,5.908244,5.9791737,6.078488,6.1392937,6.216541,6.2799416,6.3276644,6.3953705,6.5291224,6.5993032,6.6715655,6.7683787,6.834266,6.871821,6.941569,7.013206,6.976094,6.883551,6.7318716,5.9167943,4.707654,3.5577242,3.4752235,3.4920418,3.6515405,4.346342,5.1906714,5.506017,6.0023274,5.841968,4.0634837,2.473024,1.7323841,1.7821227,1.5139147,1.738675,1.3332657,0.8401237,0.40152827,0.6037966,1.4244093,1.8724855,1.7731494,1.9639204,2.1621552,2.04954,1.683826,1.762248,1.8839084,1.8882548,1.6545278,1.509689,1.696964,1.8117156,1.7171999,1.7227472,1.7686119,1.8895636,1.9026777,1.699217,2.3221443,1.9662398,1.6633757,1.7221065,1.8189393,1.3129443,0.6946915,0.5791913,0.30333945,0.20391311,0.8590823,1.1431781,1.1820579,1.3762572,0.9970327,1.3901036,1.5926416,1.7233152,1.6557034,1.4214634,1.0980008,0.95614374,1.3459707,1.6874448,1.9595137,1.7173105,2.330537,3.7651167,4.6708922,4.658734,4.5498333,4.9913645,5.3330374,5.751107,6.093977,6.4333253,6.7445893,6.865591,6.9372873,6.766581,6.7725654,6.8540173,6.948062
20.75,3.6338756,3.5844858,3.5517921,3.5386276,3.5370903,3.586842,3.5902848,3.6876004,3.7811599,3.8558784,3.9081802,3.9004889,3.892984,3.862184,3.8164525,3.7590919,3.7202404,3.7082803,3.664571,3.6336915,3.557649,3.4344604,3.3065526,3.1281526,2.946135,2.6559834,2.1540189,1.4793061,0.91296816,0.6700039,0.647365,0.47914138,1.598521,3.0459414,3.1327765,2.9089484,2.6408446,2.2670493,1.6438968,0.8866343,0.66990507,1.0245433,1.314786,1.9878057,2.9057326,3.2858088,3.0843306,2.7638948,2.572526,2.4381025,2.4106023,2.5110497,2.605414,2.754502,2.858552,2.9279757,3.0703804,3.2469363,3.431486,3.6390762,3.9104218,4.1776433,4.4497046,4.728955,4.979219,5.221724,5.437509,5.613797,5.754977,5.865355,6.0044227,6.064976,6.1375494,6.191444,6.2620106,6.323251,6.390417,6.448617,6.5418787,6.67229,6.713968,6.7479534,6.8726416,6.9656773,7.0306425,7.0892186,7.1017203,7.0829515,6.782181,6.5012207,5.615408,4.782147,4.7718735,4.9222875,5.2375765,5.7890096,6.359851,6.4663734,6.5677314,6.28882,4.620093,2.4552531,1.3115791,1.4037685,1.6787269,1.664323,1.3459319,1.3627391,1.3026747,1.2000036,1.0609536,1.5259742,1.7154498,1.9181814,1.9988269,1.7284514,1.537125,1.5493907,1.7532969,2.0240955,1.7919726,1.1759754,1.1087626,1.5672247,1.9555837,1.5764207,1.5651287,1.6311806,1.6938787,1.7691852,2.2659566,2.2311025,1.5354056,1.8488101,1.3433397,0.88122755,0.9472129,1.1758487,0.8612223,0.5987771,0.5733692,0.7982028,0.8262908,0.9709631,0.7403206,0.6400588,0.95426273,1.365362,1.6329253,1.3754379,0.3212062,0.65725654,1.4811642,1.9247589,1.8408806,1.6105076,2.0977435,3.2228527,4.198571,4.3706284,4.613189,4.998937,5.353651,5.793181,6.216361,6.5138807,6.7877517,6.920801,7.008192,6.9180427,6.8360925,6.848678,6.8461156
20.5,3.8324668,3.7403712,3.6677585,3.634947,3.6462886,3.696879,3.6886313,3.7525954,3.7823162,3.7904503,3.8016374,3.7468162,3.712287,3.6255774,3.5490906,3.4598005,3.3706775,3.3254557,3.285713,3.2340984,3.1197464,2.982753,2.7120762,2.4362915,2.0072618,1.5279034,1.0686283,0.8914087,0.7756318,0.92315245,0.94411355,1.6891924,2.8900857,3.1362178,2.956936,2.6783254,2.3326151,1.9168649,1.3204838,0.5981686,0.9902445,1.6526512,2.498866,3.081321,3.5703993,3.457132,3.2761097,3.1672354,3.0266697,3.0052185,3.002324,3.048209,3.122601,3.2073524,3.2696867,3.3555624,3.4267619,3.6104283,3.760158,3.9421248,4.178108,4.4184394,4.655984,4.8555803,5.1083636,5.34987,5.5752463,5.7368073,5.8709583,5.9597535,6.0706964,6.1112385,6.1653185,6.229808,6.3053303,6.3742685,6.432302,6.516479,6.5807977,6.709443,6.7784553,6.8536143,6.93012,6.992708,7.060418,7.0949955,7.127283,7.123037,6.8234153,6.4902864,6.0264115,5.631674,5.747051,6.0136805,6.274437,6.5327473,6.7425776,6.7680974,6.8520746,6.241848,4.46703,2.446737,1.2264044,1.7015442,1.9911847,1.7647215,1.9550662,1.7885461,1.830449,1.6019644,1.4253155,1.7852917,2.2801027,2.4672644,2.4045105,2.3486054,2.2661014,2.1891758,2.2126968,1.9055184,1.8140322,1.7176211,1.0366496,0.26027572,1.2771897,1.70592,1.6167436,1.5923953,1.5518365,1.7756119,2.136724,2.2676885,1.5773003,1.7077452,1.4832423,1.4711063,1.6793133,1.3692864,0.93223387,0.3744004,1.1158843,0.80668783,0.72685385,1.4222734,1.378658,1.2539281,1.0713645,1.2470882,0.8156935,0.4658788,0.45237407,1.0500433,1.7378476,1.5725211,1.4576803,1.8971051,2.29135,3.120601,4.0960155,4.4979362,4.8687496,5.236312,5.576573,5.946559,6.166275,6.5166564,6.777235,6.918851,6.966729,6.876704,6.670547,6.619186,6.6147294
20.25,3.9533336,3.8488357,3.7741716,3.6605268,3.6723292,3.6812055,3.671824,3.6968672,3.6693532,3.6390607,3.536014,3.480519,3.4565785,3.359818,3.2626257,3.1546457,3.0150173,2.8960407,2.831638,2.721113,2.5934944,2.4325678,2.1551135,1.7741846,1.3120389,0.9768466,1.1106244,1.2256061,1.392955,1.5386361,1.9260504,2.9205866,3.0644603,3.0048175,2.676887,2.3427045,1.9766303,1.5018368,0.92251414,1.0746558,1.4773407,2.6023364,3.4890304,3.725635,3.795018,3.6748405,3.602127,3.5197935,3.5193968,3.5060875,3.5210242,3.5471952,3.5680199,3.631412,3.6749346,3.7648182,3.8459804,3.9343333,4.0921917,4.252815,4.4724293,4.6716037,4.885376,5.077925,5.3074865,5.5485153,5.6804967,5.841524,5.933187,6.005327,6.061775,6.0874267,6.1552205,6.2078996,6.2904077,6.3870797,6.4529414,6.545717,6.6241846,6.704092,6.7457848,6.831591,6.9210615,6.98496,7.0345645,7.0694575,6.9981904,6.9545274,6.713172,6.3585787,5.990485,5.935284,6.048796,6.373658,6.6022863,6.7753887,6.9046907,6.8968673,7.0333905,6.228387,3.7321384,1.733399,1.6646397,2.1517944,2.1602857,1.891295,2.123041,1.8286859,1.9460177,1.7814566,1.9438198,1.8756652,2.3703053,2.4877903,2.467318,2.5430944,2.575519,2.6036713,2.2798805,2.1026523,2.2581906,2.2934945,1.5057268,0.79178977,0.45967302,1.3816388,1.5233185,1.4797231,1.4409153,1.7271234,2.0991447,2.1206605,1.4825567,1.4300041,1.7015817,1.6656467,1.5157465,1.0996623,0.35123947,0.96625775,1.2253584,0.45286494,0.9684663,1.4764462,1.4403263,0.977867,1.1115195,0.74665445,0.75723046,0.52716106,0.81695753,1.7228509,1.674547,1.4481907,1.789913,2.2306414,3.0012977,3.932978,4.3596215,4.8958745,5.266124,5.5259156,5.8250246,6.0405116,6.2630496,6.4240527,6.678425,6.780165,6.8104854,6.626334,6.3062205,6.222821,6.186215
20.0,4.028613,3.9245067,3.764974,3.6506119,3.5558488,3.5507333,3.5466104,3.5692973,3.5192833,3.4256892,3.3046708,3.289893,3.2617383,3.2258842,3.1450374,3.0043144,2.86058,2.7327244,2.5832236,2.4606688,2.3130755,2.1541235,1.958307,1.5902538,1.4214091,1.3790185,1.6079425,1.83168,2.068522,2.1813114,2.8691025,2.950052,2.9599764,2.6936295,2.3422577,1.9705107,1.606628,1.1913749,1.0399221,1.2473359,2.1745412,3.3770628,3.8819265,3.9333324,3.9818974,3.943711,3.9166427,3.9116638,3.9180036,3.9057431,3.9339993,3.9567587,3.9372556,4.022714,4.0509243,4.154905,4.226614,4.3289804,4.444453,4.613163,4.796714,4.9685974,5.1540465,5.3306093,5.5493817,5.659759,5.7902923,5.8609157,5.9247675,5.9650846,6.0134706,6.0279646,6.1210065,6.164227,6.2469406,6.352548,6.425117,6.507485,6.5489206,6.5962625,6.602597,6.651119,6.763711,6.833097,6.884349,6.873437,6.7945576,6.600972,6.306426,5.930801,5.580455,5.5354643,5.8756733,6.210176,6.6576924,6.8401837,6.9932647,6.938462,7.0056925,5.9678483,3.3472865,1.7547444,1.7397019,2.053966,1.9556056,2.0644927,2.1999087,2.0643618,1.9308977,2.2974348,2.3656962,2.216128,2.0917146,2.0819921,2.3075576,2.3657403,2.4709077,2.613394,2.1070795,2.2932153,2.5171165,2.364332,1.4649765,0.9184911,0.51524186,0.36109966,1.0700052,0.9271794,1.5911796,1.8917214,1.806393,1.7223495,1.4230373,1.5542053,1.7139963,1.6457188,1.3019724,1.2487981,0.3963628,0.6152766,0.82014,0.33981025,1.3894044,1.3442074,1.0825777,0.46364245,1.0163066,1.0763727,1.07991,0.7112885,1.1777723,2.225667,1.7127395,2.2205615,2.6814463,3.1157763,4.0559525,4.5498314,5.033272,5.369327,5.6378326,5.7837157,5.949725,6.171439,6.278528,6.4329486,6.4966407,6.572716,6.5468106,6.3016286,5.9871564,5.8489246,5.7716002
19.75,3.9299867,3.9341295,3.752935,3.547056,3.4340096,3.416137,3.4129684,3.4497943,3.3619902,3.255158,3.208095,3.2060125,3.2239285,3.2059653,3.1647727,3.0518847,2.9514277,2.819855,2.6036322,2.424545,2.2629433,2.1480749,1.9413393,1.8311347,1.8235757,2.0213075,2.2744627,2.4788368,2.4868066,2.7901676,2.8693054,2.9435074,2.6672235,2.3393867,1.9469489,1.5992671,1.3234063,1.4838945,1.4273779,1.5428557,2.4540646,3.7201583,4.1569853,4.2066255,4.2534246,4.2675214,4.2875104,4.2856836,4.278207,4.2797933,4.250778,4.3052635,4.293903,4.3847733,4.432277,4.5065475,4.593427,4.696597,4.826779,4.922397,5.1243434,5.286559,5.391439,5.5263352,5.6002026,5.6923304,5.737632,5.8056083,5.8588047,5.896685,5.9594975,5.9505005,6.0550175,6.1153045,6.183915,6.2308526,6.3075585,6.353557,6.3484483,6.3313637,6.367947,6.3979883,6.4978075,6.57454,6.578785,6.5437207,6.4114676,6.199726,5.7418413,5.291561,4.9440703,4.9917045,5.38468,6.078228,6.607894,6.847365,6.9935427,6.851658,6.658286,5.5656185,2.9469814,1.5831195,1.8428746,2.0023136,1.9215168,2.575852,2.107336,2.5711234,2.0403078,2.2072408,2.3144333,2.134254,1.8601881,1.9528606,2.0804124,2.2174242,2.2930079,2.2893212,2.0840771,2.2662644,2.4443972,2.1744246,1.954497,1.7295173,1.7794867,0.9081361,0.8174207,0.8657244,1.2023772,1.5678316,1.6055014,1.4565278,1.459252,1.5943284,1.242394,1.641918,1.3204386,0.60766494,0.6502529,0.8029029,0.87969977,0.81041586,0.8909217,1.13359,0.7464571,0.46379825,1.0349988,1.2881274,1.3863847,1.6896534,1.8246157,2.7845771,2.5124772,3.5796375,3.897627,4.2889752,4.6792164,5.1463513,5.4210277,5.660948,5.808418,5.962158,6.111795,6.220242,6.294998,6.3496704,6.400725,6.3374186,6.264306,6.0403852,5.786927,5.671204,5.618173
19.5,3.7764182,3.821064,3.7161384,3.4967403,3.331261,3.2966325,3.3077238,3.3658059,3.263695,3.154488,3.1101007,3.1867988,3.2959285,3.3758888,3.4026122,3.266762,3.0919044,2.9068472,2.698441,2.4371247,2.266586,2.2108934,2.2479491,2.2556565,2.3344216,2.4950383,2.689824,2.7198577,2.8414304,2.8753705,2.8904874,2.679062,2.3069415,1.8168213,1.3753302,1.1808289,1.3901806,1.9572129,2.1834135,2.2133024,2.8285644,4.07025,4.4649835,4.508192,4.5184474,4.5135727,4.5563674,4.540334,4.531085,4.5362697,4.5050883,4.6011033,4.658967,4.7433133,4.7821126,4.875091,4.9464417,5.053518,5.169325,5.2638783,5.326754,5.40016,5.4901657,5.5588994,5.6141872,5.650136,5.6563716,5.682001,5.757175,5.7677135,5.841727,5.8943834,5.9535832,6.0157223,6.0511904,6.0770717,6.082313,6.0933633,6.0720534,6.000925,5.995045,6.0558457,6.129482,6.1723375,6.17909,6.089151,5.8948135,5.663975,5.289998,4.926694,4.654021,4.692555,5.1521707,5.8869233,6.5591764,6.894639,6.909646,6.710182,6.2255173,4.8591037,2.5715132,1.588629,1.7131468,2.001412,2.021452,2.585152,2.5527496,2.6134593,2.0452414,1.9657717,2.0981069,2.0180051,1.910791,2.0460472,2.0087295,1.9463392,2.1519327,2.099015,2.0716128,2.050467,2.0649817,2.1302228,2.061288,1.3677783,1.5352908,0.90500724,0.79433507,0.6960229,0.8861418,1.4085441,1.4185958,1.2007253,1.0890996,0.7975398,0.9184958,1.0830804,1.406234,1.4826341,0.8355047,0.42263305,0.6591052,1.0018908,0.6068993,0.45456222,0.83110523,0.8224357,0.6786575,1.3368919,1.7025825,1.9966387,2.92962,3.6596105,3.879374,4.1871953,4.3658824,4.648857,5.0281167,5.346333,5.558338,5.7063127,5.7903304,5.9091287,6.024758,6.1914606,6.2839794,6.305942,6.2490687,6.1279297,6.020305,5.933968,5.7673316,5.6810026,5.6060705
19.25,3.4526136,3.7099962,3.7056277,3.535588,3.374596,3.331686,3.3150356,3.2924075,3.1554441,3.1229918,3.2240934,3.479237,3.7587132,3.8529346,3.67888,3.390873,3.0608652,2.8138945,2.62291,2.4737613,2.4204311,2.4469056,2.5019622,2.574009,2.7021623,2.7806637,2.870356,2.8699753,2.8332973,2.7913578,2.6298733,2.3137815,1.8900506,1.4542036,1.0623838,1.2674633,1.6339732,2.1375012,2.411695,2.4873343,3.0612159,4.2920685,4.6776347,4.6354556,4.7153916,4.6976094,4.776617,4.8025155,4.7997828,4.8180075,4.8605347,4.9575477,5.013243,5.1034303,5.129061,5.1884336,5.2488995,5.3078647,5.3633394,5.397628,5.4140315,5.424467,5.469676,5.4658003,5.444863,5.4832087,5.535024,5.583139,5.6493254,5.6627846,5.702376,5.7617364,5.809772,5.825466,5.831265,5.833057,5.809686,5.7560697,5.729164,5.7232423,5.6908154,5.7387986,5.778916,5.773007,5.7466664,5.684607,5.548604,5.365908,5.068373,4.8117824,4.6271534,4.741432,5.218847,5.92777,6.549983,6.801242,6.631448,6.313656,5.601744,4.426166,2.1109574,0.9269957,0.8442435,1.654423,2.3307552,2.7552874,2.8413682,2.8268492,2.1184094,1.9476227,1.9030501,1.7838211,1.7477328,1.8519557,1.8561813,1.890858,2.026247,2.1235116,2.1717694,2.0475662,1.9297539,2.0067372,2.018204,1.4619137,1.0423709,0.8232485,1.0346342,1.12807,1.1925899,1.4818828,1.6369894,1.6060106,1.2972653,0.6793289,0.8321154,1.3743297,1.7571822,1.9596663,1.6368685,0.5175263,0.97770923,0.66207355,0.9081972,1.0414388,0.48888007,0.84660345,0.1963784,1.0694033,1.7390037,3.0540829,3.4754074,3.4712636,3.808456,4.1726837,4.4212813,4.740883,5.078003,5.338605,5.5190744,5.632784,5.7088757,5.905718,5.9825583,6.1146827,6.181312,6.154115,6.0668526,5.949701,5.8744287,5.8789268,5.8067384,5.7220554,5.660672
19.0,3.1382678,3.6604078,3.7660398,3.6249213,3.4541283,3.3693292,3.3046339,3.22088,3.1115077,3.1846905,3.5022707,3.8666058,4.038381,3.9391434,3.5544937,3.1696935,2.906479,2.8116276,2.6919544,2.6547358,2.5869844,2.5413525,2.5856879,2.6985505,2.7317436,2.646749,2.5889478,2.6849525,2.6714585,2.5143795,2.1996214,1.8411655,1.4171647,1.1690619,1.2580006,1.8340149,2.274453,2.5082717,2.677021,2.8567894,3.5003316,4.5048738,4.8175282,4.7355933,4.8606734,4.880071,4.9490185,5.014986,5.0516033,5.0790763,5.1359744,5.2583127,5.336998,5.3771477,5.425579,5.460356,5.491659,5.489956,5.480396,5.426534,5.3882484,5.358441,5.3385854,5.3822994,5.418593,5.4402337,5.4740276,5.5154514,5.53275,5.578037,5.6205,5.6089735,5.649733,5.6494565,5.6219993,5.577284,5.548402,5.529519,5.4811926,5.4401655,5.4596324,5.4630814,5.4878407,5.487487,5.459225,5.399774,5.307493,5.1773744,5.031958,4.9819636,4.923178,5.0250707,5.4435654,5.993483,6.4526978,6.5579166,6.3226595,5.9154973,5.13261,4.1931405,2.835057,1.5159811,1.4582773,1.7807523,1.7487041,2.3031807,2.2969751,2.8512003,2.3477864,1.8469621,1.9570788,2.3203812,2.3353534,2.0487993,2.057244,2.2517595,2.2436,2.2999496,2.1167624,1.7660742,1.8104649,2.1040409,1.8171272,1.4754987,0.949487,0.80275244,1.0843486,1.3405113,1.4499298,1.3700826,1.4783661,1.6657835,1.3648133,0.86054313,0.88320625,1.3312192,1.543003,1.3968155,0.82053787,0.93992096,0.9691223,0.8727407,1.6071271,1.5858961,1.221635,1.4521365,1.2021917,1.2697136,1.9994245,3.3225896,3.351479,3.3661213,3.8146226,4.2221713,4.489625,4.7394295,4.993232,5.2530837,5.469715,5.5561275,5.5678496,5.723675,5.865377,6.015697,6.1060605,6.1344786,6.067263,5.9102116,5.837005,5.8024635,5.7822213,5.6974835,5.6065626
18.75,2.956255,3.6168046,3.945076,3.8540602,3.653258,3.5249827,3.3469076,3.1813765,3.1492412,3.4190953,3.7499847,4.027589,4.08518,3.6999502,3.2668042,2.991082,2.8516417,2.863223,2.8909004,2.7958195,2.6549997,2.5979507,2.6353302,2.6855044,2.5160534,2.4478679,2.472053,2.4910433,2.4673307,2.1841328,1.854726,1.5287821,1.2397261,1.3695077,1.6293113,2.1161985,3.0620015,3.6828287,4.0821843,4.240573,4.316559,4.7804646,4.834691,4.8825707,4.9934015,5.0780964,5.1580243,5.246308,5.3115244,5.347295,5.3956537,5.5062175,5.6248717,5.634639,5.646283,5.666846,5.6515827,5.6211147,5.541493,5.481574,5.400736,5.385698,5.3797317,5.3804812,5.428707,5.4596334,5.5000257,5.552544,5.572864,5.5544424,5.549738,5.5602584,5.517256,5.480514,5.434083,5.3928313,5.3547454,5.331822,5.3423767,5.3225374,5.3519645,5.3404217,5.3518186,5.3204727,5.284053,5.2451897,5.1713605,5.1464596,5.099507,5.0194197,5.0779233,5.224183,5.6255198,6.10775,6.2867026,6.272943,5.9159546,5.47781,4.9061933,4.1122146,2.9289536,1.6034257,1.4248313,1.8834852,2.1287158,2.6001847,1.9158832,2.0286136,2.1880713,1.8509384,1.7162042,1.998977,2.494632,2.524779,2.533319,2.6536815,2.6663756,2.4842775,2.0160885,1.6650617,1.647743,1.6330804,1.5632322,1.664379,1.8916804,1.8202755,1.7265323,1.7661799,1.5249141,1.4813206,1.6211584,1.5797043,1.1625677,0.8977147,0.47203195,0.7593466,1.2053185,1.2291005,0.90524197,0.7488325,0.5640929,1.4965713,1.6180466,1.3230456,1.7420051,1.6290318,1.4926159,1.7007817,2.6088085,3.4289758,3.2568407,3.4956865,3.9179242,4.210855,4.471412,4.6720157,4.9138675,5.1370926,5.302293,5.4059,5.5353417,5.6596766,5.8567505,6.01956,6.091356,6.092462,5.959405,5.7797446,5.7362247,5.712368,5.697098,5.6271744,5.562446
18.5,2.925637,3.6730664,4.047385,4.063238,3.868046,3.557012,3.3489015,3.1672251,3.223855,3.5126796,3.8508265,4.1003375,3.882219,3.441557,3.0571373,2.882426,3.0218208,3.1751814,3.2108872,2.9924772,2.8034286,2.5415697,2.5130355,2.3832083,2.3020723,2.2251492,2.4027305,2.46822,2.243338,2.0108278,1.7899566,1.5486988,1.2593821,1.4364337,1.7558166,2.2419925,3.469311,4.476282,4.879722,4.8281283,4.8884606,4.8631024,4.927989,5.0287557,5.0809617,5.171408,5.2709227,5.3720503,5.4315176,5.4737024,5.5426397,5.6380415,5.7408047,5.784986,5.7983646,5.7825522,5.7821393,5.7434516,5.658084,5.5785813,5.508131,5.4825463,5.526999,5.548746,5.6172175,5.652725,5.64781,5.670323,5.641646,5.618796,5.535254,5.4931474,5.443364,5.4043384,5.350166,5.3384423,5.3232164,5.3162785,5.324686,5.300407,5.277582,5.2668276,5.247625,5.2094145,5.1339626,5.077403,5.0605764,5.0326343,5.09883,5.087708,5.1938186,5.3941836,5.7604833,6.0217767,6.168393,6.0059,5.6570916,5.26687,4.8902645,4.129521,2.9870143,1.6660213,1.4436562,1.9291663,1.9616838,2.5520709,1.8136845,1.9096833,1.988582,1.9397651,1.8931459,2.3033626,2.6416748,2.7302873,2.50164,2.39987,2.2974503,2.0712209,1.8697593,1.5437688,1.6059685,1.7261742,1.6533837,1.7702103,1.9319782,2.0086231,2.0982153,2.2480304,2.0017457,1.726324,1.6132857,1.6773766,1.1170564,0.43808708,0.40025637,0.9850853,0.52302986,0.9135936,0.9266226,0.76400155,0.4942029,1.8328327,1.4173323,1.1225458,1.6279801,1.9666843,1.9604303,2.3022382,3.1481314,3.3140523,3.4528847,3.6953611,4.0486894,4.334327,4.539745,4.714942,4.849936,5.057777,5.1915627,5.2992306,5.4635773,5.664011,5.856874,5.966036,6.0405903,5.991454,5.85068,5.7039075,5.6442223,5.601346,5.578344,5.4968987,5.4709096
18.25,2.839063,3.5891175,4.0982523,4.1248145,3.8425817,3.520667,3.2486374,3.095921,3.1919825,3.4842184,3.8611183,4.020954,3.8072026,3.3055444,2.979894,3.0926304,3.3956091,3.5753562,3.4346611,3.1323903,2.5476007,2.2810256,2.0883474,1.9856247,2.0891447,2.2518263,2.5074008,2.4176219,2.2188997,2.0298052,1.782652,1.4203306,1.5962126,1.9677685,2.251842,3.0115054,4.0977864,4.983383,5.027847,4.9880514,4.9576893,4.979808,5.0201397,5.071924,5.1359553,5.2255588,5.3341875,5.4593635,5.529677,5.5644536,5.6298256,5.6921234,5.7744217,5.812971,5.8436446,5.829613,5.8363824,5.7976522,5.7812123,5.7164135,5.694784,5.666702,5.7014112,5.76094,5.815181,5.8374133,5.8333144,5.8001637,5.759514,5.6898656,5.5822783,5.5057826,5.4323378,5.411629,5.371594,5.36071,5.40276,5.3993907,5.4041886,5.368395,5.3106756,5.245742,5.2018056,5.138729,5.0587807,4.975012,4.9518323,4.9316444,5.0119543,5.0439434,5.193142,5.414354,5.734352,5.9913826,5.99431,5.8056736,5.4902906,5.1669617,4.8359036,4.319518,3.1381674,2.0751731,1.7971519,1.7295407,1.7543626,1.9961485,1.3311797,1.7444923,1.6573126,1.7851411,2.279415,2.7139933,3.2412057,3.1531122,2.5977154,2.1075323,1.9774679,1.7829809,1.6000074,1.5915529,1.692423,1.661339,1.5551374,1.8243868,2.039398,2.1903577,2.3864615,2.5261867,2.4723258,2.1948748,1.6866331,1.3767575,0.9836567,0.4038584,0.9016015,1.0211798,0.45500806,0.6168424,0.7648146,0.47598723,1.1263304,1.5385594,1.1238719,1.4385968,2.7422612,3.0203726,2.7181401,3.279196,3.258403,3.5200899,3.7440076,3.9675128,4.259927,4.4207363,4.6005344,4.7281895,4.8705378,5.0067134,5.142886,5.3074226,5.4760633,5.7128153,5.846834,5.9478693,5.9549985,5.904818,5.765842,5.6323023,5.587384,5.5579057,5.530163,5.4252367,5.3789186
18.0,2.931255,3.4818385,3.9943779,4.0907307,3.811137,3.41102,3.1391451,3.0392234,3.1652071,3.458061,3.8636858,4.0415606,3.7297366,3.2384934,3.2194765,3.3827357,3.6855304,3.7435517,3.4588287,2.8229775,2.2356179,1.7900518,1.6832758,1.6251037,1.8567854,2.3183403,2.4954116,2.4013047,2.4868155,2.2798223,1.4039452,1.2681996,2.4739246,2.951923,3.2686872,4.1135006,4.894507,4.990224,5.0467563,5.044113,5.0406294,5.0909195,5.1294847,5.1423507,5.191385,5.288804,5.3794365,5.511362,5.5880394,5.6259365,5.624001,5.6637897,5.73366,5.7442875,5.7849355,5.826665,5.83241,5.845768,5.828898,5.848659,5.849184,5.857723,5.8612604,5.9255795,5.953914,5.9762,5.9383287,5.9050612,5.843975,5.7682066,5.6695495,5.6091623,5.5311527,5.523585,5.485703,5.503392,5.548019,5.5161242,5.5125656,5.4156895,5.2975445,5.2146745,5.0974746,5.033677,4.9424253,4.8556027,4.81988,4.792746,4.854385,4.944014,5.1120853,5.3956776,5.7110734,5.8900385,5.8861647,5.6655273,5.343669,5.062794,4.728958,4.333082,3.337646,2.1907625,1.684097,1.6747727,1.3974442,1.3654325,1.2303612,1.1591784,0.9377618,2.0249693,2.5761647,3.303226,3.8325565,3.579915,2.854338,2.0804167,1.9402364,1.7490226,1.787484,1.7268531,1.7668517,1.7318584,1.7844427,2.0288663,2.2780485,2.3500893,2.470427,2.4330077,2.3776655,2.3310623,1.8204627,1.486422,1.412121,0.9188875,0.7707728,0.737331,0.5142202,0.8227772,0.61332005,1.3184096,1.4503723,1.5357261,1.0931844,2.5212522,3.8527424,3.7231748,3.6448894,3.5507853,3.7102313,3.849636,4.051064,4.242467,4.438634,4.5627303,4.6562924,4.7885957,4.8857036,5.0324626,5.148224,5.3331175,5.5049,5.7250886,5.829067,5.879672,5.8859673,5.8661027,5.7276025,5.6345806,5.5876393,5.5359755,5.4690695,5.385369,5.3378844
17.75,2.9986885,3.5064178,4.112646,4.21199,3.7697484,3.3400137,3.1770053,3.1132193,3.2284336,3.4662752,3.8675096,3.8333075,3.5279713,3.402764,3.4530535,3.4599829,3.6527326,3.5969567,3.141022,2.4911594,1.8531668,1.6346843,1.6532923,1.5105746,1.7291789,2.1985185,2.3304942,2.6358063,2.830442,1.9300965,1.0155544,1.8886291,3.2826135,4.0755057,4.42312,4.8419204,5.0079308,5.086239,5.128963,5.1530013,5.1872854,5.2483754,5.276123,5.3191733,5.3291407,5.400362,5.4924445,5.536543,5.6152225,5.632651,5.6172514,5.5924935,5.6430597,5.665453,5.7198777,5.781215,5.810186,5.823087,5.855428,5.8919225,5.924877,5.9510875,5.9462576,5.9850016,6.014139,5.9976306,5.9607425,5.9221215,5.8656764,5.8407254,5.766798,5.7426805,5.69448,5.6793785,5.6248016,5.644346,5.6025105,5.559049,5.474916,5.3267837,5.160521,5.042476,4.922994,4.851167,4.7598896,4.6669054,4.6175327,4.5866613,4.643289,4.7833633,5.0661774,5.3575106,5.669548,5.837708,5.7979393,5.5832624,5.1703086,4.8565426,4.506601,4.251101,3.3027449,2.1031203,1.457006,1.785875,1.4728802,1.6873038,1.9930114,1.2653008,1.1834553,1.7096086,2.9451592,3.6750586,4.0394936,3.854243,2.964471,2.255378,2.0214522,1.717889,1.7724718,1.7932296,1.7611059,1.918747,2.0215056,2.1872313,2.166469,1.9807539,1.9694299,1.9001467,1.8433659,1.7829163,1.7807723,1.5584682,1.8479139,1.214281,0.052021142,0.6939751,0.9494174,0.89665776,1.414647,1.453636,1.2857727,1.77698,2.0092726,3.6821697,4.0633974,3.9757152,3.9283183,3.9906576,4.0846252,4.2135205,4.3339524,4.4836826,4.592428,4.661495,4.7550855,4.834859,4.9406705,5.064169,5.1757956,5.3267527,5.483866,5.669066,5.7447276,5.796557,5.818511,5.7999806,5.7573133,5.6717887,5.5993824,5.5195136,5.435878,5.4300404,5.385625
17.5,3.1358323,3.6152167,4.273401,4.4142976,3.9474158,3.4056144,3.325694,3.1801622,3.2434063,3.479969,3.4886045,3.4320593,3.4169953,3.3939388,3.3162754,3.204341,3.3454475,3.2381115,2.82213,2.1290562,1.6151117,1.6412412,1.7309675,1.5304313,1.6915845,1.3325437,1.6566656,2.307307,2.3237634,1.1876534,0.782309,2.6003053,3.840671,4.603495,4.7677794,4.8852944,5.0759873,5.1585565,5.2019877,5.2727795,5.349752,5.4370375,5.47431,5.5382757,5.532635,5.5933847,5.582655,5.6111073,5.6220465,5.631189,5.633218,5.59333,5.59362,5.66307,5.7115064,5.735358,5.7753243,5.7903056,5.811501,5.8843064,5.938269,5.931485,5.93337,5.954106,5.982144,5.9673386,5.942386,5.901097,5.845895,5.8530836,5.8289905,5.8237357,5.803085,5.7213864,5.6520786,5.569593,5.505892,5.3571734,5.219514,5.0662007,4.888082,4.748972,4.655184,4.5765514,4.541686,4.4764767,4.3697724,4.325611,4.423207,4.6410065,4.9814577,5.348322,5.659019,5.8117347,5.7609267,5.451429,4.9605827,4.554463,4.1693563,3.9429703,3.3832452,2.1553328,1.1797522,1.363333,1.8959776,2.1376364,1.9784732,0.9850024,1.0337052,1.6389601,2.74928,3.6224725,3.904051,3.65199,2.879583,2.3766987,2.049259,1.6670601,1.5942289,1.6396201,1.7860521,1.8910902,1.9117626,2.0335486,1.8383253,1.4323037,1.465211,1.4593596,1.3245577,1.2248025,1.2469581,1.2321044,1.4493792,1.572123,1.2451819,1.0892987,0.93640184,1.2814776,1.446265,1.351725,1.7827282,2.2993283,3.497752,4.0816364,4.127609,4.1105886,4.1863575,4.2927475,4.365714,4.4716244,4.5821652,4.6795754,4.6978617,4.7204523,4.7866964,4.861823,4.9468656,5.0779023,5.190501,5.328865,5.4412293,5.5862265,5.658792,5.738691,5.7687445,5.777455,5.7405143,5.657147,5.5933247,5.535282,5.508715,5.5224485,5.504404
17.25,3.3083434,3.829633,4.4780464,4.611871,4.1735783,3.6483502,3.2664318,2.9654288,3.1804907,3.377546,3.176292,2.909592,2.8645895,2.748648,2.6509874,2.6864645,2.9485617,2.8010912,2.4218779,1.7545649,1.6271563,1.7971426,1.5625389,1.2528349,0.43518633,1.2593759,1.5677403,1.4321072,1.2849596,1.9964656,3.0515728,4.0905113,4.6010747,4.7989116,4.9013224,5.0130725,5.1402383,5.2298574,5.3493524,5.4701743,5.5638666,5.662883,5.705741,5.725532,5.7022696,5.6762624,5.621178,5.610215,5.607412,5.6048975,5.608001,5.637398,5.6398087,5.683399,5.7141995,5.717479,5.7400594,5.7580442,5.768236,5.810895,5.8792033,5.8838825,5.918032,5.9175363,5.9387045,5.938271,5.9286995,5.9107385,5.849931,5.8016586,5.80696,5.7874236,5.732799,5.6285644,5.502978,5.3964043,5.245877,5.0603914,4.836314,4.676717,4.513989,4.3820796,4.3117247,4.2718453,4.247825,4.188335,4.0651546,4.080756,4.2561793,4.5903583,5.014534,5.395144,5.70075,5.8106074,5.6701846,5.3191314,4.7966394,4.3453665,3.906501,3.676503,3.1755152,2.1752725,1.177147,1.2055079,1.7995204,1.9759674,2.034549,1.765198,1.1775033,1.8885317,2.7228823,3.5262415,3.7487555,3.4378986,2.7734385,2.370392,1.9993998,1.7841661,1.6893438,1.7880701,1.9776193,1.9549884,1.8754125,1.9465489,1.63097,1.2978498,1.1967527,1.2597097,1.2540642,1.1268994,1.1169237,1.2865171,0.9377381,1.5731734,1.6826372,1.4502765,1.2412739,1.3351222,1.513894,2.1970367,3.4182456,3.8848457,4.181662,4.1244464,4.079826,4.2045426,4.375286,4.497297,4.5745645,4.6794705,4.732203,4.749487,4.777544,4.7865977,4.8534656,4.9219456,4.996886,5.063798,5.13299,5.2713604,5.376043,5.517855,5.6217623,5.695059,5.7200694,5.7282457,5.7142634,5.677868,5.6348076,5.5222282,5.500725,5.4968343,5.488605
17.0,3.3736691,3.9732418,4.5808496,4.6497507,4.2135987,3.656832,3.1746905,2.972216,3.3875694,3.4214318,3.0372612,2.6050398,2.0021517,1.5339566,1.6621896,1.8442725,1.9878621,1.8024813,1.6954429,1.7128083,1.603133,1.1034607,0.19441919,1.4875238,1.922345,1.615995,0.49512646,0.7298527,1.4797548,3.6488616,5.4666605,5.8471355,5.304077,5.211524,5.1293817,5.158939,5.2204337,5.280234,5.40935,5.539094,5.636137,5.7290006,5.784783,5.77749,5.6562386,5.616809,5.6130533,5.6090784,5.61604,5.6441526,5.6741943,5.6752586,5.7395415,5.7331595,5.721192,5.6953683,5.693539,5.744135,5.806564,5.831056,5.863082,5.8558493,5.864172,5.8604283,5.908706,5.927503,5.9037066,5.8697524,5.8338995,5.7771187,5.736814,5.676094,5.6081066,5.4497476,5.261478,5.066137,4.869085,4.6812277,4.502906,4.3331375,4.2052975,4.115874,4.0535345,4.040182,4.0437436,3.9862304,3.8847103,3.9178472,4.1289535,4.5627294,5.00283,5.395084,5.6849165,5.7903533,5.6402955,5.2506766,4.6926584,4.1985908,3.7976584,3.5588353,3.122215,2.3023977,1.4730239,1.3926315,1.923032,1.7381525,2.2620823,1.8896478,2.0438783,2.2365642,2.6505187,3.1264465,3.376926,3.4142478,3.0639749,2.5726128,2.1481142,2.230615,2.2472415,2.152505,1.9319679,1.727447,1.6894164,1.8113334,2.1782486,1.8089622,1.1026679,1.0890263,1.135797,1.1363851,1.1381783,1.1237518,1.3160061,1.7662361,1.6776973,1.7439744,1.7361974,1.7749633,2.5804305,3.8440022,4.445846,4.3611717,4.3212667,4.189795,4.249328,4.3503823,4.5018387,4.6478767,4.735867,4.7859135,4.8377485,4.8325605,4.8499303,4.8807535,4.929853,4.9374604,4.982196,5.089115,5.1898828,5.2881465,5.3311906,5.4542065,5.5998173,5.659309,5.6702805,5.654441,5.620581,5.5887594,5.5741353,5.529571,5.478028,5.4072084,5.30756
16.75,3.5744715,4.07701,4.6511583,4.7934813,4.3985615,3.8004498,3.3551621,2.9092128,2.9093657,2.6606057,2.1809967,2.0025043,1.6387928,1.0439255,0.68479353,0.77137387,0.35826278,0.6465785,0.4455277,0.42060402,0.42052552,0.6966414,1.5488385,2.2236617,2.0213041,1.5822505,1.910729,2.938586,4.4788775,5.959808,6.4480243,6.2249417,5.678386,5.4896703,5.326542,5.3531,5.364415,5.407124,5.494104,5.5863433,5.673381,5.6974244,5.6807394,5.654462,5.5615797,5.516347,5.5389543,5.5811315,5.631566,5.6769342,5.720348,5.7017307,5.7424192,5.794058,5.7848177,5.785439,5.781346,5.797864,5.839701,5.884402,5.942968,5.9388723,5.935372,5.934873,5.9260964,5.9314337,5.904543,5.85037,5.7803326,5.71085,5.6216006,5.5125265,5.405804,5.2285824,5.0237875,4.8197637,4.620163,4.412653,4.2352176,4.102322,3.993711,3.9260855,3.867211,3.8411548,3.826322,3.784796,3.7685862,3.8668904,4.197905,4.613602,5.028909,5.397873,5.675913,5.80778,5.672268,5.2624135,4.7237377,4.214999,3.8278944,3.512985,3.1540418,2.371307,1.5783125,1.3783038,1.7989049,1.756572,1.9920275,1.9027634,2.0667126,2.0000226,2.2719944,2.8466592,3.2980247,3.42588,3.071027,2.7004035,2.0938065,2.213121,2.3257468,2.2053163,1.8548566,1.6214468,1.5960401,1.4894427,1.8199506,1.5291003,1.2903285,0.85101587,0.8664466,1.0453608,1.099052,1.2034849,1.4219362,1.4280115,1.5534829,1.7425023,1.7041775,1.8981498,3.0358243,4.459293,4.656629,4.4245644,4.47228,4.357075,4.451341,4.578038,4.7308574,4.8736596,4.9508486,4.9507523,4.955951,4.9482374,5.0170846,5.0780673,5.1526146,5.1628985,5.1517606,5.1799517,5.202869,5.2837343,5.404409,5.498244,5.615513,5.6551647,5.645543,5.602085,5.551165,5.4916334,5.4466867,5.346346,5.179376,5.0553436,4.953491
16.5,3.9769,4.3444595,4.6526117,4.749669,4.3326325,3.6644905,3.345965,2.9702792,3.1096563,3.008843,2.4194388,2.3222535,2.1479373,1.5016905,1.1037668,0.7600279,0.36394456,1.1561116,0.94394636,0.8966621,1.4395045,1.6204643,2.3849692,2.8548613,3.1791914,3.6828759,4.5327573,5.602509,6.548726,6.554643,6.632393,6.259236,5.844084,5.6040473,5.5615535,5.58597,5.4850044,5.51285,5.5181227,5.5673866,5.5681777,5.568482,5.5745115,5.541924,5.5107837,5.548782,5.556085,5.612116,5.6659155,5.6936884,5.713797,5.7396355,5.732443,5.8057723,5.833941,5.8296447,5.848509,5.873102,5.9094543,5.9613996,6.0133286,6.0215955,5.9930015,5.986159,5.9666276,5.9269366,5.87734,5.784784,5.7073054,5.6447415,5.55677,5.416722,5.2168703,5.0422697,4.826871,4.6096764,4.397752,4.2096334,4.0992174,4.0471444,3.975367,3.9167995,3.8491473,3.7699542,3.7285678,3.7085764,3.748161,3.9055233,4.261841,4.648649,5.0451565,5.389954,5.666018,5.8029637,5.7298894,5.324188,4.800151,4.2019386,3.793759,3.4340045,3.121164,2.4190905,1.5582324,1.0709648,1.5059043,1.7202976,1.6659203,2.0645897,1.9077294,1.8950782,1.9497957,2.5080175,3.0465453,3.032249,2.4418812,2.1059837,1.8829494,1.898522,2.1189578,2.0716915,1.7666448,1.5380446,1.4158919,1.7821748,1.4517579,1.0624884,0.9068949,0.69941413,0.47615907,0.86019135,1.1588182,1.4625787,1.5972944,1.5864565,1.9160904,1.922575,2.1455672,2.9484644,4.103758,4.7622776,4.72258,4.6513734,4.6636715,4.6566167,4.756055,4.845441,4.9369807,5.058304,5.137943,5.1684494,5.1442246,5.1035686,5.176678,5.2129927,5.250065,5.275912,5.2920675,5.3507094,5.409317,5.435626,5.477604,5.5181327,5.5699005,5.609947,5.573326,5.5110435,5.4097104,5.3193426,5.2166376,5.116683,4.985233,4.809897,4.656653
16.25,3.5561218,3.6182892,3.8478646,3.7242634,3.4708788,3.3237634,3.0818172,3.0237374,3.3795655,3.5891283,3.4389176,3.0201213,2.0833707,1.37002,1.1237135,0.85767406,0.42123902,0.6798634,0.92035973,2.3492754,3.1642847,3.5709865,4.2524815,4.564874,4.9034133,5.376451,5.968019,6.5911613,6.6388884,6.666132,6.427489,6.080812,5.850943,5.7420616,5.792307,5.768606,5.6952987,5.6066427,5.5980816,5.555678,5.5500298,5.4905663,5.49621,5.510138,5.4840117,5.513966,5.5537195,5.5889974,5.6322103,5.672872,5.6886783,5.718502,5.723921,5.797733,5.8474016,5.8838797,5.9029655,5.9331594,5.972335,6.0440073,6.086632,6.150892,6.118337,6.067275,5.991077,5.943516,5.8689075,5.783608,5.6960936,5.599419,5.447555,5.3123207,5.133409,4.9482107,4.7422495,4.519727,4.303895,4.15749,4.0541425,4.063895,4.125207,4.0920315,3.9181128,3.8067403,3.6624618,3.6368904,3.7812314,4.0461144,4.414094,4.7381067,5.105959,5.388187,5.6393695,5.801544,5.7134414,5.349427,4.827145,4.1654315,3.7404473,3.361549,3.093509,2.4588048,1.6425707,1.1929048,1.3364048,1.7170807,1.8723311,1.8759211,1.8974564,2.0452652,2.0333056,2.0848913,2.3711376,2.6773245,2.503399,2.1997526,1.7994812,1.7428458,1.9943188,1.9907186,1.8749182,1.6009271,1.7864782,1.8602682,1.7617487,1.018179,1.0493437,0.805401,0.7745115,1.0850049,1.4216064,1.7295772,1.8140826,1.8447769,3.3878922,3.6902425,3.798807,4.4414096,4.6036544,4.980093,4.919384,4.913056,4.8690596,4.96098,5.0074344,5.0646567,5.1582294,5.2551203,5.3293114,5.3385077,5.312253,5.280893,5.2689567,5.313181,5.3791766,5.4112873,5.4471993,5.4908195,5.487766,5.4841576,5.4907694,5.5107527,5.5286202,5.5279245,5.498545,5.4300528,5.326407,5.1863346,5.0815616,4.9298162,4.761893,4.588962,4.403432
16.0,3.158315,3.1168008,2.8170452,2.756857,2.9398065,2.891075,2.6592493,2.6578252,2.8383694,2.8795412,2.8603911,2.6502173,1.6834751,1.126263,0.9505656,0.4834661,0.6206199,0.84268904,2.639939,4.011828,4.595431,5.041353,5.316395,5.576861,5.822599,6.1052704,6.44405,6.4889655,6.5160723,6.326091,6.1015506,6.0569553,5.912136,5.9583235,5.9897385,5.930828,5.8361115,5.743679,5.6153083,5.570994,5.478948,5.4240017,5.4274664,5.454744,5.4511247,5.456322,5.51433,5.5664577,5.6115837,5.6741548,5.693733,5.7137876,5.7395635,5.806009,5.87626,5.9218435,5.9777427,6.0119243,6.1032896,6.192552,6.218496,6.2390556,6.188857,6.092151,6.002841,5.8966737,5.8239536,5.769575,5.6868057,5.575313,5.4301095,5.2958884,5.1408057,4.945233,4.7450027,4.5229273,4.3819046,4.2539096,4.1962237,4.221718,4.2924194,4.3246546,4.169451,3.9838698,3.837067,3.7926185,3.966416,4.2486167,4.5736136,4.8288393,5.082725,5.3547883,5.529117,5.6462674,5.599085,5.2633514,4.7668095,4.133521,3.6805227,3.2723415,3.0124824,2.6697688,1.8644866,1.291528,1.308295,1.7805067,1.9031756,1.966111,1.8260436,1.8919512,1.8640448,1.8932824,2.3747118,2.7379282,2.7090333,2.4231062,1.8192831,1.6817325,1.9472755,2.0967228,1.9798521,1.8055917,1.677167,1.6762416,1.5832335,0.32951385,0.86021346,1.102515,1.3424789,1.4149815,1.6926879,2.0203688,1.9553776,2.191624,4.1246657,4.825866,4.9373283,4.9758973,5.139279,5.141115,5.1177907,5.135671,5.1499996,5.230494,5.213796,5.2623224,5.2855716,5.382328,5.4716306,5.498254,5.4696236,5.4447465,5.3802886,5.381846,5.422014,5.458071,5.4874134,5.5087957,5.491103,5.4730783,5.456786,5.4479957,5.4284472,5.425491,5.385526,5.3182087,5.2315345,5.1039114,4.9952145,4.8327475,4.667213,4.495409,4.3068514
15.75,1.7942932,1.8494012,1.653808,2.220457,2.3489718,2.2575862,1.9859062,1.7401788,1.2077786,0.86783767,1.0332725,1.1950756,1.4428699,0.82880896,0.19527878,0.5135606,1.089845,1.3982061,3.5647817,4.682434,5.268378,5.4766293,5.7532716,5.888918,6.0864773,6.1567206,6.2900677,6.271111,6.2191505,6.046852,6.08542,6.0502214,6.040656,6.085958,6.0785127,6.023079,5.9177704,5.83188,5.703543,5.5401597,5.449974,5.3855276,5.385021,5.333019,5.3798313,5.402461,5.4792566,5.5364957,5.632732,5.6979756,5.7182403,5.731748,5.7468,5.8384824,5.9292283,6.0053225,6.0656137,6.135588,6.2350035,6.302309,6.334276,6.296595,6.220244,6.110559,5.9625115,5.85691,5.7656884,5.7124724,5.6704235,5.5642385,5.4582734,5.301498,5.15602,4.9774427,4.777041,4.6445312,4.504533,4.4439163,4.398149,4.4261537,4.4148607,4.451036,4.3841753,4.200461,4.145353,4.1234765,4.2471104,4.4789333,4.6940713,4.8503323,5.042873,5.203713,5.3590503,5.3826222,5.307181,5.1006956,4.6330824,4.1006684,3.6437094,3.2549055,3.0194638,2.6782813,2.4255884,1.8389956,1.4006958,1.5760388,2.038837,1.8067962,1.6154704,2.0374901,1.9844749,2.1475012,2.6446187,2.5519807,2.3087966,2.173118,1.9523312,1.99099,2.4317625,2.57646,2.4257832,2.2541406,1.656587,1.6390765,1.4851438,0.21027681,0.8933133,0.9683364,1.2017331,1.3633636,1.6017078,2.565353,2.808445,3.1460807,4.4053955,4.982799,5.1034007,5.127416,5.228507,5.231096,5.26206,5.2718115,5.3553286,5.3758636,5.371529,5.391067,5.413986,5.4693017,5.5571594,5.595778,5.5671487,5.525933,5.4434037,5.4347568,5.425293,5.4530644,5.4074006,5.4197974,5.399899,5.3905435,5.361482,5.341706,5.307994,5.276867,5.238719,5.1970572,5.111208,5.0051413,4.8925896,4.7338605,4.5937037,4.4168344,4.244221
15.5,1.9009789,1.6977865,2.0045118,2.3278403,2.6570804,2.1403277,1.5800779,1.4047675,1.4225715,1.5447822,1.4554355,1.250566,0.6277227,0.8035774,0.8198686,1.3065424,2.0375729,3.05434,4.361255,5.268804,5.3317547,5.5468426,5.7582517,5.9084835,6.0126147,6.0255766,6.0806813,6.0416613,6.0388675,6.048702,6.0948114,6.1038237,6.099383,6.083828,6.060754,6.03029,5.9416704,5.872607,5.743009,5.582395,5.4423513,5.3744726,5.319431,5.2013965,5.261142,5.3796434,5.445483,5.541483,5.6392055,5.7200923,5.744547,5.7881174,5.795622,5.9108806,6.0281024,6.108841,6.172298,6.2494273,6.2947397,6.3420253,6.3485837,6.30279,6.2244854,6.1028814,5.9448547,5.8243656,5.7335935,5.671988,5.642894,5.545137,5.4596896,5.29217,5.1394095,4.974145,4.8210635,4.6885314,4.6208344,4.5730762,4.5057406,4.5255637,4.472752,4.460831,4.4173493,4.3576946,4.3127213,4.364103,4.488952,4.540411,4.6732206,4.7910433,4.882017,5.0225124,5.028032,5.0098767,5.0160975,4.817167,4.50097,4.0458364,3.6257513,3.324927,3.0761964,2.9529986,2.7045467,2.4224477,1.9174814,1.3950415,2.1248794,1.740964,1.7517012,1.9937415,2.288653,2.431539,2.37793,2.1126523,1.9264836,2.0374691,2.3561187,2.849709,3.2753942,3.1379118,2.9956787,2.5921783,1.8306519,1.9147725,1.7086388,0.17885205,1.1033078,0.99653286,1.1031517,1.1042513,1.4471874,3.5056145,4.2343435,4.203474,4.6473055,4.7950563,4.962731,5.0831175,5.179938,5.2755475,5.3035107,5.3552036,5.431428,5.434448,5.47901,5.4846854,5.4813175,5.535079,5.5774508,5.6024485,5.5875983,5.524916,5.4476724,5.407392,5.3930383,5.348712,5.296987,5.2581544,5.235965,5.2477946,5.216663,5.1905756,5.10437,5.067333,5.026303,4.985963,4.9252577,4.818086,4.743125,4.587293,4.4616013,4.2872176,4.125673
15.25,2.538553,2.61983,2.7658126,3.037176,3.2777941,2.5031998,1.6461301,0.84629196,0.7566175,0.82453674,1.3081554,1.1984202,0.73794174,0.7121563,1.96731,2.5753267,4.0203724,4.8483186,5.320879,5.265615,5.3379564,5.513758,5.679171,5.8197374,5.9248395,5.9711046,6.0048385,6.012788,6.065752,6.081826,6.0949726,6.1005707,6.06408,6.0683045,6.0114827,5.997432,5.9398675,5.8516498,5.7165647,5.631865,5.530384,5.3535275,5.251912,5.158341,5.1868773,5.3452954,5.4536448,5.553454,5.639807,5.715241,5.7912326,5.877788,5.929955,6.0340137,6.134138,6.228081,6.2852435,6.3033104,6.343846,6.324899,6.2961564,6.228403,6.161729,6.0550175,5.9457283,5.8291726,5.738608,5.667975,5.602834,5.503303,5.435114,5.276981,5.100367,4.90885,4.7678576,4.66188,4.5985303,4.587384,4.5103707,4.5036488,4.4652343,4.4274335,4.3486423,4.315131,4.318018,4.377153,4.424442,4.400915,4.4704685,4.60175,4.6667876,4.716171,4.705412,4.6327333,4.587935,4.5618916,4.318924,3.9406295,3.5973134,3.3018034,3.0811505,3.014266,3.0236437,2.7650602,2.480825,1.8176554,1.7970562,1.9872319,1.791777,1.9715037,2.3460202,2.3606365,2.109759,2.1073895,2.3221192,2.7088895,2.9363456,3.2656896,3.447894,3.2555428,2.7400818,2.1865404,1.94511,1.9261944,1.9337798,0.7029202,0.67519134,0.92235816,0.91281736,0.10757338,1.8983618,3.7787955,4.3371453,4.2756515,4.4768367,4.6867685,4.8645473,4.975897,5.118064,5.2169943,5.3068843,5.397483,5.466788,5.4969826,5.5387444,5.5050774,5.5015635,5.495821,5.5316153,5.554833,5.5495524,5.492813,5.4278383,5.336148,5.2727637,5.223002,5.162053,5.1207175,5.093715,5.0985675,5.0535417,4.9644814,4.8464823,4.7795515,4.7316613,4.673319,4.609335,4.5659723,4.5473423,4.4124093,4.3048863,4.141177,3.949517
15.0,2.0808997,2.1884665,2.1808758,2.4446287,1.9999963,0.71483004,0.34107035,0.7554898,0.38312557,0.40990314,0.9609859,1.6197118,2.05196,2.6907384,4.1450076,4.7862787,5.381993,5.31199,5.172169,5.1781416,5.3328285,5.528847,5.6998286,5.8469014,5.8710675,5.898812,5.894826,5.977654,6.0594687,6.089449,6.107105,6.084242,6.0248914,6.0158925,5.984252,6.011625,5.8845253,5.8109794,5.7306037,5.6690145,5.6137376,5.461857,5.334912,5.26018,5.2763124,5.3404837,5.457377,5.534957,5.617192,5.718058,5.81772,5.9381995,6.0234537,6.137737,6.2150955,6.3062367,6.332217,6.3273387,6.3060226,6.2746663,6.212061,6.1437683,6.0852065,6.0437717,5.9507847,5.881524,5.7947206,5.6955924,5.5968843,5.497538,5.405016,5.2229753,5.067239,4.8823013,4.7406936,4.6277647,4.538182,4.529867,4.5018992,4.475569,4.4110546,4.339929,4.2495227,4.211512,4.193607,4.2049885,4.2700343,4.222112,4.25986,4.3791876,4.4054923,4.4419503,4.4300823,4.3280897,4.2845225,4.2472095,4.0928245,3.757066,3.4743743,3.1699336,2.9525578,2.8573294,2.915439,3.0340884,2.9957924,2.6108253,1.8277246,2.298388,2.328211,2.388076,2.396085,2.2707314,2.3755565,2.7204204,3.2258165,3.3328638,2.6010437,2.7419157,3.0162072,2.763932,2.2646308,1.9539539,1.6332016,1.5734099,1.9709839,1.2557985,0.33421466,0.63953507,0.6255222,0.413464,2.3151147,3.8777924,4.033855,4.1417274,4.2908173,4.4936976,4.6761966,4.8774333,5.056836,5.2028794,5.3081017,5.3922033,5.47825,5.5138555,5.5486145,5.5688367,5.5335093,5.4908857,5.47094,5.481277,5.4589424,5.4321275,5.3957076,5.3197713,5.2447214,5.1746535,5.1032505,5.0447264,4.9870777,4.9448857,4.8813424,4.760332,4.637577,4.553686,4.468708,4.4135237,4.388907,4.342412,4.320608,4.194374,4.0922427,3.8705866,3.6775854
14.75,1.0868461,1.0812086,0.55774385,0.77108675,0.39501908,0.9045315,0.9904732,0.94832426,0.73472357,1.4908844,2.4116118,3.4472568,4.308378,4.959258,5.531624,5.580904,5.2765837,5.0866914,5.182535,5.2594743,5.358906,5.5032673,5.6757402,5.8266697,5.874223,5.9705935,5.9796605,6.0307326,6.0680923,6.0651236,6.0424004,6.020778,6.0142407,6.0322566,5.982979,5.949999,5.7910924,5.717324,5.684181,5.6507998,5.596113,5.5190806,5.449939,5.3922586,5.473619,5.4673357,5.5165753,5.577605,5.67579,5.7962193,5.8906074,6.0117803,6.082869,6.190018,6.2700663,6.3299303,6.36153,6.349715,6.2885294,6.1901326,6.091765,6.0397916,5.9889407,5.975059,5.945672,5.9017134,5.833215,5.7415376,5.6513443,5.559003,5.47401,5.3115005,5.152795,4.9640737,4.786109,4.6294837,4.5270333,4.4863615,4.443595,4.4444914,4.3876185,4.3373513,4.30576,4.324885,4.3191977,4.2765574,4.2346406,4.138725,4.1148024,4.0672417,4.0882797,4.182787,4.2095613,4.1160884,4.0140505,3.9552763,3.840343,3.6064773,3.2859294,2.8737104,2.5046923,2.3103948,2.2644596,2.3247983,2.6068118,2.5868044,2.105498,2.019756,2.0175354,2.0081263,2.0824366,2.3104715,2.7549074,3.3775349,3.727621,2.919447,1.8282232,2.193387,2.603949,2.3542967,2.0950792,2.1101246,1.9455359,1.593651,2.0776656,1.5933601,0.120170884,0.6707383,0.59547025,0.33576193,2.081904,3.6283255,3.9208677,4.170942,4.183372,4.336067,4.495587,4.707648,4.8992324,5.0808268,5.3001246,5.4404764,5.548983,5.5918107,5.595422,5.574055,5.52601,5.4822702,5.4497,5.4234743,5.414907,5.399344,5.294428,5.2145543,5.1819186,5.148112,5.120827,5.0760455,4.9863877,4.919302,4.7574644,4.6258125,4.4791884,4.3761463,4.303254,4.268531,4.2502103,4.2189865,4.2044683,4.066946,3.9182465,3.6941023,3.4757586
14.5,0.81848764,1.275992,0.900862,0.23879007,0.51723546,0.8520489,1.4437789,2.216076,2.2480807,3.0718322,4.0224547,4.7571664,5.080126,5.312206,5.3490133,5.265488,5.212989,5.1497674,5.145796,5.1856546,5.3429203,5.5357423,5.6890383,5.81534,5.8773327,5.9183164,5.995523,6.0794606,6.121347,6.12553,6.1102653,6.079043,6.02584,5.9913607,5.8973827,5.793986,5.7671103,5.7390656,5.7091722,5.7080183,5.6663895,5.554352,5.5340843,5.5446467,5.5859942,5.538234,5.572214,5.636556,5.749375,5.880613,5.9655323,6.084693,6.165649,6.2378607,6.3040266,6.34158,6.34894,6.3049755,6.236688,6.1635466,6.061941,6.011734,6.0067825,5.997316,5.987601,5.964686,5.9227915,5.861253,5.8033547,5.694825,5.563447,5.4093723,5.2352843,5.07888,4.888145,4.666364,4.5179925,4.484653,4.491354,4.520306,4.4372425,4.3576474,4.240861,4.2252936,4.233044,4.219734,4.220765,4.196966,4.139203,3.9335868,3.946727,4.0514493,4.0903625,3.9976888,3.8403225,3.691194,3.5489295,3.3816974,3.1434479,2.7999864,2.3696556,2.0668893,1.7039373,1.1193639,1.1162724,1.8225007,1.9697291,1.7121725,1.8460181,1.6553925,1.7503167,2.1543248,2.70394,3.2519574,3.3468654,2.1944401,1.7914461,2.1026757,2.1377,1.9011967,1.9406303,2.1268983,1.9308562,1.4733398,1.6630498,1.7731287,0.5875887,0.7735594,0.8871014,0.7871529,2.1861048,3.5681853,3.897483,4.1230273,4.3792353,4.490406,4.4906425,4.626638,4.8276067,5.041401,5.2422233,5.3914227,5.4847746,5.5085015,5.547449,5.5316505,5.495091,5.451718,5.4190016,5.4127173,5.369854,5.2878003,5.281603,5.2328053,5.2117705,5.1788025,5.1386456,5.07383,4.9540453,4.8502054,4.64039,4.5708838,4.439626,4.370675,4.298917,4.221024,4.1563487,4.073204,3.9795966,3.840579,3.6664484,3.5054684,3.3115182
14.25,0.6693967,1.0430877,1.1304651,0.6024734,0.81253755,2.0095377,2.9550622,3.4249845,3.6403835,3.9680564,4.5905323,4.6090374,4.721874,4.8122616,4.9635286,5.056865,5.0269947,4.995292,5.1170845,5.222896,5.3608103,5.522127,5.6976814,5.8645716,6.0036917,6.072888,6.1258473,6.133849,6.1497674,6.1279154,6.116272,6.1157975,6.088135,5.982734,5.940412,5.8434453,5.773917,5.769032,5.729207,5.709024,5.6821666,5.610088,5.604776,5.5882044,5.614855,5.6140833,5.6784005,5.7832437,5.911688,6.0589943,6.1618834,6.259637,6.3322535,6.388201,6.3919573,6.4049153,6.3777575,6.3329444,6.26461,6.1801367,6.1108866,6.0943055,6.109611,6.141339,6.1340117,6.124265,6.090863,6.0390606,5.969169,5.8666024,5.700169,5.527261,5.3416367,5.140862,4.9002857,4.687038,4.568248,4.546422,4.5801096,4.60139,4.5468802,4.5139146,4.391361,4.3191886,4.299549,4.256344,4.249852,4.127672,3.988139,3.8162093,3.8164022,3.9044166,3.9309392,3.8268185,3.6543922,3.487648,3.364613,3.2647505,3.1006472,2.8648524,2.574396,2.3753831,2.1297708,1.4919657,0.35465246,1.2978536,1.8771086,1.5021737,1.4648846,1.3819596,1.3650498,1.6971004,2.3487992,3.0887063,2.9302187,1.6151642,1.7077118,2.1950214,2.1073556,2.2309558,2.468759,2.6180863,2.3348253,1.7586514,1.4904399,1.6301398,0.7355428,0.98641115,1.1669002,1.1040869,2.2342396,3.7962418,4.1713047,4.2962837,4.5722165,4.729406,4.7599792,4.7636695,4.8976183,5.0313706,5.222726,5.3786287,5.4976726,5.4698243,5.4352036,5.4207916,5.399268,5.360994,5.3459363,5.3600616,5.341406,5.2694983,5.247749,5.179135,5.155269,5.098935,5.031971,4.9127116,4.7776513,4.681367,4.5279493,4.447492,4.319797,4.228225,4.1269984,4.05442,4.016795,3.9456253,3.8355672,3.746492,3.5855503,3.447607,3.299437
14.0,0.6988526,0.5992006,0.5788546,1.3291798,2.5796726,3.485411,4.014933,4.197048,4.2272034,4.405254,4.4511876,4.509625,4.548029,4.6592655,4.7803416,4.8789806,4.985724,4.976301,5.070617,5.2207427,5.363676,5.581868,5.798024,5.9569397,6.0567617,6.1233544,6.1554065,6.1725183,6.1759477,6.16548,6.1440754,6.127082,6.126091,6.0481043,5.963107,5.9309325,5.837877,5.771964,5.726109,5.666686,5.6363864,5.656048,5.6477685,5.6252475,5.662892,5.7035847,5.853333,5.9751062,6.107275,6.244954,6.3463426,6.4444017,6.492995,6.527837,6.5164356,6.48006,6.449053,6.425357,6.376938,6.3700895,6.3543043,6.365973,6.3903413,6.4412737,6.463556,6.441818,6.36545,6.3003316,6.1507406,6.01729,5.8169894,5.5730934,5.350786,5.0589776,4.8217254,4.6879573,4.6101117,4.617842,4.644691,4.695776,4.7070704,4.6830487,4.559854,4.474809,4.3761697,4.3156543,4.1660585,3.970752,3.761348,3.6409152,3.6416874,3.700862,3.7253368,3.6145902,3.4341607,3.368995,3.3020976,3.3038087,3.252482,3.0934827,2.9546008,2.8375568,2.7524195,2.284352,1.5254455,1.0324736,2.0623353,2.0646386,1.5628941,1.1999265,1.0443635,1.1927905,1.8500954,2.6894875,2.2815974,1.4021336,1.7466308,2.1926398,2.1444218,2.3381538,2.988391,3.194713,2.6184669,1.9814473,1.6252271,1.4632913,0.58174926,1.070523,1.2570906,1.207986,1.8433707,3.959545,4.449056,4.576693,4.76624,4.9339375,5.026088,5.0430217,5.0462976,5.16008,5.2059317,5.273326,5.3341336,5.3561597,5.341007,5.334772,5.311971,5.299542,5.295566,5.261748,5.236028,5.219192,5.172645,5.0954833,4.9899073,4.911284,4.768583,4.635037,4.499493,4.389515,4.3093543,4.213797,4.1379466,4.0855165,4.000929,3.9415634,3.8943818,3.8533475,3.7895238,3.7010987,3.631862,3.5188725,3.4562786
13.75,2.3594623,2.2102695,2.5454986,3.3487208,3.6703658,4.3284407,4.4616046,4.511302,4.365146,4.330856,4.34942,4.422903,4.4758883,4.6131377,4.725383,4.7342114,4.827112,4.876039,5.083459,5.2446823,5.414306,5.6300526,5.787769,5.9316316,6.0606,6.1351013,6.1474013,6.186663,6.185058,6.2071424,6.187136,6.1468253,6.1088085,6.092098,5.992185,5.9410706,5.8500533,5.766886,5.677945,5.6218476,5.6090093,5.618793,5.662293,5.7340455,5.8247743,5.944215,6.0819163,6.172357,6.304149,6.3967547,6.496518,6.5407944,6.5617776,6.608825,6.635106,6.620852,6.61244,6.5893054,6.628821,6.6462045,6.70694,6.727886,6.7476687,6.73825,6.760682,6.70904,6.6318593,6.4881015,6.3339324,6.1118093,5.8912764,5.605626,5.299903,5.0217066,4.794499,4.6637187,4.676101,4.696364,4.7319875,4.8012466,4.8385954,4.8777814,4.761191,4.57357,4.466812,4.17801,3.9736822,3.7004616,3.4935818,3.3956022,3.3989158,3.4558377,3.4884295,3.381732,3.34739,3.300692,3.3518236,3.3902564,3.3862138,3.315173,3.2251465,3.0970125,3.0412512,2.8622715,2.1424873,1.4837157,2.2179964,2.5390277,1.7794883,1.3444073,0.8226517,1.0137,1.4695215,2.1427572,1.8603053,1.5708791,1.9635484,2.1457977,2.1413264,2.2793777,2.9087808,3.0553818,2.566819,1.9953232,1.5194592,0.8006193,0.5703101,1.2858964,1.369891,1.3243431,2.363358,4.172588,4.6996903,4.81828,4.9582043,5.119307,5.2020383,5.1942997,5.202256,5.1592126,5.1740255,5.2042456,5.2205544,5.2595253,5.2491426,5.2498894,5.2103806,5.1970587,5.180523,5.1555314,5.1055007,5.056797,4.9665413,4.85217,4.738248,4.642857,4.497646,4.342529,4.216625,4.1078396,4.074346,3.9885666,3.9746096,3.9205475,3.9317014,3.8756223,3.9021895,3.8806968,3.9028745,3.8391643,3.8466902,3.7962608,3.7594287
13.5,3.5679102,3.564506,3.9385417,4.090013,4.4149036,4.486724,4.560033,4.523875,4.3471804,4.2856417,4.2676415,4.356047,4.4274125,4.5702143,4.5859976,4.5832024,4.669078,4.8119836,5.076115,5.3229556,5.4944863,5.6649146,5.81962,5.997585,6.1357174,6.2425003,6.2429194,6.258508,6.238742,6.2580633,6.225558,6.185684,6.0758986,6.0439315,5.9735885,5.8779955,5.8007975,5.7461996,5.6595583,5.584674,5.572126,5.6280713,5.7198286,5.9043756,6.0288734,6.1396136,6.174978,6.267677,6.3709445,6.4633145,6.5370197,6.57105,6.567438,6.6357675,6.693984,6.7843957,6.7798905,6.8449955,6.8887596,6.9710727,7.051621,7.0339932,7.001407,6.9429626,6.9083858,6.857332,6.7470202,6.604946,6.425128,6.1908703,5.960902,5.670705,5.3475256,5.068275,4.8412614,4.7382736,4.748528,4.8186646,4.8649764,4.9328856,4.9093943,4.912255,4.7354455,4.546098,4.3198967,4.027269,3.7547557,3.4845116,3.3077235,3.2082663,3.2001257,3.2800703,3.3060822,3.3742404,3.3424892,3.356322,3.4344096,3.462939,3.4694862,3.4297864,3.386075,3.272205,3.137301,2.9509456,2.3774226,1.5623008,1.7203981,2.6237843,2.0089278,1.4656749,0.849784,1.0032759,1.4524475,1.831122,1.6752456,1.864582,2.2196772,2.3470588,2.4994366,2.6330006,2.409218,2.5292082,2.1933718,1.6338905,0.73814195,0.29165488,1.310633,1.4162747,1.5207983,1.4954423,2.492252,4.394732,4.920013,5.0375,5.150921,5.27612,5.311682,5.305772,5.2379613,5.1940856,5.0970483,5.1142774,5.0872483,5.1676435,5.147773,5.1496606,5.113149,5.0845437,5.0674157,4.997421,4.9257684,4.823858,4.6766353,4.550247,4.3986745,4.300178,4.187147,4.0318813,3.994927,3.8913722,3.8955,3.8423228,3.8555198,3.8849456,3.8955905,3.9661677,3.992823,4.0610986,4.10419,4.142788,4.2006884,4.1845922,4.256714
13.25,3.9753456,4.0596023,4.192088,4.348648,4.4526,4.4931145,4.5759873,4.570969,4.4367447,4.270304,4.2782683,4.2547135,4.338155,4.4173765,4.4213305,4.5170074,4.675081,4.8617377,5.1269336,5.3804526,5.5703006,5.740895,5.902013,6.1021376,6.194954,6.3266134,6.3444333,6.29027,6.275994,6.226248,6.193842,6.138661,6.0343966,5.9166574,5.8685966,5.7962394,5.760916,5.7307935,5.7442,5.672826,5.6599674,5.7395706,5.8723526,6.045282,6.1351557,6.166602,6.177692,6.2875333,6.390919,6.503474,6.572591,6.596771,6.573322,6.6285663,6.7074375,6.819047,6.980791,7.047406,7.102022,7.193517,7.204131,7.1318965,7.047867,6.921936,6.8855596,6.8118043,6.7061434,6.6261096,6.445187,6.2709975,6.0489078,5.7709055,5.465954,5.18472,4.9662867,4.862211,4.8595476,4.937619,4.9857535,5.033283,4.944925,4.796777,4.6017704,4.3930373,4.1624274,3.9008648,3.6286867,3.4215405,3.2717686,3.1648097,3.1475344,3.2162848,3.3807728,3.4408822,3.4949238,3.5092409,3.5173352,3.4940734,3.4747021,3.382916,3.3409495,3.2178135,3.075638,3.0128179,2.438086,1.5017922,0.5887843,2.0438924,2.090792,1.5376544,1.288317,0.8154198,1.5102434,1.8688934,1.8201667,1.9931021,2.2302775,2.4916484,2.71248,2.8328998,2.572261,1.889426,1.5679599,1.1036463,0.42131862,0.88699025,1.5959014,1.664285,1.5881011,1.6194192,2.5790484,4.594551,5.1474824,5.2133102,5.355512,5.3414125,5.3864694,5.3130655,5.2474537,5.1747913,5.0567265,4.9987106,4.953196,5.051018,5.0404286,5.0417166,5.0300956,5.0016127,4.9136605,4.8237233,4.702962,4.5836444,4.3973117,4.2780366,4.1186934,4.037275,3.9247253,3.8674304,3.8570204,3.809827,3.8391683,3.8063061,3.859418,3.9147937,4.0354357,4.109029,4.2568197,4.349271,4.4384837,4.556757,4.6028056,4.6702228,4.756127
13.0,4.206639,4.1635127,4.2865677,4.3396225,4.429632,4.5016584,4.67178,4.6653833,4.520714,4.3025827,4.2003946,4.144614,4.1416645,4.247481,4.401438,4.5485163,4.7876644,4.978466,5.197666,5.3977184,5.5731196,5.814033,5.9793243,6.01278,6.087861,6.112806,6.053287,6.0091176,6.189818,6.1507096,6.0958576,6.008834,5.9212203,5.789389,5.7355733,5.7720633,5.757319,5.8487506,5.8990464,5.954874,5.9687867,5.98262,6.0842686,6.108847,6.0965886,6.1156473,6.196421,6.321307,6.4801064,6.602978,6.6582522,6.667275,6.612876,6.6156197,6.693001,6.848036,7.0354576,7.1301327,7.1864076,7.150743,7.095958,6.979941,6.883034,6.757628,6.66326,6.6051674,6.6137533,6.5636187,6.437596,6.3069463,6.112863,5.8547826,5.573038,5.3555965,5.136648,4.987415,4.9713025,4.987626,5.031082,5.047778,4.9555497,4.786778,4.5733275,4.3640103,4.1472964,3.8817103,3.6658938,3.4659803,3.3724632,3.283284,3.251925,3.3374789,3.502648,3.6307695,3.698029,3.6573224,3.600479,3.4629157,3.345087,3.1725821,3.098934,2.9728162,2.9154856,2.8261895,2.6598754,1.8179283,0.6266239,1.3374493,1.7690034,1.3939546,1.344471,1.4543267,1.4666821,2.087638,1.7285001,1.8769743,1.8797085,2.3284576,2.7583039,2.8634372,2.4657867,1.6987509,1.2717057,1.3706468,1.2158968,1.13045,1.8223954,2.1154826,2.0444643,1.9235615,2.6971607,4.9426837,5.4867177,5.338417,5.5441136,5.4641995,5.4856925,5.394615,5.29475,5.2271304,5.0591207,4.9914627,4.949068,4.9750767,4.980643,4.976378,4.95848,4.8902626,4.797131,4.6728234,4.5368857,4.407746,4.1943235,4.112204,4.006888,3.9272552,3.8886824,3.8547273,3.893649,3.8828967,3.9678366,3.9553618,4.0038853,4.0812874,4.2292333,4.3904166,4.5658493,4.7407203,4.8529773,4.9802628,4.9806747,5.0807476,5.109343
12.75,4.8502054,4.6484256,4.5130615,4.51372,4.5766635,4.6305676,4.6635203,4.552025,4.403053,4.285881,4.2134542,4.142692,4.132561,4.2048025,4.393473,4.640837,4.8631587,5.0547886,5.255582,5.408708,5.63721,5.9608135,5.563535,5.352844,5.37993,5.102247,4.799712,5.8485713,6.0392966,6.048721,6.0124884,5.930282,5.79224,5.7552586,5.713282,5.821862,5.964879,6.1131687,6.228648,6.327874,6.3515954,6.334381,6.2688293,6.1606197,6.0431266,6.105396,6.2423115,6.3781576,6.5353613,6.6516848,6.701261,6.692805,6.666892,6.672246,6.710965,6.85535,6.989918,7.056942,6.9922976,6.9215245,6.809059,6.707752,6.6317863,6.5323052,6.4559855,6.454042,6.484588,6.4794884,6.363337,6.2255187,6.058589,5.8614917,5.660792,5.464764,5.2795787,5.1156845,5.0064526,4.9784718,5.008959,5.034691,4.9470286,4.7978854,4.5878158,4.39492,4.1919703,3.990512,3.8022146,3.6403005,3.583306,3.5050473,3.495643,3.5495534,3.6511743,3.754178,3.7264972,3.6427472,3.5023394,3.2902575,3.0736594,2.8904526,2.7672136,2.736415,2.7020848,2.6558096,2.49999,2.1754322,1.2810208,0.93815553,1.8398459,1.3355913,1.3388925,1.5933554,1.5629159,1.4434769,1.6868628,1.7295929,1.6191949,2.0036323,2.554697,2.6785402,2.309294,1.6890599,1.5203693,1.8037026,1.5263699,1.2834848,2.022323,2.314362,2.3023717,2.2372465,3.0338726,5.1810584,5.7354627,5.560929,5.705726,5.6420503,5.6560287,5.6031594,5.504206,5.37366,5.169782,5.05734,5.022342,5.010954,5.0020385,5.003841,4.9717197,4.887126,4.764371,4.637775,4.4941163,4.401648,4.2433004,4.185571,4.105151,4.0694046,4.0468936,4.063483,4.1172347,4.200312,4.315061,4.3495145,4.4545217,4.539147,4.6892395,4.8528156,4.962035,5.105899,5.134932,5.213492,5.201872,5.2624693,5.248455
12.5,5.1430902,4.9375024,4.81069,4.788119,4.823151,4.8087444,4.68075,4.5593967,4.446021,4.2948227,4.135393,4.039134,3.991992,4.0520077,4.2992783,4.676429,4.992811,5.1723742,5.342088,5.537417,5.71736,5.4081078,3.9865563,1.970038,1.5599201,2.040168,3.0831745,5.318325,6.134015,6.1301603,6.0083942,5.943833,5.8517175,5.8884797,6.0152726,6.2298193,6.4081545,6.5497994,6.6271715,6.652987,6.633428,6.525547,6.364463,6.145036,6.0947685,6.2074075,6.3551908,6.4588323,6.5395265,6.606451,6.6278152,6.648841,6.6310673,6.6524267,6.735712,6.849235,6.904897,6.828613,6.67684,6.547452,6.4440784,6.370662,6.330145,6.2653065,6.2377315,6.2656403,6.316197,6.3254447,6.233424,6.043826,5.832541,5.7063274,5.5866294,5.478329,5.316905,5.1464353,5.0045223,4.9032364,4.902838,4.994125,4.9558187,4.8421264,4.674039,4.4913297,4.30501,4.1132855,3.9407535,3.8134725,3.7868614,3.7132058,3.668952,3.6285374,3.629869,3.5945284,3.481229,3.2966352,3.0866725,2.8597696,2.6031814,2.469464,2.404,2.408485,2.455038,2.4678204,2.425489,2.2429817,1.3633274,0.8443099,1.3558974,1.0570927,1.2043965,1.3796324,1.3018649,1.5042136,1.5425254,2.2548845,2.2684383,2.3530016,2.4699275,2.2612474,1.8295718,1.6121904,1.9734561,2.2402873,1.8220088,1.5124834,2.1091704,2.3750188,2.4102561,3.0056264,4.4019346,5.553723,5.717928,5.7678237,5.7732496,5.8299494,5.8397865,5.7970486,5.706149,5.5854964,5.462457,5.31629,5.228261,5.25447,5.1808224,5.0889306,5.0385323,4.9663954,4.8540583,4.746069,4.610982,4.5084105,4.477614,4.4559965,4.448679,4.4419,4.45344,4.506773,4.607722,4.7171917,4.8632407,4.912256,4.987157,5.0415735,5.1478176,5.2413073,5.307476,5.361926,5.331824,5.311592,5.250228,5.310949,5.282076
12.25,5.2506537,5.021463,4.9106016,4.912991,4.9688234,5.016177,4.9146147,4.7391615,4.4683876,4.3578324,4.0996227,3.7627032,3.5380607,3.6434565,3.9896402,4.4541106,4.971848,5.425778,5.552048,5.580881,5.4441137,4.824923,3.5594888,2.3068414,2.3184521,4.143722,5.519902,6.4410715,6.3069077,6.1159153,6.090079,6.191144,6.366806,6.5416217,6.7789707,6.992215,7.0866895,7.107705,7.089373,6.990134,6.857817,6.6219316,6.3837776,6.1437054,6.178828,6.294162,6.3526883,6.3653054,6.364288,6.404015,6.4549074,6.5369587,6.589996,6.652356,6.6870165,6.688482,6.6573896,6.541667,6.3901587,6.248475,6.162945,6.130805,6.1328387,6.12266,6.1254535,6.1517825,6.1553226,6.1067038,5.987724,5.813098,5.680265,5.608496,5.5376377,5.43947,5.290365,5.130288,4.997962,4.9271345,4.9228535,4.9670033,4.922683,4.817355,4.6580553,4.4812446,4.3434963,4.226504,4.1428866,4.059809,3.9749634,3.8647056,3.71503,3.5384068,3.382181,3.1697776,2.9552794,2.7296095,2.4772174,2.3132536,2.165489,2.054079,2.0439725,2.1003296,2.181791,2.2336843,2.2852423,2.1711404,1.4777362,1.3398162,1.4086415,1.357553,1.1651553,1.0608815,1.0893073,1.2068297,1.5560466,2.147578,2.3695066,2.0949428,1.8524811,1.6969619,1.8106657,2.0996308,2.2458677,2.0033891,1.9302436,1.9552056,2.3263588,2.4268098,2.6210554,3.4434574,5.0190673,5.710929,5.652036,5.895326,5.872278,6.0252423,6.041316,6.0387163,5.9745607,5.833732,5.7080317,5.5852056,5.528856,5.4692082,5.4353137,5.3841014,5.3038087,5.2140055,5.1156936,5.0062704,4.928275,4.8266845,4.808208,4.8272676,4.867613,4.9072056,4.9786057,5.05769,5.108089,5.151706,5.255464,5.3166184,5.353271,5.375869,5.4295197,5.431228,5.40036,5.3308444,5.2455096,5.2800307,5.2378554,5.3239417,5.3154807
12.0,5.6873584,5.4169397,5.290213,5.288647,5.285217,5.2769,5.266723,5.072585,4.505269,3.945939,3.69049,3.2536519,2.8030047,2.72596,3.26281,4.568438,5.182709,5.4571495,5.4943314,5.364838,4.992333,4.454965,4.1277013,3.76655,4.366505,5.688738,6.5244865,6.3805,6.252117,6.113401,6.205115,6.5812273,6.9012713,7.1937056,7.4505906,7.609891,7.6039214,7.5238566,7.2903447,7.112633,6.876856,6.633154,6.428129,6.1988916,6.1710367,6.230676,6.2639856,6.235119,6.2435765,6.3077874,6.3723454,6.476868,6.537157,6.577707,6.5483613,6.54894,6.4763355,6.356435,6.231716,6.122716,6.077797,6.0475063,6.0244966,6.018246,6.026924,6.0181847,5.989252,5.9183483,5.8342123,5.769417,5.697818,5.6311126,5.5907235,5.471579,5.335812,5.1775084,5.0241995,4.9450135,4.9010577,4.9194508,4.8948126,4.822473,4.707042,4.5915565,4.4576254,4.3414855,4.2468505,4.1785536,4.0616136,3.9042785,3.627929,3.3501456,3.0140088,2.7229981,2.4436991,2.2239046,2.024499,1.834468,1.6934932,1.6488928,1.6322482,1.6899362,1.8029935,1.8987262,1.9423543,1.9019526,1.499258,1.4956989,1.9247384,1.8143204,1.4957016,1.2100462,1.0820463,1.1743866,1.395607,1.4118629,1.4181844,1.3484117,1.3859813,1.118861,1.568712,2.3847075,2.1279628,1.5338731,1.5153728,2.148096,2.4104729,2.6466072,3.7984135,4.795875,5.387525,5.702089,5.748117,5.9487553,5.9716034,6.1296268,6.159499,6.1757054,6.14935,6.110615,6.027757,5.879769,5.8660426,5.819838,5.7613564,5.6960263,5.595822,5.5184345,5.4478,5.3252707,5.259745,5.1849537,5.1708527,5.175643,5.219913,5.2897954,5.3725333,5.432664,5.45227,5.4778857,5.494578,5.5039854,5.4926867,5.469336,5.4755735,5.474961,5.437965,5.3951645,5.3523417,5.4169893,5.385059,5.4622,5.495245
11.75,6.655116,6.3108478,6.0021453,5.3272433,5.139133,5.0062222,4.869768,4.5669785,3.7562957,2.827134,2.5132687,2.0859706,0.7808253,1.3759332,2.8746266,4.8531065,5.633046,5.3530245,5.272862,4.925942,4.6610126,4.6333957,4.4523363,4.920754,5.602849,6.2867675,6.5431094,6.470645,6.341036,6.2242365,6.520947,6.997841,7.3111725,7.585499,7.773465,7.8453846,7.798293,7.6257486,7.398417,7.15181,6.93222,6.6988688,6.480753,6.25362,6.182274,6.200649,6.1594377,6.1364527,6.15055,6.2076287,6.297836,6.4382057,6.4778943,6.4617796,6.419383,6.359905,6.306334,6.2743783,6.186726,6.1713867,6.1328006,6.067671,6.03098,6.0189404,5.997372,5.9833984,5.9330516,5.8715467,5.875793,5.836641,5.820695,5.717269,5.636605,5.4503164,5.3021903,5.1493964,5.0068665,4.9689856,4.9331417,4.8763223,4.775801,4.715733,4.695661,4.5905647,4.4836745,4.3638453,4.2554226,4.172421,4.012998,3.8143852,3.5348644,3.184486,2.8079991,2.5013397,2.2363682,1.9246033,1.6787659,1.487145,1.3019211,1.1734949,1.0872823,1.1901822,1.2899011,1.383439,1.433205,1.3827517,1.2994417,1.5247389,2.0797884,2.392039,2.1077983,1.4478675,1.1431267,0.9072126,0.95060664,0.5788931,0.7782104,1.0940886,0.8340011,1.0368751,1.4429237,1.8488872,1.4921907,1.25285,1.1341722,2.5065942,2.828903,2.8593717,4.197366,5.354635,5.8866267,5.7957425,5.928459,5.9743037,6.112373,6.2147593,6.2978683,6.3023396,6.2673173,6.2299604,6.2370143,6.1413703,6.0722733,6.0758834,6.0086665,5.9524956,5.8739376,5.795508,5.7021236,5.6786566,5.675052,5.618413,5.580415,5.5534806,5.5616646,5.6204515,5.6868167,5.7433248,5.6950216,5.688249,5.691736,5.673277,5.6664395,5.619507,5.6160007,5.5784554,5.5339875,5.502803,5.4835906,5.549872,5.597034,5.622411,5.6654687
11.5,6.5535007,6.1729603,5.264255,4.575738,3.710341,3.4454498,2.7018342,2.455033,1.7801093,0.30341038,0.39123896,1.6294074,1.4168445,2.2017956,3.9624233,5.504582,5.8531456,5.2752905,4.926967,4.672089,4.802298,4.795401,5.203165,5.6687946,6.0909023,6.4663134,6.4854617,6.275976,6.2418966,6.555796,6.9385705,7.205362,7.448709,7.604639,7.7017107,7.7665434,7.6729827,7.5293384,7.355435,7.135199,7.0192814,6.819721,6.6551414,6.4544888,6.3352017,6.267943,6.239978,6.2488837,6.264033,6.254883,6.3150353,6.381976,6.41,6.3830953,6.3599358,6.300801,6.2797146,6.250613,6.232952,6.210042,6.192451,6.136548,6.097698,6.076085,6.04953,6.0371933,5.990938,5.9922557,6.0020156,5.969202,5.9325247,5.800628,5.661953,5.47498,5.2638464,5.10749,4.9420824,4.8801355,4.8594837,4.834947,4.7201695,4.6443734,4.5967393,4.526465,4.4156394,4.332856,4.2189927,4.042064,3.851499,3.6463313,3.389526,3.0244608,2.5344539,2.185381,1.4678831,1.0352868,0.6254652,0.7725712,0.7547367,0.5146209,0.5187881,0.61251485,0.7215119,0.8181286,0.8653819,0.87385976,0.9553994,1.3320931,1.9862204,2.3911827,2.8155444,2.051898,1.1770207,0.84152156,0.8747664,0.58709514,0.46027714,0.48061922,0.41564262,1.1471275,1.5116652,1.4204514,1.1700305,1.189019,1.1974494,2.7643895,3.19046,3.140903,4.5911236,6.0768228,6.1471663,5.999383,6.118263,6.050979,6.2243805,6.2298074,6.308154,6.3379073,6.3088355,6.3404236,6.3129244,6.3053207,6.1813,6.172546,6.121763,6.080242,6.0794134,6.0046587,6.0031962,6.001813,6.0490847,5.993599,5.9419627,5.8967714,5.9045353,5.920386,5.9814057,5.993619,5.9574246,5.926948,5.947395,5.902311,5.857976,5.8188086,5.7647676,5.7281246,5.6706343,5.640688,5.6818295,5.729552,5.817186,5.801262,5.8394217
11.25,3.7655096,3.273621,2.491017,2.2348263,1.3246697,0.9011914,0.42250916,1.3076004,1.0580976,0.8288943,1.3902366,1.7421844,2.2052882,2.9842694,5.111129,6.1534286,5.8561196,5.2002344,4.7811003,4.9354563,5.072978,5.49093,5.8984046,6.122014,6.4065475,6.436982,6.291229,6.1035433,6.384831,6.7861705,7.0937247,7.3551927,7.4011564,7.508873,7.495894,7.561721,7.472116,7.4022055,7.2506084,7.2732577,7.1680927,7.068602,6.937438,6.790053,6.6375227,6.544035,6.497074,6.5039454,6.444393,6.433866,6.360822,6.362657,6.3817544,6.3433857,6.3313613,6.303678,6.2828174,6.272898,6.255367,6.273891,6.2683153,6.251697,6.2051806,6.1894693,6.164651,6.153896,6.1467648,6.1488714,6.1257067,6.0818434,5.9952435,5.8651557,5.714618,5.5079246,5.2991614,5.109645,4.9451,4.8165708,4.7964296,4.803262,4.674045,4.5650525,4.4460225,4.367813,4.3573103,4.271274,4.104711,3.888716,3.6631823,3.3895373,3.051573,2.4629848,2.055198,1.528503,1.2315013,0.605644,0.836015,1.2502606,0.72080123,0.762072,0.65264046,0.6884749,0.33126625,0.39208284,0.46712822,0.5486666,0.7714083,1.1356987,1.7388328,2.2024689,2.6119595,2.1754286,1.2535701,1.0045948,1.0620576,1.1009703,0.5045781,0.5250772,0.62746066,1.289912,1.3925599,1.2687992,1.1846447,1.227446,1.8627714,3.2329059,3.5350533,3.338212,4.852856,6.593661,6.6908813,6.309403,6.383987,6.2408032,6.3713083,6.3553743,6.4113083,6.436112,6.3964186,6.428132,6.33642,6.3285027,6.1833797,6.182225,6.148821,6.1594143,6.159394,6.166489,6.167478,6.2563934,6.318769,6.287822,6.238849,6.2152333,6.223754,6.2373943,6.2177005,6.22753,6.236082,6.221838,6.2490306,6.221571,6.1470513,6.066221,6.0135555,5.9281406,5.874268,5.819983,5.8820357,5.903796,5.992831,5.9818535,5.9910903
11.0,0.46418586,0.10460877,0.17418624,0.53420645,0.8156109,1.0564044,0.7268897,1.2972584,1.5545944,1.4760135,2.232572,2.6320002,2.9169862,3.741858,6.12707,6.4795637,5.901287,5.3018203,4.954385,5.226988,5.733337,6.151728,6.33375,6.5084395,6.5790772,6.3958783,6.181126,6.1345124,6.561792,7.0114927,7.3219295,7.3690147,7.4193,7.41295,7.379154,7.4273543,7.3317766,7.299452,7.313052,7.341129,7.4015675,7.3137474,7.232257,7.1169877,6.9891696,6.8795652,6.821992,6.732146,6.674126,6.5590014,6.4771266,6.3743925,6.366178,6.3145437,6.3010554,6.2804675,6.2838407,6.275388,6.334922,6.3733883,6.3896413,6.3979597,6.341164,6.3250237,6.304521,6.280792,6.2736235,6.221045,6.188936,6.1100006,6.013371,5.906294,5.7520943,5.549537,5.397596,5.20704,5.0005355,4.8656125,4.8057547,4.775471,4.6230655,4.4677134,4.342518,4.279123,4.2631407,4.0757666,3.9061801,3.6064734,3.3321497,3.0527785,2.6567218,2.277695,1.7458725,1.7415686,1.4227631,1.333633,1.8008643,2.333823,2.0112092,2.1576355,1.9523149,1.6709425,1.210155,0.5162416,0.274914,0.7239206,1.0267984,1.2725732,1.4782373,1.9281048,2.0634997,1.7447455,1.4619157,1.6332531,1.4279113,1.762169,1.396295,1.7192394,1.4850721,1.5096486,1.4836626,1.4266579,1.2395788,1.5902286,2.6431773,3.6570399,3.6507802,3.4659839,5.212926,7.0023003,7.1484437,6.721251,6.694171,6.5198927,6.5962844,6.5057755,6.5665164,6.5319104,6.492889,6.4764595,6.3845773,6.327101,6.201861,6.239477,6.1959157,6.220183,6.223497,6.2312446,6.284967,6.386969,6.5045657,6.523282,6.5064707,6.55093,6.548124,6.5385184,6.5187945,6.478226,6.4917793,6.516279,6.526448,6.5390706,6.4257708,6.335952,6.2292943,6.1464615,6.086964,6.0155964,6.055878,6.0684643,6.1373353,6.1502266,6.148365
10.75,1.6903383,2.5499446,2.6467688,1.9941379,2.0472445,1.872389,1.7284365,1.3048646,1.6875445,2.5701404,3.0462735,3.323416,3.281677,4.0476537,6.6369042,6.8802276,6.0885186,5.6359987,5.396249,5.8867865,6.376701,6.6404867,6.8144383,6.6767254,6.727526,6.4378533,6.273891,6.3866334,6.8855658,7.303494,7.4730744,7.5299315,7.463888,7.408242,7.37629,7.3623447,7.288498,7.3203573,7.33957,7.40311,7.476912,7.477406,7.4141655,7.326485,7.2603087,7.1462398,7.000443,6.910401,6.781833,6.650406,6.5253606,6.3993006,6.3102946,6.235216,6.222327,6.209088,6.227169,6.316818,6.3878527,6.503252,6.5242805,6.5434422,6.482419,6.453581,6.4012527,6.3716254,6.305506,6.2593803,6.1619987,6.08472,5.9888887,5.890037,5.7479954,5.63976,5.499542,5.35627,5.138208,4.9532294,4.8754005,4.7663226,4.6161447,4.4652476,4.368065,4.2906847,4.094155,3.8880684,3.5222688,3.2368774,2.8764586,2.7073202,2.5344522,1.9500008,1.5248929,1.3010144,1.245708,1.7270135,2.2977376,2.962061,3.1651893,3.4166093,3.3549058,3.0979738,2.9442918,2.2459016,1.2691638,0.37714484,1.1288913,1.6631806,1.5535073,1.7195882,2.0676444,2.964037,3.082794,2.3935478,2.0610406,2.0093508,1.9940354,1.9197726,1.592779,1.6847397,1.800285,1.6461028,1.5607369,2.0553968,3.068555,3.6719413,3.5950377,3.4018972,5.241101,7.257566,7.5056505,7.09287,7.0397696,6.8008776,6.8395,6.6703568,6.6923823,6.6841106,6.636568,6.5830398,6.519848,6.4666843,6.377659,6.4493628,6.363165,6.3716154,6.385565,6.396277,6.440362,6.5153236,6.6380105,6.7373004,6.7946944,6.8571444,6.853502,6.837074,6.791875,6.75832,6.7274475,6.761536,6.742442,6.7624817,6.638478,6.552842,6.4405937,6.3509216,6.2964478,6.2350044,6.2410936,6.245276,6.2912335,6.305758,6.32017
10.5,4.2264414,4.7243514,4.169126,2.9327648,1.9964463,1.6525463,1.6636145,1.7802242,1.949461,2.138798,2.6251254,3.0626407,2.9798484,4.2694674,6.986056,7.141547,6.3236985,6.080505,6.069238,6.5578675,6.922045,7.118845,7.0741596,6.8688846,6.7203574,6.426172,6.5090528,6.8296056,7.240289,7.467242,7.638219,7.703362,7.6272187,7.545306,7.417702,7.3150496,7.2194376,7.2458916,7.2942348,7.3663816,7.460984,7.49873,7.5159607,7.4597616,7.4062014,7.3142853,7.13155,6.9643545,6.8182235,6.6660247,6.527446,6.393366,6.256872,6.125381,6.083405,6.0956287,6.199299,6.321455,6.435945,6.571115,6.6555853,6.6756024,6.622156,6.5696254,6.504557,6.4237905,6.339954,6.2452965,6.159142,6.05156,5.943386,5.8392425,5.732493,5.630665,5.5532866,5.4422545,5.289429,5.106342,4.9762793,4.8307004,4.694662,4.5355506,4.4262805,4.254017,4.025057,3.711101,3.327508,2.9164324,2.4751754,2.2439127,1.9869924,1.311095,0.47094932,0.41979226,1.248111,2.2545638,3.0611324,3.6994414,4.011607,4.1613917,4.134169,4.0331135,4.0778923,4.1161227,3.4010665,2.2146573,1.0421925,1.6062785,1.9387798,2.007941,2.6119187,3.845284,4.8074303,4.168254,2.5974388,2.2195115,2.070888,1.4886309,1.1911138,1.1310205,1.2449127,1.4024913,1.6315472,2.4780002,3.4895046,3.8412662,3.6397727,3.6047363,5.4450364,7.516077,7.6940775,7.3002124,7.315479,7.0429053,7.053006,6.9891596,6.915247,6.8687606,6.8348665,6.811629,6.73376,6.7231855,6.6690993,6.7432942,6.742681,6.702276,6.6771193,6.692114,6.714019,6.7864814,6.84972,6.9761143,7.0635166,7.0793843,7.1230083,7.0902805,7.0274982,6.9602985,6.8937263,6.9122825,6.9052835,6.9081516,6.8193064,6.735304,6.64667,6.5540166,6.49833,6.4441857,6.4175825,6.407334,6.429143,6.471689,6.507425
10.25,2.869658,3.0256155,2.9798405,2.1974595,1.2984583,0.9506037,0.7964082,0.7820645,1.3037674,1.0355334,0.7184162,1.7061437,2.893673,4.7428436,7.176491,7.2904015,6.642097,6.630644,6.6441107,7.0186563,7.3083515,7.3208866,7.1300883,6.8584995,6.703919,6.639069,6.9075885,7.19931,7.4093237,7.6034064,7.8138947,7.9057617,7.773379,7.6525307,7.422441,7.2024016,7.0366206,7.019594,7.117064,7.225672,7.3176475,7.431707,7.5182443,7.564921,7.5099745,7.427781,7.257621,7.0793557,6.9203835,6.768447,6.610366,6.4417033,6.2969103,6.1576753,6.1126842,6.1242533,6.204542,6.322872,6.463024,6.5922556,6.673547,6.6847444,6.648183,6.583132,6.5102987,6.449908,6.388271,6.3089385,6.210548,6.0875854,5.936557,5.777916,5.6848874,5.6337676,5.5811357,5.4976482,5.361151,5.1970143,5.0747433,4.9080486,4.811614,4.6745124,4.5076947,4.2678885,4.004438,3.731553,3.3711476,2.862145,2.223445,1.7456836,1.2682123,0.4218154,0.42685896,0.9995044,1.6470441,2.5094936,3.3424215,4.107668,4.506173,4.5845284,4.506526,4.3739667,4.4213076,4.630216,4.6899943,4.3107114,3.350972,1.9464191,2.1501288,2.474057,2.7535927,3.4854584,4.3306055,3.994601,2.2099476,1.3450394,2.1576507,1.5878576,0.041001447,0.7559432,0.95836717,1.5172778,2.027082,3.273132,3.7719681,3.5719726,4.05259,5.4211807,6.8836207,7.7373314,7.712091,7.4698815,7.38341,7.3780613,7.1236825,7.0965295,7.1461086,7.1277037,7.130233,7.1567802,7.0986624,7.0602155,7.1104183,7.1150665,7.202267,7.2415137,7.2110243,7.1601844,7.111341,7.078605,7.1044207,7.125261,7.27687,7.3061423,7.3900757,7.3576174,7.2722044,7.184072,7.0739903,7.0616946,7.0088124,6.9588814,6.87253,6.7972035,6.752488,6.718821,6.6821203,6.661239,6.678183,6.6714225,6.6086893,6.617478,6.645396
10.0,2.9111643,3.4803534,4.076466,4.2411556,3.7392714,3.1717217,2.6769652,1.9202714,2.0105906,2.2961633,2.7695193,3.4371767,4.745283,6.472345,7.491278,7.229468,6.8440857,6.8873863,7.1152453,7.322623,7.4495535,7.3500195,7.0675855,6.6911,6.5303874,6.7869678,7.1974916,7.464205,7.6369925,7.8061376,7.915451,7.8887434,7.6789393,7.5196,7.2998114,6.998613,6.861913,6.880514,6.996182,7.1249013,7.244784,7.4066243,7.5469413,7.63978,7.5998583,7.523126,7.3619823,7.1925116,7.0190387,6.8610525,6.747549,6.593159,6.4439197,6.335916,6.271401,6.259168,6.284089,6.338727,6.4237533,6.4837465,6.5590167,6.5841746,6.5550103,6.535566,6.51632,6.496062,6.4828706,6.4495363,6.369246,6.2217126,5.9855633,5.7452497,5.598657,5.529857,5.487002,5.452641,5.3754377,5.2480426,5.110467,4.924635,4.7994084,4.6756196,4.5251637,4.29122,4.0066004,3.712443,3.388736,2.9333122,2.4200232,1.9028914,1.1866094,0.54905874,1.0891433,1.6983408,2.1908045,2.646096,3.183748,3.843996,4.3668246,4.661992,4.7799625,4.7291737,4.6580915,4.6767383,4.8011503,4.945242,4.938826,3.8322334,2.9681244,2.901576,3.0836396,3.2804265,3.2528718,2.7000542,1.6626981,1.3668448,1.5795571,1.4629389,0.5953441,0.81618243,1.0371519,1.7274354,2.8448815,3.8837838,3.8504574,4.1310725,5.6772017,7.001557,7.614426,7.589668,7.534176,7.686931,7.329243,7.367011,7.4600534,7.3188653,7.28992,7.3113985,7.2898273,7.251816,7.2354903,7.1907163,7.286277,7.399827,7.526583,7.678399,7.6986628,7.6675167,7.6090875,7.5128264,7.4959874,7.3946095,7.4842825,7.509563,7.5580816,7.559232,7.504951,7.4035263,7.2845635,7.238786,7.165263,7.11282,7.004393,6.9450226,6.8940177,6.8495007,6.828598,6.8441815,6.8711896,6.880983,6.807471,6.7354627,6.7023168
9.75,3.1508446,3.391818,3.3407252,3.580464,3.8868148,3.6566668,3.5237505,3.5662553,3.7138207,4.055046,4.2431364,4.2393713,5.511544,7.1923447,7.615255,7.2476063,7.1884456,7.155594,7.3676586,7.453697,7.3706098,7.2073755,6.9110217,6.646115,6.701758,7.066226,7.370015,7.5670767,7.7942867,7.949589,7.9562917,7.7107325,7.492742,7.225514,6.975223,6.799753,6.8474317,6.841113,6.915714,7.0652876,7.254265,7.4178658,7.585422,7.702321,7.6706595,7.6055765,7.4483113,7.2888303,7.120297,6.955436,6.825927,6.657609,6.5217376,6.430755,6.355484,6.3364425,6.324348,6.3574276,6.396807,6.4392858,6.424284,6.3920383,6.385879,6.4022245,6.4314237,6.4870987,6.534034,6.5740848,6.515119,6.358393,6.098604,5.85469,5.618095,5.4975657,5.431714,5.421427,5.392666,5.2442007,5.0062375,4.845972,4.738146,4.5780478,4.414266,4.2040906,3.9372408,3.624093,3.2844498,2.8954606,2.4606452,2.0809844,1.7053037,1.2143408,1.5245748,2.0288143,2.3776758,2.6801183,2.9718928,3.5023713,3.9545455,4.3646383,4.5726123,4.7485514,4.717385,4.655258,4.7695885,5.121439,5.370996,5.0232286,3.9755993,3.3324225,3.3936565,3.5271754,3.3454535,2.458761,1.5545709,1.3561078,1.1667553,1.3162925,0.28028184,0.58385134,1.2155031,2.4941406,3.7407167,3.9879892,3.9169352,5.9259048,7.0502844,7.3997946,6.9805536,6.4912395,6.056984,6.88787,7.7124095,7.3351417,7.280116,7.378382,7.2924075,7.2946863,7.290276,7.2161217,7.146379,7.078601,7.0687633,7.3064694,7.575708,7.858134,8.061425,8.070897,8.007325,7.886843,7.794261,7.725836,7.746344,7.748103,7.771151,7.7521253,7.6943145,7.6019564,7.500904,7.4018865,7.3312993,7.261082,7.1145725,7.0714107,7.053732,7.028265,7.020393,7.0194974,7.065768,7.102691,7.0697227,6.9984665,6.9368615
9.5,3.483229,3.9158661,3.827974,4.026648,4.3568263,3.918206,3.4565246,3.793925,3.984487,4.301452,4.3490357,4.427806,6.042632,7.883133,7.7547045,7.3324885,7.307028,7.335751,7.5078316,7.4411383,7.350163,7.119354,6.831307,6.78781,6.918358,7.2363796,7.4177213,7.68956,7.9088783,8.008294,7.7528257,7.469541,7.15788,6.874998,6.7571898,6.7464275,6.798388,6.8459473,6.913529,7.015366,7.1916575,7.409064,7.573933,7.686728,7.6334887,7.539678,7.428613,7.269467,7.127831,6.973345,6.8095145,6.6384335,6.5151463,6.407127,6.3440056,6.307431,6.2803373,6.232582,6.2534676,6.283787,6.303022,6.317584,6.3640103,6.387674,6.467443,6.5408797,6.613998,6.654009,6.5732512,6.425771,6.202435,5.9644704,5.6997995,5.5372577,5.4621634,5.411847,5.3553014,5.15502,4.884191,4.667684,4.556294,4.4094863,4.237735,4.0639358,3.821188,3.5269005,3.2094748,2.8835397,2.6208065,2.4708104,2.3292105,2.235137,2.0586553,2.257233,2.509126,2.8063293,2.96036,3.2465248,3.5222845,3.8535244,4.22883,4.402608,4.5217233,4.4718075,4.5811734,4.927661,5.3186646,5.576873,4.7288594,3.7732854,3.4767773,3.6617587,3.552215,2.827319,1.9059457,1.2212515,1.181098,1.4712702,1.3392196,1.0987717,1.852608,3.1854653,3.724706,3.8652968,4.251964,6.9945126,7.597035,7.047324,6.8079834,5.4034605,4.637898,5.270031,6.7146144,7.4808345,7.2448907,7.2262006,7.2623887,7.2145014,7.230421,7.21648,7.001035,6.9103403,6.854618,7.1605644,7.446815,7.8503947,8.125602,8.316496,8.2691765,8.171977,8.085976,8.049677,8.047722,8.044245,7.9904475,7.9587736,7.8637223,7.764687,7.6453137,7.5573344,7.5104914,7.423468,7.313005,7.2952647,7.282014,7.260352,7.2428284,7.207106,7.264141,7.2582145,7.207609,7.133329,7.0659213
9.25,2.821553,3.2544107,3.7151692,3.9404194,5.0394545,4.861982,3.939832,3.7559412,4.1001673,4.348094,4.2811513,4.6192017,6.2521906,8.018298,7.864012,7.5233364,7.5008354,7.5011773,7.522634,7.4510384,7.3210664,7.1036716,7.0182323,7.0508156,7.195233,7.415782,7.4974284,7.7402587,7.9054666,7.7751946,7.5344567,7.2128806,6.885592,6.639263,6.6341333,6.72211,6.8264484,6.850796,6.7427907,6.842685,6.9213734,7.1640587,7.3973045,7.5341806,7.4951887,7.3943114,7.303159,7.2256856,7.0822124,6.9356837,6.764643,6.574018,6.42045,6.2581263,6.10339,6.0487328,6.0147176,5.977009,5.941914,5.984581,6.139061,6.2729445,6.381491,6.454859,6.560157,6.6534896,6.7246103,6.6841407,6.588844,6.4490666,6.2717776,6.0932884,5.8431606,5.6507545,5.417569,5.355541,5.1444054,4.9176745,4.6171546,4.432324,4.3869004,4.2755103,4.160825,4.2165565,4.037053,3.9338813,3.7378588,3.4030728,3.1129773,3.0279078,3.1226122,3.0246933,2.9708776,2.8139243,2.9100356,3.0635412,3.1362813,3.0848215,3.1370118,3.4050174,3.6834908,3.927968,3.979994,4.093593,4.2237835,4.636176,5.1479163,5.543062,5.301716,4.3654146,3.767881,3.6788054,3.6419675,2.8806248,2.6075876,1.8975999,1.4668963,1.5246884,1.4032913,1.3102472,2.0780864,3.3213441,3.8522222,4.38641,5.6697555,7.615927,7.282542,6.9799366,6.568656,5.153672,3.1215522,3.5341501,4.918038,6.611052,7.0894027,6.9370775,7.004913,6.8901567,6.9027367,7.0243177,6.8594046,6.814971,6.7892466,7.044205,7.3806863,7.75517,8.143324,8.343705,8.426963,8.337549,8.262268,8.260683,8.328116,8.369309,8.318438,8.243249,8.147172,7.9765453,7.840402,7.740577,7.6883435,7.6126213,7.5487285,7.5323553,7.5544105,7.535973,7.4925327,7.459728,7.432875,7.3781095,7.3185177,7.2121935,7.128062
9.0,2.4340065,2.426358,2.6259117,2.9811666,4.0749383,5.65869,5.243844,4.3935704,4.455484,4.542119,4.649246,5.0245028,6.581883,8.3365135,8.060915,7.7760005,7.7454834,7.6410203,7.5974064,7.4972796,7.378759,7.317971,7.2681394,7.3441267,7.4719377,7.53954,7.5401015,7.7272463,7.665823,7.551489,7.292386,6.977625,6.7202225,6.520196,6.634776,6.842754,6.927677,6.744286,6.645467,6.5327525,6.6113615,6.882542,7.1550508,7.307266,7.2733097,7.2041616,7.1906157,7.1127515,7.052969,6.913002,6.7255573,6.525489,6.298983,6.0822434,5.8623834,5.690367,5.6634083,5.700108,5.677262,5.759701,5.9265647,6.1731644,6.3721147,6.4782853,6.6637435,6.760666,6.799587,6.756965,6.5995197,6.4508243,6.3154964,6.2163815,5.991831,5.7900124,5.5564485,5.2354474,5.029422,4.7210803,4.4913406,4.4314785,4.4079328,4.339772,4.4431186,4.533963,4.818536,4.801288,4.4777822,4.044739,3.678382,3.673364,3.836542,3.9266222,3.80943,3.6788533,3.560836,3.413819,3.2531807,2.773397,2.6719537,2.8599355,3.1912239,3.3083375,3.4035966,3.4166763,3.6717033,4.094845,4.7731857,5.249261,5.2068315,4.9971943,4.3603086,4.197811,3.8881907,3.199278,3.2852612,3.3244565,2.0974927,1.7773037,1.3272872,1.1295291,2.183954,3.4037569,5.3434663,6.1489296,7.324495,7.742103,7.3139997,7.1207266,6.705942,4.8142123,2.7788994,2.3733487,3.2010238,4.789186,6.6334777,6.542398,6.4732404,6.3773394,6.54013,6.6580095,6.7191296,6.7309384,6.870908,7.0113745,7.311081,7.5550885,7.9467673,8.322326,8.412836,8.444078,8.377032,8.37685,8.504599,8.597768,8.667656,8.590619,8.463098,8.295657,8.124376,8.010039,7.9407125,7.9035716,7.8414774,7.781583,7.8014703,7.7233987,7.676574,7.603178,7.531092,7.419967,7.3026376,7.191246,7.077338
8.75,3.1042197,2.743851,2.2437625,2.102726,2.533665,4.4415097,6.0394707,5.5784807,5.194912,4.7968135,5.1884136,6.672397,8.316688,8.569556,8.250393,8.039628,7.9519854,7.805122,7.693783,7.618774,7.582443,7.548462,7.577372,7.6621666,7.6745534,7.653104,7.64867,7.6350746,7.562972,7.2534013,7.0008526,6.7666116,6.5360827,6.458522,6.608661,6.883351,6.9401174,6.711264,6.493285,6.379828,6.4519677,6.70877,6.907851,7.0380683,7.0145035,7.0225267,7.0109787,7.034481,6.975239,6.905594,6.7316775,6.47875,6.1957197,5.9575267,5.6824794,5.4952636,5.4819813,5.526714,5.6223593,5.7217274,5.8163195,6.035686,6.243571,6.439178,6.6342998,6.844571,6.88367,6.8168616,6.6465473,6.472684,6.3378468,6.2569733,6.154004,5.9743123,5.8597846,5.5841436,5.1512194,4.8432636,4.693104,4.6342006,4.5766616,4.7045326,4.880297,5.2029095,5.5145545,5.5440726,5.1807356,4.626785,4.3283205,4.3858366,4.5761676,4.6582637,4.6677637,4.456668,4.1869793,3.8797371,3.4262085,2.5528843,2.3301666,2.566581,2.7698424,2.8852508,2.7724464,2.8431866,2.9705148,3.3814006,4.098135,4.655743,4.9229965,4.8847437,4.984172,4.8375096,4.3600426,3.326301,3.8773923,4.7002616,3.358645,1.9256295,1.4088001,1.1353683,2.330504,4.6955953,7.114818,7.777609,8.044039,7.862706,7.268152,7.1938443,6.4640713,4.5713344,2.7173498,2.3583395,2.4049747,3.2246969,5.6443076,6.210093,6.043917,6.0268297,6.1873717,6.4473586,6.553361,6.684161,6.92083,7.0303364,7.231361,7.45967,7.744482,8.125082,8.340573,8.412232,8.413208,8.416276,8.548535,8.736433,8.839167,8.897165,8.772769,8.660847,8.501756,8.346649,8.253539,8.218444,8.1301365,8.050623,7.9533925,7.875806,7.7574315,7.6866417,7.525054,7.3745565,7.1920805,7.0704675,6.9537253
8.5,3.579883,3.2802699,2.8026052,2.354243,2.064162,2.7066603,4.9161444,6.035583,5.756964,5.3367124,7.1291666,8.592041,8.746318,8.588772,8.408221,8.262455,8.102439,7.9793954,7.8699584,7.8265214,7.818338,7.8528943,7.9224963,7.9246254,7.9070005,7.8556323,7.842126,7.722376,7.414813,7.0747333,6.717146,6.475472,6.4049177,6.3566504,6.4471583,6.738191,6.822602,6.68671,6.464801,6.3703475,6.472245,6.5627775,6.652454,6.712884,6.7570577,6.771716,6.7633266,6.812092,6.9117136,6.8576245,6.7124696,6.448991,6.114749,5.8351264,5.5920796,5.4706597,5.460276,5.587407,5.7194147,5.827022,5.8944654,5.969552,6.095781,6.341066,6.593991,6.8166885,6.9032617,6.844373,6.704703,6.5192685,6.3581944,6.231224,6.227263,6.3709397,6.323005,6.0544057,5.6057954,5.146677,4.99661,4.8573017,4.9160395,5.1703153,5.4518795,5.761484,5.8930025,5.9402432,5.7961926,5.265494,5.07275,5.1487665,5.256813,5.147097,5.166232,5.1105533,4.770339,4.42654,3.7577772,2.5422592,2.462422,2.6263635,2.9553375,2.823701,2.6912348,2.4951818,2.5228598,2.7225986,3.2524004,3.881368,4.317803,4.7570863,4.979807,5.1166906,4.69248,3.844102,3.8660686,5.1804233,4.3203077,2.2971234,1.5767467,1.3863891,3.5160866,5.899911,7.7686067,8.114161,7.828089,7.708916,7.3152347,6.9931087,6.142633,4.257607,2.46999,2.2556705,2.3948848,2.4796088,4.382352,5.2948537,5.6580095,5.687898,5.942559,6.208429,6.615272,6.775253,6.947669,7.0864735,7.302628,7.5675745,7.8326535,7.961674,8.141513,8.254057,8.310561,8.39301,8.552551,8.750467,8.916626,9.0084,9.047472,8.960506,8.842576,8.684889,8.5451145,8.440256,8.351009,8.22187,8.115725,7.93064,7.809693,7.6439185,7.446656,7.239667,7.011711,6.888795,6.757033
8.25,4.248923,3.8589518,3.4504528,2.9960837,2.5848234,2.488068,3.1199257,4.7210884,5.252925,6.538297,8.401528,9.068297,8.978266,8.660869,8.502453,8.298406,8.182705,8.072208,8.063529,8.118112,8.171997,8.208299,8.176563,8.111315,8.064441,8.048587,7.972793,7.642884,7.27522,6.84694,6.488897,6.285712,6.236584,6.2923074,6.3185177,6.5845966,6.7538843,6.670634,6.4795504,6.3715444,6.426,6.49957,6.3664517,6.386839,6.4687815,6.450548,6.454318,6.5808477,6.732683,6.8047514,6.6799817,6.385805,6.0549183,5.731344,5.4907775,5.379219,5.4499936,5.62435,5.810691,5.923226,6.0245957,6.0789,6.2087135,6.4090176,6.612247,6.7264214,6.8036056,6.815115,6.726427,6.6045656,6.451596,6.254404,6.376908,6.623374,6.7152452,6.4580607,5.907185,5.391298,5.0880914,4.956255,5.269648,5.606739,5.786163,5.93403,6.0059853,5.8675456,5.7786493,5.8077917,5.7265263,5.7801967,5.7146153,5.4844127,5.332355,5.3489704,5.374884,5.1370177,4.361049,3.0130053,3.0236266,3.5123,3.6751087,3.5031374,3.145178,2.8509908,2.5673509,2.4180684,2.5420964,3.0203447,3.5771022,4.0737967,4.6393776,4.9164886,4.85325,4.185591,3.9637926,4.5991154,3.8412209,2.6594772,1.7042884,2.6195278,5.300012,7.5729256,8.676143,7.9231954,7.79791,7.5892606,7.4502234,6.7284193,4.8220477,3.0318193,2.3237045,2.1328242,1.919107,1.6798136,2.6035404,4.4994864,5.2550755,5.4836187,5.7225976,6.1844563,6.6573806,7.125432,7.2799425,7.3444815,7.488478,7.73941,7.8535867,7.9303575,7.9673176,8.043795,8.189665,8.338458,8.545245,8.735434,8.889612,9.024627,9.095699,9.100364,9.032202,8.911128,8.778374,8.651358,8.52649,8.364975,8.137123,7.916128,7.705349,7.503131,7.2325535,7.0003915,6.7684226,6.6068244,6.491217
8.0,5.102377,4.882617,4.510849,4.3713903,4.1334248,3.593692,3.4601035,3.8946579,4.983165,7.741581,9.287418,9.290255,8.854614,8.616687,8.415994,8.309792,8.301997,8.296561,8.299357,8.370922,8.420828,8.423586,8.368301,8.237249,8.142734,8.124997,7.8810163,7.5025477,7.0873733,6.6544924,6.319823,6.107816,5.987207,6.0961533,6.1128545,6.3072357,6.483569,6.4995756,6.4176655,6.3844795,6.37696,6.2852416,6.146388,6.0888734,6.1364913,6.254216,6.375648,6.475777,6.633694,6.7618365,6.6794877,6.371819,6.057398,5.7073345,5.451092,5.418648,5.566111,5.7696424,5.931721,6.069446,6.2192717,6.3636317,6.4872513,6.519837,6.5627065,6.6389623,6.695478,6.738744,6.764429,6.728218,6.6154504,6.401564,6.5557814,6.828209,6.9398637,6.673515,6.0636826,5.3856816,4.9492493,4.909123,5.488154,5.8265624,5.899008,5.9906483,5.8617435,5.5481524,5.5350294,5.9640603,6.1772923,6.099757,5.9641237,5.804321,5.64252,5.5881076,5.54329,5.2804933,4.764475,4.266268,4.519744,4.815757,4.7483845,4.461249,3.978666,3.4446602,3.0931473,2.7633348,2.4962463,2.23718,2.1856081,2.713039,3.525503,4.157107,4.3207417,4.2366667,4.1631346,4.3073,3.268665,3.6451738,4.741606,6.1275153,7.9125757,9.036275,8.582254,7.793252,7.770558,7.3773828,7.347316,6.7807384,4.653629,2.9395235,2.5709143,2.2786562,1.705411,1.0612849,1.688633,3.8775039,4.9282937,5.205592,5.6131344,6.208754,6.6746173,7.2258263,7.606418,7.654155,7.666697,7.645308,7.617242,7.598328,7.644631,7.8106456,8.004161,8.16423,8.38656,8.66,8.864338,9.007388,9.091046,9.105107,9.057926,8.925048,8.841131,8.694065,8.53936,8.315088,8.025961,7.736075,7.5189624,7.3557715,7.0876803,6.826162,6.5964975,6.4644117,6.4478364
7.75,4.5390906,4.8775625,4.948008,5.0987587,5.1543646,5.0835595,4.836167,4.248483,5.6532836,8.378698,9.261974,9.135609,8.832566,8.615676,8.45698,8.513212,8.382025,8.4725485,8.499779,8.580629,8.58437,8.481516,8.357582,8.213801,8.089834,8.004958,7.7015114,7.3424807,6.9521375,6.5396557,6.253998,6.0637875,5.8179674,5.635639,5.6035547,5.845391,6.034629,6.116878,6.108005,6.1767993,6.23556,6.1123223,5.8930984,5.672898,5.6759925,5.9187326,6.1546702,6.3371835,6.571884,6.742172,6.664355,6.3659925,6.0091777,5.627171,5.240381,5.2446375,5.517528,5.781217,5.9226513,6.0682607,6.2624636,6.543581,6.709847,6.618583,6.4898653,6.468494,6.502997,6.601795,6.7274785,6.726618,6.6808743,6.7065625,6.9302444,7.1627855,7.1928525,6.8976364,6.341588,5.7504272,5.362997,5.3728704,5.7181797,5.8898616,5.9074397,5.861363,5.640813,5.384338,5.4537797,5.8839326,6.24829,6.2839804,6.1007395,5.9938517,5.9109936,5.814995,5.6616325,5.4657493,5.359155,5.422267,5.567331,5.613024,5.3836303,4.996228,4.4589624,3.8512511,3.5346272,3.4030523,3.3027458,2.6840394,1.3460463,0.6437105,1.826453,2.8696876,3.4028935,3.789492,3.9990578,4.1787066,3.9484947,5.3769574,7.0511365,8.409953,9.119967,9.091298,8.40284,7.8682833,7.7659106,7.756794,7.6243014,6.997154,4.8985286,3.1658297,2.7208645,2.3936641,1.8228571,0.67306,0.8340011,2.265222,3.8520558,4.8419776,5.4385653,5.914781,6.544264,7.0325212,7.31928,7.3659754,7.3394213,7.330467,7.341053,7.374841,7.4664407,7.664941,7.862659,8.018747,8.166324,8.452502,8.643415,8.8120775,8.958276,9.019613,9.010154,8.927868,8.876766,8.725704,8.451217,8.038255,7.6832013,7.4538875,7.3364286,7.249139,7.034602,6.8141837,6.7243977,6.6873407,6.693419
7.5,3.806469,4.139647,4.3407636,4.6054926,5.227577,5.5398536,5.5137534,5.9882836,7.820163,8.941797,9.356998,9.016426,8.783481,8.651853,8.57794,8.634748,8.592206,8.693965,8.639978,8.622321,8.425537,8.287297,8.265105,8.234713,8.140839,7.8951817,7.545539,7.15015,6.743763,6.3569827,6.1050425,6.0222745,5.8600492,5.3791475,5.2250237,5.5093613,5.714235,5.8159275,5.805033,5.8485875,5.8841558,5.763152,5.5652714,5.3613057,5.387213,5.7087455,5.9760303,6.244248,6.5035615,6.684456,6.6132874,6.3373656,5.9498286,5.6972723,5.16346,5.00333,5.164876,5.4618855,5.717789,5.897496,6.1783257,6.631979,6.9902954,6.998138,6.6848307,6.341527,6.3253675,6.5543942,6.793808,6.995329,7.102759,7.182717,7.213442,7.32943,7.2445,7.0128975,6.77206,6.396519,6.122711,5.9673724,5.9893875,5.9574976,6.0126605,5.9004683,5.619183,5.3736863,5.4059434,5.5887218,6.0193543,6.2792296,6.287856,6.150279,6.00729,5.912047,5.8897405,5.8521943,5.8608646,5.7206616,5.77734,5.871449,5.6490946,5.1614466,4.592329,4.311002,4.0164037,3.9758945,3.9724393,3.768534,2.936524,1.7941647,1.3315805,1.8661907,2.9277885,3.714187,4.3568006,4.7981925,5.6111298,7.200894,8.43545,8.977699,9.374911,9.130774,8.55827,8.0889435,8.01473,8.050135,8.188434,7.3923845,5.0355415,3.1670358,2.4191828,1.9014183,1.4555068,0.43626872,0.81528366,0.93422246,2.7496006,4.3300815,5.038377,5.555171,6.2701774,6.725789,7.0708776,7.09985,7.098137,7.092493,7.1146116,7.14227,7.2019997,7.373235,7.6006103,7.834101,7.972127,8.16541,8.344714,8.550369,8.721698,8.834747,8.858559,8.811584,8.719458,8.580922,8.204972,7.783206,7.5536337,7.414201,7.380637,7.334519,7.3680143,7.2945657,7.3222775,7.3062344,7.2506604
7.25,3.832187,3.983354,4.0988903,4.4798226,5.111926,5.6398783,5.935026,8.085723,9.234619,9.522889,9.285307,8.960696,8.819955,8.745368,8.732763,8.717918,8.699878,8.724609,8.668348,8.462943,8.278672,8.182993,8.1953945,8.211914,8.149712,7.777489,7.3403807,6.921828,6.5577507,6.2431026,6.141942,6.0650697,5.884406,5.4356575,5.193204,5.4277844,5.6279655,5.6074576,5.5495167,5.4139047,5.3968463,5.2715774,5.178558,5.1179457,5.250072,5.5928965,5.887176,6.1639643,6.459614,6.6498995,6.516806,6.168725,5.67528,5.5948777,5.163458,4.890107,5.0002956,5.261778,5.522234,5.745614,6.031872,6.628359,7.233729,7.368967,6.955417,6.5086994,6.3492184,6.6116147,7.121079,7.42955,7.6852226,7.6109934,7.4820323,7.3481674,7.28007,7.1727734,6.95796,6.5005546,6.1148624,5.7768064,5.7220144,5.8158336,6.084385,6.006357,5.7839484,5.5470867,5.409912,5.440451,5.775124,6.1116214,6.2444134,6.275068,6.1368504,6.0325127,6.007592,5.919212,5.8475537,5.6375484,5.6536465,5.7215514,5.670594,5.2116637,4.858827,4.5800624,4.575111,4.371477,4.233915,4.3007073,3.993185,3.7437568,3.1899817,3.3203225,3.6380718,4.4048424,5.1866703,6.0754027,7.183703,8.461179,8.932009,9.290674,9.149731,8.931849,8.663352,8.356508,8.503933,8.2648325,8.325775,7.3009515,4.9781713,2.594605,1.5855764,1.3895469,1.3259751,0.308731,0.763154,0.86765516,1.4845862,3.2185311,4.724587,5.4558887,5.9761553,6.412066,6.756293,6.759747,6.811865,6.8281174,6.888287,7.005699,7.076445,7.136508,7.287025,7.493142,7.622506,7.758581,7.8560095,8.045439,8.249392,8.383571,8.561843,8.574304,8.452071,8.258256,7.956037,7.741485,7.5462365,7.535404,7.521453,7.612659,7.6846604,7.692087,7.6869764,7.6010785,7.4319406
7.0,4.383849,4.5111337,4.5184793,4.843458,5.0321207,5.4174337,6.8279815,9.317399,9.739223,9.287505,9.081705,8.945448,8.852826,8.813608,8.779436,8.738056,8.747633,8.726127,8.555855,8.328485,8.231973,8.166541,8.152482,8.172134,8.1133375,7.7410517,7.266944,6.7943583,6.483215,6.36485,6.2649345,6.058821,5.828222,5.5546775,5.304757,5.36091,5.5013847,5.4626527,5.2205567,5.082138,4.9668174,4.835584,4.8156343,4.8734155,5.1569595,5.5197377,5.8217363,6.148361,6.457959,6.5896416,6.4449496,6.0867114,5.6450143,5.53065,5.2537446,5.0547013,5.1507425,5.3912854,5.528392,5.727671,6.024324,6.671355,7.3551006,7.4620647,7.0189114,6.4122567,6.2725935,6.8735204,7.458305,7.8734765,8.06813,7.8041596,7.4527493,7.2901545,7.1440086,7.0450087,6.747518,6.2821674,5.7329135,5.3946166,5.381984,5.57528,5.7801805,5.8725758,5.677233,5.75026,5.676543,5.526933,5.7080526,6.0053477,6.220845,6.2443695,6.145017,6.042225,5.9445505,5.834598,5.6412535,5.4568634,5.4434695,5.5738287,5.5868244,5.520653,5.1493473,4.9752493,4.9335403,4.8632936,4.6483574,4.5716963,4.541368,4.318063,4.1736526,4.2036533,4.689517,5.305207,6.2725635,7.2447276,8.272795,8.891203,9.258416,9.024021,8.87608,8.767036,8.565659,8.354665,8.415151,8.104746,7.7788725,6.7308645,4.190972,1.8529626,0.6651747,0.9118308,1.1826649,0.68567026,1.2066146,1.4745836,1.9829979,3.5313635,5.010535,5.4818482,5.9825406,6.2956657,6.485178,6.547464,6.6858954,6.700679,6.758524,6.8683386,6.895734,6.9489655,7.0044703,7.1095715,7.130438,7.1683574,7.2684736,7.3910446,7.5841737,7.753487,7.9244466,7.995094,7.889969,7.768972,7.745607,7.559031,7.435864,7.430227,7.4488516,7.5219703,7.659242,7.7836037,7.7652574,7.659468,7.492744
6.75,5.1686673,5.191023,5.2020884,5.031645,5.211214,6.257582,8.209069,9.715971,9.439311,9.147965,8.9899025,8.911785,8.890998,8.869299,8.782075,8.755348,8.745258,8.670281,8.473398,8.273534,8.20583,8.211455,8.194319,8.135405,8.023853,7.6743174,7.216723,6.7648826,6.581128,6.454033,6.2102957,6.00277,5.8354807,5.689358,5.5216904,5.3617496,5.448685,5.3383374,5.094295,4.797467,4.6751904,4.5609536,4.541885,4.6766043,5.068496,5.403711,5.7530813,6.098435,6.429371,6.5607963,6.49635,6.1825128,5.810732,5.472912,5.2070785,5.2397137,5.345723,5.5263705,5.6583233,5.8043084,6.127951,6.7458105,7.351978,7.318513,6.6001124,6.022185,6.0836616,6.766121,7.568612,8.078655,8.118668,7.6621165,7.283484,6.9700937,6.834316,6.6551995,6.392308,6.0569854,5.635205,5.4040155,5.3957887,5.419968,5.3401175,5.3337555,5.5660605,5.632485,5.8119783,5.718224,5.7960596,5.969467,6.1154428,6.0864663,5.984772,5.953593,5.857813,5.7369256,5.524485,5.305772,5.19945,5.40028,5.719774,5.6686816,5.545385,5.3508215,5.1844482,5.099183,4.8798637,4.6239147,4.4744225,4.1421776,4.040777,4.2430224,4.89308,6.069881,7.1469655,7.9785,8.762166,9.233242,9.258618,9.018568,8.633405,8.536804,8.159495,7.8832445,7.533053,7.1981783,6.746817,5.802414,3.340386,1.2152053,0.13351256,0.6374354,0.94812346,1.2052932,1.6728138,2.0070188,3.120509,4.628332,5.1636825,5.630598,6.040098,6.2765107,6.3184,6.4704537,6.608481,6.6458306,6.6989307,6.7063985,6.733547,6.742791,6.7908034,6.845356,6.7165275,6.700401,6.693771,6.811037,6.9111023,7.072888,7.119898,7.180861,7.16308,7.278035,7.3808446,7.4495287,7.344535,7.3732214,7.3941946,7.393893,7.5211687,7.72919,7.6896777,7.5907083,7.373249
6.5,5.7227244,5.717184,5.505144,5.35923,5.530481,6.7061753,9.184924,9.710141,9.233653,9.173943,9.006691,8.9574585,8.959819,8.861852,8.7814045,8.739235,8.69873,8.591861,8.424897,8.281313,8.385258,8.390405,8.3058,8.232285,7.994609,7.6265926,7.194865,6.8372245,6.6615353,6.383321,6.13273,5.880972,5.713255,5.772905,5.7870574,5.6096783,5.4347954,5.321161,5.013581,4.716777,4.505789,4.4029727,4.3957806,4.53098,4.927061,5.2420692,5.6256084,6.043325,6.382715,6.55929,6.5180874,6.3203864,5.960573,5.4736705,5.130732,5.194368,5.2893686,5.4509387,5.6601844,5.794986,6.129776,6.6807246,7.2202086,7.036589,6.3074746,5.6829815,5.8680897,6.3620124,7.209913,7.716275,7.7645626,7.3036714,6.868995,6.549579,6.2551155,6.1085515,5.9256063,5.698938,5.601137,5.441276,5.3474874,5.130592,4.9302983,5.033278,5.194802,5.3847804,5.5791354,5.6810985,5.7724266,5.8486934,5.818934,5.7786593,5.801742,5.7664313,5.8274245,5.732772,5.571029,5.2984247,5.102381,5.3652296,5.720425,5.9240665,5.8092513,5.472559,5.240657,5.001933,4.712978,4.364087,4.0736065,3.7439563,2.9811728,3.1311479,4.762241,6.2819424,7.6368704,8.451236,9.08716,9.367472,9.399263,8.991609,8.631509,7.8636003,7.3872743,6.7341805,6.087194,5.698308,5.1548753,4.396158,3.460175,1.3433579,0.2304059,0.5743408,1.0057255,1.2900586,2.1844711,3.4250512,4.725184,4.817569,5.3972125,5.625542,6.0237775,6.177991,6.207819,6.330466,6.4205,6.4728136,6.506773,6.5138016,6.549269,6.5465918,6.633444,6.716561,6.5844436,6.5478816,6.509245,6.5105104,6.609914,6.5609317,6.558711,6.4535837,6.4679003,6.7254195,7.0257106,7.1330433,7.152827,7.182072,7.3476543,7.3510094,7.4781256,7.6641564,7.625515,7.4663477,7.220422
6.25,5.816706,5.6756463,5.5331397,5.358072,5.4752555,6.801229,9.431956,9.486409,9.169634,9.115486,8.982426,8.962458,8.865542,8.732982,8.696346,8.632313,8.6118965,8.463633,8.345962,8.392503,8.498056,8.574936,8.509747,8.372024,8.118559,7.6760387,7.2325807,6.91842,6.6473436,6.35495,6.0711026,5.804972,5.5998564,5.651146,6.0349927,6.0064197,5.6581464,5.352762,5.043191,4.670527,4.448765,4.3803225,4.361252,4.4620776,4.8305693,5.162501,5.4968934,5.9306245,6.190523,6.3649263,6.3712873,6.2385793,5.906048,5.457631,5.125378,5.0325756,5.1026587,5.1347113,5.3354535,5.5564322,5.8823895,6.394932,6.9601097,6.848286,6.263934,5.639502,5.5305915,5.9570584,6.44517,6.878897,7.1550646,6.802566,6.371026,5.9942455,5.6792617,5.3098445,5.123281,5.0841417,5.106424,4.9889784,4.804189,4.5896015,4.668103,4.7906175,4.9283104,5.0873117,5.161735,5.2929716,5.4479074,5.4959493,5.4457345,5.4293666,5.4824815,5.637141,5.7258124,5.8078327,5.719156,5.4290395,5.162351,5.4171476,5.8087993,6.021414,5.877227,5.52484,5.1015844,4.7772365,4.3687286,4.0064526,3.7402575,3.2547774,2.367494,1.5180106,3.4572897,5.824597,7.3633776,8.442679,9.064162,9.205409,8.779827,8.344755,7.5599136,6.7415466,5.995449,5.1745615,4.5351567,4.2094436,3.7319806,3.4305713,2.7850666,2.057392,0.9497052,0.86034423,1.6614347,2.5758195,3.8144546,5.488876,5.5501976,5.563211,5.596509,5.830273,5.9084024,6.0935445,6.063543,6.064105,6.147506,6.2639513,6.2973514,6.277443,6.3181777,6.466516,6.5939846,6.6264277,6.570292,6.5958853,6.569402,6.5607924,6.6875277,6.646964,6.340389,6.0875163,6.0173388,6.20763,6.5523324,6.690087,6.6850967,6.7068887,6.8732023,7.242501,7.3998866,7.520973,7.558593,7.338922,7.1846986
6.0,5.638594,5.5631695,5.332831,5.151739,5.936292,7.53005,9.189174,9.142861,9.080716,8.983168,8.893128,8.804425,8.70546,8.616166,8.577002,8.456437,8.43847,8.250481,8.265485,8.394315,8.551615,8.644099,8.60769,8.44709,8.182719,7.6861124,7.2402606,6.949132,6.652063,6.313167,6.0360065,5.780222,5.5403166,5.569012,6.1787386,6.256516,5.94183,5.6229544,5.235696,4.823955,4.624211,4.5834804,4.537913,4.593449,4.879039,5.186655,5.453704,5.6212916,5.8276668,5.8989034,5.8752832,5.7799544,5.517921,5.2468514,5.0158925,4.904565,4.8130198,4.7266164,4.761383,5.0252137,5.359856,5.930956,6.5252585,6.512144,5.9943914,5.5363526,5.3653193,5.563252,5.966837,6.3564553,6.7143917,6.3678627,6.0222244,5.6337476,5.139118,4.7449875,4.466082,4.400315,4.3506618,4.283311,4.2109685,4.241961,4.444748,4.6423717,4.756536,4.7755604,4.786498,4.820803,5.023124,5.124013,5.1319127,5.1434717,5.2639437,5.46259,5.6809754,5.805847,5.8264704,5.5715256,5.3710012,5.564278,5.865066,5.9474382,5.796099,5.52074,5.121393,4.5616975,4.055104,3.7183466,3.4598284,3.0008938,1.9369358,0.96888536,1.9000592,4.2216005,5.7204733,6.7667003,7.3884497,7.2665997,6.6848893,6.0828414,5.259697,4.7136765,4.0550675,3.8307745,3.53655,3.490656,3.4790287,3.2936926,3.2432835,2.915181,2.6301672,2.3943028,3.5889778,5.7653384,6.4798837,6.3813124,5.9092226,5.6641955,5.760922,5.9127035,5.9721565,6.025378,5.8419714,5.9032483,6.0135956,6.122093,6.158448,6.109923,6.147511,6.4165697,6.6507025,6.5194197,6.370027,6.4268985,6.4788938,6.4889145,6.6389613,6.7747507,6.4771614,6.1049247,5.960191,5.9344254,6.0470195,6.146399,6.10468,6.159204,6.463312,6.9465017,7.1259995,7.195577,7.307674,7.313186,7.255207
5.75,5.280739,5.2674947,4.927965,5.3389273,6.9008894,8.669066,9.274546,8.991514,8.9326,8.820477,8.735629,8.633429,8.54296,8.454832,8.3438,8.258367,8.166909,8.129972,8.2529545,8.456046,8.570799,8.581449,8.530295,8.402169,8.157754,7.780503,7.3447175,6.94694,6.615147,6.18529,5.770032,5.5020623,5.334889,5.2512574,5.772759,6.1335278,5.9999585,5.740423,5.408588,5.1482444,5.0117702,4.9607944,4.891366,4.8188596,4.966986,5.274366,5.410967,5.4257874,5.4070888,5.386922,5.3230605,5.2222137,4.979721,4.7706122,4.6542983,4.803094,4.7369003,4.511332,4.409646,4.5528135,4.808805,5.154852,5.53396,5.742248,5.566521,5.213922,5.0010324,5.09666,5.469752,5.885638,6.3010044,6.257451,6.033032,5.5060244,5.009277,4.5680366,4.1930656,3.9743068,3.9003897,3.8097353,3.8150628,4.0523643,4.4266834,4.6189814,4.641654,4.597506,4.497446,4.47547,4.5714335,4.7900915,4.8656616,4.977693,5.1165514,5.3176117,5.552316,5.747881,5.802219,5.663024,5.6274195,5.5875297,5.5856857,5.5924683,5.5372214,5.3552127,4.9276996,4.149851,3.5738096,3.5537567,3.16739,2.6818275,1.7823336,0.7956987,1.7700657,1.9436522,1.8081902,2.228439,3.2482495,3.7070353,3.688061,3.4434495,3.1880283,2.9922109,3.2363598,3.6389709,3.878405,4.21746,4.510646,4.7185574,5.0673385,5.4352565,5.695814,5.9090357,6.561113,7.2188106,6.68561,5.9601946,5.6052613,5.63899,5.777904,5.854224,5.8594933,5.783874,5.776628,5.8921285,5.955602,6.1141334,6.1728797,6.107409,6.106975,6.3273363,6.5305943,6.5574055,6.4238877,6.3262672,6.279967,6.2616215,6.4572105,6.7016263,6.5507307,6.1707134,5.997977,5.8810344,5.827692,5.76894,5.7595687,5.826098,6.061788,6.4378867,6.725706,6.8558974,6.9282465,7.1532807,7.2514114
5.5,5.0290256,4.9277215,4.861736,6.1468573,8.133145,9.01031,8.708527,8.718859,8.716246,8.619928,8.552072,8.479818,8.413288,8.312689,8.160163,8.093568,8.037928,8.171534,8.295901,8.453535,8.523581,8.5339,8.492084,8.314428,8.054445,7.781444,7.361016,6.8669086,6.570601,6.1878843,5.760834,5.4632354,5.3298454,5.2537313,5.55601,5.9778075,5.9104934,5.5911555,5.3917418,5.336644,5.235176,5.0573597,4.9543304,4.932665,5.034548,5.1283784,5.1287937,5.1029844,5.028164,4.9443364,4.8852196,4.822713,4.5670314,4.2304025,4.1984158,4.4544706,4.5757747,4.542715,4.4388494,4.3858094,4.5388255,4.685216,4.8192515,5.1375833,5.0274105,4.707381,4.565547,4.764155,5.1996,5.6362567,6.02021,5.9324756,5.6039352,5.038709,4.63788,4.285016,3.9466488,3.7393622,3.6006658,3.4957175,3.6222303,4.1047454,4.607,4.7763705,4.6767693,4.4810677,4.274975,4.2306447,4.043802,4.2539263,4.4788227,4.6963377,4.8734202,5.1209173,5.4020243,5.5969596,5.673961,5.5744247,5.581241,5.45613,5.4654074,5.4828925,5.287122,4.8731565,4.296711,3.529416,3.0135317,3.0683258,2.6437724,2.1469548,1.4053283,0.3906884,1.6368722,2.1325624,1.7749063,1.6710494,1.6493865,1.8001502,1.8423457,2.034536,2.511311,3.0142791,3.809184,4.6888313,5.5978785,6.380561,6.723084,6.730476,6.7700706,6.802864,6.8927903,6.986331,7.070301,6.529386,6.0110645,5.7598495,5.660509,5.638855,5.6324244,5.658571,5.695014,5.691789,5.7272625,5.646517,5.7907796,6.0111265,6.1388965,6.179726,6.2106905,6.3299794,6.5626307,6.754966,6.7676806,6.5806055,6.320923,6.210324,6.3104734,6.453926,6.2970934,5.931646,5.75302,5.7356043,5.774411,5.787975,5.6963177,5.597956,5.6944356,5.952988,6.224112,6.38583,6.432172,6.6519537,6.8051257
5.25,4.471043,4.373115,5.0834627,6.7083135,8.27719,8.621383,8.523221,8.582339,8.495393,8.447344,8.386823,8.352158,8.305658,8.232293,8.112235,8.067762,8.088942,8.216638,8.3549,8.509553,8.503533,8.46695,8.372973,8.17854,8.031363,7.811528,7.4950495,6.940363,6.543644,6.1688094,5.779485,5.461376,5.2834206,5.342913,5.6544456,5.9634256,5.7897973,5.4051623,5.1554956,5.110979,5.0834723,4.9510045,4.931122,4.940268,4.919319,4.661457,4.5559497,4.513645,4.5399404,4.6809397,4.729727,4.660629,4.4185123,3.967471,3.8640585,4.1179934,4.4187655,4.4561625,4.2754064,4.1489754,4.254586,4.439496,4.6892347,4.966407,4.661176,3.9882195,3.7652078,3.986839,4.6019464,5.368587,5.9095306,5.6081448,5.0210557,4.5248594,4.33194,4.1736665,4.040939,3.7881682,3.373802,3.3136208,3.4774213,4.177827,4.83565,5.108021,4.9136596,4.389566,4.0301933,4.046342,3.9081776,3.8853312,3.8658412,4.12933,4.472079,4.8271976,5.2308087,5.414059,5.4745765,5.3428173,5.344512,5.243981,5.2832365,5.311027,5.0188193,4.3856916,3.682339,2.89928,2.3540118,2.1620815,2.1437187,1.986374,1.4561279,0.7034176,1.5304594,1.9250897,1.7654725,1.8151836,1.692879,0.923053,0.90514636,1.8486882,2.6918333,3.8964996,4.9656873,6.004873,6.9057546,7.386571,7.505975,7.459352,7.163053,6.999746,6.7459,6.573949,6.3650293,6.0640554,5.73507,5.4963837,5.3756065,5.3924103,5.4356995,5.482424,5.535087,5.6297226,5.653925,5.6885834,5.781983,5.8093023,5.8511605,5.9391956,6.0067472,6.1006618,6.383966,6.556256,6.6931443,6.5748806,6.281368,6.172564,6.174466,5.9432874,5.630936,5.335728,5.231211,5.231664,5.428857,5.6395407,5.667418,5.5345416,5.501057,5.707332,5.977561,6.161805,6.3394575,6.523662,6.6286674
5.0,4.167742,4.7583957,5.838183,7.401975,8.522504,8.352727,8.377426,8.33253,8.330725,8.30749,8.30221,8.277887,8.228978,8.141512,8.092176,8.068256,8.144161,8.267142,8.396947,8.491029,8.476019,8.391618,8.298159,8.188306,8.058104,7.757059,7.53666,7.051704,6.607371,6.228296,5.8700256,5.561479,5.3685365,5.366754,5.630526,5.900672,5.6937814,5.2042212,4.9104605,4.8642716,4.8756824,4.8689947,4.854115,4.9039435,4.7903795,4.496522,4.1832457,4.1155095,4.2009344,4.3660855,4.5942545,4.5175285,4.312439,3.9393947,3.7328572,3.7841141,4.106558,4.2679276,4.126704,4.025418,4.129545,4.401895,4.746443,4.859011,4.16296,3.496287,3.0913472,3.4706452,4.1304207,5.0086155,5.556662,5.1968365,4.646298,4.2044353,4.176281,4.4574423,4.3800383,3.8073642,3.4465556,3.4978633,3.5714803,4.2956586,5.082449,5.391568,5.0626006,4.432094,3.734052,3.7807107,3.9549139,3.7951832,3.4820783,3.3516312,3.7155883,4.4500775,4.977707,5.2604804,5.282812,5.047631,5.090569,5.0714197,5.3379292,5.221084,4.6271424,3.9494927,3.6124296,2.8607974,2.0475464,1.4419428,1.5525953,1.7957795,1.5533141,1.2852347,1.695397,2.011634,1.6011724,1.2853036,1.3291667,0.6088475,0.970928,2.169563,3.4423997,4.638124,5.338557,5.932077,6.6649246,7.449976,7.497691,7.035521,6.6754103,6.448177,6.2638063,6.2203546,6.0035896,5.699739,5.416761,5.2535596,5.166892,5.1549206,5.1912556,5.2535996,5.410035,5.4997025,5.461967,5.443345,5.514783,5.505928,5.5399547,5.647763,5.7278013,5.8080454,6.002233,6.1384935,6.2527876,6.1285877,5.985746,5.929654,5.9062796,5.646322,5.230751,4.953513,4.858087,4.8247747,4.952166,5.268011,5.40285,5.467299,5.460503,5.6734114,5.997745,6.1133566,6.31021,6.402129,6.250015
