latitude,47.66667,47.75,47.833344,47.91667,48.0,48.083344,48.16667,48.25,48.333344,48.41667,48.5,48.583344,48.66667,48.75,48.833344,48.91667,49.0,49.083344,49.16667,49.25,49.333344,49.41667,49.5,49.583344,49.66667,49.75,49.833344,49.91667,50.0,50.083344,50.16667,50.25,50.333344,50.41667,50.5,50.583344,50.66667,50.75,50.833344,50.91667,51.0,51.083344,51.16667,51.25,51.333344,51.41667,51.5,51.583344,51.66667,51.75,51.833344,51.91667,52.0,52.083344,52.16667,52.25,52.333344,52.41667,52.5,52.583344,52.66667,52.75,52.833344,52.91667,53.0,53.083344,53.16667,53.25,53.333344,53.41667,53.5,53.583344,53.66667,53.75,53.833344,53.91667,54.0,54.083344,54.16667,54.25,54.333344,54.41667,54.5,54.583344,54.66667,54.75,54.833344,54.91667,55.0,55.083344,55.16667,55.25,55.333344,55.41667,55.5,55.583344,55.66667,55.75,55.833344,55.91667,56.0,56.083344,56.16667,56.25,56.333344,56.41667,56.5,56.583344,56.66667,56.75,56.833344,56.91667,57.0,57.083344,57.16667,57.25,57.333344,57.41667,57.5,57.583344,57.66667,57.75,57.833344,57.91667,58.0,58.083344,58.16667,58.25,58.333344,58.41667,58.5,58.583344,58.66667,58.75,58.833344,58.91667,59.0,59.083344,59.16667,59.25,59.333344,59.41667,59.5,59.583344,59.66667,59.75,59.833344,59.91667,60.0,60.083344,60.16667,60.25,60.333344,60.41667,60.5,60.583344,60.66667,60.75,60.833344,60.91667,61.0,61.083344,61.16667,61.25,61.333344,61.41667,61.5,61.583344,61.66667,61.75,61.833344,61.91667,62.0,62.083344,62.16667,62.25,62.333344,62.41667,62.5,62.583344,62.66667,62.75,62.833344,62.91667,63.0,63.083344,63.16667,63.25,63.333344,63.41667,63.5,63.583344,63.66667,63.75,63.833344,63.91667,64.0,64.08334,64.16667,64.25,64.33334,64.41667,64.5,64.58334,64.66667,64.75,64.83334,64.91667,65.0,65.08334,65.16667,65.25,65.33334,65.41667,65.5,65.58334,65.66667,65.75,65.83334,65.91667,66.0,66.08334,66.16667,66.25,66.33334,66.41667,66.5,66.58334,66.66667,66.75,66.83334,66.91667,67.0,67.08334,67.16667,67.25,67.33334,67.41667,67.5,67.58334,67.66667,67.75,67.83334,67.91667,68.0,68.08334,68.16667,68.25,68.33334,68.41667,68.5,68.58334,68.66667,68.75,68.83334,68.91667,69.0,69.08334,69.16667,69.25,69.33334,69.41667,69.5,69.58334,69.66667,69.75,69.83334,69.91667,70.0,70.08334,70.16667,70.25,70.33334,70.41667,70.5,70.58334,70.66667,70.75,70.83334,70.91667,71.0,71.08334,71.16667,71.25,71.33334,71.41667,71.5,71.58334,71.66667,71.75,71.83334,71.91667,72.0,72.08334,72.16667,72.25,72.33334,72.41667,72.5,72.58334,72.66667,72.75,72.83334,72.91667,73.0,73.08334,73.16667,73.25,73.33334,73.41667,73.5,73.58334,73.66667,73.75,73.83334,73.91667,74.0,74.08334,74.16667,74.25,74.33334,74.41667,74.5,74.58334,74.66667,74.75,74.83334,74.91667,75.0,75.08334,75.16667,75.25,75.33334,75.41667,75.5,75.58334,75.66667,75.75,75.83334,75.91667,76.0,76.08334,76.16669,76.25,76.33334,76.41669,76.5,76.58334,76.66669,76.75,76.83334,76.91669,77.0,77.08334,77.16669,77.25,77.33334,77.41669,77.5,77.58334,77.66669,77.75,77.83334,77.91669,78.0,78.08334,78.16669,78.25,78.33334,78.41669,78.5,78.58334,78.66669,78.75,78.83334,78.91669,79.0,79.08334,79.16669,79.25,79.33334,79.41669,79.5,79.58334,79.66669,79.75,79.83334,79.91669,80.0,80.08334,80.16669,80.25,80.33334,80.41669,80.5,80.58334,80.66669,80.75,80.83334,80.91669,81.0,81.08334,81.16669,81.25,81.33334,81.41669,81.5,81.58334,81.66669,81.75,81.83334,81.91669,82.0,82.08334,82.16669,82.25,82.33334,82.41669,82.5,82.58334,82.66669,82.75,82.83334,82.91669,83.0,83.08334,83.16669,83.25,83.33334,83.41669,83.5,83.58334,83.66669,83.75,83.83334,83.91669,84.0,84.08334,84.16669,84.25,84.33334,84.41669,84.5,84.58334,84.66669,84.75,84.83334,84.91669,85.0,85.08334,85.16669,85.25,85.33334,85.41669,85.5,85.58334,85.66669,85.75,85.83334,85.91669,86.0,86.08334,86.16669,86.25,86.33334,86.41669,86.5,86.58334,86.66669,86.75,86.83334,86.91669,87.0,87.08334,87.16669,87.25,87.33334,87.41669,87.5,87.58334,87.66669,87.75,87.83334,87.91669,88.0,88.08334,88.16669,88.25,88.33334,88.41669,88.5,88.58334,88.66669,88.75,88.83334,88.91669,89.0,89.08334,89.16669,89.25,89.33334,89.41669,89.5,89.58334,89.66669,89.75,89.83334,89.91669,90.0,90.08334,90.16669,90.25,90.33334,90.41669,90.5,90.58334,90.66669,90.75,90.83334
25.0,,,,,,,,,,,,,,,,,,,,,,,,,,,,,,,,,,,,,22.997343,22.962387,22.974855,,,,,,,,,22.51194,22.506098,22.616121,22.679983,,22.98493,23.0664,23.306135,23.49527,23.636831,23.494654,23.465208,23.540438,23.821732,23.988495,24.052107,24.144938,24.179962,24.256405,24.364511,24.472424,24.573952,24.610712,24.653578,24.755676,24.785809,24.732693,24.728971,24.939896,24.990257,24.925915,24.789145,24.854801,24.732517,24.558537,24.55646,24.578293,24.936636,24.64343,24.333944,24.273573,24.058498,,,,,,,,,,,,,,,,,25.624233,25.682095,25.655764,25.71132,25.780584,25.815825,25.767368,25.74772,25.790352,25.810984,25.862125,25.896374,25.884495,25.823551,25.827604,25.872732,25.880007,25.901764,25.895262,25.910814,25.931831,25.96161,26.004345,25.996693,25.944542,25.890837,25.88234,25.864502,25.836792,25.851301,25.91291,25.979555,25.991943,25.963087,25.968151,26.003485,26.071888,26.098526,26.104013,26.104809,26.097496,26.132795,26.156368,26.180552,26.180176,26.172005,26.156116,26.131182,26.104128,26.085775,26.062819,26.03641,26.029902,26.00751,26.014252,25.98366,25.896162,25.824848,25.753359,25.730394,25.767473,25.76048,25.872627,25.8852,25.699217,25.53374,25.606316,25.479542,25.552229,25.656338,25.661488,25.764235,25.437756,25.585958,25.499256,25.442879,25.457256,25.424616,25.57741,25.416254,25.383762,24.977732,24.790428,24.998,25.11518,25.234034,25.27758,25.408068,25.51656,25.418423,25.540632,25.544346,25.731848,25.694735,25.531574,25.62692,25.660603,25.585258,25.689505,25.774286,25.763014,25.755278,25.885696,25.936466,25.944431,25.943186,25.940351,25.90282,25.858013,25.70572,25.632542,25.606993,25.621086,25.703016,25.716776,25.686384,25.616854,25.55594,25.506472,25.537983,25.288208,24.901798,24.407381,23.104744,,,,,,,,,,,,,,,,,,,,,,,,,,,,,,,,,,,,,,,,,,,,,,,,,,,,,,,,,,,,,,,,,,,,,,,,,,,,,,,,,,,,,,,,,,,,,,,,,,,,,,,,,,,,,,,,,,,,,,,,,,,,,,,,,,,,,,,,,,,,,,,,,,,,,,,,,,,,,,,,,,,,,,,,,,,,,,,,,,,,,,,,,,,,,,,,,,,,,,,,,,,,,,,,,,,,,,,,,,,,,,,,,,,,,,,,,,,,,,,,,,,,,,,,,,,,,,,,,,,,,,,,,,,,,,,,,,,,,,,,,,,,,,,,,,
24.916672,,,,,,,,,,,,,,,,,,,,,,,,,,,,,,,,,,,,,,23.136288,23.139282,,,,,,,,22.660328,22.638334,22.612988,22.652874,22.673716,22.9112,23.22004,23.310291,23.62458,23.868303,23.902905,23.680536,23.520441,23.471096,23.696707,23.855019,23.926723,24.00268,24.06013,,24.327555,24.388563,24.43497,24.458952,24.473063,24.478798,24.494915,24.517134,24.625988,24.771177,24.859625,24.768295,24.600584,24.712564,24.441294,24.318672,24.33912,24.263386,24.415619,24.077627,23.965866,,,,,,,,,,,,,,,,,,,25.588797,25.650724,25.664892,25.70255,25.771708,25.821852,25.80054,25.74699,25.753216,25.815042,25.867254,25.907988,25.882372,25.827047,25.845545,25.891788,25.889957,25.893719,25.884447,25.89834,25.922722,25.95944,25.99594,25.998451,25.972923,25.931826,25.896502,25.854668,25.827911,25.860718,25.954765,26.013998,26.01173,25.961008,25.95613,25.996725,26.05502,26.092175,26.13265,26.167557,26.189505,26.190495,26.189526,26.18104,26.171148,26.170553,26.15551,26.146442,26.11481,26.090857,26.06206,26.045826,26.034185,26.033648,26.041021,26.046276,26.059395,26.036556,26.01094,25.992064,26.04103,25.974981,25.968695,25.905132,25.794016,25.667496,25.68246,25.786259,25.995148,26.02098,25.993969,25.973925,25.771112,25.87859,25.849777,25.951189,25.925175,25.912737,25.87682,25.775549,25.662733,25.543032,25.485563,25.52187,25.552826,25.566006,25.528704,25.520601,25.565168,25.678078,25.838612,25.909231,25.903486,25.8865,25.883291,25.90318,25.881449,25.87104,25.87149,25.844852,25.852444,25.89488,25.935333,25.951096,25.963284,25.961874,25.950472,25.925808,25.901129,25.846111,25.767675,25.709751,25.699598,25.724213,25.720175,25.619873,25.470692,25.454052,25.524862,25.341778,24.957184,24.414139,23.905201,22.55054,,,,,,,,,,,,,,,,,,,,,,,,,,,,,,,,,,,,,,,,,,,,,,,,,,,,,,,,,,,,,,,,,,,,,,,,,,,,,,,,,,,,,,,,,,,,,,,,,,,,,,,,,,,,,,,,,,,,,,,,,,,,,,,,,,,,,,,,,,,,,,,,,,,,,,,,,,,,,,,,,,,,,,,,,,,,,,,,,,,,,,,,,,,,,,,,,,,,,,,,,,,,,,,,,,,,,,,,,,,,,,,,,,,,,,,,,,,,,,,,,,,,,,,,,,,,,,,,,,,,,,,,,,,,,,,,,,,,,,,,,,,,,,,,,,
24.833336,,,,,,,,,,,,,,,,,,,,,,,,,,,,,,,,,,,,,,23.226995,23.247177,,,,,,,,22.695702,22.699997,22.699606,22.685005,22.741545,22.979225,23.219168,23.424461,23.776878,23.944971,23.954422,23.812939,23.778704,23.47262,23.61226,23.743906,23.81033,23.854614,23.96408,23.932564,24.178007,24.26313,24.25334,24.277254,24.237062,24.239851,24.28156,24.406418,24.564142,24.507261,24.554157,24.498884,24.354458,24.411875,24.18759,24.142706,24.154705,23.961748,23.934196,23.867119,,,,,,,,,,,,,,,,,,,,25.633755,25.384354,25.637815,25.697023,25.763824,25.832798,25.827726,25.77085,25.735762,25.844448,25.874142,25.895384,25.859177,25.813435,25.837711,25.882862,25.867384,25.846615,25.841223,25.861948,25.876444,25.89052,25.920961,25.940613,25.933897,25.901049,25.858625,25.809809,25.811771,25.878489,25.983727,26.040623,26.013973,25.954473,25.947903,25.994724,26.071419,26.14801,26.18608,26.178524,26.127184,26.104767,26.090399,26.067314,26.072374,26.053476,26.054924,26.046732,26.029696,26.013071,25.97981,25.974773,25.95574,25.970541,25.988928,26.018398,26.051512,26.071856,26.086098,26.08693,26.076038,26.041979,25.982056,25.944769,25.917122,25.894527,25.95615,26.129133,26.220085,26.18343,26.177832,26.204746,26.154684,26.17806,26.166996,26.210367,26.186258,26.155315,26.108639,26.069742,26.01333,25.966024,25.934696,25.902859,25.842232,25.774933,25.667984,25.596323,25.6329,25.775766,25.927553,25.95409,25.921614,25.924923,25.920158,25.898258,25.88086,25.880596,25.877607,25.87826,25.887693,25.891161,25.894514,25.916182,25.933645,25.923344,25.876656,25.792381,25.744596,25.774042,25.783941,25.731083,25.651997,25.656883,25.645233,25.530615,25.36101,25.248755,25.243464,24.987204,24.726006,24.598185,24.370148,23.37086,23.01222,22.576717,22.046944,21.261934,,,,,,,,,,,,,,,,,,,,,,,,,,,,,,,,,,,,,,,,,,,,,,,,,,,,,,,,,,,,,,,,,,,,,,,,,,,,,,,,,,,,,,,,,,,,,,,,,,,,,,,,,,,,,,,,,,,,,,,,,,,,,,,,,,,,,,,,,,,,,,,,,,,,,,,,,,,,,,,,,,,,,,,,,,,,,,,,,,,,,,,,,,,,,,,,,,,,,,,,,,,,,,,,,,,,,,,,,,,,,,,,,,,,,,,,,,,,,,,,,,,,,,,,,,,,,,,,,,,,,,,,,,,,,,,,,,,,,,,,,,,,,,
24.75,,,,,,,,,,,,,,,,,,,,,,,,,,,,,,,,,,,,,,23.26692,23.28803,,,,,,,,22.74463,22.743525,,22.711163,,22.966904,,23.438696,23.78942,23.865597,23.944983,23.865122,23.985813,23.72168,23.721998,23.759441,23.793608,23.807312,23.870361,23.868868,23.978554,24.074308,24.095177,24.142258,24.08438,24.093193,24.220234,24.346455,24.31999,24.333254,24.311499,24.27756,24.105207,24.038765,24.057533,24.01726,23.991896,23.828962,23.831547,,,,,,,,,,,,,,,,,,,,,,25.346792,25.615036,25.663874,25.724213,25.798597,25.81632,25.78874,25.7386,25.776121,25.842447,25.90751,25.862637,25.803402,25.837357,25.868942,25.848923,25.81854,25.791235,25.809757,25.835371,25.84384,25.827679,25.836374,25.856726,25.848608,25.812136,25.778114,25.803528,25.886082,26.001438,26.036648,25.989704,25.952362,25.958344,26.03085,26.112358,26.159636,26.131737,26.058794,26.029533,26.015348,26.001078,25.991684,25.99266,25.968266,25.964243,25.943808,25.937426,25.913624,25.890194,25.87545,25.855814,25.860523,25.868702,25.905336,25.947155,26.001312,26.043114,26.079166,26.09448,26.097555,26.088682,26.06591,26.053177,26.079723,26.12483,26.211266,26.22015,26.169233,26.091524,26.037273,25.976233,25.97644,25.981007,26.037981,26.111485,26.182177,26.223877,26.241898,26.248253,26.244934,26.215403,26.187304,26.139223,26.035913,25.852789,25.670544,25.69538,25.843555,25.953093,25.962753,25.924109,25.923225,25.917305,25.906847,25.904829,25.903854,25.889399,25.873043,25.864529,25.863144,25.87269,25.899029,25.90722,25.874222,25.755228,25.58423,25.435612,25.49316,25.558409,25.575941,25.583324,25.611347,25.57367,25.472622,25.375006,25.26528,25.172602,25.088839,25.061325,25.006147,24.93882,23.957542,23.502766,22.89045,22.244373,21.237467,20.4351,19.816332,,,,,,,,,,,,,,,,,,,,,,,,,,,,,,,,,,,,,,,,,,,,,,,,,,,,,,,,,,,,,,,,,,,,,,,,,,,,,,,,,,,,,,,,,,,,,,,,,,,,,,,,,,,,,,,,,,,,,,,,,,,,,,,,,,,,,,,,,,,,,,,,,,,,,,,,,,,,,,,,,,,,,,,,,,,,,,,,,,,,,,,,,,,,,,,,,,,,,,,,,,,,,,,,,,,,,,,,,,,,,,,,,,,,,,,,,,,,,,,,,,,,,,,,,,,,,,,,,,,,,,,,,,,,,,,,,,,,,,,,,,,,
24.666672,,,,,,,,,,,,,,,,,,,,,,,,,,,,,,,,,,,,,,,,,,,,,,,22.76816,22.762327,22.761549,22.75891,22.9188,23.071558,23.275139,23.487503,23.734919,23.806402,23.893646,23.914589,23.978504,23.883057,23.876215,23.834227,23.807266,23.795977,23.833525,23.792286,23.87055,23.938198,23.969257,24.022594,24.012987,24.014156,24.006664,24.10917,24.108269,24.168291,24.14511,24.121277,23.967396,23.933184,23.931694,23.962307,23.889992,23.710598,23.815964,,,,,,,,,,,,,,,,,,,,,,25.505707,25.584404,25.651886,25.694403,25.740517,25.778463,25.78977,25.751802,25.714468,25.818924,25.898808,25.89802,25.840239,25.8616,25.920324,25.86959,25.795715,25.743607,25.74055,25.757587,25.794325,25.811392,25.82163,25.82239,25.82657,25.809511,25.78049,25.809383,25.88088,26.003326,26.04602,25.988365,25.967377,25.983553,26.07133,26.138447,26.142508,26.076536,26.02493,26.023453,26.014242,26.004066,26.013046,26.004221,26.001087,25.994326,25.980438,25.97812,25.962034,25.93949,25.928963,25.89888,25.873274,25.843721,25.82982,25.834736,25.85007,25.884789,25.920475,25.962713,25.992567,26.023497,26.041842,26.059475,26.078178,26.114677,26.167933,26.208956,26.205807,26.129066,26.09487,26.042654,25.966232,25.823002,25.718763,25.808197,25.93539,26.02826,26.104729,26.139702,26.183453,26.19884,26.225565,26.260689,26.243942,26.142797,25.881903,25.671774,25.847544,25.93437,25.936401,25.900911,25.871595,25.846252,25.835613,25.839027,25.863361,25.889008,25.901834,25.904016,25.906357,25.899794,25.878614,25.841549,25.77444,25.598473,25.385681,25.315712,25.398733,25.445747,25.49037,25.552248,25.567413,25.458866,25.360386,25.295082,25.27001,25.210884,25.1875,25.08759,25.087696,24.837875,23.797802,23.86406,23.188658,22.200054,21.30047,20.36097,19.846384,,,,,,,,,,,,,,,,,,,,,,,,,,,,,,,,,,,,,,,,,,,,,,,,,,,,,,,,,,,,,,,,,,,,,,,,,,,,,,,,,,,,,,,,,,,,,,,,,,,,,,,,,,,,,,,,,,,,,,,,,,,,,,,,,,,,,,,,,,,,,,,,,,,,,,,,,,,,,,,,,,,,,,,,,,,,,,,,,,,,,,,,,,,,,,,,,,,,,,,,,,,,,,,,,,,,,,,,,,,,,,,,,,,,,,,,,,,,,,,,,,,,,,,,,,,,,,,,,,,,,,,,,,,,,,,,,,,,,,,,,,,,
24.583336,,,,,,,,,,,,,,,,,,,,,,,,,,,,,,,,,,,,,,,,,,,,,,,22.703997,22.762945,22.799994,22.831892,22.942896,23.102812,23.25226,23.443558,23.631132,23.755095,23.823526,23.885483,23.86385,23.87589,23.834255,23.828407,23.780823,23.752653,23.764984,,23.809973,23.827234,,23.917955,23.92794,23.982016,23.93112,24.011517,23.97306,23.936989,23.934101,23.925686,23.840538,23.80801,23.785713,23.839422,23.856733,23.686218,,,,,,,,,,,,,,,,,,,,,,,,25.579565,25.626783,25.644203,25.67955,25.74614,25.79204,25.758387,25.742535,25.776072,25.862936,25.901688,25.871502,25.843254,25.877382,25.871527,25.802088,25.713877,25.661575,25.658731,25.683664,25.721292,25.784105,25.824385,25.83201,25.823933,25.787167,25.79695,25.86773,26.002337,26.055168,26.016628,25.997108,26.021505,26.109985,26.143206,26.100382,26.027653,26.012829,26.00665,26.001812,25.979382,26.007275,25.990852,25.996723,26.002476,25.991423,25.998312,25.990011,25.983929,25.987679,25.979462,25.967941,25.944448,25.919064,25.886192,25.85382,25.83527,25.820667,25.821226,25.825708,25.841734,25.853786,25.874142,25.892284,25.926153,25.965307,26.018702,26.045208,25.99859,25.9839,25.977951,25.990856,26.028337,26.041323,25.929789,25.832458,25.810871,25.84244,25.896233,25.92955,25.965395,26.007927,26.084118,26.162237,26.219416,26.144218,25.823593,25.750433,25.933638,25.91263,25.880129,25.854132,25.817106,25.76943,25.741383,25.757572,25.793547,25.821379,25.839197,25.845222,25.834936,25.806932,25.734678,25.682787,25.475357,25.278921,25.363007,25.445898,25.46569,25.496302,25.511667,25.467434,25.33354,25.246807,25.197409,25.162018,25.111712,24.985043,24.840258,24.72979,24.402128,23.867712,23.94376,23.426693,22.220911,21.792265,20.706787,20.023235,,,,,,,,,,,,,,,,,,,,,,,,,,,,,,,,,,,,,,,,,,,,,,,,,,,,,,,,,,,,,,,,,,,,,,,,,,,,,,,,,,,,,,,,,,,,,,,,,,,,,,,,,,,,,,,,,,,,,,,,,,,,,,,,,,,,,,,,,,,,,,,,,,,,,,,,,,,,,,,,,,,,,,,,,,,,,,,,,,,,,,,,,,,,,,,,,,,,,,,,,,,,,,,,,,,,,,,,,,,,,,,,,,,,,,,,,,,,,,,,,,,,,,,,,,,,,,,,,,,,,,,,,,,,,,,,,,,,,,,,,,,,
24.5,,,,,,,,,,,,,,,,,,,,,,,,,,,,,,,,,,,,,,,,,,,,,,22.579927,22.667513,22.755424,22.809189,,23.00161,23.166801,23.29484,23.479723,23.706846,23.813824,,23.859995,23.768904,23.74438,23.663992,23.730457,23.710258,23.69368,23.714396,23.624447,23.675398,23.726067,,,23.786036,23.793545,23.7569,23.836697,23.828539,23.79434,23.78104,23.786133,23.744778,23.715412,23.717175,23.799526,23.798828,23.717405,,,,,,,,,,,,,,,,,,,,,,,,25.593107,25.618315,25.623795,25.633587,25.717417,25.768879,25.766445,25.777494,25.782875,25.830118,25.872694,25.871647,25.84358,25.834652,25.815853,25.772652,25.720938,25.663372,25.645573,25.650679,25.676859,25.730574,25.796146,25.827127,25.816057,25.781872,25.79005,25.840223,25.990534,26.054823,26.027636,26.030174,26.055286,26.116636,26.112278,26.048857,25.990572,25.996723,25.978638,25.95982,25.939133,25.974787,25.961956,25.9676,25.97113,25.956291,25.96036,25.952572,25.951796,25.952627,25.954706,25.957802,25.959673,25.958904,25.957436,25.944618,25.935888,25.915464,25.894491,25.870571,25.84756,25.821428,25.792065,25.755484,25.721151,25.693142,25.683159,25.671518,25.64425,25.642948,25.675976,25.729126,25.798893,25.894127,25.938776,25.965504,25.92372,25.889193,25.883165,25.873081,25.850613,25.87483,25.934063,26.01907,26.137102,26.247242,26.24451,25.925272,25.796217,25.898726,25.893446,25.875202,25.83585,25.762217,25.748482,25.79003,25.793003,25.798996,25.81729,25.784256,25.765314,25.738876,25.70266,25.643509,25.413534,25.265587,25.368687,25.382132,25.389416,25.426147,25.41484,25.35736,25.25968,25.177675,25.132568,25.038721,24.879078,24.75606,24.589323,24.436018,24.196785,24.10515,24.052654,23.486084,22.34046,22.469122,21.570793,20.484852,19.91493,,,,,,,,,,,,,,,,,,,,,,,,,,,,,,,,,,,,,,,,,,,,,,,,,,,,,,,,,,,,,,,,,,,,,,,,,,,,,,,,,,,,,,,,,,,,,,,,,,,,,,,,,,,,,,,,,,,,,,,,,,,,,,,,,,,,,,,,,,,,,,,,,,,,,,,,,,,,,,,,,,,,,,,,,,,,,,,,,,,,,,,,,,,,,,,,,,,,,,,,,,,,,,,,,,,,,,,,,,,,,,,,,,,,,,,,,,,,,,,,,,,,,,,,,,,,,,,,,,,,,,,,,,,,,,,,,,,,,,,,,,,
24.416672,,,,,,,,,,,,,,,,,,,,,,,,,,,,,,,,,,,,,,,,,,,,,,22.619196,,,22.81622,22.905716,23.028019,23.174332,23.311516,23.509737,23.77713,23.830492,23.882626,23.849957,23.702066,23.542522,23.440725,23.62784,23.610394,23.592588,23.610077,23.551733,23.543076,23.60856,23.547222,23.513987,23.593353,23.601448,23.620676,23.682514,23.70237,23.698921,23.698893,23.70027,23.680702,23.66527,23.726656,23.846907,,,,,,,,,,,,,,,,,,,,,,,,,,,25.642624,25.669193,25.65864,25.682844,25.733519,25.747412,25.796452,25.851522,25.840433,25.850386,25.854437,25.854519,25.84265,25.826277,25.794369,25.748745,25.71771,25.704672,25.70602,25.72083,25.739233,25.775225,25.806923,25.798185,25.770071,25.76771,25.804708,25.955866,26.05202,26.025932,26.04946,26.066637,26.101526,26.072525,26.000568,25.960764,25.95849,25.937334,25.908651,25.910604,25.952803,25.933617,25.948233,25.956577,25.94081,25.941494,25.93301,25.926954,25.919052,25.90434,25.89813,25.89405,25.885212,25.888094,25.884212,25.893484,25.897867,25.900873,25.904459,25.908375,25.909342,25.90887,25.894308,25.8618,25.799006,25.702896,25.599533,25.551556,25.57671,25.634174,25.723648,25.746319,25.759398,25.802374,25.86774,25.906115,25.934065,25.914476,25.91771,25.920893,25.883148,25.897512,25.924753,26.030605,26.1328,26.26122,26.289982,25.966963,25.823576,25.828262,25.841597,25.789192,25.694765,25.826859,26.034515,26.075583,26.082014,26.08085,26.003511,25.981026,25.914314,25.814165,25.66159,25.38035,25.211748,25.289448,25.282446,25.286488,25.298285,25.281378,25.247229,25.193174,25.132397,25.0757,24.959185,24.81386,24.72109,24.610537,24.465738,24.347736,24.23348,23.993174,23.533064,22.704103,22.586302,21.624228,20.564728,19.82433,,,,,,,,,,,,,,,,,,,,,,,,,,,,,,,,,,,,,,,,,,,,,,,,,,,,,,,,,,,,,,,,,,,,,,,,,,,,,,,,,,,,,,,,,,,,,,,,,,,,,,,,,,,,,,,,,,,,,,,,,,,,,,,,,,,,,,,,,,,,,,,,,,,,,,,,,,,,,,,,,,,,,,,,,,,,,,,,,,,,,,,,,,,,,,,,,,,,,,,,,,,,,,,,,,,,,,,,,,,,,,,,,,,,,,,,,,,,,,,,,,,,,,,,,,,,,,,,,,,,,,,,,,,,,,,,,,,,,,,,,,,
24.333336,,,,,,,,,,,,,,,,,,,,,,,,,,,,,,,,,,,,,,,,,,,,,,,,22.738249,22.810774,22.875338,22.98656,23.17414,23.317541,23.520485,23.784912,23.841585,23.852463,23.85064,23.742052,,23.3305,23.492653,23.47282,23.46468,23.47107,23.456486,23.454681,23.49362,23.48083,23.467491,23.50083,23.522738,23.66796,23.690182,23.654055,23.671585,23.685326,23.693993,23.700432,23.677128,23.792023,23.933712,,,,,,,,,,,,,,,,,,,,,,,,,,,,,25.703562,25.699041,25.713486,25.72248,25.773142,25.868223,25.90958,25.913877,25.871431,25.865856,25.862188,25.856209,25.83383,25.793003,25.768398,25.7588,25.755478,25.761955,25.777971,25.794338,25.798311,25.7788,25.7478,25.752222,25.771858,25.907326,26.046003,26.01752,26.047495,26.054914,26.076612,26.037453,25.961626,25.931461,25.910322,25.878635,25.854765,25.9029,25.933668,25.913311,25.940138,25.946938,25.941383,25.950363,25.942888,25.946724,25.937035,25.92351,25.915047,25.910965,25.893852,25.885862,25.870733,25.863882,25.857496,25.85132,25.843243,25.842127,25.841885,25.851055,25.868242,25.88446,25.896732,25.870638,25.77033,25.651398,25.635986,25.699715,25.868547,25.920403,25.898418,25.864899,25.857573,25.860302,25.903374,25.907194,25.935001,25.929726,25.957006,25.962116,25.881758,25.918314,26.043064,26.144814,26.31087,26.325823,26.086775,25.85616,25.7836,25.708681,25.662973,26.018103,26.293974,26.320192,26.291721,26.2619,26.231878,26.23909,26.135477,25.906237,25.683516,25.37668,25.191404,25.278791,25.32055,25.313341,25.27453,25.211456,25.150684,25.13313,25.104588,25.04851,24.956371,24.830103,24.71341,24.611223,24.523468,24.442692,24.291628,24.003025,23.614473,22.979485,22.970692,22.27276,20.648209,19.77989,,,,,,,,,,,,,,,,,,,,,,,,,,,,,,,,,,,,,,,,,,,,,,,,,,,,,,,,,,,,,,,,,,,,,,,,,,,,,,,,,,,,,,,,,,,,,,,,,,,,,,,,,,,,,,,,,,,,,,,,,,,,,,,,,,,,,,,,,,,,,,,,,,,,,,,,,,,,,,,,,,,,,,,,,,,,,,,,,,,,,,,,,,,,,,,,,,,,,,,,,,,,,,,,,,,,,,,,,,,,,,,,,,,,,,,,,,,,,,,,,,,,,,,,,,,,,,,,,,,,,,,,,,,,,,,,,,,,,,,,,,,
24.25,,,,,,,,,,,,,,,,,,,,,,,,,,,,,,,,,,,,,,,,,,,,,,,,,,,22.999487,23.131544,,23.582903,23.694635,23.790249,23.77599,23.7786,23.701654,23.502047,23.347822,23.34545,23.348253,23.3476,23.355059,23.377855,23.398022,23.41225,23.424952,23.422775,23.441465,23.533741,23.872732,,,23.81401,23.808203,23.839344,23.81653,23.723965,,,,,,,,,,,,,,,,,,,,,,,,,,,,,,,25.671354,25.69264,25.759604,25.747234,25.785147,25.868727,25.951046,26.003244,26.007528,25.978304,25.926146,25.907063,25.891098,25.866163,25.8318,25.803919,25.795315,25.80213,25.80556,25.79316,25.77752,25.751728,25.728428,25.728241,25.730455,25.848703,26.027697,26.011711,26.029224,26.037096,26.043928,26.00413,25.931301,25.899681,25.873066,25.83128,25.812656,25.866714,25.898956,25.901945,25.926323,25.929855,25.933815,25.943104,25.932018,25.937775,25.931,25.915922,25.912773,25.911997,25.901491,25.901236,25.89427,25.890516,25.883379,25.882172,25.876205,25.870947,25.863293,25.85243,25.842861,25.8314,25.849388,25.866467,25.856112,25.71707,25.640013,25.69536,25.872595,25.961744,25.980947,25.958735,25.928345,25.909483,25.912895,25.932299,25.947666,25.942541,25.96506,25.991873,25.95059,25.897398,25.971582,26.065235,26.19853,26.389332,26.357813,26.106394,25.87207,25.676023,25.758518,26.174007,26.359861,26.310017,26.23052,26.203058,26.198257,26.206156,26.076124,25.829317,25.669636,25.44366,25.250526,25.316198,25.43495,25.501953,25.473232,25.342533,25.164402,25.069668,25.065763,25.024742,24.962112,24.865383,24.75562,24.62055,24.510473,24.43618,24.285223,24.118984,23.696623,23.079824,23.32434,22.839417,21.304441,19.940723,,,,,,,,,,,,,,,,,,,,,,,,,,,,,,,,,,,,,,,,,,,,,,,,,,,,,,,,,,,,,,,,,,,,,,,,,,,,,,,,,,,,,,,,,,,,,,,,,,,,,,,,,,,,,,,,,,,,,,,,,,,,,,,,,,,,,,,,,,,,,,,,,,,,,,,,,,,,,,,,,,,,,,,,,,,,,,,,,,,,,,,,,,,,,,,,,,,,,,,,,,,,,,,,,,,,,,,,,,,,,,,,,,,,,,,,,,,,,,,,,,,,,,,,,,,,,,,,,,,,,,,,,,,,,,,,,,,,,,,,,,,
24.166672,,,,,,,,,,,,,,,,,,,,,,,,,,,,,,,,,,,,,,,,,,,,,,,,,,,22.997692,23.071062,23.056707,23.3248,23.537537,23.65351,23.624193,23.642494,23.574303,23.465603,23.354126,23.277893,23.252249,23.214796,23.24711,23.34271,23.321264,23.283533,23.353489,23.394102,23.415285,23.569138,24.107454,24.233292,24.295376,24.220562,24.16448,24.095638,23.944923,,,,,,,,,,,,,,,,,,,,,,,,,,,,,,,,,25.627586,25.778143,25.867771,25.916685,25.980253,26.054596,26.094027,26.110289,26.086258,26.017437,25.94821,25.915737,25.893658,25.874565,25.85881,25.847757,25.828558,25.789837,25.77009,25.748882,25.73115,25.704086,25.707289,25.685436,25.758223,25.966824,26.005203,25.988295,26.017029,26.014519,25.980953,25.907032,25.871878,25.831614,25.789196,25.765944,25.817219,25.85984,25.88107,25.892681,25.898956,25.91285,25.91983,25.898144,25.897074,25.890413,25.872896,25.868456,25.865911,25.8598,25.860008,25.85503,25.848076,25.840834,25.840136,25.843468,25.845148,25.850431,25.854858,25.86394,25.854689,25.85248,25.85186,25.862518,25.7845,25.680647,25.72117,25.844685,25.950733,25.979002,25.98177,25.984577,25.988073,25.990509,25.99045,25.981005,25.981369,26.004683,26.014986,25.972317,25.90846,25.94871,26.03868,26.112577,26.26978,26.387302,26.273403,25.997198,25.74359,25.96752,26.28682,26.337177,26.238695,26.174791,26.138851,26.101217,26.076527,25.98591,25.812126,25.71947,25.59345,25.440655,25.451565,25.517353,25.60651,25.653162,25.602367,25.359964,25.082256,25.02241,24.992413,24.952112,24.90157,24.821266,24.707975,24.5677,24.452246,24.320723,24.142513,23.788166,23.275137,23.389723,22.836061,21.524994,20.26106,19.980022,,,,,,,,,,,,,,,,,,,,,,,,,,,,,,,,,,,,,,,,,,,,,,,,,,,,,,,,,,,,,,,,,,,,,,,,,,,,,,,,,,,,,,,,,,,,,,,,,,,,,,,,,,,,,,,,,,,,,,,,,,,,,,,,,,,,,,,,,,,,,,,,,,,,,,,,,,,,,,,,,,,,,,,,,,,,,,,,,,,,,,,,,,,,,,,,,,,,,,,,,,,,,,,,,,,,,,,,,,,,,,,,,,,,,,,,,,,,,,,,,,,,,,,,,,,,,,,,,,,,,,,,,,,,,,,,,,,,,,,,,,
24.083336,,,,,,,,,,,,,,,,,,,,,,,,,,,,,,,,,,,,,,,,,,,,,,,,,,,22.970896,23.03148,23.076132,23.240202,23.44185,23.490423,23.440237,23.482393,,,,,,,,,,,,,23.452536,23.430826,23.882612,24.12575,24.335571,24.301989,,,,,,,,,,,,,,,,,,,,,,,,,,,,,,,,,,,,,25.857935,25.93637,25.985512,26.068634,26.110884,26.138191,26.136051,26.094057,26.037916,25.971199,25.929182,25.900785,25.895609,25.900154,25.892284,25.873924,25.826357,25.771027,25.73271,25.720516,25.70411,25.691357,25.65729,25.668924,25.855148,26.007229,25.95415,26.02368,25.974047,25.977282,25.904793,25.866085,25.815708,25.777617,25.748734,25.774492,25.838184,25.886677,25.895395,25.90043,25.91143,25.914831,25.895735,25.893795,25.887743,25.870556,25.86258,25.855907,25.849607,25.85095,25.850376,25.852283,25.853903,25.861002,25.874483,25.875103,25.87132,25.856428,25.853529,25.846989,25.851023,25.852737,25.851473,25.820368,25.684881,25.698385,25.79196,25.921396,25.95751,25.963993,25.983778,26.003326,26.0177,26.017296,26.005707,25.994818,25.975807,25.952269,25.942717,25.924906,25.965616,26.023357,26.067007,26.184753,26.335272,26.323053,26.075237,25.915148,26.151499,26.341656,26.300896,26.214285,26.168144,26.12375,26.07136,26.010609,25.950966,25.854376,25.801624,25.75046,25.691217,25.672249,25.661379,25.665228,25.667337,25.671103,25.595762,25.22679,24.989483,24.964312,24.935389,24.908829,24.854988,24.781927,24.68787,24.580566,24.499992,24.35489,24.100338,23.63288,23.555983,22.839941,21.617762,20.84107,20.087948,,,,,,,,,,,,,,,,,,,,,,,,,,,,,,,,,,,,,,,,,,,,,,,,,,,,,,,,,,,,,,,,,,,,,,,,,,,,,,,,,,,,,,,,,,,,,,,,,,,,,,,,,,,,,,,,,,,,,,,,,,,,,,,,,,,,,,,,,,,,,,,,,,,,,,,,,,,,,,,,,,,,,,,,,,,,,,,,,,,,,,,,,,,,,,,,,,,,,,,,,,,,,,,,,,,,,,,,,,,,,,,,,,,,,,,,,,,,,,,,,,,,,,,,,,,,,,,,,,,,,,,,,,,,,,,,,,,,,,,,,,
24.0,,,,,,,,,,,,,,,,,,,,,,,,,,,,,,,,,,,,,,,,,,,,,,,,,,,22.988623,23.062346,23.12592,23.214819,23.296839,23.349472,23.335165,,,,,,,,,,,,,,,,,,,,,,,,,,,,,,,,,,,,,,,,,,,,,,,,,,,,,,,,,25.894445,25.934109,26.08752,26.145292,26.084408,26.082586,26.074001,26.056646,26.026308,25.996767,25.978506,25.975216,25.973286,25.967312,25.954586,25.913305,25.847147,25.785034,25.753033,25.730371,25.71776,25.66614,25.60876,25.710041,25.950497,25.951622,25.964897,25.956106,25.970827,25.901701,25.86139,25.803171,25.756685,25.725714,25.734446,25.803003,25.864065,25.883787,25.88037,25.885063,25.895454,25.879412,25.86345,25.845816,25.811216,25.789253,25.775919,25.761343,25.759153,25.762009,25.770987,25.792063,25.814028,25.845165,25.867098,25.885462,25.893131,25.887997,25.871695,25.848227,25.85133,25.86363,25.838823,25.72301,25.65973,25.707384,25.85831,25.91168,25.931646,25.948568,25.961952,25.96575,25.953808,25.95021,25.950525,25.946522,25.946527,25.973074,25.974134,25.982708,25.986456,26.017803,26.125612,26.292658,26.339525,26.167397,26.11512,26.284792,26.354006,26.273668,26.213406,26.190329,26.175491,26.144226,26.063833,25.97398,25.931149,25.902405,25.871372,25.823986,25.717384,25.627605,25.636963,25.66639,25.655603,25.673223,25.381643,25.032743,24.940454,24.916208,24.882366,24.859335,24.806923,24.761473,24.712976,24.650927,24.51784,24.19044,23.750996,23.53378,22.899815,21.963844,21.161734,20.377108,20.045439,,,,,,,,,,,,,,,,,,,,,,,,,,,,,,,,,,,,,,,,,,,,,,,,,,,,,,,,,,,,,,,,,,,,,,,,,,,,,,,,,,,,,,,,,,,,,,,,,,,,,,,,,,,,,,,,,,,,,,,,,,,,,,,,,,,,,,,,,,,,,,,,,,,,,,,,,,,,,,,,,,,,,,,,,,,,,,,,,,,,,,,,,,,,,,,,,,,,,,,,,,,,,,,,,,,,,,,,,,,,,,,,,,,,,,,,,,,,,,,,,,,,,,,,,,,,,,,,,,,,,,,,,,,,,,,,,,,,,,,,,
23.916672,,,,,,,,,,,,,,,,,,,,,,,,,,,,,,,,,,,,,,,,,,,,,,,,,,,,,,,,,,,,,,,,,,,,,,,,,,,,,,,,,,,,,,,,,,,,,,,,,,,,,,,,,,,,,,,,,,,,26.152971,26.11425,25.975992,26.00362,26.045376,26.06392,26.05535,26.057955,26.05581,26.047287,26.038544,26.018053,26.000055,25.96621,25.918633,25.866978,25.824934,25.77251,25.74256,25.689661,25.5877,25.580496,25.790255,25.966465,25.93033,25.932848,25.963444,25.911036,25.865582,25.813354,25.770353,25.732422,25.710587,25.75205,25.831358,25.86848,25.85665,25.85996,25.872036,25.854292,25.824263,25.79665,25.758947,25.733292,25.722996,25.714508,25.714495,25.718197,25.730776,25.754036,25.779358,25.812517,25.835041,25.85502,25.869692,25.879395,25.886934,25.866909,25.844595,25.852644,25.867605,25.829063,25.73014,25.66571,25.755337,25.848019,25.888617,25.909534,25.926098,25.944897,25.94972,25.96863,25.979132,25.987534,25.987623,25.996975,25.9827,25.94362,25.957634,25.988272,26.087004,26.253922,26.327667,26.244083,26.24161,26.33686,26.317669,26.22679,26.190277,26.188557,26.19572,26.18027,26.07348,25.939901,25.909765,25.91752,25.882265,25.65542,25.259136,25.245502,25.396368,25.55745,25.614857,25.682693,25.538736,25.144535,24.937292,24.929934,24.881437,24.847692,24.830088,24.813133,24.784273,24.728388,24.581944,24.302055,23.994106,23.938076,23.899298,22.787014,21.598082,21.165419,20.403582,20.048038,,,,,,,,,,,,,,,,,,,,,,,,,,,,,,,,,,,,,,,,,,,,,,,,,,,,,,,,,,,,,,,,,,,,,,,,,,,,,,,,,,,,,,,,,,,,,,,,,,,,,,,,,,,,,,,,,,,,,,,,,,,,,,,,,,,,,,,,,,,,,,,,,,,,,,,,,,,,,,,,,,,,,,,,,,,,,,,,,,,,,,,,,,,,,,,,,,,,,,,,,,,,,,,,,,,,,,,,,,,,,,,,,,,,,,,,,,,,,,,,,,,,,,,,,,,,,,,,,,,,,,,,,,,,,,,,,,,,,,,,
23.833336,,,,,,,,,,,,,,,,,,,,,,,,,,,,,,,,,,,,,,,,,,,,,,,,,,,,,,,,,,,,,,,,,,,,,,,,,,,,,,,,,,,,,,,,,,,,,,,,,,,,,,,,,,,,,,,,,,,,,,25.772564,25.808956,25.889593,25.882677,25.935637,25.967325,25.971859,25.95649,25.936497,25.952728,25.94041,25.918432,25.910913,25.907774,25.881063,25.824177,25.776245,25.73189,25.615198,25.519192,25.57317,25.833075,25.922148,25.920311,25.936062,25.912918,25.86896,25.814463,25.76841,25.728416,25.678637,25.699915,25.791193,25.84699,25.838142,25.826384,25.840006,25.826132,25.791553,25.764381,25.723211,25.689411,25.671087,25.6587,25.657946,25.664383,25.678703,25.711218,25.745245,25.79002,25.829508,25.859856,25.890184,25.889927,25.893703,25.88404,25.875788,25.843306,25.869127,25.858124,25.772003,25.715597,25.686068,25.749908,25.822355,25.868092,25.90059,25.928028,25.925953,25.952824,25.979305,25.99618,25.998667,25.989096,25.960936,25.90489,25.908108,25.96615,26.050005,26.21432,26.293707,26.27575,26.266266,26.287138,26.199926,26.101946,26.07414,26.1066,26.151897,26.157938,26.000341,25.797947,25.73907,25.685434,25.333624,24.779928,24.653214,24.910915,25.160807,25.385714,25.525267,25.641195,25.642757,25.271555,25.00311,24.98187,24.947964,24.897058,24.885853,24.880024,24.836515,24.764671,24.629248,24.42782,24.27655,24.27105,24.259716,23.305693,22.047558,22.2668,21.772835,20.603996,20.08301,,,,,,,,,,,,,,,,,,,,,,,,,,,,,,,,,,,,,,,,,,,,,,,,,,,,,,,,,,,,,,,,,,,,,,,,,,,,,,,,,,,,,,,,,,,,,,,,,,,,,,,,,,,,,,,,,,,,,,,,,,,,,,,,,,,,,,,,,,,,,,,,,,,,,,,,,,,,,,,,,,,,,,,,,,,,,,,,,,,,,,,,,,,,,,,,,,,,,,,,,,,,,,,,,,,,,,,,,,,,,,,,,,,,,,,,,,,,,,,,,,,,,,,,,,,,,,,,,,,,,,,,,,,,,,,,,,,,,,,
23.75,,,,,,,,,,,,,,,,,,,,,,,,,,,,,,,,,,,,,,,,,,,,,,,,,,,,,,,,,,,,,,,,,,,,,,,,,,,,,,,,,,,,,,,,,,,,,,,,,,,,,,,,,,,,,,,,,,,,,,,,,25.54011,25.626043,25.72971,25.783274,25.734152,25.744816,25.81553,25.867468,25.866255,25.83005,25.833935,25.84475,25.823038,25.7738,25.731459,25.629538,25.51726,25.455502,25.571087,25.859516,25.917685,25.905828,25.907728,25.873402,25.830418,25.78943,25.74665,25.674904,25.662474,25.739813,25.819042,25.8238,25.793457,25.79674,25.80026,25.766788,25.733294,25.695541,25.652798,25.61895,25.602966,25.597652,25.60522,25.622038,25.664587,25.706919,25.75077,25.798553,25.837849,25.88673,25.90025,25.915768,25.897556,25.900682,25.865181,25.874065,25.867155,25.846218,25.788162,25.731918,25.708328,25.736134,25.802778,25.833576,25.888357,25.961094,26.051846,26.101154,26.116137,26.086681,26.01873,25.934244,25.85658,25.858501,25.93991,25.991905,26.141403,26.286251,26.306747,26.297337,26.259506,26.151798,26.053066,26.014103,26.033436,26.092373,26.095535,25.814243,25.46099,25.278656,25.030159,24.614775,24.449863,24.596813,24.79121,25.012674,25.274658,25.436089,25.573084,25.641762,25.406334,25.112162,25.069208,24.997711,24.909851,24.912521,24.922956,24.896421,24.833008,24.72545,24.618143,24.573837,24.55604,24.368107,23.60007,22.772596,23.46941,22.732004,22.004704,20.821543,20.54317,20.076427,19.501974,19.114498,18.833921,,,,,,,,,,,,,,,,,,,,,,,,,,,,,,,,,,,,,,,,,,,,,,,,,,,,,,,,,,,,,,,,,,,,,,,,,,,,,,,,,,,,,,,,,,,,,,,,,,,,,,,,,,,,,,,,,,,,,,,,,,,,,,,,,,,,,,,,,,,,,,,,,,,,,,,,,,,,,,,,,,,,,,,,,,,,,,,,,,,,,,,,,,,,,,,,,,,,,,,,,,,,,,,,,,,,,,,,,,,,,,,,,,,,,,,,,,,,,,,,,,,,,,,,,,,,,,,,,,,,,,,,,,,,,,,,,,
23.666672,,,,,,,,,,,,,,,,,,,,,,,,,,,,,,,,,,,,,,,,,,,,,,,,,,,,,,,,,,,,,,,,,,,,,,,,,,,,,,,,,,,,,,,,,,,,,,,,,,,,,,,,,,,,,,,,,,,,,,,,,,,,,25.478977,25.530123,25.67811,25.781538,25.760622,25.710966,25.670483,25.6804,25.697393,25.735655,25.759302,25.68613,25.560148,25.423859,25.437958,25.575495,25.831173,25.876932,25.891415,25.874184,25.833992,25.792927,25.752676,25.681213,25.632032,25.680649,25.76797,25.806602,25.77758,25.747307,25.755571,25.74133,25.708956,25.677937,25.64109,25.608124,25.597061,25.592554,25.60868,25.628164,25.672417,25.716635,25.756346,25.80415,25.840975,25.893597,25.907644,25.929796,25.920015,25.925776,25.885696,25.89093,25.881748,25.871666,25.821175,25.800821,25.776691,25.780209,25.83509,25.903137,26.017431,26.14457,26.239767,26.285282,26.297367,26.244135,26.119154,25.949324,25.823853,25.80286,25.933588,25.99187,26.076197,26.20128,26.264334,26.280325,26.251251,26.171978,26.098167,26.040451,26.019144,26.075264,26.045515,25.601141,25.023132,24.77509,24.645681,24.539085,24.553679,24.561493,24.602842,24.798296,25.086435,25.320728,25.481108,25.608309,25.487865,25.231598,25.17573,25.002815,24.889475,24.912134,24.93514,24.940193,24.900082,24.825666,24.781723,24.78303,24.710257,24.470272,23.778154,23.523499,23.803188,23.38354,22.921654,22.17299,21.53049,20.855478,20.102734,19.604445,19.124187,18.839115,18.623055,,,18.122126,18.089064,,,,,,,,,,,,,,,,,,,,,,,,,,,,,,,,,,,,,,,,,,,,,,,,,,,,,,,,,,,,,,,,,,,,,,,,,,,,,,,,,,,,,,,,,,,,,,,,,,,,,,,,,,,,,,,,,,,,,,,,,,,,,,,,,,,,,,,,,,,,,,,,,,,,,,,,,,,,,,,,,,,,,,,,,,,,,,,,,,,,,,,,,,,,,,,,,,,,,,,,,,,,,,,,,,,,,,,,,,,,,,,,,,,,,,,,,,,,,,,,,,,,,,,,,,,,,,,,,,,,,,,,,,,,
23.583336,,,,,,,,,,,,,,,,,,,,,,,,,,,,,,,,,,,,,,,,,,,,,,,,,,,,,,,,,,,,,,,,,,,,,,,,,,,,,,,,,,,,,,,,,,,,,,,,,,,,,,,,,,,,,,,,,,,,,,,,,,,,,,,,,25.631756,25.591022,25.545803,25.53641,25.503035,25.565048,25.708519,25.669905,25.56035,25.419275,25.424425,25.381395,25.584072,25.788742,25.866852,25.870758,25.843052,25.806208,25.769785,25.704659,25.62884,25.6288,25.700943,25.771858,25.777246,25.734606,25.70678,25.693771,25.678617,25.655987,25.64386,25.620892,25.608393,25.603132,25.621853,25.643948,25.679022,25.716934,25.748737,25.798683,25.839838,25.89588,25.920166,25.950724,25.947664,25.94794,25.916433,25.898596,25.891396,25.892292,25.840332,25.810919,25.80437,25.835945,25.903034,25.978098,26.081066,26.173046,26.251867,26.321299,26.373888,26.352951,26.26028,26.064693,25.8581,25.751987,25.829338,25.947887,26.060287,26.154442,26.22575,26.251335,26.234964,26.208834,26.153818,26.049917,25.991875,26.064497,26.07504,25.705137,25.0161,24.577654,24.651167,24.718687,24.715643,24.684227,24.587677,24.590517,24.747868,25.063845,25.33444,25.51396,25.49868,25.319944,25.250685,24.951181,24.886953,24.934307,24.97637,24.993427,24.974949,24.925854,24.887974,24.868135,24.81319,24.68758,24.425522,23.997444,23.94857,23.747932,23.027824,22.248781,21.638092,21.193325,20.775982,20.275106,19.575886,19.117441,18.78447,,,18.313955,18.213064,,,,,,,,,,,,,,,,,,,,,,,,,,,,,,,,,,,,,,,,,,,,,,,,,,,,,,,,,,,,,,,,,,,,,,,,,,,,,,,,,,,,,,,,,,,,,,,,,,,,,,,,,,,,,,,,,,,,,,,,,,,,,,,,,,,,,,,,,,,,,,,,,,,,,,,,,,,,,,,,,,,,,,,,,,,,,,,,,,,,,,,,,,,,,,,,,,,,,,,,,,,,,,,,,,,,,,,,,,,,,,,,,,,,,,,,,,,,,,,,,,,,,,,,,,,,,,,,,,,,,,,,,,,,
23.5,,,,,,,,,,,,,,,,,,,,,,,,,,,,,,,,,,,,,,,,,,,,,,,,,,,,,,,,,,,,,,,,,,,,,,,,,,,,,,,,,,,,,,,,,,,,,,,,,,,,,,,,,,,,,,,,,,,,,,,,,,,,,,,,,,,,,,,25.530388,25.581282,25.49968,25.392756,25.387259,25.36696,25.374756,25.611904,25.798576,25.85902,25.849243,25.816496,25.782482,25.720783,25.638083,25.600067,25.632553,25.702837,25.75368,25.751493,25.723024,25.70401,25.692877,25.666586,25.66801,25.657648,25.650846,25.6514,25.667486,25.689976,25.711613,25.74253,25.772158,25.825039,25.869623,25.922628,25.948126,25.97202,25.976938,25.968695,25.950209,25.909399,25.893837,25.894072,25.878641,25.843664,25.803553,25.798874,25.810549,25.86386,25.959888,26.052742,26.135134,26.223013,26.310001,26.34215,26.314888,26.211517,26.049246,25.862642,25.770935,25.816252,25.93137,26.04644,26.146648,26.201143,26.201418,26.202957,26.130705,25.998732,25.975496,26.062746,26.133669,26.036428,25.405607,24.676544,24.899672,24.8961,24.904036,24.898088,24.824106,24.695574,24.554218,24.659742,24.97505,25.293108,25.445782,25.342733,25.213224,24.895603,24.890886,24.941387,25.000729,24.986767,25.001804,24.984943,24.949669,24.91596,24.84913,24.65529,24.447802,24.070997,23.863432,23.487925,22.79432,22.330662,21.881323,21.512583,21.120346,20.742538,20.154783,19.453886,19.014755,18.807074,18.7019,18.652102,,,,,,,,,,,,,,,,,,,,,,,,,,,,,,,,,,,,,,,,,,,,,,,,,,,,,,,,,,,,,,,,,,,,,,,,,,,,,,,,,,,,,,,,,,,,,,,,,,,,,,,,,,,,,,,,,,,,,,,,,,,,,,,,,,,,,,,,,,,,,,,,,,,,,,,,,,,,,,,,,,,,,,,,,,,,,,,,,,,,,,,,,,,,,,,,,,,,,,,,,,,,,,,,,,,,,,,,,,,,,,,,,,,,,,,,,,,,,,,,,,,,,,,,,,,,,,,,,,,,,,,,,,,,,
23.416672,,,,,,,,,,,,,,,,,,,,,,,,,,,,,,,,,,,,,,,,,,,,,,,,,,,,,,,,,,,,,,,,,,,,,,,,,,,,,,,,,,,,,,,,,,,,,,,,,,,,,,,,,,,,,,,,,,,,,,,,,,,,,,,,,,,,,,,25.333643,25.394346,25.399944,25.364334,25.317873,25.368156,25.302704,25.435162,25.680794,25.816967,25.84379,25.823257,25.795057,25.748592,25.67025,25.618958,25.600918,25.627716,25.682093,25.720423,25.735455,25.733198,25.723885,25.703087,25.701262,25.688023,25.685963,25.69056,25.70378,25.727488,25.745834,25.782387,25.8199,25.869694,25.914795,25.95263,25.977688,25.998398,26.006262,25.987787,25.979939,25.931639,25.923706,25.897017,25.911839,25.869177,25.764414,25.729996,25.689594,25.724329,25.82067,25.912018,25.986906,26.055315,26.141752,26.194014,26.218582,26.211977,26.183123,26.078661,25.936646,25.850706,25.839233,25.88699,25.960104,26.032831,26.05691,26.064632,26.015928,25.930235,25.998293,26.112034,26.181572,26.180346,25.628656,24.801508,25.063549,24.999838,25.002449,25.022299,25.021143,24.951391,24.72465,24.535328,24.580957,24.860167,25.184599,25.337357,25.15134,24.85121,24.859438,24.933895,25.00739,25.024908,25.030195,25.037266,24.988081,24.943533,24.850742,24.578405,24.338083,24.128647,23.87255,22.987576,22.837763,22.544338,22.19104,21.823141,21.427052,21.078037,20.61279,20.025291,19.370483,19.006634,18.923683,18.989632,19.071507,,,,,,,,,,,,,,,,,,,,,,,,,,,,,,,,,,,,,,,,,,,,,,,,,,,,,,,,,,,,,,,,,,,,,,,,,,,,,,,,,,,,,,,,,,,,,,,,,,,,,,,,,,,,,,,,,,,,,,,,,,,,,,,,,,,,,,,,,,,,,,,,,,,,,,,,,,,,,,,,,,,,,,,,,,,,,,,,,,,,,,,,,,,,,,,,,,,,,,,,,,,,,,,,,,,,,,,,,,,,,,,,,,,,,,,,,,,,,,,,,,,,,,,,,,,,,,,,,,,,,,,,,,,,
23.333336,,,,,,,,,,,,,,,,,,,,,,,,,,,,,,,,,,,,,,,,,,,,,,,,,,,,,,,,,,,,,,,,,,,,,,,,,,,,,,,,,,,,,,,,,,,,,,,,,,,,,,,,,,,,,,,,,,,,,,,,,,,,,,,,,,,,,,,,25.329561,25.37155,25.368275,25.297195,25.337442,25.29778,25.333529,25.55165,25.746525,25.823479,25.825922,25.805235,25.759506,25.69965,25.646946,25.607168,25.590513,25.593672,25.633356,25.663301,25.679577,25.692192,25.691462,25.689182,25.690706,25.693777,25.708578,25.728767,25.75996,25.791908,25.841757,25.883625,25.930119,25.974796,26.007107,26.026323,26.021101,26.030088,26.012005,26.009007,25.961485,25.954763,25.915955,25.930855,25.891813,25.757032,25.675255,25.59732,25.643696,25.712303,25.77287,25.830433,25.845268,25.896378,25.948895,25.986092,25.98904,26.038845,26.096281,26.060484,25.991453,25.942085,25.915567,25.913069,25.93113,25.943203,25.956009,25.933235,25.970083,26.031412,26.135843,26.12163,25.98355,25.287914,25.051378,25.040373,24.995815,25.07427,25.16439,25.159357,25.125978,24.926998,24.70196,24.5595,24.638573,24.768343,25.1225,25.082212,24.879725,24.837566,24.903448,24.985352,25.034126,25.086605,25.077772,25.043537,24.943342,24.87422,24.686998,24.577663,24.552588,24.127565,23.3752,23.223581,22.934721,22.610971,22.232862,21.769766,21.413015,20.974964,20.384222,19.892723,19.329233,19.213774,19.306374,19.460747,,,,,,,,,,,,,,,,,,,,,,,,,,,,,,,,,,,,,,,,,,,,,,,,,,,,,,,,,,,,,,,,,,,,,,,,,,,,,,,,,,,,,,,,,,,,,,,,,,,,,,,,,,,,,,,,,,,,,,,,,,,,,,,,,,,,,,,,,,,,,,,,,,,,,,,,,,,,,,,,,,,,,,,,,,,,,,,,,,,,,,,,,,,,,,,,,,,,,,,,,,,,,,,,,,,,,,,,,,,,,,,,,,,,,,,,,,,,,,,,,,,,,,,,,,,,,,,,,,,,,,,,,,,,
23.25,,,,,,,,,,,,,,,,,,,,,,,,,,,,,,,,,,,,,,,,,,,,,,,,,,,,,,,,,,,,,,,,,,,,,,,,,,,,,,,,,,,,,,,,,,,,,,,,,,,,,,,,,,,,,,,,,,,,,,,,,,,,,,,,,,,,,,,,,25.382635,25.381405,25.321737,25.323235,25.285969,25.296085,25.47002,25.67111,25.786526,25.819706,25.822247,25.801405,25.744812,25.698221,25.66802,25.640198,25.637455,25.619345,25.64333,25.643015,25.639381,25.658195,25.676235,25.70181,25.726656,25.75732,25.788635,25.835571,25.880558,25.929764,25.969748,26.002567,26.034365,26.040056,26.045002,26.043009,26.050728,26.030205,26.034864,25.995386,25.979866,25.939281,25.943583,25.929747,25.781336,25.672794,25.591871,25.622723,25.624043,25.64659,25.68512,25.655844,25.661924,25.707077,25.751057,25.736849,25.742622,25.870035,25.94642,25.949158,25.942684,25.938696,25.941204,25.939194,25.93904,25.944994,25.941423,26.006561,25.77529,25.63075,25.633923,25.45092,25.004066,25.12067,24.98165,25.011234,25.152641,25.219782,25.135143,25.109997,25.090612,24.80463,24.585535,24.67543,24.768835,24.8594,24.87585,24.778627,24.817154,24.893433,24.94454,25.018127,25.05805,25.05462,25.084824,24.88053,24.817093,24.772879,24.836277,24.808722,24.13948,23.96899,23.736588,23.415602,23.043928,22.641348,22.088367,21.752556,21.408,20.839283,20.383415,19.955154,19.765144,19.635933,19.800177,19.862392,,,,,,,,,,,,,,,,,,,,,,,,,,,,,,,,,,,,,,,,,,,,,,,,,,,,,,,,,,,,,,,,,,,,,,,,,,,,,,,,,,,,,,,,,,,,,,,,,,,,,,,,,,,,,,,,,,,,,,,,,,,,,,,,,,,,,,,,,,,,,,,,,,,,,,,,,,,,,,,,,,,,,,,,,,,,,,,,,,,,,,,,,,,,,,,,,,,,,,,,,,,,,,,,,,,,,,,,,,,,,,,,,,,,,,,,,,,,,,,,,,,,,,,,,,,,,,,,,,,,,,,,,,,
23.166672,,,,,,,,,,,,,,,,,,,,,,,,,,,,,,,,,,,,,,,,,,,,,,,,,,,,,,,,,,,,,,,,,,,,,,,,,,,,,,,,,,,,,,,,,,,,,,,,,,,,,,,,,,,,,,,,,,,,,,,,,,,,,,,,,,,,,,,,,25.389055,25.40789,25.37603,25.31471,25.283306,25.267899,25.415426,25.6213,25.750965,25.799969,25.815207,25.818382,25.789297,25.744831,25.72543,25.716808,25.707142,25.687086,25.71638,25.70335,25.706585,25.718552,25.743336,25.771471,25.80688,25.85246,25.892399,25.94039,25.983938,26.024395,26.048923,26.062944,26.076067,26.06683,26.074818,26.052559,26.064837,26.046461,26.05375,26.02309,26.007835,25.968931,25.966143,25.96223,25.82837,25.677887,25.578773,25.563196,25.546318,25.539795,25.563715,25.528984,25.515532,25.549217,25.572073,25.55103,25.522463,25.572203,25.669323,25.73101,25.785666,25.852535,25.905415,25.935652,25.94637,25.947775,25.968922,25.985222,25.494682,25.059355,25.213861,25.182373,25.061754,25.072224,24.93557,25.04986,25.195084,25.173124,24.958588,24.909267,25.076256,24.874533,24.56432,24.60764,24.76968,24.74802,24.783924,24.770132,24.805075,24.880507,24.930033,24.975029,24.949007,25.048058,25.11461,24.95153,24.87731,24.989885,25.179207,25.18433,24.7703,24.400051,24.138426,23.907682,23.386204,22.926964,22.203175,22.164707,22.009983,21.487555,21.037819,20.594189,20.243223,20.098373,20.09829,20.153803,20.145794,,,,,,,,,,,,,,,,,,,,,,,,,,,,,,,,,,,,,,,,,,,,,,,,,,,,,,,,,,,,,,,,,,,,,,,,,,,,,,,,,,,,,,,,,,,,,,,,,,,,,,,,,,,,,,,,,,,,,,,,,,,,,,,,,,,,,,,,,,,,,,,,,,,,,,,,,,,,,,,,,,,,,,,,,,,,,,,,,,,,,,,,,,,,,,,,,,,,,,,,,,,,,,,,,,,,,,,,,,,,,,,,,,,,,,,,,,,,,,,,,,,,,,,,,,,,,,,,,,,,,,,,,,
23.083336,,,,,,,,,,,,,,,,,,,,,,,,,,,,,,,,,,,,,,,,,,,,,,,,,,,,,,,,,,,,,,,,,,,,,,,,,,,,,,,,,,,,,,,,,,,,,,,,,,,,,,,,,,,,,,,,,,,,,,,,,,,,,,,,,,,,,,,,,,25.337437,25.422611,25.38231,25.262842,25.274546,25.381178,25.562864,25.71021,25.77924,25.809677,25.821066,25.819223,25.789478,25.76327,25.75372,25.756802,25.74331,25.748178,25.758005,25.778992,25.806986,25.838818,25.877502,25.920908,25.970089,26.007229,26.048615,26.06718,26.080141,26.08524,26.078112,26.078474,26.066277,26.061184,26.051842,26.067892,26.055708,26.064444,26.042389,26.031147,25.993023,25.98662,25.988747,25.871326,25.699244,25.588125,25.528425,25.535822,25.525408,25.493359,25.475634,25.488676,25.504728,25.48395,25.447924,25.44194,25.464584,25.506628,25.557577,25.62858,25.714407,25.80672,25.890285,25.942898,25.960829,25.981348,25.953907,25.42615,24.85088,25.079391,25.154617,25.093466,25.006693,24.942919,25.068161,25.25112,25.155888,24.82851,24.739376,24.926771,24.869846,24.57497,24.564703,24.732634,24.736828,24.795027,24.831978,24.857857,24.873959,24.88774,24.876783,24.82557,24.988493,25.098421,25.042572,24.98973,25.157131,25.331814,25.232231,24.923655,24.73952,24.548557,24.356966,23.69304,23.377695,22.962889,22.870775,22.789892,22.239172,21.741982,21.261238,20.81404,20.555286,20.49383,20.64686,20.635132,20.439154,20.554981,,,,,,,,,,,,,,,,,,,,,,,,,,,,,,,,,,,,,,,,,,,,,,,,,,,,,,,,,,,,,,,,,,,,,,,,,,,,,,,,,,,,,,,,,,,,,,,,,,,,,,,,,,,,,,,,,,,,,,,,,,,,,,,,,,,,,,,,,,,,,,,,,,,,,,,,,,,,,,,,,,,,,,,,,,,,,,,,,,,,,,,,,,,,,,,,,,,,,,,,,,,,,,,,,,,,,,,,,,,,,,,,,,,,,,,,,,,,,,,,,,,,,,,,,,,,,,,,,,,,,,,,
23.0,,,,,,,,,,,,,,,,,,,,,,,,,,,,,,,,,,,,,,,,,,,,,,,,,,,,,,,,,,,,,,,,,,,,,,,,,,,,,,,,,,,,,,,,,,,,,,,,,,,,,,,,,,,,,,,,,,,,,,,,,,,,,,,,,,,,,,,,,,25.31392,25.40592,25.490072,25.321161,25.274078,25.379011,25.531849,25.665396,25.740135,25.776901,25.801992,25.809341,25.807934,25.78876,25.781094,25.785278,25.79406,25.80697,25.84925,25.886234,25.92357,25.95155,25.993898,26.023151,26.053255,26.064344,26.072525,26.066256,26.066868,26.05853,26.059973,26.068773,26.06055,26.071676,26.067984,26.087582,26.081978,26.09547,26.069603,26.056612,26.018034,26.001678,26.000813,25.908361,25.743555,25.60702,25.530931,25.588148,25.57034,25.516428,25.511835,25.53864,25.572481,25.569035,25.51617,25.471865,25.448952,25.443216,25.465229,25.519743,25.610342,25.734226,25.85899,25.940853,25.985853,26.011087,25.926771,25.34686,24.754768,25.080542,25.153526,25.100935,24.973734,24.959555,25.123474,25.363443,25.254725,24.82217,24.654121,24.821114,24.828323,24.549923,24.50109,24.608368,24.695917,24.744543,24.81023,24.84289,24.854069,24.856178,24.806162,24.846102,25.04418,25.124126,25.103153,25.043592,25.260534,25.357676,25.327265,25.076635,24.965485,24.992817,24.865307,24.247543,23.929985,23.774351,23.524883,23.418804,22.78603,22.450314,21.92551,21.376993,20.976776,20.964487,21.18209,21.377916,21.3867,21.366627,21.314293,,,,,,,,,,,,,,,,,,,,,,,,,,,,,,,,,,,,,,,,,,,,,,,,,,,,,,,,,,,,,,,,,,,,,,,,,,,,,,,,,,,,,,,,,,,,,,,,,,,,,,,,,,,,,,,,,,,,,,,,,,,,,,,,,,,,,,,,,,,,,,,,,,,,,,,,,,,,,,,,,,,,,,,,,,,,,,,,,,,,,,,,,,,,,,,,,,,,,,,,,,,,,,,,,,,,,,,,,,,,,,,,,,,,,,,,,,,,,,,,,,,,,,,,,,,,,,,,,,,,,,,
22.916672,,,,,,,,,,,,,,,,,,,,,,,,,,,,,,,,,,,,,,,,,,,,,,,,,,,,,,,,,,,,,,,,,,,,,,,,,,,,,,,,,,,,,,,,,,,,,,,,,,,,,,,,,,,,,,,,,,,,,,,,,,,,,,,,,,,,,,,,,,,,25.45934,25.467388,25.33739,25.360874,25.490414,25.626947,25.718771,25.762611,25.788235,25.795956,25.807798,25.809608,25.809448,25.83094,25.845476,25.879412,25.907927,25.940435,25.973715,25.994957,26.021719,26.023386,26.032902,26.031843,26.044127,26.050924,26.065142,26.08088,26.101631,26.122046,26.13204,26.1471,26.14174,26.15426,26.141321,26.149145,26.115267,26.097416,26.044977,26.017971,26.01232,25.94306,25.799696,25.610247,25.581968,25.645683,25.629004,25.593203,25.599573,25.631002,25.65579,25.653809,25.622913,25.586893,25.558914,25.543129,25.523603,25.524805,25.593985,25.725634,25.872313,25.963202,26.00992,26.001534,25.821192,25.209002,24.687529,25.083887,25.156017,25.085655,24.948235,24.988497,25.205206,25.445955,25.432812,25.004871,24.664816,24.703924,24.841055,24.618864,24.49802,24.469404,24.555954,24.63714,24.728148,24.800415,24.827738,24.852734,24.792503,24.956306,25.154112,25.190199,25.175737,25.163033,25.37484,25.449114,25.46084,25.37593,25.210121,25.32131,25.218193,24.65169,24.257729,24.39525,24.15297,24.085798,23.565977,23.365599,22.69665,21.968317,21.433527,21.472239,21.760593,22.086609,22.208277,22.289732,22.209963,21.874777,22.00509,,,,,,,,,,,,21.119505,21.051226,21.043911,21.07775,,,,,,,,,,,,,,,,,,,,,,,,,,,,,,,,,,,,,,,,,,,,,,,,,,,,,,,,,,,,,,,,,,,,,,,,,,,,,,,,,,,,,,,,,,,,,,,,,,,,,,,,,,,,,,,,,,,,,,,,,,,,,,,,,,,,,,,,,,,,,,,,,,,,,,,,,,,,,,,,,,,,,,,,,,,,,,,,,,,,,,,,,,,,,,,,,,,,,,,,,,,,,,,,,,,,,,,,,,,,,,,,,,,,,,,,,,,,,,,,,,,,,,
22.833336,,,,,,,,,,,,,,,,,,,,,,,,,,,,,,,,,,,,,,,,,,,,,,,,,,,,,,,,,,,,,,,,,,,,,,,,,,,,,,,,,,,,,,,,,,,,,,,,,,,,,,,,,,,,,,,,,,,,,,,,,,,,,,,,,,,,,,,,,,,,25.402424,25.483513,25.465536,25.401747,25.444841,25.543505,25.639265,25.706123,25.75034,25.774122,25.795216,25.8075,25.813353,25.829023,25.85156,25.879585,25.902481,25.92853,25.947319,25.963882,25.978455,26.000551,26.038078,26.078825,26.134586,26.180607,26.228334,26.263895,26.292011,26.31201,26.317467,26.323145,26.29923,26.288063,26.248072,26.234493,26.17444,26.134422,26.079945,26.04881,26.02631,25.986984,25.837288,25.572458,25.598911,25.679813,25.66517,25.638716,25.625614,25.610094,25.594553,25.588488,25.59111,25.6237,25.670118,25.692724,25.699242,25.708126,25.758879,25.849293,25.971489,26.045734,26.053581,25.980392,25.694977,25.04885,24.780296,25.086098,25.080757,24.955011,24.959341,25.067278,25.26067,25.439087,25.516119,25.345144,24.826609,24.580704,24.708334,24.609507,24.546299,24.470098,24.440191,24.51977,24.644331,24.77923,24.868534,24.892622,24.960394,25.10651,25.212297,25.24739,25.259602,25.334345,25.45526,25.491589,25.561594,25.562593,25.472075,25.478283,25.451996,25.311892,24.830414,24.915249,24.825068,24.757776,24.45564,24.100197,23.33678,22.53517,21.959599,21.937347,22.30298,22.680925,22.9113,23.099691,23.07093,22.902514,22.852762,22.311947,22.16227,,,,,,,21.87471,21.8677,21.691479,21.560621,21.318815,21.250576,21.294386,,,,,,,,,,,,,,,,,,,,,,,,,,,,,,,,,,,,,,,,,,,,,,,,,,,,,,,,,,,,,,,,,,,,,,,,,,,,,,,,,,,,,,,,,,,,,,,,,,,,,,,,,,,,,,,,,,,,,,,,,,,,,,,,,,,,,,,,,,,,,,,,,,,,,,,,,,,,,,,,,,,,,,,,,,,,,,,,,,,,,,,,,,,,,,,,,,,,,,,,,,,,,,,,,,,,,,,,,,,,,,,,,,,,,,,,,,,,,,,,,,,,,,
22.75,,,,,,,,,,,,,,,,,,,,,,,,,,,,,,,,,,,,,,,,,,,,,,,,,,,,,,,,,,,,,,,,,,,,,,,,,,,,,,,,,,,,,,,,,,,,,,,,,,,,,,,,,,,,,,,,,,,,,,,,,,,,,,,,,,,,,,,,,,,,,25.473269,25.519058,25.48651,25.465197,25.511711,25.579363,25.63938,25.686495,25.721003,25.753479,25.776863,25.791876,25.815727,25.839619,25.864634,25.884941,25.911821,25.953005,26.001396,26.074827,26.159079,26.2513,26.331717,26.403873,26.451647,26.491552,26.51469,26.531393,26.536386,26.529491,26.523388,26.488184,26.461382,26.400702,26.361506,26.27638,26.189394,26.111256,26.068552,26.05115,26.024656,25.810999,25.533178,25.582695,25.675394,25.624023,25.558266,25.491646,25.439486,25.433489,25.429884,25.435232,25.521318,25.623085,25.721758,25.816217,25.89678,25.97218,26.033642,26.09004,26.101086,26.044523,25.854923,25.453833,24.807095,24.927864,25.073732,24.907576,24.933157,25.032522,25.153696,25.267939,25.380817,25.503237,25.58265,25.131123,24.63371,24.516733,24.529205,24.51127,24.488682,24.437813,24.480589,24.57201,24.774187,24.98393,25.058836,25.155489,25.20134,25.223001,25.25697,25.28953,25.355461,25.414072,25.460815,25.575712,25.599546,25.524927,25.575125,25.587437,25.562555,25.251316,25.255442,25.130531,25.124521,24.887535,24.457664,23.765985,23.043535,22.427546,22.387608,22.731222,23.174742,23.496264,23.759792,23.74591,23.65153,23.596972,23.171494,22.70537,22.63172,22.72079,22.762156,22.796892,,22.547596,22.53038,22.566908,22.248676,21.90653,21.531788,21.490854,21.465656,,,,,,,,,,,,,,,,,,,,,,,,,,,,,,,,,,,,,,,,,,,,,,,,,,,,,,,,,,,,,,,,,,,,,,,,,,,,,,,,,,,,,,,,,,,,,,,,,,,,,,,,,,,,,,,,,,,,,,,,,,,,,,,,,,,,,,,,,,,,,,,,,,,,,,,,,,,,,,,,,,,,,,,,,,,,,,,,,,,,,,,,,,,,,,,,,,,,,,,,,,,,,,,,,,,,,,,,,,,,,,,,,,,,,,,,,,,,,,,,,,,,,,
22.666672,,,,,,,,,,,,,,,,,,,,,,,,,,,,,,,,,,,,,,,,,,,,,,,,,,,,,,,,,,,,,,,,,,,,,,,,,,,,,,,,,,,,,,,,,,,,,,,,,,,,,,,,,,,,,,,,,,,,,,,,,,,,,,,,,,,,,,,,,,,,,,25.477455,25.506283,25.48455,25.491386,25.5335,25.592455,25.63973,25.684652,25.727798,25.760122,25.776585,25.796415,25.816298,25.853148,25.90648,26.003847,26.124054,26.244614,26.362293,26.453306,26.524796,26.56562,26.591131,26.595917,26.603447,26.603918,26.615223,26.62054,26.626474,26.636284,26.62198,26.605988,26.551262,26.496363,26.400532,26.284958,26.176403,26.09876,26.088121,26.045889,25.723593,25.477974,25.544682,25.619896,25.563646,25.445372,25.310005,25.264105,25.291769,25.327833,25.334143,25.348028,25.384409,25.483072,25.626606,25.787788,25.933207,25.99816,26.009481,25.969309,25.831795,25.567598,25.138088,24.755726,24.964458,24.996208,24.852524,24.94488,25.037077,25.166574,25.306206,25.456427,25.546955,25.599117,25.3448,24.854305,24.53968,24.476273,24.456713,24.445055,24.41853,24.442556,24.527136,24.752935,25.064484,25.18195,25.235882,25.268534,25.276794,25.277727,25.280933,25.310276,25.333286,25.360844,25.414133,25.623363,25.629963,25.678576,25.6666,25.642042,25.568693,25.495256,25.313745,25.307394,25.10531,24.634972,23.994308,23.422737,22.863483,22.785835,23.131868,23.579052,23.945137,24.305923,24.15985,24.010708,23.863298,23.633375,23.196457,23.129114,23.26216,23.268894,23.278412,23.279436,23.149347,22.919321,22.54267,22.064695,21.870602,21.666096,21.676018,,,,,,,,,,,,,,,,,,,,,,,,,,,,,,,,,,,,,,,,,,,,,,,,,,,,,,,,,,,,,,,,,,,,,,,,,,,,,,,,,,,,,,,,,,,,,,,,,,,,,,,,,,,,,,,,,,,,,,,,,,,,,,,,,,,,,,,,,,,,,,,,,,,,,,,,,,,,,,,,,,,,,,,,,,,,,,,,,,,,,,,,,,,,,,,,,,,,,,,,,,,,,,,,,,,,,,,,,,,,,,,,,,,,,,,,,,,,,,,,,,,,,,22.501074,22.453512
22.583336,,,,,,,,,,,,,,,,,,,,,,,,,,,,,,,,,,,,,,,,,,,,,,,,,,,,,,,,,,,,,,,,,,,,,,,,,,,,,,,,,,,,,,,,,,,,,,,,,,,,,,,,,,,,,,,,,,,,,,,,,,,,,,,,,,,,,,,,,,,,,,,,25.52625,25.498951,25.521296,25.552591,25.587963,25.62675,25.667912,25.70144,25.718147,25.7691,25.863882,26.013254,26.171747,26.331001,26.447842,26.520166,26.56139,26.569984,26.571115,26.55295,26.539188,26.520721,26.507591,26.503853,26.515574,26.532541,26.564083,26.603645,26.643991,26.675018,26.659065,26.623028,26.524607,26.387993,26.26137,26.137873,26.133324,26.01838,25.62837,25.430422,25.469952,25.510317,25.49718,25.363937,25.26924,25.349321,25.482542,25.591494,25.632887,25.624454,25.586079,25.505957,25.383614,25.390894,25.56636,25.702082,25.730518,25.66808,25.509104,25.259075,24.93761,24.81783,24.931969,24.885073,24.814768,24.833212,24.955935,25.25173,25.519564,25.691961,25.724678,25.64586,25.419903,24.985876,24.693258,24.568987,24.473013,24.42796,24.419783,24.409462,24.47247,24.704163,25.067577,25.23203,25.311453,25.36553,25.377213,25.378176,25.369104,25.351562,25.321693,25.387094,25.48249,25.58632,25.646103,25.721327,25.742947,25.740114,25.743107,25.717136,25.594837,25.487637,25.2969,24.706192,24.092665,23.754065,23.284647,23.217634,23.502573,23.931395,24.317472,24.726488,24.302273,23.695192,23.63182,23.424807,23.236132,23.347048,23.290146,23.29817,23.331001,23.299576,23.143333,22.846533,,,,,,,,,,,,,,,,,,,,,,,,,,,,,,,,,,,,,,,,,,,,,,,,,,,,,,,,,,,,,,,,,,,,,,,,,,,,,,,,,,,,,,,,,,,,,,,,,,,,,,,,,,,,,,,,,,,,,,,,,,,,,,,,,,,,,,,,,,,,,,,,,,,,,,,,,,,,,,,,,,,,,,,,,,,,,,,,,,,,,,,,,,,,,,,,,,,,,,,,,,,,,,,,,,,,,,,,,,,,,,,,,,,,,,,,,,,,,,,,,,,,,,,,,,,,22.372997
22.5,,,,,,,,,,,,,,,,,,,,,,,,,,,,,,,,,,,,,,,,,,,,,,,,,,,,,,,,,,,,,,,,,,,,,,,,,,,,,,,,,,,,,,,,,,,,,,,,,,,,,,,,,,,,,,,,,,,,,,,,,,,,,,,,,,,,,,,,,,,,,,,,,,,25.572891,25.606445,25.616104,25.684116,25.785519,25.898336,26.029613,26.190416,26.359425,26.45024,26.4922,26.499493,26.488058,26.479362,26.47505,26.470947,26.459612,26.454008,26.44012,26.433464,26.418646,26.422768,26.419218,26.432627,26.47512,26.537586,26.612247,26.664381,26.673841,26.613836,26.48151,26.342773,26.189854,26.181068,25.941648,25.53626,25.407326,25.391306,25.375532,25.412361,25.368073,25.449356,25.729338,25.899477,25.973038,25.984764,25.98474,25.954298,25.85304,25.702604,25.535143,25.360422,25.246248,25.283928,25.301538,25.233152,25.09764,24.93775,24.91192,24.961884,24.896172,24.869955,24.821737,25.126375,25.570911,25.823603,25.873844,25.832603,25.632374,25.333693,24.95219,24.909536,24.831419,24.639751,24.468163,24.420517,24.406237,24.451942,24.635813,24.987501,25.200018,25.23906,25.329134,25.355824,25.387156,25.35138,25.285713,25.169262,25.3249,25.527163,25.596584,25.576242,25.62426,25.703083,25.757036,25.81889,25.911747,25.90623,25.833267,25.63153,25.085611,24.755924,24.491552,24.051174,23.76273,23.93146,24.300568,24.6613,24.913101,24.304874,23.369299,22.949263,22.871454,22.743593,,22.866863,22.96516,23.064493,23.056047,22.774897,22.732979,,,,,,,,,,,,,,,,,,,,,,,,,,,,,,,,,,,,,,,,,,,,,,,,,,,,,,,,,,,,,,,,,,,,,,,,,,,,,,,,,,,,,,,,,,,,,,,,,,,,,,,,,,,,,,,,,,,,,,,,,,,,,,,,,,,,,,,,,,,,,,,,,,,,,,,,,,,,,,,,,,,,,,,,,,,,,,,,,,,,,,,,,,,,,,,,,,,,,,,,,,,,,,,,,,,,,,,,,,,,,,,,,,,,,,,,,,,,,,,,,,,,,,,,,,,,22.343351
22.416672,,,,,,,,,,,,,,,,,,,,,,,,,,,,,,,,,,,,,,,,,,,,,,,,,,,,,,,,,,,,,,,,,,,,,,,,,,,,,,,,,,,,,,,,,,,,,,,,,,,,,,,,,,,,,,,,,,,,,,,,,,,,,,,,,,,,,,,,,,,,,,,,,,,25.610382,25.705896,25.795095,25.933182,26.069235,26.164663,26.256254,26.354391,26.423264,26.435316,26.43679,26.440258,26.456676,26.493828,26.519154,26.528597,26.5126,26.49827,26.473644,26.464281,26.452808,26.43074,26.421844,26.396399,26.415436,26.467466,26.52607,26.59962,26.662325,26.64961,26.542229,26.40763,26.231953,26.20168,25.835537,25.466076,25.402094,25.366446,25.331736,25.446796,25.578207,25.825453,26.05153,26.132538,26.097254,26.04263,26.019281,26.017324,25.977741,25.90297,25.786053,25.623514,25.438225,25.300325,25.21413,25.126377,25.035402,24.95355,24.93379,24.960207,24.938766,24.89557,25.03638,25.576315,25.938566,25.94797,25.8594,25.721523,25.455292,25.176622,25.204956,25.33281,25.210964,24.948254,24.651594,24.45143,24.409595,24.444593,24.572508,24.853416,25.122211,25.16786,25.162111,25.257193,25.299036,25.237953,25.153595,25.088352,25.490343,25.57477,25.644304,25.629326,25.589748,25.644293,25.71596,25.817451,25.966557,26.021044,26.010237,25.889847,25.639887,25.55073,25.452549,25.054024,24.5659,24.506006,24.757368,24.998905,25.038397,24.354473,23.07223,,,22.599152,22.668036,22.730701,22.80525,22.830334,22.837097,,,,,,,,,,,,,,,,,,,,,,,,,,,,,,,,,,,,,,,,,,,,,,,,,,,,,,,,,,,,,,,,,,,,,,,,,,,,,,,,,,,,,,,,,,,,,,,,,,,,,,,,,,,,,,,,,,,,,,,,,,,,,,,,,,,,,,,,,,,,,,,,,,,,,,,,,,,,,,,,,,,,,,,,,,,,,,,,,,,,,,,,,,,,,,,,,,,,,,,,,,,,,,,,,,,,,,,,,,,,,,,,,,,,,,,,,,,,,,,,,,,,,,,,,,,,,,22.400467
22.333336,,,,,,,,,,,,,,,,,,,,,,,,,,,,,,,,,,,,,,,,,,,,,,,,,,,,,,,,,,,,,,,,,,,,,,,,,,,,,,,,,,,,,,,,,,,,,,,,,,,,,,,,,,,,,,,,,,,,,,,,,,,,,,,,,,,,,,,,,,,,,,,,,,,25.750055,25.842607,25.950459,26.08449,26.14361,26.214949,26.327642,26.454525,26.498058,26.481852,26.468925,26.490595,26.531319,26.56136,26.56423,26.519728,26.45955,26.422274,26.409159,26.419407,26.440222,26.437412,26.424898,26.392273,26.376268,26.432405,26.473564,26.547161,26.624817,26.645395,26.565823,26.42622,26.263958,26.179565,25.716068,25.41302,25.408037,25.383629,25.348804,25.494164,25.724724,26.001133,26.181314,26.180786,26.088007,25.978773,25.942642,25.955793,25.943565,25.895765,25.863409,25.815474,25.743708,25.653006,25.572388,25.454527,25.329884,25.259018,25.229256,25.211685,25.172607,25.102854,25.512812,25.938238,26.000708,25.85105,25.683773,25.553345,25.399075,25.32554,25.571934,25.745811,25.62138,25.264175,24.892836,24.573494,24.412613,24.424314,24.505827,24.692678,25.002283,25.12402,25.077555,25.089287,25.181313,25.137224,25.057257,25.169329,25.65504,25.692114,25.691593,25.694702,25.670654,25.749382,25.854223,25.941826,26.036402,26.061874,26.072977,26.071354,26.00949,25.965189,25.937153,25.692177,25.33351,25.145815,25.175898,25.265759,25.206947,24.909283,,,,22.56212,22.590897,,,,,,,,,,,,,,,,,,,,,,,,,,,,,,,,,,,,,,,,,,,,,,,,,,,,,,,,,,,,,,,,,,,,,,,,,,,,,,,,,,,,,,,,,,,,,,,,,,,,,,,,,,,,,,,,,,,,,,,,,,,,,,,,,,,,,,,,,,,,,,,,,,,,,,,,,,,,,,,,,,,,,,,,,,,,,,,,,,,,,,,,,,,,,,,,,,,,,,,,,,,,,,,,,,,,,,,,,,,,,,,,,,,,,,,,,,,,,,,,,,,,,,,,,,,,,,,,,,22.509394
22.25,,,,,,,,,,,,,,,,,,,,,,,,,,,,,,,,,,,,,,,,,,,,,,,,,,,,,,,,,,,,,,,,,,,,,,,,,,,,,,,,,,,,,,,,,,,,,,,,,,,,,,,,,,,,,,,,,,,,,,,,,,,,,,,,,,,,,,,,,,,,,,,,,,,25.810066,25.873129,26.02185,26.121538,26.16717,26.338041,26.511244,26.53154,26.465952,26.404636,26.442486,26.522617,26.568186,26.570368,26.507734,26.391563,26.312904,26.28273,26.291605,26.340176,26.404245,26.442497,26.43213,26.403282,26.359947,26.39013,26.449608,26.509867,26.603312,26.645985,26.587126,26.439041,26.279821,26.09635,25.597853,25.376095,25.397776,25.381306,25.309353,25.380413,25.570604,25.843557,26.073944,26.149004,26.104376,25.990314,25.922218,25.943823,25.939528,25.890524,25.863508,25.854078,25.828451,25.794273,25.763535,25.70986,25.643652,25.618025,25.613686,25.596073,25.530579,25.623976,25.944332,26.052057,25.922707,25.718225,25.657988,25.602715,25.531597,25.572119,25.690676,25.808794,25.816029,25.52079,25.076794,24.722279,24.47433,24.400116,24.47815,24.594755,24.827045,25.03821,25.060207,24.9795,24.999468,24.98501,24.941845,25.157907,25.614935,25.74214,25.757046,25.806377,25.813385,25.939014,26.02199,26.011845,25.992283,26.010084,26.084269,26.135454,26.12059,26.119186,26.06384,25.98587,25.758614,25.607847,25.521065,25.465818,25.311888,25.028934,,,,,,,,,,,,,,,,,,,,,,,,,,,,,,,,,,,,,,,,,22.532589,22.49025,22.676407,,,,,,,,,,,,,,,,,,,,,,,,,,,,,,,,,,,,,,,,,,,,,,,,,,,,,,,,,,,,,,,,,,,,,,,,,,,,,,,,,,,,,,,,,,,,,,,,,,,,,,,,,,,,,,,,,,,,,,,,,,,,,,,,,,,,,,,,,,,,,,,,,,,,,,,,,,,,,,,,,,,,,,,,,,,,,,,,,,,,,,,,,,,,,,,,,,,,,,,,,,,,,,,,,,,,,,,,,,,,22.495966
22.166672,,,,,,,,,,,,,,,,,,,,,,,,,,,,,,,,,,,,,,,,,,,,,,,,,,,,,,,,,,,,,,,,,,,,,,,,,,,,,,,,,,,,,,,,,,,,,,,,,,,,,,,,,,,,,,,,,,,,,,,,,,,,,,,,,,,,,,,,,,,,,,,,,,25.749876,25.791224,25.902864,26.072823,26.150305,26.27879,26.496513,26.5271,26.44534,26.37313,26.40564,26.534443,26.614494,26.598555,26.525675,26.354471,26.191875,26.131554,26.13917,26.176508,26.256584,26.35443,26.428705,26.455606,26.416548,26.364134,26.380678,26.427067,26.505278,26.590252,26.642843,26.585434,26.424522,26.274158,25.931305,25.493074,25.35095,25.357172,25.335144,25.257498,25.271011,25.394907,25.616123,25.858597,26.018099,26.060377,25.959997,25.869814,25.90543,25.92475,25.911827,25.89472,25.899815,25.882458,25.862988,25.845428,25.821676,25.77329,25.752956,25.753086,25.742477,25.739552,25.835686,26.023258,26.02062,25.841993,25.840725,25.87726,25.875387,25.843618,25.759163,25.725454,25.792881,25.81299,25.566061,25.099918,24.747963,24.5316,24.400711,24.424536,24.538593,24.690666,24.940844,25.04022,25.005754,24.98403,24.953402,24.901491,25.08916,25.576183,25.752285,25.77858,25.872501,25.911232,25.953196,25.937033,25.873158,25.836723,25.917114,26.054586,26.123959,26.16126,26.173634,26.171768,26.135105,26.02503,25.889137,25.744902,25.606707,25.384888,25.15783,24.697338,,,,,,,,,,,,,,,,,,,,,,,,,,,,,,,,,,,,,,,,22.49344,22.551224,22.610483,,,,,,,,,,,,,,,,,,,,,,,,,,,,,,,,,,,,,,,,,,,,,,,,,,,,,,,,,,,,,,,,,,,,,,,,,,,,,,,,,,,,,,,,,,,,,,,,,,,,,,,,,,,,,,,,,,,,,,,,,,,,,,,,,,,,,,,,,,,,,,,,,,,,,,,,,,,,,,,,,,,,,,,,,,,,,,,,,,,,,,,,,,,,,,,,,,,,,,,,,,,,,,,,,,,,,,,,,21.904612,21.907232,,22.312983
22.083336,,,,,,,,,,,,,,,,,,,,,,,,,,,,,,,,,,,,,,,,,,,,,,,,,,,,,,,,,,,,,,,,,,,,,,,,,,,,,,,,,,,,,,,,,,,,,,,,,,,,,,,,,,,,,,,,,,,,,,,,,,,,,,,,,,,,,,,,,,,,,,,,,,25.853844,25.856167,25.987024,26.128418,26.191471,26.420708,26.53787,26.498304,26.397057,26.397158,26.480068,26.579033,26.59407,26.52297,26.364634,26.141615,26.052664,26.090439,26.148165,26.165735,26.217506,26.332226,26.419674,26.447151,26.416245,26.357452,26.361118,26.428753,26.508055,26.599915,26.647436,26.58134,26.413517,26.209902,25.719536,25.415064,25.351131,25.342478,25.315172,25.265303,25.28845,25.385109,25.540909,25.726145,25.882767,25.946423,25.885202,25.808132,25.844503,25.875864,25.885902,25.890501,25.920893,25.929487,25.933138,25.929314,25.91207,25.87051,25.832016,25.797312,25.788073,25.797392,25.903082,26.045113,25.957626,25.934744,26.023188,26.018812,26.00574,25.95563,25.786348,25.687393,25.702906,25.589281,25.262323,24.83411,24.600737,24.497707,24.437185,24.397371,24.46206,24.587343,24.75186,24.917768,24.959799,24.976059,24.968832,24.868774,24.995565,25.424458,25.657093,25.647503,25.736954,25.814056,25.90786,25.851122,25.750467,25.771671,25.869646,25.961515,26.082232,26.182878,26.220444,26.228844,26.245192,26.199291,26.087267,25.971476,25.807138,25.552814,25.29585,24.966448,24.479948,,,,,,,,,,,,,,,,,,,,,,,,,,,,,,,,,,,,,,,22.559792,22.623575,22.67294,,,,,,,,,,,,,,,,,,,,,,,,,,,,,,,,,,,,,,,,,,,,,,,,,,,,,,,,,,,,,,,,,,,,,,,,,,,,,,,,,,,,,,,,,,,,,,,,,,,,,,,,,,,,,,,,,,,,,,,,,,,,,,,,,,,,,,,,,,,,,,,,,,,,,,,,,,,,,,,,,,,,,,,,,,,,,,,,,,,,,,,,,,,,,,,,,,,,,,,,,,,,,,,,,,,,,,,,,21.91082,21.933819,22.040604,22.141588
22.0,,,,,,,,,,,,,,,,,,,,,,,,,,,,,,,,,,,,,,,,,,,,,,,,,,,,,,,,,,,,,,,,,,,,,,,,,,,,,,,,,,,,,,,,,,,,,,,,,,,,,,,,,,,,,,,,,,,,,,,,,,,,,,,,,,,,,,,,,,,,,,,,,25.819172,25.84795,25.871763,26.017864,26.132019,26.28755,26.476938,26.556845,26.444382,26.388874,26.406677,26.511295,26.588394,26.5995,26.472502,26.273474,26.10582,26.123875,26.237799,26.295885,26.267124,26.282616,26.37778,26.457525,26.474596,26.417921,26.35466,26.36131,26.437143,26.530241,26.611744,26.64533,26.544174,26.349667,26.092703,25.519375,25.401182,25.379707,25.378853,25.360483,25.344856,25.38597,25.464975,25.565182,25.670399,25.750034,25.802074,25.76407,25.717762,25.763231,25.815104,25.845865,25.848873,25.858055,25.880135,25.911531,25.94255,25.964912,25.967953,25.937733,25.875404,25.826588,25.855007,26.007448,26.045448,25.986774,26.092012,26.033747,25.958296,25.86156,25.702545,25.458117,25.270676,25.120382,24.944715,24.663116,24.523085,24.463366,24.444206,24.448193,24.431824,24.420685,24.500122,24.6275,24.76291,24.83898,24.887629,24.904154,24.820639,24.900835,25.27915,25.55774,25.5369,25.571043,25.660648,25.7509,25.734346,25.692785,25.82547,25.918776,25.93898,26.008104,26.139406,26.224012,26.25899,26.247501,26.246166,26.204811,26.094757,25.97912,25.798016,25.561758,25.258066,24.894493,24.544256,,,,,,,,,,,,,,,,,,,,,,,,,,,,,,,,,,,,,22.687727,22.635807,22.67787,22.834003,,,,,,,,,,,,,,,,,,,,,,,,,,,,,,,,,,,,,,,,,,,,,,,,,,,,,,,,,,,,,,,,,,,,,,,,,,,,,,,,,,,,,,,,,,,,,,,,,,,,,,,,,,,,,,,,,,,,,,,,,,,,,,,,,,,,,,,,,,,,,,,,,,,,,,,,,,,,,,,,,,,,,,,,,,,,,,,,,,,,,,,,,,,20.8364,20.863762,,,,,,,,,,,,,,,,,,,,,22.256668,22.233755,,,,,21.868736,21.924448,21.96168,22.001543,22.100885,22.184872
21.916672,,,,,,,,,,,,,,,,,,,,,,,,,,,,,,,,,,,,,,,,,,,,,,,,,,,,,,,,,,,,,,,,,,,,,,,,,,,,,,,,,,,,,,,,,,,,,,,,,,,,,,,,,,,,,,,,,,,,,,,,,,,,,,,,,,,,,,,,,,,,,,,,,25.840715,25.870798,25.938135,26.046616,26.16579,26.37623,26.543198,26.543072,26.42653,26.370543,26.408651,26.509594,26.610449,26.59255,26.453924,26.250708,26.116777,26.188166,26.350315,26.412493,26.396284,26.399492,26.452908,26.484436,26.45736,26.388338,26.344507,26.37557,26.47103,26.564533,26.633886,26.62686,26.490572,26.275074,25.923813,25.395958,25.438068,25.437511,25.44874,25.453152,25.459463,25.507486,25.565502,25.625044,25.670153,25.675,25.699347,25.694424,25.656658,25.67169,25.729908,25.782267,25.793955,25.79298,25.80994,25.850344,25.885084,25.9311,25.97463,26.005226,25.976587,25.89328,25.908813,26.0451,26.03976,26.11773,26.06857,25.869665,25.686344,25.428125,25.072762,24.846079,24.75788,24.643126,24.592176,24.542856,24.51859,24.504408,24.492634,24.481197,24.488314,24.462576,24.455965,24.536135,24.654182,24.732834,24.805887,24.817139,24.776812,24.818605,25.128635,25.495993,25.515993,25.509304,25.516726,25.549004,25.550797,25.614431,25.821995,25.89177,25.943872,26.06035,26.152088,26.21383,26.254719,26.290382,26.3112,26.296993,26.249311,26.181532,26.024937,25.843105,25.581469,25.27127,24.881504,24.635555,,,,,,,,,,,,,,,,,,,,,,,,,,,,,,,,,,,,22.78822,22.769464,22.814987,22.963264,23.326004,,,,,,,,,,,,,,,,,,,,,,,,,,,,,,,,,,,,,,,,,,,,,,,,,,,,,,,,,,,,,,,,,,,,,,,,,,,,,,,,,,,,,,,,,,,,,,,,,,,,,,,,,,,,,,,,,,,,,,,,,,,,,,,,,,,,,,,,,,,,,,,,,,,,,,,,,,,,,,,,,,,,,,,,,,,,,,,,,,,,,,,,,,20.99405,21.030512,,,,,,,,,,,,,,,,,,,,,22.294004,22.27238,,,,,22.004549,22.046732,22.110191,22.169203,22.211796,22.240582
21.833336,,,,,,,,,,,,,,,,,,,,,,,,,,,,,,,,,,,,,,,,,,,,,,,,,,,,,,,,,,,,,,,,,,,,,,,,,,,,,,,,,,,,,,,,,,,,,,,,,,,,,,,,,,,,,,,,,,,,,,,,,,,,,,,,,,,,,,,,,,,,,,,,25.834427,25.863415,25.949087,26.001253,26.060562,26.205807,26.438427,26.578672,26.53152,26.411423,26.368147,26.395933,26.514423,26.626297,26.61754,26.47927,26.279633,26.146679,26.195272,26.335812,26.406446,26.433538,26.445484,26.464104,26.455576,26.402714,26.354567,26.343987,26.415773,26.526613,26.612282,26.644306,26.58515,26.399307,26.125866,25.666145,25.38896,25.49034,25.470604,25.489107,25.500906,25.538534,25.611834,25.70965,25.802418,25.844131,25.814108,25.77964,25.748617,25.724092,25.706669,25.73154,25.76994,25.794693,25.80205,25.834118,25.904333,25.931435,25.945566,25.961344,25.999214,26.039501,25.96334,25.932703,26.028555,26.100962,26.16921,25.869576,25.57981,25.301394,25.082045,24.869694,24.826368,24.844923,24.750383,24.695988,24.686172,24.647865,24.612665,24.590754,24.582428,24.582602,24.580292,24.524673,24.504807,24.580332,24.659521,24.748798,24.772083,24.749996,24.802456,25.063433,25.381878,25.499018,25.490536,25.43008,25.38853,25.383581,25.491045,25.717833,25.798729,25.884169,26.027592,26.155457,26.223665,26.23269,26.248074,26.28505,26.31819,26.338057,26.3182,26.234867,26.077356,25.856243,25.577868,25.279808,24.946726,24.509518,,,,,,,,,,,,,,,,,,,,,,,,,,,,,,,,,,,23.063803,22.949541,22.937872,23.251534,23.459312,,,,,,,,,,,,,,,,,,,,,,,,,,,,,,,,,,,,,,,,,,,,,,,,,,,,,,,,,,,,,,,,,,,,,,,,,,,,,,,,,,,,,,,,,,,,,,,,,,,,,,,,,,,,,,,,,,,,,,,,,,,,,,,,,,,,,,,,,,,,,,,,,,,,,,,,,,,,,,,,,,,,,,,,,,,,,,,,,,,,,,,,,21.227777,21.183311,21.232922,,,,,,,,,,,,,,,,,,,,,22.392632,22.355377,,,,22.206724,22.18307,22.22621,22.317348,22.375689,22.37455,22.36664
21.75,,,,,,,,,,,,,,,,,,,,,,,,,,,,,,,,,,,,,,,,,,,,,,,,,,,,,,,,,,,,,,,,,,,,,,,,,,,,,,,,,,,,,,,,,,,,,,,,,,,,,,,,,,,,,,,,,,,,,,,,,,,,,,,,,,,,,,,,,,,,,,,25.832157,25.92927,25.923565,25.988056,25.982502,26.071404,26.254728,26.477423,26.59274,26.526937,26.415466,26.357111,26.36114,26.471437,26.620325,26.64579,26.542885,26.372435,26.208982,26.174976,26.272577,26.338823,26.37922,26.40041,26.39847,26.368141,26.331736,26.33078,26.380428,26.497297,26.599567,26.644716,26.61819,26.487574,26.248276,25.891459,25.463272,25.449837,25.499308,25.460667,25.4755,25.574121,25.71304,25.88511,26.04132,26.146502,26.167572,26.112509,26.03146,25.953083,25.907236,25.895151,25.90826,25.928377,25.927797,25.927153,25.955675,26.02021,26.042864,26.040112,26.033167,26.019064,26.063408,26.02561,25.96298,26.003227,26.144976,26.04637,25.623205,25.359932,25.15847,25.210909,24.994774,24.871346,24.862278,24.759481,24.69921,24.688015,24.679129,24.667477,24.67026,24.67849,24.681309,24.705502,24.662882,24.563047,24.56808,24.626856,24.727098,24.752388,24.739687,24.811869,25.040516,25.298708,25.45876,25.436436,25.35843,25.318151,25.285238,25.347977,25.560966,25.670855,25.751743,25.844398,25.987312,26.112555,26.153263,26.185,26.248896,26.297825,26.3478,26.361319,26.337337,26.25353,26.090065,25.871859,25.584234,25.33939,24.912302,24.588457,,,,,,,,,,,,,,,,,,,,,,,,,,,,,,,,,,23.285467,23.151676,23.03411,23.523926,,,,,,,,,,,,,,,,,,,,,,,,,,,,,,,,,,,,,,,,,,,,,,,,,,,,,,,,,,,,,,,,,,,,,,,,,,,,,,,,,,,,,,,,,,,,,,,,,,,,,,,,,,,,,,,,,,,,,,,,,,,,,,,,,,,,,,,,,,,,,,,,,,,,,,,,,,,,,,,,,,,,,,,,,,,,,,,,,,,,,,,,,21.441341,21.383118,21.371569,21.413515,,,,21.946516,22.323162,22.668915,,,,,,,,,,,,,22.755947,22.682594,22.539377,22.449396,22.447193,22.463848,22.473639,22.429634,22.392061,22.422743,22.506912,22.561388,22.555574,22.546762
21.666672,,,,,,,,,,,,,,,,,,,,,,,,,,,,,,,,,,,,,,,,,,,,,,,,,,,,,,,,,,,,,,,,,,,,,,,,,,,,,,,,,,,,,,,,,,,,,,,,,,,,,,,,,,,,,,,,,,,,,,,,,,,,,,,,,,,,,,,,,,,,,,25.793053,25.914886,25.9924,25.954636,25.968283,25.9849,26.096844,26.283268,26.50005,26.603989,26.530075,26.44024,26.354162,26.31944,26.410717,26.58563,26.666616,26.618216,26.492811,26.345413,26.236807,26.220234,26.257174,26.277454,26.30182,26.305552,26.306095,26.330318,26.39077,26.488943,26.595863,26.642475,26.626886,26.53301,26.3321,26.019726,25.600777,25.39813,25.489199,25.449873,25.430962,25.56903,25.827665,26.068836,26.199045,26.275515,26.305351,26.280338,26.22829,26.183271,26.150934,26.122877,26.106518,26.100634,26.088049,26.06163,26.048353,26.05844,26.077614,26.0815,26.082273,26.094002,26.066618,26.08101,26.070547,25.9991,25.985977,26.12449,25.95692,25.56312,25.30513,25.232437,25.35532,25.098423,24.876183,24.692114,24.578526,24.587725,24.647718,24.691776,24.72839,24.761868,24.784035,24.784819,24.803198,24.789522,24.658215,24.59758,24.636324,24.72973,24.747375,24.756006,24.86489,25.058636,25.254763,25.380114,25.33083,25.277403,25.249838,25.196701,25.19476,25.330845,25.459692,25.576218,25.618677,25.695757,25.877935,26.011122,26.102118,26.19106,26.27266,26.339739,26.371017,26.381021,26.349873,26.263397,26.13588,25.888988,25.68476,25.283335,24.894806,24.5819,24.413769,,,,,,,,,,,,,,,,,,,,,,,,,,,,,,,,23.42733,23.33207,23.104422,23.711454,23.729809,23.471823,,,,,,,,,,,,,,,,,,,,,,,,,,,,,,,,,,,,,,,,,,,,,,,,,,,,,,,,,,,,,,,,,,,,,,,,,,,,,,,,,,,,,,,,,,,,,,,,,,,,,,,,,,,,,,,,,,,,,,,,,,,,,,,,,,,,,,,,,,,,,,,,,,,,,,,,,,,,,,,,,,,,,,,,,,,,,,,,,,21.949484,21.950232,21.90645,21.776834,21.65317,21.561409,21.527094,21.530306,21.564709,,,,,,23.482971,,23.938646,23.680895,,23.331532,23.180065,23.086193,22.97232,22.915981,22.86273,22.84781,22.877596,22.931906,22.869873,22.717747,22.599054,22.601084,22.664011,22.700117,22.675074,22.637215,22.643196,22.70541,22.754778,22.74792,22.741781
21.583336,,,,,,,,,,,,,,,,,,,,,,,,,,,,,,,,,,,,,,,,,,,,,,,,,,,,,,,,,,,,,,,,,,,,,,,,,,,,,,,,,,,,,,,,,,,,,,,,,,,,,,,,,,,,,,,,,,,,,,,,,,,,,,,,,,,,,,,,,,,,,,25.841635,25.945154,26.009493,25.961199,25.944118,25.99933,26.11361,26.29903,26.521326,26.61473,26.54697,26.457428,26.356646,26.280706,26.33212,26.511602,26.658133,26.67459,26.616077,26.516039,26.41548,26.336878,26.308,26.301304,26.315895,26.338049,26.3813,26.44666,26.529707,26.610088,26.65788,26.6324,26.547884,26.374166,26.080364,25.699629,25.413996,25.43659,25.473879,25.407476,25.544561,25.824396,26.069452,26.21205,26.275185,26.309505,26.308788,26.234022,26.126564,26.074898,26.096777,26.128963,26.149843,26.124788,26.07082,26.036804,26.025385,26.030817,26.034882,26.052752,26.07055,26.101923,26.097527,26.09121,26.093794,26.033875,25.973694,26.057673,26.013184,25.73141,25.4781,25.434702,25.387505,25.128796,24.837917,24.529772,24.55349,24.62837,24.70833,24.774622,24.823488,24.855793,24.885,24.906439,24.90716,24.886497,24.73612,24.633123,24.66479,24.749102,24.769697,24.795918,24.930859,25.0741,25.192461,25.236984,25.202337,25.195866,25.182436,25.145102,25.17153,25.21812,25.283731,25.413033,25.503616,25.518795,25.662703,25.903492,26.065523,26.145397,26.228662,26.288824,26.32241,26.36397,26.397245,26.379786,26.299574,26.146326,25.963085,25.638557,25.25483,24.940662,24.635918,24.572233,,,,,,,,,,,,,,,,,,,,,,,,,,,,,,,23.495476,23.468382,23.290989,23.85478,23.856548,23.537485,,,,,,,,,,,,,,,,,,,,,,,,,,,,,,,,,,,,,,,,,,,,,,,,,,,,,,,,,,,,,,,,,,,,,,,,,,,,,,,,,,,,,,,,,,,,,,,,,,,,,,,,,,,,,,,,,,,,,,,,,,,,,,,,,,,,,,,,,,,,,,,,,,,,,,,,,,,,,,,,,,,,,,,,,,,,,,21.78004,21.730768,21.789478,21.977163,22.08185,22.104748,22.070599,21.969782,21.801714,21.688412,21.653646,21.662468,21.733004,21.872927,21.965199,21.962378,,23.367851,23.812056,23.806953,23.867996,23.71876,24.074022,23.784983,23.416569,23.206392,23.153212,23.108328,23.052208,23.098652,23.16769,23.237059,23.186651,22.976305,22.828573,22.84825,22.973083,22.98843,22.963211,22.923105,22.899261,22.920464,22.949814,22.946167,22.94607
21.5,,,,,,,,,,,,,,,,,,,,,,,,,,,,,,,,,,,,,,,,,,,,,,,,,,,,,,,,,,,,,,,,,,,,,,,,,,,,,,,,,,,,,,,,,,,,,,,,,,,,,,,,,,,,,,,,,,,,,,,,,,,,,,,,,,,,,,,,,,,,,25.610327,25.929989,26.036297,26.070414,25.984367,25.956327,26.010586,26.109365,26.305462,26.546972,26.634424,26.571363,26.487907,26.376482,26.257578,26.252892,26.385653,26.567352,26.678314,26.67438,26.655973,26.59107,26.540152,26.492508,26.472944,26.47662,26.500635,26.547638,26.59889,26.645159,26.6644,26.628443,26.531366,26.37125,26.10435,25.761677,25.460001,25.411041,25.465162,25.43015,25.501959,25.735157,25.962492,26.105167,26.170668,26.25729,26.313383,26.291372,26.129517,25.903532,25.847042,25.904814,25.979918,26.01221,25.997467,25.94611,25.911604,25.9191,25.950686,25.96021,25.977507,26.02243,26.085869,26.102324,26.091112,26.099426,26.06293,25.984179,26.026619,26.030943,25.820696,25.660217,25.561335,25.358011,25.05767,24.636395,24.543795,24.61063,24.721004,24.81408,24.851046,24.88713,24.923725,24.964426,24.998074,24.984781,24.931536,24.775663,24.674782,24.717152,24.787832,24.79556,24.85475,24.974314,25.056871,25.112364,25.090424,25.110115,25.143988,25.117327,25.12004,25.234463,25.282476,25.275785,25.329536,25.485159,25.554958,25.695698,25.937176,26.084854,26.143496,26.183203,26.216152,26.251665,26.326906,26.391666,26.422892,26.394865,26.311659,26.205156,25.963783,25.639568,25.327713,25.00377,24.727156,24.524366,,,,,,,,,,,,,,,,,,,,,,,,,,,,,,23.563019,23.59297,23.566082,23.978594,23.892735,,,,,,,,,,,,,,,,,,,,,,,,,,,,,,,,,,,,,,,,,,,,,,,,,,,,,,,,,,,,,,,,,,,,,,,,,,,,,,,,,,,,,,,,,,,,,,,,,,,,,,,,,,,,,,,,,,,,,,,,,,,,,,,,,,,,,,,,,,,,,,,,,,,,,,,,,,,,,,,,,,,,,,,,,,,,,21.96285,21.949389,21.984371,22.021255,22.185328,22.34458,22.438557,22.39663,22.290854,22.139698,21.965803,21.8447,21.791441,21.805357,21.90744,22.049738,22.09498,22.031046,22.270525,23.020985,23.709538,23.740288,23.731052,23.747328,24.072313,23.755632,23.456377,23.321907,23.35344,23.362793,23.276184,23.779837,23.738813,23.736084,23.6138,23.255491,23.092997,23.176601,23.495079,23.338762,23.259335,23.201935,23.148329,23.137989,23.16924,23.173452,23.181011
21.416672,,,,,,,,,,,,,,,,,,,,,,,,,,,,,,,,,,,,,,,,,,,,,,,,,,,,,,,,,,,,,,,,,,,,,,,,,,,,,,,,,,,,,,,,,,,,,,,,,,,,,,,,,,,,,,,,,,,,,,,,,,,,,,,,,,,,,,,,,,,,25.599522,25.808578,26.024343,26.083975,26.015392,25.94493,25.956366,25.996384,26.093208,26.298042,26.54516,26.635324,26.574064,26.502548,26.41572,26.26202,26.196758,26.261591,26.39726,26.562086,26.656034,26.680552,26.699743,26.675005,26.665155,26.650673,26.650202,26.661564,26.674034,26.680885,26.66585,26.604946,26.494999,26.334665,26.098873,25.792454,25.50256,25.383558,25.413008,25.424265,25.452383,25.656898,25.856668,25.986357,26.069622,26.167477,26.282665,26.31563,26.200907,25.875607,25.736006,25.743082,25.77539,25.819273,25.847654,25.843937,25.826214,25.841528,25.884775,25.932758,25.956587,25.984718,26.02052,26.073425,26.088852,26.08219,26.104675,26.058157,25.998644,26.03423,26.021944,25.852404,25.705034,25.569103,25.22325,24.795456,24.564156,24.59691,24.689365,24.822746,24.849455,24.866325,24.938665,24.993458,25.015247,25.034065,25.002792,24.913414,24.768328,24.709278,24.76597,24.814114,24.820267,24.91213,24.996515,25.036516,25.010689,24.95011,24.997116,25.004326,25.017485,25.135334,25.287823,25.347837,25.313202,25.317694,25.464651,25.591806,25.777792,25.987741,26.07844,26.121794,26.12446,26.133291,26.16884,26.270758,26.386534,26.428286,26.41545,26.41985,26.360159,26.206537,25.997164,25.634966,25.299444,25.02295,24.778696,24.59088,,,,,,,,,,,,,,,,,,,,,,,,,,,,23.616959,23.673328,23.62317,23.702028,23.987295,23.89666,,,,,,,,,,,,,,,,,,,,,,,,,,,,,,,,,,,,,,,,,,,,,,,,,,,,,,,,,,,,,,,,,,,,,,,,,,,,,,,,,,,,,,,,,,,,,,,,,,,,,,,,,,,,,,,,,,,,,,,,,,,,,,,,,,,,,,,,,,,,,,,,,,,,,,,,,,,,,,,,,,,,,,,,,,,,,22.120394,22.126282,22.118757,22.150002,22.383678,22.688398,22.86124,22.728668,22.548346,22.333225,22.147848,22.02929,21.962353,21.982674,22.095243,22.226145,22.254177,22.175287,22.338375,22.780188,23.390968,23.491358,23.530323,23.800797,23.88068,23.976156,23.678196,23.50668,23.657276,23.765463,24.108992,24.420502,24.514462,24.351423,23.957521,23.523588,23.352318,23.56969,24.077986,23.685598,23.564964,23.44877,23.368214,23.391012,23.469002,23.495464,23.502655
21.333336,,,,,,,,,,,,,,,,,,,,,,,,,,,,,,,,,,,,,,,,,,,,,,,,,,,,,,,,,,,,,,,,,,,,,,,,,,,,,,,,,,,,,,,,,,,,,,,,,,,,,,,,,,,,,,,,,,,,,,,,,,,,,,,,,,,,,,,,,,25.566057,25.634295,25.802631,25.964619,26.059734,26.085875,26.006409,25.931051,25.96843,26.01531,26.07959,26.28473,26.534561,26.636793,26.603113,26.53658,26.466484,26.287691,26.152071,26.155077,26.2431,26.359598,26.493933,26.581865,26.638737,26.673676,26.6859,26.692787,26.69228,26.682049,26.655529,26.6105,26.526638,26.400461,26.227747,26.003614,25.746937,25.495016,25.341478,25.345245,25.397762,25.441502,25.600483,25.840483,26.007025,26.09624,26.171083,26.262697,26.32609,26.219128,25.96585,25.784264,25.823757,25.859388,25.872004,25.868708,25.859629,25.872566,25.882696,25.917711,25.961748,25.983881,25.999096,26.008232,26.016594,26.052158,26.067652,26.078611,26.094294,26.080854,26.044579,26.068384,26.050224,25.909481,25.66563,25.279678,24.900387,24.675367,24.63308,24.636717,24.777323,24.848818,24.837706,24.915556,24.990011,24.990011,24.992577,25.002558,24.963135,24.850777,24.741982,24.7431,24.814344,24.847017,24.886648,24.961008,24.984917,25.011892,24.91952,24.846008,24.912344,24.978573,25.099655,25.264767,25.40894,25.431091,25.354067,25.318851,25.432583,25.527704,25.67438,25.850935,25.958647,26.025429,26.055935,26.027061,26.034557,26.1612,26.38484,26.43649,26.420845,26.42777,26.455345,26.37489,26.200825,25.983736,25.669739,25.399754,25.137756,24.8844,24.716354,,,,,,,,,,,,,,,,,,,,,,,,,,,23.71445,23.834854,23.672655,23.836826,23.922678,23.915281,,,,,,,,,,,,,,,,,,,,,,,,,,,,,,,,,,,,,,,,,,,,,,,,,,,,,,,,,,,,,,,,,,,,,,,,,,,,,,,,,,,,,,,,,,,,,,,,,,,,,,,,,,,,,,,,,,,,,,,,,,,,,,,,,,,,,,,,,,,,,,,,,,,,,,,,,,,,,,,,,,,,,,,,,,,,22.16059,22.234629,22.300463,22.166574,22.36393,22.470043,22.755322,22.798613,22.89467,22.859657,22.536148,22.300514,22.202835,22.158571,22.201523,22.343044,22.413626,22.418,22.378702,22.527447,22.868525,23.273722,23.387949,23.578684,23.881067,23.8897,24.018248,23.712599,23.616697,23.917105,24.284775,24.527607,24.543386,24.563725,24.463717,24.329098,24.090416,23.988773,23.761024,24.169743,23.765871,23.856117,23.521057,23.51693,23.612717,23.618143,23.682524,23.781588
21.25,,,,,,,,,,,,,,,,,,,,,,,,,,,,,,,,,,,,,,,,,,,,,,,,,,,,,,,,,,,,,,,,,,,,,,,,,,,,,,,,,,,,,,,,,,,,,,,,,,,,,,,,,,,,,,,,,,,,,,,,,,,,,,,,,,,,,,,,,25.381535,25.72346,25.90233,25.95101,26.052639,26.121248,26.1256,26.051376,25.941584,25.989565,26.026484,26.08787,26.275051,26.514978,26.627028,26.583664,26.528612,26.4942,26.332401,26.152304,26.098629,26.125645,26.181969,26.271194,26.351236,26.429827,26.482706,26.516378,26.528357,26.520504,26.493988,26.44108,26.36012,26.237886,26.08318,25.890053,25.688507,25.502481,25.384434,25.3583,25.414856,25.474838,25.598614,25.82939,26.14162,26.265701,26.23852,26.234827,26.24421,26.189144,26.022802,25.853344,25.907187,25.97973,26.007334,26.005642,26.011312,26.008215,26.000317,25.99084,25.988297,25.98537,25.950867,25.939869,25.944593,25.96588,26.02389,26.062948,26.085224,26.109236,26.11826,26.084213,26.116455,26.04412,25.740368,25.344763,25.00855,24.837378,24.703434,24.643906,24.706335,24.816944,24.858114,24.873487,24.957962,24.973585,24.931198,24.9329,24.958445,24.92959,24.854591,24.77954,24.81011,24.857721,24.881088,24.920822,24.94775,24.980602,24.993393,24.875751,24.83127,24.967466,25.149956,25.272661,25.374874,25.475208,25.470264,25.356853,25.312052,25.409103,25.449543,25.528875,25.645216,25.770315,25.850775,25.918264,25.938534,25.917704,26.04502,26.348295,26.4577,26.45135,26.427246,26.443878,26.463385,26.384518,26.260143,26.01143,25.766315,25.504343,25.197798,24.956898,24.73114,,,,,,,,,,,,,,,,,,,,,,,,,23.776833,23.812084,23.838017,23.736383,24.068697,24.115318,24.254847,,,,,,,,,,,,,,,,,,,,,,,,,,,,,,,,,,,,,,,,,,,,,,,,,,,,,,,,,,,,,,,,,,,,,,,,,,,,,,,,,,,,,,,,,,,,,,,,,,,,,,,,,,,,,,,,,,,,,,,,,,,,,,,,,,,,,,,,,,,,,,,,,,,,,,,,,,,,,,,,,,,,,,,,,,,22.000109,22.182234,22.313967,22.41118,22.375593,22.718681,22.459074,22.723846,22.88454,22.986988,23.088278,22.489494,22.373535,22.40078,22.520372,22.461412,22.593193,22.671295,22.595425,22.65518,22.697641,22.933044,23.200766,23.33436,23.641792,23.971464,23.949043,23.956837,23.788496,24.014776,24.401667,24.677622,24.876904,24.76883,24.641489,24.564707,24.488379,24.359783,24.30913,24.311478,24.43762,24.295797,24.194689,23.22676,23.489616,23.465832,23.534622,23.62709,23.6563
21.166672,,,,,,,,,,,,,,,,,,,,,,,,,,,,,,,,,,,,,,,,,,,,,,,,,,,,,,,,,,,,,,,,,,,,,,,,,,,,,,,,,,,,,,,,,,,,,,,,,,,,,,,,,,,,,,,,,,,,,,,,,,,,,,,,,,,,,,,,25.186806,25.62853,25.856085,25.942019,25.986622,26.080683,26.115974,26.07741,25.982323,25.948889,26.006765,26.0432,26.098467,26.29398,26.520151,26.609104,26.557638,26.47544,26.460655,26.343084,26.170368,26.086103,26.07113,26.077682,26.119822,26.156363,26.198195,26.233665,26.252346,26.25913,26.238285,26.20492,26.146149,26.059656,25.946955,25.815857,25.67011,25.540287,25.45066,25.417849,25.455902,25.507038,25.58761,25.84144,26.164568,26.397028,26.32871,26.082909,26.050564,26.024817,25.985363,25.899336,25.952486,26.004816,26.022028,26.042767,26.05936,26.055374,26.041887,26.013058,25.98146,25.954058,25.899559,25.88184,25.897942,25.93244,26.004189,26.09843,26.119703,26.124846,26.155535,26.150894,26.129465,26.134054,25.950153,25.552307,25.170532,25.016241,24.812832,24.716608,24.702045,24.746235,24.856869,24.878616,24.90625,24.972105,24.944622,24.908041,24.89951,24.88542,24.873035,24.819157,24.780231,24.813856,24.876831,24.906279,24.935766,24.966887,25.008799,24.979721,24.849213,24.877306,25.086077,25.313938,25.431904,25.45238,25.496422,25.466509,25.303476,25.321697,25.386898,25.395847,25.433556,25.484913,25.561262,25.61744,25.69548,25.796875,25.866348,26.010586,26.325525,26.467756,26.470514,26.450354,26.440193,26.476185,26.480925,26.418722,26.241917,26.023708,25.772598,25.484497,25.191105,24.949343,24.7832,,,,,,,,,,,,,,,,,,,,,,,23.875122,23.803032,23.863777,23.91143,23.920004,24.081028,24.28661,24.5564,,,,,,,,,,,,,,,,,,,,,,,,,,,,,,,,,,,,,,,,,,,,,,,,,,,,,,,,,,,,,,,,,,,,,,,,,,,,,,,,,,,,,,,,,,,,,,,,,,,,,,,,,,,,,,,,,,,,,,,,,,,,,,,,,,,,,,,,,,,,,,,,,,,,,,,,,,,,,,,,,,,,,,,,,,,22.19388,22.394482,22.4513,22.41737,22.786324,23.155277,23.012985,22.909637,22.805536,22.737589,23.199038,23.37014,22.531809,22.783636,22.971924,22.796543,22.869144,23.019382,22.688004,22.860342,22.826935,23.048943,23.264317,23.50102,23.962486,24.144222,24.046558,23.942656,24.242409,24.596447,24.894907,25.064638,25.135063,25.01587,24.838757,24.770943,24.582521,24.456131,24.673578,24.727348,24.82458,24.590647,24.195652,23.278486,23.449247,23.424747,23.516663,23.624035,23.604746
21.083336,,,,,,,,,,,,,,,,,,,,,,,,,,,,,,,,,,,,,,,,,,,,,,,,,,,,,,,,,,,,,,,,,,,,,,,,,,,,,,,,,,,,,,,,,,,,,,,,,,,,,,,,,,,,,,,,,,,,,,,,,,,,,,,,,,,,,,,,25.238071,25.72291,25.908838,26.00523,26.041548,26.11946,26.112495,26.037127,25.936476,25.957048,26.010445,26.037558,26.104376,26.303854,26.518715,26.59801,26.543829,26.442974,26.413597,26.346916,26.191763,26.092716,26.048449,26.00752,26.014912,26.035229,26.048643,26.048763,26.043722,26.033438,26.00134,25.963764,25.903177,25.823132,25.734085,25.627075,25.521336,25.428972,25.412334,25.433212,25.503237,25.605066,25.814411,26.15942,26.461433,26.49008,26.218472,25.9938,26.007553,25.989489,25.977535,25.990198,26.026058,25.98985,25.96516,25.990513,26.000404,25.965006,25.90538,25.865519,25.848333,25.855099,25.87852,25.91248,25.965578,26.067955,26.139679,26.18968,26.187296,26.192999,26.208225,26.216282,26.190702,26.138136,25.901628,25.479017,25.109962,25.086369,24.817915,24.759834,24.701956,24.79177,24.88617,24.896833,24.926306,24.972015,24.94087,24.92468,24.928917,24.902102,24.876043,24.862288,24.870354,24.904675,24.955387,24.9822,24.99428,25.007763,25.009594,24.950312,24.899996,25.125883,25.342531,25.53585,25.67608,25.639946,25.596464,25.490454,25.289627,25.335512,25.350315,25.383577,25.411654,25.437517,25.463745,25.49585,25.60176,25.764736,25.887877,26.079758,26.383833,26.508213,26.516615,26.486404,26.473166,26.484423,26.519182,26.510757,26.426033,26.236225,26.022373,25.777836,25.488113,25.164257,24.98894,24.536161,,,,,,,,,,,,,,,,,,,,23.92133,23.943857,24.01428,24.070148,24.038143,24.093475,24.125792,24.379745,24.842648,25.105675,24.651308,24.273396,,,,,,,,,,,,,,,,,,,,,,,,,,,,,,,,,,,,,,,,,,,,,,,,,,,,,,,,,,,,,,,,,,,,,,,,,,,,,,,,,,,,,,,,,,,,,,,,,,,,,,,,,,,,,,,,,,,,,,,,,,,,,,,,,,,,,,,,,,,,,,,,,,,,,,,,,,,,,,,,,,,,,,,,,22.436003,22.590248,22.719236,22.884373,23.08631,23.131144,23.022257,23.06081,22.87783,22.877247,23.052504,23.17589,23.029472,23.483213,23.592283,23.018541,23.192083,23.415543,22.823593,23.157486,23.121475,23.30045,23.53091,23.802124,24.412216,24.519178,24.52907,24.56417,24.770765,24.875479,24.948265,24.987772,25.100618,25.19262,25.131002,25.011124,24.710041,24.48849,24.635382,24.62178,24.729488,24.193409,23.761047,23.486145,23.680239,23.6483,23.709196,23.680079,23.65736
21.0,,,,,,,,,,,,,,,,,,,,,,,,,,,,,,,,,,,,,,,,,,,,,,,,,,,,,,,,,,,,,,,,,,,,,,,,,,,,,,,,,,,,,,,,,,,,,,,,,,,,,,,,,,,,,,,,,,,,,,,,,,,,,,,,,,,,,,,25.289322,25.55749,25.824945,25.983212,26.085882,26.122635,26.165213,26.128107,26.039791,25.9457,25.980513,26.0138,26.007961,26.097563,26.305765,26.499464,26.584276,26.542145,26.432257,26.371216,26.300566,26.175673,26.092333,26.050257,25.994734,25.969511,25.965286,25.96066,25.950563,25.931105,25.908957,25.872528,25.818583,25.757925,25.681412,25.604813,25.525574,25.476086,25.47826,25.535505,25.619873,25.74603,25.93639,26.19278,26.439716,26.588213,26.513481,26.252546,26.190294,26.159435,26.106514,26.071928,26.049076,25.972122,25.872534,25.880869,25.920105,25.8756,25.804085,25.805593,25.84529,25.880995,25.916496,25.945988,25.983715,26.051773,26.15403,26.221395,26.24201,26.23991,26.241653,26.215609,26.165468,26.109224,26.07759,25.794495,25.377893,25.159466,25.077635,24.856888,24.72855,24.727245,24.82379,24.898142,24.900253,24.92544,24.982664,24.95138,24.941957,24.96018,24.931168,24.915764,24.916153,24.921202,24.936861,24.962273,24.976229,24.975864,24.982502,25.00707,25.058758,25.263239,25.544352,25.761547,25.89492,25.97054,25.867142,25.718067,25.49661,25.291536,25.363712,25.370972,25.41717,25.447386,25.465462,25.50688,25.634672,25.840418,25.94396,25.997078,26.163086,26.439425,26.59008,26.58974,26.56299,26.540628,26.531778,26.542679,26.546564,26.499355,26.414724,26.26613,26.055597,25.760653,25.38872,25.210867,25.0578,24.944147,,,,,,,,,,,,,,,,,24.028625,23.96927,23.873909,23.843578,23.949858,24.129745,24.417282,24.490135,24.645935,24.866598,25.132248,25.1118,24.73171,24.44336,,,,,,,,,,,,,,,,,,,,,,,,,,,,,,,,,,,,,,,,,,,,,,,,,,,,,,,,,,,,,,,,,,,,,,,,,,,,,,,,,,,,,,,,,,,,,,,,,,,,,,,,,,,,,,,,,,,,,,,,,,,,,,,,,,,,,,,,,,,,,,,,,,,,,,,,,,,,,,,,,,,,,,,,,,22.666883,22.813557,23.028944,23.243378,23.234245,22.922058,22.859892,22.846405,23.041136,23.163517,23.31887,23.550243,24.217762,24.154316,23.140646,23.80069,23.92029,23.483652,23.443338,23.514082,23.626717,23.98599,24.442781,24.884,24.707863,24.739628,24.696709,24.635057,24.648775,24.702797,24.813076,24.960218,25.07648,25.222574,25.140614,24.783802,24.20446,24.266752,24.22817,24.204136,24.053856,23.949022,23.8442,23.977184,23.872545,23.874138,23.899746,23.856386
20.916672,,,,,,,,,,,,,,,,,,,,,,,,,,,,,,,,,,,,,,,,,,,,,,,,,,,,,,,,,,,,,,,,,,,,,,,,,,,,,,,,,,,,,,,,,,,,,,,,,,,,,,,,,,,,,,,,,,,,,,,,,,,,,,,,,,,,,,,25.440224,25.707449,25.974432,26.133526,26.216995,26.20158,26.164408,26.107405,26.025713,25.964075,26.003485,26.002226,25.975883,26.0717,26.277851,26.460018,26.566746,26.56577,26.449696,26.334806,26.240965,26.096048,26.0158,26.011087,25.999086,25.974327,25.966785,25.961733,25.945042,25.921545,25.890299,25.861118,25.801031,25.755009,25.710451,25.673637,25.669033,25.706888,25.804329,25.942278,26.067669,26.201494,26.330725,26.434034,26.491243,26.509457,26.461187,26.258759,26.236494,26.233076,26.173359,26.107117,25.990946,25.831621,25.795746,25.844442,25.859324,25.812042,25.799997,25.83509,25.819967,25.78391,25.782913,25.798393,25.815514,25.887009,26.003572,26.111113,26.1527,26.140568,26.09301,25.993265,25.892172,25.84722,25.820232,25.583208,25.284128,25.248896,25.08764,24.833637,24.722612,24.748055,24.8388,24.91463,24.920164,24.964226,25.07409,25.088127,25.058064,25.076147,25.072123,25.051765,25.062235,25.068598,25.084919,25.11547,25.134468,25.16984,25.260712,25.384228,25.597727,25.848558,26.017828,26.11254,26.134123,26.125599,25.988459,25.76675,25.425406,25.319939,25.392044,25.43367,25.4896,25.521793,25.55025,25.695034,25.968336,26.159597,26.160372,26.107046,26.216084,26.49818,26.632967,26.646605,26.639416,26.630224,26.615187,26.604757,26.598192,26.557438,26.52385,26.443426,26.26905,25.858763,25.525877,25.412716,25.311462,25.213242,25.112352,,,,,,,,,,,,,,24.158083,24.150663,24.027338,23.932716,23.86229,23.895979,24.085268,24.358952,24.764372,25.029781,25.358932,25.631378,25.480959,25.265757,24.859907,24.74839,24.569231,,,,,,,,,,,,,,,,,,,,,,,,,,,,,,,,,,,,,,,,,,,,,,,,,,,,,,,,,,,,,,,,,,,,,,,,,,,,,,,,,,,,,,,,,,,,,,,,,,,,,,,,,,,,,,,,,,,,,,,,,,,,,,,,,,,,,,,,,,,,,,,,,,,,,,,,,,,,,,,,,,,,,,,,,22.66532,22.746931,22.970434,23.27062,23.38576,23.153578,23.122883,23.319435,23.507084,23.504356,23.74024,24.030142,24.24835,24.15406,23.944942,24.14603,24.157187,24.002226,23.95015,23.961084,24.003376,24.29461,24.709476,24.919472,24.758934,24.511795,24.375301,24.383537,24.523619,24.55602,24.622875,24.719572,24.975946,25.374191,25.160818,24.699215,24.159964,24.22646,24.26558,24.33984,24.27972,24.244917,24.333834,24.451225,24.297611,24.188856,24.11884,24.13652
20.833336,,,,,,,,,,,,,,,,,,,,,,,,,,,,,,,,,,,,,,,,,,,,,,,,,,,,,,,,,,,,,,,,,,,,,,,,,,,,,,,,,,,,,,,,,,,,,,,,,,,,,,,,,,,,,,,,,,,,,,,,,,,,,,,,,,,,,,25.445679,25.642612,25.997372,26.263996,26.264685,26.24495,26.216158,26.143837,26.071438,26.001637,25.974241,26.007898,25.973494,25.953487,26.050762,26.222553,26.378723,26.501625,26.567297,26.463196,26.311638,26.166069,25.971891,25.86554,25.888794,25.914494,25.920246,25.930841,25.95722,25.977772,25.9977,26.011564,26.001688,25.973936,25.938892,25.924675,25.944967,26.002386,26.097044,26.215792,26.33205,26.401926,26.400608,26.334837,26.245909,26.256762,26.227743,26.201946,26.16582,26.21771,26.248919,26.193203,26.06703,25.875628,25.753954,25.780436,25.821983,25.812208,25.760021,25.727896,25.695269,25.621212,25.551405,25.520233,25.487185,25.445805,25.495064,25.66768,25.837513,25.895857,25.873383,25.799372,25.685678,25.57535,25.556171,25.545984,25.39267,25.248077,25.24413,25.163107,24.875504,24.728928,24.753603,24.855036,24.957787,24.982452,25.057442,25.246,25.377893,25.418926,25.46582,25.52364,25.560833,25.602095,25.630148,25.668253,25.716303,25.74049,25.777533,25.857126,25.974876,26.118462,26.110754,26.104292,26.11193,26.11705,26.096983,25.960648,25.690737,25.333965,25.38231,25.438297,25.50021,25.5721,25.632809,25.771908,26.030554,26.227272,26.196295,26.105122,26.078676,26.256872,26.535757,26.642462,26.660477,26.680534,26.702692,26.694572,26.697897,26.685394,26.660585,26.643417,26.580612,26.460533,26.152815,25.81157,25.610912,25.46215,25.341887,25.232246,25.159454,24.968834,,,,,,,,,,24.417877,24.405594,24.282286,24.135551,24.033804,23.977938,23.94995,24.031126,24.118683,24.630999,25.181034,25.412975,25.792786,25.922743,25.932243,25.791851,25.196384,24.87453,24.726381,,,,,,,,,,,,,,,,,,,,,,,,,,,,,,,,,,,,,,,,,,,,,,,,,,,,,,,,,,,,,,,,,,,,,,,,,,,,,,,,,,,,,,,,,,,,,,,,,,,,,,,,,,,,,,,,,,,,,,,,,,,,,,,,,,,,,,,,,,,,,,,,,,,,,,,,,,,,,,,,,,,,,,,,,,22.731619,22.863888,23.31536,23.643097,23.653677,23.397015,23.779877,23.755823,23.826807,23.920057,24.097034,24.13598,24.212666,24.301868,24.320204,24.270788,24.27056,24.14198,24.154203,24.195143,24.393324,24.63864,24.720251,24.511671,24.198502,24.197104,24.365692,24.46199,24.368223,24.28155,24.175772,24.430279,25.04653,24.681578,24.345629,24.316238,24.250338,24.297138,24.486525,24.317228,24.28544,24.513113,24.90898,24.906414,24.60664,24.322248,24.257174
20.75,,,,,,,,,,,,,,,,,,,,,,,,,,,,,,,,,,,,,,,,,,,,,,,,,,,,,,,,,,,,,,,,,,,,,,,,,,,,,,,,,,,,,,,,,,,,,,,,,,,,,,,,,,,,,,,,,,,,,,,,,,,,,,,,,,,,,24.970098,25.602154,25.909988,26.168137,26.28997,26.27244,26.253847,26.21688,26.111198,26.033451,25.989878,26.000214,26.000338,25.945704,25.936964,26.018826,26.137352,26.256073,26.387735,26.505407,26.444767,26.25843,26.087667,25.868189,25.722876,25.774036,25.85728,25.904066,25.886171,25.864847,25.847637,25.86469,25.952202,26.049322,26.129871,26.195421,26.199545,26.219854,26.283941,26.346355,26.39521,26.392385,26.326649,26.207657,26.100039,26.057604,26.098946,26.14911,26.178339,26.215015,26.259512,26.267893,26.186247,26.00278,25.823215,25.801012,25.80645,25.772894,25.752432,25.738825,25.68594,25.616161,25.549788,25.507664,25.496445,25.459631,25.34197,25.254541,25.334705,25.518902,25.579224,25.551651,25.499197,25.441078,25.365385,25.320705,25.312006,25.241976,25.164495,25.160528,25.196487,24.967077,24.74837,24.758373,24.866985,25.021101,25.09073,25.160717,25.350828,25.555138,25.677057,25.762127,25.841316,25.902641,25.957262,26.007011,26.062292,26.116741,26.145937,26.1651,26.138695,26.066036,25.910791,25.783476,25.786835,25.90038,26.011372,26.038948,25.880142,25.578217,25.324863,25.451275,25.502293,25.579117,25.684496,25.8088,26.019331,26.232935,26.24467,26.122692,26.005342,26.05269,26.334587,26.553589,26.613451,26.632284,26.673918,26.722956,26.751951,26.790653,26.817783,26.83611,26.843409,26.803654,26.727268,26.6534,26.42635,26.201542,25.987282,25.682943,25.357952,25.190279,25.109055,25.105732,25.046963,,,,,24.820791,24.873316,24.781326,24.626505,24.521067,24.35501,24.207924,24.13555,24.066214,24.032207,24.12116,24.18052,24.77164,25.540012,25.64104,25.90691,26.099405,26.080982,25.83629,25.359869,24.963867,24.840837,,,,,,,,,,,,,,,,,,,,,,,,,,,,,,,,,,,,,,,,,,,,,,,,,,,,,,,,,,,,,,,,,,,,,,,,,,,,,,,,,,,,,,,,,,,,,,,,,,,,,,,,,,,,,,,,,,,,,,,,,,,,,,,,,,,,,,,,,,,,,,,,,,,,,,,,,,,,,,,,,,,,,,,,,,22.746801,22.843468,23.114998,23.571825,23.800646,23.695164,23.996832,24.04736,24.107243,24.20724,24.395105,24.558233,24.790676,24.924566,24.850964,24.904657,24.808968,24.603653,24.266117,24.183294,24.262337,24.392374,24.484549,24.359863,24.167517,24.228794,24.44222,24.536312,24.537678,24.52234,24.30629,24.555672,24.952625,24.354204,24.18591,24.399267,24.335043,24.397228,24.604916,24.331602,24.366467,24.554247,24.915506,25.02878,24.767052,24.42183,24.301603
20.666672,,,,,,,,,,,,,,,,,,,,,,,,,,,,,,,,,,,,,,,,,,,,,,,,,,,,,,,,,,,,,,,,,,,,,,,,,,,,,,,,,,,,,,,,,,,,,,,,,,,,,,,,,,,,,,,,,,,,,,,,,,,,,,,,,,,,24.76366,25.068155,25.659916,26.08071,26.162613,26.251629,26.254126,26.228651,26.192057,26.087564,26.0108,25.995846,26.016962,25.978046,25.927782,25.930239,25.979202,26.039974,26.11707,26.23613,26.386732,26.413385,26.22716,26.037916,25.864246,25.720932,25.780546,25.950144,26.091898,26.092354,26.029306,25.948158,25.76899,25.68456,25.75664,25.878164,26.095785,26.190336,26.21189,26.248672,26.26577,26.254751,26.192839,26.107779,26.044329,26.047905,26.126505,26.20696,26.277258,26.307465,26.306942,26.306667,26.279877,26.163807,25.970568,25.864231,25.885654,25.844889,25.760944,25.729204,25.734707,25.712744,25.656319,25.618418,25.624098,25.672289,25.672426,25.52177,25.301142,25.214973,25.306787,25.391327,25.372063,25.325861,25.290255,25.251116,25.207138,25.175117,25.124819,25.059042,25.045303,25.179623,25.066729,24.809223,24.75734,24.837973,25.019508,25.163185,25.228067,25.319899,25.45863,25.581367,25.684149,25.77598,25.84339,25.904789,25.97051,26.059473,26.150776,26.158834,26.071156,25.893322,25.677877,25.51621,25.47858,25.559647,25.742638,25.93839,25.987295,25.781044,25.484816,25.388899,25.510931,25.552166,25.647667,25.7928,25.954412,26.155273,26.30243,26.290337,26.162043,26.023867,26.116621,26.382349,26.526115,26.528805,26.531301,26.593166,26.658579,26.703842,26.768362,26.8511,26.93552,26.987152,26.984932,26.935005,26.905336,26.884216,26.861385,26.741564,26.416533,25.857994,25.306168,25.17876,25.270945,25.368103,25.231688,25.16101,25.164505,25.225643,25.2264,25.090944,24.960861,24.81183,24.649387,24.469095,24.370358,24.316298,24.188452,24.06695,24.119593,24.38128,25.12408,25.737999,25.864164,26.0668,26.215714,26.163256,25.918024,25.443195,25.024805,24.925554,,,,,,,,,,,,,,,,,,,,,,,,,,,,,,,,,,,,,,,,,,,,,,,,,,,,,,,,,,,,,,,,,,,,,,,,,,,,,,,,,,,,,,,,,,,,,,,,,,,,,,,,,,,,,,,,,,,,,,,,,,,,,,,,,,,,,,,,,,,,,,,,,,,,,,,,,,,,,,,,,,,,,,,,,,22.910881,22.968035,23.161087,23.473637,23.76336,23.735487,23.836994,24.09434,24.242172,24.394318,24.655916,24.831432,24.931135,24.918304,24.9753,25.23066,25.534225,25.623316,25.16361,24.49035,24.264606,24.252428,24.233833,24.181147,24.210073,24.379839,24.58499,24.777554,24.745226,24.627193,24.576057,24.81327,25.087847,24.421314,24.148447,24.353743,24.286207,24.44411,24.615187,24.36797,24.491484,24.602974,24.843008,24.837315,24.594929,24.458061,24.492647
20.583336,,,,,,,,,,,,,,,,,,,,,,,,,,,,,,,,,,,,,,,,,,,,,,,,,,,,,,,,,,,,,,,,,,,,,,,,,,,,,,,,,,,,,,,,,,,,,,,,,,,,,,,,,,,,,,,,,,,,,,,,,,,,,,24.470226,24.52292,24.552776,,,,24.733265,24.963219,25.316168,,,26.209854,26.22955,26.211775,26.166306,26.068245,26.01116,26.016705,26.017796,25.96354,25.923876,25.931244,25.95239,25.969524,26.001665,26.079683,26.237293,26.392979,26.345781,26.143185,25.961113,25.867914,25.886414,26.028414,26.158735,26.14999,26.127798,26.133703,25.97189,25.771643,25.63167,25.612368,25.747658,25.887218,25.942495,25.977077,26.00441,26.001694,25.975956,25.977636,26.036478,26.1306,26.21357,26.28455,26.340567,26.344507,26.335876,26.322374,26.260687,26.12027,25.953276,25.931143,25.959633,25.89619,25.807228,25.762608,25.766829,25.773962,25.733467,25.70036,25.714111,25.746624,25.73891,25.625113,25.455572,25.346327,25.377937,25.446856,25.471972,25.44079,25.385574,25.338573,25.299232,25.252829,25.19253,25.117468,25.01286,25.132223,25.14487,24.90438,24.766129,24.77701,24.874357,25.018555,25.10712,25.147757,25.204777,25.289467,25.399548,25.524448,25.641024,25.742302,25.851294,26.001707,26.146984,26.145859,25.978487,25.7429,25.545162,25.453482,25.444942,25.490644,25.654875,25.865778,25.939138,25.732512,25.431152,25.452179,25.555231,25.58156,25.667494,25.829725,26.010181,26.196508,26.366875,26.429344,26.326689,26.112597,26.11619,26.373621,26.449327,26.390694,26.383009,26.483276,26.5766,26.614906,26.654118,26.743004,26.886335,27.01018,27.062624,27.007349,26.932339,26.8616,26.873251,26.899551,26.865273,26.633215,25.756113,25.489693,25.88475,26.023657,25.593262,25.453676,25.410542,25.50699,25.428217,25.117004,24.981619,24.89676,24.775272,24.652761,24.57231,24.451143,24.301851,24.139292,24.167324,24.601648,25.390205,25.783724,26.024052,26.178982,26.279781,26.230495,26.021103,25.568933,25.090208,25.0367,,,,,,,,,,,,,,,,,,,,,,,,,,,,,,,,,,,,,,,,,,,,,,,,,,,,,,,,,,,,,,,,,,,,,,,,,,,,,,,,,,,,,,,,,,,,,,,,,,,,,,,,,,,,,,,,,,,,,,,,,,,,,,,,,,,,,,,,,,,,,,,,,,,,,,,,,,,,,,,,,,,,,,,22.889542,22.922705,22.990507,23.073353,23.152538,23.31009,23.534454,23.636717,23.605032,23.652712,23.84961,24.129454,24.331648,24.498447,24.46703,24.329523,24.196476,24.234423,24.470514,25.134745,26.00138,26.43266,25.887672,24.93115,24.643509,24.476522,24.470009,24.590216,24.585558,24.799324,24.90615,24.947876,24.866486,24.836773,24.987316,25.09491,24.550066,24.327833,24.348967,24.390203,24.551327,24.641901,24.463898,24.61109,24.638391,24.796137,24.668642,24.622425,24.687954,24.773874
20.5,,,,,,,,,,,,,,,,,,,,,,,,,,,,,,,,,,,,,,,,,,,,,,,,,,,,,,,,,,,,,,,,,,,,,,,,,,,,,,,,,,,,,,,,,,,,,,,,,,,,,,,,,,,,,,,,,,,,,,,,,,,,,24.520788,24.482187,24.55739,24.586731,,,,24.678839,24.761127,24.87418,,26.009,26.186834,26.201595,26.181433,26.135916,26.063295,26.026203,26.040434,26.026434,25.97434,25.945679,25.956774,25.963411,25.960032,25.946915,25.956392,26.057417,26.257772,26.405174,26.34773,26.229282,26.15544,26.139427,26.18013,26.183754,26.035387,25.912872,25.94707,25.874418,25.75611,25.652012,25.609533,25.649796,25.735542,25.791441,25.826637,25.862457,25.899122,25.951147,26.030008,26.111118,26.15991,26.206596,26.292772,26.34612,26.35315,26.338497,26.301987,26.211262,26.068243,25.954897,25.980995,25.991215,25.918034,25.832964,25.7841,25.815804,25.872126,25.826878,25.777897,25.778059,25.765657,25.707676,25.627613,25.565569,25.55831,25.623114,25.706442,25.761518,25.734041,25.593536,25.500385,25.474953,25.45317,25.395882,25.30073,25.091734,25.076567,25.16176,25.016558,24.835035,24.78054,24.785782,24.839106,24.891468,24.916979,24.940893,24.986797,25.06196,25.155405,25.293222,25.476665,25.669094,25.902891,26.14079,26.212914,26.093697,25.905514,25.754477,25.662258,25.55416,25.47693,25.571665,25.785479,25.885965,25.777403,25.486134,25.473454,25.578798,25.600117,25.659428,25.805159,26.003452,26.182001,26.374443,26.521168,26.451488,26.1916,26.06884,26.289295,26.371405,26.263884,26.292341,26.47445,26.612774,26.652048,26.658903,26.623055,26.76432,26.972416,27.115204,27.045576,26.916973,26.793348,26.803581,26.837063,26.828318,26.86099,26.35737,26.015886,26.474005,26.662687,26.410421,26.196175,25.881516,25.822342,25.738266,25.296135,25.05201,24.997898,24.807026,24.639872,24.537977,24.446314,24.396334,24.376865,24.466314,24.877504,25.519896,25.90937,26.109331,26.272606,26.33548,26.276276,26.082329,25.680315,25.206734,25.133356,,,,,,,,,,,,,,,,,,,,,,,,,,,,,,,,,,,,,,,,,,,,,,,,,,,,,,,,,,,,,,,,,,,,,,,,,,,,,,,,,,,,,,,,,,,,,,,,,,,,,,,,,,,,,,,,,,,,,,,,,,,,,,,,,,,,,,,,,,,,,,,,,,,,,,,,,,,,,,,,,,,,,,,22.96076,22.990099,23.086758,23.169085,23.380898,23.554008,23.760187,23.666327,23.505558,23.639997,23.7262,23.918833,24.095695,24.208458,24.098682,23.953402,23.902298,23.952492,24.058796,24.503725,25.360193,26.55421,26.907007,26.157455,25.276707,24.867739,24.793617,24.777176,24.574709,24.864414,25.032158,25.143904,25.062223,24.994076,25.017296,24.979822,24.686298,24.652012,24.569157,24.692135,24.85056,24.793478,24.624973,24.777464,24.735504,24.82296,24.747692,24.879955,24.937788,24.850277
20.416672,,,,,,,,,,,,,,,,,,,,,,,,,,,,,,,,,,,,,,,,,,,,,,,,,,,,,,,,,,,,,,,,,,,,,,,,,,,,,,,,,,,,,,,,,,,,,,,,,,,,,,,,,,,,,,,,,,,,,,,,,,,,,24.509787,24.512995,24.666658,24.73882,,,24.67187,24.69964,24.682335,,25.859983,25.959486,26.193615,26.187735,26.158077,26.11973,26.076527,26.06581,26.073366,26.04983,26.009699,25.986885,25.99933,26.01118,26.004831,25.974257,25.91667,25.912806,26.052145,26.244608,26.324112,26.313374,26.263626,26.242348,26.204466,26.068071,25.777393,25.636429,25.695948,25.656961,25.58154,25.58049,25.592615,25.65833,25.731598,25.78944,25.829857,25.873983,25.934052,26.010506,26.07462,26.102764,26.132704,26.21068,26.310034,26.363668,26.357838,26.315628,26.252186,26.155682,26.034264,25.970762,26.00844,26.00278,25.916172,25.803322,25.761179,25.835928,25.905579,25.86799,25.7938,25.730843,25.693186,25.667383,25.66794,25.691296,25.719,25.793415,25.93558,26.074581,26.060173,25.75284,25.491299,25.460836,25.479929,25.489307,25.423212,25.181541,25.057175,25.1683,25.12321,24.980545,24.890213,24.858318,24.846159,24.864563,24.880083,24.89579,24.933659,24.992119,25.02761,25.06853,25.197115,25.438604,25.767538,26.085567,26.23688,26.181545,26.038662,25.914265,25.833326,25.702776,25.554537,25.515217,25.66567,25.848772,25.828415,25.612556,25.509378,25.582537,25.619774,25.644878,25.725725,25.92312,26.101797,26.317776,26.538567,26.519487,26.263334,26.04875,26.158035,26.308296,26.236301,26.315187,26.54498,26.68501,26.75145,26.771479,26.705418,26.683384,26.887653,27.170498,27.18131,27.06604,26.865114,26.861654,26.897318,26.886858,26.865946,26.697622,26.525831,26.739882,26.897463,26.913244,26.832817,26.609478,26.400343,26.409273,25.897434,25.335999,25.148949,24.803427,24.658724,24.513065,24.412033,24.455374,24.57032,24.705803,25.018217,25.608438,25.989283,26.147524,26.313547,26.37828,26.275034,26.097826,25.700468,25.28858,25.198156,,,,,,,,,,,,,,,,,,,,,,,,,,,,,,,,,,,,,,,,,,,,,,,,,,,,,,,,,,,,,,,,,,,,,,,,,,,,,,,,,,,,,,,,,,,,,,,,,,,,,,,,,,,,,,,,,,,,,,,,,,,,,,,,,,,,,,,,,,,,,,,,,,,,,,,,,,,,,,,,,,,,,,,23.093925,23.097176,23.244066,23.527176,23.760109,23.984581,24.133047,24.01611,23.570171,23.795956,23.719526,23.848545,23.97397,24.073551,24.04099,23.947363,23.909658,23.973442,24.047253,24.36353,25.012445,26.208252,26.805367,25.99412,25.122366,24.917503,24.616663,24.541111,24.519184,24.66906,24.954605,24.99407,25.174078,25.219448,25.034557,24.855852,25.008497,25.114935,25.092308,25.120703,25.105394,24.745272,24.739182,24.925531,24.960854,25.124508,25.086903,25.168272,25.138615,24.988817
20.333336,,,,,,,,,,,,,,,,,,,,,,,,,,,,,,,,,,,,,,,,,,,,,,,,,,,,,,,,,,,,,,,,,,,,,,,,,,,,,,,,,,,,,,,,,,,,,,,,,,,,,,,,,,,,,,,,,,,,,,,,,,,,24.665306,24.540852,24.615105,24.898748,24.976667,24.949223,24.953512,24.878391,25.055866,,,26.044607,26.1278,26.191326,26.1819,26.145376,26.127619,26.12064,26.130392,26.127165,26.10541,26.081068,26.05175,26.041674,26.046705,26.052721,26.041441,25.96309,25.848383,25.825762,25.94068,26.054646,26.064516,26.040445,25.993778,25.931377,25.79564,25.57961,25.50815,25.523626,25.529503,25.514761,25.546215,25.610456,25.682201,25.750858,25.802523,25.846865,25.893656,25.955328,26.016369,26.048534,26.061316,26.131319,26.25072,26.356606,26.388424,26.348423,26.271309,26.184868,26.094637,26.006916,25.980246,26.021374,26.021574,25.926138,25.778856,25.697956,25.754,25.82552,25.738728,25.653025,25.737907,25.797493,25.796501,25.766253,25.76773,25.789295,25.944696,26.21224,26.382423,26.404871,26.019444,25.512102,25.35244,25.364735,25.45217,25.439892,25.221994,25.044138,25.153645,25.19164,25.117243,25.017181,24.952051,24.935547,24.957243,24.987038,25.012497,25.046808,25.096169,25.117765,25.105368,25.115227,25.301609,25.656498,26.044254,26.233543,26.199894,26.092096,26.025864,25.980854,25.870945,25.706133,25.572794,25.57413,25.73193,25.825933,25.715889,25.615847,25.631021,25.664925,25.6456,25.639717,25.807972,26.003143,26.277628,26.574333,26.563992,26.337284,26.076622,26.044218,26.227283,26.253166,26.34662,26.562428,26.699749,26.805548,26.843607,26.817251,26.735088,26.829195,27.143217,27.294683,27.282307,27.098742,26.986116,27.016972,26.981281,26.909166,26.846786,26.82077,26.98121,27.108124,27.088007,26.92429,26.758715,26.637537,26.650671,26.446198,25.869333,25.536705,25.076588,24.831577,24.672909,24.410854,24.483688,24.584248,24.752323,25.167582,25.819191,26.03802,26.188416,26.341196,26.41648,26.228636,26.057833,25.725094,25.391914,,,,,,,,,,,,,,,,,,,,,,,,,,,,,,,,,,,,,,,,,,,,,,,,,,,,,,,,,,,,,,,,,,,,,,,,,,,,,,,,,,,,,,,,,,,,,,,,,,,,,,,,,,,,,,,,,,,,,,,,,,,,,,,,,,,,,,,,,,,,,,,,,,,,,,,,,,,,,,,,,,,,,,,,23.238235,23.465206,23.73554,23.908552,24.013544,24.164867,24.297434,24.619799,24.699072,24.570148,24.257305,23.91467,23.812593,23.826792,23.889753,23.931984,23.91785,23.90134,23.963991,24.306355,24.75429,25.924074,26.410265,24.999292,24.460289,24.72183,24.515387,24.641317,24.822958,24.809975,24.963388,24.760305,24.936539,25.112953,25.084297,24.955835,24.997028,25.057936,25.05666,24.959507,24.90147,24.843922,25.01207,25.138245,25.26492,25.424162,25.323954,25.545033,25.424036,25.107517
20.25,,,,,,,,,,,,,,,,,,,,,,,,,,,,,,,,,,,,,,,,,,,,,,,,,,,,,,,,,,,,,,,,,,,,,,,,,,,,,,,,,,,,,,,,,,,,,,,,,,,,,,,,,,,,,,,,,,,,,,,,,,,24.75331,24.692188,24.635305,24.851822,25.188955,25.269987,25.263813,25.345036,25.420155,25.694986,,26.132526,26.081295,26.162907,26.177881,26.155895,26.126263,26.143599,26.158325,26.154453,26.15798,26.159597,26.167492,26.144512,26.111708,26.083385,26.071737,26.073114,26.024527,25.870163,25.756525,25.76953,25.844322,25.843048,25.8153,25.751625,25.659197,25.557556,25.541752,25.54701,25.543724,25.555273,25.573555,25.607746,25.66379,25.723532,25.762785,25.802605,25.842823,25.880926,25.930939,25.973492,26.001337,26.063549,26.190084,26.327183,26.403978,26.406317,26.333729,26.220463,26.108973,26.02235,25.970966,25.975475,26.017813,26.03045,25.954628,25.784006,25.623377,25.59188,25.642479,25.675524,25.772804,26.021126,26.114,26.017042,25.901571,25.849575,25.985588,26.23626,26.4707,26.564226,26.544903,26.213789,25.545351,25.2608,25.26798,25.360329,25.403296,25.24085,25.048986,25.089375,25.152498,25.155624,25.10479,25.042603,25.006966,25.027235,25.054886,25.089981,25.122686,25.172329,25.198132,25.199244,25.153503,25.265985,25.595564,25.99176,26.216373,26.209436,26.15422,26.159496,26.162771,26.082016,25.929373,25.754803,25.623024,25.603848,25.71474,25.723661,25.677727,25.678383,25.689327,25.61403,25.608406,25.748062,25.938028,26.29264,26.640873,26.620508,26.41069,26.11986,25.996933,26.141617,26.247393,26.340605,26.631622,26.794817,26.878489,26.875734,26.803818,26.687422,26.83689,27.112885,27.287859,27.353354,27.304394,27.167109,27.13609,27.123045,27.057268,27.039583,27.101831,27.245604,27.344063,27.270555,27.008062,26.725191,26.647614,26.599781,26.469643,26.239052,26.102997,25.815962,25.522291,25.12358,24.644716,24.76498,24.823381,25.022264,25.487576,25.947079,26.120674,26.252134,26.368582,26.406559,26.238167,26.117899,25.66141,25.448158,,,,,,,,,,,,,,,,,,,,,,,,,,,,,,,,,,,,,,,,,,,,,,,,,,,,,,,,,,,,,,,,,,,,,,,,,,,,,,,,,,,,,,,,,,,,,,,,,,,,,,,,,,,,,,,,,,,,,,,,,,,,,,,,,,,,,,,,,,,,,,,,,,,,,,,,,,,,,,,,,,,,,,23.477942,23.192486,23.20738,23.370472,23.697691,23.80149,24.050219,24.240532,24.617825,24.90489,25.112549,25.198797,25.119757,25.166914,24.786793,24.334257,23.988289,23.88927,23.922987,23.929516,24.121815,24.513018,24.822754,25.637753,26.338537,25.03103,24.346539,24.868303,24.710531,24.992945,24.91113,24.814455,24.795202,24.651098,24.825497,24.944632,25.089235,25.175203,25.163738,25.171423,25.122438,25.107481,25.07796,25.093779,25.252127,25.382425,25.513454,25.675306,25.648853,26.009956,25.49278,25.264315
20.166672,,,,,,,,,,,,,,,,,,,,,,,,,,,,,,,,,,,,,,,,,,,,,,,,,,,,,,,,,,,,,,,,,,,,,,,,,,,,,,,,,,,,,,,,,,,,,,,,,,,,,,,,,,,,,,,,,,,,,,,,,,,24.734818,24.714445,24.715714,24.93229,25.38485,25.559353,25.607239,25.76663,25.963474,26.134195,26.20975,26.257236,26.124233,26.142817,26.165468,26.146095,26.169195,26.222923,26.241516,26.23011,26.21879,26.211504,26.188253,26.174046,26.183317,26.153236,26.09675,26.076029,26.038662,25.882711,25.721031,25.695383,25.751896,25.725746,25.64777,25.574472,25.531612,25.568113,25.595043,25.599592,25.596031,25.608988,25.631056,25.660917,25.689392,25.719885,25.755457,25.800453,25.833458,25.860668,25.890606,25.928461,26.02296,26.140177,26.287626,26.387524,26.436089,26.416323,26.336563,26.225433,26.125118,26.062586,26.04443,26.062181,26.086422,26.087065,26.035908,25.902441,25.721678,25.617872,25.688179,25.840176,26.11359,26.262686,26.198227,26.117289,26.096664,26.178715,26.392248,26.575737,26.643818,26.611902,26.524904,26.1782,25.481865,25.253521,25.24428,25.249777,25.318789,25.228764,25.084373,25.047144,25.054775,25.06045,25.072794,25.047304,25.019533,25.028257,25.024807,25.022095,25.081125,25.188107,25.235966,25.264166,25.218283,25.276064,25.552326,25.91669,26.122082,26.13573,26.136917,26.209898,26.283249,26.271374,26.183115,26.019947,25.883501,25.709696,25.633444,25.659946,25.649109,25.637705,25.634647,25.59746,25.64866,25.762861,25.94404,26.380602,26.703701,26.662363,26.473974,26.164782,25.987398,26.089209,26.231424,26.369259,26.770422,26.928411,26.971325,26.928799,26.823078,26.687325,26.82285,27.122086,27.27228,27.381832,27.415865,27.40045,27.323248,27.325867,27.33384,27.3573,27.42893,27.521933,27.576239,27.57461,27.45385,27.030428,26.868526,26.735369,26.495012,26.357687,26.267614,26.082539,25.777918,25.629988,25.402489,25.155376,25.16672,25.343168,25.669352,25.957657,26.189041,26.328909,26.45625,26.44528,26.260796,26.028936,25.547548,25.446806,,,,,,,,,,,,,,,,,,,,,,,,,,,,,,,,,,,,,,,,,,,,,,,,,,,,,,,,,,,,,,,,,,,,,,,,,,,,,,,,,,,,,,,,,,,,,,,,,,,,,,,,,,,,,,,,,,,,,,,,,,,,,,,,,,,,,,,,,,,,,,,,,,,,,,,,,,,,,,,,,,,,,23.57404,23.753187,23.713795,23.597498,23.433823,23.548485,23.664993,24.217669,24.81358,25.356161,25.68511,25.894608,25.963457,25.84311,25.84237,25.784868,25.424347,25.018076,24.67251,24.541533,24.610199,24.68436,24.883923,25.208458,25.477377,26.391296,25.16767,24.343306,25.163357,25.055803,25.130205,24.847866,24.706694,24.681606,24.643232,24.852594,24.998531,25.092691,25.27953,25.358232,25.374655,25.338943,25.314741,25.368818,25.39998,25.529123,25.676939,25.780989,25.885908,26.112803,26.288826,25.841866,25.68076
20.083336,,,,,,,,,,,,,,,,,,,,,,,,,,,,,,,,,,,,,,,,,,,,,,,,,,,,,,,,,,,,,,,,,,,,,,,,,,,,,,,,,,,,,,,,,,,,,,,,,,,,,,,,,,,,,,,,,,,,,,,,,,,24.758076,24.783354,24.81542,25.080027,25.472425,25.704687,25.771696,25.900337,26.1226,26.224262,26.255375,26.296326,26.156109,26.133636,26.145039,26.16446,26.274641,26.35867,26.350134,26.314016,26.303612,26.296331,26.240477,26.203012,26.209194,26.20023,26.13584,26.091028,26.03577,25.857637,25.67487,25.660807,25.658367,25.568153,25.553654,25.576786,25.598682,25.625347,25.622807,25.609602,25.608805,25.607653,25.622534,25.645079,25.661425,25.68411,25.720816,25.772682,25.81008,25.834318,25.887785,25.984827,26.12164,26.248657,26.33888,26.404222,26.422573,26.403606,26.361177,26.29746,26.246044,26.212597,26.204224,26.218935,26.23199,26.22402,26.164232,26.025324,25.8221,25.74269,25.895868,26.090681,26.246483,26.312344,26.333096,26.388702,26.490557,26.591288,26.65524,26.667831,26.62848,26.572767,26.466331,26.13264,25.52196,25.325733,25.335577,25.188887,25.21356,25.188875,25.091684,25.03135,25.00792,24.984346,24.9891,24.982145,24.964138,24.950834,24.922281,24.886467,25.00211,25.167831,25.251177,25.287527,25.2489,25.296677,25.506392,25.777807,25.881687,25.86167,25.89848,26.040213,26.246588,26.379646,26.359476,26.261156,26.20242,26.006733,25.824461,25.755127,25.694624,25.675764,25.681364,25.698738,25.74359,25.848682,26.106586,26.553932,26.724558,26.662344,26.486483,26.186419,25.975775,26.056799,26.217478,26.442358,26.84044,26.969097,26.990877,26.94922,26.838778,26.68015,26.777508,27.04659,27.236086,27.345552,27.435617,27.498905,27.500443,27.475485,27.506102,27.6024,27.693829,27.748362,27.763283,27.726635,27.627642,27.540886,27.401794,27.073599,26.67441,26.430027,26.268152,26.106659,25.959072,25.83293,25.770035,25.628874,25.565,25.63539,25.80031,26.098991,26.318068,26.423952,26.538963,26.478598,26.269926,25.951561,25.619116,,,,,,,,,,,,,,,,,,,,,,,,,,,,,,,,,,,,,,,,,,,,,,,,,,,,,,,,,,,,,,,,,,,,,,,,,,,,,,,,,,,,,,,,,,,,,,,,,,,,,,,,,,,,,,,,,,,,,,,,,,,,,,,,,,,,,,,,,,,,,,,,,,,,,,,,,,,,,,,,,,,,,,23.758413,24.623135,24.855799,24.795124,24.492443,24.27365,24.796654,25.468037,26.29072,26.731834,26.963491,27.136662,27.113525,26.933664,26.776077,26.683655,26.425104,26.080433,25.6946,25.466122,25.449932,25.375992,25.44418,25.580816,25.558046,26.439676,25.36093,24.390882,25.230904,25.12506,25.001425,24.564627,24.543318,24.65565,24.602604,24.74999,24.855501,25.011444,25.16445,25.364824,25.49375,25.550718,25.58466,25.579233,25.597471,25.686018,25.7997,25.97953,26.076815,26.318298,26.41665,26.13566,26.039864
20.0,,,,,,,,,,,,,,,,,,,,,,,,,,,,,,,,,,,,,,,,,,,,,,,,,,,,,,,,,,,,,,,,,,,,,,,,,,,,,,,,,,,,,,,,,,,,,,,,,,,,,,,,,,,,,,,,,,,,,,,,,,,24.801804,24.883322,24.984217,25.364655,25.608818,25.837677,25.946095,26.08463,26.200266,26.21228,26.235086,26.307674,26.212414,26.134186,26.147196,26.177221,26.28386,26.338276,26.308008,26.311316,26.32773,26.304571,26.269958,26.228079,26.206772,26.224548,26.168375,26.106125,26.03542,25.837744,25.636484,25.626099,25.610186,25.575712,25.616095,25.627815,25.64431,25.661797,25.645523,25.635056,25.622839,25.621504,25.623947,25.63282,25.648952,25.67185,25.702265,25.742443,25.793915,25.858337,25.955193,26.075588,26.186089,26.250633,26.289648,26.289091,26.272226,26.270706,26.25752,26.223402,26.176527,26.143211,26.143396,26.170803,26.21798,26.282803,26.293865,26.16405,25.931246,25.820063,26.008215,26.226112,26.32972,26.408276,26.427338,26.433113,26.471968,26.536106,26.506357,26.486885,26.464594,26.43599,26.32958,26.053328,25.568481,25.42798,25.476254,25.294542,25.1615,25.195103,25.106062,25.041735,24.995676,24.953808,24.94027,24.917595,24.887714,24.86459,24.831572,24.849892,25.02583,25.198122,25.292145,25.310572,25.273901,25.332317,25.491247,25.663795,25.686382,25.575693,25.52858,25.61572,25.885084,26.34191,26.436892,26.376743,26.405764,26.293774,26.142298,26.021187,25.926207,25.893684,25.877203,25.873062,25.928038,26.08575,26.38899,26.692963,26.738628,26.657433,26.468157,26.18258,25.971987,26.035406,26.210514,26.62632,26.87317,26.990808,27.016808,26.961464,26.872316,26.708923,26.735945,26.958517,27.16534,27.278923,27.388237,27.495544,27.581367,27.604977,27.628498,27.744684,27.850586,27.90136,27.946243,27.957882,27.84936,27.702103,27.640139,27.516516,27.00637,26.567835,26.364473,26.221785,26.135635,26.044807,25.979599,25.922419,25.88606,25.934587,26.05359,26.264933,26.432312,26.535866,26.619045,26.501255,26.265818,25.94522,25.69779,,,,,,,,,,,,,,,,,,,,,,,,,,,,,,,,,,,,,,,,,,,,,,,,,,,,,,,,,,,,,,,,,,,,,,,,,,,,,,,,,,,,,,,,,,,,,,,,,,,,,,,,,,,,,,,,,,,,,,,,,,,,,,,,,,,,,,,,,,,,,,,,,,,,,,,,,,,,,,,,,,,,,23.788548,24.439077,25.163353,25.661175,25.84796,26.069056,26.004576,26.17179,26.620235,26.904276,27.195934,27.392166,27.397276,27.29567,27.149933,26.99055,26.926233,26.852444,26.719793,26.499002,26.345284,26.283659,26.15557,26.063633,25.980417,25.775988,26.470695,25.366714,24.301476,25.20426,24.889465,24.549875,24.183252,24.470705,24.41497,24.328754,24.445183,24.482048,24.650148,24.830551,25.095171,25.316946,25.474655,25.587488,25.69281,25.730396,25.845793,25.977272,26.221355,26.36896,26.446053,26.32307,26.110342,26.260836
19.916672,,,,,,,,,,,,,,,,,,,,,,,,,,,,,,,,,,,,,,,,,,,,,,,,,,,,,,,,,,,,,,,,,,,,,,,,,,,,,,,,,,,,,,,,,,,,,,,,,,,,,,,,,,,,,,,,,,,,,,,,,,,24.823784,24.921206,25.09408,25.46362,25.702774,25.86084,25.97751,26.08608,26.161304,26.181791,26.207169,26.26615,26.313251,26.172508,26.13173,26.238182,26.365118,26.39337,26.356411,26.313042,26.311293,26.292566,26.247246,26.220701,26.201485,26.218267,26.175707,26.111576,26.036743,25.82372,25.619974,25.61934,25.62104,25.61256,25.650873,25.658136,25.671345,25.688852,25.690723,25.68338,25.673983,25.671345,25.663439,25.664652,25.673475,25.690771,25.715654,25.758034,25.825335,25.91794,26.006319,26.092443,26.167645,26.180342,26.156504,26.12802,26.082846,26.052094,26.035662,26.010376,25.965952,25.930641,25.918257,25.934347,26.000715,26.15502,26.308674,26.279703,26.034433,25.860905,26.033485,26.24635,26.305414,26.323084,26.209131,26.111048,26.274557,26.491348,26.50055,26.397858,26.241098,26.239634,26.209625,25.973642,25.62998,25.563103,25.562916,25.382883,25.198475,25.15734,25.13306,25.0681,25.017311,24.973005,24.928532,24.880486,24.836506,24.816397,24.850224,24.983759,25.18435,25.297897,25.310537,25.270098,25.285406,25.372433,25.476135,25.594435,25.630388,25.569584,25.513893,25.493143,25.671618,26.082596,26.409697,26.459288,26.468237,26.47108,26.396942,26.307102,26.229628,26.158756,26.147223,26.158236,26.24358,26.397182,26.629782,26.76836,26.77441,26.688765,26.495417,26.217264,25.98532,26.015646,26.212807,26.85443,26.977467,27.049757,27.070518,27.018623,26.950077,26.806118,26.714737,26.870842,27.10045,27.231953,27.360468,27.456875,27.573101,27.676323,27.727081,27.833597,27.908997,27.929728,27.994148,28.088202,28.02105,27.860086,27.778368,27.643278,27.376,26.871523,26.558952,26.40143,26.268862,26.211546,26.211119,26.263567,26.236761,26.291647,26.353773,26.464436,26.563574,26.64938,26.689575,26.570786,26.273504,25.923273,25.790735,,,,,,,,,,,,,,,,,,,,,,,,,,,,,,,,,,,,,,,,,,,,,,,,,,,,,,,,,,,,,,,,,,,,,,,,,,,,,,,,,,,,,,,,,,,,,,,,,,,,,,,,,,,,,,,,,,,,,,,,,,,,,,,,,,,,,,,,,,,,,,,,,,,,,,,,,,,,,,,,,,,24.232187,24.302523,24.505709,25.019802,25.895605,26.279747,26.485441,26.69053,26.749441,27.120405,27.211622,27.167368,27.195114,27.234697,27.260935,27.06249,26.89292,26.788546,26.768835,26.791529,26.817318,26.751503,26.687511,26.642273,26.511885,26.341293,26.237534,25.93568,26.494696,25.424543,24.230991,25.137487,24.729206,24.325197,24.136635,24.388092,24.255054,24.136871,24.201778,24.171387,24.20332,24.351938,24.552229,24.88153,25.281818,25.554354,25.744286,25.904243,26.004017,26.147028,26.317884,26.40437,26.303556,26.055658,26.206285,26.393938
19.833336,,,,,,,,,,,,,,,,,,,,,,,,,,,,,,,,,,,,,,,,,,,,,,,,,,,,,,,,,,,,,,,,,,,,,,,,,,,,,,,,,,,,,,,,,,,,,,,,,,,,,,,,,,,,,,,,,,,,,,,,,,24.92024,24.911364,24.971647,25.078836,25.31492,25.491104,25.74291,25.908167,26.056213,26.128641,26.176582,26.197746,26.224354,26.29117,26.251184,26.167305,26.178705,26.335117,26.427858,26.437767,26.383358,26.331158,26.320942,26.265894,26.20897,26.19189,26.205135,26.173979,26.12133,26.053423,25.842478,25.635916,25.63824,25.64589,25.61903,25.64603,25.660563,25.670506,25.696884,25.716187,25.720545,25.725693,25.725054,25.719965,25.715254,25.724531,25.739605,25.758667,25.7916,25.835255,25.885654,25.930754,25.979511,26.036161,26.079388,26.079813,26.045572,26.000715,25.960812,25.93594,25.920067,25.906002,25.895224,25.881725,25.857317,25.85373,25.959743,26.164566,26.30486,26.153273,25.896067,25.967068,26.17171,26.170761,26.06657,25.940786,25.91077,26.169363,26.486917,26.557198,26.409245,26.112547,26.029003,26.084398,25.873625,25.663029,25.659052,25.671047,25.45993,25.232353,25.165722,25.142733,25.091175,25.045235,24.992947,24.924934,24.890772,24.86932,24.91354,25.041294,25.20591,25.305544,25.308186,25.293016,25.302057,25.37485,25.4478,25.525644,25.602806,25.62753,25.577938,25.5115,25.495937,25.809364,26.288084,26.323225,26.4389,26.508862,26.540266,26.556137,26.535833,26.512905,26.44112,26.447302,26.486311,26.55705,26.660425,26.784075,26.837893,26.832785,26.770565,26.64845,26.455063,26.185814,26.063261,26.357555,26.957901,27.054867,27.086777,27.126675,27.118614,27.053606,26.931864,26.757784,26.786097,27.002935,27.16535,27.325703,27.403088,27.5008,27.666296,27.74286,27.803051,27.813103,27.799124,27.927258,28.135948,28.151167,28.049587,27.967257,27.82635,27.653324,27.30958,26.903982,26.64152,26.447372,26.400211,26.488653,26.573183,26.559816,26.598444,26.604935,26.672377,26.71755,26.760773,26.736988,26.59075,26.291714,25.987062,25.884811,,,,,,,,,,,,,,,,,,,,,,,,,,,,,,,,,,,,,,,,,,,,,,,,,,,,,,,,,,,,,,,,,,,,,,,,,,,,,,,,,,,,,,,,,,,,,,,,,,,,,,,,,,,,,,,,,,,,,,,,,,,,,,,,,,,,,,,,,,,,,,,,,,,,,,,,,,,,,,,24.174753,24.078188,24.452147,24.5792,24.686829,25.162725,25.683352,26.272793,26.57755,26.78406,26.769623,26.81751,26.876324,26.996233,27.043459,27.262743,27.694645,27.706099,27.591019,27.398527,27.268639,27.133272,26.979288,26.898403,26.8917,26.885632,26.839302,26.768806,26.644562,26.52542,26.407791,26.101925,26.620441,25.49514,24.227766,25.01995,24.705912,24.242294,24.055613,24.278616,24.070139,23.970095,23.944845,23.940317,23.948956,24.027933,24.126085,24.220207,24.466612,24.80493,25.414251,25.878489,25.99643,26.128363,26.23719,26.209414,26.124203,26.138374,26.612993,26.61719
19.75,,,,,,,,,,,,,,,,,,,,,,,,,,,,,,,,,,,,,,,,,,,,,,,,,,,,,,,,,,,,,,,,,,,,,,,,,,,,,,,,,,,,,,,,,,,,,,,,,,,,,,,,,,,,,,,,,,,,,,,,,,24.960192,24.995447,25.031984,25.086676,25.319933,25.614397,25.897308,26.095526,26.188765,26.199217,26.201504,26.214487,26.217781,26.234718,26.266813,26.223915,26.18496,26.213905,26.284334,26.354279,26.32088,26.303646,26.302504,26.229456,26.197392,26.168776,26.203194,26.184202,26.13592,26.06963,25.864954,25.65438,25.641281,25.659958,25.637796,25.637264,25.634579,25.634207,25.656164,25.684464,25.703308,25.726187,25.745234,25.762024,25.7624,25.765287,25.780037,25.78832,25.803444,25.810814,25.827326,25.85059,25.8787,25.912573,25.95085,25.966942,25.962555,25.947432,25.926105,25.909887,25.900457,25.893162,25.885921,25.875074,25.860605,25.855436,25.889927,26.02584,26.250914,26.283978,26.008904,25.849922,25.959581,26.035883,25.993383,25.91011,25.839481,26.036032,26.35062,26.574402,26.613243,26.248043,25.946753,25.978895,25.929474,25.75726,25.79238,25.779314,25.586996,25.32131,25.213215,25.195297,25.131557,25.083239,25.056356,25.009228,25.007463,25.036144,25.124214,25.217812,25.26997,25.308279,25.309834,25.303991,25.385174,25.471487,25.498629,25.53107,25.563314,25.550007,25.495298,25.46911,25.599657,26.12639,26.414913,26.429325,26.405111,26.463758,26.56297,26.600428,26.625692,26.657265,26.652372,26.664787,26.71676,26.7635,26.827778,26.877304,26.909513,26.905672,26.872868,26.819845,26.722582,26.522165,26.248093,26.590208,26.953089,27.045153,27.073296,27.177658,27.212454,27.18977,27.094667,26.954052,26.798016,26.898666,27.099382,27.314259,27.39542,27.40277,27.545578,27.664965,27.705751,27.687857,27.677364,27.862665,28.136097,28.240702,28.23429,28.182737,28.086689,27.923735,27.736555,27.50157,27.103184,26.838104,26.80301,26.878693,26.861189,26.820972,26.819767,26.84643,26.881737,26.880432,26.854057,26.798477,26.643534,26.332132,26.07221,25.979137,,,,,,,,,,,,,,,,,,,,,,,,,,,,,,,,,,,,,,,,,,,,,,,,,,,,,,,,,,,,,,,,,,,,,,,,,,,,,,,,,,,,,,,,,,,,,,,,,,,,,,,,,,,,,,,,,,,,,,,,,,,,,,,,,,,,,,,,,,,,,,,,,,,,,,,,,,,,23.844032,23.782925,23.863731,24.274376,24.747684,25.392134,25.598518,25.842373,26.26775,26.582073,26.671528,26.59334,26.47884,26.599787,26.818535,27.077326,27.416615,27.70872,27.954348,27.924465,27.704775,27.329046,27.198315,27.22531,27.162996,27.093237,27.056347,27.08755,27.04662,26.950369,26.867367,26.777971,26.653988,26.593775,26.247828,26.757246,25.560793,24.227125,24.837957,24.594671,24.124243,24.03224,24.185715,24.136091,23.981182,23.8824,23.841576,23.863327,23.945044,24.014025,24.058176,24.243937,24.589952,24.85736,25.124344,25.586832,25.936283,26.055853,26.003859,26.058731,26.393562,26.829369,26.895882
19.666672,,,,,,,,,,,,,,,,,,,,,,,,,,,,,,,,,,,,,,,,,,,,,,,,,,,,,,,,,,,,,,,,,,,,,,,,,,,,,,,,,,,,,,,,,,,,,,,,,,,,,,,,,,,,,,,,,,,,,,,,,,25.013704,25.082762,25.131937,25.207748,25.536463,25.915836,26.073273,26.149012,26.144993,26.162212,26.18495,26.20664,26.22773,26.24476,26.293354,26.29839,26.265202,26.226284,26.244806,26.270535,26.274412,26.298351,26.280848,26.212614,26.169561,26.167915,26.188177,26.175055,26.125772,26.057724,25.864735,25.64645,25.609653,25.650627,25.662256,25.662203,25.644438,25.606968,25.592228,25.601433,25.624165,25.65628,25.695683,25.743372,25.768343,25.783823,25.805305,25.819513,25.848656,25.86223,25.875296,25.881756,25.893976,25.902687,25.909336,25.919512,25.92648,25.924679,25.920263,25.913439,25.903656,25.89438,25.883245,25.868965,25.856405,25.843576,25.860271,25.943623,26.13754,26.298195,26.194075,25.915133,25.810957,25.846062,25.82087,25.80061,25.851734,26.055285,26.313238,26.60019,26.842411,26.826376,26.379347,26.163473,26.11158,26.069178,26.048445,25.968346,25.810343,25.54006,25.375656,25.281414,25.17316,25.1311,25.14308,25.119993,25.133436,25.189384,25.24492,25.296984,25.348663,25.37365,25.305027,25.25988,25.375624,25.443403,25.451529,25.466743,25.47403,25.473488,25.500097,25.595924,26.021019,26.449566,26.564175,26.539412,26.44563,26.44656,26.5175,26.604128,26.650398,26.684624,26.712854,26.734314,26.772757,26.805098,26.846577,26.881145,26.92839,26.962646,26.966326,26.956528,26.894865,26.750576,26.405994,26.747938,26.956873,26.963654,27.007446,27.167849,27.253078,27.28462,27.266138,27.180174,27.015083,26.852892,27.0382,27.33434,27.463926,27.426985,27.44057,27.52955,27.598965,27.587902,27.595753,27.807304,28.106106,28.254955,28.283094,28.276588,28.223148,28.127813,27.998613,27.876657,27.73334,27.50826,27.314737,27.222696,27.151873,27.092548,27.066809,27.078857,27.050991,27.003557,26.917555,26.866241,26.693712,26.399656,26.139404,26.04844,,,,,,,,,,,,,,,,,,,,,,,,,,,,,,,,,,,,,,,,,,,,,,,,,,,,,,,,,,,,,,,,,,,,,,,,,,,,,,,,,,,,,,,,,,,,,,,,,,,,,,,,,,,,,,,,,,,,,,,,,,,,,,,,,,,,,,,,,,,,,,,,,,,,,,,,,,24.101332,24.119192,23.899014,24.02778,24.41184,24.910477,25.553383,26.085896,26.288496,26.601372,26.617739,26.305595,26.41426,26.492619,26.65599,26.823057,27.035961,27.236557,27.516544,27.726618,27.878923,27.936388,27.783262,27.429207,27.32012,27.333107,27.269842,27.2063,27.154827,27.083895,27.0151,26.974228,26.916029,26.885319,26.801414,26.757221,26.493877,26.908031,25.52471,24.236681,24.683878,24.720865,24.29549,24.186646,24.45492,24.307968,23.96745,23.780005,23.757633,23.779322,23.976551,24.14562,24.074675,24.007622,24.158047,24.599459,24.990828,25.448004,25.778639,25.897476,25.975424,26.158411,26.514029,26.93989,27.10625
19.583336,,,,,,,,,,,,,,,,,,,,,,,,,,,,,,,,,,,,,,,,,,,,,,,,,,,,,,,,,,,,,,,,,,,,,,,,,,,,,,,,,,,,,,,,,,,,,,,,,,,,,,,,,,,,,,,,,,,,,,,,,,25.037203,25.15863,25.25275,25.321836,25.588205,25.958323,26.069246,26.12531,26.147839,26.168047,26.193209,26.222107,26.257639,26.305143,26.364473,26.382809,26.361324,26.321304,26.306177,26.298212,26.326574,26.313555,26.25679,26.17755,26.13128,26.159708,26.169725,26.159426,26.120405,26.056444,25.874004,25.661167,25.624949,25.689428,25.727882,25.738598,25.722588,25.682463,25.62816,25.588182,25.577682,25.597229,25.62304,25.675392,25.727995,25.765545,25.795864,25.810358,25.834318,25.844467,25.844692,25.858053,25.894787,25.911526,25.91454,25.9276,25.939188,25.944975,25.934856,25.917934,25.9061,25.892418,25.873228,25.855453,25.841097,25.806988,25.807758,25.84856,25.994497,26.202145,26.288933,26.11023,25.889154,25.813147,25.765322,25.816006,25.99136,26.116982,26.247551,26.490868,26.788363,26.98964,26.97942,26.83171,26.555746,26.45041,26.327023,26.2143,26.123678,25.903986,25.667994,25.515686,25.381716,25.320322,25.32756,25.289312,25.311565,25.384272,25.459068,25.552437,25.60482,25.557938,25.398642,25.296858,25.381277,25.470835,25.468582,25.468351,25.493681,25.563238,25.695103,25.93142,26.44743,26.612068,26.690783,26.65127,26.542871,26.470917,26.469002,26.53168,26.592512,26.633774,26.6597,26.691658,26.736414,26.771479,26.817347,26.849674,26.911118,26.982845,27.029068,27.04729,27.002048,26.844624,26.502815,26.776638,26.919905,26.828112,26.886675,27.093107,27.231096,27.30365,27.349337,27.326305,27.186607,26.945194,27.116947,27.406624,27.537716,27.538525,27.484533,27.46763,27.504133,27.520958,27.557716,27.786263,28.087315,28.263391,28.31204,28.32604,28.308386,28.264524,28.182291,28.08844,28.002956,27.89571,27.759878,27.586754,27.446798,27.367483,27.326694,27.291723,27.221289,27.131165,27.009539,26.944515,26.778782,26.52249,26.245674,26.103458,,,,,,,,,,,,,,,,,,,,,,,,,,,,,,,,,,,,,,,,,,,,,,,,,,,,,,,,,,,,,,,,,,,,,,,,,,,,,,,,,,,,,,,,,,,,,,,,,,,,,,,,,,,,,,,,,,,,,,,,,,,,,,,,,,,,,,,,,,,,,,,,,,,,,,,,23.995409,24.004274,24.386898,24.354227,24.452166,25.066761,25.7994,25.990395,26.346344,26.35359,26.25892,26.269026,26.221869,26.281488,26.411032,26.497765,26.607807,26.734892,26.888992,27.15449,27.500961,27.798428,27.939075,27.917885,27.790304,27.434109,27.370335,27.32663,27.336731,27.267828,27.150898,27.002937,26.96073,26.955315,26.92683,26.926092,26.914364,26.863918,26.679,27.042673,25.723494,24.309381,24.401379,24.758118,24.632982,24.561674,24.664944,24.32878,23.899282,23.779669,23.757135,23.701239,23.861542,24.143965,24.172596,24.064104,24.102741,24.263624,24.703571,25.23582,25.617031,25.776632,25.88883,26.194658,26.584686,26.949257,27.118622
19.5,,,,,,,,,,,,,,,,,,,,,,,,,,,,,,,,,,,,,,,,,,,,,,,,,,,,,,,,,,,,,,,,,,,,,,,,,,,,,,,,,,,,,,,,,,,,,,,,,,,,,,,,,,,,,,,,,,,,,,,,,,25.138466,25.3476,25.447113,25.512396,25.709711,25.975693,26.088186,26.119617,26.136084,26.167265,26.181887,26.20686,26.253454,26.324642,26.375418,26.374292,26.37214,26.365644,26.359188,26.341436,26.319807,26.244318,26.196629,26.131458,26.09807,26.141712,26.161884,26.16467,26.138361,26.074081,25.914696,25.743923,25.723541,25.765966,25.776228,25.772318,25.76496,25.747293,25.706635,25.663015,25.64246,25.63481,25.606636,25.615438,25.651901,25.698889,25.742609,25.773575,25.789299,25.804792,25.804869,25.881907,25.929064,25.932701,25.940948,25.972078,25.985687,25.99256,25.99893,25.965342,25.904724,25.864008,25.843372,25.846247,25.842518,25.790035,25.776644,25.779558,25.86161,26.039848,26.231764,26.253675,26.061447,25.901627,25.847023,25.949327,26.041437,26.115082,26.226795,26.392572,26.62383,26.925722,26.943699,26.847828,26.795252,26.717644,26.586891,26.457262,26.37547,26.263548,26.083366,25.908024,25.792292,25.734703,25.736147,25.686268,25.712894,25.773375,25.82722,25.906778,25.918053,25.848932,25.701054,25.61594,25.752283,25.875362,25.820059,25.736914,25.678762,25.753021,25.97747,26.32635,26.611763,26.761919,26.751759,26.70133,26.625534,26.54729,26.500334,26.501379,26.543264,26.585161,26.619907,26.663414,26.72216,26.788805,26.858648,26.902134,26.950275,27.01656,27.05493,27.074713,27.07058,26.903133,26.561968,26.774076,26.824131,26.699717,26.794436,27.059748,27.221367,27.298431,27.345432,27.363081,27.320925,27.103268,27.30771,27.549644,27.636261,27.674139,27.642813,27.55307,27.502897,27.504452,27.543686,27.753521,28.044178,28.252857,28.318064,28.34913,28.354452,28.339201,28.293087,28.221176,28.126442,28.038902,27.948616,27.824457,27.698923,27.588316,27.533669,27.440683,27.366978,27.247217,27.103775,27.026,26.885553,26.633509,26.35006,26.178885,26.13095,,,,,,,,,,,,,,,,,,,,,,,,,,,,,,,,,,,,,,,,,,,,,,,,,,,,,,,,,,,,,,,,,,,,,,,,,,,,,,,,,,,,,,,,,,,,,,,,,,,,,,,,,,,,,,,,,,,,,,,,,,,,,,,,,,,,,,,,,,,,,,,,,,,,,,24.032984,24.154995,24.674126,25.263285,25.097786,25.472004,26.049923,26.332151,26.248844,26.24941,26.253262,26.204874,26.215536,26.18104,26.212603,26.258892,26.329382,26.471935,26.636147,26.860712,27.116035,27.395636,27.679895,27.830442,27.812029,27.720234,27.483969,27.39189,27.36407,27.35142,27.255047,27.043892,26.991558,26.99051,26.974339,26.972496,26.942207,26.96095,26.950258,26.817526,27.054483,26.08996,24.636494,24.080715,24.557959,24.80625,24.72095,24.644909,24.32862,24.046438,23.930637,23.95292,23.856499,23.820957,23.972084,24.070759,24.072609,24.03405,24.248974,24.579214,24.937153,25.400484,25.634245,25.816935,26.24335,26.675146,26.96116,27.094532
19.416672,,,,,,,,,,,,,,,,,,,,,,,,,,,,,,,,,,,,,,,,,,,,,,,,,,,,,,,,,,,,,,,,,,,,,,,,,,,,,,,,,,,,,,,,,,,,,,,,,,,,,,,,,,,,,,,,,,,,,,,,,,25.356138,25.629354,25.818329,25.837275,25.935812,26.008993,26.082373,26.088999,26.112503,26.135872,26.150974,26.174456,26.205015,26.254179,26.284988,26.258667,26.26563,26.267809,26.279003,26.260971,26.218231,26.178255,26.144821,26.107578,26.099108,26.108368,26.120726,26.118093,26.08577,26.02941,25.916256,25.808668,25.785614,25.77703,25.750116,25.72013,25.707146,25.707157,25.698145,25.680946,25.659954,25.633774,25.613432,25.600914,25.596306,25.616903,25.65086,25.699142,25.734764,25.77523,25.816597,25.893673,25.945108,25.931074,25.943293,26.006882,26.042198,26.083954,26.129549,26.097418,25.976511,25.873117,25.814514,25.808838,25.826471,25.819302,25.779802,25.752354,25.792555,25.88745,26.072134,26.233852,26.208199,26.070116,25.98817,26.029373,26.112612,26.175575,26.260174,26.364063,26.542353,26.826103,26.956238,26.878468,26.81825,26.792547,26.782442,26.694273,26.607477,26.527052,26.427938,26.289972,26.110304,26.069399,26.016512,26.001413,26.076128,26.118141,26.171412,26.213614,26.164183,26.066618,25.96529,25.946247,26.079363,26.165545,26.096882,25.981285,25.902224,25.967157,26.182013,26.49523,26.729643,26.798197,26.740734,26.678947,26.625324,26.570107,26.546803,26.554235,26.587502,26.627037,26.67535,26.732542,26.803732,26.872433,26.922243,26.939625,26.95459,26.979445,26.993776,27.040314,27.111044,27.003883,26.613161,26.712406,26.772392,26.67282,26.814917,27.075895,27.292948,27.401772,27.388582,27.346504,27.33884,27.252743,27.411888,27.63249,27.71939,27.789076,27.785732,27.727074,27.641975,27.599096,27.602522,27.73375,27.986643,28.21539,28.310137,28.360855,28.38938,28.38926,28.36204,28.309301,28.222385,28.11668,28.018682,27.9387,27.857357,27.741234,27.661678,27.565779,27.50852,27.363926,27.220081,27.127304,26.997873,26.750425,26.455399,26.262703,26.208008,,,,,,,,,,,,,,,,,,,,,,,,,,,,,,,,,,,,,,,,,,,,,,,,,,,,,,,,,,,,,,,,,,,,,,,,,,,,,,,,,,,,,,,,,,,,,,,,,,,,,,,,,,,,,,,,,,,,,,,,,,,,,,,,,,,,,,,,,,,,,,,,,,,,,23.839472,23.97159,24.41947,25.514732,25.796013,25.891968,26.214094,26.236221,26.211649,26.172194,26.174873,26.139078,26.040445,26.05944,26.082312,26.125372,26.144909,26.15442,26.208073,26.364632,26.568731,26.856417,27.193417,27.547647,27.776455,27.784975,27.642462,27.507898,27.407185,27.451172,27.316332,27.236168,27.046144,27.089647,27.066732,27.023054,27.01884,27.0013,26.9836,27.005781,26.925344,27.031652,26.60079,25.129433,24.008926,24.195108,24.529663,24.540684,24.473547,24.32383,24.104609,23.958427,24.045118,24.03551,23.93327,23.92791,23.894045,23.951717,24.15631,24.207462,24.562357,24.852694,25.198004,25.51963,25.82973,26.269243,26.678951,26.933037,27.075836
19.333336,,,,,,,,,,,,,,,,,,,,,,,,,,,,,,,,,,,,,,,,,,,,,,,,,,,,,,,,,,,,,,,,,,,,,,,,,,,,,,,,,,,,,,,,,,,,,,,,,,,,,,,,,,,,,,,,,,,,,,,,,,25.576345,25.795118,25.907877,25.984642,26.035542,26.051523,26.05096,26.04832,26.091816,26.101667,26.093744,26.113964,26.13262,26.14495,26.167372,26.150412,26.169876,26.182306,26.20337,26.200455,26.179998,26.163174,26.14457,26.115288,26.093214,26.07485,26.050285,26.017853,25.983824,25.94649,25.885145,25.825489,25.794218,25.759375,25.6973,25.637499,25.600565,25.598122,25.593159,25.588463,25.572695,25.548357,25.537035,25.534283,25.54029,25.555367,25.586088,25.640408,25.680843,25.739044,25.814606,25.873014,25.917377,25.917349,25.949892,25.987677,26.020376,26.097277,26.140444,26.142881,26.046366,25.899286,25.791498,25.77695,25.795374,25.813839,25.797794,25.77396,25.77466,25.807108,25.918636,26.09766,26.215014,26.201248,26.148129,26.138472,26.171377,26.207565,26.266214,26.3241,26.415806,26.665873,26.927313,26.941608,26.86004,26.836334,26.853794,26.84726,26.833591,26.796827,26.745544,26.67324,26.539938,26.380478,26.204538,26.139925,26.181015,26.20546,26.270882,26.297056,26.225386,26.11954,26.074074,26.134344,26.277393,26.362736,26.318573,26.070438,26.026829,26.153854,26.29611,26.55645,26.781343,26.808815,26.708197,26.64811,26.612776,26.543573,26.50261,26.50362,26.531862,26.573223,26.63597,26.72781,26.824492,26.871498,26.876102,26.856258,26.845634,26.853933,26.891066,26.98369,27.118223,27.159952,26.706299,26.68489,26.772556,26.749443,26.850658,27.025919,27.323818,27.554323,27.615171,27.396381,27.32079,27.315536,27.430346,27.623667,27.712957,27.79958,27.83959,27.857517,27.813227,27.774923,27.76865,27.817173,27.985811,28.183365,28.293995,28.3632,28.410448,28.428385,28.421625,28.38839,28.326714,28.233387,28.134516,28.039364,27.950958,27.857628,27.783535,27.698141,27.646656,27.507607,27.364227,27.23603,27.10862,26.874588,26.57304,26.375805,26.343346,,,,,,,,,,,,,,,,,,,,,,,,,,,,,,,,,,,,,,,,,,,,,,,,,,,,,,,,,,,,,,,,,,,,,,,,,,,,,,,,,,,,,,,,,,,,,,,,,,,,,,,,,,,,,,,,,,,,,,,,,,,,,,,,,,,,,,,,,,,,,,,,,,,,23.872738,23.917837,24.295002,25.23493,25.961763,25.970917,26.176037,26.221361,26.129126,26.086931,26.070745,26.007404,25.938667,25.894985,25.877926,25.802387,25.792704,25.821491,25.874905,25.9682,26.131882,26.362347,26.64726,26.977009,27.327475,27.67905,27.767859,27.623652,27.519726,27.510891,27.579086,27.345268,27.267195,27.11848,27.10138,27.037811,27.06484,27.076265,27.090878,27.044765,27.030886,26.986732,27.04207,26.954596,25.665201,24.316645,23.932,24.161028,24.278305,24.314692,24.287071,24.110245,23.996325,24.18597,24.144566,24.049576,24.020943,23.96294,23.99317,24.211403,24.228157,24.58144,24.829576,25.049414,25.431986,25.876894,26.336021,26.722723,26.88748,27.054308
19.25,,,,,,,,,,,,,,,,,,,,,,,,,,,,,,,,,,,,,,,,,,,,,,,,,,,,,,,,,,,,,,,,,,,,,,,,,,,,,,,,,,,,,,,,,,,,,,,,,,,,,,,,,,,,,,,,,,,,,,,,,,25.599659,25.611267,25.798468,25.9872,26.04122,26.066177,26.044436,26.039862,26.06263,26.047867,26.044888,26.066046,26.090412,26.101788,26.10827,26.088903,26.09616,26.114496,26.1348,26.135368,26.137506,26.14944,26.146887,26.1369,26.110142,26.072666,26.024427,25.986305,25.955317,25.923126,25.882698,25.837723,25.784182,25.712122,25.606558,25.548412,25.515375,25.513897,25.516186,25.524326,25.533585,25.538456,25.5391,25.540392,25.54407,25.532251,25.535616,25.5855,25.646854,25.73056,25.824978,25.885551,25.925268,25.941107,25.984816,25.971256,26.000996,26.077215,26.099012,26.095562,25.998857,25.876713,25.77828,25.759888,25.770784,25.793875,25.799477,25.79785,25.796236,25.790623,25.83772,25.970625,26.110863,26.195389,26.217142,26.220308,26.229378,26.239594,26.281239,26.319271,26.322292,26.423695,26.726809,26.915588,26.764526,26.700558,26.726805,26.779818,26.835438,26.874462,26.905018,26.919477,26.872276,26.627453,26.39685,26.27661,26.246416,26.23451,26.260199,26.27282,26.249704,26.144129,26.163336,26.29416,26.481329,26.638052,26.67352,26.377872,26.229666,26.192762,26.338432,26.609781,26.806501,26.840582,26.719963,26.623981,26.587471,26.478796,26.410881,26.441236,26.470661,26.50276,26.522972,26.605358,26.70996,26.774092,26.795303,26.78175,26.77142,26.789022,26.858711,26.961832,27.094063,27.282711,26.88682,26.722795,26.773182,26.84189,26.865747,26.948002,27.26557,27.575972,27.831638,27.63086,27.426556,27.362314,27.36857,27.509583,27.605314,27.717955,27.819395,27.911049,27.940031,27.927044,27.945719,27.971992,28.07693,28.20972,28.30692,28.37156,28.42233,28.460838,28.47464,28.4651,28.437128,28.381483,28.305363,28.214832,28.105663,27.996096,27.919556,27.863552,27.814934,27.699432,27.532434,27.367344,27.222927,26.997223,26.696537,26.505459,26.461567,,,,,,,,,,,,,,,,,,,,,,,,,,,,,,,,,,,,,,,,,,,,,,,,,,,,,,,,,,,,,,,,,,,,,,,,,,,,,,,,,,,,,,,,,,,,,,,,,,,,,,,,,,,,,,,,,,,,,,,,,,,,,,,,,,,,,,,,,,,,,,,,,24.078331,24.016264,23.874811,23.859097,24.190912,25.196936,25.974873,26.013727,26.118494,26.185366,26.050058,26.005852,26.020254,25.915113,25.787283,25.700739,25.630703,25.51734,25.45957,25.517338,25.608126,25.661448,25.773659,25.91637,26.160942,26.427094,26.753565,27.11041,27.488817,27.73586,27.664022,27.51912,27.555292,27.599741,27.385096,27.261871,27.137928,27.055601,27.029222,27.097143,27.11239,27.122643,27.09689,27.06508,27.052675,27.042992,27.172224,26.15561,25.07078,24.132074,24.053738,24.190195,24.439526,24.438007,24.309616,24.262445,24.667002,24.65279,24.42214,24.302956,24.166637,24.188433,24.3792,24.253149,24.5224,24.753809,24.928425,25.387844,25.905434,26.367794,26.758186,26.851648,27.026348
19.166672,,,,,,,,,,,,,,,,,,,,,,,,,,,,,,,,,,,,,,,,,,,,,,,,,,,,,,,,,,,,,,,,,,,,,,,,,,,,,,,,,,,,,,,,,,,,,,,,,,,,,,,,,,,,,,,,,,,,,,,,,,,25.572155,25.961353,26.065014,26.047562,26.042892,26.025686,26.038736,26.033064,26.013186,26.025206,26.028116,26.014841,26.006884,25.997002,25.972921,25.967646,25.972433,25.978691,25.99118,26.01219,26.033054,26.047958,26.067642,26.067282,26.053741,26.016787,25.972565,25.933811,25.898775,25.855871,25.79264,25.688263,25.581705,25.526655,25.529707,25.557898,25.58282,25.603338,25.623444,25.645483,25.659685,25.66317,25.66219,25.659815,25.632566,25.572214,25.54772,25.614815,25.721973,25.836845,25.899132,25.935528,25.969536,25.986128,25.945019,25.959675,26.018059,26.071344,26.081,25.983013,25.888233,25.822662,25.783907,25.783136,25.783756,25.786388,25.78508,25.81608,25.802704,25.806889,25.888308,26.009865,26.116844,26.18511,26.226032,26.252205,26.274565,26.30746,26.33842,26.335756,26.278536,26.435614,26.790905,26.749687,26.608433,26.559797,26.599112,26.681385,26.741215,26.809345,26.91353,27.000978,26.815472,26.448423,26.38453,26.319336,26.246544,26.254202,26.294472,26.352573,26.372375,26.477184,26.610144,26.79187,26.986507,27.095566,26.95835,26.731026,26.463968,26.344522,26.43127,26.804884,26.849043,26.766537,26.638937,26.559156,26.460802,26.456463,26.550573,26.588648,26.643166,26.613098,26.614988,26.683336,26.7488,26.78133,26.775286,26.784748,26.834076,26.945494,27.04826,27.113523,27.290478,27.154476,26.914297,26.799135,26.898396,26.914713,27.067287,27.388403,27.65591,27.866674,27.951649,27.626867,27.482609,27.494516,27.411905,27.469055,27.572895,27.716099,27.878666,28.003162,28.023983,28.066914,28.103258,28.181667,28.281849,28.359077,28.396713,28.43787,28.48387,28.516575,28.539759,28.529516,28.501196,28.451296,28.381535,28.294744,28.192678,28.106255,28.042759,28.00248,27.902544,27.716333,27.517601,27.326113,27.11305,26.839508,26.646996,26.533283,26.52077,,,,,,,,,,,,,,,,,,,,,,,,,,,,,,,,,,,,,,,,,,,,,,,,,,,,,,,,,,,,,,,,,,,,,,,,,,,,,,,,,,,,,,,,,,,,,,,,,,,,,,,,,,,,,,,,,,,,,,,,,,,,,,,,,,,,,,,,,,,,,,,24.074196,24.036703,23.97814,23.845633,24.028076,24.862967,25.937586,26.035734,26.084852,26.13584,26.012411,25.910204,25.956568,25.872828,25.712786,25.5782,25.487072,25.358255,25.231796,25.253542,25.333519,25.442806,25.503223,25.618513,25.756666,25.967495,26.230124,26.535536,26.895185,27.255686,27.617105,27.728615,27.544102,27.512632,27.587494,27.485806,27.192776,27.066551,27.008402,27.038061,27.107473,27.131672,27.138954,27.118122,27.092918,27.073973,27.037962,27.212397,26.564686,25.61894,24.802616,24.426817,24.559498,24.85455,24.777132,24.627089,24.73193,25.23422,25.369709,25.37332,24.769968,24.458174,24.438684,24.572155,24.557774,24.697876,24.77669,24.834183,25.323524,25.901976,26.342419,26.737617,26.815212,26.958502
19.083336,,,,,,,,,,,,,,,,,,,,,,,,,,,,,,,,,,,,,,,,,,,,,,,,,,,,,,,,,,,,,,,,,,,,,,,,,,,,,,,,,,,,,,,,,,,,,,,,,,,,,,,,,,,,,,,,,,,,,,,,,,,25.816042,26.030325,26.061075,26.0354,26.024271,26.01215,26.022081,25.986128,25.956905,25.922852,25.874136,25.814161,25.794828,25.790829,25.76266,25.75282,25.756071,25.771778,25.798758,25.829243,25.863256,25.894636,25.92992,25.947025,25.948957,25.93188,25.89677,25.855593,25.81245,25.7457,25.630377,25.556139,25.53677,25.576935,25.631285,25.674269,25.705948,25.734718,25.758022,25.779299,25.79178,25.79552,25.796356,25.781977,25.758957,25.707565,25.610298,25.584991,25.694872,25.844524,25.920712,25.946962,25.994522,26.004177,25.951914,25.911003,25.930683,26.022953,26.098932,26.0828,25.989641,25.902288,25.825533,25.799538,25.791265,25.780846,25.772326,25.823036,25.828915,25.80249,25.845331,25.9278,26.027208,26.115158,26.188557,26.252533,26.30055,26.331848,26.349089,26.363836,26.29443,26.227133,26.48919,26.729046,26.667444,26.632496,26.604658,26.609894,26.644716,26.699724,26.78179,26.971575,26.999441,26.636793,26.392225,26.294506,26.271324,26.36285,26.455418,26.643469,26.850943,27.034832,27.146257,27.328302,27.499588,27.549646,27.472782,27.325485,27.071518,26.76188,26.459839,26.528091,26.775677,26.865572,26.728611,26.598593,26.525928,26.52114,26.580479,26.6478,26.776726,26.815659,26.795246,26.811926,26.86034,26.889732,26.868538,26.856066,26.908506,27.038223,27.157267,27.193012,27.30913,27.406528,27.207382,27.055883,27.12011,27.189796,27.459312,27.702002,27.911419,27.92681,28.137203,27.88725,27.624004,27.621025,27.60605,27.587914,27.512093,27.553118,27.757952,27.980064,28.061617,28.133484,28.19728,28.26488,28.345633,28.390066,28.415747,28.461103,28.521917,28.558266,28.584675,28.601486,28.586739,28.553179,28.499454,28.438412,28.384325,28.316494,28.23346,28.147621,28.0389,27.869936,27.648417,27.419987,27.248535,27.015362,26.809067,26.66057,26.580597,,,,,,,,,,,,,,,,,,,,,,,,,,,,,,,,,,,,,,,,,,,,,,,,,,,,,,,,,,,,,,,,,,,,,,,,,,,,,,,,,,,,,,,,,,,,,,,,,,,,,,,,,,,,,,,,,,,,,,,,,,,,,,,,,,,,,,,,,,,,,,,23.979372,23.82822,23.907051,24.001905,24.620464,25.791174,26.028046,26.014389,26.104864,25.995466,25.84248,25.842579,25.8432,25.684702,25.527718,25.422684,25.333967,25.20671,25.15338,25.208403,25.270102,25.324896,25.382343,25.479784,25.608229,25.793879,26.048368,26.347837,26.692112,27.04677,27.405697,27.709072,27.641357,27.473948,27.500208,27.51522,27.26646,27.01297,26.99255,27.04938,27.12518,27.155743,27.162695,27.169157,27.140135,27.1107,27.05705,27.169746,26.962635,26.069168,25.242891,25.064281,25.30264,25.373276,25.248098,25.151915,25.349926,25.830982,25.857738,26.048737,25.30926,24.79849,24.660145,24.681517,24.694704,24.754011,24.75759,24.728636,25.269716,25.874928,26.309338,26.684946,26.714722,26.773615
19.0,,,,,,,,,,,,,,,,,,,,,,,,,,,,,,,,,,,,,,,,,,,,,,,,,,,,,,,,,,,,,,,,,,,,,,,,,,,,,,,,,,,,,,,,,,,,,,,,,,,,,,,,,,,,,,,,,,,,,,,,,,25.815317,25.94833,26.02032,26.025131,26.018747,26.003813,25.98394,25.965496,25.886053,25.841404,25.787872,25.700441,25.642258,25.646852,25.6526,25.624275,25.604218,25.601437,25.615808,25.631655,25.65098,25.677473,25.711412,25.755993,25.789827,25.804903,25.796757,25.766804,25.725668,25.659351,25.582716,25.537554,25.57296,25.631048,25.667387,25.699854,25.735275,25.777758,25.825865,25.863346,25.882206,25.889399,25.883995,25.880348,25.884714,25.866354,25.842865,25.752905,25.607668,25.627047,25.811972,25.945213,25.9773,26.01423,26.040642,26.02546,25.938532,25.888254,25.940393,26.052567,26.147976,26.10768,25.996517,25.877125,25.815683,25.80331,25.775888,25.757427,25.817074,25.856878,25.827238,25.844381,25.882107,25.939642,26.012775,26.091808,26.186972,26.274483,26.336414,26.370724,26.394566,26.324799,26.16812,26.17554,26.455124,26.577728,26.599356,26.581675,26.548817,26.560188,26.63772,26.69605,26.85924,27.062708,26.961111,26.676342,26.549467,26.410393,26.41009,26.46763,26.820778,27.154861,27.51199,27.609196,27.706017,27.72738,27.71177,27.633024,27.584993,27.4877,27.266176,26.8874,26.543682,26.537287,26.733967,26.827215,26.728579,26.658215,26.59515,26.54869,26.679953,26.891092,26.99833,27.005928,26.990309,27.024862,27.080212,27.083506,27.037151,27.019001,27.09385,27.208712,27.264893,27.360716,27.496153,27.438543,27.411606,27.47657,27.67971,27.88007,27.95754,27.99955,28.008001,28.152245,28.08371,27.774572,27.65281,27.702948,27.73795,27.711735,27.575357,27.64927,27.911577,28.063053,28.165123,28.259747,28.317688,28.3685,28.404312,28.449266,28.516596,28.57608,28.601969,28.62952,28.639406,28.639282,28.629793,28.59756,28.55002,28.521341,28.480398,28.402725,28.295273,28.16878,28.021769,27.806608,27.573587,27.411112,27.162836,26.943794,26.76511,26.62114,,,,,,,,,,,,,,,,,,,,,,,,,,,,,,,,,,,,,,,,,,,,,,,,,,,,,,,,,,,,,,,,,,,,,,,,,,,,,,,,,,,,,,,,,,,,,,,,,,,,,,,,,,,,,,,,,,,,,,,,,,,,,,,,,,,,,,,,,,,,,,24.334265,24.093405,23.859394,24.053581,24.487911,25.595512,26.143276,25.870514,26.066288,25.980925,25.803986,25.711802,25.758892,25.68268,25.528408,25.39008,25.318684,25.249708,25.15726,25.15536,25.215553,25.253149,25.289516,25.31862,25.383604,25.46372,25.60789,25.848083,26.14911,26.509079,26.847435,27.172514,27.542929,27.725204,27.529392,27.430967,27.462467,27.377327,27.12812,26.979847,27.01111,27.123785,27.165144,27.163235,27.201979,27.205702,27.200426,27.162563,27.214626,27.291344,26.737297,25.981102,25.95739,26.09656,25.724041,25.45657,25.676437,26.199226,26.161736,26.367405,26.22816,25.598333,25.02315,24.886705,24.960052,24.778372,24.81349,24.555918,24.635033,25.228062,25.786615,26.2273,26.596811,26.589571,26.515825
18.916672,,,,,,,,,,,,,,,,,,,,,,,,,,,,,,,,,,,,,,,,,,,,,,,,,,,,,,,,,,,,,,,,,,,,,,,,,,,,,,,,,,,,,,,,,,,,,,,,,,,,,,,,,,,,,,,,,,25.595854,25.847713,26.00069,26.056202,25.97576,25.972233,25.959389,25.968279,25.981352,26.020254,26.00551,26.006985,26.000315,25.975742,25.936428,25.875101,25.772598,25.750095,25.708035,25.630838,25.581757,25.587442,25.590733,25.57551,25.562035,25.562172,25.574095,25.582827,25.590075,25.594353,25.600508,25.616304,25.637371,25.656403,25.660154,25.636555,25.593271,25.546974,25.544775,25.599098,25.65347,25.658386,25.64982,25.688913,25.756313,25.827286,25.89939,25.96161,25.992064,25.998121,25.986712,25.952427,25.94331,25.935501,25.938114,25.897594,25.758398,25.640842,25.668722,25.862991,25.958303,26.028784,26.030289,25.952654,25.909517,25.911366,25.916168,25.962582,26.091116,26.166655,26.095604,25.964437,25.855698,25.828028,25.77694,25.73584,25.839912,25.89869,25.880112,25.881374,25.894558,25.912638,25.941156,25.985685,26.065388,26.169466,26.281858,26.362772,26.401777,26.329128,26.166296,26.057228,26.0908,26.256645,26.29972,26.278608,26.272532,26.345837,26.488401,26.612473,26.77742,26.997496,27.085255,27.030272,26.926186,26.721413,26.758081,26.57482,26.588009,27.043571,27.648905,27.804407,27.784508,27.72384,27.696966,27.64394,27.61907,27.582113,27.505972,27.294691,26.946413,26.622993,26.563461,26.670338,26.76618,26.740074,26.62963,26.620325,26.892054,27.18666,27.328867,27.361185,27.26942,27.17395,27.187222,27.241089,27.237043,27.19242,27.22736,27.313974,27.367012,27.442965,27.524496,27.59013,27.667118,27.82861,27.923407,27.935118,27.937202,27.93052,27.946438,28.088558,28.142086,27.895584,27.685171,27.66463,27.741343,27.795158,27.696915,27.682081,27.887646,28.045511,28.17176,28.287476,28.344973,28.37273,28.431656,28.516186,28.585926,28.615927,28.62299,28.647568,28.66743,28.670689,28.674469,28.653418,28.626543,28.594263,28.568504,28.508049,28.409586,28.29204,28.164381,28.005642,27.779688,27.561085,27.275269,27.00914,26.790262,26.61444,,,,,,,,,,,,,,,,,,,,,,,,,,,,,,,,,,,,,,,,,,,,,,,,,,,,,,,,,,,,,,,,,,,,,,,,,,,,,,,,,,,,,,,,,,,,,,,,,,,,,,,,,,,,,,,,,,,,,,,,,,,,,,,,,,,,,,,,,,,,,24.409426,24.249348,24.117739,24.195314,24.551134,25.270744,26.009079,25.988916,25.788162,26.024593,25.764072,25.615839,25.626715,25.652918,25.578716,25.412064,25.27813,25.236649,25.180134,25.162577,25.189894,25.262447,25.29334,25.322527,25.330847,25.34669,25.385544,25.462635,25.649605,25.918278,26.315802,26.710054,27.019085,27.308456,27.670763,27.668089,27.443018,27.412094,27.404306,27.256481,27.038786,26.968624,27.080477,27.147106,27.140558,27.139261,27.175816,27.193,27.212378,27.252031,27.396894,27.242773,26.84589,26.831783,26.446829,25.850182,25.92996,26.319561,26.599932,26.56061,26.573442,26.198729,25.451427,25.103893,24.95962,25.131739,25.07111,25.008883,24.457455,24.570276,25.121862,25.667065,26.135683,26.48559,26.468786,26.22831
18.833336,,,,,,,,,,,,,,,,,,,,,,,,,,,,,,,,,,,,,,,,,,,,,,,,,,,,,,,,,,,,,,,,,,,,,,,,,,,,,,,,,,,,,,,,,,,,,,,,,,,,,,,,,,,,,,,,25.436283,25.651098,25.82046,26.057142,26.245134,26.340223,26.204079,26.125221,26.056606,26.020071,26.010483,25.999485,25.982832,25.992947,25.969687,25.915598,25.84583,25.756287,25.678999,25.688503,25.667719,25.625154,25.582504,25.571533,25.55859,25.550785,25.552786,25.564138,25.579605,25.59386,25.60292,25.606031,25.604303,25.596218,25.583609,25.576326,25.575169,25.557665,25.537735,25.548578,25.60343,25.64831,25.628979,25.568209,25.59622,25.695208,25.801643,25.904448,25.994505,26.069872,26.127102,26.151833,26.147865,26.111485,26.06209,26.018204,25.99995,25.97907,25.938112,25.800608,25.707464,25.710815,25.725649,25.898655,25.900555,25.827879,25.836224,25.868492,25.936735,25.957773,25.990353,26.128939,26.168179,26.085344,25.930304,25.872086,25.847881,25.84476,25.91292,25.942066,25.93509,25.933619,25.939009,25.940092,25.935535,25.942041,25.960987,26.010899,26.098894,26.2013,26.255968,26.223806,26.110216,25.996815,25.984566,26.013296,26.059286,26.038406,26.073812,26.160965,26.315142,26.460423,26.683388,26.943884,27.05685,27.144875,27.122868,27.043018,27.092999,26.884712,26.614193,26.843372,27.539192,27.828903,27.818083,27.7501,27.723398,27.68703,27.65032,27.602427,27.545534,27.480684,27.339008,26.983234,26.695232,26.61415,26.637627,26.679443,26.628948,26.824646,27.239513,27.51722,27.578543,27.598803,27.550915,27.3972,27.301323,27.305702,27.31891,27.317593,27.372375,27.431671,27.466263,27.494537,27.552814,27.64796,27.771515,27.822767,27.821117,27.822311,27.836582,27.880266,27.895414,27.995552,28.099472,27.920313,27.695442,27.659601,27.740633,27.784979,27.651133,27.759743,27.947752,28.046112,28.172457,28.293934,28.354227,28.3805,28.466455,28.5631,28.60278,28.581303,28.596714,28.623339,28.637285,28.666985,28.683317,28.684765,28.662525,28.637272,28.605944,28.557997,28.471766,28.35596,28.229267,28.110174,27.898891,27.672688,27.389599,27.036058,26.747787,26.58603,,,,,,,,,,,,,,,,,,,,,,,,,,,,,,,,,,,,,,,,,,,,,,,,,,,,,,,,,,,,,,,,,,,,,,,,,,,,,,,,,,,,,,,,,,,,,,,,,,,,,,,,,,,,,,,,,,,,,,,,,,,,,,,,,,,,,,,,,,,,,24.418653,24.24353,24.24489,24.561815,25.081194,25.76054,25.965038,25.803408,25.843168,25.89525,25.549402,25.476936,25.500462,25.525734,25.433199,25.265005,25.195522,25.204578,25.168304,25.224987,25.26921,25.32558,25.356735,25.362087,25.367163,25.360853,25.359709,25.384745,25.479612,25.68504,26.043415,26.507372,26.905441,27.158155,27.462372,27.715641,27.574743,27.396996,27.395733,27.343536,27.151932,26.980135,26.98825,27.107279,27.115591,27.095387,27.069706,27.099915,27.121851,27.155712,27.249731,27.221876,27.070553,26.812304,26.378723,26.2298,26.458124,26.629988,26.671288,26.609018,26.538128,25.888987,25.235004,25.10354,25.059322,25.309082,25.33254,25.3579,24.632921,24.524988,25.001772,25.525566,26.030117,26.35266,26.347431,25.995329
18.75,,,,,,,,,,,,,,,,,,,,,,,,,,,,,,,,,,,,,,,,,,,,,,,,,,,,,,,,,,,,,,,,,,,,,,,,,,,,,,,,,,,,,,,,,,,,,,,,,,,,,,,,,,,,,,,,25.504333,25.826408,26.128668,26.354267,26.546795,26.558409,26.361061,26.208868,26.09302,26.015068,26.00106,25.966003,25.952219,25.989786,25.978605,25.887415,25.75967,25.6534,25.614983,25.654867,25.650541,25.624283,25.592922,25.566133,25.541084,25.534126,25.54146,25.553453,25.56601,25.578484,25.592268,25.606712,25.621248,25.628883,25.61796,25.58785,25.561659,25.549616,25.554087,25.599619,25.642105,25.615326,25.51821,25.490343,25.591211,25.690268,25.800362,25.918522,26.025452,26.105942,26.157066,26.2022,26.233973,26.24798,26.206636,26.153227,26.101585,26.064287,26.048641,25.983889,25.866993,25.813345,25.745852,25.784084,25.790054,25.798561,25.859385,25.907766,25.95248,26.009214,25.99769,26.083155,26.180563,26.181982,26.03066,25.904171,25.890955,25.925547,25.94895,25.959108,25.948582,25.932941,25.927172,25.933645,25.934458,25.940847,25.945475,25.952274,25.986658,26.044481,26.096436,26.111975,26.009453,25.910841,25.882225,25.908827,25.986492,26.071695,26.078793,26.14088,26.250454,26.407791,26.6323,26.897955,27.039948,27.089642,27.176308,27.188398,27.209522,27.068796,26.746227,26.762428,27.408966,27.820053,27.846561,27.791466,27.742428,27.691422,27.642925,27.580168,27.489437,27.432598,27.426844,27.317202,27.002928,26.774189,26.721155,26.723982,26.722425,27.199257,27.566338,27.644941,27.628471,27.58688,27.511005,27.400677,27.323732,27.320698,27.357876,27.394384,27.43403,27.48344,27.496275,27.499588,27.580511,27.711645,27.75529,27.719006,27.744946,27.851564,27.910099,27.955334,27.958992,28.047247,28.109116,27.914108,27.665236,27.68207,27.781084,27.771656,27.68479,27.9218,28.028168,28.075083,28.181732,28.29845,28.35249,28.378666,28.478628,28.554186,28.551176,28.504862,28.533752,28.535028,28.557674,28.618526,28.657118,28.665937,28.667086,28.661367,28.632532,28.586578,28.507431,28.39827,28.264702,28.14745,27.993124,27.83704,27.559464,27.145256,26.801327,,,,,,,,,,,,,,,,,,,,,,,,,,,,,,,,,,,,,,,,,,,,,,,,,,,,,,,,,,,,,,,,,,,,,,,,,,,,,,,,,,,,,,,,,,,,,,,,,,,,,,,,,,,,,,,,,,,,,,,,,,,,,,,,,,,,,,,,,,,,,24.537857,24.416092,24.339743,24.505638,24.927883,25.582708,25.96806,25.735973,25.688412,25.786757,25.630354,25.2612,25.341957,25.320805,25.322868,25.247711,25.151203,25.171625,25.23662,25.241169,25.324213,25.328756,25.353909,25.373508,25.365034,25.366377,25.362057,25.363892,25.378149,25.405924,25.519201,25.77942,26.222239,26.715515,27.071327,27.323568,27.64154,27.703115,27.510769,27.381823,27.369616,27.257818,27.070007,26.95915,26.986084,27.054186,27.040977,27.0135,27.013187,27.02768,27.036915,27.0474,26.97729,26.829414,26.598886,26.485823,26.570192,26.685028,26.70519,26.617506,26.478676,26.258781,25.755054,25.36193,25.129145,25.214073,25.458902,25.57302,25.65134,24.861582,24.492641,24.892403,25.421339,25.980583,26.268621,26.262503,25.943665
18.666672,,,,,,,,,,,,,,,,,,,,,,,,,,,,,,,,,,,,,,,,,,,,,,,,,,,,,,,,,,,,,,,,,,,,,,,,,,,,,,,,,,,,,,,,,,,,,,,,,,,,,,,,,,,,,25.13623,25.338749,25.570517,25.695118,25.976727,26.32246,26.647036,26.744705,26.640722,26.424124,26.207563,26.064089,26.017435,25.992672,25.92498,25.903942,25.948494,25.98374,25.89765,25.745615,25.627142,25.609558,25.653263,25.655525,25.633232,25.600334,25.5638,25.531927,25.524559,25.534788,25.542173,25.546335,25.549711,25.553696,25.562386,25.581512,25.61306,25.64696,25.650515,25.608484,25.573349,25.586582,25.630632,25.629047,25.537788,25.43456,25.459898,25.550104,25.639023,25.791862,25.94781,26.074614,26.154694,26.19494,26.227678,26.258114,26.27573,26.289799,26.278154,26.249388,26.177418,26.148676,26.108862,26.064161,26.019268,25.946,25.911129,25.901356,25.93176,25.993378,26.043787,26.050003,26.073742,26.052036,26.077394,26.16396,26.215946,26.116718,25.942331,25.894527,25.919119,25.951002,25.941124,25.897785,25.872093,25.84467,25.820421,25.818665,25.83725,25.882328,25.93315,25.961199,25.951628,25.966398,25.905014,25.856413,25.822294,25.796734,25.891726,26.079481,26.148317,26.191978,26.228668,26.260235,26.385618,26.637354,26.90315,27.048475,27.084541,27.122368,27.155802,27.173018,26.9625,26.68199,26.745087,27.371002,27.799183,27.875559,27.864304,27.769617,27.681187,27.607422,27.546682,27.41751,27.30625,27.253202,27.365438,27.198267,26.968624,26.886068,26.77319,26.984169,27.558968,27.673378,27.651663,27.597816,27.52773,27.405945,27.33764,27.33164,27.376488,27.404203,27.410769,27.41879,27.458357,27.48551,27.567722,27.704676,27.787067,27.745358,27.703676,27.858824,27.957775,28.005209,28.027554,28.03214,28.068172,28.056986,27.846535,27.608942,27.668198,27.75397,27.6999,27.812204,28.032618,28.08938,28.117744,28.202105,28.303616,28.349264,28.365301,28.472246,28.52899,28.471006,28.436342,28.431215,28.429007,28.455252,28.542618,28.605633,28.633339,28.649263,28.64918,28.637434,28.603971,28.534084,28.443253,28.319601,28.181229,28.052788,27.92199,27.658749,27.26409,26.899616,26.951513,,,,,,,,,,,,,,,,,,,,,,,,,,,,,,,,,,,,,,,,,,,,,,,,,,,,,,,,,,,,,,,,,,,,,,,,,,,,,,,,,,,,,,,,,,,,,,,,,,,,,,,,,,,,,,,,,,,,,,,,,,,,,,,,,,,,,,,,,,,24.672224,24.527916,24.42533,24.501076,24.801092,25.280828,25.838354,25.847273,25.507624,25.61271,25.678755,25.341719,25.165997,25.24377,25.219776,25.245337,25.231176,25.189484,25.294107,25.32525,25.330267,25.381866,25.340923,25.35309,25.336592,25.331919,25.3389,25.359638,25.374264,25.39711,25.408527,25.439566,25.600971,25.95655,26.453392,26.905615,27.22077,27.499718,27.743881,27.697363,27.479479,27.370605,27.340815,27.192509,27.007963,26.947563,26.98985,27.001112,26.983412,26.972305,26.965729,26.962036,26.938808,26.867651,26.775595,26.690536,26.7009,26.744072,26.727089,26.634441,26.533,26.46761,26.399643,26.295567,26.006493,25.305834,25.255766,25.516565,25.729141,25.803679,25.05276,24.490685,24.845259,25.382063,25.943867,26.229733,26.186396,25.999233
18.583336,,,,,,,,,,,,,,,,,,,,,,,,,,,,,,,,,,,,,,,,,,,,,,,,,,,,,,,,,,,,,,,,,,,,,,,,,,,,,,,,,,,,,,,,,,,,,,,,,,,,,,,,,,,,,25.19388,25.451315,25.705812,25.928291,26.214308,26.455362,26.743118,26.74531,26.597233,26.36534,26.130466,26.036638,26.015108,25.967281,25.901594,25.872877,25.88239,25.906343,25.850946,25.749115,25.661764,25.665882,25.703611,25.692768,25.66108,25.625038,25.586796,25.557903,25.547983,25.55883,25.576824,25.5925,25.607565,25.610336,25.599861,25.570654,25.55457,25.592201,25.651867,25.66713,25.64516,25.62795,25.636875,25.59968,25.487108,25.40266,25.435417,25.50243,25.60849,25.786047,25.97876,26.119946,26.208252,26.251398,26.270586,26.281755,26.290792,26.30432,26.341522,26.344307,26.307924,26.267765,26.24183,26.18828,26.16587,26.12425,26.101122,26.085365,26.109224,26.106245,26.123894,26.134691,26.147068,26.10993,26.090641,26.142122,26.222626,26.174072,25.996359,25.902903,25.893078,25.928156,25.892721,25.823154,25.808771,25.762957,25.786337,25.810066,25.802784,25.813105,25.82366,25.800732,25.768282,25.751947,25.736776,25.748913,25.751549,25.757456,25.956736,26.202896,26.200739,26.227,26.293314,26.345785,26.470917,26.698109,26.936794,27.089308,27.108862,27.111248,27.144518,27.153643,27.001852,26.625557,26.79002,27.381115,27.802944,27.898739,27.863644,27.747883,27.639668,27.587976,27.491745,27.37641,27.234024,27.135221,27.229544,27.17977,26.999224,26.928185,26.91093,27.393463,27.663137,27.668076,27.639303,27.576399,27.521456,27.428473,27.395447,27.415907,27.43509,27.456232,27.484562,27.511276,27.54015,27.619596,27.738052,27.815037,27.785439,27.69593,27.718155,27.83625,27.892687,27.972382,28.064215,28.077024,28.031548,27.877468,27.612482,27.554321,27.65584,27.706255,27.763422,27.941423,28.087027,28.132446,28.130959,28.206594,28.307814,28.350533,28.344494,28.44064,28.501093,28.453424,28.408953,28.379961,28.364725,28.36996,28.44395,28.550882,28.61805,28.632,28.640932,28.623377,28.60736,28.553501,28.480728,28.375818,28.234024,28.090662,27.935656,27.67613,27.345772,27.018087,27.018064,,,,,,,,,,,,,,,,,,,,,,,,,,,,,,,,,,,,,,,,,,,,,,,,,,,,,,,,,,,,,,,,,,,,,,,,,,,,,,,,,,,,,,,,,,,,,,,,,,,,,,,,,,,,,,,,,,,,,,,,,,,,,,,,,,,,,,,,,,24.743647,24.645227,24.54941,24.545712,24.68348,25.000523,25.538136,25.882132,25.57173,25.35567,25.553095,25.494347,25.185522,25.184454,25.230328,25.251204,25.319832,25.289175,25.32133,25.370031,25.343964,25.320055,25.34091,25.319633,25.318893,25.300283,25.291851,25.299028,25.327562,25.369373,25.40208,25.431965,25.430777,25.484406,25.741312,26.193956,26.68615,27.070356,27.348442,27.677189,27.786623,27.704645,27.456938,27.35874,27.287603,27.118917,26.923859,26.893002,26.938559,26.959606,26.977371,26.961996,26.934216,26.920359,26.892118,26.852243,26.818642,26.79225,26.731617,26.656334,26.58597,26.533989,26.509197,26.535477,26.641363,26.632963,26.476377,25.749939,25.480839,25.74117,25.952654,25.21946,24.51719,24.81411,25.371042,25.925377,26.22496,26.184063,26.038847
18.5,,,,,,,,,,,,,,,,,,,,,,,,,,,,,,,,,,,,,,,,,,,,,,,,,,,,,,,,,,,,,,,,,,,,,,,,,,,,,,,,,,,,,,,,,,,,,,,,,,,,,,,,,,,,,25.285177,25.537975,25.82804,26.14199,26.453527,26.630413,26.70336,26.666714,26.460386,26.215517,26.042112,25.982252,25.938467,25.871128,25.808762,25.859957,25.883125,25.878262,25.834694,25.770134,25.73266,25.738314,25.736074,25.700783,25.65876,25.628843,25.600801,25.585052,25.587183,25.605719,25.637207,25.677841,25.719664,25.748983,25.756851,25.73126,25.672525,25.602251,25.548882,25.581303,25.657368,25.683084,25.67906,25.633684,25.52482,25.427221,25.425396,25.45637,25.561392,25.760323,25.966707,26.12536,26.222155,26.283514,26.319206,26.346277,26.353231,26.35765,26.36728,26.381958,26.384699,26.369286,26.35651,26.317192,26.277554,26.261354,26.22886,26.209303,26.207382,26.200378,26.21711,26.192364,26.187,26.142822,26.092793,26.118406,26.207855,26.203945,26.043118,25.912079,25.89027,25.901237,25.83044,25.78215,25.804918,25.820747,25.901495,25.931984,25.8576,25.813408,25.785807,25.779886,25.782326,25.815626,25.880733,25.931747,25.898514,25.901966,26.135506,26.241337,26.237158,26.289845,26.374996,26.466972,26.607315,26.808592,27.003792,27.137072,27.187214,27.161543,27.142748,27.146051,27.137737,26.804295,26.913942,27.41238,27.792208,27.903044,27.85615,27.720293,27.565956,27.526453,27.432951,27.332687,27.244003,27.172737,27.148413,27.142212,27.025404,26.930359,27.142996,27.612516,27.688051,27.664452,27.601992,27.597204,27.572475,27.555698,27.560839,27.57024,27.578335,27.607374,27.63731,27.655582,27.694891,27.754429,27.784771,27.797031,27.794521,27.722513,27.75523,27.815334,27.902575,27.938187,27.962324,27.923306,27.768906,27.580647,27.520353,27.678787,27.69817,27.761127,27.878305,27.981333,28.108881,28.145992,28.14981,28.219105,28.321924,28.360825,28.341257,28.410505,28.496056,28.49663,28.477434,28.452091,28.41797,28.418146,28.434387,28.513393,28.588655,28.619114,28.619093,28.602716,28.593641,28.557486,28.502604,28.415705,28.269016,28.102036,27.910948,27.681211,27.409191,27.169998,27.12277,,,,,,,,,,,,,,,,,,,,,,,,,,,,,,,,,,,,,,,,,,,,,,,,,,,,,,,,,,,,,,,,,,,,,,,,,,,,,,,,,,,,,,,,,,,,,,,,,,,,,,,,,,,,,,,,,,,,,,,,,,,,,,,,,,,,,,,,,24.889078,24.788782,24.656343,24.619507,24.680046,24.898163,25.234901,25.68079,25.761543,25.356924,25.313234,25.454617,25.35524,25.161667,25.225792,25.261196,25.28082,25.319124,25.30179,25.296421,25.339117,25.294786,25.288965,25.300098,25.31472,25.30549,25.290638,25.26563,25.277351,25.31953,25.35582,25.393208,25.421505,25.437378,25.443714,25.577686,25.954481,26.44999,26.89016,27.215866,27.54351,27.801783,27.858511,27.72607,27.449783,27.341896,27.268106,27.068304,26.910292,26.862593,26.878422,26.89765,26.897228,26.884525,26.876589,26.855516,26.822248,26.78399,26.721416,26.669176,26.617077,26.607738,26.586779,26.58838,26.679094,26.843945,26.778622,26.69229,26.42444,25.835127,25.916813,26.078905,25.313896,24.535353,24.815271,25.299236,25.814747,26.104256,26.261333,26.225773
18.416672,,,,,,,,,,,,,,,,,,,,,,,,,,,,,,,,,,,,,,,,,,,,,,,,,,,,,,,,,,,,,,,,,,,,,,,,,,,,,,,,,,,,,,,,,,,,,,,,,,,,,,,,,,,,,25.367445,25.652102,25.947884,26.22945,26.508549,26.642523,26.6098,26.52735,26.298452,26.067835,25.929338,25.863749,25.746063,25.650816,25.632837,25.698313,25.761953,25.81334,25.816088,25.803667,25.773811,25.744255,25.694479,25.649385,25.633375,25.62513,25.621359,25.627197,25.646507,25.676598,25.722408,25.785624,25.859947,25.924465,25.959557,25.957157,25.910486,25.828781,25.71406,25.601778,25.567776,25.608307,25.642233,25.629038,25.548922,25.46509,25.442692,25.453897,25.568726,25.784777,25.996208,26.145489,26.22067,26.264887,26.303242,26.364294,26.424217,26.455706,26.469704,26.470856,26.476505,26.474073,26.452936,26.423843,26.385542,26.36226,26.326218,26.283993,26.274332,26.25651,26.25398,26.229158,26.218195,26.1801,26.114153,26.106886,26.187656,26.212975,26.067097,25.914364,25.892359,25.8641,25.789457,25.786453,25.823112,25.84731,25.94022,26.018223,25.955399,25.973095,25.982626,26.000267,26.040781,26.110569,26.162018,26.155113,26.129587,26.280464,26.34596,26.276953,26.312616,26.425043,26.546623,26.678226,26.801073,26.933992,27.072643,27.173492,27.222084,27.21631,27.145718,27.12428,27.189041,27.036255,27.063963,27.438414,27.770857,27.894772,27.844116,27.674076,27.522144,27.48594,27.397963,27.266972,27.166426,27.06214,27.06908,27.08051,26.97389,27.028713,27.440931,27.6591,27.700245,27.654667,27.64124,27.670633,27.646803,27.627022,27.591623,27.620903,27.638147,27.647907,27.64868,27.659101,27.678492,27.704025,27.735455,27.780617,27.791113,27.767147,27.769232,27.799604,27.84965,27.857609,27.812853,27.71638,27.574863,27.513205,27.606544,27.682993,27.72861,27.830927,27.92945,28.009209,28.10989,28.183453,28.192245,28.25732,28.340977,28.346846,28.371595,28.432228,28.476496,28.477604,28.476107,28.441587,28.434856,28.489796,28.544123,28.579712,28.60929,28.620426,28.622091,28.595716,28.575432,28.546223,28.498938,28.432884,28.306425,28.140076,27.94486,27.74632,27.533718,27.35543,27.288496,,,,,,,,,,,,,,,,,,,,,,,,,,,,,,,,,,,,,,,,,,,,,,,,,,,,,,,,,,,,,,,,,,,,,,,,,,,,,,,,,,,,,,,,,,,,,,,,,,,,,,,,,,,,,,,,,,,,,,,,,,,,,,,,,,,,,,,,25.026089,24.834412,24.728508,24.62541,24.682215,24.837557,25.093987,25.442047,25.738033,25.5982,25.242315,25.271374,25.3838,25.301548,25.184593,25.288069,25.273973,25.289097,25.31252,25.257034,25.272984,25.298151,25.302984,25.316141,25.327127,25.349674,25.34607,25.310667,25.255957,25.26531,25.332924,25.400297,25.443167,25.419231,25.42851,25.456507,25.500114,25.746838,26.212416,26.69361,27.048271,27.330105,27.72056,27.899902,27.928162,27.7237,27.468645,27.360992,27.256622,27.08926,26.948902,26.857376,26.83051,26.841585,26.827244,26.814535,26.791626,26.753086,26.707626,26.682854,26.658794,26.632204,26.660677,26.668396,26.709152,26.850887,27.010506,26.933098,26.666384,26.519926,26.24033,26.290348,26.217892,25.135567,24.613695,24.819662,25.142443,25.569086,25.80496,26.076954,26.260382
18.333336,,,,,,,,,,,,,,,,,,,,,,,,,,,,,,,,,,,,,,,,,,,,,,,,,,,,,,,,,,,,,,,,,,,,,,,,,,,,,,,,,,,,,,,,,,,,,,,,,,,,,,,,,,,,25.109837,25.380337,25.688023,25.96157,26.21093,26.493427,26.517185,26.50207,26.378698,26.132446,25.918024,25.803318,25.698818,25.579151,25.566328,25.576736,25.606438,25.633186,25.6507,25.65946,25.67015,25.656876,25.642704,25.619387,25.609715,25.614489,25.625235,25.639791,25.663263,25.700754,25.755054,25.833588,25.937067,26.053064,26.150667,26.2094,26.22248,26.194145,26.12482,26.020363,25.873734,25.705624,25.587519,25.546268,25.544119,25.531094,25.503061,25.501356,25.53137,25.686834,25.924896,26.116875,26.226206,26.279577,26.322592,26.371204,26.432583,26.497091,26.548576,26.594574,26.610905,26.613832,26.619461,26.594023,26.54735,26.497646,26.454842,26.41965,26.371916,26.349953,26.31716,26.296501,26.274752,26.249842,26.214392,26.13913,26.110096,26.178183,26.210928,26.068354,25.911448,25.880606,25.820805,25.806177,25.837706,25.831528,25.85471,25.92399,26.039661,26.046715,26.076733,26.113314,26.111383,26.12257,26.1441,26.179478,26.182571,26.22351,26.240208,26.21943,26.326687,26.481428,26.614046,26.753246,26.877638,26.968714,27.058077,27.14751,27.20449,27.22715,27.241747,27.168133,27.11356,27.171968,27.15718,27.15837,27.426243,27.722769,27.862053,27.817562,27.6213,27.481293,27.43185,27.350065,27.206354,27.11756,27.051895,26.9863,26.964558,26.968672,27.176992,27.508816,27.68019,27.7004,27.697454,27.722368,27.700233,27.656006,27.623056,27.599318,27.622936,27.62717,27.638899,27.648611,27.660051,27.661049,27.671074,27.685335,27.704613,27.747166,27.768414,27.78103,27.805775,27.842722,27.870724,27.793316,27.682354,27.521292,27.474983,27.585203,27.68408,27.74638,27.80387,27.87779,27.989962,28.080647,28.192911,28.229218,28.272217,28.31927,28.3198,28.348244,28.350218,28.333721,28.347645,28.357897,28.372425,28.444527,28.530754,28.607834,28.647964,28.66661,28.659578,28.64208,28.607084,28.570604,28.543594,28.497074,28.43416,28.35486,28.189106,28.013645,27.883686,27.715824,27.520555,27.406977,,,,,,,,,,,,,,,,,,,,,,,,,,,,,,,,,,,,,,,,,,,,,,,,,,,,,,,,,,,,,,,,,,,,,,,,,,,,,,,,,,,,,,,,,,,,,,,,,,,,,,,,,,,,,,,,,,,,,,,,,,,,,,,,,,,,,,,,24.920504,24.738998,24.606379,24.581486,24.717796,24.995562,25.28774,25.538197,25.689491,25.45691,25.163258,25.273214,25.335075,25.273888,25.174278,25.267748,25.209835,25.239063,25.268341,25.239767,25.287191,25.334198,25.344154,25.347916,25.367258,25.393522,25.394936,25.318047,25.236357,25.227127,25.330309,25.452696,25.519997,25.505487,25.43007,25.416813,25.473309,25.595137,25.964201,26.468857,26.901657,27.196962,27.516325,27.837408,27.992136,27.969547,27.712444,27.476648,27.394957,27.304958,27.154068,27.013657,26.895214,26.840328,26.81869,26.769001,26.728565,26.69662,26.676857,26.673004,26.663147,26.685596,26.718939,26.79813,26.851112,26.942432,27.082201,27.008709,26.703455,26.56907,26.449211,26.442968,25.639803,24.905224,24.692171,24.853281,24.982738,25.277784,25.441935,25.619917,25.866648
18.25,,,,,,,,,,,,,,,,,,,,,,,,,,,,,,,,,,,,,,,,,,,,,,,,,,,,,,,,,,,,,,,,,,,,,,,,,,,,,,,,,,,,,,,,,,,,,,,,,,,,,,,,,,,,25.20875,25.539593,25.829857,26.006697,26.17967,26.421373,26.4624,26.416475,26.247961,25.981447,25.793884,25.700315,25.59377,25.541092,25.570744,25.604708,25.634054,25.644934,25.640684,25.62609,25.616379,25.603724,25.599945,25.600256,25.609535,25.627739,25.65019,25.67582,25.718754,25.786585,25.884727,26.014368,26.163656,26.295832,26.384418,26.42792,26.435698,26.422592,26.38767,26.328482,26.237741,26.10814,25.943579,25.793348,25.680408,25.613798,25.607779,25.645508,25.743582,25.93377,26.136204,26.258009,26.309198,26.350203,26.413918,26.512188,26.607746,26.685587,26.732792,26.75722,26.769993,26.76396,26.766356,26.754158,26.726152,26.667974,26.599625,26.546616,26.478613,26.437971,26.384542,26.348297,26.322468,26.282087,26.250706,26.165085,26.111675,26.170813,26.20629,26.051394,25.900175,25.858704,25.833942,25.948414,26.04242,26.025146,25.927208,25.857111,25.941044,26.022633,26.061289,26.081318,26.052282,26.066572,26.15011,26.226597,26.266712,26.251242,26.279146,26.396955,26.519238,26.626644,26.74391,26.85948,26.97631,27.045488,27.11948,27.200165,27.237576,27.234179,27.246248,27.204985,27.117504,27.128565,27.18359,27.198975,27.38826,27.647535,27.81101,27.793161,27.59236,27.455729,27.39226,27.316494,27.179565,27.071936,27.013596,26.98157,26.942204,26.951456,27.19543,27.492533,27.655867,27.708256,27.727385,27.745895,27.721308,27.663748,27.611801,27.592068,27.584038,27.59282,27.605135,27.62815,27.658918,27.66965,27.695913,27.722757,27.746439,27.767551,27.777405,27.7417,27.765982,27.79699,27.858032,27.846113,27.78187,27.673548,27.608147,27.545856,27.5629,27.649319,27.746506,27.779316,27.905096,28.010597,28.136374,28.21127,28.22742,28.247927,28.21985,28.209967,28.190523,28.201923,28.27342,28.367388,28.43506,28.514107,28.592178,28.635729,28.645216,28.667765,28.685038,28.668222,28.636753,28.59648,28.566843,28.517385,28.43174,28.38755,28.271732,28.12167,28.042246,27.915369,27.679361,27.481297,27.26427,,,,,,,,,,,,,,,,,,,,,,,,,,,,,,,,,,,,,,,,,,,,,,,,,,,,,,,,,,,,,,,,,,,,,,,,,,,,,,,,,,,,,,,,,,,,,,,,,,,,,,,,,,,,,,,,,,,,,,,,,,,,,,,,,,,,,25.065874,24.914143,24.737902,24.636415,24.580482,24.638348,24.820366,25.113668,25.462332,25.625954,25.641798,25.363977,25.120728,25.239326,25.310213,25.205008,25.124737,25.20703,25.111782,25.154434,25.219728,25.266132,25.308592,25.341446,25.34635,25.344498,25.377354,25.426815,25.43811,25.33896,25.237778,25.217434,25.373041,25.537437,25.603754,25.581013,25.528284,25.44554,25.434937,25.53115,25.758924,26.194485,26.669846,27.022469,27.312746,27.676928,27.91966,28.049234,27.977224,27.7284,27.535755,27.408028,27.365316,27.307087,27.168293,27.03674,26.97334,26.87585,26.783869,26.724083,26.702782,26.73898,26.760473,26.761099,26.793095,26.860529,26.914564,26.946495,27.084093,27.122042,26.818605,26.469994,26.37587,26.076786,24.777441,24.657246,24.826014,24.809446,24.789865,25.055294,25.198957,25.306503,25.448713
18.166672,,,,,,,,,,,,,,,,,,,,,,,,,,,,,,,,,,,,,,,,,,,,,,,,,,,,,,,,,,,,,,,,,,,,,,,,,,,,,,,,,,,,,,,,,,,,,,,,,,,,,,,,,,,,25.521883,25.935326,25.981775,26.070934,26.172552,26.292414,26.398567,26.334604,26.113632,25.851233,25.716635,25.661709,25.579931,25.551428,25.605202,25.66472,25.705294,25.721115,25.722656,25.708832,25.690674,25.671429,25.667158,25.675516,25.68815,25.70548,25.721764,25.74965,25.82806,25.954313,26.10872,26.267702,26.386992,26.459444,26.481852,26.481678,26.47799,26.471464,26.460197,26.44073,26.41045,26.363647,26.290638,26.201735,26.1101,26.034945,26.021486,26.037691,26.113348,26.231482,26.316061,26.325302,26.339355,26.407127,26.525314,26.660366,26.777489,26.870214,26.930595,26.955795,26.94226,26.916147,26.89737,26.876902,26.850996,26.803022,26.738321,26.663511,26.574186,26.508547,26.446396,26.403753,26.367476,26.312534,26.278841,26.190792,26.126472,26.178354,26.198435,26.019644,25.8654,25.869251,26.054636,26.199697,26.247934,26.230957,26.147816,25.980995,25.897562,25.935822,25.99159,25.952162,25.965788,26.117868,26.24849,26.324856,26.352068,26.402218,26.487423,26.548283,26.603092,26.678623,26.770094,26.871344,26.966719,27.036505,27.113602,27.192999,27.2343,27.228971,27.241594,27.22362,27.13561,27.092295,27.163584,27.195797,27.333063,27.559723,27.740263,27.760786,27.58107,27.444952,27.368328,27.294054,27.166325,27.056181,26.96502,26.968903,26.950035,26.943716,27.124994,27.407623,27.591476,27.672754,27.700375,27.6989,27.6791,27.623348,27.578175,27.561676,27.597433,27.618872,27.6312,27.670712,27.714241,27.719852,27.719383,27.715094,27.730232,27.778624,27.847895,27.810156,27.77073,27.752018,27.812998,27.87516,27.895994,27.787952,27.715813,27.674536,27.554478,27.47386,27.567196,27.680296,27.775581,27.917976,28.028925,28.122002,28.15845,28.179642,28.167187,28.146137,28.15059,28.214024,28.317062,28.428062,28.475866,28.52691,28.607141,28.667738,28.675516,28.692787,28.712816,28.710276,28.684397,28.648884,28.615976,28.554497,28.44812,28.38456,28.299755,28.192163,28.179668,28.112843,27.893007,27.614412,27.359756,,,,,,,,,,,,,,,,,,,,,,,,,,,,,,,,,,,,,,,,,,,,,,,,,,,,,,,,,,,,,,,,,,,,,,,,,,,,,,,,,,,,,,,,,,,,,,,,,,,,,,,,,,,,,,,,,,,,,,,,,,,,,,,,,,,25.11373,25.078476,24.978664,24.873842,24.734434,24.659449,24.66885,24.776087,24.946028,25.260067,25.582407,25.614454,25.57943,25.305313,25.105177,25.23402,25.261913,25.177814,25.130198,25.18683,25.083727,25.104609,25.18493,25.292868,25.341423,25.348877,25.335123,25.33084,25.387987,25.466158,25.473688,25.364267,25.259846,25.234165,25.438969,25.655046,25.71079,25.60053,25.553926,25.509993,25.439959,25.463053,25.620155,25.948107,26.408794,26.798244,27.110113,27.455183,27.742613,27.984705,28.019413,27.913975,27.786657,27.60716,27.528091,27.509174,27.440992,27.326115,27.232643,27.13652,27.01856,26.921062,26.834665,26.816593,26.82454,26.838863,26.874538,26.948034,26.965038,26.95432,27.031471,27.149708,26.92472,26.523855,26.397224,25.846207,24.617249,24.565243,24.802614,24.831434,24.734621,24.926186,25.090933,25.158041,25.31563
18.083336,,,,,,,,,,,,,,,,,,,,,,,,,,,,,,,,,,,,,,,,,,,,,,,,,,,,,,,,,,,,,,,,,,,,,,,,,,,,,,,,,,,,,,,,,,,,,,,,,,,,,,,,,,,25.718971,25.820818,25.972427,25.988182,26.069674,26.150152,26.2827,26.353626,26.242205,25.99371,25.759577,25.695894,25.661129,25.591766,25.616749,25.688906,25.758732,25.800108,25.810724,25.813229,25.80322,25.787766,25.768768,25.761927,25.760317,25.756475,25.769516,25.80177,25.889305,26.051867,26.224977,26.357798,26.443125,26.473692,26.478668,26.47186,26.466621,26.460693,26.456553,26.45233,26.444298,26.433071,26.41486,26.393362,26.366377,26.330193,26.294657,26.287573,26.280045,26.317379,26.345028,26.332382,26.328402,26.408257,26.555832,26.714672,26.857359,26.956514,27.028402,27.059937,27.064796,27.042604,27.007536,26.975626,26.936821,26.898617,26.838087,26.76524,26.68897,26.587791,26.520262,26.460653,26.41121,26.359533,26.323132,26.294327,26.203693,26.144505,26.192802,26.17799,25.976236,25.857712,26.09692,26.290874,26.299763,26.289406,26.266134,26.253717,26.145054,26.01932,25.985813,25.946629,25.8959,26.065111,26.235432,26.336138,26.389362,26.434845,26.471064,26.51245,26.563087,26.622133,26.679474,26.738134,26.836067,26.940851,27.028183,27.099365,27.184626,27.219954,27.220034,27.22793,27.216923,27.138842,27.097239,27.136757,27.17998,27.278591,27.462708,27.652073,27.71545,27.573807,27.439997,27.33835,27.274158,27.154211,27.01617,26.93359,26.894444,26.91317,26.931744,27.07205,27.301134,27.45819,27.56678,27.62253,27.635166,27.632822,27.593582,27.563856,27.543179,27.570042,27.586025,27.588644,27.62516,27.707918,27.74125,27.725672,27.693968,27.68553,27.720715,27.836937,27.878105,27.83351,27.779457,27.758968,27.829023,27.904568,27.906025,27.83613,27.752203,27.611183,27.450182,27.365194,27.525509,27.61841,27.792433,27.909073,28.012636,28.074398,28.109158,28.132156,28.142471,28.160887,28.230782,28.332771,28.43136,28.474686,28.53794,28.618177,28.684021,28.70439,28.737392,28.755934,28.749487,28.73102,28.701647,28.66417,28.603308,28.49016,28.398727,28.297287,28.222586,28.224468,28.204157,28.048168,27.758913,27.487217,27.193443,,,,,,,,,,,,,,,,,,,,,,,,,,,,,,,,,,,,,,,,,,,,,,,,,,,,,,,,,,,,,,,,,,,,,,,,,,,,,,,,,,,,,,,,,,,,,,,,,,,,,,,,,,,,,,,,,,,,,,,,,,,,,,,,,25.04838,25.04014,25.053724,24.936478,24.864016,24.714954,24.716862,24.80299,24.910053,25.131046,25.444975,25.662533,25.633661,25.539976,25.296276,25.098452,25.173454,25.230324,25.163229,25.087912,25.144749,25.040062,25.047405,25.142494,25.26816,25.325304,25.323511,25.294773,25.306847,25.409708,25.512337,25.48936,25.374216,25.282394,25.251791,25.472805,25.763275,25.840878,25.592218,25.5293,25.521563,25.482292,25.442608,25.508911,25.723833,26.130255,26.532887,26.834728,27.14938,27.51859,27.790382,27.976816,27.960192,27.885792,27.76116,27.657625,27.626787,27.654482,27.61677,27.55481,27.463955,27.329048,27.22137,27.117544,27.03719,26.996696,27.010252,27.027273,27.091057,27.138517,27.09709,27.045609,27.145203,27.093441,26.733393,26.377676,26.057835,25.194057,24.724993,24.606956,24.756937,24.723436,24.882008,25.011236,25.0596,25.229216
18.0,,,,,,,,,,,,,,,,,,,,,,,,,,,,,,,,,,,,,,,,,,,,,,,,,,,,,,,,,,,,,,,,,,,,,,,,,,,,,,,,,,,,,,,,,,,,,,,,,,,,,,,,,,25.684643,25.748476,25.879145,25.949617,25.978493,26.044638,26.152517,26.271435,26.288431,26.1446,25.887747,25.716528,25.689644,25.64864,25.646503,25.720491,25.804766,25.864502,25.891706,25.895802,25.896847,25.8875,25.865911,25.835646,25.809109,25.790314,25.806898,25.895178,26.038813,26.203398,26.34092,26.426018,26.461933,26.474644,26.479095,26.478739,26.48045,26.479334,26.477451,26.476677,26.47298,26.469372,26.462124,26.449621,26.434042,26.41742,26.395935,26.38076,26.364262,26.355433,26.360445,26.35797,26.362701,26.447786,26.61596,26.792112,26.935816,27.044367,27.105053,27.146614,27.143732,27.116575,27.070107,27.011671,26.957354,26.898346,26.831978,26.741861,26.647375,26.553804,26.469028,26.419426,26.381607,26.36108,26.332617,26.32377,26.294317,26.201027,26.1583,26.201714,26.14756,25.927671,25.92476,26.361187,26.307196,26.29046,26.26299,26.229279,26.223919,26.216362,26.17546,26.101496,26.019566,26.089043,26.224182,26.335234,26.390814,26.427805,26.459156,26.48791,26.519335,26.572762,26.676628,26.762083,26.812475,26.88553,26.974007,27.050917,27.117254,27.179478,27.188198,27.198204,27.205423,27.203608,27.137695,27.095037,27.124529,27.16565,27.239208,27.377163,27.575155,27.671963,27.569027,27.428406,27.297789,27.236542,27.14103,26.965048,26.86012,26.821623,26.84633,26.892023,26.947561,27.078703,27.180206,27.358221,27.463755,27.522661,27.537453,27.517162,27.481365,27.458742,27.494843,27.538378,27.527454,27.552692,27.662722,27.74609,27.75191,27.715258,27.713871,27.735376,27.805704,27.883821,27.867144,27.836159,27.75964,27.797342,27.889517,27.924675,27.847424,27.796782,27.720448,27.621244,27.52187,27.459003,27.491697,27.62182,27.782337,27.89976,27.979443,28.030525,28.070997,28.10766,28.129368,28.223267,28.345484,28.446215,28.494808,28.547197,28.610018,28.677135,28.727118,28.779818,28.793503,28.77984,28.769392,28.747267,28.709766,28.656132,28.557697,28.459162,28.346819,28.280367,28.27453,28.261194,28.129604,27.880322,27.627398,27.282686,,,,,,,,,,,,,,,,,,,,,,,,,,,,,,,,,,,,,,,,,,,,,,,,,,,,,,,,,,,,,,,,,,,,,,,,,,,,,,,,,,,,,,,,,,,,,,,,,,,,,,,,,,,,,,,,,,,,,,,,,,,,,,,25.156788,25.075071,25.144737,25.116087,25.105274,24.948048,24.78824,24.731976,24.79078,24.844019,25.016636,25.235727,25.50934,25.689747,25.641066,25.529106,25.296679,25.095627,25.160252,25.21987,25.155918,25.092438,25.089478,25.016497,25.02706,25.111637,25.226418,25.288414,25.281794,25.26837,25.318012,25.461096,25.566454,25.504627,25.3896,25.321152,25.280384,25.49841,25.858454,25.957922,25.535059,25.473383,25.475777,25.504997,25.46084,25.454086,25.582169,25.87825,26.271465,26.592464,26.85166,27.170286,27.488678,27.792343,27.913153,27.907345,27.830103,27.709604,27.627766,27.646399,27.701374,27.71283,27.676586,27.594265,27.5132,27.430813,27.341768,27.280529,27.277767,27.268276,27.288507,27.340261,27.3323,27.250551,27.224182,27.239197,26.970615,26.577938,26.261326,25.890177,25.344042,24.77707,24.631413,24.73116,24.832376,24.867226,24.952906,25.128952
17.916672,,,,,,,,,,,,,,,,,,,,,,,,,,,,,,,,,,,,,,,,,,,,,,,,,,,,,,,,,,,,,,,,,,,,,,,,,,,,,,,,,,,,,,,,,,,,,,,,,,,,,25.447155,25.598057,25.60107,25.64218,25.661465,25.697824,25.741367,25.838398,25.896738,25.943956,26.053701,26.171257,26.245796,26.205196,26.037748,25.792595,25.676563,25.658825,25.67316,25.77051,25.861124,25.919083,25.950148,25.971174,25.97871,25.976852,25.95873,25.92252,25.885418,25.878864,25.94367,26.07503,26.220121,26.336094,26.421484,26.465126,26.483976,26.494387,26.495077,26.49496,26.496698,26.500738,26.500338,26.498734,26.498022,26.497719,26.49887,26.49625,26.488157,26.4785,26.46514,26.449171,26.432974,26.416468,26.409185,26.418005,26.438915,26.529306,26.693022,26.868208,27.008696,27.102158,27.156225,27.17665,27.189478,27.153717,27.102753,27.02559,26.935669,26.851822,26.75291,26.638073,26.520689,26.413773,26.340986,26.304886,26.301678,26.304884,26.32211,26.321377,26.330515,26.28478,26.194052,26.176414,26.199245,26.091816,25.906439,26.099909,26.336603,26.330149,26.316128,26.274853,26.222721,26.180964,26.173008,26.189785,26.16798,26.131693,26.230606,26.314156,26.384077,26.430513,26.45977,26.456528,26.467459,26.53925,26.668016,26.833775,26.93624,26.973589,27.016125,27.063026,27.09725,27.134077,27.169903,27.176296,27.198393,27.205366,27.198036,27.1559,27.102774,27.120264,27.152184,27.210588,27.310099,27.493933,27.626228,27.56914,27.419409,27.267157,27.200615,27.110582,26.96789,26.776064,26.7125,26.75303,26.816767,26.81113,26.819162,26.928782,27.15756,27.307417,27.376497,27.380758,27.39465,27.401447,27.378857,27.383776,27.437963,27.427227,27.437916,27.582104,27.697567,27.714336,27.704084,27.7487,27.808159,27.848778,27.904505,27.850132,27.838955,27.826235,27.863346,27.95148,27.973663,27.936115,27.908478,27.89362,27.876421,27.823038,27.733124,27.59433,27.502005,27.63716,27.798851,27.894869,27.95807,28.017862,28.078182,28.113237,28.222965,28.348003,28.44294,28.487915,28.544355,28.601065,28.684937,28.750519,28.809637,28.821129,28.814419,28.812775,28.797508,28.765291,28.71487,28.644224,28.557673,28.460443,28.36703,28.340954,28.31705,28.186626,27.961586,27.70554,27.373545,,,,,,,,,,,,,,,,,,,,,,,,,,,,,,,,,,,,,,,,,,,,,,,,,,,,,,,,,,,,,,,,,,,,,,,,,,,,,,,,,,,,,,,,,,,,,,,,,,,,,,,,,,,,,,,,,,,,,,,,,,,,,,25.125454,25.157236,25.15302,25.19533,25.126513,25.049969,24.925285,24.812422,24.785902,24.775742,24.822224,25.034512,25.254688,25.544178,25.73846,25.698387,25.537813,25.341492,25.14222,25.10827,25.1482,25.148964,25.103504,25.09611,25.084223,25.087315,25.11336,25.176517,25.218664,25.238749,25.27765,25.376925,25.538612,25.6091,25.510357,25.40268,25.351086,25.307182,25.525253,25.953468,26.101229,25.559996,25.402185,25.400599,25.488499,25.491146,25.450148,25.507666,25.679146,26.014465,26.36939,26.619812,26.866617,27.14035,27.46533,27.745123,27.882692,27.906107,27.821936,27.693243,27.603712,27.574818,27.63258,27.710848,27.70293,27.642633,27.57521,27.493803,27.420395,27.402,27.373451,27.346035,27.404812,27.455471,27.404768,27.31691,27.307518,27.188976,26.87183,26.548672,26.313532,25.92977,25.349348,24.76764,24.638718,24.779581,24.82809,24.89247,25.060343
17.833336,,,,,,,,,,,,,,,,,,,,,,,,,,,,,,,,,,,,,,,,,,,,,,,,,,,,,,,,,,,,,,,,,,,,,,,,,,,,,,,,,,,,,,,,,,,,,,,25.680233,25.712254,25.774544,25.727057,25.626343,25.56389,25.647564,25.809006,25.700045,25.664314,25.697813,25.716536,25.708979,25.787464,25.869728,25.975563,26.10189,26.180082,26.195028,26.103693,25.904081,25.675207,25.632933,25.691168,25.792768,25.906853,25.975063,25.999231,26.023464,26.047169,26.0571,26.050068,26.037941,26.024471,26.037815,26.10662,26.228954,26.35116,26.436287,26.471022,26.48711,26.489061,26.49605,26.501753,26.504166,26.506031,26.508394,26.510784,26.508062,26.510504,26.516804,26.525862,26.532335,26.53387,26.52695,26.516788,26.502213,26.489645,26.475702,26.47101,26.487762,26.530352,26.62457,26.7791,26.946203,27.074469,27.154243,27.185072,27.194244,27.189178,27.175585,27.112812,27.02366,26.911064,26.766499,26.637548,26.499676,26.367855,26.26737,26.198603,26.166418,26.182661,26.227602,26.27902,26.327759,26.339802,26.3402,26.267397,26.192305,26.198542,26.180815,26.026627,25.92208,26.292221,26.322582,26.360752,26.337399,26.293947,26.227512,26.15063,26.101536,26.125368,26.178902,26.223948,26.31641,26.386513,26.423925,26.454807,26.440617,26.43142,26.49679,26.635443,26.826601,26.980984,27.071386,27.09424,27.11013,27.114716,27.112017,27.131855,27.157076,27.198692,27.220919,27.226934,27.208836,27.184055,27.132011,27.126165,27.156973,27.200989,27.269945,27.426832,27.577122,27.56316,27.42069,27.24337,27.172142,27.094027,26.983295,26.752518,26.59635,26.621016,26.712742,26.73133,26.698557,26.878246,27.08412,27.20035,27.198723,27.171082,27.19968,27.253937,27.266178,27.275879,27.32239,27.334328,27.429825,27.622171,27.726597,27.713547,27.730406,27.778389,27.83356,27.883743,27.929317,27.845163,27.82363,27.89019,27.964064,28.012032,27.992952,27.928303,27.8306,27.79173,27.770878,27.810879,27.833487,27.71028,27.545311,27.565384,27.721615,27.834179,27.908148,27.996758,28.075493,28.125154,28.210463,28.339079,28.439169,28.497324,28.572338,28.62188,28.704477,28.78715,28.83459,28.849592,28.857208,28.874222,28.861752,28.841381,28.798079,28.744911,28.680084,28.581825,28.487682,28.435959,28.396816,28.272215,28.0546,27.780903,27.48101,27.256098,,,,,,,,,,,,,,,,,,,,,,,,,,,,,,,,,,,,,,,,,,,,,,,,,,,,,,,,,,,,,,,,,,,,,,,,,,,,,,,,,,,,,,,,,,,,,,,,,,,,,,,,,,,,,,,,,,,,,,,,,,,,25.279148,25.16079,25.300003,25.174519,25.175741,25.107176,25.033768,24.97632,24.94496,24.86549,24.80071,24.786518,24.91482,25.172016,25.537245,25.80016,25.768518,25.606426,25.463425,25.255165,25.144238,25.150023,25.178686,25.152346,25.165615,25.15197,25.114994,25.099226,25.107416,25.157337,25.262344,25.375887,25.494568,25.611502,25.598923,25.481596,25.400415,25.368591,25.342129,25.479855,25.914288,26.168495,25.733465,25.414394,25.336267,25.432232,25.496664,25.473589,25.45572,25.521162,25.773792,26.126463,26.397806,26.64244,26.861162,27.130188,27.441025,27.720112,27.897945,27.926144,27.854773,27.738178,27.601574,27.560453,27.703077,27.748709,27.676687,27.623188,27.568426,27.51369,27.464409,27.398663,27.333097,27.359533,27.449602,27.495821,27.426111,27.361898,27.32414,27.12419,26.822496,26.625889,26.340416,25.924444,25.42222,24.691648,24.64256,24.71745,24.789928,24.952778
17.75,,,,,,,,,,,,,,,,,,,,,,,,,,,,,,,,,,,,,,,,,,,,,,,,,,,,,,,,,,,,,,,,,,,,,,,,,,,,,,,,,,,,,,,,,,,,,25.78908,25.673115,25.678038,25.738136,25.848673,25.775148,25.695093,25.616983,25.845238,25.827543,25.701283,25.697557,25.729668,25.702538,25.686749,25.719448,25.820984,25.957615,26.120037,26.150137,26.106344,25.951895,25.729204,25.601517,25.702028,25.819376,25.923485,26.001373,26.033167,26.053583,26.083714,26.10623,26.123121,26.125174,26.132307,26.161997,26.22395,26.300224,26.349857,26.41029,26.457628,26.48259,26.491335,26.496166,26.507723,26.516384,26.518549,26.518618,26.520802,26.524033,26.528637,26.545277,26.568241,26.590584,26.603086,26.60463,26.59293,26.577822,26.56295,26.553005,26.551428,26.577957,26.639387,26.742554,26.88376,27.03276,27.140745,27.193882,27.202074,27.185728,27.176777,27.158085,27.101065,26.996456,26.844505,26.683369,26.50837,26.367529,26.248932,26.157833,26.099005,26.073458,26.081543,26.139122,26.231647,26.312307,26.349089,26.349154,26.32374,26.239597,26.199108,26.208405,26.134636,25.973423,25.993095,26.37257,26.345362,26.354382,26.320215,26.306286,26.246733,26.151274,26.108238,26.18231,26.276003,26.319723,26.362661,26.41225,26.442463,26.432684,26.404589,26.449537,26.550224,26.732124,26.941706,27.077219,27.132158,27.141964,27.128588,27.09517,27.0734,27.0894,27.134884,27.185581,27.20948,27.217,27.216007,27.206036,27.166136,27.149717,27.173367,27.196815,27.245173,27.378893,27.524826,27.5413,27.421234,27.221327,27.150034,27.079817,26.987528,26.798935,26.561422,26.471474,26.580698,26.646217,26.628553,26.739573,26.866718,26.90437,26.858385,26.867834,26.968328,27.081642,27.142862,27.191933,27.257717,27.342146,27.560427,27.741837,27.780796,27.74566,27.784718,27.81927,27.846,27.89527,27.918505,27.795061,27.774862,27.837635,27.856886,27.818396,27.754194,27.640615,27.531742,27.508167,27.490166,27.58277,27.74075,27.728062,27.566631,27.54527,27.670929,27.780432,27.871298,27.992401,28.092402,28.167057,28.234653,28.35177,28.465982,28.525837,28.59304,28.64582,28.729998,28.811697,28.841812,28.875761,28.897875,28.93309,28.931234,28.931005,28.88736,28.837053,28.788744,28.68748,28.607414,28.538502,28.467987,28.34707,28.153307,27.882082,27.590643,27.331135,,,,,,,,,,,,,,,,,,,,,,,,,,,,,,,,,,,,,,,,,,,,,,,,,,,,,,,,,,,,,,,,,,,,,,,,,,,,,,,,,,,,,,,,,,,,,,,,,,,,,,,,,,,,,,,,,,,,,,,,,,,25.252615,25.304008,25.290068,25.35173,25.126923,25.248356,25.197933,25.204077,25.16099,25.151052,24.968185,24.884102,24.774574,24.817749,25.01617,25.40093,25.791779,25.886694,25.748026,25.593857,25.388765,25.242725,25.190838,25.19771,25.181147,25.171978,25.145775,25.135483,25.146412,25.201477,25.318504,25.461895,25.554455,25.593063,25.59537,25.506948,25.433235,25.392542,25.37899,25.356295,25.354752,25.556778,25.778084,25.87239,25.650808,25.350351,25.338049,25.426586,25.489923,25.453373,25.442339,25.586905,25.900145,26.156666,26.39216,26.59694,26.837051,27.131496,27.430147,27.730474,27.92045,27.953283,27.878708,27.7332,27.61258,27.634773,27.707396,27.64578,27.587772,27.566296,27.571905,27.54773,27.488483,27.375397,27.339804,27.425798,27.525051,27.526747,27.428232,27.405802,27.247612,27.004192,26.787827,26.614365,26.290995,26.11289,25.257036,24.996107,24.998356,24.9612,24.980804
17.666672,,,,,,,,,,,,,,,,,,,,,,,,,,,,,,,,,,,,,,,,,,,,,,,,,,,,,,,,,,,,,,,,,,,,,,,,,,,,,,,,,,,,,,,,,,,,,25.64708,25.712294,25.826057,26.014828,26.018246,25.890915,25.74788,25.684265,25.875874,25.729471,25.670511,25.665442,25.683863,25.691235,25.735184,25.783962,25.893978,25.988735,26.105371,26.067183,25.94747,25.753696,25.608929,25.700922,25.832113,25.926872,25.999304,26.036512,26.060522,26.089035,26.112196,26.132572,26.163078,26.181618,26.201258,26.249735,26.30329,26.317099,26.307863,26.398241,26.466295,26.49764,26.50383,26.511324,26.532604,26.55025,26.56409,26.576347,26.588278,26.601376,26.620934,26.650263,26.67968,26.7029,26.711294,26.705963,26.690117,26.675821,26.670563,26.679682,26.71323,26.783278,26.88316,27.000597,27.107061,27.183548,27.213694,27.204756,27.176962,27.150925,27.135471,27.07838,26.947844,26.764776,26.569769,26.39907,26.264376,26.17185,26.095297,26.04804,26.030533,26.04376,26.096148,26.193375,26.295704,26.353773,26.362507,26.348103,26.293762,26.218264,26.212482,26.193228,26.070904,25.953518,26.113049,26.349058,26.348536,26.316643,26.284376,26.28614,26.265556,26.160147,26.127586,26.229918,26.318373,26.338055,26.386879,26.43403,26.441418,26.401814,26.397957,26.469893,26.590437,26.81282,27.025465,27.153112,27.167543,27.155634,27.099703,27.02991,26.999159,27.028162,27.09642,27.159666,27.193512,27.200377,27.197758,27.200739,27.187485,27.183832,27.200666,27.210674,27.242117,27.355265,27.479786,27.498997,27.387962,27.184183,27.124765,27.043066,26.970633,26.823519,26.579361,26.370092,26.454346,26.536276,26.52915,26.525534,26.525133,26.482464,26.543991,26.672726,26.841501,26.99641,27.100702,27.187754,27.289572,27.501158,27.724386,27.834736,27.786074,27.748314,27.816387,27.809273,27.833164,27.892338,27.891848,27.720697,27.635225,27.647179,27.607885,27.550179,27.52676,27.397934,27.379665,27.418726,27.41386,27.445084,27.611622,27.643948,27.523376,27.52336,27.643696,27.7304,27.827017,27.943624,28.041286,28.140873,28.25213,28.370993,28.48515,28.541483,28.60525,28.655405,28.742094,28.804867,28.83622,28.87592,28.912052,28.966446,28.988379,29.007399,28.965038,28.90225,28.86679,28.767595,28.677025,28.61746,28.52687,28.410206,28.231783,27.937378,27.649815,27.420612,,,,,,,,,,,,,,,,,,,,,,,,,,,,,,,,,,,,,,,,,,,,,,,,,,,,,,,,,,,,,,,,,,,,,,,,,,,,,,,,,,,,,,,,,,,,,,,,,,,,,,,,,,,,,,,,,,,,,,,,,,25.251627,25.187605,25.28374,25.57961,25.315578,25.257467,25.325289,25.394682,25.486897,25.443575,25.435074,25.2401,25.070625,24.819715,24.790367,24.890032,25.160786,25.560162,25.857498,25.88408,25.788147,25.639404,25.499737,25.392002,25.356226,25.338207,25.313717,25.31548,25.338343,25.38872,25.47404,25.56788,25.59773,25.585085,25.537037,25.491516,25.456097,25.450165,25.419483,25.371084,25.336231,25.274073,25.292276,25.339785,25.523315,25.780905,25.6416,25.325317,25.322104,25.441788,25.464933,25.42069,25.459892,25.694025,25.919107,26.13647,26.304476,26.516447,26.808937,27.13283,27.439886,27.738287,27.942766,27.975311,27.880964,27.725216,27.643797,27.661198,27.66308,27.557419,27.49277,27.49104,27.526247,27.541079,27.473928,27.372599,27.402103,27.515465,27.583084,27.4956,27.435137,27.325445,27.097948,26.852407,26.58443,26.380703,26.423372,26.074747,25.805607,25.656961,25.528803,25.440504
17.583336,,,,,,,,,,,,,,,,,,,,,,,,,,,,,,,,,,,,,,,,,,,,,,,,,,,,,,,,,,,,,,,,,,,,,,,,,,,,,,,,,,,,,,,,,,,,25.407345,25.5166,25.850489,26.105114,26.128363,26.064665,25.930328,25.758896,25.70251,25.893215,25.727592,25.628206,25.552292,25.597094,25.683556,25.799604,25.88597,25.970804,26.027092,26.053158,25.927267,25.747307,25.614763,25.693096,25.833017,25.898623,25.96447,26.000132,26.025837,26.066706,26.091293,26.102226,26.129677,26.173065,26.205896,26.238235,26.28105,26.295683,26.247198,26.259642,26.388872,26.470634,26.504673,26.518139,26.549606,26.598434,26.641865,26.679296,26.70727,26.729008,26.75151,26.778288,26.803772,26.821888,26.833773,26.833921,26.82455,26.813482,26.809734,26.824411,26.86045,26.919502,27.001854,27.080177,27.14743,27.191025,27.219475,27.214912,27.190859,27.162212,27.133354,27.07395,26.920078,26.68972,26.474995,26.318777,26.207947,26.130152,26.069677,26.031763,26.024544,26.046825,26.101126,26.192196,26.297062,26.363832,26.384714,26.367825,26.329433,26.258821,26.212324,26.215736,26.14539,26.012901,25.974215,26.218456,26.288136,26.29827,26.264406,26.253248,26.25533,26.264574,26.171356,26.12013,26.215473,26.299536,26.324053,26.40562,26.444561,26.44331,26.407135,26.416698,26.48205,26.629704,26.869894,27.089083,27.198912,27.187187,27.14084,27.043015,26.951029,26.924007,26.971382,27.054655,27.120852,27.170044,27.194231,27.188454,27.18118,27.17617,27.185047,27.201988,27.209177,27.235544,27.330297,27.449125,27.474203,27.342463,27.122883,27.080511,26.983702,26.919683,26.788912,26.585556,26.354147,26.299725,26.402468,26.431095,26.40042,26.319708,26.462894,26.719,26.87215,26.98733,27.113466,27.222713,27.315586,27.501913,27.740103,27.853882,27.868668,27.761307,27.778051,27.838388,27.772997,27.802559,27.871986,27.849361,27.680845,27.524534,27.466404,27.374804,27.430239,27.41181,27.337591,27.416363,27.464033,27.48073,27.5098,27.585098,27.567484,27.472803,27.521606,27.619745,27.688465,27.770723,27.865936,27.94579,28.04587,28.194487,28.347683,28.468513,28.53996,28.605658,28.632828,28.724749,28.747995,28.78784,28.807802,28.859915,28.93611,28.997108,29.048355,29.045748,28.973425,28.922966,28.839676,28.745878,28.674927,28.590708,28.494837,28.352602,28.0176,27.732735,27.582644,27.454914,,,,,,,,,,,,,,,,,,,,,,,,,,,,,,,,,,,,,,,,,,,,,,,,,,,,,,,,,,,,,,,,,,,,,,,,,,,,,,,,,,,,,,,,,,,,,,,,,,,,,,,,,,,,,,,,,,,,,,,,25.226803,25.21923,25.275425,25.584381,25.759502,25.499638,25.640358,25.539963,25.672499,25.728724,25.715763,25.816298,25.636435,25.364162,25.07278,24.921143,24.85398,24.958565,25.192905,25.526924,25.730068,25.777174,25.774305,25.732666,25.66904,25.632532,25.621603,25.600117,25.604267,25.601273,25.600994,25.60732,25.57535,25.517689,25.486828,25.494509,25.524866,25.563946,25.547066,25.41987,25.334854,25.363918,25.390158,25.41255,25.401577,25.347126,25.515905,25.74073,25.76758,25.410118,25.336132,25.41303,25.429571,25.400248,25.51902,25.711784,25.894793,26.025146,26.171087,26.425068,26.779972,27.14437,27.465252,27.775314,27.957968,27.988693,27.867086,27.761831,27.726042,27.732407,27.644487,27.454786,27.3861,27.403612,27.462448,27.524021,27.39722,27.358665,27.50481,27.600098,27.546251,27.504316,27.451292,27.201012,26.791458,26.16865,25.95894,26.090801,26.093317,25.98441,25.87334,25.761736,25.683891
17.5,,,,,,,,,,,,,,,,,,,,,,,,,,,,,,,,,,,,,,,,,,,,,,,,,,,,,,,,,,,,,,,,,,,,,,,,,,,,,,,,,,,,,,,,,,,,25.615915,25.812069,26.100393,26.159761,26.123034,26.050434,25.889864,25.706738,25.846085,25.935757,25.777718,25.611063,25.533108,25.56642,25.668173,25.818142,25.927803,25.995,26.01591,25.94886,25.76393,25.617245,25.665438,25.811386,25.884935,25.92463,25.960407,25.971922,26.005117,26.048994,26.070045,26.07847,26.118126,26.173223,26.22134,26.259726,26.285215,26.265873,26.196108,26.288942,26.4135,26.49042,26.516012,26.549011,26.614443,26.690102,26.7524,26.801985,26.834007,26.858866,26.885908,26.910955,26.927855,26.937508,26.945026,26.946846,26.945566,26.946321,26.958467,26.983364,27.019184,27.069845,27.119102,27.15775,27.199648,27.2345,27.249035,27.223433,27.18886,27.150644,27.079454,26.901676,26.638721,26.401964,26.27424,26.189018,26.12424,26.068012,26.037844,26.043348,26.082186,26.139587,26.213272,26.297634,26.369816,26.390491,26.378298,26.340822,26.289934,26.235403,26.220198,26.194283,26.077938,25.980137,26.030931,26.23264,26.215322,26.222284,26.227034,26.247675,26.250284,26.25552,26.191126,26.10124,26.173094,26.283484,26.29234,26.366913,26.443996,26.46073,26.4474,26.446302,26.491941,26.636395,26.875969,27.111948,27.219467,27.183537,27.101269,26.98148,26.885012,26.879663,26.938179,27.015789,27.0726,27.128706,27.188093,27.20651,27.18757,27.168552,27.17026,27.183113,27.193552,27.230139,27.340513,27.442247,27.453135,27.268505,27.059746,27.014942,26.926128,26.844954,26.72447,26.586998,26.409435,26.255468,26.257841,26.308807,26.278133,26.386494,26.825342,27.07275,27.182604,27.267122,27.378973,27.481289,27.596325,27.794903,27.901497,27.901104,27.829908,27.725895,27.825216,27.808159,27.698479,27.746855,27.82328,27.809406,27.689217,27.494799,27.342531,27.337814,27.448893,27.29488,27.412722,27.511143,27.487507,27.485659,27.504667,27.516848,27.476063,27.45484,27.513903,27.576057,27.640656,27.708252,27.787178,27.856361,27.920643,28.037556,28.228296,28.385365,28.494314,28.563126,28.568186,28.640617,28.64578,28.6549,28.664633,28.714233,28.814096,28.91038,29.008604,29.093552,29.07185,28.997324,28.91367,28.828375,28.741299,28.652983,28.555666,28.42121,28.127523,27.894424,27.803396,27.598633,,,,,,,,,,,,,,,,,,,,,,,,,,,,,,,,,,,,,,,,,,,,,,,,,,,,,,,,,,,,,,,,,,,,,,,,,,,,,,,,,,,,,,,,,,,,,,,,,,,,,,,,,,,,,,,,,,,,,,25.29719,25.204079,25.221382,25.242815,25.614605,25.91766,26.053162,25.865726,25.921093,25.904121,25.989147,25.982555,25.983507,26.083658,25.927711,25.686293,25.520506,25.315256,25.079573,24.988554,25.035994,25.1955,25.348783,25.467802,25.553066,25.611708,25.631428,25.64513,25.643353,25.62295,25.589983,25.550045,25.4966,25.473583,25.459444,25.465147,25.544888,25.653608,25.7127,25.670612,25.560461,25.392323,25.370438,25.4742,25.551365,25.577232,25.571362,25.45341,25.53514,25.61066,25.645735,25.700035,25.487698,25.30978,25.416912,25.38776,25.394548,25.560404,25.704565,25.812208,25.868923,26.02948,26.334635,26.763905,27.168337,27.52905,27.819633,27.978975,27.96587,27.874815,27.830444,27.825468,27.740635,27.52788,27.34184,27.272358,27.350079,27.49578,27.421696,27.320621,27.522282,27.6293,27.646048,27.6556,27.565174,27.10182,26.28007,25.649338,25.49327,25.56224,25.60987,25.58846,25.571817,25.556072,25.52615
17.416672,,,,,,,,,,,,,,,,,,,,,,,,,,,,,,,,,,,,,,,,,,,,,,,,,,,,,,,,,,,,,,,,,,,,,,,,,,,,,,,,,,,,,,,,,,,,25.822071,25.933971,26.171717,26.052212,26.061714,26.043903,25.950373,25.807705,25.97632,25.902365,25.754654,25.611967,25.549849,25.569899,25.675297,25.847528,25.954979,25.98797,25.959055,25.837881,25.664654,25.616842,25.770576,25.877121,25.925692,25.97563,25.988377,25.992985,26.026333,26.060999,26.080093,26.094301,26.145609,26.207922,26.259493,26.284645,26.283228,26.24472,26.224714,26.359299,26.473269,26.53022,26.538378,26.594261,26.683643,26.77042,26.838055,26.893251,26.930145,26.957685,26.987938,27.012936,27.027157,27.036684,27.04239,27.046064,27.048922,27.055141,27.066637,27.078959,27.100634,27.14163,27.179668,27.224354,27.277668,27.297075,27.263954,27.200382,27.141865,27.077826,26.883799,26.605247,26.34641,26.252365,26.198193,26.14875,26.092407,26.05145,26.072855,26.127188,26.187735,26.241262,26.297651,26.351765,26.38039,26.36894,26.338108,26.300903,26.263763,26.236845,26.214323,26.13287,26.006992,25.977713,26.0846,26.1765,26.134758,26.135635,26.188814,26.249485,26.259968,26.255592,26.217106,26.089293,26.053665,26.170023,26.258265,26.303099,26.41264,26.488907,26.509249,26.49973,26.505457,26.60894,26.839361,27.112759,27.23646,27.191862,27.075943,26.94896,26.869595,26.89308,26.961653,27.017708,27.027729,27.04728,27.128357,27.19451,27.210344,27.206612,27.20528,27.216425,27.241459,27.30217,27.38722,27.423376,27.329618,27.140596,27.009914,26.948404,26.867659,26.805096,26.735218,26.64813,26.513828,26.356777,26.260292,26.268665,26.452282,26.90546,27.215511,27.33133,27.414045,27.532652,27.661125,27.75797,27.864645,27.925945,27.899157,27.846811,27.735521,27.728647,27.870348,27.745687,27.60235,27.651901,27.677479,27.620274,27.501213,27.395468,27.43453,27.470375,27.287117,27.261734,27.514362,27.537945,27.540667,27.554924,27.53243,27.540693,27.48005,27.422428,27.455664,27.55079,27.639389,27.717344,27.783442,27.822283,27.856386,27.879044,27.958027,28.159527,28.33281,28.454344,28.513418,28.522772,28.511826,28.48153,28.47976,28.518965,28.633377,28.75112,28.875448,29.03551,29.124432,29.055223,28.96658,28.89476,28.818834,28.71058,28.589596,28.441347,28.207132,28.051403,27.978594,27.764835,,,,,,,,,,,,,,,,,,,,,,,,,,,,,,,,,,,,,,,,,,,,,,,,,,,,,,,,,,,,,,,,,,,,,,,,,,,,,,,,,,,,,,,,,,,,,,,,,,,,,,,,,,,,,,,,,,,,25.485655,25.476942,25.376387,25.371737,25.320778,25.660358,25.876059,26.072977,26.092138,25.972652,25.940912,25.921133,25.847544,26.072186,26.335451,26.436756,26.346813,26.144785,25.916716,25.570414,25.435205,25.362139,25.24239,25.234062,25.233355,25.26613,25.312912,25.363033,25.408535,25.430521,25.43252,25.428442,25.408625,25.399914,25.4356,25.542978,25.593952,25.671358,25.826546,25.940727,25.978462,25.879152,25.722902,25.545628,25.477148,25.553537,25.625546,25.657269,25.646772,25.576288,25.63811,25.683775,25.647263,25.767893,25.711931,25.467089,25.328615,25.371302,25.35596,25.463774,25.585985,25.73171,25.739887,25.768028,25.91437,26.29713,26.782076,27.25891,27.62586,27.897083,27.980404,27.942272,27.893507,27.919033,27.8372,27.679634,27.41588,27.27299,27.338558,27.468256,27.413729,27.30859,27.490303,27.693317,27.691828,27.456753,26.945236,26.36769,25.724653,25.499413,25.56223,25.647024,25.596138,25.635523,25.666998,25.778534,25.75387
17.333336,,,,,,,,,,,,,,,,,,,,,,,,,,,,,,,,,,,,,,,,,,,,,,,,,,,,,,,,,,,,,,,,,,,,,,,,,,,,,,,,,,,,,,,,,,,,25.965164,26.061514,26.09597,25.912117,25.95303,25.999664,25.963518,25.88972,25.866253,25.742376,25.686993,25.599388,25.580044,25.59983,25.696125,25.872976,25.970879,25.965324,25.893219,25.753866,25.632635,25.671886,25.840044,25.938358,26.018091,26.078989,26.089624,26.103718,26.136091,26.15771,26.172953,26.195005,26.244665,26.28158,26.299015,26.290886,26.266409,26.239779,26.305592,26.430437,26.519962,26.55047,26.556149,26.643028,26.736485,26.821302,26.895954,26.966959,27.016016,27.052872,27.088375,27.111864,27.123396,27.129374,27.128584,27.127386,27.12537,27.121395,27.12258,27.13621,27.180721,27.233444,27.278004,27.317106,27.333626,27.296707,27.189209,27.1031,26.999634,26.832981,26.574808,26.343582,26.214485,26.249374,26.199474,26.131596,26.071163,26.086702,26.171202,26.246342,26.289726,26.312222,26.342247,26.37153,26.37268,26.350405,26.31862,26.293262,26.269964,26.236216,26.169247,26.05216,25.967138,25.982239,26.061674,26.037233,26.0172,26.024446,26.090979,26.229086,26.2659,26.259075,26.23864,26.150251,26.040697,26.003393,26.060722,26.135534,26.265482,26.417768,26.507975,26.541702,26.527159,26.570168,26.77139,27.092138,27.254158,27.219606,27.087225,26.959415,26.907162,26.966478,27.039774,27.072014,27.028948,26.993694,27.041656,27.120459,27.163782,27.200031,27.228693,27.251425,27.285715,27.314123,27.321138,27.25703,27.14674,27.031181,26.987288,26.927797,26.876373,26.881279,26.857153,26.793837,26.68761,26.577402,26.56386,26.69479,27.09577,27.34746,27.472843,27.56504,27.648977,27.728163,27.792265,27.848526,27.873138,27.849277,27.796265,27.73589,27.692286,27.788445,27.89606,27.670124,27.50741,27.528563,27.52103,27.510962,27.517616,27.545282,27.572527,27.376455,27.168678,27.277231,27.449461,27.449284,27.48637,27.581964,27.498144,27.402815,27.321661,27.345428,27.516186,27.667608,27.814388,27.94083,28.04999,28.103165,28.14423,28.167238,28.120096,28.206804,28.143934,28.155115,28.39724,28.38844,28.429905,28.333801,28.313372,28.328161,28.461796,28.605011,28.73856,28.902336,29.110727,29.0966,29.026085,28.94652,28.88306,28.791878,28.652914,28.501762,28.32212,28.195623,28.088282,27.877645,,,,,,,,,,,,,,,,,,,,,,,,,,,,,,,,,,,,,,,,,,,,,,,,,,,,,,,,,,,,,,,,,,,,,,,,,,,,,,,,,,,,,,,,,,,,,,,,,,,,,,,,,,,,,,,,,,25.2642,25.502094,25.59615,25.598686,25.556988,25.565157,25.564947,25.897585,25.8847,26.051922,26.008232,25.964897,26.032743,26.057928,25.959312,26.152304,26.662607,26.788927,26.798004,26.749403,26.55426,26.281864,26.259134,25.950783,25.689314,25.558842,25.479263,25.390978,25.362131,25.359594,25.362,25.375458,25.399372,25.411541,25.483753,25.622894,25.759428,25.841257,25.969088,26.13877,26.304173,26.384443,26.351896,26.20051,26.023506,25.788588,25.623177,25.618702,25.653467,25.748638,25.756857,25.719439,25.766197,25.910181,25.893356,25.81729,25.904205,25.78516,25.447733,25.332296,25.337025,25.397905,25.498304,25.630848,25.69723,25.715563,25.658178,25.867203,26.310358,26.887135,27.42078,27.798471,27.95221,27.959879,27.924858,27.953556,27.927343,27.82182,27.54775,27.407143,27.419968,27.514439,27.4571,27.335726,27.359018,27.436945,27.18675,26.636261,26.283691,26.088358,25.907232,25.908724,25.996195,26.104773,26.151031,26.214552,26.281666,26.421127,26.398762
17.25,,,,,,,,,,,,,,,,,,,,,,,,,,,,,,,,,,,,,,,,,,,,,,,,,,,,,,,,,,,,,,,,,,,,,,,,,,,,,,,,,,,,,,,,,,,,26.025724,26.14068,25.879885,25.735863,25.824755,25.81015,25.785835,25.745584,25.698519,25.660824,25.641272,25.609713,25.596764,25.605131,25.712215,25.885578,25.963757,25.928288,25.847534,25.72368,25.65216,25.716372,25.890745,26.013641,26.131092,26.209782,26.22561,26.246075,26.261864,26.27029,26.274044,26.291058,26.299929,26.294292,26.280722,26.254047,26.236341,26.27449,26.401289,26.509098,26.54676,26.540323,26.566696,26.680237,26.773052,26.867172,26.9563,27.037954,27.094688,27.129639,27.161356,27.18058,27.188913,27.192877,27.191986,27.191265,27.186874,27.188906,27.211048,27.253311,27.305555,27.340092,27.350069,27.362738,27.31886,27.171083,27.011787,26.845451,26.673964,26.52069,26.370562,26.234104,26.200676,26.244965,26.174578,26.11047,26.095507,26.187044,26.287458,26.33758,26.344313,26.354517,26.370995,26.380548,26.371294,26.34631,26.319294,26.293928,26.25318,26.183575,26.084034,25.980799,25.9312,25.943266,26.005981,25.946297,25.964283,26.00101,26.065077,26.18713,26.268604,26.263784,26.255257,26.216145,26.140448,26.068476,26.005753,26.007498,26.087433,26.228693,26.391102,26.540932,26.56603,26.548275,26.70602,27.05702,27.271822,27.259464,27.122622,27.006546,26.984941,27.086473,27.176064,27.17104,27.06608,26.98103,26.993563,27.033995,27.072836,27.115383,27.153017,27.171095,27.172356,27.15759,27.124195,27.082525,27.038235,27.014458,27.005491,26.974394,26.979538,26.995855,26.982695,26.931604,26.900522,26.918427,27.054472,27.270214,27.45207,27.563034,27.65746,27.684399,27.660992,27.660587,27.689312,27.716812,27.72545,27.71011,27.689592,27.68968,27.742386,27.891338,27.948685,27.681032,27.463547,27.480495,27.50773,27.557444,27.648748,27.702545,27.645493,27.39407,27.27417,27.436913,27.547268,27.472124,27.407946,27.36851,27.333302,27.361782,27.4641,27.669912,27.885431,28.054905,28.202402,28.328978,28.442038,28.50559,28.548775,28.606853,28.538803,28.569027,28.509604,28.40026,28.287045,28.166716,28.339361,28.311699,28.25067,28.171984,28.28479,28.472956,28.634636,28.781353,29.024298,29.117374,29.070955,28.994074,28.950457,28.864868,28.749578,28.60677,28.463884,28.309227,28.149391,27.95582,27.731466,,,,,,,,,,,,,,,,,,,,,,,,,,,,,,,,,,,,,,,,,,,,,,,,,,,,,,,,,,,,,,,,,,,,,,,,,,,,,,,,,,,,,,,,,,,,,,,,,,,,,,,,,,,,,,,25.34983,25.196419,25.256624,25.552158,25.73787,25.825722,25.757874,25.815907,25.885757,26.013859,25.935448,26.097967,26.097843,26.134876,26.326666,26.355007,26.249498,26.452957,26.868345,26.976213,26.98868,26.950819,26.901152,26.745266,26.749834,26.565489,26.183998,25.84213,25.689182,25.575903,25.553482,25.532858,25.515846,25.54791,25.611307,25.717829,25.869509,26.05353,26.22686,26.339848,26.477594,26.60064,26.68357,26.698475,26.666908,26.562748,26.443087,26.213726,25.890759,25.72235,25.746851,25.84136,25.867561,25.824606,25.901413,26.062752,25.986555,25.830793,26.002855,25.967329,25.791155,25.479486,25.30601,25.32284,25.405592,25.546717,25.657402,25.600876,25.502615,25.61012,25.940117,26.43903,27.114735,27.70339,27.89695,27.952566,27.908304,27.915606,27.963863,27.893095,27.714092,27.471027,27.348656,27.473312,27.562212,27.33338,27.3104,27.006247,26.458672,26.100636,26.175798,26.34214,26.35893,26.40815,26.461685,26.518051,26.57547,26.6722,26.821724,26.881777,26.668821
17.166672,,,,,,,,,,,,,,,,,,,,,,,,,,,,,,,,,,,,,,,,,,,,,,,,,,,,,,,,,,,,,,,,,,,,,,,,,,,,,,,,,,,,,,,,,,,,26.155651,25.950422,25.679401,25.714996,25.70175,25.686468,25.679762,25.659021,25.64981,25.63908,25.633713,25.619822,25.604399,25.622852,25.73537,25.896744,25.956182,25.904587,25.82367,25.715235,25.67303,25.73495,25.911812,26.064938,26.20993,26.292652,26.30593,26.309093,26.304226,26.287136,26.271109,26.262152,26.230223,26.205898,26.193392,26.194807,26.243568,26.353176,26.465143,26.534767,26.548378,26.533272,26.610245,26.745663,26.84855,26.950483,27.039762,27.103708,27.151499,27.188202,27.213589,27.234623,27.250933,27.264044,27.272451,27.274828,27.280867,27.306787,27.339832,27.366522,27.387442,27.384264,27.385883,27.363459,27.18405,26.926731,26.750662,26.556768,26.37282,26.272814,26.195143,26.110172,26.168365,26.239769,26.149872,26.107756,26.166552,26.282972,26.348337,26.35158,26.346104,26.347656,26.352863,26.351246,26.338335,26.319208,26.29296,26.251749,26.186005,26.100626,26.00556,25.922123,25.891731,25.932545,25.972427,25.986013,26.043844,26.085981,26.128927,26.188272,26.262815,26.27551,26.271688,26.259697,26.224686,26.184748,26.13329,26.083817,26.085794,26.152803,26.304268,26.49625,26.586607,26.55164,26.639624,27.000565,27.282587,27.306194,27.176287,27.07565,27.077581,27.207922,27.289318,27.231112,27.100933,27.015839,27.011648,27.000994,26.997465,27.010883,27.015585,27.021646,27.028078,27.02562,27.028315,27.02878,27.028446,27.040691,27.042608,27.041552,27.060389,27.082775,27.11019,27.156084,27.211979,27.295109,27.430277,27.564901,27.639595,27.650787,27.604628,27.49956,27.41393,27.441656,27.537851,27.599422,27.65408,27.678501,27.700619,27.756392,27.86699,28.034899,28.048922,27.85977,27.637762,27.6014,27.636812,27.666513,27.696712,27.714127,27.738564,27.607409,27.52218,27.79142,28.117882,28.272926,28.19715,27.961948,27.881308,27.927834,28.107517,28.323248,28.497091,28.608696,28.6681,28.725,28.783304,28.821566,28.84558,28.887094,28.85611,28.833185,28.822763,28.696169,28.581308,28.442604,28.215845,28.162594,28.212135,28.147612,28.167385,28.31807,28.528957,28.70035,28.949968,29.109116,29.103104,29.038395,29.011341,28.941975,28.830235,28.669477,28.547789,28.402119,28.210299,28.015247,27.797394,,,,,,,,,,,,,,,,,,,,,,,,,,,,,,,,,,,,,,,,,,,,,,,,,,,,,,,,,,,,,,,,,,,,,,,,,,,,,,,,,,,,,,,,,,,,,,,,,,,,,,,,,,,,,,25.440357,25.316135,25.245209,25.306307,25.70374,26.021584,25.83936,25.756958,25.925611,26.182796,26.41686,26.448406,26.496237,26.48812,26.605885,26.736456,26.701015,26.564764,26.812048,27.010712,27.04971,27.024923,26.966145,26.928764,26.882042,26.86574,26.799046,26.643927,26.33053,26.101524,25.95984,25.883839,25.857635,25.90474,25.966883,26.050526,26.182201,26.345785,26.47822,26.611788,26.716137,26.776043,26.819885,26.796429,26.721489,26.66049,26.646935,26.64371,26.513361,26.24459,25.917404,25.767586,25.867725,25.87986,25.842308,25.964012,26.117558,25.948029,25.73371,25.989021,26.16686,26.097006,25.625332,25.170692,25.142176,25.277481,25.452595,25.583052,25.533531,25.325462,25.417578,25.739822,26.14079,26.813375,27.602596,27.877445,27.931032,27.91879,27.900888,27.928537,27.942091,27.850058,27.679775,27.375946,27.300625,27.322426,27.290953,27.02185,26.7275,26.259018,26.1603,26.602106,26.796957,26.86561,26.897758,26.923965,26.900349,26.846458,26.902727,26.999674,27.083685,26.882843
17.083336,,,,,,,,,,,,,,,,,,,,,,,,,,,,,,,,,,,,,,,,,,,,,,,,,,,,,,,,,,,,,,,,,,,,,,,,,,,,,,,,,,,,,,,,,,,26.185713,25.967422,25.68022,25.682304,25.713696,25.671892,25.68671,25.66704,25.66296,25.656683,25.653166,25.6646,25.660484,25.642885,25.659918,25.76096,25.895359,25.938395,25.885746,25.810022,25.727638,25.687666,25.736208,25.89796,26.060047,26.220587,26.282152,26.259714,26.231216,26.195917,26.152626,26.12164,26.095644,26.078089,26.088387,26.124334,26.202152,26.31323,26.417734,26.48827,26.526695,26.53232,26.540342,26.670235,26.82509,26.936699,27.043533,27.131163,27.187237,27.232367,27.269463,27.302921,27.326628,27.34197,27.352627,27.361832,27.364159,27.376057,27.397583,27.414,27.420935,27.433039,27.431103,27.396832,27.228415,26.929665,26.650158,26.449623,26.28204,26.242666,26.294361,26.25664,26.240189,26.285763,26.209885,26.118017,26.142887,26.271305,26.337614,26.352127,26.337475,26.327536,26.31914,26.309172,26.30185,26.29253,26.272985,26.237865,26.180601,26.103527,26.01413,25.925795,25.8681,25.879072,25.96983,25.99049,26.078575,26.14576,26.185287,26.198858,26.202871,26.217493,26.236822,26.261076,26.2695,26.277355,26.27264,26.250355,26.211485,26.181963,26.194422,26.28122,26.444077,26.578466,26.55204,26.581207,26.936749,27.280462,27.341415,27.223486,27.146332,27.157612,27.292015,27.367283,27.265734,27.123955,27.061527,27.061264,27.024437,26.992434,26.988344,26.98159,26.987083,27.001036,27.012388,27.024624,27.04013,27.055185,27.0721,27.08647,27.131378,27.19004,27.258219,27.329128,27.41255,27.496874,27.569561,27.61036,27.623821,27.600014,27.515625,27.397135,27.28441,27.237558,27.35251,27.51901,27.622879,27.703922,27.739906,27.760744,27.87258,28.043758,28.142735,28.177698,28.134817,28.046438,28.027832,28.046833,28.050623,28.051264,27.97639,27.895443,27.768538,27.61509,27.775545,28.256508,28.513006,28.478882,28.43679,28.453009,28.520437,28.577696,28.667467,28.705849,28.750376,28.802206,28.873928,28.938854,28.959326,28.978317,28.97492,28.954445,28.92348,28.902714,28.85149,28.743841,28.670496,28.489046,28.21506,28.092976,28.054846,28.057774,28.256325,28.49495,28.642843,28.891598,29.089828,29.139751,29.074276,29.055107,29.011,28.93847,28.803783,28.699165,28.583551,28.366463,28.118748,27.856419,,,,,,,,,,,,,,,,,,,,,,,,,,,,,,,,,,,,,,,,,,,,,,,,,,,,,,,,,,,,,,,,,,,,,,,,,,,,,,,,,,,,,,,,,,,,,,,,,,,,,,,,,,,,,25.655264,25.405603,25.282024,25.288025,25.420918,25.93308,26.269865,26.130898,26.43539,26.816725,26.943174,27.027317,26.91043,26.88141,26.892473,26.891632,26.901337,26.944572,26.929443,27.084,27.11002,27.124096,27.08449,27.015438,26.971441,26.934528,26.858908,26.787075,26.730783,26.638979,26.544743,26.468164,26.403044,26.370192,26.403872,26.461973,26.550549,26.642647,26.740644,26.81844,26.918472,26.930332,26.902626,26.808006,26.653618,26.527617,26.498302,26.489088,26.53642,26.555525,26.381353,26.090942,25.838083,25.866516,25.90347,25.831768,25.915337,26.06466,25.913473,25.636675,25.825756,26.216076,26.153347,25.59103,25.08542,25.029089,25.102509,25.220823,25.443153,25.48177,25.227512,25.231258,25.58908,25.944965,26.606262,27.485558,27.874321,27.89894,27.892567,27.890446,27.896954,27.908083,27.875328,27.812378,27.548845,27.337614,26.89911,26.97082,26.826422,26.45045,26.24524,26.838022,26.98273,27.134449,27.18267,27.214691,27.243242,27.208782,27.132116,27.084791,27.138247,27.177456,26.828604
17.0,,,,,,,,,,,,,,,,,,,,,,,,,,,,,,,,,,,,,,,,,,,,,,,,,,,,,,,,,,,,,,,,,,,,,,,,,,,,,25.978518,26.111973,26.20062,26.221601,26.229527,26.251833,26.297834,26.309324,26.211288,25.951513,26.04294,26.199463,26.065683,25.966381,25.95887,25.691513,25.704285,25.72822,25.703758,25.684305,25.675072,25.667337,25.669325,25.6744,25.691397,25.712444,25.72542,25.711168,25.711569,25.786167,25.892862,25.928099,25.869114,25.800756,25.720787,25.683338,25.725815,25.858461,26.013275,26.163065,26.191133,26.116623,26.04075,25.998583,25.957506,25.948973,25.949224,25.995647,26.063204,26.149702,26.250416,26.343618,26.432169,26.493599,26.52532,26.514158,26.557734,26.731256,26.90081,27.01813,27.126682,27.205439,27.259573,27.306389,27.342503,27.366451,27.382454,27.391525,27.400595,27.407951,27.410595,27.429003,27.452993,27.463947,27.47131,27.471819,27.4317,27.291817,27.006222,26.666943,26.409954,26.273237,26.246912,26.299112,26.397558,26.423056,26.361599,26.324978,26.160566,26.14156,26.247253,26.322775,26.329826,26.330029,26.308722,26.309862,26.28565,26.269794,26.255386,26.233017,26.199368,26.14874,26.08086,26.000942,25.921753,25.865593,25.856403,25.922556,26.024145,26.09393,26.182432,26.26341,26.308132,26.33561,26.350069,26.334713,26.304667,26.278397,26.257324,26.245893,26.241583,26.278234,26.30474,26.286932,26.263931,26.28382,26.391562,26.545595,26.556602,26.524393,26.85707,27.2595,27.36709,27.272213,27.20615,27.218643,27.362244,27.453884,27.35425,27.212406,27.13407,27.107344,27.048597,27.00469,26.999414,27.005707,27.012041,27.015179,27.02532,27.04733,27.07112,27.099957,27.140972,27.201792,27.282999,27.377203,27.46876,27.538857,27.589668,27.616571,27.62108,27.606071,27.559875,27.470066,27.366142,27.288239,27.21562,27.190529,27.332502,27.509623,27.618694,27.709703,27.756504,27.81951,28.00631,28.15216,28.244978,28.313036,28.342878,28.375021,28.42242,28.436945,28.413141,28.373812,28.264511,28.101295,27.927795,27.775997,27.95386,28.48621,28.56885,28.539537,28.545916,28.551855,28.582087,28.58582,28.669077,28.77387,28.8795,28.942144,28.958145,28.958809,28.967365,28.973772,28.970806,28.955055,28.930233,28.910324,28.887712,28.805473,28.738636,28.673346,28.460045,28.210827,28.057158,28.016737,28.233288,28.517712,28.668695,28.877218,29.078278,29.16334,29.116695,29.090158,29.061293,29.021345,28.940607,28.845745,28.695824,28.444715,28.151228,27.93682,,,,,,,,,,,,,,,,,,,,,,,,,,,,,,,,,,,,,,,,,,,,,,,,,,,,,,,,,,,,,,,,,,,,,,,,,,,,,,,,,,,,,,,,,,,,,,,,,,,,,,,,,,,,,25.638697,25.309774,25.294947,25.387688,25.474535,25.883259,26.557844,26.920061,27.0933,27.37073,27.293919,27.212454,27.124018,27.07441,27.050022,27.020792,27.090397,27.178837,27.208286,27.180012,27.169056,27.14158,27.104712,27.066742,27.031656,26.999125,26.946217,26.874231,26.816195,26.782406,26.756163,26.739725,26.73982,26.760574,26.798134,26.838116,26.893366,26.921417,26.932318,26.969023,26.95607,26.846525,26.693884,26.564144,26.487597,26.504436,26.506504,26.450842,26.471958,26.55414,26.502779,26.270761,26.009182,25.927675,25.908995,25.801662,25.869232,25.968876,25.869265,25.586794,25.51132,25.89647,25.955328,25.558657,25.177046,25.101082,25.120644,25.085403,25.26931,25.405796,25.273108,25.240818,25.522465,25.869253,26.534723,27.46208,27.868656,27.92095,27.860191,27.839191,27.814411,27.828588,27.852627,27.860792,27.723333,27.659872,27.2043,26.906345,26.806572,26.700163,26.837872,27.07726,27.149567,27.2697,27.346684,27.38992,27.448034,27.45382,27.40557,27.358366,27.348722,27.327784,26.952024
16.916672,,,,,,,,,,,,,,,,,,,,,,,,,,,,,,,,,,,,,,,,,,,,,,,,,,,,,,,,,,,,,,,,,,,,,,,,,,,26.305435,26.234674,26.22296,26.239538,26.257349,26.267027,26.2383,26.212337,26.271833,26.280478,26.24022,26.181847,26.122696,26.009771,25.852392,25.82679,25.809109,25.732927,25.825008,25.755148,25.746336,25.736797,25.69285,25.666975,25.653278,25.65902,25.68424,25.727688,25.777063,25.778778,25.76734,25.8095,25.895796,25.911173,25.862211,25.79923,25.738964,25.69961,25.723722,25.811262,25.94613,26.071114,26.056503,25.938622,25.853966,25.833925,25.841871,25.880829,25.92831,26.008614,26.08276,26.163147,26.240633,26.328857,26.423746,26.493933,26.51519,26.51426,26.591703,26.790012,26.965048,27.080929,27.185255,27.251509,27.294012,27.338749,27.368034,27.383558,27.400206,27.417202,27.432829,27.443102,27.45319,27.477457,27.492102,27.50344,27.507792,27.481112,27.372566,27.135206,26.795359,26.482794,26.318176,26.30527,26.318037,26.346914,26.39921,26.514627,26.424574,26.281454,26.132923,26.1788,26.30094,26.313078,26.28403,26.253233,26.255949,26.243845,26.220573,26.200916,26.168346,26.13732,26.099113,26.044922,25.983038,25.918991,25.869228,25.849167,25.887545,26.001451,26.094202,26.196747,26.280926,26.34279,26.402374,26.478867,26.533394,26.54535,26.535051,26.49281,26.452543,26.399755,26.334494,26.296425,26.27013,26.266832,26.323298,26.318918,26.373573,26.505571,26.553675,26.470266,26.758614,27.198437,27.382608,27.316793,27.248795,27.25581,27.39847,27.518898,27.438507,27.315054,27.252329,27.238052,27.16152,27.094727,27.073044,27.07386,27.072834,27.07343,27.08812,27.12583,27.168348,27.214409,27.272585,27.347704,27.428587,27.509602,27.580927,27.627176,27.65366,27.645086,27.613476,27.546303,27.458,27.37142,27.332527,27.315819,27.240328,27.227459,27.399658,27.552774,27.643932,27.780413,27.87645,27.97971,28.105751,28.22087,28.326145,28.391043,28.440834,28.497221,28.529785,28.5155,28.483414,28.446798,28.37156,28.209255,28.040548,27.966743,28.259125,28.678612,28.641243,28.633015,28.674915,28.703888,28.750837,28.78539,28.874506,28.91274,28.927948,28.954782,28.99551,29.033497,29.059471,29.06897,29.063097,29.040407,29.00205,28.960983,28.907715,28.823076,28.77953,28.76438,28.65092,28.448982,28.237562,28.110641,28.351618,28.603474,28.712385,28.916155,29.097048,29.183334,29.156591,29.122469,29.096756,29.068823,29.020887,28.904081,28.656965,28.352152,28.121738,27.982403,,,,,,,,,,,,,,,,,,,,,,,,,,,,,,,,,,,,,,,,,,,,,,,,,,,,,,,,,,,,,,,,,,,,,,,,,,,,,,,,,,,,,,,,,,,,,,,,,,,,,,,,,,,,,25.619364,25.251087,25.312075,25.387444,25.482092,26.107069,27.068037,27.261993,27.183115,27.297918,27.24347,27.257174,27.20485,27.179708,27.18007,27.204205,27.269316,27.307518,27.318851,27.322119,27.282288,27.25796,27.24923,27.233475,27.215237,27.185322,27.142597,27.090248,26.986809,26.915123,26.884317,26.870005,26.871784,26.896425,26.922054,26.943996,26.954554,26.967472,26.94446,26.915646,26.845726,26.716288,26.618196,26.569695,26.52555,26.475052,26.459892,26.40114,26.40218,26.512302,26.559431,26.284353,26.005806,25.953388,25.920824,25.832256,25.903334,25.997417,25.869377,25.562796,25.401724,25.449612,25.599527,25.501633,25.260338,25.1812,25.239517,25.14958,25.29701,25.386951,25.294966,25.283293,25.519098,25.848524,26.53351,27.474516,27.87789,27.886417,27.829273,27.757145,27.750425,27.795626,27.82253,27.86109,27.818361,27.752247,27.524773,27.301132,27.159277,27.068085,27.116842,27.18074,27.24998,27.365126,27.474524,27.483013,27.490759,27.500252,27.496613,27.485521,27.473455,27.431053,27.114624
16.833336,,,,,,,,,,,,,,,,,,,,,,,,,,,,,,,,,,,,,,,,,,,,,,,,,,,,,,,,,,,,,,,,,,,,,,,,,26.180696,26.134186,26.177979,26.163403,26.101425,26.126003,26.17643,26.23746,26.197996,26.166254,26.219797,26.244734,26.20766,26.10039,26.01093,25.86462,25.781593,25.843174,25.857311,25.844439,25.794518,25.784153,25.816648,25.783396,25.7449,25.686235,25.652132,25.649311,25.66819,25.718414,25.769125,25.82157,25.81634,25.823227,25.88975,25.89774,25.845135,25.794897,25.735395,25.696526,25.70656,25.776697,25.874098,25.97499,25.93755,25.8031,25.738575,25.765934,25.82539,25.890442,25.948296,26.010818,26.071554,26.141554,26.220535,26.317797,26.415367,26.48275,26.500454,26.509022,26.598461,26.80659,26.991096,27.11704,27.217964,27.27841,27.318956,27.362814,27.389763,27.414223,27.435686,27.451477,27.464088,27.47305,27.491688,27.517513,27.542067,27.550463,27.526745,27.458206,27.286982,26.996202,26.674463,26.465504,26.42963,26.464535,26.495693,26.623802,26.636755,26.588762,26.437346,26.212807,26.114437,26.200476,26.269459,26.166063,26.145897,26.165598,26.153732,26.164108,26.132727,26.11306,26.076859,26.041653,25.998854,25.950188,25.904757,25.860825,25.845013,25.871723,25.969896,26.090189,26.179565,26.266191,26.332102,26.387997,26.480791,26.579233,26.676785,26.705444,26.73858,26.747215,26.69938,26.607084,26.506447,26.428617,26.363697,26.314236,26.271103,26.30154,26.401585,26.479483,26.499079,26.40795,26.638155,27.117168,27.392952,27.356245,27.28397,27.290125,27.429869,27.591482,27.521109,27.384893,27.359287,27.36284,27.298439,27.224415,27.201422,27.185865,27.18758,27.198483,27.226004,27.259867,27.307364,27.356253,27.416979,27.475346,27.530136,27.581127,27.624577,27.650562,27.659956,27.642538,27.592339,27.503235,27.42097,27.36499,27.3872,27.34943,27.233095,27.298208,27.497011,27.637522,27.764217,27.964935,28.105158,28.154972,28.219913,28.318644,28.386662,28.415443,28.44792,28.48328,28.49607,28.480328,28.4721,28.45259,28.401226,28.280964,28.121723,28.142607,28.519808,28.710836,28.735048,28.789873,28.86504,28.92124,28.958044,28.978712,29.006626,28.991001,29.024157,29.071732,29.08946,29.091572,29.085949,29.081087,29.080235,29.063251,29.03722,28.99876,28.941706,28.875957,28.835974,28.811445,28.781656,28.626957,28.444061,28.361479,28.589586,28.732473,28.77111,28.958384,29.137634,29.192514,29.17723,29.15367,29.129477,29.119019,29.091805,29.00441,28.756884,28.379862,28.195303,28.028763,,,,,,,,,,,,,,,,,,,,,,,,,,,,,,,,,,,,,,,,,,,,,,,,,,,,,,,,,,,,,,,,,,,,,,,,,,,,,,,,,,,,,,,,,,,,,,,,,,,,,,,,,,,,,,25.3754,25.388145,25.569832,25.599955,26.447283,27.055609,26.910273,26.931673,27.106344,27.051046,27.194351,27.283875,27.191154,27.198435,27.249882,27.293655,27.340345,27.415092,27.465601,27.488258,27.504423,27.514814,27.5122,27.506676,27.489758,27.456322,27.404316,27.34552,27.279196,27.220215,27.16302,27.125463,27.127806,27.115124,27.083067,27.045477,27.01266,26.989597,26.95763,26.832422,26.676361,26.600569,26.54399,26.51384,26.484426,26.42611,26.373346,26.382984,26.404247,26.561222,26.332335,26.056992,25.940075,25.899734,25.778143,25.85914,26.018063,26.036,25.789978,25.505898,25.365852,25.340586,25.37762,25.291933,25.259499,25.302242,25.345963,25.317719,25.31519,25.293953,25.428694,25.600576,25.906397,26.60107,27.55785,27.929976,27.888578,27.788258,27.667036,27.670254,27.788935,27.811653,27.84189,27.83624,27.77684,27.67672,27.559584,27.456387,27.346766,27.26328,27.214226,27.396345,27.464182,27.484282,27.495777,27.509098,27.507092,27.509768,27.525932,27.503004,27.434944,27.26039
16.75,,,,,,,,,,,,,,,,,,,,,,,,,,,,,,,,,,,,,,,,,,,,,,,,,,,,,,,,,,,,,,,,,,,,,26.137367,26.135843,26.055693,26.100744,26.092506,26.014034,26.048582,26.027609,25.9644,25.97582,26.017092,26.08083,26.08769,26.091446,26.112606,26.173899,26.15794,26.035631,25.925608,25.79756,25.824976,25.930264,25.905634,25.843372,25.851759,25.917849,25.986458,25.988718,25.953173,25.856182,25.71208,25.636301,25.628057,25.679634,25.752934,25.82592,25.855213,25.834225,25.875423,25.88915,25.835474,25.785307,25.745802,25.705872,25.701536,25.733025,25.809072,25.89826,25.847412,25.721878,25.685854,25.74047,25.821941,25.884817,25.930042,25.990574,26.058512,26.135372,26.209986,26.292002,26.39171,26.47032,26.494904,26.49429,26.591646,26.812452,27.006067,27.133106,27.24088,27.305199,27.348776,27.39746,27.421644,27.446356,27.460964,27.475967,27.491972,27.507488,27.529097,27.55904,27.563078,27.561201,27.517807,27.414698,27.21418,26.928225,26.67872,26.566656,26.585989,26.68616,26.750267,26.776869,26.71692,26.543814,26.347395,26.133774,26.126402,26.173794,26.121016,26.006212,26.045332,26.036303,26.026297,26.02891,26.012812,26.002464,25.964628,25.934961,25.897814,25.858486,25.838095,25.836277,25.88037,25.987415,26.113935,26.19592,26.269272,26.326542,26.375597,26.460554,26.557234,26.668133,26.744488,26.747383,26.833426,26.912043,26.944363,26.909798,26.734371,26.592983,26.513952,26.451662,26.357883,26.28983,26.294552,26.439316,26.487648,26.375969,26.540482,27.047707,27.397013,27.38851,27.308083,27.301262,27.397476,27.61626,27.662819,27.526045,27.41685,27.41324,27.378563,27.35048,27.329985,27.328941,27.335594,27.343102,27.369324,27.397068,27.428793,27.46856,27.51354,27.544106,27.559511,27.570038,27.589376,27.608395,27.619709,27.60441,27.569181,27.512325,27.436201,27.3995,27.397627,27.296762,27.194855,27.356077,27.56533,27.704966,27.8896,28.14486,28.255825,28.286934,28.336926,28.395777,28.407524,28.430595,28.464176,28.515312,28.53024,28.490253,28.45673,28.439087,28.385157,28.263775,28.146397,28.275822,28.63807,28.744543,28.88079,28.960598,29.02298,29.063623,29.025824,29.015903,28.993885,29.009403,29.060432,29.07744,29.085112,29.085564,29.069927,29.061655,29.05211,29.032743,29.01987,29.002491,28.965752,28.918139,28.874077,28.838139,28.807425,28.708677,28.580534,28.665918,28.7938,28.844563,28.857792,29.055351,29.178595,29.198835,29.176727,29.171808,29.163767,29.161,29.146585,29.105356,29.006582,28.682617,28.47776,28.167055,,,,,,,,,,,,,,,,,,,,,,,,,,,,,,,,,,,,,,,,,,,,,,,,,,,,,,,,,,,,,,,,,,,,,,,,,,,,,,,,,,,,,,,,,,,,,,,,,,,,,,,,,,,,,,25.56209,25.507744,25.759855,25.919685,26.667679,26.911379,26.811956,26.848003,26.877026,26.836552,26.974161,27.152004,27.133778,27.154963,27.22099,27.301394,27.35962,27.436428,27.490284,27.531998,27.569967,27.598946,27.61664,27.630077,27.640633,27.648052,27.639616,27.62105,27.585106,27.532665,27.489994,27.440714,27.397078,27.338324,27.282372,27.228819,27.147842,27.05183,26.854204,26.659908,26.571533,26.533052,26.511242,26.484114,26.455076,26.401747,26.365717,26.305801,26.333973,26.517403,26.524384,26.296494,26.13696,25.990788,25.802944,25.757977,25.96891,26.17065,25.99609,25.678583,25.430271,25.31452,25.311712,25.32492,25.296951,25.367235,25.455034,25.516705,25.56709,25.616888,25.765326,25.858524,25.930092,26.666277,27.624865,27.965061,27.892582,27.773357,27.612255,27.638021,27.759552,27.795866,27.790834,27.79329,27.727007,27.66895,27.573954,27.451645,27.329659,27.331886,27.392387,27.472925,27.453777,27.448479,27.46546,27.486755,27.498981,27.50302,27.496374,27.461857,27.396212,27.318357
16.666672,,,,,,,,,,,,,,,,,,,,,,,,,,,,,,,,,,,,,,,,,,,,,,,,,,,,,,,,,,,,,,,,,,25.971373,26.05817,26.086637,26.114294,26.126755,26.075788,26.054358,26.011414,25.987768,25.95503,25.919569,25.917583,25.957289,26.00164,26.003422,26.017338,26.01346,26.03287,26.118229,26.09955,25.982586,25.8714,25.79589,25.887392,25.935957,25.868698,25.862438,25.948809,26.10355,26.169031,26.182125,26.162071,26.105566,26.01558,25.789331,25.641117,25.656097,25.725534,25.801048,25.870129,25.850857,25.854912,25.862238,25.814295,25.77226,25.73546,25.69974,25.691328,25.691336,25.75229,25.846275,25.799276,25.695059,25.659843,25.723036,25.794209,25.839352,25.909147,25.976307,26.044155,26.12613,26.189442,26.259184,26.358349,26.4525,26.483288,26.482357,26.585403,26.818462,27.02086,27.1555,27.258444,27.326069,27.377554,27.423517,27.440306,27.458778,27.474958,27.495378,27.513975,27.52367,27.546616,27.561617,27.563686,27.55174,27.494791,27.37805,27.185112,26.93778,26.736307,26.660013,26.68309,26.760948,26.815594,26.753138,26.61767,26.444902,26.273775,26.117582,26.11348,26.109411,26.027367,25.96476,25.984749,25.940437,25.931309,25.912098,25.89429,25.884031,25.844954,25.830812,25.823841,25.824795,25.857569,25.926773,26.042957,26.164877,26.256403,26.313385,26.354635,26.39673,26.46542,26.565205,26.6686,26.750189,26.793964,26.838724,26.87536,26.905424,26.925678,26.958447,26.972174,26.893145,26.655413,26.539375,26.47773,26.399984,26.319296,26.341015,26.398474,26.319351,26.464266,26.97863,27.36692,27.390444,27.314116,27.305412,27.344992,27.508337,27.67739,27.656326,27.518646,27.42575,27.391117,27.372816,27.361578,27.350857,27.341297,27.32393,27.310585,27.294737,27.281828,27.280725,27.29279,27.298147,27.295902,27.284369,27.30513,27.348207,27.41382,27.456957,27.462929,27.421352,27.344397,27.312902,27.292969,27.209406,27.228777,27.434437,27.63117,27.78058,28.012987,28.252882,28.32956,28.3694,28.407139,28.419128,28.434616,28.459011,28.519241,28.58022,28.504189,28.414818,28.380934,28.407701,28.379808,28.255287,28.164568,28.341293,28.576122,28.735558,28.94374,28.947357,29.052378,29.056227,29.028301,29.031898,29.049185,29.136934,29.175764,29.171972,29.17663,29.154484,29.12651,29.12712,29.09565,29.051315,29.019318,28.98539,28.965569,28.934227,28.902294,28.8665,28.839636,28.782587,28.771471,28.90879,28.922466,28.897636,28.936872,29.151184,29.186094,29.19403,29.16795,29.171152,29.171543,29.182322,29.175213,29.156002,29.103052,28.888214,28.669056,28.319304,28.101128,,,,,,,,,,,,,,,,,,,,,,,,,,,,,,,,,,,,,,,,,,,,,,,,,,,,,,,,,,,,,,,,,,,,,,,,,,,,,,,,,,,,,,,,,,,,,,,,,,,,,,,,,,,,25.798574,25.70127,25.931808,26.313261,26.329777,27.038197,26.966333,26.893454,26.882084,26.916264,26.907316,26.955797,27.033712,27.081142,27.163538,27.273731,27.34007,27.379469,27.414982,27.439655,27.471352,27.50238,27.533268,27.564724,27.592463,27.621521,27.643837,27.664843,27.676771,27.67965,27.675783,27.657366,27.62152,27.55972,27.514977,27.438118,27.284355,27.017065,26.747292,26.584738,26.511889,26.504015,26.509052,26.478506,26.435478,26.381016,26.354004,26.330593,26.307108,26.299892,26.40989,26.47266,26.29003,26.156496,26.007795,25.769548,25.740044,25.934462,26.254837,26.157883,25.827534,25.512047,25.351545,25.329292,25.383112,25.350592,25.371819,25.537111,25.80827,25.891525,25.922985,25.911577,25.987753,25.910933,26.781624,27.718714,28.01447,27.910892,27.755802,27.575283,27.591572,27.705336,27.666399,27.650896,27.642963,27.596212,27.545218,27.373875,27.248665,27.230331,27.363384,27.429619,27.414118,27.39681,27.405449,27.417557,27.439886,27.469961,27.483318,27.489077,27.476875,27.458946,27.44056
16.583336,,,,,,,,,,,,,,,,,,,,,,,,,,,,,,,,,,,,,,,,,,,,,,,,,,,,,,,,,,,,,,,,25.949068,26.075472,26.122694,26.098497,26.056595,26.043592,26.061287,26.041088,25.990164,25.94742,25.92216,25.894915,25.889877,25.953228,26.057095,26.094032,26.085432,26.04751,26.011103,26.038843,26.098005,26.0506,25.932398,25.845337,25.808662,25.861855,25.823746,25.84388,25.977444,26.167677,26.312393,26.360909,26.362053,26.335196,26.275776,26.176552,26.04894,25.80355,25.634392,25.68763,25.754654,25.849506,25.86839,25.832636,25.836153,25.797104,25.74592,25.716997,25.697168,25.67981,25.660248,25.714674,25.809338,25.778677,25.690676,25.64851,25.689707,25.74824,25.811201,25.887331,25.946646,26.01404,26.111887,26.176937,26.237356,26.32724,26.42884,26.47181,26.472092,26.579418,26.822859,27.024107,27.15994,27.272312,27.340883,27.393267,27.43619,27.452103,27.474058,27.489088,27.510477,27.515446,27.523325,27.54135,27.551172,27.554247,27.540453,27.480618,27.361683,27.185305,26.98456,26.824955,26.755238,26.759779,26.811592,26.807467,26.675339,26.52698,26.387508,26.220905,26.085962,26.082876,26.065392,26.02328,25.995825,25.97818,25.91832,25.872837,25.834272,25.82064,25.81884,25.813133,25.84672,25.883337,25.932096,26.009851,26.112066,26.232044,26.33486,26.408735,26.4496,26.484386,26.53182,26.610159,26.693844,26.756638,26.79835,26.83018,26.854576,26.84343,26.850956,26.859936,26.897625,26.942572,26.965117,26.921215,26.679134,26.546291,26.487278,26.410797,26.362556,26.3529,26.30191,26.379992,26.796556,27.244293,27.378906,27.302193,27.29679,27.281313,27.322575,27.489227,27.570187,27.501362,27.381836,27.333044,27.333136,27.312891,27.260252,27.193964,27.140545,27.075686,27.007648,26.938358,26.90048,26.887257,26.896818,26.92533,26.940725,26.960093,27.001028,27.082094,27.157187,27.184435,27.144,27.10292,27.122671,27.166704,27.199772,27.28976,27.500214,27.693283,27.875381,28.131624,28.325857,28.362394,28.41125,28.428303,28.43749,28.45157,28.499546,28.59378,28.584274,28.447628,28.361622,28.327246,28.36742,28.338846,28.23348,28.191914,28.316708,28.459234,28.763401,28.941093,29.012533,29.085876,29.083427,29.081564,29.09352,29.164967,29.227716,29.212349,29.204573,29.209455,29.164068,29.145638,29.16539,29.134005,29.06978,29.039618,29.009056,28.986254,28.963339,28.937296,28.919924,28.915432,28.913683,28.981537,29.028158,28.845083,28.881128,29.026148,29.192717,29.20902,29.19492,29.162792,29.172987,29.171816,29.183146,29.179699,29.170097,29.126785,28.973845,28.777199,28.474218,28.240631,,,,,,,,,,,,,,,,,,,,,,,,,,,,,,,,,,,,,,,,,,,,,,,,,,,,,,,,,,,,,,,,,,,,,,,,,,,,,,,,,,,,,,,,,,,,,,,,,,,,,,,,,,,,25.616905,25.787941,26.34747,26.929459,26.586151,27.136955,26.893024,26.955803,26.961796,26.967205,26.96638,26.998034,27.049608,27.144741,27.235271,27.259052,27.208832,27.1582,27.151361,27.144873,27.182953,27.2588,27.345936,27.434797,27.528545,27.590271,27.630932,27.658588,27.67396,27.682915,27.6872,27.68054,27.600449,27.562496,27.516407,27.148344,26.83821,26.65426,26.567154,26.590794,26.613981,26.611755,26.568083,26.509493,26.443737,26.402374,26.396933,26.404253,26.391357,26.37709,26.36368,26.38591,26.288456,26.161903,26.131048,25.975107,25.866053,25.994802,26.330326,26.252165,25.903877,25.56201,25.417248,25.40478,25.418024,25.412937,25.426178,25.483185,25.668715,25.933464,26.075205,25.96533,26.035912,25.9356,26.899565,27.803171,28.050642,27.972364,27.792145,27.546045,27.493841,27.584143,27.501928,27.48744,27.477781,27.402245,27.352375,27.304361,27.300232,27.373653,27.41568,27.3759,27.33401,27.304054,27.316032,27.314484,27.31638,27.344604,27.342375,27.317278,27.260849,27.18277,27.057316
16.5,,,,,,,,,,,,,,,,,,,,,,,,,,,,,,,,,,,,,,,,,,,,,,,,,,,,,,,,,,,,,25.92497,25.97961,26.017899,25.96915,26.026447,26.146818,26.092558,26.014898,26.003218,26.020775,25.956507,25.911474,25.84752,25.848837,25.871204,25.89227,25.977686,26.123966,26.16658,26.136992,26.10606,26.079405,26.085274,26.078253,25.992517,25.900637,25.859709,25.8214,25.758125,25.838314,25.9918,26.241283,26.437489,26.510466,26.509985,26.48243,26.450882,26.405691,26.329893,26.236786,26.01853,25.717968,25.647444,25.70841,25.792887,25.872967,25.831013,25.805414,25.787144,25.725943,25.692127,25.678423,25.649347,25.61421,25.68099,25.76987,25.753096,25.68534,25.635506,25.653631,25.709013,25.778553,25.84719,25.89877,25.986406,26.100727,26.17653,26.22493,26.295189,26.400652,26.458752,26.463125,26.576157,26.82427,27.025347,27.161049,27.273903,27.344606,27.403309,27.449797,27.4649,27.483858,27.49559,27.510363,27.514843,27.523582,27.539871,27.548103,27.545626,27.53324,27.487255,27.384073,27.222307,27.04656,26.908922,26.83885,26.841362,26.872421,26.810528,26.614082,26.432568,26.332518,26.186481,26.095284,26.09962,26.092098,26.062178,26.046497,26.021338,25.935148,25.894562,25.844217,25.843279,25.877138,25.906534,25.96536,26.023626,26.102055,26.20189,26.314238,26.42958,26.51864,26.57636,26.605976,26.634438,26.65928,26.69661,26.719048,26.741987,26.762772,26.75248,26.731928,26.68565,26.662449,26.65582,26.753426,26.852161,26.924606,26.95785,26.874475,26.648611,26.558172,26.499525,26.444452,26.426662,26.386139,26.43196,26.683876,27.032082,27.307333,27.291132,27.260124,27.247278,27.25331,27.286575,27.335888,27.356665,27.308395,27.257101,27.25705,27.270327,27.223055,27.12213,27.03896,26.958963,26.887465,26.831888,26.824642,26.842085,26.891386,26.951845,26.999664,27.01583,27.018427,27.026672,27.04009,27.03439,27.022585,27.049385,27.102903,27.17128,27.24358,27.35026,27.545834,27.747694,27.9496,28.216053,28.384064,28.40862,28.448294,28.452122,28.458193,28.500957,28.600943,28.66749,28.615433,28.497295,28.344732,28.274551,28.347939,28.328901,28.199371,28.172132,28.246853,28.315384,28.739698,28.889505,29.037428,29.080011,29.118185,29.142672,29.158707,29.21726,29.27492,29.276407,29.266806,29.258373,29.217627,29.188046,29.199682,29.171875,29.144114,29.12821,29.09432,29.066141,29.056923,29.04398,29.04843,29.068121,29.103025,29.136635,29.109543,29.013052,28.919752,29.069763,29.200024,29.200077,29.178457,29.175896,29.161,29.17381,29.18674,29.192266,29.173891,29.115885,28.987562,28.76629,28.493366,28.304314,,,,,,,,,,,,,,,,,,,,,,,,,,,,,,,,,,,,,,,,,,,,,,,,,,,,,,,,,,,,,,,,,,,,,,,,,,,,,,,,,,,,,,,,,,,,,,,,,,,,,,,,,,,25.772905,25.824358,25.959929,26.862507,26.940163,26.674213,27.09987,26.967754,27.081577,27.07343,27.059532,27.048649,27.060854,27.114927,27.133291,26.987183,26.860209,26.75279,26.646757,26.621681,26.604864,26.634365,26.748417,26.892435,27.041496,27.189375,27.349474,27.52659,27.647854,27.69281,27.69751,27.699852,27.657253,27.344316,27.25298,27.003916,26.762062,26.680367,26.678263,26.701569,26.7128,26.679224,26.595205,26.479053,26.428661,26.40619,26.412851,26.452112,26.453024,26.454313,26.441364,26.381922,26.371168,26.419466,26.340359,26.361645,26.22584,26.063019,26.132969,26.38568,26.297262,25.923227,25.583324,25.47465,25.464075,25.471106,25.482613,25.453161,25.489885,25.665834,25.815447,25.921907,25.683249,25.811007,25.97076,27.09278,27.9196,28.076935,28.030449,27.905638,27.632229,27.44604,27.463625,27.453556,27.468433,27.570263,27.542551,27.501518,27.496456,27.479355,27.47673,27.448654,27.385063,27.308928,27.191648,27.161705,27.177229,27.100323,27.08393,27.05698,26.965267,26.860426,26.693708,26.5547
16.416672,,,,,,,,,,,,,,,,,,,,,,,,,,,,,,,,,,,,,,,,,,,,,,,,,,,,,,,,,,,25.913424,25.8772,26.003372,26.082998,26.086033,26.04587,26.088375,26.127737,26.087135,26.022099,25.985428,26.003845,25.940897,25.87792,25.803034,25.80079,25.827524,25.856949,25.986116,26.167685,26.208138,26.185316,26.114454,26.069405,26.055342,26.008947,25.93959,25.899418,25.862698,25.777283,25.752487,26.006025,26.246239,26.520786,26.5971,26.596254,26.55651,26.512587,26.468727,26.446554,26.394384,26.34706,26.196653,25.900139,25.656914,25.670805,25.725397,25.825827,25.838717,25.791492,25.773165,25.726763,25.682377,25.655563,25.609999,25.576265,25.64543,25.725649,25.727999,25.675966,25.62559,25.627272,25.671629,25.730362,25.791468,25.857456,25.957241,26.084316,26.18221,26.22338,26.27303,26.374975,26.44755,26.46116,26.57545,26.82336,27.013815,27.143175,27.26401,27.346281,27.408699,27.457064,27.468714,27.484001,27.494713,27.509039,27.517504,27.525503,27.543932,27.555008,27.548014,27.534113,27.501492,27.431154,27.3043,27.144035,27.012579,26.937704,26.92205,26.93135,26.854515,26.61395,26.373993,26.300724,26.192427,26.099422,26.112871,26.122395,26.089563,26.088514,26.078297,26.02994,26.015924,25.98143,25.98672,26.013634,26.032084,26.076876,26.153643,26.29386,26.431444,26.533024,26.604692,26.65571,26.664755,26.64501,26.62437,26.603569,26.60612,26.621956,26.645973,26.65178,26.636377,26.620247,26.616358,26.61593,26.600878,26.599909,26.70946,26.827814,26.902063,26.891745,26.728294,26.5835,26.538628,26.506678,26.493723,26.484776,26.538834,26.714626,26.961575,27.193817,27.273552,27.213612,27.192835,27.195238,27.188507,27.199217,27.197685,27.19128,27.181183,27.192308,27.224556,27.231697,27.178623,27.082384,26.98504,26.901691,26.854015,26.841272,26.86541,26.925829,27.004725,27.0704,27.087711,27.115618,27.145279,27.153385,27.15701,27.159727,27.166248,27.1805,27.243896,27.30678,27.398378,27.593197,27.799997,28.001625,28.276617,28.418776,28.438547,28.460882,28.485067,28.530119,28.635923,28.711117,28.722723,28.687824,28.6307,28.448904,28.278894,28.248978,28.297533,28.222382,28.142132,28.117094,28.197454,28.6852,28.855276,29.038689,29.070093,29.154543,29.192377,29.202936,29.223675,29.267956,29.301023,29.32822,29.333733,29.295706,29.235672,29.2262,29.209553,29.193336,29.192646,29.18241,29.176165,29.18059,29.182148,29.193317,29.209396,29.211166,29.20014,29.17838,29.140753,28.998423,29.141827,29.211111,29.195642,29.18947,29.180855,29.169918,29.182816,29.206097,29.215025,29.201385,29.117783,28.915218,28.656948,28.45191,28.359703,,,,,,,,,,,,,,,,,,,,,,,,,,,,,,,,,,,,,,,,,,,,,,,,,,,,,,,,,,,,,,,,,,,,,,,,,,,,,,,,,,,,,,,,,,,,,,,,,,,,,,,,25.734417,25.676804,25.748268,25.975845,26.018658,26.254562,27.176126,26.867144,26.88532,27.128422,27.111002,27.190714,27.144186,27.119802,27.102041,27.09634,26.96889,26.704384,26.445704,26.33705,26.313612,26.315155,26.32903,26.336485,26.340647,26.357244,26.415617,26.50042,26.63126,26.842722,27.131124,27.41196,27.63323,27.717396,27.733366,27.622404,27.119177,26.802544,26.807182,26.836176,26.843184,26.853046,26.817099,26.70762,26.589262,26.536476,26.482977,26.464495,26.435919,26.445175,26.482124,26.512316,26.527342,26.481724,26.398855,26.380352,26.350414,26.31817,26.349636,26.35186,26.348894,26.45444,26.541988,26.313658,25.872917,25.589966,25.520529,25.52086,25.525614,25.496363,25.458065,25.549831,25.753443,25.793934,25.639252,25.51897,25.605598,26.17779,27.363354,28.023806,28.112913,28.083008,28.040379,27.943846,27.700409,27.566393,27.529823,27.53068,27.61213,27.741108,27.810446,27.80657,27.74472,27.644531,27.56219,27.526793,27.458357,27.311436,27.136541,27.058176,27.013678,26.95804,26.95354,26.898657,26.804047,26.662027,26.541079
16.333336,,,,,,,,,,,,,,,,,,,,,,,,,,,,,,,,,,,,,,,,,,,,,,,,,,,,,,,,,,26.007753,25.923471,25.894918,26.01358,26.057625,26.061329,26.07104,26.057741,26.041216,26.02943,25.99543,25.983683,25.989744,25.867207,25.749098,25.712687,25.763853,25.803848,25.833454,25.977652,26.138912,26.184343,26.130606,26.043325,25.991938,25.978224,25.948061,25.918064,25.911156,25.845884,25.775112,25.886656,26.233658,26.517872,26.624784,26.628784,26.60035,26.543636,26.465382,26.404673,26.399664,26.40948,26.38816,26.310884,26.098621,25.766068,25.638777,25.672081,25.739513,25.822546,25.795116,25.749825,25.707794,25.657364,25.607811,25.555239,25.552176,25.628628,25.700426,25.712217,25.672174,25.630108,25.61485,25.637182,25.683481,25.7459,25.81217,25.912527,26.055237,26.18252,26.227217,26.26084,26.352888,26.437136,26.457508,26.57246,26.82143,27.002876,27.121414,27.24788,27.338531,27.404493,27.451912,27.462,27.477495,27.488926,27.50607,27.516687,27.53013,27.549484,27.56277,27.558641,27.543554,27.514713,27.465006,27.384136,27.263493,27.141394,27.057028,27.006544,26.9845,26.929138,26.685467,26.369123,26.268797,26.219625,26.118614,26.079885,26.063501,26.044744,26.07186,26.107735,26.117977,26.128946,26.129074,26.134499,26.158588,26.150372,26.174616,26.307041,26.514793,26.636982,26.664,26.665373,26.6414,26.57332,26.515518,26.491014,26.511463,26.551687,26.606789,26.635862,26.642477,26.649643,26.679762,26.703129,26.704708,26.695381,26.647404,26.600891,26.714554,26.83188,26.848482,26.816694,26.686049,26.582691,26.53842,26.512232,26.51197,26.571022,26.72682,26.928236,27.104275,27.18187,27.162786,27.167774,27.137495,27.115618,27.123293,27.108799,27.089886,27.070126,27.07947,27.114834,27.165382,27.174938,27.128695,27.0404,26.95783,26.903843,26.882822,26.901106,26.959932,27.031696,27.083847,27.063578,27.109415,27.16206,27.181108,27.189041,27.196854,27.200033,27.224724,27.285313,27.34571,27.442984,27.651636,27.845112,28.03574,28.299585,28.437307,28.458838,28.490923,28.560806,28.65522,28.728067,28.703913,28.70733,28.748383,28.757467,28.674242,28.480013,28.292307,28.212242,28.160763,28.09715,28.083984,28.285625,28.627502,28.78085,28.983093,29.043541,29.131744,29.194885,29.20699,29.220615,29.248674,29.314795,29.37267,29.393232,29.381098,29.334177,29.27982,29.249378,29.22151,29.210709,29.19541,29.200865,29.199474,29.201769,29.203531,29.213974,29.214571,29.217318,29.224209,29.226307,29.215635,29.235664,29.224852,29.216244,29.198162,29.181452,29.177116,29.202667,29.236546,29.24427,29.232792,29.144316,28.920885,28.64562,28.480356,28.40789,,,,,,,,,,,,,,,,,,,,,,,,,,,,,,,,,,,,,,,,,,,,,,,,,,,,,,,,,,,,,,,,,,,,,,,,,,,,,,,,,,,,,,,,,,,,,,,,26.083433,26.008158,25.946077,25.927881,,,25.77654,25.67722,25.60761,25.685596,25.91201,26.112753,26.240564,26.709412,27.132393,26.854898,27.186522,27.174196,27.214165,27.23299,27.161104,27.132303,27.037256,26.76329,26.503187,26.29418,26.255915,26.304508,26.350576,26.418858,26.458364,26.486261,26.499252,26.47848,26.459576,26.434677,26.42434,26.453348,26.634924,26.967653,27.333273,27.621931,27.74184,27.643318,27.256445,27.081055,27.011784,26.999931,26.95405,26.91738,26.807093,26.66797,26.563175,26.565456,26.492445,26.471846,26.441635,26.440487,26.469,26.526817,26.56275,26.575312,26.528202,26.46193,26.520506,26.612482,26.681065,26.690933,26.70965,26.690872,26.548496,26.176455,25.742,25.59272,25.572422,25.564266,25.56676,25.521044,25.462782,25.547197,25.697664,25.663912,25.492935,25.626308,25.718626,26.559343,27.700752,28.129755,28.13058,28.126387,28.103785,28.058046,28.004593,27.909111,27.680048,27.600693,27.594797,27.70625,27.906485,27.978382,27.938196,27.868,27.809244,27.791203,27.740854,27.694017,27.497763,27.280703,27.156015,27.07263,27.060503,27.05475,26.99057,26.84199,26.673416
16.25,,,,,,,,,,,,,,,,,,,,,,,,,,,,,,,,,,,,,,,,,,,,,,,,,,,,,,,,,25.980587,25.95135,25.857914,25.80877,25.919542,25.923508,25.944185,25.964792,25.95396,25.964167,25.948353,25.91866,25.871597,25.797283,25.624859,25.536171,25.601954,25.715157,25.772911,25.807507,25.945362,26.102142,26.150492,26.07286,25.990883,25.940067,25.913706,25.90364,25.907455,25.912218,25.824324,25.814674,26.079504,26.43955,26.581455,26.645329,26.646332,26.568256,26.493752,26.412703,26.344587,26.32822,26.378344,26.389158,26.360273,26.236801,25.938812,25.668604,25.632402,25.670094,25.740812,25.78348,25.74205,25.686916,25.627487,25.565973,25.519056,25.522087,25.589828,25.6613,25.689365,25.67095,25.64139,25.620058,25.622526,25.64956,25.706985,25.767271,25.860878,26.014166,26.172272,26.238073,26.252186,26.33392,26.42772,26.454628,26.563879,26.810461,26.982218,27.083698,27.207926,27.308868,27.381987,27.430044,27.443932,27.460546,27.474735,27.490604,27.501806,27.517727,27.545202,27.56489,27.570805,27.564363,27.53931,27.49113,27.426146,27.338833,27.23849,27.147072,27.074377,27.03393,27.008936,26.833223,26.501156,26.268372,26.206835,26.14563,26.079218,26.035618,25.985949,26.00578,26.067003,26.13234,26.162521,26.188276,26.221838,26.239233,26.22415,26.260675,26.449339,26.679266,26.72469,26.657621,26.604862,26.509321,26.452486,26.450626,26.503838,26.57638,26.64734,26.7007,26.716326,26.712708,26.714172,26.732965,26.733397,26.71722,26.697422,26.68359,26.625692,26.607643,26.691336,26.777304,26.804966,26.76799,26.681452,26.598745,26.545109,26.53497,26.572834,26.677044,26.83401,26.974321,27.028301,26.995333,27.005596,27.099573,27.196592,27.197605,27.09956,27.051895,27.01701,26.983597,26.974758,27.002514,27.040987,27.04008,27.008848,26.959068,26.936033,26.942467,26.969282,27.026464,27.088568,27.117073,27.121286,27.141096,27.192194,27.22463,27.226946,27.24832,27.275412,27.284864,27.324999,27.379454,27.470812,27.660717,27.830187,28.017122,28.272308,28.427275,28.456045,28.512798,28.608494,28.673944,28.634983,28.586948,28.655676,28.737452,28.79817,28.82831,28.74602,28.593142,28.454985,28.369566,28.334927,28.376104,28.57807,28.674776,28.705208,28.867023,28.969198,29.040009,29.132376,29.18652,29.215101,29.238007,29.289976,29.391375,29.44263,29.464285,29.450535,29.391811,29.348215,29.296347,29.268696,29.233109,29.23236,29.214539,29.22114,29.206366,29.210491,29.216986,29.218658,29.22893,29.236168,29.25429,29.25227,29.251736,29.238987,29.214828,29.193825,29.189283,29.227833,29.269415,29.26715,29.253927,29.193865,29.031034,28.743406,28.581234,28.451286,28.248632,,,,,,,,,,,,,,,,,,,,,,,,,,,,,,,,,,,,,,,,,,,,,,,,,,,,,,,,,,,,,,,,,,,,,,,,,,,,,,,,,,,,,,,,,,,,,,26.10337,25.971914,25.878841,25.82271,25.784334,25.689245,25.666422,25.655767,25.60948,25.634157,25.895763,26.171022,26.433435,26.719162,26.994566,26.937761,26.877401,27.089298,26.963808,27.006325,26.974358,26.844343,26.744696,26.52435,26.270626,26.264492,26.330215,26.43251,26.523645,26.580149,26.64622,26.684294,26.702175,26.718742,26.705206,26.681456,26.649937,26.597843,26.539639,26.507887,26.613594,26.944324,27.354404,27.667246,27.780338,27.569933,27.173454,26.936184,26.91672,26.944698,26.90669,26.76717,26.622028,26.50514,26.471512,26.44286,26.441084,26.415504,26.329006,26.340637,26.47336,26.612339,26.659586,26.724815,26.801023,26.884895,26.823744,26.699154,26.649584,26.647696,26.497593,26.250294,25.912428,25.658089,25.630148,25.626247,25.594799,25.58103,25.553099,25.541634,25.649012,25.689285,25.579826,25.518501,25.806671,25.999733,27.051579,28.007324,28.16218,28.145855,28.14226,28.117046,28.087767,28.054049,28.00889,27.8838,27.692295,27.605183,27.64412,27.808323,27.93252,27.963512,27.976793,28.009722,28.025759,28.011364,27.971094,27.865047,27.660574,27.463734,27.328238,27.272684,27.246881,27.19768,27.08767,26.949606
16.166672,,,,,,,,,,,,,,,,,,,,,,,,,,,,,,,,,,,,,,,,,,,,,,,,,,,,,,,,26.004656,25.925852,25.899368,25.800264,25.78771,25.890802,25.889217,25.919697,25.938704,25.89518,25.853495,25.803337,25.772297,25.67512,25.547491,25.421932,25.409872,25.502127,25.614151,25.687294,25.754827,25.89776,26.0557,26.130833,26.02205,25.948933,25.926516,25.906685,25.903988,25.934553,25.916086,25.813877,25.89119,26.280964,26.532097,26.620695,26.670736,26.591831,26.524439,26.471878,26.414415,26.344322,26.303467,26.332586,26.37727,26.365866,26.307611,26.110382,25.79209,25.616558,25.623243,25.66238,25.713615,25.71038,25.657324,25.587914,25.521898,25.480297,25.488434,25.55102,25.624575,25.669956,25.675055,25.666666,25.647522,25.634111,25.632685,25.677505,25.72797,25.817076,25.97231,26.152407,26.244297,26.24832,26.316658,26.416695,26.447313,26.546139,26.790483,26.960928,27.042446,27.158016,27.261812,27.338818,27.390074,27.404701,27.422297,27.436863,27.451561,27.46708,27.484087,27.513329,27.54325,27.565048,27.576683,27.570192,27.538528,27.478563,27.393816,27.29227,27.199148,27.129591,27.095007,27.079544,26.969849,26.7001,26.421658,26.267384,26.179785,26.105856,26.045237,25.98761,25.969522,26.010603,26.082508,26.12754,26.17831,26.23213,26.26381,26.258776,26.316004,26.539942,26.75485,26.718039,26.616087,26.538591,26.441956,26.461216,26.518599,26.610094,26.667479,26.709244,26.732838,26.718296,26.69715,26.69172,26.719965,26.723532,26.708658,26.692,26.671835,26.66068,26.631191,26.607042,26.639992,26.712368,26.74381,26.7453,26.70287,26.639072,26.591972,26.591677,26.643202,26.732576,26.828983,26.88093,26.849365,26.815117,26.884798,27.043398,27.177732,27.259752,27.293932,27.203619,27.098186,27.04217,27.00603,26.995625,26.997892,26.992914,26.977024,27.003128,27.027645,27.05588,27.09591,27.132248,27.149647,27.17479,27.18828,27.212654,27.256031,27.270802,27.30821,27.331276,27.342024,27.381147,27.413769,27.476622,27.645891,27.796583,27.948212,28.172192,28.36274,28.414532,28.474472,28.553629,28.558767,28.478613,28.472252,28.56249,28.670177,28.759647,28.83606,28.844257,28.80032,28.750856,28.718967,28.717188,28.754507,28.802094,28.80776,28.728243,28.767345,28.842363,28.89734,28.98794,29.09947,29.198717,29.223553,29.23438,29.335682,29.457682,29.501743,29.534405,29.510218,29.462843,29.408083,29.366924,29.321545,29.295914,29.27317,29.268766,29.245722,29.23839,29.236317,29.232962,29.2344,29.23817,29.259438,29.274908,29.28171,29.261543,29.22735,29.198025,29.194326,29.24328,29.285387,29.285395,29.273245,29.222366,29.100208,28.832985,28.731333,28.553608,28.298199,,,,,,,,,,,,,,,,,,,,,,,,,,,,,,,,,,,,,,,,,,,,,,,,,,,,,,,,,,,,,,,,,,,,,,,,,,,,,,,,,,,,,,,,,,,,,,26.016878,25.899805,25.847626,25.809917,25.797182,25.715761,25.683876,25.629454,25.598246,25.761654,26.175295,26.515198,26.818638,26.952824,26.778597,26.799706,26.818935,26.684954,26.44527,26.463243,26.348188,26.337217,26.343779,26.307598,26.321459,26.434988,26.498486,26.597795,26.671005,26.737083,26.806915,26.826853,26.839066,26.855516,26.85302,26.838894,26.821081,26.786568,26.71685,26.63551,26.586699,26.684706,27.040129,27.451214,27.738352,27.763056,27.337591,27.008823,27.011303,26.994303,26.876808,26.700668,26.587431,26.536434,26.49029,26.412706,26.409824,26.375072,26.26392,26.208105,26.249132,26.422962,26.587433,26.74924,26.819826,26.753885,26.460976,26.292648,26.264868,26.25254,26.142008,25.94625,25.717949,25.660143,25.665043,25.64405,25.646698,25.688026,25.756247,25.833424,25.842014,25.82133,25.65883,25.617731,25.99597,26.285019,27.464798,28.134336,28.145277,28.14249,28.151808,28.12501,28.08875,28.034666,27.99174,27.847553,27.700735,27.66876,27.705896,27.800598,27.826431,27.852108,27.89592,27.972542,28.043001,28.088438,28.088379,28.053339,27.94831,27.804758,27.682114,27.599373,27.546198,27.462303,27.330645,27.183708
16.083336,,,,,,,,,,,,,,,,,,,,,,,,,,,,,,,,,,,,,,,,,,,,,,,,,,,,,,,,25.965616,25.836788,25.828215,25.799095,25.759516,25.872078,25.886955,25.967514,25.974438,25.952377,25.903664,25.838156,25.849714,25.790287,25.66539,25.514801,25.41433,25.409313,25.473888,25.578333,25.688515,25.82249,25.991142,26.12606,26.020332,25.915869,25.90984,25.899832,25.916271,25.93602,25.9017,25.794273,25.9917,26.43212,26.585958,26.660103,26.606167,26.511118,26.469135,26.457182,26.437294,26.378345,26.314718,26.307251,26.35275,26.352253,26.328579,26.232515,25.978699,25.697567,25.593418,25.609934,25.637438,25.652103,25.62231,25.55661,25.485231,25.446518,25.457462,25.518145,25.592005,25.655775,25.682024,25.69136,25.680607,25.66074,25.633493,25.657043,25.70085,25.786255,25.944393,26.138645,26.249516,26.247282,26.298515,26.402018,26.437891,26.522413,26.757952,26.932646,26.998625,27.100603,27.200487,27.274906,27.32454,27.343391,27.365564,27.380295,27.392344,27.409807,27.427242,27.454714,27.488317,27.522156,27.550196,27.566551,27.570097,27.547558,27.484411,27.386023,27.265228,27.1715,27.143448,27.129333,27.06881,26.865143,26.610752,26.44459,26.299654,26.198183,26.093664,26.015284,25.974716,25.96873,26.020044,26.062794,26.127054,26.20633,26.266512,26.275024,26.352123,26.609375,26.773932,26.67894,26.610289,26.509596,26.474718,26.503996,26.570305,26.633696,26.661566,26.683529,26.698671,26.688875,26.674627,26.682573,26.728497,26.748196,26.73974,26.725023,26.717615,26.707462,26.694595,26.66157,26.630915,26.62226,26.63517,26.684559,26.705997,26.709068,26.68405,26.657408,26.654408,26.684776,26.731941,26.777534,26.781796,26.74867,26.73603,26.805702,26.97781,27.166454,27.310265,27.367647,27.382568,27.33514,27.256472,27.205414,27.175676,27.149176,27.138199,27.136349,27.134249,27.141663,27.149551,27.15512,27.162186,27.164791,27.180445,27.220242,27.279766,27.315104,27.365116,27.38736,27.382969,27.419746,27.438393,27.47746,27.627438,27.752953,27.855997,28.01349,28.210737,28.310705,28.379847,28.44895,28.427288,28.344765,28.342808,28.467194,28.602507,28.691793,28.799809,28.861721,28.864305,28.86334,28.866941,28.878643,28.863255,28.856627,28.858166,28.838196,28.804855,28.774992,28.813213,28.826422,28.934175,29.125378,29.215937,29.215433,29.27006,29.418762,29.492264,29.535488,29.55408,29.536118,29.505966,29.460571,29.414835,29.38984,29.35864,29.339249,29.310804,29.288042,29.269794,29.261402,29.251118,29.249716,29.263508,29.286705,29.312428,29.297535,29.255297,29.210379,29.195763,29.241243,29.287878,29.30287,29.297892,29.262419,29.183893,29.005165,28.934853,28.717987,28.393843,,,,,,,,,,,,,,,,,,,,,,,,,,,,,,,,,,,,,,,,,,,,,,,,,,,,,,,,,,,,,,,,,,,,,,,,,,,,,,,,,,,,,,,,,,,,,26.06108,25.9695,25.919565,25.877472,25.829668,25.849669,25.7977,25.748129,25.749508,25.796993,26.068146,26.536026,26.856657,26.954409,26.794409,26.564432,26.604004,26.503254,26.372509,26.3861,26.355171,26.309307,26.362535,26.405458,26.442766,26.541431,26.606546,26.632107,26.709078,26.771574,26.819576,26.879383,26.887508,26.903093,26.922497,26.936888,26.952145,26.945925,26.92042,26.860023,26.786837,26.683397,26.629671,26.813925,27.226795,27.593191,27.81433,27.67521,27.172647,27.051043,27.039906,26.972857,26.858189,26.705128,26.592432,26.512901,26.415518,26.399754,26.381287,26.289358,26.204033,26.155045,26.219835,26.29683,26.427376,26.342972,26.154812,25.987123,25.937372,25.943497,25.953522,25.861763,25.754774,25.697891,25.7056,25.689978,25.674177,25.763311,25.944723,26.12351,26.128832,26.037931,25.961266,25.74271,25.76584,26.018227,26.389526,27.536283,28.115557,28.037548,28.105005,28.13621,28.14407,28.115896,28.051104,28.006372,27.931093,27.789764,27.754774,27.77548,27.80103,27.785736,27.836231,27.895796,27.965895,28.037062,28.077606,28.10546,28.10124,28.075436,28.02661,27.953009,27.867846,27.798428,27.738058,27.626566,27.434368
16.0,,,,,,,,,,,,,,,,,,,,,,,,,,,,,,,,,,,,,,,,,,,,,,,,,,,,,,,,26.01647,25.834135,25.786915,25.746,25.680298,25.825338,25.86104,25.902092,25.879574,25.90781,25.93685,25.94792,25.980389,25.98288,25.895487,25.710701,25.52264,25.424017,25.405458,25.483671,25.612293,25.749441,25.905842,26.095467,26.062845,25.905521,25.86642,25.840488,25.853884,25.862669,25.823235,25.812935,26.05734,26.477436,26.63265,26.630558,26.494698,26.369865,26.345812,26.374907,26.428328,26.422941,26.36371,26.3088,26.321196,26.336342,26.311195,26.276756,26.140915,25.87443,25.640646,25.576574,25.589382,25.591862,25.568764,25.517704,25.467548,25.426329,25.43347,25.48464,25.554691,25.625063,25.667356,25.689451,25.693523,25.674751,25.642412,25.64272,25.681074,25.765657,25.928139,26.132387,26.256983,26.2491,26.279716,26.384195,26.4246,26.489346,26.710758,26.893341,26.949966,27.037668,27.126928,27.190863,27.23723,27.260254,27.289944,27.307196,27.31905,27.337336,27.355518,27.382126,27.412764,27.446732,27.481594,27.511917,27.537422,27.552973,27.548252,27.505037,27.407036,27.282387,27.197235,27.155819,27.129852,26.995485,26.751818,26.570429,26.475266,26.344023,26.226704,26.10002,26.012405,25.9609,25.982265,26.008942,26.076351,26.172348,26.258825,26.277718,26.381697,26.672058,26.757854,26.676428,26.620861,26.550665,26.475487,26.512022,26.599127,26.661669,26.6837,26.70797,26.726206,26.709715,26.688494,26.683002,26.718685,26.756624,26.782028,26.805298,26.830502,26.8414,26.842197,26.82515,26.784477,26.73506,26.679092,26.655548,26.646255,26.675581,26.705599,26.714226,26.706974,26.709927,26.715958,26.736082,26.755466,26.75805,26.729132,26.697315,26.813257,27.007425,27.24118,27.381739,27.435545,27.421902,27.402807,27.381271,27.34077,27.293495,27.245125,27.207981,27.18667,27.170864,27.16337,27.160992,27.154587,27.146528,27.159988,27.206879,27.28332,27.353758,27.397852,27.421854,27.427505,27.464153,27.47111,27.480959,27.598711,27.70708,27.788784,27.851837,28.017607,28.155865,28.265825,28.356,28.33264,28.238174,28.227247,28.36766,28.511307,28.615147,28.756823,28.858633,28.882305,28.905718,28.913784,28.898363,28.860638,28.871939,28.872528,28.875212,28.869652,28.856096,28.891039,28.822107,28.79323,28.946444,29.138317,29.219292,29.22567,29.329525,29.455599,29.487576,29.506073,29.507332,29.497,29.483011,29.45834,29.431437,29.41865,29.395916,29.370573,29.34351,29.30363,29.284323,29.278687,29.27888,29.278698,29.301155,29.332104,29.339151,29.292202,29.241919,29.206913,29.233057,29.284819,29.312668,29.310696,29.289024,29.250004,29.176125,29.075073,28.849207,28.525124,,,,,,,,,,,,,,,,,,,,,,,,,,,,,,,,,,,,,,,,,,,,,,,,,,,,,,,,,,,,,,,,,,,,,,,,,,,,,,,,,,,,,,,,,,,,,26.046465,25.955158,25.967775,25.951532,25.948244,25.978159,25.943886,25.899487,25.9917,26.139898,26.442293,26.834095,26.952877,26.889633,26.717958,26.515705,26.444496,26.352438,26.387331,26.504816,26.49963,26.500362,26.571472,26.580702,26.591461,26.654888,26.708025,26.734776,26.802671,26.83887,26.88629,26.91445,26.927227,26.949278,26.972347,26.998766,27.029062,27.030163,27.021729,26.975628,26.904503,26.81572,26.676577,26.700129,27.043867,27.452473,27.76711,27.751375,27.239464,27.048622,27.100851,27.083666,26.999346,26.80994,26.633287,26.54886,26.408634,26.391449,26.393261,26.350754,26.267694,26.183802,26.146399,26.078241,26.069399,25.97794,25.898815,25.873903,25.840796,25.83782,25.816778,25.783901,25.74415,25.744253,25.73301,25.737955,25.783613,25.964266,26.227331,26.362677,26.343042,26.235348,26.088898,25.859585,26.057032,26.049604,26.353018,27.504751,27.996563,27.698397,27.999374,28.031168,28.124311,28.132978,28.066217,28.002789,28.014618,27.936987,27.862114,27.827208,27.81345,27.833904,27.92727,28.034481,28.090328,28.115314,28.109169,28.127562,28.118198,28.097208,28.087542,28.070019,28.024986,27.971962,27.91068,27.845116,27.666769
15.916672,,,,,,,,,,,,,,,,,,,,,,,,,,,,,,,,,,,,,,,,,,,,,,,,,,,,,,,,26.009745,25.842619,25.739492,25.675684,25.671753,25.821602,25.869219,25.797815,25.745274,25.75083,25.805483,25.87298,25.93389,25.976562,25.946712,25.825459,25.687977,25.551374,25.452497,25.42858,25.512938,25.664633,25.799911,26.001598,26.116264,25.99021,25.871916,25.831387,25.810133,25.81647,25.831324,25.88738,26.170328,26.486687,26.619915,26.54592,26.311106,26.158539,26.121483,26.197374,26.32826,26.424469,26.42958,26.364555,26.316244,26.32311,26.30591,26.261293,26.215319,26.061907,25.804815,25.604536,25.550642,25.563545,25.549372,25.493355,25.440641,25.402853,25.401466,25.439007,25.50273,25.57541,25.630066,25.662832,25.676603,25.668736,25.648912,25.634436,25.666933,25.754507,25.917784,26.126299,26.26346,26.252357,26.259369,26.364008,26.410973,26.453234,26.654425,26.84924,26.90548,26.980204,27.060762,27.112549,27.152979,27.177029,27.21003,27.231497,27.246416,27.267939,27.28674,27.309958,27.336538,27.365488,27.391903,27.425508,27.457409,27.482275,27.507544,27.52721,27.516865,27.451403,27.34424,27.237967,27.197428,27.098602,26.887411,26.634926,26.561308,26.47708,26.367922,26.24573,26.115553,26.019142,25.998814,25.997618,26.050833,26.152508,26.255167,26.273851,26.425669,26.737131,26.730942,26.70602,26.654566,26.554132,26.470888,26.560783,26.651659,26.703423,26.724274,26.746485,26.753826,26.724537,26.690887,26.672405,26.699507,26.746477,26.807095,26.87753,26.953154,27.007042,27.03923,27.054739,27.042913,27.001564,26.920479,26.82353,26.72468,26.67131,26.668104,26.688503,26.714014,26.728785,26.74347,26.759712,26.784594,26.797686,26.769396,26.698376,26.77195,26.976068,27.248535,27.415188,27.45563,27.426434,27.386728,27.360601,27.326944,27.28714,27.238361,27.19706,27.164877,27.162071,27.184652,27.201368,27.193132,27.171732,27.177422,27.224678,27.306587,27.386189,27.407944,27.460032,27.50397,27.522755,27.52285,27.499655,27.563494,27.670254,27.75444,27.748663,27.847124,27.988468,28.125513,28.264927,28.280418,28.160673,28.106777,28.215303,28.361225,28.494608,28.666876,28.820656,28.88622,28.932941,28.94634,28.913105,28.889061,28.89522,28.880823,28.906223,28.932592,28.95402,29.011724,28.979826,28.761509,28.733868,28.907248,29.09959,29.185398,29.243801,29.362541,29.423563,29.433783,29.41716,29.396786,29.381828,29.371868,29.354265,29.3615,29.373789,29.373217,29.355211,29.3186,29.283905,29.288635,29.305244,29.303335,29.32019,29.344957,29.367157,29.336287,29.280106,29.232145,29.231937,29.272844,29.307169,29.311962,29.28624,29.256117,29.217207,29.12058,28.932827,28.674015,28.481827,,,,,,,,,,,,,,,,,,,,,,,,,,,,,,,,,,,,,,,,,,,,,,,,,,,,,,,,,,,,,,,,,,,,,,,,,,,,,,,,,,,,,,,,,,,26.145786,26.014172,26.011639,26.021334,26.024164,26.027899,26.11867,26.134935,26.092133,26.20566,26.379831,26.607395,26.814398,26.786886,26.782211,26.71442,26.576668,26.423313,26.361456,26.489168,26.596762,26.605814,26.607763,26.661276,26.669422,26.667353,26.70731,26.77593,26.817867,26.851353,26.865774,26.897263,26.907503,26.920805,26.947292,26.974924,27.007435,27.055187,27.06916,27.06615,27.024426,26.989252,26.94639,26.790838,26.661112,26.859863,27.31206,27.680372,27.756355,27.274122,27.014568,27.072268,27.134077,27.107462,26.876703,26.667404,26.592516,26.411839,26.357182,26.372677,26.387438,26.33513,26.258688,26.1861,26.106878,26.051823,25.983158,25.935469,25.910362,25.881207,25.862722,25.83336,25.81998,25.804937,25.79252,25.761219,25.799458,25.948748,26.193832,26.267326,26.233814,26.358738,26.441006,26.37171,26.189497,26.408543,26.005968,26.423536,27.519924,27.665031,27.324448,27.750423,27.797842,27.992443,28.102915,28.093813,28.019218,28.02496,28.03738,27.96036,27.914774,27.865005,27.918001,28.035334,28.118954,28.163343,28.168362,28.160053,28.155327,28.146036,28.124979,28.113867,28.11484,28.098017,28.067656,28.011673,27.961975,27.822777
15.833336,,,,,,,,,,,,,,,,,,,,,,,,,,,,,,,,,,,,,,,,,,,,,,,,,,,,,,,,25.990583,25.806602,25.692146,25.632458,25.721684,25.82248,25.797956,25.658367,25.609833,25.629118,25.679922,25.742636,25.8135,25.886633,25.94636,25.929897,25.841225,25.714317,25.5821,25.476923,25.457138,25.563614,25.690475,25.833523,26.040419,26.086735,25.970762,25.916069,25.880266,25.879187,25.887241,25.974463,26.302197,26.514048,26.56482,26.40803,26.095327,25.922306,25.870071,25.963732,26.127388,26.305208,26.42547,26.44112,26.372095,26.32448,26.32489,26.283817,26.22098,26.156118,26.000725,25.767555,25.579416,25.52118,25.530855,25.514597,25.4724,25.428898,25.409851,25.42182,25.464855,25.524393,25.580187,25.615526,25.636644,25.64794,25.646084,25.633234,25.66088,25.749853,25.911663,26.116825,26.266256,26.259407,26.24186,26.341768,26.398125,26.412283,26.582026,26.79156,26.860575,26.925436,27.004454,27.050083,27.087212,27.113743,27.146494,27.166872,27.183386,27.210114,27.230694,27.254877,27.278654,27.30456,27.328352,27.341108,27.368504,27.389313,27.407253,27.452208,27.492075,27.500257,27.466324,27.38643,27.316456,27.234138,27.036602,26.686892,26.511103,26.54875,26.455635,26.360188,26.235598,26.122305,26.05674,26.020948,26.049809,26.152956,26.254377,26.279272,26.50702,26.789984,26.733566,26.733908,26.68866,26.548426,26.49452,26.596205,26.672447,26.72845,26.755255,26.78536,26.792618,26.75965,26.715548,26.695856,26.713552,26.746677,26.80611,26.884998,26.980713,27.069954,27.14334,27.206234,27.241495,27.253963,27.229801,27.155636,27.01824,26.862936,26.736637,26.681158,26.68151,26.693787,26.721842,26.757132,26.817598,26.83742,26.808266,26.750727,26.857672,27.094627,27.338463,27.465494,27.46581,27.407238,27.34088,27.296398,27.25752,27.2143,27.157917,27.127148,27.144266,27.21452,27.289675,27.322006,27.308311,27.282217,27.282091,27.313784,27.372705,27.428978,27.47154,27.552156,27.584345,27.581123,27.584217,27.545456,27.535744,27.630245,27.722713,27.715538,27.745573,27.85068,27.985283,28.148682,28.234003,28.135294,28.017635,28.05998,28.188303,28.320747,28.5141,28.730682,28.855762,28.926838,28.956728,28.941944,28.938013,28.924622,28.897198,28.913567,28.932396,28.975433,29.036121,29.01369,28.788021,28.66983,28.70552,28.8333,29.03018,29.151329,29.239923,29.325829,29.36638,29.36119,29.325163,29.27745,29.241545,29.231045,29.23203,29.26484,29.296423,29.317888,29.308483,29.278383,29.285067,29.316885,29.331535,29.34138,29.369638,29.380516,29.379686,29.332579,29.271893,29.244,29.264923,29.298874,29.315815,29.298002,29.263689,29.22421,29.161644,29.027126,28.82464,28.644194,28.431992,28.222424,,,,,,,,,,,,,,,,,,,,,,,,,,,,,,,,,,,,,,,,,,,,,,,,,,,,,,,,,,,,,,,,,,,,,,,,,,,,,,,,,26.38313,26.32728,26.311253,26.252365,26.236994,,,26.161749,26.086763,25.979277,26.062668,26.11176,26.053226,26.035994,26.173248,26.246504,26.249643,26.344902,26.462563,26.566286,26.653883,26.635225,26.691534,26.725021,26.671509,26.476341,26.386082,26.504595,26.620333,26.633444,26.665512,26.703733,26.731659,26.730143,26.723629,26.804455,26.861528,26.864084,26.865833,26.89094,26.899263,26.920628,26.948126,26.97155,26.999292,27.055645,27.072536,27.053595,26.991428,26.987972,27.013433,26.923965,26.703184,26.71657,27.149078,27.564085,27.841257,27.282452,26.954697,26.996613,27.100225,27.091265,26.950699,26.717072,26.6309,26.449976,26.347094,26.32619,26.355673,26.354208,26.308895,26.24424,26.181005,26.112143,26.06217,26.017567,25.982807,25.941643,25.904139,25.881605,25.844805,25.83027,25.807144,25.798132,25.89778,26.148325,26.236563,26.016071,25.861532,25.993402,26.30334,26.401043,26.388142,26.400566,25.932484,26.395315,27.410507,27.39814,27.238253,27.467045,27.606438,27.806808,27.977242,28.093927,28.074133,28.014246,28.042149,28.02055,27.99253,27.935133,28.016424,28.08996,28.139505,28.169561,28.179634,28.16948,28.15453,28.128723,28.13126,28.142397,28.152143,28.141886,28.131477,28.10023,28.027,27.89113
15.75,,,,,,,,,,,,,,,,,,,,,,,,,,,,,,,,,,,,,,,,,,,,,,,,,,,,,,,,25.97643,25.759026,25.672,25.67821,25.805706,25.818659,25.661627,25.548203,25.499233,25.526947,25.580444,25.640217,25.71584,25.797092,25.877163,25.92829,25.912273,25.839794,25.705847,25.583826,25.488441,25.49049,25.595234,25.67687,25.816301,25.991451,25.993319,25.925201,25.905075,25.90032,25.905285,26.121967,26.418756,26.538471,26.510462,26.256512,25.93306,25.782997,25.75406,25.836798,25.98123,26.141773,26.29852,26.425272,26.45681,26.380627,26.33209,26.332989,26.279257,26.198856,26.107548,25.958843,25.755411,25.579527,25.5062,25.489792,25.486675,25.47132,25.456753,25.452925,25.468437,25.505913,25.552908,25.592806,25.625029,25.648098,25.652763,25.653448,25.665867,25.74736,25.906422,26.106493,26.266407,26.27106,26.230122,26.31794,26.387901,26.374802,26.495245,26.712234,26.806673,26.863045,26.945513,26.99282,27.02893,27.054724,27.086832,27.11087,27.130274,27.156467,27.178705,27.203503,27.22929,27.256786,27.285686,27.309093,27.309395,27.322187,27.31172,27.330263,27.3868,27.453468,27.48985,27.479902,27.413918,27.3742,27.221155,26.84515,26.411705,26.466497,26.494278,26.409845,26.308886,26.206242,26.1144,26.05566,26.070517,26.171598,26.244629,26.285278,26.594936,26.798414,26.760412,26.768045,26.700283,26.57345,26.523989,26.615831,26.702682,26.766283,26.79732,26.832129,26.83643,26.79865,26.748178,26.730795,26.7551,26.783493,26.831425,26.883608,26.95646,27.054619,27.137197,27.19791,27.238016,27.281034,27.335167,27.37567,27.348057,27.229008,27.033468,26.8391,26.73174,26.686893,26.677834,26.703598,26.787912,26.83716,26.840221,26.857351,27.008772,27.258083,27.447535,27.512568,27.484375,27.389406,27.309393,27.248093,27.185776,27.108562,27.073875,27.130106,27.24422,27.357134,27.4287,27.440348,27.426466,27.413145,27.413622,27.435165,27.483564,27.552298,27.65123,27.727743,27.742077,27.715515,27.678242,27.635283,27.568464,27.566118,27.65582,27.714241,27.706709,27.759258,27.874073,28.020369,28.156698,28.163609,28.003708,27.98724,28.076826,28.183723,28.362305,28.580544,28.754374,28.868172,28.941706,28.96151,28.971905,28.953478,28.931267,28.916985,28.887178,28.894156,28.891146,28.870844,28.778687,28.718542,28.693169,28.69478,28.800356,28.964825,29.089376,29.207657,29.281404,29.309431,29.305485,29.258965,29.189037,29.176128,29.165321,29.175764,29.209229,29.2567,29.27929,29.266592,29.271488,29.319942,29.341738,29.36551,29.402464,29.413645,29.417694,29.389257,29.327967,29.27971,29.268518,29.290688,29.31421,29.311922,29.288,29.248901,29.200535,29.08702,28.89753,28.691597,28.458195,28.147173,,,,,,,,,,,,,,,,,,,,,,,,,,,,,,,,,,,,,,,,,,,,,,,,,,,,,,,,,,,,,,,,,,,,,,,,,,,,,,,26.546818,26.439896,26.337252,26.247978,26.17861,26.114214,26.057512,26.039694,26.036055,26.082323,26.071888,26.068935,26.154762,26.18369,26.120289,26.134106,26.178757,26.237516,26.268948,26.361998,26.449121,26.50946,26.560524,26.600443,26.681105,26.73465,26.750683,26.609781,26.433706,26.464796,26.58508,26.637445,26.70418,26.739637,26.794497,26.818357,26.77453,26.809202,26.850624,26.834702,26.85092,26.880053,26.895317,26.925339,26.953625,26.97944,26.997318,27.04735,27.069788,27.038874,26.966177,26.941776,26.992754,26.994507,26.788128,26.652227,27.019142,27.476843,27.781105,27.2055,26.93154,26.920258,27.018335,27.022924,26.975714,26.783442,26.700508,26.562462,26.38645,26.326157,26.32781,26.334185,26.330372,26.297876,26.246574,26.193024,26.13288,26.077261,26.024462,25.96872,25.92217,25.90348,25.862988,25.856092,25.87557,25.947113,26.111898,26.267128,26.022036,25.788029,25.70046,25.696413,25.933481,26.057138,26.105474,26.03968,25.79014,26.104534,27.045412,27.311731,27.213383,27.40153,27.575375,27.776712,27.95817,28.075232,28.119965,28.05468,28.038372,28.03555,28.029037,27.981417,28.080275,28.108145,28.160118,28.204317,28.212755,28.18676,28.133015,28.048544,28.054863,28.104092,28.136326,28.15669,28.159056,28.151655,28.09358,27.95502
15.666672,,,,,,,,,,,,,,,,,,,,,,,,,,,,,,,,,,,,,,,,,,,,,,,,,,,,,,,,25.945902,25.70056,25.647743,25.758139,25.835737,25.740215,25.561607,25.491753,25.463764,25.496,25.537586,25.579538,25.63808,25.718618,25.80411,25.880909,25.911854,25.891838,25.799282,25.67667,25.554293,25.473228,25.51755,25.581236,25.618406,25.72949,25.842682,25.851063,25.877932,25.926394,26.012232,26.2614,26.481016,26.524797,26.442343,26.138874,25.880274,25.784792,25.799492,25.91001,26.041193,26.144089,26.219124,26.303856,26.431604,26.475777,26.39001,26.333937,26.347221,26.296402,26.20411,26.0877,25.94115,25.760868,25.607344,25.509642,25.4699,25.4646,25.475704,25.488386,25.501696,25.528868,25.566168,25.606453,25.641111,25.662392,25.667809,25.669024,25.676224,25.74956,25.903553,26.096426,26.263802,26.286232,26.22686,26.293411,26.382229,26.352228,26.40298,26.605911,26.73543,26.786772,26.866077,26.916666,26.952093,26.976393,27.009933,27.040241,27.070625,27.104382,27.128815,27.150908,27.174017,27.202478,27.239943,27.275925,27.301329,27.290485,27.271635,27.246357,27.255896,27.327019,27.409939,27.464027,27.461843,27.44127,27.356005,27.082836,26.585686,26.317074,26.47381,26.40829,26.323843,26.236193,26.148195,26.089052,26.108437,26.200867,26.22742,26.315966,26.680801,26.780083,26.78844,26.787104,26.70573,26.61054,26.56437,26.629389,26.721653,26.79977,26.842636,26.882698,26.885637,26.843332,26.788464,26.767466,26.806816,26.860855,26.918005,26.963778,27.034977,27.096783,27.10591,27.076159,27.04661,27.069294,27.154032,27.282326,27.4041,27.453842,27.381752,27.180819,26.960192,26.80316,26.70563,26.676424,26.728922,26.790857,26.845877,26.955996,27.150711,27.390965,27.527199,27.548819,27.499235,27.397417,27.316359,27.237595,27.140804,27.057165,27.113445,27.243542,27.364058,27.459362,27.512222,27.525505,27.527494,27.54113,27.561,27.596996,27.69062,27.782854,27.863024,27.899921,27.894043,27.847647,27.78402,27.751371,27.667671,27.589529,27.598307,27.699516,27.696285,27.720718,27.800785,27.923418,28.05398,28.16308,28.0633,27.99591,28.055998,28.13902,28.249529,28.415419,28.59078,28.737755,28.853426,28.931662,28.967585,28.97742,28.977768,28.975208,28.95743,28.933052,28.889896,28.86269,28.84009,28.8063,28.773432,28.739677,28.727291,28.808159,28.935892,29.066685,29.17612,29.239004,29.258322,29.233335,29.188776,29.183813,29.175428,29.163332,29.164026,29.198309,29.23178,29.233662,29.255928,29.31095,29.337757,29.374369,29.42957,29.459715,29.452215,29.430904,29.38805,29.33923,29.303999,29.307842,29.31736,29.317654,29.293343,29.257948,29.230883,29.148426,28.962194,28.733812,28.512306,28.231352,28.089375,,,,,,,,,,,,,,,,,,,,,,,,,,,,,,,,,,,,,,,,,,,,,,,,,,,,,,,,,,,,,,,,,,,,,,,,,,,,,,26.553875,26.416931,26.27659,26.212742,26.185343,26.168432,26.135973,26.082228,26.059359,26.045076,26.065008,26.0977,26.208015,26.206957,26.1644,26.211882,26.219326,26.242832,26.217045,26.330036,26.42244,26.484911,26.539526,26.615248,26.689268,26.732077,26.757238,26.741016,26.559877,26.42405,26.498812,26.578115,26.691614,26.738752,26.820889,26.87768,26.855585,26.842999,26.861242,26.8089,26.842638,26.858997,26.876314,26.89841,26.936785,26.98101,26.997236,27.027195,27.064274,27.07094,27.003674,26.916733,26.936674,26.969341,26.823433,26.659391,26.951063,27.40368,27.74392,27.305254,27.030396,26.898272,27.011375,26.979721,26.984047,26.882582,26.825432,26.683208,26.465319,26.356045,26.312754,26.313997,26.323439,26.3275,26.282768,26.237698,26.162645,26.096354,26.048437,26.003437,25.97438,25.973454,25.96572,25.997032,26.054802,26.154364,26.20861,26.086914,25.828135,25.760576,25.751698,25.729969,25.778273,25.822575,25.839088,25.834232,25.746029,25.918009,26.600452,27.112879,27.072832,27.293901,27.607933,27.839857,28.047628,28.08411,28.114693,28.11436,28.052507,28.042542,28.0636,28.046108,28.07753,28.122778,28.198698,28.238792,28.237944,28.19494,28.075352,27.90226,27.899143,27.955696,28.044563,28.123383,28.147303,28.160086,28.15027,28.05088
15.583336,,,,,,,,,,,,,,,,,,,,,,,,,,,,,,,,,,,,,,,,,,,,,,,,,,,,,26.073957,25.980772,25.901499,25.884659,25.617666,25.680832,25.811497,25.780628,25.617176,25.549498,25.483665,25.500921,25.525745,25.548315,25.575203,25.611546,25.677578,25.76076,25.842455,25.891935,25.90019,25.851717,25.743378,25.607363,25.487114,25.473166,25.531017,25.532495,25.55079,25.65964,25.815123,25.903183,26.005678,26.140633,26.34477,26.494434,26.502008,26.356392,26.075905,25.900019,25.834831,25.869976,25.99442,26.156012,26.283361,26.329687,26.319033,26.325485,26.449945,26.495121,26.387886,26.339224,26.361689,26.332886,26.236412,26.106514,25.948551,25.788616,25.644047,25.53367,25.471788,25.4554,25.472357,25.498484,25.53106,25.566374,25.600595,25.625895,25.646675,25.655931,25.657955,25.676376,25.758934,25.90628,26.091461,26.263561,26.305468,26.233412,26.268106,26.374556,26.350725,26.324022,26.475594,26.634733,26.691021,26.756332,26.805576,26.834518,26.854776,26.885927,26.925512,26.972687,27.029175,27.07925,27.1126,27.133797,27.153032,27.194714,27.224615,27.279737,27.28081,27.255207,27.22137,27.191242,27.211023,27.29128,27.374125,27.44357,27.44904,27.423996,27.274742,26.891304,26.293642,26.342896,26.378288,26.3062,26.228664,26.168188,26.127647,26.15563,26.216337,26.211468,26.36793,26.743921,26.764631,26.817993,26.794737,26.724977,26.64147,26.585196,26.624125,26.71324,26.816717,26.87657,26.935873,26.943964,26.902527,26.833263,26.793915,26.840008,26.925789,27.003664,27.080904,27.130272,27.10521,27.006805,26.857359,26.808199,26.842978,26.93913,27.081425,27.249868,27.414316,27.501446,27.454655,27.27519,27.050154,26.853056,26.735437,26.711813,26.73179,26.812574,26.997576,27.243067,27.459324,27.569841,27.580011,27.515392,27.419388,27.353067,27.251207,27.099129,27.086731,27.19765,27.33238,27.438017,27.531174,27.585836,27.61241,27.643066,27.678705,27.706837,27.769867,27.867682,27.965685,28.032946,28.046139,28.011906,27.94642,27.883524,27.855114,27.789558,27.686296,27.596663,27.646255,27.688004,27.71143,27.765167,27.874762,27.97303,28.097313,28.112774,28.049751,28.089987,28.158625,28.21035,28.308712,28.452457,28.573214,28.69372,28.827734,28.88735,28.920858,28.938484,28.984,29.02025,29.033178,29.017487,28.990257,28.985899,28.922691,28.864004,28.809633,28.766117,28.779219,28.864218,28.978687,29.09073,29.171793,29.212023,29.21024,29.195736,29.193317,29.184889,29.168682,29.159475,29.149979,29.174572,29.18943,29.23449,29.29482,29.334187,29.374132,29.44447,29.5017,29.504671,29.474781,29.43652,29.402985,29.371767,29.346952,29.340723,29.330822,29.298548,29.25834,29.240356,29.219887,29.09341,28.875446,28.662312,28.412874,28.179039,,,,,,,,,,,,,,,,,,,,,,,,,,,,,,,,,,,,,,,,,,,,,,,,,,,,,,,,,,,,,,,,,,,,,,,,,,,,,,26.53703,26.384542,26.277744,26.255041,26.24457,26.320473,26.314392,26.225536,26.296246,26.2395,26.180117,26.158257,26.093435,26.088,26.117895,26.09324,26.13106,26.219774,26.263727,26.333845,26.363375,26.438305,26.521723,26.621313,26.713123,26.746735,26.757618,26.767754,26.730425,26.505678,26.525196,26.514387,26.672869,26.72375,26.817467,26.922085,26.928717,26.88162,26.856476,26.797472,26.815804,26.82734,26.84977,26.858084,26.899866,26.961761,26.996765,27.01641,27.057957,27.100403,27.080738,26.958162,26.89205,26.924524,26.819775,26.705656,26.921373,27.369486,27.702188,27.662472,27.266254,26.921762,27.04211,26.989891,27.003544,26.976858,26.933716,26.797567,26.540955,26.384146,26.303303,26.283978,26.301136,26.31716,26.302097,26.241106,26.156633,26.088827,26.059126,26.035301,26.042086,26.056862,26.057447,26.064777,26.0824,26.097956,26.016638,25.889324,25.834723,25.856976,25.868656,25.864588,25.879866,25.851484,25.842163,25.894575,25.8133,25.948385,26.413603,26.753447,26.851734,27.140417,27.530785,27.82167,28.03316,28.09557,28.098017,28.14002,28.112616,28.101858,28.11232,28.114317,28.10602,28.163654,28.221346,28.253952,28.249798,28.1884,27.980595,27.849106,27.864368,27.901947,27.96831,28.053728,28.125917,28.158773,28.169535,28.128551
15.5,,,,,,,,,,,,,,,,,,,,,,,,,,,,,,,,,,,,,,,,,,,,,,,,,,,26.231724,26.20199,26.021872,25.911621,25.842909,25.78923,25.594078,25.789455,25.799625,25.671091,25.608812,25.577034,25.542437,25.555088,25.578983,25.59609,25.603096,25.613218,25.657223,25.745663,25.830236,25.880192,25.893469,25.861027,25.77659,25.6382,25.511549,25.451422,25.478392,25.48921,25.481339,25.598738,25.816288,25.966438,26.101377,26.242262,26.395063,26.487444,26.45149,26.254877,26.033066,25.910854,25.856976,25.889305,25.98575,26.131336,26.28887,26.41069,26.475714,26.403057,26.356579,26.47976,26.514797,26.393688,26.34301,26.37179,26.36473,26.28708,26.154072,25.999342,25.844702,25.699692,25.579819,25.496687,25.456615,25.455446,25.483576,25.522858,25.56178,25.587309,25.611818,25.627346,25.645658,25.688623,25.776075,25.914566,26.095476,26.268946,26.330128,26.252136,26.244867,26.358473,26.377613,26.288013,26.336256,26.494907,26.569725,26.612192,26.650036,26.664968,26.671833,26.686531,26.729635,26.798004,26.886446,26.98332,27.065697,27.107964,27.131155,27.165558,27.217852,27.257965,27.266193,27.256985,27.226332,27.182264,27.152397,27.197733,27.27564,27.363699,27.41666,27.426456,27.373228,27.098833,26.530075,26.23037,26.319159,26.275238,26.21334,26.190088,26.171926,26.199488,26.209816,26.206778,26.453049,26.76829,26.7759,26.829515,26.79922,26.748686,26.66823,26.608416,26.615808,26.695103,26.793436,26.868956,26.959093,26.994335,26.967192,26.891262,26.825909,26.856604,26.952114,27.034676,27.11649,27.09303,26.948254,26.793297,26.676842,26.72335,26.790104,26.889189,27.012373,27.147915,27.309036,27.459442,27.544325,27.50015,27.319529,27.076014,26.878044,26.762129,26.719925,26.771132,26.973457,27.254908,27.46853,27.562647,27.580471,27.525349,27.45035,27.390741,27.263224,27.097118,27.139599,27.268187,27.408934,27.505692,27.586864,27.628517,27.67757,27.719467,27.752037,27.798445,27.87168,27.98247,28.116959,28.222301,28.263863,28.227198,28.13644,28.042595,27.966429,27.898539,27.779629,27.659012,27.6103,27.672,27.706732,27.750893,27.834312,27.932524,28.040787,28.114332,28.113737,28.1292,28.217815,28.258478,28.319193,28.43403,28.47694,28.553455,28.675558,28.750761,28.780373,28.787212,28.846954,28.938246,29.022577,29.067572,29.067316,29.106035,29.043001,28.980104,28.888334,28.809425,28.792414,28.832985,28.93281,29.043001,29.12795,29.184755,29.211481,29.211927,29.215403,29.194744,29.162506,29.137836,29.121174,29.12044,29.133635,29.199133,29.27279,29.322338,29.360722,29.434624,29.519203,29.549679,29.527903,29.48981,29.45646,29.420208,29.392595,29.36875,29.348713,29.310839,29.265512,29.236198,29.237692,29.190966,29.012009,28.789173,28.540064,28.299,,,,,,,,,,,,,,,,,,,,,,,,,,,,,,,,,,,,,,,,,,,,,,,,,,,,,,,,,,,,,,,,,,,,,,,,,,,,,26.513872,26.466658,26.345081,26.289312,26.315487,26.426899,26.491001,26.618929,26.664867,26.75186,26.710873,26.672905,26.59743,26.491636,26.442034,26.492426,26.409521,26.331596,26.229008,26.217712,26.267557,26.350712,26.417574,26.50649,26.614712,26.70015,26.761377,26.76901,26.778866,26.78398,26.708273,26.608978,26.532475,26.671879,26.709635,26.806206,26.93507,26.982971,26.925234,26.823515,26.789629,26.790926,26.791723,26.810352,26.803795,26.837362,26.918156,26.986397,27.020395,27.050669,27.121597,27.159834,27.045744,26.90529,26.890116,26.809355,26.74808,26.9474,27.392881,27.641605,27.833118,27.363234,26.99009,27.059082,27.004705,27.051493,27.0566,27.044138,26.89796,26.646626,26.45803,26.311749,26.250387,26.253061,26.277779,26.296696,26.252043,26.143896,26.060152,26.052525,26.067844,26.060217,26.011389,25.970865,25.94062,25.932013,25.922802,25.912104,25.912807,25.960873,25.979656,25.98497,25.975662,25.971497,25.943935,25.950005,25.932169,25.916737,26.16405,26.473734,26.663843,26.84461,27.136158,27.458042,27.784496,27.97749,28.074537,28.100164,28.135693,28.13929,28.140057,28.142128,28.144903,28.15265,28.183437,28.239527,28.272362,28.268845,28.191196,27.986822,27.927597,27.944681,27.956022,27.97724,28.034937,28.120735,28.167442,28.191896,28.177582
15.416672,,,,,,,,,,,,,,,,,,,,,,,,,,,,,,,,,,,,,,,,,,,,,,,,,26.256725,26.18225,26.085648,26.00004,25.89481,25.82356,25.777836,25.724737,25.704937,25.796753,25.736216,25.664566,25.647549,25.640417,25.62598,25.63063,25.649527,25.664375,25.659153,25.636803,25.642204,25.719849,25.823519,25.885098,25.89018,25.858902,25.78399,25.65813,25.53696,25.45582,25.436604,25.447985,25.448792,25.63155,25.843576,26.02517,26.184254,26.32074,26.420753,26.452072,26.332914,26.123396,25.954817,25.867033,25.85805,25.90399,25.99571,26.115625,26.229506,26.351488,26.499838,26.557325,26.44005,26.41121,26.520157,26.528599,26.401821,26.341885,26.366566,26.376574,26.322603,26.211843,26.071037,25.921408,25.776583,25.65074,25.551262,25.489891,25.465408,25.478659,25.509897,25.545458,25.585691,25.620186,25.663895,25.71853,25.79413,25.924078,26.100504,26.27406,26.354376,26.28646,26.232357,26.328957,26.410793,26.31945,26.24427,26.330013,26.424147,26.457033,26.472706,26.469194,26.46177,26.45806,26.484415,26.55359,26.65979,26.805305,26.961277,27.06272,27.102991,27.12927,27.19422,27.23769,27.265211,27.24672,27.221947,27.181738,27.139492,27.143745,27.203465,27.276913,27.369843,27.395807,27.396069,27.216639,26.791195,26.30579,26.22963,26.25475,26.211464,26.217943,26.215652,26.229338,26.191141,26.2221,26.548046,26.744987,26.793901,26.828943,26.798845,26.755903,26.690508,26.628555,26.628212,26.685545,26.768097,26.852268,26.967709,27.040539,27.036238,26.95624,26.862741,26.869812,26.964567,27.043074,27.08635,26.998106,26.786665,26.649971,26.700043,26.804068,26.872446,26.948175,27.055449,27.150478,27.26129,27.399124,27.532682,27.594334,27.507093,27.29092,27.054983,26.859283,26.738937,26.742777,26.919878,27.20409,27.432943,27.535625,27.556677,27.501009,27.462637,27.422647,27.238098,27.110947,27.184956,27.316639,27.45086,27.556982,27.625864,27.659178,27.684715,27.708298,27.747938,27.820175,27.916435,28.062792,28.244387,28.369837,28.451944,28.491592,28.455868,28.34944,28.199678,28.049599,27.88143,27.759666,27.631086,27.665113,27.707342,27.748596,27.81357,27.912283,28.014814,28.115246,28.152979,28.160093,28.247995,28.323536,28.381458,28.479492,28.492794,28.546238,28.598362,28.654284,28.718344,28.703117,28.687622,28.736557,28.88432,29.00508,29.04954,29.15656,29.174938,29.15793,29.060406,28.901953,28.803894,28.787088,28.860796,28.974892,29.073595,29.153976,29.204052,29.228683,29.235949,29.2044,29.156654,29.11576,29.08457,29.071959,29.075077,29.140263,29.227243,29.291502,29.331543,29.397255,29.491953,29.562464,29.572088,29.555302,29.519844,29.475073,29.431307,29.389788,29.362844,29.323711,29.274595,29.236753,29.23365,29.22959,29.099106,28.862535,28.61301,28.40581,28.280499,,,,,,,,,,,,,,,,,,,,,,,,,,,,,,,,,,,,,,,,,,,,,,,,,,,,,,,,,,,,,,,,,,,,,,,,,,,,26.497173,26.409988,26.33635,26.342619,26.414423,26.55494,26.720219,26.903297,26.929071,27.067837,27.159664,27.208717,27.232859,27.10828,26.898165,26.779545,26.641218,26.509953,26.34695,26.3029,26.302156,26.29914,26.384165,26.475946,26.610062,26.70936,26.757141,26.765217,26.795614,26.77938,26.805637,26.709112,26.594221,26.640446,26.692759,26.783201,26.916113,26.994825,26.942007,26.844425,26.782299,26.767849,26.764338,26.762177,26.744808,26.75401,26.83764,26.946583,27.015697,27.054235,27.132792,27.215841,27.158932,26.991177,26.861017,26.81904,26.77006,26.992481,27.430857,27.633696,27.863867,27.47185,27.032991,27.061272,27.053896,27.093088,27.101877,27.11195,27.001183,26.792364,26.59928,26.422478,26.277092,26.219368,26.21176,26.241611,26.234774,26.148897,26.055819,26.039146,26.016685,25.96312,25.876348,25.807232,25.80856,25.852474,25.930216,26.00873,26.053114,26.088383,26.13157,26.112902,26.094559,26.05205,26.007942,26.047663,26.097027,26.269571,26.576628,26.778828,26.897064,27.043865,27.326176,27.599344,27.861042,28.014633,28.058453,28.08922,28.132784,28.151367,28.155598,28.148516,28.160309,28.17346,28.19643,28.257479,28.298134,28.2864,28.219967,28.062157,27.992002,28.017094,28.02807,28.031973,28.049791,28.151865,28.205118,28.205738,28.208347
15.333336,,,,,,,,,,,,,,,,,,,,,,,,,,,,,,,,,,,,,,,,,,,,,,,26.406242,26.224888,26.214209,26.00512,25.905293,25.858301,25.796232,25.778221,25.738583,25.752607,25.75653,25.747469,25.729082,25.720608,25.70323,25.7044,25.709272,25.724094,25.73326,25.743752,25.734512,25.68906,25.640285,25.677357,25.796207,25.883398,25.895641,25.869633,25.807568,25.701569,25.593609,25.500494,25.449484,25.444532,25.51983,25.723923,25.9128,26.083557,26.24113,26.352129,26.39015,26.304413,26.111221,25.936424,25.845736,25.821875,25.860415,25.952404,26.04266,26.16145,26.284498,26.350126,26.437437,26.569489,26.581467,26.470604,26.484634,26.562532,26.515306,26.402494,26.35535,26.369427,26.37772,26.345018,26.262634,26.145945,26.01556,25.883781,25.76109,25.66136,25.592247,25.553598,25.544575,25.55685,25.599192,25.646969,25.699165,25.746859,25.806211,25.929295,26.105307,26.278421,26.375738,26.33035,26.233236,26.28846,26.410067,26.405054,26.27165,26.224531,26.276434,26.319677,26.334284,26.33631,26.332335,26.33077,26.347193,26.386393,26.448643,26.576754,26.799212,26.982391,27.079472,27.110672,27.169493,27.20274,27.259806,27.253595,27.222311,27.18085,27.139067,27.125349,27.155188,27.21579,27.311092,27.357239,27.395739,27.27431,26.948917,26.503565,26.221563,26.242847,26.224232,26.245615,26.249346,26.238932,26.177248,26.264038,26.626553,26.734829,26.811602,26.81577,26.785055,26.747831,26.702759,26.653708,26.634506,26.661068,26.71816,26.81144,26.95077,27.068142,27.100475,27.028242,26.900423,26.871895,26.968279,27.066586,27.108032,27.032137,26.81427,26.704575,26.769163,26.818596,26.918066,27.018728,27.117239,27.198227,27.27882,27.38619,27.514175,27.617857,27.60843,27.450691,27.20666,26.961533,26.794348,26.758673,26.88374,27.104984,27.325563,27.458374,27.509068,27.483763,27.444674,27.402132,27.147867,27.109299,27.211918,27.351307,27.483067,27.58018,27.66408,27.704382,27.706198,27.704182,27.74347,27.83071,27.95775,28.152729,28.286098,28.374203,28.453255,28.536236,28.619967,28.643766,28.513842,28.300413,28.053322,27.839231,27.7078,27.671467,27.708294,27.75409,27.821085,27.890339,27.9942,28.110998,28.175999,28.177078,28.228146,28.26739,28.317114,28.40076,28.449465,28.503223,28.566248,28.599405,28.671947,28.741722,28.718643,28.591623,28.68078,28.872557,28.931473,29.05413,29.180079,29.256182,29.282198,29.18759,28.922089,28.784086,28.776424,28.87036,28.991169,29.094099,29.169943,29.229956,29.25048,29.2128,29.157871,29.105864,29.05189,29.016073,29.013723,29.06439,29.162949,29.244623,29.291082,29.341265,29.425425,29.518412,29.573275,29.593142,29.591154,29.560545,29.506811,29.454535,29.398527,29.350433,29.295399,29.24375,29.229618,29.239967,29.186508,29.001104,28.788862,28.647812,28.445328,28.280825,,,,,,,,,,,,,,,,,,,,,,,,,,,,,,,,,,,,,,,,,,,,,,,,,,,,,,,,,,,,,,,,,,,,,,,,,,26.564949,26.487616,26.367968,26.370697,26.455341,26.530008,26.69862,26.859682,26.68421,26.843231,27.069057,27.251415,27.318586,27.34121,27.482662,27.383446,27.05525,26.833027,26.58738,26.418694,26.283482,26.21283,26.192007,26.235462,26.359518,26.51351,26.654644,26.755253,26.780075,26.799675,26.791283,26.82619,26.75472,26.633417,26.642723,26.697332,26.774424,26.883148,26.981194,26.946882,26.878414,26.792727,26.765747,26.748802,26.752806,26.73478,26.713533,26.756643,26.882536,26.985062,27.05104,27.133858,27.224915,27.23607,27.138906,26.94542,26.880785,26.818848,27.028708,27.427023,27.625006,27.870047,27.524439,27.018452,27.063627,27.139675,27.16069,27.182014,27.210615,27.10449,26.9287,26.785843,26.593885,26.440062,26.319736,26.196913,26.13427,26.120022,26.09343,26.028961,25.973677,25.903713,25.83331,25.784391,25.787569,25.894655,26.057693,26.199553,26.308191,26.37285,26.3718,26.35882,26.383533,26.400814,26.3801,26.415768,26.525988,26.641714,26.805786,27.043562,27.16847,27.209019,27.35217,27.686396,27.891163,27.996952,28.055613,28.064783,28.098577,28.138544,28.16756,28.16653,28.156454,28.176685,28.187708,28.21314,28.275337,28.323843,28.305264,28.253653,28.105185,28.003239,28.070507,28.094158,28.064934,28.075647,28.197535,28.24432,28.229948,28.23
15.25,,,,,,,,,,,,,,,,,,,,,,,,,,,,,,,,,,,,,,,,,,,,26.740448,26.589289,26.309336,26.476683,26.166876,25.962696,25.865057,25.810587,25.796347,25.760489,25.766785,25.745981,25.77699,25.765144,25.774118,25.773403,25.767,25.77272,25.769417,25.780083,25.792824,25.802574,25.807,25.799963,25.752459,25.675596,25.654024,25.745333,25.870527,25.911684,25.893843,25.835306,25.747063,25.65378,25.568829,25.528048,25.556622,25.693775,25.8746,26.026678,26.156237,26.265966,26.299648,26.221922,26.051165,25.880466,25.800764,25.8117,25.856388,25.932878,26.034227,26.131546,26.191925,26.31857,26.403124,26.436146,26.518995,26.622326,26.566833,26.506615,26.56448,26.603924,26.517536,26.41578,26.375856,26.376291,26.375505,26.348745,26.287157,26.197906,26.09472,25.986954,25.884653,25.797709,25.7305,25.680569,25.65345,25.665895,25.694742,25.737593,25.77127,25.816216,25.933626,26.110342,26.281702,26.393795,26.384516,26.258486,26.251188,26.36422,26.450848,26.396095,26.293781,26.23506,26.24304,26.260792,26.289509,26.326641,26.346272,26.369728,26.417242,26.42305,26.432886,26.631899,26.876934,27.032303,27.094124,27.141756,27.18012,27.252985,27.24865,27.220459,27.171663,27.132662,27.131216,27.139265,27.178062,27.252785,27.328074,27.382097,27.299585,27.036295,26.683584,26.285969,26.219698,26.237476,26.261526,26.263418,26.228298,26.17472,26.327942,26.672073,26.74408,26.805645,26.787964,26.752024,26.716057,26.681128,26.663582,26.644073,26.651047,26.694948,26.769081,26.921131,27.084976,27.160662,27.118763,26.95744,26.872198,26.955359,27.08425,27.143185,27.10727,26.908789,26.760334,26.709639,26.768026,26.916952,27.067402,27.155907,27.246698,27.324085,27.416996,27.52863,27.633501,27.660341,27.544159,27.304907,27.039183,26.841536,26.757776,26.816996,27.009846,27.207874,27.342957,27.407494,27.432596,27.436451,27.33815,27.103903,27.125507,27.238417,27.366554,27.488482,27.62766,27.777914,27.85122,27.830631,27.799496,27.832846,27.931488,28.109867,28.210558,28.270073,28.327736,28.397175,28.470049,28.547083,28.69867,28.726166,28.547573,28.274578,27.954329,27.787977,27.70715,27.711044,27.762598,27.834929,27.897198,27.970613,28.089449,28.188707,28.169199,28.153135,28.235577,28.237387,28.27077,28.309498,28.331501,28.366383,28.399008,28.478668,28.581087,28.59832,28.478483,28.42158,28.62481,28.77496,28.87856,29.070547,29.198168,29.294151,29.359913,29.27119,28.928488,28.751163,28.774273,28.865993,28.988289,29.09335,29.189468,29.238468,29.21931,29.161783,29.101768,29.035328,28.98202,28.959757,28.985254,29.075682,29.17549,29.236227,29.281538,29.345871,29.43733,29.519794,29.581892,29.622856,29.640137,29.617136,29.558025,29.479061,29.40851,29.347975,29.27396,29.234545,29.239536,29.244593,29.179585,29.044403,28.9404,28.725986,28.482822,,,,,,,,,,,,,,,,,,,,,,,,,,,,,,,,,,,,,,,,,,,,,,,,,,,,,,,,,,,,,,,,,,,,,,,,,,26.55763,26.472874,26.392208,26.433094,26.512253,26.590899,26.658142,26.627272,26.518536,26.840544,27.173721,27.4176,27.49971,27.497799,27.381304,27.377378,27.37572,27.417984,27.374104,27.108389,26.732664,26.339624,26.172716,26.079632,26.096918,26.269896,26.428131,26.627712,26.768454,26.797157,26.803669,26.849571,26.804241,26.681026,26.674469,26.71347,26.775726,26.860855,26.945778,26.9409,26.895767,26.83658,26.80067,26.780493,26.776539,26.760073,26.71022,26.700375,26.817802,26.93735,27.0311,27.146492,27.247002,27.29487,27.220795,27.060957,26.988373,26.931648,27.06061,27.405497,27.61576,27.864693,27.54668,27.069592,27.147764,27.203377,27.18544,27.2761,27.272167,27.157581,27.021448,26.965467,26.804646,26.649359,26.460533,26.287292,26.144625,26.064629,26.007208,25.939571,25.875069,25.828278,25.799871,25.826752,25.942446,26.15907,26.410948,26.591408,26.692732,26.694891,26.621292,26.62732,26.7475,26.844395,26.89112,26.968346,27.060947,27.129374,27.235489,27.480433,27.54705,27.636503,27.760925,27.946058,28.010252,28.042248,28.064438,28.077652,28.098967,28.156921,28.18254,28.169298,28.178904,28.197495,28.20966,28.237158,28.290905,28.347324,28.336077,28.289913,28.154871,28.047516,28.131245,28.163464,28.11741,28.068209,28.152628,28.261395,28.278316,28.286556
15.166672,,,,,,,,,,,,,,,,,,,,,,,,,,,,,,,,,,,,,,,,,26.736725,26.724325,26.745758,26.73724,26.539352,26.238758,26.090761,25.920483,25.839113,25.798405,25.78136,25.779455,25.76864,25.791845,25.776106,25.801409,25.794436,25.803064,25.8011,25.809322,25.814342,25.818726,25.838493,25.850887,25.856913,25.858955,25.849436,25.81735,25.741385,25.666756,25.695211,25.813183,25.905998,25.916994,25.885885,25.823488,25.752493,25.700806,25.702417,25.782135,25.915659,26.013132,26.083971,26.14066,26.1672,26.107922,25.981922,25.860367,25.82191,25.854374,25.927187,26.005571,26.09875,26.162182,26.245272,26.300663,26.33883,26.41787,26.459135,26.508488,26.605856,26.636383,26.560349,26.571411,26.632015,26.60311,26.507402,26.427656,26.398645,26.387465,26.369354,26.334526,26.28071,26.208221,26.126276,26.040154,25.961882,25.888218,25.825209,25.769646,25.749779,25.750042,25.772705,25.789621,25.822172,25.937963,26.11684,26.284784,26.40755,26.44786,26.323307,26.235321,26.292248,26.411135,26.458292,26.411076,26.370674,26.327194,26.324257,26.346558,26.396286,26.42684,26.447384,26.48983,26.499083,26.445173,26.561958,26.809574,26.990784,27.088213,27.121021,27.186338,27.243267,27.24382,27.218287,27.165031,27.127636,27.13593,27.141665,27.157568,27.21071,27.301617,27.347334,27.317417,27.10378,26.798395,26.3766,26.192955,26.247969,26.260624,26.254349,26.201717,26.188078,26.40461,26.7,26.755016,26.76334,26.732176,26.698118,26.66094,26.637354,26.647678,26.658062,26.679403,26.710077,26.751505,26.896145,27.097164,27.213486,27.202816,27.050056,26.899605,26.93952,27.078241,27.14806,27.127726,26.942959,26.745182,26.711706,26.760073,26.889065,27.087564,27.157185,27.265598,27.35221,27.454782,27.56457,27.662643,27.686562,27.5782,27.32807,27.045074,26.83548,26.74925,26.821964,26.96165,27.07957,27.191969,27.295982,27.371408,27.418459,27.234419,27.085625,27.144543,27.262705,27.38183,27.508715,27.680689,27.889154,28.018389,28.004074,27.958622,27.997562,28.14072,28.201996,28.221716,28.308147,28.40717,28.478739,28.541851,28.574234,28.614887,28.742432,28.73678,28.50851,28.157831,27.885744,27.75354,27.738232,27.759367,27.824806,27.910486,27.942684,28.040985,28.163641,28.124681,28.01052,28.177841,28.237629,28.25018,28.29334,28.300098,28.302746,28.284576,28.30175,28.383762,28.443424,28.406109,28.390017,28.413548,28.48424,28.574484,28.863813,29.155544,29.25929,29.329536,29.408606,29.252478,28.919662,28.721407,28.75631,28.855547,28.979517,29.08961,29.158478,29.191177,29.176645,29.11487,29.047749,28.982409,28.933718,28.917624,28.981493,29.087318,29.162329,29.216753,29.273088,29.343548,29.429983,29.513987,29.588411,29.650496,29.6796,29.667841,29.601254,29.50349,29.439272,29.350416,29.266731,29.23875,29.231611,29.24826,29.190123,29.131256,28.955616,28.724056,,,,,,,,,,,,,,,,,,,,,,,,,,,,,,,,,,,,,,,,,,,,,,,,,,,,,,,,,,,,,,,,,,,,,,,,,,26.561266,26.476269,26.446913,26.50634,26.50222,26.626257,26.769127,26.376085,26.585823,27.113184,27.453302,27.57629,27.55011,27.513237,27.500004,27.439793,27.374464,27.321508,27.354958,27.274649,27.162191,26.899925,26.573338,26.439116,26.148514,26.118118,26.227602,26.346588,26.610857,26.764477,26.808006,26.866613,26.815498,26.71295,26.720999,26.730053,26.789274,26.856699,26.910072,26.923395,26.894558,26.872032,26.865273,26.844788,26.831457,26.816633,26.732603,26.682316,26.761793,26.88237,26.989996,27.142694,27.281073,27.329796,27.300713,27.197584,27.086792,27.061329,27.134346,27.434217,27.639906,27.871677,27.590172,27.135038,27.16504,27.222778,27.24598,27.36364,27.305128,27.224983,27.14933,27.113909,26.968428,26.861584,26.705942,26.513596,26.316141,26.139587,26.018515,25.95687,25.918821,25.88684,25.916777,26.0177,26.226408,26.518515,26.786062,26.91487,26.907625,26.8302,26.84365,26.927002,27.091711,27.245111,27.336266,27.41208,27.510668,27.607195,27.718323,27.883436,27.912474,27.92978,28.011782,28.049599,28.023827,28.047754,28.04865,28.035923,28.09217,28.184706,28.166594,28.152603,28.17307,28.203125,28.222328,28.263603,28.313328,28.37219,28.365236,28.325762,28.22587,28.085411,28.177078,28.23444,28.1798,28.084845,28.116913,28.235334,28.283056,28.299593
15.083336,,,,,,,,,,,,,,,,,,,,,,,,,,,,,,,,,,,,26.795933,26.791117,26.76979,26.785736,26.779179,26.777557,26.652794,26.601898,26.572771,26.246302,25.943577,25.867826,25.836266,25.783995,25.777391,25.779737,25.77906,25.798103,25.812996,25.792524,25.81034,25.792547,25.806286,25.818907,25.835316,25.847734,25.871548,25.893103,25.91005,25.916872,25.918375,25.912071,25.893723,25.837706,25.74499,25.679667,25.732597,25.843994,25.906822,25.9177,25.902607,25.87359,25.859665,25.876661,25.91876,25.961117,25.969513,25.974194,25.972567,25.950706,25.901558,25.870188,25.898714,25.966406,26.056622,26.161537,26.241508,26.318993,26.374662,26.41192,26.443508,26.45759,26.474863,26.485384,26.519964,26.588663,26.656301,26.61634,26.58882,26.638828,26.66521,26.59241,26.50013,26.456776,26.440681,26.416584,26.379066,26.327028,26.270988,26.204689,26.13106,26.057251,25.985445,25.91638,25.85213,25.81697,25.79657,25.807219,25.813591,25.83605,25.949224,26.121588,26.281464,26.406101,26.488981,26.425383,26.281118,26.244604,26.324575,26.41454,26.446152,26.440199,26.431484,26.43788,26.460096,26.517532,26.53043,26.50426,26.542568,26.525467,26.447426,26.54392,26.779675,26.974619,27.080051,27.115849,27.196861,27.230843,27.23826,27.211853,27.159708,27.132359,27.125273,27.131681,27.140553,27.180586,27.267822,27.31177,27.324968,27.164915,26.866663,26.460588,26.187351,26.247765,26.244967,26.229063,26.175821,26.206049,26.464912,26.698324,26.724346,26.692102,26.657011,26.634989,26.601774,26.585085,26.612417,26.655495,26.68863,26.709475,26.740805,26.898405,27.125793,27.262056,27.274132,27.131258,26.943193,26.939812,27.08064,27.1687,27.150877,26.969458,26.79209,26.76224,26.734358,26.823164,27.057621,27.158754,27.256742,27.359291,27.459526,27.5662,27.661825,27.68075,27.562706,27.318937,27.060884,26.875978,26.79802,26.809805,26.86171,26.938465,27.11514,27.27885,27.367067,27.324203,27.089464,27.073614,27.170284,27.295246,27.414246,27.5481,27.73892,27.982021,28.142271,28.152172,28.150373,28.227518,28.228966,28.195238,28.323862,28.47429,28.57294,28.657366,28.709635,28.739666,28.739061,28.744701,28.797047,28.72053,28.393831,28.025532,27.83107,27.774256,27.772797,27.829767,27.924908,27.957037,27.987068,28.111195,28.035465,27.923794,28.208908,28.29401,28.294802,28.301418,28.311295,28.340029,28.34726,28.34821,28.362677,28.38953,28.391127,28.4174,28.475147,28.453556,28.389015,28.47469,28.912426,29.249247,29.340628,29.41315,29.358295,29.123888,28.90899,28.717821,28.734814,28.841198,28.955801,29.046446,29.105173,29.155659,29.150642,29.0817,29.006805,28.927202,28.88054,28.900843,28.978825,29.05367,29.107157,29.169249,29.247923,29.335394,29.425386,29.511332,29.595243,29.668507,29.710955,29.707329,29.63268,29.546267,29.455362,29.33945,29.270224,29.218388,29.208168,29.233212,29.213797,29.092068,28.981308,28.869987,,,,,,,,,,,,,,,,,,,,,,,,,,,,,,,,,,,,,,,,,,,,,,,,,,,,,,,,,,,,,,,,,,,,,,,,,26.515749,26.448032,26.478672,26.612076,26.566574,26.606844,26.609894,26.447485,26.697573,27.27709,27.553312,27.548428,27.566393,27.60041,27.618254,27.602745,27.574234,27.459547,27.361145,27.264622,27.238073,27.260489,27.085142,26.905106,26.802818,26.508303,26.22914,26.247944,26.35036,26.582796,26.780058,26.860031,26.865229,26.770151,26.693071,26.740301,26.834208,26.87148,26.901161,26.907984,26.883,26.85136,26.867453,26.879938,26.877178,26.859383,26.77307,26.696257,26.759384,26.857235,26.9546,27.130648,27.298262,27.370428,27.353159,27.285313,27.174026,27.20077,27.258648,27.492863,27.686935,27.882248,27.599121,27.18698,27.230864,27.272243,27.36559,27.498083,27.367872,27.286924,27.277252,27.208282,27.116245,27.118902,26.945972,26.81693,26.651855,26.459627,26.253706,26.090546,26.024664,26.055817,26.148981,26.329714,26.585243,26.862421,27.080847,27.166374,27.230598,27.285051,27.36467,27.480734,27.617256,27.70214,27.743391,27.79149,27.841862,27.899658,27.949163,28.006609,28.0161,28.023146,28.026577,28.013557,28.014023,28.034964,28.037336,28.037632,28.108335,28.138306,28.124718,28.168627,28.21137,28.229715,28.25851,28.304852,28.338856,28.399054,28.393118,28.352982,28.255322,28.105356,28.219782,28.281626,28.236954,28.116161,28.05166,28.108957,28.184978,28.189026
15.0,,,,,,,,,,,,,,,,,,,,,,,,,,,,,,,,,,26.874313,26.781252,26.758654,26.72071,26.639153,26.656641,26.678627,26.666996,26.55446,26.541336,26.330606,25.946352,25.780323,25.835672,25.780264,25.760786,25.792112,25.773087,25.797405,25.80144,25.794935,25.766708,25.778883,25.785181,25.820702,25.821062,25.85394,25.876698,25.906729,25.942884,25.972963,25.98951,25.995071,25.988667,25.970516,25.939457,25.869947,25.764692,25.701029,25.750185,25.82477,25.872164,25.884188,25.885012,25.882538,25.8854,25.88212,25.874617,25.85682,25.847591,25.856125,25.882513,25.938429,26.032778,26.150202,26.266865,26.367222,26.463001,26.520344,26.57413,26.601936,26.605984,26.61598,26.602787,26.592659,26.580038,26.563623,26.591867,26.653337,26.649174,26.610401,26.64107,26.695688,26.671614,26.582626,26.516502,26.495829,26.485704,26.454226,26.402773,26.343662,26.276009,26.210228,26.135689,26.064613,25.999117,25.927383,25.87955,25.850058,25.839342,25.832651,25.848494,25.956766,26.117382,26.265003,26.379486,26.475447,26.4963,26.36701,26.248793,26.244396,26.309586,26.37168,26.40218,26.416512,26.429482,26.477535,26.541264,26.556404,26.561272,26.582329,26.547815,26.437649,26.542421,26.785631,26.980541,27.087843,27.117432,27.211222,27.222294,27.22719,27.215837,27.150492,27.116678,27.12139,27.116945,27.125423,27.15897,27.233044,27.289448,27.327003,27.220062,26.93007,26.519064,26.183123,26.244122,26.226288,26.195814,26.155252,26.226833,26.48563,26.665834,26.666134,26.62253,26.597763,26.583023,26.552036,26.540918,26.577295,26.630274,26.68285,26.707952,26.745861,26.910818,27.159454,27.32409,27.343098,27.20737,26.988146,26.943048,27.074945,27.178852,27.171463,26.99435,26.834646,26.784512,26.744038,26.782883,26.988346,27.167336,27.240396,27.377934,27.465858,27.562233,27.630972,27.626974,27.50192,27.280869,27.048662,26.865896,26.776949,26.75685,26.812574,26.98459,27.22465,27.323223,27.363134,27.170744,27.048203,27.106611,27.222887,27.35256,27.48042,27.626472,27.83168,28.077019,28.243237,28.290485,28.297329,28.249071,28.216232,28.329462,28.470104,28.599916,28.719402,28.81488,28.872093,28.911434,28.9135,28.910532,28.865015,28.814268,28.612396,28.212288,27.940527,27.842611,27.801737,27.826546,27.920294,27.988178,27.99279,28.048006,27.935614,27.947842,28.258612,28.320202,28.31075,28.311903,28.334164,28.346342,28.359663,28.394688,28.403692,28.40326,28.403584,28.402655,28.42186,28.398533,28.318167,28.363626,28.66984,29.051748,29.304657,29.414436,29.465887,29.260921,28.993155,28.8616,28.694345,28.719875,28.812336,28.908026,28.989714,29.064484,29.12177,29.1191,29.066954,28.976202,28.87423,28.837568,28.870178,28.923363,28.971128,29.02857,29.1168,29.236126,29.352623,29.438839,29.521986,29.60224,29.693026,29.735498,29.726482,29.663,29.572947,29.44434,29.337109,29.24391,29.168547,29.170786,29.188725,29.14085,29.05778,28.91269,,,,,,,,,,,,,,,,,,,,,,,,,,,,,,,,,,,,,,,,,,,,,,,,,,,,,,,,,,,,,,,,,,,,,,,,,26.495504,26.488,26.536104,26.599077,26.617136,26.63239,26.43412,26.464685,26.918198,27.471766,27.577248,27.66422,27.803005,27.928572,27.980453,27.984068,27.918781,27.836775,27.670593,27.472374,27.262108,27.166365,27.196154,27.1692,27.137926,27.116617,26.845839,26.45614,26.340208,26.407785,26.603943,26.80656,26.912506,26.87445,26.726343,26.665401,26.701965,26.774994,26.814165,26.811256,26.793026,26.76896,26.797861,26.868559,26.91501,26.909603,26.814121,26.716446,26.765306,26.837801,26.919687,27.107172,27.323254,27.41529,27.393137,27.339512,27.2698,27.26903,27.354826,27.549807,27.736511,27.88627,27.82836,27.35799,27.306648,27.378841,27.463448,27.576221,27.399168,27.385519,27.393215,27.28369,27.221,27.254917,27.13941,27.057981,26.890648,26.756592,26.530252,26.310759,26.256613,26.2458,26.377497,26.586775,26.869217,27.129913,27.331602,27.492762,27.558027,27.633556,27.702553,27.817053,27.88815,27.938965,27.964184,27.997398,28.025352,28.032557,28.040045,28.029274,28.02924,28.028353,28.04428,28.047632,28.046234,28.061165,28.074337,28.071411,28.090258,28.134426,28.177862,28.227509,28.249626,28.267653,28.305603,28.347624,28.369677,28.419119,28.416883,28.374294,28.276257,28.124344,28.24958,28.313574,28.274378,28.151484,28.045273,28.001478,27.997347,28.002779
14.916672,,,,,,,,,,,,,,,,,,,,,,,,,,,,,,,,27.114712,26.97733,26.822184,26.739079,26.70373,26.544538,26.48787,26.523985,26.556288,26.562693,26.531555,26.411283,26.046028,25.739927,25.785055,25.808432,25.746828,25.780008,25.792753,25.758396,25.778648,25.745628,25.73872,25.73565,25.776531,25.791649,25.825708,25.825102,25.858469,25.876293,25.930418,25.98109,26.023321,26.063076,26.081348,26.0802,26.069105,26.042297,25.997963,25.91908,25.8105,25.740168,25.750237,25.778042,25.808287,25.822458,25.824842,25.827158,25.81956,25.814484,25.824167,25.866638,25.951807,26.066677,26.200935,26.346453,26.473345,26.564432,26.639597,26.691769,26.706005,26.716505,26.72072,26.713148,26.715422,26.696507,26.682402,26.670944,26.638561,26.625698,26.663044,26.674215,26.633799,26.648935,26.710453,26.733458,26.67813,26.594124,26.551165,26.544619,26.543762,26.51575,26.465443,26.399673,26.323763,26.25399,26.157896,26.069078,25.99812,25.924242,25.885254,25.866756,25.84666,25.854616,25.95785,26.104527,26.23225,26.331537,26.421806,26.497082,26.440266,26.293512,26.21247,26.214792,26.25505,26.284216,26.302853,26.32563,26.405727,26.477074,26.510132,26.557184,26.589867,26.536594,26.43451,26.568836,26.80983,26.995174,27.093533,27.13126,27.225056,27.222534,27.247366,27.216904,27.14385,27.104176,27.10114,27.09701,27.109753,27.142578,27.205313,27.274096,27.316357,27.257772,26.999027,26.570774,26.202469,26.21872,26.215143,26.17427,26.14854,26.247227,26.476742,26.613321,26.609373,26.576326,26.55641,26.544426,26.516285,26.506073,26.553076,26.617071,26.679205,26.708548,26.767744,26.965513,27.219633,27.38169,27.408237,27.279755,27.043526,26.948475,27.064528,27.18639,27.186077,27.01763,26.869427,26.810747,26.757187,26.745115,26.91329,27.11772,27.230644,27.374582,27.475218,27.554369,27.580788,27.54409,27.41432,27.217573,27.02436,26.876833,26.823792,26.876158,27.051785,27.221989,27.327095,27.336983,27.203901,27.03504,27.056189,27.16226,27.290531,27.431051,27.584389,27.769745,27.991682,28.208986,28.34783,28.345549,28.262472,28.22818,28.354229,28.48828,28.602678,28.747932,28.864525,28.96238,29.021463,29.058834,29.067312,29.052174,29.016613,28.934797,28.773424,28.444761,28.106255,27.924395,27.855974,27.83963,27.913952,28.011,28.039043,28.029726,27.942059,28.017462,28.258793,28.293818,28.294008,28.317421,28.340618,28.376219,28.390835,28.410795,28.407452,28.395266,28.413464,28.4455,28.44327,28.356892,28.261076,28.296345,28.627544,28.985739,29.241184,29.374237,29.42728,29.347452,29.045008,28.902308,28.818401,28.671633,28.691225,28.770107,28.856739,28.945633,29.030989,29.091883,29.087433,29.037825,28.94456,28.83454,28.775797,28.809935,28.843592,28.915277,29.01466,29.125687,29.284252,29.386492,29.464691,29.530815,29.62998,29.719599,29.74295,29.729898,29.66526,29.543701,29.407097,29.309177,29.220417,29.098667,29.068642,29.009735,28.902142,28.666182,28.278788,,,,,,,,,,,,,,,,,,,,,,,,,,,,,,,,,,,,,,,,,,,,,,,,,,,,,,,,,,,,,,,,,,,,,,,,26.47352,26.451517,26.570618,26.60729,26.588163,26.633223,26.465672,26.499191,27.199804,27.564112,27.749136,27.968351,28.118593,28.153545,28.142012,28.128485,28.119207,28.10662,28.058203,27.899067,27.680399,27.37494,27.121557,27.110266,27.15454,27.24505,27.294844,27.051891,26.636633,26.430874,26.4744,26.59791,26.826786,26.906462,26.847805,26.726059,26.652489,26.648928,26.685163,26.697311,26.738243,26.758556,26.830235,26.930384,26.95687,26.90532,26.797497,26.724321,26.77053,26.820742,26.890892,27.087923,27.349564,27.475092,27.440157,27.387367,27.338257,27.33202,27.412878,27.590673,27.774654,27.887506,27.9051,27.374308,27.388039,27.499691,27.539188,27.57865,27.50652,27.469309,27.482662,27.515654,27.519352,27.341658,27.315933,27.205376,27.052332,27.028992,26.926533,26.734934,26.583965,26.526146,26.57294,26.75027,27.014158,27.26376,27.54207,27.740555,27.826046,27.868628,27.932087,27.984163,28.005602,28.015676,28.000656,28.009806,28.028324,28.063675,28.093441,28.110666,28.119692,28.123896,28.117674,28.114628,28.128103,28.131319,28.129059,28.13093,28.180067,28.225351,28.252361,28.257551,28.276339,28.306664,28.355986,28.391771,28.409409,28.439323,28.444134,28.401241,28.308874,28.148449,28.253405,28.335608,28.297707,28.16507,28.037231,27.946867,27.906628,27.895042
14.833336,,,,,,,,,,,,,,,,,,,,,,,,,,,26.95298,26.948305,26.987417,27.05376,27.122658,27.113237,27.071115,26.8435,26.69886,26.580849,26.348614,26.351892,26.496632,26.526493,26.535257,26.428827,26.147007,25.78049,25.717865,25.823835,25.76799,25.744282,25.787155,25.733524,25.706633,25.709538,25.686447,25.71264,25.744223,25.77651,25.786999,25.799019,25.805529,25.837233,25.886957,25.956217,26.019354,26.075718,26.1225,26.152706,26.166126,26.168541,26.155697,26.12253,26.06384,25.980564,25.883959,25.804081,25.776539,25.776106,25.785397,25.791008,25.79668,25.808409,25.840107,25.909908,26.023453,26.17386,26.334883,26.481443,26.599619,26.663626,26.708416,26.715307,26.714735,26.707201,26.696472,26.702763,26.696304,26.708849,26.704147,26.70027,26.70468,26.67727,26.665586,26.693905,26.701159,26.671673,26.650396,26.719181,26.783419,26.771038,26.70045,26.642416,26.606081,26.600666,26.61189,26.585363,26.541576,26.483845,26.401224,26.31659,26.231161,26.137789,26.045399,25.964972,25.909761,25.879385,25.880491,25.96395,26.08023,26.181776,26.269709,26.347952,26.447947,26.478828,26.365374,26.232157,26.169626,26.163313,26.173162,26.186863,26.227858,26.349047,26.453959,26.506754,26.569374,26.575258,26.494673,26.434711,26.6112,26.852734,27.023151,27.110174,27.151209,27.231438,27.270763,27.26163,27.216036,27.13026,27.08984,27.083689,27.08391,27.100464,27.133472,27.189625,27.261566,27.296501,27.281704,27.061157,26.637487,26.252636,26.195478,26.212278,26.166468,26.147434,26.25756,26.444912,26.554325,26.562386,26.539577,26.520586,26.515955,26.492521,26.483864,26.534714,26.603588,26.66774,26.701223,26.80434,27.052612,27.322294,27.45831,27.462255,27.338644,27.105633,26.967972,27.064165,27.202908,27.226377,27.060535,26.913225,26.843987,26.777126,26.758558,26.898771,27.073782,27.207314,27.359634,27.481232,27.55971,27.5784,27.543268,27.44095,27.313377,27.192015,27.118116,27.122965,27.195137,27.288012,27.317867,27.292088,27.18516,27.010029,26.993792,27.097307,27.235884,27.379799,27.548717,27.737995,27.942186,28.151669,28.325996,28.370623,28.288353,28.253836,28.347803,28.480291,28.587957,28.761663,28.912327,29.036615,29.129541,29.17748,29.166546,29.165861,29.162312,29.143286,29.06155,28.910557,28.619587,28.271326,28.015436,27.922026,27.87513,27.908455,28.010677,28.071362,28.071327,28.007862,28.104816,28.236889,28.263441,28.309431,28.369873,28.414492,28.465612,28.470924,28.470963,28.478052,28.43707,28.421988,28.471071,28.477194,28.38391,28.28869,28.357592,28.61111,28.927788,29.198135,29.374428,29.443182,29.372396,29.099463,28.895123,28.852345,28.785105,28.674732,28.662386,28.729567,28.80799,28.892815,28.968613,29.007248,29.020832,28.98696,28.909803,28.811043,28.755943,28.753088,28.820082,28.935934,29.049568,29.19554,29.334124,29.421158,29.470097,29.563324,29.671751,29.741493,29.749374,29.72569,29.64447,29.497206,29.358107,29.300434,29.203579,29.06472,28.934586,28.770008,28.581615,28.290773,,,,,,,,,,,,,,,,,,,,,,,,,,,,,,,,,,,,,,,,,,,,,,,,,,,,,,,,,,,,,,,,,,,,,,,,26.53549,26.540775,26.690207,26.699696,26.67152,26.64377,26.48365,26.550917,27.488615,27.75985,28.042616,28.13873,28.110565,28.058395,28.030062,28.012556,28.014269,28.056856,28.091127,28.119316,28.012878,27.781784,27.436386,27.115707,27.048763,27.134968,27.300192,27.3717,27.167938,26.744408,26.548086,26.53425,26.643017,26.816849,26.855284,26.77368,26.691032,26.637484,26.628742,26.65198,26.722694,26.809526,26.921402,26.993172,26.93925,26.858366,26.784298,26.735601,26.769815,26.819363,26.876997,27.090982,27.37612,27.516783,27.48778,27.421827,27.387796,27.411993,27.497362,27.655294,27.818684,27.897629,27.941845,27.413048,27.424025,27.563541,27.58856,27.568924,27.545511,27.515972,27.518806,27.550425,27.59577,27.642145,27.66386,27.628101,27.313751,27.24828,27.17248,27.117157,26.98933,26.960165,26.910292,26.985268,27.19467,27.430983,27.684826,27.832096,27.891582,27.913862,27.943285,27.963026,27.982994,27.991411,28.014553,28.06169,28.109179,28.149145,28.162905,28.163427,28.15702,28.144299,28.131691,28.117947,28.10596,28.120783,28.185978,28.221024,28.239714,28.252731,28.25853,28.277485,28.323984,28.379745,28.42315,28.450583,28.459019,28.47088,28.480095,28.438896,28.350231,28.185192,28.272236,28.359364,28.313475,28.159586,27.995916,27.90749,27.879211,27.869345
14.75,,,,,,,,,,,,,,,,,,,,,,,,26.991125,26.975618,26.977665,26.97876,26.953941,26.94644,26.993637,27.054893,27.072968,27.056326,26.854063,26.739204,26.54048,26.29083,26.329592,26.468988,26.439043,26.360672,26.159208,25.86167,25.692234,25.792757,25.803091,25.73288,25.752096,25.729593,25.65517,25.656715,25.662169,25.67312,25.721363,25.74588,25.745264,25.73434,25.74792,25.797262,25.876507,25.968365,26.041721,26.108973,26.165487,26.217161,26.249163,26.25883,26.264904,26.264097,26.259243,26.237726,26.184385,26.108458,26.017994,25.930765,25.86707,25.834328,25.828577,25.848743,25.893787,25.970598,26.095776,26.243237,26.408144,26.539955,26.636105,26.678759,26.695938,26.68863,26.677923,26.673979,26.660494,26.670546,26.671146,26.66172,26.682106,26.679073,26.681227,26.698524,26.686295,26.690306,26.71341,26.723804,26.695368,26.674957,26.721409,26.81297,26.857512,26.828335,26.766022,26.712421,26.687445,26.685266,26.683739,26.644737,26.604048,26.550762,26.439066,26.34822,26.278059,26.187557,26.070936,25.969755,25.912767,25.897438,25.959326,26.045261,26.124933,26.20949,26.279884,26.382883,26.462934,26.430105,26.294361,26.178326,26.116962,26.092077,26.08413,26.135666,26.29751,26.440445,26.528095,26.59583,26.569202,26.469418,26.468899,26.676394,26.908852,27.050655,27.122908,27.16682,27.243908,27.27664,27.257711,27.210323,27.128641,27.088823,27.078682,27.076633,27.097557,27.133501,27.183033,27.248398,27.278421,27.289219,27.11465,26.724356,26.332726,26.191734,26.21204,26.18141,26.159021,26.261215,26.406216,26.493603,26.51817,26.507242,26.494501,26.496239,26.474667,26.47202,26.523754,26.596188,26.659334,26.719858,26.88493,27.177063,27.429062,27.53899,27.512577,27.378716,27.149277,26.983158,27.054129,27.219662,27.272139,27.13149,26.967176,26.868902,26.782984,26.753359,26.864042,27.018246,27.146435,27.303375,27.430605,27.527897,27.575905,27.568811,27.515005,27.44174,27.36288,27.318283,27.303713,27.286654,27.258615,27.206488,27.112017,26.993576,26.963814,27.043287,27.192719,27.363016,27.528051,27.716455,27.901814,28.101406,28.288471,28.369917,28.3221,28.278385,28.341389,28.468306,28.58715,28.761253,28.940102,29.081812,29.196533,29.27086,29.301908,29.27868,29.22667,29.25643,29.220238,29.172974,28.982542,28.71779,28.38532,28.109915,27.973637,27.927189,27.928831,27.992765,28.071814,28.120848,28.100063,28.160254,28.233505,28.285875,28.359085,28.421686,28.470871,28.50804,28.509483,28.530804,28.527945,28.483269,28.48329,28.536188,28.523989,28.40732,28.330923,28.442547,28.643015,28.894718,29.170528,29.34628,29.430075,29.379307,29.15523,28.918293,28.823847,28.812187,28.773087,28.694069,28.65658,28.689674,28.756477,28.81846,28.868847,28.910837,28.938072,28.914696,28.859173,28.796307,28.755327,28.751295,28.850868,28.99497,29.11432,29.25624,29.357208,29.412313,29.49661,29.614471,29.729933,29.779493,29.751331,29.71364,29.616907,29.43543,29.319765,29.291706,29.234438,29.104387,28.920753,28.714489,28.485123,28.262114,,,,,,,,,,,,,,,,,,,,,,,,,,,,,,,,,,,,,,,,,,,,,,,,,,,,,,,,,,,,,,,,,,,,,,,26.560028,26.552677,26.689095,26.737888,26.70261,26.57175,26.590755,26.952826,27.730782,28.040987,28.116396,28.045086,28.018394,27.99008,27.941105,27.893883,27.895102,27.947598,28.034195,28.119873,28.121117,27.973082,27.706108,27.360008,27.055054,26.9763,27.082127,27.272371,27.36709,27.15946,26.808548,26.592173,26.59456,26.690542,26.785969,26.786943,26.724253,26.673353,26.645117,26.656183,26.729609,26.819643,26.873886,26.893959,26.846388,26.797663,26.775738,26.737898,26.76285,26.817562,26.871052,27.10089,27.414818,27.577442,27.533684,27.452394,27.417429,27.479355,27.586489,27.731966,27.865606,27.919525,27.96875,27.495989,27.440561,27.594702,27.618673,27.570908,27.575455,27.541183,27.554836,27.611217,27.618587,27.640594,27.735779,27.767618,27.734035,27.44011,27.269161,27.288313,27.26472,27.28087,27.22702,27.323593,27.414143,27.625101,27.772066,27.85271,27.8692,27.88983,27.94665,27.99579,28.053217,28.100466,28.133886,28.162697,28.186539,28.202171,28.210545,28.21716,28.216879,28.209124,28.18125,28.151865,28.138647,28.176647,28.221369,28.237694,28.254564,28.26503,28.279484,28.321798,28.38304,28.43555,28.475132,28.501604,28.507858,28.510567,28.51462,28.474497,28.385977,28.220346,28.295551,28.386488,28.32285,28.13674,27.936285,27.856012,27.842392,27.870935
14.666672,,,,,,,,,,,,,,,,,,,,,,26.998648,26.991213,26.973953,26.945686,26.952484,26.957613,26.971867,26.940214,26.94769,26.969593,27.018366,27.019133,26.843498,26.746178,26.477818,26.155739,26.206818,26.295599,26.20302,26.091011,25.889376,25.719854,25.739532,25.81691,25.767418,25.706076,25.731699,25.645956,25.619741,25.625612,25.649073,25.685057,25.718504,25.699347,25.676094,25.690807,25.771114,25.890226,25.998104,26.092222,26.164274,26.218266,26.274376,26.321882,26.354193,26.371239,26.373747,26.366259,26.363955,26.361897,26.348967,26.3236,26.275394,26.215172,26.150572,26.101002,26.071072,26.083572,26.131735,26.216928,26.337078,26.460608,26.57182,26.645763,26.681925,26.695791,26.686316,26.673126,26.659878,26.644001,26.627342,26.629923,26.620028,26.615164,26.641909,26.640285,26.651989,26.686169,26.677431,26.69022,26.727005,26.741148,26.717865,26.70707,26.732077,26.831108,26.917364,26.947927,26.917011,26.867075,26.816486,26.799704,26.799158,26.791746,26.745926,26.701063,26.61928,26.47893,26.382627,26.314177,26.207737,26.070162,25.96648,25.925661,25.955183,26.004742,26.064379,26.158588,26.240477,26.329937,26.423452,26.447803,26.357796,26.224483,26.12002,26.04593,26.000069,26.04989,26.241093,26.425667,26.54195,26.612877,26.564848,26.446138,26.523584,26.755035,26.962986,27.078394,27.141808,27.18521,27.263664,27.280697,27.254112,27.199877,27.12457,27.07859,27.073446,27.078194,27.104122,27.141449,27.186855,27.241543,27.270586,27.296251,27.162241,26.82778,26.455946,26.230324,26.222763,26.198883,26.180773,26.260538,26.365395,26.439327,26.472088,26.473804,26.473648,26.48148,26.463562,26.468472,26.523508,26.594477,26.657032,26.76452,27.008295,27.334812,27.54564,27.600698,27.54811,27.404997,27.17971,27.00404,27.048876,27.22893,27.314728,27.208883,27.030615,26.897636,26.785032,26.740099,26.809628,26.920654,27.01479,27.13484,27.243649,27.326126,27.38661,27.403519,27.383377,27.33914,27.274109,27.212194,27.159454,27.110016,27.056234,26.991478,26.951426,26.93991,27.031958,27.17533,27.356153,27.540373,27.729511,27.918673,28.084059,28.27268,28.387772,28.353752,28.31237,28.351776,28.458578,28.570797,28.732567,28.915516,29.07738,29.203842,29.291763,29.356155,29.38615,29.36447,29.290646,29.261032,29.250565,29.229616,29.061594,28.778465,28.455883,28.192865,28.01836,27.962515,27.961422,27.991825,28.064165,28.119452,28.119017,28.179068,28.262995,28.330677,28.385994,28.44445,28.498535,28.531517,28.564007,28.589922,28.560257,28.5488,28.57762,28.608204,28.576906,28.51819,28.537842,28.610989,28.736132,28.921154,29.15293,29.349155,29.442638,29.390371,29.18601,28.932228,28.795507,28.769995,28.781261,28.768513,28.718327,28.668636,28.669209,28.69745,28.74358,28.783018,28.831392,28.86574,28.859907,28.816828,28.77521,28.754004,28.822803,28.923729,29.042309,29.189505,29.287865,29.340084,29.410534,29.527895,29.676397,29.783531,29.79372,29.732252,29.702759,29.568787,29.381926,29.293732,29.280022,29.179546,29.030901,28.808626,28.551184,28.321936,28.001417,,,,,,,,,,,,,,,,,,,,,,,,,,,,,,,,,,,,,,,,,,,,,,,,,,,,,,,,,,,,,,,,,,,,,,,26.533857,26.557743,26.668701,26.605108,26.473667,26.510494,27.669895,27.960478,28.094307,28.029543,28.018742,28.023317,27.94825,27.868675,27.803373,27.80745,27.879915,28.00084,28.123953,28.174263,28.084213,27.878428,27.59086,27.268467,27.015562,26.965279,27.055012,27.24546,27.321741,27.143354,26.825079,26.61693,26.611792,26.677937,26.727697,26.729246,26.716213,26.70111,26.701607,26.771523,26.81989,26.844658,26.8826,26.867079,26.826023,26.809547,26.729504,26.773985,26.827898,26.895878,27.135637,27.46914,27.612158,27.560236,27.469772,27.44311,27.515965,27.639114,27.778807,27.900375,27.943953,27.989424,27.60453,27.439718,27.598553,27.629637,27.580053,27.600021,27.59146,27.603191,27.640139,27.622143,27.664268,27.739746,27.800102,27.837578,27.787788,27.571928,27.372185,27.36541,27.455296,27.483715,27.51348,27.587086,27.746702,27.819523,27.844034,27.861362,27.92983,27.99147,28.038988,28.08078,28.134771,28.187756,28.229723,28.251156,28.267494,28.279566,28.292984,28.283537,28.266487,28.249773,28.225975,28.204523,28.217436,28.242483,28.25622,28.275642,28.284798,28.313292,28.358505,28.402987,28.459887,28.5109,28.540377,28.552643,28.555487,28.548903,28.505358,28.405045,28.247177,28.324924,28.415405,28.328459,28.084255,27.871712,27.826246,27.848728,27.832691
14.583336,,,,,,,,,,,,,,,,,,,,26.96732,26.97927,26.969204,26.947306,26.942396,26.903952,26.892784,26.871767,26.891455,26.88151,26.886501,26.898275,26.95794,26.978838,26.849472,26.753748,26.47816,26.074938,26.020267,26.078419,25.96865,25.881311,25.755913,25.72806,25.791962,25.789167,25.70694,25.683922,25.675257,25.589115,25.601032,25.605692,25.648344,25.674913,25.660616,25.630781,25.65068,25.737581,25.873186,25.995464,26.091692,26.162436,26.215218,26.259964,26.308422,26.346302,26.383102,26.410955,26.433764,26.455338,26.458801,26.458431,26.445368,26.438597,26.417513,26.393906,26.374462,26.359806,26.352324,26.363209,26.394468,26.44588,26.525269,26.606506,26.682764,26.726723,26.736212,26.713728,26.676672,26.643698,26.61191,26.588406,26.573084,26.568005,26.566221,26.585642,26.617558,26.619968,26.646463,26.675545,26.668795,26.689219,26.747501,26.759102,26.746197,26.735712,26.757341,26.853178,26.962772,27.033398,27.05374,27.038267,26.993143,26.950062,26.934505,26.930626,26.904743,26.856102,26.811071,26.712135,26.564116,26.455584,26.34427,26.191818,26.04395,25.96349,25.94978,25.970028,26.021837,26.12913,26.22887,26.31168,26.392773,26.435862,26.38724,26.267174,26.137102,26.027418,25.964071,26.017338,26.236048,26.440598,26.574287,26.629103,26.543646,26.437424,26.595308,26.834108,27.015734,27.105331,27.155975,27.208784,27.27453,27.282724,27.242533,27.212461,27.123312,27.072098,27.069693,27.086245,27.116339,27.15073,27.192604,27.24099,27.270765,27.298254,27.197577,26.928837,26.597252,26.32114,26.251131,26.221779,26.206738,26.262213,26.335207,26.392735,26.425016,26.441452,26.461681,26.47138,26.455046,26.466679,26.525951,26.598194,26.67355,26.852,27.17598,27.495684,27.638447,27.636395,27.549868,27.406116,27.2001,27.025267,27.047829,27.229898,27.349566,27.275858,27.0912,26.921844,26.78635,26.736334,26.803371,26.882364,26.922707,26.989403,27.039997,27.082455,27.103514,27.122934,27.1009,27.056458,27.003094,26.960028,26.9239,26.894945,26.886219,26.897738,26.933792,27.049587,27.201653,27.383226,27.567055,27.760368,27.956722,28.117458,28.257648,28.39907,28.386595,28.339973,28.365187,28.45334,28.542543,28.666027,28.832947,28.999226,29.154232,29.239216,29.327467,29.415848,29.46471,29.461235,29.371628,29.267456,29.294668,29.24776,29.148285,28.85908,28.515657,28.23591,28.067102,27.988136,27.978245,28.017076,28.070919,28.093884,28.149466,28.2516,28.31492,28.34,28.394566,28.453135,28.519135,28.593496,28.664436,28.687363,28.6917,28.723478,28.734097,28.738026,28.73171,28.741749,28.789919,28.834242,28.85842,28.956636,29.149097,29.33881,29.454086,29.411808,29.192839,28.950945,28.806402,28.740332,28.762772,28.785534,28.772324,28.743374,28.709871,28.678148,28.681147,28.709862,28.742807,28.78029,28.820427,28.816666,28.779741,28.765728,28.819054,28.902836,28.980562,29.096432,29.232605,29.314148,29.363445,29.43985,29.592663,29.756582,29.808947,29.791302,29.736351,29.668716,29.512526,29.3608,29.327185,29.27657,29.187805,29.057526,28.882568,28.65939,28.442068,28.375813,,,,,,,,,,,,,,,,,,,,,,,,,,,,,,,,,,,,,,,,,,,,,,,,,,,,,,,,,,,,,,,,,,,,,,26.56638,26.562067,26.667889,26.640667,26.556185,27.1023,27.896242,28.030785,28.059748,28.043499,28.051605,28.01509,27.885225,27.781572,27.707075,27.749458,27.829191,27.957174,28.124249,28.19764,28.108253,27.94636,27.67992,27.388773,27.113346,26.953224,26.943556,27.069717,27.228136,27.289284,27.133053,26.87767,26.66738,26.618786,26.633385,26.663399,26.671818,26.69612,26.696205,26.77033,26.802727,26.83786,26.890726,26.854103,26.81843,26.809252,26.740076,26.803078,26.855074,26.923395,27.189518,27.529453,27.63699,27.578209,27.506372,27.483868,27.553606,27.681252,27.813152,27.924038,27.9664,28.002075,27.74222,27.454489,27.606434,27.637123,27.617462,27.613504,27.637518,27.63845,27.63367,27.642006,27.694944,27.750048,27.815802,27.894026,27.928156,27.887903,27.767902,27.483244,27.47237,27.60707,27.588871,27.671839,27.799927,27.829922,27.828236,27.900742,27.972326,28.018515,28.075802,28.145454,28.197924,28.220766,28.241793,28.264992,28.283205,28.300713,28.310413,28.310514,28.310648,28.307274,28.299858,28.288576,28.28664,28.28513,28.296772,28.31665,28.330734,28.351435,28.381762,28.415157,28.473331,28.539967,28.571804,28.594675,28.599607,28.581106,28.538803,28.431023,28.28397,28.346855,28.433693,28.325119,28.069172,27.859734,27.826672,27.843393,27.85171
14.5,,,,,,,,,,,,,,,,,,26.930628,26.961586,26.978395,26.986826,26.997171,27.00012,26.984293,26.954733,26.920406,26.866196,26.825642,26.846706,26.859787,26.859705,26.917326,26.936247,26.864298,26.756342,26.458654,26.050482,25.883055,25.915825,25.832352,25.767279,25.73491,25.758371,25.79406,25.738949,25.670692,25.667664,25.614838,25.566214,25.58111,25.590776,25.633661,25.618725,25.599981,25.619495,25.68802,25.808947,25.92673,26.017136,26.08948,26.141685,26.188719,26.23562,26.280006,26.307653,26.330507,26.352547,26.38425,26.422106,26.447647,26.476076,26.501091,26.52348,26.52868,26.531576,26.524847,26.518269,26.512892,26.52197,26.558746,26.613014,26.71215,26.781187,26.817999,26.803793,26.75666,26.695848,26.638826,26.596117,26.557613,26.526918,26.502554,26.494614,26.514019,26.553087,26.593555,26.610516,26.656507,26.692205,26.6809,26.708897,26.770489,26.780102,26.771345,26.77015,26.797157,26.889622,27.016459,27.117027,27.17163,27.188353,27.173101,27.116585,27.06326,27.033,27.01393,26.98181,26.930765,26.874039,26.756498,26.62523,26.487349,26.32,26.15265,26.021059,25.969416,25.967237,26.01071,26.132057,26.24422,26.320896,26.380772,26.418163,26.377544,26.284369,26.175264,26.074669,25.981466,26.060852,26.304918,26.500906,26.622164,26.633322,26.512384,26.476845,26.689405,26.92306,27.064667,27.128279,27.176855,27.233294,27.289927,27.274319,27.26487,27.226866,27.128267,27.069752,27.072708,27.099398,27.137314,27.166998,27.1993,27.243893,27.275225,27.299717,27.223925,27.007683,26.71983,26.44023,26.308931,26.2592,26.234653,26.265394,26.307898,26.351645,26.384502,26.416464,26.457113,26.46484,26.446985,26.467714,26.531334,26.601448,26.714706,26.98207,27.364296,27.62768,27.69835,27.639868,27.521784,27.379385,27.199577,27.035389,27.045237,27.225622,27.378159,27.332647,27.14424,26.94606,26.7915,26.73986,26.819227,26.903362,26.92493,26.956438,26.98362,26.983236,26.961632,26.943302,26.913774,26.875975,26.836592,26.824305,26.817371,26.833107,26.864151,26.9357,27.084522,27.263014,27.477661,27.643671,27.823023,27.999678,28.146267,28.285368,28.416574,28.418402,28.374977,28.391478,28.463125,28.531664,28.620787,28.750301,28.89627,29.018744,29.144106,29.234762,29.35619,29.460537,29.520826,29.529629,29.475927,29.317577,29.285795,29.23337,29.191586,28.96176,28.6038,28.303143,28.106438,28.015362,27.981527,28.013699,28.070616,28.13449,28.208399,28.261137,28.285912,28.311026,28.35195,28.423094,28.470407,28.57041,28.68341,28.76997,28.829508,28.88864,28.910257,28.923231,28.92658,28.943354,28.961191,28.926205,28.886251,28.943775,29.127134,29.324753,29.458094,29.449213,29.241016,28.995235,28.838238,28.74291,28.742846,28.79002,28.814583,28.79832,28.776728,28.746716,28.712706,28.71604,28.72997,28.751083,28.781126,28.783998,28.756104,28.76017,28.82544,28.886635,28.910915,28.983343,29.148363,29.269026,29.344362,29.398195,29.512547,29.697409,29.789906,29.834162,29.799398,29.73086,29.628891,29.461424,29.385313,29.361742,29.320934,29.265379,29.174768,28.99164,28.825274,28.681763,,,,,,,,,,,,,,,,,,,,,,,,,,,,,,,,,,,,,,,,,,,,,,,,,,,,,,,,,,,,,,,,,,,,,,26.636574,26.649937,26.689371,26.641033,26.793592,27.895836,27.891392,28.054743,28.053768,28.05402,28.061342,27.965706,27.834742,27.744997,27.705273,27.734386,27.78755,27.9116,28.082138,28.180096,28.115734,27.952614,27.735495,27.43773,27.174927,26.93926,26.854708,26.92032,27.08656,27.239473,27.264019,27.154911,26.94128,26.773062,26.670357,26.637482,26.631416,26.645824,26.657152,26.719564,26.750643,26.77883,26.82105,26.812195,26.803465,26.800611,26.7725,26.852331,26.883272,26.968813,27.271963,27.596836,27.676147,27.591694,27.53952,27.534912,27.609556,27.7309,27.845999,27.946287,27.987034,28.013288,27.855463,27.467762,27.605679,27.650513,27.623253,27.631693,27.638138,27.63554,27.659735,27.693151,27.731823,27.762733,27.833836,27.940811,28.00377,27.942574,27.90329,27.78376,27.554989,27.581806,27.657675,27.712765,27.774616,27.78841,27.852655,27.955448,28.007818,28.059597,28.129047,28.180063,28.193539,28.206345,28.236023,28.271927,28.297438,28.312765,28.328138,28.338453,28.348824,28.356659,28.367525,28.375448,28.374996,28.373472,28.371792,28.379025,28.386557,28.401701,28.418074,28.44152,28.511389,28.572796,28.60433,28.626265,28.633234,28.608103,28.564285,28.451672,28.304003,28.368986,28.437132,28.33122,28.089897,27.861622,27.81615,27.824179,27.847618
14.416672,,,,,,,,,,,,,,,,,26.907938,26.939249,26.978266,27.026209,27.058931,27.064949,27.06491,27.046267,26.985712,26.958958,26.888025,26.83711,26.80609,26.832737,26.828493,26.840122,26.90686,26.880775,26.78242,26.51446,26.110508,25.823294,25.814745,25.78147,25.735048,25.767105,25.78256,25.782322,25.701292,25.653791,25.645313,25.569414,25.544298,25.550524,25.561382,25.583536,25.57068,25.592089,25.64468,25.707499,25.810633,25.889662,25.968405,26.041473,26.095858,26.162186,26.221807,26.290956,26.32943,26.343626,26.342937,26.349346,26.364418,26.370995,26.397243,26.436014,26.492836,26.548586,26.612549,26.653873,26.68168,26.709843,26.769726,26.816124,26.89035,26.90316,26.896341,26.84718,26.76804,26.69189,26.622118,26.566706,26.523428,26.481318,26.449179,26.437973,26.455805,26.494755,26.544905,26.593443,26.632044,26.685886,26.716093,26.71521,26.74847,26.8108,26.811441,26.802694,26.820326,26.83434,26.940615,27.077942,27.183777,27.250305,27.29472,27.316769,27.282578,27.213686,27.160166,27.099281,27.036726,26.988417,26.935144,26.873713,26.780079,26.650114,26.477701,26.285706,26.131416,26.03808,26.007029,26.040058,26.16689,26.27842,26.340479,26.379448,26.39589,26.358696,26.30005,26.209143,26.098637,26.030025,26.178253,26.422937,26.582296,26.66573,26.618822,26.482346,26.543856,26.797125,26.999788,27.096859,27.144793,27.195318,27.259138,27.299286,27.300112,27.277622,27.240961,27.136002,27.071249,27.076923,27.11366,27.164558,27.194798,27.21721,27.251862,27.283154,27.294304,27.240278,27.05906,26.814875,26.55453,26.393293,26.309721,26.269175,26.268421,26.283627,26.320366,26.352873,26.401363,26.453945,26.459019,26.441795,26.474619,26.5377,26.61214,26.792639,27.154999,27.539808,27.719862,27.713238,27.607933,27.464561,27.324556,27.167255,27.024084,27.036894,27.220663,27.397259,27.377033,27.191841,26.979467,26.812668,26.753637,26.845354,26.94132,26.970934,26.978441,26.993431,26.992897,26.97601,26.942871,26.921976,26.915394,26.914745,26.916616,26.917,26.930693,26.997078,27.133097,27.337938,27.569538,27.753353,27.919909,28.054106,28.169628,28.309635,28.431456,28.446991,28.385809,28.411919,28.477924,28.53528,28.595055,28.681215,28.79512,28.89398,29.013165,29.132164,29.261488,29.390432,29.496847,29.538956,29.556541,29.516243,29.389801,29.2832,29.245167,29.1982,29.048727,28.699224,28.304605,28.105145,28.037136,28.002926,28.003193,28.04069,28.100355,28.144718,28.173485,28.26172,28.318111,28.32733,28.330334,28.375326,28.51282,28.667027,28.776915,28.852308,28.905622,28.937689,28.954996,28.967718,28.9766,28.981028,28.958876,28.917547,28.935884,29.093237,29.300596,29.44663,29.483797,29.366573,29.1318,28.921984,28.79973,28.739025,28.77278,28.8152,28.826092,28.809565,28.789057,28.76936,28.75467,28.735903,28.74194,28.744081,28.736233,28.72075,28.755022,28.829504,28.918571,28.941357,28.933935,29.049402,29.212612,29.31097,29.368979,29.474295,29.661383,29.768757,29.830675,29.83815,29.779676,29.707577,29.600794,29.478958,29.421278,29.391111,29.322802,29.221615,29.069262,28.889763,28.67799,28.363243,,,,,,,,,,,,,,,,,,,,,,,,,,,,,,,,,,,,,,,,,,,,,,,,,,,,,,,,,,,,,,,,,,,,,26.692543,26.59804,26.726456,26.842665,27.249847,27.900278,27.936077,28.083607,28.074411,28.076082,28.067688,27.969458,27.854162,27.743418,27.689703,27.723701,27.75861,27.831806,27.961372,28.105211,28.118223,28.009848,27.833332,27.598343,27.311804,27.057936,26.869131,26.798603,26.892015,27.08165,27.216473,27.25006,27.167938,27.019533,26.892956,26.781485,26.7172,26.697458,26.67253,26.712175,26.72636,26.73538,26.79738,26.78603,26.804323,26.808336,26.82052,26.882458,26.92131,27.04211,27.376366,27.67006,27.692383,27.610529,27.599842,27.616457,27.672907,27.777376,27.876846,27.96702,28.00452,28.018103,27.880335,27.44635,27.57493,27.650635,27.626358,27.636326,27.661901,27.698477,27.73966,27.777231,27.778591,27.795286,27.870552,28.003836,28.066605,27.99941,27.955936,27.911335,27.77988,27.611055,27.685453,27.71089,27.747084,27.816536,27.941284,28.003939,28.04687,28.111519,28.173523,28.177258,28.175804,28.20605,28.259459,28.314396,28.357935,28.391655,28.413534,28.430023,28.4448,28.456804,28.4721,28.473671,28.466692,28.463224,28.449284,28.440695,28.449678,28.455263,28.458641,28.493912,28.557531,28.60427,28.629194,28.63586,28.641659,28.620697,28.578833,28.463886,28.315725,28.383684,28.439259,28.29881,28.113901,27.904959,27.837318,27.829609,27.845331
14.333336,,,,,,,,,,,,,,,,,26.925316,26.995697,27.02801,27.035557,27.052084,27.05302,27.053278,27.050797,27.006088,26.94202,26.876505,26.82007,26.800938,26.806135,26.829044,26.810673,26.826609,26.859848,26.805592,26.597092,26.224121,25.834436,25.745686,25.756197,25.740126,25.79016,25.794905,25.756227,25.674496,25.644733,25.620996,25.536694,25.508095,25.50726,25.518448,25.546097,25.566229,25.596952,25.625088,25.666658,25.743034,25.80017,25.880625,25.943184,26.005363,26.082592,26.163406,26.265026,26.341475,26.384499,26.39817,26.399275,26.40151,26.377766,26.373392,26.400341,26.4595,26.522661,26.607922,26.672718,26.732159,26.82733,26.873404,26.888916,26.87038,26.841711,26.777483,26.691313,26.616537,26.568644,26.530098,26.49783,26.469027,26.454878,26.448483,26.45038,26.474497,26.516996,26.577087,26.642366,26.691805,26.742413,26.745129,26.756699,26.808296,26.852327,26.829607,26.828476,26.852005,26.886072,27.003021,27.1396,27.239958,27.298153,27.347488,27.386995,27.398659,27.355352,27.301006,27.245483,27.159424,27.107254,27.054157,26.95784,26.887167,26.788431,26.634434,26.443645,26.267668,26.147726,26.096224,26.114088,26.231312,26.319658,26.361658,26.384705,26.386547,26.351452,26.2994,26.202242,26.132666,26.156593,26.377628,26.575409,26.670355,26.688112,26.578403,26.46708,26.648123,26.904564,27.059307,27.120798,27.156263,27.218437,27.28481,27.312435,27.307137,27.299984,27.263588,27.154987,27.082186,27.085625,27.126778,27.18877,27.230139,27.24622,27.263323,27.292032,27.30159,27.257341,27.096388,26.887646,26.66055,26.489452,26.38075,26.316343,26.282515,26.279984,26.304926,26.337835,26.40301,26.4571,26.454607,26.445662,26.49323,26.550844,26.650322,26.924707,27.358364,27.66917,27.761631,27.698086,27.549385,27.395247,27.256203,27.120922,26.99831,27.020239,27.209068,27.405064,27.421291,27.24846,27.037827,26.867067,26.794989,26.888874,26.990683,27.014442,27.02526,27.06131,27.093168,27.10304,27.093313,27.102533,27.128237,27.140001,27.142511,27.146055,27.18711,27.28245,27.453556,27.658693,27.83901,28.015396,28.148079,28.26178,28.378233,28.47417,28.476862,28.415031,28.420687,28.487888,28.549875,28.597004,28.6455,28.719107,28.785044,28.873545,29.016777,29.18197,29.31564,29.42584,29.52299,29.553787,29.555767,29.504545,29.405457,29.2635,29.236853,29.166178,29.109316,28.774776,28.29465,28.055391,28.029156,28.04412,28.046696,28.065376,28.105017,28.15715,28.24809,28.307762,28.26956,28.207344,28.299282,28.504147,28.692215,28.824892,28.904324,28.946089,28.966642,28.98536,29.00457,29.0163,29.040997,29.054523,29.032902,28.978512,28.949419,29.074137,29.276215,29.428547,29.494251,29.456718,29.300377,29.115711,28.925184,28.783735,28.74583,28.762514,28.765957,28.784334,28.78662,28.769379,28.751135,28.74876,28.742693,28.748291,28.744755,28.722137,28.749554,28.827951,28.955528,29.003252,28.952412,28.970339,29.15093,29.274282,29.340948,29.429941,29.6204,29.750462,29.821703,29.840824,29.80846,29.743595,29.70463,29.61777,29.51153,29.463148,29.40833,29.326397,29.186178,28.941057,28.660994,28.36707,,,,,,,,,,,,,,,,,,,,,,,,,,,,,,,,,,,,,,,,,,,,,,,,,,,,,,,,,,,,,,,,,,,,,26.786375,26.672712,26.723267,26.931503,27.555058,27.90111,27.940588,28.097795,28.075752,28.08584,28.09692,27.972284,27.845205,27.711023,27.684244,27.696455,27.695501,27.74327,27.810104,27.921124,28.054375,28.085115,27.987947,27.78902,27.545868,27.289787,27.05791,26.8581,26.785288,26.872059,27.024149,27.163055,27.210445,27.178612,27.113613,27.017593,26.927963,26.892157,26.835241,26.84151,26.848255,26.829098,26.88027,26.851301,26.877337,26.87661,26.88237,26.922688,26.98184,27.146202,27.510351,27.74481,27.708088,27.627268,27.637917,27.677328,27.727694,27.810802,27.902813,27.985302,28.017778,28.015823,27.854507,27.408161,27.577106,27.66014,27.63289,27.65937,27.729061,27.805244,27.847397,27.860958,27.832434,27.85453,27.952858,28.087046,28.106403,28.039501,28.002142,27.984705,27.938532,27.797007,27.750326,27.768124,27.827345,27.941063,28.00527,28.039553,28.104132,28.16517,28.162556,28.14014,28.204529,28.295753,28.37835,28.4331,28.469225,28.487036,28.50692,28.52742,28.560469,28.586393,28.612482,28.625742,28.613205,28.586477,28.55871,28.526535,28.520985,28.507784,28.510752,28.553852,28.603598,28.632425,28.63881,28.654064,28.657803,28.630987,28.589941,28.464573,28.31794,28.408663,28.444744,28.284014,28.12888,27.973886,27.904202,27.865175,27.887983
14.25,,,,,,,,,,,,,,,,26.925625,26.998518,27.005903,26.95496,26.945755,26.990013,27.038502,27.070759,27.081686,27.029202,26.939262,26.85456,26.793707,26.762585,26.77648,26.811558,26.820272,26.791271,26.795124,26.78396,26.647827,26.336702,25.91617,25.719439,25.73069,25.745169,25.798264,25.777225,25.702374,25.634548,25.627504,25.5907,25.497068,25.460852,25.46967,25.495758,25.531006,25.557907,25.554556,25.549486,25.57799,25.629152,25.659962,25.724075,25.768213,25.834354,25.915527,26.012426,26.148191,26.272863,26.361473,26.406996,26.426382,26.43554,26.41128,26.39475,26.441767,26.526497,26.603912,26.68372,26.733124,26.78572,26.795727,26.793905,26.780285,26.748049,26.699532,26.63186,26.584736,26.559362,26.54857,26.538317,26.52946,26.528154,26.530085,26.526197,26.517403,26.52515,26.558144,26.62321,26.694407,26.7567,26.787703,26.805256,26.837254,26.881344,26.87635,26.848505,26.865665,26.892792,26.94937,27.08198,27.20368,27.273888,27.317987,27.377808,27.425802,27.451193,27.434385,27.39362,27.348944,27.265722,27.202486,27.164785,27.080671,26.98703,26.868546,26.727345,26.577435,26.404987,26.29052,26.202879,26.210136,26.299187,26.352188,26.377352,26.404423,26.39963,26.370304,26.321154,26.25416,26.263733,26.39808,26.600674,26.70199,26.720552,26.676937,26.519152,26.503054,26.775858,26.994999,27.095945,27.130596,27.165873,27.24476,27.313725,27.332628,27.330072,27.322582,27.285107,27.175825,27.097786,27.097664,27.13823,27.207413,27.265469,27.282118,27.285479,27.303864,27.310244,27.273798,27.1262,26.937963,26.737097,26.564737,26.44221,26.3654,26.315628,26.298107,26.311756,26.344614,26.410944,26.454252,26.447247,26.46306,26.517796,26.568224,26.736038,27.115084,27.534353,27.746948,27.765938,27.651377,27.474016,27.315695,27.185787,27.068054,26.966486,26.998833,27.200743,27.410248,27.469225,27.329784,27.139473,26.97672,26.870161,26.927605,27.028923,27.062906,27.12325,27.220306,27.292995,27.331192,27.344133,27.368315,27.387398,27.406757,27.423304,27.447634,27.522448,27.639017,27.785694,27.958473,28.111305,28.237978,28.35535,28.45897,28.532587,28.524927,28.438206,28.425938,28.493166,28.559124,28.604252,28.643827,28.695583,28.750679,28.807566,28.932919,29.108887,29.246634,29.371563,29.466156,29.541653,29.558672,29.543976,29.482063,29.365484,29.24011,29.199884,29.134539,29.123629,28.830397,28.285397,27.931328,27.963823,28.031607,28.089254,28.132965,28.184711,28.230074,28.24449,28.177122,28.108982,28.253841,28.48634,28.69183,28.83944,28.946278,29.021442,29.066862,29.088839,29.101177,29.107683,29.115028,29.138243,29.129927,29.071426,28.98809,28.942122,29.04565,29.24512,29.41242,29.489367,29.48878,29.41337,29.296543,29.138866,28.975004,28.810926,28.73001,28.709883,28.708002,28.721571,28.738113,28.75232,28.743654,28.756426,28.76172,28.77214,28.759804,28.768284,28.821255,28.93823,29.025824,29.007208,28.951643,29.062346,29.229954,29.31819,29.405714,29.583378,29.722876,29.810055,29.841377,29.825138,29.79278,29.76143,29.713955,29.605597,29.541016,29.505953,29.440907,29.373701,29.165003,28.891537,28.584143,,,,,,,,,,,,,,,,,,,,,,,,,,,,,,,,,,,,,,,,,,,,,,,,,,,,,,,,,,,,,,,,,,,,,26.837317,26.72269,26.722006,27.00938,27.550137,27.860777,27.929575,28.10671,28.05301,28.11199,28.14084,28.059452,27.917799,27.744186,27.663464,27.681301,27.700165,27.698349,27.673094,27.752123,27.888008,28.058857,28.103056,27.978071,27.7914,27.553846,27.285414,27.026772,26.854734,26.784134,26.82869,26.941336,27.059286,27.138603,27.143244,27.12596,27.073616,27.051023,26.995544,27.001646,26.9632,26.96189,26.953047,26.900784,26.92547,26.894915,26.906242,26.95476,27.056892,27.290295,27.664814,27.806337,27.71335,27.654694,27.6867,27.735836,27.78236,27.850218,27.927158,28.004528,28.033377,28.013376,27.791384,27.377087,27.602362,27.668385,27.65427,27.706884,27.824608,27.911127,27.958641,27.964598,27.916597,27.95702,28.066717,28.153103,28.142656,28.093262,28.067461,28.054535,28.036713,27.973906,27.907812,27.917831,27.975622,28.02129,28.040653,28.093021,28.158205,28.172604,28.148829,28.221766,28.335058,28.433275,28.504278,28.536781,28.547173,28.543852,28.541203,28.546282,28.58881,28.644217,28.68216,28.710892,28.706583,28.686787,28.658674,28.620573,28.596252,28.57733,28.585577,28.618355,28.64778,28.650484,28.650183,28.652843,28.660574,28.635231,28.583809,28.458988,28.313753,28.441055,28.475077,28.342716,28.18951,28.082579,28.03247,27.991104,27.97904
14.166672,,,,,,,,,,,,,,,26.915325,26.98133,26.964499,26.90136,26.845675,26.846214,26.912823,27.010923,27.075155,27.101717,27.032597,26.913282,26.799877,26.748465,26.701122,26.720339,26.772106,26.814957,26.804728,26.760649,26.743587,26.658897,26.427858,26.044418,25.739408,25.717491,25.739668,25.798025,25.77,25.685305,25.614122,25.592815,25.56357,25.479181,25.427494,25.434238,25.48751,25.522558,25.522295,25.487696,25.458506,25.46955,25.484493,25.494678,25.532528,25.582632,25.657934,25.751154,25.862772,26.019886,26.18149,26.31484,26.40423,26.431713,26.452772,26.425945,26.395489,26.443375,26.551434,26.662329,26.763458,26.801882,26.80132,26.780134,26.74762,26.70109,26.653254,26.626352,26.609724,26.609787,26.613632,26.616308,26.613373,26.610535,26.606379,26.604595,26.590834,26.564962,26.54865,26.573143,26.645279,26.731825,26.805782,26.84337,26.85062,26.870663,26.895216,26.87739,26.859095,26.906649,26.940199,27.019604,27.164162,27.244171,27.283268,27.341633,27.4058,27.459204,27.472006,27.456896,27.428175,27.398197,27.32769,27.261765,27.23112,27.17426,27.080711,26.973389,26.84466,26.696037,26.535395,26.414783,26.300524,26.304203,26.350271,26.378325,26.404736,26.44437,26.449055,26.444757,26.425447,26.441936,26.512342,26.650244,26.756264,26.761074,26.732496,26.618477,26.477762,26.624441,26.902506,27.058783,27.11443,27.13197,27.179142,27.275047,27.335629,27.360252,27.34261,27.338364,27.30431,27.199228,27.118244,27.11449,27.151613,27.225788,27.297733,27.314165,27.307093,27.318485,27.32216,27.285498,27.14787,26.967888,26.783997,26.618082,26.491693,26.412466,26.355776,26.327797,26.335127,26.366955,26.41908,26.45072,26.453693,26.497349,26.540354,26.611778,26.896376,27.330372,27.658087,27.784187,27.74591,27.586481,27.393665,27.236202,27.113483,27.010965,26.93393,26.980967,27.191408,27.407051,27.50485,27.413889,27.269236,27.156239,27.040215,27.01324,27.111507,27.184273,27.29472,27.425587,27.526438,27.581924,27.602907,27.619331,27.638412,27.676025,27.716785,27.776684,27.831465,27.914204,28.062424,28.189716,28.312033,28.445772,28.542406,28.598164,28.589323,28.497475,28.444435,28.488853,28.557806,28.604294,28.652958,28.699581,28.751608,28.807335,28.856478,29.025482,29.181105,29.294273,29.406765,29.494469,29.549305,29.543911,29.511509,29.451456,29.299706,29.17939,29.15033,29.117561,29.109941,28.89302,28.335714,27.885073,27.882092,27.960585,28.02743,28.078053,28.105635,28.11025,28.076508,28.098415,28.274462,28.505667,28.717205,28.87016,28.988655,29.078653,29.129038,29.157366,29.172054,29.169598,29.167803,29.159885,29.156101,29.11268,29.02923,28.969292,28.94476,29.028528,29.21778,29.39347,29.479704,29.48246,29.428938,29.328646,29.227835,29.144373,29.063776,28.883442,28.741173,28.706385,28.69507,28.700748,28.716282,28.723244,28.75768,28.778557,28.785606,28.761902,28.752039,28.797024,28.903168,29.023687,29.043743,28.976538,28.974401,29.166801,29.28916,29.38689,29.555796,29.695251,29.794031,29.842402,29.854336,29.834194,29.81703,29.765884,29.684353,29.617414,29.582546,29.546932,29.480217,29.351587,29.145416,28.899082,28.682802,,,,,,,,,,,,,,,,,,,,,,,,,,,,,,,,,,,,,,,,,,,,,,,,,,,,,,,,,,,,,,,,,,,,26.83764,26.752905,26.678213,26.958775,27.457304,27.846102,27.940197,28.104536,28.051739,28.141634,28.155125,28.100946,27.987972,27.78738,27.655602,27.650032,27.678848,27.715816,27.65796,27.653677,27.729633,27.892633,28.063332,28.078484,27.980694,27.828556,27.58296,27.296398,27.021633,26.836388,26.738272,26.76111,26.831663,26.924013,26.9975,27.042269,27.03571,27.034042,26.985777,26.990206,26.947035,26.936234,26.925037,26.875608,26.925125,26.906214,26.931974,27.043592,27.174772,27.470165,27.820358,27.829144,27.715757,27.690523,27.738382,27.78631,27.829163,27.883366,27.95199,28.02065,28.038696,27.999315,27.72315,27.373234,27.606005,27.68197,27.680178,27.770676,27.906227,27.982965,28.013155,28.015924,28.033781,28.093035,28.166092,28.196981,28.181772,28.167715,28.139612,28.131012,28.112753,28.07816,28.044456,28.035822,28.046013,28.052893,28.090883,28.150482,28.191261,28.184992,28.225285,28.353565,28.46012,28.507017,28.531452,28.546787,28.539831,28.52122,28.494404,28.482506,28.544344,28.630365,28.68691,28.726475,28.726213,28.723295,28.700212,28.673367,28.652117,28.64061,28.647776,28.666117,28.66288,28.672934,28.654072,28.65175,28.6601,28.63531,28.573942,28.444502,28.303814,28.469246,28.521315,28.449013,28.335506,28.250893,28.221092,28.19104,28.166422
14.083336,,,,,,,,,,,,,,26.82367,26.974455,26.945044,26.858276,26.74115,26.682278,26.708132,26.827862,26.97358,27.061628,27.101786,27.006681,26.84702,26.700493,26.642115,26.63053,26.645601,26.702974,26.774246,26.811707,26.779913,26.721582,26.657064,26.507912,26.213743,25.846746,25.713806,25.7396,25.78459,25.785255,25.718834,25.63294,25.584303,25.539062,25.462597,25.401035,25.41624,25.476152,25.49793,25.483799,25.420776,25.366758,25.36408,25.357182,25.365334,25.405949,25.460552,25.53913,25.640774,25.759241,25.928873,26.112148,26.276735,26.413698,26.467422,26.49202,26.475508,26.43696,26.479298,26.57953,26.67909,26.7541,26.748749,26.725716,26.698141,26.667906,26.647911,26.646662,26.653772,26.659248,26.663696,26.657906,26.6523,26.640532,26.631124,26.622478,26.620422,26.605328,26.5754,26.552242,26.58165,26.662825,26.763088,26.84361,26.864338,26.843634,26.851912,26.850685,26.858997,26.905975,26.97546,27.00927,27.11659,27.230852,27.262678,27.317236,27.393267,27.45312,27.488363,27.482817,27.45525,27.429447,27.402712,27.347652,27.290628,27.260216,27.23331,27.169565,27.086641,26.956406,26.793905,26.642467,26.49756,26.380993,26.364994,26.377768,26.411385,26.463705,26.516397,26.541271,26.567013,26.586155,26.653957,26.7075,26.799612,26.808737,26.76813,26.703922,26.55226,26.495157,26.762632,26.999346,27.093252,27.118734,27.13516,27.204838,27.307858,27.362196,27.374117,27.36183,27.361044,27.33012,27.228672,27.143805,27.139269,27.171852,27.241804,27.325365,27.344986,27.324703,27.332323,27.336975,27.288914,27.171988,26.995266,26.817743,26.659676,26.538155,26.459553,26.404194,26.369423,26.370714,26.395494,26.43409,26.452187,26.481062,26.533422,26.565767,26.728521,27.113728,27.514324,27.736753,27.791086,27.706245,27.523705,27.322706,27.167343,27.049124,26.959522,26.90913,26.969194,27.171495,27.393082,27.524883,27.493607,27.402485,27.353264,27.286617,27.225739,27.269712,27.377607,27.486454,27.611532,27.717125,27.785072,27.832512,27.856857,27.899075,27.933575,27.966305,28.00666,28.070051,28.157183,28.262224,28.38727,28.494188,28.596245,28.641497,28.647139,28.572985,28.48923,28.484396,28.548374,28.615,28.659693,28.709642,28.750345,28.814201,28.858353,28.93325,29.100233,29.223274,29.326912,29.433983,29.509048,29.541397,29.50156,29.4389,29.391489,29.256514,29.113848,29.086193,29.080452,29.055286,28.94804,28.445864,27.992437,27.862015,27.905968,27.948303,27.9968,28.028433,28.091063,28.172028,28.345135,28.540213,28.71998,28.87773,29.006575,29.106556,29.164076,29.177565,29.17265,29.15805,29.142145,29.130604,29.111277,29.08525,29.028028,28.977442,28.976402,28.992151,29.03501,29.188086,29.364044,29.466373,29.474586,29.425428,29.335253,29.26056,29.193922,29.150381,29.081688,28.97158,28.836403,28.742884,28.717625,28.701902,28.708899,28.735006,28.746809,28.76061,28.734701,28.724224,28.77299,28.88521,29.006453,29.049976,28.975075,28.938328,29.114033,29.252285,29.34456,29.508429,29.664827,29.769653,29.838001,29.889149,29.88247,29.874582,29.807287,29.732164,29.672453,29.637386,29.601578,29.55817,29.461533,29.360462,29.235043,29.0186,,,,,,,,,,,,,,,,,,,,,,,,,,,,,,,,,,,,,,,,,,,,,,,,,,,,,,,,,,,,,,,,,,,,26.863972,26.759634,26.66886,26.938622,27.417995,27.81027,27.946531,28.091732,28.02961,28.160849,28.20508,28.186375,28.122524,27.92929,27.696922,27.599117,27.622929,27.66935,27.662489,27.663351,27.68596,27.737228,27.884998,27.99633,28.018269,28.038582,27.935392,27.706001,27.397339,27.122402,26.895447,26.77204,26.732244,26.758265,26.814304,26.8627,26.893034,26.921741,26.915854,26.930128,26.909027,26.92772,26.916737,26.914185,26.969568,26.933176,27.008232,27.149174,27.339157,27.704885,27.933014,27.817421,27.722816,27.731586,27.784561,27.823288,27.857885,27.903742,27.973818,28.04226,28.05396,27.998913,27.677494,27.36669,27.612982,27.691666,27.708927,27.81824,27.961761,28.029175,28.0651,28.096169,28.15282,28.215174,28.237951,28.24143,28.226006,28.224073,28.20533,28.189379,28.171545,28.13718,28.097733,28.076807,28.075008,28.093163,28.14382,28.20036,28.229618,28.237198,28.327442,28.45285,28.494106,28.520638,28.511343,28.511644,28.508362,28.485569,28.433413,28.410812,28.473198,28.578901,28.656693,28.700247,28.719873,28.729885,28.718487,28.701645,28.685627,28.678205,28.67488,28.669899,28.676054,28.6729,28.651672,28.649189,28.651384,28.629267,28.551414,28.408226,28.281178,28.465895,28.526402,28.518047,28.493753,28.456484,28.421686,28.397627,28.385206
14.0,,,,26.982212,26.993265,26.968876,26.83266,,,,26.647997,26.884201,26.905664,26.909517,26.942232,26.855156,26.686274,26.576384,26.53158,26.64662,26.813498,26.974785,27.071787,27.112026,26.980162,26.78241,26.617579,26.530798,26.512953,26.54845,26.625816,26.706778,26.78384,26.798853,26.74456,26.665974,26.564692,26.367313,26.035269,25.769253,25.734634,25.755524,25.80645,25.768568,25.677256,25.59238,25.528906,25.45312,25.379065,25.390165,25.458096,25.481869,25.444317,25.366777,25.297537,25.286839,25.280952,25.301352,25.339912,25.394793,25.466877,25.565546,25.695808,25.88093,26.072323,26.250914,26.416239,26.488955,26.517618,26.508398,26.471504,26.51864,26.631582,26.733175,26.766062,26.709965,26.64898,26.609156,26.620455,26.648932,26.66564,26.676773,26.671772,26.667072,26.650826,26.64314,26.624655,26.613382,26.605299,26.608442,26.604975,26.578276,26.554667,26.581926,26.665224,26.773823,26.861057,26.894745,26.868649,26.839655,26.849705,26.912773,26.978794,27.030926,27.077415,27.196255,27.259008,27.288813,27.369188,27.441957,27.486029,27.494162,27.471626,27.441662,27.418606,27.396767,27.356266,27.312433,27.289837,27.279648,27.23651,27.144798,27.005566,26.855375,26.71631,26.547068,26.419302,26.389763,26.410105,26.470146,26.542685,26.595276,26.636547,26.677326,26.71961,26.776463,26.801867,26.840555,26.802502,26.743378,26.656744,26.508257,26.598085,26.90141,27.060688,27.102798,27.116152,27.142105,27.234657,27.345757,27.383835,27.390764,27.384459,27.390177,27.368488,27.275002,27.174679,27.166882,27.194832,27.256922,27.34696,27.384245,27.35535,27.349033,27.351131,27.301876,27.195248,27.036335,26.868872,26.723263,26.60548,26.522692,26.46496,26.420532,26.412746,26.427916,26.452803,26.478668,26.524954,26.563927,26.646782,26.94057,27.346828,27.639126,27.773857,27.772654,27.655275,27.461884,27.26403,27.11501,27.002275,26.92397,26.89871,26.962635,27.146547,27.360477,27.519926,27.550106,27.501299,27.50233,27.508724,27.486824,27.508993,27.576336,27.648962,27.743513,27.86295,27.959972,28.031538,28.08038,28.121788,28.149872,28.198858,28.245544,28.290524,28.357893,28.438848,28.523567,28.59011,28.653137,28.685265,28.659544,28.57188,28.512825,28.538664,28.606995,28.666183,28.709925,28.74651,28.795029,28.843853,28.85906,29.001415,29.14887,29.249544,29.352589,29.457447,29.501574,29.499226,29.436686,29.355982,29.292547,29.194124,29.057278,29.027925,29.01678,28.990587,28.961418,28.580383,28.167349,27.985264,27.992105,28.03256,28.097477,28.186369,28.30747,28.41974,28.545046,28.699648,28.866346,28.999842,29.095018,29.156233,29.166634,29.145163,29.125135,29.106598,29.101336,29.096506,29.088947,29.077702,29.055815,29.029581,29.04732,29.085356,29.101822,29.168997,29.313066,29.440502,29.487637,29.477316,29.440311,29.414925,29.342733,29.309288,29.262617,29.121523,29.019066,28.93667,28.840546,28.749268,28.708351,28.703737,28.710361,28.723797,28.700167,28.736456,28.795612,28.910702,29.005432,29.045408,28.948397,28.918404,29.07999,29.224356,29.323462,29.476398,29.646908,29.766275,29.83267,29.902441,29.908758,29.914854,29.865047,29.785782,29.703144,29.670162,29.625044,29.588867,29.514061,29.452868,29.411646,29.252518,,,,,,,,,,,,,,,,,,,,,,,,,,,,,,,,,,,,,,,,,,,,,,,,,,,,,,,,,,,,,,,,,,,,26.866953,26.785662,26.68118,26.902988,27.432058,27.803665,27.955738,28.076954,27.998394,28.13524,28.198488,28.225164,28.217094,28.135578,27.892313,27.660713,27.56088,27.577562,27.619852,27.627827,27.667799,27.68607,27.745678,27.828281,27.88952,28.020075,28.091732,28.062044,27.91584,27.67969,27.39492,27.133715,26.938517,26.803211,26.753696,26.737717,26.740149,26.758997,26.772696,26.79538,26.810993,26.843706,26.835154,26.880373,26.884275,26.892178,27.073244,27.25052,27.567495,27.951565,27.985567,27.785051,27.73123,27.777218,27.825272,27.850195,27.874832,27.920963,27.99523,28.060417,28.061255,27.986437,27.655985,27.39105,27.629444,27.69878,27.7277,27.844753,27.987171,28.06173,28.136318,28.196312,28.251467,28.286577,28.286127,28.281805,28.263416,28.259651,28.245577,28.230442,28.202179,28.159662,28.118786,28.102945,28.112051,28.145262,28.198757,28.249464,28.266417,28.301743,28.41352,28.474094,28.492046,28.47931,28.50148,28.496939,28.501656,28.486055,28.427963,28.39311,28.432476,28.531513,28.626526,28.683569,28.723991,28.71574,28.712288,28.70194,28.689522,28.682178,28.67641,28.676662,28.673447,28.666552,28.645414,28.63958,28.633379,28.586205,28.499184,28.362051,28.2594,28.437683,28.485033,28.502632,28.541193,28.562069,28.556253,28.556326,28.561226
13.916672,,26.951052,26.964664,26.982706,26.997128,26.974781,26.9154,26.897333,26.872078,26.847618,26.864702,26.931288,26.900331,26.840784,26.812096,26.639343,26.548433,26.471233,26.488558,26.679247,26.849253,26.999863,27.090847,27.107832,26.93772,26.707758,26.542017,26.452734,26.410906,26.425196,26.502712,26.621784,26.739412,26.79728,26.777426,26.699802,26.614054,26.485186,26.253609,25.961811,25.749071,25.72342,25.780954,25.800047,25.733187,25.621447,25.520512,25.456459,25.390926,25.372858,25.433851,25.455694,25.417381,25.345118,25.267408,25.245638,25.24167,25.258963,25.305212,25.370594,25.455324,25.573606,25.736605,25.94497,26.127707,26.290747,26.453705,26.527676,26.546816,26.52864,26.494484,26.54206,26.652243,26.736893,26.744818,26.68173,26.625002,26.61814,26.656122,26.67742,26.68681,26.686243,26.67851,26.664415,26.652922,26.643288,26.617655,26.59984,26.591053,26.591755,26.60649,26.59712,26.573437,26.588581,26.668625,26.782846,26.880592,26.931768,26.921513,26.901247,26.942373,27.01166,27.064049,27.099848,27.160032,27.25214,27.261473,27.326702,27.41153,27.470688,27.488503,27.467907,27.442867,27.419533,27.400774,27.38685,27.352816,27.3244,27.309872,27.293224,27.23655,27.135721,27.018026,26.894594,26.721325,26.521912,26.41582,26.414953,26.46835,26.547678,26.62067,26.670063,26.718248,26.759892,26.798458,26.822199,26.836864,26.842508,26.778639,26.723778,26.611353,26.52168,26.755684,26.999235,27.084244,27.09962,27.113068,27.15887,27.273867,27.381174,27.409025,27.409874,27.408518,27.421854,27.410105,27.32197,27.2141,27.195463,27.220293,27.288406,27.376715,27.424065,27.397974,27.372894,27.36558,27.323862,27.226822,27.08833,26.926336,26.789824,26.674215,26.58547,26.528011,26.481716,26.468456,26.47543,26.496502,26.53123,26.571611,26.63383,26.840878,27.202637,27.53697,27.720522,27.782188,27.739624,27.606722,27.412739,27.228264,27.09252,26.986334,26.918423,26.908464,26.966564,27.122522,27.309202,27.48186,27.569342,27.5561,27.579792,27.641335,27.673946,27.695637,27.742268,27.795504,27.870571,27.986841,28.097998,28.198748,28.282715,28.341679,28.382166,28.414696,28.44667,28.477814,28.516008,28.548555,28.592478,28.637974,28.684547,28.714062,28.682373,28.596485,28.551065,28.585402,28.656342,28.707752,28.753128,28.784624,28.822247,28.843676,28.887278,29.05212,29.174135,29.261425,29.362669,29.450357,29.474743,29.445679,29.379272,29.303667,29.227238,29.156261,29.029545,28.97687,28.96822,28.932882,28.926483,28.688244,28.354822,28.153383,28.14419,28.202059,28.28581,28.395493,28.47216,28.526634,28.639494,28.815702,28.96428,29.066628,29.135704,29.161503,29.138697,29.126429,29.135315,29.147982,29.158686,29.17482,29.198112,29.20769,29.202452,29.185425,29.18216,29.223753,29.243786,29.22724,29.268528,29.364967,29.445177,29.487747,29.496046,29.494303,29.473068,29.466742,29.486216,29.420767,29.26224,29.1082,28.97358,28.898571,28.802183,28.718716,28.68207,28.69616,28.725548,28.785185,28.856758,28.959473,29.03196,29.025934,28.906576,28.901752,29.065151,29.212725,29.31058,29.471828,29.646723,29.765787,29.837812,29.900455,29.9206,29.92272,29.908585,29.837671,29.729939,29.676575,29.6186,29.56692,29.511158,29.466614,29.450705,29.331194,29.137661,,,,,,,,,,,,,,,,,,,,,,,,,,,,,,,,,,,,,,,,,,,,,,,,,,,,,,,,,,,,,,,,,,,26.865145,26.80554,26.698439,26.873825,27.411608,27.79045,27.951883,28.044838,27.936312,28.073242,28.174355,28.228231,28.253752,28.261244,28.13205,27.880434,27.63254,27.522457,27.546415,27.571455,27.605265,27.640598,27.704393,27.77767,27.780294,27.881346,27.994228,28.079964,28.123096,28.102047,27.99604,27.838406,27.642574,27.447567,27.258543,27.110895,26.998535,26.921421,26.857632,26.82124,26.799171,26.810078,26.799686,26.865883,26.884073,27.038586,27.258213,27.4458,27.829182,28.107786,27.9799,27.792273,27.764143,27.81571,27.848034,27.859278,27.880713,27.933804,28.00841,28.069504,28.065178,27.982357,27.675508,27.392303,27.593712,27.70755,27.728153,27.840458,27.975424,28.069958,28.210302,28.27956,28.31921,28.323692,28.314949,28.30665,28.291744,28.286757,28.278492,28.257587,28.219082,28.177902,28.148123,28.14791,28.16551,28.205032,28.257538,28.298885,28.30639,28.363596,28.4494,28.472218,28.474787,28.476078,28.48182,28.501657,28.515556,28.519756,28.481823,28.412207,28.407732,28.482573,28.567965,28.663866,28.719122,28.709064,28.70232,28.695919,28.686357,28.676926,28.670702,28.662062,28.653347,28.649649,28.62555,28.616665,28.61958,28.554834,28.458239,28.322264,28.247702,28.405333,28.441864,28.474249,28.514116,28.571924,28.61363,28.64933,28.667603
13.833336,26.959438,26.955738,26.95387,26.956303,26.954481,26.927227,26.891714,26.895504,26.880697,26.883465,26.864677,26.860153,26.792841,26.660017,26.6649,26.488155,26.465416,26.436565,26.543148,26.768482,26.899784,27.035189,27.109365,27.095434,26.88086,26.638288,26.490751,26.424257,26.382647,26.353964,26.367996,26.473923,26.63615,26.76169,26.796183,26.743359,26.663046,26.576029,26.43279,26.228146,25.907099,25.732147,25.72646,25.765823,25.768764,25.689274,25.535412,25.4325,25.371279,25.332232,25.375383,25.415545,25.394884,25.342716,25.270348,25.239704,25.229652,25.245039,25.290089,25.371122,25.491182,25.642689,25.841965,26.069773,26.23752,26.377497,26.516293,26.575918,26.57892,26.558289,26.526392,26.57812,26.687347,26.746162,26.693293,26.625347,26.629498,26.680908,26.705069,26.682917,26.687954,26.674982,26.6732,26.665682,26.657894,26.636992,26.592497,26.56336,26.550291,26.547037,26.57309,26.593302,26.587475,26.5947,26.669495,26.780645,26.88179,26.956093,26.98792,27.010674,27.062035,27.115957,27.145641,27.171017,27.243725,27.256992,27.266891,27.352451,27.439508,27.477879,27.4628,27.426445,27.40522,27.366158,27.33573,27.307947,27.28682,27.283379,27.27894,27.2587,27.197508,27.106853,26.991768,26.833717,26.617874,26.455627,26.422754,26.47049,26.554533,26.632168,26.6985,26.740805,26.78486,26.80988,26.83592,26.846085,26.859781,26.83689,26.767738,26.709846,26.582645,26.603592,26.880499,27.053627,27.096218,27.09996,27.122007,27.186031,27.314442,27.416792,27.431461,27.430025,27.436516,27.458216,27.44936,27.371012,27.26782,27.236984,27.263775,27.33454,27.417307,27.464224,27.44507,27.407,27.38218,27.338932,27.251656,27.126457,26.969166,26.839401,26.731152,26.643267,26.58808,26.546898,26.532179,26.539682,26.562674,26.596325,26.660091,26.82668,27.124252,27.445995,27.660666,27.759909,27.774694,27.701895,27.54968,27.361546,27.208347,27.097471,27.011086,26.959059,26.949333,26.987726,27.101242,27.24931,27.409029,27.537,27.571407,27.58917,27.671776,27.76324,27.817,27.861721,27.914022,27.988146,28.117222,28.247677,28.35681,28.43727,28.48276,28.523516,28.539112,28.543287,28.55101,28.583878,28.617815,28.64658,28.678007,28.71838,28.744484,28.71746,28.64353,28.599817,28.627546,28.694048,28.750128,28.786968,28.821348,28.833212,28.835333,28.94371,29.101604,29.179161,29.257828,29.36601,29.43451,29.436039,29.397509,29.335478,29.2856,29.212475,29.133509,29.015858,28.946932,28.926144,28.86709,28.847609,28.732662,28.498459,28.309128,28.265976,28.325212,28.416363,28.479252,28.49203,28.56572,28.744762,28.916828,29.029531,29.112745,29.152227,29.141184,29.130383,29.14398,29.172626,29.206446,29.232817,29.259838,29.289736,29.30585,29.319242,29.331758,29.335125,29.355038,29.376408,29.359226,29.324764,29.328466,29.372822,29.425291,29.456083,29.468216,29.475603,29.48565,29.467016,29.450758,29.471128,29.362652,29.151089,28.990412,28.911144,28.820347,28.716652,28.744051,28.77971,28.849203,28.926237,29.027182,29.062056,28.989296,28.863894,28.897718,29.06325,29.209595,29.29734,29.474657,29.652985,29.778486,29.850267,29.900393,29.916542,29.93343,29.933056,29.880476,29.780617,29.7114,29.627058,29.545034,29.465631,29.402721,29.3607,29.278511,29.112474,,,,,,,,,,,,,,,,,,,,,,,,,,,,,,,,,,,,,,,,,,,,,,,,,,,,,,,,,,,,,,,,,,,,26.841448,26.71503,26.855629,27.37703,27.760063,27.927227,28.013227,27.858164,28.009546,28.13689,28.22109,28.260717,28.28695,28.251484,28.134495,27.861317,27.583641,27.510904,27.55973,27.556581,27.566956,27.635311,27.774153,27.80116,27.867973,27.938585,28.004469,28.06182,28.11643,28.151554,28.147396,28.104,28.017992,27.915665,27.796154,27.66929,27.556273,27.441969,27.335243,27.268785,27.189062,27.167597,27.226864,27.257748,27.466219,27.629839,27.778208,28.069656,28.149174,27.9285,27.798176,27.80858,27.850292,27.85793,27.858707,27.882359,27.949963,28.033363,28.088129,28.074566,27.981867,27.646063,27.369001,27.596766,27.70118,27.725988,27.81961,27.93744,28.07405,28.260902,28.326254,28.353386,28.3378,28.332474,28.324646,28.318783,28.313725,28.302338,28.27294,28.237751,28.202736,28.184761,28.194595,28.225,28.268219,28.315674,28.335798,28.341404,28.405378,28.447058,28.452559,28.454561,28.466984,28.480797,28.4959,28.511116,28.526367,28.520622,28.445812,28.406208,28.436195,28.502419,28.611599,28.694235,28.700602,28.695957,28.687622,28.681543,28.6691,28.654083,28.639526,28.629408,28.626625,28.615711,28.602938,28.591461,28.535429,28.438763,28.298286,28.244228,28.38259,28.427755,28.46916,28.5023,28.566597,28.62877,28.683538,28.705519
13.75,26.935265,26.921041,26.932575,26.914421,26.904434,26.869968,26.838398,26.803623,26.764292,26.730068,26.700037,26.665255,26.601501,26.494303,26.481485,26.451426,26.435783,26.444983,26.656088,26.8365,26.943594,27.069004,27.123062,27.063206,26.809126,26.578138,26.472696,26.44064,26.405565,26.370304,26.337511,26.349878,26.483423,26.657894,26.773493,26.777521,26.713179,26.648712,26.55547,26.463282,26.184258,25.89671,25.722425,25.701057,25.74223,25.735033,25.618872,25.463345,25.375639,25.320065,25.331127,25.361696,25.353626,25.31861,25.271204,25.246128,25.239933,25.260685,25.305346,25.39356,25.542303,25.727158,25.95601,26.188013,26.341164,26.45672,26.564133,26.6042,26.595392,26.56534,26.548412,26.613867,26.721085,26.766565,26.673424,26.601196,26.666454,26.71273,26.687601,26.675636,26.694939,26.68378,26.686466,26.66387,26.64034,26.593088,26.536522,26.514011,26.497873,26.49539,26.519226,26.561436,26.583775,26.5998,26.675346,26.780376,26.878778,26.97095,27.03213,27.075731,27.119783,27.158373,27.162968,27.187538,27.215166,27.207674,27.267818,27.373335,27.452356,27.459726,27.422237,27.379211,27.336708,27.249407,27.202108,27.171343,27.181248,27.204327,27.21331,27.183924,27.110416,27.005127,26.854078,26.666006,26.495686,26.440935,26.48206,26.565626,26.65318,26.719536,26.767326,26.794523,26.823631,26.837095,26.860529,26.865786,26.876024,26.825346,26.765337,26.69407,26.582417,26.723475,26.980042,27.093124,27.098343,27.099707,27.136738,27.218685,27.355282,27.449186,27.453012,27.452652,27.467865,27.4983,27.488298,27.419062,27.322794,27.290775,27.321264,27.388697,27.465334,27.504908,27.493906,27.451036,27.40663,27.356926,27.274618,27.151382,26.993105,26.865242,26.770515,26.696672,26.652029,26.624123,26.614164,26.624294,26.654476,26.721842,26.8751,27.122753,27.397245,27.604986,27.726057,27.773813,27.754171,27.648045,27.471443,27.310064,27.207897,27.139236,27.084848,27.047699,27.028585,27.046028,27.110636,27.208612,27.333076,27.456,27.55046,27.571383,27.630068,27.752424,27.871965,27.954233,28.016876,28.08482,28.200867,28.329062,28.431622,28.491877,28.52466,28.517477,28.492167,28.485992,28.52459,28.595068,28.660538,28.69938,28.724531,28.752546,28.766222,28.74664,28.68963,28.653511,28.66916,28.72695,28.778736,28.815819,28.84183,28.833937,28.865637,28.995474,29.12182,29.167448,29.251844,29.360353,29.408195,29.397795,29.350555,29.312218,29.265085,29.194017,29.089882,28.974953,28.906055,28.866692,28.792162,28.753729,28.707954,28.576538,28.425522,28.361074,28.398954,28.455992,28.473677,28.505737,28.671099,28.862055,28.984241,29.075335,29.125488,29.12017,29.116207,29.140715,29.180187,29.216288,29.247593,29.261316,29.28282,29.317291,29.341228,29.364416,29.39451,29.424004,29.454134,29.469223,29.45631,29.427656,29.408678,29.403656,29.418598,29.43841,29.438879,29.438023,29.461668,29.460545,29.439024,29.45146,29.470308,29.338896,29.13439,28.992304,28.899984,28.835417,28.853188,28.890413,28.957731,29.037426,29.09469,29.0505,28.92498,28.846106,28.909126,29.070183,29.209047,29.29188,29.467241,29.62081,29.760607,29.865633,29.913582,29.916515,29.94157,29.947319,29.926882,29.854454,29.788176,29.704508,29.6032,29.501104,29.403603,29.293278,29.170958,28.973219,,,,,,,,,,,,,,,,,,,,,,,,,,,,,,,,,,,,,,,,,,,,,,,,,,,,,,,,,,,,,,,,,,,,26.897896,26.740498,26.859398,27.357506,27.745365,27.920483,27.955046,27.755074,27.934685,28.095303,28.196114,28.27088,28.290401,28.272526,28.253695,28.098415,27.756681,27.528864,27.584574,27.61148,27.58506,27.574114,27.69378,27.777464,27.83975,27.929323,28.009901,28.075775,28.124392,28.16849,28.197042,28.221867,28.22388,28.212065,28.179558,28.130655,28.070135,27.988325,27.901505,27.83897,27.753866,27.71091,27.717646,27.707605,27.836159,27.910938,28.021408,28.207708,28.120848,27.892792,27.829237,27.85382,27.866526,27.853437,27.850391,27.88832,27.96639,28.039919,28.079681,28.051962,27.927288,27.568031,27.387014,27.600306,27.708714,27.727575,27.811779,27.90786,28.096058,28.304039,28.358839,28.368416,28.353132,28.358644,28.352728,28.348537,28.336348,28.315884,28.288095,28.259075,28.232904,28.225176,28.241428,28.276432,28.323692,28.349604,28.350239,28.365986,28.408195,28.420263,28.424444,28.431993,28.451242,28.472004,28.48757,28.501923,28.518726,28.519007,28.481838,28.447786,28.419975,28.44237,28.541508,28.664614,28.688383,28.702415,28.68111,28.676807,28.662157,28.646343,28.633406,28.62577,28.620617,28.60429,28.58767,28.57365,28.512783,28.406311,28.263191,28.260088,28.38584,28.445578,28.484566,28.512087,28.567854,28.632944,28.687553,28.703148
13.666672,26.889683,26.861675,26.849041,26.81403,26.771887,26.720345,26.685219,26.632496,26.590872,26.550348,26.53011,26.499432,26.483675,26.470438,26.447601,26.422695,26.37848,26.46401,26.731993,26.89438,26.993567,27.103014,27.13281,27.021793,26.746328,26.540169,26.482775,26.47212,26.43035,26.399454,26.36843,26.328897,26.367062,26.505999,26.677158,26.765474,26.745102,26.710299,26.63682,26.602907,26.457085,26.20534,25.892347,25.701925,25.681631,25.710981,25.672049,25.525072,25.424187,25.365103,25.334301,25.331171,25.30859,25.272999,25.25123,25.249071,25.270445,25.299824,25.343525,25.446522,25.637827,25.86262,26.111155,26.325214,26.45455,26.537863,26.60756,26.623764,26.599747,26.566334,26.566626,26.64633,26.741476,26.761496,26.665682,26.613358,26.692862,26.698357,26.682194,26.703783,26.700485,26.673834,26.664633,26.63102,26.604548,26.551924,26.51052,26.5029,26.494051,26.48836,26.49736,26.531145,26.567863,26.593796,26.662495,26.76501,26.864178,26.953114,27.004532,27.040379,27.08064,27.109167,27.120537,27.14747,27.1675,27.19912,27.285069,27.390884,27.447723,27.423166,27.375038,27.310051,27.201351,27.06605,27.027435,27.023653,27.053694,27.084534,27.082859,27.027363,26.931585,26.806526,26.654922,26.522396,26.46701,26.505795,26.587645,26.670246,26.735806,26.781662,26.812952,26.829847,26.848015,26.861237,26.88367,26.889402,26.888027,26.819399,26.763374,26.674397,26.61952,26.848883,27.04439,27.102495,27.089968,27.105066,27.160498,27.253399,27.392506,27.47915,27.474983,27.477816,27.503328,27.540762,27.525703,27.46466,27.376894,27.34664,27.383343,27.452074,27.5175,27.541395,27.519817,27.476545,27.42518,27.366716,27.281054,27.158604,27.00973,26.895811,26.822243,26.766546,26.73237,26.714104,26.713287,26.748466,26.82958,26.976974,27.185024,27.404755,27.57843,27.686869,27.749168,27.771338,27.716383,27.561869,27.387676,27.28608,27.24943,27.227804,27.19849,27.16477,27.137722,27.148855,27.157158,27.203829,27.287033,27.384033,27.48939,27.546442,27.570179,27.671837,27.830929,27.965208,28.067604,28.144009,28.23508,28.34552,28.432346,28.46472,28.447317,28.407074,28.372498,28.381577,28.452139,28.568495,28.68247,28.748953,28.769943,28.7777,28.779898,28.768826,28.733385,28.702118,28.719435,28.765297,28.814491,28.843458,28.838398,28.84477,28.934593,29.041025,29.144287,29.171255,29.251057,29.35412,29.389927,29.370039,29.32394,29.284935,29.235022,29.147629,29.029682,28.926577,28.838436,28.8001,28.718313,28.65947,28.635118,28.572805,28.476696,28.425467,28.434902,28.456743,28.49074,28.614723,28.8187,28.955233,29.03899,29.094257,29.093794,29.104383,29.140652,29.191273,29.231512,29.260794,29.282215,29.28203,29.295338,29.324884,29.339651,29.359404,29.397413,29.446991,29.4965,29.520023,29.51687,29.508303,29.499397,29.489109,29.483725,29.48974,29.483152,29.470078,29.47415,29.476118,29.452925,29.442427,29.477146,29.445827,29.32118,29.152723,29.007513,28.997597,29.008886,29.038103,29.097075,29.126009,29.08748,28.96225,28.855728,28.83955,28.926573,29.075071,29.212904,29.30072,29.457699,29.59579,29.743458,29.858831,29.921036,29.921255,29.946949,29.957893,29.956171,29.917368,29.87074,29.801004,29.723349,29.653088,29.587976,29.475433,29.311028,29.028883,28.94785,,,,,,,,,,,,,,,,,,,,,,,,,,,,,,,,,,,,,,,,,,,,,,,,,,,,,,,,,,,,,,,,,,,26.938046,26.786022,26.86594,27.344366,27.743738,27.920412,27.87571,27.65698,27.865704,28.047075,28.169159,28.275152,28.302584,28.283417,28.28652,28.218594,27.94127,27.58775,27.54216,27.670576,27.679228,27.645683,27.704727,27.79223,27.824158,27.864344,27.934027,28.026352,28.087044,28.146725,28.197752,28.250372,28.283972,28.310177,28.319712,28.313831,28.300182,28.267649,28.22088,28.170912,28.11616,28.083015,28.053154,28.017727,28.081142,28.104807,28.187555,28.25924,28.076656,27.905052,27.877945,27.880445,27.86023,27.832499,27.836931,27.888702,27.970577,28.039879,28.07077,28.038754,27.915619,27.601212,27.42275,27.57159,27.708065,27.742813,27.796215,27.890263,28.128525,28.339205,28.389902,28.385437,28.38073,28.390207,28.380587,28.370035,28.349602,28.328108,28.305725,28.283295,28.265959,28.265814,28.286118,28.323393,28.356348,28.358414,28.35608,28.372719,28.39084,28.388935,28.391897,28.415705,28.444075,28.462755,28.472925,28.4845,28.49475,28.505014,28.509335,28.508356,28.471567,28.434385,28.46379,28.607925,28.674173,28.706467,28.68499,28.678074,28.665522,28.646189,28.63244,28.624617,28.61643,28.593517,28.563889,28.544481,28.466671,28.338589,28.259508,28.330769,28.431864,28.484674,28.518251,28.5436,28.585392,28.629559,28.67529,28.689323
13.583336,26.787981,26.755339,26.712626,26.667952,26.603834,26.566292,26.523127,26.491129,26.470203,26.45973,26.473259,26.48285,26.50826,26.512426,26.475779,26.39972,26.319515,26.506618,26.822199,26.956087,27.033796,27.12706,27.13024,26.973116,26.694115,26.524536,26.509787,26.489048,26.41958,26.370018,26.348883,26.331104,26.32325,26.38607,26.534937,26.692041,26.731657,26.74237,26.699635,26.66832,26.616148,26.505684,26.213293,25.868217,25.687393,25.662506,25.675562,25.57765,25.454412,25.377737,25.317247,25.282928,25.254763,25.249714,25.269339,25.299597,25.332052,25.35094,25.393024,25.527298,25.766405,26.01722,26.254099,26.434673,26.525976,26.570646,26.609755,26.612946,26.581444,26.55874,26.59119,26.693789,26.785294,26.76645,26.642187,26.629677,26.711582,26.690998,26.692066,26.700123,26.674355,26.652805,26.640228,26.611317,26.584927,26.53211,26.496134,26.50433,26.509237,26.503954,26.499651,26.518047,26.554426,26.586855,26.63364,26.71969,26.802511,26.873354,26.929052,26.974318,27.014122,27.039743,27.074194,27.117146,27.151701,27.212797,27.309505,27.399385,27.420246,27.376286,27.323994,27.215515,27.016659,26.866318,26.861687,26.879478,26.894657,26.909721,26.88027,26.809797,26.716927,26.617252,26.53012,26.498398,26.536947,26.612547,26.686495,26.744581,26.790447,26.828604,26.85465,26.867865,26.878302,26.893497,26.911379,26.917233,26.89684,26.81976,26.760326,26.661837,26.692053,26.939928,27.078005,27.102108,27.083445,27.116053,27.187569,27.287445,27.422268,27.502964,27.494759,27.501638,27.538294,27.578245,27.559406,27.511936,27.43775,27.412283,27.458614,27.527807,27.573328,27.577461,27.538624,27.490114,27.434496,27.37156,27.287355,27.175863,27.044516,26.94313,26.87941,26.840555,26.825747,26.835552,26.88234,26.977825,27.115572,27.281668,27.449692,27.57982,27.670534,27.723362,27.750378,27.728626,27.61794,27.451097,27.341742,27.328903,27.352325,27.356758,27.335773,27.301271,27.285706,27.295277,27.249226,27.257524,27.299772,27.368382,27.447266,27.52032,27.539852,27.571636,27.705767,27.873526,28.028444,28.140352,28.222912,28.314983,28.38446,28.387737,28.340773,28.284523,28.249681,28.271868,28.364735,28.518402,28.688799,28.788584,28.802967,28.795383,28.792871,28.791805,28.777048,28.766947,28.783556,28.817451,28.846449,28.840715,28.839872,28.900457,29.003777,29.091133,29.184414,29.183811,29.251917,29.354834,29.38335,29.341072,29.288063,29.260242,29.21306,29.103275,28.977318,28.881197,28.785295,28.731544,28.637762,28.57384,28.551016,28.519697,28.469946,28.441576,28.4606,28.52256,28.625605,28.794485,28.936735,29.01894,29.071608,29.076918,29.084784,29.142893,29.20165,29.244057,29.27137,29.294857,29.305992,29.292238,29.2926,29.306875,29.300533,29.304607,29.349806,29.429228,29.498037,29.536968,29.557976,29.568369,29.575157,29.568008,29.558266,29.546934,29.53558,29.525944,29.523006,29.51012,29.482374,29.452145,29.474503,29.486742,29.416655,29.30082,29.157253,29.147455,29.138363,29.157183,29.164728,29.101421,28.979773,28.862968,28.829119,28.871447,28.96294,29.091974,29.226566,29.30676,29.443388,29.578287,29.719406,29.860706,29.930155,29.938097,29.958645,29.970436,29.96659,29.955555,29.914003,29.851376,29.79326,29.76606,29.74898,29.68736,29.534399,29.251575,29.084927,,,,,,,,,,,,,,,,,,,,,,,,,,,,,,,,,,,,,,,,,,,,,,,,,,,,,,,,,,,,,,,,,,,26.892708,26.823671,26.883846,27.328117,27.742548,27.911537,27.79729,27.567913,27.798777,28.000935,28.14107,28.275255,28.308971,28.307936,28.312202,28.257574,28.072222,27.726864,27.497755,27.599878,27.704432,27.669992,27.73298,27.845522,27.882355,27.88663,27.902704,27.973246,28.016022,28.0624,28.127312,28.205973,28.262463,28.314808,28.350775,28.37002,28.381468,28.369802,28.348942,28.317776,28.27735,28.254803,28.216852,28.195488,28.212582,28.211445,28.269566,28.245646,28.048513,27.934425,27.906008,27.875597,27.826153,27.806759,27.833197,27.907549,27.991623,28.044746,28.058584,28.03129,27.925413,27.655128,27.43356,27.52525,27.671524,27.752092,27.782433,27.90045,28.176422,28.363846,28.41058,28.40521,28.412025,28.410948,28.40298,28.385004,28.367407,28.348114,28.32962,28.31091,28.29924,28.30273,28.326773,28.356583,28.36529,28.364471,28.358648,28.36597,28.369835,28.36055,28.369192,28.402367,28.431555,28.436148,28.43904,28.445642,28.45429,28.468685,28.5035,28.526894,28.540699,28.507305,28.432539,28.544102,28.65784,28.703447,28.696619,28.68457,28.673273,28.638784,28.628378,28.61658,28.603577,28.575968,28.52937,28.480946,28.384495,28.309814,28.351309,28.44164,28.507406,28.550632,28.575266,28.595253,28.61514,28.632761,28.662949,28.67618
13.5,26.665659,26.615673,26.56443,26.530258,26.475904,26.467325,26.43735,26.445215,26.458187,26.47954,26.517,26.545305,26.57824,26.576096,26.521212,26.39987,26.30132,26.591076,26.912577,27.000715,27.062574,27.1489,27.124676,26.921022,26.651155,26.518951,26.535816,26.481108,26.383839,26.31476,26.289139,26.288988,26.29112,26.319067,26.404327,26.573488,26.665558,26.723436,26.7364,26.706757,26.679207,26.673166,26.535105,26.183506,25.836985,25.665737,25.65306,25.623554,25.523014,25.42751,25.346395,25.30361,25.296144,25.320787,25.36126,25.372879,25.370728,25.381779,25.462048,25.649786,25.924822,26.173168,26.377693,26.507053,26.555029,26.57128,26.600033,26.58507,26.551062,26.55359,26.62623,26.74035,26.825514,26.775238,26.631872,26.653477,26.726526,26.695696,26.695778,26.689674,26.673763,26.6537,26.629663,26.60321,26.571535,26.519909,26.481516,26.50784,26.527794,26.527565,26.514395,26.52167,26.55644,26.592329,26.628544,26.685774,26.739485,26.798931,26.872982,26.928501,26.962471,26.9939,27.046555,27.097734,27.15525,27.236494,27.325386,27.383575,27.371851,27.328117,27.269766,27.116434,26.85822,26.707691,26.725613,26.736332,26.725855,26.725061,26.686668,26.634514,26.581177,26.54445,26.533363,26.568935,26.633846,26.700579,26.755463,26.803547,26.847565,26.887602,26.912474,26.923029,26.925508,26.93629,26.942234,26.943151,26.902407,26.822706,26.755543,26.665287,26.792032,27.01082,27.098074,27.092789,27.07963,27.130383,27.21578,27.318607,27.445604,27.522467,27.514256,27.524626,27.572374,27.611818,27.593414,27.56116,27.509266,27.495073,27.547943,27.60321,27.625551,27.61024,27.563072,27.502224,27.44432,27.377932,27.291258,27.186733,27.070345,26.989956,26.952703,26.949183,26.973946,27.037748,27.136604,27.254711,27.376377,27.49785,27.598415,27.657148,27.694199,27.70874,27.681585,27.59579,27.469154,27.377111,27.37917,27.441801,27.48669,27.50322,27.501507,27.4771,27.46991,27.449718,27.404295,27.385803,27.39806,27.436438,27.482819,27.533712,27.556463,27.545092,27.566582,27.705399,27.904898,28.05416,28.168655,28.266556,28.33798,28.312414,28.243574,28.193977,28.173985,28.19433,28.286198,28.452068,28.669247,28.809423,28.82508,28.809261,28.807528,28.819096,28.82025,28.825157,28.8392,28.845955,28.83665,28.83433,28.89292,28.993713,29.06422,29.156366,29.225391,29.189949,29.25725,29.361652,29.373917,29.314772,29.268164,29.242184,29.187275,29.059675,28.934317,28.838259,28.743559,28.66586,28.577213,28.528814,28.500248,28.482069,28.47966,28.51434,28.599016,28.706123,28.818499,28.932178,29.003078,29.05735,29.075603,29.082834,29.138664,29.203756,29.235329,29.252157,29.271551,29.29855,29.309174,29.290245,29.275942,29.259584,29.228474,29.21828,29.275356,29.389149,29.484886,29.537952,29.573597,29.600096,29.618507,29.623522,29.58521,29.570189,29.5283,29.573437,29.551186,29.511772,29.475134,29.448664,29.468983,29.500546,29.454361,29.38058,29.294044,29.277967,29.24087,29.20826,29.116693,28.998701,28.895039,28.841927,28.841883,28.903635,28.994492,29.11667,29.241951,29.314617,29.431448,29.547304,29.690905,29.850315,29.934845,29.947533,29.979294,29.992895,29.977295,29.964912,29.935293,29.880236,29.81752,29.796413,29.795778,29.764662,29.660452,29.435852,29.229836,,,,,,,,,,,,,,,,,,,,,,,,,,,,,,,,,,,,,,,,,,,,,,,,,,,,,,,,,,,,,,,,,,,26.82266,26.78242,26.89464,27.331465,27.746988,27.897188,27.72441,27.519691,27.77161,27.97946,28.118937,28.267946,28.307398,28.312607,28.332304,28.294695,28.137163,27.838806,27.567965,27.537144,27.6945,27.681246,27.692194,27.837263,27.918331,27.93354,27.918337,27.954727,27.979546,27.991121,28.053904,28.144579,28.215345,28.291748,28.352974,28.387293,28.390856,28.384237,28.371714,28.363451,28.345198,28.323912,28.294157,28.293251,28.29068,28.27934,28.306128,28.184269,28.030085,27.94635,27.90306,27.833035,27.796076,27.80648,27.856379,27.927814,27.98275,28.013971,28.021307,27.985474,27.865625,27.585793,27.434162,27.517378,27.627008,27.742205,27.78373,27.95714,28.26913,28.386192,28.430935,28.43051,28.441147,28.433947,28.426516,28.410723,28.402863,28.382906,28.367489,28.348959,28.337172,28.339355,28.35819,28.370129,28.374115,28.373367,28.364212,28.356392,28.35521,28.35266,28.359028,28.386953,28.400822,28.388422,28.38618,28.39712,28.41994,28.442837,28.496525,28.515932,28.556303,28.589437,28.45375,28.499796,28.639702,28.694307,28.708982,28.691553,28.667034,28.640343,28.62057,28.594318,28.56941,28.522554,28.46287,28.40605,28.371298,28.410828,28.485939,28.541864,28.58975,28.626047,28.64103,28.645258,28.644192,28.647448,28.669981,28.68776
13.416672,26.539608,26.495018,26.453388,26.460314,26.443138,26.476223,26.46882,26.499926,26.52519,26.553062,26.588898,26.623137,26.65964,26.655666,26.597149,26.426933,26.334167,26.68733,26.97677,27.028818,27.08501,27.164059,27.106487,26.86807,26.620035,26.51791,26.549274,26.454102,26.35831,26.289982,26.253662,26.235249,26.24214,26.26942,26.308176,26.443777,26.562407,26.64643,26.721777,26.726713,26.697525,26.718973,26.720243,26.519106,26.142645,25.804882,25.65992,25.632359,25.58432,25.521013,25.455622,25.415342,25.414726,25.417194,25.42427,25.398376,25.384884,25.446615,25.605043,25.841787,26.11216,26.314987,26.472324,26.55334,26.562078,26.56961,26.588957,26.552143,26.528893,26.574507,26.680288,26.789547,26.853334,26.783401,26.629417,26.663431,26.732681,26.701117,26.69288,26.686127,26.667465,26.642368,26.617271,26.593353,26.564398,26.512402,26.467585,26.505049,26.542322,26.550425,26.534811,26.534536,26.565985,26.600164,26.640352,26.686052,26.734537,26.788702,26.855127,26.904629,26.941364,26.984108,27.036047,27.091175,27.165611,27.251793,27.32282,27.349356,27.320637,27.285845,27.226574,27.05083,26.776712,26.631239,26.634527,26.628235,26.607126,26.603662,26.583748,26.569757,26.563875,26.579536,26.608864,26.658127,26.71294,26.770111,26.824938,26.878536,26.923243,26.959549,26.98121,26.987276,26.98203,26.981407,26.972357,26.964231,26.904005,26.82837,26.75082,26.694527,26.892685,27.059782,27.104362,27.080265,27.082737,27.148985,27.242815,27.344574,27.46507,27.538477,27.533567,27.546364,27.604734,27.644266,27.629261,27.612583,27.58579,27.583836,27.628222,27.656673,27.65278,27.608725,27.548628,27.48497,27.424858,27.355946,27.271597,27.18673,27.103428,27.059752,27.062647,27.107994,27.175026,27.275864,27.380728,27.46564,27.526772,27.58415,27.621487,27.634062,27.628424,27.594534,27.52566,27.441378,27.390404,27.414892,27.494875,27.572096,27.618635,27.644196,27.656221,27.641531,27.632645,27.609064,27.584972,27.558647,27.55592,27.57358,27.594515,27.617765,27.63328,27.623714,27.544706,27.56746,27.71893,27.908726,28.083073,28.204525,28.286919,28.259697,28.193165,28.16073,28.15163,28.170982,28.239538,28.386133,28.612234,28.800722,28.849913,28.834055,28.827175,28.841427,28.851406,28.851978,28.84725,28.820877,28.82278,28.896767,28.992945,29.074333,29.138908,29.236748,29.249708,29.191982,29.268688,29.37144,29.36336,29.296064,29.252348,29.22596,29.162529,29.02613,28.896954,28.800213,28.717432,28.62402,28.566462,28.531681,28.525106,28.559237,28.619902,28.707617,28.803072,28.875584,28.937763,28.986624,29.035545,29.067944,29.087456,29.140997,29.193932,29.214659,29.205732,29.206137,29.229753,29.27078,29.300205,29.291443,29.267815,29.21957,29.171204,29.154076,29.203028,29.330967,29.471632,29.553265,29.581577,29.606699,29.626505,29.629063,29.634556,29.566816,29.563282,29.616314,29.623913,29.552095,29.511967,29.49427,29.516829,29.547602,29.52121,29.471546,29.392817,29.365456,29.338125,29.277014,29.113743,28.968554,28.88868,28.858513,28.859161,28.920778,29.018991,29.130264,29.245749,29.322788,29.415285,29.514683,29.647278,29.832253,29.925797,29.947813,29.991913,30.007006,29.994436,29.967379,29.951078,29.909225,29.848372,29.827223,29.83653,29.83021,29.774384,29.620302,29.43525,,,,,,,,,,,,,,,,,,,,,,,,,,,,,,,,,,,,,,,,,,,,,,,,,,,,,,,,,,,,,,,,,,,,26.77605,26.932463,27.347383,27.751526,27.875673,27.659046,27.529104,27.797754,27.97606,28.116156,28.262455,28.307898,28.319498,28.342318,28.312862,28.168737,27.891739,27.636036,27.542688,27.661655,27.720797,27.680502,27.781477,27.930895,27.978474,27.967188,27.974543,27.966415,27.932165,27.970995,28.06146,28.15119,28.257048,28.35064,28.403858,28.400835,28.391968,28.388508,28.394331,28.398329,28.380394,28.350006,28.346098,28.32544,28.313053,28.28616,28.11302,28.013914,27.93203,27.853697,27.795788,27.794115,27.81691,27.856468,27.921803,27.965752,27.99216,27.998283,27.946459,27.781784,27.517923,27.462927,27.559961,27.63266,27.742895,27.822899,28.06599,28.338406,28.410095,28.447472,28.463943,28.47681,28.47478,28.457062,28.450829,28.44874,28.432001,28.4208,28.401747,28.387157,28.384354,28.39108,28.392067,28.39182,28.387627,28.382713,28.3687,28.363522,28.365906,28.372707,28.375174,28.358385,28.339212,28.350758,28.380934,28.424139,28.451643,28.508572,28.52753,28.553522,28.605646,28.465088,28.491552,28.622757,28.684723,28.708805,28.698753,28.664883,28.655214,28.613636,28.568632,28.511862,28.454119,28.419455,28.424664,28.475864,28.538992,28.57806,28.614004,28.660631,28.683983,28.68774,28.686474,28.678818,28.685707,28.701134,28.717842
13.333336,26.43762,26.435553,26.44988,26.505278,26.529448,26.587067,26.58523,26.620062,26.644035,26.6614,26.684849,26.711983,26.720982,26.69054,26.636549,26.45534,26.386467,26.765585,27.017702,27.049158,27.102055,27.173664,27.088173,26.829504,26.600931,26.524267,26.56038,26.426186,26.348856,26.287477,26.243114,26.200985,26.19399,26.213451,26.235033,26.329842,26.454916,26.537233,26.651552,26.713383,26.697668,26.711008,26.762524,26.727358,26.483063,26.105047,25.8065,25.669693,25.602642,25.556332,25.513987,25.47939,25.472103,25.443348,25.438837,25.437834,25.496647,25.638845,25.845596,26.08053,26.29824,26.444538,26.552057,26.575354,26.560522,26.569881,26.570148,26.527477,26.537184,26.625986,26.74625,26.838215,26.87465,26.784044,26.628242,26.665585,26.735521,26.708454,26.694172,26.682198,26.660192,26.64522,26.614414,26.585443,26.569162,26.512747,26.455812,26.49311,26.549826,26.570543,26.555485,26.551058,26.5736,26.604017,26.653688,26.7047,26.753897,26.803482,26.85661,26.90075,26.938898,26.982365,27.029669,27.093218,27.177675,27.255266,27.29833,27.293959,27.262468,27.251116,27.207672,27.041458,26.782015,26.632107,26.59825,26.585678,26.56631,26.574057,26.580252,26.597603,26.61714,26.647861,26.682615,26.729204,26.783274,26.845434,26.905514,26.956436,26.992222,27.01818,27.03713,27.039597,27.030855,27.018545,26.99864,26.978405,26.905931,26.83408,26.746853,26.751226,26.971708,27.086096,27.097366,27.065754,27.092743,27.171034,27.270258,27.369526,27.482054,27.550682,27.54989,27.565804,27.632196,27.671835,27.663004,27.660496,27.651108,27.655363,27.682438,27.689112,27.65161,27.583294,27.515718,27.455463,27.395113,27.331882,27.264002,27.202835,27.157246,27.171026,27.237068,27.3161,27.376278,27.438528,27.486383,27.515396,27.53961,27.545847,27.536098,27.521545,27.494148,27.449003,27.407276,27.396156,27.43671,27.529495,27.6207,27.683607,27.706762,27.719,27.738344,27.747032,27.745754,27.73458,27.717302,27.699133,27.693602,27.702658,27.715134,27.732038,27.750008,27.75296,27.688778,27.593523,27.597279,27.73261,27.938883,28.116774,28.22943,28.22965,28.181751,28.157871,28.153828,28.173832,28.220428,28.333172,28.52243,28.729221,28.850784,28.86377,28.846724,28.837147,28.83105,28.808033,28.793325,28.801867,28.88745,28.997717,29.07296,29.14279,29.228218,29.288513,29.2353,29.18678,29.277706,29.374922,29.355347,29.28232,29.246492,29.222075,29.15354,29.019318,28.884214,28.784868,28.714584,28.6282,28.611084,28.607971,28.663761,28.745882,28.8197,28.889894,28.93387,28.961483,28.98437,29.00892,29.066204,29.093489,29.144026,29.180801,29.189524,29.167292,29.132555,29.132868,29.17575,29.238115,29.300789,29.32559,29.312517,29.245304,29.185461,29.149963,29.17298,29.290796,29.46691,29.586645,29.606482,29.610975,29.625727,29.626192,29.66016,29.557844,29.61433,29.54759,29.653296,29.661453,29.615238,29.606249,29.62109,29.636747,29.591965,29.550148,29.471973,29.410894,29.39881,29.338959,29.136234,28.972925,28.896418,28.863352,28.87437,28.938644,29.048208,29.159924,29.267649,29.32967,29.4068,29.488317,29.613358,29.822313,29.908583,29.938196,29.99034,30.015738,30.012754,29.990366,29.97886,29.94229,29.886496,29.848583,29.850952,29.8539,29.835085,29.750391,29.612522,29.58118,,,,,,,,,,,,,,,,,,,,,,,,,,,,,,,,,,,,,,,,,,,,,,,,,,,,,,,,,,,,,,,,,,,26.802141,26.998453,27.37951,27.764652,27.856672,27.615953,27.566624,27.836489,27.981455,28.12223,28.248398,28.301609,28.327517,28.351248,28.327276,28.207352,27.956137,27.67412,27.553263,27.635519,27.71994,27.697622,27.728481,27.897167,27.998756,28.01254,28.028543,27.993423,27.91286,27.908024,27.984459,28.085543,28.220867,28.347525,28.415136,28.41814,28.41854,28.421299,28.431047,28.428614,28.4027,28.370235,28.355442,28.330395,28.310003,28.219603,28.083258,27.979546,27.870516,27.799702,27.77691,27.771645,27.792976,27.887672,27.952307,27.979853,27.988016,27.976997,27.920452,27.781775,27.604216,27.545174,27.630827,27.674103,27.773361,27.923206,28.202316,28.359976,28.426373,28.457796,28.493923,28.512815,28.517162,28.508606,28.503471,28.494562,28.481842,28.470387,28.459383,28.443743,28.435534,28.435324,28.43911,28.437616,28.429619,28.422203,28.411062,28.40431,28.407742,28.39768,28.359945,28.329977,28.330782,28.366203,28.412153,28.463968,28.496319,28.531487,28.55211,28.577726,28.585577,28.449492,28.497234,28.607735,28.680899,28.701208,28.707905,28.679056,28.659306,28.611858,28.546501,28.467491,28.44075,28.462896,28.526876,28.579805,28.60906,28.63069,28.672644,28.70766,28.71953,28.717363,28.72299,28.719536,28.726278,28.730915,28.737713
13.25,26.411024,26.483074,26.569887,26.628029,26.694773,26.753471,26.751486,26.769316,26.779997,26.773346,26.771137,26.759472,26.713865,26.645071,26.624035,26.476044,26.427704,26.8258,27.043432,27.061703,27.113493,27.180437,27.070963,26.808018,26.593117,26.53863,26.570854,26.413443,26.355692,26.285288,26.223473,26.162066,26.149273,26.155207,26.17412,26.23202,26.35322,26.424267,26.54489,26.656712,26.674059,26.67685,26.731432,26.780437,26.708385,26.443056,26.114725,25.872976,25.726753,25.640497,25.594519,25.554731,25.558067,25.545408,25.590324,25.654436,25.790024,25.961798,26.155825,26.336395,26.481346,26.56081,26.60934,26.582714,26.564795,26.573483,26.547539,26.524525,26.583578,26.697023,26.811003,26.877028,26.881939,26.769365,26.617985,26.663454,26.738577,26.71991,26.703804,26.685558,26.659616,26.645844,26.62019,26.5841,26.583122,26.537249,26.45743,26.488586,26.558842,26.589884,26.572613,26.560762,26.572643,26.603048,26.659615,26.7137,26.757517,26.804623,26.848701,26.884874,26.92088,26.965555,27.023113,27.099321,27.176695,27.226822,27.232409,27.208399,27.19466,27.213104,27.19794,27.071129,26.849735,26.696028,26.632488,26.618708,26.605707,26.624872,26.641615,26.662138,26.677841,26.703867,26.742617,26.798882,26.86242,26.921368,26.968159,27.000696,27.022373,27.038792,27.058767,27.062336,27.05676,27.036896,27.015148,26.981333,26.904667,26.832575,26.749788,26.83859,27.03257,27.101225,27.084364,27.055407,27.110664,27.198927,27.300495,27.397894,27.499304,27.561981,27.56374,27.581224,27.65221,27.69227,27.691263,27.698448,27.698559,27.70884,27.726006,27.705172,27.64463,27.568754,27.501045,27.442465,27.382603,27.325663,27.279638,27.262976,27.294373,27.359047,27.397158,27.430212,27.443754,27.449038,27.457335,27.458626,27.461191,27.451824,27.441004,27.42657,27.411058,27.401787,27.41075,27.453236,27.541739,27.645157,27.709486,27.73778,27.748526,27.77228,27.803694,27.825438,27.829966,27.818539,27.801672,27.787577,27.781721,27.78508,27.79573,27.816696,27.840574,27.86187,27.856388,27.775972,27.667852,27.639051,27.777231,27.988714,28.153902,28.204817,28.18553,28.158964,28.153946,28.171028,28.201607,28.278357,28.408918,28.58958,28.766623,28.853987,28.851385,28.811472,28.768795,28.738642,28.766731,28.860909,28.984943,29.063532,29.124466,29.21188,29.278847,29.280674,29.183617,29.185501,29.294455,29.374212,29.347355,29.272478,29.245432,29.221458,29.15375,29.041159,28.915823,28.81783,28.754902,28.702791,28.720993,28.762136,28.8443,28.917349,28.965515,28.989815,29.00326,29.021276,29.038816,29.07023,29.105314,29.14199,29.159594,29.146915,29.122322,29.085598,29.062078,29.084892,29.15225,29.222584,29.291262,29.349186,29.370758,29.326378,29.267193,29.199507,29.276876,29.41999,29.552883,29.641018,29.641277,29.631598,29.655739,29.639532,29.641443,29.701138,29.658222,29.453646,29.550116,29.66198,29.652388,29.660486,29.66758,29.65374,29.5947,29.548742,29.478298,29.429838,29.435265,29.28807,29.12175,28.976742,28.933836,28.884182,28.90058,28.959774,29.052395,29.1737,29.280615,29.324812,29.397947,29.459644,29.586636,29.822266,29.89685,29.931244,29.980574,30.022732,30.032251,30.020647,30.00794,29.972017,29.912136,29.85679,29.839647,29.842506,29.84829,29.808346,29.710728,29.649204,,,,,,,,,,,,,,,,,,,,,,,,,,,,,,,,,,,,,,,,,,,,,,,,,,,,,,,,,,,,,,,,,,,26.845913,27.045635,27.421349,27.79118,27.834675,27.58811,27.59951,27.862875,28.01212,28.132586,28.23397,28.300285,28.335394,28.362972,28.338156,28.244312,28.015072,27.73059,27.574602,27.626793,27.728569,27.722763,27.717045,27.8472,27.98073,28.007408,28.046263,28.012701,27.925365,27.884628,27.934093,28.031218,28.180082,28.332125,28.416811,28.427372,28.449802,28.449743,28.456314,28.433289,28.394766,28.361282,28.346539,28.32329,28.269844,28.164276,28.033545,27.888937,27.791845,27.75897,27.718616,27.765472,27.867483,27.957342,27.968033,27.964052,27.95241,27.925488,27.889267,27.813831,27.709574,27.654917,27.716223,27.766108,27.889769,28.093523,28.299229,28.379612,28.43751,28.473711,28.51095,28.535343,28.547674,28.552742,28.54659,28.530918,28.512873,28.496819,28.4954,28.486748,28.484133,28.481625,28.484856,28.483831,28.477049,28.46732,28.456717,28.447271,28.432508,28.386374,28.3353,28.333046,28.362398,28.412525,28.454716,28.508093,28.542551,28.562172,28.577318,28.600702,28.581535,28.45613,28.49662,28.598509,28.68058,28.697088,28.711756,28.693169,28.665722,28.613028,28.53629,28.46429,28.48058,28.537542,28.608372,28.631165,28.645784,28.672985,28.715843,28.741316,28.746487,28.752419,28.75599,28.75512,28.754427,28.750364,28.74981
13.166672,26.48918,26.593847,26.666103,26.761509,26.84353,26.882158,26.863739,26.845669,26.833832,26.806597,26.776064,26.727644,26.640747,26.566093,26.600594,26.490627,26.462742,26.870808,27.06065,27.07189,27.121775,27.189074,27.066162,26.806273,26.600279,26.560587,26.579716,26.423075,26.378456,26.294296,26.219847,26.13987,26.128902,26.114182,26.129309,26.16015,26.271864,26.328321,26.428755,26.573053,26.629536,26.63535,26.674856,26.750896,26.781773,26.676441,26.44252,26.20156,26.021152,25.899893,25.846779,25.81343,25.84022,25.868887,25.955313,26.046564,26.185528,26.312853,26.440151,26.53825,26.597626,26.615334,26.62081,26.559484,26.5653,26.554976,26.521477,26.553335,26.651407,26.769056,26.861803,26.89014,26.861391,26.738844,26.596943,26.656519,26.740955,26.73653,26.723492,26.701418,26.662983,26.64452,26.62398,26.573753,26.587778,26.565401,26.469227,26.480804,26.562628,26.611874,26.595247,26.572018,26.567768,26.59284,26.64441,26.689249,26.728388,26.773249,26.807375,26.842657,26.886774,26.942501,27.015171,27.085901,27.135427,27.152132,27.137674,27.120499,27.133455,27.173523,27.18084,27.100626,26.941444,26.805935,26.734531,26.71636,26.702833,26.709251,26.708406,26.712547,26.726076,26.7613,26.817266,26.878532,26.929125,26.961563,26.982119,26.996527,27.010841,27.027628,27.053482,27.06193,27.061424,27.040596,27.023285,26.976313,26.900108,26.81996,26.76522,26.925598,27.07352,27.105555,27.067009,27.055035,27.136845,27.229555,27.33153,27.428291,27.515617,27.56981,27.575489,27.5917,27.66494,27.708532,27.719194,27.73331,27.742243,27.757273,27.75751,27.712315,27.644308,27.571796,27.510155,27.456394,27.40961,27.38332,27.388958,27.418562,27.439495,27.433094,27.418898,27.40287,27.390785,27.380848,27.388659,27.389267,27.391449,27.393768,27.401701,27.398647,27.406866,27.421415,27.460884,27.534664,27.624975,27.698116,27.7387,27.76442,27.79534,27.834362,27.87932,27.913755,27.928308,27.919899,27.903442,27.884628,27.868786,27.856146,27.848154,27.852161,27.860607,27.883806,27.910023,27.934195,27.863636,27.71878,27.695646,27.85073,28.043844,28.156742,28.181067,28.158672,28.145857,28.152721,28.173233,28.216738,28.298582,28.434658,28.61343,28.762192,28.805307,28.765444,28.70935,28.710743,28.805626,28.938194,29.041655,29.090418,29.164917,29.23799,29.271812,29.231876,29.136103,29.195301,29.314116,29.371284,29.34548,29.267294,29.242125,29.220554,29.156624,29.07221,28.969965,28.894588,28.846094,28.829178,28.869255,28.928293,28.992939,29.028728,29.033712,29.032526,29.056578,29.087513,29.10661,29.12367,29.137125,29.134806,29.114214,29.089817,29.071045,29.041216,29.03652,29.078953,29.161299,29.234598,29.282988,29.337643,29.381716,29.393126,29.355486,29.292814,29.536509,29.661877,29.67632,29.702042,29.687225,29.655306,29.70502,29.64618,29.684935,29.824814,29.7606,29.507341,29.533327,29.624636,29.605711,29.617428,29.615044,29.58105,29.539715,29.484169,29.453442,29.43771,29.397427,29.137167,29.251745,29.145391,28.990347,28.92737,28.946337,29.009943,29.079914,29.172062,29.25965,29.328743,29.393618,29.452072,29.579136,29.824274,29.89277,29.93574,29.980719,30.025295,30.039991,30.034607,30.01972,29.983583,29.913027,29.851042,29.824333,29.826674,29.837936,29.822563,29.759092,29.697203,,,,,,,,,,,,,,,,,,,,,,,,,,,,,,,,,,,,,,,,,,,,,,,,,,,,,,,,,,,,,,,,,,,26.958818,27.129122,27.483593,27.819979,27.813784,27.565115,27.640038,27.898602,28.04017,28.129482,28.213749,28.299301,28.337498,28.37981,28.35235,28.28319,28.076584,27.810308,27.604015,27.617651,27.734474,27.752056,27.747671,27.839987,27.962128,27.986147,28.027695,28.012123,27.944185,27.893566,27.906738,27.964722,28.100973,28.280886,28.4017,28.4382,28.45946,28.458338,28.446747,28.41088,28.371191,28.347273,28.33178,28.284847,28.196604,28.080359,27.92742,27.789328,27.721111,27.682158,27.74311,27.873938,27.951391,27.949034,27.931154,27.905436,27.872646,27.845661,27.840693,27.804314,27.774445,27.78217,27.855171,27.942575,28.079906,28.241022,28.354588,28.418308,28.471306,28.502293,28.528492,28.551025,28.5599,28.554916,28.54333,28.519018,28.498293,28.486357,28.483479,28.48016,28.480381,28.481087,28.48242,28.482489,28.475603,28.465353,28.451757,28.435278,28.401165,28.347773,28.353409,28.37719,28.40516,28.440247,28.46291,28.520977,28.559357,28.58488,28.605616,28.617367,28.58935,28.473831,28.488543,28.588705,28.670326,28.686403,28.703224,28.707361,28.676395,28.622255,28.541582,28.475904,28.512926,28.591705,28.650537,28.658085,28.674074,28.70536,28.747293,28.776495,28.779907,28.788198,28.779943,28.77655,28.77291,28.770939,28.767525
13.083336,26.565296,26.635199,26.726797,26.837812,26.896679,26.876842,26.807306,26.763878,26.749598,26.718752,26.686253,26.64865,26.56308,26.511948,26.583714,26.499283,26.487022,26.891289,27.070614,27.073917,27.127949,27.191528,27.077278,26.829922,26.623644,26.5914,26.598122,26.451128,26.410069,26.32728,26.252516,26.16945,26.147358,26.096085,26.100445,26.119532,26.210331,26.25667,26.326546,26.474148,26.567204,26.587774,26.606436,26.67606,26.747635,26.752266,26.643972,26.483759,26.339825,26.235489,26.192612,26.179111,26.210854,26.253242,26.324545,26.38982,26.475965,26.528841,26.592585,26.619581,26.625416,26.620014,26.582203,26.528885,26.5598,26.509085,26.527401,26.61643,26.71994,26.83059,26.89161,26.866297,26.801842,26.684145,26.569054,26.641874,26.73513,26.753408,26.748945,26.726357,26.670988,26.644823,26.632648,26.56834,26.586208,26.584948,26.486898,26.462784,26.545145,26.620476,26.620934,26.600943,26.58251,26.588137,26.615835,26.641714,26.67998,26.723457,26.753973,26.79932,26.850481,26.912373,26.979822,27.027332,27.051271,27.058868,27.05812,27.067663,27.104952,27.152006,27.171143,27.132011,27.032,26.928932,26.8548,26.820621,26.787418,26.767588,26.754257,26.763056,26.794882,26.842468,26.889437,26.920452,26.934923,26.940968,26.948864,26.962843,26.984854,27.012768,27.041716,27.053343,27.056044,27.0386,27.0229,26.963057,26.887194,26.79975,26.808428,26.998951,27.095856,27.097967,27.049702,27.067478,27.170322,27.264997,27.36678,27.462711,27.53262,27.571825,27.583231,27.597383,27.670475,27.72227,27.753134,27.766891,27.78163,27.791824,27.772154,27.717287,27.655586,27.594437,27.549385,27.516823,27.500378,27.505816,27.51244,27.47617,27.40666,27.352903,27.38141,27.371683,27.400272,27.398542,27.427631,27.441547,27.428421,27.410082,27.399744,27.400276,27.422216,27.449465,27.499199,27.575895,27.6456,27.701523,27.744432,27.786215,27.831074,27.877462,27.93893,28.002409,28.042572,28.048143,28.040298,28.024725,28.009254,27.990295,27.967506,27.944742,27.917625,27.900057,27.89452,27.935444,27.993576,27.893572,27.75039,27.764921,27.918736,28.070946,28.151466,28.16335,28.14577,28.140135,28.149172,28.168058,28.219065,28.316973,28.462254,28.619555,28.707476,28.701206,28.671154,28.714205,28.846796,28.98617,29.057388,29.092905,29.160963,29.212008,29.241396,29.19798,29.119797,29.2084,29.332104,29.37388,29.349108,29.266512,29.237232,29.220543,29.16777,29.115309,29.036015,28.983213,28.962597,28.970242,29.010242,29.056282,29.080545,29.072124,29.067108,29.082743,29.115292,29.135742,29.136745,29.130507,29.111807,29.102713,29.103806,29.104856,29.082842,29.048273,29.06167,29.133312,29.223661,29.304838,29.333113,29.346712,29.374386,29.420332,29.405764,29.498604,29.740955,29.734852,29.681963,29.72862,29.75785,29.733692,29.746635,29.657562,29.807735,29.856,29.65294,29.44325,29.48273,29.607666,29.569376,29.556377,29.545778,29.516247,29.479652,29.441658,29.407574,29.387732,29.25402,29.113989,29.305859,29.113232,29.008644,28.971025,28.96256,29.019003,29.11431,29.201097,29.284132,29.347103,29.413326,29.450058,29.609816,29.821812,29.892273,29.944859,29.99457,30.024729,30.030891,30.025871,30.003275,29.974815,29.905935,29.845613,29.811453,29.8116,29.816841,29.806173,29.764782,29.695364,,,,,,,,,,,,,,,,,,,,,,,,,,,,,,,,,,,,,,,,,,,,,,,,,,,,,,,,,,,,,,,,,,27.045965,27.029078,27.182903,27.537333,27.846367,27.781862,27.561386,27.681002,27.93495,28.045673,28.114347,28.185377,28.29259,28.335493,28.386904,28.3658,28.31202,28.145706,27.881006,27.64535,27.608347,27.734482,27.784655,27.792397,27.853495,27.958939,27.977808,27.990696,27.970291,27.931856,27.90824,27.898539,27.901749,27.997854,28.166157,28.333128,28.415636,28.445333,28.452873,28.432987,28.400415,28.369804,28.348974,28.309118,28.21532,28.089235,27.948616,27.811777,27.691896,27.64809,27.757732,27.902256,27.933569,27.917038,27.884409,27.845352,27.820131,27.813482,27.818945,27.847881,27.862791,27.895994,27.952703,28.036207,28.12634,28.241434,28.346807,28.426811,28.48105,28.509686,28.52663,28.540358,28.557423,28.551802,28.527843,28.502378,28.472433,28.454817,28.446377,28.441042,28.443253,28.448347,28.461092,28.468313,28.469543,28.46043,28.453045,28.433714,28.41549,28.39237,28.378202,28.409933,28.430088,28.42059,28.408768,28.416208,28.47608,28.547478,28.593643,28.62034,28.631594,28.571241,28.470232,28.503752,28.591656,28.665075,28.6768,28.699806,28.718039,28.690985,28.632782,28.557041,28.489944,28.504187,28.59215,28.653728,28.661364,28.676924,28.716661,28.764584,28.802942,28.8105,28.810976,28.79527,28.783129,28.782547,28.785034,28.784126
13.0,26.572817,26.6403,26.751482,26.83233,26.854,26.761864,26.650785,26.613852,26.631742,26.62094,26.613226,26.614773,26.55227,26.507383,26.57661,26.505423,26.496086,26.886677,27.07314,27.07152,27.128036,27.192095,27.105408,26.878138,26.665012,26.629732,26.631699,26.494804,26.44935,26.384726,26.314653,26.237394,26.188238,26.11201,26.105478,26.108757,26.187412,26.223072,26.2671,26.403366,26.512194,26.552805,26.567667,26.615887,26.696024,26.750095,26.733925,26.660074,26.580315,26.512749,26.48482,26.479023,26.492558,26.518265,26.54674,26.57596,26.60621,26.619,26.647308,26.628572,26.62249,26.582956,26.530344,26.525528,26.546177,26.503687,26.633474,26.714668,26.801966,26.889778,26.901186,26.80875,26.707382,26.611443,26.537788,26.627928,26.71737,26.746004,26.752619,26.743336,26.67495,26.644806,26.644394,26.575788,26.587915,26.608702,26.518831,26.455126,26.510675,26.607079,26.637041,26.635101,26.62793,26.618357,26.622318,26.626247,26.6506,26.683609,26.709389,26.751913,26.796652,26.849373,26.893261,26.920048,26.940266,26.955471,26.976664,27.010904,27.064182,27.111748,27.133162,27.112867,27.051224,26.973526,26.90395,26.859041,26.823656,26.810026,26.814665,26.837263,26.865084,26.88335,26.888317,26.88601,26.888098,26.899326,26.921654,26.95083,26.984211,27.017044,27.04074,27.049128,27.0489,27.041943,27.01309,26.944258,26.864178,26.79057,26.884731,27.051168,27.106861,27.085045,27.04547,27.099197,27.207396,27.303337,27.406,27.503567,27.554207,27.572556,27.588152,27.601107,27.66738,27.721842,27.76565,27.791767,27.804358,27.807558,27.780773,27.730782,27.682365,27.636745,27.612797,27.59844,27.587618,27.560148,27.483124,27.377373,27.388569,27.39678,27.443283,27.4739,27.515295,27.533463,27.578304,27.597733,27.594862,27.57889,27.552094,27.52154,27.501945,27.5013,27.515589,27.571383,27.630833,27.684696,27.738274,27.784035,27.832731,27.882261,27.947548,28.029627,28.109327,28.155369,28.172432,28.174902,28.176079,28.170149,28.153273,28.126041,28.083775,28.036419,27.988817,27.95202,27.995588,28.029879,27.887909,27.777784,27.832382,27.97327,28.094255,28.156582,28.156288,28.142752,28.135386,28.13785,28.172548,28.245386,28.35524,28.486898,28.59292,28.632044,28.645803,28.727427,28.8779,29.010777,29.045696,29.057505,29.11404,29.183395,29.227207,29.1961,29.1197,29.212132,29.343634,29.382887,29.353033,29.271708,29.232548,29.212633,29.182014,29.159319,29.108837,29.069849,29.063126,29.079517,29.108568,29.118172,29.107603,29.098099,29.109926,29.132559,29.144783,29.12788,29.121714,29.141129,29.143978,29.161516,29.186998,29.180805,29.126726,29.095654,29.14932,29.234337,29.298351,29.371048,29.398005,29.385647,29.392,29.456629,29.526327,29.702581,29.796509,29.690592,29.617199,29.681637,29.721306,29.7118,29.706974,29.753553,29.887964,29.736656,29.507671,29.373936,29.430172,29.598587,29.564821,29.52507,29.494768,29.4424,29.398352,29.337938,29.29662,29.270748,29.117304,29.154993,29.261486,29.090939,28.994162,29.01894,29.017298,29.052496,29.108612,29.18803,29.265177,29.30782,29.404789,29.426102,29.671658,29.81557,29.884987,29.941164,29.989681,30.01396,30.010746,29.998758,29.982578,29.957113,29.896875,29.830893,29.796867,29.78952,29.776308,29.74375,29.701464,29.61463,,,,,,,,,,,,,,,,,,,,,,,,,,,,,,,,,,,,,,,,,,,,,,,,,,,,,,,,,,,,,,,,,,27.096205,27.078522,27.277441,27.614424,27.837141,27.760368,27.56617,27.719538,27.95251,28.040064,28.087332,28.160383,28.286114,28.34588,28.400501,28.386545,28.350885,28.22834,27.988585,27.71809,27.596025,27.70523,27.79782,27.794619,27.851511,27.966513,27.998238,27.985798,27.942116,27.892279,27.901289,27.905865,27.881298,27.920162,28.020851,28.181688,28.312391,28.380583,28.41244,28.405584,28.382374,28.356209,28.303965,28.218487,28.08663,27.948778,27.811516,27.698156,27.644424,27.76771,27.91148,27.915949,27.868322,27.839966,27.817755,27.818033,27.837797,27.876558,27.915947,27.956997,27.997934,28.050863,28.117107,28.194683,28.276953,28.373205,28.45116,28.500408,28.5247,28.535015,28.545635,28.550684,28.542704,28.525034,28.493002,28.465113,28.44296,28.436554,28.43474,28.428787,28.438301,28.455328,28.47626,28.482983,28.48668,28.475258,28.463995,28.44778,28.441896,28.442781,28.45197,28.455015,28.435461,28.404512,28.362574,28.363182,28.404873,28.507952,28.582066,28.616657,28.622255,28.525253,28.463148,28.521719,28.596346,28.666365,28.671747,28.696804,28.724241,28.715584,28.664999,28.5958,28.52266,28.497442,28.548067,28.615837,28.64257,28.655853,28.699427,28.754454,28.804462,28.824343,28.825989,28.80764,28.795351,28.790688,28.793442,28.793894
12.916672,26.553957,26.66073,26.739359,26.81465,26.809387,26.684925,26.575584,26.589027,26.633474,26.638308,26.62369,26.62973,26.566402,26.510622,26.556469,26.490248,26.491297,26.873713,27.067991,27.063274,27.119307,27.18442,27.136513,26.941416,26.72366,26.667694,26.67497,26.559292,26.506302,26.461855,26.39575,26.326954,26.268097,26.18794,26.169416,26.161388,26.208748,26.230843,26.268715,26.363007,26.463434,26.512714,26.532774,26.56401,26.630503,26.697262,26.725348,26.707878,26.6781,26.643059,26.625463,26.61903,26.619648,26.630709,26.633753,26.646051,26.648577,26.650873,26.646671,26.607128,26.589766,26.526691,26.52573,26.545074,26.550434,26.620241,26.789492,26.781828,26.876484,26.93342,26.878786,26.719448,26.600967,26.539425,26.513882,26.593798,26.662415,26.704325,26.729862,26.73392,26.651659,26.638054,26.64653,26.579744,26.586275,26.629381,26.565687,26.476826,26.484749,26.575102,26.629925,26.648188,26.67079,26.67381,26.684887,26.684002,26.696247,26.710102,26.724604,26.75277,26.782215,26.813879,26.833504,26.842001,26.849056,26.860771,26.883968,26.921026,26.970291,27.012337,27.03486,27.029385,26.995525,26.95073,26.910868,26.883583,26.86863,26.86724,26.86851,26.865013,26.853083,26.836958,26.832258,26.84579,26.875204,26.911419,26.949148,26.982664,27.012651,27.034952,27.047918,27.050228,27.046156,27.030916,26.982542,26.918932,26.835777,26.813343,26.967897,27.089577,27.109926,27.070993,27.054092,27.149345,27.247595,27.343225,27.44826,27.546978,27.579958,27.576569,27.591492,27.60693,27.658377,27.703766,27.751564,27.79412,27.805613,27.80519,27.78246,27.746567,27.71677,27.687809,27.674086,27.651134,27.595518,27.476793,27.383263,27.40804,27.461012,27.486202,27.53894,27.581379,27.607792,27.636087,27.675951,27.701038,27.718548,27.726103,27.717815,27.700668,27.680391,27.664917,27.61073,27.591854,27.629707,27.663055,27.717203,27.759287,27.809177,27.85807,27.916752,27.997139,28.102987,28.195131,28.251173,28.276073,28.288881,28.290012,28.275537,28.24889,28.206802,28.15951,28.111559,28.074175,28.040577,28.091228,28.022911,27.875725,27.815613,27.893236,28.017675,28.118633,28.156948,28.151218,28.132427,28.12143,28.144686,28.199068,28.288824,28.396364,28.498388,28.565727,28.624556,28.745495,28.906471,29.013575,28.999956,28.988058,29.065952,29.176727,29.227112,29.20223,29.119484,29.19983,29.344372,29.38701,29.361723,29.289888,29.241047,29.198593,29.176088,29.176062,29.152529,29.126152,29.125235,29.135218,29.141928,29.13033,29.12097,29.127163,29.149252,29.157623,29.126902,29.12876,29.181904,29.230785,29.222582,29.235317,29.242395,29.212704,29.164202,29.182632,29.258053,29.329697,29.359907,29.398748,29.434994,29.425129,29.469036,29.590334,29.68053,29.783386,29.82725,29.699488,29.633165,29.689718,29.744555,29.738531,29.759235,29.866236,29.758274,29.508127,29.404045,29.352625,29.396835,29.577744,29.562176,29.515303,29.456705,29.373434,29.316978,29.211763,29.142397,29.133028,29.015818,29.136322,29.30921,29.262972,29.03544,29.0378,29.081392,29.139748,29.162207,29.209133,29.26649,29.31121,29.37251,29.371532,29.705692,29.820452,29.879969,29.93273,29.976883,29.997965,29.997396,29.987766,29.978712,29.95455,29.881083,29.805454,29.779884,29.77377,29.74509,29.679106,29.592575,29.461115,29.311117,,,,,,,,,,,,,,,,,,,,,,,,,,,,,,,,,,,,,,,,,,,,,,,,,,,,,,,,,,,,,,,,,27.111643,27.111511,27.337755,27.67081,27.852566,27.72996,27.581907,27.747084,27.959274,28.010515,28.04524,28.135983,28.27566,28.345617,28.40802,28.409262,28.37394,28.279,28.089325,27.813902,27.62221,27.676636,27.793093,27.78006,27.830118,27.94296,28.00187,27.99093,27.940838,27.865135,27.872072,27.901085,27.87845,27.892849,27.928434,28.03641,28.157253,28.243305,28.294113,28.3128,28.292574,28.256426,28.165167,28.0561,27.92694,27.802446,27.691671,27.683594,27.781395,27.891907,27.874447,27.829363,27.82908,27.832718,27.857035,27.912357,27.959465,28.01052,28.04659,28.085655,28.132751,28.18973,28.259108,28.33669,28.41497,28.484884,28.521133,28.534594,28.538195,28.546782,28.551977,28.546293,28.52538,28.496775,28.458534,28.406685,28.377537,28.39493,28.419657,28.415937,28.426973,28.443516,28.46897,28.48045,28.494225,28.500551,28.499414,28.491983,28.487417,28.488152,28.493204,28.482723,28.447592,28.404367,28.369196,28.362915,28.369661,28.431543,28.541603,28.59592,28.594048,28.509878,28.47945,28.53206,28.596174,28.65862,28.66536,28.68894,28.722445,28.734875,28.70338,28.643768,28.570246,28.526808,28.530113,28.572874,28.61148,28.639254,28.686607,28.73722,28.788374,28.82373,28.839962,28.827847,28.803429,28.801842,28.805208,28.801628
12.833336,26.599915,26.686817,26.749367,26.827423,26.818993,26.692987,26.59039,26.622742,26.700653,26.698774,26.663647,26.643559,26.569597,26.518614,26.5342,26.458923,26.46753,26.849674,27.04896,27.045574,27.102884,27.17042,27.16205,27.017902,26.810574,26.709703,26.715012,26.635145,26.572426,26.547459,26.492897,26.43766,26.411879,26.34792,26.338665,26.33032,26.33842,26.36862,26.399761,26.459045,26.512564,26.541164,26.554325,26.570229,26.611818,26.665081,26.704847,26.709387,26.701244,26.68964,26.67954,26.679123,26.676376,26.67829,26.670204,26.67114,26.652029,26.648844,26.605726,26.582642,26.546946,26.53282,26.576822,26.590853,26.683867,26.858002,26.883577,26.800928,26.966604,26.966473,26.841093,26.642654,26.54748,26.541517,26.556421,26.603743,26.679043,26.712488,26.729342,26.690538,26.609486,26.633085,26.656958,26.584913,26.577295,26.639668,26.606224,26.522669,26.48622,26.5434,26.603481,26.629032,26.665443,26.690615,26.72017,26.736387,26.758902,26.778328,26.794437,26.81746,26.838089,26.858347,26.864807,26.863432,26.856478,26.856213,26.867218,26.888325,26.919508,26.9468,26.967733,26.973665,26.962969,26.945412,26.925833,26.905527,26.882822,26.858446,26.825365,26.797121,26.78669,26.797684,26.830393,26.874578,26.919165,26.95646,26.987833,27.01161,27.03119,27.041727,27.046942,27.043756,27.031605,27.003311,26.955822,26.88756,26.81892,26.887264,27.042255,27.113684,27.105106,27.060934,27.086044,27.206436,27.291924,27.386133,27.494904,27.592506,27.608324,27.583166,27.597792,27.622541,27.657656,27.682522,27.722282,27.771727,27.791458,27.79284,27.781855,27.760538,27.749079,27.732008,27.712667,27.655466,27.50629,27.389322,27.412752,27.479311,27.48926,27.513227,27.566147,27.598757,27.627825,27.67357,27.711472,27.74403,27.76767,27.783451,27.793304,27.801224,27.808147,27.808353,27.770899,27.753437,27.736622,27.701752,27.72593,27.750853,27.785025,27.818426,27.868546,27.937622,28.037592,28.153393,28.254932,28.315601,28.347742,28.356878,28.348219,28.32314,28.280973,28.22755,28.178644,28.150642,28.164093,28.139853,28.126204,27.9874,27.857056,27.852938,27.945314,28.056433,28.131376,28.153427,28.135859,28.111952,28.116858,28.158749,28.241867,28.33835,28.43388,28.512764,28.60947,28.76354,28.92301,28.984987,28.922958,28.913017,29.039955,29.171978,29.225319,29.209614,29.120308,29.169851,29.328033,29.38341,29.369848,29.306454,29.256233,29.208603,29.16902,29.17764,29.165073,29.146393,29.146305,29.143997,29.137587,29.138754,29.14652,29.161173,29.159897,29.138527,29.143028,29.209547,29.287325,29.295284,29.229261,29.23669,29.215788,29.200659,29.221752,29.283628,29.355228,29.415821,29.423403,29.41503,29.450457,29.48244,29.568981,29.674744,29.708523,29.80972,29.8722,29.789251,29.780048,29.824402,29.854712,29.79268,29.757032,29.678556,29.436424,29.31729,29.332952,29.318932,29.348412,29.520103,29.548145,29.486927,29.388012,29.260849,29.195576,29.092289,29.001806,28.99364,28.947325,29.114746,29.402674,29.508211,29.223812,29.05047,29.052673,29.099422,29.15538,29.235481,29.284952,29.276133,29.24351,29.530209,29.774488,29.834753,29.87557,29.921156,29.958485,29.978834,29.990631,29.99616,29.998545,29.976566,29.884548,29.795195,29.776154,29.784534,29.774893,29.713818,29.584368,29.421263,29.272814,,,,,,,,,,,,,,,,,,,,,,,,,,,,,,,,,,,,,,,,,,,,,,,,,,,,,,,,,,,,,,,,,27.12718,27.162624,27.411531,27.754524,27.837006,27.736341,27.605345,27.751226,27.940348,27.97143,27.998896,28.108042,28.25778,28.341654,28.410881,28.430014,28.399405,28.331402,28.20617,27.95195,27.675095,27.652714,27.787243,27.807571,27.820349,27.928457,27.995546,28.001705,27.958517,27.873774,27.852203,27.877897,27.861153,27.865963,27.867025,27.920496,28.013226,28.071014,28.130838,28.147413,28.125519,28.076895,27.987825,27.896833,27.791265,27.704113,27.716753,27.802124,27.84767,27.831142,27.813778,27.841053,27.87603,27.915024,27.979263,28.042181,28.084255,28.125422,28.156624,28.202097,28.256273,28.320639,28.392872,28.461893,28.511496,28.531675,28.532078,28.532825,28.538723,28.544739,28.540915,28.523598,28.48892,28.444221,28.36896,28.284986,28.281807,28.365955,28.429619,28.420618,28.431501,28.431566,28.451006,28.455725,28.468578,28.49871,28.52065,28.523556,28.524612,28.522978,28.528975,28.50387,28.469181,28.43628,28.402578,28.384718,28.362734,28.372623,28.456022,28.553217,28.56471,28.514938,28.500605,28.544859,28.601542,28.65217,28.65355,28.677631,28.7095,28.7388,28.729836,28.69505,28.63522,28.590929,28.575796,28.59468,28.627462,28.661499,28.707148,28.737791,28.776388,28.81967,28.846943,28.834368,28.813944,28.816263,28.824785,28.821028
12.75,26.663359,26.683004,26.742867,26.823965,26.81405,26.691475,26.606102,26.671469,26.764948,26.76794,26.71438,26.657513,26.56656,26.534025,26.530293,26.417486,26.414907,26.800892,27.02624,27.015669,27.076382,27.141727,27.178583,27.100069,26.932123,26.778717,26.74731,26.703196,26.63318,26.61117,26.589739,26.533318,26.538183,26.497736,26.503157,26.499403,26.479668,26.538132,26.546892,26.563723,26.58911,26.58662,26.583424,26.584997,26.60607,26.640997,26.66651,26.68537,26.688314,26.69591,26.692753,26.692905,26.680897,26.67214,26.655167,26.64402,26.629545,26.612577,26.583782,26.583338,26.569452,26.63031,26.673733,26.772205,26.978857,26.981215,26.866577,26.834764,27.062637,26.987555,26.818956,26.618933,26.533663,26.532343,26.563658,26.542341,26.555809,26.57477,26.605133,26.593979,26.558025,26.642496,26.666477,26.59507,26.576519,26.64465,26.63712,26.582048,26.521955,26.541006,26.584911,26.606321,26.634935,26.660194,26.687262,26.71251,26.741335,26.772131,26.798502,26.826067,26.851908,26.873964,26.885056,26.888273,26.8857,26.884731,26.88919,26.898718,26.912441,26.924318,26.93322,26.933691,26.919737,26.898653,26.868114,26.833487,26.795374,26.76398,26.749514,26.758335,26.789896,26.833225,26.87912,26.921549,26.956875,26.983177,27.005375,27.021503,27.034655,27.041553,27.043444,27.03435,27.01447,26.978325,26.922174,26.85339,26.846207,26.982405,27.090721,27.127808,27.096104,27.069798,27.140984,27.261831,27.344078,27.435608,27.546644,27.637274,27.634623,27.589922,27.60525,27.650808,27.681896,27.687195,27.700483,27.744902,27.772787,27.779184,27.784508,27.773243,27.775408,27.759096,27.718374,27.592682,27.425552,27.409851,27.48315,27.503527,27.487934,27.510832,27.552237,27.592052,27.643412,27.712881,27.766598,27.814344,27.843254,27.859777,27.863422,27.865704,27.869978,27.879204,27.87522,27.886992,27.868341,27.847569,27.837296,27.800072,27.791101,27.794516,27.819645,27.867336,27.94185,28.053915,28.178873,28.284233,28.349688,28.379202,28.388958,28.383474,28.3564,28.30163,28.229246,28.188274,28.221218,28.21261,28.19303,28.09021,27.946453,27.862585,27.895332,27.98965,28.081724,28.13859,28.137468,28.104427,28.092993,28.123308,28.20038,28.292751,28.389812,28.482082,28.609037,28.783735,28.922619,28.925606,28.827894,28.851019,29.0253,29.15485,29.221777,29.217634,29.129019,29.135248,29.301062,29.378754,29.369753,29.325928,29.280508,29.232145,29.182814,29.18391,29.16735,29.144987,29.145792,29.147463,29.153505,29.168192,29.175947,29.170168,29.151917,29.169975,29.234041,29.303478,29.363438,29.276405,29.170834,29.193825,29.191551,29.231167,29.311846,29.380543,29.442074,29.493212,29.498066,29.45185,29.46722,29.530054,29.556805,29.663506,29.687368,29.80429,29.922174,29.84685,29.801676,29.82419,29.75408,29.615665,29.483932,29.316086,29.23907,29.258263,29.292429,29.280973,29.300491,29.438745,29.489876,29.438093,29.326471,29.179941,29.084501,28.970945,28.906925,28.894949,28.89149,29.07689,29.431433,29.613873,29.499563,29.29045,29.121878,29.032803,29.039352,29.111311,29.168055,29.164816,29.267282,29.675081,29.798737,29.831686,29.874832,29.913338,29.940374,29.958012,29.974863,29.99496,30.00512,29.99523,29.929655,29.823322,29.778055,29.78716,29.817902,29.80397,29.69967,29.52369,29.332104,,,,,,,,,,,,,,,,,,,,,,,,,,,,,,,,,,,,,,,,,,,,,,,,,,,,,,,,,,,,,,,,,27.15562,27.224407,27.483265,27.775784,27.826736,27.737488,27.628126,27.760874,27.924604,27.938496,27.954775,28.076868,28.227264,28.330196,28.410322,28.44022,28.424953,28.375004,28.269606,28.075739,27.786331,27.633467,27.759188,27.847843,27.816525,27.90997,27.98608,27.99996,27.974976,27.905827,27.874851,27.88162,27.852823,27.844816,27.829626,27.854248,27.907993,27.947847,27.971247,27.986408,27.956491,27.91853,27.850945,27.786283,27.740866,27.75768,27.821428,27.811203,27.789711,27.820719,27.864918,27.927074,27.978132,28.03651,28.108376,28.143335,28.17591,28.215569,28.259552,28.316442,28.379742,28.444052,28.498198,28.528545,28.529446,28.524736,28.532585,28.549189,28.553919,28.550692,28.53752,28.520386,28.49221,28.436092,28.32955,28.247084,28.295258,28.406036,28.461834,28.44514,28.469889,28.463907,28.47591,28.474972,28.466015,28.470394,28.490105,28.499058,28.509327,28.521383,28.539919,28.52355,28.491495,28.455898,28.430397,28.40861,28.381016,28.367702,28.380394,28.479334,28.544905,28.525627,28.516518,28.559946,28.609304,28.652037,28.63896,28.666681,28.686787,28.720612,28.736877,28.73874,28.709864,28.681381,28.665983,28.670233,28.69008,28.717451,28.742615,28.755745,28.775087,28.803406,28.825724,28.825186,28.82367,28.840755,28.847,28.840754
12.666672,26.70079,26.664843,26.702284,26.794104,26.794895,26.696798,26.638134,26.704016,26.804777,26.801668,26.737226,26.649984,26.54595,26.535198,26.531101,26.37989,26.351658,26.708416,26.985874,26.99501,27.0329,27.096554,27.156372,27.153786,27.060226,26.900578,26.800602,26.769335,26.706858,26.660295,26.680853,26.638178,26.650263,26.64099,26.63094,26.649649,26.633146,26.69551,26.67671,26.678064,26.684727,26.682375,26.676226,26.67428,26.682331,26.705198,26.724808,26.740517,26.732792,26.723854,26.697798,26.679039,26.664259,26.659584,26.65154,26.672237,26.68313,26.681389,26.681408,26.696514,26.730438,26.810692,26.907417,27.084715,27.088219,26.94597,26.853357,26.9786,27.14169,26.993992,,,,26.523895,26.58013,26.530746,26.53092,,,26.61536,26.583946,26.646955,26.664011,26.594683,26.579485,26.649643,26.653862,26.626429,26.575268,26.564377,26.594202,26.610748,26.630096,26.647028,26.660048,26.673286,26.69128,26.714527,26.733416,26.753965,26.776123,26.795603,26.812887,26.825377,26.829887,26.831776,26.83541,26.83774,26.840809,26.839396,26.834875,26.824425,26.805069,26.782257,26.757635,26.738867,26.729416,26.733862,26.754398,26.791582,26.83529,26.874632,26.911592,26.946344,26.97463,26.99474,27.012056,27.024406,27.033573,27.037218,27.032545,27.013674,26.983517,26.93947,26.887293,26.862404,26.942652,27.066717,27.12197,27.128956,27.089783,27.11183,27.219034,27.319004,27.400936,27.491697,27.601757,27.679266,27.658752,27.600302,27.61833,27.686134,27.73334,27.733747,27.721903,27.74478,27.769485,27.774343,27.794111,27.789753,27.795227,27.768385,27.697641,27.523018,27.418686,27.470974,27.52444,27.507082,27.499855,27.522797,27.559525,27.612474,27.697687,27.785273,27.855494,27.908077,27.938251,27.952734,27.954063,27.952227,27.94728,27.945066,27.94326,27.954664,27.965225,27.968164,27.954016,27.92331,27.893063,27.832594,27.810043,27.817453,27.856014,27.93336,28.050049,28.18307,28.28807,28.353931,28.390495,28.412277,28.412159,28.374134,28.287205,28.19276,28.185589,28.265024,28.218002,28.157099,28.02577,27.901098,27.880327,27.941828,28.028511,28.10788,28.133167,28.097439,28.071188,28.093607,28.159603,28.247345,28.349457,28.46378,28.620016,28.799421,28.899618,28.84069,28.731808,28.804552,29.0029,29.1351,29.21888,29.227108,29.151718,29.116028,29.262846,29.360773,29.371708,29.33751,29.294804,29.25541,29.19299,29.18714,29.168623,29.154993,29.171436,29.183903,29.188145,29.189037,29.182936,29.173286,29.200323,29.270746,29.326418,29.343044,29.407885,29.259426,29.159597,29.195738,29.216146,29.30566,29.396631,29.460794,29.514452,29.539007,29.531994,29.470644,29.488115,29.51533,29.492065,29.613771,29.669384,29.738466,29.822977,29.770113,29.604052,29.62251,29.514208,29.353182,29.244234,29.175283,29.183462,29.20667,29.212303,29.206148,29.235886,29.329632,29.372314,29.316814,29.194782,29.06002,28.962484,28.891844,28.85022,28.839592,28.85448,29.033329,29.493462,29.644531,29.645582,29.580866,29.47754,29.347069,29.210651,29.171053,29.202831,29.22727,29.626854,29.78225,29.84088,29.8459,29.86619,29.899065,29.919611,29.933346,29.946638,29.970463,29.9847,29.983044,29.941795,29.845116,29.777508,29.770964,29.803198,29.824787,29.78417,29.647493,29.40364,29.215725,,,,,,,,,,,,,,,,,,,,,,,,,,,,,,,,,,,,,,,,,,,,,,,,,,,,,,,,,,,,,,,,27.193981,27.27937,27.549294,27.859919,27.796406,27.735933,27.645805,27.747026,27.901321,27.909197,27.910482,28.045065,28.193537,28.311312,28.398943,28.437885,28.425688,28.393244,28.331474,28.202028,27.913078,27.674858,27.718794,27.868303,27.830858,27.90548,27.972588,27.997572,27.970545,27.918621,27.880014,27.894545,27.853708,27.827116,27.814402,27.812254,27.837933,27.855888,27.861917,27.85824,27.835999,27.814636,27.784,27.78577,27.79487,27.815765,27.786304,27.77366,27.832453,27.898722,27.96548,28.032549,28.089382,28.149836,28.19764,28.220737,28.262213,28.313494,28.373388,28.436779,28.49289,28.527596,28.537195,28.540298,28.548786,28.562078,28.572906,28.575872,28.573832,28.566797,28.567526,28.577307,28.579891,28.54316,28.421518,28.317469,28.301195,28.371828,28.438852,28.442799,28.49433,28.508242,28.507433,28.512117,28.506104,28.484762,28.483616,28.478561,28.4793,28.499348,28.517263,28.523367,28.493866,28.463871,28.451275,28.442719,28.430166,28.413366,28.3813,28.411657,28.499922,28.545528,28.529808,28.561722,28.615751,28.644327,28.641792,28.646511,28.655315,28.680952,28.716164,28.740005,28.742807,28.739832,28.73881,28.741444,28.751198,28.765163,28.781044,28.788553,28.796675,28.809288,28.819273,28.826115,28.836363,28.856812,28.86107,28.852638
12.583336,26.753122,26.698156,26.706,26.772863,26.791105,26.721533,26.680029,26.74339,26.833683,26.82876,26.737389,26.622877,26.51066,26.505169,26.49784,26.331177,26.323595,26.623386,26.908407,26.98579,26.97265,27.040058,27.109262,27.143158,27.135534,27.055105,26.927074,26.848028,26.791737,26.69548,26.697124,26.683207,26.671988,26.697212,26.670996,26.706455,26.691133,26.728365,26.699986,26.699793,26.701046,26.679667,26.685705,26.680456,26.684156,26.683207,26.669863,26.678263,26.672274,26.677439,26.675884,26.71083,26.735823,26.747828,26.785154,26.846542,26.87869,26.869232,26.875185,26.90083,26.96373,27.060177,27.167032,27.166143,27.061312,26.935957,26.936638,27.085947,27.17051,,,,,,,,,,,,,,26.658754,26.582302,26.582466,26.652058,26.664743,26.654732,26.62581,26.597742,26.60417,26.620192,26.633526,26.647757,26.654064,26.662138,26.666811,26.67444,26.681263,26.686367,26.69687,26.704699,26.716917,26.726427,26.733276,26.739027,26.743118,26.74426,26.744062,26.739662,26.735928,26.731049,26.722853,26.715641,26.710314,26.714798,26.72748,26.751036,26.784702,26.82431,26.863981,26.902283,26.943012,26.982182,27.010588,27.024876,27.032152,27.03658,27.03597,27.030434,27.016275,26.991955,26.963411,26.929577,26.91445,26.957943,27.05705,27.128584,27.147135,27.127047,27.09952,27.176668,27.297071,27.3808,27.458101,27.549515,27.65519,27.714579,27.675278,27.609472,27.63528,27.72501,27.801094,27.81941,27.799042,27.79741,27.80911,27.797602,27.81621,27.813005,27.8089,27.769953,27.677923,27.491577,27.439127,27.510302,27.531796,27.502798,27.514187,27.562437,27.60691,27.696505,27.80096,27.889935,27.958216,28.002514,28.023903,28.032068,28.031832,28.03252,28.029028,28.025482,28.021345,28.01387,28.00592,28.018377,28.032534,28.022673,28.001251,27.959862,27.881132,27.819687,27.809538,27.839352,27.911022,28.03024,28.16946,28.276157,28.346104,28.395172,28.43158,28.438732,28.372477,28.239649,28.168621,28.233538,28.22733,28.181355,28.078514,27.966372,27.898373,27.919693,27.988926,28.07515,28.123533,28.092598,28.05429,28.070498,28.125607,28.207258,28.317518,28.455513,28.631649,28.802286,28.857197,28.748436,28.647905,28.771036,28.969088,29.121508,29.217352,29.240002,29.186504,29.119184,29.22931,29.348747,29.366796,29.353197,29.303833,29.268375,29.207031,29.202595,29.203371,29.195131,29.209343,29.214537,29.205467,29.199081,29.196259,29.222763,29.289001,29.3549,29.359924,29.36916,29.427593,29.297033,29.191195,29.222366,29.266163,29.34938,29.432995,29.505451,29.571646,29.59547,29.573824,29.474037,29.494478,29.483137,29.445269,29.461378,29.580496,29.619894,29.649635,29.538996,29.41466,29.477264,29.37154,29.30322,29.181252,29.089352,29.09193,29.098028,29.10721,29.131302,29.16743,29.200083,29.19594,29.11634,29.020824,28.945135,28.900179,28.864386,28.830261,28.825607,28.848959,29.039616,29.566153,29.673405,29.687464,29.6574,29.643896,29.597532,29.535526,29.49963,29.447454,29.610794,29.756884,29.815588,29.846603,29.83648,29.861551,29.885006,29.896898,29.904198,29.9151,29.935892,29.953192,29.949167,29.919607,29.848078,29.772709,29.755001,29.781399,29.815847,29.817333,29.75494,29.554245,29.316042,,,,,,,,,,,,,,,,,,,,,,,,,,,,,,,,,,,,,,,,,,,,,,,,,,,,,,,,,,,,,,,27.209,27.241173,27.351414,27.622799,27.878471,27.79406,27.737335,27.656408,27.739594,27.882524,27.88229,27.879059,28.016329,28.156668,28.291628,28.38699,28.43714,28.43187,28.401537,28.351889,28.265047,28.048656,27.726128,27.66598,27.85024,27.846003,27.890034,27.9611,28.002684,27.97549,27.92541,27.880945,27.893175,27.854767,27.814713,27.798838,27.788118,27.798641,27.792501,27.789968,27.786205,27.78579,27.80134,27.817305,27.821815,27.799486,27.762974,27.772,27.840406,27.931536,27.995493,28.068085,28.126993,28.181326,28.229,28.267097,28.309256,28.36607,28.42955,28.487728,28.529898,28.548306,28.553186,28.557438,28.568396,28.59184,28.611343,28.617386,28.616734,28.616814,28.62756,28.65355,28.671816,28.678074,28.65737,28.554218,28.360216,28.252586,28.321493,28.4248,28.443281,28.49702,28.533497,28.551575,28.558132,28.561209,28.541094,28.531572,28.529089,28.50794,28.49991,28.505886,28.509914,28.490057,28.484678,28.468475,28.468174,28.470688,28.47254,28.434698,28.398722,28.413563,28.509863,28.550114,28.556698,28.604471,28.644945,28.645588,28.649673,28.643513,28.656454,28.678194,28.697989,28.716808,28.730183,28.73495,28.741316,28.747824,28.759998,28.773584,28.784632,28.794785,28.807732,28.81955,28.833347,28.850483,28.866087,28.86315,28.855534
12.5,26.855423,26.846716,26.811186,26.819122,26.822742,26.757942,26.729116,26.784449,26.868107,26.855038,26.735033,26.594408,26.481585,26.46606,26.425175,26.236835,26.298399,26.620739,26.830372,26.956861,26.938684,26.962173,27.035643,27.08324,27.113438,27.12066,27.078266,26.992409,26.947645,26.843832,26.76052,26.724852,26.676659,26.681925,26.66211,26.677662,26.678205,26.685602,26.68114,26.664396,26.666756,26.651651,26.652472,26.659906,26.66488,26.692749,26.73654,26.70654,26.726969,26.765368,26.781918,26.840065,26.828886,26.839376,26.90873,26.997799,27.035313,27.033289,27.074308,27.114609,27.201023,27.213985,27.193241,27.144165,27.051586,26.994432,27.070803,27.164726,27.233036,27.27276,,,,,,,,,,,,26.689697,26.656063,26.549934,26.594828,26.657242,26.672964,26.669815,26.670523,26.651304,26.633347,26.629967,26.632746,26.635487,26.638994,26.641125,26.64133,26.642334,26.646946,26.646296,26.652174,26.655647,26.66217,26.668436,26.674826,26.680574,26.68418,26.684853,26.682955,26.68041,26.677813,26.67545,26.67523,26.681852,26.695406,26.721544,26.756777,26.804596,26.857073,26.909529,26.963144,27.014812,27.06469,27.105076,27.12542,27.125023,27.11655,27.106176,27.087078,27.064077,27.039183,27.014877,27.011314,27.006655,27.032534,27.101465,27.160595,27.169802,27.16166,27.13431,27.155165,27.265984,27.372168,27.43984,27.515535,27.610882,27.704796,27.743458,27.681004,27.615248,27.653643,27.76377,27.869354,27.919334,27.914675,27.89722,27.893803,27.86265,27.85959,27.847897,27.823225,27.773006,27.665415,27.477573,27.4292,27.494194,27.497107,27.479784,27.537981,27.621832,27.702557,27.825842,27.922083,27.990692,28.037498,28.063948,28.075016,28.078873,28.076313,28.073963,28.069294,28.072155,28.070936,28.069557,28.066336,28.0566,28.061388,28.078228,28.078579,28.05542,28.014885,27.920883,27.832796,27.806906,27.826427,27.893288,28.01591,28.156218,28.252905,28.325405,28.398823,28.459381,28.44926,28.319107,28.182495,28.15671,28.23592,28.167479,28.101746,28.015366,27.936228,27.926743,27.97182,28.049162,28.111712,28.084114,28.037634,28.050245,28.09962,28.17677,28.292738,28.447853,28.632257,28.792135,28.803915,28.660748,28.581991,28.742777,28.934803,29.106955,29.215055,29.252083,29.224981,29.146725,29.19983,29.322447,29.36439,29.370213,29.321108,29.27953,29.230825,29.22546,29.238708,29.232859,29.241987,29.240673,29.220976,29.21754,29.237988,29.292164,29.356777,29.397654,29.367136,29.358953,29.380463,29.307718,29.198427,29.225712,29.282934,29.372774,29.471586,29.554731,29.628609,29.66667,29.640375,29.540405,29.495396,29.473633,29.495523,29.44457,29.46375,29.458382,29.472178,29.459877,29.410898,29.469614,29.419186,29.310991,29.119946,28.991032,28.992456,28.987934,28.988754,29.017624,29.05212,29.065338,29.03046,28.966225,28.91535,28.880135,28.843702,28.816639,28.824757,28.835236,28.873579,29.11531,29.605717,29.674091,29.66358,29.648422,29.671028,29.65715,29.647245,29.639935,29.684177,29.80265,29.838213,29.853106,29.843054,29.8409,29.863167,29.870693,29.873232,29.875563,29.876713,29.898396,29.919136,29.920908,29.901283,29.857334,29.800108,29.772617,29.79243,29.81924,29.830982,29.824472,29.742659,29.54962,29.432318,,,,,,,,,,,,,,,,,,,,,,,,,,,,,,,,,,,,,,,,,,,,,,,,,,,,,,,,,,,,,,27.270063,27.303265,27.42743,27.666548,27.889881,27.777779,27.743296,27.661856,27.72167,27.849482,27.847101,27.845268,27.973738,28.112595,28.261692,28.366945,28.424343,28.420961,28.399136,28.365726,28.321514,28.191246,27.88069,27.640438,27.809599,27.866154,27.878534,27.947271,28.002888,27.975063,27.927555,27.876331,27.8825,27.859068,27.81269,27.79002,27.781317,27.781797,27.763363,27.774439,27.79302,27.811539,27.83291,27.825142,27.785065,27.748047,27.763268,27.850357,27.94241,28.019127,28.082743,28.149595,28.20544,28.263384,28.30742,28.35979,28.4178,28.477383,28.526352,28.550863,28.559381,28.559713,28.561174,28.57168,28.60067,28.633326,28.655453,28.674025,28.678925,28.680634,28.692663,28.711788,28.72539,28.717913,28.68012,28.562113,28.35784,28.23913,28.340994,28.423727,28.439592,28.49202,28.540255,28.575338,28.593868,28.602589,28.603756,28.6005,28.592762,28.560902,28.529865,28.525854,28.522339,28.50091,28.495417,28.495178,28.485735,28.497875,28.508308,28.500853,28.46533,28.41976,28.432055,28.529963,28.567286,28.579185,28.62532,28.659561,28.665499,28.653913,28.657597,28.6664,28.668634,28.685204,28.695103,28.696598,28.699703,28.70553,28.717276,28.72628,28.734034,28.749222,28.7654,28.771727,28.787664,28.821405,28.845236,28.850256,28.850407
12.416672,26.9488,26.979218,26.93508,26.911346,26.873747,26.794373,26.78002,26.836838,26.92329,26.881935,26.725111,26.561747,26.457111,26.436115,26.334732,26.136414,26.234404,26.565445,26.770212,26.920004,26.93286,26.916605,26.957018,27.015745,27.045593,27.057543,27.080381,27.045414,27.032816,27.000946,26.936996,26.878872,26.83302,26.782347,26.755457,26.71846,26.716654,26.685394,26.672997,26.66356,26.67148,26.67525,26.694777,26.727825,26.748802,26.783316,26.89977,26.770649,26.774216,26.781698,26.772367,26.78533,26.738512,26.727633,26.766459,26.836569,26.923512,27.029276,27.1351,27.210785,27.21445,27.182795,27.170591,27.163067,27.104013,27.108461,27.162224,27.219784,27.249098,27.287737,27.259916,,,,,,,,,26.742214,26.721493,26.681608,26.61265,26.52653,26.606762,26.66848,26.682549,26.67541,26.687244,26.699942,26.695675,26.680462,26.66729,26.655315,26.643883,26.630665,26.622787,26.611334,26.607819,26.60302,26.602938,26.604055,26.608524,26.613014,26.61952,26.624853,26.631311,26.637646,26.644346,26.65111,26.661184,26.676754,26.702057,26.73535,26.781609,26.842264,26.903767,26.972313,27.036749,27.096367,27.150484,27.198046,27.242342,27.273546,27.284292,27.27591,27.257128,27.231833,27.199467,27.16573,27.137669,27.117483,27.126022,27.134995,27.167528,27.211582,27.212738,27.193716,27.181248,27.167767,27.24337,27.360386,27.434715,27.501228,27.574406,27.669022,27.748238,27.757896,27.675838,27.61907,27.671871,27.79628,27.924017,28.003061,28.025827,28.011335,28.000195,27.9588,27.922415,27.893847,27.84586,27.783094,27.668846,27.478184,27.393517,27.423899,27.44821,27.474932,27.583755,27.684164,27.82047,27.929953,27.998264,28.043598,28.080439,28.109789,28.129566,28.136917,28.129484,28.115456,28.093687,28.080515,28.075022,28.077211,28.091118,28.09437,28.088074,28.095722,28.114458,28.116238,28.096476,28.049536,27.952084,27.848347,27.81042,27.828817,27.90044,28.024452,28.130323,28.219229,28.319227,28.441515,28.492796,28.413397,28.26464,28.158464,28.187716,28.153013,28.127167,28.049925,27.986303,27.965994,27.990593,28.056395,28.112381,28.075304,28.022882,28.03081,28.07804,28.154686,28.272379,28.437113,28.625477,28.774878,28.745268,28.5777,28.527725,28.712217,28.899849,29.08806,29.209347,29.26213,29.259687,29.194061,29.181747,29.289335,29.352863,29.372845,29.353619,29.304064,29.259287,29.250332,29.269981,29.274073,29.276182,29.274523,29.261148,29.268679,29.30532,29.354193,29.406141,29.390934,29.318426,29.331741,29.35681,29.289345,29.198784,29.23759,29.3015,29.406004,29.498669,29.584131,29.660479,29.710392,29.692368,29.628422,29.504927,29.529007,29.435991,29.45187,29.504204,29.49716,29.49789,29.483738,29.45842,29.488552,29.492153,29.345207,29.09565,28.92867,28.918032,28.888092,28.885532,28.926222,28.945728,28.94804,28.923058,28.885078,28.854801,28.81581,28.812382,29.041647,28.832832,28.847534,28.91017,29.216831,29.63172,29.655909,29.649454,29.673733,29.692028,29.699352,29.720324,29.7556,29.825542,29.873915,29.837467,29.828716,29.837519,29.847273,29.84651,29.843752,29.840977,29.839872,29.836414,29.854568,29.879034,29.895302,29.896671,29.882664,29.862118,29.850834,29.86568,29.87857,29.868761,29.860678,29.858704,29.780819,29.666822,,,,,,,,,,,,,,,,,,,,,,,,,,,,,,,,,,,,,,,,,,,,,,,,,,,,,,,,,,,,,27.267256,27.283918,27.307276,27.432667,27.700912,27.883776,27.75509,27.745142,27.645279,27.705462,27.83802,27.822632,27.819149,27.94473,28.065039,28.22579,28.351374,28.422897,28.423813,28.401653,28.36165,28.331068,28.248924,28.008743,27.698881,27.763433,27.901691,27.863111,27.925142,27.999846,27.973148,27.927217,27.87319,27.874975,27.866144,27.836927,27.81955,27.809343,27.806849,27.806932,27.819113,27.837843,27.83477,27.81874,27.773851,27.743223,27.763222,27.8457,27.9493,28.027174,28.091265,28.153383,28.217459,28.277369,28.338074,28.384426,28.44429,28.500675,28.547012,28.571392,28.5845,28.589806,28.583239,28.58897,28.60398,28.619534,28.640997,28.648937,28.661718,28.663021,28.66636,28.668297,28.667439,28.663616,28.648287,28.616058,28.536167,28.373648,28.272766,28.372862,28.417902,28.451315,28.504978,28.552275,28.586748,28.614376,28.628098,28.642971,28.64584,28.639,28.615534,28.596312,28.57923,28.54567,28.530838,28.525494,28.522017,28.521854,28.533693,28.545504,28.54677,28.530668,28.507343,28.455606,28.476595,28.566454,28.58789,28.612291,28.674192,28.667665,28.677906,28.675121,28.677174,28.6746,28.685797,28.68963,28.683147,28.68292,28.692377,28.706871,28.72226,28.732866,28.746038,28.76332,28.774176,28.779476,28.792574,28.803461,28.809927,28.81488
12.333336,26.969545,27.013123,27.006615,26.97355,26.920177,26.849234,26.857677,26.924263,26.980907,26.88473,26.690212,26.519222,26.43914,26.402008,26.21876,26.05305,26.239828,26.502995,26.709944,26.852127,26.916021,26.888283,26.895987,26.947992,27.02616,27.021824,27.048899,27.01638,26.992811,26.96092,26.928791,26.912327,26.88154,26.858328,26.839033,26.804691,26.765978,26.764372,26.701515,26.677044,26.670343,26.690798,26.715427,26.751297,26.825304,26.806658,26.938007,26.808844,26.844116,26.858871,26.872309,26.84365,26.769115,26.735485,26.699888,26.732615,26.85424,27.037659,27.148998,27.166964,27.186096,27.194195,27.19665,27.18942,27.143795,27.192234,27.215393,27.234312,27.281092,27.321604,27.280546,,,,,26.940838,26.86208,26.655321,26.623678,26.66199,26.709106,26.674799,26.58375,26.536581,26.625801,26.689238,26.70157,26.693516,26.699291,26.718506,26.74389,26.755106,26.74916,26.737993,26.722746,26.701618,26.682383,26.660069,26.64408,26.630539,26.61981,26.614105,26.616457,26.623802,26.638405,26.655317,26.67604,26.699888,26.730337,26.765274,26.806099,26.850899,26.895205,26.945457,27.002192,27.069134,27.135212,27.199497,27.25994,27.314308,27.348175,27.361391,27.373323,27.38551,27.388302,27.383665,27.3731,27.35376,27.325926,27.294174,27.268639,27.25311,27.258675,27.264204,27.265575,27.248966,27.23542,27.22847,27.211977,27.2685,27.352636,27.43998,27.501274,27.56965,27.637518,27.722948,27.78123,27.753468,27.666916,27.626865,27.699457,27.834675,27.96917,28.06295,28.103857,28.103941,28.092997,28.050919,27.987968,27.942472,27.874073,27.793304,27.678596,27.49978,27.366493,27.359545,27.394733,27.493732,27.654085,27.757528,27.896404,27.976782,28.016668,28.059586,28.110134,28.157722,28.195515,28.213404,28.206045,28.1791,28.135778,28.09645,28.070196,28.069244,28.084295,28.093348,28.100819,28.101488,28.115572,28.137688,28.143713,28.127827,28.065008,27.973707,27.870886,27.832653,27.85057,27.924265,28.010843,28.095682,28.201841,28.373562,28.498953,28.461367,28.357334,28.21343,28.140612,28.1694,28.130663,28.089931,28.036188,28.011103,28.024694,28.078848,28.113655,28.058397,28.005928,28.01195,28.059128,28.13355,28.255281,28.427956,28.619267,28.75104,28.686796,28.511442,28.48191,28.673634,28.86116,29.063213,29.200653,29.26933,29.289608,29.237206,29.18489,29.261215,29.338434,29.36973,29.378624,29.336208,29.289686,29.275219,29.301178,29.315151,29.321997,29.32051,29.325125,29.34487,29.386915,29.417904,29.4189,29.303276,29.280384,29.322987,29.346323,29.27425,29.21089,29.243998,29.310995,29.4287,29.514145,29.619905,29.70182,29.751392,29.738432,29.694109,29.566793,29.579096,29.52704,29.521944,29.379562,29.424665,29.525675,29.512148,29.462284,29.467623,29.512358,29.418531,29.132988,28.91393,28.88948,28.849224,28.831135,28.845203,28.835901,28.839321,28.82842,28.828678,28.833387,28.875776,29.018095,29.285833,28.860826,28.859673,28.960613,29.305984,29.634699,29.642418,29.613789,29.666529,29.726519,29.74206,29.802917,29.847912,29.847141,29.795788,29.844553,29.871763,29.853504,29.845158,29.839663,29.828846,29.817158,29.812544,29.800402,29.811697,29.832726,29.856298,29.87329,29.887535,29.894207,29.909191,29.91971,29.933558,29.921768,29.905817,29.906755,29.902761,29.825325,29.771606,,,,,,,,,,,,,,,,,,,,,,,,,,,,,,,,,,,,,,,,,,,,,,,,,,,,,,,,,,,,27.271458,27.336315,27.360065,27.501518,27.740479,27.887117,27.742754,27.744505,27.647938,27.708937,27.830097,27.79455,27.79246,27.89894,28.006516,28.16785,28.32261,28.418827,28.419735,28.396711,28.362013,28.346195,28.312025,28.150795,27.787067,27.704742,27.905396,27.868671,27.894503,27.997454,27.979456,27.934052,27.87368,27.87001,27.875174,27.856592,27.854528,27.843655,27.844177,27.833906,27.836681,27.826124,27.796476,27.76443,27.741545,27.759745,27.830791,27.935658,28.01755,28.085413,28.14657,28.205856,28.274359,28.335443,28.390297,28.43898,28.499392,28.545496,28.5768,28.592037,28.599768,28.592304,28.588037,28.595587,28.60293,28.599506,28.592981,28.58271,28.575485,28.571516,28.57739,28.581562,28.58293,28.579361,28.573126,28.557074,28.512096,28.394188,28.276117,28.36902,28.40042,28.456545,28.51938,28.565996,28.601265,28.63376,28.661987,28.674866,28.68172,28.675367,28.66379,28.650877,28.62584,28.58224,28.566687,28.561682,28.570301,28.571758,28.564388,28.555754,28.555367,28.572414,28.568869,28.52781,28.485628,28.52431,28.59237,28.610933,28.65225,28.667921,28.669998,28.678102,28.664715,28.660242,28.659576,28.643661,28.62936,28.634495,28.657463,28.684391,28.712576,28.735296,28.756943,28.770418,28.78336,28.792814,28.8048,28.812668,28.818678,28.821049
12.25,26.956177,27.005001,27.009174,26.990425,26.947983,26.914537,26.961672,27.020992,27.023525,26.869707,26.654655,26.4835,26.41434,26.33705,26.073029,25.99738,26.292204,26.502462,26.679108,26.77729,26.875513,26.85824,26.783224,26.755928,26.8809,26.962336,27.04351,27.070604,27.054617,27.037724,26.999554,26.983112,26.962002,26.933306,26.933004,26.897142,26.924513,26.916075,26.904057,26.848824,26.843037,26.850588,26.822405,26.777472,26.948103,26.813576,27.005331,26.969448,26.992846,27.017748,27.00037,26.962765,26.858843,26.769629,26.710508,26.763002,26.892738,27.055847,27.091057,27.129108,27.162716,27.154123,27.18611,27.1893,27.185019,27.23234,27.267656,27.218494,27.21172,27.273834,27.309381,27.277044,27.270664,27.384813,27.405388,26.995716,26.738964,26.69382,26.753206,26.752333,26.71603,26.63951,26.544868,26.55938,26.649862,26.713575,26.724588,26.733608,26.741945,26.756504,26.780207,26.80356,26.806637,26.803724,26.79741,26.783993,26.769896,26.751316,26.735065,26.721136,26.711138,26.704428,26.706732,26.722322,26.7513,26.786041,26.830574,26.880116,26.9349,26.992825,27.05218,27.108946,27.156906,27.201607,27.242424,27.292198,27.343832,27.395035,27.438839,27.467314,27.479872,27.487408,27.495937,27.491173,27.471167,27.448563,27.425476,27.402016,27.380482,27.364124,27.346493,27.329247,27.314634,27.29753,27.282343,27.283207,27.27538,27.25246,27.291616,27.362669,27.452124,27.517628,27.577597,27.641788,27.697842,27.767471,27.800587,27.73851,27.651695,27.636189,27.723953,27.861504,27.992832,28.08622,28.135937,28.156454,28.157288,28.125633,28.048775,27.984224,27.898628,27.80868,27.695873,27.540295,27.385645,27.320267,27.33915,27.507784,27.711397,27.828165,27.939676,27.974173,28.002337,28.061178,28.130009,28.188765,28.245476,28.278858,28.286177,28.259352,28.195124,28.117111,28.059992,28.034483,28.04386,28.057642,28.064985,28.085636,28.104467,28.131315,28.15472,28.163918,28.132393,28.06895,27.973148,27.898283,27.862597,27.874317,27.928,27.995665,28.08869,28.277771,28.477766,28.484299,28.40245,28.318647,28.162834,28.157663,28.150217,28.130802,28.081469,28.059399,28.065655,28.111084,28.104698,28.038715,27.99137,28.000517,28.045654,28.116207,28.247,28.425467,28.612507,28.721592,28.63733,28.45961,28.45034,28.636408,28.825268,29.035015,29.185705,29.268816,29.308064,29.277948,29.212002,29.24493,29.323605,29.366909,29.39979,29.38286,29.34278,29.295515,29.319086,29.343214,29.363092,29.37916,29.404947,29.440527,29.467953,29.409603,29.292667,29.226427,29.246435,29.29972,29.326023,29.238064,29.217056,29.252363,29.317596,29.438095,29.532675,29.642866,29.729097,29.788883,29.785723,29.737333,29.645372,29.615305,29.601614,29.540445,29.40572,29.448736,29.495708,29.488298,29.480185,29.453493,29.475008,29.461296,29.219826,28.954615,28.93914,28.943987,28.908457,28.912048,28.867386,28.851133,28.84321,28.859818,28.918798,29.055798,29.170164,29.013931,28.840023,28.883823,28.9716,29.33593,29.627213,29.625034,29.611792,29.671509,29.732676,29.764946,29.834047,29.868034,29.866568,29.844496,29.827948,29.862356,29.864607,29.86566,29.84364,29.82739,29.807308,29.801632,29.783333,29.77996,29.788534,29.80512,29.825632,29.85087,29.878685,29.900442,29.912512,29.923887,29.931654,29.93728,29.940046,29.94468,29.927132,29.884537,,,,,,,,,,,,,,,,,,,,,,,,,,,,,,,,,,,,,,,,,,,,,,,,,,,,,,,,,,,27.313644,27.321175,27.353678,27.368988,27.510082,27.767557,27.878223,27.7313,27.74602,27.642294,27.705181,27.823421,27.759632,27.76538,27.862007,27.952665,28.106693,28.285892,28.415705,28.428812,28.39496,28.361685,28.346409,28.329391,28.22631,27.911621,27.703024,27.852818,27.893425,27.885983,27.994717,27.984356,27.941984,27.870167,27.853561,27.862818,27.849352,27.849009,27.830917,27.81981,27.802158,27.785633,27.766088,27.732073,27.727852,27.74616,27.809475,27.901201,27.991661,28.063828,28.120722,28.182999,28.242289,28.31393,28.372137,28.423908,28.473516,28.533005,28.574045,28.596212,28.599434,28.589485,28.575655,28.572216,28.575134,28.573956,28.567083,28.555876,28.539719,28.526142,28.51793,28.520018,28.520267,28.517542,28.513273,28.505531,28.4919,28.456984,28.364511,28.274944,28.376553,28.418072,28.47089,28.523653,28.572952,28.613337,28.645634,28.678753,28.703983,28.716648,28.716257,28.704048,28.69128,28.675562,28.64122,28.598469,28.591673,28.617277,28.609438,28.585997,28.56595,28.568867,28.614826,28.62306,28.583694,28.536705,28.51661,28.559225,28.608652,28.620348,28.638813,28.633595,28.644747,28.638538,28.64069,28.622255,28.601717,28.599478,28.620369,28.661396,28.700157,28.743813,28.781689,28.809652,28.824532,28.828352,28.830425,28.834349,28.829159,28.829819,28.830582
12.166672,26.903,26.962801,26.989923,26.999556,26.989082,26.995783,27.070955,27.08632,27.032135,26.833633,26.621855,26.459578,26.40644,26.253628,25.958727,26.04031,26.376266,26.567995,26.658266,26.759771,26.823088,26.830042,26.829418,26.752888,26.695778,26.674763,26.821346,26.970442,27.026117,27.053078,27.027552,27.030937,26.98687,26.981436,26.966501,26.977192,26.998722,27.00428,27.000107,26.992641,27.000978,26.96806,26.96076,27.053295,27.012194,26.909988,27.040316,27.082983,27.079529,27.06917,27.065392,26.989788,26.868006,26.766802,26.727257,26.757484,26.837833,26.937647,26.989988,27.066174,27.133335,27.178167,27.215963,27.239044,27.24485,27.285805,27.272888,27.158314,27.195131,27.22284,27.317255,27.18926,27.036676,27.007532,26.938534,26.772135,26.75925,26.702093,26.745594,26.763063,26.692993,26.591125,26.526178,26.583597,26.679136,26.732899,26.749123,26.775562,26.797148,26.814674,26.83554,26.861032,26.868912,26.867937,26.86342,26.853497,26.84079,26.829536,26.822483,26.81911,26.819891,26.825022,26.836496,26.861206,26.900534,26.95218,27.01181,27.071457,27.130102,27.189915,27.250446,27.303213,27.342546,27.379332,27.413412,27.451328,27.489668,27.524952,27.551958,27.568258,27.563995,27.551832,27.536226,27.516615,27.49626,27.478224,27.465946,27.451984,27.435265,27.41304,27.388378,27.366713,27.352337,27.343132,27.330778,27.312378,27.289349,27.315449,27.365862,27.450314,27.527876,27.59323,27.652048,27.700462,27.754025,27.802374,27.795376,27.715038,27.63326,27.642797,27.732847,27.86831,27.992058,28.07605,28.122686,28.156595,28.173641,28.164127,28.089733,28.011139,27.918152,27.819689,27.706976,27.569849,27.412,27.305103,27.345842,27.567259,27.70921,27.857122,27.933723,27.929504,27.973799,28.046799,28.12382,28.189856,28.259642,28.303022,28.337072,28.331701,28.265291,28.155298,28.059982,28.009712,28.003511,28.015875,28.015232,28.031097,28.06266,28.110289,28.141758,28.17017,28.168728,28.131712,28.064384,27.98354,27.912308,27.88548,27.899221,27.93857,28.00806,28.189743,28.432844,28.501127,28.41621,28.384502,28.268845,28.126955,28.154427,28.149513,28.132633,28.115301,28.120132,28.13523,28.09059,28.02796,27.984503,27.99618,28.037035,28.108774,28.245892,28.433157,28.608555,28.689228,28.596485,28.420496,28.44184,28.609613,28.796835,29.009775,29.174921,29.266106,29.321892,29.32325,29.25058,29.227282,29.30793,29.365612,29.383171,29.424288,29.420105,29.395926,29.373552,29.396824,29.429697,29.44487,29.459703,29.455341,29.388214,29.274544,29.204405,29.161419,29.196678,29.250208,29.246765,29.20031,29.229038,29.25672,29.330862,29.426994,29.507921,29.623901,29.717524,29.804087,29.825825,29.78266,29.688524,29.628372,29.590494,29.527441,29.417078,29.496336,29.525948,29.605598,29.600574,29.539293,29.497675,29.494186,29.300156,29.039879,28.998367,29.029404,29.052813,29.062748,29.069492,29.046932,29.064503,29.128077,29.200443,29.240746,29.191544,28.968914,28.856422,28.920048,29.007105,29.31933,29.586432,29.602682,29.592001,29.638191,29.71132,29.75739,29.824821,29.865015,29.840384,29.816874,29.824863,29.841045,29.860125,29.89163,29.87611,29.855547,29.8258,29.823372,29.796278,29.781704,29.773718,29.773043,29.78584,29.806534,29.832747,29.859291,29.876657,29.885561,29.89945,29.919678,29.929197,29.945948,29.96288,29.972084,29.96744,,,,,,,,,,,,,,,,,,,,,,,,,,,,,,,,,,,,,,,,,,,,,,,,,,,,,,,,,,27.308449,27.325047,27.376766,27.425644,27.540377,27.801432,27.865694,27.718565,27.744946,27.635672,27.709494,27.800365,27.728374,27.754393,27.81688,27.896593,28.038542,28.222965,28.385593,28.425222,28.394146,28.368454,28.354198,28.345768,28.297327,28.039957,27.734636,27.815578,27.909908,27.881844,27.971285,27.99626,27.952484,27.883127,27.836536,27.834827,27.813251,27.80819,27.782587,27.761442,27.736235,27.714497,27.698801,27.698656,27.72571,27.784468,27.861774,27.945292,28.027452,28.087582,28.140944,28.202505,28.265923,28.338196,28.39086,28.434235,28.477617,28.52757,28.567509,28.595188,28.595304,28.585403,28.57544,28.570368,28.55412,28.546482,28.532347,28.514767,28.500267,28.486986,28.478216,28.472857,28.462225,28.448145,28.434978,28.426783,28.42971,28.430996,28.36734,28.289236,28.378428,28.436409,28.48578,28.545118,28.584023,28.618242,28.653454,28.686205,28.712673,28.72096,28.714453,28.708708,28.707384,28.69535,28.673101,28.657742,28.658567,28.651493,28.62635,28.603157,28.581333,28.588314,28.63097,28.62188,28.619595,28.589684,28.548138,28.528255,28.59249,28.63456,28.630106,28.63375,28.64541,28.637325,28.614864,28.600573,28.586857,28.593119,28.63625,28.68578,28.735682,28.781874,28.819576,28.848627,28.871014,28.885033,28.892311,28.893856,28.888819,28.876734,28.86916
12.083336,26.785492,26.864864,26.942768,27.00036,27.023994,27.064867,27.12333,27.097061,26.9997,26.773293,26.569895,26.424688,26.373968,26.142433,25.893858,26.113577,26.465172,26.611431,26.622717,26.765701,26.795507,26.789387,26.795038,26.762035,26.782978,26.78763,26.76177,26.735096,26.904396,27.031473,27.048025,27.155073,27.150034,27.177103,27.159412,27.184362,27.209435,27.176336,27.110056,27.062847,27.16018,27.069021,27.124298,27.107082,27.122744,26.958368,27.03324,27.086323,27.10646,27.117136,27.096567,27.00989,26.84196,26.716997,26.719889,26.738848,26.807419,26.849665,26.952541,27.07499,27.147709,27.22474,27.27635,27.309029,27.300034,27.340967,27.180944,27.113045,27.292747,27.207102,27.217415,27.119343,26.996752,26.792246,26.63127,26.595352,26.739979,26.720148,26.768747,26.739964,26.642982,26.564232,26.537767,26.62186,26.711153,26.752645,26.770575,26.802593,26.840042,26.869488,26.891155,26.914831,26.928093,26.931322,26.9261,26.91161,26.899406,26.891264,26.88867,26.89546,26.913225,26.938303,26.972837,27.013756,27.061562,27.115396,27.17486,27.232487,27.284687,27.3269,27.363073,27.404179,27.440758,27.47357,27.507765,27.549292,27.57735,27.59378,27.604065,27.602242,27.584023,27.55713,27.521769,27.482609,27.45176,27.433502,27.429722,27.429756,27.425756,27.414825,27.39394,27.368881,27.353006,27.345335,27.326447,27.313765,27.34223,27.378601,27.443592,27.534538,27.60294,27.668068,27.71839,27.749804,27.791454,27.828447,27.783548,27.683098,27.622921,27.651558,27.73727,27.85603,27.962961,28.028227,28.067642,28.11082,28.145903,28.153873,28.086603,28.001963,27.906696,27.8174,27.705746,27.576113,27.435633,27.308601,27.38927,27.652521,27.75989,27.86508,27.90103,27.901197,27.966902,28.051126,28.158562,28.234844,28.305124,28.333828,28.362667,28.38013,28.322466,28.185436,28.06308,28.00143,27.987352,27.978136,27.975105,27.980951,28.01393,28.067171,28.123304,28.159414,28.181074,28.168951,28.129301,28.062069,27.988503,27.930986,27.90663,27.915522,27.959291,28.129763,28.389465,28.492582,28.42554,28.393927,28.37708,28.205133,28.141874,28.140587,28.148684,28.143375,28.132675,28.117844,28.067562,28.012957,27.984484,27.997488,28.03577,28.105118,28.245064,28.429356,28.595877,28.654995,28.559616,28.393198,28.453455,28.585487,28.764143,28.98449,29.159481,29.262043,29.332752,29.358223,29.311731,29.239866,29.284727,29.34467,29.373459,29.405302,29.436342,29.454954,29.466942,29.469511,29.469648,29.460674,29.419222,29.356926,29.262413,29.185936,29.121132,29.056915,29.119762,29.180628,29.185183,29.19736,29.236006,29.261791,29.338556,29.40489,29.476507,29.594294,29.691328,29.796375,29.856571,29.837223,29.722738,29.630169,29.567495,29.477947,29.469234,29.515745,29.614737,29.66328,29.626938,29.567627,29.522158,29.51464,29.454798,29.375744,29.286774,29.160067,29.175467,29.196266,29.267803,29.287254,29.325048,29.426058,29.51014,29.444544,29.26879,28.945896,28.857012,28.93315,29.050455,29.358854,29.569164,29.584814,29.56827,29.61144,29.702251,29.753649,29.80244,29.863468,29.830729,29.790619,29.80068,29.818193,29.858461,29.91164,29.919847,29.913387,29.881279,29.881376,29.848513,29.819075,29.800219,29.789043,29.794592,29.807749,29.824932,29.845984,29.850857,29.844372,29.840254,29.8452,29.853064,29.86813,29.900707,29.948017,29.937056,,,,,,,,,,,,,,,,,,,,,,,,,,,,,,,,,,,,,,,,,,,,,,,,,,,,,,,,,27.257147,27.31716,27.38982,27.46152,27.490772,27.607264,27.83708,27.853607,27.708954,27.752043,27.62169,27.705603,27.783236,27.69881,27.746428,27.782806,27.851168,27.97339,28.157232,28.351473,28.425188,28.392094,28.361738,28.360205,28.355595,28.341385,28.153008,27.807829,27.779795,27.918028,27.896503,27.951868,28.001999,27.971327,27.913074,27.843126,27.83295,27.79394,27.776297,27.747023,27.710009,27.699747,27.682467,27.690346,27.708374,27.754007,27.823792,27.898882,27.977354,28.047169,28.103102,28.153507,28.21713,28.282297,28.34775,28.388815,28.41949,28.456703,28.501837,28.54146,28.5653,28.56386,28.556246,28.553171,28.539394,28.52942,28.513914,28.497496,28.480616,28.466623,28.451242,28.435318,28.416563,28.3919,28.368496,28.35872,28.363363,28.39558,28.431955,28.360947,28.311882,28.385202,28.439249,28.50307,28.56585,28.599075,28.624039,28.651419,28.69124,28.718153,28.724224,28.720297,28.71099,28.70446,28.697393,28.686493,28.702711,28.691406,28.665005,28.642473,28.624392,28.605352,28.629435,28.651125,28.615469,28.607275,28.60825,28.584211,28.544285,28.543758,28.611439,28.681595,28.690523,28.679056,28.650566,28.61558,28.585941,28.577059,28.613394,28.67377,28.729977,28.781065,28.820211,28.848755,28.870657,28.890705,28.910858,28.93061,28.943678,28.94795,28.942547,28.927828
12.0,26.613422,26.704275,26.824211,26.935467,27.000692,27.068594,27.095999,27.037523,26.91655,26.694332,26.512703,26.397133,26.329294,26.003206,25.8644,26.16387,26.532427,26.650576,26.647167,26.73087,26.752934,26.773819,26.75763,26.771305,26.797081,26.79057,26.791937,26.79683,26.69402,26.44409,26.326632,26.62935,26.81825,26.966368,26.97458,26.988922,26.897627,26.879847,27.071848,26.889431,27.241722,27.14428,27.153673,27.187792,27.245203,27.039032,26.97757,27.073229,27.101038,27.122002,27.11377,27.004864,26.806602,26.72098,26.752308,26.794989,26.85502,26.94805,27.05109,27.156279,27.228252,27.302076,27.29936,27.303926,27.26393,27.266104,27.05997,27.084888,27.183651,27.058172,27.095564,26.934837,26.74545,26.597069,26.441275,26.733397,26.741543,26.765705,26.791544,26.704277,26.6261,26.553804,26.576212,26.674528,26.750864,26.786425,26.79709,26.82363,26.86754,26.914667,26.945732,26.977385,26.990822,26.99168,26.986937,26.97277,26.956474,26.944963,26.941395,26.95083,26.977528,27.01339,27.062263,27.114197,27.16815,27.216389,27.260923,27.300081,27.333576,27.362722,27.391973,27.419558,27.445263,27.485622,27.531992,27.560137,27.57868,27.577824,27.564278,27.53496,27.498373,27.465277,27.448841,27.429256,27.418291,27.420942,27.424395,27.427387,27.423805,27.41577,27.408955,27.400358,27.383293,27.37446,27.369879,27.363865,27.396542,27.447441,27.515467,27.611933,27.677185,27.729324,27.77302,27.7948,27.827396,27.83433,27.764538,27.653162,27.608603,27.651606,27.722519,27.81952,27.902676,27.951101,27.986652,28.03509,28.084297,28.112963,28.061895,27.991043,27.908752,27.798088,27.678154,27.553186,27.42727,27.299631,27.466118,27.716805,27.7876,27.883274,27.880043,27.896748,28.003202,28.133736,28.282217,28.368647,28.430725,28.425352,28.40703,28.412878,28.354954,28.184595,28.049929,27.994415,27.97236,27.945707,27.944704,27.940367,27.968565,28.060295,28.107647,28.140375,28.163269,28.169064,28.15101,28.106432,28.042372,27.981033,27.937159,27.9208,27.948572,28.114212,28.370356,28.484856,28.426617,28.386602,28.40982,28.316856,28.197071,28.16069,28.132935,28.127146,28.11093,28.0847,28.05015,28.017004,27.996763,28.009401,28.034996,28.10023,28.2382,28.423939,28.57891,28.619781,28.521418,28.377857,28.47101,28.568623,28.731909,28.96339,29.141651,29.250515,29.33536,29.385563,29.36364,29.284746,29.256567,29.309261,29.35463,29.36657,29.41334,29.425898,29.437979,29.431557,29.40524,29.361998,29.299095,29.228378,29.164825,29.08337,28.95766,28.963663,29.10602,29.18253,29.181168,29.208836,29.233006,29.274803,29.342453,29.379808,29.432545,29.53104,29.624084,29.745785,29.846676,29.887754,29.814943,29.656069,29.508026,29.498547,29.525635,29.574913,29.655499,29.697508,29.732609,29.660921,29.579893,29.535086,29.51434,29.500004,29.457699,29.44616,29.460533,29.443722,29.463728,29.421276,29.37011,29.45259,29.578047,29.559546,29.457136,29.120306,28.842268,28.94565,29.002928,29.30839,29.565632,29.567068,29.539312,29.574562,29.671888,29.747107,29.769554,29.848284,29.831026,29.772871,29.764261,29.78855,29.846516,29.915915,29.95636,29.979988,29.95127,29.95623,29.931606,29.88912,29.853905,29.828926,29.81548,29.813957,29.822083,29.838953,29.840534,29.828022,29.806847,29.790821,29.763494,29.740637,29.7354,29.757896,29.711052,29.524204,,,,,,,,,,,,,,,,,,,,,,,,,,,,,,,,,,,,,,,,,,,,,,,,,,,,,,,27.214,27.261314,27.337357,27.409225,27.48693,27.559553,27.69378,27.84488,27.834682,27.696323,27.74705,27.607178,27.73571,27.770144,27.690092,27.75834,27.772856,27.821188,27.917053,28.089695,28.306303,28.42064,28.395851,28.350985,28.358982,28.356968,28.371181,28.26438,27.918716,27.764357,27.903078,27.921677,27.936337,28.01489,27.999968,27.951857,27.867619,27.84834,27.805372,27.776152,27.749651,27.720646,27.71709,27.720116,27.732433,27.766928,27.803778,27.865654,27.931358,27.9969,28.05677,28.108433,28.157412,28.222765,28.286089,28.339973,28.37533,28.405426,28.449636,28.498505,28.532682,28.522217,28.517647,28.517984,28.502892,28.4932,28.484392,28.465492,28.452063,28.442066,28.422321,28.404228,28.380503,28.35924,28.34111,28.330961,28.332743,28.349298,28.395367,28.439724,28.312027,28.319975,28.386456,28.460117,28.522537,28.572813,28.605162,28.626625,28.656004,28.6908,28.716532,28.715977,28.710342,28.704525,28.705248,28.708315,28.704933,28.703552,28.695477,28.671728,28.652279,28.642391,28.63813,28.678429,28.635256,28.609251,28.631292,28.609997,28.605076,28.590004,28.5526,28.55607,28.601837,28.644678,28.643175,28.616869,28.586742,28.573757,28.600134,28.66677,28.725153,28.777603,28.817322,28.840881,28.860756,28.87573,28.889967,28.91068,28.936945,28.96045,28.98018,28.992641,28.992659
11.916672,26.491798,26.582315,26.694344,26.810959,26.890453,26.971415,26.995132,26.9201,26.808971,26.603743,26.44751,26.383127,26.263325,25.880041,25.82908,26.14218,26.54119,26.648012,26.668497,26.737818,26.765017,26.804476,26.776188,26.76232,26.759697,26.784386,26.823263,26.84472,26.804323,26.660614,26.544817,26.549368,26.282194,25.913345,25.801075,26.613974,,,,,26.73553,26.997583,26.937315,27.08163,27.235577,27.11214,27.020636,27.026863,27.103628,27.143232,27.123737,26.982944,26.772354,26.76011,26.851254,26.921915,26.985985,27.04446,27.130884,27.21281,27.293673,27.330658,27.255804,27.101465,27.038223,27.02717,26.978596,27.001177,26.869,26.801678,26.794725,26.80525,26.749674,26.755129,26.75367,26.774862,26.795376,26.788715,26.766577,26.69,26.616041,26.572905,26.626366,26.734846,26.81157,26.842651,26.853739,26.869265,26.9086,26.964443,27.000635,27.031208,27.047401,27.04624,27.036282,27.024784,27.01094,27.001083,26.998936,27.012392,27.042362,27.083462,27.13441,27.18377,27.227734,27.257822,27.276646,27.295822,27.31895,27.33737,27.356302,27.386791,27.424086,27.478527,27.503384,27.515232,27.493301,27.458614,27.43274,27.414148,27.402168,27.40776,27.413013,27.405773,27.395706,27.394938,27.407032,27.425034,27.43288,27.43373,27.433405,27.429003,27.421598,27.416367,27.41962,27.427837,27.451012,27.49954,27.6093,27.684393,27.742098,27.785685,27.79724,27.80048,27.831343,27.833866,27.733696,27.622074,27.592558,27.629835,27.678877,27.757246,27.821829,27.85957,27.905008,27.963669,28.025576,28.066164,28.024263,27.956545,27.870989,27.754583,27.632444,27.525417,27.408718,27.361502,27.603882,27.737644,27.826876,27.885723,27.873339,27.937973,28.113548,28.286852,28.433395,28.519596,28.572472,28.557276,28.488583,28.455318,28.381111,28.169067,28.026476,27.988035,27.9614,27.91437,27.905975,27.894949,27.92841,28.022255,28.071756,28.118118,28.144268,28.157677,28.148233,28.126114,28.079926,28.017818,27.970541,27.936228,27.952753,28.110413,28.364626,28.490866,28.432304,28.380869,28.410809,28.372246,28.274746,28.224524,28.168623,28.136059,28.112696,28.08684,28.062103,28.039612,28.021288,28.01603,28.037333,28.11313,28.262966,28.43728,28.570982,28.582775,28.473131,28.382164,28.482668,28.559074,28.705038,28.944199,29.12509,29.236567,29.32974,29.396006,29.41634,29.366375,29.281118,29.26295,29.300734,29.331156,29.350643,29.356674,29.344048,29.312704,29.267767,29.220774,29.173342,29.123217,29.056965,28.951397,28.87751,28.98426,29.154234,29.207064,29.179981,29.203592,29.24318,29.29486,29.330698,29.355545,29.393814,29.470406,29.542149,29.657393,29.784252,29.901316,29.906033,29.830605,29.608269,29.515102,29.541983,29.604303,29.693096,29.776892,29.836197,29.811575,29.73307,29.663061,29.607527,29.578936,29.565474,29.564753,29.572823,29.572973,29.550821,29.539268,29.48921,29.482279,29.54426,29.81386,29.599325,29.32642,28.901491,28.967205,29.104433,29.230595,29.424023,29.532919,29.521252,29.509329,29.623402,29.746231,29.726225,29.810255,29.839808,29.769928,29.75218,29.778328,29.827145,29.912233,29.967672,30.014952,30.01405,30.015923,30.009302,29.976883,29.93203,29.887932,29.849493,29.82803,29.822163,29.834259,29.844107,29.847237,29.843033,29.823439,29.789394,29.721848,29.675814,29.614923,29.524168,29.381987,29.316292,,,,,,,,,,,,,,,,,,,,,,,,,,,,,,,,,,,,,,,,,,,,,,,,,,,,,,27.227583,27.295237,27.359924,27.45173,27.514406,27.58013,27.724571,27.852045,27.816576,27.684837,27.731544,27.60301,27.748125,27.737297,27.684088,27.752527,27.769674,27.799969,27.874249,28.022007,28.246466,28.406546,28.399462,28.331812,28.335762,28.356773,28.372725,28.341908,28.067745,27.77699,27.877071,27.93653,27.938578,28.010504,28.02009,27.99369,27.909525,27.880493,27.841675,27.809465,27.791277,27.779514,27.772867,27.788324,27.808222,27.843023,27.882898,27.924599,27.97583,28.02287,28.071903,28.120583,28.17053,28.238136,28.285572,28.335236,28.376034,28.414696,28.470736,28.524988,28.531431,28.522152,28.515724,28.493484,28.47186,28.455057,28.43512,28.415962,28.404394,28.39228,28.37366,28.358727,28.343397,28.326958,28.322805,28.327879,28.34445,28.372719,28.423727,28.43425,28.254835,28.3297,28.396324,28.471188,28.53681,28.58927,28.616875,28.626766,28.658218,28.69763,28.715715,28.698061,28.68388,28.687267,28.692984,28.698456,28.697634,28.69514,28.692251,28.677216,28.681114,28.6919,28.674961,28.652197,28.607439,28.619654,28.631271,28.614517,28.5925,28.602657,28.593494,28.578142,28.578785,28.584036,28.584488,28.57671,28.58375,28.61253,28.671835,28.728117,28.7784,28.8145,28.824509,28.82359,28.827827,28.834585,28.84627,28.868166,28.904007,28.937145,28.967028,28.995306,29.01479
11.833336,26.479036,26.544847,26.632843,26.718801,26.79105,26.871351,26.85199,26.790806,26.698755,26.507494,26.371384,26.329205,26.132418,25.766638,25.805607,26.074463,26.480911,26.633375,26.63619,26.714334,26.713675,26.764547,26.749062,26.798153,26.84456,26.890265,26.901527,26.909632,26.909964,26.863453,26.91906,26.763937,26.155996,25.48684,24.759998,,,,,,,,,,27.103527,27.105545,27.040733,27.067932,27.127563,27.16967,27.125914,26.950361,26.783913,26.855507,26.965591,27.018059,27.088833,27.156214,27.2377,27.307013,27.340584,27.266054,27.02998,26.86548,26.941902,27.090345,27.148338,27.137707,27.039383,26.940205,26.883518,26.842087,26.800802,26.802702,26.806536,26.81068,26.803217,26.776457,26.756207,26.683681,26.619041,26.602568,26.679409,26.79437,26.878136,26.915155,26.93012,26.946453,26.982382,27.030006,27.064419,27.08477,27.100351,27.100676,27.087954,27.076223,27.065256,27.054087,27.05268,27.0681,27.097883,27.136452,27.177273,27.210184,27.228058,27.232916,27.23777,27.260195,27.285423,27.305656,27.331251,27.370987,27.416348,27.441967,27.436954,27.402033,27.36956,27.373781,27.39125,27.399986,27.4124,27.4161,27.416462,27.408245,27.395014,27.387262,27.385885,27.394815,27.408022,27.41931,27.428247,27.433002,27.436453,27.44022,27.445423,27.460352,27.503649,27.594818,27.692284,27.750988,27.800034,27.824884,27.796488,27.80239,27.828402,27.81966,27.701664,27.59019,27.579588,27.59076,27.614428,27.671335,27.729832,27.779034,27.844944,27.91682,27.972416,28.000895,27.968246,27.881634,27.778486,27.695866,27.586435,27.488169,27.388348,27.474792,27.713514,27.803099,27.863764,27.894283,27.899372,28.028975,28.261993,28.439096,28.56098,28.631569,28.659113,28.654871,28.578104,28.511137,28.41891,28.18334,28.014936,27.971493,27.930136,27.877546,27.86043,27.850033,27.89111,27.957144,28.01885,28.075815,28.105658,28.119055,28.122139,28.10821,28.081131,28.034216,27.9838,27.942438,27.962284,28.121271,28.364372,28.499798,28.447975,28.377722,28.399422,28.39437,28.323069,28.289614,28.235651,28.180801,28.14798,28.117868,28.091627,28.060013,28.035538,28.033564,28.07421,28.174046,28.320114,28.480755,28.566874,28.536318,28.403866,28.41727,28.507225,28.559639,28.688711,28.921265,29.10342,29.22249,29.323467,29.400307,29.439873,29.430902,29.358103,29.270021,29.23065,29.236235,29.234795,29.237944,29.213469,29.174297,29.137815,29.10288,29.061321,29.009953,28.955317,28.914286,28.913921,29.030546,29.174044,29.214415,29.173298,29.207865,29.256727,29.3095,29.340454,29.357813,29.386858,29.441107,29.500154,29.586906,29.696676,29.84014,29.947918,29.960289,29.824955,29.758877,29.694004,29.612043,29.670738,29.773413,29.846655,29.898357,29.901396,29.854643,29.802689,29.78439,29.79057,29.796785,29.806858,29.79379,29.747156,29.709602,29.646763,29.598597,29.574152,29.58159,29.657097,29.538244,29.07515,28.911552,29.069803,29.355873,29.502958,29.548357,29.534386,29.474787,29.546,29.715557,29.73955,29.744732,29.834768,29.825886,29.753923,29.777546,29.814941,29.909513,29.974314,30.013275,30.031254,30.040836,30.039108,30.03595,30.011072,29.969973,29.927479,29.889782,29.854933,29.832222,29.835283,29.851011,29.866076,29.879166,29.886555,29.858875,29.810614,29.763945,29.683487,29.585548,29.424173,29.330418,,,,,,,,,,,,,,,,,,,,,,,,,,,,,,,,,,,,,,,,,,,,,,,,,,,,,27.226507,27.286839,27.341675,27.452654,27.531647,27.613064,27.750025,27.871367,27.78398,27.67429,27.719893,27.604998,27.73334,27.701166,27.693935,27.7322,27.767181,27.798658,27.84833,27.963257,28.185587,28.387182,28.416637,28.32618,28.310007,28.335295,28.372177,28.391497,28.214167,27.889698,27.851284,27.96464,27.939991,27.999424,28.037506,28.021212,27.955536,27.911251,27.888357,27.858843,27.837933,27.852041,27.840794,27.867186,27.895428,27.927197,27.971087,27.999228,28.040987,28.068327,28.104683,28.147839,28.184698,28.240086,28.286543,28.33692,28.385862,28.452602,28.521448,28.558817,28.554981,28.534353,28.483215,28.443691,28.425694,28.39902,28.385933,28.379976,28.379072,28.374456,28.369844,28.368969,28.36784,28.357712,28.360138,28.371616,28.395533,28.423405,28.469322,28.400414,28.24984,28.349773,28.41974,28.497194,28.566652,28.609053,28.625143,28.628973,28.648573,28.68733,28.711147,28.688095,28.668434,28.671837,28.673203,28.675777,28.673605,28.674694,28.683184,28.694418,28.684862,28.648829,28.614813,28.577566,28.575386,28.619593,28.606035,28.59457,28.578217,28.580336,28.599659,28.614717,28.606958,28.60509,28.603542,28.616678,28.641266,28.679783,28.728956,28.768923,28.800577,28.801294,28.77816,28.76031,28.75519,28.760723,28.779816,28.808495,28.856295,28.898281,28.938614,28.97408,29.006742
11.75,26.529032,26.56779,26.629295,26.69685,26.763592,26.793467,26.752428,26.696545,26.594631,26.397406,26.302567,26.24573,25.969738,25.697487,25.757011,25.923899,26.328833,26.56979,26.60416,26.714664,26.790943,26.806091,26.8173,26.810482,26.649298,26.66413,26.820536,26.964666,27.033102,27.009052,26.786821,26.263887,25.639782,25.144146,24.664259,,,,,,,,,27.064247,27.188005,27.1296,27.051758,27.062485,27.133257,27.17911,27.120317,26.924753,26.821404,26.953142,27.021957,27.057814,27.164703,27.203623,27.231905,27.21609,27.102379,27.01406,26.970303,27.06534,27.204367,27.286955,27.279633,27.215473,27.144886,27.02831,26.941065,26.871435,26.837072,26.830273,26.829657,26.826899,26.810087,26.781008,26.748684,26.694668,26.639517,26.634672,26.71182,26.83017,26.923536,26.975496,26.999094,27.016418,27.048002,27.086666,27.116455,27.133453,27.149244,27.152658,27.140018,27.127903,27.113659,27.102083,27.09758,27.108368,27.130554,27.157566,27.181206,27.193413,27.195314,27.199818,27.225094,27.267073,27.29949,27.326565,27.353064,27.376049,27.387493,27.371498,27.336634,27.319786,27.352463,27.39781,27.428162,27.454,27.465773,27.455303,27.439863,27.408798,27.381258,27.36933,27.36909,27.377752,27.390858,27.402288,27.413813,27.42464,27.43685,27.45088,27.468864,27.512747,27.598732,27.699594,27.755497,27.81977,27.85665,27.826393,27.79073,27.797682,27.819351,27.80178,27.692163,27.56653,27.522863,27.53991,27.541183,27.58448,27.65684,27.728554,27.801394,27.862362,27.902613,27.937975,27.88236,27.788212,27.717474,27.625723,27.5412,27.468224,27.441296,27.627476,27.79316,27.861633,27.913113,27.915281,27.957573,28.170053,28.406445,28.56941,28.678835,28.739218,28.732542,28.711298,28.64251,28.557571,28.452013,28.218922,28.012644,27.96344,27.911243,27.846113,27.820002,27.811277,27.83995,27.897617,27.954794,27.99961,28.03267,28.057564,28.074451,28.077948,28.07008,28.029419,27.983044,27.94668,27.981485,28.13988,28.3683,28.508615,28.468254,28.379496,28.381948,28.393856,28.347382,28.325401,28.294525,28.237534,28.195848,28.162344,28.130167,28.093931,28.073471,28.093307,28.160126,28.275728,28.409632,28.503897,28.516573,28.450682,28.371,28.464891,28.537197,28.566618,28.675383,28.893444,29.075193,29.20092,29.308859,29.396944,29.439095,29.452969,29.438213,29.364103,29.25321,29.178911,29.154732,29.136993,29.129618,29.119797,29.101032,29.074371,29.037666,29.010931,28.975113,28.951572,28.961832,29.038073,29.170546,29.233513,29.191698,29.225025,29.29189,29.337074,29.369877,29.382257,29.416973,29.463217,29.51962,29.596586,29.676592,29.782316,29.912504,30.00204,29.99924,29.96513,29.939314,29.841923,29.714266,29.725243,29.80707,29.876123,29.929193,29.940292,29.930714,29.936167,29.923634,29.920029,29.936472,29.937647,29.904325,29.88798,29.829727,29.780655,29.706661,29.648432,29.64056,29.651192,29.343847,29.011473,28.993677,29.19,29.48514,29.556482,29.574354,29.49262,29.488884,29.684317,29.76334,29.723349,29.732328,29.814045,29.815237,29.78526,29.81761,29.900772,29.988775,30.012703,30.027851,30.037027,30.035973,30.04253,30.046595,30.034245,30.009077,29.976748,29.930126,29.876749,29.84606,29.845121,29.852673,29.848475,29.868835,29.87313,29.877739,29.864027,29.841133,29.799902,29.713278,29.558128,29.558527,,,,,,,,,,,,,,,,,,,,,,,,,,,,,,,,,,,,,,,,,,,,,,,,,,,,27.259245,27.293875,27.377388,27.470633,27.567364,27.642859,27.78742,27.867676,27.747938,27.66787,27.688822,27.580051,27.721199,27.65638,27.692234,27.705908,27.75463,27.79367,27.82386,27.904984,28.113476,28.346603,28.428347,28.330658,28.29775,28.31511,28.343922,28.38908,28.280794,27.999126,27.862629,27.96029,27.952177,27.98146,28.055632,28.042833,28.008478,27.941845,27.935415,27.90924,27.887035,27.89932,27.917711,27.938162,27.974892,28.013016,28.049385,28.075985,28.107182,28.12696,28.142109,28.1712,28.19809,28.245638,28.289825,28.34966,28.425158,28.50871,28.566196,28.56238,28.53571,28.472944,28.413088,28.395058,28.391499,28.396416,28.405785,28.411911,28.415901,28.418785,28.41805,28.414951,28.409523,28.407444,28.4086,28.417797,28.43457,28.444723,28.474842,28.302032,28.273308,28.368176,28.44853,28.52809,28.591705,28.621786,28.62793,28.63614,28.659685,28.690157,28.700214,28.67466,28.64785,28.654543,28.650478,28.649685,28.648981,28.65987,28.67187,28.631369,28.608135,28.593843,28.569855,28.566433,28.571701,28.585104,28.571568,28.569443,28.55567,28.55728,28.574593,28.596174,28.610636,28.619274,28.634861,28.663677,28.69442,28.738184,28.774504,28.78255,28.76801,28.721487,28.672483,28.655396,28.653011,28.665962,28.696045,28.73778,28.78243,28.825838,28.889675,28.940863,28.985033
11.666672,26.55533,26.596216,26.64985,26.713404,26.74995,26.712269,26.632843,26.576498,26.435745,26.262209,26.216843,26.117247,25.78535,25.67048,25.685095,25.770796,26.081553,26.38385,26.49317,26.58797,26.674099,26.582327,26.379217,26.08366,26.006384,26.154528,26.383104,26.55626,26.588795,26.381493,25.964352,25.404491,24.914225,25.00768,,,,,,,,,,27.159037,27.135445,27.096457,27.06247,27.104443,27.179972,27.201248,27.096167,26.89223,26.792904,26.88518,26.877275,26.91567,27.049435,27.04177,26.975422,26.980177,26.999926,27.058685,27.173475,27.246237,27.300213,27.319664,27.315842,27.240461,27.1404,27.042898,26.970425,26.91673,26.887905,26.866219,26.855549,26.841272,26.819168,26.795786,26.767286,26.721945,26.667744,26.653996,26.705778,26.816883,26.928446,27.001266,27.031088,27.054716,27.08716,27.12387,27.157612,27.182283,27.193583,27.193651,27.180225,27.162909,27.147306,27.133501,27.12423,27.123045,27.12991,27.142933,27.157257,27.169851,27.191074,27.22391,27.271402,27.31511,27.338757,27.343723,27.34114,27.332674,27.31607,27.294811,27.293377,27.341118,27.40327,27.459295,27.492714,27.491718,27.480171,27.46093,27.421776,27.379034,27.356592,27.352598,27.367443,27.389597,27.416077,27.436502,27.450407,27.464394,27.483847,27.511526,27.555836,27.621172,27.700754,27.772182,27.846092,27.89491,27.877789,27.82869,27.789673,27.783203,27.801252,27.80446,27.732758,27.589378,27.520304,27.518946,27.52698,27.560846,27.637066,27.71891,27.782883,27.836143,27.872965,27.855442,27.781507,27.705717,27.6558,27.57019,27.513945,27.476603,27.554173,27.738419,27.841654,27.9104,27.948654,27.951136,28.059187,28.329107,28.53089,28.685501,28.783638,28.837519,28.816265,28.764977,28.685627,28.592085,28.474747,28.23712,28.014809,27.952335,27.91106,27.842607,27.804651,27.79165,27.805815,27.848131,27.890291,27.935808,27.972445,27.996374,28.025583,28.039377,28.043858,28.010788,27.978294,27.953691,28.006182,28.156258,28.38288,28.523579,28.486324,28.383444,28.363472,28.377707,28.347864,28.333677,28.327616,28.287018,28.247149,28.211685,28.17899,28.15,28.140928,28.175257,28.247149,28.343359,28.417768,28.446457,28.42169,28.374302,28.432375,28.508072,28.568636,28.577915,28.662762,28.86646,29.042995,29.168077,29.288591,29.392242,29.440414,29.445442,29.43707,29.404242,29.340227,29.272022,29.226803,29.20588,29.20299,29.208178,29.196741,29.172194,29.13963,29.106798,29.071487,29.037853,28.996387,29.040401,29.169828,29.245798,29.21298,29.255661,29.321177,29.359446,29.396856,29.403904,29.44388,29.487558,29.545378,29.631863,29.721064,29.824142,29.92666,30.034355,30.067616,30.089994,30.062658,30.026157,29.924324,29.790995,29.75604,29.85314,29.888296,29.907845,29.89621,29.887419,29.872562,29.858717,29.892885,29.909615,29.907743,29.913145,29.888988,29.873533,29.826899,29.755037,29.692047,29.700678,29.536667,29.347338,29.364697,29.25785,29.29088,29.450272,29.459585,29.522125,,29.711678,29.747234,29.800728,29.7759,29.761595,29.780966,29.802296,29.832682,29.89075,29.986858,30.020742,30.032595,30.035885,30.036903,30.040508,30.053522,30.061312,30.05502,30.041769,30.010206,29.953932,29.906229,29.888918,29.885881,29.867657,29.867783,29.853561,29.862528,29.85464,29.837767,29.832468,29.825031,29.790405,29.749195,,,,,,,,,,,,,,,,,,,,,,,,,,,,,,,,,,,,,,,,,,,,,,,,,,,27.227736,27.263128,27.37273,27.475813,27.488476,27.578566,27.692955,27.81807,27.842709,27.709126,27.663494,27.666628,27.630753,27.69675,27.620487,27.66328,27.677057,27.733244,27.78695,27.814396,27.869818,28.04766,28.302612,28.432846,28.343906,28.293188,28.305828,28.330824,28.368517,28.30648,28.064787,27.91769,27.952297,27.970476,27.961178,28.061304,28.071575,28.060642,27.979107,27.966902,27.95459,27.93521,27.9433,27.96078,27.990345,28.02661,28.068653,28.104202,28.137804,28.157246,28.1693,28.179375,28.198921,28.219482,28.25619,28.307178,28.385696,28.470333,28.543201,28.545694,28.516169,28.460943,28.435215,28.44115,28.471064,28.470448,28.485456,28.501583,28.508646,28.510057,28.504284,28.49309,28.479813,28.462847,28.44279,28.428106,28.428112,28.436878,28.446362,28.447443,28.28663,28.330853,28.395872,28.485249,28.562618,28.61019,28.627232,28.631937,28.64079,28.66166,28.69227,28.692213,28.653494,28.624205,28.627253,28.623995,28.624985,28.628317,28.6145,28.57604,28.569344,28.575201,28.584309,28.573513,28.571953,28.575695,28.56022,28.558628,28.56485,28.556389,28.564903,28.581161,28.602875,28.625942,28.654186,28.693295,28.732727,28.765633,28.775566,28.751816,28.70673,28.637297,28.570513,28.52345,28.527864,28.543978,28.56857,28.604475,28.655535,28.712027,28.76861,28.82553,28.880672,28.941483
11.583336,26.62205,26.643475,26.681473,26.737518,26.68881,26.545887,26.443865,26.38597,26.217012,26.143147,26.08757,25.88904,25.639296,25.682783,25.562046,25.474834,25.535767,25.730705,25.781872,25.778648,25.698387,25.553291,25.391718,25.22764,25.214273,25.428747,25.606176,25.662487,25.579512,25.317986,25.026087,24.780558,,,,,,,,,,,26.999973,27.131084,27.133913,27.128586,27.103672,27.149498,27.22888,27.219608,27.068382,26.87245,26.714756,26.730097,26.703072,26.712748,26.846739,26.960527,27.024387,27.1095,27.176924,27.251915,27.26875,27.2661,27.255232,27.27127,27.258284,27.211655,27.120392,27.045168,26.986917,26.947603,26.930418,26.903536,26.87312,26.844944,26.825308,26.811207,26.78755,26.75341,26.705519,26.688972,26.723904,26.819017,26.931936,27.0131,27.056273,27.090014,27.12665,27.16056,27.188675,27.20552,27.202429,27.191345,27.17978,27.168362,27.155115,27.144352,27.134808,27.125187,27.12178,27.127932,27.149298,27.187542,27.235016,27.28452,27.314001,27.315773,27.30461,27.288702,27.275217,27.265638,27.263325,27.277172,27.32518,27.401728,27.471453,27.515287,27.530228,27.526218,27.505623,27.458652,27.395933,27.35445,27.343166,27.364645,27.396704,27.434221,27.470469,27.504368,27.523653,27.540134,27.55962,27.594088,27.643753,27.708008,27.779789,27.86096,27.92981,27.930252,27.893238,27.850622,27.790735,27.76065,27.772356,27.79977,27.78234,27.70351,27.623936,27.60739,27.62804,27.65532,27.711433,27.777205,27.83174,27.857351,27.843538,27.807821,27.743963,27.64479,27.59433,27.548553,27.528154,27.551563,27.693161,27.83615,27.916243,27.969551,27.985304,28.008888,28.217093,28.466946,28.64278,28.776142,28.85939,28.896873,28.88713,28.818941,28.718763,28.6195,28.482439,28.229376,28.005457,27.951668,27.915218,27.858633,27.826239,27.791866,27.800135,27.834707,27.868805,27.899998,27.929113,27.956423,27.985771,28.000546,28.007505,27.98894,27.95997,27.960487,28.026253,28.192513,28.414656,28.54094,28.506714,28.398638,28.349955,28.35577,28.33739,28.313524,28.315979,28.29746,28.26985,28.244112,28.218822,28.196835,28.189957,28.218727,28.269356,28.330837,28.363138,28.366282,28.373377,28.419252,28.490582,28.537687,28.58794,28.591398,28.658188,28.847023,29.015556,29.134956,29.266117,29.37717,29.44457,29.454039,29.423624,29.352644,29.272215,29.226147,29.222277,29.228937,29.235415,29.247519,29.241936,29.227465,29.201954,29.165218,29.118948,29.07127,29.02099,29.044071,29.173689,29.25115,29.2279,29.274773,29.342989,29.38499,29.41956,29.421804,29.452797,29.490053,29.545,29.624296,29.730507,29.863241,30.000635,30.10698,30.135275,30.171429,30.177608,30.144354,30.093391,29.998075,29.880692,29.814053,29.828712,29.884647,29.904108,29.904501,29.925476,29.894785,29.892841,29.918423,29.92247,29.927961,29.9189,29.931154,29.907646,29.851582,29.765642,29.74022,29.67178,29.545351,,29.300314,29.242252,29.32365,29.405733,29.634672,29.75479,29.702314,29.74499,29.768147,29.821423,29.830687,29.836645,29.84641,29.862505,29.880938,29.960045,30.008072,30.026419,30.035515,30.03555,30.04375,30.053,30.063416,30.06697,30.070536,30.057646,30.021656,29.978456,29.945255,29.934584,29.939934,29.930403,29.90337,29.886192,29.870302,29.8427,29.808687,29.804754,29.8792,29.901114,30.066326,,,,,,,,,,,,,,,,,,,,,,,,,,,,,,,,,,,,,,,,,,,,,,,,,,27.247211,27.325901,27.426306,27.53417,27.510262,27.62362,27.736303,27.82498,27.798458,27.673986,27.66373,27.661634,27.674911,27.651083,27.591433,27.627232,27.65686,27.71123,27.776936,27.804165,27.83505,27.984068,28.248783,28.430641,28.355288,28.292904,28.304466,28.307587,28.340155,28.313362,28.108011,27.982697,27.961784,27.981194,27.957253,28.046776,28.091372,28.10046,28.035763,28.003468,27.989494,27.979063,27.979746,27.993666,28.02475,28.05834,28.100119,28.139414,28.182056,28.201412,28.222363,28.221106,28.223654,28.232405,28.271559,28.338886,28.42628,28.502726,28.525993,28.505121,28.468899,28.456675,28.479952,28.506802,28.525246,28.530983,28.53126,28.533442,28.536606,28.533958,28.516415,28.494986,28.47907,28.465967,28.445148,28.429995,28.432491,28.434433,28.459106,28.389917,28.284914,28.372326,28.449139,28.523481,28.582798,28.620039,28.630388,28.638597,28.65073,28.676485,28.690163,28.669346,28.626827,28.601974,28.599361,28.601213,28.595419,28.580994,28.573587,28.579447,28.58562,28.596344,28.589767,28.594767,28.585657,28.559837,28.560173,28.562712,28.57169,28.581396,28.61172,28.64314,28.677341,28.70772,28.735302,28.754866,28.754612,28.729147,28.684395,28.625769,28.55778,28.454336,28.408625,28.416395,28.466528,28.508833,28.5343,28.544886,28.57763,28.63677,28.707008,28.778141,28.841013,28.897108
11.5,26.665892,26.650589,26.695513,26.69012,26.463928,26.24127,26.1606,26.089743,26.019339,26.032404,25.87397,25.657467,25.61443,25.663403,25.591665,25.47639,25.334723,25.271152,25.199919,25.131176,25.033285,24.993563,24.95263,24.798758,24.320972,24.377396,24.833538,25.156225,25.2405,25.380083,,,,,,,,,,,,,27.179724,27.169725,27.139412,27.128546,27.133917,27.192493,27.266104,27.202997,27.004099,26.83178,26.671083,26.658152,26.769089,26.890717,26.966482,27.089277,27.222551,27.26119,27.253202,27.242783,27.22857,27.225054,27.233791,27.224173,27.209812,27.164597,27.106573,27.041992,26.967718,26.927935,26.917772,26.89405,26.86503,26.841545,26.825455,26.813211,26.789701,26.767733,26.74823,26.730822,26.758005,26.846605,26.952147,27.03062,27.077147,27.11355,27.14547,27.170181,27.18963,27.19731,27.188623,27.172327,27.159317,27.146727,27.13814,27.13335,27.123333,27.11321,27.109156,27.122389,27.157967,27.20467,27.25989,27.292158,27.290367,27.265877,27.244846,27.232395,27.230024,27.237806,27.260687,27.311546,27.392412,27.472925,27.53447,27.572079,27.586657,27.566132,27.515799,27.434263,27.358831,27.326063,27.335613,27.37325,27.416481,27.456053,27.49152,27.526762,27.55744,27.586561,27.614388,27.65402,27.712515,27.790857,27.874521,27.943111,27.973848,27.960968,27.944239,27.886208,27.81478,27.757753,27.73413,27.745043,27.771383,27.764048,27.734858,27.713484,27.723204,27.742876,27.780682,27.832903,27.859316,27.847933,27.827717,27.810658,27.738567,27.616835,27.55501,27.577143,27.607336,27.682045,27.805365,27.914581,27.991142,28.026365,28.032932,28.108818,28.374733,28.579222,28.732891,28.84248,28.90215,28.918802,28.91786,28.852856,28.742424,28.638243,28.47733,28.207346,27.99187,27.960135,27.92955,27.881294,27.858437,27.832962,27.827589,27.862597,27.88732,27.910122,27.929218,27.945156,27.95892,27.965744,27.968853,27.959347,27.946383,27.976927,28.09204,28.274208,28.467184,28.566622,28.542454,28.441427,28.363522,28.34721,28.344181,28.317852,28.300594,28.288033,28.263472,28.242695,28.222284,28.208885,28.214663,28.241259,28.273329,28.30127,28.322899,28.35631,28.414217,28.47908,28.511621,28.543367,28.597261,28.598106,28.650328,28.821455,28.990358,29.103022,29.220615,29.329855,29.416098,29.458685,29.448519,29.379095,29.276136,29.207666,29.21444,29.231962,29.245584,29.258577,29.255909,29.239052,29.212265,29.175726,29.122988,29.070911,29.020643,29.041985,29.174072,29.251133,29.237509,29.290192,29.371534,29.401695,29.429129,29.430511,29.46153,29.488121,29.533945,29.593384,29.677473,29.808334,29.987392,30.153107,30.194378,30.226013,30.214888,30.18951,30.182993,30.141382,30.041363,29.936516,29.8624,29.853226,29.854385,29.8522,29.8941,29.917742,29.898788,29.928734,29.929224,29.943048,29.94089,29.96556,29.969463,29.928362,29.843084,29.796381,29.73047,29.648775,29.661081,29.61742,29.413805,29.309189,29.360659,29.461832,29.645672,29.740677,29.79025,29.775043,,29.85123,29.858677,29.876486,29.895754,29.866482,29.927773,29.976624,30.003937,30.020891,30.02403,30.028318,30.04149,30.058363,30.065351,30.070879,30.072498,30.057457,30.032219,29.996181,29.975142,29.965437,29.95227,29.940704,29.935593,29.913157,29.873747,29.823854,29.76976,29.846336,29.934475,30.07343,,,,,,,,,,,,,,,,,,,,,,,,,,,,,,,,,,,,,,,,,,,,,,,,,,27.19395,27.265276,27.354418,27.557894,27.541685,27.668497,27.763279,27.813354,27.76932,27.661366,27.663916,27.660656,27.669277,27.596077,27.57657,27.606358,27.639786,27.696594,27.76789,27.793568,27.809494,27.93145,28.197292,28.421608,28.364895,28.294933,28.31071,28.310572,28.292051,28.289038,28.149927,28.016573,27.997887,27.990404,27.96896,28.030798,28.099604,28.117283,28.097866,28.053501,28.038183,28.026981,28.017853,28.024023,28.048239,28.095036,28.137589,28.1789,28.212664,28.247362,28.249853,28.244501,28.245752,28.263002,28.310026,28.383146,28.453661,28.495651,28.497606,28.471775,28.462267,28.494614,28.513819,28.536203,28.531622,28.509968,28.494589,28.502401,28.519352,28.517427,28.494637,28.467445,28.45152,28.442396,28.437574,28.440468,28.451645,28.452778,28.444447,28.288815,28.318745,28.406116,28.485096,28.550283,28.594841,28.62066,28.625679,28.636393,28.66006,28.68254,28.674507,28.623375,28.584993,28.576475,28.586662,28.596064,28.59406,28.601395,28.622541,28.640062,28.64206,28.635042,28.616203,28.597105,28.583239,28.5829,28.589754,28.604277,28.620394,28.64991,28.685978,28.715368,28.733997,28.735006,28.718122,28.687822,28.650253,28.605843,28.541237,28.432459,28.35381,28.315048,28.365746,28.45763,28.552443,28.618465,28.63264,28.599607,28.56056,28.556557,28.607586,28.686821,28.768038,28.83808
11.416672,26.62725,26.626427,26.680723,26.493414,26.084335,25.863838,25.826712,25.925169,25.942097,25.714708,25.59587,25.534492,25.503553,25.592062,25.616295,25.540134,25.455177,25.34076,25.226768,25.130651,25.01189,25.150127,25.041245,25.562508,,,,,,,,,,,,,,,,,,27.019129,27.146347,27.121017,27.140606,27.175133,27.1904,27.25175,27.282152,27.113932,26.868597,26.737955,26.642412,26.69293,26.89188,27.108212,27.212273,27.232721,27.229303,27.211748,27.199457,27.2059,27.21014,27.201822,27.190668,27.172571,27.139595,27.092806,27.026772,26.947254,26.889051,26.856428,26.845402,26.829357,26.817642,26.812346,26.815084,26.811218,26.792828,26.774479,26.768066,26.765898,26.800362,26.897158,26.982313,27.042397,27.08517,27.119144,27.145836,27.171032,27.181852,27.17547,27.15625,27.13894,27.125053,27.114386,27.109812,27.10505,27.094866,27.087608,27.092028,27.11415,27.147127,27.19056,27.24398,27.284428,27.277874,27.233953,27.205269,27.2004,27.215288,27.246317,27.297413,27.376415,27.463017,27.534721,27.591764,27.627872,27.634874,27.598299,27.524902,27.430777,27.36169,27.319174,27.32881,27.365664,27.403715,27.441051,27.47859,27.530193,27.578684,27.619974,27.664267,27.72295,27.793573,27.86861,27.932573,27.97026,27.98933,28.005915,27.994265,27.955526,27.889345,27.807886,27.730232,27.69506,27.703167,27.71303,27.719881,27.723404,27.73814,27.753096,27.782135,27.818571,27.826948,27.828217,27.845087,27.816885,27.73502,27.615007,27.574463,27.641638,27.714424,27.80182,27.903444,27.992985,28.03781,28.054228,28.07009,28.25364,28.505802,28.674566,28.80447,28.886387,28.921253,28.92304,28.909378,28.852837,28.75124,28.638933,28.464096,28.186525,27.991095,27.974264,27.955015,27.923006,27.910765,27.89561,27.887907,27.912823,27.935747,27.952168,27.964615,27.970236,27.97272,27.975164,27.976194,27.973553,27.987251,28.055864,28.199503,28.373901,28.52504,28.5955,28.589323,28.521872,28.435287,28.37756,28.367048,28.349121,28.31463,28.281633,28.25083,28.22774,28.210999,28.203053,28.20968,28.231401,28.25712,28.293383,28.341639,28.39751,28.450897,28.490602,28.51384,28.54214,28.594606,28.599648,28.638474,28.792894,28.964285,29.076138,29.178043,29.277052,29.359184,29.410736,29.430773,29.404058,29.347258,29.30076,29.286818,29.28406,29.293352,29.294357,29.283062,29.259642,29.228167,29.188702,29.131231,29.062462,29.015158,29.045607,29.183514,29.251574,29.248257,29.309761,29.38653,29.408842,29.431364,29.441269,29.460175,29.487968,29.53469,29.585049,29.655914,29.751331,29.904598,30.103043,30.217985,30.247353,30.268242,30.235006,30.225761,30.215666,30.161001,30.067186,29.98635,29.934048,29.916433,29.90181,29.958248,29.97245,29.954288,29.97638,29.985802,29.978027,29.972916,30.003946,30.007158,29.986044,29.90609,29.824772,29.77696,29.73991,29.711859,29.74979,29.67856,29.426922,29.37877,29.37307,29.486048,29.600473,29.710464,29.811611,29.84901,29.893091,29.905699,29.9283,29.92567,29.907793,29.920172,29.958305,29.989258,30.01084,30.017807,30.020191,30.026276,30.043552,30.064543,30.077774,30.079412,30.061083,30.051908,30.033142,30.017305,29.998993,29.977535,29.963665,29.954672,29.947403,29.955023,29.88763,29.752644,29.690256,29.90894,29.995676,30.031916,,,,,,,,,,,,,,,,,,,,,,,,,,,,,,,,,,,,,,,,,,,,,,,,,,27.249622,27.386284,27.578985,27.55273,27.676113,27.77134,27.790863,27.73203,27.654587,27.68281,27.641958,27.635786,27.563705,27.580679,27.582209,27.620493,27.690191,27.756062,27.776642,27.790611,27.878435,28.137777,28.40618,28.375643,28.299192,28.313505,28.313871,28.291788,28.244972,28.16536,28.061087,28.026701,28.016241,27.984457,28.021387,28.099031,28.123718,28.1317,28.102964,28.082605,28.074144,28.070124,28.075966,28.092094,28.120132,28.169146,28.208956,28.251013,28.268215,28.270277,28.265093,28.27177,28.30016,28.34966,28.40727,28.45741,28.4802,28.47482,28.457352,28.481768,28.517853,28.535011,28.537916,28.478048,28.452509,28.446444,28.478638,28.519028,28.510553,28.477993,28.448978,28.437046,28.438173,28.458708,28.479855,28.482746,28.45926,28.378027,28.28069,28.375586,28.441984,28.502234,28.572443,28.606815,28.617098,28.62347,28.644129,28.665125,28.6754,28.638346,28.570223,28.553577,28.574533,28.600231,28.627754,28.645704,28.680834,28.696665,28.688093,28.667257,28.653984,28.649427,28.631266,28.626028,28.630993,28.645193,28.660164,28.68112,28.69802,28.701614,28.694628,28.675623,28.646141,28.607498,28.567974,28.511768,28.416853,28.321873,28.274492,28.311234,28.349556,28.452173,28.586693,28.695255,28.739843,28.74849,28.707537,28.639803,28.576235,28.570076,28.604666,28.682396,28.758196
11.333336,26.561523,26.640703,26.55472,26.096224,25.681952,25.64335,25.595747,25.275497,25.215195,25.151947,25.11713,25.092937,25.154654,25.482533,25.625538,25.701397,25.59531,25.536713,25.366827,25.281792,25.225388,25.383387,,,,,,,,,,,,,,,,,,,,27.038315,27.12529,27.158167,27.17396,27.203033,27.25736,27.317879,27.26393,26.956404,26.67266,26.606714,26.615505,26.748142,26.944569,27.124548,27.199734,27.163687,27.16016,27.205494,27.25135,27.26403,27.247293,27.219225,27.175928,27.13745,27.086681,27.002007,26.916107,26.851185,26.812716,26.780724,26.76471,26.768625,26.77048,26.77479,26.786442,26.795246,26.78495,26.77851,26.775856,26.792566,26.863523,26.945803,27.002298,27.04744,27.086428,27.121138,27.15381,27.168642,27.161144,27.145699,27.130033,27.12245,27.11256,27.09935,27.086714,27.07949,27.0734,27.065477,27.070644,27.081467,27.106714,27.160236,27.235558,27.298758,27.294947,27.235104,27.184843,27.191391,27.230896,27.278816,27.349718,27.437618,27.51932,27.586727,27.64181,27.682508,27.694376,27.656769,27.569857,27.467396,27.383188,27.332262,27.335262,27.359001,27.383514,27.419065,27.470257,27.541927,27.603075,27.657393,27.710133,27.76789,27.830677,27.887142,27.930006,27.962927,28.00403,28.03431,28.041729,28.03209,27.99531,27.92359,27.818562,27.72006,27.673738,27.6636,27.668056,27.67927,27.6927,27.713886,27.742962,27.774267,27.800869,27.816574,27.810347,27.76635,27.705978,27.659666,27.666626,27.751879,27.834898,27.912758,27.990887,28.049358,28.07771,28.088684,28.15858,28.413008,28.624538,28.772694,28.86504,28.9068,28.930796,28.921085,28.890348,28.84277,28.754784,28.638498,28.452925,28.178848,28.002825,27.99054,27.978073,27.957022,27.969679,27.971153,27.963465,27.976933,27.998564,28.014194,28.025244,28.033566,28.03826,28.04074,28.042074,28.050098,28.084295,28.173792,28.318329,28.470144,28.568338,28.605303,28.606802,28.58556,28.540005,28.476988,28.432497,28.410643,28.38484,28.349516,28.308966,28.278444,28.252972,28.236706,28.239166,28.259588,28.292818,28.34365,28.394978,28.434174,28.473328,28.502428,28.523293,28.544699,28.590378,28.603724,28.630398,28.767012,28.943233,29.0522,29.145727,29.243044,29.329285,29.386374,29.420626,29.407307,29.360487,29.303988,29.275213,29.275785,29.296484,29.3049,29.287672,29.264452,29.23017,29.187147,29.129309,29.05473,29.01345,29.059391,29.203522,29.259186,29.254335,29.324102,29.387714,29.398678,29.413254,29.428951,29.444698,29.471487,29.521675,29.567377,29.637737,29.731237,29.853619,30.030066,30.193417,30.258179,30.277197,30.282059,30.260603,30.250927,30.233696,30.176905,30.10528,30.06857,30.013517,30.01694,30.05341,30.01324,30.031136,30.064367,30.070642,30.05105,30.026396,30.049,30.054789,30.017887,29.950552,29.872023,29.827099,29.768532,29.693668,29.703363,29.804071,29.630857,29.464705,29.418009,29.670395,29.643496,29.66623,29.770481,29.877068,29.932169,29.961992,29.984303,30.000227,30.018005,30.03947,30.05175,30.047497,30.042221,30.037981,30.040157,30.038124,30.03885,30.049582,30.061619,30.070486,30.063293,30.045618,30.03607,30.023478,30.004662,29.990631,29.972046,29.955997,29.947577,29.963655,29.933193,29.817198,29.62461,29.75893,29.91065,29.962238,29.988829,,,,,,,,,,,,,,,,,,,,,,,,,,,,,,,,,,,,,,,,,,,,,,,,,27.222065,27.338974,27.556114,27.574802,27.694462,27.772654,27.778961,27.707155,27.653477,27.671259,27.616282,27.60357,27.546478,27.567963,27.562735,27.614594,27.690523,27.744198,27.759583,27.770538,27.841505,28.087706,28.389404,28.384216,28.301369,28.321136,28.318613,28.273996,28.220913,28.12611,28.092247,28.054327,28.048576,28.008501,28.02716,28.091267,28.12483,28.142649,28.14952,28.12324,28.10865,28.112123,28.121666,28.13374,28.149963,28.184608,28.232616,28.262934,28.272913,28.277082,28.278967,28.28961,28.323061,28.374083,28.423044,28.44887,28.469032,28.460604,28.463322,28.511776,28.539244,28.548204,28.46521,28.399416,28.391115,28.405458,28.449533,28.482733,28.4658,28.436214,28.42143,28.424377,28.456795,28.48648,28.483507,28.42331,28.333378,28.235937,28.359795,28.429476,28.493668,28.539783,28.591047,28.60784,28.615278,28.629505,28.653133,28.666576,28.6505,28.590393,28.543098,28.5563,28.593372,28.61812,28.648922,28.672869,28.687393,28.696093,28.699427,28.701895,28.691189,28.668982,28.663994,28.665096,28.668943,28.668982,28.681604,28.666887,28.647984,28.619398,28.592804,28.563496,28.535467,28.491966,28.406765,28.302769,28.245611,28.26049,28.299093,28.325333,28.401157,28.534378,28.644068,28.73689,28.772205,28.791533,28.776508,28.731224,28.689125,28.662558,28.621738,28.622097,28.650932
11.25,26.531223,26.423395,25.876936,25.484154,25.348093,25.40559,25.384764,25.183187,25.020527,25.593004,,,,,25.396425,25.795904,25.832764,26.33387,26.046585,,,,,,,,,,,,,,,,,,,,,,,26.962173,27.140879,27.157465,27.199635,27.268263,27.315563,27.37297,27.224758,26.777344,26.486053,26.515759,26.623968,26.801577,26.996027,27.139095,27.15428,27.139679,27.213953,27.326723,27.381727,27.41407,27.39064,27.311264,27.223577,27.167282,27.114618,27.015154,26.906149,26.84374,26.788504,26.749142,26.737469,26.7372,26.735035,26.742117,26.760496,26.779865,26.785748,26.7831,26.79318,26.849838,26.913584,26.967268,27.006502,27.053389,27.096634,27.132994,27.153051,27.153404,27.148533,27.15036,27.15658,27.158806,27.14887,27.12377,27.097034,27.073437,27.055304,27.042475,27.03429,27.03753,27.05626,27.111155,27.204365,27.3041,27.338926,27.28143,27.207367,27.20195,27.27106,27.339998,27.409182,27.490063,27.565702,27.637772,27.695528,27.738405,27.760782,27.724682,27.649927,27.542269,27.455044,27.386877,27.364677,27.363735,27.377739,27.40368,27.447735,27.51834,27.585747,27.642756,27.700401,27.75273,27.80256,27.845335,27.883059,27.928528,27.984629,28.025473,28.042574,28.05388,28.064312,28.045315,27.976711,27.862768,27.753475,27.683456,27.660711,27.662096,27.66986,27.688066,27.709314,27.732416,27.749668,27.762539,27.76262,27.749435,27.74026,27.753107,27.797026,27.868303,27.937609,28.000301,28.053669,28.08492,28.103798,28.141386,28.320578,28.566502,28.736826,28.842434,28.900202,28.92819,28.933105,28.914686,28.875673,28.830755,28.749975,28.63071,28.43788,28.161932,28.02409,28.019184,28.019741,28.02183,28.039371,28.048544,28.047743,28.054022,28.0723,28.08581,28.096676,28.10651,28.113535,28.121347,28.132702,28.154333,28.201263,28.291245,28.415907,28.521194,28.570967,28.57935,28.573923,28.570724,28.561892,28.55286,28.533731,28.511845,28.491114,28.471867,28.44643,28.421621,28.398703,28.379446,28.3675,28.377966,28.406317,28.435822,28.465118,28.491304,28.508766,28.522215,28.537247,28.548777,28.592169,28.613968,28.630444,28.748903,28.917154,29.020247,29.110342,29.20692,29.303204,29.382551,29.433432,29.44299,29.401325,29.334013,29.28618,29.290949,29.317673,29.311235,29.277048,29.231852,29.191563,29.1602,29.107307,29.042305,29.014774,29.08624,29.227497,29.26608,29.262037,29.32404,29.365902,29.36728,29.373133,29.395536,29.417542,29.447117,29.495152,29.540468,29.59416,29.677425,29.797039,29.956894,30.111275,30.18838,30.226404,30.273375,30.284046,30.282337,30.279638,30.25089,30.19779,30.167551,30.153992,30.179302,30.090395,30.073807,30.123629,30.163673,30.158833,30.132183,30.099714,30.085104,30.085749,30.041702,29.954693,29.90141,29.847462,29.829863,29.769873,29.743479,29.744171,29.859194,29.68304,29.453068,29.826912,29.740425,29.857014,29.976536,30.013586,30.02662,30.073069,30.082514,30.113802,30.109293,30.125307,30.11593,30.094677,30.08159,30.072958,30.075422,30.072052,30.06373,30.050623,30.032225,30.021952,30.015491,30.010042,29.991776,29.99041,29.987429,29.976614,29.97774,29.962639,29.950659,29.970247,29.955187,29.877666,29.696115,29.63908,29.841715,29.93165,29.988213,,,,,,,,,,,,,,,,,,,,,,,,,,,,,,,,,,,,,,,,,,,,,,,,,27.203497,27.290342,27.558496,27.567244,27.67662,27.760958,27.750753,27.707088,27.665949,27.659735,27.593836,27.58003,27.552582,27.571861,27.55949,27.607277,27.684347,27.734068,27.75598,27.760298,27.800495,28.035225,28.368963,28.389215,28.300508,28.325972,28.327095,28.278343,28.231583,28.140192,28.097033,28.082235,28.079311,28.032038,28.048758,28.086147,28.125418,28.140936,28.170328,28.163725,28.149584,28.151001,28.15689,28.16778,28.17647,28.19574,28.237986,28.264256,28.27185,28.281452,28.288782,28.304832,28.346584,28.39568,28.426607,28.457355,28.46849,28.457388,28.46797,28.511322,28.532383,28.512049,28.37662,28.364292,28.380323,28.40666,28.445414,28.46759,28.438238,28.399956,28.399673,28.427294,28.467287,28.463577,28.381416,28.240416,28.228016,28.335684,28.424692,28.45944,28.518728,28.566826,28.596643,28.605394,28.62132,28.641327,28.657822,28.650135,28.607067,28.550867,28.54919,28.576359,28.59206,28.594627,28.596104,28.633318,28.689037,28.72661,28.724512,28.706543,28.683893,28.683186,28.67512,28.66071,28.647827,28.632547,28.604092,28.57425,28.543808,28.518402,28.493008,28.458576,28.393524,28.289042,28.212286,28.208172,28.24065,28.272142,28.320574,28.35322,28.425518,28.544851,28.656279,28.72962,28.772078,28.805775,28.807688,28.810204,28.811174,28.82798,28.808012,28.764244,28.688963
11.166672,26.057388,25.84771,25.573471,25.400122,25.348166,25.401743,25.362078,25.671978,,,,,,,,,,,,,,,,,,,,,,,,,,,,,,,,,,26.915989,27.142658,27.20727,27.246471,27.317268,27.377172,27.421322,27.222992,26.711483,26.472704,26.592676,26.702394,26.850323,27.041002,27.165083,27.14433,27.16068,27.305439,27.471863,27.568533,27.6185,27.55129,27.401693,27.262003,27.155764,27.09031,27.00508,26.897297,26.832222,26.795929,26.77362,26.749298,26.73053,26.722408,26.727283,26.751204,26.787819,26.78738,26.787323,26.836369,26.88841,26.939745,26.977581,27.025833,27.076908,27.125845,27.14916,27.165697,27.177332,27.195515,27.22567,27.249622,27.262766,27.258005,27.22635,27.171638,27.104273,27.043764,27.004368,26.986544,26.984013,26.997217,27.044722,27.145094,27.286394,27.389551,27.374914,27.281147,27.239859,27.301151,27.39452,27.475073,27.551924,27.612963,27.676907,27.73727,27.786392,27.82397,27.820726,27.777954,27.685337,27.593952,27.509766,27.460453,27.431463,27.414837,27.415583,27.430502,27.472746,27.52748,27.580671,27.630127,27.680664,27.730093,27.782782,27.832592,27.886845,27.93565,27.968971,27.995472,28.023317,28.057985,28.079344,28.072935,28.028103,27.938616,27.827585,27.74578,27.709425,27.697296,27.705635,27.718712,27.734386,27.754333,27.775385,27.793,27.811563,27.836926,27.874088,27.92063,27.969818,28.015804,28.056507,28.090261,28.11359,28.146648,28.26462,28.501871,28.710522,28.829866,28.88895,28.91866,28.936644,28.936434,28.919918,28.876965,28.821259,28.73786,28.613771,28.41223,28.141975,28.051237,28.055935,28.066786,28.08358,28.104294,28.126112,28.130968,28.140911,28.150879,28.162907,28.170116,28.175295,28.181034,28.189697,28.199165,28.225405,28.276024,28.361435,28.455465,28.516909,28.536623,28.52727,28.513826,28.506868,28.508871,28.516428,28.523724,28.534405,28.541464,28.541103,28.537962,28.530277,28.522268,28.512333,28.499346,28.492517,28.498642,28.507479,28.51688,28.524324,28.52931,28.541378,28.549332,28.548237,28.597448,28.626734,28.634808,28.734518,28.890457,28.993443,29.072536,29.163862,29.26524,29.357662,29.41662,29.431694,29.393448,29.329268,29.287868,29.297884,29.321508,29.30943,29.250595,29.176044,29.13842,29.117094,29.079119,29.03223,29.027409,29.123743,29.250427,29.262688,29.25213,29.290218,29.308798,29.299353,29.310328,29.345898,29.378725,29.421762,29.47691,29.520979,29.558893,29.613276,29.712988,29.864323,30.011293,30.122318,30.1829,30.245289,30.276175,30.277327,30.296185,30.29225,30.273233,30.24729,30.187551,30.12239,30.119402,30.176544,30.225136,30.239294,30.2281,30.20258,30.168428,30.133297,30.079536,30.048346,29.974749,29.90709,29.826334,,29.851088,29.840786,29.78695,29.915821,29.846334,29.685478,29.882385,,29.936117,30.009304,30.044855,30.09401,30.154997,30.169252,30.206495,30.162407,30.190674,30.11776,30.049852,30.0352,30.047699,30.070734,30.072695,30.030111,29.980537,29.935272,29.912975,29.905115,29.902365,29.896702,29.894018,29.910013,29.94883,29.96497,29.96636,29.962484,29.964418,29.970081,29.905003,29.757124,29.583654,29.752642,29.915043,30.007357,,,,,,,,,,,,,,,,,,,,,,,,,,,,,,,,,,,,,,,,,,,,,,,,,27.224987,27.252663,27.480837,27.572065,27.666607,27.750916,27.727777,27.695717,27.65879,27.655867,27.585812,27.572815,27.564606,27.581339,27.561243,27.602018,27.674707,27.72249,27.739231,27.73887,27.768026,27.982018,28.341837,28.393593,28.30111,28.325293,28.318096,28.270494,28.24415,28.137184,28.108072,28.111044,28.102222,28.054012,28.06078,28.083372,28.12625,28.141733,28.18063,28.198095,28.185444,28.184069,28.185091,28.200857,28.212101,28.220568,28.24215,28.267023,28.279028,28.288986,28.30378,28.330889,28.37053,28.406704,28.439878,28.46748,28.458616,28.437212,28.449223,28.493042,28.526152,28.363354,28.330244,28.358215,28.386713,28.41767,28.44239,28.436737,28.397867,28.369387,28.364347,28.400501,28.416216,28.363913,28.236685,28.235859,28.33177,28.420748,28.452148,28.498259,28.540447,28.58303,28.604376,28.612568,28.631956,28.65006,28.649046,28.61626,28.55482,28.50231,28.522089,28.546991,28.51453,28.519978,28.572014,28.669195,28.736341,28.729631,28.712803,28.698736,28.670328,28.648382,28.612652,28.59152,28.55801,28.535526,28.512535,28.492153,28.471148,28.437162,28.38274,28.29367,28.211414,28.175371,28.193872,28.22541,28.250195,28.280327,28.283916,28.298986,28.42145,28.570318,28.694977,28.7587,28.794611,28.820496,28.8372,28.86031,28.89514,28.931593,28.941153,28.912645,28.851715
11.083336,,,,,,,,,,,,,,,,,,,,,,,,,,,,,,,,,,,,,,,,,,,27.129705,27.204433,27.28762,27.380547,27.419367,27.48276,27.364353,26.92313,26.714045,26.837576,26.902498,26.967867,27.052069,27.152561,27.11789,27.185656,27.387815,27.607384,27.740452,27.768604,27.668661,27.50828,27.340788,27.18224,27.064344,26.97792,26.881453,26.817354,26.803682,26.779606,26.74438,26.726646,26.717117,26.73384,26.775345,26.803024,26.795666,26.824766,26.877909,26.930578,26.968704,27.01188,27.067207,27.127161,27.173447,27.213867,27.259134,27.307608,27.35933,27.419868,27.470715,27.497847,27.496178,27.442251,27.348675,27.224201,27.095737,26.987411,26.923,26.90359,26.91785,26.972784,27.07985,27.244244,27.408537,27.47417,27.413912,27.33672,27.336117,27.423159,27.51748,27.59452,27.653927,27.698282,27.756205,27.812275,27.86515,27.900085,27.910885,27.869656,27.806746,27.735058,27.679747,27.622759,27.569796,27.526903,27.506998,27.506227,27.521437,27.55516,27.582071,27.623466,27.66701,27.71827,27.770643,27.826897,27.880335,27.921116,27.952612,27.983892,28.024864,28.070398,28.108301,28.112019,28.069315,27.984,27.8867,27.811895,27.769623,27.762352,27.772556,27.78096,27.796293,27.82235,27.850956,27.883015,27.917759,27.9553,27.991028,28.025173,28.061016,28.089468,28.115585,28.154388,28.256908,28.469526,28.679117,28.81225,28.880741,28.90417,28.935196,28.939018,28.948877,28.93299,28.875505,28.814932,28.720348,28.58283,28.362576,28.124594,28.095,28.107132,28.120348,28.142393,28.163857,28.19174,28.206964,28.219036,28.23073,28.239258,28.241959,28.24709,28.2535,28.259726,28.262136,28.27417,28.310116,28.37525,28.440681,28.474224,28.48263,28.474274,28.46737,28.463099,28.469349,28.484987,28.502172,28.522938,28.547068,28.566418,28.578136,28.579792,28.578344,28.574879,28.5622,28.550741,28.545855,28.545023,28.549417,28.549881,28.548262,28.552483,28.558966,28.557634,28.605822,28.642183,28.649353,28.720978,28.857843,28.966188,29.044615,29.13391,29.234919,29.32703,29.391808,29.417463,29.380667,29.31664,29.278028,29.286713,29.313679,29.292301,29.210558,29.120169,29.095493,29.071093,29.042484,29.015858,29.047285,29.16557,29.262403,29.256542,29.250896,29.266222,29.248646,29.233208,29.217928,29.273277,29.33791,29.390951,29.464712,29.523167,29.568983,29.596039,29.651258,29.771448,29.920065,30.038319,30.095991,30.164152,30.192463,30.192488,30.223886,30.213522,30.205168,30.149092,30.116762,30.157976,30.233896,30.273394,30.27591,30.268335,30.254559,30.230713,30.199154,30.13232,30.031113,30.01477,29.977894,29.895903,29.849808,29.916325,29.938612,29.947182,29.958525,30.004007,29.949528,29.942757,29.937254,,30.110462,30.169394,30.192862,30.22334,30.256084,30.259094,30.253067,30.191559,30.213919,29.98379,29.91758,29.943672,30.006697,30.039284,29.979992,29.897879,29.839407,29.795807,29.76466,29.750517,29.752882,29.76687,29.78051,29.801937,29.829268,29.880804,29.930462,29.94258,29.943932,29.967127,29.945635,29.84632,29.625435,29.636099,29.850782,29.917059,29.959375,,,,,,,,,,,,,,,,,,,,,,,,,,,,,,,,,,,,,,,,,,,,,,,,27.255196,27.27272,27.455515,27.560202,27.637552,27.737164,27.723442,27.694712,27.670847,27.658,27.581398,27.571459,27.579025,27.590881,27.564718,27.600376,27.666819,27.703745,27.716022,27.72224,27.740982,27.930864,28.313526,28.396544,28.298937,28.32738,28.31553,28.278261,28.272991,28.184954,28.109663,28.14025,28.13236,28.08362,28.080639,28.096733,28.125002,28.145388,28.181232,28.216295,28.21636,28.216482,28.20612,28.216625,28.232592,28.239073,28.246939,28.267311,28.288395,28.301702,28.31966,28.35373,28.393019,28.432013,28.452326,28.46264,28.454117,28.4314,28.446512,28.486742,28.446962,28.31664,28.340746,28.368204,28.392513,28.416407,28.425028,28.403502,28.38234,28.35104,28.3256,28.331003,28.322025,28.251486,28.246687,28.331852,28.385067,28.431324,28.490261,28.53248,28.5718,28.598585,28.607807,28.623926,28.64638,28.652798,28.630295,28.575705,28.503899,28.457535,28.478825,28.487438,28.467604,28.53154,28.644993,28.724768,28.73248,28.716696,28.694868,28.642885,28.60542,28.545069,28.511936,28.478165,28.463488,28.4549,28.44066,28.4121,28.368818,28.311544,28.240143,28.176882,28.174368,28.209097,28.23057,28.207441,28.178535,28.188473,28.215015,28.257233,28.378904,28.544668,28.691002,28.772776,28.824736,28.854828,28.869694,28.876987,28.915932,28.943323,28.942272,28.942158,28.923336
11.0,,,,,,,,,,,,,,,,,,,,,,,,,,,,,,,,,,,,,,,,,,,27.132269,27.230305,27.323286,27.411232,27.453674,27.520643,27.507357,27.227808,26.963215,26.88022,26.929445,27.034254,27.036366,27.115643,27.11748,27.185076,27.431355,27.705343,27.851332,27.866306,27.765797,27.608917,27.41543,27.213707,27.071993,26.97991,26.901405,26.820702,26.800432,26.77035,26.73974,26.72437,26.73011,26.773779,26.808622,26.822548,26.830078,26.86711,26.92539,26.98195,27.033775,27.084621,27.152979,27.23067,27.305374,27.399883,27.490616,27.582212,27.661154,27.747204,27.814495,27.845552,27.827795,27.748743,27.614998,27.43707,27.246138,27.069693,26.937101,26.862558,26.846325,26.884396,26.990726,27.168434,27.364904,27.497046,27.503674,27.44943,27.410263,27.430975,27.506668,27.581882,27.656858,27.706127,27.74701,27.81179,27.875319,27.93905,28.002571,28.040817,28.039673,28.007462,27.98362,27.927101,27.851791,27.777157,27.718246,27.691067,27.675993,27.678469,27.677605,27.692137,27.718601,27.751877,27.793726,27.839266,27.890865,27.944199,27.995039,28.04007,28.073076,28.099787,28.127874,28.145082,28.14241,28.105614,28.029633,27.938122,27.862106,27.826899,27.817015,27.82833,27.845758,27.870054,27.895967,27.925653,27.95562,27.987879,28.018942,28.050034,28.084328,28.120663,28.177639,28.277138,28.459963,28.6681,28.815182,28.876125,28.891115,28.904642,28.943996,28.950686,28.962965,28.924429,28.860565,28.802984,28.70677,28.549715,28.30985,28.1316,28.155685,28.16756,28.176298,28.192078,28.209444,28.237923,28.265467,28.279732,28.29528,28.308802,28.313437,28.307467,28.309383,28.315058,28.320536,28.323364,28.334797,28.365421,28.401701,28.42153,28.424921,28.427462,28.438244,28.45083,28.465942,28.49579,28.527336,28.559147,28.590897,28.616013,28.635971,28.648651,28.654709,28.65677,28.651392,28.642838,28.627693,28.615694,28.607292,28.600342,28.582663,28.583246,28.592306,28.576283,28.610296,28.65175,28.666199,28.707092,28.81957,28.936678,29.01875,29.106863,29.194498,29.281494,29.357824,29.382942,29.339352,29.288157,29.265379,29.28752,29.31633,29.286268,29.186253,29.10048,29.077705,29.058302,29.046339,29.042141,29.08173,29.197392,29.26704,29.261562,29.241308,29.2502,29.211405,29.183662,29.147339,29.205788,29.28544,29.346258,29.424828,29.499332,29.569979,29.611156,29.634678,29.70523,29.843672,29.939009,30.011562,30.035265,30.072708,30.047623,30.094654,30.12609,30.148191,30.143759,30.213448,30.276272,30.28599,30.305635,30.280458,30.278488,30.263855,30.2443,30.210938,30.133585,30.00626,29.952078,29.936163,29.890806,29.9098,29.989342,30.003624,30.016928,30.040995,30.104744,30.078394,30.113583,30.08488,30.092638,30.119936,30.171824,30.206852,30.22353,30.25711,30.269531,30.248075,30.206684,30.093401,29.847578,29.86295,29.934607,29.973053,29.885035,29.789564,29.731998,29.697268,29.675697,29.664377,29.662823,29.668556,29.680128,29.70422,29.724218,29.750633,29.792828,29.838865,29.882147,29.887945,29.90909,29.876173,29.809467,29.656118,29.552732,29.70441,29.80712,29.89201,,,,,,,,,,,,,,,,,,,,,,,,,,,,,,,,,,,,,,,,,,,,,,,,27.286013,27.29767,27.462515,27.55931,27.629444,27.711895,27.696804,27.682278,27.67378,27.659046,27.585276,27.568405,27.587868,27.597612,27.574818,27.603151,27.65136,27.680126,27.693125,27.698421,27.706818,27.872658,28.274216,28.399273,28.30176,28.32975,28.317846,28.263819,28.276133,28.227896,28.133718,28.15653,28.167284,28.11705,28.093441,28.10665,28.11909,28.142517,28.173437,28.222084,28.238573,28.242712,28.224686,28.228292,28.244377,28.255627,28.255182,28.26625,28.288925,28.307186,28.33336,28.376356,28.421669,28.446775,28.459896,28.489462,28.494581,28.480444,28.478693,28.5358,28.350195,28.33488,28.367294,28.395454,28.418274,28.428743,28.426462,28.420515,28.387432,28.344786,28.287706,28.278763,28.247412,28.247446,28.306484,28.355469,28.391476,28.462185,28.520918,28.548958,28.580677,28.59018,28.609497,28.635988,28.652027,28.640142,28.59696,28.534607,28.471523,28.435314,28.457045,28.464565,28.48863,28.609158,28.712734,28.726166,28.719004,28.685633,28.622763,28.561796,28.492506,28.433739,28.391537,28.384521,28.388987,28.396496,28.382313,28.343575,28.286612,28.232101,28.190842,28.19292,28.221409,28.22438,28.173513,28.127335,28.126196,28.152933,28.178673,28.201324,28.312042,28.475943,28.626122,28.75169,28.835793,28.89331,28.91042,28.912182,28.933891,28.951426,28.947947,28.95995,28.955015
10.916672,,,,,,,,,,,,,,,,,,,,,,,,,,,,,,,,,,,,,,,,,,,27.085793,27.229483,27.339224,27.43591,27.481977,27.538906,27.543219,27.39681,27.126719,26.882805,26.887175,27.04572,27.013975,27.066557,27.113804,27.203508,27.507616,27.791998,27.936865,27.942192,27.837946,27.684498,27.49095,27.242754,27.058989,26.965843,26.894787,26.822355,26.78975,26.751654,26.723125,26.735073,26.782406,26.833448,26.873775,26.884195,26.89386,26.930025,26.989857,27.064663,27.149555,27.220776,27.325144,27.442612,27.567034,27.692125,27.794939,27.880478,27.956608,28.028803,28.079107,28.099876,28.07797,27.994034,27.853563,27.669638,27.454475,27.229769,27.035963,26.901897,26.840563,26.842941,26.913908,27.064028,27.25767,27.423664,27.495428,27.486917,27.462809,27.458403,27.488815,27.535479,27.595097,27.654917,27.709045,27.79901,27.860659,27.928446,28.012089,28.103146,28.17756,28.195251,28.217037,28.206636,28.15549,28.081896,28.008013,27.958141,27.921112,27.90574,27.884077,27.880068,27.89782,27.934269,27.97897,28.031593,28.087997,28.13386,28.172606,28.196693,28.207676,28.206017,28.20091,28.18795,28.179012,28.168507,28.136053,28.073872,27.991589,27.919353,27.881166,27.873598,27.884197,27.90483,27.927376,27.957014,27.987753,28.022512,28.06192,28.109823,28.171938,28.247068,28.348293,28.501408,28.676296,28.810854,28.868017,28.873804,28.862717,28.908588,28.955359,28.968336,28.954159,28.89723,28.833996,28.77998,28.682238,28.513395,28.267708,28.166681,28.230473,28.239632,28.241926,28.242056,28.247532,28.272852,28.303926,28.327114,28.346869,28.365578,28.376244,28.375105,28.363823,28.3555,28.350292,28.347805,28.34638,28.352575,28.363993,28.370564,28.377117,28.391916,28.416477,28.446947,28.482336,28.528835,28.577814,28.622673,28.664484,28.694103,28.717089,28.734245,28.745577,28.75435,28.759165,28.761793,28.758142,28.746296,28.732605,28.717218,28.693048,28.667948,28.65623,28.619247,28.615217,28.653368,28.671312,28.694382,28.786442,28.901642,28.984705,29.06614,29.136007,29.221127,29.308325,29.31968,29.239702,29.189117,29.20466,29.253761,29.286057,29.273022,29.179583,29.103762,29.08932,29.062351,29.055305,29.058306,29.107883,29.215023,29.272722,29.259323,29.237473,29.216942,29.18811,29.165873,29.162273,29.199717,29.255955,29.3159,29.380617,29.443508,29.524504,29.590046,29.614561,29.659082,29.780504,29.903952,29.965757,29.990223,30.03823,30.069319,30.111311,30.16642,30.196388,30.224724,30.244179,30.266254,30.286547,30.269289,30.252855,30.237444,30.226982,30.204073,30.190228,30.167662,30.106453,30.040863,29.9846,29.953966,29.997894,30.073444,30.069757,30.094242,30.129341,30.171211,30.198143,30.19202,30.196587,30.200937,30.208586,30.226398,30.232395,30.228224,30.259708,30.275322,30.253328,30.200857,29.914036,29.820328,29.9035,29.930515,29.823612,29.74281,29.69783,29.679106,29.669462,29.664507,29.6644,29.66332,29.661764,29.675102,29.692179,29.710808,29.725441,29.743374,29.780416,29.83395,29.812525,29.853607,29.823343,29.718159,29.602373,29.52075,29.622463,29.753191,29.838612,,,,,,,,,,,,,,,,,,,,,,,,,,,,,,,,,,,,,,,,,,,,,,,,27.288021,27.290432,27.382805,27.560034,27.621069,27.710388,27.692894,27.671036,27.67415,27.669489,27.59394,27.57329,27.595724,27.604614,27.584599,27.594387,27.623072,27.6517,27.667439,27.675827,27.684488,27.823252,28.23409,28.396582,28.306175,28.33463,28.319735,28.253887,28.272902,28.26853,28.171417,28.168074,28.192356,28.149878,28.097414,28.115816,28.117716,28.135445,28.160534,28.205477,28.239336,28.259602,28.243288,28.239767,28.253254,28.269037,28.271637,28.275532,28.299646,28.322142,28.353483,28.409492,28.445887,28.467192,28.497526,28.534176,28.542612,28.524324,28.51488,28.35186,28.286661,28.343391,28.402796,28.431189,28.446045,28.452337,28.454744,28.435295,28.400696,28.353655,28.282665,28.25764,28.257923,28.283829,28.319092,28.36046,28.408104,28.476643,28.533934,28.567574,28.588722,28.595808,28.6148,28.647373,28.647165,28.61183,28.55779,28.49641,28.445923,28.422054,28.449404,28.4805,28.545431,28.668238,28.722595,28.707657,28.685663,28.61255,28.53468,28.449656,28.375679,28.322458,28.302593,28.314655,28.321722,28.33023,28.31358,28.281343,28.24322,28.224897,28.223389,28.238745,28.245733,28.225197,28.171162,28.130049,28.111578,28.117384,28.130066,28.143,28.216583,28.36526,28.533695,28.664526,28.787554,28.87224,28.906218,28.908674,28.917555,28.92434,28.927792,28.95616,28.9745
10.833336,,,,,,,,,,,,,,,,,,,,,,,,,,,,,,,,,,,,,,,,,,,27.077305,27.231894,27.331173,27.415876,27.495567,27.543114,27.523718,27.398422,27.157396,26.918308,26.884668,26.999062,27.000694,26.997627,27.095964,27.27491,27.6229,27.898,27.994486,27.996458,27.922533,27.76536,27.546316,27.266642,27.04803,26.95935,26.90878,26.816582,26.764103,26.745146,26.745659,26.790241,26.855679,26.910316,26.953331,26.982542,27.003515,27.033775,27.113855,27.212296,27.327904,27.448647,27.578539,27.713785,27.817293,27.892603,27.945532,27.992044,28.03698,28.083754,28.127184,28.145449,28.129217,28.0671,27.939072,27.788872,27.601597,27.381086,27.155468,26.970304,26.86583,26.838236,26.87077,26.958448,27.092813,27.232534,27.323963,27.389547,27.44309,27.48327,27.513086,27.527922,27.55908,27.607317,27.67683,27.756416,27.819515,27.888582,27.976555,28.084883,28.169165,28.19451,28.228395,28.258448,28.280128,28.288017,28.26167,28.221283,28.164858,28.113003,28.07388,28.05629,28.073963,28.124325,28.18213,28.243238,28.291044,28.326885,28.35197,28.350811,28.337914,28.315466,28.293898,28.268888,28.243238,28.220793,28.1938,28.15551,28.099583,28.03425,27.972828,27.94573,27.950985,27.972038,27.998476,28.036163,28.078634,28.130388,28.192293,28.263655,28.35445,28.453352,28.572542,28.703125,28.800247,28.833918,28.828785,28.819183,28.865253,28.933449,28.958866,28.96164,28.931782,28.869732,28.806463,28.74319,28.638227,28.45849,28.244284,28.229574,28.309616,28.319427,28.310665,28.301115,28.295202,28.311852,28.334055,28.354137,28.375187,28.400301,28.419989,28.430798,28.42325,28.408484,28.395155,28.38481,28.37339,28.364466,28.363201,28.36772,28.37993,28.404448,28.437231,28.475048,28.515648,28.563866,28.615517,28.66294,28.703724,28.731186,28.752607,28.771204,28.788145,28.807308,28.82977,28.850477,28.867947,28.874664,28.871658,28.859966,28.834158,28.794655,28.76325,28.709978,28.660002,28.66501,28.685066,28.690613,28.757956,28.862604,28.94575,29.012863,29.062227,29.139975,29.23969,29.269379,29.204407,29.162683,29.176628,29.218843,29.251984,29.27852,29.243011,29.148306,29.104776,29.08476,29.072224,29.08866,29.133867,29.207401,29.258911,29.228966,29.190052,29.19486,29.18967,29.194323,29.184555,29.19005,29.258858,29.319302,29.38064,29.42461,29.479294,29.546112,29.607628,29.626133,29.7046,29.85765,29.928537,29.995558,30.047853,30.11548,30.131014,30.190348,30.204048,30.233727,30.256138,30.245802,30.242142,30.21079,30.184498,30.170593,30.151209,30.133133,30.129456,30.138622,30.130682,30.127676,30.09333,30.077694,30.117508,30.138239,,30.178768,30.165176,30.180956,30.32264,30.400383,30.294577,30.286913,30.296755,30.295412,30.290174,30.297007,30.295137,30.283615,30.268051,30.06876,29.854565,29.825918,,29.79322,29.721231,29.688728,29.667053,29.66448,29.671467,29.681492,29.691637,29.69527,29.687542,29.693443,29.70386,29.721382,29.723251,29.733482,29.752827,29.7992,29.773382,29.781332,29.691935,29.59384,29.500872,29.46404,29.542637,29.645172,29.638823,29.473864,,,,,,,,,,,,,,,,,,,,,,,,,,,,,,,,,,,,,,,,,,,,,,,27.307215,27.28557,27.285578,27.577747,27.624466,27.681229,27.670498,27.652166,27.661074,27.656729,27.60783,27.591063,27.609915,27.60731,27.594551,27.587322,27.598612,27.621689,27.641457,27.653383,27.658632,27.773134,28.186707,28.390755,28.310865,28.338772,28.324404,28.246412,28.263668,28.287104,28.214647,28.189482,28.202295,28.176765,28.111485,28.116188,28.12004,28.127905,28.144194,28.180439,28.227291,28.26365,28.264801,28.25576,28.257875,28.270985,28.28029,28.286095,28.313044,28.343992,28.375612,28.42469,28.466908,28.502047,28.524176,28.55216,28.560686,28.466158,28.322645,28.247616,28.334099,28.394325,28.441416,28.47688,28.494524,28.506042,28.509228,28.470129,28.41882,28.376421,28.318933,28.278542,28.289448,28.29943,28.320114,28.357893,28.417583,28.487703,28.546474,28.575775,28.592325,28.596521,28.625116,28.64963,28.630737,28.57797,28.524744,28.475002,28.434908,28.424332,28.4596,28.490688,28.580576,28.673246,28.70287,28.680483,28.632252,28.534286,28.439856,28.345543,28.275934,28.244007,28.24983,28.263433,28.27878,28.284817,28.273205,28.244904,28.234276,28.244293,28.267536,28.29148,28.292643,28.259462,28.200045,28.140394,28.100393,28.085957,28.076189,28.070498,28.101032,28.20995,28.351875,28.474493,28.602016,28.713848,28.765913,28.778961,28.779024,28.799942,28.814463,28.848372,28.891567
10.75,,,,,,,,,,,,,,,,,,,,,,,,,,,,,,,,,,,,,,,,,,,27.054579,27.20652,27.287577,27.362156,27.471334,27.539734,27.492352,27.373262,27.159142,26.937826,26.897017,27.011662,26.996094,26.970629,27.092236,27.38594,27.751179,27.98841,28.039516,28.042475,27.978712,27.843542,27.612871,27.305672,27.05115,26.95624,26.914965,26.815262,26.772678,26.780819,26.813295,26.871305,26.93094,26.98666,27.040726,27.098227,27.137154,27.176115,27.286005,27.41736,27.557976,27.688648,27.77672,27.83549,27.869228,27.890173,27.901228,27.931818,27.975185,28.02911,28.089108,28.118654,28.091404,28.003614,27.892288,27.76847,27.611958,27.430504,27.231943,27.05247,26.92395,26.862007,26.857098,26.89545,26.953918,27.014626,27.068409,27.143415,27.253029,27.369797,27.48456,27.559505,27.583548,27.590145,27.628555,27.680847,27.743408,27.834494,27.960325,28.093195,28.1379,28.142023,28.15264,28.173517,28.207844,28.258095,28.314014,28.359211,28.35784,28.31285,28.256615,28.214396,28.18611,28.215591,28.294985,28.369198,28.416435,28.44677,28.476162,28.459572,28.434483,28.394545,28.356897,28.324522,28.289476,28.258898,28.227524,28.195322,28.156097,28.109808,28.06165,28.021948,28.019676,28.046822,28.085033,28.13396,28.18948,28.258,28.340084,28.426819,28.519543,28.610483,28.698666,28.757442,28.772177,28.76459,28.773468,28.8124,28.906929,28.953934,28.960176,28.949709,28.91616,28.825964,28.751276,28.688429,28.574291,28.398651,28.258078,28.311527,28.38739,28.401201,28.382563,28.365723,28.360077,28.362867,28.37471,28.3831,28.392645,28.41163,28.430664,28.450272,28.458698,28.452366,28.440928,28.42858,28.416958,28.41015,28.40955,28.41869,28.43622,28.463428,28.49586,28.527157,28.554964,28.58796,28.62606,28.661072,28.69059,28.708925,28.720732,28.731468,28.747358,28.778175,28.82357,28.873665,28.922161,28.95867,28.97919,28.983774,28.969172,28.93162,28.887762,28.833662,28.748623,28.699993,28.69943,28.6903,28.740364,28.818214,28.898531,28.94944,28.980135,29.048615,29.167753,29.258268,29.231247,29.188051,29.195658,29.2292,29.234892,29.244217,29.266026,29.219112,29.18191,29.158625,29.138874,29.140951,29.158651,29.191694,29.209963,29.166012,29.166515,29.200861,29.217218,29.24732,29.252932,29.226837,29.276552,29.342367,29.40943,29.449087,29.47227,29.494413,29.561771,29.611073,29.636816,29.769197,29.900303,29.95359,30.021502,30.116713,30.127424,30.166897,30.202894,30.227129,30.227335,30.187897,30.160976,30.125917,30.090073,30.069843,30.043167,30.0456,30.068848,30.093431,30.113178,30.136826,30.13192,30.135164,30.144127,30.146275,30.127554,30.144276,30.116499,30.166132,30.164791,30.13552,30.16378,30.247463,30.301277,30.317335,30.323944,30.311438,30.303688,30.288452,30.272533,29.920612,29.840904,29.798203,29.81815,29.724806,29.657267,29.635225,29.653347,29.680824,29.689287,29.691645,29.70602,29.719402,29.715448,29.725117,29.733044,29.733904,29.727997,29.735836,29.741625,29.765526,29.716377,29.616713,29.499947,29.440588,29.393627,29.4028,29.492348,29.54857,29.443256,29.161207,,,,,,,,,,,,,,,,,,,,,,,,,,,,,,,,,,,,,,,,,,,,,,,27.340044,27.294102,27.297302,27.4986,27.633791,27.69223,27.659796,27.621557,27.634375,27.638477,27.605629,27.59288,27.60672,27.616602,27.620863,27.600544,27.591118,27.601095,27.617668,27.631023,27.632328,27.73527,28.1458,28.38187,28.31735,28.344202,28.33643,28.248623,28.246496,28.295341,28.255388,28.221943,28.208994,28.197527,28.13875,28.124128,28.124956,28.131739,28.133734,28.168715,28.21924,28.267107,28.290264,28.28547,28.269157,28.271456,28.278425,28.285425,28.313334,28.349941,28.379858,28.424303,28.473291,28.493994,28.513453,28.547697,28.44692,28.310225,28.267756,28.350399,28.402853,28.445929,28.496754,28.53964,28.561024,28.571014,28.57397,28.532495,28.443747,28.381538,28.350426,28.307943,28.296574,28.294533,28.308891,28.354559,28.429243,28.503702,28.569187,28.58864,28.596138,28.596287,28.628696,28.641907,28.611174,28.556736,28.506542,28.459055,28.423372,28.428955,28.478426,28.502731,28.589825,28.670172,28.677671,28.654106,28.574217,28.460087,28.357563,28.273333,28.237797,28.236813,28.252031,28.255693,28.25368,28.249193,28.236942,28.240387,28.265545,28.295898,28.33056,28.354353,28.34511,28.302187,28.246288,28.183903,28.12064,28.068722,28.028069,28.002394,28.000927,28.05333,28.162743,28.260435,28.337152,28.42834,28.50153,28.525747,28.539124,28.570215,28.590294,28.641058,28.693083
10.666672,,,,,,,,,,,,,,,,,,,,,,,,,,,,,,,,,,,,,,,,,,,27.015593,27.155354,27.238092,27.295033,27.42274,27.524933,27.47662,27.363474,27.149973,26.935146,26.901512,27.03808,27.063354,27.025393,27.189802,27.553404,27.890667,28.032417,28.047514,28.049969,28.006445,27.885702,27.663315,27.35139,27.06983,26.943012,26.899061,26.809147,26.789328,26.815626,26.876223,26.942991,27.02032,27.091349,27.165625,27.236277,27.29852,27.368782,27.492916,27.62601,27.714405,27.773909,27.794714,27.80746,27.81319,27.82904,27.846691,27.891672,27.953926,28.024826,28.076897,28.083319,28.021996,27.915485,27.799032,27.673729,27.527798,27.387276,27.246508,27.114048,26.99888,26.92611,26.897148,26.903318,26.915596,26.93559,26.957308,26.979033,27.016403,27.107992,27.277302,27.459217,27.567463,27.579357,27.58141,27.608162,27.698713,27.837818,28.0075,28.135729,28.157684,28.174831,28.187239,28.196634,28.205557,28.227282,28.25826,28.309067,28.367666,28.430416,28.445597,28.411573,28.354132,28.336401,28.380821,28.459734,28.555826,28.596762,28.621712,28.599424,28.564663,28.50711,28.436947,28.382288,28.329397,28.28641,28.248224,28.215368,28.182098,28.14769,28.112268,28.084173,28.07967,28.10595,28.151258,28.21142,28.281403,28.363832,28.447414,28.527092,28.60001,28.657192,28.69401,28.701103,28.696974,28.71428,28.772097,28.86457,28.936874,28.952085,28.964077,28.955317,28.882717,28.777737,28.693747,28.624435,28.505775,28.356146,28.305416,28.395859,28.467484,28.478365,28.464054,28.45151,28.447847,28.440155,28.438616,28.435726,28.436325,28.44289,28.451433,28.459959,28.468544,28.468191,28.461922,28.453222,28.445726,28.444107,28.447424,28.458216,28.474068,28.498306,28.526602,28.548954,28.562742,28.579443,28.604918,28.635902,28.66785,28.689564,28.695564,28.688715,28.68912,28.71979,28.780289,28.856503,28.936502,29.0057,29.054052,29.081846,29.08413,29.06125,29.016111,28.965904,28.874788,28.775635,28.725903,28.703753,28.719076,28.779194,28.843786,28.882832,28.900217,28.956903,29.078497,29.225313,29.276968,29.247454,29.25073,29.276995,29.269753,29.258888,29.250587,29.24765,29.25111,29.230164,29.214188,29.207815,29.204403,29.203346,29.214054,29.19609,29.219185,29.256836,29.289608,29.315226,29.340414,29.32881,29.350471,29.381529,29.430298,29.483185,29.520885,29.516796,29.52027,29.565123,29.599842,29.664831,29.816788,29.906618,29.955553,30.054798,30.078575,30.1106,30.16506,30.149311,30.111961,30.041399,29.99681,29.952662,29.903343,29.871109,29.846457,29.867754,29.93004,29.989922,30.050194,30.096968,30.134027,30.156958,30.16014,30.145512,30.099329,30.081089,30.062468,30.10183,30.046225,30.023436,30.072945,30.174025,30.267914,30.311998,30.320635,30.312689,30.315052,30.286661,30.192642,29.854235,29.802845,29.769262,29.705404,29.642479,29.612043,29.647533,29.68263,29.703768,29.696186,29.698744,29.698856,29.716398,29.733099,29.737688,29.735317,29.727787,29.72939,29.739252,29.720798,29.639421,29.482573,29.362364,29.340696,29.377575,29.364393,29.370647,29.405191,29.363144,29.124859,28.817743,,,,,,,,,,,,,,,,,,,,,,,,,,,,,,,,,,,,,,,,,,,,,,,27.373428,27.307783,27.306332,27.300364,27.587349,27.68396,27.647362,27.593132,27.587976,27.592321,27.575546,27.572618,27.583647,27.6011,27.620712,27.607782,27.588533,27.5891,27.599247,27.607079,27.614315,27.698147,28.105665,28.37073,28.32086,28.348627,28.351557,28.26176,28.238663,28.278208,28.275446,28.26011,28.220457,28.208174,28.152508,28.13506,28.13335,28.132254,28.129347,28.167006,28.213057,28.26649,28.306288,28.312449,28.297546,28.294113,28.296885,28.296328,28.313103,28.346285,28.37804,28.415737,28.44852,28.470524,28.506472,28.387323,28.276186,28.271078,28.354155,28.407549,28.45549,28.504131,28.553276,28.603209,28.63752,28.649408,28.636698,28.592628,28.495907,28.398493,28.363506,28.331898,28.309458,28.30092,28.310059,28.359718,28.451897,28.52379,28.58172,28.595808,28.600935,28.604752,28.634295,28.629614,28.587576,28.543211,28.493568,28.442217,28.413889,28.44907,28.475498,28.503246,28.595942,28.66209,28.658886,28.617111,28.513382,28.392479,28.308498,28.255571,28.246857,28.246593,28.253345,28.241621,28.232214,28.231176,28.247648,28.28171,28.316769,28.35439,28.388718,28.406765,28.397863,28.376497,28.346111,28.29251,28.222662,28.13988,28.059128,27.999245,27.967037,27.982101,28.07402,28.17789,28.208431,28.213627,28.268827,28.289518,28.296265,28.319878,28.340925,28.378576,28.435877
10.583336,,,,,,,,,,,,,,,,,,,,,,,,,,,,,,,,,,,,,,,,,,,26.848068,26.997335,27.137136,27.210941,27.372906,27.493526,27.479124,27.360819,27.144112,26.919338,26.799604,26.899197,26.998262,27.087463,27.39676,27.753149,27.958742,27.983923,28.000639,28.022293,28.000729,27.895641,27.696476,27.40586,27.111338,26.956524,26.921034,26.859306,26.855757,26.887781,26.94943,27.008543,27.085247,27.19989,27.324087,27.399538,27.455713,27.544453,27.644897,27.707138,27.72837,27.753567,27.774073,27.797636,27.811836,27.839352,27.858992,27.896189,27.950504,28.012299,28.046503,28.043325,27.97639,27.897577,27.80755,27.708256,27.583225,27.423697,27.288593,27.221836,27.162416,27.08772,27.065805,27.03519,26.993675,27.000624,27.019548,27.062384,27.115826,27.153873,27.19529,27.29694,27.485085,27.57388,27.621002,27.680271,27.802383,27.970371,28.109941,28.162117,28.186895,28.214575,28.248308,28.277813,28.303764,28.314993,28.318897,28.321356,28.329943,28.376097,28.449434,28.52401,28.542084,28.532415,28.529142,28.589865,28.681967,28.727716,28.728468,28.723799,28.693453,28.646862,28.575178,28.505396,28.429434,28.361832,28.30357,28.256584,28.218071,28.187067,28.160212,28.139444,28.139723,28.172333,28.225187,28.289997,28.362581,28.431578,28.489687,28.54455,28.590534,28.620365,28.632195,28.636164,28.660065,28.724848,28.81315,28.886293,28.906097,28.926401,28.939016,28.925318,28.851385,28.735743,28.652925,28.579502,28.45235,28.3447,28.362202,28.47021,28.536224,28.546442,28.548872,28.547783,28.551271,28.551365,28.540861,28.530125,28.524755,28.524963,28.531294,28.532696,28.529547,28.519001,28.50569,28.489355,28.474014,28.46623,28.464327,28.467703,28.47748,28.496471,28.521053,28.542036,28.55338,28.563683,28.585938,28.624697,28.675901,28.715475,28.723202,28.696686,28.670301,28.679438,28.73469,28.820345,28.921858,29.020103,29.095694,29.14352,29.167126,29.168192,29.14001,29.096577,29.016787,28.896217,28.793808,28.735174,28.720253,28.758066,28.808846,28.82829,28.842045,28.882414,28.976086,29.142406,29.290258,29.3119,29.305136,29.350252,29.35707,29.328094,29.315784,29.290417,29.273445,29.262217,29.269224,29.275286,29.273817,29.281002,29.299324,29.321163,29.350016,29.398573,29.431944,29.446825,29.449911,29.440247,29.451382,29.470423,29.497894,29.526968,29.553598,29.566431,29.544136,29.534323,29.580004,29.605473,29.712576,29.829536,29.878162,29.92046,29.97986,29.982328,30.031206,29.974998,29.909374,29.79496,29.73215,29.676378,29.637245,29.599852,29.583023,29.611826,29.677845,29.746174,29.841183,29.9514,30.075998,30.14682,30.162363,30.122082,30.090416,30.086895,30.099363,30.077776,30.017221,30.010998,30.101912,30.193483,30.26164,30.302443,30.320408,30.32387,30.30166,30.254566,30.018124,29.837189,29.794628,29.721342,29.690931,29.629086,29.617033,29.648628,29.675844,29.698572,29.67505,29.675545,29.684671,29.700935,29.717936,29.719517,29.719067,29.715767,29.689844,29.62035,29.491137,29.34981,29.336662,29.321957,29.264206,29.24694,29.240843,29.200678,29.141962,29.070793,28.966133,28.842594,28.643005,,,,,,,,,,,,,,,,,,,,,,,,,,,,,,,,,,,,,,,,,,,,,,27.408848,27.340424,27.31354,27.264784,27.380411,27.651388,27.6608,27.587288,27.55277,27.541374,27.520819,27.527737,27.534687,27.559408,27.600998,27.611868,27.596764,27.587616,27.581135,27.58484,27.591293,27.670372,28.078497,28.358192,28.31836,28.345024,28.361723,28.275501,28.222021,28.261215,28.276434,28.28977,28.237278,28.222534,28.160889,28.139217,28.148006,28.149925,28.147287,28.170824,28.204395,28.249435,28.287647,28.302896,28.306288,28.31092,28.31905,28.322365,28.334898,28.358622,28.383678,28.409891,28.433344,28.385668,28.35171,28.266977,28.304575,28.374655,28.414246,28.4643,28.515207,28.560709,28.612858,28.666822,28.707619,28.722004,28.708042,28.657667,28.548449,28.430593,28.36933,28.355427,28.336622,28.32207,28.325857,28.39416,28.485415,28.545954,28.591675,28.600254,28.600927,28.611319,28.632887,28.60895,28.564108,28.533943,28.478483,28.423498,28.411762,28.46072,28.462149,28.503557,28.601732,28.645914,28.637205,28.575693,28.459888,28.357082,28.292349,28.265034,28.258135,28.261435,28.2687,28.261383,28.254313,28.256971,28.282364,28.317606,28.34959,28.39263,28.42975,28.457893,28.462265,28.461586,28.45173,28.419271,28.367132,28.29229,28.198215,28.098957,28.008911,27.970507,28.042084,28.157768,28.239986,28.222567,28.19476,28.197975,28.185503,28.178778,28.188828,28.196297,28.23241
10.5,,,,,,,,,,,,,,,,,,,,,,,,,,,,,,,,,,,,,,,,,,,26.620262,26.767057,26.933657,27.136927,27.328568,27.468872,27.475946,27.36404,27.158737,26.93782,26.738207,26.753914,26.930964,27.231411,27.632784,27.872002,27.915882,27.907248,27.942501,27.990324,27.995682,27.920618,27.75322,27.49145,27.205559,27.017433,26.959635,26.968475,27.016178,27.050236,27.083223,27.115654,27.1978,27.328606,27.459309,27.528172,27.567188,27.625555,27.692945,27.707827,27.724138,27.764091,27.802198,27.81948,27.838825,27.85992,27.863777,27.88202,27.938858,28.012896,28.06975,28.099518,28.11541,28.144754,28.153856,28.153086,28.073664,27.81312,27.54028,27.506977,27.552805,27.471115,27.474455,27.45852,27.352222,27.381386,27.383486,27.431023,27.481075,27.48932,27.513868,27.4934,27.553917,27.650694,27.81019,27.934084,28.042055,28.126207,28.165525,28.167418,28.171494,28.195576,28.23365,28.269037,28.315922,28.359945,28.394417,28.413204,28.41999,28.4138,28.417145,28.447927,28.52497,28.581163,28.590904,28.611858,28.638865,28.66124,28.680914,28.693708,28.702967,28.698381,28.669449,28.61995,28.555351,28.482874,28.410929,28.348269,28.297562,28.259478,28.227905,28.209412,28.213911,28.250658,28.300476,28.350464,28.389095,28.418612,28.456501,28.505182,28.546692,28.570015,28.582659,28.606823,28.668406,28.755203,28.817238,28.845123,28.875738,28.91161,28.934664,28.919445,28.825302,28.687706,28.600317,28.524452,28.415411,28.353586,28.414217,28.526377,28.583263,28.606953,28.620707,28.629454,28.650888,28.666166,28.660852,28.649164,28.64223,28.639626,28.651388,28.66136,28.65674,28.63953,28.616167,28.590925,28.562412,28.534328,28.51367,28.501902,28.500105,28.509438,28.525627,28.544075,28.558605,28.57245,28.596928,28.642065,28.70762,28.764423,28.779875,28.746214,28.69871,28.67634,28.703108,28.782597,28.897999,29.015354,29.110706,29.175892,29.219322,29.24535,29.247536,29.225952,29.167732,29.066702,28.93815,28.822845,28.754324,28.757341,28.778004,28.82424,28.838198,28.839169,28.893475,29.02133,29.215597,29.341816,29.357483,29.404158,29.435942,29.425417,29.419004,29.399717,29.386559,29.385658,29.400284,29.408407,29.410894,29.429186,29.465332,29.507652,29.547997,29.580904,29.598036,29.598427,29.593847,29.58682,29.590532,29.594343,29.600843,29.598501,29.58516,29.568354,29.563818,29.568222,29.590752,29.604126,29.65515,29.738117,29.809614,29.772846,29.850864,29.814651,29.826723,29.748455,29.656706,29.543398,29.502354,29.470451,29.468811,29.45892,29.427258,29.43473,29.4581,29.474094,29.555696,29.696558,29.881258,30.03985,30.116495,30.139526,30.152023,30.151941,30.164717,30.149538,30.0479,,30.166872,30.19188,30.22146,30.254421,30.27391,30.269272,30.226444,30.171898,29.904163,29.827639,29.784502,29.715557,29.639587,29.574373,29.580961,29.604887,29.644705,29.684273,29.678734,29.68731,29.693935,29.704239,29.711544,29.690914,29.649525,29.577257,29.443377,29.36275,29.371153,29.378704,29.371841,29.340542,29.29318,29.218641,29.163712,29.147957,29.172014,29.283567,29.369015,29.313776,29.156761,,,,,,,,,,,,,,,,,,,,,,,,,,,,,,,,,,,,,,,,,,,,,,27.45689,27.375393,27.305897,27.293869,27.275831,27.506908,27.672379,27.639942,27.573214,27.5308,27.502443,27.498352,27.509058,27.533537,27.567965,27.59098,27.588308,27.575378,27.559563,27.562792,27.573778,27.652382,28.058172,28.352592,28.322468,28.347366,28.370415,28.297102,28.219183,28.244505,28.277882,28.30467,28.273308,28.2607,28.212664,28.171549,28.191341,28.191431,28.194643,28.20088,28.224052,28.248129,28.268393,28.289173,28.29578,28.311329,28.325071,28.336222,28.348509,28.363285,28.379927,28.389135,28.338787,28.273443,28.28805,28.353048,28.40575,28.435469,28.47104,28.51621,28.564735,28.616308,28.676819,28.73301,28.771852,28.777578,28.75798,28.725533,28.625101,28.492067,28.405119,28.372416,28.355381,28.343803,28.363731,28.45002,28.520658,28.576834,28.602621,28.606262,28.60808,28.621836,28.639215,28.6073,28.549698,28.513157,28.452452,28.409683,28.43549,28.46689,28.441315,28.486534,28.578394,28.629305,28.617306,28.541729,28.431463,28.344734,28.295904,28.279076,28.27262,28.281826,28.295752,28.307821,28.317463,28.330772,28.354004,28.372038,28.388712,28.419014,28.450663,28.482597,28.497871,28.502922,28.497778,28.483707,28.462664,28.427439,28.371357,28.286478,28.176271,28.070763,28.022234,28.087034,28.215115,28.3116,28.31374,28.278559,28.269257,28.230694,28.195835,28.18758,28.165314
10.416672,,,,,,,,,,,,,,,,,,,,,,,,,,,,,,,,,,,,,,,,,,,,,,,27.308079,27.452425,27.491112,27.37307,27.186876,26.983967,26.816761,26.867855,27.16512,27.543322,27.80277,27.862556,27.847847,27.873661,27.950493,28.026358,28.042303,27.98461,27.828938,27.5992,27.341993,27.138823,27.03772,27.037254,27.107244,27.180273,27.224829,27.259298,27.32318,27.432144,27.54378,27.596533,27.614485,27.643684,27.698547,27.721966,27.745728,27.790216,27.84211,27.862501,27.874453,27.881498,27.886286,27.908707,27.968681,28.060747,28.153198,28.21111,28.274813,28.373203,28.481133,28.567234,28.592508,28.458363,28.203033,28.118145,28.150944,28.134192,28.047882,28.139889,27.96946,28.045158,27.953749,27.976038,27.95057,27.939936,27.95888,27.944126,27.984484,28.029797,28.110426,28.171806,28.201694,28.185186,28.154314,28.154453,28.17037,28.201387,28.23417,28.255398,28.280928,28.314083,28.354916,28.40118,28.44255,28.471928,28.478092,28.47367,28.473751,28.492771,28.526064,28.526878,28.513535,28.5262,28.54036,28.56059,28.58209,28.606956,28.62396,28.614857,28.587744,28.548866,28.494623,28.436802,28.382221,28.337852,28.300272,28.277885,28.278654,28.3023,28.327715,28.340363,28.343895,28.366074,28.422165,28.487797,28.528831,28.53915,28.550854,28.596985,28.6804,28.750982,28.787224,28.834185,28.876883,28.906904,28.918222,28.888006,28.795311,28.66542,28.564106,28.482868,28.396221,28.366886,28.444513,28.550064,28.599617,28.641956,28.66258,28.678682,28.712503,28.736576,28.744677,28.744598,28.75092,28.758595,28.776127,28.79189,28.796259,28.78623,28.766047,28.737297,28.699226,28.66016,28.625578,28.600172,28.585136,28.58287,28.587538,28.597776,28.609121,28.625927,28.653725,28.695343,28.75209,28.80586,28.834091,28.817068,28.767456,28.710184,28.696558,28.756475,28.875473,29.002022,29.10331,29.174257,29.227324,29.266739,29.29353,29.298222,29.285572,29.234238,29.13405,29.002068,28.880165,28.79819,28.779722,28.792593,28.824284,28.819635,28.858326,28.948963,29.090616,29.286726,29.381544,29.419342,29.466356,29.484621,29.488714,29.486156,29.462084,29.458792,29.478022,29.481937,29.481983,29.490595,29.518076,29.55274,29.592657,29.62528,29.638285,29.651072,29.647198,29.652641,29.659296,29.65975,29.641897,29.629667,29.607553,29.593613,29.578531,29.602854,29.616592,29.629438,29.63413,29.639801,29.69307,29.720448,29.693151,29.689264,29.619795,29.571924,29.473766,29.432041,29.430172,29.489498,29.527697,29.528967,29.489632,29.476234,29.46351,29.42679,29.432035,29.507605,29.649939,29.8364,29.972273,30.064905,30.1234,30.145584,30.197762,30.21785,30.09059,30.083385,30.102598,30.103144,30.120504,30.153477,30.174961,30.17377,30.153677,30.073221,29.828962,29.807592,29.757038,29.711708,29.61776,29.57717,29.560139,29.576548,29.601242,29.626085,29.633533,29.639341,29.62906,29.606749,29.573298,29.498869,29.43211,29.410736,29.40073,29.427801,29.44875,29.453842,29.461231,29.46748,29.435623,29.37853,29.31985,29.327768,29.414034,29.511086,29.52448,29.539726,29.506311,29.359322,,,,,,,,,,,,,,,,,,,,,,,,,,,,,,,,,,,,,,,,,,,,,27.502344,27.43108,27.309496,27.31369,27.278595,27.338026,27.548796,27.640713,27.629726,27.581013,27.542776,27.522234,27.529312,27.538948,27.555809,27.575195,27.562859,27.556776,27.543842,27.54506,27.560476,27.64631,28.050959,28.345171,28.321245,28.345129,28.372255,28.32363,28.244003,28.243347,28.268332,28.291449,28.296371,28.29542,28.261961,28.227505,28.24038,28.23662,28.248648,28.246008,28.267788,28.284264,28.291454,28.305796,28.309853,28.316414,28.32815,28.341604,28.352215,28.334887,28.321247,28.311932,28.318182,28.34503,28.380215,28.422352,28.45274,28.484932,28.517027,28.556473,28.613428,28.67494,28.73519,28.790157,28.81487,28.815622,28.801077,28.769682,28.698395,28.604864,28.490602,28.423206,28.399807,28.3968,28.430763,28.500246,28.557564,28.601437,28.61459,28.620987,28.618975,28.634012,28.642292,28.601736,28.532776,28.478155,28.42595,28.417288,28.47204,28.462595,28.421314,28.457457,28.539236,28.59509,28.582237,28.498745,28.402287,28.334417,28.303616,28.298391,28.298258,28.309317,28.328669,28.349558,28.36422,28.379921,28.399605,28.41352,28.435152,28.457115,28.478008,28.50231,28.529173,28.545755,28.553276,28.55298,28.53931,28.506428,28.46793,28.42164,28.349773,28.248775,28.149536,28.087461,28.125027,28.271896,28.390211,28.421703,28.408865,28.380064,28.310816,28.26123,28.219397
10.333336,,,,,,,,,,,,,,,,,,,,,,,,,,,,,,,,,,,,,,,,26.690178,27.037716,27.051495,26.963047,27.022171,27.167028,27.261175,27.372437,27.465233,27.50085,27.397772,27.237707,27.076687,27.008142,27.184015,27.520716,27.765787,27.815224,27.76761,27.777906,27.875101,27.990654,28.074251,28.088055,28.033329,27.91127,27.72135,27.493235,27.299932,27.167992,27.12043,27.142721,27.202791,27.280851,27.358486,27.423857,27.497343,27.575352,27.629892,27.651085,27.66652,27.699768,27.743158,27.786022,27.823133,27.871954,27.909252,27.927416,27.93281,27.940481,27.958344,28.017237,28.12009,28.196442,28.208471,28.239792,28.295248,28.38924,28.509262,28.629805,28.728989,28.749226,28.781027,28.74178,28.782217,28.507135,28.705652,28.462852,28.601652,28.49008,28.486084,28.432669,28.415314,28.378086,28.349846,28.32078,28.293402,28.266514,28.226505,28.16811,28.126017,28.111559,28.130781,28.15585,28.179083,28.209827,28.240238,28.27328,28.306837,28.343273,28.375416,28.414757,28.45625,28.4829,28.495882,28.49453,28.488218,28.480547,28.47833,28.48317,28.4809,28.48536,28.489073,28.497652,28.50718,28.522514,28.530897,28.526125,28.509766,28.483578,28.448263,28.410805,28.374615,28.33955,28.311651,28.299706,28.299292,28.29649,28.286873,28.293428,28.345787,28.42501,28.484747,28.497402,28.488527,28.510828,28.592255,28.691433,28.74908,28.791035,28.817196,28.848389,28.885313,28.90206,28.874489,28.784546,28.656267,28.543427,28.462254,28.389507,28.371101,28.439749,28.532953,28.59897,28.656788,28.677744,28.699589,28.740509,28.770353,28.784658,28.800695,28.8257,28.85612,28.879927,28.896381,28.902996,28.901356,28.890997,28.87056,28.836807,28.800756,28.767803,28.741741,28.721575,28.71155,28.707817,28.709667,28.714144,28.727413,28.7508,28.779604,28.813326,28.844248,28.875366,28.88598,28.84674,28.766268,28.714607,28.749561,28.865961,28.99616,29.095785,29.158833,29.205294,29.239561,29.272894,29.301403,29.319963,29.31404,29.283405,29.192478,29.085928,28.964155,28.85936,28.834652,28.830915,28.820751,28.880613,28.985155,29.054264,29.18831,29.333767,29.411598,29.457903,29.482372,29.492788,29.505196,29.492525,29.48453,29.479115,29.471746,29.461502,29.466305,29.486021,29.521769,29.56287,29.598602,29.625256,29.636835,29.638878,29.636116,29.647669,29.658236,29.651186,29.64464,29.624397,29.603317,29.599699,29.624378,29.647867,29.644705,29.662067,29.644598,29.617851,29.644417,29.622936,29.591541,29.51666,29.488947,29.444927,29.444386,29.48805,29.604979,29.69414,29.683908,29.625578,29.57856,29.602022,29.577234,29.51545,29.487679,29.520731,29.645262,29.795095,29.94126,30.04612,30.096302,30.169487,30.22865,30.133255,30.06568,30.09102,30.110357,30.125877,30.145306,30.15319,30.14902,30.13373,30.023895,29.825407,29.81022,29.749615,29.715158,29.615343,29.56312,29.520378,29.519985,29.51539,29.516924,29.503973,29.491043,29.463127,29.450151,29.450302,29.450413,29.481195,29.509192,29.541754,29.553154,29.560402,29.566578,29.574879,29.558859,29.521841,29.504545,29.472984,29.42929,29.43432,29.432898,29.458363,29.559578,29.67307,29.784208,,,,,,,,,,,,,,,,,,,,,,,,,,,,,,,,,,,,,,,,,,,,,,27.425611,27.314241,27.327612,27.32931,27.28851,27.403105,27.54063,27.620457,27.609331,27.578053,27.553938,27.550022,27.540062,27.543325,27.553791,27.542738,27.53721,27.527723,27.534431,27.555315,27.64494,28.047853,28.350098,28.330273,28.346197,28.375177,28.335588,28.270153,28.25283,28.265142,28.276564,28.273046,28.305368,28.294329,28.28113,28.285563,28.282965,28.290195,28.283737,28.295027,28.313042,28.310877,28.31805,28.317127,28.31147,28.316725,28.31165,28.315634,28.319517,28.321386,28.351383,28.392035,28.42701,28.446226,28.470596,28.496313,28.518759,28.55944,28.606941,28.663847,28.721277,28.780067,28.828754,28.850615,28.852047,28.843145,28.820776,28.767303,28.688902,28.585773,28.50683,28.472666,28.470827,28.508177,28.547005,28.588326,28.618593,28.622663,28.624195,28.623648,28.636211,28.64307,28.596521,28.522903,28.453072,28.415375,28.442913,28.505577,28.453478,28.411865,28.42406,28.491512,28.548801,28.531763,28.452457,28.372778,28.32968,28.322876,28.335945,28.351812,28.365578,28.377615,28.400925,28.421034,28.439077,28.45298,28.470907,28.49318,28.519035,28.542566,28.564966,28.594685,28.627808,28.660522,28.675486,28.658337,28.608093,28.542665,28.482319,28.43507,28.373148,28.30112,28.225422,28.176985,28.210224,28.328444,28.443619,28.496765,28.510754,28.464165,28.424215,28.353203
10.25,,,,,,,,,,,,,,,,,,,,,,,,,,,,,,,,,,,,,,,,26.853441,27.155611,27.13235,27.054571,27.09622,27.27132,27.452297,27.491413,27.509342,27.49663,27.423267,27.318045,27.244156,27.311243,27.531166,27.730333,27.771667,27.708778,27.695045,27.782116,27.904642,28.001602,28.084614,28.102312,28.087322,28.005135,27.854134,27.662891,27.495146,27.352709,27.272612,27.235308,27.244019,27.294777,27.373264,27.459227,27.530048,27.594334,27.643887,27.680187,27.703297,27.729559,27.769838,27.817076,27.858397,27.893799,27.922764,27.952402,27.97261,27.976255,27.984646,28.031887,28.126375,28.203764,28.219372,28.216469,28.231916,28.24912,28.298973,28.38209,28.500286,28.65629,28.860842,28.943678,28.962238,28.659391,28.809864,28.69393,28.729248,28.698278,28.64267,28.571476,28.486607,28.392143,28.30235,28.21931,28.166935,28.13307,28.112125,28.09333,28.094603,28.098337,28.114998,28.109266,28.115023,28.148794,28.193743,28.237684,28.284994,28.34003,28.377485,28.41022,28.446611,28.474356,28.491041,28.4992,28.506056,28.509695,28.51123,28.513433,28.507416,28.493275,28.482508,28.470043,28.459887,28.458683,28.46052,28.449076,28.432867,28.417875,28.400675,28.382278,28.362396,28.338142,28.309006,28.284271,28.265978,28.251104,28.246233,28.276869,28.34214,28.417532,28.454172,28.440968,28.437014,28.493816,28.608295,28.705976,28.727306,28.74684,28.791483,28.839426,28.88219,28.897928,28.872936,28.791636,28.67059,28.548862,28.463835,28.397148,28.377008,28.431583,28.522696,28.613373,28.67439,28.688297,28.714252,28.758558,28.79697,28.817114,28.846056,28.886335,28.931484,28.964096,28.98532,28.992449,28.994982,28.994177,28.980207,28.949738,28.916082,28.886784,28.867662,28.854958,28.849615,28.84723,28.845287,28.8464,28.853266,28.86481,28.883003,28.89958,28.913515,28.938526,28.965929,28.932817,28.829979,28.748447,28.77004,28.885012,29.01115,29.10092,29.150015,29.17891,29.195463,29.213612,29.24548,29.28034,29.307152,29.330868,29.30145,29.253618,29.178154,29.05409,28.994545,28.982399,28.950596,29.002928,29.114403,29.151358,29.171635,29.265024,29.380257,29.4415,29.471956,29.494034,29.53093,29.546476,29.533176,29.501112,29.457027,29.444252,29.463158,29.499191,29.548468,29.595493,29.635225,29.661884,29.675606,29.671093,29.66054,29.655117,29.65708,29.669113,29.651154,29.632713,29.610628,29.617125,29.638792,29.63981,29.65754,29.654594,29.691076,29.663044,29.616598,29.600838,29.545292,29.51462,29.462954,29.473543,29.468462,29.607094,29.698513,29.745537,29.75331,29.674007,29.61869,29.63252,29.67476,29.652811,29.587408,29.543451,29.576916,29.688848,29.825975,29.965103,30.060524,30.169355,30.204664,30.088459,30.046867,30.079712,30.10661,30.142504,30.165148,30.164322,30.151817,30.099838,29.938885,29.833908,29.815546,29.784657,29.743093,29.653482,29.603233,29.544231,29.517612,29.485163,29.48586,29.4566,29.470772,29.472536,29.502144,29.543253,29.590666,29.644745,29.672012,29.67956,29.654856,29.651672,29.656445,29.672901,29.664206,29.625763,29.604055,29.57594,29.520443,29.487839,29.472626,29.46514,29.485662,29.689968,29.860498,,,,,,,,,,,,,,,,,,,,,,,,,,,,,,,,,,,,,,,27.18114,27.206934,27.264,27.364853,27.464031,27.471853,27.399944,27.365124,27.31277,27.347748,27.354122,27.309057,27.338911,27.43776,27.546976,27.58357,27.571157,27.562817,27.550892,27.5365,27.535635,27.539913,27.530306,27.528717,27.51651,27.526497,27.554934,27.65311,28.058678,28.351343,28.335997,28.347685,28.384912,28.341871,28.29781,28.28768,28.286585,28.29347,28.268887,28.294926,28.301638,28.301949,28.317715,28.317486,28.329096,28.328548,28.323906,28.320534,28.304005,28.312716,28.307554,28.311584,28.320192,28.33835,28.356705,28.383217,28.408304,28.435595,28.460005,28.478727,28.49985,28.52666,28.556568,28.581186,28.615862,28.651186,28.70484,28.758623,28.816662,28.865292,28.88193,28.877535,28.868847,28.856327,28.824478,28.77568,28.690357,28.60405,28.56358,28.544983,28.55766,28.577934,28.618277,28.634237,28.637978,28.630394,28.631363,28.63943,28.635284,28.587957,28.51491,28.438883,28.416603,28.481758,28.519915,28.468142,28.404688,28.395796,28.426897,28.492311,28.478848,28.4179,28.359089,28.346117,28.371696,28.409977,28.45358,28.486712,28.514006,28.538319,28.558975,28.577158,28.59522,28.610773,28.62099,28.639256,28.65926,28.673769,28.695099,28.723251,28.7472,28.751429,28.738367,28.702284,28.639954,28.559011,28.489292,28.424328,28.367132,28.31764,28.272943,28.222332,28.248968,28.347971,28.446157,28.496368,28.499283,28.479517,28.424603
10.166672,,,,,,,,,,,,,,,,,,,,,,,,,,,,,,,,,,,,,,,,26.990156,27.153727,27.120684,27.064981,27.165901,27.346178,27.430338,27.512001,27.541235,27.521431,27.489807,27.455416,27.47443,27.591534,27.708937,27.732042,27.654999,27.625317,27.703074,27.81473,27.90367,27.988247,28.06944,28.137678,28.161764,28.103758,27.999096,27.860619,27.725214,27.60137,27.512016,27.440216,27.386236,27.360136,27.370296,27.424974,27.4922,27.568087,27.62835,27.669752,27.707577,27.752838,27.797539,27.84018,27.876738,27.907156,27.939137,27.966986,27.990028,27.983736,27.976313,27.99248,28.076832,28.179787,28.255938,28.252897,28.284376,28.275486,28.228134,28.194876,28.240562,28.372282,28.512152,28.593357,28.57569,28.561241,28.518488,28.502293,28.47537,28.451067,28.384384,28.300356,28.205095,28.119198,28.050217,28.006165,27.975729,27.96656,27.970984,27.956528,27.97145,27.972996,27.984505,27.971935,27.971664,28.025225,28.085953,28.134151,28.200489,28.28464,28.347105,28.391647,28.432993,28.462238,28.479597,28.487371,28.49241,28.498695,28.501308,28.503963,28.500288,28.489752,28.472925,28.454185,28.436893,28.426502,28.41796,28.398947,28.374891,28.354607,28.341051,28.327839,28.315008,28.299885,28.27216,28.24128,28.222372,28.212742,28.22498,28.262783,28.328758,28.401516,28.42125,28.391901,28.413475,28.493032,28.616093,28.67388,28.686495,28.721163,28.771776,28.821686,28.868649,28.889343,28.880085,28.817142,28.709768,28.587694,28.49907,28.437244,28.41148,28.451912,28.543299,28.643118,28.691998,28.706606,28.733479,28.77424,28.817232,28.851282,28.897608,28.957056,29.019909,29.060745,29.079569,29.07797,29.070671,29.067461,29.056,29.033524,29.009514,28.988289,28.972956,28.96436,28.963968,28.964384,28.962234,28.96018,28.959543,28.957134,28.961208,28.96927,28.97225,28.9819,29.010952,28.985615,28.883259,28.787964,28.803883,28.915365,29.034237,29.107906,29.134312,29.140295,29.136137,29.138063,29.161438,29.199123,29.24168,29.296926,29.322868,29.334988,29.323833,29.249228,29.212318,29.200954,29.167019,29.19996,29.288366,29.306099,29.254295,29.248432,29.317207,29.403107,29.455421,29.483849,29.51492,29.537098,29.553959,29.517328,29.440802,29.414747,29.443457,29.494305,29.556702,29.615137,29.673054,29.711351,29.730125,29.726944,29.708363,29.69682,29.681616,29.68643,29.673029,29.64725,29.623213,29.61555,29.631062,29.628998,29.640015,29.658134,29.684948,29.734203,29.695705,29.63988,29.622557,29.595594,29.565174,29.472168,29.56957,29.669964,29.690084,29.711254,29.785872,29.780676,29.701288,29.67366,29.690142,29.681837,29.63639,29.592745,29.58801,29.647923,29.752691,29.901087,30.03984,30.161688,30.163212,30.041222,30.009892,30.047457,30.08902,30.14783,30.18413,30.174744,30.118158,30.00547,29.846039,29.833096,29.837318,29.821707,29.786865,29.69823,29.660631,29.596006,29.580189,29.536165,29.548584,29.526703,29.56138,29.585613,29.635437,29.690834,29.742844,29.788122,29.783182,29.729736,29.661768,29.672686,29.69319,29.72249,29.71012,29.680773,29.67692,29.662651,29.61257,29.589693,29.556118,29.550163,29.490427,29.687933,29.915522,30.189207,,,,,,,,,,,,,,,,,,,,,,,,,,,,,,,,,,,,,27.207804,27.143517,27.160852,27.25042,27.325607,27.37874,27.379154,27.35327,27.33749,27.337217,27.383316,27.377283,27.347797,27.337605,27.385237,27.471394,27.53535,27.560768,27.560774,27.544085,27.526844,27.527742,27.52575,27.521072,27.51576,27.50292,27.522308,27.559343,27.666952,28.077425,28.359833,28.346647,28.348984,28.388443,28.351774,28.316149,28.31938,28.329971,28.335701,28.30758,28.304895,28.312237,28.30714,28.32715,28.317049,28.332655,28.339355,28.33208,28.339592,28.341125,28.356043,28.373272,28.387543,28.400034,28.417606,28.43826,28.45657,28.481905,28.506243,28.533947,28.553675,28.583996,28.607584,28.621647,28.638035,28.66692,28.699852,28.749077,28.81023,28.857721,28.883509,28.883917,28.8711,28.86551,28.86423,28.846174,28.808678,28.74852,28.684566,28.628368,28.5737,28.566051,28.612028,28.641865,28.646065,28.645166,28.630646,28.634602,28.634007,28.60756,28.564327,28.49322,28.440063,28.453756,28.533348,28.537327,28.500511,28.417645,28.37632,28.370714,28.417242,28.4241,28.40285,28.386843,28.415384,28.477343,28.53431,28.59108,28.630678,28.664516,28.693254,28.71243,28.727283,28.740307,28.749365,28.758387,28.771448,28.782618,28.795511,28.805052,28.808111,28.793951,28.75878,28.728678,28.71217,28.692307,28.64037,28.563263,28.482635,28.40673,28.354551,28.34041,28.321644,28.262972,28.268381,28.365267,28.438198,28.443659,28.421839,28.383682
10.083336,,,,,,,,,,,,,,,,,,,,,,,,,,,,,,,,,,,,,,,,27.04435,27.13064,27.087952,27.083353,27.243952,27.425638,27.499884,27.581274,27.59751,27.582993,27.585045,27.605534,27.648798,27.71377,27.696613,27.632244,27.574617,27.637268,27.738758,27.830334,27.899569,27.996105,28.099066,28.162043,28.19942,28.187243,28.135164,28.054731,27.96687,27.87449,27.791222,27.704794,27.620867,27.541203,27.472744,27.442963,27.439198,27.48316,27.551407,27.616459,27.671837,27.728273,27.792757,27.85316,27.901075,27.933233,27.971262,27.999485,28.01421,28.00513,27.979149,27.956738,27.97174,28.036276,28.122112,28.187338,28.239119,28.280811,28.225708,28.1538,28.163565,28.257975,28.348171,28.357859,28.335487,28.30665,28.278107,28.208935,28.181026,28.141243,28.091349,28.040958,27.98639,27.934692,27.907537,27.896183,27.864145,27.828482,27.796747,27.73908,27.721098,27.71191,27.721657,27.75064,27.772589,27.825903,27.896938,27.968384,28.052616,28.163134,28.266258,28.347528,28.41072,28.454115,28.475393,28.482613,28.481316,28.484877,28.485842,28.488909,28.482658,28.46755,28.449434,28.433552,28.413023,28.40026,28.382755,28.362429,28.340334,28.32019,28.303524,28.28432,28.268204,28.252428,28.229427,28.204193,28.193033,28.193382,28.211699,28.25207,28.32153,28.389782,28.387066,28.36163,28.39852,28.47884,28.587767,28.626877,28.652279,28.68566,28.720676,28.78118,28.837568,28.875738,28.888231,28.854557,28.775454,28.67016,28.585564,28.528185,28.50415,28.533878,28.61008,28.689117,28.712124,28.725815,28.753254,28.784609,28.82263,28.872688,28.942461,29.032804,29.116938,29.161407,29.171986,29.154634,29.129696,29.114367,29.097895,29.080317,29.065693,29.054958,29.048464,29.044235,29.044668,29.042452,29.040829,29.038507,29.033539,29.021885,29.015371,29.014072,29.006184,28.998655,29.021774,29.013622,28.921581,28.822235,28.826437,28.922382,29.025,29.084158,29.092077,29.072884,29.048664,29.040863,29.052866,29.086082,29.137693,29.20605,29.27188,29.331831,29.369513,29.355625,29.359753,29.356113,29.335733,29.361464,29.423172,29.441553,29.377842,29.300272,29.28794,29.33702,29.39402,29.443914,29.48211,29.502178,29.499102,29.473595,29.41696,29.40929,29.449333,29.499804,29.551825,29.61257,29.680162,29.727468,29.753153,29.749485,29.742949,29.741661,29.735235,29.730545,29.711712,29.667545,29.642681,29.630934,29.624268,29.627815,29.629637,29.655712,29.689669,29.737848,29.761087,29.751116,29.727005,29.657358,29.65732,29.594187,29.661066,29.710627,29.719055,29.751947,29.824072,29.827757,29.750263,29.736645,29.741728,29.731201,29.683926,29.629335,29.616915,29.652359,29.725145,29.855768,30.008375,30.142687,30.132952,30.012136,29.978796,30.010984,30.050259,30.115921,30.161674,30.139948,30.030437,29.876156,29.806667,29.834585,29.856798,29.85664,29.840038,,29.719543,29.680103,29.673822,29.631811,29.63877,29.631727,29.65462,29.694122,29.739994,29.799175,29.841156,29.874025,29.836748,29.737247,29.665688,29.700584,29.745216,29.76396,29.740131,29.741192,29.737358,29.712105,29.68157,29.660536,29.617476,29.602386,29.550968,29.677015,29.907127,30.203146,,,,,,,,,,,,,,,,,,,,,,,,,,,,,,,,,,,,,27.183956,27.117184,27.148409,27.235697,27.287027,27.345896,27.360178,27.377329,27.38599,27.399267,27.423876,27.408913,27.391438,27.373596,27.387136,27.43631,27.48902,27.52492,27.542526,27.53392,27.516228,27.508791,27.50938,27.506926,27.498764,27.496279,27.527761,27.562286,27.680368,28.103539,28.367214,28.356026,28.353662,28.399317,28.376133,28.330212,28.335789,28.357382,28.379442,28.378204,28.363806,28.365261,28.349556,28.363594,28.352316,28.360891,28.372639,28.374096,28.398903,28.410805,28.428915,28.447289,28.460466,28.482536,28.491165,28.514984,28.536442,28.565603,28.593447,28.619137,28.640907,28.660053,28.671453,28.680313,28.693666,28.714685,28.754045,28.811634,28.858572,28.881666,28.880713,28.858604,28.831062,28.82099,28.835056,28.861746,28.849333,28.79134,28.713867,28.610207,28.570173,28.60574,28.64436,28.658117,28.655277,28.646675,28.62989,28.63076,28.619379,28.56576,28.508375,28.46472,28.46168,28.513796,28.56419,28.573103,28.526947,28.464323,28.402742,28.375439,28.389702,28.401201,28.426954,28.47497,28.54521,28.60513,28.652884,28.692993,28.717918,28.739576,28.7514,28.761045,28.773176,28.786577,28.801672,28.81679,28.829323,28.837713,28.846434,28.841692,28.815512,28.765411,28.70519,28.666298,28.669867,28.689661,28.675367,28.623304,28.543438,28.451584,28.380112,28.359455,28.371449,28.36068,28.318605,28.350613,28.438444,28.438728,28.39776,28.3478
10.0,,,,,,,,,,,,,,,,,,,,,,,,,,,,,,,,,,,,,,,,27.068253,27.154518,27.080807,27.121645,27.319275,27.478645,27.528133,27.640116,27.648066,27.644932,27.663298,27.696014,27.712261,27.696686,27.60233,27.545586,27.552975,27.651934,27.733873,27.824133,27.891191,28.00034,28.079494,28.141428,28.194908,28.216993,28.209938,28.184961,28.141142,28.088064,28.025177,27.950573,27.865936,27.772057,27.66711,27.577375,27.503716,27.473257,27.481062,27.52576,27.594112,27.67516,27.758318,27.839529,27.91457,27.963453,28.001923,28.025515,28.018177,28.0082,27.981037,27.935581,27.919428,27.94573,27.972206,28.040554,28.155287,28.215115,28.163933,28.070692,28.068554,28.142588,28.199461,28.196638,28.1589,28.111395,28.062216,28.020624,27.989971,27.966326,27.931671,27.91818,27.893387,27.876072,27.864595,27.839823,27.810621,27.771263,27.728523,27.689205,27.65025,27.621126,27.587622,27.580727,27.586061,27.607122,27.648035,27.719666,27.820065,27.946966,28.089998,28.230753,28.350372,28.432106,28.485373,28.505152,28.498121,28.492054,28.487865,28.482512,28.476427,28.463663,28.443106,28.42433,28.403864,28.384563,28.357197,28.337746,28.323227,28.309767,28.295916,28.27874,28.26241,28.235626,28.20873,28.193283,28.184824,28.186157,28.205643,28.249172,28.321985,28.377527,28.363894,28.342953,28.373402,28.44615,28.53791,28.574986,28.611866,28.640337,28.67872,28.736696,28.793211,28.843346,28.883213,28.88809,28.849304,28.780481,28.717516,28.671486,28.650627,28.670097,28.715334,28.749216,28.739716,28.741665,28.763449,28.788498,28.822222,28.886877,28.98666,29.109081,29.211285,29.250376,29.250378,29.218401,29.17846,29.151672,29.126907,29.106407,29.092709,29.08529,29.081852,29.08315,29.083193,29.064735,29.065147,29.075403,29.080738,29.074154,29.072401,29.07337,29.05613,29.029266,29.03121,29.037006,28.966805,28.860363,28.830784,28.884508,28.964666,29.023241,29.033806,29.008501,28.96786,28.944332,28.941748,28.96306,29.012238,29.081512,29.159945,29.245747,29.319132,29.359837,29.397232,29.419455,29.421797,29.454475,29.502329,29.528147,29.486568,29.39802,29.330112,29.308954,29.326721,29.368725,29.42043,29.445728,29.445517,29.432165,29.414204,29.439503,29.501865,29.552458,29.60155,29.652802,29.709251,29.745573,29.765108,29.765379,29.768663,29.761324,29.757423,29.754913,29.74656,29.700237,29.672419,29.636614,29.615389,29.610586,29.623016,29.644562,29.690538,29.729828,29.76321,29.769444,29.772034,29.7428,29.736645,29.736431,29.73792,29.753836,29.76882,29.796011,29.864363,29.874834,29.786348,29.737585,29.745405,29.76116,29.747126,29.688519,29.657705,29.675636,29.718506,29.82456,29.981083,30.126575,30.105007,29.988722,29.961145,29.984097,30.004112,30.054106,30.092524,30.058878,29.934837,29.838436,29.839643,29.880688,29.894346,29.868395,29.807299,29.744942,29.741337,29.761555,29.77534,29.75996,29.75773,29.758461,29.75587,29.7806,29.80308,29.853628,29.891485,29.930866,29.900463,29.783527,29.689304,29.747381,29.789026,29.788853,29.775106,29.783802,29.768295,29.735422,29.714598,29.704185,29.679117,29.63574,29.608532,29.723845,29.92248,30.156624,,,,,,,,,,,,,,,,,,,,,,,,,,,,,,,,,,,,,27.179298,27.126785,27.161505,27.214325,27.261904,27.328337,27.388588,27.419529,27.432327,27.42749,27.432749,27.425608,27.426638,27.4245,27.42632,27.439964,27.46964,27.503386,27.519976,27.531363,27.51716,27.500944,27.494165,27.497488,27.485222,27.489475,27.526165,27.558033,27.690998,28.127722,28.371876,28.366936,28.349743,28.393713,28.398703,28.361242,28.353771,28.363504,28.388582,28.409704,28.415167,28.42039,28.408274,28.41144,28.40524,28.409107,28.425293,28.43409,28.455128,28.477325,28.493876,28.51949,28.544327,28.567564,28.58177,28.601189,28.618032,28.638454,28.655947,28.675364,28.6925,28.706919,28.719744,28.73348,28.749088,28.778097,28.819813,28.864635,28.883776,28.869656,28.835108,28.80201,28.779457,28.770956,28.77303,28.83485,28.877165,28.827826,28.680008,28.575556,28.608109,28.647541,28.659435,28.66467,28.66165,28.643911,28.629995,28.623606,28.60479,28.541216,28.487911,28.478153,28.507326,28.553278,28.589552,28.584827,28.543089,28.50258,28.468678,28.451853,28.461596,28.476294,28.524845,28.589926,28.63644,28.664408,28.695162,28.72151,28.736744,28.746605,28.746601,28.748825,28.760263,28.784594,28.81169,28.835812,28.848848,28.850891,28.84596,28.823761,28.77512,28.71016,28.64598,28.604906,28.612694,28.653194,28.678467,28.657412,28.590446,28.493788,28.409607,28.3651,28.377756,28.395584,28.36717,28.370113,28.417538,28.421013,28.388277,28.338308
9.916672,,,,,,,,,,,,,,,,,,,,,,,,,,,,,,,,,,,,,,,,27.09285,27.158703,27.072693,27.16117,27.38777,27.507174,27.568611,27.692297,27.686602,27.68481,27.706928,27.72394,27.68566,27.603811,27.496988,27.4898,27.539913,27.633654,27.705313,27.79494,27.873701,27.96468,28.02655,28.094997,28.145113,28.179682,28.20436,28.210115,28.199854,28.180676,28.145166,28.09994,28.038982,27.96116,27.868008,27.768032,27.673384,27.591703,27.530132,27.499508,27.513512,27.580317,27.686417,27.792059,27.889887,27.963623,28.009314,28.027245,28.009811,27.976559,27.943659,27.919115,27.8885,27.888172,27.902302,27.99893,28.135523,28.159723,28.04967,27.952295,27.959627,28.027786,28.046925,28.025095,27.990484,27.966673,27.952402,27.945076,27.946356,27.938168,27.939398,27.943068,27.947916,27.95758,27.96562,27.960419,27.934395,27.906559,27.863173,27.826471,27.789417,27.73284,27.673502,27.612078,27.564354,27.520134,27.494913,27.503967,27.561556,27.661554,27.808737,28.002237,28.195503,28.341747,28.45963,28.527208,28.53423,28.519573,28.5048,28.481926,28.461258,28.445936,28.427824,28.407215,28.384966,28.361002,28.334686,28.323997,28.324482,28.331047,28.3288,28.320147,28.303408,28.257818,28.215963,28.192722,28.184242,28.184786,28.198183,28.241632,28.318922,28.372082,28.362764,28.335707,28.343367,28.390638,28.467623,28.525589,28.573235,28.6099,28.64377,28.692596,28.735023,28.787195,28.845829,28.882322,28.888075,28.866774,28.836386,28.810816,28.794855,28.795345,28.803164,28.795431,28.770348,28.764738,28.773117,28.791128,28.822618,28.90403,29.030571,29.176697,29.283413,29.309303,29.29627,29.255472,29.208668,29.180382,29.15178,29.130388,29.114914,29.10846,29.1067,29.113998,29.096424,29.02885,29.023184,29.061853,29.092546,29.101301,29.101421,29.11452,29.1126,29.085453,29.064514,29.061174,29.014286,28.911928,28.837904,28.845936,28.909927,28.97157,28.991484,28.969427,28.930147,28.897192,28.884808,28.89564,28.926327,28.980888,29.050295,29.13632,29.222828,29.296152,29.359861,29.409681,29.438751,29.479977,29.530552,29.563702,29.55866,29.497835,29.424625,29.374218,29.34956,29.359701,29.397152,29.41601,29.429827,29.458084,29.486872,29.530426,29.593445,29.644337,29.680502,29.720354,29.764254,29.784283,29.792162,29.795324,29.794817,29.78909,29.789171,29.77641,29.77251,29.725264,29.683035,29.63454,29.606018,29.596136,29.61484,29.658281,29.698353,29.721554,29.75909,29.776451,29.790445,29.78689,29.780663,29.782635,29.782269,29.779438,29.793612,29.841856,29.905806,29.85565,29.778622,29.769438,29.776375,29.79314,29.76768,29.719133,29.692577,29.694199,29.713648,29.788977,29.932558,30.089333,30.082216,29.975605,29.93248,29.948462,29.957226,29.983463,30.004923,29.972298,29.897842,29.862265,29.878258,29.909918,29.897537,29.852999,29.813225,29.772575,29.755598,29.785711,29.814695,29.842613,29.867994,29.882729,29.870266,29.859182,29.842533,29.867071,29.910286,29.967224,29.9509,29.814665,29.712471,29.788937,29.817587,29.816507,29.816708,29.786985,29.764994,29.736977,29.733315,29.725018,29.733717,29.662033,29.641565,29.776955,29.937181,30.068434,30.267315,,,,,,,,,,,,,,,,,,,,,,,,,,,,,,,,,,,27.18623,27.15562,27.1017,27.127352,27.15491,27.218054,27.304585,27.390018,27.407434,27.418541,27.421734,27.442532,27.449553,27.464252,27.459534,27.467352,27.458261,27.467869,27.49706,27.513754,27.525633,27.522762,27.516806,27.511024,27.50523,27.476767,27.475883,27.513924,27.553303,27.70406,28.143557,28.375277,28.380322,28.35268,28.38484,28.40446,28.391071,28.392181,28.390121,28.410788,28.431107,28.44556,28.465353,28.467546,28.465637,28.46884,28.474213,28.48949,28.514162,28.523678,28.556791,28.571594,28.589394,28.610876,28.626656,28.640705,28.64975,28.663124,28.674824,28.68856,28.704432,28.726173,28.748747,28.769016,28.786837,28.806826,28.832327,28.865303,28.88344,28.871277,28.819864,28.787046,28.776033,28.76654,28.754908,28.740435,28.794312,28.863708,28.773903,28.611294,28.607985,28.657097,28.670174,28.67447,28.672592,28.665474,28.639761,28.628948,28.623524,28.598967,28.541891,28.502893,28.502703,28.5381,28.579468,28.597414,28.591085,28.561007,28.541416,28.53747,28.539665,28.545406,28.561039,28.60465,28.636694,28.650766,28.670996,28.70117,28.724018,28.735947,28.73576,28.7236,28.720903,28.737587,28.773706,28.810846,28.836853,28.847637,28.845755,28.833607,28.797125,28.73849,28.66933,28.612122,28.574892,28.57299,28.602875,28.647131,28.665228,28.630684,28.537983,28.434023,28.371033,28.369402,28.39261,28.385199,28.370203,28.39725,28.39601,28.372412,28.321535
9.833336,,,,,,,,,,,,,,,,,,,,,,,,,,,,,,,,,,,,,,,26.96064,27.113432,27.138573,27.06979,27.224358,27.460339,27.532116,27.631985,27.73809,27.712286,27.718273,27.726944,27.694407,27.590298,27.491123,27.419168,27.459166,27.522806,27.600853,27.668016,27.749983,27.825998,27.906927,27.969524,28.031948,28.070406,28.111115,28.1371,28.14968,28.155684,28.154242,28.143185,28.123035,28.087948,28.041792,27.983261,27.914715,27.838242,27.756166,27.666046,27.582119,27.523447,27.516996,27.579376,27.695953,27.821548,27.923698,27.986534,28.014961,27.996391,27.955748,27.912336,27.896261,27.87355,27.860588,27.88773,27.99314,28.113346,28.116835,27.97475,27.856108,27.854654,27.923128,27.943798,27.930742,27.923061,27.94369,27.964783,27.998314,28.028158,28.047703,28.069666,28.087568,28.093592,28.100512,28.101564,28.089354,28.06076,28.02401,27.980654,27.942575,27.919119,27.873938,27.836552,27.778782,27.72093,27.644077,27.559294,27.485079,27.454103,27.463024,27.549723,27.719654,27.939419,28.139648,28.351349,28.516777,28.582811,28.587244,28.567553,28.523819,28.468302,28.42674,28.402407,28.38103,28.351812,28.329494,28.322475,28.337847,28.35697,28.378649,28.389206,28.380213,28.357073,28.302984,28.24239,28.194725,28.179447,28.177378,28.184301,28.22049,28.304073,28.374746,28.37282,28.332865,28.315945,28.339596,28.405296,28.475122,28.536718,28.584623,28.618887,28.658916,28.67944,28.709908,28.766127,28.817417,28.856037,28.872614,28.875858,28.873987,28.869108,28.865149,28.852163,28.83207,28.8077,28.795725,28.791565,28.79731,28.832443,28.930128,29.076042,29.222755,29.31566,29.335648,29.318895,29.276978,29.22692,29.197006,29.16316,29.137302,29.117294,29.11225,29.112495,29.129953,29.076803,28.946224,28.920862,28.988522,29.056797,29.100521,29.120567,29.135588,29.146463,29.134785,29.108889,29.090113,29.055754,28.97016,28.881598,28.852777,28.883259,28.924015,28.94226,28.92638,28.895931,28.873568,28.86918,28.88541,28.910187,28.943192,28.990158,29.06594,29.150217,29.234709,29.310123,29.367132,29.405254,29.447987,29.504572,29.550749,29.58244,29.573391,29.531113,29.492655,29.46168,29.457285,29.472515,29.4914,29.504887,29.541286,29.584667,29.633463,29.687721,29.73307,29.76083,29.79219,29.81645,29.82519,29.81632,29.817059,29.807402,29.814045,29.796818,29.791214,29.792564,29.7447,29.69131,29.629656,29.592655,29.580402,29.612597,29.67427,29.715214,29.736063,29.750563,29.771257,29.778515,29.782106,29.801523,29.797895,29.804493,29.81677,29.847696,29.861784,29.849169,29.769344,29.746838,29.772213,29.814095,29.834225,29.791494,29.726149,29.709322,29.69963,29.701548,29.74783,29.85382,30.026928,30.058502,29.962791,29.896011,29.912025,29.919401,29.92582,29.934402,29.921543,29.893238,29.877821,29.895725,29.908703,29.875935,29.84609,29.844032,29.82792,29.809048,29.832037,29.853428,29.89385,29.930746,29.960966,29.957985,29.924656,29.871798,29.868715,29.91819,29.989151,29.969505,29.836643,29.73645,29.802727,29.82066,29.833288,29.831646,29.75041,29.730448,29.737152,29.75025,29.749125,29.769444,29.708414,29.635792,29.778168,29.928556,30.000605,30.180807,,,,,,,,,,,,,,,,,,,,,,,,,,,,,,,,,,,27.14155,27.071495,27.03792,27.102957,27.138493,27.221834,27.311161,27.36611,27.388952,27.421396,27.451817,27.47487,27.49842,27.535002,27.519712,27.495796,27.493786,27.50278,27.498905,27.514414,27.520752,27.518894,27.519909,27.518206,27.511566,27.47628,27.468008,27.50854,27.553932,27.720182,28.164879,28.37909,28.39419,28.36766,28.386034,28.400536,28.390917,28.407707,28.415432,28.432867,28.456553,28.46989,28.491234,28.509386,28.510942,28.523174,28.537397,28.549757,28.578125,28.583345,28.608044,28.621725,28.628675,28.641771,28.658335,28.677422,28.687391,28.697008,28.70092,28.710253,28.72853,28.754002,28.778444,28.803932,28.827354,28.843319,28.867285,28.888231,28.877863,28.833357,28.792274,28.80212,28.806618,28.790026,28.768707,28.743084,28.783758,28.786942,28.64835,28.617476,28.663431,28.677753,28.67955,28.687874,28.67926,28.662634,28.636518,28.627481,28.62773,28.60684,28.555347,28.51848,28.525116,28.558712,28.592762,28.60689,28.60178,28.582386,28.57679,28.583147,28.589157,28.589422,28.601418,28.622036,28.62826,28.634827,28.656372,28.689802,28.715729,28.719374,28.68954,28.654108,28.653662,28.68859,28.736397,28.78159,28.801647,28.80851,28.80194,28.781,28.736462,28.676502,28.612432,28.571278,28.551908,28.552048,28.566788,28.602621,28.640814,28.640945,28.578695,28.465038,28.376436,28.357487,28.370699,28.36964,28.36375,28.398506,28.398806,28.375605,28.330778
9.75,,,,,,,,,,,,,,,,,,,,,,,,,,,,,,,,,,,,,,,27.067276,27.107193,27.098654,27.073582,27.283092,27.506098,27.560446,27.68793,27.768576,27.724003,27.723331,27.69257,27.603994,27.468578,27.390476,27.365955,27.424763,27.485582,27.544317,27.602875,27.676352,27.74483,27.817461,27.876354,27.931086,27.964598,27.999384,28.016727,28.033413,28.03947,28.041042,28.038097,28.032446,28.021152,28.009937,27.988045,27.958477,27.911772,27.85587,27.782045,27.703949,27.621538,27.558655,27.531473,27.581976,27.696651,27.834248,27.940628,27.999485,27.994982,27.948277,27.897886,27.873035,27.845795,27.827517,27.869184,27.970797,28.062729,28.029478,27.894176,27.78421,27.784458,27.850706,27.893032,27.924065,27.9629,28.0296,28.083853,28.127129,28.149015,28.160786,28.1583,28.147469,28.126177,28.094944,28.05626,28.016476,27.98248,27.94719,27.916153,27.88867,27.876158,27.874523,27.887602,27.886265,27.87445,27.838089,27.757343,27.656183,27.557213,27.468548,27.446232,27.515402,27.669611,27.858463,28.12101,28.382692,28.557673,28.645704,28.666767,28.628363,28.536371,28.451624,28.400911,28.374184,28.344887,28.330772,28.354815,28.397245,28.424435,28.443981,28.443018,28.42937,28.396662,28.343401,28.27366,28.213604,28.189915,28.180353,28.184492,28.211794,28.301546,28.387138,28.388529,28.347677,28.317965,28.316002,28.361404,28.433674,28.505022,28.57181,28.616085,28.643015,28.652151,28.649313,28.676374,28.724903,28.771982,28.804653,28.827566,28.844076,28.852236,28.862286,28.85742,28.845276,28.829193,28.815899,28.80341,28.809492,28.85717,28.967014,29.108738,29.230127,29.305227,29.334028,29.319557,29.270771,29.208004,29.161867,29.113403,29.07964,29.058462,29.063208,29.085144,29.126345,29.058718,28.905539,28.842716,28.892624,28.970179,29.056295,29.111094,29.14412,29.150158,29.139448,29.115501,29.090609,29.059195,28.998379,28.916903,28.868221,28.864769,28.881828,28.890364,28.877825,28.858917,28.856525,28.874163,28.907703,28.94338,28.973223,28.99859,29.05149,29.12893,29.223454,29.30889,29.372671,29.4143,29.444084,29.48373,29.52845,29.567902,29.595995,29.600222,29.589737,29.567247,29.540234,29.526083,29.52956,29.546978,29.602907,29.647728,29.702599,29.755373,29.791574,29.806667,29.827354,29.83791,29.838564,29.829378,29.813105,29.81579,29.841118,29.804617,29.789698,29.797539,29.782188,29.723396,29.650478,29.596985,29.575823,29.603827,29.651222,29.71968,29.757023,29.761244,29.767513,29.762794,29.779942,29.795748,29.763203,29.772678,29.761465,29.785135,29.775085,29.743076,29.729034,29.775518,29.82858,29.838947,29.833538,29.80209,29.745934,29.727037,29.711458,29.702394,29.723194,29.791256,29.941383,30.02486,29.979893,29.89715,29.880833,29.886179,29.88617,29.893112,29.902485,29.888489,29.879866,29.892006,29.894115,29.862595,29.850143,29.874151,29.892683,29.886007,29.909258,29.929644,29.966455,29.995735,30.013325,30.004763,29.960367,29.897852,29.886877,29.932373,29.997057,29.982801,29.861076,29.746574,29.776484,29.811491,29.837639,29.807148,29.688145,29.687439,29.720537,29.741879,29.757565,29.795582,29.79206,29.677229,29.718246,29.852978,29.952703,30.095695,,,,,,,,,,,,,,,,,,,,,,,,,,,,,,,,,,27.218332,27.065155,26.963663,27.011309,27.08943,27.126173,27.203247,27.288822,27.350918,27.391462,27.457527,,,,27.597725,27.619717,27.561785,27.53583,27.551458,27.542688,27.518652,27.508354,27.507809,27.505629,27.504402,27.496855,27.46705,27.461813,27.504316,27.556675,27.73861,28.193356,28.38166,28.404861,28.381874,28.395052,28.417265,28.400393,28.413607,28.421072,28.43841,28.465868,28.471933,28.49662,28.521008,28.538258,28.555956,28.581533,28.59304,28.61437,28.619225,28.634106,28.646477,28.654125,28.666784,28.687899,28.709574,28.7229,28.733505,28.735107,28.742369,28.75243,28.771082,28.78812,28.817568,28.854097,28.877708,28.895657,28.898558,28.86743,28.812803,28.803633,28.834024,28.831018,28.798918,28.768631,28.746082,28.7491,28.676958,28.62227,28.669542,28.681309,28.679005,28.687078,28.68846,28.678007,28.654463,28.628897,28.625141,28.631945,28.612778,28.567848,28.531137,28.537916,28.566772,28.598982,28.6143,28.612965,28.603703,28.604433,28.609943,28.61139,28.605621,28.606403,28.604404,28.59561,28.599386,28.63117,28.677094,28.702986,28.67794,28.619995,28.58811,28.61451,28.665482,28.71388,28.746624,28.752682,28.74769,28.728912,28.69334,28.63812,28.58656,28.545609,28.53065,28.53198,28.538067,28.549547,28.575922,28.611176,28.6267,28.594809,28.500284,28.393278,28.349112,28.34763,28.340944,28.351776,28.386555,28.392017,28.344604,28.305834
9.666672,,,,,,,,,,,,,,,,,,,,,,,,,,,,,,,,,,,,,,,27.133646,27.110077,27.084192,27.092329,27.336039,27.541922,27.605997,27.74867,27.769022,27.714283,27.690641,27.607075,27.475767,27.349075,27.313597,27.317974,27.38595,27.42829,27.464987,27.509148,27.566572,27.621666,27.68082,27.728212,27.774685,27.802906,27.828093,27.840145,27.854635,27.855116,27.86117,27.864801,27.873531,27.882034,27.891573,27.892622,27.892923,27.883654,27.864513,27.826925,27.783651,27.714231,27.64589,27.584661,27.550306,27.580526,27.690725,27.83627,27.962471,27.99284,27.952658,27.887617,27.861317,27.824917,27.789637,27.838257,27.927464,27.98625,27.940643,27.81875,27.734898,27.758234,27.836647,27.912468,27.989605,28.0743,28.151638,28.177633,28.160433,28.122498,28.085466,28.047081,28.002312,27.965813,27.918262,27.866024,27.817026,27.780262,27.755802,27.729921,27.69767,27.671585,27.671349,27.70247,27.75383,27.8036,27.860357,27.87872,27.851875,27.794054,27.65973,27.525965,27.478584,27.534925,27.654314,27.865097,28.130497,28.385345,28.593077,28.721313,28.75175,28.677162,28.543098,28.437004,28.40519,28.381954,28.38314,28.42926,28.463623,28.478573,28.467125,28.456024,28.449255,28.416227,28.360023,28.299625,28.249088,28.23706,28.23214,28.23188,28.251633,28.336174,28.419294,28.420835,28.392279,28.3654,28.345888,28.36613,28.431812,28.503435,28.573812,28.6209,28.647692,28.660133,28.640812,28.634626,28.672674,28.712896,28.748518,28.772463,28.790873,28.804266,28.817905,28.825657,28.823679,28.819757,28.812662,28.816275,28.840101,28.900421,29.005032,29.120083,29.205301,29.262999,29.296404,29.259098,29.16779,29.073915,29.01214,28.964287,28.939966,28.942875,28.986816,29.072504,29.123894,29.08068,28.927647,28.836653,28.83439,28.868967,28.970678,29.058943,29.10443,29.087063,29.070063,29.042109,29.017677,28.991444,28.960897,28.911272,28.872206,28.856625,28.852234,28.84954,28.844164,28.848686,28.878815,28.93429,28.99053,29.038633,29.069895,29.085644,29.115492,29.176212,29.267563,29.361406,29.439913,29.495066,29.523458,29.552181,29.561981,29.567057,29.57133,29.5716,29.557604,29.534723,29.498074,29.496439,29.527443,29.57673,29.657982,29.706717,29.7584,29.801569,29.8157,29.808119,29.806417,29.804644,29.79638,29.79967,29.791176,29.796608,29.841314,29.840256,29.802425,29.795462,29.817236,29.768803,29.690971,29.619085,29.593637,29.595852,29.631832,29.70533,29.751333,29.763727,29.770647,29.75407,29.730257,29.722937,29.66599,29.680176,29.673607,29.68827,29.705984,29.739958,29.78525,29.83977,29.88437,29.862913,29.832508,29.814274,29.778322,29.753214,29.744251,29.730463,29.730738,29.766737,29.887522,29.991795,30.018925,29.949312,29.895845,29.859032,29.852257,29.866137,29.894737,29.891352,29.874996,29.880507,29.876242,29.8505,29.845453,29.883133,29.92585,29.937016,29.963428,29.988758,30.020592,30.041073,30.04504,30.022192,29.974834,29.926237,29.920797,29.954456,29.998749,29.996489,29.887371,29.777454,29.769331,29.823488,29.846893,29.787226,29.647846,29.673277,29.714582,29.712288,29.735748,29.792614,29.836298,29.774967,29.683506,29.7366,29.905405,30.06628,,,,,,,,,,,,,,,,,,,,,,,,,,,,,,,,,27.185581,27.134466,26.989943,26.927631,26.986452,27.055418,27.11633,27.193077,27.286598,27.351118,27.418898,27.520151,,,,,27.668211,27.62612,27.605545,27.598314,27.602211,27.555431,27.510931,27.495201,27.478624,27.476835,27.469316,27.45483,27.45771,27.504381,27.561512,27.754221,28.220669,28.384089,28.411797,28.38374,28.399357,28.429235,28.424364,28.444702,28.44084,28.45118,28.478226,28.477526,28.505924,28.532246,28.55648,28.575518,28.597788,28.605402,28.626389,28.633492,28.646006,28.658995,28.663498,28.670383,28.69402,28.713898,28.717354,28.722271,28.73665,28.76096,28.77714,28.787426,28.801853,28.842829,28.88416,28.906862,28.910666,28.897484,28.85309,28.802553,28.807512,28.822645,28.803564,28.771002,28.745108,28.732237,28.699944,28.657362,28.67411,28.694263,28.67731,28.677608,28.692345,28.687634,28.670996,28.644085,28.617937,28.617718,28.629826,28.61755,28.583094,28.54575,28.543245,28.56992,28.601803,28.618593,28.622179,28.619787,28.623886,28.622372,28.615702,28.599459,28.585817,28.569431,28.55461,28.572983,28.629148,28.678612,28.67957,28.626688,28.56232,28.550581,28.58983,28.63385,28.666891,28.678988,28.673765,28.659803,28.631622,28.591545,28.548492,28.522041,28.513699,28.521204,28.535902,28.540625,28.545185,28.564566,28.596655,28.616344,28.595938,28.5244,28.409098,28.342802,28.322863,28.306953,28.340694,28.3832,28.374647,28.29941,28.278065
9.583336,,,,,,,,,,,,,,,,,,,,,,,,,,,,,,,,,,,,,,,27.111942,27.105732,27.041811,27.100283,27.373344,27.569475,27.651999,27.777235,27.73862,27.679829,27.622,27.491703,27.344223,27.251312,27.248268,27.269432,27.334135,27.358557,27.382208,27.41699,27.454275,27.497286,27.54341,27.575891,27.611631,27.631641,27.647608,27.649054,27.650627,27.644096,27.651453,27.655874,27.667543,27.682701,27.702757,27.722498,27.749413,27.77038,27.782257,27.78628,27.786348,27.754232,27.712025,27.664762,27.607058,27.57643,27.591513,27.691977,27.839754,27.958555,27.964485,27.88828,27.839432,27.811878,27.765072,27.779346,27.864979,27.903265,27.859188,27.75461,27.710836,27.766113,27.869617,27.977207,28.074167,28.147127,28.167242,28.116974,28.035192,27.973587,27.940022,27.916546,27.877172,27.842592,27.794847,27.751287,27.72039,27.709064,27.707188,27.698353,27.66812,27.615948,27.570887,27.543415,27.544138,27.559069,27.631226,27.739132,27.842373,27.925058,27.88752,27.763773,27.609247,27.554367,27.594872,27.734644,27.928339,28.147627,28.400492,28.624588,28.76669,28.788214,28.670431,28.516335,28.461384,28.44672,28.447348,28.48484,28.493639,28.488764,28.469519,28.480839,28.48439,28.456505,28.393555,28.342688,28.294151,28.295176,28.308369,28.315912,28.331049,28.395397,28.458673,28.462896,28.452106,28.44163,28.42739,28.429285,28.470852,28.532354,28.595537,28.646492,28.673872,28.687912,28.673151,28.662903,28.691692,28.728933,28.762913,28.781181,28.791206,28.804573,28.81432,28.824268,28.831232,28.836264,28.841898,28.860153,28.89554,28.95406,29.029087,29.106396,29.151325,29.172768,29.169249,29.058441,28.898165,28.802818,28.774103,28.778141,28.805983,28.860859,28.952038,29.083624,29.130243,29.089455,28.905432,28.83298,28.799698,28.786276,28.860178,28.945522,28.973667,28.929895,28.916714,28.896803,28.87908,28.869654,28.869474,28.856798,28.844091,28.834793,28.831116,28.83853,28.868244,28.920057,28.998573,29.09521,29.17255,29.216997,29.231697,29.227163,29.237131,29.274942,29.349842,29.430855,29.513298,29.578354,29.584753,29.604624,29.576939,29.547285,29.508657,29.471165,29.453568,29.458313,29.491621,29.547245,29.612125,29.678183,29.759464,29.800896,29.809649,29.80888,29.77674,29.740826,29.712074,29.696932,29.69206,29.703661,29.73124,29.735132,29.77651,29.819029,29.774298,29.756227,29.783537,29.775639,29.720797,29.649553,29.615421,29.602484,29.634092,29.699442,29.745289,29.74627,29.71761,29.68733,29.62949,29.628126,29.612347,29.642761,29.694393,29.745737,29.785555,29.836239,29.876736,29.910337,29.922518,29.891638,29.856955,29.83644,29.80191,29.778618,29.778154,29.776186,29.766773,29.779114,29.862658,29.973215,30.035162,30.007504,29.948795,29.888023,29.845266,29.850641,29.894382,29.904732,29.881418,29.873323,29.860205,29.83958,29.835135,29.865747,29.909412,29.939135,29.970675,30.006659,30.039513,30.060589,30.059414,30.029629,29.987389,29.956974,29.95509,29.975742,30.00225,30.01493,29.942217,29.84741,29.797232,29.844095,29.869566,29.800072,29.649132,29.67242,29.717997,29.701176,29.726461,29.765001,29.81589,29.837336,29.706373,29.693872,29.883495,30.077175,,,,,,,,,,,,,,,,,,,,,,,,,,,,,,,,,27.089216,27.036777,26.972565,26.936857,26.984457,27.030523,27.095072,27.163372,27.28057,27.359343,27.431984,27.514732,27.560358,27.608662,,,,,27.669323,27.67597,27.664242,27.630823,27.557615,27.52162,27.477398,27.468302,27.450855,27.454546,27.476927,27.52674,27.563951,27.773405,28.251324,28.389378,28.414581,28.378963,28.395409,28.424706,28.42779,28.460125,28.457674,28.456339,28.478233,28.481562,28.503244,28.534279,28.55745,28.57359,28.597498,28.605867,28.621708,28.635204,28.643625,28.64281,28.63541,28.63762,28.663979,28.686306,28.68979,28.684465,28.713127,28.758575,28.795498,28.808226,28.826841,28.870779,28.902441,28.911127,28.903746,28.88076,28.8251,28.78723,28.787418,28.780828,28.762667,28.749313,28.730907,28.720116,28.693539,28.691084,28.688557,28.682337,28.672659,28.68489,28.691637,28.682194,28.662796,28.627579,28.604467,28.609503,28.624111,28.625559,28.605143,28.572418,28.55057,28.577175,28.606583,28.620773,28.624722,28.62475,28.628576,28.619295,28.604866,28.576956,28.553194,28.531414,28.524088,28.560196,28.632353,28.666765,28.635323,28.571758,28.513687,28.508427,28.53731,28.567184,28.583506,28.584408,28.577553,28.569885,28.553045,28.534996,28.52112,28.515192,28.518433,28.533485,28.55211,28.55441,28.547892,28.560266,28.587261,28.610254,28.593786,28.526972,28.418617,28.347132,28.321787,28.30208,28.33461,28.378113,28.343523,28.272146,28.23883
9.5,,,,,,,,,,,,,,,,,,,,,,,,,,,,,,,,,,,,,,,27.061348,27.092955,27.00398,27.111609,27.41811,27.59557,27.681747,27.77487,27.694912,27.624735,27.52327,27.371056,27.230139,27.174677,27.192352,27.219799,27.268686,27.284615,27.3041,27.336008,27.3601,27.400208,27.437765,27.458693,27.48652,27.494305,27.49966,27.492393,27.487465,27.479261,27.480644,27.475769,27.474474,27.483395,27.50139,27.518766,27.544971,27.57548,27.609005,27.649513,27.694265,27.71304,27.723166,27.70882,27.667421,27.62862,27.597195,27.61695,27.68795,27.8397,27.938072,27.916355,27.830427,27.777508,27.747063,27.724133,27.776546,27.8161,27.774958,27.699457,27.693611,27.784985,27.91477,28.038504,28.124088,28.142475,28.087494,27.983744,27.896257,27.871918,27.877571,27.87793,27.845062,27.805548,27.75425,27.726624,27.717323,27.73563,27.768484,27.782076,27.75865,27.694754,27.619152,27.550379,27.48853,27.420742,27.429766,27.505432,27.625921,27.786304,27.91703,27.95344,27.82689,27.685307,27.646078,27.72044,27.848967,28.007027,28.210232,28.429203,28.633423,28.773836,28.77628,28.652115,28.559366,28.5268,28.50105,28.504179,28.50554,28.486557,28.489054,28.502192,28.501293,28.483805,28.430931,28.373783,28.338087,28.33583,28.372726,28.39964,28.40901,28.455683,28.48286,28.486652,28.4897,28.49701,28.49951,28.506334,28.533382,28.577164,28.63068,28.67942,28.705347,28.712774,28.712883,28.720755,28.747072,28.782158,28.810146,28.825304,28.832527,28.845049,28.854736,28.863928,28.875734,28.885675,28.89416,28.910505,28.939566,28.97759,29.018744,29.051199,29.042234,28.996782,28.902313,28.747158,28.628187,28.602081,28.639038,28.69464,28.760912,28.833647,28.927837,29.0442,29.10795,29.022455,28.831884,28.779957,28.744514,28.72476,28.751703,28.787714,28.789854,28.772654,28.779593,28.779089,28.777802,28.784746,28.802032,28.813086,28.819828,28.834356,28.85904,28.918667,29.015018,29.125748,29.237633,29.349754,29.421833,29.444025,29.433142,29.390417,29.370426,29.39074,29.439182,29.477718,29.500744,29.54512,29.5225,29.522484,29.495884,29.477924,29.464106,29.453964,29.502281,29.555573,29.640743,29.70853,29.773836,29.811823,29.84879,29.827116,29.775429,29.716566,29.672724,29.634815,29.618473,29.611961,29.618671,29.62585,29.652563,29.667156,29.701792,29.756561,29.7335,29.728216,29.732294,29.75762,29.750874,29.698687,29.618223,29.598906,29.603128,29.643412,29.71524,29.678774,29.5997,29.582525,29.603577,29.640985,29.69932,29.759735,29.823643,29.86647,29.89932,29.926666,29.932762,29.937654,29.929335,29.904684,29.87723,29.860651,29.839914,29.815924,29.824675,29.838955,29.82706,29.822054,29.86428,29.946028,30.017069,30.024513,29.991728,29.958855,29.889532,29.85702,29.890923,29.92706,29.903284,29.882914,29.858212,29.835976,29.82512,29.838823,29.876171,29.914768,29.948914,29.99545,30.034925,30.060358,30.05709,30.033579,30.00238,29.986795,29.987434,29.992443,30.012342,30.035156,30.008268,29.938496,29.863,29.871574,29.894943,29.825243,29.673452,29.658022,29.724703,29.715574,29.727108,29.752348,29.78689,29.846573,29.758303,29.697157,29.866423,30.099623,30.379036,,,,,,,,,,,,,,,,,,,,,,,,,,,,,,,27.202673,27.068377,26.991253,26.981228,26.97207,26.977654,26.998604,27.037634,27.096241,,27.402622,27.463415,27.516186,27.575151,27.706202,,,,,,27.758732,27.791653,27.739677,27.652225,27.590572,27.518368,27.47126,27.46339,27.48345,27.51809,27.55427,27.574608,27.820236,28.29154,28.39734,28.420273,28.379475,28.395744,28.426216,28.43216,28.464685,28.467037,28.462103,28.482021,28.494295,28.502323,28.526964,28.551905,28.561945,28.59189,28.602394,28.61159,28.621466,28.61398,28.594738,28.573555,28.597721,28.645893,28.68833,28.700207,28.683758,28.709728,28.757301,28.801266,28.820774,28.846708,28.884012,28.903381,28.903376,28.891191,28.858755,28.805323,28.77959,28.778746,28.766289,28.743612,28.728115,28.712603,28.708351,28.691698,28.684935,28.676258,28.67062,28.675299,28.687696,28.684376,28.673767,28.645044,28.612923,28.596287,28.602472,28.621273,28.636082,28.629864,28.6078,28.570482,28.588066,28.61129,28.617842,28.617702,28.615812,28.613297,28.599936,28.582563,28.548828,28.517279,28.499083,28.506937,28.56209,28.634142,28.648314,28.593853,28.52844,28.491646,28.493162,28.51168,28.52451,28.52788,28.528954,28.529593,28.536808,28.539778,28.543335,28.5434,28.536861,28.531385,28.535704,28.549421,28.558277,28.553926,28.558416,28.577724,28.600216,28.593893,28.527819,28.43441,28.368357,28.344711,28.317108,28.320288,28.350573,28.33087,28.261868,28.194578
9.416672,,,,,,,,,,,,,,,,,,,,,,,,,,,,,,,,,,,,,,,27.056387,27.053442,26.981537,27.144928,27.474104,27.5967,27.715582,27.74857,27.64386,27.55342,27.424862,27.270643,27.151308,27.127314,27.148296,27.168678,27.19885,27.212627,27.235674,27.263763,27.285582,27.323309,27.352482,27.367035,27.386986,27.386028,27.38388,27.371933,27.367094,27.357258,27.35196,27.345156,27.340967,27.353567,27.372244,27.384018,27.394094,27.41004,27.427362,27.455536,27.497751,27.562326,27.640488,27.689217,27.68992,27.656885,27.626616,27.609545,27.618671,27.698208,27.814468,27.894299,27.853912,27.76588,27.718264,27.68317,27.69257,27.73262,27.702604,27.655102,27.675991,27.78847,27.937452,28.057749,28.11436,28.080133,27.98544,27.868572,27.809912,27.815979,27.842987,27.843079,27.80054,27.760155,27.725946,27.730282,27.755888,27.800556,27.85371,27.871681,27.841997,27.772976,27.688507,27.591843,27.481504,27.370712,27.363987,27.41187,27.479612,27.602306,27.778008,27.939169,27.949335,27.82487,27.73108,27.737148,27.824877,27.956984,28.112906,28.280712,28.463955,28.66197,28.794464,28.799107,28.735765,28.66393,28.576008,28.518345,28.505045,28.490023,28.495588,28.498625,28.494463,28.489845,28.470505,28.418037,28.379778,28.373632,28.41683,28.459394,28.46331,28.49082,28.491362,28.496235,28.497131,28.518867,28.536299,28.556211,28.582619,28.613068,28.654371,28.693499,28.720957,28.732954,28.747293,28.767729,28.791376,28.815506,28.831411,28.839823,28.844622,28.848686,28.850883,28.851809,28.858282,28.86945,28.876331,28.89023,28.911032,28.933435,28.949598,28.93108,28.851181,28.747915,28.63549,28.558662,28.554731,28.594702,28.642096,28.686136,28.729675,28.775967,28.84556,28.953327,29.056108,28.977352,28.805498,28.742851,28.726738,28.712425,28.717897,28.739544,28.760431,28.780025,28.793102,28.809637,28.820642,28.836172,28.859062,28.883955,28.91478,28.960375,29.029022,29.147749,29.28482,29.414171,29.513472,29.582382,29.618814,29.621572,29.603222,29.542353,29.50198,29.493746,29.478655,29.451084,29.416399,29.418468,29.427235,29.445526,29.463202,29.48747,29.541258,29.575342,29.653877,29.719564,29.803585,29.859247,29.902067,29.88372,29.82845,29.735907,29.652874,29.617216,29.624424,29.623339,29.631948,29.636353,29.641682,29.62663,29.653913,29.661022,29.686384,29.707668,29.686676,29.692814,29.712238,29.779905,29.778183,29.715601,29.614841,29.56298,29.515633,29.531536,29.585257,29.557966,29.541376,29.584475,29.675833,29.77816,29.851568,29.876305,29.88029,29.88094,29.892605,29.916466,29.931616,29.929325,29.92747,29.91709,29.91515,29.91092,29.902817,29.884113,29.89116,29.906708,29.891186,29.866577,29.884317,29.931126,29.983858,30.01416,30.02182,30.01512,29.970572,29.885868,29.872807,29.931007,29.930851,29.89615,29.866072,29.841196,29.826637,29.824516,29.844147,29.881618,29.918797,29.965319,30.003592,30.029482,30.03326,30.027096,30.02139,30.020098,30.024853,30.018911,30.02532,30.047234,30.045368,30.007618,29.935053,29.902214,29.918941,29.845663,29.693071,29.644571,29.719,29.734509,29.722698,29.75705,29.786636,29.822086,29.811281,29.714197,29.845436,30.128296,30.445498,,,,,,,,,,,,,,,,,,,,,,,,,,,,,,,27.178738,27.11884,27.015919,27.006336,26.999329,26.999678,27.008715,27.05008,27.093597,27.21434,27.382637,27.428835,27.520958,27.638578,27.839558,,,,,,,27.876719,27.854443,27.732426,27.659805,27.599014,27.50617,27.485292,27.519176,27.557806,27.568552,27.590746,27.897373,28.335718,28.40395,28.42747,28.38159,28.401632,28.433035,28.436478,28.464825,28.47472,28.469719,28.489307,28.506548,28.507082,28.520998,28.541128,28.54794,28.577353,28.593592,28.600912,28.587614,28.572083,28.55523,28.553713,28.607634,28.675152,28.727962,28.723377,28.70089,28.713358,28.755573,28.792814,28.817663,28.849998,28.891365,28.901484,28.899061,28.88283,28.834646,28.79106,28.78085,28.778189,28.767618,28.724466,28.698656,28.689554,28.685417,28.67425,28.671675,28.673698,28.677923,28.68057,28.681343,28.669018,28.6528,28.624744,28.59997,28.586016,28.594448,28.615023,28.635784,28.636408,28.626453,28.600412,28.605064,28.614117,28.609827,28.603539,28.597221,28.58767,28.574047,28.556124,28.52126,28.490627,28.484892,28.514977,28.584486,28.63333,28.62287,28.56433,28.500135,28.478556,28.493547,28.51538,28.52653,28.532179,28.539007,28.547325,28.563055,28.569916,28.574648,28.568596,28.550817,28.532883,28.524092,28.531185,28.548525,28.561308,28.5618,28.569187,28.587017,28.591385,28.538185,28.455568,28.395906,28.37429,28.348148,28.322605,28.329786,28.322474,28.261057,28.186453
9.333336,,,,,,,,,,,,,,,,,,,,,,,,,,,,,,,,,,,,,26.656181,26.986359,27.04622,27.005648,26.952444,27.19638,27.493568,27.606056,27.741365,27.705006,27.589518,27.485851,27.345158,27.19899,27.098545,27.082136,27.093136,27.103706,27.126585,27.147882,27.173664,27.198135,27.226486,27.25294,27.2792,27.287119,27.29747,27.2853,27.273994,27.254038,27.241367,27.225937,27.219696,27.21947,27.214386,27.228638,27.257284,27.27832,27.29916,27.330637,27.344833,27.357897,27.35378,27.37068,27.433207,27.542997,27.63281,27.633545,27.628014,27.618708,27.603296,27.61981,27.682148,27.785616,27.834772,27.786793,27.715565,27.656706,27.632118,27.650898,27.645342,27.61124,27.64314,27.767311,27.922197,28.041275,28.082165,28.023808,27.911804,27.798378,27.759256,27.762766,27.80011,27.790987,27.74631,27.718695,27.732754,27.772514,27.836617,27.907726,27.964525,27.973059,27.937843,27.876041,27.790907,27.681643,27.513065,27.341862,27.36023,27.41471,27.492167,27.57138,27.675097,27.846579,27.950495,27.89429,27.787567,27.763094,27.82146,27.928772,28.06979,28.218536,28.372066,28.546846,28.711912,28.833347,28.885073,28.845568,28.703428,28.568495,28.51423,28.487171,28.488285,28.479452,28.469118,28.465359,28.47869,28.471455,28.424122,28.409485,28.437326,28.488758,28.495975,28.499956,28.509903,28.521477,28.521532,28.550154,28.57236,28.592241,28.613857,28.637667,28.669912,28.699928,28.730387,28.758009,28.78184,28.799042,28.81137,28.82071,28.823074,28.8212,28.81404,28.802761,28.790106,28.77676,28.765713,28.767735,28.772978,28.78832,28.8091,28.825443,28.817932,28.750418,28.64311,28.58011,28.5537,28.559282,28.577696,28.61661,28.635578,28.65137,28.662313,28.680305,28.734852,28.844109,28.968542,28.98106,28.86258,28.794003,28.811682,28.80503,28.822105,28.866749,28.918375,28.948751,28.955954,28.982616,28.995699,29.012617,29.038372,29.068241,29.111704,29.174149,29.263605,29.371857,29.47806,29.570723,29.62917,29.652163,29.67205,29.67425,29.667994,29.586418,29.522682,29.475552,29.428814,29.392315,29.4001,29.409622,29.460516,29.523088,29.564644,29.600397,29.679474,29.741297,29.806732,29.857471,29.908604,29.949839,29.912529,29.819447,29.717892,29.641903,29.591982,29.601793,29.638374,29.648453,29.659538,29.663422,29.663445,29.654026,29.686289,29.690239,29.708992,29.710459,29.668839,29.67086,29.722368,29.805653,29.790821,29.708014,29.630674,29.530468,29.412073,29.413721,29.46528,29.528467,29.604277,29.710228,29.809685,29.902647,29.88577,29.85168,29.8326,29.830835,29.852383,29.893663,29.91764,29.924675,29.942287,29.95914,29.977242,29.978596,29.971231,29.94679,29.931763,29.931147,29.923727,29.89992,29.898891,29.923943,29.958973,29.995802,30.01901,30.040897,30.032616,29.960241,29.877302,29.888432,29.933975,29.90941,29.874565,29.850346,29.82853,29.819334,29.829235,29.85709,29.886635,29.9203,29.951302,29.97546,29.988594,29.9975,30.012398,30.0355,30.055008,30.052273,30.047071,30.052416,30.051628,30.04339,29.9956,29.944586,29.932081,29.845453,29.715511,29.659243,29.7143,29.747112,29.711058,29.754364,29.797798,29.80466,29.805864,29.695648,29.821869,30.12789,30.373867,,,,,,,,,,,,,,,,,,,,,,,,,,,,,,,,,,,,27.007679,,,27.104551,27.239166,27.360228,27.405266,27.528505,27.670555,27.890175,,,,,,,,,27.755987,27.718508,27.676504,27.594473,27.523457,27.538118,27.57284,27.580421,27.617579,27.995392,28.357786,28.409275,28.42893,28.379208,28.409811,28.444696,28.441458,28.45956,28.47526,28.481989,28.502401,28.522837,28.523901,28.524044,28.533646,28.545385,28.57194,28.586187,28.585318,28.565655,28.557215,28.566015,28.587156,28.65184,28.724699,28.763412,28.716858,28.709906,28.726572,28.757477,28.786072,28.815277,28.849934,28.894567,28.897434,28.888195,28.859106,28.809757,28.795841,28.794098,28.77641,28.76289,28.719118,28.680212,28.684015,28.677193,28.669548,28.674067,28.676361,28.682508,28.676983,28.665768,28.644768,28.627928,28.60937,28.584242,28.572731,28.586176,28.600725,28.617218,28.62316,28.624315,28.616371,28.61734,28.612896,28.598825,28.587748,28.577692,28.564413,28.547747,28.525724,28.49438,28.475933,28.49009,28.544813,28.610659,28.623804,28.591204,28.542948,28.486824,28.469683,28.494656,28.522427,28.544994,28.557413,28.565428,28.5721,28.584595,28.584557,28.582983,28.572586,28.55104,28.527132,28.51187,28.509497,28.525648,28.555908,28.565926,28.562754,28.576956,28.582932,28.54753,28.478981,28.423662,28.40377,28.388962,28.35377,28.322824,28.296349,28.256859,28.205526
9.25,,,,,,,,,,,,,,,,,,,,,,,,,,,,,,,,,,,,,26.658918,27.00274,26.986704,26.930208,26.935503,27.250824,27.497665,27.649725,27.738085,27.660084,27.539473,27.422247,27.278416,27.14006,27.04505,27.02655,27.0316,27.03323,27.056654,27.083458,27.107504,27.130022,27.162916,27.177198,27.203661,27.204178,27.209497,27.194172,27.178509,27.157438,27.137596,27.124071,27.117943,27.113379,27.094528,27.09888,27.117981,27.131554,27.162788,27.217758,27.260029,27.307041,27.325726,27.307735,27.289,27.321789,27.412718,27.523726,27.580597,27.597874,27.590014,27.593676,27.610586,27.666754,27.743135,27.762869,27.724407,27.661959,27.607986,27.576946,27.583427,27.570415,27.590385,27.721275,27.882015,28.007046,28.048002,27.981936,27.86269,27.758024,27.727015,27.729193,27.770224,27.763197,27.72207,27.709074,27.76391,27.835543,27.925785,28.006245,28.032501,28.01562,27.983255,27.95005,27.87186,27.799023,27.656288,27.453754,27.482016,27.475063,27.555088,27.640121,27.700037,27.818434,27.930119,27.913317,27.822279,27.792149,27.841984,27.925636,28.04462,28.177269,28.326614,28.48849,28.627037,28.75872,28.878048,28.930656,28.8217,28.644493,28.540546,28.496527,28.483437,28.45997,28.426003,28.410086,28.435934,28.468647,28.465853,28.450842,28.466776,28.511286,28.544844,28.538452,28.556007,28.575878,28.57426,28.599234,28.613846,28.629473,28.64462,28.659645,28.687986,28.719418,28.755985,28.793245,28.81855,28.82668,28.828869,28.828337,28.819948,28.807522,28.786026,28.758966,28.724787,28.693474,28.661633,28.644957,28.645021,28.663473,28.685192,28.69044,28.666477,28.605007,28.557146,28.564596,28.569649,28.575768,28.588037,28.615652,28.631632,28.632252,28.628736,28.627466,28.653996,28.714233,28.810867,28.916626,28.943285,28.899063,28.920416,28.933441,28.986383,29.034842,29.085535,29.10368,29.112864,29.126116,29.128159,29.135166,29.153538,29.175112,29.202587,29.25817,29.320995,29.3966,29.483614,29.561409,29.612356,29.632137,29.644209,29.645964,29.58454,29.485619,29.424967,29.407293,29.41236,29.433052,29.482697,29.516804,29.577465,29.635878,29.691416,29.737293,29.804247,29.863695,29.893137,29.947506,29.945425,29.897245,29.789246,29.69876,29.639791,29.612564,29.59248,29.607624,29.63606,29.64958,29.66352,29.674711,29.672274,29.675516,29.705818,29.729351,29.739096,29.727104,29.689238,29.68896,29.765526,29.802633,29.792562,29.715025,29.61343,29.47089,29.348776,29.387516,29.51627,29.639132,29.744045,29.839113,29.905119,29.918911,29.858389,29.827785,29.825447,29.825073,29.845524,29.882458,29.915363,29.951063,29.988295,30.026127,30.042097,30.035034,30.013592,29.968477,29.934542,29.91983,29.91472,29.908245,29.90822,29.925402,29.944653,29.96611,29.98061,30.003689,30.016273,30.010023,29.938484,29.857552,29.873352,29.906122,29.891544,29.870848,29.844263,29.8209,29.820253,29.84207,29.860012,29.872976,29.893583,29.911148,29.93508,29.953651,29.972446,30.014626,30.052755,30.078781,30.075,30.067245,30.062078,30.056398,30.027431,29.98632,29.945145,29.861368,29.755142,29.700716,29.727888,29.730728,29.680098,29.710373,29.769962,29.789988,29.776196,29.685743,29.781929,30.034655,30.147507,30.129091,,,,,,,,,,,,,,,,,,,,,,,,,,,,27.378132,27.278547,27.197094,27.162855,27.13025,27.092587,27.057137,27.018816,27.239426,27.251226,27.221355,27.425184,27.479155,27.525764,27.577885,27.661615,27.86114,,,,,,,,,27.844215,27.804808,27.750057,27.694546,27.594965,27.556952,27.571556,27.584444,27.661673,28.103422,28.372519,28.412718,28.428299,28.377483,28.418015,28.455078,28.451456,28.455738,28.469593,28.49179,28.518585,28.54806,28.549917,28.546968,28.54902,28.56661,28.579563,28.582739,28.5822,28.572124,28.568764,28.60096,28.625946,28.698814,28.774282,28.782965,28.675377,28.695162,28.747683,28.770617,28.788952,28.818047,28.860838,28.893742,28.89119,28.870506,28.833157,28.802732,28.815235,28.817616,28.79072,28.772184,28.740814,28.687498,28.68509,28.680342,28.67387,28.682981,28.675716,28.671427,28.659613,28.643433,28.624357,28.60046,28.58006,28.561707,28.56188,28.570454,28.57571,28.58847,28.600842,28.608624,28.612978,28.612593,28.602812,28.583838,28.570059,28.554655,28.536552,28.516592,28.494017,28.476242,28.481903,28.519983,28.584805,28.62405,28.603386,28.562073,28.525024,28.479092,28.468456,28.494541,28.523842,28.552692,28.569216,28.56638,28.56114,28.562437,28.563498,28.57141,28.567156,28.546488,28.520023,28.500204,28.484854,28.490702,28.529583,28.562502,28.562757,28.565962,28.57045,28.545465,28.494057,28.440859,28.417303,28.412045,28.383598,28.329964,28.271627,28.238686,28.220606
9.166672,,,,,,,,,,,,,,,,,,,,,,,,,,,,,,,,,,,,,26.79344,26.963696,26.926416,26.872612,26.971376,27.31471,27.531218,27.686518,27.706587,27.61565,27.484774,27.362467,27.22236,27.088306,27.001358,26.987646,26.988152,26.978247,27.001057,27.02641,27.04623,27.065641,27.097925,27.106962,27.13457,27.13514,27.142143,27.136787,27.125359,27.10726,27.084278,27.06952,27.059916,27.050718,27.029728,27.031183,27.017815,27.024096,27.04872,27.07449,27.145298,27.215492,27.258467,27.27537,27.271618,27.235332,27.207457,27.271715,27.40649,27.515963,27.55717,27.567345,27.572102,27.597345,27.646067,27.691982,27.694887,27.669903,27.619925,27.544151,27.516481,27.527489,27.543978,27.664639,27.838543,27.97305,28.020561,27.95792,27.843876,27.755983,27.729425,27.726082,27.74572,27.735378,27.6924,27.693642,27.782042,27.892899,28.000538,28.064516,28.060492,28.020155,27.968363,27.935513,27.857435,27.829283,27.782143,27.673956,27.695908,27.603716,27.65593,27.712145,27.755665,27.840757,27.923779,27.911127,27.83934,27.81102,27.864819,27.946388,28.041084,28.143017,28.272974,28.434721,28.580296,28.69535,28.812117,28.90543,28.882303,28.718777,28.5848,28.522425,28.490923,28.455414,28.395002,28.35165,28.361914,28.419031,28.453209,28.47275,28.494974,28.536612,28.584784,28.599224,28.60049,28.627958,28.625042,28.637365,28.647871,28.664715,28.678238,28.693172,28.719275,28.752703,28.79416,28.829695,28.850027,28.850658,28.849106,28.849205,28.833914,28.81611,28.78686,28.744963,28.690134,28.639828,28.589508,28.556787,28.549843,28.568546,28.590944,28.596766,28.591337,28.58127,28.58055,28.586765,28.579826,28.580685,28.600363,28.645672,28.669403,28.666458,28.656975,28.637941,28.622864,28.621267,28.658579,28.750145,28.889637,28.927235,28.953331,28.997038,29.050234,29.086302,29.11007,29.111721,29.118082,29.114645,29.111181,29.112593,29.121727,29.133574,29.15924,29.20926,29.275671,29.378654,29.488203,29.581676,29.63202,29.642084,29.62384,29.547564,29.446999,29.417685,29.4232,29.451319,29.486532,29.531202,29.571323,29.610804,29.67414,29.737806,29.798735,29.853054,29.879295,29.91016,29.930202,29.92777,29.847546,29.756708,29.681442,29.643538,29.622005,29.594006,29.580633,29.596851,29.624811,29.654966,29.674803,29.6886,29.69489,29.698727,29.719242,29.732147,29.75542,29.73557,29.701408,29.715174,29.79863,29.81662,29.799507,29.682531,29.54524,29.41532,29.401134,29.508078,29.658136,29.77293,29.852482,29.894506,29.896896,29.850317,29.797024,29.792198,29.814344,29.834213,29.865503,29.906403,29.9518,30.008083,30.054153,30.090906,30.097452,30.081284,30.051592,30.00821,29.97121,29.93466,29.905159,29.888756,29.889822,29.897682,29.927002,29.951511,29.963404,29.977083,29.994717,30.00645,29.972742,29.879988,29.81707,29.857965,29.889088,29.895706,29.88765,29.854252,29.829138,29.836098,29.844227,29.843987,29.850206,29.857016,29.886518,29.909897,29.931433,29.976368,30.026548,30.085938,30.097313,30.09363,30.091854,30.070232,30.041895,30.016422,29.975935,29.896442,29.794897,29.750101,29.75155,29.709497,29.631554,29.632032,29.681215,29.730066,29.740507,29.701555,29.762636,29.912098,29.927603,29.92917,,,,,,,,,,,,,,,,,,,,,,,,,27.571598,27.44338,27.32197,27.294882,27.185467,27.15063,27.154634,27.12941,27.094027,27.06803,27.075912,27.381855,,,,,,,,,,,,,,,,,,27.925093,27.843678,27.766275,27.654068,27.577517,27.568392,27.583973,27.7243,28.202612,28.373709,28.409527,28.431288,28.37667,28.421003,28.460323,28.471384,28.469568,28.472374,28.493402,28.527445,28.5681,28.575682,28.585855,28.585598,28.60374,28.602116,28.60048,28.596275,28.585623,28.587656,28.6353,28.671896,28.746883,28.81316,28.792374,28.671604,28.70132,28.763287,28.782867,28.802296,28.831491,28.873917,28.893034,28.883133,28.852238,28.816298,28.8067,28.827726,28.834885,28.815197,28.79847,28.765388,28.716383,28.697222,28.694313,28.68672,28.688334,28.668211,28.66193,28.648224,28.627861,28.601868,28.564829,28.538528,28.536036,28.542362,28.544336,28.545845,28.559858,28.574093,28.587362,28.59769,28.595419,28.587162,28.56946,28.554258,28.534254,28.513393,28.49409,28.482214,28.488382,28.51888,28.570204,28.61587,28.615961,28.572418,28.538315,28.507902,28.475834,28.470268,28.482807,28.501162,28.529444,28.547203,28.534412,28.516695,28.511345,28.521812,28.554312,28.566837,28.549326,28.519567,28.491028,28.463474,28.453722,28.485552,28.532951,28.555254,28.552534,28.554749,28.54077,28.500225,28.454071,28.424414,28.416239,28.389961,28.330193,28.254007,28.218378,28.219578
9.083336,,,,,,,,,,,,,,,,,,,,,,,,,,,,,,,,,,,,26.791224,26.825607,26.923504,26.870821,26.843353,27.042578,27.360926,27.560677,27.67525,27.647198,27.56403,27.424448,27.312553,27.179605,27.053701,26.983877,26.97049,26.956543,26.92864,26.94321,26.955698,26.969572,26.982912,27.009888,27.016504,27.042093,27.048958,27.056808,27.060442,27.055603,27.047588,27.035847,27.023798,27.013899,27.008848,26.986025,26.990353,26.974148,26.969507,26.98103,27.002693,27.055243,27.124279,27.173965,27.21217,27.237684,27.213387,27.144363,27.116503,27.164467,27.276775,27.457859,27.531143,27.53531,27.552263,27.579605,27.617916,27.64334,27.647503,27.631382,27.559416,27.475689,27.470556,27.50202,27.602232,27.785275,27.937128,27.996525,27.951044,27.856785,27.784256,27.754213,27.735443,27.725021,27.70874,27.662598,27.679708,27.805712,27.958147,28.083569,28.13062,28.13098,28.087914,28.03671,27.978834,27.880516,27.833393,27.808403,27.798407,27.80864,27.72149,27.753557,27.772789,27.791382,27.850016,27.91925,27.90025,27.82728,27.809067,27.86468,27.958134,28.04694,28.13347,28.23805,28.370638,28.515293,28.644701,28.76025,28.86097,28.90548,28.811613,28.664942,28.565271,28.507614,28.46179,28.3894,28.318306,28.300644,28.343426,28.39732,28.435986,28.477528,28.528946,28.571798,28.608446,28.610165,28.625467,28.64728,28.649101,28.669302,28.691544,28.71105,28.733345,28.758614,28.789457,28.823778,28.855501,28.872751,28.87152,28.870762,28.877615,28.865326,28.847519,28.817122,28.76933,28.706722,28.639233,28.573582,28.527283,28.519756,28.545835,28.577604,28.592525,28.604229,28.60831,28.60269,28.597761,28.587046,28.58864,28.633915,28.697176,28.725708,28.728603,28.72295,28.695183,28.660746,28.627138,28.609005,28.620958,28.712175,28.815517,28.889399,28.939196,28.97864,29.010616,29.032162,29.051207,29.076296,29.08908,29.094883,29.107256,29.124142,29.139994,29.171215,29.233017,29.317513,29.421007,29.515783,29.597078,29.645014,29.660593,29.602554,29.458307,29.42432,29.463903,29.492338,29.512402,29.556807,29.597649,29.630476,29.656725,29.720242,29.808567,29.879436,29.913425,29.905334,29.951666,29.917728,29.816385,29.721972,29.666618,29.62734,29.61536,29.595257,29.586185,29.585358,29.59932,29.617014,29.640306,29.656044,29.68099,29.709534,29.707859,29.701775,29.698715,29.751211,29.725266,29.698128,29.743664,29.82097,29.840332,29.755371,29.602533,29.484283,29.455223,29.517553,29.624548,29.74906,29.839357,29.871693,29.846436,29.804657,29.74753,29.731575,29.764318,29.822638,29.87315,29.914412,29.957005,30.000477,30.053396,30.086235,30.105206,30.109076,30.101145,30.084665,30.061245,30.03595,29.992546,29.945467,29.902552,29.8799,29.867418,29.88581,29.902584,29.911144,29.917074,29.936804,29.962135,29.97178,29.933912,29.84394,29.803965,29.844273,29.890352,29.928108,29.92548,29.890724,29.864325,29.852646,29.842896,29.84477,29.848318,29.86803,29.882385,29.901499,29.941698,29.989597,30.056631,30.100708,30.10934,30.111729,30.092552,30.060993,30.03214,30.011223,29.932194,29.835686,29.785904,29.773445,29.70423,29.594898,29.56618,29.582396,29.624619,29.66457,29.671707,29.709925,29.76293,29.732698,29.664806,29.561766,,,,,,,,,,,,,,,,,,,,,,27.598251,27.476923,27.47096,27.357815,27.263647,27.202333,27.140352,27.131748,27.182827,27.183235,27.15567,27.17042,27.209312,27.437542,27.448557,27.552252,27.65585,27.745102,27.822023,27.878263,,,,,,,,,,,,28.052282,27.917448,27.805527,27.673548,27.597471,27.570301,27.591831,27.78574,28.24407,28.344503,28.394419,28.437016,28.38492,28.42114,28.452297,28.482218,28.492504,28.487392,28.497307,28.52225,28.566778,28.583126,28.618692,28.618475,28.64434,28.635105,28.633863,28.62793,28.618204,28.625042,28.676994,28.73496,28.790846,28.846926,28.781023,28.67407,28.723316,28.773077,28.785158,28.806488,28.846447,28.880972,28.886164,28.870274,28.835197,28.80711,28.812098,28.828249,28.839058,28.8352,28.817394,28.778727,28.741074,28.722729,28.713015,28.695032,28.691721,28.678051,28.681484,28.658678,28.627113,28.59125,28.533056,28.507286,28.509314,28.511711,28.512934,28.516678,28.531115,28.547144,28.564291,28.573608,28.574656,28.569988,28.557419,28.54088,28.521418,28.504911,28.496078,28.506659,28.534895,28.57437,28.610441,28.616552,28.58641,28.539692,28.512932,28.488968,28.47346,28.462856,28.455017,28.457062,28.478115,28.489763,28.4742,28.451773,28.44494,28.469994,28.523762,28.555437,28.549608,28.516739,28.482525,28.448805,28.426085,28.439205,28.483162,28.530834,28.53987,28.534525,28.530045,28.496862,28.458426,28.424406,28.407875,28.382977,28.323322,28.239456,28.195015,28.199837
9.0,,,,,,,,,,,,,,,,,,,,,,,,,,,,,,,,,,,26.821661,26.82885,26.83202,26.871723,26.805517,26.848043,27.10937,27.40265,27.578411,27.636791,27.591923,27.508238,27.365118,27.275505,27.14644,27.032963,26.97775,26.942682,26.908115,26.85617,26.847921,26.837667,26.83499,26.837471,26.854574,26.859877,26.879606,26.892967,26.904339,26.92019,26.930908,26.93667,26.93871,26.941599,26.945478,26.956808,26.932714,26.933092,26.940014,26.92098,26.943266,26.978493,26.976105,27.056433,27.101885,27.143572,27.180218,27.171476,27.136858,27.076344,27.03698,27.066961,27.18676,27.414598,27.501635,27.506052,27.53497,27.555855,27.583158,27.600069,27.617167,27.58509,27.476572,27.416054,27.4479,27.53087,27.713905,27.889654,27.971937,27.954966,27.889067,27.82662,27.777237,27.740553,27.713562,27.692442,27.624651,27.663954,27.829393,28.011677,28.145853,28.19896,28.22537,28.17502,28.152353,28.087183,27.983034,27.900183,27.850739,27.85593,27.854416,27.798101,27.80266,27.801386,27.80325,27.832605,27.896244,27.883152,27.82253,27.809786,27.865284,27.965944,28.062227,28.145557,28.231436,28.33298,28.454502,28.590752,28.716648,28.825228,28.900797,28.889277,28.757973,28.612131,28.530844,28.473194,28.405703,28.323511,28.284544,28.295135,28.341578,28.379387,28.418495,28.468199,28.512072,28.553339,28.572767,28.577345,28.621605,28.63737,28.66239,28.693508,28.719763,28.7494,28.77772,28.809753,28.84652,28.884354,28.903917,28.898987,28.90168,28.91549,28.90945,28.89628,28.871021,28.831614,28.77847,28.707087,28.629576,28.564116,28.541252,28.565523,28.601988,28.621735,28.62998,28.6272,28.614319,28.6025,28.596228,28.616165,28.672665,28.731749,28.773561,28.7898,28.789219,28.76601,28.735277,28.699902,28.671398,28.643717,28.647686,28.70727,28.807037,28.876215,28.933834,28.97631,29.026266,29.07964,29.122143,29.139124,29.146317,29.166245,29.185137,29.202103,29.224804,29.26493,29.312134,29.368307,29.423218,29.49644,29.571877,29.629904,29.562647,29.462103,29.438778,29.474607,29.520536,29.56196,29.60967,29.629307,29.66112,29.694225,29.76701,29.863888,29.919819,29.93341,29.95102,29.931116,29.801704,29.68623,29.632381,29.603304,29.58393,29.583723,29.578941,29.59619,29.60037,29.60246,29.606352,29.626951,29.640196,29.654835,29.696104,29.709406,29.684296,29.68953,29.7545,29.731028,29.72519,29.799358,29.825094,29.763628,29.637562,29.532244,29.509111,29.548574,29.60196,29.676144,29.777683,29.854532,29.840399,29.777203,29.739048,29.72201,29.746187,29.808872,29.874163,29.923746,29.967052,30.012869,30.042793,30.067131,30.072752,30.07592,30.06752,30.054974,30.041586,30.044462,30.046688,30.038395,30.00052,29.95292,29.933125,29.89829,29.884771,29.868855,29.854843,29.834906,29.825636,29.846962,29.860235,29.858736,29.86341,29.845,29.841856,29.852734,29.901953,29.93469,29.936668,29.921246,29.909592,29.896963,29.893278,29.884747,29.882269,29.878355,29.883163,29.920187,29.953825,29.999279,30.073626,30.09717,30.111526,30.108921,30.08338,30.04726,30.021639,29.962431,29.870148,29.79989,29.776825,29.693975,29.576494,29.531422,29.520721,29.53247,29.588354,29.61601,29.639633,29.619976,29.592384,29.50889,29.376558,,,,,,,,,,,,,,,,,,,,,27.593752,27.556665,27.429846,27.411654,27.380295,27.349333,27.335875,27.328245,27.323786,27.347689,27.309563,27.292288,27.31097,27.300177,27.379536,27.390133,27.582035,27.69694,27.776676,27.875751,28.01423,,,,,,,,,,,,,27.994429,27.882292,27.745073,27.628826,27.587826,27.608637,27.84105,28.240604,28.293196,28.355244,28.431198,28.3886,28.414017,28.43356,28.471323,28.490387,28.496683,28.512142,28.532248,28.561695,28.571383,28.62585,28.638903,28.677227,28.679186,28.676664,28.674522,28.677212,28.697763,28.745806,28.800428,28.840916,28.892134,28.761124,28.667107,28.743448,28.784279,28.787214,28.810856,28.860023,28.883055,28.87581,28.854456,28.820004,28.802624,28.810902,28.813839,28.825123,28.828579,28.811163,28.773287,28.7443,28.733236,28.725492,28.705347,28.703392,28.703138,28.70554,28.67917,28.653185,28.611612,28.539473,28.504725,28.49362,28.487242,28.487803,28.488966,28.502203,28.51758,28.535748,28.544203,28.55063,28.551676,28.544308,28.528704,28.51731,28.514118,28.523264,28.551052,28.58451,28.607834,28.61192,28.59341,28.55417,28.508244,28.479668,28.464605,28.454605,28.428879,28.412199,28.41058,28.418785,28.423021,28.41229,28.395142,28.389093,28.421452,28.481192,28.522053,28.538275,28.514532,28.477962,28.441088,28.40997,28.400515,28.427803,28.489428,28.523123,28.514595,28.505642,28.480633,28.451456,28.41316,28.3901,28.371294,28.32469,28.245218,28.180218,28.156656
8.916672,,,,,,,,,,,,,,,,,,,,,,,,,,,,,,,,,,26.734118,26.8624,26.867487,26.832373,26.81106,26.77559,26.89777,27.19779,27.461714,27.566269,27.577644,27.532135,27.431973,27.313929,27.239658,27.10963,27.011919,26.947784,26.878084,26.822372,26.74916,26.715195,26.685623,26.668207,26.664137,26.673906,26.682287,26.704386,26.726877,26.745955,26.771112,26.798754,26.813835,26.826843,26.84389,26.852398,26.872663,26.869875,26.866104,26.8797,26.869135,26.897842,26.92476,26.932028,26.995945,27.041958,27.057262,27.108633,27.099669,27.086767,27.04869,27.006224,26.98344,26.988295,27.147385,27.39142,27.477058,27.488443,27.50805,27.524628,27.550041,27.584301,27.592798,27.501856,27.393908,27.390772,27.46143,27.622019,27.818808,27.93078,27.94964,27.91434,27.861214,27.784918,27.722063,27.707275,27.679913,27.571203,27.635597,27.842232,28.04067,28.178583,28.268469,28.31675,28.261011,28.236881,28.159534,28.069904,27.97015,27.904514,27.898544,27.887314,27.842113,27.827961,27.807486,27.803581,27.79929,27.839685,27.835821,27.808184,27.828749,27.900873,27.991648,28.081385,28.165846,28.242569,28.32985,28.430428,28.553635,28.686153,28.801208,28.884905,28.913612,28.824379,28.65953,28.561169,28.48696,28.423967,28.340488,28.289515,28.279173,28.298187,28.326742,28.352238,28.378784,28.41826,28.451853,28.482687,28.51148,28.551153,28.600092,28.635675,28.679804,28.710812,28.745012,28.776678,28.81702,28.866888,28.912922,28.930082,28.917503,28.91367,28.919249,28.921993,28.917858,28.907999,28.891554,28.864008,28.804426,28.724676,28.635807,28.57242,28.567034,28.602993,28.627884,28.634548,28.630964,28.622572,28.61825,28.61748,28.635883,28.685198,28.745096,28.788452,28.82494,28.833286,28.819542,28.800373,28.77916,28.769918,28.76373,28.765135,28.774672,28.842196,28.926882,28.98574,29.031597,29.084745,29.132181,29.15862,29.161224,29.163801,29.180288,29.196814,29.208464,29.220798,29.235744,29.248802,29.280327,29.309425,29.358292,29.429712,29.524364,29.52363,29.456102,29.40807,29.46839,29.545572,29.612156,29.670698,29.699364,29.729702,29.76097,29.835508,29.88231,29.906675,29.931108,29.904457,29.797304,29.64339,29.57268,29.553074,29.558218,29.550552,29.555012,29.57884,29.598661,29.597221,29.595882,29.606363,29.631748,29.64569,29.658821,29.682104,29.70488,29.709898,29.73828,29.773336,29.779877,29.771229,29.784025,29.707754,29.625303,29.565586,29.561768,29.602373,29.650324,29.706179,29.740788,29.818762,29.847427,29.793272,29.726267,29.696747,29.71874,29.784763,29.862022,29.919981,29.96892,30.00541,30.034748,30.041582,30.051292,30.05728,30.053236,30.038042,30.026424,30.007584,30.007084,30.018995,30.021694,30.004133,29.966957,29.9366,29.913723,29.885094,29.83848,29.822676,29.794184,29.751596,29.76438,29.741653,29.741077,29.767895,29.787525,29.82837,29.879637,29.89556,29.91516,29.917606,29.91607,29.917118,29.91412,29.91193,29.906933,29.900747,29.891834,29.881542,29.907162,29.928255,29.941816,30.012999,30.057302,30.094446,30.110195,30.09717,30.063837,30.026258,29.978666,29.894075,29.803371,29.755743,29.674725,29.560839,29.508131,29.491488,29.467754,29.516876,29.57286,29.611109,29.608461,29.598148,29.548975,29.44412,29.31181,,,,,,,,,,,,,,,,,,,27.651855,27.559872,27.487673,27.486258,27.544794,27.553299,27.531807,27.487915,27.460903,27.41852,27.399921,27.346258,27.341688,27.332314,27.31017,27.300274,27.33183,27.544054,27.65548,27.734167,27.847485,28.039467,,,,,,,,,,,,,,28.021622,27.886969,27.70804,27.610916,27.624903,27.879871,28.194132,28.217033,28.277828,28.368021,28.333622,28.355207,28.375717,28.41738,28.452341,28.477283,28.49559,28.531889,28.562845,28.566668,28.616625,28.64593,28.695702,28.711498,28.714254,28.720713,28.749949,28.788788,28.826834,28.860147,28.886677,28.93214,28.762085,28.683779,28.761644,28.787767,28.795858,28.818783,28.869928,28.877403,28.86118,28.83496,28.808323,28.799623,28.803074,28.785805,28.78386,28.789286,28.76961,28.736584,28.7271,28.728685,28.720686,28.712381,28.704973,28.707123,28.709753,28.695354,28.675728,28.642006,28.593357,28.551306,28.519222,28.49995,28.492329,28.4887,28.495745,28.501848,28.514193,28.522953,28.531864,28.53181,28.534449,28.528963,28.529827,28.542444,28.56406,28.588327,28.603409,28.605164,28.592005,28.568058,28.522957,28.469746,28.444832,28.439127,28.421139,28.382677,28.375456,28.37525,28.371597,28.376596,28.376074,28.37098,28.358322,28.381834,28.434622,28.4737,28.514103,28.518759,28.482273,28.436916,28.40023,28.374022,28.381052,28.431854,28.483576,28.49627,28.481182,28.462467,28.438667,28.409163,28.377535,28.359213,28.331402,28.266745,28.196785,28.13871
8.833336,,,,,,,,,,,,,,,,,,,,,,,,,,,,,,,,,,26.750114,26.917604,26.893854,26.824326,26.77724,26.794765,26.997911,27.305271,27.489107,27.51349,27.509249,27.461584,27.36142,27.274218,27.185532,27.054562,26.960518,26.872839,26.775599,26.70691,26.629023,26.583448,26.550133,26.533955,26.53345,26.544043,26.556398,26.584185,26.61357,26.640818,26.659128,26.69007,26.713917,26.725992,26.74485,26.763039,26.771257,26.793364,26.790646,26.816523,26.816284,26.850605,26.86408,26.907316,26.921564,26.966047,26.964853,26.99154,27.012236,26.983528,26.997108,26.951057,26.924376,26.931149,26.950453,27.18198,27.402527,27.44111,27.46772,27.478144,27.509972,27.55172,27.58347,27.530355,27.408188,27.348452,27.400648,27.526968,27.725306,27.86782,27.917696,27.90853,27.861113,27.768866,27.691786,27.711256,27.67034,27.527115,27.60928,27.846762,28.051018,28.200838,28.33652,28.395685,28.368101,28.333578,28.26309,28.168644,28.061003,27.966011,27.933256,27.91521,27.878752,27.85355,27.821358,27.805767,27.788445,27.793533,27.799843,27.820158,27.88843,27.949884,28.025263,28.106667,28.19455,28.275875,28.355932,28.44953,28.560425,28.676706,28.787638,28.869076,28.905169,28.851227,28.695507,28.57682,28.500973,28.439758,28.35759,28.295872,28.265703,28.261633,28.271885,28.29094,28.306486,28.324867,28.352589,28.380877,28.419397,28.467112,28.518034,28.573408,28.631182,28.673988,28.712254,28.747602,28.794258,28.850975,28.89799,28.911974,28.88505,28.859406,28.844114,28.8579,28.870298,28.878096,28.89388,28.906395,28.882015,28.823515,28.72671,28.622719,28.562782,28.573524,28.60814,28.625925,28.625841,28.624228,28.63022,28.628862,28.639544,28.6794,28.736885,28.783665,28.83282,28.857481,28.86138,28.860102,28.84593,28.834574,28.849234,28.882597,28.90852,28.960127,29.026085,29.075188,29.103462,29.136,29.162632,29.178679,29.182028,29.191544,29.211752,29.228384,29.240934,29.25538,29.262724,29.273962,29.28822,29.286175,29.288658,29.319431,29.400793,29.452124,29.402798,29.407381,29.483404,29.580784,29.649672,29.729065,29.781952,29.81814,29.842009,29.875502,29.869728,29.892122,29.841913,29.743114,29.623764,29.547781,29.521252,29.519495,29.531103,29.535686,29.539398,29.549805,29.571505,29.581621,29.587265,29.605747,29.627241,29.639713,29.660088,29.676695,29.710155,29.745548,29.7836,29.780106,29.761326,29.690037,29.643383,29.582848,29.590824,29.606424,29.646606,29.680883,29.72685,29.769281,29.776274,29.826468,29.821882,29.746458,29.678288,29.670692,29.728262,29.82217,29.89595,29.949205,29.982082,30.008348,30.029444,30.047283,30.062662,30.06497,30.059048,30.047764,30.036322,30.015123,30.002516,29.98953,29.967785,29.940262,29.904957,29.87421,29.84942,29.81363,29.76888,29.754564,29.73068,29.698013,29.700209,29.69329,29.67648,29.687017,29.690971,29.729551,29.827385,29.88174,29.916254,29.927586,29.925209,29.915478,29.911093,29.910526,29.900537,29.884947,29.875303,29.859549,29.871689,29.899048,29.903677,29.940453,29.985996,30.03863,30.076216,30.086533,30.071562,30.036077,29.990257,29.920109,29.818481,29.74175,29.660973,29.542723,29.473919,29.469337,29.423214,29.4313,29.472275,29.532673,29.584688,29.624685,29.639158,29.624432,29.515753,29.608923,,,,,,,,,,,,,,,,,,27.678183,27.55726,27.562523,27.62755,27.61654,27.521717,27.446783,27.4303,27.420229,27.35699,27.321342,27.301685,27.332098,27.375015,27.460026,27.461882,27.4724,27.558542,27.54366,27.671772,27.819471,28.062172,,,,,,,,,,,,,,28.13763,28.02408,27.781136,27.634932,27.616314,27.85301,28.113552,28.136082,28.150808,28.210094,28.177303,28.194363,28.22726,28.284876,28.36552,28.4225,28.450428,28.513166,28.554924,28.565655,28.605759,28.650713,28.708878,28.730207,28.74915,28.768156,28.81467,28.855225,28.888865,28.913944,28.929367,28.956886,28.779175,28.70529,28.774033,28.790632,28.80004,28.827904,28.869755,28.864054,28.844189,28.818748,28.798445,28.790657,28.781338,28.75644,28.740688,28.745739,28.724575,28.706642,28.703611,28.713223,28.703365,28.703922,28.68944,28.694641,28.69546,28.690472,28.670803,28.6518,28.634365,28.606533,28.58172,28.563534,28.545485,28.54012,28.540398,28.537289,28.537498,28.539585,28.539902,28.535406,28.544252,28.553839,28.563673,28.577682,28.5912,28.596972,28.59289,28.586666,28.573694,28.539873,28.483011,28.43355,28.421156,28.422667,28.399944,28.359392,28.355324,28.363277,28.372944,28.38197,28.3705,28.341745,28.326569,28.33548,28.36922,28.413326,28.465054,28.500238,28.49521,28.448553,28.397877,28.360249,28.351976,28.374773,28.421556,28.458118,28.460949,28.44861,28.418877,28.403313,28.374418,28.345295,28.324646,28.277678,28.217876,28.15512
8.75,,,,,,,,,,,,,,,,,,,,,,,,,,,,,,,,,26.574806,26.831976,26.950066,26.911587,26.824833,26.786507,26.894629,27.145922,27.3912,27.467052,27.462002,27.446104,27.384989,27.291624,27.201357,27.087791,26.96203,26.863731,26.765318,26.66103,26.590597,26.527407,26.48651,26.46569,26.456734,26.461315,26.47377,26.483963,26.512318,26.532112,26.56007,26.5798,26.602633,26.627657,26.64334,26.662197,26.684637,26.695736,26.723688,26.73323,26.758072,26.766727,26.798204,26.813822,26.835148,26.84313,26.85156,26.857483,26.869576,26.908133,26.892578,26.90199,26.90489,26.883608,26.891699,26.890696,27.02843,27.286865,27.40114,27.423733,27.4383,27.470812,27.516634,27.556011,27.548164,27.444576,27.336887,27.34582,27.442352,27.620714,27.786541,27.853634,27.858181,27.809319,27.716316,27.669785,27.729874,27.640411,27.484623,27.58,27.832905,28.039217,28.212532,28.37488,28.441433,28.459997,28.453194,28.402138,28.314196,28.199923,28.074047,28.000544,27.966331,27.93896,27.901499,27.865587,27.834997,27.820217,27.816711,27.83975,27.88831,27.944427,27.998198,28.068233,28.147171,28.239182,28.329182,28.404268,28.48875,28.590128,28.682823,28.774818,28.855227,28.888838,28.846472,28.699308,28.570126,28.501692,28.44858,28.371845,28.299973,28.26414,28.232683,28.21903,28.230003,28.249578,28.270681,28.29087,28.307894,28.33749,28.380215,28.424343,28.47502,28.535673,28.588598,28.630955,28.671911,28.720041,28.775036,28.815662,28.823042,28.78246,28.730661,28.703016,28.724096,28.749422,28.766397,28.806868,28.860687,28.896587,28.89371,28.828033,28.716547,28.605707,28.55398,28.568449,28.598907,28.613283,28.616638,28.6275,28.633957,28.64572,28.684793,28.729588,28.773327,28.824366,28.857922,28.879366,28.89926,28.905767,28.904222,28.923212,28.966965,29.021397,29.080698,29.133474,29.172697,29.174122,29.186716,29.202068,29.215126,29.227573,29.248896,29.276781,29.298487,29.313282,29.325798,29.3279,29.341064,29.348293,29.335339,29.311628,29.308634,29.3536,29.39051,29.377274,29.433723,29.516527,29.5955,29.666338,29.749863,29.824171,29.863153,29.87775,29.878654,29.896982,29.826109,29.699839,29.601587,29.566818,29.55022,29.529268,29.51762,29.523739,29.535358,29.528643,29.545147,29.565891,29.578142,29.571781,29.593203,29.613161,29.627003,29.648197,29.678053,29.708712,29.72935,29.727165,29.664501,29.61819,29.56128,29.574131,29.606398,29.654413,29.7017,29.720268,29.73871,29.763987,29.78038,29.815727,29.821627,29.780113,29.702412,29.654531,29.680264,29.76298,29.851183,29.906475,29.94302,29.976433,30.000458,30.026606,30.058973,30.072369,30.075119,30.077085,30.06876,30.052357,30.016083,29.988293,29.942623,29.909798,29.883476,29.852102,29.822355,29.782166,29.75778,29.728584,29.71367,29.686277,29.659721,29.649824,29.645945,29.622795,29.634562,29.648205,29.662914,29.72455,29.809961,29.882051,29.921799,29.929028,29.899265,29.887968,29.866116,29.86361,29.869379,29.873411,29.872528,29.885086,29.896023,29.878796,29.880718,29.891724,29.942,29.99834,30.043001,30.058077,30.041157,30.008476,29.953627,29.863182,29.769709,29.68409,29.555975,29.459833,29.457418,29.426565,29.418854,29.412033,29.425226,29.454708,29.504314,29.573505,29.630598,29.673136,29.74612,,,,,,,,,,,,,,,,,,27.693434,27.591127,27.651815,27.754889,27.57831,27.423807,27.40844,27.469805,27.515877,27.490498,27.441473,27.396406,27.409115,27.488522,27.664103,27.780035,27.858547,27.858833,27.49148,27.530388,27.767084,28.083189,,,,,,,,,,,,,,,28.10998,27.830887,27.662893,27.62295,27.8298,28.035791,28.060186,28.016228,28.024075,27.982368,27.985056,28.02012,28.086075,28.193714,28.297632,28.377605,28.47949,28.54019,28.551395,28.603064,28.66427,28.725393,28.76165,28.791159,28.8318,28.878378,28.908224,28.934536,28.95411,28.9667,28.96734,28.776276,28.718857,28.790947,28.804445,28.810839,28.841204,28.864332,28.847336,28.827116,28.806673,28.78869,28.779234,28.75589,28.722149,28.703798,28.70974,28.694485,28.686703,28.687702,28.70364,28.6921,28.692812,28.676596,28.67937,28.671124,28.664648,28.644197,28.63565,28.631441,28.618893,28.614416,28.607582,28.592716,28.59139,28.591078,28.588274,28.58499,28.583609,28.580463,28.578129,28.58244,28.58712,28.589981,28.588737,28.586065,28.582874,28.581415,28.581919,28.564121,28.514662,28.452744,28.415546,28.41388,28.427475,28.426802,28.38603,28.360676,28.376572,28.392887,28.3872,28.356884,28.309769,28.296516,28.303436,28.327902,28.35882,28.397303,28.437809,28.466148,28.456785,28.409218,28.359789,28.332195,28.333586,28.355333,28.394476,28.422731,28.430643,28.401865,28.375044,28.35533,28.325275,28.295195,28.260397,28.213177,28.159561
8.666672,,,,,,,,,,,,,,,,,,,,,,,,,,,,,,,,,26.61057,26.898392,26.984474,26.940136,26.864971,26.88842,27.066404,27.283745,27.41596,27.430696,27.402441,27.352562,27.277592,27.182772,27.077513,26.96175,26.843245,26.744284,26.64813,26.556068,26.49218,26.44638,26.41629,26.4021,26.39698,26.399315,26.412596,26.426392,26.451933,26.472809,26.504278,26.533524,26.556826,26.58521,26.602514,26.627872,26.644491,26.66443,26.679066,26.695759,26.704865,26.702,26.732946,26.721813,26.741278,26.719688,26.721954,26.72272,26.743437,26.785727,26.802168,26.814081,26.856188,26.866219,26.866978,26.869432,26.921108,27.136177,27.34135,27.383629,27.402294,27.434107,27.482357,27.522343,27.555485,27.48809,27.354897,27.308779,27.372818,27.51192,27.67199,27.749907,27.757599,27.702211,27.639475,27.68156,27.748772,27.590853,27.441528,27.545593,27.800678,28.002417,28.20051,28.364878,28.439005,28.503675,28.542826,28.524714,28.470444,28.369606,28.221266,28.111647,28.04788,28.010227,27.978062,27.944304,27.908968,27.890345,27.894915,27.919554,27.95862,27.998009,28.062765,28.128332,28.202553,28.285917,28.374498,28.45089,28.524273,28.61393,28.695515,28.767675,28.84016,28.874474,28.834862,28.708395,28.565083,28.493486,28.445889,28.380701,28.309172,28.270412,28.22823,28.181477,28.16561,28.17209,28.203758,28.2352,28.254044,28.282972,28.315676,28.34959,28.383284,28.426476,28.473309,28.522593,28.565214,28.611685,28.649715,28.67375,28.667202,28.623959,28.58121,28.5595,28.580843,28.609425,28.623934,28.664978,28.729914,28.814133,28.887579,28.898275,28.825317,28.708725,28.604527,28.547354,28.558372,28.59034,28.611795,28.63296,28.648064,28.665686,28.709387,28.742054,28.775393,28.815481,28.840542,28.861513,28.894215,28.9236,28.944336,28.973677,29.022017,29.091858,29.174818,29.219711,29.244328,29.22606,29.2224,29.219975,29.238922,29.265049,29.29565,29.329542,29.359247,29.37696,29.388287,29.388449,29.403141,29.411425,29.398289,29.376825,29.370308,29.395952,29.409996,29.40728,29.471485,29.546297,29.601818,29.643032,29.720509,29.826235,29.862932,29.875435,29.894001,29.848175,29.719494,29.626802,29.619963,29.61224,29.58135,29.553972,29.54731,29.548063,29.546316,29.540949,29.535028,29.549402,29.564539,29.569487,29.576223,29.596954,29.606443,29.609472,29.637074,29.655262,29.645359,29.606104,29.549627,29.541534,29.567286,29.652554,29.722532,29.76437,29.78157,29.784786,29.803196,29.81522,29.83122,29.852404,29.81549,29.768166,29.690668,29.662315,29.716888,29.801888,29.864769,29.88939,29.929941,29.964634,29.99364,30.014637,30.030437,30.035189,30.04438,30.065516,30.074343,30.060299,30.030521,29.981802,29.932152,29.90343,29.881035,29.85412,29.818813,29.789923,29.766605,29.746656,29.705723,29.680214,29.658619,29.63655,29.627134,29.613424,29.595907,29.607697,29.626022,29.661995,29.714727,29.779362,29.828117,29.85871,29.852173,29.844473,29.820404,29.799892,29.797077,29.81507,29.812021,29.840302,29.868738,29.888746,29.907484,29.884275,29.853836,29.898745,29.965061,30.00779,30.025322,30.016209,29.9871,29.914248,29.810915,29.714128,29.602276,29.49346,29.473158,29.443695,29.413538,29.420229,29.41987,29.423687,29.421562,29.446308,29.505934,29.599945,29.745577,29.82427,,,,,,,,,,,,,,,,,27.681734,27.63562,27.796694,27.898891,27.593107,27.430212,27.573563,27.686588,27.76495,27.795218,27.761915,27.684546,27.614296,27.615446,27.769232,28.017128,28.250471,28.264563,27.506754,27.54788,27.805925,28.094059,,,,,,,,,,,,,,,,27.872316,27.694578,27.604801,27.753164,27.98012,28.021215,27.936035,27.897095,27.860222,27.848906,27.85755,27.88967,27.966015,28.074757,28.220657,28.385378,28.499437,28.548012,28.659847,28.73211,28.776466,28.812479,28.839771,28.890623,28.930176,28.95753,28.977392,28.9911,28.995945,28.959352,28.7509,28.735424,28.806824,28.818756,28.829847,28.850973,28.851715,28.828331,28.807514,28.79632,28.781666,28.770386,28.737976,28.69733,28.684359,28.688309,28.679972,28.68387,28.695896,28.711403,28.695974,28.684038,28.670815,28.659735,28.639563,28.622541,28.602463,28.607292,28.606607,28.600697,28.600996,28.594978,28.589687,28.595053,28.59648,28.59836,28.597397,28.596897,28.597603,28.599535,28.595867,28.589268,28.58141,28.574556,28.57367,28.579264,28.592358,28.594137,28.568686,28.513363,28.453602,28.419691,28.425152,28.4485,28.462358,28.431875,28.380905,28.38502,28.38604,28.370714,28.334995,28.295818,28.305069,28.318356,28.330103,28.339176,28.350616,28.376965,28.410948,28.426329,28.411928,28.369726,28.327417,28.310446,28.307562,28.32416,28.356174,28.386688,28.382692,28.346664,28.328201,28.293697,28.251534,28.224436,28.183424,28.148987
8.583336,,,,,,,,,,,,,,,,,,,,,,,,,,,,,,,,,26.717985,26.964354,27.029707,26.982857,26.949772,27.03795,27.209534,27.341705,27.38833,27.370474,27.306767,27.24023,27.162893,27.057005,26.94621,26.8266,26.705744,26.609535,26.514503,26.440332,26.39037,26.35537,26.338505,26.33648,26.345224,26.360653,26.380194,26.411152,26.442585,26.47531,26.51319,26.54238,26.564554,26.585445,26.597946,26.614012,26.627573,26.636406,26.64559,26.648487,26.646849,26.634901,26.642174,26.62221,26.635122,26.60215,26.619959,26.622404,26.649702,26.692524,26.72447,26.765253,26.818697,26.859135,26.877571,26.87344,26.868593,27.007776,27.25138,27.353752,27.374224,27.40335,27.455402,27.499115,27.553276,27.522882,27.390564,27.297155,27.310795,27.39356,27.510658,27.595156,27.609385,27.575287,27.608034,27.737408,27.739857,27.536398,27.399221,27.510092,27.758165,27.952074,28.164507,28.306602,28.392443,28.48436,28.562805,28.586945,28.596512,28.553314,28.408543,28.2573,28.158154,28.087954,28.049728,28.022099,27.991825,27.964838,27.958855,27.980707,28.019611,28.071474,28.136005,28.200096,28.26195,28.332138,28.40595,28.479483,28.548298,28.622309,28.69731,28.760029,28.819925,28.854103,28.820429,28.71785,28.577528,28.486864,28.435316,28.381815,28.319561,28.279768,28.239508,28.180819,28.136974,28.112267,28.117794,28.146286,28.182089,28.222576,28.262846,28.290936,28.309118,28.343557,28.374338,28.42154,28.461092,28.49489,28.51501,28.519667,28.506153,28.489038,28.476486,28.48086,28.504353,28.529676,28.547272,28.574905,28.614319,28.686445,28.789164,28.876682,28.892136,28.826048,28.723394,28.614862,28.556692,28.575842,28.614319,28.645288,28.672216,28.698294,28.74399,28.772968,28.800304,28.83023,28.843668,28.84535,28.864697,28.88771,28.912247,28.945786,29.003372,29.086912,29.18892,29.256565,29.252573,29.24598,29.252544,29.252975,29.287642,29.325745,29.360958,29.39374,29.418226,29.431974,29.43516,29.429358,29.437683,29.439035,29.42972,29.430218,29.432877,29.448969,29.456518,29.451347,29.509665,29.573952,29.61453,29.637228,29.69851,29.797737,29.835154,29.871357,29.865244,29.743305,29.697506,29.724665,29.726963,29.697302,29.647156,29.628763,29.61859,29.600164,29.597418,29.583427,29.54075,29.518927,29.514418,29.532837,29.552599,29.567184,29.563683,29.54396,29.550198,29.548899,29.535976,29.517883,29.535576,29.578339,29.667727,29.753258,29.826328,29.84246,29.810986,29.82662,29.844208,29.850155,29.864393,29.858776,29.806559,29.7485,29.689325,29.69506,29.769907,29.820688,29.859818,29.889229,29.924463,29.956606,29.973696,29.974398,29.963041,29.955376,29.951408,29.98983,30.040932,30.048334,30.041817,30.017519,29.990822,29.964268,29.942204,29.90867,29.874819,29.840582,29.796904,29.733904,29.701378,29.62793,29.636093,29.650799,29.638325,29.652592,29.667038,29.662737,29.657663,29.682316,29.74057,29.794458,29.82866,29.828924,29.828873,29.774439,29.75167,29.690325,29.679855,29.653166,29.676023,29.664856,29.735884,29.739456,29.844069,29.827387,29.859495,29.892855,29.892752,29.911606,29.978748,29.998936,30.000525,29.965574,29.875206,29.742826,29.639385,29.54919,29.527903,29.533407,29.459463,29.4112,29.40898,29.426884,29.441801,29.444334,29.463259,29.500853,29.624733,29.769577,29.977745,,,,,,,,,,,,,,,,27.690844,27.724901,27.960932,28.05284,27.737432,27.513128,27.68141,27.81684,27.8915,27.956705,27.964586,27.896383,27.773659,27.70707,27.892523,28.220211,28.430222,28.414743,27.57972,27.614153,27.879665,28.072414,,,,,,,,,,,,,,,,27.933746,27.845758,27.673084,27.662048,27.883806,27.991127,27.923164,27.868086,27.844154,27.818504,27.790623,27.779919,27.798532,27.8463,27.953964,28.165756,28.378487,28.543653,28.757439,28.852137,28.879107,28.887608,28.903572,28.936178,28.960548,28.99318,29.017467,29.025425,29.005163,28.894016,28.725172,28.755669,28.819958,28.828058,28.84463,28.853931,28.834223,28.812536,28.798977,28.793081,28.783083,28.770983,28.737429,28.698578,28.692162,28.692284,28.685331,28.694384,28.714222,28.721968,28.69876,28.67855,28.659391,28.629503,28.598568,28.57807,28.578012,28.58707,28.585752,28.592955,28.589323,28.587624,28.59029,28.59674,28.594757,28.589207,28.583364,28.57827,28.571487,28.569302,28.567982,28.563437,28.560137,28.564003,28.576252,28.59799,28.620863,28.628098,28.604038,28.54629,28.48207,28.44369,28.448399,28.467564,28.467693,28.42888,28.380348,28.373945,28.352306,28.33579,28.31557,28.310017,28.339117,28.366268,28.370487,28.36446,28.352291,28.352455,28.376005,28.391739,28.393408,28.374937,28.336185,28.306479,28.287107,28.272827,28.280598,28.31493,28.339884,28.323332,28.290571,28.260437,28.215647,28.190554,28.150475,28.13605
8.5,,,,,,,,,,,,,,,,,,,,,,,,,,,,,,,,26.816513,26.876219,27.038458,27.083908,27.04925,27.072706,27.17086,27.288033,27.342443,27.345926,27.285528,27.202929,27.125217,27.012625,26.888342,26.757126,26.623789,26.514513,26.437609,26.370808,26.323084,26.300806,26.29521,26.305748,26.323656,26.35493,26.388702,26.42316,26.459738,26.493954,26.525572,26.55709,26.571035,26.585,26.597296,26.604961,26.62337,26.629284,26.644754,26.645302,26.63815,26.623716,26.608732,26.59202,26.583012,26.57423,26.56446,26.583956,26.59128,26.62004,26.651382,26.705633,26.788364,26.868853,26.895668,26.91495,26.901274,26.882147,26.955605,27.170677,27.322765,27.355762,27.377739,27.430714,27.484232,27.540274,27.537643,27.433928,27.314121,27.276049,27.30061,27.357367,27.425903,27.462437,27.509266,27.662413,27.787584,27.696102,27.48571,27.360382,27.471931,27.696968,27.895216,28.105627,28.23291,28.307291,28.411352,28.504059,28.553793,28.62331,28.667149,28.589836,28.428507,28.288134,28.17677,28.103888,28.068588,28.044336,28.022879,28.009737,28.022692,28.068132,28.131893,28.195147,28.257465,28.311636,28.368378,28.428387,28.492477,28.5555,28.615913,28.682863,28.741077,28.790897,28.822857,28.79533,28.711302,28.591463,28.480354,28.416555,28.373537,28.329456,28.294426,28.256144,28.207615,28.15843,28.119356,28.096077,28.090485,28.103626,28.141363,28.183144,28.230307,28.265133,28.294073,28.31876,28.348227,28.374563,28.38987,28.396252,28.402136,28.40946,28.419914,28.439144,28.463408,28.499336,28.526724,28.55265,28.574402,28.59032,28.613913,28.67315,28.769184,28.860973,28.887615,28.8497,28.762012,28.657162,28.603674,28.61779,28.65108,28.693253,28.733871,28.780098,28.809095,28.837994,28.862484,28.869057,28.863869,28.864485,28.867468,28.876926,28.894258,28.932907,29.013773,29.125412,29.210285,29.217371,29.22492,29.278257,29.302134,29.346539,29.384106,29.41121,29.4292,29.44386,29.448057,29.435541,29.424505,29.426271,29.42892,29.434431,29.448502,29.453423,29.461792,29.459509,29.472067,29.539007,29.588966,29.633694,29.673712,29.726955,29.77389,29.828304,29.884754,29.841593,29.752918,29.810299,29.856709,29.857801,29.815252,29.778719,29.75981,29.74078,29.722054,29.713749,29.687958,29.61966,29.556734,29.497894,29.461983,29.453033,29.46761,29.472527,29.446606,29.431734,29.443214,29.481178,29.519283,29.582493,29.659222,29.745043,29.838152,29.907318,29.907467,29.832804,29.845507,29.86985,29.877462,29.881147,29.853909,29.78067,29.72495,29.698902,29.744062,29.794996,29.819809,29.857958,29.899387,29.91448,29.903065,29.8958,29.860779,29.82661,29.811602,29.829899,29.893467,29.964342,30.01324,30.032658,30.041937,30.029634,30.016312,29.98085,29.96016,29.934517,29.860853,29.776909,29.69671,29.65203,29.553202,29.584167,29.665674,29.657818,29.619047,29.616575,29.632654,29.692368,29.68966,29.67276,29.628773,29.600191,29.543749,29.513111,29.455183,29.44012,29.395733,29.421015,29.38845,29.442017,29.42438,29.505432,29.496452,29.585825,29.630228,29.690514,29.76841,29.81691,29.842909,29.935991,29.9301,29.975407,29.986904,29.960196,29.832253,29.699097,29.61032,29.57072,29.550322,29.510517,29.475075,29.437729,29.435492,29.450918,29.476234,29.497408,29.503511,29.554197,29.621235,29.81217,29.96333,,,,,,,,,,,,,,,27.619797,27.760323,28.079945,28.201443,27.944525,27.720797,27.837908,27.925648,27.942944,28.012405,28.045904,27.994738,27.851288,27.853909,28.209597,28.470583,28.489832,28.38518,27.739048,27.669487,28.00153,,,,,,,,,,,,,,,,,,27.982162,27.8168,27.667582,27.777456,27.941778,27.932886,27.879925,27.87005,27.856157,27.825039,27.795355,27.782112,27.772568,27.78867,27.922411,28.228024,28.536842,28.816961,28.90706,28.925806,28.93738,28.95067,28.962671,28.981749,29.02664,29.046568,29.029097,28.959124,28.787933,28.713882,28.782545,28.840092,28.842106,28.85966,28.8497,28.818201,28.806705,28.80168,28.795876,28.795572,28.780903,28.750578,28.714806,28.707474,28.706957,28.70221,28.703993,28.714993,28.714842,28.707289,28.679424,28.657457,28.617474,28.594538,28.588432,28.601744,28.593287,28.593615,28.597916,28.590683,28.597414,28.602867,28.609728,28.612507,28.604538,28.597565,28.59144,28.584293,28.576376,28.568687,28.563778,28.560999,28.572226,28.594194,28.628622,28.662899,28.671064,28.645569,28.588028,28.5219,28.47844,28.474512,28.473858,28.43905,28.382511,28.354223,28.339977,28.305563,28.302652,28.311377,28.346773,28.385796,28.42401,28.437016,28.427233,28.406645,28.377,28.373156,28.37737,28.37827,28.37111,28.345652,28.313587,28.285933,28.256273,28.23532,28.23821,28.265461,28.279692,28.259771,28.22241,28.185762,28.16067,28.126865,28.148087
8.416672,,,,,,,,,,,,,,,,,,,,,,,,,,,,,,,26.584803,26.878206,27.007584,27.11485,27.141142,27.134212,27.188942,27.2557,27.310362,27.314205,27.259985,27.146729,27.03957,26.908949,26.763445,26.629482,26.506933,26.40539,26.338993,26.306627,26.290209,26.290968,26.300543,26.325047,26.355877,26.387175,26.42263,26.459808,26.492975,26.530018,26.56675,26.597164,26.625124,26.640566,26.664837,26.685709,26.712227,26.736275,26.755106,26.774315,26.762632,26.745625,26.715214,26.672844,26.640429,26.613445,26.592083,26.583754,26.585806,26.58703,26.606598,26.657745,26.753897,26.861074,26.943419,26.977287,26.974186,26.93922,26.918669,26.956749,27.121147,27.283804,27.335138,27.353256,27.405321,27.46671,27.518326,27.547302,27.474707,27.35499,27.280054,27.260675,27.269287,27.312588,27.390173,27.54685,27.746284,27.793571,27.648767,27.436695,27.320515,27.445322,27.617224,27.833693,28.027834,28.162045,28.210367,28.315073,28.403042,28.452675,28.53806,28.669613,28.690327,28.58796,28.445324,28.294907,28.175945,28.109354,28.07871,28.059847,28.05664,28.05909,28.096106,28.156343,28.221592,28.285011,28.340803,28.392866,28.441101,28.496634,28.55098,28.600637,28.658314,28.713099,28.756502,28.784113,28.766275,28.695436,28.590708,28.475443,28.406939,28.372614,28.3351,28.300491,28.272223,28.238508,28.1965,28.16281,28.135056,28.105959,28.087759,28.098486,28.134747,28.185225,28.230135,28.261635,28.289005,28.30629,28.323812,28.333256,28.344048,28.356653,28.376328,28.401125,28.43418,28.475733,28.517488,28.549559,28.582401,28.610106,28.625233,28.629404,28.636852,28.672028,28.751251,28.839449,28.883623,28.867792,28.802137,28.720861,28.66675,28.668415,28.704973,28.753157,28.799494,28.830082,28.856726,28.884588,28.897154,28.898653,28.888899,28.88351,28.88473,28.895885,28.917715,28.978891,29.08652,29.18121,29.193918,29.219057,29.298641,29.334503,29.382545,29.414896,29.426933,29.423906,29.426533,29.437881,29.434708,29.42864,29.421656,29.420622,29.424463,29.421686,29.422926,29.433306,29.449041,29.488873,29.54088,29.584059,29.629742,29.6853,29.74425,29.768515,29.848282,29.915367,29.872896,29.848055,29.9033,29.946144,29.957922,29.940266,29.933449,29.902208,29.900541,29.887495,29.87292,29.824516,29.754063,29.673744,29.579943,29.49823,29.44839,29.429846,29.424017,29.402151,29.405642,29.43464,29.499683,29.565546,29.64623,29.722635,29.819685,29.926538,29.996706,29.977411,29.889664,29.856709,29.878597,29.875587,29.871843,29.837727,29.753752,29.709959,29.723984,29.76136,29.787247,29.814661,29.85194,29.864063,29.815472,29.756422,29.731346,29.70956,29.680836,29.690273,29.750242,29.816128,29.891115,29.963112,30.016047,30.034925,30.015392,29.988287,29.968544,29.999992,29.947468,29.826452,29.71343,29.677282,29.587854,29.517927,29.588291,29.60959,29.565548,29.526995,29.560421,29.54185,29.512596,29.398207,29.259634,29.147831,29.08135,29.041056,29.034847,29.028172,29.043682,29.045753,29.081404,29.090742,29.14951,29.179537,29.253849,29.301144,29.358498,29.434353,29.480045,29.559881,29.607468,29.681427,29.73047,29.801334,29.924166,29.959026,29.990114,29.936033,29.831858,29.718395,29.634403,29.586403,29.556473,29.514061,29.473452,29.438602,29.440851,29.452406,29.479591,29.518368,29.542505,29.532167,29.62175,29.765804,29.9013,,,,,,,,,,,,,27.770056,27.72769,27.912558,28.212622,28.32043,28.137117,28.00774,28.08044,28.074411,28.027206,28.065042,28.07218,27.997988,27.918825,28.217657,28.583525,28.608385,28.509722,28.361092,27.858107,27.75511,28.138838,,,,,,,,,,,,,,,,,,,27.876984,27.708158,27.687124,27.858381,27.937084,27.91393,27.908627,27.91613,27.896532,27.869791,27.86857,27.836376,27.800375,27.812523,28.110016,28.525103,28.832945,28.886477,28.902605,28.918425,28.942211,28.962353,29.003431,29.038288,29.03585,28.975824,28.83414,28.716242,28.731848,28.81717,28.848995,28.85671,28.871546,28.844141,28.814526,28.812233,28.807262,28.803299,28.813387,28.793295,28.762209,28.7309,28.715855,28.71722,28.718863,28.719263,28.725496,28.731127,28.731398,28.70125,28.679583,28.640966,28.627186,28.63495,28.61851,28.610605,28.636486,28.649302,28.643639,28.645027,28.645235,28.64764,28.65056,28.647902,28.640879,28.625969,28.612225,28.601254,28.594328,28.604343,28.624537,28.637663,28.655914,28.676838,28.689493,28.685644,28.659681,28.609373,28.548319,28.50127,28.480835,28.448982,28.391613,28.349344,28.336155,28.314602,28.300814,28.307716,28.33787,28.389526,28.443827,28.487093,28.515636,28.517042,28.50177,28.464548,28.428808,28.406338,28.389988,28.375156,28.354118,28.327816,28.296127,28.264023,28.229073,28.198133,28.192137,28.207993,28.211393,28.192722,28.163511,28.128973,28.103449,28.138947
8.333336,,,,,,,,,,,,,,,,,,,,,,,,,,,,,,,26.674997,26.973564,27.100693,27.183283,27.19652,27.212234,27.24824,27.264648,27.26086,27.18759,27.036718,26.8885,26.737535,26.59709,26.475704,26.389568,26.332422,26.305092,26.300936,26.316257,26.333982,26.358482,26.379593,26.408451,26.440264,26.4731,26.517405,26.565342,26.615314,26.674114,26.721064,26.764616,26.802095,26.832266,26.869486,26.90698,26.94008,26.963911,26.988487,26.980856,26.941093,26.897856,26.828508,26.768848,26.71416,26.664095,26.630161,26.611965,26.592825,26.589052,26.625093,26.724865,26.857317,26.969032,27.041351,27.07174,27.051668,26.978645,26.9541,26.977737,27.089663,27.240204,27.305521,27.32788,27.37212,27.440447,27.493755,27.547789,27.508478,27.404156,27.313267,27.267494,27.25468,27.291937,27.424158,27.649343,27.800604,27.772358,27.620584,27.38093,27.284348,27.430002,27.542742,27.761623,27.94333,28.08123,28.123909,28.20062,28.281837,28.31173,28.371689,28.55006,28.683817,28.680511,28.610151,28.463772,28.29469,28.180677,28.121645,28.090229,28.080444,28.082825,28.10942,28.151676,28.210472,28.2748,28.338154,28.39562,28.43855,28.48713,28.534792,28.580557,28.627346,28.67773,28.716854,28.740044,28.732578,28.683279,28.598625,28.498764,28.430069,28.390366,28.344421,28.301931,28.283522,28.264595,28.235207,28.20965,28.189087,28.162306,28.135403,28.128115,28.15039,28.193745,28.232325,28.256548,28.283321,28.308407,28.332943,28.343384,28.351284,28.367947,28.390123,28.414831,28.449112,28.49214,28.524778,28.54656,28.565384,28.590418,28.620481,28.646202,28.656502,28.657948,28.67212,28.73017,28.808815,28.869455,28.877054,28.825827,28.759672,28.734262,28.736437,28.767536,28.807539,28.840828,28.864206,28.896475,28.91555,28.925947,28.915226,28.897455,28.88595,28.895046,28.918837,28.973324,29.071743,29.176088,29.195938,29.232862,29.315472,29.368347,29.412111,29.432539,29.427418,29.414167,29.420948,29.435919,29.44652,29.444235,29.436132,29.425285,29.398819,29.3875,29.388617,29.410484,29.442049,29.487503,29.520658,29.565802,29.617088,29.688936,29.742802,29.764427,29.873224,29.927557,29.909966,29.89416,29.890774,29.905928,29.910435,29.907187,29.90513,29.906849,29.936613,29.958231,29.959179,29.950155,29.925482,29.864958,29.762577,29.653728,29.570026,29.516987,29.48913,29.46641,29.47264,29.498314,29.55621,29.634977,29.7236,29.809961,29.913933,29.999405,30.051361,30.035416,29.944433,29.86065,29.871523,29.874674,29.872448,29.85927,29.77255,29.731133,29.75156,29.76708,29.778679,29.826862,29.823553,29.735668,29.655642,29.622444,29.614393,29.614243,29.621433,29.636538,29.719553,29.811003,29.870716,29.935492,29.98654,29.999931,29.988438,29.967354,29.970245,29.978582,29.888203,29.775381,29.691952,29.64258,29.565376,29.534855,29.542336,29.530615,29.507484,29.495314,29.464094,29.359076,29.18177,29.005796,28.89811,28.858606,28.84293,28.84902,28.863403,28.879221,28.892988,28.91207,28.915297,28.93174,28.94141,28.986656,29.021544,29.100988,29.149103,29.253368,29.308176,29.418974,29.446129,29.528278,29.55074,29.620823,29.622633,29.77499,29.920609,29.975554,29.939072,29.83158,29.707653,29.634916,29.602652,29.582098,29.542925,29.483147,29.4547,29.430883,29.434927,29.462887,29.524626,29.541891,29.586466,29.596884,29.800594,29.902626,,,,,,,,,,27.461359,27.50562,27.634138,27.759724,28.092943,28.38914,28.41923,28.328768,28.249393,28.24194,28.180807,28.092249,28.08965,28.02339,27.963287,28.206358,28.62038,28.732258,28.65752,28.558826,28.355104,27.938356,27.847195,28.182116,,,,,,,,,,,,,,,,,,,27.976679,27.784184,27.652521,27.749775,27.882454,27.931128,27.945469,27.951262,27.942295,27.917559,27.913734,27.853018,27.796389,27.764948,28.023659,28.530403,28.832655,28.872429,28.902012,28.922195,28.939117,28.964272,29.010681,29.026468,28.985796,28.879353,28.739624,28.698162,28.773197,28.845318,28.85405,28.874548,28.876904,28.842302,28.823744,28.82442,28.812895,28.81426,28.8275,28.802296,28.763802,28.735191,28.717,28.724497,28.73397,28.736721,28.748714,28.7605,28.758085,28.737179,28.705795,28.681435,28.678097,28.655561,28.647486,28.676346,28.663414,28.646437,28.637316,28.63349,28.630638,28.635406,28.646805,28.66194,28.674726,28.684322,28.687511,28.688162,28.68333,28.668001,28.661285,28.674664,28.68121,28.686886,28.690672,28.680279,28.650667,28.59503,28.541183,28.4928,28.449514,28.400665,28.369177,28.36733,28.351543,28.338106,28.347633,28.366922,28.4032,28.459488,28.512903,28.552664,28.583464,28.599648,28.603947,28.593517,28.556744,28.51334,28.467525,28.424955,28.387543,28.353895,28.31612,28.284685,28.249138,28.210394,28.17207,28.149323,28.150146,28.13928,28.112114,28.089987,28.070456,28.094896
8.25,,,,,,,,,,,,,,,,,,,,,,,,,,,,,,,26.789482,27.053076,27.16691,27.226648,27.224195,27.223759,27.213436,27.16263,27.069855,26.884808,26.716581,26.562212,26.442966,26.370516,26.326513,26.321184,26.33685,26.3611,26.386478,26.413952,26.435268,26.457706,26.481043,26.52128,26.56839,26.632166,26.706886,26.776522,26.847225,26.912573,26.955112,26.998175,27.02629,27.056833,27.092852,27.12786,27.149517,27.1744,27.166317,27.117424,27.051495,26.972988,26.8821,26.814486,26.753265,26.688713,26.65471,26.620047,26.583185,26.608667,26.70228,26.855867,26.998188,27.100346,27.156052,27.162209,27.113054,27.018864,26.993208,27.006992,27.072134,27.20797,27.282604,27.311996,27.351278,27.41875,27.471672,27.532513,27.526827,27.449146,27.363428,27.310457,27.297997,27.356821,27.530277,27.73837,27.810781,27.746273,27.56971,27.33926,27.26915,27.401825,27.504425,27.69225,27.863367,27.98736,28.042946,28.091503,28.160103,28.166796,28.177443,28.335323,28.535807,28.642431,28.686646,28.636036,28.476841,28.313314,28.208757,28.139456,28.104826,28.09246,28.113985,28.142044,28.188046,28.247482,28.310507,28.373835,28.421852,28.466442,28.509054,28.552502,28.596891,28.641088,28.67693,28.697187,28.695887,28.670065,28.61315,28.536558,28.471342,28.419615,28.363407,28.310286,28.29456,28.2878,28.269318,28.247906,28.228895,28.21477,28.203465,28.199554,28.215761,28.257023,28.290678,28.315243,28.342974,28.360483,28.384626,28.393654,28.400103,28.412514,28.427078,28.444181,28.469444,28.498579,28.512768,28.51546,28.510225,28.519346,28.55214,28.593023,28.630493,28.651909,28.659782,28.66998,28.710405,28.781689,28.845852,28.869646,28.846075,28.820425,28.798697,28.798216,28.825026,28.85372,28.875883,28.909622,28.938549,28.956617,28.95255,28.907671,28.880379,28.877834,28.894777,28.942234,29.038029,29.158278,29.195135,29.239267,29.324999,29.388882,29.426159,29.43473,29.418884,29.411552,29.431704,29.439169,29.448643,29.44571,29.434103,29.399939,29.382698,29.375084,29.384026,29.412806,29.431805,29.45937,29.500229,29.554024,29.598656,29.671381,29.720436,29.778204,29.902426,29.924564,29.91505,29.855654,29.759342,29.722305,29.697422,29.66295,29.659737,29.72069,29.793312,29.87313,29.921486,29.980408,30.0264,30.02706,29.958323,29.86225,29.775496,29.6863,29.62778,29.587013,29.574934,29.588327,29.639193,29.720528,29.803822,29.882524,29.970564,30.036362,30.053148,30.056711,29.976257,29.860264,29.85385,29.850788,29.845951,29.866339,29.791313,29.747007,29.767395,29.76624,29.802963,29.814259,29.741262,29.62115,29.583042,29.580614,29.576681,29.594437,29.60094,29.588726,29.64909,29.775335,29.857716,29.917685,29.9605,29.976946,29.974781,29.956793,29.947096,29.917141,29.82174,29.728254,29.655632,29.606884,29.556282,29.522123,29.48944,29.480148,29.484211,29.46726,29.277906,29.106752,28.91852,28.838053,28.805014,28.802032,28.807354,28.825891,28.844437,28.863655,28.874964,28.893045,28.895489,28.908752,28.890062,28.922611,28.90088,28.964321,28.966381,29.066807,29.108027,29.236088,29.305178,29.399443,29.434666,29.512447,29.49915,29.547203,29.666267,29.85847,29.9241,29.906033,29.816631,29.710625,29.657316,29.640392,29.614737,29.514912,29.454187,29.417936,29.403368,29.423111,29.44684,29.50893,29.588448,29.565056,29.674913,29.803999,29.856539,,,,,,,,27.480223,27.522163,27.684805,27.8728,28.085173,28.335894,28.428616,28.426392,28.353306,28.304773,28.277481,28.175661,28.053865,27.984377,28.030087,28.268986,28.619465,28.736395,28.74265,28.692562,28.547754,28.376816,27.971855,,,,,,,,,,,,,,,,,,,,,28.178547,27.999947,27.727879,27.698534,27.790573,27.88736,27.936193,27.95695,27.960493,27.956564,27.940582,27.876112,27.81113,27.73285,27.990812,28.61624,28.845356,28.884754,28.924171,28.943268,28.956322,28.97264,29.01385,29.001917,28.91725,28.777487,28.703487,28.731695,28.8115,28.843254,28.859356,28.884739,28.86751,28.845383,28.832905,28.831991,28.822088,28.828928,28.832788,28.803617,28.763182,28.734728,28.72448,28.736954,28.747522,28.75856,28.770054,28.78369,28.784143,28.7634,28.725742,28.705915,28.68597,28.653736,28.658014,28.62192,28.593222,28.58284,28.580696,28.571579,28.566696,28.574362,28.593693,28.61413,28.63375,28.661974,28.69919,28.738985,28.744421,28.729961,28.719494,28.724197,28.722202,28.71321,28.68896,28.652082,28.606472,28.550293,28.505007,28.452412,28.416733,28.393488,28.402576,28.41049,28.395018,28.414835,28.431059,28.457935,28.490934,28.529877,28.567001,28.597313,28.619379,28.63997,28.658283,28.670639,28.665323,28.644327,28.609354,28.557487,28.495056,28.435884,28.374746,28.326685,28.286314,28.243315,28.212587,28.170326,28.123901,28.09995,28.075441,28.055403,28.04232,28.05906
8.166672,,,,,,,,,,,,,,,,,,,,,,,,,,,,,26.67814,26.773634,26.866583,27.11643,27.21029,27.218716,27.175905,27.14123,27.048403,26.913446,26.747158,26.557325,26.442093,26.353535,26.33268,26.348057,26.374277,26.414782,26.456787,26.494183,26.528316,26.556942,26.582016,26.613455,26.662971,26.727726,26.803656,26.883707,26.956827,27.011055,27.059662,27.08662,27.110706,27.142187,27.161415,27.188875,27.214624,27.24645,27.269157,27.279604,27.233912,27.147215,27.053505,26.95078,26.862856,26.795727,26.719442,26.663223,26.630156,26.58706,26.598404,26.720715,26.898355,27.065886,27.16021,27.193918,27.209251,27.180677,27.111261,27.040989,27.035645,27.032772,27.068947,27.195316,27.270754,27.300533,27.33762,27.400599,27.457817,27.520206,27.546425,27.50243,27.4334,27.388092,27.390543,27.47348,27.641674,27.785427,27.80204,27.722427,27.527275,27.281067,27.275661,27.356066,27.476658,27.638939,27.78824,27.89899,27.95108,27.991476,28.035677,28.026316,28.008215,28.116613,28.318254,28.498215,28.636173,28.714178,28.657375,28.5011,28.362843,28.249468,28.170393,28.122913,28.116383,28.133335,28.165356,28.211008,28.27067,28.331831,28.387146,28.436008,28.482037,28.526701,28.567812,28.609928,28.641651,28.660622,28.663837,28.65053,28.616028,28.5632,28.50819,28.449438,28.38422,28.327314,28.309126,28.307793,28.29751,28.27903,28.258556,28.242847,28.238518,28.249191,28.276674,28.322844,28.366447,28.408073,28.436708,28.451342,28.475306,28.478767,28.481997,28.486061,28.49527,28.502434,28.502548,28.506992,28.504784,28.493727,28.476456,28.46619,28.478676,28.50482,28.542374,28.590403,28.6246,28.649132,28.671247,28.707645,28.761631,28.817057,28.850912,28.867563,28.85728,28.841991,28.850355,28.868229,28.891125,28.927195,28.961828,28.988705,28.99822,28.946014,28.899595,28.876175,28.879692,28.915783,29.013634,29.137938,29.180754,29.240309,29.321045,29.394667,29.430092,29.431648,29.414173,29.419394,29.447525,29.450739,29.458124,29.438812,29.411518,29.381132,29.368362,29.37259,29.390001,29.415815,29.421276,29.439968,29.487984,29.531696,29.588297,29.647978,29.70565,29.802525,29.900085,29.902073,29.864594,29.70633,29.548985,29.480331,29.426466,29.384953,29.397902,29.456213,29.54277,29.66098,29.742208,29.838408,29.932144,30.02074,30.051203,30.021837,29.972212,29.888561,29.80718,29.739271,29.69053,29.678553,29.708801,29.772945,29.846973,29.909784,29.97068,30.031034,30.015608,30.033894,29.977358,29.873413,29.850807,29.831251,29.803356,29.8401,29.812428,29.765503,29.769909,29.790466,29.79289,29.763931,29.661543,29.57881,29.573788,29.555834,29.563845,29.582567,29.55422,29.51928,29.535185,29.63175,29.802334,29.900661,29.939466,29.95987,29.964901,29.944164,29.921507,29.872046,29.773485,29.697989,29.633177,29.568668,29.533726,29.501305,29.473482,29.479242,29.473635,29.24315,29.020922,28.928953,28.835623,28.823475,28.793943,28.784367,28.773743,28.787806,28.81126,28.835806,28.855524,28.872988,28.88988,28.903873,28.88667,28.906132,28.871618,28.906555,28.889421,28.94787,28.972,29.053717,29.131607,29.24221,29.288754,29.368752,29.420694,29.457197,29.449045,29.584452,29.83701,29.879147,29.861902,29.764046,29.683966,29.672523,29.616137,29.46887,29.41275,29.376974,29.370516,29.360863,29.382395,29.440147,29.481792,29.54453,29.59004,29.683197,29.779514,29.791397,,,,,27.463142,27.494844,27.544258,27.687086,27.911669,28.092474,28.287271,28.407637,28.3987,28.368448,28.268663,28.220413,28.119408,28.029099,28.03834,28.16206,28.41077,28.638338,28.725431,28.705627,28.743225,28.682503,28.51093,28.290092,28.015392,,,,,,,,,,,,,,,,,,,,,,28.163933,27.813448,27.720964,27.744118,27.820187,27.87967,27.913042,27.93683,27.96127,27.960066,27.900053,27.825583,27.69755,28.092033,28.724562,28.854967,28.907543,28.949873,28.964243,28.974644,28.99831,29.012651,28.963207,28.837671,28.712969,28.706741,28.774303,28.821135,28.831827,28.867683,28.885498,28.86491,28.850666,28.840794,28.83747,28.839115,28.847038,28.840374,28.813084,28.777212,28.74171,28.73607,28.748507,28.764612,28.780987,28.789358,28.79993,28.79891,28.779549,28.739822,28.702347,28.669176,28.645815,28.620092,28.587547,28.58153,28.585478,28.577555,28.568323,28.571293,28.584867,28.597246,28.607845,28.614857,28.630402,28.66163,28.70008,28.718794,28.725088,28.734262,28.738476,28.72864,28.706945,28.648933,28.588938,28.544668,28.51084,28.467087,28.432493,28.43141,28.455814,28.478632,28.474432,28.488071,28.509705,28.518108,28.536343,28.563053,28.583557,28.60274,28.624336,28.641954,28.658195,28.671953,28.68244,28.693054,28.696276,28.693937,28.678663,28.63409,28.569918,28.505291,28.43893,28.374537,28.322233,28.249622,28.214594,28.17115,28.142733,28.113853,28.085047,28.080612,28.093811
8.083336,,,,,,,,,,,,,,,,,,,,,,,,,,,,26.688402,26.73331,26.84318,26.951954,27.155281,27.196669,27.129673,27.036741,26.947617,26.776182,26.612469,26.463621,26.353542,26.335457,26.350252,26.407013,26.47311,26.52777,26.590656,26.6433,26.692059,26.732643,26.760246,26.790958,26.839798,26.90448,26.96964,27.032331,27.07654,27.109324,27.127876,27.13861,27.147032,27.169035,27.193432,27.206455,27.231855,27.256306,27.30372,27.321537,27.307358,27.20572,27.077116,26.958466,26.844212,26.741875,26.676207,26.62392,26.592583,26.576347,26.626146,26.788216,26.96854,27.121582,27.215101,27.241674,27.226025,27.200338,27.151312,27.095379,27.065952,27.066357,27.045506,27.06997,27.181103,27.257267,27.284616,27.324276,27.390509,27.449625,27.516687,27.548672,27.536716,27.505945,27.485548,27.511309,27.595356,27.72097,27.803202,27.79299,27.696833,27.476217,27.217113,27.269957,27.328793,27.444319,27.584274,27.72487,27.813951,27.848211,27.889807,27.91876,27.890385,27.854136,27.913513,28.07837,28.266718,28.475296,28.660015,28.713121,28.670351,28.553026,28.426758,28.299139,28.206516,28.149134,28.134586,28.148594,28.18213,28.23204,28.29465,28.352339,28.404642,28.450617,28.498512,28.540667,28.58084,28.610094,28.63006,28.63813,28.627623,28.604925,28.56923,28.52601,28.472996,28.406168,28.348444,28.32568,28.322126,28.317469,28.302555,28.282373,28.265017,28.255846,28.264408,28.282778,28.33276,28.393969,28.457657,28.505518,28.539724,28.562689,28.578266,28.597198,28.603199,28.615128,28.618155,28.599728,28.578619,28.553097,28.5299,28.506945,28.480614,28.474342,28.474808,28.487438,28.519567,28.55255,28.59074,28.644901,28.692274,28.724417,28.7574,28.793386,28.833311,28.859676,28.868565,28.87169,28.88147,28.908434,28.942978,28.978014,29.007517,29.025291,28.983349,28.932072,28.888405,28.885138,28.920835,29.02262,29.144718,29.192106,29.255426,29.324196,29.396397,29.431387,29.426306,29.408613,29.425182,29.45391,29.462606,29.45296,29.416422,29.399572,29.375376,29.356295,29.375387,29.389927,29.405416,29.409712,29.43455,29.479555,29.53504,29.606964,29.632526,29.706762,29.821918,29.842068,29.806284,29.722897,29.507532,29.3367,29.27817,29.255377,29.259733,29.291689,29.336018,29.391708,29.45554,29.509512,29.606098,29.711979,29.843649,29.947437,30.034693,30.081474,30.04797,29.977015,29.90603,29.843708,29.806295,29.794449,29.817636,29.855679,29.89361,29.931334,29.985945,29.96481,29.977545,29.9581,29.864183,29.818808,29.827343,29.795624,29.80718,29.836561,29.778456,29.782455,29.770018,29.753727,29.717085,29.629507,29.586014,29.568108,29.557854,29.57487,29.571756,29.532887,29.4921,29.463902,29.515926,29.644058,29.798317,29.89845,29.933506,29.939062,29.920858,29.888563,29.830116,29.738813,29.677895,29.6161,29.538713,29.516443,29.501297,29.463428,29.48351,29.322338,29.077328,28.924097,28.865662,28.798573,28.781534,28.72843,28.720726,28.714836,28.747646,28.801235,28.860619,28.905266,28.94081,28.96616,28.978252,28.962921,28.958565,28.917622,28.903606,28.869654,28.8855,28.901777,28.946924,29.000017,29.097977,29.16506,29.222258,29.273922,29.375896,29.35646,29.399612,29.561693,29.756361,29.832497,29.734097,29.724302,29.664158,29.485292,29.378529,29.362228,29.34523,29.333931,29.33116,29.341204,29.39523,29.37526,29.488873,29.531178,29.634409,29.720135,29.670141,29.594702,29.259277,28.54182,27.577728,27.50989,27.693604,27.726126,27.937029,28.132395,28.250254,28.336786,28.343086,28.323204,28.212334,28.129839,28.114164,28.093773,28.17286,28.321646,28.529564,28.662361,28.710516,28.714249,28.719933,28.73075,28.731575,28.594234,28.351553,28.039522,,,,,,,,,,,,,,,,,,,,,,28.248785,27.934555,27.73088,27.711346,27.763233,27.816807,27.860819,27.903519,27.947092,27.949764,27.879892,27.806133,27.683594,28.274002,28.780725,28.865948,28.929949,28.962553,28.972609,28.98568,29.005049,28.99001,28.914082,28.78216,28.702267,28.751108,28.803698,28.813185,28.834028,28.875849,28.881115,28.865604,28.85276,28.84949,28.842783,28.858326,28.857304,28.850363,28.82672,28.796448,28.761847,28.755108,28.764982,28.780838,28.79605,28.800713,28.807337,28.802515,28.783247,28.743048,28.697977,28.672525,28.651663,28.616564,28.598225,28.595861,28.590633,28.561852,28.562328,28.576982,28.592457,28.612247,28.633984,28.648289,28.66052,28.672579,28.683027,28.692364,28.704197,28.71808,28.71657,28.697361,28.645788,28.579792,28.531477,28.514738,28.48195,28.445524,28.454185,28.48206,28.509798,28.521805,28.537035,28.555096,28.562958,28.574333,28.587397,28.601881,28.614431,28.621733,28.630455,28.643726,28.654497,28.660881,28.662394,28.667547,28.673203,28.681995,28.691225,28.694471,28.670473,28.630493,28.583334,28.521044,28.442064,28.357327,28.278692,28.220224,28.191605,28.178986,28.162035,28.148985,28.154202
8.0,,,,,,,,,,,,,,,,,,,,,,,,,,,26.624641,26.728168,26.808962,26.89997,27.014364,27.159285,27.106804,26.953163,26.848068,26.692642,26.496147,26.416792,26.334711,26.34729,26.422611,26.508041,26.598585,26.675743,26.740664,26.801659,26.84629,26.889103,26.92052,26.944569,26.981577,27.034224,27.07475,27.10195,27.109457,27.108088,27.107744,27.111559,27.11816,27.137463,27.160763,27.173857,27.189478,27.223593,27.26795,27.311417,27.316416,27.239618,27.096123,26.95374,26.839777,26.724472,26.642569,26.607862,26.604475,26.603233,26.69522,26.87442,27.04465,27.14818,27.24014,27.28552,27.284311,27.249456,27.194283,27.150972,27.119095,27.103563,27.09338,27.048948,27.062836,27.166775,27.256287,27.278214,27.310171,27.379154,27.43807,27.49503,27.545717,27.56106,27.565424,27.578682,27.617067,27.687422,27.765366,27.803997,27.774939,27.656685,27.4076,27.190363,27.242174,27.310955,27.409723,27.533838,27.664022,27.740688,27.75659,27.781788,27.803442,27.779955,27.754715,27.771349,27.873674,28.031754,28.26104,28.511335,28.654419,28.69873,28.68949,28.617353,28.478354,28.332872,28.226067,28.17927,28.161098,28.168978,28.200695,28.257208,28.322872,28.379192,28.426575,28.468866,28.511517,28.548685,28.57713,28.59832,28.611734,28.605347,28.585676,28.556824,28.524237,28.485275,28.425245,28.367498,28.338121,28.329962,28.327414,28.320648,28.306099,28.294945,28.286903,28.29206,28.299023,28.329628,28.37784,28.440847,28.506733,28.570961,28.617851,28.661913,28.706493,28.73883,28.765762,28.788532,28.782187,28.759863,28.722296,28.671404,28.629662,28.582577,28.563501,28.552656,28.549603,28.56287,28.575201,28.57382,28.59798,28.652498,28.710373,28.746243,28.770487,28.795479,28.826107,28.856619,28.876368,28.898949,28.92705,28.961847,28.997732,29.024378,29.03383,29.01264,28.952593,28.897396,28.879692,28.908186,29.024002,29.13948,29.199583,29.26986,29.335123,29.395632,29.428907,29.418396,29.404655,29.439026,29.469452,29.467356,29.439072,29.41332,29.414322,29.41506,29.383896,29.381817,29.386097,29.389061,29.40101,29.444832,29.49215,29.567518,29.61907,29.60721,29.713999,29.818892,29.797594,29.71831,29.527563,29.342663,29.241577,29.20228,29.2047,29.233162,29.277435,29.326696,29.381279,29.410835,29.421211,29.444809,29.504417,29.612896,29.723524,29.875156,30.017311,30.085917,30.081913,30.05322,30.00513,29.967218,29.927635,29.914927,29.90394,29.924265,29.918022,29.966644,29.962631,29.928278,29.928764,29.84128,29.719452,29.794815,29.785954,29.74093,29.845097,29.829912,29.79801,29.7219,29.705212,29.705769,29.654291,29.594004,29.571642,29.592604,29.598757,29.598316,29.55782,29.504347,29.45964,29.445408,29.504786,29.619236,29.77735,29.87261,29.873905,29.841925,29.82359,29.76657,29.68811,29.631485,29.589294,29.531755,29.506073,29.495895,29.47579,29.435616,29.13663,28.984882,28.831512,28.849264,28.794693,28.774073,28.725536,28.727297,28.733791,28.79147,28.88009,28.970627,29.038715,29.088013,29.110348,29.130856,29.119787,29.113169,29.067186,29.025326,28.968513,28.914473,28.878002,28.883286,28.915176,28.974773,29.049627,29.11623,29.137827,29.242561,29.28566,29.29687,29.346462,29.579725,29.66493,29.600698,29.677168,29.505688,29.361729,29.33895,29.345205,29.314617,29.290783,29.275621,29.274315,29.292027,29.301197,29.373806,29.392927,29.508947,29.617273,29.561573,29.41597,28.924307,27.929617,27.52213,27.705645,27.953657,27.96106,28.189354,28.326408,28.366024,28.34444,28.282738,28.212137,28.163538,28.207485,28.311342,28.426361,28.54179,28.628384,28.68744,28.692865,28.677702,28.679121,28.70722,28.74178,28.774408,28.719425,28.586597,28.208006,28.634338,,,,,,,,,,,,,,,,,,,,,,28.13364,27.865757,27.724918,27.720467,27.75534,27.811153,27.840128,27.899809,27.884449,27.838848,27.769909,27.729979,28.525671,28.813568,28.886337,28.938068,28.96576,28.978365,28.987019,28.989008,28.96689,28.885172,28.751595,28.713259,28.783623,28.811558,28.809483,28.843424,28.874577,28.868813,28.862654,28.85048,28.856234,28.849897,28.866394,28.863338,28.860058,28.843596,28.815832,28.79112,28.776941,28.787409,28.799257,28.809147,28.817268,28.82162,28.812317,28.787123,28.751966,28.703873,28.678879,28.648132,28.609392,28.5839,28.567614,28.548323,28.52727,28.535828,28.562365,28.58368,28.612326,28.636927,28.668568,28.690388,28.699686,28.696117,28.69362,28.69778,28.701126,28.681635,28.642664,28.594627,28.553158,28.528267,28.486258,28.44393,28.453983,28.485903,28.51139,28.519417,28.535664,28.562492,28.5777,28.59254,28.6017,28.611683,28.62036,28.63092,28.627151,28.623743,28.621716,28.624641,28.629923,28.629509,28.625313,28.618454,28.612667,28.611122,28.62695,28.649837,28.66823,28.671719,28.648483,28.604908,28.52302,28.407885,28.289906,28.230268,28.204348,28.202784,28.1932,28.188105
7.9166718,,,,,,,,,,,,,,,,,,,,,,,,,,,26.653912,26.763655,26.820965,26.919926,27.050972,27.098476,26.92576,26.757383,26.632086,26.440432,26.351057,26.38184,26.387884,26.517616,26.634962,26.739742,26.803564,26.856457,26.8983,26.924149,26.953526,26.99614,27.028614,27.051748,27.079718,27.08976,27.083618,27.067652,27.05688,27.053507,27.07335,27.09636,27.120003,27.147844,27.16556,27.183455,27.222809,27.267962,27.301928,27.31779,27.265656,27.146084,26.993034,26.88765,26.80003,26.709747,26.693441,26.75037,26.81441,26.869604,26.974337,27.088966,27.177206,27.241436,27.306574,27.322224,27.311527,27.276201,27.21304,27.182508,27.158947,27.125387,27.087656,27.03538,27.044773,27.153015,27.254221,27.274073,27.300785,27.366205,27.4355,27.489864,27.537334,27.581554,27.618402,27.646101,27.684181,27.728518,27.778305,27.789255,27.73184,27.619272,27.345127,27.195267,27.237913,27.308155,27.38304,27.488348,27.59822,27.658604,27.666222,27.681534,27.677736,27.671408,27.67683,27.684647,27.734451,27.82097,28.008148,28.297297,28.520224,28.63265,28.69522,28.712559,28.659492,28.512135,28.346443,28.245144,28.211258,28.193699,28.188951,28.218523,28.286663,28.352322,28.40585,28.445719,28.483076,28.517992,28.54543,28.564663,28.58331,28.58812,28.569973,28.543577,28.512697,28.48005,28.43362,28.381285,28.348267,28.337526,28.336231,28.336199,28.330935,28.33038,28.329746,28.33069,28.33308,28.358578,28.404263,28.451044,28.495535,28.564783,28.64465,28.726547,28.81324,28.871653,28.908007,28.937204,28.950909,28.955786,28.945099,28.91211,28.872774,28.807251,28.754122,28.702375,28.671455,28.686665,28.69911,28.667023,28.621744,28.62598,28.671293,28.732878,28.776457,28.80133,28.82131,28.84902,28.881786,28.932112,28.954437,28.984423,29.018833,29.039457,29.0417,29.035904,28.980816,28.923243,28.885077,28.90065,29.026876,29.140404,29.211084,29.27888,29.345554,29.40431,29.438522,29.42075,29.398335,29.440842,29.470764,29.468643,29.442017,29.42668,29.427458,29.426497,29.382305,29.37982,29.37951,29.381592,29.411125,29.464914,29.521557,29.59323,29.602001,29.628918,29.737545,29.77114,29.712069,29.56064,29.344448,29.247683,29.19639,29.171951,29.178223,29.203005,29.253635,29.305521,29.35232,29.391468,29.427425,29.434776,29.448893,29.47907,29.533764,29.680132,29.859661,29.990015,30.0564,30.058971,30.044518,30.027853,30.010048,29.987719,29.988728,29.975746,29.962511,29.958035,29.959135,29.918432,29.888235,29.791168,29.658867,29.77196,29.79363,29.686886,29.762562,29.830824,29.81496,29.751825,29.698418,29.699759,29.678633,29.631985,29.618023,29.613354,29.614174,29.619963,29.570799,29.51542,29.483833,29.474524,29.474653,29.518402,29.651867,29.724234,29.743534,29.72646,29.72944,29.683672,29.621347,29.576164,29.553795,29.534897,29.51491,29.508291,29.441946,29.348518,29.027622,28.901575,28.79048,28.87043,28.864649,28.787544,28.710564,28.701155,28.726154,28.826609,28.956404,29.067265,29.146751,29.196486,29.225082,29.248173,29.249556,29.244854,29.212292,29.18023,29.132206,29.066206,28.984274,28.928194,28.894077,28.909136,28.948242,29.026793,29.045334,29.117105,29.194857,29.235775,29.240553,29.406263,29.518381,29.538218,29.520287,29.379206,29.35902,29.35656,29.32358,29.270115,29.233318,29.204151,29.178898,29.168453,29.151173,29.24085,29.292133,29.396559,29.543116,29.505632,29.266155,28.511879,27.69695,27.756351,28.084728,28.172438,28.2105,28.345768,28.39102,28.354843,28.298458,28.216137,28.212997,28.320332,28.449533,28.558916,28.612278,28.631603,28.65432,28.639696,28.6336,28.625061,28.638353,28.674232,28.700659,28.730932,28.73693,28.66643,28.444515,28.594624,,,,,,,,,,,,,,,,,,,,,,28.234621,27.995481,27.791058,27.714384,27.723372,27.756903,27.774015,27.827127,27.796614,27.81352,27.70429,27.960636,28.723211,28.83362,28.904469,28.945238,28.977617,28.986973,28.97953,28.978262,28.954828,28.864956,28.737064,28.72627,28.795996,28.810102,28.80361,28.83652,28.86116,28.857763,28.855076,28.851385,28.856215,28.858774,28.864227,28.871767,28.87202,28.86386,28.845163,28.825884,28.809464,28.807592,28.81636,28.819899,28.83504,28.84048,28.829813,28.794876,28.762846,28.710127,28.67141,28.633717,28.60392,28.568903,28.547031,28.52594,28.510714,28.53071,28.5573,28.59369,28.636732,28.670277,28.69865,28.711403,28.71038,28.695349,28.68122,28.677776,28.668934,28.641325,28.613136,28.56866,28.528753,28.471882,28.442022,28.45587,28.485746,28.496319,28.501223,28.52165,28.534914,28.566187,28.598825,28.622868,28.63719,28.640127,28.650513,28.652641,28.634605,28.621904,28.612318,28.603453,28.598839,28.587788,28.573708,28.55494,28.535765,28.508331,28.50306,28.52237,28.566563,28.619263,28.658901,28.67983,28.645485,28.578768,28.457415,28.32291,28.254017,28.234253,28.211498,28.197975
7.833336,,,,,,,,,,,,,,,,,,,,,,,,,,,26.665674,26.779331,26.86692,26.957651,27.027248,26.942291,26.707039,26.548988,26.426226,26.326618,26.37214,26.464079,26.572584,26.726698,26.81457,26.855772,26.875631,26.895758,26.91491,26.921757,26.96213,27.017122,27.046429,27.055756,27.054838,27.049492,27.03679,27.042334,27.068592,27.101961,27.139694,27.163738,27.183231,27.203445,27.216845,27.244701,27.289028,27.301178,27.295788,27.26282,27.178478,27.055454,26.951534,26.895674,26.857237,26.835367,26.87005,26.942583,27.015549,27.069248,27.125149,27.177761,27.233223,27.28952,27.338291,27.355902,27.337555,27.303768,27.246824,27.215878,27.19352,27.140347,27.066872,27.006964,27.026226,27.138996,27.23471,27.269138,27.292507,27.345469,27.42029,27.472357,27.524435,27.577429,27.629562,27.667738,27.702362,27.734324,27.758932,27.750366,27.673454,27.579582,27.302176,27.199356,27.254192,27.316841,27.38669,27.467657,27.548542,27.584898,27.57976,27.58733,27.57532,27.575499,27.598797,27.62736,27.653416,27.68472,27.796185,28.0383,28.31449,28.522581,28.626808,28.692694,28.72717,28.679588,28.530817,28.36162,28.2663,28.231234,28.214024,28.205664,28.242104,28.320646,28.38308,28.427116,28.45887,28.491674,28.517876,28.53733,28.555168,28.567932,28.563965,28.546038,28.51742,28.479862,28.435007,28.387957,28.358198,28.34927,28.352915,28.355158,28.355543,28.35925,28.364012,28.37373,28.374296,28.377802,28.423666,28.48553,28.544506,28.612448,28.697035,28.786966,28.877794,28.955843,29.007156,29.04993,29.08293,29.111904,29.123964,29.125624,29.10866,29.062248,28.9939,28.916027,28.84152,28.834234,28.847034,28.818384,28.73926,28.673557,28.663715,28.693863,28.754906,28.808237,28.841757,28.866669,28.892633,28.930843,28.968937,29.003136,29.027311,29.042395,29.04637,29.041235,28.990755,28.935781,28.886042,28.912176,29.048649,29.156311,29.229876,29.29413,29.3536,29.40667,29.443989,29.427263,29.382534,29.422564,29.446674,29.441416,29.44354,29.440565,29.439592,29.41834,29.378132,29.376152,29.375534,29.393206,29.433834,29.493443,29.550829,29.607914,29.611195,29.653015,29.71182,29.658297,29.587328,29.428223,29.272436,29.215866,29.154175,29.14962,29.168406,29.192114,29.258625,29.311476,29.34309,29.379004,29.4276,29.447397,29.486,29.492012,29.504105,29.572313,29.74206,29.892424,29.98426,30.009825,30.010418,30.002872,29.993607,29.981604,29.958517,29.845167,29.745207,29.717953,29.668127,29.619476,29.700356,29.744541,29.561846,29.673494,29.801046,29.690401,29.668425,29.735039,29.800175,29.768085,29.692156,29.703037,29.709923,29.674381,29.660765,29.626417,29.613722,29.620955,29.573696,29.527624,29.50563,29.512234,29.487473,29.4946,29.541111,29.616602,29.65016,29.650005,29.65604,29.61997,29.587671,29.54188,29.52631,29.516415,29.511057,29.487818,29.430786,29.255474,28.939497,28.833855,28.79863,28.88064,29.001581,28.832699,28.724215,28.715225,28.762224,28.905792,29.050928,29.164114,29.229864,29.269552,29.296219,29.320688,29.332314,29.332428,29.301054,29.275309,29.250814,29.207626,29.141106,29.064089,28.98269,28.923792,28.905853,28.956373,28.984995,29.017689,29.090343,29.162043,29.178238,29.29203,29.417454,29.455137,29.423532,29.374325,29.364334,29.314402,29.25992,29.2061,29.17003,29.136223,29.087973,29.058252,29.04792,29.144308,29.24271,29.3387,29.47318,29.379747,29.026773,28.20281,27.707714,28.031591,28.375635,28.283829,28.35181,28.441746,28.399342,28.333498,28.288857,28.25518,28.386723,28.494131,28.556643,28.588205,28.590662,28.579414,28.592733,28.579042,28.588102,28.596287,28.612453,28.63434,28.645369,28.66832,28.68528,28.630013,28.43403,28.477566,,,,,,,,,,,,,,,,,,,,,,,28.156233,27.915478,27.784025,27.734037,27.74474,27.724403,27.770014,27.751448,27.81364,27.69059,28.369905,28.792767,28.862518,28.922266,28.954695,28.989063,28.994892,28.991934,28.983322,28.940456,28.83161,28.728678,28.729029,28.796501,28.805576,28.79925,28.827457,28.84762,28.844887,28.84447,28.853687,28.854387,28.863222,28.866362,28.882202,28.885677,28.884508,28.876028,28.859993,28.849516,28.834364,28.831554,28.82629,28.839706,28.842255,28.836267,28.80649,28.769228,28.72048,28.669992,28.633007,28.605087,28.565367,28.524744,28.490435,28.47223,28.492098,28.52512,28.579115,28.638887,28.686735,28.714403,28.712563,28.697163,28.680456,28.663958,28.6455,28.626883,28.604233,28.564383,28.505922,28.454475,28.432667,28.451519,28.47569,28.480112,28.482243,28.49766,28.517128,28.547886,28.596472,28.63565,28.658394,28.671711,28.674084,28.674328,28.670996,28.647999,28.625103,28.607277,28.589918,28.574478,28.551086,28.520597,28.479588,28.43388,28.390652,28.36979,28.377928,28.403042,28.455847,28.526224,28.603655,28.657413,28.65995,28.617071,28.511301,28.380486,28.305613,28.276642,28.215837
7.75,,,,,,,,,,,,,,,,,,,,,,,,,,,26.682922,26.83618,26.89207,26.936914,26.924505,26.741926,26.489426,26.39662,26.354631,26.375875,26.509892,26.641619,26.738297,26.804096,26.816626,26.815535,26.821302,26.84077,26.881655,26.908363,26.971214,27.033403,27.064034,27.075974,27.08906,27.098478,27.101812,27.130571,27.157894,27.176386,27.187569,27.201513,27.220097,27.245659,27.25999,27.275112,27.279823,27.268013,27.24017,27.19394,27.105648,27.034773,26.974363,26.931234,26.92116,26.950949,27.014732,27.070152,27.104399,27.136267,27.18416,27.230778,27.274727,27.314966,27.353891,27.390272,27.36827,27.329622,27.28525,27.24614,27.19096,27.115143,27.03694,26.98618,27.008545,27.10123,27.197678,27.270859,27.291367,27.333374,27.39752,27.448298,27.505606,27.55967,27.611198,27.6637,27.692019,27.707083,27.715425,27.68873,27.622852,27.524035,27.285381,27.211094,27.271437,27.328167,27.394627,27.462664,27.517874,27.533176,27.518839,27.499569,27.489824,27.501396,27.537611,27.572626,27.600239,27.612652,27.679691,27.831034,28.061193,28.34535,28.549915,28.638746,28.704798,28.723747,28.690224,28.543718,28.372528,28.272266,28.240181,28.234583,28.233414,28.28102,28.355404,28.409054,28.441284,28.471802,28.495487,28.514048,28.529804,28.547766,28.55975,28.559805,28.539637,28.500217,28.454786,28.401773,28.369,28.365366,28.37819,28.384985,28.387499,28.383226,28.387487,28.393955,28.394777,28.399256,28.44,28.503902,28.579672,28.678337,28.78464,28.894445,29.001822,29.082684,29.127016,29.169308,29.206951,29.24241,29.26242,29.274075,29.275515,29.25407,29.192003,29.12226,29.025095,28.988087,28.980528,28.962975,28.88495,28.779396,28.70531,28.687881,28.723267,28.785795,28.84159,28.874813,28.899206,28.930134,28.96274,28.992287,29.015186,29.032927,29.046072,29.05682,28.984888,28.931398,28.87812,28.927855,29.071201,29.18187,29.255331,29.313158,29.363667,29.40748,29.454254,29.447458,29.378939,29.41554,29.445354,29.433771,29.427786,29.443445,29.434576,29.397068,29.37753,29.376122,29.380833,29.404427,29.453083,29.505653,29.556238,29.596764,29.646238,29.697805,29.642874,29.568096,29.49322,29.337278,29.268887,29.183434,29.158056,29.174673,29.191856,29.235634,29.309656,29.349346,29.381657,29.422632,29.453411,29.482754,29.537958,29.545702,29.53707,29.580719,29.701368,29.850275,29.951786,30.000517,30.004848,29.993114,29.98839,29.922258,29.779737,29.614016,29.548735,29.507124,29.515999,29.448885,29.464539,29.54041,29.514896,29.599512,29.754663,29.716448,29.632406,29.630339,29.703028,29.746883,29.683647,29.687963,29.682186,29.678755,29.697372,29.650269,29.629717,29.620852,29.583817,29.545774,29.522804,29.522585,29.507114,29.503422,29.501074,29.540104,29.617538,29.637602,29.643171,29.600395,29.581886,29.539587,29.502115,29.495844,29.504208,29.46235,29.38232,29.157562,28.91815,28.817701,28.860746,28.998386,29.126581,28.887365,28.732351,28.713995,28.782053,28.963535,29.117205,29.20926,29.261576,29.299335,29.33091,29.368525,29.39842,29.389961,29.370415,29.353298,29.342644,29.307518,29.256828,29.195795,29.117998,29.038645,28.95811,28.937147,28.957716,28.971664,28.999458,29.076841,29.101164,29.18757,29.295254,29.372976,29.371887,29.365166,29.324322,29.264929,29.216022,29.147476,29.121807,29.075275,29.028032,29.016008,28.98528,29.078896,29.219704,29.32104,29.424261,29.249113,28.80654,28.217262,27.776579,28.350737,28.471823,28.361368,28.428343,28.445515,28.357615,28.343657,28.341772,28.386154,28.497051,28.547287,28.569311,28.579802,28.599567,28.59196,28.586864,28.571299,28.575182,28.574753,28.594872,28.615883,28.635689,28.652332,28.66266,28.566687,28.335827,28.46208,,,,,,,,,,,,,,,,,,,,,,,,28.0693,27.957663,27.867373,27.827803,27.778547,27.787413,27.79196,27.800438,27.878702,28.768631,28.809296,28.893154,28.919624,28.9565,28.990204,28.996483,29.002039,28.98219,28.914728,28.791115,28.710611,28.732521,28.792326,28.79744,28.787342,28.81356,28.83591,28.835106,28.838932,28.856564,28.861242,28.868742,28.88112,28.893688,28.898977,28.90341,28.896069,28.888248,28.880548,28.863028,28.85607,28.843195,28.845299,28.85263,28.846855,28.81605,28.771894,28.72459,28.674044,28.63014,28.600973,28.553137,28.499353,28.465988,28.454855,28.475906,28.503908,28.550333,28.605371,28.65086,28.681732,28.680725,28.665064,28.652899,28.631126,28.608545,28.586962,28.542698,28.477314,28.42588,28.412092,28.426403,28.44523,28.448435,28.461721,28.479261,28.499723,28.534021,28.574312,28.62005,28.660841,28.686808,28.691238,28.690466,28.683847,28.675583,28.652187,28.621906,28.596628,28.571074,28.54468,28.50567,28.450926,28.388355,28.32397,28.265392,28.233694,28.23008,28.249115,28.295479,28.363005,28.44567,28.533892,28.61363,28.650509,28.625578,28.551575,28.441143,28.350197,28.292383
7.6666718,,,,,,,,,,,,,,,,,,,,,,,,,,26.678656,26.74339,26.854239,26.877192,26.878166,26.784445,26.527752,26.344845,26.36746,26.417273,26.510588,26.65264,26.704685,26.731707,26.72703,26.719492,26.739418,26.78041,26.838455,26.924023,26.968876,27.042622,27.115818,27.14717,27.159906,27.165028,27.167603,27.173227,27.178885,27.176191,27.175222,27.199741,27.22793,27.256945,27.279928,27.27517,27.268505,27.263697,27.246536,27.19871,27.144627,27.080498,27.034178,27.004343,26.987518,26.99934,27.039953,27.076828,27.111122,27.13435,27.166695,27.220724,27.266548,27.302433,27.336143,27.373075,27.40204,27.37372,27.330664,27.282907,27.2399,27.170376,27.08878,27.01349,26.959972,26.957039,27.014334,27.115889,27.215313,27.246916,27.303932,27.363888,27.418474,27.480476,27.52991,27.580843,27.627132,27.650965,27.656548,27.665169,27.613045,27.581833,27.466331,27.27233,27.236435,27.289305,27.349503,27.409649,27.459276,27.483513,27.491724,27.470121,27.444685,27.439014,27.448847,27.476048,27.516293,27.538225,27.557371,27.621475,27.715775,27.85834,28.113134,28.396973,28.582903,28.666025,28.71969,28.728193,28.684584,28.53499,28.36163,28.265137,28.252142,28.25134,28.26944,28.320702,28.389164,28.431953,28.456999,28.478525,28.495613,28.509956,28.531261,28.555176,28.569952,28.56548,28.538944,28.497343,28.445545,28.405235,28.399324,28.412672,28.418995,28.423452,28.416264,28.409037,28.408386,28.405933,28.406584,28.45817,28.55086,28.641272,28.739084,28.853294,28.98294,29.09829,29.17381,29.224195,29.27489,29.32355,29.3552,29.382912,29.404716,29.416306,29.42424,29.386242,29.319847,29.210968,29.149454,29.110638,29.077719,29.019733,28.91554,28.804134,28.738346,28.723192,28.752747,28.801426,28.845459,28.889473,28.914202,28.934006,28.958961,28.987673,29.01628,29.032963,29.060795,28.986906,28.932665,28.880129,28.964794,29.104803,29.216192,29.283781,29.336678,29.374914,29.411821,29.46732,29.476698,29.390207,29.411604,29.444098,29.423223,29.410173,29.422047,29.41956,29.38888,29.364737,29.369118,29.391905,29.412317,29.459618,29.4956,29.538134,29.627731,29.664392,29.673218,29.580267,29.513487,29.420109,29.31781,29.230316,29.189241,29.177713,29.200083,29.237904,29.30858,29.365715,29.38039,29.417423,29.491209,29.523537,29.559475,29.603168,29.639103,29.621925,29.658579,29.760569,29.858072,29.947962,30.01496,30.032537,30.04251,30.036514,29.821802,29.685303,29.545805,29.513372,29.503014,29.51979,29.505829,29.415281,29.445137,29.456871,29.482628,29.633442,29.731781,29.671022,29.599516,29.60616,29.66476,29.659754,29.66574,29.644287,29.680294,29.66863,29.645493,29.628689,29.608812,29.590822,29.558285,29.528524,29.515223,29.507315,29.506851,29.48803,29.480686,29.558228,29.606966,29.637362,29.59324,29.540504,29.510466,29.490974,29.507647,29.505955,29.445616,29.351099,29.115917,28.901283,28.82484,28.944838,29.144684,29.22142,28.943094,28.743778,28.720243,28.818539,29.027525,29.164904,29.229301,29.268694,29.305153,29.361301,29.411283,29.441898,29.43668,29.413908,29.398586,29.391256,29.373484,29.330555,29.283712,29.229696,29.163475,29.08516,29.002214,28.972435,28.968935,28.96868,29.019957,29.0605,29.120583,29.210709,29.304483,29.318491,29.31061,29.26298,29.214539,29.164478,29.09667,29.065622,29.025003,29.010118,29.019289,29.004581,29.130898,29.217096,29.315279,29.362951,29.120916,28.70302,28.091253,27.903063,28.446716,28.488663,28.419567,28.401985,28.380081,28.359705,28.393265,28.395443,28.455744,28.525955,28.575798,28.595139,28.624453,28.637974,28.634117,28.625513,28.606647,28.604166,28.611673,28.629444,28.63004,28.638573,28.649141,28.663465,28.573425,28.405643,28.468182,,,,,,,,,,,,,,,,,,,,,,,,28.27802,28.06807,27.999449,27.939058,27.882072,27.848335,27.859346,27.77511,28.447514,28.804691,28.83988,28.904734,28.917624,28.962273,28.97576,28.991287,29.000467,28.969849,28.891386,28.761217,28.696243,28.72521,28.781048,28.788956,28.779654,28.790323,28.815668,28.824223,28.82936,28.862421,28.873755,28.88874,28.899466,28.91205,28.920723,28.925873,28.914831,28.911032,28.901772,28.885569,28.871302,28.860596,28.85796,28.858263,28.858139,28.822268,28.774494,28.724367,28.673138,28.624725,28.59969,28.548582,28.490046,28.455475,28.44775,28.457918,28.476337,28.513163,28.5608,28.59991,28.63019,28.640007,28.6322,28.636492,28.60611,28.554537,28.502298,28.449253,28.382715,28.361788,28.369051,28.379147,28.395458,28.42012,28.452848,28.487705,28.515142,28.551315,28.594095,28.645542,28.685425,28.707191,28.709621,28.698313,28.687475,28.682047,28.65974,28.62456,28.58899,28.554853,28.512226,28.455687,28.387775,28.316378,28.247572,28.18006,28.125011,28.091019,28.092152,28.144716,28.223698,28.305061,28.37863,28.474724,28.568289,28.601564,28.598997,28.547571,28.47272,28.373926
7.583336,,,,,,,,,,,,,,,,,,,,,,,,,,26.730328,26.823036,26.859892,26.844263,26.785845,26.60745,26.35475,26.313742,26.465435,26.510912,26.605097,26.66023,26.61994,26.603676,26.625732,26.702381,26.75963,26.816324,26.887905,26.970106,27.02914,27.109625,27.173723,27.187979,27.19487,27.19569,27.206942,27.201263,27.183569,27.1894,27.224983,27.270468,27.293142,27.302593,27.31009,27.287205,27.26277,27.254366,27.22664,27.16116,27.114384,27.0648,27.042337,27.027168,27.015457,27.02361,27.07288,27.090796,27.112095,27.143269,27.197266,27.261395,27.304543,27.328806,27.354057,27.378847,27.39084,27.36471,27.32595,27.277117,27.218056,27.131758,27.042273,26.963846,26.896198,26.865904,26.895308,27.012281,27.12017,27.177038,27.238262,27.2925,27.348583,27.413422,27.46365,27.512104,27.548431,27.57623,27.572554,27.579258,27.5189,27.511728,27.41535,27.270144,27.264803,27.308784,27.357063,27.403961,27.43792,27.452015,27.451736,27.434256,27.42082,27.420206,27.427877,27.446447,27.483198,27.51546,27.528831,27.59349,27.69411,27.778904,27.955872,28.243666,28.491531,28.633062,28.709427,28.73013,28.714188,28.659184,28.502308,28.33514,28.26061,28.26147,28.271223,28.30054,28.35744,28.411766,28.445219,28.468653,28.482855,28.497473,28.518404,28.54623,28.568329,28.580856,28.578901,28.558172,28.527514,28.491018,28.476976,28.474594,28.474045,28.470333,28.464914,28.445164,28.416964,28.413525,28.408976,28.480062,28.603811,28.718622,28.827196,28.949387,29.069302,29.168413,29.236322,29.278503,29.309126,29.348286,29.38155,29.422167,29.458916,29.485107,29.513414,29.520658,29.481014,29.399618,29.332764,29.27711,29.224068,29.156359,29.057823,28.939905,28.837517,28.769459,28.748936,28.769857,28.811201,28.857954,28.885788,28.913158,28.94596,28.980947,29.00907,29.022097,29.047977,28.982088,28.919947,28.892359,29.01632,29.14837,29.251543,29.319506,29.367441,29.399115,29.428635,29.481524,29.485558,29.403963,29.40334,29.442429,29.4273,29.411396,29.4041,29.402163,29.382874,29.36694,29.384184,29.418917,29.444057,29.483444,29.54536,29.623377,29.662165,29.684404,29.63948,29.552877,29.4821,29.389719,29.295736,29.219313,29.200327,29.18785,29.215431,29.264643,29.33791,29.406229,29.415802,29.47811,29.554674,29.608435,29.656532,29.66867,29.710087,29.754528,29.789299,29.83588,29.88677,29.947037,30.003586,30.046373,30.069328,29.916164,29.668947,29.600222,29.535593,29.5438,29.533396,29.541092,29.5539,29.456385,29.408218,29.446983,29.430832,29.471407,29.669094,29.704626,29.639832,29.574762,29.592531,29.608454,29.627205,29.621466,29.658506,29.617085,29.609274,29.620026,29.602068,29.598976,29.574934,29.550852,29.531246,29.50902,29.506872,29.495682,29.463078,29.505692,29.554575,29.59277,29.559351,29.481758,29.437109,29.418251,29.482002,29.53011,29.46343,29.375444,29.111607,28.872988,28.833626,28.939484,29.17842,29.300348,28.977762,28.73216,28.725954,28.863405,29.093302,29.21588,29.254324,29.278238,29.320866,29.37264,29.422256,29.442303,29.457216,29.439259,29.395523,29.374926,29.369467,29.347342,29.314165,29.286327,29.240053,29.180042,29.111647,29.039696,28.997381,28.961792,28.978268,29.007889,29.056204,29.131731,29.227892,29.263155,29.252758,29.209156,29.175415,29.124199,29.046284,29.032406,29.004168,28.992907,29.005054,29.0394,29.125534,29.215818,29.301031,29.292414,29.041689,28.563414,28.149416,28.204212,28.475037,28.461994,28.424726,28.396276,28.396622,28.412434,28.437077,28.451794,28.535107,28.612782,28.656927,28.687883,28.69573,28.69719,28.677034,28.668356,28.657696,28.646517,28.634777,28.643671,28.632095,28.621527,28.634224,28.647467,28.564774,28.449297,28.50154,28.458548,,,,,,,,,,,,,,,,,,,,,,,,28.085571,28.057005,27.989218,27.934505,27.877695,27.844187,27.92856,28.825481,28.788065,28.881441,28.899862,28.927898,28.956572,28.958036,28.986927,28.975075,28.953959,28.860235,28.748268,28.68713,28.708702,28.766823,28.778212,28.772024,28.766098,28.792532,28.803806,28.817896,28.85692,28.8824,28.905357,28.919626,28.93391,28.94441,28.949057,28.937263,28.929167,28.91797,28.899332,28.877605,28.874554,28.869444,28.86478,28.858912,28.824371,28.776888,28.725698,28.672955,28.622494,28.599735,28.554028,28.491804,28.450783,28.44254,28.45032,28.459791,28.476095,28.511349,28.542862,28.563755,28.573872,28.582485,28.59863,28.546915,28.478754,28.423153,28.355215,28.30786,28.29276,28.292747,28.303528,28.339302,28.374262,28.421223,28.472315,28.520159,28.563427,28.602028,28.65383,28.695602,28.713371,28.71295,28.704624,28.703058,28.694187,28.666021,28.620132,28.579573,28.537477,28.483736,28.428877,28.362883,28.298065,28.227203,28.14492,28.078615,28.020702,27.979961,28.006235,28.097555,28.184616,28.242659,28.329056,28.421616,28.512861,28.562572,28.57217,28.532986,28.477634
7.5,,,,,,,,,,,,,,,,,,,,,,,,,26.71021,26.778307,26.853876,26.829435,26.774483,26.652431,26.433578,26.273489,26.431091,26.546434,26.553856,26.598677,26.536848,26.493784,26.49353,26.61389,26.742546,26.786156,26.840435,26.911657,26.9939,27.069685,27.140121,27.192406,27.21378,27.216898,27.22258,27.238758,27.239141,27.238321,27.27147,27.308174,27.332594,27.336845,27.331804,27.3329,27.28919,27.23862,27.211178,27.178003,27.124329,27.08437,27.04015,27.014044,27.011148,27.025604,27.033295,27.082113,27.097826,27.118055,27.16157,27.22271,27.274654,27.316528,27.350754,27.366407,27.365812,27.361177,27.32668,27.277,27.231445,27.167858,27.07575,26.978968,26.892445,26.815676,26.769379,26.796638,26.925024,27.042809,27.110912,27.169512,27.222229,27.263998,27.322886,27.376785,27.425764,27.467016,27.4838,27.495028,27.474663,27.4232,27.454336,27.379337,27.275038,27.285227,27.321815,27.364088,27.396868,27.420177,27.430872,27.429682,27.436504,27.442074,27.44564,27.448072,27.457655,27.50061,27.529999,27.556992,27.616076,27.718473,27.806108,27.919718,28.15969,28.427925,28.593857,28.67526,28.726273,28.725845,28.702414,28.62684,28.454168,28.304117,28.262865,28.273962,28.289711,28.325384,28.375196,28.4196,28.452305,28.470451,28.485662,28.50751,28.534716,28.55388,28.572172,28.594255,28.60347,28.60221,28.588646,28.57681,28.558872,28.544367,28.526884,28.51881,28.490267,28.42896,28.413822,28.431816,28.5381,28.67083,28.796314,28.905182,29.021835,29.136456,29.226757,29.284994,29.310549,29.313116,29.331726,29.359333,29.404799,29.440535,29.477777,29.50078,29.526247,29.526466,29.499195,29.457262,29.411688,29.361866,29.285194,29.186216,29.075747,28.958708,28.854647,28.798792,28.79163,28.814827,28.853106,28.889803,28.92561,28.9742,29.012896,29.025085,29.031397,29.038599,28.97492,28.916658,28.931313,29.073477,29.198883,29.292555,29.361233,29.403515,29.429644,29.456894,29.507715,29.49661,29.407013,29.386312,29.43506,29.434534,29.42123,29.409458,29.413221,29.398764,29.384424,29.415476,29.4496,29.481695,29.542261,29.61173,29.637787,29.670576,29.688084,29.624664,29.527243,29.448975,29.3573,29.234535,29.182375,29.137573,29.110886,29.159306,29.245216,29.363922,29.482407,29.469746,29.55876,29.673395,29.726814,29.758167,29.779976,29.82109,29.854465,29.89909,29.901651,29.937763,29.954082,30.014547,30.076696,29.920248,29.678942,29.55544,29.578611,29.568985,29.585848,29.584105,29.568316,29.597343,29.506123,29.4099,29.468302,29.43759,29.408178,29.556099,29.674114,29.661558,29.593552,29.548523,29.548485,29.595278,29.6247,29.665201,29.607584,29.597942,29.616047,29.596226,29.600729,29.587032,29.578691,29.565403,29.541262,29.530748,29.509563,29.470058,29.465244,29.503792,29.548138,29.543747,29.46926,29.407488,29.35064,29.39827,29.514738,29.50343,29.487772,29.297644,28.971006,28.878965,28.89638,29.179213,29.34168,28.960604,28.70423,28.735302,28.920866,29.160248,29.250193,29.248917,29.258823,29.308685,29.3566,29.393473,29.402773,29.386372,29.402721,29.388992,29.3691,29.356916,29.336885,29.30843,29.298542,29.275667,29.238876,29.192654,29.133389,29.072376,29.004171,28.976671,28.972021,29.008406,29.080057,29.165937,29.216438,29.21139,29.19196,29.144823,29.074238,29.015001,28.985788,28.98769,28.998034,29.046103,29.153915,29.22868,29.259651,29.325024,29.2828,29.036041,28.58419,28.19573,28.2297,28.460909,28.425632,28.40878,28.412777,28.431023,28.454273,28.488401,28.540964,28.643513,28.717522,28.757017,28.77066,28.756065,28.739496,28.70557,28.67669,28.662762,28.66143,28.65159,28.655167,28.63508,28.613075,28.62438,28.6593,28.610437,28.550592,28.557623,28.498278,,,,,,,,,,,,,,,,,,,,,,,,28.141987,28.067644,27.99427,27.937603,27.882395,27.892818,28.552885,28.792719,28.81439,28.896616,28.911661,28.934982,28.946545,28.941782,28.957296,28.934713,28.921162,28.85359,28.75165,28.692553,28.70801,28.75319,28.773924,28.772886,28.763044,28.777765,28.793165,28.806017,28.837646,28.875069,28.910055,28.931248,28.949198,28.959831,28.96267,28.95837,28.938957,28.922174,28.904198,28.887367,28.881271,28.87272,28.868256,28.857187,28.824606,28.772064,28.722475,28.666677,28.621023,28.593306,28.562817,28.504425,28.45999,28.450716,28.45455,28.462671,28.461735,28.467068,28.49748,28.505724,28.51931,28.526869,28.535027,28.463722,28.396221,28.328941,28.265177,28.228851,28.209328,28.214828,28.232298,28.269007,28.310026,28.367296,28.43393,28.486654,28.537918,28.58628,28.633652,28.679773,28.703539,28.710037,28.710741,28.713972,28.713121,28.678564,28.632128,28.582283,28.534859,28.478172,28.430464,28.378397,28.31714,28.253262,28.186867,28.116087,28.029713,27.937807,27.901182,27.957207,28.048235,28.117971,28.216629,28.295658,28.368725,28.46556,28.534748,28.532602,28.49861
7.4166718,,,,,,,,,,,,,,,,,,,,,,,,,26.706614,26.810095,26.825983,26.768118,26.667166,26.508732,26.311663,26.34558,26.565691,26.548101,26.541845,26.498117,26.40781,26.397968,26.49687,26.60866,26.720423,26.808844,26.86361,26.937056,27.01948,27.108406,27.189949,27.240541,27.252153,27.253006,27.254658,27.2882,27.302818,27.310614,27.342243,27.357796,27.37272,27.37294,27.34838,27.33226,27.29423,27.245316,27.194643,27.154358,27.141325,27.09249,27.059284,27.037237,27.03055,27.038877,27.047441,27.077408,27.092348,27.128363,27.17672,27.23171,27.270792,27.319311,27.361635,27.367228,27.350769,27.33628,27.278141,27.20663,27.141224,27.071495,26.985643,26.89569,26.816818,26.743147,26.709002,26.762892,26.899622,27.01055,27.067772,27.11765,27.166967,27.210226,27.260475,27.315714,27.357246,27.383055,27.388176,27.388344,27.358948,27.373808,27.44925,27.349112,27.273338,27.295452,27.328903,27.362738,27.38653,27.409246,27.420538,27.43463,27.473768,27.495546,27.51477,27.520744,27.51917,27.540184,27.574108,27.625158,27.704672,27.799767,27.88235,27.996037,28.197319,28.42797,28.592987,28.661827,28.69888,28.736609,28.734413,28.696564,28.577568,28.397558,28.289755,28.270233,28.290808,28.305725,28.339947,28.377493,28.418356,28.450905,28.467567,28.491074,28.516691,28.532255,28.5466,28.57253,28.601128,28.625599,28.642391,28.645994,28.629202,28.607172,28.577816,28.55927,28.507385,28.436787,28.403326,28.454578,28.595322,28.744059,28.844307,28.950111,29.075663,29.18081,29.251396,29.291143,29.308077,29.300821,29.3032,29.313084,29.366062,29.39853,29.439621,29.458109,29.470911,29.485064,29.475544,29.450384,29.418411,29.400429,29.358526,29.28288,29.191431,29.08696,28.966362,28.87975,28.85024,28.861105,28.895632,28.93173,28.969524,29.020075,29.051823,29.047367,29.05987,29.043016,28.970888,28.911388,29.00671,29.148308,29.252571,29.335768,29.404526,29.448116,29.463718,29.489325,29.539185,29.494284,29.414415,29.380123,29.43013,29.428217,29.431799,29.42783,29.438429,29.432568,29.420233,29.449354,29.474216,29.518326,29.589445,29.624193,29.645891,29.678389,29.645632,29.578474,29.497849,29.40271,29.290714,29.196066,29.159996,29.110142,29.093527,29.15799,29.229042,29.386404,29.517683,29.599577,29.66424,29.764523,29.810694,29.832352,29.890312,29.893587,29.919289,29.954042,29.963562,29.989202,29.94601,29.889313,29.747423,29.52976,29.489605,29.50959,29.58386,29.61583,29.637177,29.618845,29.61408,29.65286,29.566025,29.458496,29.505018,29.48972,29.414576,29.454647,29.586864,29.607132,29.597544,29.550108,29.510828,29.541937,29.602694,29.651052,29.615938,29.607271,29.622961,29.601109,29.600916,29.603168,29.606277,29.602196,29.566162,29.556057,29.520649,29.48237,29.45857,29.46039,29.505728,29.50821,29.464611,29.397587,29.326944,29.332363,29.428165,29.488535,29.518559,29.51936,29.37473,29.26391,29.077385,29.347664,29.38088,28.855438,28.656218,28.753092,28.978271,29.20885,29.259628,29.23819,29.24146,29.293737,29.315186,29.331442,29.314518,29.326998,29.292723,29.286839,29.305244,29.320429,29.321232,29.284317,29.25057,29.249249,29.240057,29.22162,29.17477,29.12641,29.065971,29.01648,28.98452,28.99044,29.015583,29.103441,29.164797,29.159262,29.1626,29.093899,29.004965,28.974815,28.980453,29.004196,29.02024,29.11312,29.268646,29.3161,29.301477,29.332323,29.238697,29.01459,28.612411,28.197899,28.226397,28.45504,28.424013,28.425974,28.470732,28.494167,28.542675,28.600933,28.676674,28.757652,28.80231,28.820818,28.80229,28.747013,28.702932,28.664808,28.62646,28.603277,28.59855,28.60002,28.62616,28.626848,28.603811,28.602596,28.67028,28.706558,28.729084,28.643476,28.63868,,,,,,,,,,,,,,,,,,,,,,,,,28.021091,27.99162,27.936316,27.889494,28.12609,28.853813,28.721697,28.874231,28.884554,28.928972,28.939781,28.932083,28.915833,28.898527,28.888004,28.892294,28.860031,28.78363,28.72975,28.730242,28.754223,28.781816,28.784607,28.779541,28.79146,28.798643,28.806486,28.825073,28.853525,28.89379,28.926037,28.94719,28.961203,28.96378,28.964754,28.946363,28.923006,28.913445,28.900099,28.886736,28.877512,28.867304,28.851265,28.822943,28.764257,28.707123,28.660673,28.620365,28.591799,28.56778,28.515762,28.475159,28.454674,28.451906,28.455946,28.461124,28.4419,28.459354,28.465145,28.470623,28.469189,28.442427,28.372786,28.301144,28.226551,28.174484,28.143393,28.132263,28.143005,28.170902,28.209965,28.262142,28.31369,28.364283,28.42717,28.485296,28.545658,28.601233,28.660564,28.694777,28.712349,28.722721,28.738464,28.748402,28.727394,28.680416,28.631075,28.583279,28.528732,28.489777,28.449156,28.401186,28.353745,28.306377,28.239603,28.14772,28.029596,27.920942,27.853264,27.887074,27.973038,28.095459,28.183533,28.258703,28.341711,28.434908,28.496328,28.490015
7.333336,,,,,,,,,,,,,,,,,,,,,,,,26.733723,26.780083,26.817987,26.780317,26.68212,26.55461,26.3827,26.313978,26.507051,26.59116,26.512533,26.469858,26.366266,26.351183,26.425129,26.537292,26.611351,26.735985,26.85344,26.910397,26.974888,27.05507,27.15049,27.228846,27.270079,27.268684,27.2673,27.273197,27.328104,27.348364,27.37282,27.394981,27.393623,27.396296,27.393463,27.371836,27.337267,27.29557,27.242811,27.201183,27.179626,27.151793,27.091785,27.077864,27.060204,27.064272,27.064901,27.068237,27.082664,27.100183,27.136292,27.182894,27.233135,27.270287,27.31069,27.348959,27.356413,27.334435,27.308634,27.235119,27.158716,27.08253,26.999956,26.913013,26.826036,26.749538,26.700855,26.697248,26.777292,26.918203,27.01463,27.074331,27.108978,27.14019,27.172195,27.198862,27.227644,27.25895,27.28157,27.297375,27.31256,27.325388,27.434381,27.441143,27.290487,27.274239,27.297728,27.327328,27.363981,27.387754,27.419361,27.449148,27.501698,27.572046,27.613033,27.653229,27.67038,27.6513,27.633736,27.655783,27.721859,27.802233,27.883095,27.97165,28.107176,28.31364,28.510708,28.632044,28.701597,28.709923,28.726183,28.74136,28.73285,28.67061,28.514387,28.352156,28.280054,28.27322,28.283142,28.299576,28.330843,28.371784,28.410788,28.44195,28.468575,28.49772,28.515278,28.531399,28.554026,28.590563,28.620337,28.651817,28.665096,28.665844,28.635761,28.594181,28.556248,28.47585,28.410395,28.406982,28.520725,28.68288,28.784166,28.869934,28.989561,29.11182,29.196651,29.25273,29.28135,29.281958,29.271208,29.26958,29.270864,29.29315,29.328655,29.373646,29.40773,29.420504,29.426605,29.4193,29.402649,29.378653,29.37309,29.357573,29.320765,29.27108,29.188622,29.077568,28.987743,28.937649,28.93794,28.957819,28.989918,29.028769,29.073551,29.088043,29.070137,29.069662,29.018473,28.966618,28.949282,29.096506,29.23593,29.323853,29.400803,29.461922,29.497557,29.50023,29.510956,29.538773,29.483253,29.399958,29.36945,29.42542,29.429405,29.432583,29.433962,29.463247,29.464212,29.447878,29.476885,29.51408,29.557386,29.615475,29.651941,29.68027,29.68504,29.625872,29.523777,29.459955,29.340433,29.220459,29.179384,29.124557,29.103085,29.110336,29.167913,29.240604,29.399944,29.556198,29.674517,29.789112,29.853823,29.817032,29.822844,29.862452,29.830553,29.821344,29.766865,29.683258,29.765833,29.546383,29.318066,29.290745,29.31191,29.447641,29.53572,29.599737,29.6551,29.67898,29.69548,29.678297,29.715925,29.644728,29.551699,29.573095,29.531946,29.43152,29.402857,29.458559,29.45571,29.4914,29.49728,29.492174,29.50217,29.586323,29.643377,29.650238,29.645287,29.645184,29.643105,29.631714,29.63829,29.642094,29.619514,29.58569,29.559238,29.521223,29.485826,29.451523,29.438015,29.46659,29.459913,29.414736,29.351326,29.297935,29.31192,29.333385,29.418312,29.476921,29.504473,29.502075,29.50938,29.386967,29.524426,29.268112,28.632814,28.608788,28.781378,29.030579,29.24959,29.260813,29.221754,29.223969,29.232595,29.224953,29.213678,29.233429,29.194439,29.220495,29.23616,29.261164,29.291904,29.294577,29.281303,29.217379,29.185738,29.182814,29.18085,29.160975,29.121368,29.083267,29.03155,28.993689,28.997019,29.030952,29.072992,29.113424,29.14159,29.104856,29.008902,28.986187,28.970884,28.99127,29.034634,29.064627,29.15759,29.272003,29.289272,29.268614,29.299173,29.220867,29.036667,28.545088,28.167074,28.30154,28.468296,28.438557,28.471878,28.554527,28.57222,28.6267,28.67844,28.72206,28.748894,28.759573,28.763777,28.721146,28.670527,28.634575,28.599464,28.533592,28.45272,28.426987,28.4622,28.548435,28.598274,28.591103,28.570166,28.62704,28.720737,28.760307,28.85747,28.807446,,,,,,,,,,,,,,,,,,,,,,,,,28.014797,27.9823,27.914997,27.947638,28.56364,28.781507,28.745045,28.882317,28.88067,28.939753,28.929167,28.913061,28.876282,28.86944,28.859447,28.865751,28.859797,28.825687,28.801119,28.792442,28.793655,28.809834,28.818018,28.814081,28.81645,28.82024,28.824974,28.827394,28.837997,28.866478,28.901213,28.925535,28.941172,28.948921,28.948444,28.943764,28.926977,28.918507,28.910246,28.89121,28.88163,28.86489,28.845371,28.818115,28.763948,28.696497,28.657501,28.622305,28.597853,28.568258,28.521954,28.48314,28.45992,28.454184,28.453953,28.456203,28.432974,28.429604,28.427443,28.414228,28.382902,28.330414,28.263128,28.200024,28.14644,28.115181,28.098589,28.10346,28.123781,28.16165,28.19433,28.245966,28.274036,28.313488,28.36491,28.42146,28.47996,28.547913,28.615519,28.669472,28.705254,28.7209,28.739822,28.762674,28.760399,28.738304,28.697144,28.658978,28.620434,28.58031,28.534523,28.491722,28.445034,28.396826,28.35247,28.306889,28.226519,28.101131,27.940065,27.820427,27.797827,27.891582,28.006819,28.118502,28.232569,28.32259,28.40199,28.445293
7.25,,,,,,,,,,,,,,,,,,,,,,,26.653019,26.752909,26.799902,26.78506,26.703047,26.578127,26.431868,26.333687,26.441982,26.597042,26.547558,26.457035,26.357468,26.3114,26.412926,26.555532,26.612907,26.677778,26.782307,26.891304,26.947884,26.997154,27.070967,27.170761,27.250769,27.30698,27.31217,27.314837,27.326187,27.398342,27.413378,27.433136,27.444407,27.434912,27.439163,27.41953,27.384333,27.35147,27.315105,27.27026,27.216003,27.192543,27.149582,27.125072,27.105988,27.089973,27.084536,27.079983,27.079275,27.08557,27.104837,27.138647,27.181482,27.226463,27.269999,27.299479,27.323051,27.329878,27.301107,27.252644,27.181833,27.079792,26.995667,26.905882,26.817698,26.752195,26.706976,26.701654,26.73841,26.850449,26.988163,27.090834,27.157032,27.187233,27.205683,27.223589,27.22759,27.241856,27.270615,27.310265,27.343363,27.381323,27.423157,27.464811,27.301722,27.244493,27.283438,27.301304,27.328615,27.374891,27.419437,27.475504,27.5527,27.640524,27.733023,27.79178,27.834967,27.854328,27.818365,27.775757,27.786509,27.852247,27.910522,27.99574,28.080042,28.215414,28.41222,28.61193,28.697922,28.731117,28.74908,28.737959,28.73884,28.738249,28.724298,28.623373,28.440514,28.308474,28.258259,28.255564,28.272892,28.29808,28.330387,28.36947,28.406006,28.440565,28.477411,28.504997,28.529997,28.558601,28.590267,28.616783,28.646646,28.670044,28.666704,28.632664,28.578285,28.499578,28.421463,28.387203,28.457571,28.613089,28.744911,28.813578,28.90785,29.030628,29.138073,29.201794,29.23921,29.249128,29.238342,29.22048,29.20634,29.217356,29.244501,29.299963,29.348656,29.372915,29.378948,29.374472,29.368227,29.351892,29.33103,29.332035,29.33002,29.31894,29.301096,29.252155,29.171204,29.093584,29.047548,29.030087,29.034338,29.057856,29.094149,29.123934,29.119116,29.08505,29.064795,28.99642,28.963657,29.027388,29.184141,29.306133,29.38958,29.461662,29.517143,29.550634,29.536446,29.541752,29.537037,29.468987,29.391344,29.381754,29.419981,29.420872,29.42051,29.416775,29.450245,29.47994,29.482998,29.494774,29.540836,29.58397,29.66968,29.728403,29.731756,29.687359,29.604269,29.50313,29.427706,29.30048,29.1882,29.164654,29.125881,29.118107,29.152676,29.208952,29.291702,29.428537,29.584656,29.767685,29.886986,29.85088,29.700596,29.622475,29.61873,29.544024,29.503265,29.33483,29.263758,29.243488,29.21758,29.24065,29.316938,29.409029,29.485874,29.529566,29.558111,29.664059,29.690702,29.81135,29.814472,29.860865,29.77774,29.706444,29.659348,29.576933,29.463871,29.395128,29.376608,29.375341,29.418766,29.466995,29.47641,29.501345,29.549536,29.604584,29.603281,29.63308,29.657492,29.668432,29.692375,29.688433,29.676168,29.628899,29.598314,29.540981,29.509323,29.476263,29.431454,29.42893,29.439333,29.386,29.336256,29.297197,29.286787,29.286343,29.340527,29.347748,29.447613,29.41839,29.465397,29.435202,29.402908,29.493334,28.715569,28.54727,28.621986,28.825575,29.081705,29.277893,29.254124,29.212261,29.199934,29.15224,29.14409,29.112843,29.13742,29.12669,29.096893,29.168844,29.2016,29.219137,29.250793,29.238174,29.164791,29.13116,29.124193,29.125446,29.119299,29.088425,29.079376,29.051601,28.989906,28.946617,28.96879,29.045198,29.117418,29.091799,29.063942,29.002928,28.942057,28.945004,29.049288,29.089018,29.076519,29.109148,29.20474,29.220087,29.235493,29.271439,29.179855,28.893332,28.370794,28.22506,28.407316,28.45593,28.433313,28.4996,28.5806,28.59836,28.623264,28.650953,28.658346,28.686602,28.681017,28.655848,28.64635,28.614216,28.570967,28.518307,28.438826,28.356651,28.292349,28.276733,28.358835,28.506449,28.582592,28.586157,28.57747,28.669952,28.809324,28.98279,28.934084,,,,,,,,,,,,,,,,,,,,,,,,,27.983786,27.97147,27.92484,28.13208,28.838276,28.685888,28.834682,28.867554,28.89741,28.944004,28.92173,28.909971,28.887663,28.87166,28.864191,28.85762,28.85057,28.856153,28.860647,28.85792,28.857914,28.861343,28.861,28.860167,28.855717,28.851324,28.85174,28.849401,28.844383,28.848217,28.870008,28.894114,28.907387,28.918068,28.918749,28.917698,28.917614,28.912928,28.906586,28.888563,28.87779,28.861292,28.83374,28.803013,28.764774,28.71111,28.664946,28.63043,28.607307,28.5787,28.545832,28.512405,28.47502,28.457033,28.461216,28.454748,28.438974,28.410624,28.399,28.373037,28.321974,28.26001,28.209143,28.169867,28.141396,28.130606,28.12875,28.145378,28.165998,28.19327,28.214035,28.241425,28.25011,28.268782,28.307339,28.352753,28.400251,28.468721,28.540426,28.612051,28.67248,28.697403,28.72564,28.757809,28.768219,28.766897,28.745556,28.71743,28.683842,28.643162,28.59015,28.537155,28.476229,28.406717,28.350159,28.323786,28.291561,28.231497,28.118355,27.958832,27.810555,27.703014,27.739344,27.918205,28.069256,28.17974,28.274515,28.334139
7.1666718,,,,,,,,,,,,,,,,,,,,,,26.618267,26.707172,26.770723,26.75129,26.727297,26.60731,26.465631,26.369993,26.413122,26.565565,26.590796,26.479027,26.369032,26.298203,26.411015,26.57647,26.692192,26.718555,26.737423,26.813116,26.907417,26.976404,27.032297,27.102976,27.199713,27.284885,27.358564,27.373154,27.381985,27.392467,27.46686,27.461496,27.471527,27.481346,27.465767,27.465988,27.445137,27.413418,27.374077,27.333414,27.282131,27.229303,27.211533,27.184708,27.142153,27.14572,27.124418,27.112223,27.106174,27.095161,27.100718,27.123266,27.151962,27.187124,27.225037,27.26517,27.295618,27.29925,27.291924,27.259504,27.202085,27.139612,27.036945,26.933117,26.846663,26.76208,26.720922,26.703049,26.728666,26.802677,26.931877,27.053696,27.15012,27.222343,27.282658,27.313951,27.337662,27.345695,27.358658,27.375095,27.40103,27.419432,27.40916,27.373337,27.241194,27.199202,27.265457,27.289192,27.307827,27.34752,27.416122,27.502422,27.61048,27.726725,27.837973,27.955078,28.017242,28.052462,28.064339,27.99855,27.933685,27.922308,27.969238,28.02462,28.104593,28.211872,28.340166,28.489124,28.651913,28.727938,28.73882,28.763243,28.760857,28.752464,28.744198,28.743092,28.684965,28.528664,28.35986,28.262901,28.237715,28.243406,28.26992,28.306246,28.343655,28.382177,28.419231,28.46186,28.500055,28.533382,28.56667,28.594,28.618334,28.650612,28.669104,28.668924,28.640362,28.556044,28.440231,28.37824,28.425343,28.562138,28.715939,28.794285,28.862818,28.971912,29.087063,29.162827,29.194338,29.210035,29.205374,29.187668,29.16349,29.145174,29.148579,29.185806,29.242006,29.28662,29.306374,29.307583,29.307076,29.311703,29.308962,29.300909,29.30262,29.312485,29.305695,29.293638,29.256674,29.201174,29.152409,29.117285,29.09314,29.09462,29.117144,29.144592,29.15619,29.132376,29.075262,29.035427,28.98319,28.995378,29.129936,29.269573,29.364601,29.440813,29.514822,29.57368,29.59925,29.58239,29.590034,29.539885,29.456926,29.38467,29.384567,29.416737,29.407597,29.390375,29.36657,29.408943,29.47384,29.487776,29.49512,29.512196,29.580915,29.710161,29.771317,29.746393,29.683712,29.612877,29.515165,29.426348,29.268627,29.215382,29.167114,29.163416,29.155293,29.18858,29.229208,29.270897,29.368788,29.548498,29.782417,29.88768,29.73788,29.502827,29.415674,29.316381,29.219488,29.195318,29.235456,29.31446,29.351927,29.372581,29.389147,29.361313,29.364285,29.362505,29.394445,29.415606,29.562372,29.656614,29.874834,29.94834,29.982697,29.91149,29.826391,29.74552,29.61623,29.480087,29.377256,29.322428,29.340643,29.38788,29.435719,29.48209,29.508446,29.51581,29.560133,29.550415,29.574772,29.617525,29.668964,29.70562,29.687273,29.657057,29.597124,29.57563,29.518316,29.493193,29.45173,29.423944,29.431393,29.417221,29.357079,29.30161,29.278446,29.275684,29.292786,29.34442,29.29496,29.364548,29.321781,29.382933,29.135202,29.232243,29.120474,28.567509,28.542166,28.642288,28.870466,29.127148,29.300478,29.251963,29.199095,29.164555,29.082054,29.058578,29.048634,29.055767,29.062363,29.063343,29.141548,29.168688,29.185396,29.210123,29.179117,29.105927,29.033997,29.012997,29.02115,29.035511,29.017836,29.002535,28.983896,28.97119,28.975096,28.976124,29.010395,29.02743,29.048561,29.029892,28.9643,28.885515,29.051188,29.165672,29.116636,29.083258,29.13335,29.221966,29.24354,29.249489,29.202211,29.01463,28.544085,28.261873,28.295992,28.441467,28.427647,28.42419,28.482956,28.538164,28.544613,28.5677,28.578894,28.566584,28.563631,28.56752,28.54623,28.52495,28.524889,28.531265,28.520733,28.481806,28.43777,28.344566,28.265234,28.238075,28.33431,28.490826,28.573006,28.560558,28.641853,28.785288,29.058622,29.063248,,,,,,,,,,,,,,,,,,,,,,,,,27.971563,27.95408,27.943617,28.416794,28.83618,28.691713,28.871452,28.856813,28.913773,28.930847,28.93864,28.91258,28.893225,28.886482,28.873428,28.860641,28.875648,28.879416,28.899569,28.90403,28.91382,28.908133,28.90669,28.90328,28.894032,28.884499,28.882515,28.875902,28.868254,28.85722,28.855902,28.867125,28.874718,28.882814,28.884672,28.876316,28.873857,28.876999,28.882957,28.87291,28.855413,28.84153,28.822329,28.789743,28.75905,28.72569,28.682089,28.643417,28.616661,28.593142,28.567768,28.534922,28.495722,28.465595,28.470997,28.472227,28.470287,28.43686,28.396887,28.380804,28.344244,28.309343,28.264292,28.247316,28.232632,28.225752,28.230637,28.2392,28.239475,28.23576,28.225832,28.216785,28.202787,28.21278,28.246958,28.29128,28.330002,28.389408,28.452015,28.528326,28.602375,28.64807,28.70127,28.740417,28.7547,28.773191,28.765291,28.741241,28.691813,28.646067,28.584814,28.52023,28.435148,28.347557,28.27399,28.227123,28.182684,28.156916,28.12518,28.02851,27.925627,27.746967,27.55526,27.653648,27.869682,27.995665,28.119144,28.234001
7.083336,,,,,,,,,,,,,,,,,,,,,,26.654316,26.771858,26.80395,26.751778,26.661724,26.49765,26.399319,26.41873,26.533731,26.597622,26.54253,26.399454,26.31249,26.374628,26.598276,26.739687,26.800724,26.783684,26.7877,26.841688,26.910295,26.978739,27.040983,27.11926,27.229357,27.317047,27.409655,27.438942,27.457863,27.470123,27.53845,27.516695,27.503345,27.50126,27.487497,27.478056,27.46226,27.428776,27.38829,27.346523,27.2987,27.25732,27.234758,27.209686,27.163908,27.16992,27.155745,27.141373,27.135895,27.121967,27.125679,27.135141,27.158482,27.183332,27.21875,27.252966,27.279732,27.283588,27.264679,27.22035,27.153744,27.074415,26.988008,26.885632,26.804478,26.750282,26.722288,26.740482,26.78999,26.873962,26.966549,27.044247,27.123806,27.20043,27.275322,27.32048,27.350601,27.350435,27.338129,27.322006,27.303034,27.271955,27.216711,27.1552,27.17896,27.266758,27.271461,27.289103,27.334396,27.410765,27.521961,27.665823,27.818579,27.961624,28.08801,28.194262,28.234991,28.247232,28.230236,28.148352,28.068872,28.032415,28.054617,28.103348,28.179909,28.2975,28.449947,28.584133,28.685787,28.746336,28.751383,28.759573,28.760616,28.765417,28.763138,28.745214,28.728714,28.603191,28.421593,28.289907,28.234276,28.221512,28.238585,28.284113,28.326319,28.364264,28.407074,28.45287,28.49619,28.543585,28.578737,28.613892,28.627289,28.64737,28.664919,28.671446,28.640902,28.52438,28.403248,28.411303,28.544071,28.694544,28.791687,28.851593,28.955261,29.060423,29.134138,29.160494,29.163725,29.172802,29.162785,29.127195,29.094997,29.082197,29.089737,29.123072,29.17158,29.197792,29.210049,29.224716,29.23943,29.25619,29.27018,29.267584,29.264505,29.262552,29.25755,29.243105,29.216307,29.189827,29.173862,29.14814,29.128452,29.128796,29.147135,29.164204,29.165207,29.121304,29.04966,29.010822,28.998905,29.074863,29.22378,29.32914,29.41804,29.49304,29.557753,29.615507,29.633583,29.619333,29.600302,29.526064,29.4308,29.379984,29.40165,29.418299,29.393293,29.365501,29.345713,29.380848,29.450617,29.497715,29.512178,29.510515,29.57767,29.700802,29.765959,29.709929,29.628637,29.59315,29.520077,29.418676,29.298038,29.23761,29.218212,29.192314,29.17901,29.218641,29.234474,29.215643,29.327366,29.503597,29.751854,29.836369,29.524715,29.287273,29.197002,29.163805,29.240257,29.347183,29.415443,29.400799,29.362106,29.315567,29.25494,29.23039,29.253096,29.25951,29.259499,29.330847,29.364105,29.50171,29.710266,29.868288,30.082851,30.102634,30.027042,29.92685,29.688501,29.538195,29.406923,29.304287,29.318293,29.372072,29.443737,29.513348,29.527395,29.514523,29.524124,29.505434,29.52953,29.53938,29.618177,29.639824,29.645638,29.596994,29.535597,29.51961,29.489962,29.468733,29.425049,29.415033,29.4212,29.394667,29.322575,29.271921,29.278337,29.284441,29.274612,29.262615,29.224834,,,29.161646,28.981133,28.975376,28.87931,28.566093,28.535212,28.672766,28.90963,29.160439,29.311155,29.246655,29.17942,29.127394,29.01419,29.006508,28.999786,29.018303,29.07269,29.107283,29.137352,29.156147,29.136982,29.141687,29.09912,29.04447,28.959688,28.92452,28.928698,28.95618,28.976515,28.984972,28.97695,28.93722,28.928484,28.96019,29.014061,29.038952,29.019869,29.004679,28.885136,28.976028,29.166153,29.20486,29.181105,29.185926,29.224758,29.25343,29.228317,29.142258,28.984282,28.6471,28.338736,28.284279,28.406168,28.46497,28.439524,28.477161,28.49574,28.51765,28.511276,28.507673,28.502138,28.476923,28.462969,28.460533,28.455738,28.460869,28.468664,28.483152,28.494083,28.481285,28.45875,28.415216,28.353456,28.26691,28.249739,28.368757,28.533134,28.548155,28.66571,28.80242,28.99739,29.146212,,,,,,,,,,,,,,,,,,,,,,,,,27.956266,27.91776,28.029978,28.727606,28.704334,28.736786,28.87097,28.842167,28.916561,28.897926,28.932959,28.905634,28.903513,28.88818,28.891436,28.879894,28.903145,28.901693,28.923616,28.925112,28.941492,28.92797,28.926172,28.920801,28.915257,28.909569,28.907999,28.898182,28.895584,28.886793,28.87937,28.873018,28.86292,28.856722,28.854292,28.842472,28.827904,28.82286,28.828949,28.831001,28.823328,28.809586,28.797688,28.779709,28.750256,28.727331,28.697584,28.661812,28.630646,28.608313,28.58266,28.551758,28.519552,28.491598,28.470385,28.464066,28.478415,28.476097,28.44672,28.41477,28.399017,28.385847,28.37612,28.364454,28.361416,28.344152,28.33987,28.334148,28.307983,28.274586,28.228542,28.183836,28.147236,28.142534,28.17023,28.21887,28.267685,28.328009,28.385942,28.453867,28.52672,28.588493,28.662228,28.711105,28.72153,28.751398,28.751377,28.727806,28.68226,28.62649,28.556675,28.481625,28.373583,28.270239,28.196575,28.12763,28.05014,27.996395,27.963087,27.932447,27.885044,27.768055,27.517485,27.468687,27.70163,27.86845,27.972021,28.08756
7.0,,,,,,,,,,,,,,,,,,,,,26.675756,26.737404,26.814661,26.760592,26.679949,26.553885,26.416561,26.42178,26.529196,26.58205,26.588276,26.46838,26.345913,26.356167,26.548433,26.761282,26.84423,26.839453,26.815687,26.819784,26.860968,26.928183,27.000183,27.056377,27.1348,27.24304,27.355864,27.455927,27.50159,27.523016,27.539639,27.595882,27.570478,27.546894,27.52907,27.51139,27.489155,27.463007,27.436182,27.397297,27.362448,27.331589,27.29945,27.272663,27.235891,27.198204,27.187393,27.174004,27.147234,27.134012,27.129467,27.133915,27.13352,27.146519,27.167265,27.196894,27.232191,27.253666,27.263784,27.249586,27.206547,27.133585,27.047523,26.963068,26.85702,26.779127,26.726019,26.71442,26.721313,26.76717,26.84928,26.919645,26.980255,27.035383,27.101337,27.15831,27.195385,27.212536,27.175207,27.146904,27.129751,27.118309,27.109346,27.111185,27.162352,27.244474,27.25726,27.27742,27.327885,27.408268,27.535631,27.711428,27.904018,28.084278,28.226198,28.32203,28.39136,28.401375,28.399315,28.36554,28.265915,28.162329,28.115234,28.126286,28.153343,28.230032,28.360462,28.502245,28.616152,28.69866,28.745533,28.74966,28.76514,28.762476,28.769783,28.776043,28.744759,28.731413,28.65383,28.492682,28.340734,28.247353,28.21436,28.216448,28.254515,28.301176,28.342674,28.39616,28.44803,28.500599,28.553278,28.597193,28.640251,28.64631,28.657724,28.671532,28.665178,28.610525,28.473944,28.427763,28.548967,28.706877,28.81098,28.87775,28.965038,29.063013,29.118261,29.13609,29.135048,29.137453,29.14407,29.12438,29.082167,29.054035,29.05103,29.057896,29.097448,29.1398,29.15504,29.161186,29.169035,29.189825,29.216562,29.235184,29.236605,29.223017,29.211956,29.199144,29.189657,29.169819,29.165821,29.16416,29.144796,29.13164,29.14026,29.166601,29.162395,29.150621,29.105822,29.043068,29.019524,29.052324,29.180838,29.298094,29.391954,29.472359,29.55035,29.620237,29.671734,29.667479,29.650358,29.616299,29.529736,29.417229,29.370289,29.412104,29.438715,29.385965,29.34976,29.354635,29.394615,29.460981,29.51977,29.53846,29.57181,29.666117,29.742409,29.753681,29.684032,29.636724,29.612648,29.574202,29.437904,29.34031,29.27483,29.229176,29.169428,29.157137,29.195488,29.206533,29.191824,29.338963,29.529688,29.738468,29.742586,29.314947,29.14618,29.164059,29.285109,29.376997,29.362543,29.291498,29.237831,29.204836,29.19663,29.2125,29.231945,29.247625,29.231098,29.23911,29.252123,29.253687,29.276728,29.357113,29.266394,29.659212,29.772778,30.034494,30.063562,29.80999,29.562035,29.365782,29.279995,29.29595,29.371553,29.455345,29.535847,29.563667,29.55454,29.543283,29.531422,29.507015,29.509256,29.568966,29.545229,29.577461,29.515966,29.479988,29.451843,29.447762,29.423994,29.390797,29.392609,29.399887,29.380161,29.313728,29.255062,29.271801,29.272728,29.2474,29.24501,29.20164,29.357317,29.051912,29.119112,28.991598,29.012459,,28.5358,28.526314,28.697086,28.93855,29.182001,29.313053,29.234888,29.155615,29.102093,28.97771,28.978088,28.996815,29.011915,29.071083,29.112448,29.12982,29.132559,29.081186,29.047268,29.014584,28.972721,28.952599,28.927433,28.896492,28.89851,28.904295,28.889158,28.879133,28.889872,28.942404,28.992388,29.038519,29.020876,29.001005,28.934584,28.89383,29.058332,29.207903,29.226568,29.212767,29.199049,29.187742,29.15059,29.045702,28.858427,28.616573,28.410301,28.346533,28.388552,28.467495,28.46583,28.45227,28.475458,28.478592,28.485994,28.478142,28.442303,28.419916,28.3617,28.347109,28.3429,28.362713,28.386097,28.414568,28.430868,28.447014,28.457117,28.469732,28.43554,28.392729,28.339224,28.277296,28.31247,28.481113,28.531881,28.656483,28.803091,28.94086,29.157581,,,,,,,,,,,,,,,,,,,,,,,,,27.910694,27.914448,28.212702,28.854132,28.617228,28.78032,28.851942,28.842342,28.911064,28.888306,28.930264,28.897991,28.912214,28.890867,28.8995,28.883823,28.90573,28.898493,28.910221,28.912569,28.928476,28.92272,28.921242,28.915493,28.924091,28.922777,28.925909,28.914482,28.91504,28.911386,28.909723,28.906319,28.892649,28.87572,28.852308,28.82952,28.809793,28.783758,28.776812,28.777576,28.777946,28.765892,28.75333,28.750393,28.740086,28.719355,28.699715,28.67856,28.647955,28.620235,28.59275,28.568356,28.542973,28.525215,28.501554,28.468506,28.447847,28.450687,28.444277,28.44295,28.456787,28.457869,28.460918,28.465075,28.45795,28.434498,28.41141,28.383827,28.338398,28.284985,28.225843,28.159094,28.112097,28.095692,28.106335,28.140446,28.195398,28.26591,28.332596,28.390789,28.453924,28.525953,28.618113,28.68142,28.678196,28.705341,28.703463,28.676811,28.635902,28.589365,28.528534,28.43123,28.291294,28.167536,28.093456,28.027351,27.90794,27.787909,27.701082,27.649605,27.636763,27.650154,27.46456,27.343134,27.496933,27.72843,27.904352,27.98815
6.9166718,,,,,,,,,,,,,,,,,,,,,26.690498,26.77001,26.79197,26.707949,26.612839,26.48845,26.417725,26.530897,26.610815,26.590761,26.530203,26.368584,26.338339,26.48891,26.724306,26.857037,26.880213,26.861046,26.84489,26.860367,26.897264,26.946135,27.013357,27.070911,27.143808,27.261871,27.386236,27.480614,27.541954,27.575752,27.598066,27.643919,27.626719,27.588888,27.555199,27.531565,27.509226,27.491238,27.456272,27.43,27.410221,27.391054,27.366207,27.32853,27.270512,27.234547,27.218702,27.19214,27.164026,27.14617,27.141338,27.13871,27.128765,27.137703,27.144508,27.16915,27.206831,27.235247,27.2428,27.223135,27.183273,27.130825,27.057493,26.96499,26.891851,26.804201,26.751572,26.706522,26.720022,26.759348,26.816923,26.851593,26.88698,26.92195,26.958103,26.98733,27.010044,27.027699,27.018282,27.035183,27.060154,27.08111,27.10656,27.135757,27.174776,27.196852,27.226875,27.289568,27.383232,27.54509,27.74953,27.977386,28.176926,28.321598,28.41874,28.492512,28.53157,28.529577,28.525688,28.467648,28.346764,28.2332,28.185917,28.162882,28.180635,28.274538,28.428572,28.562483,28.65039,28.70612,28.741373,28.740671,28.755953,28.77523,28.771677,28.779678,28.749426,28.710228,28.662035,28.545639,28.397818,28.284727,28.22297,28.215036,28.238451,28.272476,28.318958,28.377787,28.437775,28.504118,28.566065,28.616068,28.655777,28.66025,28.67094,28.663586,28.63624,28.51893,28.451323,28.563145,28.735123,28.829702,28.908466,29.003204,29.072948,29.108334,29.104979,29.10233,29.10592,29.108795,29.115995,29.09093,29.058811,29.041584,29.045177,29.037184,29.066917,29.111176,29.13585,29.142664,29.147776,29.165928,29.188662,29.195341,29.19811,29.186705,29.165705,29.151468,29.143057,29.13427,29.140085,29.14433,29.135191,29.140337,29.148788,29.164217,29.152996,29.130354,29.074863,29.036242,29.04568,29.134722,29.265083,29.34816,29.446016,29.527956,29.610727,29.680006,29.72417,29.711876,29.670437,29.631308,29.55909,29.459484,29.392767,29.440283,29.474655,29.386353,29.329855,29.340475,29.386572,29.469637,29.515738,29.57326,29.638103,29.712782,29.763556,29.771673,29.733059,29.684664,29.660975,29.613567,29.435331,29.36924,29.270985,29.17808,29.108356,29.119915,29.19735,29.226881,29.235233,29.376944,29.525541,29.659834,29.511425,29.1952,29.144806,29.258982,29.303617,29.27327,29.217766,29.20931,29.212557,29.25518,29.278221,29.26204,29.251522,29.247046,29.239996,29.264357,29.270206,29.280273,29.267826,29.212242,29.15977,29.171835,29.18592,29.509731,29.793356,29.687101,29.420847,29.29245,29.276447,29.302086,29.366339,29.443316,29.536987,29.603159,29.592962,29.565598,29.549988,29.522596,29.52439,29.549154,29.507704,29.480103,29.434036,29.434225,29.377228,29.392828,29.358927,29.359066,29.36651,29.383076,29.370182,29.277227,29.250433,29.266699,29.229105,29.184425,29.195927,29.08483,29.124454,28.915524,29.116718,28.896227,29.027426,,28.594719,28.548138,28.737385,28.95927,29.176186,29.313541,29.222723,29.13216,29.089823,28.965235,28.971586,28.985033,29.004417,29.055868,29.086752,29.097982,29.096725,29.059372,29.017101,28.978323,28.927176,28.87921,28.839008,28.81299,28.815712,28.845695,28.878902,28.920958,28.948671,28.972515,28.985193,29.00911,29.029245,28.946539,28.839127,28.88946,29.039759,29.080252,29.081375,29.073067,29.03058,28.98665,28.891623,28.71752,28.568613,28.45536,28.415358,28.411093,28.433588,28.45303,28.438221,28.42456,28.434969,28.442,28.422922,28.399118,28.335445,28.294605,28.251099,28.253311,28.262838,28.307228,28.338364,28.351875,28.367605,28.391068,28.405128,28.442942,28.460943,28.457811,28.428865,28.3801,28.314598,28.42024,28.488098,28.632814,28.756647,28.885344,29.127007,,,,,,,,,,,,,,,,,,,,,,,,27.942497,27.934355,27.921566,28.354641,28.862064,28.593472,28.823141,28.817907,28.854532,28.893936,28.87733,28.9048,28.859999,28.893698,28.864126,28.880287,28.866364,28.878153,28.86673,28.877935,28.879189,28.898594,28.901043,28.90636,28.91001,28.919487,28.918951,28.922686,28.919697,28.921339,28.91985,28.918894,28.919989,28.919256,28.908916,28.890572,28.85889,28.82174,28.795036,28.7611,28.741068,28.73691,28.728455,28.713097,28.710962,28.720728,28.712236,28.703772,28.688396,28.663403,28.638968,28.610842,28.586494,28.56144,28.541363,28.520163,28.485512,28.448063,28.43898,28.446386,28.458397,28.482567,28.498825,28.509464,28.50832,28.489983,28.461645,28.425167,28.385511,28.34628,28.298,28.247633,28.184452,28.123116,28.100273,28.094187,28.087683,28.11319,28.177855,28.25566,28.317352,28.37704,28.455284,28.582989,28.676603,28.665009,28.670391,28.673546,28.63501,28.60047,28.56751,28.485086,28.359037,28.195925,28.104387,28.011219,27.900274,27.740356,27.598652,27.48391,27.420835,27.401714,27.450098,27.384651,27.266844,27.301613,27.493233,27.777815,27.951855
6.833336,,,,,,,,,,,,,,,,,,,,26.71005,26.725117,26.816872,26.753225,26.65342,26.549768,26.444265,26.464865,26.63755,26.592342,26.517782,26.404356,26.300577,26.414837,26.622225,26.827341,26.903385,26.89411,26.878435,26.876087,26.900023,26.934738,26.97178,27.025967,27.08364,27.16284,27.260761,27.393764,27.496954,27.583212,27.61896,27.634754,27.66357,27.65238,27.608124,27.571507,27.564117,27.549887,27.547527,27.526077,27.504404,27.491003,27.47672,27.44399,27.3998,27.33837,27.30862,27.283579,27.252836,27.218094,27.197296,27.184454,27.163046,27.135008,27.129711,27.12802,27.132452,27.151436,27.19166,27.221354,27.219477,27.163523,27.09756,27.050306,26.991182,26.905584,26.823685,26.761396,26.721407,26.724842,26.748518,26.79313,26.806849,26.8206,26.84101,26.870369,26.903172,26.945082,26.98862,27.016504,27.025526,27.040522,27.057621,27.079962,27.103489,27.130112,27.181011,27.256916,27.386513,27.564548,27.794512,28.023468,28.229218,28.37975,28.484642,28.558119,28.616653,28.648668,28.64996,28.63726,28.550917,28.41131,28.284233,28.214876,28.187243,28.212421,28.335445,28.493475,28.617825,28.68279,28.711346,28.731405,28.73507,28.766144,28.789589,28.779669,28.780313,28.748901,28.684843,28.63891,28.562569,28.449461,28.339714,28.264238,28.233772,28.242283,28.263897,28.30227,28.355421,28.426664,28.504377,28.57826,28.629292,28.654528,28.67035,28.655645,28.628016,28.54005,28.473698,28.593086,28.769953,28.861996,28.931274,29.042908,29.102514,29.095133,29.07629,29.069277,29.08189,29.087677,29.104641,29.110167,29.073809,29.036665,29.02224,29.03193,29.022322,29.047287,29.086018,29.116196,29.129421,29.136587,29.150412,29.1619,29.15504,29.141876,29.125374,29.1178,29.113628,29.114237,29.113955,29.122515,29.13621,29.139145,29.150091,29.151205,29.151524,29.133059,29.085762,29.040327,29.042068,29.104883,29.235773,29.318037,29.415934,29.497883,29.585423,29.654127,29.721922,29.750626,29.74836,29.69127,29.641813,29.581217,29.499458,29.422533,29.485569,29.494076,29.369984,29.327635,29.345686,29.41426,29.485535,29.530231,29.620682,29.695452,29.750988,29.793644,29.786497,29.750488,29.723013,29.648497,29.638012,29.478064,29.379894,29.237343,29.130396,29.058567,29.115686,29.218596,29.23668,29.259401,29.380148,29.463268,29.566105,29.353737,29.121395,29.176882,29.16991,29.155893,29.176846,29.210026,29.228415,29.2634,29.279997,29.251392,29.23653,29.24908,29.256733,29.26817,29.290976,29.314293,29.33323,29.353935,29.353312,29.349073,29.314575,29.205236,29.195438,29.237654,29.277332,29.24014,29.24131,29.267033,29.304798,29.345438,29.396923,29.480877,29.554745,29.635996,29.63658,29.584328,29.559044,29.544834,29.519342,29.468874,29.414413,29.419193,29.422451,29.371843,29.354012,29.319006,29.333944,29.333607,29.36072,29.311357,29.22342,29.239561,29.215948,29.136177,29.084848,29.1032,28.966085,28.806055,28.89973,28.883417,28.732359,,28.66748,28.568752,28.533356,28.749226,28.965193,29.18519,29.314133,29.23068,29.122591,29.08422,28.958437,28.961557,28.977451,28.96715,29.01571,29.029205,29.048094,29.02941,28.992304,28.956352,28.912024,28.875778,28.850601,28.829725,28.82064,28.837933,28.87106,28.894005,28.906136,28.925497,28.958195,29.007977,29.05234,28.981028,28.821957,28.765968,28.821016,28.845526,28.83661,28.856928,28.838974,28.790134,28.725292,28.626215,28.524437,28.47088,28.44006,28.400654,28.393703,28.396072,28.422153,28.432573,28.430061,28.405203,28.400948,28.338299,28.319416,28.268623,28.222193,28.19964,28.213594,28.245932,28.283262,28.300138,28.311897,28.341478,28.33926,28.35992,28.388285,28.438707,28.502544,28.557598,28.483894,28.362019,28.40236,28.453875,28.574888,28.684378,28.862173,29.130587,,,,,,,,,,,,,,,,,,,,,,,,27.947502,27.928951,27.962307,28.52121,28.830284,28.601965,28.827076,28.792273,28.859362,28.877487,28.867321,28.85482,28.806463,28.84055,28.818132,28.838356,28.83104,28.837986,28.829376,28.848713,28.847347,28.86353,28.873367,28.886845,28.89324,28.898071,28.892273,28.901554,28.905865,28.910433,28.907766,28.910759,28.916058,28.922047,28.921429,28.916553,28.897785,28.862892,28.828836,28.79018,28.75188,28.726126,28.710415,28.691872,28.678625,28.687101,28.696583,28.702654,28.69296,28.678144,28.651806,28.626005,28.604284,28.57638,28.548403,28.518545,28.484688,28.45548,28.436058,28.432117,28.449318,28.469017,28.4829,28.4947,28.48621,28.470224,28.443323,28.407309,28.37322,28.341223,28.302305,28.260643,28.212715,28.161459,28.112816,28.106453,28.097284,28.086771,28.12002,28.190304,28.26407,28.316078,28.388136,28.51941,28.653065,28.670515,28.659948,28.652716,28.616821,28.566616,28.51223,28.430225,28.282259,28.14218,28.024862,27.912949,27.738958,27.600855,27.474274,27.377542,27.341854,27.300882,27.306625,27.306942,27.248726,27.214909,27.325874,27.60974,27.880547
6.75,,,,,,,,,,,,,,,,,,,,26.723284,26.784351,26.790068,26.694191,26.602638,26.492664,26.44991,26.574415,26.664904,26.540379,26.44871,26.364199,26.33947,26.530083,26.736858,26.894958,26.915152,26.912292,26.896597,26.900276,26.920149,26.949345,26.998451,27.038523,27.083866,27.168108,27.266476,27.399143,27.511375,27.605856,27.64416,27.66145,27.682392,27.677135,27.63843,27.601902,27.612473,27.606709,27.61326,27.588781,27.56643,27.558157,27.54349,27.513884,27.461708,27.408333,27.380999,27.354155,27.322346,27.290577,27.264133,27.238565,27.206724,27.172523,27.148422,27.135023,27.107744,27.094006,27.108932,27.160818,27.209795,27.197393,27.102682,27.002327,26.939327,26.882767,26.824245,26.77403,26.733677,26.706081,26.704731,26.723663,26.722704,26.759903,26.816484,26.863415,26.90119,26.941477,26.967613,26.972008,26.967447,26.971308,26.988773,27.022795,27.068668,27.14315,27.261606,27.420883,27.613672,27.844398,28.060427,28.26235,28.421534,28.547903,28.633057,28.692,28.737408,28.768496,28.765942,28.723665,28.61707,28.46401,28.318716,28.242666,28.220871,28.270906,28.409864,28.55128,28.637419,28.68249,28.707035,28.729897,28.741991,28.77271,28.79782,28.788645,28.783272,28.753859,28.688627,28.62407,28.57089,28.481218,28.385574,28.31326,28.2738,28.264853,28.27372,28.29613,28.363129,28.443455,28.525059,28.60487,28.640327,28.662003,28.647552,28.615902,28.514845,28.47758,28.619694,28.80562,28.893684,28.968122,29.06961,29.121706,29.08907,29.045315,29.044737,29.067564,29.094856,29.109348,29.119732,29.095963,29.051252,29.011362,29.004229,29.00146,29.00293,29.033525,29.087826,29.109457,29.123268,29.13555,29.14628,29.148901,29.134096,29.108196,29.101202,29.10073,29.095097,29.094677,29.093073,29.104223,29.118074,29.129528,29.144306,29.142488,29.12618,29.082928,29.033695,29.021362,29.07508,29.20364,29.294355,29.372704,29.461113,29.554695,29.63564,29.690207,29.743607,29.757303,29.740892,29.686016,29.640873,29.570227,29.515888,29.469278,29.533789,29.502714,29.400059,29.371998,29.38495,29.447916,29.532887,29.605885,29.687483,29.751186,29.784342,29.80522,29.78365,29.737951,29.662811,29.575377,29.565975,29.495453,29.379114,29.226326,29.125057,29.084812,29.142153,29.194653,29.215508,29.253304,29.35223,29.390692,29.369898,29.193565,29.165554,29.154356,29.10847,29.126879,29.181906,29.203218,29.226475,29.218914,29.212706,29.218834,29.260513,29.287699,29.286674,29.298246,29.299952,29.330498,29.335987,29.35381,29.369919,29.384068,29.39504,29.38734,29.328617,29.303478,29.30047,29.299171,29.301651,29.307228,29.319834,29.333601,29.351952,29.385292,29.412762,29.494734,29.525114,29.531858,29.502575,29.45666,29.434832,29.426487,29.440458,29.463774,29.454117,29.38298,29.325655,29.282589,29.276127,29.261986,29.317556,29.2748,29.208527,29.213152,29.136833,29.042788,29.005352,29.002405,28.845053,28.770233,28.588373,28.751217,28.773836,,28.597204,28.492792,28.549732,28.786951,28.966684,29.161303,29.309643,29.254887,29.126852,29.087769,28.957022,28.951004,28.960424,28.939474,28.952126,28.948437,28.955166,28.951632,28.916904,28.898634,28.858654,28.836493,28.813242,28.796604,28.796574,28.823433,28.860102,28.890545,28.939846,28.9987,29.060127,29.095848,29.061153,28.912096,28.761711,28.692032,28.682644,28.653494,28.621683,28.66018,28.593775,28.602968,28.514965,28.490255,28.431696,28.430285,28.399769,28.406858,28.404089,28.46183,28.485382,28.444647,28.388977,28.325712,28.295315,28.261013,28.260015,28.221762,28.203478,28.225845,28.280098,28.316189,28.340569,28.350933,28.345598,28.329983,28.298883,28.27541,28.2588,28.312819,28.394917,28.565105,28.60138,28.501133,28.469774,28.46254,28.532038,28.651937,28.873268,29.331972,29.669474,,,,,,,,,,,,,,,,,,,,,,,27.971054,27.987185,28.048397,28.693607,28.700666,28.643248,28.81748,28.795166,28.851103,28.853697,28.837914,28.802998,28.75978,28.773348,28.770872,28.78602,28.781683,28.788647,28.777853,28.805958,28.808798,28.827095,28.846502,28.866722,28.874632,28.876823,28.869034,28.872854,28.88429,28.895409,28.89319,28.890621,28.891119,28.90133,28.908367,28.907167,28.905542,28.89548,28.87393,28.845833,28.805058,28.764458,28.730976,28.706064,28.676332,28.664606,28.674501,28.690617,28.682865,28.669027,28.652197,28.634407,28.61882,28.59174,28.548597,28.508425,28.466421,28.433071,28.413168,28.39899,28.396994,28.410751,28.427431,28.43641,28.432423,28.42699,28.408836,28.385702,28.36186,28.335648,28.304062,28.271343,28.217592,28.167366,28.114635,28.108667,28.113916,28.097446,28.11216,28.15697,28.219023,28.267635,28.333084,28.458458,28.592503,28.64275,28.651857,28.627007,28.585348,28.527245,28.429644,28.33474,28.185745,28.04405,27.936468,27.790394,27.658632,27.54972,27.43396,27.356266,27.33732,27.298607,27.256428,27.222536,27.178778,27.116882,27.090878,27.371159,27.721716
6.6666718,,,,,,,,,,,,,,,,,,,26.763624,26.781057,26.821316,26.754349,26.648417,26.545908,26.479744,26.522043,26.662949,26.609512,26.470327,26.429974,26.381418,26.445803,26.661367,26.830702,26.928736,26.934496,26.932077,26.92442,26.945032,26.954025,26.972202,27.03308,27.074041,27.099895,27.17169,27.271173,27.397068,27.519836,27.62927,27.675837,27.678701,27.697521,27.688978,27.66762,27.647974,27.672718,27.67495,27.680866,27.652884,27.638723,27.619137,27.610947,27.567497,27.54036,27.473112,27.447174,27.412193,27.376083,27.342827,27.31728,27.287481,27.261297,27.237562,27.21243,27.190422,27.160004,27.11715,27.087957,27.07921,27.109539,27.166187,27.164576,27.082508,26.963366,26.859512,26.763245,26.690014,26.639242,26.605549,26.601797,26.620945,26.660446,26.748623,26.829859,26.860796,26.869602,26.874987,26.873907,26.87474,26.892263,26.926994,26.99016,27.079117,27.183767,27.325352,27.513132,27.717226,27.923983,28.112827,28.285942,28.441196,28.596098,28.7049,28.770914,28.828981,28.872263,28.880133,28.850258,28.774843,28.654278,28.501253,28.374887,28.311775,28.281193,28.340902,28.49138,28.606712,28.653822,28.665035,28.680809,28.711168,28.74013,28.7732,28.801397,28.793774,28.77738,28.747053,28.70316,28.627157,28.564947,28.48405,28.414707,28.345398,28.30193,28.284424,28.292908,28.342175,28.41821,28.493114,28.576107,28.636005,28.653307,28.649086,28.583626,28.474297,28.483147,28.634897,28.804508,28.905537,28.986315,29.074244,29.10777,29.071945,29.022959,29.028229,29.076708,29.115,29.130217,29.116978,29.098755,29.06937,29.015118,28.995047,28.991125,28.982986,28.97236,29.008257,29.076427,29.106506,29.120798,29.133938,29.146038,29.144802,29.126324,29.107195,29.101044,29.09087,29.08121,29.074942,29.076468,29.085331,29.102247,29.114635,29.126638,29.108118,29.071081,29.032187,29.006132,29.036833,29.142963,29.261503,29.319935,29.419825,29.494392,29.579273,29.645603,29.68738,29.735949,29.723248,29.680655,29.639917,29.589884,29.502584,29.487757,29.485355,29.521225,29.491837,29.42149,29.389357,29.420586,29.47214,29.55926,29.673004,29.75582,29.771292,29.792068,29.808676,29.79719,29.759892,29.661146,29.541838,29.493343,29.463886,29.359695,29.235527,29.198198,29.156096,29.135523,29.182667,29.217865,29.249508,29.307072,29.306337,29.222029,29.161428,29.167595,29.113157,29.099993,29.142197,29.123354,29.127617,29.151663,29.177738,29.224754,29.277529,29.33059,29.335077,29.340122,29.349298,29.362751,29.382782,29.380062,29.377007,29.39822,29.396946,29.411854,29.427797,29.440708,29.438997,29.416727,29.39959,29.386017,29.381804,29.385595,29.391302,29.398891,29.405575,29.41479,29.422316,29.419363,29.421839,29.409885,29.411577,29.433914,29.458815,29.475586,29.476572,29.441961,29.360624,29.294062,29.238314,29.219326,29.185308,29.244783,29.226788,29.196585,29.191864,29.093552,29.037775,29.023363,29.018066,28.83776,28.810472,,28.546606,28.658415,28.760609,28.59048,28.521343,28.556028,28.776558,28.951256,29.150517,29.292583,29.289972,29.15702,29.115366,28.98466,28.956362,28.963501,28.946383,28.946257,28.924212,28.910702,28.900496,28.860886,28.859936,28.84179,28.841002,28.849466,28.862196,28.891607,28.937874,28.977604,29.029354,29.072603,29.124681,29.134796,29.119514,29.01339,28.846676,28.68579,28.605627,28.536072,28.485693,28.501375,28.47393,28.455858,28.451237,28.403368,28.412655,28.389162,28.422937,28.412783,28.473791,28.531618,28.568802,28.483273,28.357107,28.288275,28.268732,28.265451,28.233545,28.22804,28.18169,28.197746,28.246653,28.281643,28.295185,28.311567,28.317907,28.30834,28.30433,28.27908,28.235806,28.178963,28.175632,28.2179,28.397152,28.565182,28.54703,28.497261,28.47546,28.527008,28.610647,28.80588,29.164206,29.486317,,,,,,,,,,,,,,,,,,,,,,,28.034103,28.008553,28.149227,28.792715,28.626633,28.633913,28.809153,28.792616,28.837946,28.817837,28.798729,28.752821,28.72873,28.722227,28.737204,28.741764,28.741394,28.75124,28.744682,28.765108,28.771578,28.788706,28.810328,28.827559,28.837366,28.834915,28.834114,28.843344,28.854263,28.86721,28.869112,28.866796,28.867468,28.879679,28.891375,28.894129,28.894041,28.903744,28.904795,28.891958,28.861315,28.826437,28.784887,28.741493,28.708874,28.66623,28.654776,28.663498,28.666258,28.654402,28.643072,28.624979,28.60926,28.594158,28.55104,28.502123,28.451267,28.401714,28.37091,28.350956,28.345913,28.350344,28.35572,28.351213,28.346882,28.342424,28.33877,28.32654,28.307487,28.284948,28.259903,28.232216,28.187338,28.139704,28.102804,28.103012,28.117403,28.115015,28.123413,28.138527,28.174778,28.221083,28.28081,28.398945,28.517544,28.578545,28.604002,28.595196,28.54849,28.46237,28.365372,28.23075,28.099955,27.969254,27.853024,27.710339,27.63381,27.539232,27.43657,27.347641,27.317244,27.27203,27.222488,27.158363,27.061234,27.029736,26.981495,27.20649,27.5608
6.583336,,,,,,,,,,,,,,,,,,,26.769659,26.834326,26.799604,26.697346,26.592012,26.517052,26.521952,26.633848,26.637732,26.527407,26.461678,26.487185,26.47087,26.576296,26.748455,26.864424,26.944159,26.953627,26.954268,26.957367,26.990936,26.998844,26.999779,27.064491,27.10841,27.117144,27.17948,27.279879,27.404709,27.519855,27.64039,27.707352,27.705301,27.718681,27.71202,27.701777,27.705545,27.736189,27.74831,27.747803,27.727625,27.715124,27.69471,27.678978,27.641945,27.599245,27.52556,27.514984,27.493423,27.440708,27.419094,27.388958,27.357843,27.338507,27.325901,27.29953,27.287962,27.267008,27.224678,27.165525,27.098082,27.043945,27.030645,27.052742,27.083601,27.064657,27.000605,26.906284,26.803415,26.71345,26.65709,26.636444,26.662664,26.71134,26.763412,26.79011,26.78237,26.754663,26.756863,26.787222,26.841736,26.922817,27.019476,27.137108,27.288523,27.45738,27.657278,27.869041,28.045105,28.199156,28.345,28.489773,28.642128,28.771627,28.842258,28.88446,28.92183,28.935812,28.921328,28.875961,28.790495,28.690783,28.5547,28.460554,28.389517,28.361198,28.446915,28.569752,28.627453,28.631939,28.641947,28.666817,28.699205,28.731396,28.771149,28.799025,28.78886,28.76748,28.737646,28.698019,28.619036,28.54737,28.492332,28.4312,28.371635,28.336199,28.326765,28.356173,28.420732,28.499617,28.569643,28.62712,28.643293,28.62157,28.565186,28.456444,28.477755,28.630663,28.775173,28.902328,29.013016,29.08126,29.101332,29.070652,29.028994,29.030119,29.08962,29.12504,29.129457,29.12865,29.1023,29.080889,29.01439,28.983965,28.964994,28.964396,28.968657,28.964008,28.999945,29.05747,29.0996,29.125532,29.144484,29.150194,29.144602,29.125322,29.10499,29.088516,29.074007,29.06275,29.058678,29.063744,29.072073,29.088125,29.090271,29.088924,29.059786,29.022842,28.991076,29.002356,29.082651,29.22108,29.262686,29.34837,29.42563,29.49889,29.56958,29.632982,29.673567,29.700893,29.677612,29.63746,29.567137,29.49632,29.46073,29.470852,29.455406,29.506062,29.51374,29.47078,29.436666,29.461899,29.511978,29.577028,29.692026,29.749899,29.748825,29.752592,29.761156,29.793789,29.79658,29.623531,29.45326,29.633995,29.490862,29.387066,29.293953,29.183893,29.131897,29.167929,29.210209,29.206245,29.21051,29.231956,29.214338,29.181376,29.167606,29.15123,29.126116,29.167696,29.132067,29.085464,29.095524,29.145452,29.226637,29.295689,29.340021,29.36422,29.391628,29.409267,29.430513,29.448065,29.451168,29.458769,29.456833,29.45548,29.467651,29.454893,29.448399,29.442162,29.43591,29.440586,29.452051,29.462305,29.468807,29.479515,29.486773,29.490992,29.491058,29.487932,29.489813,29.480465,29.471802,29.463253,29.469795,29.464005,29.460058,29.460554,29.436586,29.411552,29.355896,29.286484,29.210794,29.155552,29.111284,29.157228,29.177206,29.195318,29.193098,29.14221,29.112871,29.105139,28.993025,28.78161,28.73741,28.599127,28.61984,28.654137,28.681692,28.545723,28.462515,28.551249,28.788656,28.933062,29.103107,29.261293,29.294657,29.182194,29.149462,29.029327,28.983438,28.986715,28.961353,28.97338,28.962067,28.954987,28.969042,28.96324,28.99621,28.997776,29.020992,29.012932,29.033802,29.058722,29.081543,29.104073,29.129362,29.153038,29.157906,29.143202,29.078049,28.917545,28.735273,28.581509,28.496037,28.424717,28.420555,28.418459,28.404053,28.425873,28.41356,28.429817,28.451271,28.463652,28.53018,28.58541,28.669718,28.71213,28.585411,28.374163,28.278181,28.283432,28.282806,28.229042,28.154913,28.131357,28.16355,28.236427,28.286318,28.321915,28.345678,28.356451,28.364063,28.363592,28.356033,28.329752,28.28301,28.224955,28.186745,28.183346,28.27988,28.463825,28.53644,28.505228,28.48211,28.511734,28.563873,28.743343,29.05309,29.312193,,,,,,,,,,,,,,,,,,,,,,27.999949,27.98803,28.094885,28.29988,28.918623,28.488894,28.726309,28.767416,28.790903,28.793701,28.789007,28.764866,28.712936,28.717701,28.690126,28.716106,28.706728,28.706999,28.71775,28.72568,28.73561,28.741785,28.754847,28.765036,28.774977,28.779234,28.7856,28.78556,28.79582,28.806513,28.823263,28.833136,28.836533,28.841208,28.855974,28.869541,28.87906,28.88744,28.898247,28.907623,28.911133,28.894302,28.879126,28.843294,28.803205,28.75255,28.706432,28.652561,28.629168,28.633171,28.63726,28.624947,28.613134,28.601141,28.586044,28.550713,28.506285,28.448198,28.385565,28.333128,28.307678,28.29525,28.281992,28.277636,28.2652,28.261103,28.258251,28.252542,28.24725,28.232748,28.213867,28.19687,28.176476,28.14182,28.116362,28.094727,28.104698,28.119543,28.135725,28.138855,28.134844,28.14831,28.171343,28.225092,28.335207,28.453667,28.52848,28.569538,28.57139,28.540499,28.448593,28.322302,28.177483,28.054285,27.90907,27.785013,27.683092,27.61708,27.519356,27.42637,27.375288,27.377949,27.348368,27.27586,27.129232,26.993164,26.956186,26.87432,27.062733,27.450203
6.5,,,,,,,,,,,,,,,,,,26.725433,26.79993,26.837088,26.7569,26.644213,26.559397,26.525223,26.589842,26.651785,26.575377,26.494013,26.507263,26.528057,26.525772,26.665747,26.809135,26.902021,26.952206,26.958036,26.95071,26.966717,27.017994,27.032425,27.021032,27.088486,27.153368,27.150646,27.201527,27.287027,27.414274,27.54485,27.659945,27.731194,27.740118,27.744953,27.751598,27.756384,27.783327,27.815224,27.827078,27.816761,27.805302,27.788893,27.770048,27.74212,27.68537,27.642996,27.583788,27.575241,27.555182,27.489458,27.482187,27.466604,27.43317,27.441181,27.41908,27.410318,27.410713,27.399359,27.384506,27.335707,27.266153,27.172262,27.067732,26.974443,26.92307,26.919468,26.942814,26.94741,26.931023,26.89601,26.847792,26.816448,26.803043,26.782948,26.737488,26.683628,26.638708,26.645996,26.732862,26.855124,26.995337,27.147501,27.307539,27.491034,27.69345,27.88891,28.07687,28.213957,28.310799,28.431107,28.544014,28.664848,28.778143,28.856638,28.892342,28.92187,28.930178,28.929586,28.906832,28.86186,28.798342,28.725306,28.611242,28.533552,28.473848,28.47395,28.573452,28.63465,28.634483,28.624035,28.639706,28.6778,28.717178,28.738018,28.772108,28.794237,28.788431,28.762959,28.728518,28.67553,28.606962,28.55139,28.50864,28.466301,28.414915,28.39424,28.40434,28.449842,28.517962,28.588392,28.625065,28.632866,28.597776,28.51485,28.42144,28.478607,28.628254,28.747583,28.893864,29.04147,29.100624,29.091055,29.071918,29.043385,29.037552,29.081783,29.113419,29.130543,29.133745,29.120836,29.075932,29.043922,29.010838,28.989159,28.978697,28.990042,29.000088,29.00127,29.036081,29.072557,29.104824,29.137827,29.163065,29.177742,29.165293,29.14165,29.107994,29.076492,29.05527,29.047455,29.050907,29.058525,29.063028,29.060764,29.045416,29.031315,29.010075,28.987936,28.983858,29.047037,29.15609,29.25158,29.28476,29.367283,29.428526,29.494183,29.55697,29.60086,29.637024,29.649733,29.624695,29.609905,29.53846,29.475128,29.433245,29.436525,29.430586,29.49736,29.556301,29.585236,29.564165,29.553198,29.527431,29.591005,29.702171,29.71623,29.724073,29.7603,29.75285,29.75858,29.694355,29.478985,29.62746,29.66829,29.468458,29.396326,29.3278,29.18553,29.1827,29.20427,29.209364,29.192284,29.174433,29.15947,29.166101,29.17481,29.190292,29.194206,29.184479,29.150759,29.127237,29.130898,29.154278,29.19475,29.276472,29.342955,29.380737,29.424913,29.456835,29.460688,29.489458,29.494915,29.515175,29.514301,29.518045,29.53158,29.545553,29.546656,29.5436,29.539904,29.542925,29.552528,29.558184,29.560421,29.55667,29.5591,29.555971,29.555939,29.554173,29.551067,29.540413,29.511507,29.490961,29.468842,29.453636,29.422983,29.434332,29.43548,29.428074,29.41995,29.36407,29.268337,29.164457,29.086685,29.043741,29.056837,29.104555,29.155233,29.15914,29.165707,29.15919,29.069532,28.885593,28.818289,28.827717,28.666384,28.793055,28.732347,28.805147,28.659159,28.540306,28.52442,28.758455,28.908735,29.062605,29.195263,29.264782,29.170275,29.17055,29.1031,29.052477,29.066147,29.057228,29.072136,29.084438,29.0822,29.105877,29.108633,29.13342,29.128323,29.138983,29.132633,29.130344,29.12789,29.129848,29.132515,29.141308,29.1458,29.118464,29.062464,28.931747,28.7626,28.588234,28.452873,28.420008,28.389225,28.426207,28.427593,28.466011,28.502142,28.547338,28.60359,28.660427,28.723509,28.7941,28.861588,28.868803,28.707273,28.479774,28.286888,28.247345,28.23999,28.173681,28.085726,28.082628,28.147514,28.250748,28.310291,28.325884,28.333212,28.341648,28.362494,28.363592,28.350739,28.354277,28.336546,28.30918,28.263033,28.239616,28.21244,28.236671,28.367607,28.482243,28.502676,28.478676,28.483814,28.533525,28.725626,29.014074,29.265377,29.746548,,,,,,,,,,,,,,,,,,,,28.013454,28.016638,28.050406,28.168554,28.601894,28.84199,28.46188,28.751257,28.72115,28.77601,28.743753,28.75933,28.752865,28.703438,28.72228,28.675074,28.707039,28.680521,28.67181,28.670444,28.685265,28.69353,28.700188,28.70993,28.71474,28.728046,28.730509,28.742632,28.76386,28.772533,28.785055,28.792948,28.797485,28.795086,28.808773,28.82781,28.834097,28.854626,28.870888,28.88468,28.88985,28.904408,28.904306,28.904814,28.893343,28.866796,28.82661,28.766632,28.71335,28.650993,28.63102,28.633497,28.621073,28.61348,28.619652,28.595362,28.55722,28.508177,28.442955,28.37078,28.30124,28.266228,28.232533,28.207106,28.198153,28.183325,28.173428,28.15816,28.142498,28.138233,28.139019,28.131744,28.124464,28.118504,28.096504,28.085047,28.077696,28.106174,28.1119,28.132723,28.139118,28.119738,28.09983,28.130346,28.177265,28.280016,28.387215,28.474314,28.531527,28.54219,28.506107,28.42857,28.303713,28.149862,28.008043,27.841812,27.720407,27.665998,27.60194,27.51599,27.443302,27.41381,27.359375,27.309805,27.191116,27.05142,26.907476,26.826511,26.818302,26.894283,27.214926
6.4166718,,,,,,,,,,,,,,,,,,26.725344,26.810791,26.813225,26.703806,26.594238,26.54388,26.559109,26.636265,26.632973,26.542263,26.539248,26.593342,26.602703,26.614632,26.737286,26.832539,26.90631,26.946756,26.95748,26.93699,26.958555,27.031881,27.056856,27.042534,27.098692,27.181456,27.202293,27.23913,27.327623,27.441133,27.567198,27.698761,27.76678,27.7907,27.794588,27.813972,27.83174,27.874062,27.911116,27.917841,27.909573,27.895472,27.889635,27.868631,27.82587,27.770693,27.730076,27.681292,27.66792,27.6284,27.571894,27.577005,27.532093,27.526484,27.529718,27.517002,27.52646,27.522799,27.519417,27.51354,27.498228,27.464058,27.400238,27.30887,27.19255,27.066126,26.949987,26.865328,26.8146,26.781317,26.756227,26.737694,26.721712,26.69783,26.665726,26.63325,26.635548,26.691921,26.826794,27.00775,27.193293,27.39523,27.582895,27.778826,27.959059,28.116827,28.228086,28.320627,28.36556,28.442472,28.54992,28.645735,28.747261,28.84243,28.892696,28.91088,28.922422,28.93223,28.925888,28.898926,28.863394,28.813364,28.738222,28.653284,28.607248,28.55402,28.583668,28.638031,28.638607,28.629053,28.636707,28.672495,28.71262,28.747177,28.760244,28.782768,28.795671,28.786903,28.755314,28.716454,28.66795,28.618237,28.581553,28.536001,28.484882,28.454708,28.458963,28.501032,28.553436,28.60716,28.634277,28.634905,28.571148,28.477983,28.39139,28.484312,28.62974,28.739809,28.87993,29.03908,29.10969,29.09465,29.061102,29.051413,29.06278,29.08691,29.108608,29.125006,29.148033,29.129345,29.094444,29.067099,29.049238,29.029106,29.01985,29.010664,29.018192,29.02958,29.033651,29.061352,29.09288,29.12264,29.15508,29.177279,29.191212,29.173471,29.136457,29.101286,29.06023,29.030994,29.025555,29.037197,29.045603,29.039974,29.01451,28.992704,28.984365,28.962757,28.96192,29.006172,29.108791,29.208696,29.227173,29.294924,29.340874,29.388435,29.459303,29.510408,29.560406,29.621367,29.633204,29.620855,29.611723,29.550804,29.48137,29.434027,29.412636,29.411348,29.41742,29.502373,29.588308,29.618315,29.593,29.581423,29.650877,29.727808,29.738068,29.76379,29.794601,29.771036,29.668785,29.592798,29.504568,29.793303,29.589561,29.466291,29.48244,29.418406,29.285173,29.247353,29.232546,29.22739,29.199064,29.161945,29.13885,29.155186,29.16921,29.202105,29.213455,29.16885,29.114813,29.126278,29.14616,29.182867,29.247313,29.315735,29.378183,29.426826,29.454103,29.478354,29.498064,29.53919,29.540243,29.555735,29.563787,29.576155,29.594847,29.603174,29.605482,29.612183,29.615465,29.614359,29.609003,29.595892,29.590847,29.576214,29.569685,29.558962,29.55243,29.548994,29.543968,29.509754,29.480955,29.448076,29.432987,29.408854,29.387575,29.41146,29.409815,29.41226,29.397217,29.335331,29.240356,29.132051,29.046068,28.999495,28.98339,29.040298,29.077274,29.106153,29.128336,29.113014,28.98053,28.810167,28.826578,28.830883,28.677309,28.901802,28.734255,28.683325,28.65738,28.50131,28.521639,28.745045,28.861149,28.995121,29.11621,29.200338,29.105028,29.092669,29.058338,29.028788,29.054485,29.05233,29.0772,29.096655,29.095722,29.118547,29.109089,29.10998,29.096684,29.082296,29.072832,29.057898,29.05274,29.044775,29.043941,29.037401,29.006298,28.954313,28.860634,28.712742,28.522377,28.434084,28.394562,28.418886,28.456463,28.546547,28.60877,28.704235,28.767902,28.850727,28.900932,28.942976,28.98191,28.996798,28.943647,28.774778,28.551756,28.34476,28.204128,28.149664,28.118715,28.111183,28.126144,28.169765,28.22901,28.283901,28.284773,28.271202,28.27655,28.315994,28.347761,28.349222,28.34157,28.344252,28.334753,28.361443,28.388376,28.4114,28.375782,28.318674,28.350746,28.433764,28.489607,28.483833,28.4846,28.510643,28.677868,28.908066,29.167809,29.518738,,,,,,,,,,,,,,,,,,,28.157688,28.097958,28.039995,28.07991,28.448248,28.819561,28.542088,28.536884,28.749321,28.674055,28.755693,28.707483,28.725721,28.715338,28.683449,28.678614,28.657309,28.696035,28.64091,28.640797,28.605991,28.619669,28.630554,28.660192,28.672749,28.677135,28.687918,28.70707,28.735268,28.770725,28.779844,28.791307,28.806019,28.808023,28.804049,28.810795,28.828579,28.81697,28.828587,28.858631,28.87584,28.883577,28.897026,28.900534,28.899017,28.898249,28.896181,28.88555,28.867855,28.795492,28.733309,28.69326,28.674425,28.642303,28.630066,28.62604,28.613668,28.59119,28.555256,28.489391,28.420794,28.324907,28.267733,28.219587,28.185232,28.16788,28.14098,28.11642,28.09184,28.070988,28.061092,28.060831,28.058802,28.05468,28.061213,28.049103,28.0579,28.066456,28.095232,28.089203,28.104452,28.10151,28.0733,28.049559,28.065958,28.13625,28.23585,28.321825,28.42757,28.485216,28.495184,28.458551,28.412066,28.298088,28.11451,27.918394,27.807758,27.737135,27.679342,27.59267,27.530748,27.458342,27.378723,27.297731,27.216572,27.113295,26.942041,26.858843,26.846855,26.83937,26.800516,26.911852
6.333336,,,,,,,,,,,,,,,,,,26.775558,26.863237,26.768606,26.659563,26.564249,26.557096,26.601675,26.642878,26.600288,26.573034,26.61237,26.677607,26.659958,26.681116,26.766869,26.831352,26.901493,26.939924,26.94645,26.925499,26.949493,27.037407,27.07679,27.075726,27.113354,27.203861,27.240892,27.287836,27.378378,27.501087,27.63648,27.74665,27.811733,27.84602,27.859392,27.892042,27.924635,27.97524,28.011238,28.011347,28.001451,27.987467,28.003305,27.979023,27.936586,27.896564,27.8574,27.819439,27.794195,27.746487,27.685318,27.684286,27.626093,27.629784,27.620008,27.613733,27.61528,27.615614,27.613216,27.610895,27.602163,27.58408,27.55533,27.51619,27.454597,27.367352,27.265789,27.162941,27.062803,26.96773,26.882153,26.822475,26.79505,26.785593,26.821047,26.905502,27.019163,27.172358,27.342993,27.524683,27.699184,27.866667,28.010567,28.123243,28.212221,28.27089,28.322762,28.370855,28.443384,28.562555,28.673998,28.76815,28.852047,28.894783,28.90471,28.90547,28.925407,28.932085,28.925219,28.904335,28.864483,28.811615,28.751997,28.701391,28.65813,28.608553,28.64813,28.64525,28.626284,28.63046,28.66056,28.699863,28.732515,28.763807,28.784002,28.80317,28.804817,28.790005,28.755152,28.713306,28.676662,28.646315,28.587793,28.536678,28.488243,28.50248,28.545494,28.593367,28.632704,28.647491,28.639574,28.55492,28.42597,28.39426,28.49694,28.65259,28.751493,28.881042,29.01415,29.104404,29.117517,29.08908,29.07503,29.091015,29.110357,29.10781,29.13092,29.137033,29.15181,29.108816,29.099642,29.080214,29.06638,29.059717,29.05451,29.032146,29.019606,29.028637,29.039154,29.073103,29.11359,29.143602,29.164967,29.180618,29.186178,29.163828,29.125767,29.08926,29.041874,29.017115,29.017025,29.02791,29.01752,28.996492,28.959616,28.951849,28.954319,28.937386,28.965302,29.04583,29.156952,29.21356,29.211718,29.275875,29.2971,29.35466,29.407703,29.476645,29.52678,29.617863,29.64275,29.626709,29.615856,29.575008,29.561977,29.513468,29.456987,29.452362,29.415258,29.456701,29.557804,29.564367,29.577894,29.592329,29.691845,29.740452,29.723873,29.734833,29.735193,29.649847,29.52309,29.470268,29.695679,29.708008,29.502401,29.44541,29.475225,29.404028,29.375795,29.285198,29.25428,29.241344,29.194582,29.158356,29.133799,29.146898,29.162855,29.173813,29.16881,29.139214,29.125917,29.11619,29.147623,29.229776,29.300459,29.369946,29.417654,29.438591,29.477331,29.51868,29.539581,29.557486,29.569881,29.594488,29.611473,29.62141,29.630924,29.63322,29.62419,29.615154,29.6085,29.59767,29.587141,29.57381,29.55943,29.533655,29.523157,29.510517,29.495766,29.49332,29.468912,29.42992,29.404556,29.387869,29.386286,29.35697,29.353434,29.37557,29.381855,29.385115,29.356115,29.291506,29.20857,29.127935,29.047249,28.993507,28.97899,28.9903,28.96965,29.034687,29.099295,28.971468,28.66258,28.830841,28.79175,28.766453,28.799961,28.776144,28.73742,,28.77009,28.575579,28.46002,28.701975,28.82194,28.924185,29.017683,29.115786,29.038479,29.0017,28.960001,28.922338,28.923058,28.922567,28.908558,28.922428,28.89184,28.900831,28.877432,28.881746,28.868128,28.862207,28.857115,28.849125,28.848898,28.83744,28.830042,28.801855,28.760893,28.699541,28.578995,28.512306,28.444757,28.446018,28.500341,28.579922,28.682665,28.805017,28.891779,28.971619,29.031666,29.072754,29.098549,29.105742,29.08562,29.015745,28.849215,28.611227,28.408981,28.245121,28.116716,28.077065,28.120266,28.134207,28.135565,28.144714,28.216055,28.262192,28.29077,28.29984,28.339668,28.42787,28.510376,28.537968,28.541843,28.543737,28.557232,28.584631,28.618017,28.62238,28.564644,28.491076,28.40687,28.431547,28.481869,28.463728,28.448997,28.458729,28.596369,28.818815,29.076204,29.317501,,,,,,,,,,,,,,,,,,28.183193,28.041487,27.990368,28.108862,28.395788,28.742126,28.631657,28.500166,28.62744,28.67899,28.6409,28.692104,28.650164,28.666481,28.636385,28.640223,28.610346,28.626198,28.629404,28.58183,28.594604,28.565111,28.57661,28.59277,28.631695,28.656382,28.66364,28.675972,28.703182,28.729248,28.762888,28.782038,28.802826,28.819832,28.827847,28.833559,28.838398,28.84747,28.828135,28.824286,28.855654,28.87741,28.87436,28.892687,28.904293,28.908253,28.907227,28.909101,28.909248,28.912432,28.901133,28.861376,28.798462,28.745066,28.689272,28.650934,28.624092,28.615887,28.61942,28.612783,28.604485,28.539833,28.467592,28.388462,28.33046,28.282707,28.241087,28.212635,28.178923,28.121563,28.07275,28.050247,28.044344,28.040442,28.032335,28.037771,28.04275,28.061525,28.07633,28.08704,28.073309,28.07424,28.05831,28.023876,27.998844,28.015654,28.091623,28.198792,28.262888,28.364988,28.430574,28.435547,28.401949,28.36593,28.259186,28.083178,27.903646,27.777468,27.732185,27.682762,27.625793,27.498001,27.382715,27.329332,27.229033,27.148222,27.032955,26.927336,26.841948,26.819424,26.735386,26.734987,26.780212
6.25,,,,,,,,,,,,,,,,,,26.756435,26.835127,26.736588,26.62117,26.562214,26.573341,26.625559,26.643372,26.608587,26.592058,26.675709,26.721636,26.70219,26.723017,26.784306,26.833065,26.890135,26.926043,26.936409,26.914358,26.939516,27.037409,27.086178,27.11293,27.147125,27.230923,27.29856,27.342688,27.442608,27.571587,27.707748,27.80729,27.864626,27.896044,27.924255,27.973034,28.020828,28.086052,28.118486,28.116783,28.099226,28.077904,28.109417,28.11173,28.07024,28.023579,27.985048,27.974218,27.916273,27.86621,27.82444,27.789377,27.763235,27.745552,27.73083,27.717396,27.717104,27.70914,27.70388,27.697752,27.68811,27.6741,27.655746,27.635134,27.606472,27.567305,27.520369,27.467093,27.41733,27.369596,27.321571,27.285477,27.26526,27.289917,27.35947,27.451672,27.557718,27.673925,27.792395,27.91379,28.026466,28.111275,28.171362,28.227211,28.295189,28.355188,28.416775,28.498543,28.612389,28.718058,28.789316,28.833048,28.86351,28.874304,28.880201,28.902761,28.925323,28.93059,28.916842,28.886864,28.84916,28.810987,28.755096,28.703648,28.642166,28.634771,28.652336,28.628633,28.62095,28.640068,28.676908,28.711359,28.736391,28.771421,28.800514,28.822287,28.813444,28.789686,28.761972,28.722626,28.684889,28.639393,28.578024,28.54192,28.538168,28.56769,28.62181,28.653618,28.660194,28.626135,28.493818,28.398014,28.392862,28.526146,28.688683,28.784832,28.896431,29.005398,29.098326,29.141058,29.132729,29.101177,29.108147,29.125957,29.13023,29.139215,29.145416,29.143364,29.115507,29.13717,29.113691,29.085169,29.077785,29.069998,29.06747,29.04737,29.029314,29.043905,29.067001,29.097727,29.121855,29.150913,29.176981,29.182953,29.175743,29.14483,29.110249,29.071129,29.028988,29.00842,29.000534,28.99318,28.965063,28.933697,28.910656,28.924725,28.938223,28.939854,29.002136,29.098356,29.176126,29.1907,29.200024,29.257984,29.276897,29.341248,29.406178,29.462,29.496477,29.576921,29.61567,29.60589,29.585325,29.58954,29.605536,29.588917,29.547264,29.495684,29.457687,29.437574,29.521597,29.533478,29.525993,29.570671,29.643442,29.679594,29.636538,29.636444,29.641577,29.58767,29.604637,29.588242,29.679827,29.698698,29.539745,29.488537,29.477392,29.462729,29.396816,29.31658,29.289394,29.258776,29.195173,29.151184,29.148417,29.150164,29.14519,29.137314,29.11759,29.109818,29.100168,29.123371,29.18809,29.261429,29.325838,29.37952,29.418621,29.457945,29.493801,29.52162,29.547245,29.563501,29.5698,29.591381,29.601887,29.616217,29.624989,29.619717,29.603882,29.582663,29.570724,29.52899,29.51196,29.504559,29.480444,29.462225,29.458729,29.44553,29.410847,29.412672,29.374596,29.350008,29.34529,29.339495,29.330244,29.314972,29.326593,29.35377,29.36133,29.359463,29.322206,29.277832,29.210234,29.137665,29.056822,28.993868,28.972902,28.955688,28.928318,28.933214,28.990705,28.997019,28.404636,28.839993,28.821817,28.84355,28.836935,28.78398,28.725275,28.76397,28.6701,28.636023,28.479101,28.638369,28.786581,28.862934,28.893684,28.973627,28.94652,28.90875,28.855074,28.79223,28.754793,28.737703,28.701736,28.692984,28.659422,28.657904,28.642817,28.632875,28.63544,28.629377,28.640358,28.636234,28.64534,28.63275,28.629425,28.604008,28.590282,28.569162,28.551348,28.564283,28.599543,28.681812,28.774183,28.880632,28.986868,29.061989,29.10592,29.120007,29.135849,29.14049,29.142422,29.121529,29.05229,28.90306,28.691177,28.46401,28.289064,28.147064,28.02949,28.08746,28.102985,28.11205,28.126823,28.183292,28.271267,28.304989,28.306604,28.303,28.347357,28.447626,28.526983,28.590282,28.666113,28.713213,28.710983,28.712847,28.724495,28.72272,28.682957,28.607708,28.484316,28.460358,28.498209,28.480663,28.419561,28.411825,28.502996,28.756435,28.986639,29.146013,29.70937,,,,,,,,,,,,,,,27.962357,27.927814,27.915764,27.86088,28.133442,28.407862,28.727337,28.699076,28.52185,28.569618,28.621466,28.602259,28.594145,28.60534,28.582819,28.583982,28.550127,28.585646,28.523697,28.58847,28.524343,28.544731,28.54115,28.538794,28.556725,28.59766,28.64167,28.669653,28.683706,28.69922,28.71608,28.740122,28.77843,28.800661,28.820833,28.835054,28.833265,28.84788,28.855597,28.855265,28.849522,28.84985,28.869675,28.878693,28.87269,28.886461,28.911198,28.921297,28.93605,28.948519,28.944992,28.937517,28.934837,28.932648,28.903877,28.849789,28.787846,28.72174,28.673965,28.638647,28.644894,28.66103,28.672283,28.654446,28.645744,28.561712,28.469744,28.42517,28.395288,28.370811,28.29437,28.212553,28.147161,28.108265,28.095238,28.091152,28.084316,28.067974,28.072546,28.080307,28.084513,28.093203,28.073935,28.047472,28.029375,28.0019,27.98021,28.005142,28.05855,28.167088,28.216002,28.311865,28.382145,28.370066,28.342894,28.309109,28.209047,28.05722,27.90298,27.797148,27.754244,27.723518,27.586998,27.477036,27.41177,27.325636,27.191568,27.079105,26.968054,26.844418,26.754889,26.711176,26.671005,26.596699,26.697725
6.1666718,,,,,,,,,,,,,,,,,26.737339,26.775497,26.817091,26.704956,26.590155,26.55103,26.589603,26.64023,26.631413,26.606201,26.611214,26.702469,26.737846,26.72586,26.742653,26.77991,26.809332,26.849293,26.900602,26.90572,26.891848,26.933956,27.02466,27.08659,27.134092,27.181091,27.254509,27.343098,27.389202,27.518398,27.633919,27.76721,27.849627,27.918201,27.95508,27.990324,28.063074,28.118324,28.193398,28.21232,28.210255,28.184637,28.179691,28.197233,28.215965,28.18118,28.134478,28.08996,28.057745,27.997314,27.949013,27.920488,27.87952,27.868801,27.840239,27.82151,27.811493,27.808168,27.804325,27.804527,27.799946,27.792257,27.783865,27.773756,27.754404,27.729925,27.700449,27.677505,27.65464,27.639791,27.632717,27.627941,27.626677,27.63701,27.66894,27.725384,27.78318,27.85455,27.923586,27.99545,28.07016,28.136524,28.200222,28.254786,28.322605,28.398567,28.46332,28.535362,28.623697,28.709707,28.7656,28.798662,28.827219,28.84925,28.85881,28.880203,28.912373,28.931396,28.92385,28.896822,28.8698,28.844915,28.80821,28.754818,28.696682,28.638712,28.640903,28.608988,28.603102,28.625769,28.65222,28.685745,28.718962,28.745415,28.779537,28.809185,28.825485,28.808994,28.786469,28.757347,28.719082,28.67237,28.631563,28.59277,28.590914,28.598928,28.63374,28.646399,28.632252,28.58455,28.450054,28.365028,28.394043,28.517078,28.677824,28.809767,28.926556,29.010592,29.100637,29.15306,29.149271,29.124043,29.123363,29.152487,29.149403,29.166014,29.157139,29.128473,29.145752,29.171118,29.138771,29.115881,29.091244,29.086971,29.073442,29.07451,29.073927,29.063585,29.056545,29.080778,29.116112,29.135181,29.160942,29.182077,29.17881,29.15317,29.114992,29.094553,29.053776,29.017952,29.002533,28.980124,28.95198,28.928892,28.904175,28.886559,28.902454,28.932453,28.957767,29.049894,29.147902,29.18958,29.18038,29.216208,29.255993,29.287577,29.336985,29.379414,29.415888,29.44008,29.508322,29.56067,29.552256,29.556995,29.58483,29.58974,29.597097,29.601189,29.548903,29.509174,29.469036,29.490126,29.524393,29.53835,29.576143,29.607485,29.62193,29.604036,29.621973,29.630089,29.626741,29.651611,29.704735,29.767445,29.534988,29.553047,29.428347,29.41339,29.425705,29.364824,29.37247,29.32115,29.255507,29.175098,29.138706,29.147118,29.145824,29.129536,29.106064,29.07787,29.087086,29.118488,29.160765,29.210268,29.277063,29.327528,29.375086,29.433235,29.474373,29.503197,29.556879,29.563036,29.575418,29.577171,29.596899,29.603884,29.621202,29.607737,29.58877,29.549776,29.517744,29.486534,29.444685,29.413336,29.379925,29.37123,29.361645,29.352985,29.356993,29.328138,29.338593,29.30284,29.311928,29.318567,29.313158,29.322136,29.314909,29.345232,29.377047,29.366373,29.352745,29.310652,29.28007,29.22227,29.153048,29.058868,28.992119,28.98764,28.94874,28.81043,28.828863,28.923471,28.880875,28.83877,29.064154,28.754786,28.9039,28.897104,28.959301,28.709183,28.85216,,28.697203,28.487942,28.591593,28.721745,28.779842,28.724915,28.786463,28.79355,28.761549,28.724546,28.685156,28.631607,28.63026,28.588444,28.586418,28.56226,28.56107,28.567614,28.545101,28.58237,28.57053,28.6009,28.596502,28.615038,28.62921,28.644114,28.665602,28.689995,28.728369,28.778463,28.852644,28.938202,29.013088,29.087835,29.148346,29.17951,29.190536,29.195076,29.183243,29.189865,29.186945,29.182459,29.138592,29.007227,28.776285,28.544048,28.356537,28.22014,28.080286,28.036001,28.082928,28.065407,28.12822,28.163542,28.20101,28.264963,28.28481,28.291393,28.297585,28.367352,28.497784,28.609037,28.694002,28.76423,28.820353,28.810581,28.817484,28.818153,28.7932,28.747135,28.676125,28.563046,28.50888,28.531368,28.504711,28.443478,28.395792,28.450104,28.692024,28.860222,29.006088,29.369095,,,,,,,,,,,,,28.273022,27.928486,27.81194,27.628565,27.81338,28.193235,28.491331,28.695217,28.719316,28.533167,28.534813,28.576998,28.575443,28.529408,28.55734,28.539633,28.530668,28.480995,28.492458,28.494884,28.45509,28.528818,28.472858,28.51489,28.504326,28.517738,28.553213,28.608372,28.660809,28.696167,28.717216,28.733263,28.757921,28.785887,28.80859,28.81779,28.835333,28.837135,28.844313,28.859995,28.872099,28.867462,28.870378,28.87744,28.87868,28.874868,28.884079,28.902634,28.923254,28.934227,28.950104,28.968494,28.98486,28.983168,28.976343,28.96477,28.961283,28.942251,28.908916,28.84918,28.762815,28.682817,28.663137,28.67906,28.717142,28.749897,28.75087,28.675402,28.604822,28.568525,28.557997,28.507244,28.37444,28.298943,28.242414,28.212643,28.19719,28.181782,28.16404,28.128792,28.119425,28.13086,28.127298,28.105211,28.081324,28.05742,28.029482,27.990831,27.997002,28.014767,28.082035,28.177864,28.19935,28.278202,28.337687,28.317543,28.292303,28.259958,28.192068,28.054317,27.928312,27.838867,27.774467,27.738836,27.618984,27.501116,27.389196,27.277721,27.124424,27.016195,26.87091,26.759476,26.66115,26.584284,26.523733,26.531866,26.51905
6.083336,,,,,,,,,,,,,,,,,26.785484,26.821682,26.809544,26.684631,26.587576,26.573912,26.616266,26.633364,26.61665,26.59681,26.617928,26.717012,26.750093,26.745722,26.754301,26.762848,26.779333,26.82191,26.869577,26.867428,26.872189,26.936926,27.02287,27.088442,27.145199,27.216463,27.284224,27.389597,27.457151,27.580063,27.700745,27.819836,27.899342,27.96248,28.015358,28.05342,28.147581,28.213188,28.273083,28.290333,28.287157,28.260803,28.262291,28.279865,28.298513,28.256691,28.210564,28.156902,28.09824,28.040026,27.997845,27.968952,27.939554,27.935339,27.907412,27.900394,27.889837,27.885935,27.880161,27.88192,27.886074,27.887444,27.889439,27.88165,27.865948,27.848263,27.842,27.832535,27.813541,27.805267,27.806862,27.808037,27.817497,27.841587,27.875376,27.917652,27.966747,28.023212,28.070646,28.132517,28.193993,28.25465,28.312853,28.374561,28.439087,28.494818,28.558235,28.631897,28.696255,28.751474,28.786789,28.81628,28.842403,28.8509,28.86306,28.894007,28.923277,28.929667,28.923534,28.902418,28.883451,28.85586,28.796663,28.72643,28.652592,28.615135,28.605589,28.592682,28.615294,28.65102,28.682566,28.718472,28.732056,28.749493,28.767305,28.797215,28.806896,28.788223,28.766962,28.741405,28.716223,28.685862,28.664055,28.652857,28.650019,28.628983,28.631615,28.617455,28.56102,28.455706,28.340845,28.349436,28.511404,28.651707,28.81286,28.949682,29.01909,29.103027,29.157742,29.162336,29.159407,29.151684,29.168812,29.16894,29.171251,29.176838,29.151804,29.16046,29.159637,29.14152,29.133287,29.117311,29.10719,29.097242,29.078722,29.0906,29.089487,29.087776,29.087606,29.101397,29.128567,29.142057,29.164854,29.178848,29.163025,29.14015,29.108152,29.08404,29.045433,29.017803,29.004974,28.973885,28.941696,28.906952,28.88506,28.882065,28.891603,28.921295,28.969482,29.082201,29.1689,29.191593,29.180403,29.247763,29.267012,29.294155,29.30652,29.329878,29.359142,29.39538,29.446276,29.481602,29.490984,29.516926,29.564571,29.604132,29.605766,29.606884,29.566568,29.50775,29.470844,29.469177,29.49748,29.476604,29.483446,29.517635,29.574986,29.605646,29.618681,29.629848,29.652744,29.68361,29.708996,29.644081,29.537645,29.53479,29.48176,29.452705,29.386347,29.36773,29.408705,29.319622,29.251986,29.18422,29.158438,29.155811,29.156982,29.133953,29.105423,29.070873,29.082262,29.115873,29.152145,29.21794,29.272694,29.329506,29.380266,29.443419,29.477627,29.509438,29.540924,29.573767,29.588493,29.600536,29.617794,29.618528,29.607859,29.566305,29.540741,29.505415,29.42813,29.363508,29.321732,29.286877,29.26768,29.25007,29.260666,29.263323,29.273966,29.280346,29.29199,29.287252,29.312574,29.316542,29.30272,29.282957,29.265749,29.296906,29.36135,29.366869,29.352118,29.316006,29.284595,29.222439,29.145658,29.054232,29.003073,28.969566,28.950344,28.821413,28.791422,28.908325,28.810152,28.858921,28.959818,28.76906,28.81853,28.92141,29.003979,28.942455,28.82875,,28.753595,28.536192,28.574118,28.684776,28.718771,28.594444,28.61225,28.62855,28.60181,28.543207,28.536259,28.497547,28.503426,28.495348,28.473843,28.511208,28.489506,28.545874,28.547052,28.594889,28.625978,28.670666,28.722418,28.757805,28.823536,28.88225,28.95008,29.004152,29.064396,29.121613,29.167059,29.20486,29.2287,29.24228,29.246824,29.247868,29.232002,29.225483,29.216293,29.224167,29.229828,29.205116,29.079348,28.836876,28.575325,28.382862,28.265562,28.137722,28.053938,28.09074,28.082138,28.131718,28.136354,28.146593,28.193972,28.27471,28.307493,28.329348,28.33774,28.40465,28.55881,28.679276,28.770664,28.813057,28.881197,28.87999,28.888222,28.872808,28.83707,28.773487,28.715433,28.641506,28.58912,28.573378,28.541573,28.453661,28.383352,28.424368,28.672241,28.779427,28.869223,29.048174,29.347605,,,,,,,,28.318705,28.341671,28.146107,28.088545,27.830473,27.555727,27.9671,28.14465,28.246628,28.650156,28.683794,28.738762,28.506474,28.502617,28.523409,28.518848,28.49587,28.471514,28.509241,28.46047,28.45493,28.383936,28.432722,28.407494,28.445272,28.446257,28.471315,28.487743,28.503948,28.53428,28.57722,28.628044,28.684856,28.722569,28.743383,28.760386,28.784653,28.80797,28.816996,28.834654,28.840794,28.854536,28.867542,28.882627,28.89712,28.90423,28.898146,28.91079,28.916279,28.90836,28.92444,28.94826,28.952734,28.957607,28.968027,28.983412,28.99459,29.006615,29.015745,29.019125,29.015375,29.001007,28.98321,28.95556,28.900953,28.810024,28.736502,28.701283,28.700312,28.708437,28.734331,28.707588,28.646824,28.631084,28.582108,28.49883,28.442091,28.40804,28.359938,28.326885,28.2992,28.274986,28.229738,28.185413,28.168396,28.168825,28.152771,28.122116,28.089869,28.054255,28.023247,28.012707,28.02347,28.054161,28.104855,28.155127,28.227118,28.261646,28.297976,28.278776,28.259218,28.23762,28.135843,28.041586,27.973927,27.901194,27.776688,27.772902,27.607924,27.505718,27.424303,27.325787,27.154003,26.999882,26.846994,26.71006,26.58874,26.488474,26.430946,26.468498,26.593857
6.0,,,,,,,,,,,,,,,,26.828596,26.861475,26.865412,26.796349,26.649565,26.563772,26.570982,26.6099,26.621843,26.594957,26.58117,26.608421,26.693869,26.735525,26.736336,26.74471,26.762157,26.761229,26.839619,26.826994,26.84185,26.857723,26.94264,27.030523,27.095175,27.1574,27.23491,27.31587,27.432648,27.54647,27.667194,27.787197,27.883533,27.970705,28.029623,28.078363,28.129066,28.218285,28.293413,28.323454,28.340336,28.339422,28.339264,28.335863,28.352604,28.359116,28.314096,28.266743,28.199741,28.127428,28.070889,28.029165,28.000027,27.990997,27.978111,27.965172,27.966492,27.968164,27.965569,27.966263,27.97144,27.98435,27.987255,27.993526,27.987473,27.976671,27.960196,27.952747,27.938414,27.934885,27.936035,27.948454,27.952843,27.959385,27.978037,28.006071,28.047579,28.091103,28.139175,28.181322,28.23893,28.294724,28.35049,28.41227,28.467985,28.517157,28.566895,28.62922,28.686588,28.730198,28.769068,28.80035,28.825293,28.836407,28.846348,28.866354,28.89461,28.91966,28.930857,28.919811,28.902393,28.881035,28.83764,28.775333,28.704126,28.639723,28.609324,28.587183,28.600126,28.641357,28.683693,28.708792,28.736671,28.746033,28.737665,28.748127,28.77716,28.770407,28.758953,28.740177,28.728275,28.728918,28.719683,28.700169,28.677477,28.648882,28.624756,28.592884,28.530298,28.429464,28.34336,28.306194,28.490788,28.659729,28.795935,28.93938,29.024817,29.098705,29.147224,29.169779,29.178808,29.186916,29.184738,29.197916,29.196556,29.198616,29.16537,29.158047,29.124435,29.142603,29.16163,29.160831,29.148535,29.14123,29.135464,29.120632,29.121162,29.120909,29.117245,29.119047,29.12218,29.135641,29.138083,29.152113,29.171394,29.157251,29.141617,29.113369,29.08401,29.04707,29.021551,28.999212,28.966526,28.931614,28.88886,28.874447,28.872574,28.878168,28.91208,28.98873,29.107927,29.187895,29.19034,29.186428,29.263208,29.277376,29.291769,29.300386,29.312168,29.344095,29.364685,29.373642,29.400103,29.417027,29.460981,29.490469,29.507353,29.539251,29.58546,29.629206,29.57667,29.495083,29.486282,29.476406,29.460764,29.448034,29.424057,29.497227,29.571165,29.598364,29.637339,29.64195,29.654844,29.56526,29.355469,29.481174,29.480211,29.554638,29.42972,29.400066,29.381638,29.4004,29.318445,29.272976,29.213566,29.197315,29.186361,29.178421,29.153185,29.121187,29.078083,29.080399,29.125431,29.17225,29.223776,29.284107,29.336699,29.396633,29.449865,29.490955,29.528162,29.556585,29.576006,29.59306,29.614626,29.635803,29.628183,29.575386,29.53101,29.483755,29.425877,29.33091,29.295446,29.235,29.18996,29.193924,29.205658,29.223122,29.24817,29.275501,29.30716,29.313416,29.30352,29.30676,29.223394,29.133308,29.082235,29.06615,29.11381,29.258066,29.335094,29.353128,29.317907,29.283499,29.20884,29.138094,29.069185,29.023071,28.939016,28.870678,28.765778,28.669779,28.712925,28.691015,28.727749,28.89096,28.831142,28.655497,28.633522,28.82079,28.945704,29.018864,,28.906229,28.5956,28.590912,28.703964,28.795748,28.601614,28.544172,28.521126,28.530115,28.472485,28.428415,28.430323,28.419018,28.440376,28.447536,28.475433,28.503225,28.53674,28.599283,28.6581,28.7435,28.826128,28.921965,29.00866,29.095358,29.151426,29.204441,29.23456,29.255804,29.273048,29.27791,29.276615,29.281004,29.286608,29.278725,29.278685,29.266092,29.259298,29.25545,29.252823,29.240118,29.151236,28.942915,28.678915,28.469679,28.374367,28.250536,28.106138,28.099482,28.08719,28.103018,28.099667,28.119738,28.173512,28.23192,28.269802,28.296448,28.312899,28.323296,28.382925,28.568956,28.705404,28.812395,28.831432,28.857458,28.889933,28.896252,28.890663,28.848207,28.803196,28.753305,28.717012,28.680038,28.628298,28.555573,28.44095,28.375793,28.444532,28.51801,28.707254,28.817398,28.854385,28.94496,29.149393,29.264194,,,,,28.606445,28.112547,28.324802,27.735598,27.708523,28.041275,28.132854,28.455446,28.450813,28.655838,28.728712,28.616156,28.515615,28.427399,28.47779,28.447815,28.424809,28.42085,28.393053,28.409628,28.360947,28.345781,28.329847,28.38666,28.382336,28.428638,28.419407,28.462538,28.470774,28.517336,28.570787,28.622648,28.674358,28.719553,28.743256,28.767344,28.792349,28.79982,28.815325,28.82408,28.84014,28.86635,28.882025,28.894194,28.903255,28.9227,28.936697,28.939442,28.959534,28.974216,28.950642,28.95413,28.970015,28.991737,28.991495,29.007126,29.010704,29.012577,29.030224,29.045433,29.054842,29.06327,29.064892,29.055094,29.033508,29.003029,28.948694,28.868835,28.8095,28.74718,28.705921,28.7021,28.714262,28.715654,28.71549,28.663834,28.590857,28.550344,28.51332,28.449175,28.415081,28.381447,28.350645,28.289068,28.229166,28.203798,28.194317,28.172974,28.138186,28.091766,28.058363,28.053452,28.042732,28.03555,28.067377,28.143242,28.142351,28.193604,28.235682,28.257332,28.259542,28.24027,28.21021,28.116793,28.057148,28.02119,27.943678,27.789783,27.796032,27.635805,27.529568,27.451199,27.340082,27.168447,27.017406,26.835873,26.687103,26.534964,26.426405,26.36073,26.317217,26.367092
5.9166718,,,,,,,,,,,,,,,,26.852222,26.921217,26.878784,26.770063,26.631243,26.583454,26.594744,26.617807,26.604736,26.564816,26.568562,26.583002,26.651634,26.698181,26.724014,26.730574,26.726051,26.716427,26.774733,26.790562,26.840824,26.856932,26.958134,27.03799,27.10666,27.1812,27.26393,27.351936,27.46623,27.605816,27.738577,27.864483,27.958075,28.03782,28.103794,28.150696,28.21339,28.289757,28.349606,28.360344,28.378326,28.379307,28.399239,28.400349,28.394201,28.392332,28.354023,28.292578,28.215303,28.157627,28.105024,28.064816,28.056322,28.040642,28.033216,28.0279,28.043093,28.046572,28.059729,28.059612,28.064726,28.074516,28.081095,28.091616,28.096586,28.089575,28.073553,28.070114,28.056162,28.04818,28.057302,28.06762,28.071041,28.073029,28.08457,28.113134,28.152893,28.190552,28.234789,28.28689,28.345953,28.402906,28.455984,28.497831,28.529291,28.565607,28.605726,28.650219,28.70367,28.75375,28.79549,28.817991,28.829365,28.8381,28.851866,28.881832,28.925915,28.95434,28.94891,28.927244,28.906727,28.867596,28.805006,28.737127,28.663057,28.60886,28.587576,28.578583,28.626007,28.672443,28.698034,28.729048,28.761099,28.7559,28.734926,28.742363,28.752308,28.74343,28.733753,28.71764,28.71882,28.729382,28.726654,28.711763,28.681795,28.643167,28.59284,28.513468,28.426624,28.319786,28.28818,28.470345,28.705538,28.814808,28.93397,29.019054,29.10107,29.13988,29.169264,29.182241,29.199726,29.209616,29.214739,29.23042,29.209324,29.18696,29.178253,29.140213,29.146294,29.15578,29.161112,29.17468,29.17373,29.17622,29.171501,29.152615,29.139273,29.143326,29.140255,29.133017,29.135279,29.144024,29.140242,29.152645,29.179932,29.163296,29.150888,29.127645,29.09878,29.059881,29.035263,29.003433,28.960453,28.915802,28.872166,28.863111,28.85933,28.865572,28.913055,29.021862,29.142996,29.189056,29.173624,29.190493,29.24882,29.268988,29.293943,29.321228,29.326458,29.352972,29.34455,29.326838,29.319885,29.303259,29.316513,29.349188,29.366146,29.39957,29.466764,29.543367,29.5548,29.529873,29.510729,29.511694,29.509651,29.465454,29.44365,29.49897,29.578075,29.60036,29.617739,29.629023,29.558342,29.288403,29.354916,29.382603,29.409369,29.438627,29.367243,29.33634,29.387806,29.421667,29.32825,29.281876,29.253323,29.232279,29.21373,29.198328,29.174366,29.135798,29.096804,29.095877,29.128895,29.164286,29.223825,29.288055,29.348595,29.411707,29.46186,29.50688,29.536728,29.563776,29.594992,29.606466,29.607756,29.600092,29.564297,29.518234,29.472479,29.40526,29.324467,29.261717,29.202833,29.172634,29.179436,29.182459,29.204996,29.247814,29.265844,29.29187,29.320107,29.3235,29.29759,29.138382,28.958685,28.89317,28.861015,28.859995,28.91298,29.070791,29.224264,29.297768,29.308277,29.280014,29.185123,29.094471,29.061512,29.011915,28.922586,28.858906,28.827787,28.70195,28.56938,28.468517,28.635967,28.925203,28.878119,28.808838,28.514149,28.709364,28.85504,,28.60572,28.71358,,28.631548,28.74671,28.892527,28.747007,28.602758,28.559006,28.517138,28.557962,28.48092,28.442062,28.467743,28.461836,28.496964,28.533674,28.580482,28.646606,28.722872,28.814802,28.916313,29.032356,29.124596,29.209087,29.255169,29.272812,29.276001,29.283567,29.279074,29.284174,29.295242,29.306515,29.317734,29.323772,29.319828,29.312346,29.297388,29.291363,29.286676,29.264736,29.205301,29.060509,28.838736,28.605488,28.443565,28.35078,28.188864,28.099436,28.09486,28.101624,28.085213,28.110592,28.114403,28.14966,28.231794,28.28282,28.303946,28.338722,28.367517,28.414703,28.54941,28.679623,28.770424,28.807419,28.805866,28.85706,28.864721,28.826414,28.814968,28.790257,28.767834,28.768795,28.74517,28.671133,28.586397,28.48259,28.361465,28.362103,28.574823,28.674526,28.621399,28.792973,28.919367,29.11916,29.168972,28.882496,28.833757,28.533401,28.582582,28.535255,27.810884,28.08341,28.118189,28.291626,28.446762,28.531511,28.628307,28.604803,28.692612,28.525995,28.443565,28.390453,28.403624,28.409191,28.360144,28.370752,28.360226,28.339481,28.339548,28.318148,28.314356,28.35718,28.414965,28.43149,28.443426,28.46362,28.479656,28.52095,28.587833,28.647823,28.698383,28.731886,28.75077,28.765446,28.790102,28.813726,28.825844,28.826382,28.845339,28.860798,28.872314,28.886875,28.90101,28.925066,28.946001,28.968464,28.971758,28.98376,28.99563,28.98486,28.989702,28.999908,29.005749,29.001991,29.010841,29.01855,29.024841,29.045277,29.070068,29.086939,29.093258,29.091,29.091434,29.085752,29.065775,29.02753,28.978046,28.917364,28.867329,28.824194,28.77094,28.726913,28.730545,28.744247,28.72751,28.677372,28.640303,28.57424,28.505272,28.469355,28.455917,28.401417,28.339434,28.280088,28.247385,28.22442,28.197754,28.163992,28.119984,28.108862,28.092257,28.074484,28.064444,28.094673,28.134523,28.168695,28.19969,28.194256,28.230173,28.238562,28.22371,28.17324,28.086153,28.070599,28.05128,27.991776,27.821571,27.816832,27.649368,27.559443,27.49843,27.385183,27.218925,27.050978,26.879574,26.705858,26.545792,26.41666,26.357653,26.296152,26.296059
5.833336,,,,,,,,,,,,,,,26.844412,26.944162,26.968035,26.874914,26.75075,26.612627,26.563414,26.589352,26.59798,26.586851,26.562181,26.574791,26.575922,26.624174,26.68026,26.707075,26.711191,26.6542,26.704367,26.734692,26.78762,26.851118,26.881302,26.986263,27.043259,27.115147,27.213457,27.2951,27.403164,27.518381,27.665508,27.79755,27.924988,28.021334,28.092186,28.164633,28.214405,28.293154,28.357971,28.3971,28.403961,28.41655,28.41921,28.437647,28.444735,28.414015,28.402128,28.371378,28.307295,28.23264,28.171179,28.14952,28.112803,28.108059,28.104118,28.115788,28.123592,28.14008,28.156595,28.168158,28.181105,28.17448,28.183285,28.181309,28.194912,28.214752,28.21969,28.216902,28.22187,28.20646,28.192225,28.188486,28.184378,28.179518,28.182407,28.200943,28.228497,28.253792,28.286098,28.328533,28.371773,28.418407,28.455563,28.48367,28.511766,28.54037,28.58258,28.63183,28.68548,28.742182,28.781477,28.81125,28.825882,28.834873,28.847006,28.86104,28.899307,28.93662,28.951805,28.946373,28.920002,28.894234,28.85637,28.790928,28.70739,28.628084,28.573326,28.572515,28.608177,28.662073,28.700897,28.72256,28.757912,28.770847,28.747644,28.727825,28.71784,28.709024,28.692934,28.678396,28.693707,28.712055,28.71873,28.723385,28.704556,28.65554,28.584536,28.517014,28.425968,28.31516,28.270088,28.44576,28.75227,28.853697,28.931805,29.01163,29.103525,29.146334,29.172026,29.178013,29.213964,29.242786,29.254745,29.242191,29.22775,29.243324,29.21093,29.172125,29.154272,29.136631,29.157536,29.18473,29.200874,29.195646,29.202255,29.20597,29.190172,29.163343,29.158684,29.15525,29.147871,29.151335,29.158918,29.159983,29.17228,29.190306,29.18354,29.17054,29.150084,29.121328,29.090393,29.05945,29.014969,28.959955,28.911821,28.86634,28.848263,28.847298,28.873775,28.966227,29.102186,29.207832,29.206638,29.170254,29.1997,29.233095,29.254251,29.307905,29.360542,29.37201,29.388975,29.381184,29.358353,29.31368,29.282995,29.263247,29.267538,29.280231,29.296553,29.348309,29.403458,29.433773,29.421806,29.446884,29.522758,29.559166,29.480291,29.408724,29.492836,29.594673,29.616314,29.561737,29.485239,29.198662,29.261183,29.35133,29.349932,29.327019,29.311182,29.262035,29.273804,29.352205,29.393501,29.297379,29.281591,29.27653,29.251577,29.236687,29.216719,29.174347,29.162703,29.136404,29.111116,29.131496,29.168966,29.221052,29.289398,29.36033,29.428982,29.481337,29.513315,29.54347,29.569122,29.602575,29.620754,29.613998,29.601788,29.557932,29.507767,29.452702,29.386719,29.321714,29.25245,29.202429,29.172718,29.169033,29.194397,29.239676,29.259586,29.287758,29.304464,29.303288,29.276339,29.129307,28.902205,28.78815,28.780783,28.768549,28.799223,28.832918,28.938366,29.111313,29.232273,29.294651,29.269138,29.153912,29.074385,29.03486,29.041666,29.00882,28.989954,28.893211,28.793087,28.701635,28.52089,28.637644,28.85719,28.881987,28.860403,28.238916,,28.84851,28.437187,28.464882,,,28.604439,28.756687,28.921795,28.809494,28.694391,28.604448,28.58792,28.570211,28.579195,28.552233,28.552004,28.584883,28.616703,28.664022,28.734756,28.814653,28.897833,29.001282,29.072529,29.161963,29.207886,29.246082,29.258936,29.263403,29.266342,29.272043,29.287619,29.299929,29.310492,29.326254,29.344261,29.351786,29.355343,29.350464,29.329264,29.301542,29.269703,29.208628,29.098213,28.930984,28.73429,28.557667,28.440632,28.35121,28.19754,28.130749,28.072493,28.077667,28.076439,28.093332,28.110016,28.166737,28.235458,28.26443,28.28181,28.307392,28.35581,28.434244,28.554728,28.662825,28.709806,28.739914,28.726557,28.759613,28.772793,28.801805,28.776884,28.779427,28.759117,28.760313,28.701015,28.591654,28.529396,28.430298,28.367298,28.427145,28.575743,28.52896,28.544725,28.72264,28.873064,28.843401,28.97929,29.051617,29.04643,28.205696,28.048159,28.29001,28.20051,28.460026,28.426958,28.576036,28.558468,28.598604,28.549627,28.509539,28.46278,28.342884,28.344576,28.30426,28.349205,28.285221,28.293993,28.308949,28.28952,28.302002,28.29533,28.328331,28.377213,28.4447,28.467653,28.516714,28.531408,28.54792,28.575077,28.614735,28.666933,28.722841,28.75906,28.771908,28.781584,28.790764,28.809036,28.825487,28.826283,28.840252,28.842655,28.851568,28.875233,28.892548,28.918089,28.938557,28.961693,28.972265,28.97497,28.992733,29.001965,28.992767,28.996971,28.99699,29.00235,29.01803,29.03168,29.03449,29.04172,29.060778,29.084864,29.113728,29.129824,29.125046,29.117294,29.112028,29.107613,29.090515,29.047617,28.990076,28.953695,28.92581,28.891268,28.84003,28.78791,28.758493,28.756666,28.724485,28.677109,28.600142,28.542677,28.50705,28.491352,28.447529,28.395012,28.336563,28.2892,28.252966,28.23444,28.215252,28.178238,28.171185,28.139824,28.103811,28.110096,28.118183,28.126175,28.130854,28.164679,28.178349,28.228172,28.23255,28.209404,28.150154,28.071358,28.10001,28.073359,28.027905,27.843287,27.85199,27.72582,27.63131,27.566288,27.443037,27.278826,27.120827,26.94705,26.774845,26.584518,26.45342,26.3975,26.347956,26.354889
5.75,,,,,,,,,,,,,,26.783035,26.919209,26.984596,26.995964,26.868416,26.739801,26.607138,26.54872,26.58493,26.594875,26.572935,26.552027,26.572521,26.583847,26.62039,26.663546,26.681616,26.668686,26.62064,26.68665,26.72285,26.805063,26.856884,26.906452,26.993704,27.038523,27.119682,27.246807,27.33112,27.4385,27.577007,27.71575,27.852932,27.985058,28.08685,28.15233,28.219885,28.276451,28.348036,28.413998,28.438986,28.440235,28.431728,28.456894,28.46905,28.471216,28.428698,28.407497,28.359848,28.307272,28.246544,28.196844,28.196627,28.167213,28.177046,28.177973,28.208017,28.219887,28.245491,28.259264,28.26862,28.27926,28.280796,28.282963,28.273354,28.270866,28.281374,28.297234,28.29901,28.319012,28.32046,28.31551,28.305777,28.298712,28.292381,28.290794,28.304483,28.319845,28.341026,28.359303,28.383173,28.414255,28.449472,28.48383,28.53446,28.580698,28.614893,28.665482,28.70417,28.737558,28.773258,28.80022,28.811966,28.823366,28.851145,28.869162,28.898285,28.939722,28.975563,28.979118,28.96227,28.93076,28.889704,28.830082,28.752802,28.669905,28.58382,28.551638,28.590443,28.643364,28.699455,28.726215,28.74698,28.76665,28.7424,28.706938,28.699528,28.683857,28.678173,28.66593,28.654621,28.665667,28.677847,28.66595,28.673668,28.639645,28.564486,28.482006,28.389372,28.294556,28.300522,28.500357,28.80515,28.89475,28.952827,29.000704,29.100727,29.16974,29.1925,29.187387,29.21878,29.269722,29.291304,29.275335,29.266117,29.258192,29.249088,29.230719,29.19021,29.159658,29.172157,29.1672,29.183563,29.217693,29.219915,29.219002,29.22839,29.206364,29.192087,29.194218,29.189272,29.177635,29.173416,29.176174,29.175377,29.187408,29.200214,29.199333,29.197441,29.182453,29.149015,29.110273,29.062666,29.014626,28.952835,28.897057,28.857897,28.839945,28.844961,28.914211,29.049948,29.185976,29.234547,29.213041,29.184935,29.212626,29.222378,29.23158,29.310917,29.380367,29.41242,29.444365,29.462442,29.466196,29.46057,29.442322,29.402952,29.355577,29.302147,29.286184,29.284761,29.279413,29.290794,29.29698,29.31444,29.416222,29.440939,29.362135,29.308075,29.375944,29.544123,29.487247,29.19399,29.14313,29.241991,29.403105,29.404266,29.313559,29.265556,29.223303,29.20101,29.191235,29.27766,29.343744,29.289917,29.294256,29.287922,29.248606,29.237316,29.231834,29.168129,29.183994,29.151638,29.120104,29.13313,29.160154,29.207191,29.271448,29.362938,29.435413,29.481743,29.51634,29.55029,29.576185,29.605162,29.617716,29.619461,29.604237,29.562157,29.505404,29.431242,29.35287,29.284035,29.202131,29.161491,29.165916,29.200203,29.234762,29.269018,29.295202,29.31479,29.317177,29.282354,29.16576,28.960686,28.752874,28.723934,28.755438,28.761005,28.796246,28.821634,28.891436,29.053665,29.185165,29.285057,29.251379,29.146255,29.083494,29.042625,29.042244,29.019745,29.024738,28.97899,28.90637,28.843264,28.727215,28.727636,28.893763,28.91366,28.823284,28.198988,,28.798292,28.792793,,28.55296,28.677643,28.579971,28.84541,28.950876,28.941397,28.80715,28.742058,28.705088,28.669504,28.703972,28.706024,28.725325,28.75514,28.80663,28.865995,28.92531,29.000677,29.045532,29.11788,29.145935,29.188185,29.201374,29.217527,29.234781,29.251629,29.26144,29.278334,29.293524,29.310307,29.325924,29.341154,29.349972,29.35432,29.347145,29.32164,29.273697,29.211735,29.135641,29.027672,28.90232,28.769283,28.6372,28.523905,28.432545,28.325382,28.190147,28.126461,28.098835,28.084578,28.083567,28.065271,28.10366,28.14957,28.22174,28.279009,28.28373,28.32119,28.367165,28.439405,28.52612,28.601902,28.632145,28.654839,28.69534,28.739843,28.754839,28.766823,28.719254,28.698648,28.67041,28.67971,28.61964,28.593176,28.52916,28.451927,28.437866,28.56051,28.59398,28.569094,28.68009,28.892357,28.741617,29.003471,29.068777,28.536127,28.38419,28.140873,28.371237,28.423038,28.480066,28.528578,28.510866,28.542767,28.466215,28.472157,28.374575,28.364862,28.28319,28.29049,28.238111,28.254002,28.231625,28.226778,28.265078,28.245438,28.282343,28.321762,28.349215,28.434673,28.490831,28.556938,28.578571,28.592983,28.60498,28.626148,28.650606,28.689398,28.72945,28.765518,28.782803,28.79115,28.80023,28.816307,28.826542,28.830315,28.83414,28.832771,28.849028,28.874014,28.891205,28.911623,28.939459,28.963621,28.980312,28.990925,28.992899,28.99359,28.99124,29.004969,28.999838,29.008184,29.02659,29.02808,29.04388,29.045921,29.063393,29.082613,29.102425,29.126629,29.143814,29.147505,29.146994,29.141132,29.136063,29.128979,29.107895,29.062677,29.01789,28.995804,28.973476,28.931736,28.861237,28.81786,28.806562,28.771059,28.700655,28.631145,28.58498,28.550293,28.513517,28.470932,28.419718,28.36757,28.315405,28.287138,28.269588,28.27777,28.255646,28.248024,28.186817,28.135536,28.13097,28.111858,28.129583,28.142355,28.16345,28.15996,28.205652,28.231855,28.201347,28.140663,28.082232,28.115095,28.10873,28.084124,27.896244,27.87741,27.757523,27.66774,27.648342,27.52734,27.366022,27.18359,27.038702,26.865543,26.697395,26.564745,26.523678,26.53255,26.532927
5.6666718,,,,,,,,,,,,,,26.851633,26.971806,27.017494,26.990944,26.864641,26.73162,26.621548,26.570492,26.589073,26.61551,26.61076,26.58378,26.585585,26.589676,26.611557,26.64252,26.652395,26.614033,26.64521,26.704962,26.726866,26.819365,26.897064,26.933071,26.974812,27.031843,27.127352,27.276218,27.375462,27.48884,27.638365,27.769962,27.9109,28.055786,28.167004,28.224405,28.281504,28.349318,28.40557,28.458233,28.476004,28.474106,28.46833,28.489273,28.502817,28.48583,28.438335,28.410084,28.350735,28.303862,28.280352,28.25198,28.248856,28.236727,28.250797,28.268702,28.29295,28.315235,28.337679,28.354256,28.362766,28.373024,28.3721,28.375347,28.369308,28.361027,28.358551,28.358532,28.359526,28.363491,28.368364,28.360283,28.344706,28.335836,28.338972,28.336689,28.341627,28.351519,28.361725,28.375456,28.403889,28.439373,28.482635,28.51693,28.547064,28.570715,28.607437,28.647865,28.685144,28.72904,28.760801,28.794743,28.824684,28.8443,28.868217,28.90505,28.939592,28.971159,28.991522,28.982788,28.960136,28.923977,28.871267,28.804249,28.717348,28.619793,28.551605,28.574099,28.63228,28.687866,28.740057,28.756197,28.757328,28.744925,28.692856,28.678211,28.672771,28.664198,28.655905,28.63885,28.624651,28.611813,28.602114,28.5766,28.55726,28.501133,28.427084,28.321331,28.25859,28.343578,28.577179,28.862247,28.92016,28.98222,29.038671,29.100748,29.16868,29.211884,29.200737,29.226389,29.27037,29.306831,29.303436,29.289988,29.28054,29.280739,29.27644,29.227583,29.208967,29.186289,29.185455,29.19157,29.219877,29.236673,29.242504,29.258175,29.26151,29.240791,29.21548,29.213156,29.208702,29.194662,29.191206,29.196342,29.190964,29.208792,29.22797,29.212643,29.20807,29.202137,29.16201,29.096506,29.06112,29.011795,28.94106,28.88087,28.847702,28.838919,28.87283,28.985397,29.133184,29.230364,29.24764,29.215113,29.207912,29.22654,29.228743,29.265083,29.338964,29.418383,29.477314,29.512928,29.537918,29.547718,29.562567,29.571339,29.533253,29.463633,29.418528,29.3998,29.356585,29.30034,29.254585,29.229013,29.232622,29.248604,29.274426,29.206156,29.023977,29.056473,29.160124,29.136974,29.210747,29.352825,29.355673,29.27054,29.244843,29.217003,29.17872,29.188253,29.155527,29.118567,29.160831,29.257093,29.275337,29.306587,29.320095,29.318464,29.293451,29.257229,29.225279,29.211117,29.17665,29.122284,29.111446,29.147463,29.192251,29.279953,29.371868,29.436033,29.478933,29.529175,29.56887,29.592085,29.609158,29.62236,29.63051,29.616684,29.59026,29.527863,29.451834,29.370237,29.289753,29.209883,29.184235,29.194323,29.238031,29.271933,29.3065,29.318428,29.327625,29.31745,29.237684,29.054935,28.856184,28.75259,28.780886,28.776876,28.762802,28.80815,28.852602,28.87916,29.024328,29.15534,29.261234,29.242847,29.142954,29.120544,29.11648,29.083294,29.038544,29.022009,29.03012,28.990189,28.933695,28.838284,28.843176,28.943811,28.909649,28.644926,28.234627,28.48585,28.671597,28.748304,28.648643,28.582123,28.608442,28.618011,28.871004,28.90447,28.921186,28.835924,28.796886,28.819662,28.814968,28.834799,28.840057,28.873856,28.897648,28.937222,28.996317,29.021824,29.053118,29.065834,29.09104,29.118689,29.135208,29.161755,29.187191,29.21345,29.24956,29.26663,29.29329,29.313654,29.337,29.343842,29.33804,29.323957,29.313597,29.283146,29.225168,29.142544,29.04115,28.922674,28.822466,28.740164,28.653574,28.56652,28.458216,28.342855,28.235392,28.160208,28.122282,28.06503,28.045895,28.05255,28.053541,28.101822,28.152266,28.209858,28.260412,28.289568,28.325335,28.375557,28.434156,28.488012,28.549473,28.610313,28.636524,28.69387,28.743095,28.727476,28.77312,28.707735,28.682787,28.623407,28.609253,28.58862,28.542751,28.4611,28.428255,28.43748,28.522524,28.594133,28.841211,29.018219,28.912693,28.77016,28.714483,28.45472,28.314714,28.356085,28.39228,28.46247,28.4651,28.474665,28.446785,28.42937,28.390778,28.341938,28.319115,28.243565,28.219522,28.178722,28.192694,28.159956,28.188578,28.200243,28.24263,28.277235,28.287584,28.357052,28.393421,28.471165,28.524563,28.573082,28.59505,28.620098,28.64951,28.66619,28.686697,28.72897,28.749136,28.775982,28.802607,28.8092,28.81779,28.819277,28.823185,28.829432,28.836723,28.844755,28.854925,28.858446,28.872421,28.892263,28.917355,28.948132,28.967524,28.98107,28.985994,28.974655,28.971651,28.986202,28.988605,28.98872,28.995628,29.007786,29.028543,29.045578,29.054178,29.071154,29.093906,29.118397,29.142784,29.154448,29.15877,29.16454,29.16807,29.166897,29.159788,29.143723,29.113533,29.078,29.042343,29.013195,28.982937,28.933424,28.88443,28.854334,28.82369,28.749746,28.683767,28.634642,28.587622,28.542671,28.505558,28.459713,28.390425,28.332546,28.32702,28.343065,28.344694,28.310513,28.270575,28.193945,28.157158,28.139719,28.128908,28.14039,28.157679,28.156898,28.147963,28.206326,28.226688,28.19842,28.149557,28.092749,28.141005,28.142328,28.108788,27.946201,27.908524,27.868755,27.759235,27.721764,27.584978,27.446218,27.287807,27.141497,26.987677,26.81986,26.697872,26.665447,26.707144,26.759203
5.583336,,,,,,,,,,,,,26.908997,26.916517,27.00152,27.012947,26.945206,26.841135,26.729294,26.621473,26.585197,26.587458,26.619434,26.617538,26.589073,26.586782,26.58294,26.601706,26.637291,26.622774,26.588116,26.680859,26.715137,26.725967,26.840012,26.89196,26.930698,26.952263,27.027182,27.143568,27.29947,27.407963,27.534105,27.684666,27.818262,27.974644,28.129488,28.234217,28.290071,28.34309,28.40735,28.462944,28.492105,28.517185,28.51356,28.509617,28.51172,28.527845,28.487911,28.442392,28.403225,28.343456,28.333473,28.325191,28.31116,28.32743,28.319874,28.342077,28.343489,28.380104,28.397285,28.424828,28.427162,28.460178,28.463703,28.467382,28.47641,28.471039,28.46076,28.448206,28.43442,28.427843,28.41986,28.414146,28.40725,28.377346,28.377651,28.362848,28.364176,28.367983,28.37843,28.39451,28.403713,28.43162,28.444504,28.472605,28.497778,28.530388,28.570192,28.623035,28.670904,28.705873,28.752874,28.792847,28.818548,28.836418,28.867168,28.911373,28.95763,28.989855,29.010826,29.020409,28.995852,28.958574,28.907705,28.847849,28.756575,28.660479,28.57654,28.57393,28.62468,28.693087,28.741716,28.775888,28.759865,28.746202,28.700426,28.672562,28.672321,28.655756,28.639305,28.626116,28.590876,28.566988,28.534418,28.482267,28.440899,28.386793,28.33314,28.277975,28.287998,28.43735,28.667728,28.905602,28.926157,29.001257,29.078157,29.123919,29.191483,29.23203,29.246403,29.24848,29.27921,29.306446,29.312626,29.30469,29.291437,29.294827,29.297342,29.291843,29.274492,29.228945,29.208458,29.219923,29.19864,29.226353,29.27537,29.278614,29.283695,29.275595,29.261484,29.226833,29.216108,29.22182,29.21308,29.21401,29.2183,29.206709,29.228996,29.24607,29.238415,29.211163,29.193188,29.147615,29.075573,29.028746,28.97097,28.907398,28.859753,28.84254,28.84996,28.920057,29.05222,29.181396,29.245607,29.255527,29.238361,29.227285,29.235691,29.2364,29.28834,29.360415,29.434605,29.499748,29.54089,29.56671,29.585176,29.585392,29.586817,29.535639,29.493807,29.479553,29.49721,29.49701,29.443867,29.363815,29.285072,29.20499,29.143934,29.085505,28.915947,28.851444,28.908197,28.984488,29.014072,29.096743,29.089285,29.150906,29.168982,29.133078,29.124655,29.122734,29.125858,29.051018,29.040129,29.10073,29.218826,29.265217,29.30422,29.328508,29.334763,29.315357,29.289816,29.261684,29.240606,29.183887,29.126543,29.106823,29.151712,29.225866,29.292532,29.355547,29.439167,29.486458,29.540323,29.582891,29.609486,29.629953,29.65313,29.656923,29.633595,29.599634,29.525059,29.426954,29.341345,29.259527,29.191778,29.15329,29.167395,29.22208,29.250648,29.282984,29.299698,29.301987,29.265656,29.157642,29.002869,28.890474,28.809614,28.811033,28.746153,28.72295,28.779318,28.88227,28.855413,28.976295,29.12086,29.245914,29.170197,29.097393,29.124044,29.115705,29.061163,28.971472,28.946157,28.975048,29.02716,29.01303,28.97116,28.94625,28.958916,28.892815,28.3368,28.430532,28.570044,28.608831,28.577488,28.569725,28.55195,28.586693,28.623278,28.78905,28.870756,28.813292,28.70442,28.718178,28.741547,28.795523,28.806492,28.80921,28.832043,28.82116,28.888393,28.91637,28.937578,28.958298,28.9601,28.989342,29.038523,29.065308,29.113644,29.157963,29.209295,29.255917,29.296217,29.326435,29.337774,29.3489,29.33037,29.306166,29.278463,29.235268,29.169428,29.077295,28.96983,28.858208,28.760296,28.696823,28.654575,28.625711,28.588003,28.493402,28.37402,28.244148,28.173832,28.117508,28.06019,28.045774,28.041153,28.048708,28.09533,28.137188,28.201632,28.267756,28.30887,28.373472,28.423529,28.48615,28.515862,28.543373,28.611452,28.63881,28.673223,28.688152,28.63984,28.652626,28.628433,28.617727,28.574097,28.572527,28.518219,28.521257,28.491632,28.497845,28.64762,28.787884,28.882565,28.927872,28.949389,28.582624,28.445274,28.39447,28.320564,28.344433,28.398123,28.406958,28.424042,28.408386,28.403593,28.355425,28.34236,28.284971,28.26175,28.227926,28.180437,28.18119,28.161144,28.191774,28.235842,28.26251,28.32001,28.35305,28.379265,28.384266,28.425869,28.492409,28.522493,28.577942,28.611673,28.648363,28.683851,28.698471,28.725697,28.75388,28.780945,28.799358,28.809914,28.820124,28.828032,28.829199,28.824835,28.828825,28.833775,28.845432,28.85438,28.856627,28.873318,28.890047,28.907127,28.933447,28.960045,28.968046,28.967503,28.966091,28.963882,28.957558,28.953833,28.955536,28.967169,28.980091,29.005892,29.024641,29.048426,29.060932,29.07496,29.09798,29.121677,29.156767,29.165482,29.161886,29.169996,29.182102,29.19015,29.187853,29.1674,29.146748,29.121166,29.077808,29.03632,29.014341,28.973534,28.932257,28.9087,28.876575,28.81098,28.748415,28.701649,28.654522,28.604677,28.55781,28.49045,28.428555,28.383196,28.386337,28.399115,28.377579,28.333443,28.290018,28.221392,28.197033,28.188026,28.178291,28.163973,28.156462,28.146873,28.125513,28.184908,28.221088,28.218596,28.185822,28.137556,28.182356,28.193167,28.165524,28.02009,27.927553,27.90629,27.784395,27.797205,27.675093,27.545248,27.359062,27.235075,27.096573,26.966606,26.862648,26.846518,26.87554,26.931984
5.5,,,,,,,,,,,,,26.944016,26.920353,27.00617,26.963926,26.877626,26.842487,26.749458,26.612835,26.571516,26.585339,26.600622,26.600826,26.581743,26.578442,26.579655,26.610468,26.611927,26.589457,26.62119,26.708618,26.691652,26.77228,26.866312,26.884558,26.919273,26.945585,27.013948,27.157598,27.312374,27.427078,27.542545,27.69962,27.839779,28.025698,28.176777,28.269745,28.332659,28.390705,28.443731,28.492596,28.526344,28.546276,28.525858,28.532467,28.517185,28.520863,28.484182,28.44471,28.428518,28.376165,28.39807,28.394796,28.391207,28.413582,28.410507,28.425732,28.43072,28.454674,28.48058,28.502748,28.518139,28.527584,28.544598,28.548815,28.569048,28.573042,28.56712,28.548487,28.518066,28.49133,28.466549,28.441147,28.427261,28.40888,28.408932,28.394987,28.385359,28.388235,28.397655,28.41867,28.421993,28.45341,28.462708,28.485489,28.516228,28.559172,28.590866,28.62682,28.677092,28.728437,28.772772,28.801014,28.834682,28.87421,28.92446,28.970041,29.010036,29.03205,29.03848,29.024618,28.993097,28.94272,28.880072,28.794306,28.690136,28.603199,28.577442,28.618204,28.69191,28.758083,28.794178,28.78886,28.752151,28.705975,28.670143,28.672672,28.657787,28.625948,28.597658,28.551926,28.494656,28.461983,28.414251,28.36503,28.314377,28.271528,28.265554,28.353973,28.560858,28.822803,28.972885,28.982166,29.002039,29.05889,29.098688,29.205776,29.259592,29.297783,29.307943,29.306923,29.317417,29.308105,29.284304,29.250647,29.241228,29.244219,29.282547,29.288574,29.2616,29.2495,29.22349,29.2323,29.230295,29.263985,29.302917,29.308922,29.309153,29.297127,29.27999,29.259144,29.244677,29.246593,29.234907,29.235945,29.245802,29.236431,29.254602,29.273817,29.267647,29.232126,29.19485,29.13115,29.03835,28.979939,28.924139,28.86266,28.842773,28.829884,28.867022,28.967123,29.098328,29.193346,29.244286,29.260035,29.262558,29.266233,29.246012,29.253517,29.282417,29.361513,29.431997,29.482,29.517382,29.53608,29.558914,29.57409,29.566463,29.52159,29.471815,29.448236,29.497885,29.556679,29.550331,29.508982,29.436363,29.364017,29.249537,29.16078,29.033401,28.95027,29.001493,28.9736,28.961285,28.954031,29.010637,29.090631,29.14564,29.10389,29.065062,29.09451,29.090221,29.00287,28.994406,29.075182,29.194618,29.260818,29.297564,29.308537,29.32673,29.322739,29.302128,29.294975,29.265038,29.206312,29.13685,29.123644,29.163424,29.22257,29.28285,29.367567,29.450985,29.497614,29.547295,29.591488,29.624376,29.638622,29.651636,29.65652,29.640911,29.593212,29.51927,29.443695,29.365866,29.268488,29.189648,29.125414,29.153387,29.197178,29.178305,29.209017,29.216623,29.217445,29.2069,29.1428,29.032772,28.94655,28.812895,28.75975,28.727018,28.684921,28.734056,28.92029,28.881517,28.932703,29.096836,29.155027,29.041956,29.072218,29.087639,29.069775,28.942514,28.826342,28.828993,28.848497,28.925308,28.930264,28.97603,28.978039,28.952568,28.853092,28.77839,28.679834,28.706648,28.83817,28.688059,28.696457,28.917578,,28.707283,28.761477,28.721413,28.809303,28.5905,28.631943,28.634558,28.687126,28.651888,28.705,28.69141,28.676392,28.746471,28.766047,28.804598,28.842916,28.882092,28.91066,28.985077,29.027988,29.10151,29.155386,29.211517,29.262383,29.31369,29.335546,29.330189,29.320663,29.304129,29.279083,29.237179,29.173672,29.097092,29.012188,28.915869,28.825327,28.747232,28.704594,28.674496,28.631365,28.578825,28.47917,28.374382,28.252546,28.185797,28.138548,28.076956,28.031738,28.029917,28.050425,28.084738,28.14483,28.181715,28.223646,28.28202,28.389835,28.464073,28.54447,28.601994,28.60923,28.630114,28.656103,28.658064,28.6662,28.632921,28.621756,28.58522,28.60481,28.58584,28.568672,28.5464,28.605982,28.640999,28.776867,28.875753,28.863102,28.809248,28.749708,28.565855,28.38534,28.402525,28.357214,28.295387,28.346426,28.311346,28.328812,28.29947,28.302988,28.271187,28.261353,28.229116,28.219828,28.225845,28.22552,28.261574,28.29343,28.338924,28.37881,28.44243,28.437199,28.455835,28.492868,28.488714,28.50184,28.52669,28.56314,28.59647,28.623735,28.651583,28.674763,28.704071,28.746765,28.76642,28.78284,28.813204,28.821033,28.829208,28.839277,28.846354,28.84761,28.844599,28.84296,28.84966,28.860327,28.871483,28.879723,28.886005,28.904808,28.919796,28.938463,28.958204,28.972128,28.977274,28.970316,28.951038,28.934002,28.92761,28.920858,28.939108,28.966478,28.993895,29.02224,29.044048,29.068354,29.081535,29.101109,29.125137,29.160814,29.17319,29.179394,29.18409,29.195374,29.203547,29.205746,29.193693,29.174248,29.149359,29.107277,29.046476,29.016823,28.983936,28.956232,28.933325,28.91685,28.874739,28.820627,28.774202,28.734919,28.69202,28.641293,28.552588,28.478449,28.433455,28.443241,28.412872,28.370829,28.337915,28.296192,28.250343,28.242691,28.229881,28.181576,28.163979,28.157614,28.123306,28.099176,28.166248,28.221367,28.236237,28.215818,28.17276,28.206749,28.221579,28.205719,28.096804,27.979687,28.028452,27.91379,27.878819,27.757568,27.665388,27.50204,27.351133,27.210205,27.091543,26.98457,26.96721,27.021616,27.08546
5.4166718,,,,,,,,,,,,26.955885,26.932545,26.941465,26.972027,26.875616,26.848026,26.831396,26.74449,26.639866,26.570799,26.581097,26.601387,26.60354,26.579866,26.57663,26.589659,26.61061,26.591354,26.596943,26.693066,26.703999,26.71334,26.793621,26.842224,26.845407,26.912926,26.939646,27.006767,27.165476,27.31765,27.43402,27.547466,27.699038,27.857815,28.052198,28.207554,28.297758,28.373634,28.436203,28.486296,28.524204,28.541504,28.568157,28.539925,28.540289,28.519732,28.504725,28.48388,28.45724,28.464172,28.412994,28.44191,28.445633,28.456778,28.469753,28.48228,28.49517,28.507883,28.526314,28.544538,28.581806,28.589905,28.601032,28.605946,28.61242,28.624691,28.636755,28.640875,28.62715,28.596308,28.554176,28.523235,28.48927,28.47641,28.45774,28.462032,28.456167,28.441145,28.434736,28.44848,28.464287,28.455688,28.47866,28.489248,28.503914,28.531033,28.575249,28.628057,28.673264,28.719406,28.767227,28.807854,28.848227,28.903069,28.951153,29.000546,29.03721,29.05707,29.061647,29.042076,29.005028,28.960207,28.893656,28.80342,28.71044,28.627321,28.586922,28.616781,28.68491,28.764223,28.815277,28.82054,28.777817,28.72582,28.680933,28.666523,28.655308,28.613607,28.572807,28.533808,28.467974,28.405651,28.351728,28.31051,28.283812,28.27799,28.32384,28.429327,28.619293,28.86664,29.03835,29.056082,29.10216,29.123974,29.099953,29.181496,29.244148,29.323,29.352848,29.349564,29.349503,29.331413,29.276276,29.189857,29.150536,29.151566,29.196676,29.239023,29.272936,29.271698,29.239788,29.223104,29.24386,29.245598,29.265553,29.317001,29.315107,29.31402,29.323925,29.310793,29.298252,29.276731,29.270945,29.252327,29.25324,29.270456,29.26691,29.274067,29.292435,29.287788,29.233772,29.177814,29.120016,29.014036,28.957813,28.90121,28.8458,28.82468,28.823797,28.880705,28.991293,29.128305,29.207918,29.252857,29.271591,29.27424,29.277866,29.246832,29.238913,29.259285,29.330826,29.40382,29.443846,29.483574,29.514029,29.533434,29.545425,29.535112,29.47339,29.427069,29.393414,29.441216,29.48312,29.5022,29.49583,29.494022,29.457613,29.407713,29.322977,29.26715,29.18999,29.109987,29.023283,28.99686,28.924572,28.961405,28.999353,29.097977,29.126104,29.106508,29.074871,29.052668,29.025314,29.025238,29.080683,29.163223,29.245169,29.285797,29.290455,29.30517,29.312063,29.31536,29.310717,29.285671,29.227394,29.151844,29.131618,29.164024,29.214775,29.299997,29.383032,29.453362,29.500357,29.544424,29.597092,29.630978,29.656683,29.676527,29.67801,29.638336,29.602245,29.51938,29.441818,29.340988,29.230532,29.136292,29.074707,29.078012,29.120447,29.16777,29.184967,29.205492,29.226227,29.252357,29.234018,29.138601,29.054165,28.85183,28.735716,28.76763,28.650805,28.669918,28.904446,28.93109,28.920406,29.061432,29.034266,29.032333,29.18191,29.064808,28.85318,28.676538,28.660019,28.686022,28.75775,28.810894,28.832975,28.848919,28.924982,28.97345,28.840994,28.789284,28.843355,28.753916,28.734507,28.71004,28.662287,28.949667,,28.702879,28.625017,,28.715818,28.585312,28.626732,28.61895,28.637487,28.60847,28.645517,28.634596,28.644415,28.690783,28.709663,28.754948,28.805918,28.866947,28.907892,28.984022,29.027262,29.091972,29.146646,29.194923,29.247437,29.285791,29.29443,29.283146,29.270126,29.265324,29.248955,29.20687,29.151083,29.086601,29.02304,28.955328,28.876322,28.799875,28.742502,28.690207,28.620462,28.543095,28.44555,28.34969,28.265165,28.212578,28.169676,28.123373,28.061825,28.055294,28.07172,28.093018,28.160213,28.188745,28.21371,28.249483,28.351513,28.468477,28.554451,28.64168,28.665773,28.683353,28.700312,28.693533,28.689962,28.671247,28.676739,28.650463,28.661104,28.678076,28.675861,28.719923,28.777428,28.822628,28.802856,28.759293,28.71162,28.61393,28.477762,28.394438,28.343897,28.314672,28.271029,28.2193,28.220728,28.185091,28.187351,28.185394,28.192072,28.197124,28.20864,28.203766,28.243143,28.281652,28.321201,28.36608,28.416521,28.460613,28.495256,28.509071,28.535791,28.541903,28.549305,28.554836,28.582981,28.61971,28.628384,28.638233,28.646572,28.657694,28.687798,28.723093,28.758625,28.787014,28.800642,28.827557,28.84063,28.851147,28.853945,28.86144,28.872404,28.869284,28.860996,28.861261,28.86841,28.87545,28.887354,28.900614,28.918783,28.929304,28.947943,28.958847,28.977297,28.978065,28.965117,28.940187,28.916143,28.90683,28.898571,28.915375,28.94728,28.984396,29.01645,29.047873,29.07391,29.09018,29.091116,29.106314,29.14578,29.159996,29.159056,29.176437,29.196163,29.208996,29.208704,29.19559,29.179035,29.156132,29.127682,29.074387,29.029222,29.000372,28.975351,28.945065,28.922344,28.917309,28.885458,28.84836,28.811373,28.767756,28.699598,28.606436,28.524714,28.480034,28.464106,28.423315,28.389217,28.365816,28.308397,28.259205,28.270939,28.233166,28.182243,28.16802,28.147095,28.088036,28.080507,28.155333,28.21659,28.257582,28.261648,28.219702,28.242817,28.265335,28.26905,28.190422,28.020533,28.072704,27.965746,28.002983,27.89515,27.797977,27.62249,27.481485,27.342794,27.247766,27.177105,27.16794,27.20618,27.27026
5.333336,,,,,,,,,,,26.956177,26.95998,26.910126,26.923235,26.879427,26.829025,26.847202,26.81065,26.70147,26.635187,26.575823,26.591784,26.606146,26.597322,26.583319,26.579931,26.598305,26.593729,26.6069,26.66904,26.724865,26.70344,26.752542,26.816473,26.837034,26.846712,26.913868,26.938286,27.02383,27.16634,27.320213,27.424137,27.565647,27.70837,27.887207,28.076607,28.233873,28.323896,28.40747,28.47701,28.524357,28.553709,28.554142,28.584667,28.554026,28.529652,28.520763,28.488968,28.482763,28.469439,28.48989,28.446766,28.486412,28.476894,28.506342,28.513191,28.53934,28.549284,28.56753,28.578032,28.601595,28.636509,28.661919,28.674244,28.686285,28.685364,28.689125,28.696165,28.694836,28.688673,28.670673,28.62286,28.590393,28.54747,28.535345,28.51513,28.509188,28.512758,28.497375,28.469465,28.481005,28.494898,28.482986,28.496834,28.531218,28.557693,28.595667,28.644638,28.69631,28.740108,28.783451,28.829327,28.879995,28.930016,28.98312,29.023523,29.063484,29.08206,29.074663,29.054203,29.009338,28.949766,28.892942,28.816895,28.720808,28.641136,28.603697,28.619328,28.681772,28.752697,28.817612,28.845366,28.819721,28.775743,28.726208,28.69024,28.66058,28.619642,28.559387,28.5086,28.458544,28.424616,28.36889,28.338917,28.324911,28.371622,28.463272,28.60832,28.774689,28.942888,29.043234,29.073284,29.138384,29.199759,29.20795,29.212055,29.25855,29.334257,29.359137,29.37457,29.386969,29.374586,29.30138,29.20063,29.094227,29.029202,29.013018,29.075645,29.159985,29.211353,29.239359,29.229984,29.207418,29.233793,29.238249,29.25265,29.313375,29.340656,29.348692,29.356705,29.3463,29.343172,29.314837,29.293484,29.26929,29.267336,29.284582,29.289476,29.294807,29.315903,29.29969,29.2469,29.179146,29.133116,29.025236,28.939024,28.86679,28.84142,28.822443,28.822227,28.89004,28.987526,29.081879,29.162859,29.200876,29.246563,29.272203,29.273829,29.234673,29.16613,29.205345,29.281322,29.360193,29.407925,29.471668,29.503428,29.512854,29.509972,29.489477,29.400545,29.337555,29.33142,29.340641,29.371346,29.393087,29.381414,29.400148,29.393042,29.395683,29.409752,29.425896,29.365192,29.28324,29.178057,29.103964,29.018154,29.00879,29.0641,29.145802,29.16834,29.1317,29.1015,29.055246,29.038727,29.03721,29.075737,29.163109,29.245995,29.286676,29.282299,29.284925,29.298304,29.309128,29.321741,29.301361,29.254696,29.183125,29.136908,29.188074,29.234848,29.317808,29.383427,29.451569,29.506516,29.557718,29.613667,29.65689,29.680601,29.702003,29.691816,29.654758,29.599323,29.523245,29.455906,29.356142,29.247177,29.12435,29.037395,29.02351,29.05633,29.113415,29.16955,29.207888,29.221575,29.214447,29.214598,29.146465,29.032211,28.83415,28.829283,28.832264,28.642626,28.609509,28.798035,28.922443,28.842558,29.033615,29.071106,29.130798,29.021915,28.776295,28.633595,28.651587,28.72056,28.72091,28.788517,28.829832,28.834389,28.87717,28.880354,28.950256,28.911148,28.79831,28.680397,28.767086,28.916874,28.76635,28.68046,28.77485,28.80211,28.643188,28.712086,,28.671337,28.608744,28.627699,28.676853,28.629995,28.643951,28.654778,28.660711,28.68269,28.71248,28.750826,28.774725,28.828989,28.89175,28.924576,28.991102,29.034473,29.089214,29.139,29.187592,29.232159,29.258327,29.269922,29.264551,29.254995,29.261969,29.252506,29.208183,29.173243,29.14116,29.093441,29.053286,28.96704,28.865553,28.78006,28.709597,28.63219,28.57129,28.48391,28.406767,28.3455,28.282759,28.212242,28.160673,28.117283,28.062597,28.096874,28.121153,28.165836,28.195948,28.209682,28.22749,28.286665,28.415493,28.5197,28.605537,28.65573,28.685167,28.720568,28.722052,28.708708,28.71909,28.723455,28.744669,28.763103,28.780241,28.738708,28.751886,28.738678,28.658417,28.61264,28.588839,28.489803,28.36898,28.330341,28.257711,28.218437,28.190407,28.171059,28.141794,28.139196,28.120193,28.145882,28.169083,28.219944,28.249435,28.270052,28.294456,28.349293,28.382444,28.414787,28.447773,28.478498,28.496279,28.540586,28.566324,28.589764,28.607523,28.616085,28.622145,28.627272,28.635366,28.6555,28.666468,28.68171,28.698643,28.716448,28.743395,28.775316,28.799938,28.816776,28.84148,28.85575,28.870243,28.87655,28.879606,28.885313,28.88304,28.88023,28.877413,28.872229,28.88307,28.898329,28.910385,28.930656,28.938759,28.95373,28.971836,28.977814,28.979067,28.959698,28.930801,28.907642,28.891382,28.87646,28.889296,28.928139,28.969786,29.01038,29.044962,29.067114,29.074022,29.081123,29.094114,29.1166,29.126877,29.132591,29.15311,29.177881,29.19379,29.19307,29.177528,29.166458,29.136955,29.111639,29.083035,29.051525,29.018715,28.986279,28.961735,28.95007,28.94002,28.91695,28.887186,28.858395,28.813374,28.757202,28.658663,28.571669,28.529474,28.49657,28.453838,28.42124,28.376614,28.32526,28.309626,28.27439,28.236898,28.180265,28.164803,28.12485,28.073483,28.061016,28.135664,28.202892,28.268663,28.29446,28.264938,28.263416,28.286522,28.298061,28.270082,28.088896,28.151785,28.067442,28.076061,27.998411,27.950903,27.799528,27.641436,27.480797,27.393631,27.315475,27.303284,27.366991,27.484318
5.25,,,,,,,,,,26.93499,26.997452,26.95467,26.915787,26.899948,26.80211,26.800743,26.799168,26.778673,26.71241,26.641953,26.583286,26.585081,26.611086,26.6097,26.600246,26.595425,26.590006,26.613409,26.669708,26.727285,26.731258,26.731453,26.764187,26.809034,26.808947,26.831678,26.886316,26.922485,27.012957,27.15812,27.30606,27.420595,27.544437,27.731617,27.91592,28.103348,28.253761,28.344894,28.427763,28.496801,28.545732,28.571955,28.57363,28.58733,28.547323,28.519405,28.513315,28.48718,28.484715,28.481363,28.486267,28.48125,28.509674,28.512966,28.542236,28.552145,28.581347,28.59264,28.619093,28.644495,28.659966,28.68916,28.713146,28.743198,28.762074,28.770117,28.780201,28.790398,28.780212,28.76149,28.748854,28.704737,28.660131,28.618746,28.587355,28.563042,28.53001,28.517841,28.502193,28.49454,28.474472,28.501202,28.525301,28.535921,28.591473,28.626537,28.662107,28.70889,28.762726,28.818464,28.868011,28.920288,28.96603,29.008924,29.05614,29.077515,29.089542,29.076258,29.0469,28.99768,28.935043,28.867628,28.80782,28.735773,28.669836,28.621954,28.620792,28.670527,28.752268,28.823519,28.861422,28.863623,28.828676,28.783302,28.734934,28.694395,28.65327,28.601267,28.54592,28.501612,28.470652,28.44689,28.433544,28.46793,28.530342,28.648615,28.78206,28.941761,29.049477,29.092949,29.119326,29.188105,29.247135,29.27612,29.297258,29.32293,29.375698,29.41047,29.428087,29.436468,29.42749,29.358137,29.242317,29.114635,29.014956,28.935478,28.91257,28.956497,29.032032,29.116594,29.179949,29.193132,29.179081,29.198475,29.228655,29.250177,29.314201,29.354443,29.358377,29.365782,29.376724,29.379694,29.354803,29.32784,29.308104,29.288713,29.297808,29.305454,29.303978,29.31867,29.305061,29.272171,29.193169,29.12944,29.044256,28.90696,28.861269,28.831835,28.83043,28.838064,28.887228,28.948145,29.016113,29.075026,29.144945,29.244535,29.30793,29.2862,29.220737,29.13855,29.176254,29.2626,29.30931,29.378288,29.461817,29.489845,29.474375,29.45089,29.401491,29.317688,29.239277,29.230204,29.247332,29.26293,29.274025,29.305655,29.285835,29.247,29.2604,29.336056,29.385637,29.392025,29.356663,29.32233,29.246782,29.140614,29.065756,29.072245,29.142757,29.168219,29.150352,29.117529,29.086784,29.076035,29.09388,29.12527,29.189335,29.25777,29.304295,29.294985,29.274363,29.27133,29.294556,29.323929,29.340498,29.306314,29.261395,29.220568,29.219734,29.238482,29.311188,29.382622,29.45059,29.50693,29.5745,29.638836,29.675123,29.694239,29.713663,29.703789,29.663973,29.616007,29.561216,29.507715,29.416191,29.294994,29.16235,29.04426,28.982761,28.982403,29.025616,29.09907,29.1638,29.211864,29.224579,29.220627,29.215094,29.187319,29.05908,28.939383,28.858202,28.65192,28.565792,28.688492,28.861874,28.818213,29.023512,29.093626,28.992424,28.759708,28.63928,28.64223,28.669424,28.72681,28.75029,28.808098,28.859886,28.815414,28.841331,28.87585,28.906332,28.834425,28.672264,28.182726,28.434162,,28.60138,28.674814,28.795332,28.805006,28.792454,28.689074,28.641104,28.651548,28.637411,28.671516,28.704388,28.659544,28.692442,28.69812,28.702635,28.734577,28.751028,28.798937,28.816353,28.861933,28.906284,28.93013,28.995602,29.02865,29.081547,29.13622,29.169413,29.200262,29.228119,29.252151,29.245987,29.244308,29.238787,29.229944,29.224361,29.21488,29.18469,29.158772,29.130579,29.066013,28.973017,28.856264,28.767517,28.678087,28.6286,28.561966,28.483776,28.417398,28.346203,28.28458,28.216288,28.126923,28.07014,28.069296,28.100674,28.144625,28.19133,28.210592,28.212957,28.224245,28.287056,28.41883,28.51599,28.587006,28.618326,28.654104,28.65295,28.669575,28.686464,28.710052,28.719301,28.701435,28.67027,28.622772,28.593147,28.514793,28.476997,28.45987,28.404995,28.31723,28.2868,28.25616,28.18386,28.170729,28.15098,28.145538,28.14537,28.15373,28.17031,28.202997,28.251099,28.313602,28.33248,28.364187,28.414297,28.435741,28.459291,28.476526,28.49226,28.510235,28.532537,28.569004,28.59222,28.607271,28.621632,28.628946,28.63531,28.658398,28.671041,28.682478,28.702795,28.725046,28.732285,28.743156,28.765244,28.790106,28.81053,28.822653,28.834362,28.855097,28.881098,28.892918,28.896524,28.899319,28.888939,28.884024,28.88988,28.879515,28.883217,28.90316,28.923422,28.937323,28.947823,28.961567,28.976316,28.986698,28.983295,28.963095,28.93886,28.918861,28.894444,28.870415,28.88012,28.914684,28.95805,28.997187,29.025545,29.045473,29.062534,29.070389,29.075775,29.087866,29.099228,29.113045,29.135069,29.164263,29.185024,29.18811,29.170326,29.146906,29.119673,29.103687,29.079233,29.050522,29.029018,29.006163,28.986372,28.969355,28.956673,28.943016,28.921164,28.896957,28.848461,28.781229,28.68604,28.607904,28.561579,28.529222,28.480783,28.44637,28.401905,28.377243,28.331522,28.280003,28.235477,28.173409,28.161041,28.108538,28.038692,28.050634,28.117966,28.187948,28.28143,28.343489,28.319174,28.300495,28.310802,28.319544,28.320309,28.137524,28.188152,28.13418,28.188475,28.127575,28.099413,27.972586,27.848122,27.70687,27.623789,27.565495,27.50757,27.49908,27.633343
5.1666718,,,,,,,,,,27.038538,27.032612,26.952444,26.877935,26.857838,26.825861,26.777504,26.756123,26.760363,26.714865,26.637432,26.586884,26.59471,26.615805,26.619053,26.60308,26.600767,26.633121,26.69916,26.752573,26.773323,26.770744,26.737043,26.814894,26.848022,26.811935,26.84643,26.885216,26.93012,27.001053,27.132477,27.25866,27.380812,27.493753,27.71525,27.90846,28.10284,28.254251,28.353891,28.439503,28.505163,28.549643,28.579199,28.58675,28.585848,28.536839,28.517624,28.495731,28.474976,28.47729,28.47557,28.486032,28.489017,28.519083,28.521795,28.563267,28.569399,28.607754,28.627094,28.668352,28.691803,28.71682,28.746279,28.766323,28.791555,28.815777,28.834742,28.84562,28.865704,28.864208,28.85213,28.826384,28.784792,28.725218,28.685276,28.633911,28.600494,28.55395,28.523151,28.497976,28.49373,28.516035,28.509193,28.560152,28.588348,28.629234,28.667507,28.702349,28.744892,28.804771,28.870514,28.925783,28.974989,29.018728,29.043705,29.061892,29.058323,29.050083,29.018059,28.980932,28.922966,28.859888,28.79603,28.740541,28.69183,28.656507,28.647102,28.670282,28.754835,28.83655,28.888002,28.898413,28.87421,28.830387,28.781157,28.744259,28.699821,28.656693,28.609333,28.57578,28.5561,28.549606,28.538092,28.580597,28.650776,28.75894,28.890543,28.985086,29.05896,29.111996,29.159975,29.215519,29.27252,29.312258,29.333082,29.371216,29.40892,29.436762,29.466131,29.496891,29.49494,29.457092,29.360558,29.195932,29.04172,28.940704,28.889187,28.852165,28.90062,28.97199,29.037367,29.09434,29.157707,29.18371,29.18352,29.19711,29.231733,29.304226,29.36608,29.357952,29.37204,29.39114,29.413004,29.401217,29.378946,29.354492,29.31326,29.306711,29.310225,29.316381,29.307615,29.337881,29.304253,29.21968,29.139393,29.061644,28.924784,28.877398,28.85953,28.85382,28.840437,28.874502,28.91316,28.988462,29.032965,29.120436,29.241943,29.323643,29.257046,29.198032,29.145002,29.175116,29.219732,29.258596,29.329237,29.407011,29.421682,29.39614,29.389578,29.377337,29.275093,29.156843,29.169214,29.198193,29.20505,29.192675,29.23465,29.231821,29.188221,29.184216,29.231922,29.282059,29.310911,29.33649,29.342999,29.364,29.287323,29.178427,29.083164,29.127005,29.166864,29.1665,29.132309,29.11958,29.131374,29.14542,29.150059,29.192398,29.26186,29.313549,29.317684,29.298584,29.284548,29.26715,29.281082,29.335634,29.33552,29.30001,29.274082,29.236732,29.255556,29.297153,29.375511,29.433903,29.48632,29.56585,29.63423,29.68334,29.700727,29.712004,29.711452,29.687256,29.641699,29.59077,29.545607,29.472178,29.354109,29.207504,29.050756,28.940212,28.895123,28.912483,28.966932,29.030144,29.069452,29.10009,29.122873,29.199299,29.250027,29.184223,28.998487,28.91045,28.693882,28.531752,28.56764,28.713755,28.72291,28.869148,28.9407,28.687695,28.616943,28.622028,28.643051,28.604658,28.708044,28.708727,28.802029,28.86275,28.815771,28.794823,28.884148,28.876371,28.745956,28.45046,28.167944,28.291666,,28.761095,28.675224,28.692598,28.663763,28.65706,28.645235,28.648075,28.667162,28.66379,28.716143,28.668623,28.704313,28.687588,28.71101,28.707293,28.73966,28.759172,28.804472,28.834354,28.870028,28.919949,28.93105,28.996634,29.026144,29.075241,29.125994,29.162758,29.195412,29.214338,29.219645,29.20502,29.191572,29.184492,29.182014,29.184067,29.18018,29.167006,29.156738,29.138952,29.120539,29.063856,28.981636,28.886663,28.786774,28.706041,28.628809,28.5607,28.475004,28.388786,28.31755,28.260153,28.174997,28.102854,28.06011,28.112202,28.146805,28.19614,28.226816,28.236685,28.233065,28.231527,28.296652,28.406872,28.471977,28.515646,28.567688,28.599163,28.612673,28.63795,28.642994,28.621305,28.555105,28.516996,28.460266,28.411077,28.358181,28.352064,28.333563,28.263496,28.236782,28.174803,28.149813,28.109634,28.101513,28.101904,28.10989,28.144281,28.16716,28.22613,28.274864,28.317268,28.359936,28.386774,28.40716,28.434946,28.454283,28.474926,28.485779,28.509956,28.525309,28.543812,28.579453,28.606049,28.621445,28.631655,28.647722,28.659159,28.681753,28.690836,28.707802,28.728474,28.738392,28.748072,28.756395,28.765266,28.780046,28.801693,28.825155,28.83156,28.849625,28.874744,28.885483,28.893097,28.894285,28.893452,28.893291,28.892939,28.879469,28.879942,28.897291,28.918144,28.935371,28.948193,28.968786,28.985708,28.987303,28.986443,28.972153,28.946167,28.930454,28.912424,28.881628,28.887041,28.90944,28.94415,28.961998,28.987404,29.01295,29.037552,29.05641,29.061954,29.067715,29.064436,29.071552,29.107286,29.13627,29.167858,29.17447,29.164042,29.15502,29.128899,29.102081,29.074327,29.051064,29.030565,29.011168,28.995552,28.982725,28.967804,28.951355,28.937456,28.908073,28.866257,28.79777,28.709768,28.64845,28.610413,28.566797,28.521925,28.478176,28.428518,28.368847,28.316526,28.289555,28.24897,28.189404,28.15368,28.082546,28.030539,28.045584,28.097523,28.169159,28.281912,28.376146,28.371977,28.32765,28.321064,28.332928,28.357975,28.200054,28.237194,28.19664,28.25566,28.24605,28.249916,28.155159,28.026863,27.907574,27.854223,27.82041,27.772614,27.703247,27.756025
5.083336,,,,,,,,,27.091394,27.10103,27.003464,26.897142,26.8438,26.884476,26.904655,26.841202,26.759869,26.75179,26.736376,26.629152,26.587122,26.58461,26.616343,26.614727,26.63151,26.678125,26.741413,26.769928,26.780518,26.754452,26.736301,26.78328,26.81542,26.813643,26.831017,26.807825,26.904243,26.924112,26.991236,27.09335,27.235819,27.320951,27.467258,27.691956,27.898766,28.085869,28.21962,28.321535,28.420326,28.491518,28.528358,28.567133,28.581825,28.576334,28.506706,28.503002,28.46115,28.444237,28.428125,28.426022,28.427856,28.458424,28.490946,28.50193,28.558199,28.569473,28.619917,28.652588,28.696627,28.736319,28.764967,28.809504,28.81934,28.841883,28.862446,28.8861,28.899176,28.923119,28.927177,28.922714,28.90401,28.859972,28.795563,28.73924,28.68649,28.648218,28.611639,28.564566,28.537241,28.502853,28.520369,28.549417,28.574509,28.608662,28.642365,28.681921,28.730972,28.787434,28.839102,28.891493,28.93117,28.969774,28.99364,29.006731,29.010096,29.002436,28.978104,28.941143,28.892645,28.842056,28.789537,28.747187,28.717674,28.693409,28.684677,28.695717,28.752779,28.844143,28.906458,28.92854,28.914875,28.881636,28.831734,28.788778,28.737955,28.702702,28.67641,28.659494,28.646994,28.642193,28.65638,28.688019,28.751656,28.817375,28.905285,28.962439,29.02174,29.10172,29.194353,29.272642,29.325653,29.332706,29.331837,29.371637,29.433683,29.458138,29.483189,29.508646,29.5246,29.515396,29.464384,29.350489,29.188646,29.037254,28.956734,28.909124,28.86862,28.912102,28.960203,29.030764,29.03184,29.113276,29.166796,29.164118,29.170156,29.198704,29.271324,29.357916,29.37093,29.387007,29.419367,29.44683,29.446993,29.427189,29.404953,29.350119,29.32617,29.321615,29.325468,29.326935,29.361492,29.335693,29.254898,29.125864,29.024681,28.938202,28.887373,28.872128,28.874247,28.873465,28.880594,28.914879,28.939978,28.989122,29.07813,29.237568,29.29564,29.264826,29.180166,29.13603,29.14635,29.206228,29.23737,29.291962,29.345215,29.365303,29.33305,29.342562,29.350016,29.258074,29.196945,29.166634,29.169659,29.188356,29.188652,29.19837,29.197714,29.121437,29.115269,29.185099,29.22981,29.211899,29.241367,29.323301,29.351171,29.366879,29.291906,29.175905,29.116478,29.124365,29.13868,29.14065,29.13531,29.154844,29.181097,29.188292,29.217522,29.26286,29.317717,29.322092,29.304392,29.27558,29.260971,29.264528,29.3142,29.356663,29.350008,29.310091,29.278921,29.278105,29.301079,29.356169,29.416737,29.468,29.567156,29.620623,29.672531,29.698507,29.709194,29.72048,29.702164,29.658089,29.617693,29.58843,29.535355,29.445091,29.30648,29.13713,28.976807,28.87351,28.81691,28.829847,28.867178,28.878885,28.89458,28.877516,28.954746,29.040707,29.09509,29.049786,28.995617,28.781431,28.555092,28.55778,28.604689,28.616756,28.663536,28.804724,28.66208,28.613447,28.59964,28.571152,28.61789,28.718023,28.659103,28.690712,28.748886,28.77076,28.780989,28.833256,28.72046,28.594357,28.217293,28.54683,28.552895,28.66746,28.561113,28.665537,28.555536,28.621939,28.568293,28.566746,28.629995,28.6257,28.672726,28.668745,28.662523,28.689917,28.678825,28.703184,28.705397,28.723412,28.735817,28.777918,28.798944,28.848864,28.900661,28.93265,28.989098,29.013998,29.064722,29.098772,29.134,29.159067,29.15539,29.127138,29.107668,29.082092,29.10041,29.112528,29.114725,29.119656,29.116919,29.118755,29.131071,29.110956,29.082584,29.032766,28.939297,28.838198,28.74058,28.666882,28.597002,28.510063,28.43533,28.341095,28.26877,28.213438,28.14621,28.076263,28.110678,28.150951,28.200933,28.236416,28.24886,28.23031,28.230389,28.249298,28.318264,28.402153,28.431227,28.483778,28.496504,28.542799,28.540068,28.532087,28.467403,28.417387,28.367037,28.296875,28.262232,28.228262,28.239014,28.201836,28.158377,28.111341,28.078194,28.062704,28.05477,28.083736,28.104162,28.128874,28.190046,28.210669,28.25933,28.303417,28.319382,28.340197,28.359898,28.37136,28.399878,28.403217,28.423265,28.447653,28.482344,28.508223,28.537674,28.575699,28.604486,28.627337,28.639168,28.650003,28.656506,28.663515,28.672764,28.700848,28.730192,28.740911,28.749468,28.7462,28.747343,28.770325,28.796227,28.820904,28.839487,28.854559,28.873194,28.882544,28.890432,28.892208,28.89565,28.897703,28.896854,28.880674,28.883776,28.897102,28.916636,28.930534,28.945538,28.975403,28.99264,28.987997,28.982597,28.971325,28.951218,28.937138,28.917904,28.888376,28.879427,28.895348,28.9106,28.930433,28.953728,28.985716,29.021559,29.042551,29.04729,29.0477,29.045643,29.050303,29.080477,29.11329,29.13662,29.14697,29.145256,29.147678,29.12628,29.097252,29.067356,29.051952,29.035322,29.0102,28.999159,28.984608,28.974228,28.95811,28.940952,28.90588,28.863197,28.797869,28.739784,28.681116,28.626287,28.57778,28.53465,28.486555,28.430773,28.396635,28.357336,28.322996,28.26423,28.205887,28.157242,28.08787,28.027863,28.044168,28.078928,28.14793,28.274202,28.40968,28.430128,28.385227,28.35665,28.357378,28.372192,28.27291,28.278696,28.265196,28.347271,28.356653,28.392159,28.345875,28.258532,28.151651,28.097345,28.102701,28.115482,28.092373,28.070372
5.0,,,,,,,,27.120773,27.161152,27.08545,26.992336,26.884518,26.847374,26.911621,26.965431,26.882515,26.771387,26.801653,26.804255,26.685942,26.656425,26.637218,26.675743,26.696404,26.735342,26.77555,26.787388,26.769463,26.75085,26.73533,26.753527,26.783981,26.80902,26.827333,26.829107,26.818756,26.899818,26.914625,26.97719,27.05726,27.175524,27.275894,27.421467,27.653166,27.880657,28.065697,28.196985,28.296524,28.4026,28.476187,28.51983,28.554848,28.567202,28.565393,28.469889,28.480852,28.422255,28.399601,28.373219,28.359276,28.356554,28.3875,28.42232,28.458532,28.522873,28.555399,28.609976,28.655909,28.703827,28.766087,28.800333,28.855875,28.878212,28.898226,28.910482,28.930063,28.94426,28.97141,28.981031,28.981932,28.965542,28.944458,28.879387,28.818003,28.743258,28.691544,28.650684,28.605556,28.576796,28.550175,28.553236,28.57538,28.611866,28.633486,28.665787,28.703545,28.75163,28.799786,28.834126,28.865385,28.891012,28.907003,28.923326,28.929588,28.93131,28.921091,28.898748,28.864395,28.819445,28.781813,28.746449,28.725348,28.722351,28.71983,28.730352,28.764595,28.817934,28.891827,28.931091,28.935366,28.912909,28.87999,28.84773,28.791409,28.73593,28.71707,28.710226,28.714828,28.736107,28.76171,28.795,28.83517,28.879017,28.936544,28.990393,29.040504,29.117634,29.220877,29.307058,29.353155,29.374294,29.36012,29.379774,29.413576,29.482485,29.507473,29.520891,29.536272,29.538145,29.52296,29.445118,29.314812,29.168346,29.03965,28.989367,28.951294,28.936186,28.979755,29.002861,29.032705,29.017494,29.059504,29.152367,29.163572,29.143475,29.170639,29.239382,29.328175,29.40368,29.41926,29.452658,29.47157,29.469475,29.45236,29.44164,29.387983,29.348372,29.326946,29.333508,29.351488,29.371908,29.361517,29.280254,29.038925,28.929174,28.86481,28.882013,28.891825,28.895697,28.88709,28.875692,28.89439,28.905167,28.951008,29.025505,29.17062,29.251156,29.226797,29.165,29.143179,29.1253,29.166367,29.171183,29.212683,29.273642,29.335873,29.306614,29.30218,29.320925,29.273355,29.219587,29.16825,29.160093,29.146717,29.180223,29.164618,29.112518,29.038618,29.053406,29.119722,29.137177,29.162785,29.189793,29.249155,29.30301,29.329836,29.31383,29.257711,29.20243,29.169903,29.161234,29.161114,29.155777,29.192139,29.21599,29.243284,29.263817,29.316668,29.357822,29.336542,29.310831,29.288025,29.261751,29.241056,29.255783,29.310808,29.359663,29.357643,29.326954,29.31741,29.324162,29.341936,29.392624,29.464312,29.533817,29.59907,29.642544,29.676647,29.698809,29.720608,29.704878,29.65919,29.627626,29.618332,29.591661,29.519287,29.405148,29.245224,29.073862,28.92291,28.81303,28.779936,28.796068,28.812786,28.851845,28.812849,28.792187,28.807571,28.926294,29.064884,29.069607,28.93928,28.719051,28.659006,28.688335,28.697361,28.638859,28.653503,28.735739,28.651346,28.591156,28.612457,28.653242,28.740849,28.752083,28.671978,28.736929,28.789778,28.793901,28.832815,28.751123,28.776112,28.768097,28.715508,28.720575,28.70222,28.608004,28.729393,28.605589,28.679575,28.574379,28.512983,28.55161,28.620464,28.620348,28.632702,28.650652,28.672781,28.672592,28.708658,28.72032,28.744228,28.749378,28.772171,28.770708,28.810974,28.843521,28.880375,28.921583,28.952217,29.013172,29.015423,29.041609,29.029148,29.008898,28.966726,28.9636,28.939264,28.947363,28.971083,28.989555,28.9986,29.019928,29.053034,29.07458,29.075615,29.064995,29.037601,28.967133,28.858488,28.757046,28.671228,28.625505,28.557709,28.47279,28.378859,28.293314,28.232533,28.172718,28.133636,28.110542,28.151768,28.212196,28.259773,28.274397,28.236187,28.204594,28.211063,28.232975,28.283825,28.336721,28.36426,28.374271,28.395113,28.386145,28.352484,28.301544,28.267136,28.217638,28.198189,28.177382,28.160315,28.16206,28.147837,28.119835,28.090801,28.090523,28.10015,28.092978,28.128725,28.154625,28.157438,28.20971,28.208746,28.248047,28.259722,28.259974,28.271122,28.288616,28.301315,28.302017,28.294863,28.305716,28.336004,28.40444,28.440273,28.486984,28.532816,28.571833,28.597775,28.619473,28.641985,28.651922,28.664738,28.671974,28.691465,28.71803,28.723495,28.718544,28.721445,28.743383,28.767233,28.786564,28.808226,28.82031,28.835339,28.85773,28.880857,28.894648,28.898836,28.899794,28.901884,28.897856,28.879913,28.885094,28.904074,28.932566,28.950684,28.962294,28.985403,28.997974,28.987284,28.977139,28.967096,28.954288,28.93885,28.92211,28.892246,28.878197,28.881622,28.88317,28.88541,28.913988,28.960651,29.002459,29.024097,29.027378,29.026682,29.027586,29.034313,29.056465,29.08508,29.102644,29.122908,29.12611,29.116518,29.111794,29.088049,29.076525,29.070158,29.044912,29.019676,29.009089,28.989845,28.976639,28.95794,28.934555,28.911415,28.873999,28.816874,28.766132,28.707405,28.63705,28.581284,28.531485,28.469183,28.443869,28.422516,28.381765,28.323702,28.286312,28.230066,28.172705,28.097517,28.050575,28.03578,28.061558,28.126484,28.251074,28.419443,28.481846,28.444305,28.399994,28.38908,28.386013,28.319805,28.336592,28.31689,28.386585,28.41854,28.486282,28.509047,28.47758,28.400246,28.349186,28.355562,28.387444,28.42937,28.39676
