latitude,47.66667,47.75,47.833344,47.91667,48.0,48.083344,48.16667,48.25,48.333344,48.41667,48.5,48.583344,48.66667,48.75,48.833344,48.91667,49.0,49.083344,49.16667,49.25,49.333344,49.41667,49.5,49.583344,49.66667,49.75,49.833344,49.91667,50.0,50.083344,50.16667,50.25,50.333344,50.41667,50.5,50.583344,50.66667,50.75,50.833344,50.91667,51.0,51.083344,51.16667,51.25,51.333344,51.41667,51.5,51.583344,51.66667,51.75,51.833344,51.91667,52.0,52.083344,52.16667,52.25,52.333344,52.41667,52.5,52.583344,52.66667,52.75,52.833344,52.91667,53.0,53.083344,53.16667,53.25,53.333344,53.41667,53.5,53.583344,53.66667,53.75,53.833344,53.91667,54.0,54.083344,54.16667,54.25,54.333344,54.41667,54.5,54.583344,54.66667,54.75,54.833344,54.91667,55.0,55.083344,55.16667,55.25,55.333344,55.41667,55.5,55.583344,55.66667,55.75,55.833344,55.91667,56.0,56.083344,56.16667,56.25,56.333344,56.41667,56.5,56.583344,56.66667,56.75,56.833344,56.91667,57.0,57.083344,57.16667,57.25,57.333344,57.41667,57.5,57.583344,57.66667,57.75,57.833344,57.91667,58.0,58.083344,58.16667,58.25,58.333344,58.41667,58.5,58.583344,58.66667,58.75,58.833344,58.91667,59.0,59.083344,59.16667,59.25,59.333344,59.41667,59.5,59.583344,59.66667,59.75,59.833344,59.91667,60.0,60.083344,60.16667,60.25,60.333344,60.41667,60.5,60.583344,60.66667,60.75,60.833344,60.91667,61.0,61.083344,61.16667,61.25,61.333344,61.41667,61.5,61.583344,61.66667,61.75,61.833344,61.91667,62.0,62.083344,62.16667,62.25,62.333344,62.41667,62.5,62.583344,62.66667,62.75,62.833344,62.91667,63.0,63.083344,63.16667,63.25,63.333344,63.41667,63.5,63.583344,63.66667,63.75,63.833344,63.91667,64.0,64.08334,64.16667,64.25,64.33334,64.41667,64.5,64.58334,64.66667,64.75,64.83334,64.91667,65.0,65.08334,65.16667,65.25,65.33334,65.41667,65.5,65.58334,65.66667,65.75,65.83334,65.91667,66.0,66.08334,66.16667,66.25,66.33334,66.41667,66.5,66.58334,66.66667,66.75,66.83334,66.91667,67.0,67.08334,67.16667,67.25,67.33334,67.41667,67.5,67.58334,67.66667,67.75,67.83334,67.91667,68.0,68.08334,68.16667,68.25,68.33334,68.41667,68.5,68.58334,68.66667,68.75,68.83334,68.91667,69.0,69.08334,69.16667,69.25,69.33334,69.41667,69.5,69.58334,69.66667,69.75,69.83334,69.91667,70.0,70.08334,70.16667,70.25,70.33334,70.41667,70.5,70.58334,70.66667,70.75,70.83334,70.91667,71.0,71.08334,71.16667,71.25,71.33334,71.41667,71.5,71.58334,71.66667,71.75,71.83334,71.91667,72.0,72.08334,72.16667,72.25,72.33334,72.41667,72.5,72.58334,72.66667,72.75,72.83334,72.91667,73.0,73.08334,73.16667,73.25,73.33334,73.41667,73.5,73.58334,73.66667,73.75,73.83334,73.91667,74.0,74.08334,74.16667,74.25,74.33334,74.41667,74.5,74.58334,74.66667,74.75,74.83334,74.91667,75.0,75.08334,75.16667,75.25,75.33334,75.41667,75.5,75.58334,75.66667,75.75,75.83334,75.91667,76.0,76.08334,76.16669,76.25,76.33334,76.41669,76.5,76.58334,76.66669,76.75,76.83334,76.91669,77.0,77.08334,77.16669,77.25,77.33334,77.41669,77.5,77.58334,77.66669,77.75,77.83334,77.91669,78.0,78.08334,78.16669,78.25,78.33334,78.41669,78.5,78.58334,78.66669,78.75,78.83334,78.91669,79.0,79.08334,79.16669,79.25,79.33334,79.41669,79.5,79.58334,79.66669,79.75,79.83334,79.91669,80.0,80.08334,80.16669,80.25,80.33334,80.41669,80.5,80.58334,80.66669,80.75,80.83334,80.91669,81.0,81.08334,81.16669,81.25,81.33334,81.41669,81.5,81.58334,81.66669,81.75,81.83334,81.91669,82.0,82.08334,82.16669,82.25,82.33334,82.41669,82.5,82.58334,82.66669,82.75,82.83334,82.91669,83.0,83.08334,83.16669,83.25,83.33334,83.41669,83.5,83.58334,83.66669,83.75,83.83334,83.91669,84.0,84.08334,84.16669,84.25,84.33334,84.41669,84.5,84.58334,84.66669,84.75,84.83334,84.91669,85.0,85.08334,85.16669,85.25,85.33334,85.41669,85.5,85.58334,85.66669,85.75,85.83334,85.91669,86.0,86.08334,86.16669,86.25,86.33334,86.41669,86.5,86.58334,86.66669,86.75,86.83334,86.91669,87.0,87.08334,87.16669,87.25,87.33334,87.41669,87.5,87.58334,87.66669,87.75,87.83334,87.91669,88.0,88.08334,88.16669,88.25,88.33334,88.41669,88.5,88.58334,88.66669,88.75,88.83334,88.91669,89.0,89.08334,89.16669,89.25,89.33334,89.41669,89.5,89.58334,89.66669,89.75,89.83334,89.91669,90.0,90.08334,90.16669,90.25,90.33334,90.41669,90.5,90.58334,90.66669,90.75,90.83334
25.0,,,,,,,,,,,,,,,,,,,,,,,,,,,,,,,,,,,,,0.025025692,0.053809416,0.040679235,,,,,,,,,0.02633188,0.024578786,0.031854276,0.059465438,,0.0549518,0.06627229,0.04783646,0.06564887,0.06912034,0.10083849,0.11166669,0.109800875,0.11987263,0.07906645,0.061923053,0.059272047,0.0551285,0.060009167,0.082774915,0.084505685,0.08353677,0.07821482,0.07257972,0.10677332,0.12894657,0.10240343,0.07912207,0.059293,0.054225165,0.08222765,0.07901426,0.09468589,0.09645501,0.0822004,0.10268734,0.08253256,0.13658659,0.05523851,0.059487984,0.057290398,0.05250809,,,,,,,,,,,,,,,,,0.054169755,0.17246805,0.25650656,0.1973636,0.062530786,0.06713622,0.14783974,0.13691841,0.08065059,0.09721797,0.13680917,0.14318997,0.11322358,0.09770623,0.10167086,0.105259284,0.11064536,0.11664083,0.1152449,0.11014249,0.110067844,0.11939004,0.13710417,0.15189454,0.15379417,0.14841485,0.14964996,0.17370556,0.25237215,0.41721907,0.47422844,0.37146136,0.25602284,0.20445146,0.20252126,0.16305794,0.06578834,0.045236506,0.1209284,0.24261637,0.33792248,0.40764877,0.43694034,0.44812855,0.4515027,0.45576373,0.4657159,0.47095028,0.46389958,0.44364312,0.4172007,0.39191213,0.3615786,0.305674,0.24740295,0.21896063,0.1832896,0.13975446,0.1050602,0.06466269,0.015699241,0.063488,0.097874165,0.068224266,0.07927572,0.0633578,0.081762426,0.015466522,0.059951253,0.10214585,0.1391047,0.13824362,0.056686524,0.06398817,0.042499285,0.07705116,0.10618801,0.08908888,0.06621234,0.025075464,0.048558194,0.05129578,0.04225759,0.09627794,0.08320544,0.08371131,0.036861353,0.04139941,0.060226675,0.050419763,0.05246936,0.047061533,0.0570305,0.03320728,0.011111652,0.06504675,0.029394586,0.010494111,0.039616473,0.052394617,0.10254681,0.1330752,0.15925863,0.15065394,0.12965466,0.116757974,0.09976589,0.07678129,0.031212026,0.020428613,0.02724211,0.033735186,0.06844051,0.083080605,0.097089365,0.07883446,0.06535261,0.069834895,0.08860488,0.11774756,0.10924438,0.09155529,0.11076086,0.08108575,,,,,,,,,,,,,,,,,,,,,,,,,,,,,,,,,,,,,,,,,,,,,,,,,,,,,,,,,,,,,,,,,,,,,,,,,,,,,,,,,,,,,,,,,,,,,,,,,,,,,,,,,,,,,,,,,,,,,,,,,,,,,,,,,,,,,,,,,,,,,,,,,,,,,,,,,,,,,,,,,,,,,,,,,,,,,,,,,,,,,,,,,,,,,,,,,,,,,,,,,,,,,,,,,,,,,,,,,,,,,,,,,,,,,,,,,,,,,,,,,,,,,,,,,,,,,,,,,,,,,,,,,,,,,,,,,,,,,,,,,,,,,,,,,,
24.916672,,,,,,,,,,,,,,,,,,,,,,,,,,,,,,,,,,,,,,0.042977802,0.028836068,,,,,,,,0.023196531,0.0257537,0.033344265,0.037842255,0.064837866,0.053636648,0.041474015,0.06790139,0.044033464,0.039462887,0.050879855,0.087825514,0.09647579,0.11455312,0.12255384,0.06270581,0.06298162,0.06435987,0.06884677,,0.07104761,0.059180886,0.06300664,0.07107198,0.074497625,0.079726525,0.092547305,0.08323073,0.06493049,0.05352513,0.052063,0.070387654,0.066410065,0.11797546,0.07831885,0.06971904,0.08353105,0.056400612,0.071838535,0.0588005,0.065524615,,,,,,,,,,,,,,,,,,,0.07436095,0.11931305,0.24806203,0.23596175,0.13984999,0.020541834,0.09229546,0.1388217,0.067204766,0.0966528,0.12565841,0.13397326,0.10836867,0.09857011,0.10058417,0.09731496,0.10508009,0.11832804,0.1259817,0.12406367,0.11750495,0.1179852,0.12264319,0.121528104,0.10510044,0.08905114,0.11373878,0.17254187,0.29039982,0.5165769,0.539099,0.38260984,0.19935223,0.10370059,0.16663414,0.18308742,0.13473134,0.19941396,0.34221822,0.45085642,0.5033946,0.5247293,0.5265951,0.5220647,0.51919645,0.5221159,0.5308737,0.5396309,0.54000586,0.5298102,0.5144053,0.50806606,0.50352913,0.4943514,0.47713414,0.45589888,0.43875653,0.40059686,0.3236214,0.22496362,0.15004863,0.12407417,0.09179382,0.068774514,0.06908345,0.074665755,0.083334275,0.107417405,0.16126034,0.17132054,0.19274917,0.19751054,0.19969153,0.18686749,0.17349361,0.17815858,0.15798737,0.1459263,0.13423039,0.12487511,0.10830783,0.09117437,0.07472437,0.06876063,0.06420908,0.055347588,0.033250805,0.03328116,0.05323436,0.07400264,0.081584424,0.08502418,0.105069436,0.12109142,0.1260227,0.12787782,0.13043225,0.13908204,0.15597041,0.17799725,0.19258244,0.18568225,0.1519172,0.111884855,0.107020006,0.10521523,0.097453654,0.08303096,0.057539653,0.02888887,0.0036200534,0.0076724906,0.06412315,0.07853016,0.04106141,0.035382755,0.07621157,0.100928,0.2069812,0.31488237,0.27768376,0.21578008,0.18106489,0.08023553,,,,,,,,,,,,,,,,,,,,,,,,,,,,,,,,,,,,,,,,,,,,,,,,,,,,,,,,,,,,,,,,,,,,,,,,,,,,,,,,,,,,,,,,,,,,,,,,,,,,,,,,,,,,,,,,,,,,,,,,,,,,,,,,,,,,,,,,,,,,,,,,,,,,,,,,,,,,,,,,,,,,,,,,,,,,,,,,,,,,,,,,,,,,,,,,,,,,,,,,,,,,,,,,,,,,,,,,,,,,,,,,,,,,,,,,,,,,,,,,,,,,,,,,,,,,,,,,,,,,,,,,,,,,,,,,,,,,,,,,,,,,,,,,,,
24.833336,,,,,,,,,,,,,,,,,,,,,,,,,,,,,,,,,,,,,,0.04565021,0.02848078,,,,,,,,0.016018601,0.025721757,0.024562893,0.062683895,0.050014287,0.06205939,0.056416593,0.07226666,0.05460832,0.005573412,0.031772364,0.07073867,0.09807986,0.114459746,0.10369297,0.06152568,0.07172286,0.07253101,0.07937018,0.07481011,0.06269291,0.049172986,0.042102966,0.043843865,0.047289845,0.06503185,0.08686219,0.079973854,0.06502038,0.044863984,0.040318727,0.08052246,0.08223976,0.121542536,0.093292326,0.09218592,0.06275313,0.048705816,0.043603864,0.059095006,,,,,,,,,,,,,,,,,,,,0.0436299,0.06481214,0.20012678,0.23191983,0.1899258,0.11632703,0.030896949,0.09565563,0.06261096,0.09592142,0.114454515,0.13030417,0.11261971,0.10422589,0.100873664,0.08637882,0.083957605,0.10010618,0.118704885,0.12321094,0.10912049,0.09084273,0.07228387,0.053654604,0.039865993,0.056775354,0.10871471,0.18182665,0.3360216,0.57861507,0.5588455,0.3637442,0.14642027,0.05495059,0.21039963,0.27416682,0.31311306,0.4227346,0.52018106,0.5509528,0.5484021,0.53824586,0.5313592,0.5293172,0.53083146,0.53521866,0.54578465,0.5550022,0.5610911,0.5605857,0.559344,0.5630985,0.5727789,0.5890572,0.60261625,0.6043904,0.5859092,0.54648596,0.48825222,0.42024025,0.37176883,0.34318274,0.32005364,0.2940762,0.23491499,0.20975938,0.21062475,0.2083954,0.23262672,0.24806882,0.24335112,0.23764971,0.23743714,0.23435882,0.22561276,0.215949,0.21025875,0.207666,0.20318045,0.19649675,0.18592556,0.16986288,0.15771659,0.15403353,0.14133224,0.12574638,0.105508074,0.08377897,0.08179374,0.10024528,0.11996714,0.13851508,0.15718034,0.16834685,0.17071657,0.16958684,0.16738112,0.16816063,0.17449042,0.17387056,0.15276712,0.10857949,0.06803221,0.09055286,0.104015,0.1127158,0.11517108,0.10579424,0.07858335,0.028928885,0.029954838,0.055342752,0.08474875,0.08264719,0.03174307,0.043758657,0.065016635,0.14839487,0.25462502,0.18406759,0.018807344,0.07174579,0.116235055,0.09765611,0.07391351,0.05939264,0.05135026,0.049803197,,,,,,,,,,,,,,,,,,,,,,,,,,,,,,,,,,,,,,,,,,,,,,,,,,,,,,,,,,,,,,,,,,,,,,,,,,,,,,,,,,,,,,,,,,,,,,,,,,,,,,,,,,,,,,,,,,,,,,,,,,,,,,,,,,,,,,,,,,,,,,,,,,,,,,,,,,,,,,,,,,,,,,,,,,,,,,,,,,,,,,,,,,,,,,,,,,,,,,,,,,,,,,,,,,,,,,,,,,,,,,,,,,,,,,,,,,,,,,,,,,,,,,,,,,,,,,,,,,,,,,,,,,,,,,,,,,,,,,,,,,,,,,
24.75,,,,,,,,,,,,,,,,,,,,,,,,,,,,,,,,,,,,,,0.037326787,0.029614408,,,,,,,,0.010446179,0.040396444,,0.070015706,,0.07598527,,0.08545373,0.07591141,0.010475735,0.019668186,0.049526803,0.11085989,0.12210011,0.105140686,0.09796784,0.088196345,0.07984057,0.067285016,0.07656218,0.082588784,0.067717075,0.04397049,0.023441112,0.023457963,0.05686306,0.075686954,0.06188341,0.059524763,0.058220465,0.04465722,0.08547542,0.09063716,0.07241406,0.06074687,0.04664724,0.044076104,0.048296142,0.044327673,,,,,,,,,,,,,,,,,,,,,,0.031020788,0.13309444,0.18834472,0.19379246,0.17270754,0.112316705,0.0221516,0.0789422,0.075847834,0.11576333,0.124805175,0.12731934,0.12282457,0.116956964,0.09016382,0.07139704,0.08130742,0.1053986,0.12178806,0.1102485,0.08136956,0.05009999,0.031004466,0.040072948,0.071288586,0.11704141,0.18756132,0.3651619,0.5942499,0.540083,0.32870764,0.13812172,0.15505564,0.29959828,0.39856982,0.49065882,0.5808658,0.59545285,0.55440676,0.51683426,0.4996561,0.49510667,0.49901447,0.5046421,0.5149431,0.52559066,0.5334856,0.5426571,0.5497214,0.5576606,0.5693022,0.58607763,0.6069631,0.6284805,0.64240456,0.6420807,0.6257626,0.594753,0.55717456,0.5225783,0.49326932,0.4629535,0.4181899,0.36363196,0.30989623,0.25560027,0.2147297,0.19438165,0.1850203,0.17798866,0.18358,0.20386334,0.21412922,0.19917656,0.18726365,0.18320793,0.18423092,0.1941574,0.2077979,0.219161,0.22339846,0.22207832,0.21277592,0.19329879,0.16821933,0.14415462,0.12702172,0.11805439,0.120662704,0.13395405,0.1471097,0.16307165,0.17483152,0.17646961,0.17175733,0.15348276,0.12350787,0.09494158,0.073215105,0.048819005,0.01976,0.047680154,0.07021309,0.09053048,0.12523371,0.12176445,0.113240235,0.12284855,0.08590739,0.028481625,0.018435068,0.04789978,0.051800422,0.040723875,0.043565437,0.033252828,0.05290116,0.09992323,0.12463737,0.15325713,0.12565865,0.14871822,0.120451696,0.037907403,0.06475754,0.057568993,0.044778775,0.033391982,0.025826368,,,,,,,,,,,,,,,,,,,,,,,,,,,,,,,,,,,,,,,,,,,,,,,,,,,,,,,,,,,,,,,,,,,,,,,,,,,,,,,,,,,,,,,,,,,,,,,,,,,,,,,,,,,,,,,,,,,,,,,,,,,,,,,,,,,,,,,,,,,,,,,,,,,,,,,,,,,,,,,,,,,,,,,,,,,,,,,,,,,,,,,,,,,,,,,,,,,,,,,,,,,,,,,,,,,,,,,,,,,,,,,,,,,,,,,,,,,,,,,,,,,,,,,,,,,,,,,,,,,,,,,,,,,,,,,,,,,,,,,,,,,,
24.666672,,,,,,,,,,,,,,,,,,,,,,,,,,,,,,,,,,,,,,,,,,,,,,,0.012287984,0.036891676,0.04377762,0.045996968,0.057868302,0.062163327,0.06175007,0.066049464,0.06974864,0.023453055,0.020699527,0.02450938,0.062548034,0.10520987,0.095989645,0.093510196,0.075466126,0.060399715,0.054419834,0.06484884,0.0776255,0.06386219,0.057220574,0.047148403,0.023438746,0.035187636,0.058569185,0.07887502,0.044677723,0.06260325,0.08002426,0.08060697,0.06897438,0.057595633,0.04846747,0.027813211,0.014879312,0.01879026,0.024236633,,,,,,,,,,,,,,,,,,,,,,0.031121183,0.055789724,0.13445608,0.15526016,0.16944653,0.15368697,0.0914763,0.047302738,0.015118053,0.13728403,0.13827252,0.13501783,0.1357568,0.14059238,0.120167404,0.086278796,0.070912175,0.08896117,0.12360221,0.13158758,0.109382175,0.07645671,0.06557266,0.07282429,0.091169715,0.11478967,0.16970104,0.3614668,0.5781501,0.504623,0.30129373,0.17072424,0.24870941,0.39429066,0.5197678,0.61356384,0.6402413,0.5728543,0.49051493,0.45265836,0.4422479,0.4449436,0.45239604,0.46349505,0.47914597,0.49375495,0.5067852,0.51612985,0.52509445,0.5347708,0.542965,0.5554272,0.57312757,0.59339315,0.6111753,0.62182623,0.6231486,0.6142789,0.5983536,0.57878894,0.55247545,0.5145887,0.46459883,0.4067807,0.34212857,0.26731253,0.19302355,0.12727451,0.06629775,0.010821602,0.046087567,0.089858696,0.11615658,0.08754254,0.036931057,0.092083514,0.13110347,0.1520328,0.17369956,0.20218101,0.22680867,0.24224634,0.24992819,0.24225347,0.2167883,0.17632806,0.13903457,0.123372234,0.11738936,0.12022244,0.13727681,0.14999984,0.16907799,0.18474527,0.19515628,0.19202493,0.163556,0.114217125,0.063779786,0.02751794,0.012872093,0.02556183,0.052109588,0.09785437,0.13447784,0.11520926,0.13935304,0.15977132,0.12022738,0.0801703,0.054542556,0.061125875,0.06332369,0.06115434,0.0663873,0.057201006,0.039357916,0.050361298,0.070493326,0.06461133,0.09664791,0.20266809,0.08138148,0.100026265,0.045397013,0.06316011,0.02177739,0.018559694,0.021634175,,,,,,,,,,,,,,,,,,,,,,,,,,,,,,,,,,,,,,,,,,,,,,,,,,,,,,,,,,,,,,,,,,,,,,,,,,,,,,,,,,,,,,,,,,,,,,,,,,,,,,,,,,,,,,,,,,,,,,,,,,,,,,,,,,,,,,,,,,,,,,,,,,,,,,,,,,,,,,,,,,,,,,,,,,,,,,,,,,,,,,,,,,,,,,,,,,,,,,,,,,,,,,,,,,,,,,,,,,,,,,,,,,,,,,,,,,,,,,,,,,,,,,,,,,,,,,,,,,,,,,,,,,,,,,,,,,,,,,,,,,,,
24.583336,,,,,,,,,,,,,,,,,,,,,,,,,,,,,,,,,,,,,,,,,,,,,,,0.0062963837,0.023246726,0.044424303,0.04593433,0.061279163,0.04407828,0.044648033,0.04952838,0.047727343,0.0444267,0.036880195,0.035046037,0.043408398,0.07070609,0.06977063,0.07863566,0.06010317,0.06379038,0.08185993,,0.061692838,0.06391567,,0.037827354,0.03610005,0.047225513,0.03125883,0.08314474,0.049596265,0.053319048,0.054895923,0.0924294,0.08978712,0.0674839,0.051955193,0.03731763,0.040315844,0.019754304,,,,,,,,,,,,,,,,,,,,,,,,0.033742376,0.08759488,0.09678433,0.11825766,0.16046591,0.1414598,0.02356613,0.05511212,0.0788976,0.14073367,0.14088741,0.13643871,0.14482294,0.14277497,0.122370124,0.095371366,0.059741233,0.051635385,0.075607225,0.091963366,0.0959783,0.094906405,0.1065811,0.11333894,0.111414306,0.14248456,0.3294837,0.53452796,0.4582852,0.27885804,0.22029915,0.33230746,0.48023713,0.6029768,0.66363746,0.6221805,0.50943416,0.42975178,0.40706298,0.4019651,0.40901712,0.42190155,0.4374586,0.45699927,0.47718507,0.49787396,0.51612926,0.5326417,0.5478948,0.56111044,0.57321656,0.5831607,0.5912041,0.5963039,0.59805,0.59568316,0.58652693,0.57212275,0.5545101,0.53119916,0.5007036,0.46262679,0.41946694,0.37069297,0.31484023,0.25416926,0.1876125,0.11564141,0.05293631,0.042974275,0.09902186,0.16045883,0.22721243,0.2809584,0.25600523,0.14015563,0.04246693,0.06946493,0.12093771,0.16551833,0.19803938,0.23305498,0.25516534,0.25120917,0.20940806,0.15346517,0.10406949,0.085384935,0.08168412,0.07529755,0.082164064,0.071633615,0.07227509,0.08629114,0.10178893,0.12157873,0.13289815,0.12278264,0.09886652,0.07848212,0.065956175,0.047409732,0.10400032,0.12355734,0.10750802,0.17166609,0.18340138,0.15203641,0.1291193,0.11902912,0.11006079,0.09458372,0.082930975,0.090926126,0.086959794,0.063473396,0.039460402,0.03966605,0.056197654,0.12693076,0.1746621,0.067434356,0.0562823,0.061138727,0.08679405,0.05500268,0.0126550635,0.02892339,,,,,,,,,,,,,,,,,,,,,,,,,,,,,,,,,,,,,,,,,,,,,,,,,,,,,,,,,,,,,,,,,,,,,,,,,,,,,,,,,,,,,,,,,,,,,,,,,,,,,,,,,,,,,,,,,,,,,,,,,,,,,,,,,,,,,,,,,,,,,,,,,,,,,,,,,,,,,,,,,,,,,,,,,,,,,,,,,,,,,,,,,,,,,,,,,,,,,,,,,,,,,,,,,,,,,,,,,,,,,,,,,,,,,,,,,,,,,,,,,,,,,,,,,,,,,,,,,,,,,,,,,,,,,,,,,,,,,,,,,,,,
24.5,,,,,,,,,,,,,,,,,,,,,,,,,,,,,,,,,,,,,,,,,,,,,,0.012062517,0.0026136108,0.028126074,0.04540232,,0.066296265,0.036650512,0.04265584,0.04748024,0.013007311,0.033621542,,0.017119905,0.011542091,0.04114745,0.029507222,0.068550795,0.056114543,0.05991285,0.074637204,0.0629847,0.053369615,0.075766794,,,0.027846554,0.04520664,0.055203293,0.07921139,0.07642475,0.06612213,0.05707027,0.053395763,0.04996583,0.047243472,0.048688542,0.059673958,0.05413664,0.04594094,,,,,,,,,,,,,,,,,,,,,,,,0.040223297,0.042362154,0.047698908,0.061081737,0.14392824,0.17683597,0.097963914,0.04989074,0.044536658,0.069525026,0.1349674,0.1588995,0.17377068,0.17919774,0.16931802,0.1545332,0.13351636,0.10742183,0.09223701,0.103444785,0.12528561,0.14069337,0.1398698,0.13029373,0.1100742,0.106023416,0.27715966,0.47923258,0.4144072,0.26576993,0.26285052,0.38862383,0.5302511,0.63053703,0.64803886,0.56616277,0.45078653,0.39171,0.3698188,0.36093563,0.36763617,0.37877178,0.39588714,0.4156891,0.43684515,0.460094,0.48303276,0.5053254,0.52641547,0.54736966,0.56910336,0.58901864,0.60535526,0.6163492,0.62207156,0.62180144,0.61351746,0.59640026,0.5700389,0.53555006,0.4935285,0.4426598,0.3850337,0.32604066,0.26892996,0.22117038,0.1749982,0.13880417,0.13028131,0.15625858,0.18406713,0.21017046,0.21931577,0.2482812,0.30419296,0.34341,0.32616153,0.2549824,0.18167402,0.1143626,0.056136653,0.08743549,0.1762384,0.25422397,0.23255078,0.14131436,0.104936816,0.033039134,0.048934877,0.061897162,0.047867183,0.01625826,0.02549734,0.04674722,0.05214297,0.060381796,0.0615339,0.06240743,0.060077924,0.037805066,0.025002852,0.047015246,0.08442296,0.083515875,0.082164794,0.1651553,0.19491093,0.18874505,0.1786116,0.15352093,0.1243631,0.09552704,0.08316922,0.08474445,0.08360712,0.083646394,0.084534295,0.07761697,0.07343115,0.08340999,0.033975203,0.058509402,0.014775837,0.10540245,0.095784664,0.10547158,0.0035799295,0.030337777,0.032856684,,,,,,,,,,,,,,,,,,,,,,,,,,,,,,,,,,,,,,,,,,,,,,,,,,,,,,,,,,,,,,,,,,,,,,,,,,,,,,,,,,,,,,,,,,,,,,,,,,,,,,,,,,,,,,,,,,,,,,,,,,,,,,,,,,,,,,,,,,,,,,,,,,,,,,,,,,,,,,,,,,,,,,,,,,,,,,,,,,,,,,,,,,,,,,,,,,,,,,,,,,,,,,,,,,,,,,,,,,,,,,,,,,,,,,,,,,,,,,,,,,,,,,,,,,,,,,,,,,,,,,,,,,,,,,,,,,,,,,,,,,,
24.416672,,,,,,,,,,,,,,,,,,,,,,,,,,,,,,,,,,,,,,,,,,,,,,0.0046193674,,,0.034778796,0.044086214,0.060075015,0.030303912,0.04978488,0.050163127,0.030484179,0.037249383,0.036143493,0.029045204,0.019755464,0.025742836,0.009938941,0.061377097,0.049184717,0.04804041,0.05778102,0.056252193,0.059930827,0.06879292,0.06413797,0.043193202,0.037418734,0.033102226,0.041760072,0.06539326,0.07760771,0.07020777,0.05358234,0.045942616,0.043687847,0.04239644,0.043277226,0.0496421,,,,,,,,,,,,,,,,,,,,,,,,,,,0.033004165,0.018378235,0.031960763,0.11950006,0.14831235,0.13072805,0.07931962,0.032142997,0.03741617,0.056262854,0.1306109,0.18210721,0.21686725,0.2385421,0.2503914,0.2532228,0.2540595,0.2530344,0.24667464,0.23335423,0.21155131,0.18239689,0.14051577,0.100513145,0.06891512,0.21691114,0.41539076,0.37301466,0.25175875,0.28021163,0.40508565,0.5334066,0.6098919,0.5995591,0.5064615,0.40820956,0.35903075,0.3241952,0.30850795,0.31426412,0.32621256,0.34529218,0.36339918,0.37882534,0.39677843,0.4165551,0.43583855,0.45279837,0.4722635,0.49406216,0.5159081,0.5367934,0.5579113,0.57610774,0.58824164,0.59433454,0.5934303,0.58481926,0.5670385,0.539892,0.5013698,0.44920334,0.381848,0.30472136,0.22717795,0.16280368,0.14899157,0.18025006,0.23848222,0.2823459,0.31647435,0.30727252,0.2978289,0.30800113,0.3526218,0.40861753,0.42587525,0.40198535,0.347526,0.30266914,0.23334259,0.12783048,0.10292048,0.21230711,0.15002874,0.0885231,0.0447236,0.041972537,0.058697872,0.06428634,0.048219375,0.023810051,0.024255194,0.08814065,0.089257106,0.08780829,0.10059003,0.10308125,0.0991429,0.10166455,0.0944173,0.066096775,0.02944033,0.0485166,0.1320709,0.1758364,0.18466616,0.18329744,0.16258207,0.1254806,0.0901291,0.07683838,0.07565235,0.07406984,0.07805458,0.080540515,0.06950932,0.05571941,0.043353163,0.023115141,0.03289485,0.03207685,0.11388425,0.053873982,0.10950743,0.024577916,0.039107546,0.033733554,,,,,,,,,,,,,,,,,,,,,,,,,,,,,,,,,,,,,,,,,,,,,,,,,,,,,,,,,,,,,,,,,,,,,,,,,,,,,,,,,,,,,,,,,,,,,,,,,,,,,,,,,,,,,,,,,,,,,,,,,,,,,,,,,,,,,,,,,,,,,,,,,,,,,,,,,,,,,,,,,,,,,,,,,,,,,,,,,,,,,,,,,,,,,,,,,,,,,,,,,,,,,,,,,,,,,,,,,,,,,,,,,,,,,,,,,,,,,,,,,,,,,,,,,,,,,,,,,,,,,,,,,,,,,,,,,,,,,,,,,,,
24.333336,,,,,,,,,,,,,,,,,,,,,,,,,,,,,,,,,,,,,,,,,,,,,,,,0.024315614,0.015705746,0.029589582,0.06260563,0.038327705,0.04037237,0.04870984,0.03360461,0.011727041,0.045375157,0.044260766,0.032038264,,0.03931148,0.052970286,0.039470773,0.03814341,0.045958135,0.0469048,0.05353682,0.058663834,0.058576804,0.060760897,0.055172835,0.045971394,0.04893561,0.03814894,0.0463078,0.05567079,0.050603837,0.041149344,0.03780844,0.037056647,0.03570676,0.036330096,,,,,,,,,,,,,,,,,,,,,,,,,,,,,0.0229972,0.06658596,0.08526387,0.123535514,0.12395024,0.05798671,0.010142772,0.028617822,0.019154405,0.08806171,0.14825988,0.19727604,0.23479263,0.259534,0.27309263,0.2762227,0.26772484,0.24610269,0.21382657,0.1702267,0.1229493,0.08267291,0.04222529,0.14915814,0.35121393,0.33832338,0.23489408,0.27766374,0.39805093,0.50915647,0.5713593,0.552006,0.4657836,0.38158295,0.32899445,0.2810933,0.26326308,0.2688233,0.27813405,0.2943893,0.31273198,0.3294563,0.34729755,0.36544275,0.38312325,0.39928034,0.41783282,0.43943328,0.45953968,0.47906643,0.5003973,0.5187512,0.5328257,0.54269683,0.5472051,0.54955244,0.5475965,0.53916913,0.5220506,0.49580243,0.45506975,0.40094924,0.32613516,0.22806005,0.14959665,0.13834956,0.22205251,0.314241,0.30905586,0.2595219,0.25157657,0.2725181,0.30813107,0.36412853,0.4236901,0.45662442,0.45375606,0.42519096,0.37262338,0.33557165,0.25472042,0.15966043,0.17007504,0.09603171,0.062430307,0.05103179,0.09267277,0.09783377,0.078318894,0.05464984,0.021347499,0.09819006,0.086334676,0.08807495,0.08817234,0.07970681,0.071565785,0.062022135,0.046857364,0.026461458,0.022717364,0.05118046,0.07170731,0.11643234,0.12693721,0.13645318,0.14294997,0.13625811,0.11150634,0.080344684,0.06740687,0.06475314,0.06334509,0.07062935,0.077359155,0.061794173,0.04165843,0.034563795,0.03127221,0.03135687,0.027764691,0.03845638,0.118150376,0.025163151,0.028825799,0.031892907,,,,,,,,,,,,,,,,,,,,,,,,,,,,,,,,,,,,,,,,,,,,,,,,,,,,,,,,,,,,,,,,,,,,,,,,,,,,,,,,,,,,,,,,,,,,,,,,,,,,,,,,,,,,,,,,,,,,,,,,,,,,,,,,,,,,,,,,,,,,,,,,,,,,,,,,,,,,,,,,,,,,,,,,,,,,,,,,,,,,,,,,,,,,,,,,,,,,,,,,,,,,,,,,,,,,,,,,,,,,,,,,,,,,,,,,,,,,,,,,,,,,,,,,,,,,,,,,,,,,,,,,,,,,,,,,,,,,,,,,,,,
24.25,,,,,,,,,,,,,,,,,,,,,,,,,,,,,,,,,,,,,,,,,,,,,,,,,,,0.075190514,0.061012417,,0.079426296,0.018793248,0.013533155,0.032191895,0.060024768,0.03248747,0.0074648303,0.017250847,0.03537642,0.03446001,0.02868457,0.027324652,0.03355602,0.04267046,0.049474,0.049410764,0.050663453,0.04733552,0.037653584,0.051693097,,,0.036857292,0.03675492,0.032874737,0.034407746,0.031728067,,,,,,,,,,,,,,,,,,,,,,,,,,,,,,,0.015159107,0.022322888,0.06934193,0.11894813,0.12827669,0.09877997,0.08545991,0.06834639,0.044761073,0.0325276,0.050067592,0.092221,0.13141222,0.16260846,0.18230028,0.18787776,0.1809003,0.16485158,0.14198315,0.11394066,0.08494784,0.07328064,0.054026928,0.086357825,0.2823493,0.3082775,0.21439499,0.2574736,0.37803018,0.48183292,0.53609055,0.51982063,0.444854,0.36930382,0.30884418,0.25243703,0.23136011,0.23811153,0.24695715,0.25987765,0.27639425,0.29402056,0.3131472,0.33232108,0.35427836,0.37719846,0.39958876,0.4232324,0.44521454,0.46498963,0.4847938,0.50158745,0.5146077,0.5224652,0.52665836,0.52932537,0.53059274,0.53005385,0.52491677,0.51286656,0.49182397,0.45812762,0.40612775,0.3306379,0.23214637,0.16467598,0.25003996,0.35770157,0.34187374,0.251842,0.19940557,0.18322109,0.20346382,0.2556514,0.32351553,0.38070258,0.41901276,0.42607048,0.39725775,0.35640118,0.32111824,0.2259119,0.180104,0.14677688,0.10425817,0.06540394,0.08431519,0.1215221,0.10820961,0.094605625,0.037156202,0.074910454,0.06197082,0.08093846,0.100928135,0.103526674,0.077218965,0.041763153,0.011914733,0.021616766,0.025623642,0.05464805,0.0143967355,0.07042569,0.09488905,0.10469116,0.10807846,0.11397677,0.12017847,0.096345805,0.075995624,0.065549985,0.056891084,0.05598015,0.06554771,0.07411932,0.062363338,0.056078576,0.042947374,0.03615519,0.046317358,0.0782309,0.1509698,0.014496697,0.04132531,0.036515925,,,,,,,,,,,,,,,,,,,,,,,,,,,,,,,,,,,,,,,,,,,,,,,,,,,,,,,,,,,,,,,,,,,,,,,,,,,,,,,,,,,,,,,,,,,,,,,,,,,,,,,,,,,,,,,,,,,,,,,,,,,,,,,,,,,,,,,,,,,,,,,,,,,,,,,,,,,,,,,,,,,,,,,,,,,,,,,,,,,,,,,,,,,,,,,,,,,,,,,,,,,,,,,,,,,,,,,,,,,,,,,,,,,,,,,,,,,,,,,,,,,,,,,,,,,,,,,,,,,,,,,,,,,,,,,,,,,,,,,,,,,
24.166672,,,,,,,,,,,,,,,,,,,,,,,,,,,,,,,,,,,,,,,,,,,,,,,,,,,0.04776402,0.07382194,0.07302657,0.0695675,0.023430966,0.0141371805,0.020857388,0.047903117,0.02206834,0.009980699,0.0035449183,0.01588618,0.020180421,0.017344672,0.012791768,0.013062604,0.017553756,0.027864067,0.031006256,0.03622611,0.041524302,0.03593587,0.004612154,0.0038331232,0.023224918,0.03073521,0.03213216,0.026610564,0.03057405,,,,,,,,,,,,,,,,,,,,,,,,,,,,,,,,,0.011353561,0.01873253,0.06887055,0.073753215,0.06953615,0.09220774,0.10905012,0.110282116,0.0900756,0.0656034,0.052744932,0.05620777,0.06823055,0.079777434,0.08552052,0.08315691,0.07730182,0.072467506,0.06565772,0.064754695,0.08559304,0.07976153,0.026421672,0.2004761,0.27459815,0.19841628,0.23407562,0.35192096,0.45521516,0.5095806,0.5058276,0.4446392,0.37849164,0.31220755,0.24106483,0.20249167,0.20360073,0.21517299,0.22806457,0.24402554,0.26132232,0.2802476,0.30043122,0.32336488,0.34763184,0.3702754,0.3954203,0.4201077,0.44184342,0.46347168,0.48325768,0.49980327,0.51178867,0.51885176,0.5241429,0.5259217,0.52661645,0.5253401,0.52017117,0.50691515,0.48488146,0.4488017,0.39647907,0.3076663,0.2126743,0.2504188,0.358698,0.36247852,0.28266853,0.21236965,0.1521375,0.107306994,0.11422181,0.17127647,0.24283217,0.3068742,0.34027493,0.34020847,0.32706654,0.31996477,0.2739725,0.1985025,0.17466311,0.15126568,0.096732624,0.06768269,0.10302431,0.12880473,0.113830805,0.01843976,0.023655934,0.048149157,0.088676035,0.1265794,0.13363802,0.108476,0.06634939,0.042940885,0.028738935,0.04318119,0.02362333,0.06705836,0.103711344,0.11239146,0.103468776,0.0931462,0.08151141,0.07740809,0.089456216,0.08254199,0.076285616,0.063618146,0.05317427,0.051441792,0.060719263,0.065809965,0.061754193,0.05640591,0.038791634,0.052076284,0.06619948,0.11497148,0.041976,0.03813447,0.035654653,0.03335928,,,,,,,,,,,,,,,,,,,,,,,,,,,,,,,,,,,,,,,,,,,,,,,,,,,,,,,,,,,,,,,,,,,,,,,,,,,,,,,,,,,,,,,,,,,,,,,,,,,,,,,,,,,,,,,,,,,,,,,,,,,,,,,,,,,,,,,,,,,,,,,,,,,,,,,,,,,,,,,,,,,,,,,,,,,,,,,,,,,,,,,,,,,,,,,,,,,,,,,,,,,,,,,,,,,,,,,,,,,,,,,,,,,,,,,,,,,,,,,,,,,,,,,,,,,,,,,,,,,,,,,,,,,,,,,,,,,,,,,,,,
24.083336,,,,,,,,,,,,,,,,,,,,,,,,,,,,,,,,,,,,,,,,,,,,,,,,,,,0.004262233,0.03128644,0.036658756,0.043805666,0.03218701,0.018209273,0.0046074865,0.021969229,,,,,,,,,,,,,0.041159324,0.050106592,0.05099351,0.034583557,0.027399909,0.034143828,,,,,,,,,,,,,,,,,,,,,,,,,,,,,,,,,,,,,0.024486559,0.037205387,0.030513091,0.030694174,0.042900234,0.048504613,0.04767909,0.04792946,0.049592692,0.043464623,0.0348142,0.025794681,0.025807304,0.03236405,0.040563207,0.04124592,0.038097013,0.04443326,0.065328605,0.09670024,0.09531061,0.040723324,0.10779029,0.22742146,0.19467564,0.20259534,0.31664345,0.42622733,0.49573246,0.50410086,0.45824572,0.39989436,0.33444917,0.25344005,0.1947122,0.18248664,0.1901234,0.2019087,0.2170131,0.23515363,0.25568503,0.2789668,0.30274975,0.32855335,0.35431072,0.3804115,0.40481716,0.42649394,0.44762582,0.4681016,0.48678452,0.5067947,0.52054214,0.5322776,0.5393176,0.5436951,0.5443648,0.5412476,0.5302625,0.51039076,0.47612596,0.4319092,0.36314076,0.26405808,0.24420325,0.3332871,0.36668321,0.30123028,0.23938736,0.1851267,0.119799666,0.05088756,0.023068355,0.09658043,0.1610459,0.20799957,0.24662745,0.269954,0.28495768,0.27835384,0.22463337,0.18319117,0.17221348,0.13293454,0.06864925,0.08286532,0.13614073,0.10827811,0.0329897,0.04574212,0.058306847,0.09464074,0.13274826,0.14879286,0.1352087,0.09294028,0.03316419,0.030558519,0.041742753,0.046282057,0.07803674,0.11348027,0.13364321,0.13254355,0.11268969,0.0799543,0.046568155,0.036500107,0.073639825,0.08805953,0.08419446,0.06809899,0.05736056,0.05259148,0.052269943,0.054264672,0.056462813,0.044879142,0.028329285,0.05037354,0.065145776,0.055380262,0.039549302,0.029442716,0.028583141,,,,,,,,,,,,,,,,,,,,,,,,,,,,,,,,,,,,,,,,,,,,,,,,,,,,,,,,,,,,,,,,,,,,,,,,,,,,,,,,,,,,,,,,,,,,,,,,,,,,,,,,,,,,,,,,,,,,,,,,,,,,,,,,,,,,,,,,,,,,,,,,,,,,,,,,,,,,,,,,,,,,,,,,,,,,,,,,,,,,,,,,,,,,,,,,,,,,,,,,,,,,,,,,,,,,,,,,,,,,,,,,,,,,,,,,,,,,,,,,,,,,,,,,,,,,,,,,,,,,,,,,,,,,,,,,,,,,,,,,,,
24.0,,,,,,,,,,,,,,,,,,,,,,,,,,,,,,,,,,,,,,,,,,,,,,,,,,,0.02347281,0.030708468,0.026609391,0.021484973,0.018028975,0.015770901,0.012615441,,,,,,,,,,,,,,,,,,,,,,,,,,,,,,,,,,,,,,,,,,,,,,,,,,,,,,,,,0.027858797,0.006938688,0.011730355,0.020837221,0.035489142,0.027578333,0.027112935,0.024006791,0.028788062,0.03490751,0.027688626,0.025273077,0.034435455,0.045584455,0.044334576,0.041078757,0.05210634,0.07799457,0.10782485,0.11409958,0.09066555,0.029587531,0.14894797,0.18617582,0.16598596,0.26999477,0.39167044,0.47889504,0.50708497,0.48274153,0.4334877,0.372224,0.28822395,0.21170354,0.17827845,0.17864138,0.19146848,0.20565689,0.22230996,0.24264885,0.2642279,0.2880278,0.31423575,0.33548528,0.35177246,0.3658644,0.38021865,0.39853463,0.42153892,0.4486812,0.47803238,0.50487614,0.5280652,0.5458668,0.5574147,0.5617791,0.5597616,0.54999995,0.52850604,0.4972006,0.45358703,0.39690953,0.31581485,0.24767724,0.2828493,0.34343535,0.30719757,0.2605085,0.22195601,0.1776854,0.13274612,0.08550733,0.045778427,0.056106575,0.11499511,0.18292633,0.23305455,0.26322952,0.2787831,0.25228396,0.20021883,0.18748991,0.17450091,0.09223719,0.08235701,0.13517156,0.110114686,0.087574266,0.0852448,0.076773144,0.092407435,0.1217576,0.14501539,0.14991798,0.12242043,0.08190163,0.06810505,0.059806485,0.05779514,0.06526799,0.08745522,0.11506733,0.1218266,0.118397444,0.10341207,0.07829328,0.03646853,0.042998165,0.08859447,0.108068146,0.09680153,0.07565923,0.06597696,0.051859833,0.046314623,0.049575515,0.047820136,0.045014556,0.07252166,0.055964556,0.06751097,0.036234558,0.027595127,0.0234692,0.014313603,,,,,,,,,,,,,,,,,,,,,,,,,,,,,,,,,,,,,,,,,,,,,,,,,,,,,,,,,,,,,,,,,,,,,,,,,,,,,,,,,,,,,,,,,,,,,,,,,,,,,,,,,,,,,,,,,,,,,,,,,,,,,,,,,,,,,,,,,,,,,,,,,,,,,,,,,,,,,,,,,,,,,,,,,,,,,,,,,,,,,,,,,,,,,,,,,,,,,,,,,,,,,,,,,,,,,,,,,,,,,,,,,,,,,,,,,,,,,,,,,,,,,,,,,,,,,,,,,,,,,,,,,,,,,,,,,,,,,,,,,
23.916672,,,,,,,,,,,,,,,,,,,,,,,,,,,,,,,,,,,,,,,,,,,,,,,,,,,,,,,,,,,,,,,,,,,,,,,,,,,,,,,,,,,,,,,,,,,,,,,,,,,,,,,,,,,,,,,,,,,,0.012828305,0.017565634,0.02176431,0.018841473,0.023213083,0.01633771,0.024748065,0.024964644,0.017309776,0.0100935185,0.029582676,0.059663087,0.06444251,0.058843337,0.06140817,0.080633774,0.113568276,0.12932906,0.12835117,0.09963085,0.055772018,0.14609237,0.14414982,0.20584516,0.34468976,0.4513821,0.50671285,0.50841206,0.47055063,0.41690007,0.33465904,0.2482344,0.19089901,0.17424862,0.1778894,0.193566,0.211124,0.22913031,0.24820168,0.26559308,0.2807761,0.28906918,0.2898272,0.29098147,0.3000714,0.3199681,0.3503584,0.38786283,0.43032867,0.47475117,0.5159617,0.5494915,0.57097095,0.57923603,0.576857,0.5632736,0.5396603,0.50789577,0.46395868,0.4095449,0.34318393,0.25108752,0.23335151,0.29079595,0.2778519,0.24842912,0.22091791,0.19209476,0.1555977,0.10665606,0.06253751,0.09047235,0.14942788,0.20122959,0.24232468,0.26053363,0.26578718,0.24174973,0.18773405,0.18721074,0.21336119,0.13693652,0.104885094,0.14136703,0.1436898,0.1459347,0.13542493,0.10330586,0.09628844,0.11387858,0.12781125,0.1379633,0.12714005,0.1001563,0.072798595,0.070903555,0.10177124,0.114383325,0.16625044,0.16189218,0.112183526,0.069547944,0.06756078,0.09652282,0.09804228,0.06116167,0.08329693,0.12612154,0.12710275,0.09903165,0.07728976,0.057435106,0.042869166,0.04470119,0.051178202,0.04771211,0.03353617,0.03626505,0.05353281,0.016522473,0.03455117,0.023608852,0.008039795,0.012137592,,,,,,,,,,,,,,,,,,,,,,,,,,,,,,,,,,,,,,,,,,,,,,,,,,,,,,,,,,,,,,,,,,,,,,,,,,,,,,,,,,,,,,,,,,,,,,,,,,,,,,,,,,,,,,,,,,,,,,,,,,,,,,,,,,,,,,,,,,,,,,,,,,,,,,,,,,,,,,,,,,,,,,,,,,,,,,,,,,,,,,,,,,,,,,,,,,,,,,,,,,,,,,,,,,,,,,,,,,,,,,,,,,,,,,,,,,,,,,,,,,,,,,,,,,,,,,,,,,,,,,,,,,,,,,,,,,,,,,,,
23.833336,,,,,,,,,,,,,,,,,,,,,,,,,,,,,,,,,,,,,,,,,,,,,,,,,,,,,,,,,,,,,,,,,,,,,,,,,,,,,,,,,,,,,,,,,,,,,,,,,,,,,,,,,,,,,,,,,,,,,,0.014362209,0.015585791,0.018353013,0.01029407,0.01797074,0.018832467,0.023127813,0.029726386,0.03547978,0.03545479,0.040841985,0.04717572,0.05206071,0.07205105,0.107961096,0.13398755,0.14987496,0.16215068,0.107436284,0.052180108,0.099695526,0.13509373,0.27705494,0.41264978,0.5014185,0.53075767,0.509311,0.46217525,0.38665742,0.29627106,0.22023278,0.177059,0.17103486,0.18388537,0.1981751,0.21305327,0.22524633,0.23075862,0.23209053,0.22570162,0.21324569,0.20524488,0.21212393,0.2346539,0.26998237,0.31401834,0.36810392,0.42876422,0.48783296,0.537281,0.5702043,0.58467776,0.58429414,0.57115877,0.5475734,0.5118761,0.46165833,0.40710023,0.3445593,0.2600788,0.22181827,0.2519442,0.24738124,0.21779771,0.18474525,0.16041957,0.15910134,0.16058666,0.18677746,0.2022595,0.21110913,0.22007623,0.2308491,0.22955462,0.22145449,0.20554104,0.16796014,0.18328962,0.24496444,0.19445994,0.14516257,0.16376734,0.18648787,0.19816525,0.17349152,0.115402274,0.11964103,0.14179204,0.13800578,0.13077596,0.11798827,0.13164113,0.18763147,0.24571821,0.24314483,0.25186834,0.30779177,0.25914165,0.18052058,0.09995166,0.016700163,0.0722015,0.12887466,0.12570664,0.08106632,0.09332751,0.1235661,0.11108039,0.067786716,0.05079021,0.04238281,0.047458194,0.061713442,0.055783287,0.035026196,0.030386351,0.020974236,0.048704598,0.06290759,0.05514309,0.014940392,0.015266453,0.015026609,,,,,,,,,,,,,,,,,,,,,,,,,,,,,,,,,,,,,,,,,,,,,,,,,,,,,,,,,,,,,,,,,,,,,,,,,,,,,,,,,,,,,,,,,,,,,,,,,,,,,,,,,,,,,,,,,,,,,,,,,,,,,,,,,,,,,,,,,,,,,,,,,,,,,,,,,,,,,,,,,,,,,,,,,,,,,,,,,,,,,,,,,,,,,,,,,,,,,,,,,,,,,,,,,,,,,,,,,,,,,,,,,,,,,,,,,,,,,,,,,,,,,,,,,,,,,,,,,,,,,,,,,,,,,,,,,,,,,,,
23.75,,,,,,,,,,,,,,,,,,,,,,,,,,,,,,,,,,,,,,,,,,,,,,,,,,,,,,,,,,,,,,,,,,,,,,,,,,,,,,,,,,,,,,,,,,,,,,,,,,,,,,,,,,,,,,,,,,,,,,,,,0.011474064,0.016187325,0.020330112,0.016747577,0.010514132,0.0121206,0.010639838,0.015960872,0.03282295,0.039461628,0.06016057,0.097661875,0.13034005,0.15554576,0.19571054,0.18623641,0.09703458,0.037682876,0.07853043,0.20604761,0.3594817,0.4842901,0.54608375,0.5455528,0.5072781,0.44018024,0.35337457,0.26496077,0.19565284,0.17100249,0.17566916,0.1862935,0.19366677,0.19643268,0.18766667,0.17029051,0.14429246,0.116786115,0.10667183,0.12867324,0.16711839,0.21253565,0.26085886,0.32036772,0.39053202,0.46310484,0.52610826,0.5702679,0.5923411,0.59135264,0.5749092,0.5449401,0.5075707,0.45555407,0.39472157,0.33378714,0.2601359,0.21005398,0.22202925,0.24407513,0.23466247,0.20794293,0.1920831,0.22480352,0.22799106,0.19618656,0.16113512,0.1512889,0.15186279,0.16199389,0.17048997,0.1735976,0.17026506,0.15576969,0.1708433,0.25430515,0.25298396,0.20187469,0.19512239,0.21184999,0.21397288,0.1640213,0.06513479,0.10945315,0.15389895,0.13677329,0.105994746,0.12023929,0.22311153,0.29785505,0.27680105,0.20617318,0.2903281,0.32223606,0.30057415,0.24995975,0.16819255,0.07638519,0.029564347,0.11525152,0.15649684,0.120030224,0.03893422,0.09779903,0.14639893,0.07790715,0.045743458,0.0376121,0.037578966,0.05584467,0.056087133,0.055970997,0.05149459,0.03314753,0.07982131,0.1098253,0.1107598,0.027974393,0.01717367,0.015023241,0.014508483,0.018847214,0.019425303,0.019717239,0.022467103,,,,,,,,,,,,,,,,,,,,,,,,,,,,,,,,,,,,,,,,,,,,,,,,,,,,,,,,,,,,,,,,,,,,,,,,,,,,,,,,,,,,,,,,,,,,,,,,,,,,,,,,,,,,,,,,,,,,,,,,,,,,,,,,,,,,,,,,,,,,,,,,,,,,,,,,,,,,,,,,,,,,,,,,,,,,,,,,,,,,,,,,,,,,,,,,,,,,,,,,,,,,,,,,,,,,,,,,,,,,,,,,,,,,,,,,,,,,,,,,,,,,,,,,,,,,,,,,,,,,,,,,,,,,,,,,,,
23.666672,,,,,,,,,,,,,,,,,,,,,,,,,,,,,,,,,,,,,,,,,,,,,,,,,,,,,,,,,,,,,,,,,,,,,,,,,,,,,,,,,,,,,,,,,,,,,,,,,,,,,,,,,,,,,,,,,,,,,,,,,,,,,0.01189737,0.01084042,0.0062594116,0.016764179,0.015661031,0.012428774,0.034807432,0.086573906,0.115365416,0.15449138,0.21270503,0.23965089,0.17561732,0.09355508,0.08202805,0.16748954,0.30775502,0.4529294,0.5481545,0.5745198,0.54730046,0.48660925,0.40642777,0.3156457,0.22807163,0.17756733,0.17238586,0.17649873,0.17346762,0.16854145,0.15104443,0.12062374,0.07535811,0.023647461,0.048233166,0.10353079,0.15661497,0.20281668,0.24748383,0.30215484,0.36996317,0.4432791,0.51129776,0.56266123,0.59283704,0.59103596,0.57241005,0.5390964,0.49678367,0.44253,0.38227203,0.314562,0.24463972,0.18988752,0.17464353,0.22764231,0.25656727,0.23496182,0.21899444,0.20343274,0.17318939,0.16083568,0.16266681,0.14824072,0.11831872,0.10216195,0.11228322,0.12895684,0.1382492,0.13929115,0.1573514,0.23420978,0.28002653,0.25278077,0.22392948,0.22085805,0.21842471,0.15738922,0.041005086,0.07523506,0.13663758,0.10942865,0.06677441,0.14119636,0.21326278,0.2211557,0.14555898,0.15732375,0.20599504,0.26488566,0.3047216,0.30914247,0.24097243,0.13701153,0.04464019,0.07718012,0.14627074,0.1409199,0.059566688,0.10124151,0.1397759,0.073099,0.072847374,0.06350071,0.035166778,0.04133333,0.03740108,0.036351923,0.046736095,0.027302114,0.072280064,0.08276646,0.13654184,0.052097324,0.02430196,0.017261716,0.019546503,0.015970325,0.016649278,0.018116986,0.027365813,0.032538608,0.037472453,,,0.011754787,0.010770199,,,,,,,,,,,,,,,,,,,,,,,,,,,,,,,,,,,,,,,,,,,,,,,,,,,,,,,,,,,,,,,,,,,,,,,,,,,,,,,,,,,,,,,,,,,,,,,,,,,,,,,,,,,,,,,,,,,,,,,,,,,,,,,,,,,,,,,,,,,,,,,,,,,,,,,,,,,,,,,,,,,,,,,,,,,,,,,,,,,,,,,,,,,,,,,,,,,,,,,,,,,,,,,,,,,,,,,,,,,,,,,,,,,,,,,,,,,,,,,,,,,,,,,,,,,,,,,,,,,,,,,,,,,,
23.583336,,,,,,,,,,,,,,,,,,,,,,,,,,,,,,,,,,,,,,,,,,,,,,,,,,,,,,,,,,,,,,,,,,,,,,,,,,,,,,,,,,,,,,,,,,,,,,,,,,,,,,,,,,,,,,,,,,,,,,,,,,,,,,,,,0.013275822,0.014032534,0.029975258,0.056550942,0.06302666,0.13517982,0.21069422,0.25341356,0.21915033,0.1543336,0.14137578,0.18657528,0.2897415,0.42652273,0.5406757,0.59633106,0.5848327,0.53087366,0.45646927,0.3676602,0.27201495,0.19778192,0.17147264,0.16654211,0.16474833,0.15330115,0.13336292,0.102022424,0.06747177,0.05507544,0.08804058,0.13618754,0.18698154,0.23405229,0.27627817,0.3319728,0.39500743,0.46543393,0.53339934,0.57909536,0.6002646,0.5956225,0.56995344,0.529737,0.48597,0.4291,0.36662632,0.29499203,0.22773474,0.17837982,0.118378006,0.16919895,0.24678552,0.23981558,0.21879877,0.20204394,0.19333094,0.19546866,0.19177417,0.17300117,0.12891978,0.07739639,0.06244169,0.10181217,0.12739944,0.13113064,0.1536018,0.20024796,0.26515737,0.28089127,0.25425,0.23555286,0.21472557,0.1617498,0.09134094,0.064230524,0.107634574,0.07440855,0.034578186,0.12650457,0.09494344,0.099498786,0.12225454,0.1442901,0.16465563,0.19389486,0.22722124,0.2817406,0.28912252,0.19671558,0.09373576,0.04246365,0.11773779,0.13261573,0.08277724,0.09520389,0.09000968,0.085546434,0.08200515,0.10294919,0.05541905,0.032277748,0.028774222,0.030154752,0.033799496,0.02443627,0.053118803,0.10819691,0.057358503,0.060209237,0.045465752,0.042403948,0.032121588,0.018126277,0.00948328,0.019804081,0.031881757,0.03168942,0.04190643,,,0.010337994,0.008578292,,,,,,,,,,,,,,,,,,,,,,,,,,,,,,,,,,,,,,,,,,,,,,,,,,,,,,,,,,,,,,,,,,,,,,,,,,,,,,,,,,,,,,,,,,,,,,,,,,,,,,,,,,,,,,,,,,,,,,,,,,,,,,,,,,,,,,,,,,,,,,,,,,,,,,,,,,,,,,,,,,,,,,,,,,,,,,,,,,,,,,,,,,,,,,,,,,,,,,,,,,,,,,,,,,,,,,,,,,,,,,,,,,,,,,,,,,,,,,,,,,,,,,,,,,,,,,,,,,,,,,,,,,,,
23.5,,,,,,,,,,,,,,,,,,,,,,,,,,,,,,,,,,,,,,,,,,,,,,,,,,,,,,,,,,,,,,,,,,,,,,,,,,,,,,,,,,,,,,,,,,,,,,,,,,,,,,,,,,,,,,,,,,,,,,,,,,,,,,,,,,,,,,,0.1986997,0.26005155,0.2446566,0.2084543,0.21972317,0.25647393,0.32327121,0.42412,0.5328479,0.60628545,0.6131311,0.5679068,0.4996134,0.41800135,0.32196784,0.23249364,0.18036118,0.16417462,0.1604236,0.15889804,0.1491511,0.13584971,0.12806109,0.13617891,0.16149065,0.19718793,0.23970068,0.28412914,0.32901654,0.38513073,0.45198965,0.5212018,0.584267,0.6168206,0.6292545,0.61743593,0.5844601,0.5348315,0.47916174,0.4195508,0.3517329,0.2793653,0.2141381,0.15312207,0.09932283,0.118315354,0.19292597,0.22524793,0.24604873,0.23735808,0.22027023,0.20780481,0.20546229,0.18946648,0.15079835,0.09959255,0.032114435,0.057301793,0.11317197,0.14343296,0.1594291,0.18497822,0.23048438,0.26662865,0.2703614,0.2541943,0.22457808,0.1807221,0.1290668,0.08479475,0.08750601,0.04091526,0.04505915,0.11402844,0.11761159,0.050655812,0.20083204,0.14867373,0.16919807,0.173962,0.17270474,0.19227915,0.2451989,0.22557215,0.1321947,0.04874534,0.08377745,0.11644037,0.09246775,0.0658781,0.07316064,0.074452385,0.10154241,0.14602327,0.10056887,0.054802023,0.026344977,0.036802158,0.040404424,0.03821393,0.044724334,0.12273458,0.0409484,0.036525693,0.050004702,0.04543444,0.031112153,0.022137351,0.014091511,0.0165234,0.026553199,0.03189382,0.036266502,0.03509513,0.018256113,0.0073823743,,,,,,,,,,,,,,,,,,,,,,,,,,,,,,,,,,,,,,,,,,,,,,,,,,,,,,,,,,,,,,,,,,,,,,,,,,,,,,,,,,,,,,,,,,,,,,,,,,,,,,,,,,,,,,,,,,,,,,,,,,,,,,,,,,,,,,,,,,,,,,,,,,,,,,,,,,,,,,,,,,,,,,,,,,,,,,,,,,,,,,,,,,,,,,,,,,,,,,,,,,,,,,,,,,,,,,,,,,,,,,,,,,,,,,,,,,,,,,,,,,,,,,,,,,,,,,,,,,,,,,,,,,,,,
23.416672,,,,,,,,,,,,,,,,,,,,,,,,,,,,,,,,,,,,,,,,,,,,,,,,,,,,,,,,,,,,,,,,,,,,,,,,,,,,,,,,,,,,,,,,,,,,,,,,,,,,,,,,,,,,,,,,,,,,,,,,,,,,,,,,,,,,,,,0.140486,0.21920545,0.1871664,0.19397998,0.23879191,0.28748935,0.3637313,0.450872,0.53654945,0.6102565,0.6341686,0.59950566,0.5365178,0.46051535,0.36848417,0.27511016,0.20634037,0.17544846,0.16643265,0.16881986,0.17592692,0.1840021,0.19684961,0.21751441,0.24626297,0.28111085,0.32086408,0.3674421,0.42536792,0.48925382,0.5588148,0.6213399,0.66642725,0.6848879,0.67906207,0.6502583,0.60692364,0.54805505,0.4838486,0.41296858,0.3424044,0.269978,0.1983456,0.12967622,0.087504104,0.089048155,0.14235424,0.20975173,0.2581471,0.24482082,0.22019224,0.19632992,0.19085614,0.18243559,0.15749367,0.12414313,0.07947718,0.019054305,0.057672348,0.12568082,0.16717231,0.19119838,0.21813132,0.24431472,0.2624248,0.25962058,0.23391372,0.19678874,0.14735031,0.103632756,0.105323486,0.07779024,0.08988248,0.13117017,0.23875862,0.035767995,0.19355614,0.16835445,0.21017905,0.21668893,0.1966557,0.14815544,0.14461614,0.21810153,0.173217,0.063427255,0.046847973,0.11238149,0.10888517,0.07359304,0.0876782,0.0678474,0.12583838,0.16313274,0.12900452,0.10603403,0.03588812,0.048036635,0.04538576,0.05892995,0.06509957,0.055156436,0.037168253,0.037141696,0.046375997,0.04321041,0.030407107,0.020932788,0.01823741,0.015090776,0.028124869,0.034811847,0.033656865,0.035935357,0.029208224,0.009306191,0.011494666,,,,,,,,,,,,,,,,,,,,,,,,,,,,,,,,,,,,,,,,,,,,,,,,,,,,,,,,,,,,,,,,,,,,,,,,,,,,,,,,,,,,,,,,,,,,,,,,,,,,,,,,,,,,,,,,,,,,,,,,,,,,,,,,,,,,,,,,,,,,,,,,,,,,,,,,,,,,,,,,,,,,,,,,,,,,,,,,,,,,,,,,,,,,,,,,,,,,,,,,,,,,,,,,,,,,,,,,,,,,,,,,,,,,,,,,,,,,,,,,,,,,,,,,,,,,,,,,,,,,,,,,,,,,
23.333336,,,,,,,,,,,,,,,,,,,,,,,,,,,,,,,,,,,,,,,,,,,,,,,,,,,,,,,,,,,,,,,,,,,,,,,,,,,,,,,,,,,,,,,,,,,,,,,,,,,,,,,,,,,,,,,,,,,,,,,,,,,,,,,,,,,,,,,,0.17080398,0.177462,0.18370095,0.21848023,0.2593974,0.35170275,0.4606883,0.5451002,0.60993356,0.64125884,0.6207567,0.5615422,0.49193212,0.40989926,0.32649022,0.25566426,0.21607363,0.20058778,0.20440985,0.2201335,0.23927447,0.26441458,0.2984242,0.3400473,0.38610497,0.4382812,0.4981635,0.5649468,0.63025707,0.689245,0.7328307,0.7553198,0.7537623,0.730833,0.6882368,0.6365902,0.57005274,0.49543577,0.41628408,0.33890903,0.26560533,0.19412008,0.12375679,0.06795168,0.05258724,0.087780654,0.17544807,0.23580067,0.23421578,0.2202453,0.1972649,0.17516609,0.16382125,0.13736726,0.10565458,0.07051904,0.042971775,0.029903987,0.07318731,0.13442293,0.17432177,0.20567742,0.23099457,0.25022253,0.25351042,0.23403534,0.20161428,0.14929973,0.083628386,0.06421514,0.029106028,0.1579792,0.2732833,0.32100064,0.14700718,0.16136198,0.22171484,0.24533094,0.24349846,0.20950128,0.1500566,0.074699245,0.15168136,0.22110207,0.117075324,0.007224789,0.11255894,0.13618231,0.04461859,0.033293035,0.08059041,0.102086954,0.14053921,0.14206152,0.1880126,0.08400584,0.05722977,0.048967868,0.06389582,0.074200474,0.027264131,0.0476092,0.042512268,0.04250226,0.037829127,0.029945228,0.01896192,0.017874897,0.022000616,0.024632141,0.037259396,0.036876246,0.04080756,0.03322028,0.01975573,0.010139148,,,,,,,,,,,,,,,,,,,,,,,,,,,,,,,,,,,,,,,,,,,,,,,,,,,,,,,,,,,,,,,,,,,,,,,,,,,,,,,,,,,,,,,,,,,,,,,,,,,,,,,,,,,,,,,,,,,,,,,,,,,,,,,,,,,,,,,,,,,,,,,,,,,,,,,,,,,,,,,,,,,,,,,,,,,,,,,,,,,,,,,,,,,,,,,,,,,,,,,,,,,,,,,,,,,,,,,,,,,,,,,,,,,,,,,,,,,,,,,,,,,,,,,,,,,,,,,,,,,,,,,,,,,,
23.25,,,,,,,,,,,,,,,,,,,,,,,,,,,,,,,,,,,,,,,,,,,,,,,,,,,,,,,,,,,,,,,,,,,,,,,,,,,,,,,,,,,,,,,,,,,,,,,,,,,,,,,,,,,,,,,,,,,,,,,,,,,,,,,,,,,,,,,,,0.09942615,0.11528982,0.16702388,0.20207956,0.30021995,0.4329979,0.5379244,0.6039923,0.638282,0.6271851,0.57485586,0.50938094,0.44098788,0.37432826,0.31973246,0.2860272,0.27404284,0.28097683,0.30477166,0.33545077,0.36857557,0.4121526,0.46678042,0.52709025,0.5905526,0.6561012,0.71677786,0.7700493,0.80959696,0.8294295,0.8294514,0.80740565,0.76848096,0.7153069,0.65404236,0.58574045,0.5094957,0.4248294,0.34212852,0.2673527,0.20101714,0.1412861,0.088083826,0.037230335,0.037566308,0.14344916,0.21357244,0.21552147,0.22548497,0.21319398,0.17590828,0.16669576,0.14512299,0.105435885,0.061669346,0.02077546,0.012097253,0.05157594,0.10019222,0.13948514,0.17381288,0.20581922,0.23096037,0.2412102,0.22946763,0.20320341,0.13940291,0.060233854,0.12362036,0.28932008,0.35264313,0.3669715,0.20782247,0.1479109,0.20044285,0.23843203,0.24540499,0.23596123,0.20504424,0.13857087,0.023493232,0.057583753,0.227697,0.18774517,0.08986522,0.0638754,0.111703135,0.07952417,0.07179367,0.123097576,0.09519432,0.1295808,0.18586373,0.25782207,0.13330452,0.07942795,0.077271424,0.082201876,0.056746952,0.06517066,0.061016984,0.04344009,0.03908327,0.0329699,0.028988073,0.021805571,0.022796018,0.03170012,0.032272123,0.03659534,0.03453125,0.039167598,0.031457197,0.027067466,0.007984341,0.009722523,,,,,,,,,,,,,,,,,,,,,,,,,,,,,,,,,,,,,,,,,,,,,,,,,,,,,,,,,,,,,,,,,,,,,,,,,,,,,,,,,,,,,,,,,,,,,,,,,,,,,,,,,,,,,,,,,,,,,,,,,,,,,,,,,,,,,,,,,,,,,,,,,,,,,,,,,,,,,,,,,,,,,,,,,,,,,,,,,,,,,,,,,,,,,,,,,,,,,,,,,,,,,,,,,,,,,,,,,,,,,,,,,,,,,,,,,,,,,,,,,,,,,,,,,,,,,,,,,,,,,,,,,,,
23.166672,,,,,,,,,,,,,,,,,,,,,,,,,,,,,,,,,,,,,,,,,,,,,,,,,,,,,,,,,,,,,,,,,,,,,,,,,,,,,,,,,,,,,,,,,,,,,,,,,,,,,,,,,,,,,,,,,,,,,,,,,,,,,,,,,,,,,,,,,0.03495267,0.10607246,0.10110151,0.11854479,0.22208668,0.37274,0.5024204,0.58060426,0.62122846,0.618721,0.57655144,0.5174415,0.46128738,0.41311267,0.38062203,0.36678597,0.37080634,0.3866795,0.4154841,0.45575643,0.50294197,0.55928725,0.6224399,0.6879931,0.75002,0.8039554,0.8490687,0.882059,0.8988671,0.89654374,0.8766633,0.8385157,0.78670716,0.72500145,0.6580919,0.58926785,0.515747,0.4346695,0.35278398,0.27985007,0.22041434,0.17658398,0.13677813,0.088246286,0.025320005,0.09660461,0.17849499,0.1991328,0.2671742,0.2556811,0.19202544,0.18840913,0.1560534,0.10438617,0.05776547,0.021107825,0.010414584,0.035764024,0.07731209,0.11020665,0.1378007,0.17047405,0.20178674,0.22165363,0.22444683,0.2119651,0.17123437,0.18560454,0.22163607,0.29328606,0.33372778,0.29424566,0.116586626,0.15394886,0.21657021,0.22822729,0.23430578,0.21731788,0.2320372,0.21047358,0.07752664,0.0624686,0.20731911,0.23707473,0.18183155,0.11112936,0.07686002,0.09474776,0.14779292,0.17220071,0.1336729,0.13933657,0.18917476,0.28558975,0.16256571,0.08963872,0.08150897,0.054872602,0.05139337,0.08576146,0.051736396,0.041547976,0.040333323,0.03684157,0.031196153,0.044056814,0.04958406,0.04568018,0.03636088,0.03326457,0.031088952,0.030989649,0.032506254,0.031013632,0.016014382,0.013170274,0.01552789,,,,,,,,,,,,,,,,,,,,,,,,,,,,,,,,,,,,,,,,,,,,,,,,,,,,,,,,,,,,,,,,,,,,,,,,,,,,,,,,,,,,,,,,,,,,,,,,,,,,,,,,,,,,,,,,,,,,,,,,,,,,,,,,,,,,,,,,,,,,,,,,,,,,,,,,,,,,,,,,,,,,,,,,,,,,,,,,,,,,,,,,,,,,,,,,,,,,,,,,,,,,,,,,,,,,,,,,,,,,,,,,,,,,,,,,,,,,,,,,,,,,,,,,,,,,,,,,,,,,,,,,,,
23.083336,,,,,,,,,,,,,,,,,,,,,,,,,,,,,,,,,,,,,,,,,,,,,,,,,,,,,,,,,,,,,,,,,,,,,,,,,,,,,,,,,,,,,,,,,,,,,,,,,,,,,,,,,,,,,,,,,,,,,,,,,,,,,,,,,,,,,,,,,,0.08765082,0.081252396,0.045243785,0.14259356,0.29080305,0.43943772,0.5371143,0.58774996,0.595122,0.5658241,0.5180196,0.47357523,0.44181308,0.42827925,0.4334666,0.45517588,0.48887616,0.5317086,0.5833354,0.64229774,0.70538914,0.76974696,0.8315539,0.8833285,0.9224687,0.94837344,0.9602544,0.95526904,0.9318738,0.8930047,0.8405251,0.77704245,0.7082549,0.63805985,0.57118577,0.50538486,0.4372697,0.36721808,0.30380794,0.25194004,0.21812631,0.18861158,0.1421033,0.07618503,0.060692962,0.15143935,0.25346014,0.35833755,0.2968094,0.19447143,0.17436908,0.12652819,0.10487288,0.10822457,0.115693234,0.10948556,0.08963587,0.079453446,0.085656546,0.10287236,0.13569738,0.17425129,0.20480627,0.22430275,0.23227862,0.23195842,0.30287626,0.3074784,0.21284421,0.25091437,0.1951066,0.106136896,0.16245325,0.19974436,0.22420725,0.21913108,0.18865345,0.26499957,0.30402774,0.17804578,0.14155528,0.18454434,0.26302654,0.2962769,0.2603085,0.18802841,0.14986548,0.17373812,0.17738977,0.13604306,0.09285236,0.15624449,0.2763956,0.15524463,0.07264984,0.06596304,0.039706763,0.08245599,0.063203305,0.04490482,0.04729564,0.045540955,0.04328731,0.044398144,0.05036066,0.044402495,0.0349532,0.02703251,0.026683614,0.028968021,0.02841267,0.030324196,0.029914912,0.02735153,0.017085375,0.016594935,0.01871765,0.019478917,,,,,,,,,,,,,,,,,,,,,,,,,,,,,,,,,,,,,,,,,,,,,,,,,,,,,,,,,,,,,,,,,,,,,,,,,,,,,,,,,,,,,,,,,,,,,,,,,,,,,,,,,,,,,,,,,,,,,,,,,,,,,,,,,,,,,,,,,,,,,,,,,,,,,,,,,,,,,,,,,,,,,,,,,,,,,,,,,,,,,,,,,,,,,,,,,,,,,,,,,,,,,,,,,,,,,,,,,,,,,,,,,,,,,,,,,,,,,,,,,,,,,,,,,,,,,,,,,,,,,,,,
23.0,,,,,,,,,,,,,,,,,,,,,,,,,,,,,,,,,,,,,,,,,,,,,,,,,,,,,,,,,,,,,,,,,,,,,,,,,,,,,,,,,,,,,,,,,,,,,,,,,,,,,,,,,,,,,,,,,,,,,,,,,,,,,,,,,,,,,,,,,,0.12196061,0.13762851,0.11587185,0.06120488,0.2110445,0.36130896,0.4770543,0.5417377,0.5641045,0.5527306,0.52309054,0.4922338,0.47314042,0.46950147,0.48528838,0.51868117,0.5659703,0.6232284,0.68860185,0.75746095,0.8250937,0.88806725,0.94295216,0.9829127,1.0048171,1.0107851,1.0025849,0.9784881,0.9380399,0.8843941,0.8207394,0.7496543,0.6765958,0.60506773,0.5411676,0.48510346,0.43205893,0.37941968,0.33261082,0.28992084,0.26079717,0.23650761,0.19038042,0.1240735,0.05955618,0.14910236,0.36669683,0.39915723,0.2620883,0.13702944,0.12271828,0.1514632,0.18190207,0.18729141,0.1823198,0.17440794,0.15958053,0.13752395,0.11259531,0.098691374,0.106363334,0.14138244,0.18939182,0.22808945,0.25698173,0.28903702,0.3822056,0.38727188,0.19892639,0.18853582,0.11744632,0.07768071,0.14881626,0.1795291,0.21346305,0.20156643,0.15102603,0.22835965,0.34389064,0.2473648,0.17807865,0.1979076,0.2761931,0.3674297,0.3823173,0.29449287,0.18948144,0.13669994,0.1251639,0.092912994,0.043763097,0.19704479,0.2652507,0.12584004,0.044291355,0.06030615,0.066721804,0.07644805,0.06859641,0.0530526,0.05954977,0.05911336,0.048770245,0.053058594,0.05033653,0.045134895,0.034651034,0.029543787,0.034105033,0.030752093,0.027281532,0.0286588,0.036702592,0.03476941,0.031470384,0.0304488,0.024307601,0.022504382,0.024674837,,,,,,,,,,,,,,,,,,,,,,,,,,,,,,,,,,,,,,,,,,,,,,,,,,,,,,,,,,,,,,,,,,,,,,,,,,,,,,,,,,,,,,,,,,,,,,,,,,,,,,,,,,,,,,,,,,,,,,,,,,,,,,,,,,,,,,,,,,,,,,,,,,,,,,,,,,,,,,,,,,,,,,,,,,,,,,,,,,,,,,,,,,,,,,,,,,,,,,,,,,,,,,,,,,,,,,,,,,,,,,,,,,,,,,,,,,,,,,,,,,,,,,,,,,,,,,,,,,,,,,,
22.916672,,,,,,,,,,,,,,,,,,,,,,,,,,,,,,,,,,,,,,,,,,,,,,,,,,,,,,,,,,,,,,,,,,,,,,,,,,,,,,,,,,,,,,,,,,,,,,,,,,,,,,,,,,,,,,,,,,,,,,,,,,,,,,,,,,,,,,,,,,,,0.120636925,0.039445754,0.12703209,0.2723044,0.4036963,0.49322557,0.54130614,0.55165577,0.5411388,0.5234851,0.5142358,0.5190311,0.5432409,0.58607394,0.6450119,0.7147497,0.78837144,0.8593533,0.92198896,0.9743445,1.0142337,1.0400969,1.0483181,1.0426555,1.024656,0.99204195,0.94473064,0.8843366,0.8139693,0.73766756,0.65976495,0.5856824,0.5202631,0.46662068,0.4222856,0.3837791,0.3533973,0.3238346,0.3007114,0.27482185,0.2306187,0.15037961,0.07623008,0.2081676,0.41399053,0.30973837,0.1531841,0.14379117,0.20343617,0.22249763,0.23738837,0.24350181,0.23817691,0.21945174,0.1891086,0.1517337,0.11614185,0.09374322,0.09663714,0.12964897,0.18589717,0.23713776,0.2833281,0.33767545,0.43674204,0.41745722,0.14185931,0.13784854,0.07171024,0.05941908,0.12390021,0.15261249,0.18425818,0.19790977,0.14298742,0.11702881,0.27702054,0.29577035,0.18707418,0.12377434,0.12408389,0.19836447,0.3068119,0.32508838,0.24150999,0.102851465,0.0586917,0.09378647,0.11205632,0.22294016,0.19426534,0.07913649,0.05109659,0.06967315,0.0880152,0.1065117,0.106453285,0.06962594,0.06223436,0.062478323,0.05373596,0.06475843,0.06839983,0.062002335,0.04515764,0.03612779,0.03307997,0.023161268,0.024568358,0.032133624,0.042725623,0.04207295,0.040280785,0.034572426,0.034472965,0.032476872,0.027219271,0.02169507,0.014295389,,,,,,,,,,,,0.016679436,0.019065827,0.017362375,0.010622032,,,,,,,,,,,,,,,,,,,,,,,,,,,,,,,,,,,,,,,,,,,,,,,,,,,,,,,,,,,,,,,,,,,,,,,,,,,,,,,,,,,,,,,,,,,,,,,,,,,,,,,,,,,,,,,,,,,,,,,,,,,,,,,,,,,,,,,,,,,,,,,,,,,,,,,,,,,,,,,,,,,,,,,,,,,,,,,,,,,,,,,,,,,,,,,,,,,,,,,,,,,,,,,,,,,,,,,,,,,,,,,,,,,,,,,,,,,,,,,,,,,,,,
22.833336,,,,,,,,,,,,,,,,,,,,,,,,,,,,,,,,,,,,,,,,,,,,,,,,,,,,,,,,,,,,,,,,,,,,,,,,,,,,,,,,,,,,,,,,,,,,,,,,,,,,,,,,,,,,,,,,,,,,,,,,,,,,,,,,,,,,,,,,,,,,0.11037252,0.068444185,0.053441525,0.18574053,0.31841147,0.43110082,0.50940055,0.552237,0.56855184,0.57128525,0.5759242,0.5916773,0.62334126,0.67364657,0.74064386,0.8135192,0.8759214,0.93224967,0.97700804,1.0145526,1.0462205,1.0686196,1.0778537,1.0721167,1.0506825,1.0129786,0.95997703,0.8955936,0.82236767,0.74225545,0.66013336,0.5829807,0.5154483,0.46110538,0.41951162,0.38770825,0.3683826,0.35131958,0.3333019,0.30598497,0.261715,0.1558541,0.089907244,0.2740464,0.32305893,0.18337725,0.1804929,0.24348415,0.2943475,0.3331696,0.35556263,0.36621398,0.36641943,0.34676826,0.30489615,0.24837522,0.1933835,0.15335917,0.13958016,0.15887609,0.20391873,0.25564787,0.30995595,0.37756658,0.4587877,0.3775467,0.07203358,0.1281093,0.05494751,0.082154244,0.098787576,0.1178588,0.149025,0.19868629,0.1712705,0.032434214,0.09905077,0.24421299,0.20878597,0.13460341,0.0791988,0.049598347,0.06419637,0.14446789,0.22396146,0.18090475,0.04439863,0.0741575,0.16272789,0.16852207,0.09368686,0.0785152,0.11262681,0.1407189,0.15324801,0.16810901,0.17727774,0.13110231,0.062596776,0.050083946,0.04596159,0.046679135,0.051628307,0.050761025,0.034226436,0.023826743,0.015010771,0.016729293,0.028658679,0.034412198,0.04532053,0.04891891,0.040336873,0.03904948,0.042651266,0.040868666,0.035612486,0.02416888,0.012208878,0.006495003,0.02426748,,,,,,,0.0008977468,0.012883014,0.024482235,0.017582878,0.025816903,0.02358549,0.0021892956,,,,,,,,,,,,,,,,,,,,,,,,,,,,,,,,,,,,,,,,,,,,,,,,,,,,,,,,,,,,,,,,,,,,,,,,,,,,,,,,,,,,,,,,,,,,,,,,,,,,,,,,,,,,,,,,,,,,,,,,,,,,,,,,,,,,,,,,,,,,,,,,,,,,,,,,,,,,,,,,,,,,,,,,,,,,,,,,,,,,,,,,,,,,,,,,,,,,,,,,,,,,,,,,,,,,,,,,,,,,,,,,,,,,,,,,,,,,,,,,,,,,,,
22.75,,,,,,,,,,,,,,,,,,,,,,,,,,,,,,,,,,,,,,,,,,,,,,,,,,,,,,,,,,,,,,,,,,,,,,,,,,,,,,,,,,,,,,,,,,,,,,,,,,,,,,,,,,,,,,,,,,,,,,,,,,,,,,,,,,,,,,,,,,,,,0.04647907,0.0063345865,0.09865704,0.21856566,0.3430544,0.45365223,0.52737075,0.5691607,0.5980156,0.62665224,0.6605653,0.7013856,0.75105536,0.8048251,0.8533602,0.8955593,0.94118404,0.984865,1.0308063,1.0695654,1.093745,1.0973034,1.081038,1.0481062,1.0014409,0.9417065,0.8733163,0.799689,0.722184,0.6440858,0.5705337,0.50547767,0.45350206,0.4147226,0.3901318,0.38110188,0.37392002,0.35888696,0.32971448,0.28113797,0.16115808,0.08705244,0.24470802,0.21072838,0.14659654,0.21446641,0.29494563,0.34516597,0.37861568,0.39757302,0.40965337,0.43111983,0.44316977,0.4357631,0.4032948,0.34602383,0.2828741,0.23621705,0.22512853,0.24736327,0.28824025,0.3464652,0.4109612,0.4458882,0.25867525,0.07574779,0.13391307,0.06347337,0.08697524,0.09657819,0.1051635,0.13314131,0.19778903,0.19010381,0.09125142,0.06588137,0.086614266,0.17945942,0.15968668,0.11816432,0.06786487,0.049449764,0.068915956,0.14522184,0.24539949,0.17046548,0.1432055,0.13318881,0.041505158,0.073656544,0.11409357,0.15434596,0.17138977,0.16051437,0.16305323,0.19954787,0.24810083,0.13113008,0.07512313,0.05506553,0.053205434,0.043442573,0.045936976,0.041020073,0.035931356,0.026494209,0.028320406,0.036065277,0.035878412,0.04711516,0.048095174,0.046686582,0.04140368,0.044488993,0.041144475,0.029208973,0.015623627,0.0074565546,0.018722244,0.031046988,0.049003083,0.037121236,0.020177307,0.007946196,,0.016197054,0.01474862,0.018131405,0.03038068,0.033912435,0.0469676,0.018711885,0.01272438,,,,,,,,,,,,,,,,,,,,,,,,,,,,,,,,,,,,,,,,,,,,,,,,,,,,,,,,,,,,,,,,,,,,,,,,,,,,,,,,,,,,,,,,,,,,,,,,,,,,,,,,,,,,,,,,,,,,,,,,,,,,,,,,,,,,,,,,,,,,,,,,,,,,,,,,,,,,,,,,,,,,,,,,,,,,,,,,,,,,,,,,,,,,,,,,,,,,,,,,,,,,,,,,,,,,,,,,,,,,,,,,,,,,,,,,,,,,,,,,,,,,,,
22.666672,,,,,,,,,,,,,,,,,,,,,,,,,,,,,,,,,,,,,,,,,,,,,,,,,,,,,,,,,,,,,,,,,,,,,,,,,,,,,,,,,,,,,,,,,,,,,,,,,,,,,,,,,,,,,,,,,,,,,,,,,,,,,,,,,,,,,,,,,,,,,,0.040534236,0.013001278,0.11793436,0.24825512,0.36158228,0.44231725,0.5090435,0.5643454,0.6092068,0.6469141,0.68264383,0.7202304,0.76115346,0.80541366,0.8636695,0.9323608,0.9975019,1.0467132,1.0733917,1.0795822,1.0654368,1.036027,0.99353135,0.9417801,0.8817771,0.81585324,0.74730957,0.6778045,0.6097403,0.547052,0.4921079,0.44771364,0.41252032,0.39174655,0.3911257,0.39357874,0.38387188,0.35202143,0.29459462,0.17709371,0.0737081,0.16507208,0.14630102,0.16605516,0.23539658,0.28721854,0.3054926,0.28629133,0.24968679,0.23711105,0.25077927,0.287332,0.35193688,0.4195917,0.44372654,0.41341293,0.35675868,0.31279913,0.30602872,0.3336745,0.3802214,0.41876787,0.3805215,0.13492961,0.11019486,0.13066038,0.0842812,0.10154842,0.095941894,0.10778705,0.17055865,0.2179199,0.1950816,0.11711038,0.09378274,0.072533265,0.08318184,0.12932275,0.11945751,0.07983178,0.034279972,0.03299001,0.12991366,0.29414332,0.23850653,0.16067636,0.09827289,0.0660365,0.0933735,0.12430772,0.15404622,0.1579817,0.14611606,0.15419969,0.1682346,0.28176582,0.1782556,0.1215052,0.10916153,0.08539743,0.062493715,0.054144394,0.057448532,0.054019906,0.046723094,0.039571982,0.04105703,0.036474135,0.050285347,0.052571643,0.047281682,0.044488966,0.05115981,0.033480495,0.020139186,0.0095537305,0.0026930594,0.04963507,0.06766687,0.047616184,0.020834118,0.014374679,0.007937408,0.016637644,0.023304174,0.014335003,0.03188441,0.049630295,0.042187512,0.03176059,0.016469028,,,,,,,,,,,,,,,,,,,,,,,,,,,,,,,,,,,,,,,,,,,,,,,,,,,,,,,,,,,,,,,,,,,,,,,,,,,,,,,,,,,,,,,,,,,,,,,,,,,,,,,,,,,,,,,,,,,,,,,,,,,,,,,,,,,,,,,,,,,,,,,,,,,,,,,,,,,,,,,,,,,,,,,,,,,,,,,,,,,,,,,,,,,,,,,,,,,,,,,,,,,,,,,,,,,,,,,,,,,,,,,,,,,,,,,,,,,,,,,,,,,,,,0.12376619,0.1238832
22.583336,,,,,,,,,,,,,,,,,,,,,,,,,,,,,,,,,,,,,,,,,,,,,,,,,,,,,,,,,,,,,,,,,,,,,,,,,,,,,,,,,,,,,,,,,,,,,,,,,,,,,,,,,,,,,,,,,,,,,,,,,,,,,,,,,,,,,,,,,,,,,,,,0.026757974,0.08455692,0.18624319,0.28052184,0.3619344,0.43303245,0.48906198,0.53376096,0.5767093,0.629272,0.69712704,0.7795435,0.8664012,0.9387876,0.9869,1.011397,1.0172713,1.010052,0.98999506,0.9599035,0.9182703,0.86803335,0.8105088,0.74899334,0.6861074,0.6242637,0.5657355,0.5147708,0.472287,0.43874496,0.41203335,0.39570925,0.3992564,0.40990186,0.4076601,0.3798813,0.3089016,0.18769129,0.045627307,0.07905769,0.13134126,0.2118092,0.25953034,0.25392866,0.20394082,0.14446442,0.12757203,0.13655677,0.13855268,0.1387937,0.14964673,0.17826863,0.2528315,0.34828073,0.38795158,0.365554,0.33974454,0.34151462,0.3554496,0.34988853,0.27300948,0.11016991,0.15169911,0.12540622,0.050440446,0.051453374,0.081138544,0.17882545,0.23372851,0.23474613,0.19055402,0.109679855,0.06634145,0.11886425,0.04762793,0.10488825,0.09935171,0.07361831,0.030108059,0.007515019,0.09250855,0.28094506,0.25011465,0.20811355,0.18941003,0.177261,0.19330053,0.22981378,0.28975904,0.33721128,0.32049897,0.28495178,0.18332803,0.18412776,0.16681112,0.15231752,0.1456358,0.13666455,0.11313203,0.08795053,0.06937088,0.064944714,0.060994323,0.05653886,0.05606295,0.048061237,0.057386927,0.05902325,0.053887293,0.047972795,0.035961445,0.022474956,0.03916562,0.03851863,0.039521426,0.05977422,0.05530863,0.01750674,0.024069093,0.022851089,0.028085208,0.03363842,0.0420404,0.083619975,,,,,,,,,,,,,,,,,,,,,,,,,,,,,,,,,,,,,,,,,,,,,,,,,,,,,,,,,,,,,,,,,,,,,,,,,,,,,,,,,,,,,,,,,,,,,,,,,,,,,,,,,,,,,,,,,,,,,,,,,,,,,,,,,,,,,,,,,,,,,,,,,,,,,,,,,,,,,,,,,,,,,,,,,,,,,,,,,,,,,,,,,,,,,,,,,,,,,,,,,,,,,,,,,,,,,,,,,,,,,,,,,,,,,,,,,,,,,,,,,,,,,,,,,,,,0.12450324
22.5,,,,,,,,,,,,,,,,,,,,,,,,,,,,,,,,,,,,,,,,,,,,,,,,,,,,,,,,,,,,,,,,,,,,,,,,,,,,,,,,,,,,,,,,,,,,,,,,,,,,,,,,,,,,,,,,,,,,,,,,,,,,,,,,,,,,,,,,,,,,,,,,,,,0.12149934,0.15220949,0.24902,0.333059,0.40418214,0.47792447,0.56570435,0.6642786,0.76293135,0.8401372,0.8921978,0.9244925,0.94178146,0.9485605,0.9417658,0.9203752,0.8866569,0.8419479,0.7902927,0.7345836,0.6766307,0.6217512,0.5729027,0.52891266,0.49169335,0.45776612,0.43100843,0.41204533,0.40233785,0.40945548,0.4255245,0.4313871,0.40943238,0.3253456,0.19382374,0.043642603,0.06763815,0.15962969,0.23013751,0.2565265,0.20778273,0.11992394,0.11300811,0.13513008,0.14853667,0.15136644,0.14348125,0.13263756,0.12283655,0.10761781,0.109534636,0.15708186,0.23205002,0.27177802,0.26915202,0.25697774,0.23140094,0.17255017,0.11082968,0.14545032,0.114967346,0.06102721,0.08545317,0.19156027,0.25993267,0.2474468,0.21254078,0.15204234,0.0687935,0.06731551,0.091858245,0.07666132,0.13957737,0.12976395,0.09432815,0.064510785,0.033966526,0.04869825,0.2047017,0.2087579,0.23041934,0.27544573,0.30438757,0.30810773,0.31586313,0.34839174,0.32171053,0.19161236,0.30931127,0.22092165,0.13633817,0.10423459,0.12710479,0.12977333,0.13122322,0.12616864,0.10038511,0.07168723,0.054987725,0.055126116,0.062335134,0.058183745,0.053242736,0.052513897,0.05723739,0.05199395,0.0336286,0.011281951,0.050827064,0.02325398,0.045858063,0.060673572,0.04638973,0.028913798,,0.019076059,0.025818024,0.040596697,0.065477096,0.07378771,0.06942124,,,,,,,,,,,,,,,,,,,,,,,,,,,,,,,,,,,,,,,,,,,,,,,,,,,,,,,,,,,,,,,,,,,,,,,,,,,,,,,,,,,,,,,,,,,,,,,,,,,,,,,,,,,,,,,,,,,,,,,,,,,,,,,,,,,,,,,,,,,,,,,,,,,,,,,,,,,,,,,,,,,,,,,,,,,,,,,,,,,,,,,,,,,,,,,,,,,,,,,,,,,,,,,,,,,,,,,,,,,,,,,,,,,,,,,,,,,,,,,,,,,,,,,,,,,,0.08931115
22.416672,,,,,,,,,,,,,,,,,,,,,,,,,,,,,,,,,,,,,,,,,,,,,,,,,,,,,,,,,,,,,,,,,,,,,,,,,,,,,,,,,,,,,,,,,,,,,,,,,,,,,,,,,,,,,,,,,,,,,,,,,,,,,,,,,,,,,,,,,,,,,,,,,,,0.10986863,0.14278637,0.20064518,0.2893319,0.36745697,0.44085407,0.5371162,0.6538104,0.74704695,0.80720305,0.84641355,0.87372965,0.8871966,0.8890815,0.87273955,0.8391344,0.7931558,0.74105096,0.6872049,0.6354667,0.588023,0.5454469,0.5100668,0.48387918,0.4665262,0.45092192,0.4346914,0.4197008,0.4120496,0.42127445,0.44232318,0.45613587,0.4394539,0.34469172,0.20386395,0.08754958,0.14190878,0.20382176,0.21700269,0.21431278,0.1622207,0.12529472,0.14018309,0.14602388,0.1551748,0.16384853,0.15845388,0.1491927,0.14657623,0.13503192,0.113308296,0.09527181,0.08194507,0.089934975,0.11026069,0.12835342,0.13640112,0.12577,0.11480629,0.13859828,0.12849899,0.12518366,0.15950128,0.23878813,0.22911109,0.19313945,0.16241933,0.10356164,0.031667065,0.067527026,0.05790184,0.15919377,0.17656818,0.15879679,0.13013263,0.093062565,0.060711537,0.017103944,0.12408101,0.12612867,0.13552883,0.21642643,0.30997816,0.3582363,0.3328201,0.28065857,0.16635427,0.17272143,0.40737578,0.28815892,0.17764966,0.08427845,0.08648979,0.09218209,0.095185325,0.12318265,0.1253456,0.09627644,0.06975645,0.061350863,0.05799376,0.049199864,0.042526823,0.036512177,0.041616846,0.035490062,0.016880479,0.010776668,0.04980996,0.024093296,0.04678958,,,0.03007414,0.026260978,0.028585723,0.0269346,0.042193994,0.06432324,,,,,,,,,,,,,,,,,,,,,,,,,,,,,,,,,,,,,,,,,,,,,,,,,,,,,,,,,,,,,,,,,,,,,,,,,,,,,,,,,,,,,,,,,,,,,,,,,,,,,,,,,,,,,,,,,,,,,,,,,,,,,,,,,,,,,,,,,,,,,,,,,,,,,,,,,,,,,,,,,,,,,,,,,,,,,,,,,,,,,,,,,,,,,,,,,,,,,,,,,,,,,,,,,,,,,,,,,,,,,,,,,,,,,,,,,,,,,,,,,,,,,,,,,,,,,,0.051713564
22.333336,,,,,,,,,,,,,,,,,,,,,,,,,,,,,,,,,,,,,,,,,,,,,,,,,,,,,,,,,,,,,,,,,,,,,,,,,,,,,,,,,,,,,,,,,,,,,,,,,,,,,,,,,,,,,,,,,,,,,,,,,,,,,,,,,,,,,,,,,,,,,,,,,,,0.14454965,0.14549325,0.19934297,0.26016536,0.3158741,0.44243628,0.58716786,0.6830761,0.73065674,0.7657176,0.7985116,0.82046425,0.8296372,0.8145316,0.77612954,0.7250224,0.66948664,0.6105826,0.55585074,0.5129064,0.48387086,0.46630168,0.4540325,0.44304103,0.43829006,0.44000974,0.44105655,0.4334548,0.42932948,0.44092223,0.4652701,0.4871396,0.4689241,0.35401314,0.21480086,0.13659844,0.20490023,0.25150007,0.21894047,0.20201819,0.17654279,0.15938295,0.14623745,0.13019063,0.14138983,0.16361603,0.16381125,0.14820327,0.15368015,0.15873916,0.14401266,0.119243436,0.08785794,0.059856843,0.053869437,0.08025456,0.10719194,0.12169156,0.13509776,0.14881049,0.15696067,0.16977692,0.20157152,0.19005802,0.15171042,0.13740997,0.11902078,0.07988417,0.017791813,0.058636982,0.15873507,0.19780983,0.19234267,0.1682479,0.14277594,0.118280284,0.09340108,0.06026388,0.051931772,0.10464826,0.10009895,0.13174823,0.18143137,0.27392295,0.30874607,0.25881112,0.14476979,0.30177304,0.4107207,0.30212837,0.2140778,0.13547641,0.11155217,0.12015726,0.14018846,0.16120023,0.16844241,0.15466245,0.11913307,0.08012188,0.057611663,0.04791764,0.041363474,0.031551953,0.027974093,0.019737968,0.008365318,0.016783025,0.033891223,0.016805671,,,,0.024217363,0.025753122,,,,,,,,,,,,,,,,,,,,,,,,,,,,,,,,,,,,,,,,,,,,,,,,,,,,,,,,,,,,,,,,,,,,,,,,,,,,,,,,,,,,,,,,,,,,,,,,,,,,,,,,,,,,,,,,,,,,,,,,,,,,,,,,,,,,,,,,,,,,,,,,,,,,,,,,,,,,,,,,,,,,,,,,,,,,,,,,,,,,,,,,,,,,,,,,,,,,,,,,,,,,,,,,,,,,,,,,,,,,,,,,,,,,,,,,,,,,,,,,,,,,,,,,,,,,,,,,,,0.013708215
22.25,,,,,,,,,,,,,,,,,,,,,,,,,,,,,,,,,,,,,,,,,,,,,,,,,,,,,,,,,,,,,,,,,,,,,,,,,,,,,,,,,,,,,,,,,,,,,,,,,,,,,,,,,,,,,,,,,,,,,,,,,,,,,,,,,,,,,,,,,,,,,,,,,,,0.13187507,0.13996193,0.2503706,0.2746765,0.38616052,0.5481292,0.61005795,0.6394965,0.6780342,0.72381085,0.76512563,0.77338046,0.7664381,0.7201403,0.65717393,0.6022208,0.54735494,0.48699304,0.42460656,0.3771286,0.3581595,0.37098002,0.39731833,0.4139677,0.4221771,0.43262133,0.4475357,0.45410493,0.454163,0.46685678,0.49341553,0.5211716,0.48994842,0.34914818,0.22272341,0.17495751,0.2409735,0.2758716,0.22421874,0.18853174,0.16941066,0.15322265,0.11967718,0.086621866,0.09695555,0.13865182,0.15482382,0.1314441,0.13691658,0.16027406,0.16273864,0.14785247,0.120126106,0.08536536,0.050971985,0.04778457,0.07211904,0.09494611,0.11446841,0.12809058,0.13451199,0.12705587,0.13722926,0.12103175,0.098680474,0.10520932,0.11205676,0.09822546,0.104477815,0.16121952,0.20240332,0.2007709,0.17121974,0.15241708,0.13712788,0.120970316,0.10935992,0.09860251,0.048168167,0.07258357,0.08930778,0.14111194,0.16703178,0.19823442,0.233319,0.1937566,0.12451602,0.3019873,0.38106933,0.3114471,0.258194,0.20280354,0.19350542,0.2191483,0.24146448,0.24357256,0.24067168,0.23983312,0.2042862,0.15459716,0.10593087,0.07682185,0.06292333,0.049537834,0.03745405,0.024419716,0.011290325,0.017574137,0.022981051,0.022520661,,,,,,,,,,,,,,,,,,,,,,,,,,,,,,,,,,,,,,,,,0.04128466,0.07630743,0.1164501,,,,,,,,,,,,,,,,,,,,,,,,,,,,,,,,,,,,,,,,,,,,,,,,,,,,,,,,,,,,,,,,,,,,,,,,,,,,,,,,,,,,,,,,,,,,,,,,,,,,,,,,,,,,,,,,,,,,,,,,,,,,,,,,,,,,,,,,,,,,,,,,,,,,,,,,,,,,,,,,,,,,,,,,,,,,,,,,,,,,,,,,,,,,,,,,,,,,,,,,,,,,,,,,,,,,,,,,,,,,0.025329078
22.166672,,,,,,,,,,,,,,,,,,,,,,,,,,,,,,,,,,,,,,,,,,,,,,,,,,,,,,,,,,,,,,,,,,,,,,,,,,,,,,,,,,,,,,,,,,,,,,,,,,,,,,,,,,,,,,,,,,,,,,,,,,,,,,,,,,,,,,,,,,,,,,,,,,0.10671926,0.10722799,0.19462001,0.28949657,0.30537838,0.48035574,0.54721415,0.5542784,0.6007669,0.66508144,0.7158857,0.73883796,0.72504675,0.68981296,0.6153279,0.56541723,0.54176253,0.49270633,0.4217207,0.3285603,0.25201958,0.22901219,0.27475512,0.3455362,0.39377272,0.41624287,0.43735874,0.46157897,0.47360948,0.48116988,0.49766353,0.52698314,0.55621946,0.49834093,0.33080724,0.22819239,0.19582057,0.24786404,0.26930124,0.21501851,0.14723118,0.11134764,0.09695102,0.07408148,0.04634732,0.03787818,0.08178191,0.12739913,0.107999325,0.09984625,0.1256089,0.14195262,0.13748123,0.12099633,0.09662039,0.06489078,0.029266702,0.026375094,0.050388847,0.067667134,0.07851697,0.08150621,0.085925594,0.09406367,0.08275176,0.066385135,0.122649446,0.16278781,0.17620212,0.18941753,0.1958413,0.1804223,0.1342158,0.08626848,0.10038094,0.109128214,0.09912462,0.09991492,0.105767176,0.10565418,0.076936506,0.096201524,0.14647675,0.19317107,0.19583851,0.18753344,0.1304746,0.06919347,0.24392408,0.34862748,0.30288902,0.294408,0.27450368,0.25642654,0.2531881,0.24702606,0.22976823,0.24398755,0.25967425,0.24134104,0.21462984,0.16865091,0.12129061,0.094869114,0.082248464,0.06856795,0.050421894,0.03781116,0.03363526,0.030573728,0.03239591,0.03847764,,,,,,,,,,,,,,,,,,,,,,,,,,,,,,,,,,,,,,,,0.030413311,0.06183489,0.14347787,,,,,,,,,,,,,,,,,,,,,,,,,,,,,,,,,,,,,,,,,,,,,,,,,,,,,,,,,,,,,,,,,,,,,,,,,,,,,,,,,,,,,,,,,,,,,,,,,,,,,,,,,,,,,,,,,,,,,,,,,,,,,,,,,,,,,,,,,,,,,,,,,,,,,,,,,,,,,,,,,,,,,,,,,,,,,,,,,,,,,,,,,,,,,,,,,,,,,,,,,,,,,,,,,,,,,,,,,0.019463504,0.028016958,,0.037649482
22.083336,,,,,,,,,,,,,,,,,,,,,,,,,,,,,,,,,,,,,,,,,,,,,,,,,,,,,,,,,,,,,,,,,,,,,,,,,,,,,,,,,,,,,,,,,,,,,,,,,,,,,,,,,,,,,,,,,,,,,,,,,,,,,,,,,,,,,,,,,,,,,,,,,,0.07953352,0.076409176,0.23575601,0.2829306,0.36969978,0.50006133,0.4956832,0.52527374,0.593886,0.6521465,0.6933558,0.7049231,0.68105704,0.62201643,0.5430417,0.54107773,0.53396106,0.47056898,0.38337,0.2726848,0.17255238,0.12651525,0.21052773,0.3196566,0.38772276,0.42383948,0.45371652,0.48053178,0.49430743,0.5111153,0.5308901,0.5655145,0.5862038,0.4848147,0.30764928,0.23033273,0.2029363,0.22924004,0.2298937,0.17944491,0.11823255,0.07963932,0.06125491,0.04857204,0.029921627,0.011476111,0.019493679,0.0794558,0.07818078,0.048583,0.05439081,0.08337517,0.09774818,0.09839662,0.08649039,0.06570805,0.04234647,0.016947027,0.027913626,0.050718617,0.06581928,0.069793984,0.069320895,0.064969815,0.05625704,0.08606701,0.17042397,0.1953017,0.16206309,0.11072403,0.08280248,0.07144209,0.0707533,0.10851129,0.10756262,0.06775245,0.052393626,0.06654461,0.09176646,0.11996996,0.13694108,0.11870039,0.14501235,0.19347109,0.21284084,0.19427638,0.13920343,0.06789362,0.15921289,0.29450068,0.25144565,0.28778023,0.33207938,0.31458887,0.24170981,0.17726824,0.17876706,0.21067876,0.2186348,0.20921667,0.20255995,0.18815348,0.16352321,0.14475678,0.12805425,0.1044589,0.07967249,0.061385285,0.050050415,0.044574294,0.041939866,0.04089548,0.040293228,,,,,,,,,,,,,,,,,,,,,,,,,,,,,,,,,,,,,,,0.04062425,0.070194595,0.16356473,,,,,,,,,,,,,,,,,,,,,,,,,,,,,,,,,,,,,,,,,,,,,,,,,,,,,,,,,,,,,,,,,,,,,,,,,,,,,,,,,,,,,,,,,,,,,,,,,,,,,,,,,,,,,,,,,,,,,,,,,,,,,,,,,,,,,,,,,,,,,,,,,,,,,,,,,,,,,,,,,,,,,,,,,,,,,,,,,,,,,,,,,,,,,,,,,,,,,,,,,,,,,,,,,,,,,,,,,0.02007333,0.031806085,0.040444147,0.03532303
22.0,,,,,,,,,,,,,,,,,,,,,,,,,,,,,,,,,,,,,,,,,,,,,,,,,,,,,,,,,,,,,,,,,,,,,,,,,,,,,,,,,,,,,,,,,,,,,,,,,,,,,,,,,,,,,,,,,,,,,,,,,,,,,,,,,,,,,,,,,,,,,,,,,0.07223282,0.075343385,0.07313294,0.2640618,0.29042566,0.41254574,0.4656209,0.45206863,0.51205534,0.58197457,0.6437214,0.6851857,0.6886043,0.64255726,0.5728505,0.51226383,0.53861344,0.5072721,0.42188314,0.30500916,0.16285604,0.05422388,0.09585452,0.23150831,0.3388882,0.40629575,0.444056,0.47399446,0.5037844,0.5238158,0.5449866,0.56952345,0.605953,0.59603417,0.4487008,0.28000453,0.2249152,0.1973225,0.1987047,0.17925923,0.14670561,0.11140199,0.08709543,0.070437826,0.057118632,0.03627711,0.037520166,0.049222913,0.04738361,0.03674547,0.0150946425,0.012630294,0.0110853,0.029429499,0.050882775,0.05879392,0.053702585,0.04808271,0.05401205,0.060342286,0.05791683,0.055358496,0.050385352,0.049066186,0.057282787,0.05059887,0.12301152,0.15884395,0.10028914,0.083856344,0.18217589,0.24295267,0.2681623,0.2534444,0.18771307,0.10599061,0.042942613,0.012962943,0.05045233,0.08694246,0.12280816,0.16355966,0.1844485,0.17756511,0.19796748,0.21699259,0.19759196,0.1585451,0.12609997,0.053699963,0.22144635,0.17423652,0.20394391,0.29299942,0.33536908,0.2742404,0.20449065,0.23294412,0.24520807,0.23449211,0.23284256,0.20598309,0.15392502,0.12982671,0.13566643,0.1473846,0.13500075,0.10711781,0.08717783,0.070385665,0.055974137,0.04846373,0.043101147,0.03932066,0.036737673,,,,,,,,,,,,,,,,,,,,,,,,,,,,,,,,,,,,,0.03213632,0.02691307,0.097844325,0.19646835,,,,,,,,,,,,,,,,,,,,,,,,,,,,,,,,,,,,,,,,,,,,,,,,,,,,,,,,,,,,,,,,,,,,,,,,,,,,,,,,,,,,,,,,,,,,,,,,,,,,,,,,,,,,,,,,,,,,,,,,,,,,,,,,,,,,,,,,,,,,,,,,,,,,,,,,,,,,,,,,,,,,,,,,,,,,,,,,,,,,,,,,,,,0.032601614,0.030120207,,,,,,,,,,,,,,,,,,,,,0.04164959,0.039213352,,,,,0.023675164,0.029036384,0.033505205,0.034490984,0.036299635,0.045245357
21.916672,,,,,,,,,,,,,,,,,,,,,,,,,,,,,,,,,,,,,,,,,,,,,,,,,,,,,,,,,,,,,,,,,,,,,,,,,,,,,,,,,,,,,,,,,,,,,,,,,,,,,,,,,,,,,,,,,,,,,,,,,,,,,,,,,,,,,,,,,,,,,,,,,0.070952855,0.049411487,0.08366034,0.2833473,0.28982097,0.41907132,0.42716682,0.42305535,0.49825203,0.57348514,0.6414586,0.67985624,0.6761009,0.6270688,0.55536085,0.5156036,0.5382797,0.50150824,0.3861827,0.24730378,0.13529989,0.123707645,0.20719689,0.30721787,0.38648102,0.44236928,0.4774796,0.50183773,0.5280344,0.5543309,0.58176,0.60797536,0.637244,0.575449,0.3942405,0.261305,0.2152521,0.19491373,0.1799811,0.15391302,0.12028721,0.08698808,0.06968056,0.06408368,0.07203578,0.08553398,0.0954693,0.10899815,0.11761458,0.09334848,0.06282692,0.057996206,0.060594186,0.06310979,0.0741754,0.08379407,0.07994721,0.071123,0.06781773,0.082073,0.08697855,0.06712109,0.040213097,0.033234835,0.03950685,0.0695529,0.11069238,0.04382681,0.18515572,0.2728215,0.26055044,0.26492232,0.2502007,0.20249592,0.13511024,0.09799783,0.07479133,0.06871063,0.07959021,0.10211921,0.12970965,0.16846131,0.2144061,0.23447394,0.23938157,0.23257484,0.19362585,0.16069998,0.16015574,0.07870477,0.14423832,0.12328446,0.13657232,0.17395237,0.2350497,0.26241845,0.2623102,0.2859638,0.2672168,0.2658291,0.30209127,0.2869512,0.22213298,0.16090848,0.122168005,0.10844635,0.1064548,0.10369963,0.09384269,0.08262645,0.07259387,0.06295602,0.051603846,0.041934773,0.03455039,0.029816562,,,,,,,,,,,,,,,,,,,,,,,,,,,,,,,,,,,,0.0115591185,0.025630781,0.1567117,0.1917414,0.18268277,,,,,,,,,,,,,,,,,,,,,,,,,,,,,,,,,,,,,,,,,,,,,,,,,,,,,,,,,,,,,,,,,,,,,,,,,,,,,,,,,,,,,,,,,,,,,,,,,,,,,,,,,,,,,,,,,,,,,,,,,,,,,,,,,,,,,,,,,,,,,,,,,,,,,,,,,,,,,,,,,,,,,,,,,,,,,,,,,,,,,,,,,,0.03921708,0.030268151,,,,,,,,,,,,,,,,,,,,,0.04301415,0.036673833,,,,,0.028167529,0.024063397,0.030455321,0.031569067,0.030211473,0.042733453
21.833336,,,,,,,,,,,,,,,,,,,,,,,,,,,,,,,,,,,,,,,,,,,,,,,,,,,,,,,,,,,,,,,,,,,,,,,,,,,,,,,,,,,,,,,,,,,,,,,,,,,,,,,,,,,,,,,,,,,,,,,,,,,,,,,,,,,,,,,,,,,,,,,,0.05544103,0.04770869,0.033599474,0.15228866,0.28681707,0.2797442,0.39916548,0.38181663,0.3992881,0.48022598,0.5574612,0.6376403,0.68644845,0.69018304,0.63735,0.5683891,0.52656686,0.54010797,0.5235744,0.44285578,0.35326853,0.29901853,0.29731873,0.34184226,0.4044776,0.45835164,0.49580905,0.52385026,0.54322785,0.5573969,0.5859332,0.61873925,0.6449283,0.6427332,0.52136934,0.33739483,0.25804976,0.21644524,0.199354,0.1740046,0.13301377,0.08648767,0.056204796,0.05725004,0.09653517,0.13397446,0.15050736,0.14514023,0.13059314,0.12588665,0.12030828,0.10600434,0.10022032,0.10576055,0.11425111,0.12330987,0.13185276,0.12789243,0.113927096,0.098535985,0.09053054,0.10329243,0.09819493,0.053126737,0.035715416,0.024317041,0.055621486,0.01451481,0.179132,0.22651258,0.17803225,0.20029536,0.16209081,0.121896885,0.13235678,0.14480253,0.13648865,0.11859792,0.102719665,0.096976355,0.10808355,0.13053414,0.16383247,0.21029386,0.25709832,0.27838588,0.26452282,0.20969652,0.17241369,0.17763202,0.12693065,0.08825164,0.089872845,0.13355899,0.12761003,0.12572238,0.16851999,0.23775433,0.3006068,0.27847213,0.28188768,0.35055602,0.37698558,0.33394203,0.2553729,0.19000259,0.14799717,0.12228395,0.10344387,0.089414716,0.08330688,0.07935833,0.07330054,0.0651195,0.053721335,0.0409776,0.03399379,0.03381911,,,,,,,,,,,,,,,,,,,,,,,,,,,,,,,,,,,0.028931197,0.03167392,0.17277026,0.14240447,0.16495842,,,,,,,,,,,,,,,,,,,,,,,,,,,,,,,,,,,,,,,,,,,,,,,,,,,,,,,,,,,,,,,,,,,,,,,,,,,,,,,,,,,,,,,,,,,,,,,,,,,,,,,,,,,,,,,,,,,,,,,,,,,,,,,,,,,,,,,,,,,,,,,,,,,,,,,,,,,,,,,,,,,,,,,,,,,,,,,,,,,,,,,,,0.044944305,0.054796018,0.041406848,,,,,,,,,,,,,,,,,,,,,0.05479851,0.039648104,,,,0.036454882,0.029767863,0.026965655,0.030155046,0.024188777,0.020767719,0.033099577
21.75,,,,,,,,,,,,,,,,,,,,,,,,,,,,,,,,,,,,,,,,,,,,,,,,,,,,,,,,,,,,,,,,,,,,,,,,,,,,,,,,,,,,,,,,,,,,,,,,,,,,,,,,,,,,,,,,,,,,,,,,,,,,,,,,,,,,,,,,,,,,,,,0.045045357,0.05223354,0.004499171,0.07967844,0.21626091,0.2748742,0.27196983,0.37489793,0.34731504,0.3766816,0.45926288,0.54161686,0.6280603,0.69275904,0.69834787,0.65947133,0.5992675,0.5482149,0.5497787,0.5568271,0.518538,0.47111073,0.44355378,0.441032,0.45964327,0.49044076,0.5206855,0.5415553,0.56197613,0.58774585,0.6080929,0.6271771,0.6571908,0.6669204,0.6064914,0.44053257,0.30489933,0.25646734,0.22381318,0.20492053,0.15322734,0.07439569,0.016276488,0.043443438,0.07184001,0.089179516,0.10813597,0.12700906,0.14108141,0.14431123,0.13742751,0.12818274,0.12183745,0.12111378,0.12522194,0.13114844,0.13124593,0.122563034,0.111835785,0.10392652,0.097584724,0.09187262,0.10011464,0.109569795,0.077887885,0.04304532,0.029157797,0.013342547,0.09200305,0.18377665,0.061645113,0.2607437,0.21474329,0.12597711,0.12056078,0.17339633,0.1790514,0.15689127,0.13240506,0.1081314,0.09422185,0.09955028,0.12057029,0.15016398,0.19329411,0.24401553,0.28566676,0.28414974,0.23096292,0.19205654,0.19022518,0.14599554,0.058641206,0.0751022,0.14998892,0.15999508,0.10155208,0.1164604,0.16687892,0.26605242,0.26967466,0.26234612,0.3246561,0.39347795,0.401845,0.34212473,0.27988115,0.23161395,0.1853578,0.14454551,0.11244458,0.087022744,0.077601835,0.07485572,0.070963815,0.06336694,0.056222387,0.046887025,0.0343448,0.03045801,,,,,,,,,,,,,,,,,,,,,,,,,,,,,,,,,,0.017735021,0.020639393,0.19753529,0.16381195,,,,,,,,,,,,,,,,,,,,,,,,,,,,,,,,,,,,,,,,,,,,,,,,,,,,,,,,,,,,,,,,,,,,,,,,,,,,,,,,,,,,,,,,,,,,,,,,,,,,,,,,,,,,,,,,,,,,,,,,,,,,,,,,,,,,,,,,,,,,,,,,,,,,,,,,,,,,,,,,,,,,,,,,,,,,,,,,,,,,,,,,,0.037510745,0.056400158,0.06185539,0.042707343,,,,0.11202761,0.11208311,0.1119955,,,,,,,,,,,,,0.03406209,0.03974929,0.04867669,0.046990428,0.040472705,0.033603195,0.03638193,0.034193795,0.027148202,0.024679607,0.025016988,0.017307978,0.012340895,0.022927621
21.666672,,,,,,,,,,,,,,,,,,,,,,,,,,,,,,,,,,,,,,,,,,,,,,,,,,,,,,,,,,,,,,,,,,,,,,,,,,,,,,,,,,,,,,,,,,,,,,,,,,,,,,,,,,,,,,,,,,,,,,,,,,,,,,,,,,,,,,,,,,,,,,0.03629531,0.035495162,0.02623803,0.00954847,0.01982205,0.24432927,0.25603607,0.28529087,0.35118404,0.31486744,0.34987414,0.42949715,0.51192975,0.6086764,0.69154316,0.71624786,0.6929716,0.64688313,0.5903452,0.56200546,0.56096303,0.5566407,0.54479563,0.5351842,0.53369486,0.53768784,0.54514444,0.55488306,0.5671928,0.5904026,0.6253399,0.65638393,0.6733674,0.6785113,0.64784735,0.52344304,0.3694422,0.29576725,0.26157838,0.23045477,0.17898166,0.06915624,0.02045841,0.0152346045,0.014939104,0.03862671,0.06329226,0.082290314,0.09452813,0.10723323,0.12547721,0.13852775,0.13612927,0.12357383,0.11487251,0.111086436,0.10438958,0.09550945,0.083778754,0.07468838,0.071497604,0.07401977,0.0795119,0.09456791,0.1113455,0.09772626,0.056420237,0.055802394,0.037990473,0.09124317,0.1392784,0.12231326,0.22553529,0.16706818,0.07094969,0.13620318,0.18147087,0.17115311,0.14328887,0.11826365,0.09513878,0.08110796,0.08191249,0.102591455,0.13420582,0.17555194,0.22630756,0.27802956,0.2888432,0.24776974,0.21404706,0.20208657,0.1405543,0.05105012,0.09799952,0.16764045,0.17691344,0.118788294,0.12268359,0.104482256,0.17920761,0.228988,0.22756611,0.22186905,0.2745686,0.33900428,0.3342244,0.29839078,0.2701371,0.24211037,0.21563308,0.17708053,0.12896354,0.09612578,0.07983027,0.071486205,0.067413785,0.06462008,0.05993543,0.045777608,0.03658686,0.035579506,0.0379263,,,,,,,,,,,,,,,,,,,,,,,,,,,,,,,,0.01825079,0.016742328,0.21670541,0.24084193,0.21019463,0.14737336,,,,,,,,,,,,,,,,,,,,,,,,,,,,,,,,,,,,,,,,,,,,,,,,,,,,,,,,,,,,,,,,,,,,,,,,,,,,,,,,,,,,,,,,,,,,,,,,,,,,,,,,,,,,,,,,,,,,,,,,,,,,,,,,,,,,,,,,,,,,,,,,,,,,,,,,,,,,,,,,,,,,,,,,,,,,,,,,,,0.031698085,0.03677733,0.043795317,0.033863865,0.01789612,0.039654773,0.05800199,0.049488224,0.02635693,,,,,,0.11186307,,0.05910081,0.04430423,,0.043332256,0.038657803,0.049052615,0.040716816,0.033640455,0.036748346,0.03682135,0.034262896,0.030439155,0.025413735,0.04317816,0.050195705,0.04635874,0.0421898,0.034752898,0.029511062,0.026435744,0.023125444,0.020636719,0.014664073,0.009673962,0.01687196
21.583336,,,,,,,,,,,,,,,,,,,,,,,,,,,,,,,,,,,,,,,,,,,,,,,,,,,,,,,,,,,,,,,,,,,,,,,,,,,,,,,,,,,,,,,,,,,,,,,,,,,,,,,,,,,,,,,,,,,,,,,,,,,,,,,,,,,,,,,,,,,,,,0.04248248,0.040295865,0.020142581,0.05785737,0.0399608,0.21863465,0.2236142,0.3068543,0.32418957,0.28014043,0.31968236,0.39226094,0.47085053,0.5719395,0.66333777,0.71350884,0.7146924,0.6922224,0.65022045,0.6082883,0.5791146,0.56497407,0.56064796,0.5607164,0.56307024,0.56712824,0.5707899,0.58036196,0.60375595,0.63599855,0.66576034,0.6915006,0.6933253,0.6581541,0.5697517,0.4360312,0.3368964,0.29419962,0.2545867,0.19401112,0.08043925,0.03712823,0.03328067,0.020113915,0.026038809,0.06426504,0.089426495,0.09268246,0.07923044,0.06966833,0.0779045,0.10149094,0.116649054,0.11334635,0.104240656,0.09796762,0.092250004,0.090372376,0.09018773,0.086740725,0.0804343,0.07643199,0.081548974,0.09255381,0.10681185,0.1074143,0.07624423,0.06193069,0.042036306,0.08601077,0.13038467,0.15698391,0.18988638,0.095247135,0.07937647,0.18926628,0.17193271,0.14453426,0.13200773,0.11602506,0.0960808,0.07023994,0.04995711,0.07013083,0.11677466,0.1685962,0.22396266,0.28009006,0.29810834,0.2659145,0.23620096,0.2153969,0.12797433,0.089553736,0.1513432,0.19136724,0.17093709,0.15360111,0.15077119,0.06109283,0.08225084,0.12549384,0.1781602,0.15272816,0.14443895,0.2148879,0.2564197,0.28076187,0.28255206,0.2714843,0.26619837,0.2518986,0.2225772,0.17387325,0.12809841,0.09367106,0.07888378,0.07028204,0.064410634,0.05945036,0.050182402,0.042461317,0.03584338,0.028350748,,,,,,,,,,,,,,,,,,,,,,,,,,,,,,,0.018729325,0.036678944,0.22936618,0.21822672,0.15482165,0.06481428,,,,,,,,,,,,,,,,,,,,,,,,,,,,,,,,,,,,,,,,,,,,,,,,,,,,,,,,,,,,,,,,,,,,,,,,,,,,,,,,,,,,,,,,,,,,,,,,,,,,,,,,,,,,,,,,,,,,,,,,,,,,,,,,,,,,,,,,,,,,,,,,,,,,,,,,,,,,,,,,,,,,,,,,,,,,,,0.020007562,0.020516776,0.02564061,0.03687459,0.03642844,0.03207186,0.032412197,0.021514805,0.016337624,0.04226956,0.04879209,0.038371656,0.02744218,0.027158907,0.033162687,0.048453044,,0.09202353,0.10884814,0.06958865,0.003579027,0.038768526,0.0984176,0.0821026,0.04954057,0.046476547,0.036716983,0.02900386,0.03151459,0.03494403,0.028684193,0.024450062,0.02853994,0.040552266,0.04546216,0.04681417,0.04745771,0.04079604,0.032728296,0.026839104,0.021352068,0.017634964,0.012900893,0.009237506,0.013858777
21.5,,,,,,,,,,,,,,,,,,,,,,,,,,,,,,,,,,,,,,,,,,,,,,,,,,,,,,,,,,,,,,,,,,,,,,,,,,,,,,,,,,,,,,,,,,,,,,,,,,,,,,,,,,,,,,,,,,,,,,,,,,,,,,,,,,,,,,,,,,,,,0.053823028,0.050460514,0.042312656,0.016839929,0.09023865,0.060588837,0.20594563,0.21500303,0.32540354,0.3026826,0.2580145,0.28480622,0.34853598,0.41873208,0.5137595,0.62113136,0.69261646,0.71838087,0.7186792,0.69765407,0.67371815,0.6449059,0.61970156,0.60563534,0.60355574,0.60848254,0.6169682,0.6250508,0.6303617,0.64727455,0.68071723,0.7036993,0.6939136,0.6607207,0.5859058,0.4775671,0.37552464,0.31869224,0.27890798,0.21495172,0.10273679,0.05157388,0.0438361,0.022705743,0.03648481,0.08413691,0.10460039,0.096077554,0.058010727,0.0333773,0.044812508,0.030636808,0.025884846,0.06707429,0.08195582,0.08053317,0.07577987,0.07842173,0.08877731,0.10290689,0.10736991,0.09598506,0.082978986,0.08660419,0.09627206,0.10794793,0.114169136,0.09359392,0.05476195,0.029811006,0.07071332,0.08143097,0.109094724,0.08215341,0.0070033753,0.13243371,0.163103,0.14914964,0.14944957,0.1431062,0.12971066,0.11336627,0.076447,0.02150225,0.050063346,0.12058289,0.18503748,0.24351671,0.2978407,0.31278872,0.2869459,0.26218817,0.2246673,0.14397036,0.15555343,0.19377185,0.20721109,0.18656114,0.18199326,0.14167479,0.04041412,0.05457794,0.060244303,0.10862328,0.15060508,0.12745571,0.1710015,0.23708828,0.27787802,0.29354122,0.30121753,0.31220463,0.31907427,0.3182111,0.28996316,0.2251562,0.15076023,0.10500299,0.079887845,0.06866426,0.062674776,0.0533055,0.039924484,0.027909093,0.025719022,0.02939049,,,,,,,,,,,,,,,,,,,,,,,,,,,,,,0.014070388,0.051021542,0.24499597,0.12133311,0.06386802,,,,,,,,,,,,,,,,,,,,,,,,,,,,,,,,,,,,,,,,,,,,,,,,,,,,,,,,,,,,,,,,,,,,,,,,,,,,,,,,,,,,,,,,,,,,,,,,,,,,,,,,,,,,,,,,,,,,,,,,,,,,,,,,,,,,,,,,,,,,,,,,,,,,,,,,,,,,,,,,,,,,,,,,,,,,,0.031498633,0.03530414,0.03211639,0.023909658,0.02523243,0.020763857,0.027513567,0.022532646,0.014286926,0.01051176,0.026567217,0.040242165,0.043698557,0.036545284,0.027717847,0.021868581,0.030388508,0.059016585,0.06664107,0.073010966,0.0645738,0.03607,0.013003233,0.029976657,0.075430654,0.063951544,0.04552214,0.037774015,0.030477908,0.029279647,0.03082585,0.047841635,0.025108647,0.01847522,0.026046313,0.042667013,0.037625857,0.030927984,0.04002841,0.046051145,0.034930326,0.026382346,0.018366914,0.014683524,0.010407107,0.007824033,0.011295647
21.416672,,,,,,,,,,,,,,,,,,,,,,,,,,,,,,,,,,,,,,,,,,,,,,,,,,,,,,,,,,,,,,,,,,,,,,,,,,,,,,,,,,,,,,,,,,,,,,,,,,,,,,,,,,,,,,,,,,,,,,,,,,,,,,,,,,,,,,,,,,,,0.051779877,0.052448366,0.05291581,0.026130963,0.07795163,0.18055144,0.09541935,0.18120985,0.22216447,0.32682568,0.28300458,0.23585278,0.2552083,0.30437008,0.36273864,0.4474954,0.5558768,0.6415932,0.6939867,0.71662515,0.71657234,0.7105447,0.7006457,0.68288606,0.66795117,0.6595038,0.6621411,0.67062616,0.6811473,0.68273574,0.6712866,0.6714077,0.6798604,0.6573859,0.58939785,0.4965121,0.39914262,0.3307101,0.29156128,0.23489471,0.1320446,0.069419675,0.045718636,0.0066815782,0.055990394,0.10113713,0.11504231,0.09760949,0.043643698,0.056767806,0.030731993,0.058116358,0.03755994,0.014895422,0.043714523,0.051560357,0.040423743,0.046617333,0.06593106,0.084543385,0.09509374,0.0951748,0.0801226,0.06611021,0.07915245,0.09904955,0.11527374,0.11530147,0.09538454,0.047653258,0.00747446,0.024406148,0.017280402,0.0072221137,0.06618147,0.08380046,0.15921143,0.1444836,0.15063167,0.15702048,0.15321279,0.15288807,0.14829317,0.12152282,0.094855696,0.1141993,0.17150249,0.23294163,0.28875756,0.33064097,0.33597624,0.3111914,0.27921748,0.22801813,0.183631,0.20952848,0.22077668,0.21547802,0.20299818,0.1649836,0.07219605,0.036060154,0.050824042,0.049921375,0.07099642,0.11246844,0.121148735,0.17227562,0.23792495,0.2829092,0.30553702,0.31568348,0.3287098,0.34665266,0.3673962,0.36747012,0.3087593,0.2264709,0.16297708,0.11460732,0.0851564,0.06632679,0.051046234,0.0418796,0.036457974,0.0323236,0.034387145,0.03888026,,,,,,,,,,,,,,,,,,,,,,,,,,,,0.015715487,0.018345268,0.05535733,0.24689075,0.08539359,0.07024939,,,,,,,,,,,,,,,,,,,,,,,,,,,,,,,,,,,,,,,,,,,,,,,,,,,,,,,,,,,,,,,,,,,,,,,,,,,,,,,,,,,,,,,,,,,,,,,,,,,,,,,,,,,,,,,,,,,,,,,,,,,,,,,,,,,,,,,,,,,,,,,,,,,,,,,,,,,,,,,,,,,,,,,,,,,,,0.03185751,0.01662403,0.008795708,0.029099405,0.042587813,0.0126268575,0.01535786,0.010524966,0.011879617,0.024013715,0.031629737,0.033586863,0.036368374,0.031140486,0.027782168,0.0153831225,0.02169648,0.07195356,0.070348,0.06832691,0.05964001,0.021758398,0.005810136,0.01622436,0.07758425,0.097987235,0.036280673,0.03293056,0.016714545,0.04504847,0.08496486,0.08428108,0.055635642,0.039526507,0.044116825,0.05764526,0.042221826,0.012426048,0.032268904,0.04185878,0.02761466,0.02564578,0.011916131,0.0072444836,0.0040860595,0.009665636,0.014154922
21.333336,,,,,,,,,,,,,,,,,,,,,,,,,,,,,,,,,,,,,,,,,,,,,,,,,,,,,,,,,,,,,,,,,,,,,,,,,,,,,,,,,,,,,,,,,,,,,,,,,,,,,,,,,,,,,,,,,,,,,,,,,,,,,,,,,,,,,,,,,,0.038789015,0.040082328,0.043929596,0.04980699,0.04517103,0.018474236,0.1751252,0.18115625,0.14929348,0.15562582,0.22181593,0.3155879,0.27038535,0.22078255,0.23128217,0.2695946,0.31431708,0.38341647,0.4802299,0.57072896,0.64208466,0.6870793,0.7069399,0.71600163,0.71848917,0.713753,0.70435524,0.69430226,0.6901254,0.69487,0.69866365,0.69472426,0.6762675,0.6363257,0.59755605,0.5615627,0.4915662,0.40096965,0.3219917,0.2726799,0.22892044,0.14366873,0.060591154,0.054427106,0.050011832,0.06477445,0.095938966,0.10021697,0.07315136,0.0152506605,0.09339773,0.032862708,0.092650294,0.082378305,0.051167633,0.022204895,0.011964526,0.014523806,0.029165756,0.047464907,0.065214776,0.07880102,0.07932085,0.065666914,0.05516026,0.057974305,0.077853695,0.1037025,0.12260057,0.118872,0.096352585,0.05215957,0.027395176,0.035563353,0.0819541,0.18061422,0.14068167,0.15467982,0.14316079,0.14706689,0.15930413,0.16668749,0.17770496,0.20046204,0.2034142,0.1891056,0.18244223,0.2000582,0.24168421,0.29212925,0.33649388,0.35914403,0.3502464,0.32002974,0.27821174,0.22934839,0.21219687,0.24266906,0.22433147,0.19050871,0.15605292,0.08395234,0.030813023,0.047300257,0.04952135,0.036213256,0.044911776,0.07467363,0.087807044,0.12657186,0.19032349,0.25777414,0.29401222,0.29337224,0.2856747,0.29488474,0.3355285,0.38587058,0.35376433,0.2604684,0.2118156,0.1690217,0.12293958,0.0818802,0.062224224,0.05160136,0.044685543,0.042241693,0.041069422,0.04135295,0.04121556,,,,,,,,,,,,,,,,,,,,,,,,,,,0.018527357,0.04629538,0.095586225,0.26045838,0.08751286,0.07815256,,,,,,,,,,,,,,,,,,,,,,,,,,,,,,,,,,,,,,,,,,,,,,,,,,,,,,,,,,,,,,,,,,,,,,,,,,,,,,,,,,,,,,,,,,,,,,,,,,,,,,,,,,,,,,,,,,,,,,,,,,,,,,,,,,,,,,,,,,,,,,,,,,,,,,,,,,,,,,,,,,,,,,,,,,,,0.029407294,0.030985538,0.013505443,0.06106752,0.071814835,0.061415765,0.049466014,0.06384484,0.043177877,0.022064198,0.03182027,0.03546183,0.023640638,0.02897604,0.026941454,0.031225748,0.026286243,0.028735626,0.06554196,0.047030035,0.06626673,0.062581755,0.041554824,0.02783444,0.0053847935,0.038307566,0.123885006,0.044236507,0.04317801,0.04058032,0.09090555,0.05254549,0.09841736,0.10568205,0.05818011,0.09174926,0.08544823,0.07890371,0.05180876,0.025717061,0.04098663,0.0060120765,0.04842298,0.08115578,0.085036956,0.08560872,0.08854193,0.09360283
21.25,,,,,,,,,,,,,,,,,,,,,,,,,,,,,,,,,,,,,,,,,,,,,,,,,,,,,,,,,,,,,,,,,,,,,,,,,,,,,,,,,,,,,,,,,,,,,,,,,,,,,,,,,,,,,,,,,,,,,,,,,,,,,,,,,,,,,,,,,0.03200637,0.037173804,0.04085056,0.027096996,0.03638649,0.021056313,0.06758786,0.1792968,0.10476998,0.14973012,0.14315295,0.20834845,0.29968807,0.25708523,0.20785283,0.2152275,0.24725409,0.27908733,0.32906544,0.40991944,0.49507305,0.5677393,0.62647885,0.6660045,0.6882666,0.6999267,0.7026911,0.6995482,0.691803,0.681152,0.6727359,0.66520005,0.64913315,0.6201632,0.5723708,0.5039937,0.4354808,0.3678651,0.2982172,0.2445453,0.2129478,0.16110006,0.07641756,0.05615982,0.07390647,0.06030278,0.07080994,0.08050141,0.05208211,0.058580637,0.08490204,0.012855211,0.092592366,0.08473868,0.065698676,0.052749246,0.043167826,0.037990093,0.03447781,0.04174862,0.054286115,0.069030695,0.075463384,0.06602497,0.05532402,0.04757228,0.058040306,0.08457366,0.11567009,0.13222884,0.12594685,0.09989512,0.06063189,0.05880294,0.13124388,0.23276591,0.16105041,0.16183235,0.13585629,0.14079043,0.15221119,0.16951524,0.19051886,0.2217707,0.25013602,0.2558881,0.25839564,0.2680739,0.28392106,0.30818582,0.34029555,0.36573008,0.36909336,0.3482316,0.3105749,0.26174963,0.22106504,0.22449422,0.2456769,0.20557782,0.1472341,0.08621353,0.04504841,0.052240767,0.053963482,0.043550197,0.021041967,0.026651256,0.050786976,0.062336415,0.06576463,0.08533546,0.12768568,0.18905886,0.23745203,0.23146597,0.2076264,0.25093856,0.36382148,0.36525178,0.26110905,0.21178226,0.19743519,0.17497863,0.13044421,0.083126664,0.058766495,0.048702657,0.04531281,0.042701013,0.041299663,0.04178147,0.041444678,,,,,,,,,,,,,,,,,,,,,,,,,0.012703102,0.014717436,0.0773338,0.13812901,0.25068676,0.09058647,0.11761958,,,,,,,,,,,,,,,,,,,,,,,,,,,,,,,,,,,,,,,,,,,,,,,,,,,,,,,,,,,,,,,,,,,,,,,,,,,,,,,,,,,,,,,,,,,,,,,,,,,,,,,,,,,,,,,,,,,,,,,,,,,,,,,,,,,,,,,,,,,,,,,,,,,,,,,,,,,,,,,,,,,,,,,,,,,0.016771207,0.015303965,0.008183731,0.04611192,0.09889087,0.06425481,0.03875913,0.014621755,0.04778126,0.06958185,0.039435823,0.047800004,0.032319766,0.028073722,0.05969571,0.036903862,0.055767927,0.08229626,0.05249765,0.1133472,0.06406726,0.06415473,0.057057396,0.051389694,0.026484076,0.044425532,0.019721491,0.11842471,0.04568007,0.07458772,0.07499928,0.04695296,0.047072724,0.046981156,0.09185303,0.112836756,0.11300629,0.05831592,0.1506563,0.19878344,0.19371746,0.14365783,0.14971492,0.15513474,0.13208202,0.15527351,0.17596686,0.17854232,0.16529201
21.166672,,,,,,,,,,,,,,,,,,,,,,,,,,,,,,,,,,,,,,,,,,,,,,,,,,,,,,,,,,,,,,,,,,,,,,,,,,,,,,,,,,,,,,,,,,,,,,,,,,,,,,,,,,,,,,,,,,,,,,,,,,,,,,,,,,,,,,,,0.012935937,0.025649622,0.03816363,0.04931588,0.011344502,0.022952149,0.044925787,0.15248571,0.22628038,0.09410587,0.13743907,0.12621391,0.20084989,0.2821073,0.24393499,0.19979222,0.20742416,0.23706241,0.2579014,0.29110897,0.35696068,0.43237373,0.49519753,0.5505202,0.5962619,0.6299221,0.6497393,0.6564375,0.65190345,0.6409718,0.6272225,0.60746825,0.5821266,0.5512686,0.51176447,0.46301985,0.4021497,0.33356497,0.27429533,0.23253508,0.2083646,0.18165174,0.11523343,0.06238365,0.06550363,0.056786485,0.06009298,0.109102435,0.11061389,0.090909034,0.068155356,0.039345272,0.08281981,0.06078427,0.038587954,0.029215507,0.030403413,0.027704565,0.020852543,0.022745084,0.041002516,0.05461426,0.06885806,0.06077414,0.040123843,0.029050408,0.034747884,0.069488965,0.10773282,0.13216372,0.13864066,0.12635833,0.099221036,0.07543057,0.1083947,0.20101133,0.21008989,0.1671215,0.16189365,0.12794723,0.13723385,0.16116516,0.18658692,0.22301555,0.26262134,0.28670225,0.29673716,0.30858043,0.32323793,0.33814728,0.35172486,0.36406878,0.3677407,0.35325468,0.3198443,0.27182528,0.22164035,0.20161605,0.22042857,0.2221517,0.16232166,0.078075625,0.03300724,0.08034972,0.09972958,0.0908266,0.05809186,0.013028765,0.027692473,0.04940487,0.05507002,0.04828968,0.04271587,0.044789426,0.06896542,0.11131986,0.14125454,0.15737373,0.2070462,0.33838466,0.35430104,0.26240975,0.19290973,0.17738537,0.18621655,0.17464027,0.12716872,0.08227692,0.058419563,0.051171195,0.04964132,0.045840167,0.041758027,0.037850928,0.032531153,,,,,,,,,,,,,,,,,,,,,,,0.012055472,0.010414626,0.044897065,0.0706549,0.122027755,0.22880057,0.13878605,0.123567685,,,,,,,,,,,,,,,,,,,,,,,,,,,,,,,,,,,,,,,,,,,,,,,,,,,,,,,,,,,,,,,,,,,,,,,,,,,,,,,,,,,,,,,,,,,,,,,,,,,,,,,,,,,,,,,,,,,,,,,,,,,,,,,,,,,,,,,,,,,,,,,,,,,,,,,,,,,,,,,,,,,,,,,,,,,0.01051703,0.014202408,0.0231213,0.06541787,0.01109372,0.088893935,0.0887844,0.07284234,0.0442291,0.077794254,0.022091277,0.08711243,0.09761566,0.07183024,0.11484233,0.07838565,0.08640433,0.11737448,0.07165432,0.124905415,0.084479935,0.06005533,0.061899185,0.06068464,0.025491519,0.0301602,0.057297487,0.13129227,0.10448849,0.0674079,0.041247062,0.044080105,0.08306445,0.017739862,0.052779514,0.06506631,0.11519754,0.15890022,0.16698906,0.13336088,0.10629056,0.05796437,0.10397025,0.13064437,0.098117545,0.12280297,0.15988642,0.16377866,0.15090682
21.083336,,,,,,,,,,,,,,,,,,,,,,,,,,,,,,,,,,,,,,,,,,,,,,,,,,,,,,,,,,,,,,,,,,,,,,,,,,,,,,,,,,,,,,,,,,,,,,,,,,,,,,,,,,,,,,,,,,,,,,,,,,,,,,,,,,,,,,,,0.022858001,0.04087006,0.06565349,0.051032912,0.011279828,0.008929954,0.06743094,0.1930486,0.21753137,0.067950755,0.099614516,0.1150524,0.20149593,0.26782468,0.23487154,0.19841306,0.20189835,0.23159438,0.2541954,0.27906504,0.33093646,0.39590898,0.45086214,0.49332455,0.5274082,0.55461293,0.57166225,0.576249,0.571216,0.55847394,0.54094476,0.5174959,0.48604223,0.44805402,0.40517104,0.36058536,0.3119193,0.25997683,0.21707147,0.19076668,0.16853777,0.12359615,0.06387426,0.054070596,0.054242294,0.03856002,0.04255573,0.12910798,0.10946229,0.07101773,0.04793372,0.049167264,0.048617862,0.06777506,0.09749213,0.118969955,0.12987757,0.12915564,0.117171586,0.10535279,0.10260435,0.10667096,0.11859428,0.12488808,0.1181485,0.11170882,0.11780564,0.13125528,0.14112909,0.1392086,0.12338526,0.096708536,0.07308179,0.08394058,0.15631561,0.23835655,0.14931002,0.16830999,0.13570514,0.1329005,0.14565079,0.16846834,0.2014908,0.247553,0.29342142,0.31759945,0.32753202,0.33977973,0.35091186,0.35502365,0.35379264,0.34632868,0.33072618,0.3026594,0.26317817,0.22100416,0.19134624,0.19528642,0.20607483,0.17363892,0.07398381,0.06526942,0.16122112,0.1925481,0.17395607,0.13321018,0.08907927,0.050462738,0.03897624,0.059312914,0.051945955,0.040383056,0.035952184,0.03851399,0.033563297,0.027868638,0.07431078,0.10927173,0.1773574,0.30852875,0.32089102,0.25234687,0.1868393,0.15352449,0.14689529,0.1586132,0.15693994,0.12214528,0.07791889,0.060040303,0.05695881,0.052859325,0.043565564,0.03322524,0.030309182,0.028071113,,,,,,,,,,,,,,,,,,,,0.026592107,0.03953216,0.033108797,0.0735415,0.16537434,0.1834066,0.19274051,0.23916958,0.12860681,0.0725929,0.07026736,0.043229956,,,,,,,,,,,,,,,,,,,,,,,,,,,,,,,,,,,,,,,,,,,,,,,,,,,,,,,,,,,,,,,,,,,,,,,,,,,,,,,,,,,,,,,,,,,,,,,,,,,,,,,,,,,,,,,,,,,,,,,,,,,,,,,,,,,,,,,,,,,,,,,,,,,,,,,,,,,,,,,,,,,,,,,,,0.01424812,0.012195209,0.025707785,0.07102523,0.07478214,0.16299097,0.13663098,0.12423025,0.11794909,0.06216395,0.032517433,0.12752353,0.17817649,0.13395613,0.12631166,0.10642573,0.12821111,0.1563281,0.08814035,0.08711601,0.08707943,0.047769416,0.09205391,0.12518856,0.09074976,0.12899162,0.17059797,0.1608912,0.071285814,0.054514524,0.14187264,0.2103008,0.22151217,0.16161452,0.09771746,0.019564457,0.064281456,0.13852187,0.18063837,0.17047738,0.15051295,0.06455887,0.049445737,0.10835708,0.03731251,0.04521826,0.04157124,0.02850099,0.054142307
21.0,,,,,,,,,,,,,,,,,,,,,,,,,,,,,,,,,,,,,,,,,,,,,,,,,,,,,,,,,,,,,,,,,,,,,,,,,,,,,,,,,,,,,,,,,,,,,,,,,,,,,,,,,,,,,,,,,,,,,,,,,,,,,,,,,,,,,,,0.037937503,0.040838663,0.05032893,0.057468295,0.028077226,0.016760424,0.03947377,0.113091156,0.18491814,0.1380666,0.072927564,0.07521197,0.11100647,0.19972698,0.25727737,0.23330118,0.20028438,0.1977101,0.22857243,0.2602567,0.2881094,0.33358288,0.39266336,0.44281888,0.47898585,0.5012831,0.5074171,0.5027163,0.49329546,0.48182917,0.4647717,0.4426701,0.41639212,0.38488486,0.35068312,0.31295854,0.27123615,0.2304074,0.19478016,0.17221218,0.15259579,0.11828111,0.07031028,0.038992636,0.042095646,0.0361697,0.022392148,0.026341822,0.10868242,0.09888622,0.04956342,0.035124097,0.07806368,0.11824558,0.1509581,0.17883347,0.19496854,0.2031474,0.20692015,0.21461792,0.22467448,0.23244452,0.23491566,0.22655097,0.21231456,0.1945328,0.17777273,0.16932423,0.16354814,0.15083171,0.12658244,0.09316703,0.066280805,0.08440572,0.1476636,0.2567861,0.29790136,0.11985578,0.1552484,0.1481787,0.1401617,0.15062925,0.1742548,0.20349903,0.24666128,0.29273346,0.32035908,0.3349095,0.3495263,0.35567647,0.34828472,0.33411828,0.313844,0.28644314,0.25339404,0.21982229,0.19411886,0.17801043,0.16039266,0.11754616,0.044270564,0.1553894,0.25513902,0.277646,0.24153209,0.184362,0.14807123,0.12543672,0.09931496,0.07349615,0.07576473,0.05346303,0.050417848,0.0587797,0.06618188,0.056542903,0.054152723,0.08465053,0.09070065,0.15299132,0.27088267,0.2819148,0.24329695,0.21000138,0.18736401,0.16355364,0.15396583,0.1527515,0.13993508,0.1110426,0.08066505,0.06641569,0.06164332,0.05412822,0.033767026,0.02389217,0.023649616,0.0152003085,,,,,,,,,,,,,,,,,0.028867573,0.027227685,0.03255909,0.029968653,0.051911775,0.080938146,0.08643202,0.112905055,0.22104459,0.12693189,0.021218786,0.044279296,0.049760487,0.019200142,,,,,,,,,,,,,,,,,,,,,,,,,,,,,,,,,,,,,,,,,,,,,,,,,,,,,,,,,,,,,,,,,,,,,,,,,,,,,,,,,,,,,,,,,,,,,,,,,,,,,,,,,,,,,,,,,,,,,,,,,,,,,,,,,,,,,,,,,,,,,,,,,,,,,,,,,,,,,,,,,,,,,,,,,,0.0036145563,0.022648148,0.042409394,0.11702348,0.19352603,0.12978199,0.022873785,0.033787023,0.06740373,0.12703457,0.16210839,0.13728203,0.10961432,0.17474152,0.18089995,0.13735439,0.18012688,0.15034933,0.10407082,0.09822946,0.058276605,0.12685147,0.13132551,0.13997184,0.16909832,0.12905616,0.088721335,0.1047361,0.14388752,0.18546815,0.21041432,0.21477191,0.2318364,0.29071686,0.1722261,0.0880061,0.05365892,0.10206437,0.09492058,0.09143291,0.08718214,0.10119327,0.073988095,0.030522745,0.029193155,0.016624447,0.031260494,0.042010132
20.916672,,,,,,,,,,,,,,,,,,,,,,,,,,,,,,,,,,,,,,,,,,,,,,,,,,,,,,,,,,,,,,,,,,,,,,,,,,,,,,,,,,,,,,,,,,,,,,,,,,,,,,,,,,,,,,,,,,,,,,,,,,,,,,,,,,,,,,,0.05684909,0.07355905,0.06808121,0.025966585,0.014786404,0.028970001,0.071932204,0.1650045,0.20942196,0.092857495,0.07165219,0.07816627,0.11374735,0.19455963,0.24771911,0.24059303,0.2057269,0.19030142,0.21710576,0.25880408,0.2944616,0.3447208,0.40901923,0.46228734,0.50378853,0.5315668,0.53297275,0.50945294,0.47244406,0.43399197,0.39691073,0.3613806,0.33106947,0.30209878,0.27330127,0.24671534,0.221215,0.1994472,0.18020253,0.16204153,0.14219339,0.120069414,0.09864923,0.072157726,0.04763745,0.034835473,0.004389326,0.049305525,0.069522515,0.059386462,0.054556284,0.10476523,0.14922376,0.17207205,0.18798067,0.20035678,0.21657014,0.23531038,0.2643642,0.29934365,0.33080605,0.3447068,0.33457702,0.31114718,0.28503326,0.25550655,0.22031467,0.19235939,0.17742541,0.16554599,0.1536332,0.14788167,0.16470064,0.21998462,0.28542086,0.33908853,0.25781837,0.11481475,0.14141466,0.16411875,0.14685649,0.15666927,0.1741397,0.19444813,0.22482654,0.26176527,0.28164944,0.28289303,0.2851618,0.28668308,0.2726221,0.24558337,0.21184346,0.17354311,0.13158923,0.09133773,0.061983727,0.036564957,0.05987937,0.14445578,0.2370174,0.2775722,0.256972,0.20463504,0.1485474,0.11895697,0.1549778,0.1710095,0.12976651,0.102240816,0.08088707,0.07131721,0.086509556,0.09917765,0.09389568,0.07677339,0.08657269,0.084028006,0.088216215,0.14856689,0.23366874,0.25521094,0.25141388,0.25596607,0.25890812,0.24026906,0.20864654,0.18285249,0.16153176,0.14189212,0.11761959,0.095593475,0.08262275,0.082297504,0.06931712,0.038679764,0.019194273,0.019310582,0.017798817,,,,,,,,,,,,,,0.047859497,0.0457019,0.05077302,0.033493858,0.022391712,0.025868207,0.086909674,0.1629829,0.09607952,0.097105645,0.11102087,0.030302808,0.0131454775,0.015119519,0.08274246,0.026386699,0.026716897,,,,,,,,,,,,,,,,,,,,,,,,,,,,,,,,,,,,,,,,,,,,,,,,,,,,,,,,,,,,,,,,,,,,,,,,,,,,,,,,,,,,,,,,,,,,,,,,,,,,,,,,,,,,,,,,,,,,,,,,,,,,,,,,,,,,,,,,,,,,,,,,,,,,,,,,,,,,,,,,,,,,,,,,,0.007664406,0.015294674,0.04086297,0.060724404,0.20831573,0.21579522,0.21505268,0.21857946,0.2024983,0.21142831,0.18238726,0.117225595,0.12372484,0.22387019,0.21495475,0.102322005,0.13073914,0.14765975,0.11532587,0.07224159,0.05206005,0.08698695,0.06929368,0.030278064,0.06863488,0.08308201,0.08866639,0.12337755,0.2214783,0.27447557,0.27126792,0.23311506,0.21011464,0.24924694,0.1794059,0.061174117,0.03988083,0.12045949,0.17972367,0.16755578,0.10112117,0.068583086,0.047890887,0.062159713,0.065845735,0.065640464,0.069294885,0.08158583
20.833336,,,,,,,,,,,,,,,,,,,,,,,,,,,,,,,,,,,,,,,,,,,,,,,,,,,,,,,,,,,,,,,,,,,,,,,,,,,,,,,,,,,,,,,,,,,,,,,,,,,,,,,,,,,,,,,,,,,,,,,,,,,,,,,,,,,,,,0.044097364,0.037847817,0.059642512,0.051915247,0.025915487,0.046132464,0.0451946,0.11356981,0.2026381,0.20078142,0.08084031,0.083668195,0.09871411,0.12455029,0.18447669,0.23320416,0.25027806,0.2243991,0.18926224,0.19518255,0.23769638,0.2840034,0.33496845,0.3919892,0.43674085,0.47424102,0.5136203,0.54287666,0.5504746,0.52897364,0.48176777,0.41873533,0.3548472,0.30445766,0.27326992,0.25061885,0.2311404,0.21584284,0.20299593,0.19011915,0.17657487,0.16315189,0.14792974,0.11908769,0.08638322,0.067312576,0.06754698,0.06667568,0.06860965,0.047993522,0.051087372,0.104450785,0.16138618,0.17289615,0.1756983,0.1797165,0.19486354,0.20622309,0.22026616,0.25049707,0.2844156,0.30866852,0.31793848,0.31075895,0.30435333,0.3156673,0.32960102,0.30619726,0.25878724,0.22727224,0.21299987,0.20543855,0.20862724,0.23395327,0.27670577,0.30159116,0.2625898,0.12527063,0.068653844,0.11187002,0.15822542,0.15166834,0.16323213,0.17768438,0.19183454,0.21351865,0.24595124,0.27209166,0.27345327,0.255433,0.23159264,0.19864747,0.15079758,0.09594606,0.03867907,0.03233205,0.08282345,0.12600468,0.15763715,0.17595474,0.17889099,0.16194838,0.13130909,0.09939502,0.07336505,0.05615658,0.09914962,0.18331063,0.20755692,0.14415967,0.12566113,0.093277715,0.10628811,0.126387,0.1243558,0.10638362,0.10209478,0.09240916,0.095235884,0.12845863,0.17412642,0.21728274,0.24570875,0.26658565,0.301535,0.33426052,0.3316784,0.30152228,0.25560495,0.20648609,0.16589268,0.13894686,0.123937875,0.11432635,0.11705885,0.12142164,0.102299355,0.074902005,0.049837552,0.026101796,0.015248411,0.012248561,,,,,,,,,,0.06528451,0.06042636,0.066617034,0.052102696,0.031643797,0.017570788,0.044284314,0.031915072,0.12944384,0.1623912,0.073893145,0.08482823,0.03880263,0.011146029,0.021016506,0.03033303,0.08043252,0.053118736,0.022315476,,,,,,,,,,,,,,,,,,,,,,,,,,,,,,,,,,,,,,,,,,,,,,,,,,,,,,,,,,,,,,,,,,,,,,,,,,,,,,,,,,,,,,,,,,,,,,,,,,,,,,,,,,,,,,,,,,,,,,,,,,,,,,,,,,,,,,,,,,,,,,,,,,,,,,,,,,,,,,,,,,,,,,,,,,0.009659573,0.04393494,0.010885016,0.14637882,0.30282432,0.33778793,0.3246485,0.31711826,0.2949521,0.26697516,0.23382093,0.25442111,0.25912264,0.22274837,0.20088239,0.21009523,0.21450904,0.1645343,0.10530583,0.03913843,0.038570028,0.073342815,0.06271999,0.035877883,0.05491158,0.08207653,0.21519811,0.35334814,0.38319993,0.33055612,0.27061507,0.2320935,0.19866017,0.12270848,0.024108436,0.12365635,0.18874483,0.21410523,0.11264929,0.07752058,0.15671882,0.1741661,0.174674,0.17268474,0.15680987,0.12443133,0.10231086
20.75,,,,,,,,,,,,,,,,,,,,,,,,,,,,,,,,,,,,,,,,,,,,,,,,,,,,,,,,,,,,,,,,,,,,,,,,,,,,,,,,,,,,,,,,,,,,,,,,,,,,,,,,,,,,,,,,,,,,,,,,,,,,,,,,,,,,,0.024713676,0.028522128,0.072960384,0.0697596,0.045494743,0.051557835,0.061811905,0.08679262,0.15636109,0.19863342,0.15021653,0.096342325,0.115385175,0.12214288,0.14084555,0.17761669,0.22535715,0.2587054,0.24606699,0.19553252,0.17388386,0.20451736,0.24198653,0.26518923,0.29313874,0.3199405,0.3316806,0.35167062,0.3854682,0.43578595,0.4874138,0.5166513,0.48678663,0.4118663,0.32853904,0.26984432,0.24232477,0.22853084,0.21635,0.2055131,0.1939156,0.18003024,0.15999357,0.12471433,0.089527555,0.09593987,0.09941479,0.10076496,0.08485308,0.05204817,0.044061814,0.0880172,0.15459809,0.18124013,0.1591174,0.15559378,0.15561637,0.17970444,0.18166307,0.16948237,0.16607621,0.18006225,0.1970343,0.21076314,0.21912566,0.21531536,0.23743387,0.2995862,0.34122965,0.31981108,0.28153592,0.25786117,0.23552388,0.21063691,0.19431417,0.1932684,0.1862328,0.13457507,0.04911192,0.046147514,0.08418905,0.13719764,0.15651846,0.16942745,0.18238589,0.19390053,0.20885114,0.23286523,0.26576024,0.29150572,0.29810244,0.29018033,0.27306202,0.24663657,0.2090409,0.15820594,0.0993008,0.0455403,0.017291993,0.026745684,0.032137293,0.036742307,0.028870875,0.010700603,0.016220942,0.041388888,0.057397228,0.11831573,0.21301907,0.22209099,0.16402517,0.144291,0.1214254,0.14031878,0.14726195,0.1279006,0.12052784,0.115372434,0.110618815,0.13167544,0.18065521,0.19911107,0.2145326,0.2498461,0.28044415,0.33163428,0.3792534,0.38701138,0.3729749,0.34335622,0.29034808,0.22137123,0.15584485,0.10939045,0.092520416,0.09631362,0.10428709,0.10943302,0.10413776,0.08809977,0.06724146,0.041353438,0.00872906,0.017334724,0.035794206,,,,,0.06286296,0.065523304,0.08636833,0.07829567,0.05331844,0.026029691,0.02212483,0.022242215,0.025466856,0.072039776,0.04464742,0.20678484,0.1874321,0.069306545,0.048360266,0.029767934,0.015579605,0.0092417225,0.02373927,0.06963342,0.06762697,0.024602773,,,,,,,,,,,,,,,,,,,,,,,,,,,,,,,,,,,,,,,,,,,,,,,,,,,,,,,,,,,,,,,,,,,,,,,,,,,,,,,,,,,,,,,,,,,,,,,,,,,,,,,,,,,,,,,,,,,,,,,,,,,,,,,,,,,,,,,,,,,,,,,,,,,,,,,,,,,,,,,,,,,,,,,,,,0.021326039,0.030690923,0.02566336,0.07605519,0.18977885,0.17417537,0.24385494,0.27173486,0.27048752,0.2589316,0.23779155,0.2342562,0.23295236,0.23099957,0.23270519,0.24249779,0.25852293,0.25153506,0.20418595,0.12475546,0.03508423,0.05859642,0.09565898,0.09109425,0.08866788,0.101303965,0.30317426,0.39455912,0.36472803,0.22109483,0.12080424,0.1829494,0.18471865,0.087832525,0.04179133,0.17516991,0.22423264,0.21760377,0.07823912,0.111562,0.22636987,0.20250282,0.14946379,0.1299802,0.12223811,0.09704551,0.04777541
20.666672,,,,,,,,,,,,,,,,,,,,,,,,,,,,,,,,,,,,,,,,,,,,,,,,,,,,,,,,,,,,,,,,,,,,,,,,,,,,,,,,,,,,,,,,,,,,,,,,,,,,,,,,,,,,,,,,,,,,,,,,,,,,,,,,,,,,0.016504465,0.020593343,0.030196385,0.05176617,0.06050234,0.04340965,0.03230768,0.052476574,0.12978941,0.18000977,0.1731379,0.12551925,0.12764853,0.14339009,0.13929407,0.15141599,0.17230704,0.21197224,0.2534546,0.26320887,0.21023862,0.15289944,0.16049078,0.19611996,0.19052628,0.16781534,0.18025868,0.20091504,0.21085177,0.21528587,0.23630226,0.2677435,0.3399906,0.39896154,0.41606355,0.3733543,0.2906887,0.24655268,0.23453124,0.21898966,0.19956023,0.17763776,0.14890073,0.111925565,0.08301877,0.09010406,0.09341877,0.09669737,0.094018124,0.06377725,0.04147851,0.07316634,0.13868394,0.1910843,0.17006427,0.14490086,0.13212809,0.13573335,0.15404382,0.165803,0.16189443,0.1447546,0.12941127,0.12527156,0.1417301,0.15777203,0.15073216,0.15148124,0.19768782,0.26200014,0.28598088,0.26384026,0.23403284,0.20443478,0.16773091,0.13154401,0.106751725,0.09092439,0.062388275,0.03395409,0.054445207,0.102640435,0.127066,0.15829304,0.17662735,0.18925023,0.19832455,0.21025044,0.22661506,0.2482347,0.27160895,0.28815255,0.2947182,0.29310584,0.284266,0.26780578,0.24293569,0.2047581,0.1529508,0.12158375,0.12418506,0.1329235,0.12754898,0.10842557,0.102674805,0.07598906,0.0727475,0.09315036,0.1437669,0.23147754,0.22026896,0.18434961,0.16023593,0.14823282,0.15735656,0.14959054,0.13001785,0.13138014,0.12636223,0.120136365,0.14400527,0.19597875,0.22001289,0.23723935,0.26030385,0.2819655,0.32928473,0.37318924,0.38571906,0.3955254,0.4045877,0.38291374,0.32273102,0.23377989,0.14893605,0.08592664,0.05065175,0.03846052,0.016942203,0.03123792,0.051990688,0.06633026,0.07870146,0.06543945,0.05515876,0.011542109,0.04322275,0.068675056,0.0737034,0.06713259,0.08420666,0.09582595,0.084237926,0.06532197,0.03511126,0.014994699,0.0040588,0.011158632,0.021187633,0.07882653,0.09664957,0.2049694,0.18308683,0.03494403,0.045604628,0.041947268,0.019945411,0.009338768,0.023460183,0.068161905,0.070013866,0.025864825,,,,,,,,,,,,,,,,,,,,,,,,,,,,,,,,,,,,,,,,,,,,,,,,,,,,,,,,,,,,,,,,,,,,,,,,,,,,,,,,,,,,,,,,,,,,,,,,,,,,,,,,,,,,,,,,,,,,,,,,,,,,,,,,,,,,,,,,,,,,,,,,,,,,,,,,,,,,,,,,,,,,,,,,,,0.0084845275,0.028333968,0.037226595,0.085545145,0.12293569,0.09758605,0.02824695,0.11097144,0.16109902,0.18336806,0.20735161,0.21949688,0.22906068,0.22705176,0.22188652,0.22179309,0.2246055,0.22113307,0.21644747,0.19706376,0.15345246,0.045872357,0.034684654,0.064135574,0.08165056,0.14226615,0.29477203,0.34400553,0.3490052,0.23945832,0.079525635,0.16983643,0.18399219,0.10994008,0.09664899,0.18092643,0.21073012,0.22327916,0.12028609,0.1500668,0.24860199,0.18166995,0.09488281,0.039702024,0.021027863,0.061794363,0.1157136
20.583336,,,,,,,,,,,,,,,,,,,,,,,,,,,,,,,,,,,,,,,,,,,,,,,,,,,,,,,,,,,,,,,,,,,,,,,,,,,,,,,,,,,,,,,,,,,,,,,,,,,,,,,,,,,,,,,,,,,,,,,,,,,,,,0.010256235,0.010835207,0.012409501,,,,0.014806329,0.0138936,0.018449107,,,0.04966388,0.044460475,0.103962004,0.16974054,0.18469808,0.15433232,0.13008447,0.14656402,0.14598973,0.13405083,0.13725494,0.14660656,0.17421357,0.21706721,0.26368386,0.24640934,0.1504655,0.10616915,0.11035981,0.11700328,0.07099866,0.038329244,0.09999423,0.1303414,0.15361774,0.15525101,0.13213761,0.15584522,0.21850449,0.2799703,0.31979236,0.2664294,0.20460881,0.18928657,0.1750302,0.15362215,0.12575288,0.101384506,0.09455884,0.098677434,0.094000526,0.093731165,0.113161094,0.10233701,0.069757745,0.074071504,0.12589794,0.18788014,0.20690644,0.16497074,0.15313333,0.14843261,0.15115894,0.14582737,0.14249894,0.145562,0.13934244,0.12340393,0.108032055,0.109787874,0.13591224,0.14766848,0.14813517,0.15085123,0.17296076,0.21292408,0.2189518,0.19389214,0.1502202,0.101146,0.05115124,0.0052899783,0.04614126,0.06159149,0.05189595,0.06370421,0.12333023,0.1376142,0.1631175,0.1850768,0.1942333,0.19377974,0.19534126,0.20052792,0.2072463,0.21525565,0.22326025,0.22886442,0.23143736,0.23494393,0.24533972,0.26287162,0.26458156,0.22133183,0.16733056,0.15019868,0.13984132,0.12226758,0.12005229,0.14127137,0.1368133,0.1003906,0.13398026,0.16308366,0.23664308,0.21976878,0.20385267,0.17014354,0.157357,0.15807578,0.14263275,0.123773225,0.12863325,0.12766223,0.11547172,0.12440113,0.17798974,0.22456148,0.24717659,0.25242627,0.25554645,0.28513178,0.3180563,0.3124044,0.31824106,0.35112002,0.3921372,0.39887673,0.32638174,0.22013538,0.14748767,0.09843905,0.062329385,0.04606328,0.045467313,0.032397304,0.015803035,0.07326754,0.11106196,0.068379365,0.035831667,0.037132606,0.039259873,0.04325825,0.029622808,0.018832143,0.04680623,0.037322115,0.043254957,0.051531408,0.068523176,0.06621358,0.04903933,0.010037107,0.07797278,0.15191124,0.26825026,0.1857349,0.042835295,0.059493933,0.042588413,0.023304129,0.007985822,0.032087415,0.07020253,0.07065605,0.0263942,,,,,,,,,,,,,,,,,,,,,,,,,,,,,,,,,,,,,,,,,,,,,,,,,,,,,,,,,,,,,,,,,,,,,,,,,,,,,,,,,,,,,,,,,,,,,,,,,,,,,,,,,,,,,,,,,,,,,,,,,,,,,,,,,,,,,,,,,,,,,,,,,,,,,,,,,,,,,,,,,,,,,,,0.033069227,0.058896948,0.03130585,0.026280876,0.0591984,0.07636837,0.024585137,0.09102592,0.13148999,0.11736838,0.07792701,0.09521598,0.14678562,0.1976179,0.23112442,0.23620234,0.23963603,0.24125883,0.24725609,0.2252643,0.18712816,0.1568254,0.12713136,0.16060811,0.13192081,0.054287396,0.02403033,0.07139119,0.16194278,0.20214799,0.274114,0.3115952,0.29871234,0.23875198,0.20702417,0.1898016,0.14043465,0.116736665,0.14130111,0.17314138,0.16747092,0.109976836,0.17142014,0.23295906,0.131204,0.060984407,0.09126595,0.16781235,0.23432882,0.25451514
20.5,,,,,,,,,,,,,,,,,,,,,,,,,,,,,,,,,,,,,,,,,,,,,,,,,,,,,,,,,,,,,,,,,,,,,,,,,,,,,,,,,,,,,,,,,,,,,,,,,,,,,,,,,,,,,,,,,,,,,,,,,,,,,0.015033903,0.015033063,0.016681442,0.020071585,,,,0.01641927,0.007990466,0.017379869,,0.030818239,0.046739727,0.10117885,0.15668847,0.18642552,0.17356458,0.13800156,0.12950036,0.1413408,0.12938873,0.11699687,0.113667846,0.10679948,0.117183656,0.15042776,0.21603537,0.27684155,0.21463622,0.11786354,0.09040739,0.055364065,0.034632772,0.034621365,0.050095737,0.073950455,0.10943994,0.15680398,0.12471002,0.09767397,0.12255209,0.17931655,0.24188107,0.23045576,0.16463055,0.13472128,0.124693535,0.11348702,0.10498579,0.10253085,0.10379726,0.09894351,0.092033334,0.13081124,0.14947118,0.112064,0.085971884,0.11712454,0.17127635,0.21324354,0.20857541,0.16817595,0.16000143,0.15604371,0.15685357,0.15797777,0.15128972,0.14128168,0.13207059,0.12458825,0.11432175,0.111583106,0.13207743,0.15396814,0.16688277,0.17403924,0.19483832,0.22778782,0.23949201,0.2227072,0.16821787,0.10785947,0.07164166,0.02940866,0.046787273,0.09609778,0.11208088,0.110057354,0.14798307,0.17206009,0.17924426,0.20217529,0.20229293,0.18776053,0.17429455,0.16542919,0.16037379,0.15827374,0.15720847,0.15213154,0.14051387,0.13548128,0.1558325,0.20473476,0.25761107,0.2553777,0.19305837,0.14843342,0.11606518,0.100475766,0.10217442,0.11814461,0.14269948,0.1324106,0.15611714,0.17121539,0.23106843,0.23757872,0.21366075,0.16514182,0.13958544,0.14363442,0.12936926,0.10835352,0.1119624,0.12084055,0.107956864,0.106530935,0.15204026,0.20639585,0.23086645,0.22137484,0.19124575,0.22257765,0.26005557,0.2521534,0.22781175,0.20324787,0.24934022,0.37303317,0.3800374,0.26373425,0.19481254,0.15161021,0.11447915,0.06811532,0.02369083,0.034987584,0.049617283,0.08775774,0.063184194,0.024605716,0.03806974,0.0068051587,0.020429017,0.07390294,0.080696985,0.0629293,0.095366426,0.05210685,0.023091877,0.0389426,0.06320755,0.04912217,0.022202646,0.048026785,0.16638342,0.2818105,0.32293835,0.09004027,0.06338755,0.06289018,0.020650614,0.012807168,0.0067614773,0.036229577,0.08059874,0.06817011,0.025754705,,,,,,,,,,,,,,,,,,,,,,,,,,,,,,,,,,,,,,,,,,,,,,,,,,,,,,,,,,,,,,,,,,,,,,,,,,,,,,,,,,,,,,,,,,,,,,,,,,,,,,,,,,,,,,,,,,,,,,,,,,,,,,,,,,,,,,,,,,,,,,,,,,,,,,,,,,,,,,,,,,,,,,,0.01509884,0.053909395,0.06668949,0.060712893,0.11759922,0.13302724,0.16838016,0.14902565,0.08756016,0.12438843,0.16709878,0.17119412,0.17567627,0.21265566,0.22988062,0.21991117,0.2047465,0.23304,0.2553724,0.24639836,0.1741383,0.1815992,0.1054179,0.07584351,0.18231401,0.1310116,0.047214746,0.064002976,0.100878745,0.107130274,0.15299211,0.19844007,0.24803197,0.2684127,0.22957538,0.13935418,0.08959372,0.062779136,0.06583032,0.1014453,0.121612586,0.11442519,0.15963735,0.16988122,0.13139911,0.17719756,0.2539379,0.31065005,0.30589825,0.229978
20.416672,,,,,,,,,,,,,,,,,,,,,,,,,,,,,,,,,,,,,,,,,,,,,,,,,,,,,,,,,,,,,,,,,,,,,,,,,,,,,,,,,,,,,,,,,,,,,,,,,,,,,,,,,,,,,,,,,,,,,,,,,,,,,0.018380538,0.02407258,0.031787366,0.035331212,,,0.020070251,0.019756107,0.013349536,,0.033877727,0.03266463,0.056324493,0.13829134,0.16016632,0.16814244,0.1376209,0.11623836,0.11675399,0.119710304,0.10176022,0.08174094,0.09465693,0.08630705,0.084284775,0.09352423,0.12739293,0.21084802,0.26737607,0.2161497,0.13385849,0.094229475,0.057593986,0.019159002,0.016510585,0.028358009,0.049186956,0.152711,0.10476981,0.07481042,0.108565174,0.13009527,0.19339518,0.20478871,0.16936776,0.13789427,0.12876438,0.12649687,0.1215582,0.118425846,0.11052223,0.09099385,0.11908762,0.17230824,0.14761384,0.109284475,0.118622094,0.15922253,0.19956776,0.22036214,0.19874768,0.16399659,0.15371414,0.1445804,0.14757127,0.1693952,0.18371218,0.16923298,0.14884411,0.14866298,0.15547779,0.1494272,0.13579203,0.12510438,0.13962752,0.1938028,0.25205618,0.26158458,0.2394817,0.22762899,0.1693322,0.09647499,0.09045338,0.08380113,0.03776259,0.05207113,0.13418335,0.16564192,0.18319269,0.21525481,0.19808514,0.20795782,0.2032746,0.18392575,0.16404864,0.14836535,0.13890758,0.13728954,0.13822754,0.13543387,0.12175231,0.092998914,0.084126934,0.12471025,0.20096488,0.24531212,0.22161807,0.17957026,0.14859606,0.13717976,0.13338354,0.13220637,0.14155363,0.14756629,0.15288402,0.1737735,0.20340241,0.23164812,0.2188985,0.15700819,0.10367483,0.110565625,0.110212445,0.09168161,0.08367032,0.10301214,0.09482327,0.08838063,0.120395705,0.17496113,0.20082127,0.1906806,0.14853863,0.1905089,0.23591854,0.25174075,0.23265395,0.16988683,0.11153406,0.240447,0.36788034,0.2697226,0.200104,0.16283551,0.14607956,0.1277167,0.092261486,0.044926997,0.05225846,0.119071156,0.027471874,0.039452173,0.031577546,0.023951693,0.038366955,0.039805356,0.09361848,0.026254997,0.06673348,0.08482755,0.09105459,0.10448114,0.09918688,0.082739644,0.08475308,0.09811674,0.14963001,0.21555592,0.22268873,0.09735127,0.06889563,0.050115254,0.018993462,0.020022126,0.0127628185,0.047340598,0.08657634,0.06552812,0.025320567,,,,,,,,,,,,,,,,,,,,,,,,,,,,,,,,,,,,,,,,,,,,,,,,,,,,,,,,,,,,,,,,,,,,,,,,,,,,,,,,,,,,,,,,,,,,,,,,,,,,,,,,,,,,,,,,,,,,,,,,,,,,,,,,,,,,,,,,,,,,,,,,,,,,,,,,,,,,,,,,,,,,,,,0.009389503,0.057060935,0.16545913,0.14741932,0.19563013,0.20141432,0.22786023,0.2591756,0.20328808,0.12502116,0.13129714,0.22957397,0.29373407,0.3076743,0.26736814,0.17056137,0.021199424,0.1596203,0.24724543,0.2687457,0.18702944,0.091038086,0.12445911,0.17544419,0.19727425,0.14738937,0.09923898,0.06735091,0.05420045,0.042244118,0.064426504,0.12050233,0.10738849,0.14282039,0.18198897,0.17241691,0.043519795,0.012259365,0.05294858,0.08122324,0.09236112,0.07653618,0.08578568,0.13997976,0.20353405,0.2743274,0.31697786,0.28910893,0.17942736,0.094911225
20.333336,,,,,,,,,,,,,,,,,,,,,,,,,,,,,,,,,,,,,,,,,,,,,,,,,,,,,,,,,,,,,,,,,,,,,,,,,,,,,,,,,,,,,,,,,,,,,,,,,,,,,,,,,,,,,,,,,,,,,,,,,,,,0.018768784,0.023349121,0.034296468,0.04562367,0.05670625,0.043976467,0.018112712,0.02037715,0.02508615,,,0.041755363,0.074721016,0.121266596,0.16274628,0.16240245,0.15835676,0.1427061,0.12400289,0.10427818,0.08383282,0.07581052,0.059197944,0.015109589,0.03151109,0.058521524,0.068786405,0.06785426,0.083910204,0.1358845,0.1820258,0.18462996,0.16767061,0.14475735,0.11507237,0.08724218,0.0467258,0.11650436,0.1592179,0.10580051,0.07555341,0.09605144,0.13482478,0.18927169,0.18024643,0.15425314,0.14533406,0.14137413,0.1371404,0.1284873,0.11339262,0.08826782,0.09191777,0.16064376,0.17692901,0.13996808,0.12900643,0.15352893,0.1867742,0.21265884,0.2136301,0.18518369,0.15513657,0.14433454,0.1406982,0.15223834,0.18114357,0.21540415,0.21297652,0.19507486,0.19134003,0.16331232,0.10843662,0.07327477,0.057379413,0.10959756,0.19898744,0.21936494,0.18525901,0.23796506,0.2326179,0.1449935,0.04548402,0.0813971,0.1497962,0.15123977,0.07697471,0.1418249,0.19672829,0.21208642,0.23854268,0.21641709,0.19096145,0.18728708,0.18046132,0.16469269,0.1343673,0.11748479,0.110318795,0.10725432,0.113054164,0.12790918,0.116366,0.0849778,0.08950662,0.15173882,0.21935023,0.23453839,0.21742387,0.19766748,0.19087827,0.18718036,0.17291549,0.1543429,0.14399973,0.13794652,0.16553606,0.18270507,0.20459974,0.20414364,0.15565073,0.10445112,0.07339685,0.06024658,0.06681141,0.05395103,0.07692853,0.072817236,0.06802119,0.0922379,0.1478813,0.1791378,0.17696884,0.12597577,0.15375224,0.23675126,0.27683368,0.2407657,0.17059919,0.114254095,0.17194189,0.31232643,0.2642994,0.20128855,0.16740397,0.15320568,0.14303634,0.13518532,0.11305822,0.08016387,0.07554364,0.02347333,0.026574772,0.033019204,0.030356864,0.03522246,0.034155793,0.06259854,0.086092114,0.051320516,0.028562468,0.08611757,0.12216939,0.1676064,0.19582374,0.17145975,0.14746653,0.15034921,0.16460216,0.19513658,0.12078398,0.043749522,0.031558614,0.015955383,0.02651134,0.02463277,0.07226171,0.090922706,0.06882497,,,,,,,,,,,,,,,,,,,,,,,,,,,,,,,,,,,,,,,,,,,,,,,,,,,,,,,,,,,,,,,,,,,,,,,,,,,,,,,,,,,,,,,,,,,,,,,,,,,,,,,,,,,,,,,,,,,,,,,,,,,,,,,,,,,,,,,,,,,,,,,,,,,,,,,,,,,,,,,,,,,,,,,,0.0144204,0.13378811,0.2632576,0.23700823,0.15063213,0.049203716,0.07604942,0.1332732,0.15012348,0.0783533,0.05569071,0.16179338,0.27987894,0.371818,0.4077245,0.37396303,0.28151536,0.23201415,0.2388861,0.2429307,0.198114,0.090314545,0.12708758,0.2687121,0.23783694,0.15944234,0.13126709,0.11335984,0.10310246,0.10928198,0.160551,0.20203671,0.1677364,0.14062509,0.16363783,0.24915276,0.1806446,0.11848394,0.08281397,0.075339064,0.0789662,0.106327064,0.15275964,0.20500319,0.25303787,0.2831109,0.25916162,0.1653224,0.099787295,0.14627184
20.25,,,,,,,,,,,,,,,,,,,,,,,,,,,,,,,,,,,,,,,,,,,,,,,,,,,,,,,,,,,,,,,,,,,,,,,,,,,,,,,,,,,,,,,,,,,,,,,,,,,,,,,,,,,,,,,,,,,,,,,,,,,0.018122826,0.026377413,0.03925032,0.047845185,0.065953106,0.07173678,0.061168823,0.039628677,0.026313163,0.041153915,,0.04315542,0.049442135,0.10298218,0.16806874,0.20537513,0.21520495,0.20102243,0.18309183,0.1699594,0.14098056,0.091081895,0.04925838,0.05674628,0.0823569,0.07042508,0.042297527,0.039603036,0.04890093,0.050831538,0.06736175,0.07933162,0.102600895,0.092111364,0.06573853,0.037280407,0.053915568,0.11998079,0.14561887,0.11858764,0.10282307,0.1109015,0.12602699,0.15033062,0.16376914,0.16497658,0.159002,0.1546228,0.14835899,0.1364272,0.115963906,0.08358566,0.06644813,0.1298761,0.17615113,0.1593793,0.1448547,0.16096173,0.17989634,0.20036678,0.20905022,0.19913185,0.17353442,0.149694,0.13809697,0.12801524,0.11866622,0.13955769,0.20387654,0.21808003,0.17708002,0.14975524,0.12596957,0.12237536,0.10292759,0.105012126,0.143154,0.11863766,0.11114452,0.26910606,0.30925426,0.21771821,0.08462207,0.09614261,0.16362219,0.25299975,0.27892888,0.16163845,0.15891531,0.20792988,0.22352996,0.2348057,0.22146684,0.19138345,0.17002396,0.17525876,0.16883613,0.14093523,0.10914414,0.0888636,0.071335614,0.06669661,0.09100337,0.123154745,0.100767165,0.10233693,0.13484876,0.19986397,0.24374296,0.25402048,0.25066954,0.2503856,0.24255525,0.21909554,0.18947916,0.15615492,0.1270227,0.12109552,0.14837168,0.17332858,0.18674462,0.16955121,0.14073655,0.08853411,0.00564792,0.037814967,0.038239017,0.043874677,0.04920058,0.052039273,0.0761433,0.1280253,0.17117101,0.17342211,0.121321335,0.13111222,0.30214554,0.30601308,0.24155007,0.16936187,0.122607775,0.1871653,0.27144268,0.250588,0.20580977,0.17925183,0.15472719,0.1343232,0.13081582,0.1324703,0.12059183,0.09550979,0.065543175,0.04072125,0.03619047,0.041159894,0.05271076,0.053074896,0.03202996,0.010798106,0.041498654,0.050022297,0.010659899,0.023407519,0.05198395,0.15951268,0.21657111,0.238429,0.23658648,0.25627026,0.21498215,0.054956526,0.023208817,0.028605347,0.025782563,0.03420497,0.039819464,0.097705245,0.09186792,0.063658014,,,,,,,,,,,,,,,,,,,,,,,,,,,,,,,,,,,,,,,,,,,,,,,,,,,,,,,,,,,,,,,,,,,,,,,,,,,,,,,,,,,,,,,,,,,,,,,,,,,,,,,,,,,,,,,,,,,,,,,,,,,,,,,,,,,,,,,,,,,,,,,,,,,,,,,,,,,,,,,,,,,,,,0.08488923,0.060843006,0.054137327,0.15490147,0.13010338,0.024572333,0.08081974,0.16448103,0.25578764,0.32070994,0.3583599,0.381196,0.38463345,0.38341612,0.3858903,0.39742923,0.42391744,0.44287437,0.41756833,0.34957242,0.28144228,0.2319599,0.18472737,0.1075083,0.04880349,0.23651668,0.21513304,0.16672765,0.16956066,0.20596753,0.26795116,0.31169057,0.34804058,0.39064187,0.41622528,0.40174964,0.3589666,0.34635758,0.3205726,0.27601144,0.2496145,0.23933105,0.23673464,0.23643424,0.24336436,0.2555142,0.25494367,0.20469685,0.108007364,0.06883078,0.10576974,0.1692797
20.166672,,,,,,,,,,,,,,,,,,,,,,,,,,,,,,,,,,,,,,,,,,,,,,,,,,,,,,,,,,,,,,,,,,,,,,,,,,,,,,,,,,,,,,,,,,,,,,,,,,,,,,,,,,,,,,,,,,,,,,,,,,,0.021234225,0.031599186,0.05191406,0.054141738,0.075131014,0.084002584,0.07017568,0.055376675,0.049462683,0.05297523,0.045005273,0.02026365,0.061696596,0.099859014,0.18827768,0.21726036,0.16989774,0.12761687,0.11149251,0.09722516,0.073226295,0.036310438,0.026596423,0.00954532,0.057813156,0.0898877,0.08490289,0.041735765,0.019636989,0.05245328,0.073634215,0.06768052,0.0718116,0.07279783,0.081652455,0.10904311,0.13221824,0.13899465,0.124850325,0.11863663,0.12686653,0.14496823,0.16227816,0.17089172,0.17029284,0.16815946,0.16844852,0.16236985,0.14429475,0.11917374,0.08900001,0.06898619,0.116301574,0.16500822,0.17198732,0.1642424,0.17895639,0.19119531,0.20103562,0.20494883,0.19816042,0.18219867,0.16043942,0.13972798,0.12619369,0.11858112,0.11282713,0.10801072,0.1297207,0.181301,0.1660651,0.14264095,0.17263208,0.19510877,0.20482048,0.19905181,0.15123671,0.1011388,0.2598577,0.3273081,0.26345122,0.14741276,0.065949194,0.20554586,0.2258504,0.32623628,0.35102707,0.2302853,0.17443968,0.19672367,0.21817161,0.22124967,0.20760523,0.18899997,0.17345913,0.1619335,0.15585782,0.13297126,0.099930815,0.067864686,0.04572445,0.041332755,0.049262576,0.09346177,0.108432874,0.12762415,0.14908305,0.19634573,0.25096738,0.28438467,0.3012781,0.31435037,0.30912307,0.27733463,0.2354414,0.19327776,0.14696276,0.10178835,0.09220589,0.12016372,0.14649503,0.14892131,0.134064,0.08540833,0.05074428,0.053095203,0.043854874,0.026215652,0.03812401,0.051571734,0.07956789,0.12179298,0.16275068,0.16419898,0.118078664,0.1523975,0.35337663,0.29887816,0.22597654,0.15874423,0.118698366,0.17868681,0.25323775,0.23435438,0.2062496,0.1938917,0.16880944,0.12954251,0.09973256,0.09123297,0.09001049,0.07780396,0.05699078,0.04442753,0.04150134,0.041706096,0.054493465,0.07529035,0.08647481,0.07180654,0.030152999,0.020705976,0.03642526,0.031661734,0.0499035,0.046495333,0.101756446,0.18320501,0.22242858,0.21747407,0.12071562,0.009182595,0.02262867,0.039884407,0.03374259,0.021339858,0.046631794,0.12204572,0.08294391,0.057852596,,,,,,,,,,,,,,,,,,,,,,,,,,,,,,,,,,,,,,,,,,,,,,,,,,,,,,,,,,,,,,,,,,,,,,,,,,,,,,,,,,,,,,,,,,,,,,,,,,,,,,,,,,,,,,,,,,,,,,,,,,,,,,,,,,,,,,,,,,,,,,,,,,,,,,,,,,,,,,,,,,,,,0.131268,0.14835195,0.1826128,0.20989032,0.20158474,0.059490204,0.13727392,0.21488488,0.36077386,0.4716702,0.5213079,0.52443016,0.48775887,0.45148575,0.45699686,0.498155,0.5169708,0.5044485,0.4879893,0.46922272,0.43423438,0.36816752,0.29963347,0.23336947,0.18473688,0.102363884,0.15990911,0.2285738,0.19715667,0.22428827,0.2709926,0.2976789,0.30655915,0.32198918,0.35798818,0.39897755,0.43002266,0.4447138,0.45284945,0.4475312,0.4259716,0.40025866,0.37525213,0.34909734,0.31906202,0.28602862,0.24896874,0.1922517,0.10250967,0.02904009,0.081113696,0.077649355,0.1968233
20.083336,,,,,,,,,,,,,,,,,,,,,,,,,,,,,,,,,,,,,,,,,,,,,,,,,,,,,,,,,,,,,,,,,,,,,,,,,,,,,,,,,,,,,,,,,,,,,,,,,,,,,,,,,,,,,,,,,,,,,,,,,,,0.026837392,0.0373753,0.052098166,0.048022408,0.07364387,0.07974108,0.074670754,0.06394924,0.06346767,0.054332536,0.040948596,0.018754045,0.08813674,0.13470884,0.16614449,0.1858263,0.132087,0.12578966,0.1433901,0.118222035,0.08584446,0.061782934,0.06244545,0.060478706,0.03838089,0.06615717,0.095873736,0.07853466,0.032525986,0.06628427,0.10719995,0.12454464,0.14450516,0.16295305,0.16883977,0.1729862,0.1762734,0.17916895,0.17528774,0.16974562,0.16390601,0.16556981,0.16842578,0.16804217,0.16563442,0.16425617,0.162662,0.15189512,0.13183224,0.11457513,0.113695316,0.14017406,0.18450525,0.18852082,0.19372468,0.20745261,0.21920025,0.22774279,0.23234037,0.22787225,0.21561547,0.19793542,0.17580138,0.15016833,0.1257562,0.10693693,0.09884017,0.1082924,0.13695073,0.18655212,0.20835163,0.20506527,0.24155912,0.28173444,0.30745682,0.30262622,0.26791048,0.24525543,0.27016085,0.25472632,0.18317403,0.12097749,0.16271047,0.285967,0.2211781,0.29907265,0.3503782,0.2708753,0.1980283,0.17610668,0.200307,0.20559955,0.19548373,0.1842965,0.17753974,0.14573863,0.119937666,0.100035526,0.07220527,0.031289116,0.016215984,0.019480137,0.032019474,0.060310163,0.09368558,0.14092775,0.17951556,0.2078414,0.2448505,0.2805233,0.30929884,0.33100855,0.34234998,0.32782015,0.28315294,0.23306115,0.18852803,0.13770021,0.092789985,0.075166725,0.087277606,0.09858354,0.09511399,0.07597319,0.06754295,0.07524962,0.061668128,0.04829125,0.047083568,0.06197504,0.09708918,0.1319457,0.1536242,0.14487585,0.09681997,0.19918223,0.3421439,0.27572238,0.20615786,0.14802216,0.11497075,0.16457078,0.2374816,0.22812389,0.20905094,0.21471024,0.20408009,0.15881945,0.111404836,0.08641049,0.08281844,0.08826813,0.092568465,0.09011982,0.07798658,0.05618799,0.038507257,0.045622196,0.07123971,0.09131505,0.089652345,0.044551153,0.03586802,0.05448665,0.061240856,0.08199278,0.09933954,0.11534442,0.12620333,0.11254341,0.06635689,0.03447172,0.036006685,0.04836161,0.025376683,0.020278249,0.072811194,0.114723474,0.08075092,,,,,,,,,,,,,,,,,,,,,,,,,,,,,,,,,,,,,,,,,,,,,,,,,,,,,,,,,,,,,,,,,,,,,,,,,,,,,,,,,,,,,,,,,,,,,,,,,,,,,,,,,,,,,,,,,,,,,,,,,,,,,,,,,,,,,,,,,,,,,,,,,,,,,,,,,,,,,,,,,,,,,,0.10285297,0.08707442,0.042736374,0.13548096,0.20489325,0.13477811,0.05966667,0.30956995,0.57404554,0.65940535,0.6644296,0.6480875,0.61705816,0.57069474,0.5381424,0.5414263,0.5462765,0.52857995,0.50433874,0.488992,0.46736988,0.41675782,0.3589647,0.28902102,0.24092613,0.20813857,0.058319464,0.20792502,0.22633956,0.27008355,0.3064283,0.31284124,0.32016104,0.33669814,0.35882646,0.37320495,0.38957134,0.4121005,0.44533455,0.48502964,0.5076045,0.50065476,0.46845666,0.42180797,0.3633603,0.2941002,0.2186381,0.12142251,0.03845548,0.035370603,0.072612315,0.1231037,0.19646364
20.0,,,,,,,,,,,,,,,,,,,,,,,,,,,,,,,,,,,,,,,,,,,,,,,,,,,,,,,,,,,,,,,,,,,,,,,,,,,,,,,,,,,,,,,,,,,,,,,,,,,,,,,,,,,,,,,,,,,,,,,,,,,0.029986847,0.038892794,0.046901114,0.062913746,0.07858521,0.087140456,0.09026445,0.08735736,0.06835213,0.05859747,0.049725074,0.009252929,0.109051906,0.18709551,0.1751091,0.16605805,0.14891434,0.18288071,0.18111297,0.14623533,0.13345496,0.098919354,0.073347814,0.083047315,0.050179347,0.043088317,0.10431569,0.12229272,0.08866067,0.09834788,0.14156352,0.1767587,0.20430563,0.22116803,0.22479124,0.2320362,0.24223717,0.24494828,0.23855734,0.22543348,0.20758624,0.1928774,0.18222195,0.17401043,0.16897026,0.16676286,0.16689841,0.16679116,0.1687324,0.1784193,0.19149761,0.20136793,0.21473837,0.23392022,0.25385553,0.2676272,0.279452,0.2857173,0.28547132,0.27911383,0.26888427,0.25236225,0.22713014,0.19504039,0.15897757,0.12439539,0.10450877,0.108320884,0.13247393,0.19385447,0.24936451,0.2658124,0.29663962,0.3258207,0.33803874,0.33605087,0.3186069,0.3014752,0.31877196,0.28789836,0.2149724,0.1895794,0.25504354,0.33429524,0.22965606,0.27300584,0.33498913,0.288457,0.2278234,0.17717113,0.17859563,0.18678822,0.18350762,0.17612535,0.16764964,0.13472448,0.1068467,0.08609324,0.06166641,0.028578637,0.0082759,0.016197365,0.045277376,0.054288585,0.08879452,0.15783998,0.20458719,0.21554282,0.20768301,0.2003167,0.204264,0.22520068,0.27081934,0.3006731,0.29874235,0.275008,0.22606851,0.17221099,0.13620615,0.10212434,0.07680176,0.06461531,0.068474755,0.07735083,0.08991044,0.09372324,0.08120478,0.06483708,0.06154297,0.07760574,0.11372523,0.13459931,0.13621609,0.11643632,0.069903344,0.27078044,0.30562672,0.25093234,0.1953997,0.14499372,0.111364596,0.14180155,0.20822315,0.21800847,0.21076874,0.23416251,0.23996499,0.19648248,0.14747384,0.11717808,0.11506393,0.12567477,0.1333368,0.1317624,0.121640235,0.09194131,0.05547106,0.038395025,0.044461932,0.06172382,0.09739312,0.10028169,0.066737115,0.06487695,0.06576436,0.09155315,0.12454047,0.121065825,0.10498525,0.08471732,0.06872308,0.050460514,0.04683011,0.0492102,0.027564425,0.033150125,0.09083204,0.100368775,0.068508044,,,,,,,,,,,,,,,,,,,,,,,,,,,,,,,,,,,,,,,,,,,,,,,,,,,,,,,,,,,,,,,,,,,,,,,,,,,,,,,,,,,,,,,,,,,,,,,,,,,,,,,,,,,,,,,,,,,,,,,,,,,,,,,,,,,,,,,,,,,,,,,,,,,,,,,,,,,,,,,,,,,,,0.053936247,0.08862088,0.13554184,0.28855857,0.3531227,0.47150332,0.55516684,0.5747868,0.5806311,0.56556106,0.53805846,0.52462864,0.5158105,0.5019548,0.49098152,0.4956507,0.5141552,0.5301511,0.5301214,0.5157763,0.5062111,0.49879128,0.4737311,0.42953563,0.36764383,0.32130125,0.30457482,0.11623044,0.1868861,0.2489223,0.29080808,0.32185754,0.33377632,0.3538947,0.37299612,0.37803653,0.36041477,0.33452144,0.3143026,0.30978295,0.3359257,0.3957028,0.4610415,0.4899517,0.47292086,0.4182673,0.32969445,0.23509732,0.14620323,0.07830183,0.049761802,0.091609105,0.18135923,0.20411591
19.916672,,,,,,,,,,,,,,,,,,,,,,,,,,,,,,,,,,,,,,,,,,,,,,,,,,,,,,,,,,,,,,,,,,,,,,,,,,,,,,,,,,,,,,,,,,,,,,,,,,,,,,,,,,,,,,,,,,,,,,,,,,,0.021948753,0.026157143,0.03963373,0.06362371,0.08002007,0.08132876,0.07055983,0.053532496,0.07664295,0.08226144,0.05507688,0.0024131374,0.07990821,0.21647272,0.21535328,0.16824926,0.16258103,0.16341382,0.11063127,0.019312143,0.10887651,0.12485773,0.09083049,0.08528167,0.0475939,0.033921402,0.123202,0.16311583,0.13686918,0.1375799,0.1679745,0.19813827,0.22309785,0.24569935,0.25898194,0.27581766,0.29337755,0.30686677,0.31218615,0.30454645,0.2840484,0.25851342,0.2346038,0.21644627,0.20594618,0.20144077,0.20424074,0.21234211,0.22173864,0.23035012,0.23996164,0.25151473,0.26176995,0.2685874,0.27336922,0.27898464,0.28703478,0.29215607,0.28841692,0.2754598,0.2584511,0.23969975,0.2206143,0.20379029,0.18592405,0.15468666,0.12266395,0.11575399,0.14025865,0.20852801,0.28025395,0.30270532,0.3254382,0.3394548,0.3406554,0.3577211,0.3599718,0.35101303,0.38229573,0.3629945,0.307718,0.2957933,0.33141416,0.34328902,0.22775035,0.2573441,0.3145706,0.28812084,0.26047176,0.22262931,0.18418929,0.1785412,0.17817837,0.17122675,0.15759343,0.13123451,0.10966201,0.091104776,0.061596077,0.031089336,0.033236362,0.07014424,0.08175038,0.08331126,0.12534861,0.18477629,0.21497765,0.21268134,0.18121,0.14027587,0.11733286,0.13110192,0.17928645,0.2190941,0.23095821,0.25427583,0.24298741,0.19408584,0.1653038,0.14744554,0.1292819,0.11474779,0.10876517,0.110265136,0.11018406,0.10321172,0.08384144,0.06902559,0.07737907,0.09508419,0.11791076,0.120807506,0.10737166,0.08860913,0.07215144,0.30378267,0.26654288,0.22996576,0.19705577,0.15272276,0.10848032,0.10785601,0.16502614,0.1917202,0.19419698,0.22836307,0.25525823,0.22536214,0.1779085,0.14000885,0.13399619,0.1407614,0.14612347,0.15566236,0.16269517,0.1325148,0.095143914,0.07224843,0.058935493,0.056542337,0.082044885,0.12038194,0.11439511,0.086967394,0.087949246,0.10320109,0.12272175,0.10059043,0.084124394,0.07427466,0.06553063,0.059613198,0.0575075,0.050794635,0.032206263,0.039672695,0.093822934,0.08693128,0.060381938,,,,,,,,,,,,,,,,,,,,,,,,,,,,,,,,,,,,,,,,,,,,,,,,,,,,,,,,,,,,,,,,,,,,,,,,,,,,,,,,,,,,,,,,,,,,,,,,,,,,,,,,,,,,,,,,,,,,,,,,,,,,,,,,,,,,,,,,,,,,,,,,,,,,,,,,,,,,,,,,,,,0.04838076,0.060706247,0.05417552,0.14824101,0.32866928,0.41907343,0.49978146,0.539704,0.5576592,0.5608392,0.5336284,0.44805822,0.4260042,0.40672922,0.3783037,0.33883035,0.3187389,0.32484773,0.33860296,0.35306728,0.373531,0.39576256,0.4183014,0.44313622,0.45543188,0.44511613,0.41882536,0.4063234,0.39980167,0.22751899,0.17024618,0.26156685,0.29798263,0.32820427,0.3461629,0.35474762,0.35163024,0.3410054,0.3256947,0.30512774,0.27175805,0.23539907,0.20385115,0.18721646,0.20473942,0.2591206,0.3335036,0.37350643,0.34068498,0.27115136,0.19123086,0.13403383,0.113987304,0.1527361,0.19987011,0.20720106
19.833336,,,,,,,,,,,,,,,,,,,,,,,,,,,,,,,,,,,,,,,,,,,,,,,,,,,,,,,,,,,,,,,,,,,,,,,,,,,,,,,,,,,,,,,,,,,,,,,,,,,,,,,,,,,,,,,,,,,,,,,,,,0.01518794,0.023441875,0.035746187,0.040232394,0.032613847,0.04766386,0.06712764,0.054890417,0.08932322,0.10888529,0.09137519,0.05652973,0.009446274,0.045481488,0.17517987,0.2627807,0.22533908,0.18401977,0.1805353,0.17176467,0.13109295,0.13467115,0.14165711,0.09729491,0.07968621,0.03712265,0.049041405,0.14675397,0.18948662,0.1727917,0.17210722,0.18450429,0.20289618,0.21829438,0.23901497,0.2572566,0.27868563,0.307047,0.33571744,0.3586803,0.36891425,0.3614637,0.33873627,0.31030592,0.28698885,0.27118817,0.26081726,0.25706095,0.2587099,0.26305676,0.2676244,0.27290502,0.27659565,0.27378425,0.26326415,0.24981482,0.23865259,0.22986074,0.22060803,0.20641972,0.18446451,0.15819582,0.13519558,0.12159991,0.12471171,0.14615946,0.15885016,0.13644406,0.1236389,0.14646736,0.2184664,0.31655475,0.35632864,0.35151386,0.31900316,0.28300655,0.34465274,0.36101902,0.33876297,0.38042283,0.3886637,0.3820915,0.3888787,0.37354198,0.31232923,0.21661687,0.2403391,0.27592063,0.2704746,0.26212454,0.24428298,0.2153472,0.19966431,0.19487974,0.18284738,0.16654788,0.14582674,0.1248785,0.097535275,0.07057608,0.08014095,0.11259807,0.12436685,0.113862745,0.12598468,0.1662531,0.20192462,0.20929281,0.19386882,0.1572254,0.11164282,0.082244985,0.08522297,0.1359732,0.16461426,0.1512421,0.18054917,0.2088059,0.1955312,0.16920376,0.16029216,0.15422277,0.14732549,0.13576072,0.12626973,0.11299424,0.095445536,0.07934755,0.07529189,0.09060337,0.10409939,0.108741686,0.09094604,0.0730803,0.06862921,0.14088316,0.27147385,0.23058876,0.22404246,0.21869116,0.17776752,0.12065384,0.0784287,0.11002938,0.1534115,0.16446912,0.19841279,0.24490297,0.21749945,0.18811943,0.144343,0.12140211,0.12429859,0.1323531,0.16339175,0.19726472,0.16248648,0.123055376,0.1052243,0.08989479,0.07589858,0.074853085,0.11257055,0.15434478,0.1571427,0.13924117,0.12599981,0.11751686,0.09489861,0.09153143,0.080902085,0.07204345,0.06280926,0.06091222,0.050914776,0.043571927,0.045213092,0.0854975,0.07427659,0.052867133,,,,,,,,,,,,,,,,,,,,,,,,,,,,,,,,,,,,,,,,,,,,,,,,,,,,,,,,,,,,,,,,,,,,,,,,,,,,,,,,,,,,,,,,,,,,,,,,,,,,,,,,,,,,,,,,,,,,,,,,,,,,,,,,,,,,,,,,,,,,,,,,,,,,,,,,,,,,,,,0.034533747,0.032945883,0.06716525,0.060580626,0.05239933,0.14625813,0.23991065,0.34458956,0.4018436,0.36778253,0.3629355,0.37788218,0.39553154,0.40354556,0.3956942,0.3961877,0.42212412,0.40605545,0.385676,0.35172853,0.32706586,0.33203557,0.31845313,0.27123475,0.22574486,0.22098958,0.24954587,0.301917,0.3588675,0.40301254,0.4232681,0.4641905,0.4706251,0.3344901,0.16702746,0.26924536,0.30642772,0.32719782,0.319445,0.29081318,0.26278627,0.25455785,0.25538525,0.2517445,0.23105709,0.20106363,0.17515042,0.14291969,0.101173975,0.06838212,0.073342666,0.13345635,0.18965912,0.21498743,0.2095229,0.18717328,0.17585988,0.18995549,0.19345626,0.1988028
19.75,,,,,,,,,,,,,,,,,,,,,,,,,,,,,,,,,,,,,,,,,,,,,,,,,,,,,,,,,,,,,,,,,,,,,,,,,,,,,,,,,,,,,,,,,,,,,,,,,,,,,,,,,,,,,,,,,,,,,,,,,,0.022933675,0.032227047,0.03849317,0.02932808,0.01246256,0.09178664,0.06960056,0.07916717,0.091382705,0.082063906,0.07742406,0.060000263,0.025294838,0.026583154,0.10537744,0.21807921,0.27494907,0.26069325,0.226712,0.22163686,0.19124557,0.16799016,0.1431209,0.09643081,0.06282126,0.011864994,0.07703094,0.16690691,0.20660248,0.2037826,0.20446064,0.19987793,0.19928414,0.2008732,0.20724155,0.21876378,0.2365608,0.26457587,0.2984548,0.33592206,0.36909607,0.3895553,0.38850456,0.3678428,0.34607682,0.33032417,0.3187535,0.30972368,0.30172786,0.2921316,0.28064898,0.27115598,0.26534057,0.25606638,0.23847923,0.21557204,0.19281384,0.17362136,0.15733849,0.14308383,0.13130878,0.12369342,0.120764196,0.11803729,0.11245363,0.11237652,0.1278105,0.14142247,0.13530694,0.13575275,0.17145413,0.24204007,0.30794135,0.30369923,0.21790004,0.09788954,0.24667172,0.2786159,0.29307866,0.3495826,0.35133392,0.3390841,0.3737727,0.34459573,0.24032901,0.16171512,0.16782892,0.19757037,0.2515376,0.2983398,0.29056415,0.24982241,0.23155655,0.22288723,0.19990815,0.1774171,0.15316424,0.13050348,0.12062383,0.13489068,0.15843514,0.15967743,0.13529325,0.13464613,0.16699561,0.19343677,0.20086432,0.19390182,0.17208037,0.13882382,0.0997411,0.06552609,0.05798976,0.12857994,0.121747725,0.09144825,0.12787686,0.1863414,0.20174333,0.17495324,0.15487835,0.15608527,0.15622793,0.1469321,0.13577846,0.12449892,0.11177924,0.10107991,0.093342386,0.09468499,0.097582385,0.09214225,0.083710104,0.06925696,0.08028997,0.14785771,0.20590015,0.20751505,0.23673473,0.25073138,0.21976317,0.16075917,0.093037,0.049089227,0.08145352,0.11778808,0.16586733,0.23701091,0.18006366,0.14823508,0.13619386,0.10819046,0.09533132,0.100005575,0.14556766,0.20758122,0.17680162,0.1330174,0.11695653,0.10557726,0.09030753,0.068215065,0.064073615,0.094998546,0.14812176,0.16552241,0.14609776,0.12590455,0.11032208,0.10139905,0.08450937,0.066880986,0.05790141,0.05549956,0.05754758,0.047546826,0.046998966,0.0742255,0.071106285,0.043699984,,,,,,,,,,,,,,,,,,,,,,,,,,,,,,,,,,,,,,,,,,,,,,,,,,,,,,,,,,,,,,,,,,,,,,,,,,,,,,,,,,,,,,,,,,,,,,,,,,,,,,,,,,,,,,,,,,,,,,,,,,,,,,,,,,,,,,,,,,,,,,,,,,,,,,,,,,,,0.02394336,0.035312504,0.04404305,0.05294387,0.020578308,0.09499943,0.13035709,0.16291775,0.2491092,0.24308912,0.24373041,0.27192172,0.27631235,0.28655335,0.30555356,0.3313633,0.34658423,0.34992024,0.36800504,0.34558007,0.3037295,0.2658149,0.23786534,0.23585069,0.28757396,0.31133404,0.2767817,0.21782959,0.17483595,0.15727706,0.18805392,0.26915815,0.3540073,0.40942898,0.48644626,0.50608325,0.42441913,0.19324873,0.27595872,0.31661785,0.31552982,0.2768716,0.2310899,0.2060841,0.21423103,0.2410419,0.26089507,0.24193846,0.19050667,0.14827943,0.12223954,0.085843354,0.059521437,0.04762316,0.04209567,0.07743674,0.14581774,0.19147655,0.21659698,0.2135765,0.19347896,0.18129757,0.17816465
19.666672,,,,,,,,,,,,,,,,,,,,,,,,,,,,,,,,,,,,,,,,,,,,,,,,,,,,,,,,,,,,,,,,,,,,,,,,,,,,,,,,,,,,,,,,,,,,,,,,,,,,,,,,,,,,,,,,,,,,,,,,,,0.03981458,0.040895857,0.036989804,0.034807097,0.044989817,0.07848848,0.056795016,0.101206064,0.100303195,0.08809195,0.0806209,0.07022443,0.045431416,0.034140535,0.057485618,0.1351077,0.2270012,0.27227864,0.27211726,0.26342565,0.2187571,0.17368418,0.13230357,0.08961556,0.035556294,0.029910825,0.11604236,0.19093595,0.22177862,0.22447145,0.22961368,0.2168241,0.19697173,0.1753145,0.16218038,0.16109465,0.16738783,0.1813354,0.2032484,0.23567244,0.28257987,0.3412591,0.3831268,0.3843973,0.36611405,0.35392067,0.3489419,0.34556976,0.3368603,0.3181786,0.29245204,0.26567534,0.24603234,0.22686511,0.20059487,0.1726868,0.15069973,0.13418427,0.12139209,0.11229076,0.10730784,0.10605858,0.107943796,0.11066808,0.114775725,0.119339146,0.12583458,0.13569483,0.13612324,0.13116254,0.14973073,0.1704822,0.18786931,0.17547314,0.09044255,0.0685938,0.16868258,0.15387966,0.22669674,0.32517266,0.32248726,0.22568718,0.20851476,0.22145174,0.17802735,0.13150987,0.091825895,0.101044595,0.18297517,0.28504372,0.33470595,0.30157584,0.2662673,0.24771707,0.22251496,0.19951184,0.1869069,0.18119858,0.18653953,0.1911884,0.17564954,0.1476827,0.14688428,0.17954513,0.20594278,0.2023457,0.18410242,0.16651735,0.14631805,0.117423415,0.07657215,0.036798052,0.10043892,0.12490427,0.07667489,0.041169632,0.072190225,0.13414516,0.17716801,0.17806207,0.15994953,0.15503764,0.16071686,0.15806848,0.14679682,0.13405891,0.120573975,0.10965444,0.09682013,0.095393404,0.08994587,0.07284048,0.08330978,0.08371021,0.115873694,0.1251836,0.16150337,0.19566861,0.257757,0.280865,0.25675794,0.21104695,0.14586852,0.07842585,0.018480968,0.066995986,0.15624455,0.22663958,0.16236517,0.101238795,0.1072409,0.101767145,0.07520535,0.070214376,0.11833669,0.19284186,0.17711677,0.14250706,0.12758549,0.11784174,0.1093203,0.09542349,0.07634892,0.059222747,0.057752013,0.07934597,0.09085054,0.0859997,0.08184019,0.07762418,0.06949412,0.057482492,0.054083116,0.053781524,0.061172623,0.046496507,0.05097095,0.063685514,0.06506554,0.034822334,,,,,,,,,,,,,,,,,,,,,,,,,,,,,,,,,,,,,,,,,,,,,,,,,,,,,,,,,,,,,,,,,,,,,,,,,,,,,,,,,,,,,,,,,,,,,,,,,,,,,,,,,,,,,,,,,,,,,,,,,,,,,,,,,,,,,,,,,,,,,,,,,,,,,,,,,,0.024221193,0.0065733,0.021219753,0.0696517,0.050348137,0.010641353,0.07258547,0.13328482,0.10462718,0.07244179,0.1095919,0.16389838,0.20878635,0.24672167,0.27337307,0.2818506,0.2814142,0.27187183,0.28081363,0.29277098,0.30645,0.29099053,0.27034444,0.25748932,0.20460853,0.1471985,0.2328013,0.29270098,0.2637854,0.21508673,0.18454894,0.17129183,0.18572661,0.24324654,0.32892567,0.38894176,0.48066238,0.5098489,0.49771073,0.24866457,0.2775699,0.32350865,0.30470967,0.23398376,0.16290194,0.14773381,0.16811918,0.21740389,0.28136685,0.28990817,0.23748563,0.16477816,0.122434475,0.084845096,0.02828464,0.028331164,0.044223208,0.07144912,0.11031755,0.18307742,0.23150095,0.21458864,0.18707332,0.16353874,0.15015985
19.583336,,,,,,,,,,,,,,,,,,,,,,,,,,,,,,,,,,,,,,,,,,,,,,,,,,,,,,,,,,,,,,,,,,,,,,,,,,,,,,,,,,,,,,,,,,,,,,,,,,,,,,,,,,,,,,,,,,,,,,,,,,0.04104169,0.04072483,0.035542153,0.044481855,0.062175125,0.11666512,0.081616834,0.10606739,0.09977357,0.089712486,0.082414895,0.06622471,0.038080815,0.018965637,0.024633216,0.069891706,0.13681267,0.19361562,0.22068252,0.21196997,0.17770171,0.14590634,0.13460918,0.07978279,0.026757352,0.08184977,0.155933,0.20642759,0.22144017,0.23025821,0.24357367,0.22402087,0.18132176,0.13459834,0.10233829,0.08787671,0.08694958,0.09074361,0.09546197,0.09988683,0.11947249,0.17852052,0.26139233,0.3271323,0.3462236,0.33805192,0.33213758,0.338216,0.34451512,0.33279702,0.29673845,0.24912769,0.21776687,0.19754435,0.16371436,0.12010844,0.087252244,0.06658183,0.05672822,0.05934244,0.064113826,0.06602125,0.067428425,0.073560655,0.090888724,0.10991757,0.12087335,0.13045447,0.13721645,0.13153501,0.13439916,0.15535335,0.15851264,0.11516139,0.01914247,0.05562737,0.09919508,0.16641757,0.2030235,0.33489406,0.35939044,0.2655637,0.18073249,0.13313337,0.1323214,0.13847882,0.0974695,0.0724045,0.0840712,0.14938262,0.26381737,0.3144945,0.2958809,0.27313387,0.24889112,0.23223396,0.22467288,0.21825512,0.20650695,0.1819951,0.15014838,0.14143893,0.17488171,0.20429198,0.19020827,0.14580172,0.116493195,0.11073527,0.10346143,0.07526669,0.032524977,0.050967183,0.123047255,0.0958116,0.041741002,0.031326357,0.061007865,0.093084395,0.14044617,0.16251417,0.14801334,0.1311726,0.12707253,0.119909786,0.10389057,0.08141548,0.06250305,0.06507537,0.0804395,0.09301286,0.084709175,0.059110306,0.08293585,0.108001314,0.14770332,0.1304821,0.15192404,0.19292447,0.27577502,0.30393043,0.27784836,0.23546642,0.19000007,0.12817976,0.03615322,0.08589321,0.19920519,0.20784032,0.1489559,0.08597687,0.06464268,0.07298859,0.06753774,0.05954271,0.09855277,0.16642287,0.1657724,0.1469245,0.13840845,0.13185558,0.123652264,0.11522123,0.10421658,0.08777269,0.06696941,0.053737026,0.051060606,0.059271727,0.062730454,0.060267583,0.05557816,0.05078737,0.049357817,0.05063323,0.05774228,0.0467965,0.04670607,0.055118665,0.057457402,0.02778179,,,,,,,,,,,,,,,,,,,,,,,,,,,,,,,,,,,,,,,,,,,,,,,,,,,,,,,,,,,,,,,,,,,,,,,,,,,,,,,,,,,,,,,,,,,,,,,,,,,,,,,,,,,,,,,,,,,,,,,,,,,,,,,,,,,,,,,,,,,,,,,,,,,,,,,,0.0734869,0.05551597,0.071734376,0.07096181,0.08129054,0.07077116,0.077243604,0.04897208,0.07312525,0.12630796,0.1551729,0.16695222,0.18489696,0.22238255,0.26598015,0.2983678,0.3095214,0.31102163,0.29697365,0.28126907,0.27779514,0.2856219,0.28768313,0.2614319,0.23150997,0.21259254,0.1290682,0.07380398,0.21694036,0.26475048,0.23633486,0.19404076,0.17692898,0.18227714,0.20736519,0.24178791,0.3090134,0.36249,0.45426473,0.4992324,0.55061775,0.31887528,0.2796978,0.30615008,0.29361808,0.21785623,0.13358688,0.09718391,0.074152574,0.17185593,0.27710366,0.31476277,0.28696296,0.20602746,0.13586655,0.09598684,0.046796612,0.08543774,0.08937649,0.05368482,0.08981337,0.18323763,0.24290003,0.21054892,0.18146825,0.1666714,0.1609779
19.5,,,,,,,,,,,,,,,,,,,,,,,,,,,,,,,,,,,,,,,,,,,,,,,,,,,,,,,,,,,,,,,,,,,,,,,,,,,,,,,,,,,,,,,,,,,,,,,,,,,,,,,,,,,,,,,,,,,,,,,,,,0.03814216,0.043277096,0.038915437,0.03966063,0.03784789,0.12772095,0.07426955,0.09108149,0.107359804,0.09472254,0.08490183,0.0737681,0.060501654,0.048369747,0.044354282,0.05011697,0.06613004,0.10003557,0.12781665,0.13487686,0.15491597,0.17025012,0.13850112,0.07835538,0.08485119,0.14009133,0.19147001,0.2152173,0.22513826,0.2388079,0.2486269,0.21181363,0.14818217,0.1033705,0.07487789,0.0651257,0.06716287,0.06956033,0.06323786,0.04685953,0.032509662,0.046712708,0.07652245,0.14757355,0.22396041,0.26532033,0.27506578,0.28501344,0.304637,0.32155627,0.30617875,0.2527714,0.21839595,0.2024466,0.17690808,0.123507395,0.069177315,0.032431595,0.030216785,0.017546954,0.027913475,0.041989185,0.047451116,0.05890611,0.06559764,0.09375502,0.11874448,0.12823117,0.13454583,0.13579296,0.13018619,0.14485143,0.15262632,0.117197156,0.07526477,0.11427947,0.17219418,0.19620514,0.195071,0.32694548,0.3640571,0.3110104,0.26102886,0.23703524,0.22677845,0.2190482,0.19530138,0.14715615,0.090415366,0.0612908,0.08972979,0.16007768,0.22189577,0.22580585,0.19742648,0.1775065,0.1552954,0.11648498,0.08006744,0.05197477,0.063287996,0.10352147,0.13968255,0.14056432,0.09080576,0.044370532,0.03225161,0.06702157,0.063588336,0.036776394,0.020939684,0.08152594,0.10317478,0.070094556,0.039433796,0.0766256,0.10048694,0.100181125,0.10810146,0.12525405,0.11607852,0.090351984,0.060865384,0.0372531,0.018943585,0.022343172,0.032588076,0.058091585,0.08957298,0.10262472,0.08289226,0.05453744,0.08061774,0.124724865,0.17719252,0.12980165,0.14736965,0.18711433,0.2882787,0.32697842,0.30913305,0.24457687,0.19497532,0.16635826,0.07077775,0.065555826,0.17045309,0.16240844,0.13610998,0.104361914,0.06714657,0.047577087,0.049074207,0.05255102,0.077283055,0.1362242,0.14924198,0.14223145,0.1414431,0.13989781,0.13167143,0.122540936,0.116630636,0.109003454,0.09439882,0.075050086,0.0631603,0.060567636,0.05920939,0.057141338,0.053232215,0.05114729,0.04504499,0.04814216,0.055485953,0.045452006,0.040450513,0.048381194,0.0531846,0.034372322,0.02132566,,,,,,,,,,,,,,,,,,,,,,,,,,,,,,,,,,,,,,,,,,,,,,,,,,,,,,,,,,,,,,,,,,,,,,,,,,,,,,,,,,,,,,,,,,,,,,,,,,,,,,,,,,,,,,,,,,,,,,,,,,,,,,,,,,,,,,,,,,,,,,,,,,,,,,0.08316152,0.09979997,0.089524165,0.09718387,0.0915218,0.089940146,0.109023765,0.16097169,0.214107,0.24807215,0.26953545,0.28724906,0.30442676,0.32005665,0.33807993,0.3619671,0.38454756,0.4065304,0.40770975,0.38819784,0.3507276,0.3159174,0.29960755,0.29770857,0.28135327,0.23546274,0.1892666,0.11789958,0.096433826,0.21796452,0.23219414,0.20330724,0.1635243,0.16031094,0.17904148,0.20945296,0.25094184,0.2956483,0.34097397,0.42093286,0.47440523,0.58163047,0.40015945,0.2806252,0.29364073,0.28023472,0.22277369,0.16850953,0.15006785,0.07550319,0.16712126,0.2645615,0.30931076,0.32036948,0.26872188,0.18452911,0.102885336,0.04295293,0.056903694,0.13556299,0.1043394,0.06765527,0.16940665,0.24281253,0.20381907,0.18035287,0.17602769,0.18142368
19.416672,,,,,,,,,,,,,,,,,,,,,,,,,,,,,,,,,,,,,,,,,,,,,,,,,,,,,,,,,,,,,,,,,,,,,,,,,,,,,,,,,,,,,,,,,,,,,,,,,,,,,,,,,,,,,,,,,,,,,,,,,,0.05601851,0.06164703,0.06404178,0.041278206,0.083143115,0.053602748,0.034417417,0.08756211,0.11552768,0.09303453,0.09724723,0.12802781,0.14206314,0.12655208,0.13187663,0.1615846,0.18341745,0.17807429,0.17386718,0.18458477,0.18311869,0.15023904,0.113594085,0.11996172,0.15680327,0.20238908,0.23424907,0.24511734,0.24988222,0.2549648,0.24505626,0.19835049,0.14296164,0.11495418,0.09775128,0.096649766,0.09304513,0.08184142,0.06471399,0.043939807,0.03314229,0.046528533,0.055681802,0.056450527,0.049920365,0.094755344,0.15752116,0.18961275,0.2049054,0.24821202,0.27885765,0.24593417,0.217694,0.2252412,0.23116018,0.1903144,0.13102987,0.07867555,0.022387512,0.04982262,0.06956201,0.039903548,0.05927471,0.07323093,0.08103067,0.078532696,0.113013715,0.13035358,0.12971433,0.13267815,0.13263655,0.13845819,0.15630892,0.15222485,0.148266,0.16767311,0.18963934,0.18271935,0.17335099,0.29473668,0.35914782,0.33191296,0.27822754,0.26925188,0.29188183,0.31208166,0.30597502,0.2684974,0.20435548,0.11340654,0.009640307,0.047979135,0.04986079,0.07847383,0.10495883,0.13963886,0.12550272,0.08292076,0.035794187,0.02787072,0.07623995,0.13773005,0.14426439,0.07217131,0.10503191,0.07722687,0.06916574,0.15436052,0.122274406,0.087449804,0.049450938,0.080005534,0.09019372,0.070598155,0.104769915,0.14706446,0.15857783,0.15039992,0.15451679,0.15386291,0.13234696,0.1073094,0.079225376,0.042437833,0.0021923452,0.048031323,0.0895778,0.108801715,0.11118582,0.0970453,0.06931482,0.056375053,0.067917496,0.12966539,0.21006338,0.10416103,0.12239568,0.16218334,0.2623968,0.32654202,0.3447512,0.27376378,0.17106831,0.1507383,0.1258284,0.09236765,0.11521083,0.144827,0.15595374,0.14842474,0.11442324,0.069661275,0.04517296,0.0442975,0.054583933,0.09285593,0.11682439,0.12426806,0.13169815,0.13579045,0.13077937,0.12404628,0.121059544,0.11783997,0.11210696,0.10300456,0.089647956,0.07558121,0.06523355,0.060873937,0.05629394,0.050618697,0.040390365,0.046098594,0.050077487,0.043208662,0.03545035,0.039948028,0.048143707,0.034728467,0.0069761127,,,,,,,,,,,,,,,,,,,,,,,,,,,,,,,,,,,,,,,,,,,,,,,,,,,,,,,,,,,,,,,,,,,,,,,,,,,,,,,,,,,,,,,,,,,,,,,,,,,,,,,,,,,,,,,,,,,,,,,,,,,,,,,,,,,,,,,,,,,,,,,,,,,,,0.07232028,0.07003951,0.10554459,0.07408326,0.1212241,0.1475439,0.1949763,0.25188422,0.30250892,0.34184992,0.37299407,0.39147103,0.40135777,0.40836525,0.41696525,0.43288168,0.45437258,0.48184904,0.50654286,0.51032966,0.4868696,0.43803754,0.37919924,0.3319313,0.33640856,0.32671946,0.27219224,0.20568807,0.13690305,0.1571051,0.21348254,0.2031548,0.16752902,0.14182496,0.14351644,0.1693814,0.20229656,0.24010113,0.28237936,0.3217957,0.39095268,0.4428178,0.5748641,0.48244792,0.31780052,0.29458666,0.2661914,0.21930435,0.1917319,0.20572978,0.13360894,0.15274332,0.22078843,0.2681913,0.31388283,0.30440497,0.2199419,0.119455345,0.0399617,0.047017854,0.1476366,0.15407644,0.07382374,0.15420955,0.2339325,0.18938845,0.17533073,0.17842726,0.19581963
19.333336,,,,,,,,,,,,,,,,,,,,,,,,,,,,,,,,,,,,,,,,,,,,,,,,,,,,,,,,,,,,,,,,,,,,,,,,,,,,,,,,,,,,,,,,,,,,,,,,,,,,,,,,,,,,,,,,,,,,,,,,,,0.09299793,0.09333667,0.077911094,0.06679792,0.08174036,0.058046963,0.04239537,0.07033118,0.08096292,0.08482761,0.12256851,0.16930118,0.19977848,0.18355294,0.16959926,0.16282314,0.18004438,0.193972,0.19386877,0.18400417,0.1577426,0.13971205,0.14503093,0.16893482,0.20452273,0.23975146,0.25996548,0.26408702,0.26103556,0.25094613,0.2298205,0.19281243,0.15790431,0.13543835,0.122343,0.116903044,0.10217884,0.07776046,0.052009832,0.035684366,0.047268316,0.061076418,0.06405395,0.05789575,0.050379366,0.050344247,0.018141434,0.04227975,0.082544714,0.14989449,0.20678231,0.20124428,0.18549709,0.22901498,0.26150995,0.24041682,0.201383,0.15112637,0.08819378,0.035909552,0.097437195,0.10831945,0.088748954,0.09146728,0.106897414,0.09820877,0.097467594,0.122338474,0.12415004,0.12086233,0.12357399,0.13145252,0.14950444,0.16659687,0.17461962,0.17788516,0.1666905,0.13339624,0.11021983,0.20812932,0.323261,0.3398647,0.27797827,0.2480313,0.27654293,0.32683393,0.3594155,0.3554298,0.31714875,0.2457889,0.14658037,0.05789182,0.094788566,0.12884933,0.115533374,0.08562016,0.09134162,0.09820279,0.073908575,0.0672433,0.12096923,0.18485905,0.15941623,0.12721418,0.11076017,0.08588016,0.041810635,0.18318798,0.149164,0.10712456,0.087744646,0.101404436,0.10441042,0.11428804,0.16195634,0.20051326,0.21416278,0.2185199,0.20894116,0.18829253,0.15980639,0.13039206,0.10404325,0.07699569,0.053651523,0.060861886,0.078491755,0.08298324,0.07160199,0.05241755,0.03192631,0.03596377,0.045701284,0.10981581,0.23036292,0.09710858,0.07995217,0.10450696,0.20363387,0.28285676,0.34015954,0.29632062,0.18014842,0.068190485,0.13187763,0.13604738,0.12960394,0.15367517,0.18213609,0.19939002,0.1863257,0.13623098,0.08868823,0.06545226,0.060801562,0.06699774,0.08621412,0.101749755,0.11227342,0.118773125,0.11855926,0.11619089,0.116684236,0.118360005,0.11876206,0.117319934,0.11252883,0.09973849,0.081141576,0.0684872,0.059335146,0.051014386,0.040018994,0.040748,0.044578984,0.043787733,0.03207551,0.031399388,0.041444335,0.035357736,0.0032492932,,,,,,,,,,,,,,,,,,,,,,,,,,,,,,,,,,,,,,,,,,,,,,,,,,,,,,,,,,,,,,,,,,,,,,,,,,,,,,,,,,,,,,,,,,,,,,,,,,,,,,,,,,,,,,,,,,,,,,,,,,,,,,,,,,,,,,,,,,,,,,,,,,,,0.08109854,0.053645305,0.13152435,0.1031799,0.12992615,0.19672514,0.26010644,0.31988934,0.37359276,0.4142347,0.44220096,0.46088535,0.47058997,0.47227025,0.47210196,0.47716784,0.4890797,0.51004225,0.54468364,0.5806877,0.60086906,0.59068954,0.53635454,0.4525987,0.3754363,0.3677084,0.37801635,0.3313488,0.26667657,0.19589014,0.1935771,0.20833482,0.1797785,0.13923477,0.11396751,0.11629548,0.14116336,0.17979732,0.22480913,0.27024084,0.30983248,0.36863637,0.41499937,0.52252537,0.52414995,0.36826575,0.31277555,0.26283514,0.21006739,0.20320436,0.22874045,0.16342844,0.14874198,0.17564113,0.187791,0.2698795,0.32510346,0.25865644,0.13197914,0.04961975,0.07323657,0.16966572,0.18347806,0.09576729,0.14112067,0.21878132,0.17290416,0.16822326,0.17748688,0.20249763
19.25,,,,,,,,,,,,,,,,,,,,,,,,,,,,,,,,,,,,,,,,,,,,,,,,,,,,,,,,,,,,,,,,,,,,,,,,,,,,,,,,,,,,,,,,,,,,,,,,,,,,,,,,,,,,,,,,,,,,,,,,,,0.094723046,0.029806312,0.023897307,0.11873078,0.11909215,0.045920257,0.010911225,0.053644087,0.08829974,0.1208742,0.13366738,0.17408942,0.19988175,0.20446481,0.19416058,0.18039371,0.19011445,0.21129705,0.21985336,0.20848037,0.19082044,0.18609588,0.19037224,0.20164901,0.2184537,0.23481613,0.24499497,0.24600983,0.24110006,0.23233767,0.22027145,0.20217615,0.18044981,0.1528745,0.11995015,0.08501716,0.069791324,0.058626026,0.056787238,0.072755456,0.09382566,0.10307206,0.103293456,0.09867788,0.08995558,0.08218543,0.083105505,0.07310695,0.030151794,0.07102803,0.14746532,0.16241014,0.1518169,0.2158589,0.26015234,0.2640924,0.25522473,0.21978807,0.15908176,0.109926976,0.14694269,0.16258328,0.11809187,0.11239142,0.11015573,0.1098059,0.08354674,0.0962953,0.11178628,0.114067204,0.11202152,0.119411185,0.13533431,0.15586387,0.16496289,0.1654685,0.15049525,0.12026471,0.07872895,0.09057938,0.2082688,0.31209695,0.27204067,0.1996313,0.20296565,0.25908527,0.31890333,0.35030553,0.34810463,0.31763664,0.25974813,0.16799305,0.046488095,0.111167036,0.190034,0.14167696,0.07033058,0.060224846,0.089121446,0.093968675,0.14481889,0.18443848,0.13499682,0.07800709,0.09008523,0.082611114,0.03254712,0.15041691,0.1291629,0.07486797,0.09696165,0.1541378,0.13394132,0.14566806,0.18140155,0.21556218,0.23831606,0.23513384,0.2287217,0.22024563,0.18337506,0.13254626,0.08598029,0.0666659,0.04053356,0.040695325,0.053779062,0.05695065,0.04782944,0.033337567,0.02203732,0.011190155,0.020302668,0.07345996,0.20782278,0.16032022,0.0691426,0.06752253,0.17636797,0.237939,0.3088448,0.28994083,0.20069739,0.05860435,0.025714813,0.12879106,0.13754192,0.14056598,0.16625623,0.20909202,0.23545252,0.20000269,0.14287952,0.10878737,0.09237398,0.083744735,0.08618006,0.09191493,0.09926718,0.103718966,0.10342484,0.10189986,0.10446161,0.109647796,0.11319121,0.11399636,0.11205854,0.10612942,0.09528923,0.0792633,0.06593626,0.055906422,0.044701222,0.035887845,0.04369124,0.042885147,0.028227504,0.024251418,0.034601472,0.031618208,0.008367976,,,,,,,,,,,,,,,,,,,,,,,,,,,,,,,,,,,,,,,,,,,,,,,,,,,,,,,,,,,,,,,,,,,,,,,,,,,,,,,,,,,,,,,,,,,,,,,,,,,,,,,,,,,,,,,,,,,,,,,,,,,,,,,,,,,,,,,,,,,,,,,,,0.046320677,0.040001757,0.07395515,0.056502737,0.1578701,0.17595495,0.17916957,0.24743508,0.3130046,0.37615803,0.4231232,0.46211612,0.49472415,0.5087186,0.5107305,0.50837815,0.49949923,0.49283093,0.49424002,0.50185996,0.52279776,0.5637574,0.6153876,0.6598613,0.6776948,0.64646244,0.56090367,0.45262197,0.38086188,0.4048486,0.3849673,0.32343847,0.26733595,0.22038929,0.19586846,0.15649186,0.121240765,0.07448264,0.07869095,0.10122927,0.14707246,0.20227431,0.2547525,0.303773,0.3489238,0.3916568,0.45599952,0.51040274,0.41392642,0.3375354,0.28995666,0.23586534,0.21771836,0.22560227,0.18182935,0.17743127,0.1819968,0.13240495,0.18345474,0.31459153,0.29361406,0.15182322,0.065190576,0.10278772,0.17072514,0.18203208,0.10782366,0.13333713,0.20190169,0.16229755,0.16002242,0.17523623,0.20579869
19.166672,,,,,,,,,,,,,,,,,,,,,,,,,,,,,,,,,,,,,,,,,,,,,,,,,,,,,,,,,,,,,,,,,,,,,,,,,,,,,,,,,,,,,,,,,,,,,,,,,,,,,,,,,,,,,,,,,,,,,,,,,,,0.06593739,0.09108778,0.1695889,0.11050137,0.070121236,0.11600972,0.14385158,0.17798202,0.18797895,0.20561734,0.2319159,0.26401517,0.28810155,0.2923834,0.29395056,0.30069897,0.30376068,0.29914021,0.2883036,0.2755453,0.26329753,0.25433245,0.2478082,0.24395277,0.24260613,0.24063428,0.23748986,0.23575792,0.23383632,0.22951913,0.2168756,0.18471038,0.12836778,0.082087174,0.09382726,0.09948105,0.09553847,0.09262928,0.097367235,0.10422584,0.10963096,0.109629124,0.110815026,0.1085151,0.10321425,0.10955304,0.11742795,0.08162163,0.019049706,0.100537285,0.12650985,0.12483945,0.1862799,0.2400875,0.2635827,0.282959,0.2662631,0.20528561,0.13823861,0.14436603,0.14193222,0.10289048,0.10499423,0.10407283,0.103301056,0.07922282,0.06113653,0.086956225,0.107322365,0.10903087,0.10783044,0.11647149,0.13122325,0.14090358,0.1417561,0.1324208,0.118000016,0.09731311,0.07112935,0.07528707,0.2151902,0.26049855,0.1664764,0.12016007,0.12317097,0.17833973,0.23864649,0.2716879,0.289389,0.2911698,0.25653425,0.15623248,0.085034855,0.23094362,0.1819982,0.140211,0.102158666,0.11324678,0.1076573,0.10435588,0.071446866,0.025783133,0.06918639,0.08434887,0.0650029,0.022547908,0.085344315,0.18020563,0.21451518,0.15240997,0.049848285,0.15217754,0.16360044,0.16486081,0.19860135,0.2001235,0.19539104,0.23590049,0.2543895,0.22827266,0.18251693,0.11921698,0.05878181,0.024391016,0.018717539,0.05457513,0.07604052,0.07684972,0.06440584,0.047466256,0.039557584,0.030506713,0.042940818,0.14097953,0.20782335,0.16830401,0.15874642,0.23541231,0.28449234,0.32647073,0.29488492,0.19600585,0.117848605,0.12467661,0.019032395,0.09337562,0.10056713,0.112059385,0.1504607,0.22795568,0.24562633,0.18618377,0.13700709,0.116179585,0.103218436,0.09795071,0.09975422,0.1040073,0.10377544,0.098462656,0.092674576,0.08912982,0.09003708,0.09397112,0.09804917,0.10093527,0.10128449,0.09894547,0.09169447,0.07915728,0.06675849,0.055707797,0.042512458,0.04496903,0.044035878,0.030052163,0.02038722,0.027295237,0.028592097,0.018750742,0.021368079,,,,,,,,,,,,,,,,,,,,,,,,,,,,,,,,,,,,,,,,,,,,,,,,,,,,,,,,,,,,,,,,,,,,,,,,,,,,,,,,,,,,,,,,,,,,,,,,,,,,,,,,,,,,,,,,,,,,,,,,,,,,,,,,,,,,,,,,,,,,,,,0.13161112,0.09790914,0.061581653,0.06927958,0.18613087,0.24563944,0.22915661,0.2834086,0.35282415,0.4120633,0.46702692,0.4984546,0.5215871,0.5398715,0.53932786,0.52405685,0.5063384,0.48998028,0.48029846,0.47869167,0.48365796,0.50479853,0.54892194,0.608743,0.67326856,0.72289664,0.72928554,0.6693273,0.5553049,0.44336194,0.39968356,0.41278034,0.35414276,0.29044315,0.23509443,0.18403746,0.13940483,0.10108577,0.049596958,0.041370016,0.06137203,0.106701635,0.16806848,0.22670327,0.28333327,0.3298269,0.36525866,0.4091693,0.47014233,0.44025025,0.3646752,0.3139106,0.2798927,0.24928962,0.23329356,0.19612041,0.20161226,0.20295759,0.16312568,0.107429184,0.22206157,0.2903498,0.15856376,0.06815677,0.11786938,0.16264892,0.17626897,0.11623169,0.119787365,0.18655159,0.15695183,0.15488443,0.17179212,0.20389366
19.083336,,,,,,,,,,,,,,,,,,,,,,,,,,,,,,,,,,,,,,,,,,,,,,,,,,,,,,,,,,,,,,,,,,,,,,,,,,,,,,,,,,,,,,,,,,,,,,,,,,,,,,,,,,,,,,,,,,,,,,,,,,,0.055158,0.07747377,0.115254685,0.12430198,0.17299959,0.21148814,0.23523578,0.24294952,0.25829983,0.28998756,0.31696433,0.32847568,0.3246069,0.31711164,0.3110158,0.30565837,0.30266592,0.30257535,0.3055198,0.30888203,0.3084004,0.30295393,0.29370674,0.28030705,0.26666936,0.25556388,0.24902783,0.24814378,0.24994081,0.24285588,0.20619114,0.13532476,0.10400465,0.11473087,0.11436404,0.10550212,0.09973904,0.093323186,0.092561886,0.09603625,0.10018419,0.10003624,0.099350005,0.09884443,0.09726769,0.10075451,0.12647134,0.13117142,0.053238135,0.047041785,0.08375291,0.09781128,0.14327198,0.1992449,0.23747051,0.2717114,0.27622068,0.23672922,0.15259674,0.057204913,0.049859323,0.058982387,0.08010818,0.08978615,0.08894961,0.07466711,0.048763834,0.059725843,0.09631941,0.11054397,0.10671728,0.10527144,0.10697438,0.11018488,0.10844247,0.104705274,0.102853976,0.10047198,0.09070557,0.074530736,0.07334729,0.19960903,0.17753333,0.091165416,0.055303376,0.035165068,0.11143307,0.16972661,0.2143721,0.2529335,0.26959497,0.223124,0.10866653,0.20207012,0.1679204,0.2226967,0.19978884,0.16490546,0.1396168,0.093858406,0.041800648,0.022790575,0.03351126,0.047090475,0.0581371,0.045515895,0.00805434,0.09465689,0.19683748,0.27650967,0.25115502,0.073954865,0.12793338,0.1795937,0.15370907,0.13028483,0.1085627,0.167759,0.2146185,0.2377103,0.20690857,0.14832379,0.09027046,0.05954265,0.051078934,0.06158488,0.07716992,0.08455698,0.07820034,0.060539607,0.051499914,0.048175536,0.035025507,0.07580017,0.17200918,0.19295663,0.23745634,0.30842155,0.36760348,0.3618642,0.29185793,0.19262184,0.13422409,0.18527704,0.13439466,0.017828237,0.06571403,0.06037375,0.04875068,0.13874578,0.24883166,0.2144824,0.15040372,0.12633751,0.11618208,0.11444942,0.11883626,0.12117582,0.11730315,0.106892645,0.095578976,0.08344908,0.075120255,0.07235195,0.075942695,0.0839489,0.09292914,0.09990668,0.10045733,0.09269442,0.0823542,0.07303635,0.06277691,0.055490404,0.047883976,0.035154354,0.020557133,0.018508911,0.033054907,0.0351671,0.026508974,,,,,,,,,,,,,,,,,,,,,,,,,,,,,,,,,,,,,,,,,,,,,,,,,,,,,,,,,,,,,,,,,,,,,,,,,,,,,,,,,,,,,,,,,,,,,,,,,,,,,,,,,,,,,,,,,,,,,,,,,,,,,,,,,,,,,,,,,,,,,,,0.11249545,0.08235454,0.11894536,0.23145223,0.31432754,0.31548232,0.329039,0.3952496,0.44190523,0.48622325,0.52842367,0.5502544,0.55427533,0.5500094,0.5335081,0.5053805,0.4809689,0.4658454,0.4560425,0.45167446,0.45636353,0.4768438,0.5153601,0.56954235,0.6359426,0.7078684,0.7582502,0.75102615,0.6640396,0.53112626,0.42259887,0.4204489,0.382017,0.2927906,0.23030047,0.17924482,0.13204902,0.09817765,0.069258146,0.052915905,0.05295839,0.08114711,0.13415554,0.19208254,0.25214523,0.30248007,0.33434746,0.3673944,0.41985422,0.4235557,0.36567765,0.33924323,0.31675127,0.27916503,0.25345355,0.22397177,0.22112802,0.21916957,0.20360275,0.20495856,0.1732868,0.24051459,0.1404855,0.069601186,0.14080255,0.19537449,0.18789929,0.13524728,0.11605128,0.18017322,0.15670101,0.15190937,0.16747893,0.1969081
19.0,,,,,,,,,,,,,,,,,,,,,,,,,,,,,,,,,,,,,,,,,,,,,,,,,,,,,,,,,,,,,,,,,,,,,,,,,,,,,,,,,,,,,,,,,,,,,,,,,,,,,,,,,,,,,,,,,,,,,,,,,,0.04585952,0.037949193,0.08743386,0.12538683,0.18751253,0.24144523,0.26930436,0.27321455,0.27523923,0.29694492,0.31276208,0.31327477,0.30358365,0.29405698,0.28935376,0.28249535,0.27059564,0.2577702,0.24767008,0.24316546,0.24734683,0.25817615,0.26936007,0.27727118,0.27910373,0.27421996,0.267924,0.26420203,0.26194343,0.25017428,0.2108444,0.15197961,0.13410477,0.13598402,0.13442191,0.12705843,0.11988447,0.1148802,0.10832298,0.10561304,0.10744622,0.10841333,0.10662628,0.10159968,0.09569438,0.092331015,0.09293035,0.11033794,0.15849748,0.12628625,0.014667883,0.059405148,0.074542105,0.0904765,0.14658213,0.19069846,0.2217847,0.23653018,0.22698699,0.1757495,0.08143718,0.020523285,0.038738236,0.056079607,0.06975848,0.06836777,0.05555315,0.04484519,0.053402796,0.081263386,0.10992738,0.111879446,0.10576507,0.0972628,0.086552694,0.07579784,0.070508,0.07798839,0.086850196,0.094820134,0.08705319,0.032163408,0.11582942,0.1669785,0.12636425,0.060769543,0.030517958,0.067161486,0.11904903,0.15690535,0.1920679,0.2205536,0.23036566,0.15002105,0.10500897,0.12917492,0.03990772,0.046155848,0.09507137,0.13789116,0.14189442,0.111051485,0.088389695,0.088713184,0.089651294,0.09187311,0.093830906,0.06902176,0.0049674315,0.0971833,0.20141216,0.31233326,0.27752742,0.1309094,0.12767431,0.15247616,0.10838946,0.04270986,0.054656625,0.18349148,0.2721106,0.25825042,0.1876326,0.124744035,0.09608181,0.08861382,0.092067316,0.10132124,0.107087836,0.10322273,0.08731133,0.07272969,0.06412083,0.034742154,0.04545497,0.08637818,0.15253295,0.23677455,0.32390928,0.35414657,0.31893924,0.24391532,0.16239125,0.1093522,0.16973436,0.21191409,0.07501464,0.045352932,0.080192015,0.020989394,0.027322821,0.18820782,0.20934442,0.15200447,0.12716559,0.12614608,0.1313991,0.13840984,0.13662241,0.12868623,0.12376859,0.11573198,0.10176319,0.087273985,0.07556365,0.066665456,0.06514013,0.074605346,0.08998437,0.10018095,0.09719451,0.08713775,0.07616929,0.065528736,0.05385627,0.0443218,0.03471433,0.024136916,0.010744674,0.034529597,0.043318734,0.016309708,,,,,,,,,,,,,,,,,,,,,,,,,,,,,,,,,,,,,,,,,,,,,,,,,,,,,,,,,,,,,,,,,,,,,,,,,,,,,,,,,,,,,,,,,,,,,,,,,,,,,,,,,,,,,,,,,,,,,,,,,,,,,,,,,,,,,,,,,,,,,,0.116518475,0.15997581,0.11552888,0.27176714,0.35625684,0.3648864,0.36298648,0.42407635,0.49364266,0.52040213,0.5325237,0.5578815,0.5706733,0.5549282,0.52937984,0.50105804,0.47138736,0.45169255,0.44223607,0.43500227,0.4315373,0.4371053,0.45505607,0.48612386,0.52992344,0.5849689,0.65467316,0.7313615,0.7813563,0.75305027,0.639651,0.5011904,0.4199301,0.41327462,0.3352664,0.23928036,0.18048225,0.13828418,0.11214549,0.10707074,0.10359023,0.1023884,0.107296236,0.12630281,0.1643171,0.2177598,0.26654416,0.3036136,0.3282461,0.35731524,0.38294137,0.35573688,0.35395724,0.32872617,0.2845052,0.25523233,0.24188836,0.22226651,0.20708445,0.19979866,0.21229759,0.20167229,0.19824079,0.10893506,0.07104836,0.17371655,0.24803273,0.19222258,0.15976575,0.124550745,0.17949738,0.15869832,0.14977433,0.1590993,0.18333274
18.916672,,,,,,,,,,,,,,,,,,,,,,,,,,,,,,,,,,,,,,,,,,,,,,,,,,,,,,,,,,,,,,,,,,,,,,,,,,,,,,,,,,,,,,,,,,,,,,,,,,,,,,,,,,,,,,,,,,0.03171966,0.041439757,0.047465384,0.039617002,0.02927804,0.028407726,0.03418984,0.04754885,0.055859327,0.078193344,0.119934626,0.17325981,0.23383787,0.2729119,0.27994117,0.2635808,0.26716697,0.28165865,0.28494442,0.27953422,0.27145967,0.2654981,0.26451278,0.26410574,0.25919774,0.24736989,0.23080538,0.21211064,0.1949674,0.18311325,0.18203779,0.19609949,0.21835633,0.23867439,0.2500804,0.250309,0.23841101,0.20630373,0.16875595,0.16019222,0.17230938,0.17242078,0.16210276,0.1575242,0.15745904,0.15616055,0.15295504,0.14972253,0.1458589,0.14364551,0.14382878,0.14147627,0.13163646,0.11495575,0.10014405,0.09867986,0.13834932,0.18660769,0.118750386,0.03601386,0.075715125,0.067075744,0.09579321,0.15886725,0.19046342,0.19589034,0.1861092,0.16242328,0.1155182,0.029639035,0.056647804,0.038870875,0.05023944,0.044250168,0.045542236,0.07808627,0.086258635,0.083492465,0.10193804,0.1127494,0.11136189,0.10011485,0.08165592,0.06391508,0.05160182,0.05093373,0.06557895,0.085258596,0.08320964,0.046784356,0.04301319,0.095254004,0.13098659,0.119720556,0.09869421,0.11070266,0.13348025,0.15349914,0.15903202,0.1624695,0.18814503,0.16250357,0.0746115,0.07769072,0.118280195,0.13179433,0.099240914,0.09792826,0.05299877,0.10463273,0.10106253,0.0905676,0.089781635,0.09985584,0.115466535,0.10708414,0.062763736,0.026771707,0.10697396,0.22850022,0.31663185,0.29369074,0.174378,0.11669754,0.1116338,0.058813065,0.07394728,0.2565533,0.35407683,0.3379619,0.25989306,0.18712136,0.14837542,0.1283479,0.11437702,0.10909239,0.108121485,0.103652716,0.08843994,0.07809827,0.07557063,0.039308034,0.044526905,0.079005964,0.164516,0.2488408,0.2693967,0.2682162,0.2487224,0.20531645,0.13975777,0.09009378,0.14311494,0.23840646,0.16007718,0.015757453,0.08090336,0.042890552,0.040512737,0.1312016,0.15703174,0.13402213,0.11966884,0.12909801,0.14347756,0.15351138,0.15041421,0.14890686,0.15659784,0.16201223,0.15905061,0.1449773,0.121645615,0.09312585,0.067660265,0.0576568,0.066144355,0.082372464,0.090569004,0.08554069,0.07282151,0.059548452,0.046242535,0.03417701,0.027536502,0.024118397,0.008234657,0.0321245,0.04709703,0.022067422,,,,,,,,,,,,,,,,,,,,,,,,,,,,,,,,,,,,,,,,,,,,,,,,,,,,,,,,,,,,,,,,,,,,,,,,,,,,,,,,,,,,,,,,,,,,,,,,,,,,,,,,,,,,,,,,,,,,,,,,,,,,,,,,,,,,,,,,,,,,,0.028384842,0.025684759,0.0870807,0.24416868,0.37365955,0.4011824,0.3664831,0.41949975,0.49756023,0.5514885,0.5711163,0.5539791,0.54844594,0.5499281,0.52740127,0.49054146,0.4614353,0.44166064,0.43030992,0.42569578,0.42005578,0.41838893,0.42700267,0.4456935,0.47193787,0.5073087,0.54832137,0.6031901,0.67714727,0.75777626,0.79225874,0.7348421,0.5973419,0.4572166,0.42348802,0.39024094,0.29469684,0.2121354,0.16256388,0.13434793,0.13426137,0.14213242,0.14796099,0.15207481,0.15085372,0.15841776,0.18608496,0.22207673,0.25569174,0.27707636,0.30109394,0.3392786,0.3444709,0.34610048,0.31409386,0.2690405,0.2487639,0.24180093,0.22022456,0.19948371,0.1831923,0.18174908,0.19016607,0.1542481,0.06334069,0.11649774,0.2246165,0.24133144,0.17466258,0.17151919,0.12585518,0.17732643,0.16183446,0.15131989,0.15457118,0.17557955
18.833336,,,,,,,,,,,,,,,,,,,,,,,,,,,,,,,,,,,,,,,,,,,,,,,,,,,,,,,,,,,,,,,,,,,,,,,,,,,,,,,,,,,,,,,,,,,,,,,,,,,,,,,,,,,,,,,,0.02166469,0.027491886,0.032352783,0.037606813,0.04952118,0.04302268,0.018168157,0.025097735,0.036488235,0.0618573,0.09338738,0.13538863,0.16867588,0.21542738,0.25950342,0.2814598,0.27434224,0.2508009,0.24678396,0.25240892,0.251797,0.253989,0.25538054,0.2545508,0.25648147,0.26112604,0.26324877,0.25893518,0.24800779,0.22971535,0.20406638,0.17438768,0.1479433,0.13562237,0.145856,0.1707628,0.19786982,0.21117352,0.20063207,0.18034522,0.181031,0.19997935,0.20442042,0.19120766,0.18721512,0.19428122,0.2021183,0.20164378,0.1971606,0.1895142,0.17797507,0.16791114,0.16396429,0.16675985,0.17252095,0.16909146,0.1503379,0.12448101,0.12117454,0.1648274,0.20202608,0.1721531,0.09631319,0.05197474,0.030376293,0.11286256,0.15668882,0.16850212,0.15710941,0.13497661,0.111314975,0.06585469,0.026678704,0.06275783,0.044838212,0.040045105,0.08517406,0.13649246,0.112966314,0.08639492,0.08365937,0.08492756,0.08394806,0.08377685,0.08149397,0.073556356,0.057241544,0.04508281,0.047526017,0.0634514,0.07117485,0.056525324,0.037966236,0.042363714,0.070898086,0.09848388,0.1122647,0.11982407,0.1365963,0.1571673,0.15011328,0.13099524,0.13530767,0.13875459,0.10101783,0.055660527,0.039833926,0.077120475,0.10139923,0.17278847,0.15424788,0.049434084,0.07949324,0.07768028,0.075782716,0.08952479,0.109904006,0.10281576,0.09211292,0.078695945,0.064628586,0.12621935,0.23015936,0.31205153,0.29035133,0.1948209,0.10088714,0.05562699,0.13000448,0.31492057,0.37840888,0.33595508,0.24316116,0.15724744,0.09587372,0.06664369,0.06315877,0.067763545,0.07539049,0.07205693,0.04963526,0.031165263,0.03197162,0.026685458,0.076435514,0.15710135,0.20369023,0.19055231,0.21002518,0.255151,0.24206223,0.1891267,0.12579928,0.09332165,0.14077991,0.24091871,0.1975849,0.03670972,0.06863213,0.030838022,0.042272013,0.12299149,0.11390332,0.10472572,0.115182154,0.1330907,0.15483606,0.16775878,0.17255442,0.18572651,0.21189503,0.23761933,0.24678043,0.2341883,0.2032387,0.15637198,0.10374302,0.06463636,0.048972607,0.054310843,0.0721879,0.0772291,0.068482794,0.05834688,0.048979193,0.03519755,0.029397039,0.030114075,0.015427806,0.02883735,0.051225778,0.0272178,,,,,,,,,,,,,,,,,,,,,,,,,,,,,,,,,,,,,,,,,,,,,,,,,,,,,,,,,,,,,,,,,,,,,,,,,,,,,,,,,,,,,,,,,,,,,,,,,,,,,,,,,,,,,,,,,,,,,,,,,,,,,,,,,,,,,,,,,,,,,0.01017455,0.051853266,0.18553738,0.3178146,0.40185678,0.42052156,0.41699907,0.47660446,0.53742,0.5625584,0.5724232,0.55413836,0.5255554,0.51282763,0.49324727,0.4621769,0.44045815,0.42778805,0.41874707,0.41219684,0.40173057,0.39642364,0.40452594,0.42299873,0.44826773,0.48338097,0.5231032,0.56837964,0.6250424,0.7000396,0.77137,0.7825466,0.69301635,0.5387628,0.41104123,0.3951883,0.3545316,0.26836875,0.20133188,0.1618701,0.14724973,0.15784058,0.16808571,0.17604269,0.17910156,0.17611316,0.17748542,0.1900815,0.20772776,0.22291833,0.2447376,0.2768402,0.29798537,0.2982639,0.2874599,0.26689312,0.24831317,0.22382851,0.19471954,0.17961708,0.16484632,0.15195577,0.12294735,0.04754968,0.02485116,0.17558016,0.27888173,0.20549954,0.1417421,0.17317614,0.1288591,0.16374572,0.1556341,0.15523112,0.15756436,0.17647696
18.75,,,,,,,,,,,,,,,,,,,,,,,,,,,,,,,,,,,,,,,,,,,,,,,,,,,,,,,,,,,,,,,,,,,,,,,,,,,,,,,,,,,,,,,,,,,,,,,,,,,,,,,,,,,,,,,,0.029700663,0.03436161,0.038776744,0.046841927,0.059910327,0.045354873,0.0062973765,0.018377198,0.055520486,0.11435623,0.15886362,0.18822375,0.20711255,0.24315992,0.26146272,0.2654133,0.2563371,0.24636532,0.24697992,0.2450338,0.23686351,0.23629291,0.23988175,0.24422055,0.25282994,0.26376593,0.27065736,0.2697202,0.26098514,0.24501175,0.22199127,0.19267814,0.1588753,0.12899886,0.12373843,0.14075738,0.15801623,0.16980062,0.17174555,0.17615995,0.19920157,0.21631508,0.204855,0.19582835,0.20597202,0.220199,0.23561953,0.23806234,0.2301793,0.21834959,0.20060785,0.18338042,0.17003064,0.16452503,0.17332774,0.19361849,0.20721671,0.1953403,0.16463318,0.15238404,0.1822782,0.1953703,0.19285022,0.1869035,0.16255897,0.16121261,0.16220637,0.15060902,0.13404402,0.11595331,0.09644591,0.06415094,0.012250147,0.06429288,0.07297005,0.07326463,0.118324414,0.106324606,0.09066342,0.07243988,0.06071776,0.04560122,0.033395827,0.039252102,0.047109105,0.04541415,0.043229543,0.046189155,0.048708104,0.053648744,0.059912276,0.0608016,0.04190024,0.026148148,0.05147105,0.050542116,0.028704425,0.056338064,0.12200384,0.14760965,0.13270655,0.10711242,0.09643204,0.10198967,0.09608883,0.07250959,0.054004297,0.034034386,0.05308928,0.16705182,0.23177609,0.10900358,0.06841742,0.06979369,0.06338923,0.07609509,0.0917741,0.08504259,0.07588769,0.09498383,0.088605486,0.07961489,0.12923391,0.24017534,0.29773957,0.25888655,0.14410587,0.09020386,0.17987631,0.33019057,0.35445744,0.28703767,0.18731883,0.104280055,0.06713797,0.074551545,0.08166272,0.08239072,0.076401085,0.06319427,0.044682432,0.035100088,0.025374757,0.09951199,0.18508124,0.22036038,0.18210463,0.13762534,0.2094806,0.2750005,0.221832,0.13621268,0.04665471,0.08777111,0.17388695,0.26006687,0.16692577,0.042032342,0.029531883,0.05122453,0.08602354,0.1160674,0.10714348,0.107993565,0.12284651,0.14296027,0.17080432,0.18443345,0.19385874,0.22075865,0.26249528,0.3014044,0.3182886,0.31187156,0.28461918,0.2310945,0.16356191,0.10171559,0.058449212,0.04355348,0.051201418,0.06182292,0.058142804,0.05165311,0.050004408,0.041078646,0.033245448,0.032999076,0.019880407,0.027459767,0.05695578,,,,,,,,,,,,,,,,,,,,,,,,,,,,,,,,,,,,,,,,,,,,,,,,,,,,,,,,,,,,,,,,,,,,,,,,,,,,,,,,,,,,,,,,,,,,,,,,,,,,,,,,,,,,,,,,,,,,,,,,,,,,,,,,,,,,,,,,,,,,,0.0375894,0.023641897,0.15798624,0.27581847,0.37111032,0.4125716,0.45492533,0.49344474,0.52824455,0.5481358,0.54172707,0.5422491,0.5421835,0.5197778,0.49626037,0.47714594,0.4584443,0.43997425,0.4216232,0.4037107,0.38758063,0.37084895,0.36116725,0.36250603,0.37543052,0.39917564,0.4340331,0.47969627,0.5296448,0.57867795,0.6353404,0.71045804,0.77064914,0.7524984,0.6380182,0.474811,0.35832077,0.35422292,0.32197374,0.2520822,0.19787408,0.16724357,0.16312993,0.16983853,0.17205684,0.17749274,0.18129425,0.18257138,0.18632767,0.19182667,0.19960693,0.21561876,0.23845845,0.25912225,0.27163032,0.27094537,0.25639045,0.22415628,0.18399125,0.15733469,0.1289806,0.08442293,0.032369584,0.055602737,0.05647714,0.09038628,0.20446418,0.3017009,0.20080945,0.12093737,0.15720952,0.12888661,0.14168084,0.14369315,0.15993859,0.16578339,0.1765204
18.666672,,,,,,,,,,,,,,,,,,,,,,,,,,,,,,,,,,,,,,,,,,,,,,,,,,,,,,,,,,,,,,,,,,,,,,,,,,,,,,,,,,,,,,,,,,,,,,,,,,,,,,,,,,,,,0.019064344,0.021053256,0.030529194,0.04579216,0.045178413,0.06121439,0.07093521,0.056101695,0.0075829774,0.030291202,0.06924823,0.12836263,0.17081347,0.18597822,0.2102943,0.23181129,0.2573145,0.2608462,0.25072291,0.25868684,0.27754444,0.2829339,0.2665776,0.24396281,0.23150213,0.22524208,0.22556947,0.23432916,0.24526025,0.24911985,0.2411375,0.2237095,0.2029819,0.18525532,0.17258967,0.15900852,0.1369516,0.12386188,0.13678586,0.15316117,0.16138864,0.16605635,0.18450071,0.20911859,0.20611943,0.18019383,0.18367192,0.20180614,0.23023534,0.26059765,0.27373302,0.26750964,0.25230548,0.2284302,0.20637015,0.18703045,0.17434473,0.17263557,0.18714547,0.21527855,0.24051702,0.24196427,0.22307698,0.207531,0.19506894,0.19469792,0.195744,0.18068282,0.16205457,0.14754085,0.13735339,0.12578942,0.106370635,0.08161158,0.055986237,0.024195459,0.048078854,0.09117891,0.117130995,0.15029953,0.0746086,0.055017333,0.051512714,0.03813635,0.0051845885,0.03302061,0.07037854,0.10246375,0.11826572,0.1097029,0.08561212,0.06572592,0.052521124,0.05496079,0.059000466,0.05447525,0.050656665,0.073627986,0.065887064,0.036151845,0.05991639,0.13157687,0.1407811,0.10906077,0.08413546,0.071703434,0.074059546,0.077273175,0.06392785,0.054788318,0.039061688,0.027303,0.15414424,0.2731016,0.14121178,0.08201892,0.069762036,0.056522574,0.062559344,0.075099014,0.0758591,0.05345412,0.056183707,0.08863797,0.0894593,0.07441084,0.15675579,0.2413538,0.23561302,0.13578986,0.06692867,0.17476098,0.31525964,0.2947777,0.22376782,0.14708626,0.12721056,0.16569784,0.18442409,0.16067408,0.11828173,0.071519814,0.024547394,0.034360427,0.09216546,0.15697634,0.21334411,0.21947026,0.16591184,0.08951272,0.102196634,0.23987108,0.28411552,0.18525715,0.07099459,0.057257507,0.16564341,0.2695948,0.29102045,0.062159702,0.05387889,0.091384865,0.11038725,0.118732564,0.12134959,0.11951733,0.12735935,0.13744862,0.15813605,0.18383087,0.19366954,0.20352197,0.2295832,0.2653451,0.29468596,0.3111531,0.3196429,0.31214768,0.27276552,0.21058282,0.14587542,0.08647414,0.051804293,0.043382347,0.04781145,0.04510212,0.03652935,0.032001786,0.04179192,0.051830776,0.03565408,0.021513918,0.022445766,0.054065395,0.048576917,,,,,,,,,,,,,,,,,,,,,,,,,,,,,,,,,,,,,,,,,,,,,,,,,,,,,,,,,,,,,,,,,,,,,,,,,,,,,,,,,,,,,,,,,,,,,,,,,,,,,,,,,,,,,,,,,,,,,,,,,,,,,,,,,,,,,,,,,,,0.07215073,0.07781435,0.14506349,0.24693188,0.3412986,0.41209543,0.43585968,0.4843198,0.5345668,0.55322856,0.55467224,0.53805345,0.5314747,0.5378177,0.52823555,0.506489,0.48643568,0.46318424,0.4321664,0.39678326,0.36325067,0.33724788,0.32110777,0.31680164,0.32272294,0.33698836,0.35515574,0.37666926,0.40905476,0.45561185,0.5123702,0.57073283,0.63519055,0.71297866,0.75526154,0.7072392,0.5801016,0.43096185,0.3479425,0.32564536,0.29856762,0.24013014,0.19388969,0.16945054,0.16671312,0.16279316,0.15513143,0.15384677,0.1572188,0.1633216,0.17291039,0.18530725,0.20212309,0.22256088,0.23697573,0.24510612,0.23709041,0.2092134,0.17167883,0.14021343,0.11192991,0.08574276,0.072577484,0.061362866,0.06552856,0.09675604,0.13098364,0.20531864,0.29905573,0.22590731,0.13433275,0.1538598,0.12978621,0.12312499,0.13348992,0.16043404,0.17628711,0.178169
18.583336,,,,,,,,,,,,,,,,,,,,,,,,,,,,,,,,,,,,,,,,,,,,,,,,,,,,,,,,,,,,,,,,,,,,,,,,,,,,,,,,,,,,,,,,,,,,,,,,,,,,,,,,,,,,,0.018873317,0.02666917,0.036209974,0.033482518,0.07409798,0.07621996,0.058275968,0.018422524,0.042124994,0.09699131,0.15159822,0.18848303,0.199016,0.1955915,0.2171829,0.2440585,0.26449338,0.2697627,0.24545196,0.24096459,0.26574355,0.27669424,0.25170305,0.22118695,0.20693184,0.20097928,0.19966935,0.20071611,0.20069276,0.1930347,0.17405176,0.14541043,0.11103908,0.076739915,0.050181042,0.050842576,0.08945823,0.12501283,0.13558207,0.14562294,0.1606649,0.1698664,0.18530695,0.19772199,0.17390727,0.13866746,0.14476922,0.17896439,0.23865424,0.2858699,0.3061177,0.30088708,0.28209656,0.25634354,0.23159899,0.2117893,0.19647825,0.18947239,0.19401205,0.21018502,0.23707427,0.26591933,0.28023475,0.2761659,0.25642362,0.23513632,0.21866608,0.20146497,0.18133335,0.16058744,0.14158383,0.12606569,0.10572845,0.0833294,0.057268165,0.030034415,0.044222035,0.09766279,0.13827106,0.16238293,0.1007474,0.05505423,0.040527534,0.031433426,0.03928809,0.044129226,0.03501667,0.039830435,0.062878646,0.08764304,0.09145597,0.078506395,0.062109545,0.05223786,0.040875994,0.047125854,0.07184163,0.09035048,0.09090516,0.08994787,0.133444,0.16192679,0.13369736,0.0816666,0.06024088,0.052970514,0.04856228,0.05122806,0.058740582,0.054531235,0.048460774,0.046739005,0.12356281,0.25666398,0.13741265,0.09820133,0.073902935,0.057216983,0.052891266,0.06092403,0.066197455,0.0686745,0.03873085,0.05752586,0.12612289,0.1598012,0.15307793,0.19733629,0.19471672,0.12882116,0.03188786,0.22162798,0.27598697,0.2379594,0.19365928,0.15122405,0.14624657,0.16253214,0.15094134,0.108204715,0.07067966,0.08139656,0.10744156,0.14463678,0.17427619,0.17772743,0.15930793,0.12697144,0.07007377,0.03751422,0.113863185,0.21117845,0.25344276,0.17092983,0.12678985,0.19720167,0.29997447,0.34013125,0.22472419,0.088863134,0.10612411,0.1339572,0.15212786,0.14902475,0.14515825,0.14467244,0.1458115,0.14714867,0.16427886,0.18616952,0.1921067,0.1933787,0.19512664,0.18925197,0.1796055,0.1870338,0.21232311,0.23324691,0.23371261,0.20941986,0.16743924,0.11362877,0.069383785,0.047736496,0.041959926,0.037102565,0.029339684,0.01255612,0.02155616,0.06277744,0.043294724,0.031161243,0.019912133,0.04616781,0.0280703,,,,,,,,,,,,,,,,,,,,,,,,,,,,,,,,,,,,,,,,,,,,,,,,,,,,,,,,,,,,,,,,,,,,,,,,,,,,,,,,,,,,,,,,,,,,,,,,,,,,,,,,,,,,,,,,,,,,,,,,,,,,,,,,,,,,,,,,,,0.027069734,0.051355027,0.12414665,0.2255457,0.30388469,0.3837412,0.4382485,0.4671169,0.51091355,0.55237186,0.5637211,0.5654652,0.55775076,0.5513897,0.550102,0.5312628,0.49848348,0.46916047,0.42954537,0.38255656,0.3377284,0.30260324,0.28068447,0.27466595,0.2851424,0.3061307,0.32881802,0.3432663,0.34883338,0.35379177,0.37143484,0.41462567,0.48339665,0.55073136,0.63181543,0.71170545,0.72673947,0.6539711,0.5367971,0.42542535,0.33249384,0.29386145,0.27254725,0.22646806,0.18775204,0.16762346,0.16136703,0.14856206,0.13140707,0.12411216,0.12639748,0.13406585,0.14466265,0.15942442,0.1777999,0.19110407,0.19386528,0.18161018,0.16061357,0.13448699,0.110790014,0.099070124,0.101912655,0.09227984,0.04388221,0.028237436,0.021181686,0.090946354,0.18816355,0.28769672,0.26266113,0.16415703,0.16342776,0.13658217,0.1070082,0.124712564,0.15846445,0.18639001,0.1844496
18.5,,,,,,,,,,,,,,,,,,,,,,,,,,,,,,,,,,,,,,,,,,,,,,,,,,,,,,,,,,,,,,,,,,,,,,,,,,,,,,,,,,,,,,,,,,,,,,,,,,,,,,,,,,,,,0.022481173,0.026628118,0.03415995,0.069459155,0.083376296,0.067507446,0.04608868,0.036675896,0.11251372,0.16872825,0.2016314,0.21116742,0.20476091,0.19780573,0.21193038,0.24869289,0.2781373,0.27925733,0.2585607,0.23577774,0.21343572,0.19423552,0.17670114,0.17294641,0.1766023,0.1807814,0.18024416,0.16946311,0.14804772,0.1255053,0.11072894,0.1006964,0.088998415,0.07849523,0.07587521,0.08437724,0.09386312,0.09445408,0.0996919,0.13230896,0.1617263,0.1797374,0.18684559,0.18215281,0.13992134,0.071286075,0.062956356,0.14957039,0.24464466,0.3092672,0.3357564,0.33049524,0.3077589,0.27996722,0.25500926,0.23620413,0.2235866,0.21864296,0.22023147,0.22945695,0.2466788,0.2690795,0.28973368,0.30233452,0.3045731,0.29464966,0.2767031,0.25497067,0.23077215,0.20570287,0.17979568,0.15482283,0.12677072,0.0999897,0.076540455,0.049537376,0.055495735,0.10485072,0.14803253,0.1635236,0.13215235,0.082481936,0.057052616,0.054067906,0.07782254,0.08186563,0.074970454,0.06857449,0.060781803,0.06926432,0.08199684,0.08290951,0.07909821,0.06987534,0.06405366,0.06694567,0.07486229,0.093882024,0.108236164,0.14861496,0.18966514,0.17606875,0.11795198,0.06771146,0.04434883,0.035940222,0.023919072,0.029721104,0.04845985,0.04387898,0.03783448,0.05040704,0.09211922,0.19995336,0.14546195,0.11586409,0.084623165,0.06527393,0.05283241,0.05573188,0.06796387,0.076814055,0.074272245,0.07926871,0.11816262,0.16545369,0.1772871,0.20614038,0.19934933,0.15818839,0.12184648,0.23354004,0.22934447,0.21780257,0.20885703,0.18544099,0.14997071,0.13434058,0.13572553,0.12996188,0.119299,0.113480054,0.1062149,0.094494626,0.0897686,0.08749294,0.08232825,0.070283785,0.04494444,0.07622901,0.102132745,0.14327171,0.21843055,0.19217809,0.22087845,0.30964398,0.35682836,0.30300403,0.17979488,0.15049689,0.17133817,0.19265397,0.19206059,0.16841929,0.16432396,0.16909929,0.15973501,0.15216675,0.17044741,0.19310491,0.19637533,0.18740937,0.16066188,0.11463099,0.08047717,0.10113276,0.14050648,0.1513821,0.14494264,0.154243,0.14866303,0.11756263,0.08250632,0.059538715,0.04726548,0.040644277,0.035015106,0.014096322,0.01848556,0.057559565,0.055801902,0.043934766,0.028335312,0.031745575,0.0193584,,,,,,,,,,,,,,,,,,,,,,,,,,,,,,,,,,,,,,,,,,,,,,,,,,,,,,,,,,,,,,,,,,,,,,,,,,,,,,,,,,,,,,,,,,,,,,,,,,,,,,,,,,,,,,,,,,,,,,,,,,,,,,,,,,,,,,,,,0.0037887008,0.006416589,0.060385063,0.16978966,0.27346292,0.3496631,0.41375038,0.45656833,0.49469656,0.5396516,0.5699732,0.5744928,0.5820983,0.5784414,0.5630784,0.5413726,0.50608236,0.45728484,0.41439256,0.36559138,0.31584784,0.27356303,0.24687442,0.23892562,0.24999638,0.2768864,0.31105033,0.33824658,0.34523836,0.33969998,0.32845744,0.31963077,0.32744744,0.37240964,0.44465378,0.535254,0.637592,0.70386255,0.6870709,0.6047197,0.51187485,0.41453373,0.30852908,0.25525758,0.24031755,0.2088262,0.17597638,0.15807219,0.15058254,0.13736749,0.11967001,0.10947625,0.10913097,0.11358229,0.12449215,0.14058636,0.15299487,0.15546516,0.14926314,0.13962856,0.12515187,0.11246045,0.110680394,0.10158469,0.055752307,0.04760062,0.051076856,0.055147555,0.07968168,0.17043765,0.27373847,0.28656238,0.19229129,0.18632604,0.16779482,0.11614942,0.12917617,0.1615384,0.19294882,0.19698752
18.416672,,,,,,,,,,,,,,,,,,,,,,,,,,,,,,,,,,,,,,,,,,,,,,,,,,,,,,,,,,,,,,,,,,,,,,,,,,,,,,,,,,,,,,,,,,,,,,,,,,,,,,,,,,,,,0.038402833,0.04400933,0.0523231,0.073480055,0.08107926,0.06185219,0.03171237,0.10671412,0.17222632,0.20830813,0.2175475,0.21129026,0.1907164,0.16885625,0.15927842,0.17986685,0.21674523,0.24355704,0.2411401,0.22159848,0.18471816,0.14895582,0.14069693,0.1500196,0.158483,0.15708838,0.13941084,0.10641883,0.08237219,0.09176377,0.11402688,0.1274725,0.12928227,0.12566113,0.1258828,0.13740188,0.16130997,0.18840261,0.2048555,0.20129232,0.19317919,0.19527152,0.19478962,0.18465841,0.14899173,0.090165384,0.09243854,0.18722463,0.28510705,0.352105,0.3744884,0.3635578,0.33615395,0.30827007,0.28492633,0.26745588,0.25628725,0.25119936,0.25269684,0.2599834,0.27183092,0.28708267,0.30288464,0.31420803,0.32056206,0.318377,0.30670747,0.28907213,0.2656613,0.23720299,0.20496996,0.17411414,0.14377101,0.1175398,0.09978128,0.07906888,0.079303324,0.12112443,0.1612034,0.17538068,0.16381618,0.100573994,0.06399988,0.04912559,0.065631494,0.08335142,0.09602581,0.12627958,0.13734835,0.13743073,0.15238482,0.15832022,0.13901444,0.092666656,0.042784978,0.021375598,0.06414095,0.10189373,0.13394885,0.1648872,0.16007538,0.121243805,0.080574974,0.055994205,0.03934863,0.024798337,0.0051380363,0.031579126,0.027481362,0.028789205,0.032761615,0.05826202,0.09550735,0.16083631,0.1667635,0.13877295,0.104130946,0.07942706,0.061861135,0.05988691,0.07835364,0.08715593,0.0846477,0.10792913,0.17547934,0.24963832,0.26328006,0.24429603,0.22521971,0.17362057,0.20716307,0.21643434,0.21945748,0.2284974,0.25056702,0.2668787,0.2762316,0.27507752,0.2668088,0.25472197,0.23888633,0.22098278,0.20047717,0.17856652,0.16009128,0.14446136,0.13276766,0.11236098,0.093132496,0.12170071,0.121031746,0.079998985,0.11749461,0.15155932,0.2104882,0.31075305,0.34203762,0.27554753,0.24213858,0.24985078,0.24349585,0.23494296,0.21121882,0.18888561,0.19398135,0.19425552,0.18382962,0.18818909,0.22047913,0.25168136,0.25914332,0.23636019,0.18162335,0.11865572,0.087779485,0.11266602,0.15384492,0.15816608,0.1344312,0.11777514,0.109515876,0.101302154,0.08183445,0.06781611,0.0582696,0.05148279,0.047723595,0.023781361,0.038858566,0.02763914,0.053438324,0.051482484,0.031797905,0.017741198,0.011136851,,,,,,,,,,,,,,,,,,,,,,,,,,,,,,,,,,,,,,,,,,,,,,,,,,,,,,,,,,,,,,,,,,,,,,,,,,,,,,,,,,,,,,,,,,,,,,,,,,,,,,,,,,,,,,,,,,,,,,,,,,,,,,,,,,,,,,,,0.008389968,0.006159716,0.01649785,0.1192717,0.23911464,0.3341751,0.39068255,0.4385256,0.47796842,0.513182,0.55749816,0.58393097,0.58606744,0.5915299,0.57837236,0.54411864,0.5024657,0.45513022,0.40310377,0.3517657,0.3023756,0.25748393,0.22437261,0.2089131,0.21231942,0.23442054,0.27571216,0.3224855,0.35449985,0.3497558,0.3291979,0.30867407,0.28979465,0.27200937,0.2698151,0.32099125,0.4211788,0.5418569,0.6462195,0.6867794,0.64039224,0.5651134,0.49915692,0.41048443,0.3040944,0.22809903,0.20557973,0.18479721,0.15522155,0.13923703,0.13259801,0.1263831,0.11638605,0.1079254,0.10309991,0.10737926,0.12021641,0.13321581,0.14016847,0.14007406,0.14002278,0.1329938,0.12178417,0.1089435,0.08091308,0.046700466,0.05597495,0.0591223,0.046481133,0.06418965,0.16055763,0.26580212,0.28124952,0.2042838,0.22240962,0.20511548,0.13489883,0.13299559,0.16795446,0.19624212,0.20193158
18.333336,,,,,,,,,,,,,,,,,,,,,,,,,,,,,,,,,,,,,,,,,,,,,,,,,,,,,,,,,,,,,,,,,,,,,,,,,,,,,,,,,,,,,,,,,,,,,,,,,,,,,,,,,,,,0.03864333,0.0424698,0.039574154,0.062910974,0.061202265,0.06276537,0.07227503,0.09007995,0.1654939,0.20939954,0.22142537,0.21661955,0.20209116,0.1759079,0.15454602,0.13590625,0.12421862,0.13173097,0.14753598,0.14918442,0.1363699,0.10197062,0.06153156,0.033215117,0.03827714,0.050791036,0.049468372,0.045210622,0.07099586,0.10759456,0.13598913,0.15057479,0.15095288,0.14494075,0.13709229,0.13429023,0.14238769,0.16581275,0.20167735,0.24402559,0.28152984,0.30023405,0.29479006,0.27573684,0.25509152,0.23636936,0.223135,0.24009117,0.2937854,0.3596915,0.40227836,0.40642646,0.385182,0.35641694,0.3324275,0.31527045,0.30331582,0.29626766,0.29264504,0.29251888,0.29592675,0.30361408,0.31456214,0.32635498,0.33451512,0.3385529,0.3369757,0.32780686,0.31144086,0.28768155,0.2590928,0.22702293,0.19523486,0.16274774,0.13459378,0.12145797,0.10898275,0.110110186,0.1479958,0.18600684,0.2024727,0.190974,0.10380604,0.054113377,0.021838088,0.017031081,0.04338007,0.066976264,0.0909183,0.14045516,0.1662585,0.17174312,0.16443203,0.101837814,0.059346072,0.091869876,0.12451768,0.14649875,0.14546981,0.14406344,0.13180119,0.098783046,0.071956694,0.05365812,0.038351312,0.02666548,0.014553622,0.027637511,0.0346897,0.017298289,0.01430135,0.013755629,0.058930203,0.10419248,0.1498093,0.18206833,0.1632252,0.12767136,0.09775794,0.079215616,0.07367218,0.090482876,0.09901996,0.08550422,0.081294715,0.1305796,0.23699997,0.30045795,0.28635818,0.23119521,0.20564522,0.22714739,0.2279318,0.23417613,0.25165218,0.27377832,0.29708058,0.3135974,0.31645054,0.30851245,0.2956748,0.28189814,0.2660838,0.24858578,0.2302936,0.21558313,0.2044298,0.19557156,0.18135236,0.14948054,0.11972378,0.100214325,0.08541043,0.032392953,0.06447078,0.17157573,0.22473101,0.23741038,0.2155109,0.2510335,0.290935,0.28407252,0.2631945,0.22784483,0.20739509,0.21400487,0.21666425,0.2184519,0.24380206,0.28663927,0.31615826,0.31393328,0.27487335,0.21363004,0.15221165,0.12309161,0.14307216,0.16384424,0.15965681,0.14761628,0.12787774,0.098235175,0.081501886,0.072339565,0.06680949,0.061893024,0.059140474,0.061491925,0.034781814,0.04071876,0.008316741,0.043518197,0.058650933,0.035310466,0.0010842981,0.012023488,,,,,,,,,,,,,,,,,,,,,,,,,,,,,,,,,,,,,,,,,,,,,,,,,,,,,,,,,,,,,,,,,,,,,,,,,,,,,,,,,,,,,,,,,,,,,,,,,,,,,,,,,,,,,,,,,,,,,,,,,,,,,,,,,,,,,,,,0.033326436,0.021782113,0.0796087,0.19726342,0.3057912,0.38127056,0.42449054,0.46466625,0.49921128,0.5255466,0.5628093,0.58958334,0.5892809,0.58031243,0.5499303,0.49986586,0.44604236,0.3931769,0.341702,0.29103783,0.24438712,0.20315768,0.17433746,0.1681273,0.18658294,0.22426331,0.27819338,0.33640298,0.37300807,0.3536246,0.3133275,0.28560457,0.26948714,0.25109616,0.22050801,0.2243705,0.30856645,0.42974916,0.55948144,0.65376204,0.659797,0.60091114,0.5431874,0.48641217,0.40368572,0.30236357,0.21754974,0.17965333,0.15683904,0.12718074,0.10943485,0.103278436,0.103746824,0.10354781,0.10165366,0.10425607,0.11408582,0.12644188,0.13667256,0.14017236,0.14198285,0.13586913,0.12715828,0.10573791,0.07219396,0.042613897,0.044553507,0.058811035,0.046844296,0.04436486,0.1473527,0.25091603,0.25075033,0.20630828,0.24475421,0.23115997,0.17207225,0.15620548,0.16665539,0.18968032,0.19131988
18.25,,,,,,,,,,,,,,,,,,,,,,,,,,,,,,,,,,,,,,,,,,,,,,,,,,,,,,,,,,,,,,,,,,,,,,,,,,,,,,,,,,,,,,,,,,,,,,,,,,,,,,,,,,,,0.05195,0.037681043,0.048500024,0.049167138,0.03704745,0.04675677,0.055454027,0.12927929,0.20437226,0.22619005,0.223787,0.21456982,0.19381474,0.16098493,0.1259823,0.1008564,0.08834404,0.09568195,0.11503705,0.12211493,0.12148954,0.111251414,0.09799979,0.08179966,0.07315832,0.07797361,0.09194777,0.11147809,0.13538101,0.15211922,0.15829077,0.15527196,0.14710642,0.13716853,0.12737468,0.12245837,0.12812287,0.14793412,0.18250744,0.22961082,0.2845752,0.33631182,0.3724533,0.38739914,0.38527137,0.3765068,0.37054786,0.3797386,0.4036666,0.42803898,0.43220714,0.41462857,0.38754234,0.3653335,0.35229796,0.34633353,0.34232393,0.33839226,0.33527902,0.33376518,0.33330217,0.3343068,0.33772308,0.3444571,0.35015833,0.3528427,0.35119316,0.3429674,0.32783517,0.30611026,0.2803417,0.25087973,0.22012901,0.18783368,0.15874782,0.1474317,0.14197727,0.1466824,0.18543795,0.22080526,0.23770458,0.19891855,0.08726205,0.03953572,0.020533735,0.008153877,0.024952464,0.05850154,0.07154811,0.09002355,0.12088853,0.11670137,0.07384677,0.08309116,0.15971094,0.16183111,0.13320625,0.10679687,0.08596787,0.060419418,0.054365166,0.050288647,0.04152307,0.03474092,0.025102457,0.011753492,0.009752519,0.031479593,0.037772406,0.046683673,0.047907114,0.036969114,0.06322994,0.110864714,0.15046157,0.1901795,0.1889035,0.15414734,0.11838694,0.09865984,0.08714753,0.0913036,0.102263436,0.097486265,0.094956905,0.09502356,0.13927731,0.23036854,0.2713888,0.2371165,0.22618842,0.2441783,0.24453376,0.24515826,0.25252083,0.26667726,0.28474554,0.29505068,0.29619047,0.29027697,0.2787421,0.2662524,0.25171155,0.23334007,0.21451901,0.20062198,0.19657393,0.20350385,0.21220903,0.20642489,0.16863658,0.109943874,0.062001426,0.075137705,0.09021794,0.11072618,0.16343823,0.22815126,0.20299628,0.133017,0.18643197,0.24682525,0.24528453,0.22317599,0.21993648,0.2234853,0.21983232,0.21468766,0.22487317,0.2501362,0.2704685,0.26376244,0.23228376,0.19780111,0.1621816,0.15241957,0.16640557,0.16951372,0.16666166,0.1610151,0.14340319,0.10786933,0.07926908,0.0667202,0.061696086,0.058323584,0.059221137,0.06831582,0.0460741,0.021106042,0.034811728,0.019535491,0.06483224,0.04797177,0.014231168,0.020724405,0.019682655,,,,,,,,,,,,,,,,,,,,,,,,,,,,,,,,,,,,,,,,,,,,,,,,,,,,,,,,,,,,,,,,,,,,,,,,,,,,,,,,,,,,,,,,,,,,,,,,,,,,,,,,,,,,,,,,,,,,,,,,,,,,,,,,,,,,,0.066279195,0.032790616,0.05456278,0.042413402,0.16080377,0.2821363,0.36706448,0.41607785,0.44873226,0.4849684,0.5174399,0.53561276,0.56099445,0.5857789,0.58094305,0.554584,0.5044527,0.44313428,0.383164,0.32855713,0.2776148,0.22958995,0.18296988,0.14119814,0.11925059,0.13481402,0.1748284,0.22264503,0.28210858,0.34810895,0.38680512,0.34957907,0.28494135,0.25464588,0.25821245,0.26346618,0.20692328,0.15911925,0.19920531,0.3103567,0.44878763,0.5822949,0.64903283,0.6292895,0.57830256,0.53338796,0.47251245,0.39806902,0.31515542,0.23539114,0.16958278,0.1282692,0.103847556,0.07772732,0.059398875,0.05636633,0.06037751,0.07338817,0.092228785,0.11085687,0.125738,0.13257991,0.13703224,0.13492556,0.123303555,0.09848612,0.07000114,0.039988115,0.032035783,0.061963957,0.043177612,0.026929142,0.14851291,0.25850767,0.22181128,0.19046114,0.2418609,0.24341784,0.20442621,0.1843929,0.17298813,0.18264273,0.16094123
18.166672,,,,,,,,,,,,,,,,,,,,,,,,,,,,,,,,,,,,,,,,,,,,,,,,,,,,,,,,,,,,,,,,,,,,,,,,,,,,,,,,,,,,,,,,,,,,,,,,,,,,,,,,,,,,0.09535817,0.07001192,0.06436805,0.046993323,0.035938263,0.036085363,0.08957427,0.18075603,0.23163387,0.23222943,0.2132801,0.1900372,0.14654855,0.08433223,0.042298432,0.0360485,0.057934113,0.08463295,0.107187316,0.1193421,0.12333291,0.119254924,0.11031841,0.10321981,0.10434489,0.109909125,0.11745815,0.12890722,0.14232692,0.15134072,0.15551208,0.15346083,0.1441433,0.1330668,0.12441802,0.122013405,0.12601379,0.13931705,0.16506049,0.20336187,0.25273842,0.30926284,0.36479333,0.41050285,0.4418497,0.45945603,0.4660385,0.4663299,0.4623707,0.4508453,0.42794874,0.4008246,0.3827169,0.3780381,0.38091177,0.3841622,0.3824666,0.3754136,0.36599046,0.35735205,0.35073563,0.34683606,0.34492224,0.34501365,0.34530216,0.3447176,0.3418105,0.33512136,0.32411593,0.30775478,0.28778216,0.264041,0.23812316,0.21066378,0.18677306,0.17988658,0.18052118,0.18966489,0.23111346,0.26392198,0.28615132,0.1858473,0.06370477,0.04315412,0.028675258,0.019719709,0.027108526,0.06300492,0.09293911,0.090612076,0.084959395,0.08262323,0.024131544,0.1665707,0.17758368,0.11454316,0.05024528,0.036895443,0.05803604,0.06703981,0.05741626,0.038842242,0.026000038,0.024217354,0.020472186,0.015542791,0.017822325,0.03719495,0.052418515,0.063414514,0.06363979,0.05855146,0.08133595,0.12135467,0.15481022,0.19748689,0.21182965,0.18336946,0.14241326,0.117557324,0.09925229,0.08779391,0.097203754,0.09844748,0.10119767,0.10072332,0.11060204,0.15292461,0.2086049,0.21175645,0.21066713,0.23567939,0.24285412,0.23723535,0.22693293,0.2196896,0.2204735,0.22838773,0.23156342,0.22597171,0.2188077,0.21411528,0.21319205,0.20701687,0.1958821,0.18088137,0.17534444,0.18471251,0.20610039,0.22284172,0.21057951,0.14753498,0.08844845,0.061072405,0.1527075,0.17798425,0.1701634,0.22095792,0.23008576,0.21848436,0.1722079,0.1285971,0.17510538,0.20289099,0.21754964,0.21914873,0.2066127,0.18606856,0.1614598,0.14525528,0.14083809,0.1537788,0.18119453,0.19550274,0.19154261,0.18487874,0.18769652,0.18514998,0.18094955,0.17261524,0.14876655,0.11468299,0.08591533,0.06968324,0.062109396,0.05832694,0.05922057,0.068393454,0.051114526,0.008930548,0.048489314,0.011835141,0.05670472,0.05285171,0.021005604,0.021627696,0.019740127,,,,,,,,,,,,,,,,,,,,,,,,,,,,,,,,,,,,,,,,,,,,,,,,,,,,,,,,,,,,,,,,,,,,,,,,,,,,,,,,,,,,,,,,,,,,,,,,,,,,,,,,,,,,,,,,,,,,,,,,,,,,,,,,,,,0.09071183,0.09346427,0.11362964,0.060633883,0.080499485,0.115633175,0.24065977,0.3538926,0.41044396,0.43408746,0.45452437,0.4915561,0.5216872,0.53166234,0.5475024,0.5609708,0.5496742,0.51181394,0.44727907,0.37971005,0.31669366,0.2599515,0.20908603,0.16117339,0.11208084,0.07407196,0.08449197,0.1317006,0.18158521,0.23229495,0.29313216,0.35997766,0.39068735,0.33278432,0.24167226,0.20911558,0.26297566,0.3137847,0.22766778,0.14252374,0.12834688,0.20342717,0.33085787,0.48109043,0.6005405,0.6352536,0.6056471,0.56707156,0.5271651,0.46671084,0.39887497,0.32718298,0.2560893,0.19093272,0.13689244,0.09193731,0.050508577,0.014838344,0.018078163,0.04447458,0.071299694,0.095075965,0.11386124,0.12565301,0.13092306,0.12917282,0.12091283,0.11451258,0.10674026,0.087104015,0.057837408,0.07738763,0.075278215,0.020007612,0.15541352,0.2759451,0.21977061,0.16976744,0.23184974,0.24911553,0.23123749,0.21024428,0.18643211,0.16927777,0.12889172
18.083336,,,,,,,,,,,,,,,,,,,,,,,,,,,,,,,,,,,,,,,,,,,,,,,,,,,,,,,,,,,,,,,,,,,,,,,,,,,,,,,,,,,,,,,,,,,,,,,,,,,,,,,,,,,0.052962985,0.066626415,0.06748399,0.0565544,0.047784857,0.047778293,0.07353634,0.14406167,0.22743483,0.24510446,0.22045018,0.1796667,0.12508157,0.048191603,0.00884263,0.021650499,0.041129492,0.06312252,0.08292991,0.09536827,0.10282913,0.106681354,0.104394436,0.09682324,0.08950463,0.0855934,0.08887289,0.09949036,0.118892655,0.1454335,0.16172339,0.16383281,0.15972233,0.15402484,0.14963825,0.14824702,0.14945854,0.15343753,0.161255,0.17512949,0.19783735,0.23058768,0.27159193,0.31741583,0.36232588,0.39990607,0.4248811,0.43602225,0.43517506,0.425945,0.41178474,0.39491895,0.38572094,0.39149016,0.40574813,0.41611376,0.41710585,0.40764874,0.39208785,0.37392575,0.35637268,0.34177378,0.33052528,0.32243043,0.3171821,0.31293923,0.30970025,0.30516425,0.29897675,0.29160032,0.28275433,0.27292383,0.2599935,0.2440816,0.22798245,0.21504065,0.21637341,0.22166951,0.2363333,0.28065076,0.31278634,0.30744886,0.08554911,0.059748217,0.052300066,0.04316437,0.02672827,0.010937889,0.050599538,0.09024423,0.10173461,0.09578788,0.06933754,0.12116281,0.15964153,0.102838375,0.06569266,0.092219524,0.10494257,0.09307756,0.07186882,0.05509433,0.041285217,0.034823924,0.034460157,0.034081254,0.03671118,0.039168917,0.04889697,0.061514035,0.068859205,0.06788242,0.069212526,0.099779844,0.1339432,0.16056132,0.1976113,0.22621897,0.21250147,0.17114651,0.13792416,0.113581516,0.08764707,0.08701754,0.08881759,0.096231595,0.103191614,0.115961984,0.13791122,0.1786493,0.19878891,0.21497312,0.24324736,0.2442109,0.22209032,0.19496225,0.16821408,0.14995474,0.1510346,0.16193995,0.16930285,0.16628826,0.16661641,0.18117256,0.19793682,0.20388728,0.1927001,0.1882264,0.2010027,0.226782,0.24268933,0.23366973,0.17925984,0.11299368,0.06893711,0.1111991,0.191153,0.21559542,0.24300885,0.24128293,0.25001645,0.253592,0.21232125,0.14157166,0.1283396,0.17058812,0.19403873,0.1902344,0.17545843,0.14893013,0.11107075,0.08171255,0.095537804,0.1472609,0.19440144,0.22271249,0.20532003,0.19686827,0.19486104,0.18616842,0.17557216,0.1512837,0.12526773,0.10439255,0.088192515,0.076687336,0.070069455,0.071005985,0.071753375,0.05001322,0.01620237,0.035727467,0.009817231,0.04386813,0.050198466,0.029308332,0.019954855,0.026836481,0.024597516,,,,,,,,,,,,,,,,,,,,,,,,,,,,,,,,,,,,,,,,,,,,,,,,,,,,,,,,,,,,,,,,,,,,,,,,,,,,,,,,,,,,,,,,,,,,,,,,,,,,,,,,,,,,,,,,,,,,,,,,,,,,,,,,,0.095711164,0.1155438,0.11734398,0.10978277,0.09247577,0.106874876,0.17859033,0.28576532,0.38788804,0.41638526,0.4260081,0.4498106,0.48849997,0.5179468,0.52649856,0.53125024,0.53428835,0.51144767,0.46638322,0.3983837,0.32220173,0.24786428,0.18425073,0.13412969,0.08796852,0.033779923,0.035254754,0.097450145,0.15448168,0.20393664,0.25627196,0.31376803,0.37149745,0.38442722,0.30850846,0.18919966,0.14449918,0.2601023,0.37091964,0.2716066,0.16164263,0.10544839,0.12825204,0.22147977,0.3604209,0.5129172,0.60842794,0.61745054,0.5917568,0.5665074,0.5266424,0.46948048,0.40166596,0.3277657,0.25681266,0.19827445,0.14934689,0.10314485,0.059247985,0.016157623,0.03186556,0.07344872,0.11017588,0.13805781,0.15300694,0.16148637,0.1627848,0.16387914,0.16527575,0.16300881,0.14879084,0.11986617,0.10606084,0.11079757,0.061475623,0.13452488,0.26586425,0.23536393,0.18102705,0.22765052,0.2536567,0.24472326,0.23778911,0.20927417,0.16666403,0.107731216
18.0,,,,,,,,,,,,,,,,,,,,,,,,,,,,,,,,,,,,,,,,,,,,,,,,,,,,,,,,,,,,,,,,,,,,,,,,,,,,,,,,,,,,,,,,,,,,,,,,,,,,,,,,,,0.065338895,0.06375386,0.070930414,0.067476824,0.06908741,0.06884856,0.07230437,0.12079566,0.2148118,0.2625216,0.24329321,0.18907785,0.12464779,0.052453715,0.030807449,0.02607849,0.027058758,0.042092215,0.057110768,0.066638924,0.075429484,0.083795615,0.08810535,0.08680113,0.07831292,0.06270557,0.053197656,0.07479054,0.11101216,0.14289345,0.16278678,0.17460267,0.1819106,0.18707222,0.191047,0.19438598,0.19780332,0.20092674,0.2039177,0.208344,0.21561943,0.22758494,0.24543674,0.26937634,0.298565,0.32883123,0.35539323,0.37500152,0.38630515,0.38925216,0.3861985,0.3821046,0.38461033,0.399982,0.4221533,0.43754283,0.44015473,0.42958423,0.40787458,0.38067877,0.352182,0.32643613,0.3049173,0.28792554,0.2754653,0.26631418,0.25862667,0.25238562,0.2463753,0.24366549,0.24187487,0.23759669,0.23566541,0.2367321,0.2400383,0.24184847,0.24522206,0.25694767,0.26533112,0.28699017,0.33302456,0.35443464,0.27474603,0.09732785,0.07121308,0.07433722,0.06313193,0.044984058,0.029140783,0.017088216,0.066564076,0.0911131,0.08314502,0.08872821,0.12727284,0.07630694,0.07786279,0.12084675,0.13081357,0.11289256,0.089623585,0.078391165,0.07487424,0.07046419,0.06548459,0.059774514,0.05356315,0.047023725,0.042494666,0.051997796,0.06479479,0.071930215,0.07225483,0.08070012,0.11336889,0.15064499,0.17026588,0.19735378,0.23671015,0.23732698,0.20160675,0.1621601,0.13413246,0.09712356,0.08606283,0.08250778,0.08908413,0.099604234,0.10999722,0.14399697,0.17773156,0.21457659,0.23459898,0.23823836,0.20501728,0.19127113,0.17295331,0.14398353,0.10905412,0.09779055,0.1080213,0.12340829,0.12604299,0.11771251,0.13484919,0.18630788,0.23098725,0.2220548,0.21431974,0.22908397,0.25708455,0.2775937,0.25997514,0.20171914,0.12553109,0.08371285,0.0950509,0.15403503,0.21129109,0.26161528,0.26211008,0.25316328,0.25274202,0.25594363,0.24099751,0.14845517,0.05414534,0.10300751,0.13896808,0.14945713,0.14922766,0.13658857,0.10216293,0.0866371,0.11961297,0.18527004,0.24445726,0.21185018,0.19769679,0.19472787,0.1836747,0.17400514,0.1592933,0.144176,0.13052279,0.1154073,0.10187785,0.095923625,0.090790994,0.081344314,0.057786223,0.02675128,0.010216634,0.017352508,0.035986178,0.046090282,0.03363917,0.019955143,0.033617303,0.02105935,,,,,,,,,,,,,,,,,,,,,,,,,,,,,,,,,,,,,,,,,,,,,,,,,,,,,,,,,,,,,,,,,,,,,,,,,,,,,,,,,,,,,,,,,,,,,,,,,,,,,,,,,,,,,,,,,,,,,,,,,,,,,,,0.11300335,0.09374001,0.12565227,0.14869502,0.13065152,0.10555438,0.12237432,0.15818356,0.21941207,0.29528192,0.3616075,0.38622892,0.3962369,0.43675235,0.4793289,0.49732015,0.50294757,0.5038788,0.49667507,0.46981674,0.42197666,0.3500799,0.26562345,0.18859379,0.130443,0.089373134,0.06336761,0.055934135,0.09422109,0.14684425,0.19711365,0.24606857,0.29937264,0.3463233,0.3848799,0.3729695,0.28365418,0.14244176,0.070916995,0.20960984,0.3909829,0.32995144,0.21158995,0.12397765,0.09870898,0.13924901,0.23866823,0.3924445,0.5408496,0.6071764,0.6038549,0.5866995,0.5682276,0.5306062,0.47336215,0.4031446,0.32580233,0.25172764,0.1906807,0.14052436,0.10226642,0.06709906,0.03309107,0.0335828,0.08230912,0.12531216,0.15456931,0.17101137,0.17563231,0.17457725,0.1719164,0.17100151,0.17282729,0.16377388,0.14811292,0.14935733,0.13707888,0.13565472,0.23607707,0.26034653,0.21264565,0.2143614,0.22566596,0.24384473,0.2495991,0.2217788,0.1674425,0.098424286
17.916672,,,,,,,,,,,,,,,,,,,,,,,,,,,,,,,,,,,,,,,,,,,,,,,,,,,,,,,,,,,,,,,,,,,,,,,,,,,,,,,,,,,,,,,,,,,,,,,,,,,,,0.05401957,0.057175796,0.06786066,0.07236481,0.08452056,0.100257784,0.09476816,0.08914892,0.089971416,0.10075211,0.10464035,0.121950395,0.18048413,0.273073,0.28224403,0.22469088,0.14242315,0.07177022,0.05536749,0.029774562,0.008176132,0.021923613,0.030345932,0.038120635,0.04458657,0.0566469,0.067512296,0.070995405,0.06567802,0.047677677,0.009508449,0.04440338,0.091207966,0.12638125,0.15438426,0.1777257,0.19512692,0.20904535,0.21999878,0.22875457,0.23623863,0.24209464,0.24515836,0.24658333,0.24864781,0.25311005,0.26130453,0.27362,0.28930646,0.30704618,0.32517907,0.3416185,0.3543077,0.36242262,0.36684695,0.37158528,0.38204125,0.40117228,0.42626223,0.44654942,0.4525782,0.44196233,0.416338,0.3801552,0.34118795,0.30483997,0.27438343,0.24904238,0.22879395,0.21387906,0.20476356,0.20328121,0.20147528,0.1953555,0.18936369,0.18226714,0.17919007,0.18905213,0.20729686,0.23467568,0.25873128,0.27928266,0.29910278,0.30948395,0.3394515,0.38483372,0.38314345,0.20025314,0.11510668,0.08503557,0.07554849,0.06192035,0.0398481,0.030551014,0.019358385,0.024012962,0.060655877,0.052707754,0.08218283,0.0396884,0.09362009,0.13974391,0.1461602,0.13107583,0.11346548,0.10313981,0.103925884,0.09825639,0.085499346,0.065440655,0.048922844,0.036156252,0.02411737,0.02778004,0.043671407,0.059991024,0.06727329,0.072979935,0.090025,0.12356166,0.16177455,0.17977394,0.19954117,0.2394703,0.25719428,0.23295714,0.19183822,0.15827765,0.11265246,0.08998086,0.0881309,0.088416256,0.096903525,0.1157277,0.14130259,0.17299189,0.21138118,0.21359333,0.15445991,0.109472334,0.09983114,0.10528643,0.11681268,0.10298434,0.08266424,0.08802198,0.10372116,0.1111383,0.10040707,0.11262902,0.19368246,0.28017333,0.2690267,0.2580747,0.2733572,0.29975283,0.3047504,0.26805255,0.1983921,0.11807871,0.06469858,0.06789449,0.106675,0.16818404,0.22326049,0.23754035,0.23470815,0.22976424,0.24460681,0.28044847,0.27621105,0.19341736,0.075833775,0.048358392,0.09690504,0.12491974,0.14715658,0.13198064,0.08812635,0.0820948,0.1344159,0.23862258,0.2054923,0.18826446,0.19123846,0.18944328,0.18556213,0.18100269,0.17331181,0.16191387,0.15132377,0.14024654,0.1310344,0.12098511,0.11009405,0.08434861,0.050493315,0.028321782,0.030752422,0.032592602,0.039070223,0.033403784,0.022290042,0.03943614,0.024894029,,,,,,,,,,,,,,,,,,,,,,,,,,,,,,,,,,,,,,,,,,,,,,,,,,,,,,,,,,,,,,,,,,,,,,,,,,,,,,,,,,,,,,,,,,,,,,,,,,,,,,,,,,,,,,,,,,,,,,,,,,,,,,0.16223517,0.19444494,0.14140098,0.11010968,0.13073076,0.14451347,0.15101779,0.17862655,0.20274524,0.2350145,0.2824102,0.33176073,0.35760602,0.37175494,0.4229819,0.45920286,0.46768066,0.482385,0.47576225,0.4601112,0.42782182,0.38024995,0.3117019,0.23517893,0.17717156,0.13563213,0.118061155,0.11996953,0.13806652,0.17437547,0.21691075,0.26154172,0.30863512,0.3545028,0.3870471,0.4000709,0.35994527,0.2597748,0.123838045,0.057794183,0.11550031,0.32147104,0.36270362,0.28846425,0.18160348,0.10409261,0.10061333,0.144156,0.25565714,0.42175394,0.5536729,0.60230017,0.603668,0.5963782,0.57518435,0.5371518,0.4811721,0.40853238,0.32729253,0.24708205,0.17581365,0.12635294,0.09966394,0.07833413,0.047619548,0.04044996,0.085501865,0.12425707,0.14668234,0.15040174,0.14448723,0.13443466,0.13424525,0.1507787,0.17028902,0.17719093,0.1817407,0.20348373,0.18270141,0.18794745,0.2554022,0.26894316,0.22281154,0.20907383,0.23067056,0.2498433,0.2376749,0.17520781,0.08470991
17.833336,,,,,,,,,,,,,,,,,,,,,,,,,,,,,,,,,,,,,,,,,,,,,,,,,,,,,,,,,,,,,,,,,,,,,,,,,,,,,,,,,,,,,,,,,,,,,,,0.103744954,0.095444046,0.080337584,0.045281745,0.05972208,0.074356526,0.07130127,0.076289505,0.086789444,0.11209182,0.10888482,0.09905716,0.08752443,0.08027122,0.08106583,0.100370474,0.13230047,0.18070759,0.25317734,0.31561172,0.27274933,0.16994424,0.09897506,0.07462522,0.057620246,0.054220915,0.05650914,0.059737083,0.0613832,0.06387937,0.07167899,0.08348164,0.09494294,0.10339936,0.10195215,0.08678091,0.05581327,0.06264887,0.110342495,0.14651978,0.17263752,0.19246331,0.20515902,0.21633628,0.22750671,0.23877129,0.24810776,0.25475544,0.25859013,0.26112983,0.2643755,0.26944378,0.27643174,0.28531083,0.2953025,0.3057593,0.3160865,0.3254749,0.3335308,0.34069106,0.34989652,0.36538094,0.38948938,0.41900134,0.44510457,0.45567325,0.44494584,0.41457975,0.37201953,0.3259792,0.28078893,0.23976581,0.20485753,0.17616029,0.16003184,0.16589382,0.1769395,0.17287806,0.16463059,0.15928927,0.15291455,0.14394702,0.13926211,0.15837246,0.19547229,0.24429648,0.28674635,0.31749073,0.3375188,0.3510956,0.3889888,0.4238216,0.3701949,0.12508954,0.094901346,0.072161645,0.08487792,0.07241425,0.04421634,0.03871075,0.048828572,0.02966499,0.012491576,0.026775165,0.08284875,0.14032638,0.1712344,0.17061134,0.15534537,0.14226788,0.13114063,0.12800881,0.13030383,0.110718116,0.08981795,0.057689812,0.030566236,0.015949761,0.011912562,0.007979593,0.039520748,0.05333737,0.049682543,0.052977014,0.085929416,0.12945619,0.16955394,0.19043064,0.20413905,0.24257086,0.27235875,0.25979945,0.22165981,0.18374154,0.13445069,0.09362455,0.089669086,0.08911782,0.10667806,0.12398896,0.115217045,0.15582374,0.19181916,0.18616135,0.06895583,0.11066295,0.11851035,0.1129744,0.101856835,0.10536699,0.121807575,0.106486976,0.10523508,0.120818205,0.11751137,0.13385196,0.24497493,0.31302366,0.2907273,0.28780004,0.31259203,0.33613178,0.32047433,0.25283393,0.15288539,0.063710324,0.010029753,0.06351929,0.11423662,0.1893383,0.25014013,0.27124023,0.23421581,0.20217068,0.1763206,0.21107014,0.26448712,0.25975698,0.1862774,0.0779359,0.04957444,0.10422332,0.15600291,0.17363301,0.1438778,0.1058879,0.08737386,0.22118206,0.20454371,0.19263774,0.20279823,0.21415055,0.21357058,0.213084,0.2122729,0.20690747,0.19857182,0.18842483,0.1750621,0.16237314,0.14857322,0.12886229,0.095280915,0.04577057,0.035264064,0.036576126,0.035573006,0.030986723,0.024573475,0.036381952,0.030617544,0.023776373,,,,,,,,,,,,,,,,,,,,,,,,,,,,,,,,,,,,,,,,,,,,,,,,,,,,,,,,,,,,,,,,,,,,,,,,,,,,,,,,,,,,,,,,,,,,,,,,,,,,,,,,,,,,,,,,,,,,,,,,,,,,0.23952357,0.2503269,0.23441184,0.21203524,0.18677391,0.18610884,0.19834751,0.20767954,0.21388428,0.21254362,0.23085503,0.26491156,0.31269875,0.34109688,0.35819057,0.3990059,0.42942786,0.43051153,0.44398904,0.4461983,0.43744025,0.4072237,0.36847165,0.31655338,0.2647402,0.22407822,0.19865261,0.19364354,0.20403554,0.22862865,0.26127604,0.29604384,0.33434048,0.37507343,0.40665048,0.42326015,0.40699738,0.33695027,0.23090675,0.14027539,0.13090494,0.041910555,0.18048473,0.3444655,0.3595073,0.26792622,0.1484354,0.093841575,0.097323254,0.14174718,0.27081314,0.4398096,0.55730724,0.6057967,0.6188686,0.61285716,0.5898837,0.5512942,0.49217385,0.41660097,0.33177826,0.24729492,0.16864815,0.10688861,0.07716518,0.067817114,0.03984823,0.032415647,0.08961697,0.13245639,0.14833151,0.13956873,0.10967982,0.08510226,0.10362648,0.14613211,0.18493703,0.20751199,0.22607663,0.22985224,0.20016736,0.23289359,0.29211336,0.2882602,0.2550318,0.2058755,0.21941276,0.25025427,0.19006953,0.13028006
17.75,,,,,,,,,,,,,,,,,,,,,,,,,,,,,,,,,,,,,,,,,,,,,,,,,,,,,,,,,,,,,,,,,,,,,,,,,,,,,,,,,,,,,,,,,,,,,0.058887035,0.06783329,0.07448366,0.04306531,0.016089987,0.0149399005,0.06671921,0.104313485,0.08033407,0.06347207,0.055737805,0.07545427,0.08236214,0.065603666,0.058783215,0.07498066,0.093064636,0.110378,0.1628558,0.25754234,0.34020168,0.32729578,0.2270783,0.13560344,0.107015856,0.094718896,0.10214087,0.11034566,0.11757026,0.12164516,0.12609546,0.13472672,0.1456111,0.1609662,0.1750321,0.181895,0.17734446,0.15386514,0.11778296,0.14592338,0.16010804,0.16507362,0.17006895,0.17843322,0.19367139,0.21011327,0.22556287,0.23984693,0.25176072,0.2619982,0.27096784,0.27875203,0.28487045,0.28928202,0.29161328,0.29289016,0.29470095,0.29713583,0.3005836,0.3054467,0.3129656,0.32462284,0.34369117,0.3720198,0.40717995,0.43830064,0.45076847,0.43669802,0.4012829,0.35227156,0.29963145,0.24858557,0.20061101,0.15561903,0.12077041,0.120244175,0.1435827,0.15403675,0.15242575,0.14329398,0.13973394,0.14014794,0.13811097,0.1331643,0.13329057,0.1612083,0.21557067,0.2770755,0.32353514,0.35585427,0.37500182,0.39575315,0.43421605,0.4406786,0.3206216,0.103407435,0.080852255,0.05528208,0.087866604,0.07826906,0.054316416,0.064075746,0.089488834,0.09994862,0.12093321,0.15483707,0.18912512,0.20581137,0.19911373,0.18372534,0.17159064,0.1581692,0.14677079,0.15993449,0.15418646,0.12772763,0.098246254,0.061959382,0.0466823,0.049063165,0.046746876,0.05504998,0.07229937,0.062481157,0.03840536,0.012788521,0.0662176,0.12395692,0.17082861,0.19801769,0.21175344,0.24722269,0.28434518,0.2803943,0.24850355,0.20949797,0.15823078,0.095032044,0.08254845,0.08432628,0.095609784,0.10265279,0.10120062,0.1281024,0.17674701,0.18141341,0.10104503,0.13488062,0.16672626,0.15270577,0.10256123,0.11571299,0.1599086,0.14133343,0.12275215,0.13255127,0.12922597,0.16990529,0.29763326,0.31542638,0.27998853,0.30073965,0.3360233,0.34676844,0.3029105,0.20335166,0.07429366,0.051543254,0.14385788,0.20238811,0.25573546,0.30192617,0.3034413,0.24578671,0.14628938,0.14198714,0.14403608,0.1546619,0.20707257,0.25914234,0.24057622,0.14267872,0.054145627,0.090664804,0.16262628,0.21257284,0.22631161,0.20506015,0.14456803,0.21250722,0.23052387,0.23692639,0.24760266,0.25273708,0.25027105,0.25529742,0.2621058,0.2658027,0.26110718,0.24718827,0.22923148,0.21048176,0.193831,0.17959252,0.15179273,0.09963085,0.048245914,0.022813885,0.028306805,0.027889952,0.02770842,0.035135783,0.031210931,0.0134911,,,,,,,,,,,,,,,,,,,,,,,,,,,,,,,,,,,,,,,,,,,,,,,,,,,,,,,,,,,,,,,,,,,,,,,,,,,,,,,,,,,,,,,,,,,,,,,,,,,,,,,,,,,,,,,,,,,,,,,,,,,0.33219227,0.31571344,0.2055855,0.28014106,0.27672294,0.26745996,0.27402675,0.27859837,0.2666439,0.24436072,0.22582878,0.22422019,0.2449791,0.2930277,0.32830995,0.34340537,0.3762951,0.4005198,0.40099573,0.4051886,0.38819394,0.37906525,0.3656509,0.34442666,0.31722918,0.29465047,0.2768339,0.27016678,0.2739111,0.28570187,0.30607206,0.33233812,0.36441073,0.40230265,0.4358282,0.4508961,0.43882424,0.38778296,0.29785642,0.20251441,0.15770017,0.17667837,0.18111798,0.0746209,0.18158387,0.35100615,0.3440831,0.23357308,0.11817919,0.08433463,0.08702137,0.13018268,0.27621654,0.4440552,0.5569771,0.61603117,0.6388322,0.6331021,0.60621566,0.56360525,0.5008858,0.42253214,0.3339644,0.24186714,0.15237024,0.07626636,0.07086328,0.096672155,0.0559622,0.02208238,0.08920813,0.14361395,0.16805549,0.14689994,0.07512158,0.064576805,0.105016336,0.16486536,0.20768128,0.2330153,0.2574801,0.24234879,0.22243334,0.2679234,0.31161457,0.29898694,0.24155322,0.22082567,0.24277496,0.21339384,0.15356764
17.666672,,,,,,,,,,,,,,,,,,,,,,,,,,,,,,,,,,,,,,,,,,,,,,,,,,,,,,,,,,,,,,,,,,,,,,,,,,,,,,,,,,,,,,,,,,,,,0.037985533,0.056614053,0.065105215,0.05707577,0.023437863,0.018534046,0.0924044,0.16154525,0.05663339,0.058552604,0.045343377,0.048853513,0.056862965,0.054735187,0.056948896,0.07470829,0.101264365,0.1686391,0.24267778,0.34587136,0.3712483,0.28511044,0.19531915,0.16375147,0.15221915,0.1546329,0.16123272,0.16938476,0.17577632,0.18137637,0.18909752,0.19741444,0.20350918,0.21105568,0.22119662,0.2267685,0.21681303,0.17587808,0.14752063,0.20758237,0.19450264,0.17266607,0.16492443,0.17901298,0.20559046,0.2354716,0.2600148,0.27657107,0.28739947,0.2961603,0.30486754,0.31225345,0.31609017,0.31460777,0.309071,0.30111408,0.2942599,0.29118326,0.2922279,0.2979424,0.3097564,0.33044568,0.36002806,0.3937732,0.42262408,0.43099967,0.4130708,0.37266475,0.31969023,0.2637382,0.20914136,0.1558002,0.10542589,0.0827991,0.11187222,0.1277476,0.12173409,0.11805059,0.12228141,0.12718734,0.13529998,0.14237393,0.14488614,0.14305308,0.15473004,0.19794998,0.25967658,0.3207799,0.36343506,0.39385024,0.41275817,0.4380839,0.4626133,0.41469768,0.22870457,0.0911355,0.05205406,0.05222869,0.07165455,0.05966261,0.055930767,0.08187796,0.12878436,0.16600987,0.19707175,0.22245727,0.23134258,0.2216291,0.20482929,0.1939137,0.18342355,0.168176,0.17333907,0.19849722,0.18229221,0.15032259,0.110612065,0.0758851,0.07281839,0.08083276,0.08261094,0.09932618,0.1049782,0.0932633,0.069119364,0.041014552,0.05803813,0.11349507,0.16576497,0.19907972,0.21745068,0.25494802,0.29418507,0.293955,0.26698616,0.232076,0.17859125,0.09714306,0.06742932,0.07512927,0.08921462,0.10116092,0.119725585,0.10930896,0.16628112,0.18033955,0.13828097,0.102121755,0.095078364,0.06057653,0.081644244,0.15934917,0.1921536,0.17027514,0.13976005,0.13998619,0.15472199,0.25156623,0.32478994,0.29359207,0.27426478,0.32456282,0.35666558,0.3402221,0.25581303,0.12714246,0.040740456,0.13933314,0.22854514,0.2887563,0.28159595,0.2439335,0.16897276,0.06333213,0.08474393,0.13747443,0.17337045,0.18173341,0.21481149,0.27631465,0.2764821,0.18112195,0.08215801,0.080042616,0.13918401,0.20160295,0.24075201,0.2623176,0.26074874,0.2809681,0.30279008,0.30398053,0.3003339,0.28940395,0.28722438,0.301532,0.3194164,0.33389872,0.33416754,0.32121003,0.3011025,0.27251458,0.24060452,0.22194149,0.19407342,0.15392125,0.0954262,0.030731577,0.014904686,0.027910683,0.030851746,0.033487357,0.02759219,0.010213074,,,,,,,,,,,,,,,,,,,,,,,,,,,,,,,,,,,,,,,,,,,,,,,,,,,,,,,,,,,,,,,,,,,,,,,,,,,,,,,,,,,,,,,,,,,,,,,,,,,,,,,,,,,,,,,,,,,,,,,,,,0.44361958,0.3901748,0.36105067,0.25890407,0.34231174,0.3465234,0.29839525,0.2880781,0.28848115,0.28780198,0.28814688,0.27928448,0.25196356,0.23567596,0.2680832,0.30994716,0.32609367,0.33965522,0.37110755,0.3850283,0.3886387,0.3873961,0.38080487,0.37234202,0.36017233,0.3476466,0.3386397,0.33341205,0.33260527,0.33694696,0.34779167,0.36654013,0.39294422,0.42882365,0.45926723,0.46996713,0.45038062,0.40243033,0.32986566,0.24661857,0.18155685,0.16643009,0.19700399,0.2541848,0.27105454,0.16573955,0.117920734,0.2975968,0.3045657,0.18575111,0.09030217,0.074974775,0.07754787,0.111733995,0.27096075,0.43426833,0.5542661,0.62767196,0.6601304,0.65277827,0.61798257,0.5674215,0.5014974,0.4176971,0.3199878,0.21766311,0.13044661,0.08696392,0.10510705,0.09225048,0.050496344,0.0070926314,0.08588415,0.15719412,0.1877913,0.12285139,0.06821333,0.074692994,0.13168843,0.19291353,0.2249418,0.25786155,0.27641484,0.23857191,0.22973342,0.27329624,0.2931568,0.2968058,0.24657908,0.22817573,0.22726887,0.22010732
17.583336,,,,,,,,,,,,,,,,,,,,,,,,,,,,,,,,,,,,,,,,,,,,,,,,,,,,,,,,,,,,,,,,,,,,,,,,,,,,,,,,,,,,,,,,,,,,0.017245045,0.06467657,0.08428039,0.08493876,0.07530141,0.038788162,0.05029677,0.120177574,0.18561028,0.05544778,0.0545288,0.0435071,0.0444444,0.068289176,0.07812525,0.0826143,0.10426145,0.16042598,0.24862018,0.33616084,0.38153785,0.3330507,0.25357348,0.22008196,0.20823218,0.20105931,0.2025172,0.20685665,0.20970628,0.21348895,0.217395,0.2218786,0.22535105,0.22359183,0.22128606,0.22750586,0.2309283,0.20125002,0.13034263,0.1818099,0.25120023,0.22548644,0.19788253,0.19850414,0.22971258,0.26875088,0.29948843,0.31714654,0.3240409,0.3252002,0.32559952,0.32695654,0.32800952,0.32534444,0.31791416,0.30829513,0.299799,0.29322848,0.29058576,0.29414144,0.30461633,0.3222202,0.34774205,0.37769145,0.39865392,0.39950532,0.37627763,0.33326375,0.2807541,0.22351371,0.16617039,0.10985546,0.064406715,0.083194405,0.11429674,0.11163816,0.096500926,0.089527026,0.09974652,0.1194953,0.13867259,0.15387276,0.1619664,0.16105486,0.168074,0.20069948,0.2543073,0.3147237,0.36719924,0.40304226,0.43061376,0.4505875,0.47601855,0.4628744,0.34234822,0.14463969,0.075104624,0.030156048,0.05187978,0.051567174,0.042871185,0.062928095,0.095766984,0.14748724,0.19672012,0.22638895,0.23810239,0.23196696,0.21713449,0.20590201,0.19788606,0.18637154,0.18061976,0.20794897,0.23011978,0.20567064,0.16846158,0.12370218,0.093534164,0.09628522,0.10049456,0.10523222,0.119945854,0.13139354,0.1376937,0.119352795,0.095978215,0.094652854,0.12567149,0.16993983,0.20686775,0.23399575,0.27331966,0.30655327,0.3051735,0.27849796,0.2496402,0.19209263,0.10229202,0.053617578,0.069735594,0.09021766,0.10117227,0.124802716,0.10263305,0.13583389,0.16476671,0.14951418,0.10369736,0.04978394,0.07844588,0.18974027,0.21196586,0.18915065,0.17010394,0.15701672,0.16877918,0.22868514,0.3037798,0.30078912,0.25969368,0.28308028,0.33817035,0.3511527,0.30497634,0.1991039,0.0858552,0.11915854,0.19046189,0.2051135,0.21085474,0.15908407,0.08753369,0.016068613,0.071859494,0.088758424,0.092249356,0.14403884,0.19576396,0.24480063,0.31164953,0.31201473,0.18900102,0.101156086,0.08159653,0.113537475,0.17468733,0.22284508,0.2739622,0.33552265,0.37758362,0.38344955,0.36770138,0.33655366,0.31222463,0.3224191,0.34071964,0.36331868,0.38854444,0.40216038,0.3997374,0.38215056,0.3379276,0.2876406,0.26028618,0.2287963,0.19846548,0.16036063,0.08684032,0.021164918,0.019088283,0.038000114,0.04279645,0.010129663,0.02051283,0.019223412,,,,,,,,,,,,,,,,,,,,,,,,,,,,,,,,,,,,,,,,,,,,,,,,,,,,,,,,,,,,,,,,,,,,,,,,,,,,,,,,,,,,,,,,,,,,,,,,,,,,,,,,,,,,,,,,,,,,,,,,0.43483162,0.4698942,0.5360029,0.52547073,0.4631533,0.45638064,0.40799844,0.35946745,0.31998435,0.2679621,0.24608055,0.28696927,0.33074543,0.31680864,0.2741129,0.25561336,0.26761943,0.30145505,0.31470028,0.33802247,0.36626348,0.37625644,0.3877647,0.39094746,0.3905595,0.38659683,0.38306382,0.3825915,0.38395065,0.38685519,0.3953392,0.41425046,0.44160718,0.46442586,0.46952835,0.45154592,0.41337705,0.363143,0.31016046,0.24866356,0.1904617,0.1638585,0.17546292,0.20427482,0.2454934,0.3042435,0.33157074,0.24564843,0.064757265,0.17758512,0.22487503,0.12995052,0.06882867,0.07720327,0.072684176,0.08535974,0.2525885,0.41863626,0.54859567,0.6330737,0.66945875,0.66112345,0.61943156,0.5623035,0.48995784,0.39883792,0.2933401,0.19085728,0.12109882,0.08805964,0.081117496,0.05455227,0.068669334,0.02106635,0.09670071,0.18114461,0.1456043,0.053908132,0.04281791,0.0992983,0.16963613,0.20951799,0.25129268,0.27336013,0.223776,0.1816653,0.21022306,0.24332647,0.27025852,0.264403,0.24725832,0.2570367,0.27819204
17.5,,,,,,,,,,,,,,,,,,,,,,,,,,,,,,,,,,,,,,,,,,,,,,,,,,,,,,,,,,,,,,,,,,,,,,,,,,,,,,,,,,,,,,,,,,,,0.0362114,0.073679,0.1050628,0.07936915,0.06389488,0.07822814,0.099967666,0.16996586,0.17110348,0.043109555,0.05168935,0.067567974,0.074666515,0.090510584,0.09772542,0.11377416,0.15783523,0.24064219,0.3364891,0.39474627,0.3712002,0.30618024,0.2706599,0.25908542,0.24730024,0.23483829,0.2294064,0.22632588,0.22447748,0.2237162,0.2219324,0.22006497,0.2197772,0.21934517,0.21751294,0.2142082,0.19191183,0.121042125,0.09357454,0.23996077,0.2806171,0.24748111,0.22813243,0.25530973,0.3001157,0.32931644,0.34015006,0.33783665,0.32911804,0.32029256,0.31302774,0.3075387,0.30315885,0.30004868,0.29715896,0.29397815,0.29287952,0.29439795,0.29825816,0.3054317,0.31745526,0.33720133,0.35794243,0.37204093,0.36439195,0.33275354,0.28720757,0.23667483,0.18157397,0.123421356,0.06790088,0.055305175,0.105329864,0.10768353,0.094566576,0.082136214,0.07929666,0.09352388,0.11922757,0.1488731,0.1714868,0.1846152,0.18835889,0.19348744,0.21434599,0.25714272,0.31241032,0.3655863,0.40698323,0.43848708,0.46279085,0.483546,0.4907161,0.4197793,0.25428504,0.106773615,0.0530668,0.042144958,0.05191109,0.03343146,0.03652635,0.07543727,0.11095579,0.1526388,0.1964469,0.21873692,0.22550014,0.22246197,0.21499528,0.20933677,0.19857426,0.18475612,0.19000122,0.22846806,0.25069422,0.22463658,0.18332338,0.13854837,0.109780654,0.11012679,0.10792782,0.1102294,0.1251526,0.15158847,0.17752753,0.17022163,0.15039492,0.14921598,0.16874474,0.2010789,0.23461027,0.26575294,0.2997357,0.32174507,0.31121364,0.28766048,0.25449497,0.20785189,0.10864637,0.05225535,0.07793336,0.099470556,0.099774174,0.09950139,0.10520864,0.09316128,0.12986673,0.13313662,0.09555171,0.045495946,0.16497128,0.19621542,0.16386437,0.14944236,0.16805975,0.19477312,0.22392264,0.2736823,0.2807905,0.24910712,0.23845021,0.29840577,0.32451177,0.31323782,0.26127368,0.17763315,0.14284466,0.18383484,0.21357477,0.1743606,0.13189293,0.092596814,0.050892748,0.051762544,0.080636665,0.031888764,0.069775775,0.17053835,0.2530334,0.31949937,0.36758542,0.32710564,0.16621369,0.10533555,0.083491884,0.08418247,0.114833534,0.15297878,0.20857204,0.2925396,0.36983305,0.41108045,0.40391782,0.35288522,0.32228905,0.32773957,0.33712682,0.35996437,0.39756078,0.42831933,0.44517067,0.4415281,0.40363917,0.35234624,0.30103362,0.25249153,0.21696444,0.1789726,0.13769111,0.07047184,0.017182771,0.031396933,0.05155836,0.011201765,0.028467072,0.023380421,,,,,,,,,,,,,,,,,,,,,,,,,,,,,,,,,,,,,,,,,,,,,,,,,,,,,,,,,,,,,,,,,,,,,,,,,,,,,,,,,,,,,,,,,,,,,,,,,,,,,,,,,,,,,,,,,,,,,,0.29693598,0.37276646,0.45491463,0.49314034,0.5263172,0.37380964,0.24715996,0.23756097,0.23875326,0.2618595,0.3201119,0.3090818,0.25491875,0.28345615,0.37077287,0.39576605,0.34815618,0.28892776,0.24523441,0.24468885,0.270854,0.30721465,0.34213647,0.3632906,0.3780632,0.38621014,0.39011797,0.39339945,0.39904082,0.4083056,0.42023346,0.43529034,0.4510828,0.46109903,0.45731,0.43411687,0.38170967,0.31558466,0.2706501,0.24575055,0.2232461,0.18465288,0.16030745,0.16471185,0.17461817,0.17669056,0.18172546,0.2280721,0.29999354,0.30201828,0.27090603,0.20694433,0.08935092,0.13502474,0.077674404,0.053361595,0.102922335,0.085536495,0.06057954,0.2361145,0.40782648,0.5375989,0.6224922,0.66509503,0.6587304,0.61154675,0.546698,0.46879596,0.37094948,0.2683615,0.17889644,0.100164115,0.089127794,0.05644841,0.10700515,0.121152975,0.06333352,0.1474479,0.15772353,0.025050374,0.019329939,0.08665319,0.16448744,0.19929577,0.24269763,0.24471883,0.20374237,0.14771318,0.14393374,0.16664775,0.19467777,0.21212095,0.21770103,0.22745211,0.24566567
17.416672,,,,,,,,,,,,,,,,,,,,,,,,,,,,,,,,,,,,,,,,,,,,,,,,,,,,,,,,,,,,,,,,,,,,,,,,,,,,,,,,,,,,,,,,,,,,0.06088682,0.11216258,0.06591021,0.08885764,0.089270756,0.10535921,0.13836077,0.1829925,0.114139676,0.032792863,0.05946131,0.08377689,0.087671846,0.0937822,0.10625058,0.14533007,0.21790408,0.31712618,0.4031109,0.41684255,0.36270472,0.31807292,0.301709,0.28568047,0.2679513,0.25350755,0.24178278,0.23211376,0.22548378,0.22038245,0.21452783,0.20878191,0.20694302,0.20910168,0.20566775,0.18390886,0.12581453,0.04789877,0.15921241,0.27930197,0.2879676,0.253797,0.2664757,0.32004204,0.35357445,0.35440233,0.3399428,0.32199696,0.30393547,0.2909183,0.2832956,0.27929077,0.2779784,0.27836218,0.28087685,0.28487712,0.29024413,0.29637906,0.30287197,0.3107458,0.31984872,0.33072633,0.3355773,0.3208364,0.28549856,0.23666516,0.18653263,0.13562404,0.08073142,0.033673383,0.07729078,0.12541212,0.11734885,0.073327854,0.07146863,0.08314058,0.100840285,0.13224941,0.16628452,0.19679764,0.21473487,0.222332,0.22979234,0.24398509,0.27361232,0.31789324,0.3671257,0.40978947,0.44215873,0.46740505,0.48869038,0.50289357,0.47491318,0.34914532,0.17738631,0.081476375,0.06298916,0.06600375,0.04757094,0.0134701915,0.039816324,0.08495492,0.12099068,0.14767255,0.18282647,0.19792776,0.19790863,0.20884149,0.21457188,0.2087448,0.19183233,0.17362584,0.18177445,0.22958376,0.26327473,0.24441177,0.20103095,0.1528028,0.122716054,0.11891716,0.11196652,0.11100661,0.121664174,0.15463032,0.2054307,0.22482093,0.20906022,0.20572615,0.2231816,0.2469956,0.2739909,0.29886258,0.3186002,0.32473665,0.3116084,0.28576005,0.26381618,0.24143116,0.094938114,0.0689897,0.09970545,0.10596098,0.094783485,0.08624653,0.087374754,0.088349916,0.09287647,0.098186776,0.05580153,0.106610276,0.17644373,0.16195732,0.15104476,0.17311117,0.19637467,0.21140367,0.23086995,0.23488523,0.23670185,0.21379037,0.24455217,0.29617444,0.2825098,0.26643828,0.2462666,0.22074023,0.22839923,0.25258112,0.2523037,0.20985435,0.164324,0.13196598,0.11483051,0.14489831,0.16114281,0.1600554,0.18597195,0.25393668,0.32346228,0.374003,0.38159874,0.2854172,0.13369551,0.094845936,0.05999942,0.018621052,0.006063496,0.012916094,0.01078396,0.037733555,0.12996052,0.2432973,0.3281524,0.32184196,0.29327375,0.28234288,0.27788678,0.29673603,0.34328857,0.3871386,0.42586297,0.4619801,0.46932182,0.42646676,0.34136707,0.26898715,0.22579148,0.18421604,0.15279663,0.109564684,0.04937888,0.029434338,0.035191223,0.02565231,0.034500338,0.018395837,,,,,,,,,,,,,,,,,,,,,,,,,,,,,,,,,,,,,,,,,,,,,,,,,,,,,,,,,,,,,,,,,,,,,,,,,,,,,,,,,,,,,,,,,,,,,,,,,,,,,,,,,,,,,,,,,,,,0.25261953,0.31087366,0.3996226,0.47182435,0.47407588,0.42532164,0.3340508,0.1270266,0.07562319,0.09886881,0.036104765,0.010010633,0.02177133,0.10132226,0.2004808,0.20048112,0.24258019,0.31872824,0.36069936,0.38330314,0.34397212,0.22581083,0.19390373,0.24821769,0.30599982,0.3441956,0.36766288,0.38231304,0.39258075,0.40308344,0.4135298,0.4220325,0.42799318,0.42759094,0.41258252,0.38144323,0.33244646,0.26976815,0.21210045,0.18282041,0.19217607,0.20248671,0.19080594,0.16881876,0.16208905,0.17091027,0.17053904,0.14723349,0.1230455,0.14219527,0.18358122,0.20772986,0.2465015,0.30182427,0.28998995,0.1256884,0.06430463,0.028633157,0.08059005,0.14433609,0.10017098,0.052758396,0.24074541,0.39828578,0.5108704,0.599206,0.6543798,0.6439554,0.59249985,0.5189387,0.43258932,0.33554983,0.24760969,0.1608004,0.056170657,0.08718851,0.06516083,0.16483352,0.10250386,0.08951965,0.1678781,0.04750918,0.01139688,0.1071568,0.16984165,0.2049342,0.23087366,0.23083016,0.18797085,0.15149952,0.15123178,0.15492077,0.16180015,0.17119107,0.18801966,0.20105569,0.21599348
17.333336,,,,,,,,,,,,,,,,,,,,,,,,,,,,,,,,,,,,,,,,,,,,,,,,,,,,,,,,,,,,,,,,,,,,,,,,,,,,,,,,,,,,,,,,,,,,0.1037671,0.16095668,0.07541191,0.11456386,0.13927375,0.15005945,0.15905666,0.14489129,0.080245584,0.06359156,0.089827575,0.10195279,0.095193654,0.09807432,0.12033899,0.17607996,0.26645523,0.37183347,0.43355355,0.41411003,0.35915184,0.3305059,0.31661186,0.2987838,0.28466365,0.2739224,0.2644995,0.25483334,0.24739699,0.2427865,0.23907374,0.23412932,0.22727868,0.2159371,0.18990414,0.138037,0.06391341,0.09700611,0.21858187,0.28459954,0.2719081,0.26523775,0.31844607,0.37147096,0.37295333,0.3484156,0.32580626,0.30724737,0.2888912,0.27658492,0.27008837,0.2649213,0.26176327,0.26147828,0.26479712,0.2701437,0.27700606,0.2831358,0.28815416,0.29311043,0.29798508,0.29403898,0.2713223,0.23325373,0.18188462,0.13089095,0.083276816,0.03164977,0.03545404,0.106106065,0.13848515,0.12871584,0.08685734,0.050559897,0.09231991,0.13112317,0.16010489,0.19461946,0.22543465,0.2480312,0.26055977,0.27456802,0.2906692,0.31181484,0.34191838,0.3764828,0.41066536,0.4398192,0.46321803,0.48410404,0.5019815,0.49786735,0.41911218,0.2577398,0.12236015,0.09549456,0.09015397,0.07363083,0.039072126,0.020203125,0.0492098,0.08731917,0.123803474,0.13859448,0.15082729,0.17127244,0.1706559,0.17077795,0.18302266,0.18591312,0.17212562,0.15484408,0.1578292,0.20834127,0.25938624,0.25984934,0.21852338,0.16374,0.13350089,0.12949736,0.12506765,0.124338344,0.13018359,0.15619841,0.20881157,0.25026003,0.2587551,0.25976917,0.26958454,0.2870299,0.30651763,0.3222054,0.33105186,0.33080393,0.3197196,0.30259737,0.2756489,0.20955385,0.093695745,0.10246892,0.11544634,0.105577625,0.09779385,0.09366393,0.08962734,0.09041277,0.08587721,0.05015858,0.06178943,0.128404,0.13696632,0.1384497,0.15207665,0.17187046,0.18271501,0.19067554,0.1913518,0.20626876,0.22265412,0.22005384,0.26114753,0.2596215,0.21766047,0.21762323,0.24921477,0.2884455,0.32464746,0.332074,0.29998916,0.2464811,0.19745253,0.17848153,0.20814797,0.24950051,0.25535834,0.26304212,0.29319283,0.33332723,0.36852464,0.37705752,0.3220549,0.18747126,0.049230814,0.050105877,0.12195091,0.17771406,0.215615,0.24350604,0.26890942,0.28940716,0.2829626,0.255737,0.17499202,0.05455185,0.21202432,0.21351746,0.19550478,0.19483335,0.23125269,0.28447974,0.34344572,0.42299467,0.488546,0.47314742,0.3813803,0.29047173,0.23541383,0.18786682,0.15850987,0.122274995,0.06724069,0.010447491,0.012846849,0.044751,0.038398013,0.01761619,,,,,,,,,,,,,,,,,,,,,,,,,,,,,,,,,,,,,,,,,,,,,,,,,,,,,,,,,,,,,,,,,,,,,,,,,,,,,,,,,,,,,,,,,,,,,,,,,,,,,,,,,,,,,,,,,,0.28066385,0.27973226,0.36219692,0.43171808,0.4815588,0.47511557,0.43655583,0.28713205,0.19740032,0.086532,0.11268816,0.103344426,0.061420422,0.040277444,0.06747601,0.09238217,0.096700415,0.07559407,0.06407666,0.040666778,0.08000038,0.14098401,0.16341618,0.19325858,0.1366197,0.15230943,0.23640868,0.29059768,0.32343167,0.3424301,0.3533927,0.3580271,0.356594,0.34566835,0.32262725,0.288526,0.24274093,0.19692336,0.16785264,0.16070157,0.17613497,0.20997396,0.23738052,0.2359045,0.21134198,0.18662737,0.16914903,0.17079988,0.17468718,0.15540868,0.12920688,0.120632745,0.11412334,0.10584599,0.13644302,0.20585394,0.2988642,0.31651902,0.156797,0.047633037,0.033247877,0.14114793,0.18376322,0.096786276,0.08945686,0.26633936,0.3878865,0.4765747,0.5819883,0.6380835,0.6202041,0.5533182,0.46944293,0.37883726,0.29858556,0.21664803,0.119412154,0.03482427,0.038352635,0.12096242,0.15635125,0.03483527,0.06568085,0.0388928,0.09482524,0.17121996,0.22524185,0.25892892,0.24169663,0.20888574,0.17256011,0.16465008,0.17065915,0.17156716,0.17976351,0.18718854,0.19767654,0.20277953,0.21233451
17.25,,,,,,,,,,,,,,,,,,,,,,,,,,,,,,,,,,,,,,,,,,,,,,,,,,,,,,,,,,,,,,,,,,,,,,,,,,,,,,,,,,,,,,,,,,,,0.13676679,0.18161988,0.15454955,0.19360325,0.20811087,0.20621446,0.19258319,0.15981023,0.13324586,0.12858184,0.12905878,0.12692784,0.12692812,0.1258547,0.14285722,0.20470811,0.3049645,0.40364125,0.43974453,0.40497863,0.35706788,0.33251765,0.320472,0.3100746,0.3047633,0.30462915,0.30647823,0.30557477,0.3039053,0.30046675,0.29223794,0.27643004,0.25073737,0.21343578,0.16165744,0.1005799,0.08542344,0.1612826,0.25351506,0.27326012,0.26342067,0.29993743,0.3736512,0.4002891,0.37421864,0.34208626,0.32230976,0.30237037,0.2824904,0.2680471,0.25679773,0.24754047,0.24109592,0.23726314,0.23810671,0.24186139,0.2458729,0.2503913,0.2537495,0.25418696,0.24600537,0.22258222,0.18373545,0.13295794,0.08265056,0.034626342,0.022827003,0.084473014,0.11567147,0.11775606,0.1125752,0.08975549,0.06929073,0.06967391,0.14873262,0.20159227,0.22967397,0.254982,0.27694896,0.29275835,0.30945376,0.3275777,0.34663147,0.3672544,0.38934943,0.4098286,0.43149492,0.45396176,0.4763982,0.49670464,0.5013793,0.45336443,0.32253575,0.16425791,0.08417991,0.10878479,0.08547492,0.06654824,0.053579774,0.049961813,0.059320584,0.08197314,0.11209871,0.13630782,0.13610117,0.13116805,0.13468558,0.13025585,0.12350814,0.11289769,0.112256564,0.115847304,0.12236084,0.17271394,0.24232276,0.2669526,0.2339515,0.17287916,0.14172469,0.14245744,0.1468233,0.15206556,0.16049959,0.18010165,0.21543208,0.2578642,0.29446712,0.31643727,0.32603726,0.3345369,0.34580737,0.35474747,0.3577415,0.35228375,0.33509523,0.3031126,0.23896773,0.15475212,0.12325488,0.13697937,0.13628078,0.12826756,0.12259044,0.12016511,0.11239769,0.09320106,0.056252062,0.04224572,0.086429685,0.10501857,0.11916102,0.13339439,0.14921215,0.1672717,0.18051207,0.18789384,0.19657369,0.22350973,0.24116099,0.25393948,0.24303901,0.19606361,0.15263404,0.15804243,0.20579964,0.25587633,0.27870473,0.2775504,0.25858733,0.22756825,0.2050873,0.22642915,0.293711,0.33210835,0.30946866,0.28907713,0.3197387,0.3572669,0.33298588,0.2631301,0.1286096,0.108089834,0.2210616,0.2757143,0.30317375,0.3169378,0.32620868,0.335748,0.34685463,0.3608998,0.36932385,0.36498794,0.35166112,0.34467912,0.24275929,0.044575658,0.114288844,0.10569651,0.1117589,0.15380213,0.2222403,0.32839864,0.4492759,0.47779,0.40380242,0.30481368,0.24111935,0.19467746,0.16466059,0.1334411,0.0934128,0.04631832,0.036911074,0.04811279,0.041673765,0.015916556,0.018724084,,,,,,,,,,,,,,,,,,,,,,,,,,,,,,,,,,,,,,,,,,,,,,,,,,,,,,,,,,,,,,,,,,,,,,,,,,,,,,,,,,,,,,,,,,,,,,,,,,,,,,,,,,,,,,,0.16562696,0.29241443,0.33010238,0.3677331,0.36861274,0.30534828,0.2828205,0.27049088,0.25390786,0.16849774,0.12170903,0.075626895,0.07590158,0.049197227,0.012458533,0.023709582,0.0755953,0.13204035,0.088952444,0.057070803,0.05982698,0.068835564,0.096477225,0.16300699,0.20376416,0.11899099,0.05896772,0.07176453,0.13118625,0.19065472,0.23179895,0.25399196,0.25869298,0.25106114,0.2339376,0.21094634,0.18501341,0.1619756,0.14396565,0.13884698,0.16821466,0.22956102,0.3016692,0.3649703,0.38929278,0.3678673,0.30990133,0.25098073,0.20714761,0.18673328,0.19769989,0.2056205,0.19615535,0.17929123,0.15475003,0.10610684,0.045275267,0.06812306,0.18843895,0.31432098,0.29809546,0.14579427,0.07553646,0.10549228,0.202124,0.20148598,0.06033467,0.16907318,0.31372258,0.36913964,0.45857456,0.5825857,0.62826836,0.5786489,0.4941019,0.40475875,0.33101752,0.25687197,0.16397873,0.060362995,0.06434783,0.02018735,0.1846366,0.17001928,0.12292726,0.14052854,0.1874383,0.22833925,0.24959712,0.22623023,0.16041969,0.12424618,0.13432997,0.16259395,0.18328086,0.20390324,0.22639047,0.24409133,0.25738898,0.24993014,0.22566931
17.166672,,,,,,,,,,,,,,,,,,,,,,,,,,,,,,,,,,,,,,,,,,,,,,,,,,,,,,,,,,,,,,,,,,,,,,,,,,,,,,,,,,,,,,,,,,,,0.22178702,0.2460012,0.2361201,0.25370497,0.2634423,0.2501614,0.22517616,0.19907302,0.17538826,0.15932119,0.14883411,0.14678964,0.15386052,0.15673824,0.17091228,0.23352441,0.33579212,0.42290172,0.44025406,0.39591393,0.3490189,0.32606602,0.31936103,0.32016423,0.32650128,0.33778027,0.34802538,0.35161918,0.34924164,0.3389931,0.31972012,0.29046378,0.25059634,0.20275241,0.15478058,0.12806869,0.15376423,0.21318848,0.25812393,0.26086146,0.283266,0.35446417,0.4179821,0.41423872,0.3752686,0.3454181,0.32337993,0.29814333,0.27373675,0.25504366,0.23990117,0.22912493,0.22123808,0.21438871,0.21049815,0.20915449,0.20877068,0.20780851,0.20385884,0.19170944,0.16987284,0.13535827,0.09074422,0.05395741,0.028685343,0.063679345,0.108798176,0.11641647,0.100562155,0.08297613,0.08671395,0.087810405,0.10003032,0.1290863,0.21946616,0.26775646,0.288311,0.30577734,0.3200397,0.33441508,0.35144383,0.36845225,0.3836124,0.39846623,0.41447654,0.4315737,0.45110902,0.47177795,0.48903137,0.49135023,0.45752764,0.3635679,0.2240466,0.10508085,0.11349165,0.097572215,0.09218933,0.08941661,0.08643225,0.08275437,0.07587993,0.07293111,0.08608365,0.1168624,0.13741963,0.14025046,0.14221035,0.13823658,0.11907727,0.07303393,0.022750465,0.054323982,0.077278025,0.12422369,0.20673019,0.25483596,0.24032916,0.17932919,0.14519037,0.15043595,0.16354603,0.1764271,0.18917009,0.2058551,0.22841737,0.25950977,0.29731852,0.32905227,0.34851113,0.3615057,0.36943534,0.37073,0.3606144,0.34045702,0.30666685,0.2564205,0.19619639,0.1648598,0.16555095,0.16481206,0.1576592,0.14682668,0.13245766,0.11050606,0.09316208,0.08496631,0.089477144,0.10500927,0.11984386,0.12950672,0.12979165,0.12806825,0.15497448,0.2030398,0.2235948,0.23133337,0.24307959,0.256914,0.25557932,0.24306606,0.19941992,0.1395266,0.107219756,0.08911244,0.09325011,0.09595588,0.08228398,0.06841258,0.07446949,0.10453676,0.15009652,0.19901134,0.2671614,0.30541936,0.24302806,0.1265311,0.0273511,0.050221294,0.07622333,0.12640728,0.21552153,0.27445573,0.28938577,0.28408068,0.28078395,0.28972092,0.30596003,0.32342574,0.34018752,0.35427073,0.36457524,0.36658382,0.3738066,0.41990277,0.43748763,0.38056192,0.2186943,0.11104832,0.11179211,0.09333107,0.09209884,0.22002563,0.39408165,0.45112962,0.39901453,0.29819405,0.23564954,0.19174983,0.1641278,0.13956432,0.10581145,0.05502037,0.04877882,0.064033166,0.053189356,0.024798375,0.026447847,,,,,,,,,,,,,,,,,,,,,,,,,,,,,,,,,,,,,,,,,,,,,,,,,,,,,,,,,,,,,,,,,,,,,,,,,,,,,,,,,,,,,,,,,,,,,,,,,,,,,,,,,,,,,,0.022661785,0.093226954,0.27874205,0.39156544,0.42416817,0.3268536,0.23943059,0.19610031,0.16293284,0.1372499,0.11789149,0.08011907,0.03595486,0.034096982,0.03788065,0.0421049,0.07739806,0.11510208,0.10814629,0.079198115,0.0596095,0.035934165,0.0225982,0.024437364,0.051845785,0.11660534,0.15527384,0.095176935,0.00836077,0.07817417,0.12506576,0.14986196,0.1678918,0.17675407,0.17617084,0.16763581,0.1603406,0.15298456,0.14971942,0.1806369,0.2546486,0.33630547,0.4079601,0.4614126,0.48346245,0.47740087,0.45520812,0.431487,0.3874307,0.31992567,0.2597721,0.23858376,0.2562374,0.26402155,0.25412738,0.2405216,0.15480329,0.09256377,0.082552314,0.096329235,0.24003945,0.30865324,0.2064232,0.069755845,0.058764115,0.16007228,0.23489514,0.17776373,0.08637653,0.25786746,0.31419882,0.33966956,0.48359352,0.61699027,0.5940613,0.5131155,0.42265353,0.35072866,0.28004047,0.19470784,0.083614916,0.014533972,0.07605318,0.08466494,0.20137273,0.21499808,0.21268001,0.21484238,0.22505124,0.210494,0.13839269,0.08613924,0.092049666,0.13053545,0.17138149,0.20621517,0.2340623,0.25886127,0.28070608,0.290209,0.28032288,0.26128358
17.083336,,,,,,,,,,,,,,,,,,,,,,,,,,,,,,,,,,,,,,,,,,,,,,,,,,,,,,,,,,,,,,,,,,,,,,,,,,,,,,,,,,,,,,,,,,,0.37445974,0.36639997,0.3080306,0.2665848,0.24574916,0.22821417,0.21354204,0.20360091,0.19011837,0.17707624,0.16565952,0.15707396,0.15761675,0.16841008,0.1792431,0.19997609,0.2643398,0.36208725,0.4376758,0.4454474,0.39587072,0.3410745,0.3133009,0.31207216,0.32240978,0.3366705,0.35543162,0.3701531,0.3750578,0.370583,0.35521784,0.3295445,0.294425,0.25334385,0.21526538,0.18998991,0.1866541,0.20933315,0.24066226,0.25858304,0.27712682,0.32741284,0.40495172,0.44546124,0.42071286,0.37860563,0.34882665,0.3205444,0.29003218,0.263386,0.24358417,0.22829771,0.2160017,0.20533177,0.19482762,0.1866137,0.17795372,0.16912304,0.15738507,0.14152178,0.11780739,0.08587658,0.05349449,0.05113991,0.066781454,0.10124353,0.12969328,0.1329722,0.1171193,0.10515159,0.10333787,0.118721716,0.14600083,0.1740618,0.21966015,0.2923145,0.3189654,0.33177134,0.34182063,0.35349876,0.36806747,0.38401222,0.39819384,0.41126165,0.42495242,0.43924725,0.45459807,0.46874243,0.47755238,0.4740395,0.44473803,0.37679067,0.2706771,0.15170123,0.09057983,0.1020963,0.105326734,0.11960244,0.1263937,0.123009875,0.11113415,0.08801764,0.058740303,0.049511995,0.06956157,0.106511444,0.14067557,0.1677207,0.1809655,0.17555416,0.14069505,0.07817521,0.018650908,0.03269036,0.081485376,0.16308162,0.22743891,0.235057,0.18396452,0.14916755,0.15725984,0.17936556,0.20170671,0.21698193,0.229573,0.24185307,0.25918224,0.28442726,0.31134024,0.33371216,0.34633788,0.349756,0.3441544,0.32852244,0.30105418,0.26430988,0.2298009,0.20995842,0.20536588,0.2006755,0.18439656,0.1607644,0.14363037,0.13752732,0.13482285,0.13673662,0.14126293,0.14437304,0.14354688,0.13898593,0.12897983,0.10898636,0.115328155,0.20110941,0.28034285,0.28914043,0.2781266,0.27460888,0.25867233,0.232745,0.20457888,0.15845661,0.11576293,0.092485994,0.06113007,0.030102598,0.021117296,0.034176156,0.045417562,0.06222316,0.09046261,0.13291642,0.1759107,0.1971941,0.21826111,0.22323972,0.15169899,0.05262976,0.0336931,0.090936095,0.13247724,0.15019591,0.15411757,0.16295817,0.18102595,0.20618545,0.23311327,0.25773075,0.27689126,0.292541,0.3054318,0.3177732,0.32809967,0.3438344,0.37800634,0.4234106,0.4734232,0.4450695,0.3183724,0.1920309,0.1380711,0.076725155,0.14439401,0.3620023,0.4205211,0.37460828,0.27048317,0.21136974,0.1767429,0.15560482,0.14009956,0.123050995,0.089930736,0.09254203,0.09603649,0.06942755,0.042592913,0.03130555,,,,,,,,,,,,,,,,,,,,,,,,,,,,,,,,,,,,,,,,,,,,,,,,,,,,,,,,,,,,,,,,,,,,,,,,,,,,,,,,,,,,,,,,,,,,,,,,,,,,,,,,,,,,,0.015266071,0.016007863,0.0772956,0.3164445,0.4396572,0.36329663,0.25643566,0.31469914,0.3353632,0.28883752,0.25523397,0.22794025,0.17080595,0.12383733,0.12882769,0.14968655,0.17160144,0.1837389,0.17547847,0.09821608,0.07946078,0.06946737,0.047890063,0.026711041,0.022950247,0.05007923,0.08832109,0.084036335,0.058770936,0.056829855,0.10284311,0.14850368,0.17749692,0.2021185,0.21438356,0.20932066,0.18263634,0.1482678,0.16808107,0.2657565,0.34815586,0.39080974,0.40483743,0.40463588,0.397187,0.3907472,0.38803846,0.3820006,0.37608862,0.3703579,0.3500623,0.31026465,0.28692672,0.3039073,0.32546613,0.32060128,0.31616405,0.25180987,0.12375905,0.12951878,0.0413607,0.15388303,0.26659012,0.23702167,0.0655829,0.03458751,0.05920967,0.18952104,0.22613704,0.13316773,0.19316554,0.2804776,0.25398186,0.36799532,0.5892281,0.5930578,0.5238392,0.43848324,0.3638415,0.28937846,0.21363342,0.11278569,0.04585878,0.058762256,0.057263125,0.14034128,0.2861093,0.30112046,0.24849363,0.21161708,0.17295805,0.07703188,0.060952112,0.08493022,0.12106597,0.16319536,0.20148885,0.2319453,0.25680882,0.28089502,0.29542008,0.28565365,0.24792238
17.0,,,,,,,,,,,,,,,,,,,,,,,,,,,,,,,,,,,,,,,,,,,,,,,,,,,,,,,,,,,,,,,,,,,,,,,,,,,,,0.032644868,0.031069586,0.014093204,0.044896293,0.06842495,0.06637935,0.049672265,0.033014946,0.043221716,0.073281124,0.12551674,0.19747864,0.30571398,0.45016986,0.48625663,0.39952192,0.27530545,0.21424612,0.18355207,0.17194521,0.1672209,0.17740132,0.18791091,0.18638474,0.17566887,0.16462712,0.16300867,0.17375092,0.19285621,0.22497913,0.29224196,0.3834649,0.4495825,0.4543128,0.40390652,0.3391791,0.29913738,0.29515764,0.30994293,0.32918298,0.35289016,0.37189928,0.3780678,0.3694926,0.3469157,0.31573173,0.28327414,0.2552823,0.23427653,0.22407214,0.22581725,0.24227223,0.26140228,0.27730042,0.30788004,0.37292412,0.44146565,0.46373662,0.42518556,0.38332796,0.34929395,0.31569982,0.28211924,0.2563138,0.23808193,0.22294787,0.20821585,0.19455527,0.18047535,0.16582632,0.14726417,0.12821409,0.1054354,0.076032266,0.03917386,0.025048267,0.06392385,0.09826932,0.13012612,0.15049395,0.13973513,0.103994325,0.06891188,0.04323309,0.05323502,0.11488797,0.18197715,0.23590714,0.30051085,0.3478302,0.3593336,0.36658984,0.37385875,0.38309044,0.392434,0.40311605,0.41655353,0.4306772,0.4428796,0.4526267,0.46063593,0.46339616,0.45532063,0.42918205,0.37671623,0.2960218,0.19420789,0.09485326,0.085327,0.096286274,0.1220507,0.14618713,0.15676263,0.15486626,0.14463791,0.12137271,0.080377184,0.030670695,0.032176293,0.080995955,0.1261353,0.16216473,0.19026327,0.20432173,0.18875787,0.14223339,0.08284191,0.041159097,0.054651972,0.11509776,0.18927538,0.21902692,0.1857529,0.15297812,0.16188176,0.1886237,0.21786825,0.23958866,0.25084877,0.25990254,0.27294156,0.28971177,0.30549422,0.3150032,0.31952083,0.31932145,0.31300375,0.30110586,0.284124,0.26535898,0.24889687,0.23372188,0.21631764,0.19618733,0.17963296,0.17083323,0.16926247,0.16753767,0.1620286,0.15439655,0.14725406,0.14078271,0.13264793,0.119358435,0.0920346,0.088393465,0.1994335,0.30467662,0.3543201,0.32471237,0.29287046,0.27553037,0.24306327,0.20261641,0.15972348,0.12056646,0.106584005,0.092537336,0.072741255,0.057032946,0.041182775,0.018489344,0.02888222,0.084785625,0.1436558,0.19252151,0.21576683,0.18469761,0.18002906,0.24355766,0.18823089,0.12248661,0.07577264,0.047908574,0.044549353,0.05592974,0.081313044,0.11455905,0.14250742,0.16232818,0.17661297,0.18930382,0.2006925,0.21249494,0.22561458,0.24120824,0.25930345,0.28472102,0.3200463,0.36259767,0.42880404,0.49529794,0.48420396,0.3690439,0.24856848,0.16036706,0.15965977,0.36038333,0.39476907,0.34754512,0.24681842,0.19007593,0.1563833,0.13888177,0.13690211,0.12923306,0.11435139,0.105782375,0.069445215,0.036449436,0.024331694,0.02311659,,,,,,,,,,,,,,,,,,,,,,,,,,,,,,,,,,,,,,,,,,,,,,,,,,,,,,,,,,,,,,,,,,,,,,,,,,,,,,,,,,,,,,,,,,,,,,,,,,,,,,,,,,,,,0.016807826,0.02426658,0.18401836,0.3850691,0.45124835,0.27236465,0.22078982,0.31324768,0.24658903,0.20842075,0.24497406,0.2683414,0.2613977,0.25342715,0.27837583,0.30525696,0.2646074,0.18711795,0.1433948,0.11272183,0.083691455,0.05630744,0.039395098,0.03595553,0.036423635,0.028833792,0.05726549,0.14583327,0.18242534,0.17726238,0.18098669,0.19190821,0.19815059,0.19878848,0.19824335,0.1947718,0.20072608,0.2463492,0.31589255,0.3449244,0.31987506,0.28276247,0.2665492,0.28052488,0.31186008,0.3479995,0.3756541,0.38558784,0.37519154,0.36135933,0.3642699,0.36335433,0.34332815,0.34680825,0.36992982,0.36695936,0.35981408,0.3169897,0.19070747,0.121450745,0.06590007,0.05709511,0.20162229,0.24960104,0.14227435,0.03749822,0.057260655,0.10718159,0.20155962,0.18625803,0.1666727,0.22703739,0.17726482,0.25443235,0.5503115,0.57788163,0.52202266,0.44407803,0.3699648,0.30028057,0.23256345,0.14328796,0.09119497,0.07196217,0.09092239,0.09621979,0.127551,0.24882428,0.25386342,0.16561547,0.09490786,0.0054786117,0.042494625,0.078818634,0.1123768,0.15046012,0.18908553,0.22071992,0.24405028,0.26625094,0.2811534,0.2666068,0.21702875
16.916672,,,,,,,,,,,,,,,,,,,,,,,,,,,,,,,,,,,,,,,,,,,,,,,,,,,,,,,,,,,,,,,,,,,,,,,,,,,0.045670252,0.019619241,0.037248354,0.03172173,0.018031385,0.05559571,0.07115841,0.11351398,0.12108051,0.10902312,0.11417424,0.14292172,0.2290699,0.34457666,0.44530457,0.4991802,0.4460283,0.29910582,0.23623802,0.20185949,0.177099,0.14391819,0.11471598,0.11121198,0.1414804,0.1711912,0.17696911,0.16443445,0.15794691,0.17320777,0.20327106,0.24592283,0.31409138,0.39723054,0.45700333,0.46294042,0.41559985,0.34409747,0.28987578,0.27803302,0.29095083,0.3110784,0.33701265,0.35597634,0.35715657,0.3426756,0.31833136,0.29369095,0.27622873,0.2630057,0.2524641,0.2494575,0.25813735,0.27509674,0.28730902,0.2994653,0.33889252,0.41006693,0.4691395,0.47634825,0.4301017,0.38987187,0.3503693,0.31323415,0.28041562,0.25614727,0.23995936,0.22448099,0.20883504,0.19287375,0.17540601,0.1537672,0.128635,0.10109654,0.06747042,0.031113043,0.032263827,0.07185455,0.1059801,0.14499274,0.16590327,0.15229568,0.10655182,0.055575896,0.02910509,0.051829793,0.10876796,0.17443356,0.24034119,0.30478105,0.36541885,0.38719937,0.39387012,0.4007006,0.4069983,0.41223833,0.41771767,0.4249524,0.43516517,0.44519386,0.452893,0.4555416,0.45226362,0.4401851,0.41431388,0.3699215,0.30308318,0.21792321,0.12771544,0.078247234,0.08241943,0.10705968,0.13651429,0.14821066,0.14725749,0.14634068,0.14539726,0.13873853,0.11895201,0.084306836,0.036234044,0.03416585,0.09657106,0.15028821,0.19170947,0.21502331,0.21477874,0.19160132,0.14105932,0.08713371,0.07206414,0.080137804,0.14616416,0.19518627,0.1863242,0.15769032,0.16648637,0.19593899,0.22995868,0.25780907,0.2721678,0.27904522,0.28414413,0.28722167,0.29103956,0.29246083,0.2906117,0.2880685,0.2836839,0.2757075,0.2627718,0.24663126,0.2292382,0.21290657,0.19925477,0.18867397,0.18179306,0.1747384,0.16493681,0.15133485,0.1370858,0.12372428,0.112350285,0.10459808,0.090376474,0.058114506,0.055256724,0.1920809,0.28828636,0.36705974,0.37824306,0.326573,0.29369155,0.26747525,0.21969457,0.15921523,0.10917195,0.10173354,0.101491496,0.09469921,0.08551244,0.084492624,0.0816897,0.065143004,0.06402179,0.12152315,0.1901663,0.2485167,0.26209846,0.20135586,0.21274793,0.25623333,0.22413248,0.1838914,0.15240493,0.11946445,0.092886835,0.08203467,0.091892205,0.09860977,0.102624156,0.10933257,0.118783794,0.12685208,0.1320667,0.13622217,0.14380606,0.15762194,0.17981826,0.21210669,0.2525371,0.2923645,0.3472951,0.43820688,0.5132418,0.48316398,0.39526334,0.2960152,0.27924523,0.37619025,0.35070345,0.31227425,0.24591544,0.1847831,0.13594173,0.114240244,0.12116863,0.1252903,0.1267973,0.10282911,0.040183436,0.0079082465,0.010452308,0.024607569,,,,,,,,,,,,,,,,,,,,,,,,,,,,,,,,,,,,,,,,,,,,,,,,,,,,,,,,,,,,,,,,,,,,,,,,,,,,,,,,,,,,,,,,,,,,,,,,,,,,,,,,,,,,,0.032231864,0.11413719,0.32997584,0.45943105,0.47895244,0.3257621,0.2893897,0.27759948,0.23768052,0.2802386,0.3279257,0.34887388,0.33351237,0.27905118,0.21218015,0.13537769,0.08298356,0.076776415,0.085754484,0.086639285,0.06670868,0.028953247,0.011586624,0.04283229,0.067284375,0.08694429,0.09708166,0.0833712,0.06773509,0.110622264,0.14644448,0.1779634,0.20457691,0.22891618,0.25332645,0.2716599,0.2726369,0.26487437,0.25940835,0.23972376,0.22467402,0.2316084,0.26556045,0.317671,0.3617062,0.38428685,0.392011,0.39019442,0.37511572,0.35088435,0.345496,0.36280936,0.36397082,0.3644397,0.3922242,0.39603204,0.3821176,0.35720477,0.27209628,0.16639057,0.094791025,0.024077466,0.13676238,0.22328527,0.19791982,0.06393837,0.09052107,0.038186546,0.12043941,0.14973551,0.15936127,0.17009825,0.10033495,0.17301992,0.5115113,0.5520967,0.5076981,0.43468142,0.36772025,0.31679305,0.26167277,0.1848023,0.13797224,0.10988198,0.10184223,0.11767511,0.13960828,0.08027169,0.06096123,0.034113377,0.024013871,0.042746905,0.045957096,0.06038401,0.08268953,0.122475974,0.15834081,0.18670152,0.2088396,0.23042333,0.24707465,0.23572136,0.20349996
16.833336,,,,,,,,,,,,,,,,,,,,,,,,,,,,,,,,,,,,,,,,,,,,,,,,,,,,,,,,,,,,,,,,,,,,,,,,,0.13246775,0.10627386,0.13185179,0.13860466,0.13842838,0.1536091,0.13124858,0.08356205,0.053984202,0.036459144,0.104539186,0.12113836,0.1311195,0.21589857,0.34210446,0.42892644,0.4419844,0.3948726,0.3153536,0.26648632,0.24505988,0.220088,0.18977346,0.151801,0.12054362,0.09133782,0.07040439,0.08374121,0.1315623,0.1509889,0.14804733,0.17013599,0.21182923,0.2624316,0.3288979,0.4021594,0.4571729,0.46567243,0.42443258,0.3528916,0.28622356,0.25924316,0.26552975,0.28334132,0.30141523,0.31293795,0.3118618,0.30620816,0.29947156,0.29224724,0.2842822,0.27522346,0.2701538,0.2744889,0.28717175,0.30118173,0.3082528,0.32052287,0.3665314,0.43826568,0.4915354,0.48723245,0.43761408,0.3960699,0.35222742,0.3140964,0.2837675,0.2624929,0.24808303,0.23181155,0.2173161,0.2022981,0.18429177,0.15983362,0.13173413,0.10164622,0.07268083,0.066303775,0.08279183,0.10824026,0.14468594,0.1773717,0.1762591,0.14075093,0.0962461,0.07715261,0.09567885,0.1321934,0.2001188,0.2615364,0.317305,0.3737997,0.4107715,0.41501912,0.42209324,0.42848593,0.4334017,0.43839264,0.4441457,0.44784248,0.4507796,0.45345005,0.45203063,0.44321382,0.42634815,0.3986153,0.3563067,0.29758874,0.22511391,0.1505547,0.09459747,0.07961483,0.0955007,0.120296635,0.13139828,0.11858504,0.09782997,0.08706593,0.08528021,0.09144233,0.093177915,0.08361097,0.06618911,0.032761775,0.026874434,0.09224173,0.15918954,0.2067312,0.23514357,0.23209395,0.18997276,0.14050536,0.114594035,0.0750956,0.10640084,0.1624589,0.17765668,0.15845278,0.17053303,0.19792065,0.23018493,0.26253513,0.2837945,0.29646555,0.30660942,0.30793962,0.30308917,0.29704732,0.28797087,0.2776053,0.26643166,0.25451285,0.24139161,0.22797024,0.21463482,0.20123443,0.18824863,0.17581645,0.16260909,0.14605981,0.12766027,0.11190767,0.097345635,0.08056027,0.064559996,0.048979007,0.013373683,0.05457059,0.15983629,0.25679952,0.3185643,0.37104195,0.3527346,0.3006439,0.27014124,0.23317462,0.17480907,0.11986179,0.103757985,0.10289053,0.1028535,0.10158887,0.1027149,0.1150744,0.11669892,0.0879269,0.081026636,0.15669179,0.24018325,0.30566606,0.30899954,0.23961453,0.2548094,0.28344235,0.26017207,0.21693747,0.19024582,0.1602196,0.1351356,0.12284363,0.12580815,0.13587683,0.14978978,0.15847766,0.16156198,0.15809919,0.14674357,0.12561776,0.10113839,0.084195726,0.093319386,0.12953086,0.17670606,0.22016174,0.26650745,0.34006903,0.43473715,0.47557974,0.44931138,0.36772317,0.38205332,0.36747876,0.28346023,0.2530614,0.22525012,0.17547198,0.11751077,0.088234454,0.10299496,0.12133473,0.13405345,0.10990923,0.056082588,0.028559292,0.0429757,0.040582586,,,,,,,,,,,,,,,,,,,,,,,,,,,,,,,,,,,,,,,,,,,,,,,,,,,,,,,,,,,,,,,,,,,,,,,,,,,,,,,,,,,,,,,,,,,,,,,,,,,,,,,,,,,,,,0.23854704,0.43883285,0.5272274,0.5095029,0.34809843,0.18150194,0.091030404,0.09882569,0.18573259,0.20998424,0.20727624,0.21981904,0.18511339,0.12910588,0.101509266,0.09565234,0.07950116,0.065240994,0.062736616,0.064418405,0.06972203,0.07497058,0.08717891,0.105645485,0.12652554,0.14734903,0.16820349,0.18894103,0.2114516,0.23917496,0.26893523,0.3011707,0.33544683,0.3598108,0.36333925,0.33598322,0.29323936,0.26010275,0.24503873,0.26005846,0.31039023,0.3802422,0.43289995,0.44852313,0.43439487,0.4080935,0.3826572,0.35663518,0.3253291,0.30917978,0.32690296,0.35491443,0.37042817,0.40141624,0.41312662,0.39127514,0.36684656,0.32265908,0.23908368,0.14039816,0.05841676,0.093880616,0.17785966,0.19847621,0.13358688,0.05906993,0.06730061,0.036064215,0.08522405,0.10500137,0.084834225,0.039541878,0.15920392,0.47505015,0.5185197,0.47926146,0.4103747,0.3631224,0.34615117,0.31272283,0.24391884,0.19554259,0.16817021,0.14587091,0.12996656,0.14291428,0.11174309,0.06442532,0.034065023,0.02491772,0.062644854,0.042659193,0.040519588,0.034087475,0.052774545,0.07354227,0.10050998,0.12936711,0.16193776,0.18939088,0.19303572,0.18670182
16.75,,,,,,,,,,,,,,,,,,,,,,,,,,,,,,,,,,,,,,,,,,,,,,,,,,,,,,,,,,,,,,,,,,,,,0.1492205,0.11584738,0.13361439,0.18339248,0.21317084,0.2033154,0.19923498,0.15638608,0.10348547,0.0950774,0.082556926,0.036290653,0.067312986,0.0554412,0.029221734,0.115733184,0.19314899,0.31194314,0.4092073,0.40974966,0.34984508,0.30244172,0.27791148,0.25799125,0.22726898,0.19721325,0.15475494,0.116377436,0.0774199,0.04366361,0.015438357,0.043354843,0.07036072,0.10911922,0.13876612,0.167442,0.21736762,0.2737306,0.33757877,0.40307498,0.45196813,0.4621088,0.42837372,0.36276412,0.29027238,0.2470552,0.2412205,0.25175288,0.26035723,0.26531142,0.26996967,0.28143644,0.29287085,0.29469174,0.2902015,0.2865275,0.2863528,0.29113433,0.30247864,0.31887692,0.3286058,0.34111047,0.38691485,0.45907456,0.51040024,0.49882406,0.44516286,0.39966404,0.35378668,0.3164831,0.28974044,0.27120996,0.2567555,0.24332525,0.23355438,0.22164159,0.20342901,0.17816038,0.14924075,0.122461975,0.106684,0.10306385,0.11108263,0.13701546,0.17295034,0.18952706,0.16823271,0.13015284,0.10848043,0.13039191,0.15387408,0.16391881,0.23484005,0.325153,0.38423398,0.42416635,0.4368407,0.43119934,0.43104723,0.43424806,0.43748182,0.4409573,0.44594222,0.44550675,0.44027826,0.4329409,0.4221328,0.40356266,0.3745936,0.33547267,0.28564805,0.22843201,0.17044982,0.12213807,0.09694179,0.09538893,0.10591992,0.11032951,0.0929671,0.05873121,0.035914578,0.034724284,0.044581875,0.057420637,0.06771189,0.06685864,0.05985882,0.043609723,0.012900373,0.008917475,0.08283833,0.16302128,0.22103249,0.25446025,0.24224,0.19890901,0.16155197,0.08820207,0.07108131,0.12090841,0.15180999,0.15019327,0.17359008,0.19655772,0.22179751,0.24913986,0.27199453,0.28591892,0.29479268,0.30000252,0.29953974,0.29606622,0.29231998,0.28757033,0.28194943,0.2751588,0.26597232,0.25314173,0.23715073,0.21971707,0.20153654,0.18114485,0.1598095,0.14231932,0.1300108,0.1142909,0.08862355,0.057939965,0.027998464,0.011829654,0.05877283,0.12792237,0.20425805,0.27139544,0.31740928,0.35010135,0.30877134,0.26256287,0.23178795,0.19325715,0.15601435,0.1377147,0.12543246,0.1187402,0.11857321,0.123777784,0.13602977,0.15075214,0.14846653,0.11042174,0.11141706,0.20707881,0.30525893,0.37428868,0.36544642,0.29739386,0.30453604,0.34379664,0.2948961,0.24447246,0.2209996,0.20462577,0.20194204,0.2112628,0.22178015,0.22528857,0.22534004,0.22455713,0.22230802,0.21573575,0.19968915,0.17071058,0.13202412,0.08414443,0.02894852,0.037604913,0.09632648,0.14751863,0.18956482,0.24153432,0.31489393,0.36707106,0.34168142,0.3457904,0.37839264,0.2938261,0.18969664,0.2029001,0.19191654,0.1461067,0.097931266,0.06978708,0.08630145,0.11553048,0.13888346,0.1190937,0.08693135,0.086594164,0.07242551,0.049844515,,,,,,,,,,,,,,,,,,,,,,,,,,,,,,,,,,,,,,,,,,,,,,,,,,,,,,,,,,,,,,,,,,,,,,,,,,,,,,,,,,,,,,,,,,,,,,,,,,,,,,,,,,,,,,0.3060702,0.52467895,0.54937047,0.4420008,0.23272592,0.040270887,0.060542613,0.06413535,0.066636436,0.10385349,0.11981078,0.16367672,0.18788306,0.16934468,0.14499964,0.1288143,0.11688824,0.10480316,0.09492572,0.091192454,0.09182948,0.09407439,0.100300044,0.11347229,0.12861001,0.14613351,0.16592877,0.19104514,0.22010684,0.25174394,0.28373322,0.31303552,0.33942604,0.36088586,0.37106186,0.3640103,0.34275204,0.31908017,0.32086983,0.3698275,0.44896492,0.50681907,0.52025646,0.49744195,0.4552749,0.4086146,0.36864942,0.33831155,0.31268007,0.29455802,0.30417106,0.3459374,0.38491765,0.4197795,0.4365588,0.4139943,0.37925756,0.35056764,0.2934591,0.20120949,0.10509452,0.08102152,0.13381411,0.17940652,0.18238507,0.117844254,0.052912254,0.019945411,0.029204514,0.04405026,0.0665199,0.14494926,0.20615916,0.4409667,0.47781184,0.4397072,0.3729729,0.3504337,0.38266897,0.37938276,0.32773024,0.29129738,0.26766765,0.2417628,0.21763903,0.20067444,0.18157451,0.17987423,0.20975944,0.21975228,0.17210343,0.113672666,0.10387655,0.08810353,0.06736357,0.038751647,0.03849783,0.06876431,0.10835733,0.14427888,0.16149731,0.16737282
16.666672,,,,,,,,,,,,,,,,,,,,,,,,,,,,,,,,,,,,,,,,,,,,,,,,,,,,,,,,,,,,,,,,,,0.114084005,0.1365616,0.22280166,0.24643365,0.23909813,0.23728287,0.25855193,0.26045668,0.23646376,0.20312788,0.1627544,0.17196363,0.2134939,0.20625947,0.18155083,0.1333698,0.102660745,0.06295546,0.14733951,0.2753478,0.3918722,0.42115992,0.3478794,0.28442204,0.26592395,0.24811804,0.2188539,0.19757733,0.18390833,0.16300304,0.12857382,0.08694359,0.06530222,0.08639123,0.084863104,0.05960133,0.11789545,0.14047354,0.168516,0.22027047,0.28021887,0.34099826,0.40003988,0.44493043,0.45460838,0.42684263,0.368218,0.29469225,0.23802449,0.22241478,0.22493352,0.22676839,0.2264903,0.2348948,0.25659865,0.28141817,0.2933333,0.29305294,0.29414028,0.29606792,0.29830498,0.30997807,0.33159474,0.34854853,0.35914755,0.40160838,0.47715282,0.52679664,0.50874615,0.45110178,0.40193936,0.3559442,0.3206871,0.2967269,0.27890748,0.26668638,0.25923887,0.25319186,0.24322218,0.22642255,0.20241274,0.17505711,0.15030795,0.13376614,0.12696557,0.13224646,0.15390345,0.1807867,0.18527271,0.15825827,0.12436263,0.101141825,0.09911191,0.12099953,0.1766955,0.27937338,0.3746438,0.424635,0.44679633,0.44637328,0.4391794,0.42933348,0.42031,0.4160286,0.41702682,0.41760874,0.41457582,0.40534016,0.3933796,0.3769363,0.3518586,0.31894395,0.2794741,0.23659237,0.1942211,0.15375793,0.12290978,0.11032318,0.10454714,0.094599925,0.07148933,0.034824207,0.0070670694,0.039825335,0.060644895,0.07619459,0.08706572,0.095797084,0.095281586,0.093003444,0.089346714,0.083240524,0.059166327,0.04167355,0.09362807,0.17821321,0.24205962,0.26980928,0.2539158,0.21551102,0.1328477,0.066308826,0.095359,0.14291495,0.15898286,0.17935547,0.195683,0.21007785,0.22168538,0.23988315,0.25418666,0.2603426,0.26150635,0.25707483,0.25250286,0.25204632,0.25422722,0.25654164,0.255187,0.2496577,0.24045701,0.22684593,0.2100949,0.19124034,0.16463396,0.13076273,0.10448684,0.09517322,0.091708824,0.08103981,0.05800834,0.01664452,0.031466506,0.087525085,0.15066911,0.20324963,0.26124686,0.2976918,0.3213854,0.26591566,0.22465955,0.19750516,0.1698914,0.15966018,0.15360628,0.1422248,0.14191332,0.1462095,0.1564331,0.17353493,0.19240977,0.19410187,0.17046951,0.17893144,0.2731548,0.3761069,0.44088593,0.42319107,0.34271893,0.35692582,0.408688,0.32729915,0.27419952,0.24982023,0.24916434,0.26575857,0.27763438,0.2733375,0.2660217,0.26592654,0.27175856,0.27553305,0.2740388,0.2589154,0.23121569,0.19918218,0.15955459,0.11416338,0.07427696,0.063848495,0.08909175,0.120309755,0.15247558,0.18865567,0.20522651,0.19382769,0.2808459,0.26294643,0.15262768,0.08576112,0.16769442,0.16545239,0.11945328,0.08701224,0.070567854,0.08082514,0.10966993,0.13811186,0.12365398,0.08624273,0.060356732,0.052502487,0.045752034,0.042940564,,,,,,,,,,,,,,,,,,,,,,,,,,,,,,,,,,,,,,,,,,,,,,,,,,,,,,,,,,,,,,,,,,,,,,,,,,,,,,,,,,,,,,,,,,,,,,,,,,,,,,,,,,,,0.33710042,0.37767336,0.5370506,0.43056524,0.2724048,0.14441194,0.086449295,0.10749202,0.105934635,0.1013968,0.11708769,0.1358034,0.16723195,0.19061542,0.19615676,0.19690044,0.19075796,0.18183465,0.1734491,0.16224125,0.14799017,0.1340089,0.12251936,0.11323756,0.110625744,0.113818064,0.123194724,0.13606437,0.15514797,0.1783392,0.20334032,0.22845685,0.25236723,0.2750375,0.2954013,0.30634004,0.31002152,0.32718214,0.360808,0.42142448,0.47473496,0.49923557,0.49912614,0.48155174,0.4548192,0.42130154,0.38111696,0.34514064,0.31957203,0.2980048,0.27646455,0.27067962,0.30158564,0.35872704,0.41695935,0.45519394,0.44282252,0.4000988,0.37464678,0.3349939,0.25923407,0.15607136,0.095573336,0.10751222,0.14769407,0.18179943,0.1688173,0.09511822,0.022853406,0.069121644,0.1292408,0.18074767,0.1254681,0.25637686,0.41014394,0.42929447,0.390355,0.3226677,0.31710866,0.40988687,0.46122956,0.4426553,0.43183213,0.42394856,0.3964221,0.37711385,0.3799862,0.38798326,0.38265234,0.3503885,0.2678955,0.20243083,0.16992685,0.17128487,0.18295792,0.1892512,0.18718466,0.17729348,0.16906218,0.16748649,0.16966046,0.1605389,0.14447191
16.583336,,,,,,,,,,,,,,,,,,,,,,,,,,,,,,,,,,,,,,,,,,,,,,,,,,,,,,,,,,,,,,,,0.1530696,0.1814058,0.18205379,0.23896201,0.29583004,0.32111427,0.28447604,0.24369518,0.22231394,0.2128277,0.19646087,0.18181337,0.20547727,0.27650353,0.30210197,0.23452564,0.117690325,0.053501025,0.10194865,0.13863578,0.24119183,0.37338817,0.4452572,0.39754397,0.2870134,0.25152177,0.23768437,0.20192364,0.19337517,0.22693127,0.23039795,0.20881364,0.16672236,0.12409944,0.09328516,0.10233258,0.13897602,0.13293584,0.13557298,0.16001381,0.179821,0.22295606,0.28155696,0.33984676,0.39338169,0.43324158,0.44431543,0.42172864,0.3690244,0.29774264,0.23592372,0.21051778,0.20592076,0.20242544,0.19584578,0.20222127,0.22599402,0.25854722,0.28052637,0.289566,0.29836395,0.30339646,0.30545193,0.3151583,0.33621693,0.36148253,0.3735574,0.41388312,0.4923599,0.54020894,0.5177785,0.45700514,0.4050164,0.3600208,0.32599965,0.30262935,0.28754318,0.27926734,0.27435225,0.27109668,0.26490945,0.25227854,0.23172437,0.2050497,0.17833427,0.15920597,0.14893648,0.1482926,0.1597153,0.17232746,0.16976501,0.14432657,0.11888815,0.10511459,0.11425504,0.1522598,0.22123863,0.32151482,0.40383542,0.4378939,0.4472166,0.44426882,0.43374917,0.41794735,0.40689212,0.40074015,0.39756128,0.3951641,0.3940336,0.38842687,0.37598664,0.35421813,0.32240042,0.2861452,0.25046733,0.21557778,0.17898916,0.14705172,0.12502232,0.107260644,0.08392046,0.051349014,0.01207509,0.030740445,0.06780265,0.091012195,0.10371687,0.11112709,0.11429692,0.11456464,0.111255,0.11002036,0.10906768,0.106218524,0.09701094,0.07528642,0.06839183,0.12597418,0.20640157,0.25998294,0.276278,0.2582911,0.19220059,0.11939974,0.10636638,0.13124311,0.17718731,0.19123602,0.1985345,0.19979706,0.20307827,0.19912763,0.19939841,0.2053971,0.21066453,0.20979743,0.20552985,0.20274915,0.20164411,0.19975896,0.1932609,0.18198283,0.16636147,0.14413159,0.117776915,0.09022462,0.06354218,0.042254247,0.045275155,0.06339824,0.074283145,0.072474614,0.068177335,0.07149126,0.09831401,0.13538894,0.1608753,0.19204885,0.23364592,0.26651695,0.28423557,0.22447495,0.19170399,0.17857763,0.17083508,0.17748718,0.17598695,0.1715329,0.17610829,0.18480709,0.19850416,0.21610683,0.23423095,0.24716125,0.24765098,0.25995806,0.33559063,0.4322968,0.48806834,0.4554776,0.33688736,0.3629504,0.4398883,0.34974685,0.28658396,0.253757,0.25538197,0.27310693,0.28241023,0.28147885,0.28754205,0.2994563,0.30998564,0.3200686,0.32594982,0.31705022,0.299434,0.27860862,0.24948972,0.21270356,0.17422405,0.13708232,0.10489198,0.08363357,0.07268748,0.07241138,0.07906744,0.10386126,0.09217764,0.051436786,0.0065910546,0.048881777,0.15317263,0.13622405,0.10721661,0.089710906,0.07344792,0.08449453,0.10662132,0.13175689,0.12001297,0.08495818,0.042619366,0.04476908,0.046564322,0.035156015,,,,,,,,,,,,,,,,,,,,,,,,,,,,,,,,,,,,,,,,,,,,,,,,,,,,,,,,,,,,,,,,,,,,,,,,,,,,,,,,,,,,,,,,,,,,,,,,,,,,,,,,,,,,0.2708072,0.59052765,0.41635862,0.30692902,0.25013164,0.17192182,0.17302705,0.16517664,0.1532311,0.15299755,0.1652822,0.17535692,0.19238745,0.21546644,0.2372939,0.25560465,0.26166427,0.25449198,0.24257727,0.22899023,0.21253952,0.19677547,0.18270539,0.16501251,0.14365661,0.13024853,0.12282718,0.12000459,0.1250826,0.13551152,0.1489112,0.16217381,0.17961963,0.20105374,0.221124,0.24385557,0.28264096,0.35776037,0.4145913,0.43461543,0.4320946,0.43122655,0.43357608,0.4259813,0.4049446,0.3752106,0.3422292,0.31406462,0.29159114,0.27692148,0.26331124,0.24903643,0.2583093,0.3133928,0.3913121,0.44775346,0.4510868,0.41782427,0.39687952,0.3688166,0.30330947,0.19047956,0.1174237,0.09918088,0.11550022,0.15591396,0.18582052,0.16258079,0.105578,0.063560754,0.07561839,0.071995944,0.046830222,0.2688216,0.3709806,0.37494248,0.33698648,0.26380733,0.24643925,0.38806802,0.514222,0.5312149,0.54202974,0.55206937,0.5240064,0.48469004,0.4491696,0.38566992,0.29739547,0.2036386,0.15493424,0.14591517,0.14606464,0.14881273,0.16506475,0.20496944,0.23691681,0.24692398,0.24516952,0.23243053,0.21012469,0.17954038,0.14677554
16.5,,,,,,,,,,,,,,,,,,,,,,,,,,,,,,,,,,,,,,,,,,,,,,,,,,,,,,,,,,,,,0.06950407,0.034401167,0.08698576,0.12810308,0.16026625,0.22562543,0.27694693,0.2994073,0.293732,0.24503663,0.20022576,0.1749857,0.16166624,0.1571303,0.17501555,0.255661,0.3423554,0.34033707,0.20844391,0.09706504,0.0954796,0.16445383,0.24226458,0.35195062,0.4540407,0.46066442,0.35353747,0.2531873,0.24367362,0.21289295,0.18618606,0.2561924,0.27679947,0.24749085,0.21175747,0.16923663,0.12891158,0.0975937,0.105037265,0.15311407,0.20549095,0.1925317,0.1880642,0.20330589,0.23205332,0.28295895,0.3361258,0.38286647,0.41653734,0.42762715,0.41009742,0.36434746,0.29806036,0.23728974,0.20407066,0.19231832,0.18470182,0.17105286,0.1715249,0.19171508,0.22489427,0.25305834,0.2754852,0.30039188,0.31430542,0.31520125,0.31577384,0.33185768,0.3635076,0.3831791,0.42257413,0.50280195,0.5502817,0.52532446,0.46198088,0.40848327,0.36351526,0.32928327,0.30756587,0.29530507,0.28869322,0.286577,0.28744334,0.28676808,0.28006908,0.26379672,0.23936337,0.21019761,0.18435268,0.16887209,0.16131112,0.15997328,0.16031958,0.1508153,0.1311719,0.11525306,0.11077745,0.12712248,0.17600158,0.24836285,0.33810866,0.40708017,0.43241167,0.43528044,0.43126366,0.4223902,0.408892,0.39633626,0.3871273,0.3848511,0.38894102,0.39101422,0.38262966,0.36112744,0.3271797,0.2916515,0.25981003,0.22829925,0.1947952,0.1647134,0.13743408,0.11013038,0.07832289,0.043288548,0.02794038,0.05812096,0.09180526,0.113342024,0.12469303,0.12914383,0.13366923,0.1364814,0.13644852,0.13194989,0.12660104,0.12032923,0.117156155,0.11130659,0.09723872,0.07456751,0.086379506,0.16632754,0.23590271,0.2667753,0.2676608,0.23258191,0.18128587,0.1618951,0.15495732,0.17049402,0.21215609,0.2077407,0.19909725,0.19777179,0.18549562,0.16505662,0.14860207,0.14730333,0.1522886,0.1557362,0.1592967,0.15830557,0.1496032,0.13905679,0.12795955,0.114815585,0.09688952,0.078906104,0.06681901,0.05955545,0.056950163,0.057526123,0.06251637,0.07232276,0.08547723,0.1000607,0.11545661,0.13079435,0.1332089,0.13004607,0.15488335,0.19096488,0.23720278,0.24363385,0.18902056,0.17543404,0.18396533,0.19220543,0.20236172,0.20443249,0.20827936,0.21642552,0.22399302,0.23158877,0.24179864,0.2566395,0.28137273,0.30381113,0.32202947,0.36653006,0.43485484,0.46956348,0.41187692,0.25603586,0.29769748,0.41345263,0.34761626,0.27670673,0.23633184,0.23026042,0.24633846,0.26393795,0.2819194,0.2973444,0.30664226,0.32151148,0.34359103,0.3599456,0.36412537,0.3629379,0.35580325,0.33543277,0.3072048,0.27532804,0.23739158,0.19515711,0.15016295,0.1041541,0.060281385,0.024842331,0.017600719,0.014500947,0.05385595,0.0549106,0.026988143,0.13334092,0.11875219,0.10649292,0.09326482,0.08341842,0.09260898,0.11008019,0.12113483,0.10340009,0.077972986,0.02565753,0.04159103,0.035358045,0.022615459,,,,,,,,,,,,,,,,,,,,,,,,,,,,,,,,,,,,,,,,,,,,,,,,,,,,,,,,,,,,,,,,,,,,,,,,,,,,,,,,,,,,,,,,,,,,,,,,,,,,,,,,,,,0.41277397,0.4716837,0.73308945,0.31312728,0.26435298,0.2798575,0.21431856,0.23209566,0.21959783,0.21507809,0.22036694,0.2262699,0.23643489,0.24930795,0.2588038,0.2766865,0.28237125,0.27813873,0.27549213,0.27014345,0.26302832,0.25153142,0.23753749,0.22421378,0.21113627,0.19514528,0.17609477,0.15045449,0.13113062,0.11982924,0.11443956,0.11522283,0.120555155,0.14383242,0.17302209,0.20948958,0.27269,0.29376253,0.30139348,0.3261509,0.35372317,0.36914486,0.37359878,0.3712363,0.3556422,0.3362909,0.31565458,0.29471973,0.27256042,0.2503349,0.23608993,0.23074983,0.22601765,0.23057792,0.27088615,0.34233487,0.40582785,0.43503127,0.42858043,0.4149525,0.39577535,0.3311501,0.21330768,0.1382915,0.10983272,0.107396476,0.13293175,0.17736828,0.20199934,0.18031247,0.13177846,0.07240597,0.043374084,0.081546575,0.2588362,0.32213742,0.3167618,0.2856595,0.21597739,0.13776806,0.20795934,0.3672537,0.40588278,0.40240982,0.4138393,0.3632245,0.27485558,0.20765539,0.15582202,0.11083966,0.0850657,0.045244925,0.078137524,0.08932228,0.06562941,0.04505696,0.07756713,0.13429308,0.17175896,0.18794797,0.18665287,0.17331666,0.15726843,0.13624287
16.416672,,,,,,,,,,,,,,,,,,,,,,,,,,,,,,,,,,,,,,,,,,,,,,,,,,,,,,,,,,,0.20956089,0.1594328,0.18174341,0.20555289,0.21636169,0.23456323,0.2572802,0.26566026,0.25598207,0.23483025,0.20767836,0.17724192,0.15547167,0.14275205,0.13734637,0.1432328,0.1860256,0.29284078,0.37095484,0.33794677,0.21889934,0.16822638,0.19823584,0.26358333,0.34554258,0.44192228,0.4975334,0.4515874,0.33257875,0.26524845,0.23852153,0.20899938,0.26636878,0.29137418,0.2615311,0.22597523,0.20345832,0.1748086,0.1350027,0.07715217,0.06832467,0.14160965,0.22855915,0.2606645,0.23626974,0.23229828,0.24960743,0.28714606,0.33157542,0.37155598,0.40005824,0.4089754,0.39391616,0.35382023,0.2966594,0.24035098,0.20074533,0.18282947,0.17032051,0.14937599,0.14012296,0.15147966,0.18082644,0.2141793,0.24890886,0.28918114,0.32021442,0.3267356,0.3158327,0.32430187,0.3564594,0.38543293,0.42650318,0.5083649,0.55507934,0.5290226,0.4647815,0.4125297,0.36734313,0.33176607,0.31090218,0.30062056,0.29725924,0.29881474,0.3036558,0.30733976,0.3056343,0.2952537,0.27586693,0.24746528,0.21480756,0.18868507,0.17095974,0.158837,0.1515357,0.14017072,0.12453747,0.1135778,0.112996556,0.13296607,0.18428637,0.25367442,0.33213422,0.39014718,0.41183767,0.41782856,0.41744685,0.4130299,0.4005015,0.3799367,0.36439213,0.3570767,0.3563959,0.35042927,0.32813862,0.29114515,0.26076445,0.24672525,0.2336537,0.20920518,0.17972258,0.148443,0.11371494,0.08097533,0.061890796,0.07089813,0.092693366,0.11461174,0.13172348,0.14121647,0.14792569,0.14815727,0.1462474,0.14648905,0.15038612,0.15116441,0.14574383,0.13510755,0.12847857,0.12663753,0.11872489,0.09785751,0.07752999,0.11115862,0.1987867,0.25248778,0.26575977,0.2501386,0.22193326,0.2080588,0.20844543,0.1947573,0.2144793,0.25445405,0.22971006,0.18565232,0.17764899,0.16927846,0.14736457,0.12213976,0.11031198,0.11085788,0.119773336,0.12483166,0.116012655,0.10037044,0.08466399,0.066328645,0.045733463,0.03753257,0.049635615,0.06265129,0.06850129,0.06714934,0.06618762,0.06610887,0.06998978,0.076058574,0.08521582,0.09004638,0.09108197,0.09355292,0.11672928,0.16157024,0.21834558,0.20765229,0.16433218,0.17557842,0.19935791,0.21441977,0.22807898,0.23798107,0.24926798,0.25831634,0.25939983,0.25409514,0.2518512,0.25725135,0.27421096,0.30257303,0.33026952,0.35939386,0.38967642,0.3890138,0.31416273,0.1466636,0.18146913,0.3308208,0.3113763,0.24536072,0.20634218,0.19387558,0.20535761,0.22902393,0.26273015,0.28508148,0.2923598,0.3070396,0.33414313,0.36170325,0.38376176,0.40143925,0.41193816,0.4083055,0.39485767,0.37490496,0.34776503,0.3156376,0.27844232,0.23826112,0.2003748,0.16636272,0.13596368,0.10158278,0.055280354,0.014099176,0.0311557,0.10465942,0.098765306,0.10005402,0.098787025,0.10199022,0.11644148,0.12922429,0.11861771,0.08425594,0.060181916,0.0143833505,0.030124698,0.003857822,0.028244691,,,,,,,,,,,,,,,,,,,,,,,,,,,,,,,,,,,,,,,,,,,,,,,,,,,,,,,,,,,,,,,,,,,,,,,,,,,,,,,,,,,,,,,,,,,,,,,,,,,,,,,,0.03390437,0.14288984,0.35292804,0.4852161,0.7455505,0.7097408,0.29465127,0.27904513,0.2801012,0.2554755,0.27578375,0.2772314,0.27502397,0.27719447,0.2850333,0.28620392,0.2782349,0.28085458,0.2940305,0.29343814,0.28952637,0.2918225,0.29026183,0.28522792,0.2771295,0.268117,0.25598884,0.24380064,0.2310409,0.21203741,0.18727647,0.15980704,0.13655777,0.12203911,0.10780347,0.10370525,0.09941103,0.14535548,0.19444813,0.21119045,0.22796012,0.24269482,0.27122992,0.29742908,0.3105137,0.30892214,0.3050898,0.29211524,0.27112654,0.24750772,0.22501592,0.20181869,0.17355236,0.15792607,0.16614208,0.17658429,0.18510377,0.21519619,0.27676633,0.3438953,0.39236253,0.41583243,0.4171116,0.40642458,0.33449358,0.22246759,0.1523822,0.12589005,0.11794415,0.12404158,0.15716581,0.20244835,0.20541014,0.16671598,0.08491571,0.03998615,0.0795154,0.23666811,0.2695719,0.26146498,0.24185373,0.19344245,0.10973676,0.042387452,0.033474755,0.09084675,0.115054175,0.21753918,0.28466418,0.24195871,0.17090303,0.13589263,0.110180244,0.08605877,0.073803805,0.09717606,0.09621056,0.049452554,0.0089730965,0.0023673093,0.017881123,0.035818674,0.053268842,0.07192462,0.083441734,0.09590799,0.10545268
16.333336,,,,,,,,,,,,,,,,,,,,,,,,,,,,,,,,,,,,,,,,,,,,,,,,,,,,,,,,,,0.26351842,0.29365933,0.29244635,0.3192587,0.34245345,0.34071463,0.3182851,0.290978,0.25605488,0.21752076,0.16985631,0.13373923,0.12195904,0.12469198,0.13218737,0.13803218,0.15357345,0.20214541,0.30707487,0.3781228,0.34346,0.25204265,0.23941746,0.28521168,0.35158154,0.42721796,0.4987907,0.51180536,0.4337295,0.32059363,0.24536395,0.21756352,0.28723732,0.29125577,0.26421538,0.23753752,0.22596285,0.22253484,0.21009399,0.17603923,0.105240874,0.0228507,0.100111045,0.2100688,0.2961713,0.30137053,0.27332568,0.2729297,0.29516274,0.33174852,0.36117533,0.3837561,0.39293784,0.38205925,0.34890035,0.30018932,0.2471585,0.19993511,0.17616291,0.15748788,0.13061272,0.112126954,0.1110981,0.1305165,0.16461077,0.20704171,0.26089072,0.31370884,0.33725342,0.31934732,0.31603023,0.34528983,0.38130924,0.42510784,0.50650126,0.554058,0.52880985,0.46587008,0.41623718,0.37077594,0.33364123,0.3131038,0.30536395,0.3056459,0.3105302,0.3171948,0.32217517,0.3246616,0.32062256,0.30732232,0.28415668,0.25229827,0.21900783,0.19010848,0.16511717,0.14660046,0.13555087,0.12326005,0.113487005,0.11822706,0.14426902,0.1911016,0.25216442,0.31171918,0.36664656,0.38932306,0.39809713,0.401313,0.39702344,0.38367394,0.36072347,0.34118444,0.323532,0.3060666,0.28311324,0.25279677,0.22148393,0.21226677,0.22654371,0.22187588,0.19460908,0.16125244,0.12252898,0.09200139,0.09163358,0.103912584,0.12832746,0.13755715,0.14414497,0.1529156,0.1579297,0.15617618,0.15266901,0.14911643,0.15182813,0.16401535,0.17152964,0.16496255,0.14982964,0.13910408,0.13721323,0.13977112,0.13325264,0.11190502,0.10106745,0.1522012,0.22558811,0.26428756,0.26488808,0.2490464,0.23676018,0.23966905,0.22997962,0.2001175,0.20498338,0.20080698,0.20171084,0.19447537,0.1692534,0.13232611,0.12941517,0.11845521,0.10403981,0.0992543,0.09993711,0.09754748,0.08301028,0.062385943,0.037496354,0.021027423,0.04208843,0.06775552,0.08265155,0.08538034,0.07887682,0.07281325,0.0697074,0.06971058,0.072342336,0.07237333,0.07210453,0.070636325,0.06869691,0.08732527,0.13841443,0.19286099,0.17568508,0.1539998,0.18107979,0.21202281,0.23507343,0.2581414,0.27847353,0.29609996,0.300587,0.2894184,0.27310044,0.26195788,0.2567081,0.25482723,0.26234278,0.2791499,0.2948838,0.30175593,0.28931722,0.22497992,0.106225125,0.06755637,0.20666716,0.25277755,0.2148747,0.18458474,0.16313301,0.16134252,0.18099593,0.2249321,0.26597098,0.27501538,0.2786136,0.3057414,0.34028655,0.37019283,0.3972525,0.42339906,0.4400452,0.44586244,0.44379213,0.43349344,0.4162255,0.3893036,0.3547858,0.3199865,0.28484643,0.24838941,0.20637277,0.15596542,0.08853935,0.04145057,0.05112547,0.070431784,0.09095481,0.10561618,0.12527102,0.14498436,0.14191364,0.112854235,0.077059984,0.053538155,0.029598074,0.023646902,0.028346011,0.0384419,,,,,,,,,,,,,,,,,,,,,,,,,,,,,,,,,,,,,,,,,,,,,,,,,,,,,,,,,,,,,,,,,,,,,,,,,,,,,,,,,,,,,,,,,,,,,,,,0.0037736879,0.00866284,0.014967191,0.0270702,,,0.035773512,0.03965686,0.045035273,0.12958707,0.45244706,0.7461614,0.7777389,0.502666,0.30224356,0.29317066,0.2968689,0.3037164,0.31911287,0.32662642,0.33243755,0.32874405,0.31118414,0.28920576,0.2810626,0.28550667,0.29997584,0.3095171,0.31363603,0.31539226,0.31202266,0.3041201,0.29415733,0.28168428,0.26594043,0.25327227,0.24423547,0.23686862,0.21985075,0.19196051,0.16172731,0.13612586,0.11489423,0.09307727,0.07043951,0.15191768,0.21872865,0.20068346,0.19779818,0.21488512,0.23823652,0.25903144,0.25837705,0.25308236,0.2504273,0.22759481,0.19605117,0.1679293,0.14378117,0.11321513,0.06376429,0.04566749,0.08029388,0.11951724,0.14960459,0.16884205,0.20360109,0.27091807,0.33655402,0.38003904,0.4069657,0.3965572,0.30934036,0.21618,0.16364895,0.14342417,0.13400397,0.12928525,0.14520091,0.18113163,0.19853717,0.17656255,0.09123674,0.039535366,0.086120754,0.19701003,0.2124282,0.2137485,0.2100581,0.18763703,0.15262598,0.07504174,0.10997144,0.1722152,0.13424884,0.053572718,0.14104153,0.20681575,0.19186458,0.17435522,0.15608798,0.13128866,0.10943403,0.10921343,0.116036005,0.11224087,0.09772594,0.08202949,0.057758916,0.03511776,0.018419458,0.008273364,0.003701845,0.037778508,0.06324641
16.25,,,,,,,,,,,,,,,,,,,,,,,,,,,,,,,,,,,,,,,,,,,,,,,,,,,,,,,,,0.2596472,0.27012765,0.3894172,0.3178548,0.3215304,0.33195433,0.32785943,0.30215275,0.27139327,0.23622291,0.2005707,0.1673276,0.14752273,0.14286645,0.146977,0.15833329,0.15627348,0.1548804,0.19143228,0.2870323,0.3612352,0.34560955,0.28499678,0.28837574,0.334898,0.3968964,0.46453786,0.5069273,0.48657945,0.39438808,0.2756489,0.20758577,0.27292785,0.3012712,0.26445127,0.24435991,0.23998061,0.25509286,0.26809415,0.26646665,0.23982841,0.17197938,0.069005184,0.04513747,0.17008306,0.2884145,0.34853873,0.32827184,0.30341142,0.30969027,0.33421215,0.35982502,0.37580085,0.38157868,0.37427467,0.34749505,0.3060649,0.24878138,0.19214323,0.1638416,0.1429287,0.11433851,0.08923644,0.07668376,0.08194572,0.110673614,0.15457231,0.22057976,0.2947191,0.34019786,0.32343066,0.30669773,0.3310726,0.37053853,0.4159067,0.495792,0.54799396,0.5280525,0.46875897,0.42089427,0.3755748,0.33700737,0.3157678,0.30937874,0.3114194,0.31759438,0.3242128,0.32994044,0.33484554,0.3352851,0.328375,0.31312448,0.28880134,0.2561233,0.22005078,0.18727368,0.15911718,0.14053522,0.13169447,0.123568125,0.13057834,0.16440517,0.20084405,0.24489893,0.28663346,0.33119223,0.36003426,0.3723543,0.37808362,0.37122193,0.3562174,0.3348573,0.31697574,0.29608122,0.26727566,0.23459563,0.2046056,0.1867594,0.19547205,0.2172539,0.2027276,0.17400233,0.1377291,0.10704127,0.115435764,0.13053034,0.14721453,0.15862834,0.1613446,0.1577252,0.1552209,0.15229766,0.14777562,0.14408727,0.14264646,0.14929904,0.16409574,0.17034335,0.16405208,0.15100771,0.13982956,0.14008999,0.15104046,0.16320388,0.16438906,0.14892133,0.1448209,0.19090427,0.24492665,0.27271506,0.2768242,0.2682843,0.2629337,0.2543882,0.22082007,0.18058747,0.14882974,0.1425791,0.15300365,0.1517916,0.13028842,0.12839979,0.10924264,0.10963185,0.11324814,0.111077294,0.10810252,0.09983905,0.087262034,0.07934509,0.08302258,0.09819164,0.111379504,0.11272193,0.1043177,0.09164222,0.0783737,0.07001103,0.068206556,0.069277816,0.06696082,0.06316146,0.055439923,0.048183706,0.06409661,0.116841815,0.16562311,0.1516315,0.15149218,0.18625453,0.21942621,0.24243468,0.26907983,0.29994923,0.32111,0.32309663,0.31049165,0.29178464,0.27468687,0.26105952,0.24769637,0.23321356,0.21746883,0.20271252,0.18737984,0.16584805,0.12307229,0.0821888,0.06031189,0.05473732,0.16338395,0.18173997,0.17091489,0.15359508,0.13660407,0.13323009,0.1655926,0.22440767,0.25483647,0.24457794,0.2579403,0.29256392,0.32475007,0.35536978,0.38828596,0.41743633,0.4387657,0.45218456,0.45700234,0.45471254,0.44314063,0.4217346,0.39636528,0.37024453,0.34144512,0.30293295,0.25070655,0.18235992,0.12195608,0.09075096,0.08431639,0.090414315,0.11021384,0.13726367,0.15721585,0.14555283,0.11425353,0.08817631,0.05563738,0.04114188,0.04623774,0.036277227,0.040675152,0.0370458,,,,,,,,,,,,,,,,,,,,,,,,,,,,,,,,,,,,,,,,,,,,,,,,,,,,,,,,,,,,,,,,,,,,,,,,,,,,,,,,,,,,,,,,,,,,,,0.0044801193,0.008950129,0.016044585,0.022150941,0.024510358,0.023660751,0.026535308,0.03267768,0.049022805,0.18024382,0.45099103,0.700144,0.74163604,0.5569985,0.37116507,0.31639278,0.3192895,0.32186496,0.3379037,0.35000768,0.35530886,0.3549542,0.3364016,0.2954855,0.27925044,0.28543743,0.29893562,0.3150542,0.3268173,0.32810166,0.32498,0.31857955,0.3083808,0.29737732,0.2840015,0.26851594,0.25411206,0.23974015,0.22780931,0.22571205,0.21483657,0.18832922,0.15185805,0.12746762,0.09984805,0.06402963,0.117800035,0.21782312,0.19064514,0.16711597,0.1773658,0.18483993,0.18647198,0.19641984,0.21301639,0.20469101,0.17076717,0.12704484,0.100759834,0.081925504,0.06238249,0.021238584,0.035074085,0.10548012,0.14124018,0.16772923,0.13754936,0.16296008,0.22484058,0.29105705,0.3492562,0.3907141,0.34876394,0.26568246,0.20376888,0.17078812,0.15437894,0.14234093,0.13642532,0.15022464,0.17058423,0.19723333,0.18494467,0.10199962,0.038349204,0.0790338,0.1410852,0.16741064,0.18287446,0.19345784,0.2017721,0.19979642,0.15881278,0.07642616,0.07535993,0.11953306,0.09669353,0.031692266,0.10336666,0.14414017,0.16292967,0.16518785,0.14806499,0.12933819,0.11075672,0.095157355,0.08738983,0.09616837,0.11498456,0.1274587,0.12106586,0.10382847,0.089087754,0.0773412,0.06215298,0.039585963
16.166672,,,,,,,,,,,,,,,,,,,,,,,,,,,,,,,,,,,,,,,,,,,,,,,,,,,,,,,,0.27442855,0.2940499,0.35206926,0.37079185,0.26518667,0.25767818,0.25530612,0.24594924,0.21902767,0.19561628,0.1759929,0.16946985,0.15551682,0.13450472,0.13113186,0.14799131,0.16543436,0.16531037,0.15773574,0.17858963,0.25701323,0.3386704,0.34614512,0.30349523,0.31535533,0.3600396,0.4051739,0.447848,0.46816754,0.4330366,0.34286362,0.22194874,0.2156108,0.32273126,0.27767482,0.24648932,0.24047169,0.26489082,0.29615337,0.32113975,0.32939145,0.3101308,0.25025812,0.15051691,0.049599692,0.11435302,0.24438204,0.35207617,0.37719736,0.3435431,0.3312999,0.3410484,0.36085516,0.37540972,0.37831798,0.37058717,0.3475326,0.30725858,0.24229744,0.18054391,0.15189986,0.13223553,0.103229836,0.07167869,0.050563984,0.042549513,0.06285394,0.103683725,0.17541738,0.26795578,0.33382133,0.3235548,0.29630697,0.31234407,0.35259554,0.39849684,0.47843647,0.53875214,0.5275164,0.47410482,0.42914614,0.38471302,0.34465733,0.32114714,0.31279677,0.31362012,0.31900468,0.3251064,0.33097327,0.33660367,0.3396744,0.338282,0.33069357,0.31566244,0.29036635,0.25414604,0.21461974,0.17989562,0.1548224,0.14467813,0.14243147,0.13659436,0.15375291,0.19038908,0.22536938,0.26600498,0.30430079,0.33349904,0.35083705,0.3605318,0.35639095,0.3344234,0.3061105,0.28142256,0.2636711,0.23654659,0.20575248,0.1792706,0.16913581,0.18880452,0.2038062,0.17426471,0.14831536,0.11980058,0.12486823,0.14927009,0.15771282,0.17064011,0.17906328,0.16823147,0.16057691,0.154787,0.14810057,0.13969997,0.13416077,0.13165596,0.13709289,0.14693974,0.14392892,0.13565785,0.12887035,0.12758484,0.13321462,0.14832729,0.16938885,0.18795319,0.19637558,0.19269148,0.19615245,0.22145715,0.26069498,0.2897337,0.29923657,0.29606637,0.28425798,0.25764993,0.22004533,0.17997299,0.1481308,0.13391049,0.11545096,0.10008801,0.10410343,0.09961739,0.10282917,0.10538186,0.114001095,0.124799564,0.12967329,0.12768036,0.12690742,0.13199474,0.14076795,0.14158075,0.13171862,0.1177397,0.10476085,0.09206636,0.08008784,0.072900444,0.068124555,0.061983004,0.053331103,0.041607473,0.031343024,0.046796568,0.09867961,0.1448715,0.13940191,0.14995016,0.18094398,0.21255834,0.2281163,0.24721709,0.28435472,0.31881708,0.33148238,0.3226063,0.302506,0.28508812,0.27389225,0.26167938,0.24070789,0.20864432,0.16774245,0.12061217,0.07016091,0.033669375,0.056905936,0.06785578,0.04769683,0.066045225,0.10709392,0.13325725,0.146996,0.14311548,0.11274515,0.108616404,0.1609459,0.22096659,0.21811816,0.21046667,0.23840934,0.26794454,0.29483795,0.32564387,0.3566794,0.37967393,0.39610648,0.40832233,0.4170355,0.41855738,0.4125728,0.4031268,0.39251882,0.38200822,0.36728835,0.33905065,0.27200025,0.1802779,0.122488335,0.09865648,0.09817321,0.11557066,0.13754718,0.15829843,0.152477,0.13310167,0.11863916,0.07845529,0.03623036,0.046026975,0.04613592,0.04756841,0.035634786,,,,,,,,,,,,,,,,,,,,,,,,,,,,,,,,,,,,,,,,,,,,,,,,,,,,,,,,,,,,,,,,,,,,,,,,,,,,,,,,,,,,,,,,,,,,,,0.007221651,0.015989043,0.011621917,0.018205395,0.02874045,0.033092603,0.053373463,0.035667386,0.20724313,0.46873757,0.68782127,0.7225016,0.57085025,0.41513497,0.34117714,0.32823163,0.32854477,0.3352906,0.33743188,0.3318853,0.31929857,0.30009574,0.28870508,0.28412867,0.29501253,0.30817866,0.31920305,0.3271715,0.32883307,0.32764366,0.3268711,0.32528192,0.3183411,0.30850953,0.29417342,0.27773732,0.26339144,0.24476475,0.22483015,0.21240734,0.20571788,0.19433442,0.17347264,0.13767755,0.11325055,0.075946845,0.03790764,0.14051107,0.14377816,0.12871006,0.14743315,0.1650919,0.18252306,0.19467169,0.20616643,0.18607876,0.13704742,0.088813655,0.06939542,0.06188897,0.06028478,0.048608836,0.029615227,0.07584089,0.1115538,0.1284016,0.14236942,0.17547476,0.22156191,0.27912313,0.33318013,0.33492064,0.2807786,0.2166965,0.18507516,0.17340712,0.16374764,0.16829197,0.15824614,0.15857813,0.16432418,0.19064265,0.18737152,0.112233564,0.06379341,0.059112683,0.10632962,0.13819346,0.16067183,0.18665655,0.22039104,0.2443474,0.23851104,0.16630358,0.029681684,0.036753118,0.01148509,0.051045917,0.0643862,0.11090057,0.13913071,0.15922838,0.15140016,0.14190939,0.12439236,0.10124981,0.079151765,0.06899067,0.0791545,0.10329792,0.12393012,0.13084117,0.13051534,0.13368016,0.13612114,0.11301116
16.083336,,,,,,,,,,,,,,,,,,,,,,,,,,,,,,,,,,,,,,,,,,,,,,,,,,,,,,,,0.23947833,0.35210198,0.4234431,0.3493204,0.22652769,0.21191718,0.21571407,0.22156896,0.19426298,0.14008166,0.082612835,0.051070895,0.082221456,0.07724225,0.05467556,0.050322127,0.10024625,0.1477496,0.1600199,0.17193091,0.22405785,0.30823636,0.3369872,0.29912046,0.30875278,0.36094782,0.4033048,0.42537972,0.42964548,0.3897426,0.30589607,0.15568459,0.21304412,0.2985341,0.24539584,0.23059493,0.25331384,0.2964128,0.34379986,0.37844694,0.39526543,0.38260514,0.33007088,0.2365369,0.12344158,0.067695536,0.18627892,0.31501362,0.39536,0.38949952,0.3609721,0.3550791,0.36422032,0.37802747,0.38132173,0.37121135,0.35029107,0.3083309,0.24322248,0.1808462,0.14760819,0.12885578,0.105067894,0.07122843,0.042134795,0.015217052,0.028409194,0.06478044,0.13390146,0.23657212,0.31923753,0.3184285,0.283331,0.28939456,0.3288935,0.37528047,0.4550942,0.52497435,0.5260849,0.4808348,0.44066206,0.40009877,0.35985923,0.3332905,0.32027104,0.3164107,0.31892425,0.32327604,0.32754934,0.33147764,0.3351921,0.33664477,0.33420545,0.32695258,0.31211522,0.2866208,0.24900812,0.202881,0.16337344,0.14024095,0.14127941,0.15212491,0.14894328,0.15386534,0.17840216,0.22779232,0.27955076,0.32162827,0.3463932,0.36411858,0.37044978,0.3525404,0.3104877,0.26373458,0.22970252,0.20467672,0.18149294,0.16230561,0.15851331,0.18733454,0.18887971,0.14647305,0.13045004,0.11893547,0.14878571,0.16120027,0.16864702,0.19472721,0.20126162,0.18918431,0.18103167,0.16842046,0.15721588,0.14140578,0.13041328,0.12559453,0.12740377,0.12724465,0.117733486,0.10943728,0.10636307,0.10921286,0.1191508,0.13796958,0.16251236,0.18955049,0.21627668,0.23651728,0.24555089,0.2499435,0.26127207,0.28351945,0.3055949,0.3150989,0.3112155,0.29329222,0.26468682,0.23372744,0.20448667,0.17808741,0.14188948,0.11820872,0.11404344,0.11987227,0.12976635,0.13357717,0.12918659,0.13043714,0.1420842,0.15163536,0.15710923,0.16059728,0.15787137,0.14733714,0.13510853,0.1276497,0.12506282,0.12098873,0.11037313,0.09546449,0.079757154,0.06442899,0.048308514,0.030305374,0.01078787,0.027891202,0.084180936,0.13592224,0.13294849,0.14490075,0.1648045,0.19444172,0.20643106,0.2122306,0.2450744,0.29056016,0.32471386,0.3327207,0.32041603,0.30678993,0.29595917,0.2840893,0.26491177,0.23533244,0.19432189,0.14546394,0.09295771,0.045911312,0.021783378,0.034083225,0.060406666,0.08246653,0.06918006,0.0673414,0.07518602,0.12300752,0.12030903,0.08131659,0.10112722,0.16592927,0.19757566,0.17936997,0.18852669,0.21845065,0.24283268,0.26540032,0.28896677,0.30799216,0.3191709,0.32640558,0.33144122,0.334835,0.33694264,0.33768448,0.34126124,0.35240254,0.37340268,0.3913028,0.3597444,0.2614936,0.17023703,0.12554185,0.11365982,0.11762577,0.12567772,0.14413564,0.15455489,0.15212323,0.15051235,0.11657509,0.057566606,0.048108555,0.05772507,0.050368953,0.03673312,,,,,,,,,,,,,,,,,,,,,,,,,,,,,,,,,,,,,,,,,,,,,,,,,,,,,,,,,,,,,,,,,,,,,,,,,,,,,,,,,,,,,,,,,,,,,0.0059507573,0.0045610056,0.032434653,0.04072549,0.06841678,0.029458895,0.03750043,0.12193129,0.28933704,0.50775266,0.7024602,0.74172515,0.60930854,0.46356672,0.38113987,0.34294355,0.32955796,0.31755644,0.31445995,0.31333008,0.3112831,0.30616105,0.30230203,0.30531394,0.3094695,0.31332907,0.31373337,0.31554407,0.31965047,0.32385987,0.33302456,0.35028672,0.35945612,0.35440284,0.34197056,0.32215014,0.29994923,0.28787586,0.26751345,0.23982787,0.21477313,0.1985363,0.18292844,0.16727929,0.14950536,0.120155185,0.09243504,0.06943182,0.10033564,0.13047646,0.11398824,0.14683598,0.18716228,0.22033301,0.21212576,0.20924969,0.18047097,0.12015047,0.07367547,0.059579067,0.057540152,0.049627822,0.049194425,0.06204189,0.07610356,0.10885487,0.13284707,0.15992123,0.1889821,0.22187294,0.25681356,0.27158508,0.2555545,0.21461457,0.18828695,0.18528302,0.18609393,0.19928248,0.22346513,0.14919372,0.11982934,0.12069864,0.16842258,0.18259497,0.13372326,0.12343475,0.0309172,0.07705958,0.113233946,0.14231172,0.17635366,0.22400603,0.26834184,0.29359773,0.2578696,0.11986502,0.039249897,0.018111644,0.051565718,0.059074573,0.078885585,0.12206851,0.16010231,0.15660843,0.15025148,0.13314928,0.10913091,0.0859831,0.06501026,0.060717326,0.07500296,0.09471067,0.10947763,0.117310084,0.12898946,0.1505313,0.16334803
16.0,,,,,,,,,,,,,,,,,,,,,,,,,,,,,,,,,,,,,,,,,,,,,,,,,,,,,,,,0.15502095,0.30547345,0.43567327,0.31140262,0.17266054,0.15269552,0.17273442,0.20286587,0.20781238,0.19192846,0.14633292,0.09491209,0.06430307,0.058398176,0.065767854,0.07183552,0.021330716,0.06772194,0.12991191,0.16069083,0.19513705,0.26734504,0.3159936,0.2932432,0.2807779,0.31953263,0.37437263,0.39633924,0.39002803,0.3525626,0.24727581,0.08116628,0.19515392,0.2307909,0.20499462,0.22471148,0.26870543,0.32697403,0.3840617,0.4291761,0.4504021,0.4412178,0.39780307,0.31800207,0.20756887,0.09440174,0.12057893,0.25392947,0.3698729,0.41984218,0.40336183,0.38107294,0.37673205,0.38160154,0.3861357,0.380572,0.3620359,0.3186128,0.2559562,0.1913563,0.15036215,0.12956963,0.11145241,0.080699936,0.050370812,0.018550886,0.013926352,0.040430926,0.101281725,0.20681286,0.30078018,0.30796,0.26804194,0.2624892,0.29966193,0.34664443,0.42470905,0.5049822,0.5207534,0.48657545,0.454099,0.4213519,0.38462654,0.35734087,0.340038,0.32980803,0.32602203,0.32600817,0.32606047,0.32556134,0.32592046,0.32629806,0.32496724,0.32144368,0.31476822,0.3030958,0.27993202,0.24057572,0.187355,0.13648856,0.10568848,0.10821989,0.1344631,0.15144268,0.1585499,0.18584122,0.2386968,0.29184884,0.34287536,0.3788644,0.39783818,0.39548388,0.36052492,0.29879713,0.23366337,0.19321409,0.16785064,0.15062785,0.15650642,0.19963892,0.19166318,0.12969773,0.119965695,0.1310144,0.16018848,0.15882537,0.18502763,0.22513357,0.22759393,0.21301167,0.20330809,0.189982,0.17484726,0.1559519,0.13978544,0.13065459,0.12861913,0.121232934,0.10678715,0.098437354,0.09595811,0.09883055,0.10761313,0.12455381,0.1496353,0.17904878,0.21013987,0.24285299,0.27556744,0.29446682,0.30028254,0.30330896,0.31150863,0.32050726,0.3219938,0.31062484,0.28960538,0.2694076,0.25484845,0.23574854,0.19602151,0.15224637,0.13303678,0.13866216,0.14837371,0.15791325,0.16563761,0.16811542,0.1681784,0.16725965,0.16309917,0.15420935,0.14185351,0.1330746,0.13756435,0.15036626,0.15994596,0.16143173,0.15044555,0.12883164,0.10374828,0.08079292,0.058685344,0.036305666,0.018767472,0.016019573,0.05640218,0.12147645,0.13614583,0.13715687,0.14899041,0.17092377,0.18445946,0.18538049,0.2045951,0.24986981,0.30360618,0.33848196,0.34397015,0.33768076,0.32375896,0.30978435,0.2933776,0.27108392,0.24248299,0.20995726,0.17505424,0.13717028,0.09637035,0.05474278,0.013293406,0.047717385,0.08491861,0.10037759,0.0856002,0.044434454,0.106968366,0.08379895,0.06057986,0.09356786,0.16065286,0.15923035,0.14513077,0.16995743,0.2000081,0.22564128,0.24722168,0.26245537,0.26996243,0.27021,0.26435354,0.25773507,0.25441203,0.25578833,0.26651654,0.29144272,0.33350158,0.38746578,0.4083367,0.33943808,0.2311895,0.16413173,0.13500223,0.121075965,0.11770902,0.12519078,0.13808529,0.15689537,0.1770347,0.15871412,0.09417089,0.054115113,0.045505203,0.04174393,0.027598448,,,,,,,,,,,,,,,,,,,,,,,,,,,,,,,,,,,,,,,,,,,,,,,,,,,,,,,,,,,,,,,,,,,,,,,,,,,,,,,,,,,,,,,,,,,,,0.016409192,0.023940789,0.06627346,0.08067643,0.1302533,0.20006758,0.2822066,0.3687056,0.5185125,0.67281777,0.74152017,0.62830466,0.45796916,0.3754115,0.3453328,0.33454847,0.3285459,0.32458356,0.33211204,0.33416063,0.32858238,0.3157288,0.2976783,0.28597412,0.28446946,0.28839174,0.29320252,0.29827383,0.3073423,0.3250202,0.35604465,0.39321414,0.41108683,0.40315858,0.38073128,0.35119298,0.32150173,0.30801994,0.2965704,0.27573124,0.23661943,0.19995914,0.17681026,0.15318087,0.14042723,0.12936941,0.0925629,0.071666874,0.0905398,0.12442434,0.11705321,0.1338537,0.1818323,0.23135127,0.2229625,0.20288652,0.17429279,0.114005655,0.06952818,0.06467344,0.06778046,0.06271356,0.06335081,0.0780169,0.09824354,0.11772136,0.12819274,0.14641589,0.17089304,0.19584814,0.2125666,0.21810748,0.20518549,0.19294144,0.19559331,0.19821002,0.20272613,0.25998142,0.242369,0.13822858,0.082850985,0.08004482,0.12047689,0.1678004,0.16458416,0.11750946,0.008846299,0.040320806,0.09831726,0.13603982,0.14768144,0.19094141,0.24879819,0.3200724,0.32736075,0.22172727,0.04033865,0.04443145,0.019606698,0.04531771,0.06244853,0.12388208,0.1588077,0.16291714,0.15995164,0.14052594,0.112095125,0.08310773,0.060438354,0.050911915,0.058932275,0.07217503,0.08602258,0.09835694,0.11089271,0.13403593,0.1693338
15.916672,,,,,,,,,,,,,,,,,,,,,,,,,,,,,,,,,,,,,,,,,,,,,,,,,,,,,,,,0.26892018,0.3644732,0.44318882,0.2886505,0.13752098,0.13345651,0.15798505,0.18362904,0.21361998,0.22450496,0.19934517,0.1510617,0.09931502,0.04447654,0.011325692,0.03907931,0.053664442,0.0480978,0.04548014,0.11700604,0.16508552,0.22218236,0.28900725,0.29495177,0.2640994,0.2678916,0.2978444,0.31643686,0.30775648,0.25922242,0.15052891,0.051755518,0.1531002,0.1496755,0.18233542,0.23055162,0.27602375,0.33102092,0.39196888,0.44724888,0.47736672,0.4754077,0.44144243,0.37769264,0.28368688,0.16636948,0.07715,0.17990085,0.31149334,0.40837082,0.44175348,0.4251024,0.40485957,0.3971663,0.39424008,0.38757035,0.37258327,0.3348837,0.2745941,0.20772147,0.1568956,0.13185269,0.11631434,0.092437066,0.064142615,0.039991017,0.029246174,0.034884565,0.080939755,0.18331929,0.27942792,0.2905628,0.25001615,0.23313774,0.26669174,0.31366923,0.38662878,0.47712457,0.5104984,0.49007714,0.4665805,0.4452506,0.41686052,0.39327183,0.37575603,0.36143538,0.35133263,0.3431027,0.33520448,0.32791263,0.32178524,0.31663007,0.3118967,0.3065339,0.30039644,0.29341847,0.2838717,0.26394472,0.22750562,0.17391068,0.10811499,0.06427693,0.095061846,0.13271004,0.15388173,0.17743433,0.20558238,0.23873706,0.31192625,0.37601548,0.4133543,0.42594776,0.41247034,0.3600766,0.28555754,0.22713228,0.18546005,0.15133293,0.16725196,0.21997826,0.19550003,0.115062036,0.11302065,0.1411828,0.15542373,0.15944071,0.20663957,0.24200764,0.24486972,0.232601,0.222417,0.21128848,0.19886586,0.177854,0.15549167,0.14353539,0.1368489,0.12543954,0.10951939,0.09878115,0.09814561,0.10062565,0.10702305,0.12057595,0.14151952,0.1679243,0.19812672,0.23021623,0.26508754,0.3014773,0.33089924,0.34151998,0.33966634,0.33662155,0.3287533,0.31340954,0.2924682,0.27992976,0.2733399,0.2671962,0.23105808,0.18686733,0.16210711,0.15250786,0.14436188,0.13995872,0.13862255,0.13822648,0.13691865,0.13219061,0.12448632,0.11574538,0.110722914,0.12887841,0.16320528,0.18580562,0.19072174,0.18457958,0.16923518,0.14348559,0.115105726,0.09232093,0.074038945,0.05941387,0.04994189,0.045656167,0.050312635,0.07710936,0.12928633,0.13095246,0.14587072,0.14801645,0.15578881,0.16445091,0.1732751,0.20576109,0.26297054,0.3287276,0.36412936,0.36219606,0.3427991,0.32514846,0.31115526,0.2996614,0.28873008,0.27459303,0.25441322,0.22669673,0.1954888,0.16060053,0.12009595,0.077526554,0.05717849,0.07642324,0.094947085,0.09578283,0.06505734,0.0913383,0.03763164,0.022962663,0.07145946,0.13003367,0.13132416,0.1236265,0.1409761,0.17301384,0.20744634,0.23464988,0.24771346,0.24733408,0.23454048,0.21552841,0.201859,0.19725692,0.20802857,0.23730883,0.28598964,0.35254374,0.41045418,0.39936057,0.30327824,0.21328647,0.16315046,0.13547273,0.12708393,0.12462096,0.1310928,0.14775322,0.17040977,0.17882518,0.14103818,0.06463492,0.01567776,0.028169574,0.021417782,0.016274817,,,,,,,,,,,,,,,,,,,,,,,,,,,,,,,,,,,,,,,,,,,,,,,,,,,,,,,,,,,,,,,,,,,,,,,,,,,,,,,,,,,,,,,,,,,0.025029087,0.03433366,0.067508735,0.13195172,0.19923931,0.23257856,0.3002773,0.4008437,0.48165947,0.5681718,0.62891906,0.58427423,0.4235696,0.28187516,0.21951254,0.2375343,0.27993056,0.30852658,0.31739324,0.32584602,0.320205,0.30883777,0.2864717,0.25244823,0.22262369,0.21251374,0.22507769,0.24750675,0.26938847,0.29503962,0.33583406,0.39129934,0.43397558,0.4536555,0.4462489,0.41656503,0.37754172,0.33905187,0.32237768,0.32810602,0.32426888,0.2715342,0.21669507,0.17876849,0.14615898,0.12813827,0.12956797,0.0970567,0.06336991,0.07070633,0.12925814,0.1455147,0.13524522,0.15697338,0.1991607,0.20270738,0.17757261,0.16223197,0.11778211,0.073968604,0.07124164,0.082798064,0.088638395,0.089659005,0.091177456,0.09540714,0.10936479,0.12783423,0.14347263,0.155914,0.17309344,0.18899636,0.20090297,0.20599687,0.20658161,0.2130223,0.21399234,0.26695362,0.2932092,0.17640762,0.10905966,0.0872998,0.087935545,0.13790813,0.19291517,0.18523122,0.09645639,0.0335075,0.048265092,0.10262778,0.14065145,0.14279535,0.15206222,0.16026643,0.27949092,0.33977836,0.3059808,0.17165531,0.023467338,0.04435874,0.046783604,0.070662014,0.12037805,0.15300761,0.1686239,0.16563305,0.14570475,0.11339701,0.08282773,0.060093332,0.04191799,0.044813935,0.056358166,0.06722368,0.07844328,0.092798896,0.1133952,0.15086061
15.833336,,,,,,,,,,,,,,,,,,,,,,,,,,,,,,,,,,,,,,,,,,,,,,,,,,,,,,,,0.3523779,0.4508579,0.44683468,0.26036665,0.13232116,0.14387561,0.15792553,0.18476829,0.22050782,0.24229102,0.23784351,0.21167618,0.16631113,0.10631026,0.04059736,0.017689511,0.052948844,0.073015995,0.07964025,0.04975341,0.10955879,0.1724363,0.24190472,0.2857909,0.27366877,0.25695932,0.2572487,0.262739,0.25093442,0.2049244,0.12615399,0.040629346,0.10797681,0.12219308,0.19561547,0.2407579,0.25647858,0.2899579,0.35378867,0.41682965,0.459582,0.47417697,0.45722935,0.40818912,0.3325244,0.23229842,0.11281968,0.09536138,0.23520818,0.36034352,0.4415181,0.4657482,0.44987214,0.42982,0.41626623,0.40282944,0.3826739,0.34937194,0.2974642,0.23557636,0.18188448,0.14753708,0.12571771,0.104078874,0.08035391,0.059940416,0.046256803,0.042823773,0.073050804,0.16550808,0.2541627,0.266246,0.22815597,0.20365226,0.22990021,0.27642846,0.3398553,0.437053,0.49185902,0.48942477,0.476323,0.46720418,0.45054504,0.4345749,0.4212253,0.40869996,0.39660835,0.3828809,0.36594272,0.34872943,0.3323964,0.3174958,0.30400622,0.29189694,0.27994806,0.26788476,0.25792128,0.2485433,0.23596776,0.20708233,0.15662237,0.0874652,0.05524134,0.113232546,0.13630153,0.17067927,0.19667737,0.19241254,0.23643999,0.34239662,0.40906486,0.43522948,0.43957862,0.40829176,0.34380552,0.28099445,0.22447829,0.16960548,0.19508183,0.25073016,0.19227926,0.11090527,0.11300265,0.14560525,0.14397456,0.16668877,0.21184134,0.24933468,0.26052344,0.2529929,0.24497376,0.23442073,0.22265925,0.20270377,0.17445636,0.15895674,0.14768045,0.13142985,0.11834464,0.11127168,0.11173421,0.1118881,0.11510012,0.124252036,0.14139144,0.16720386,0.1973149,0.22645083,0.2559409,0.28576753,0.31792924,0.34894294,0.36597905,0.36452904,0.34958944,0.32409427,0.29558897,0.27891636,0.2697571,0.2622367,0.2315814,0.19567174,0.17296086,0.1570578,0.137653,0.11880937,0.10327635,0.096376084,0.09387526,0.09790129,0.09379519,0.080771424,0.11068648,0.15644614,0.17914784,0.17774266,0.16356975,0.14714305,0.13086475,0.11197573,0.09273724,0.07789034,0.068369046,0.06446528,0.067025766,0.07390471,0.08333921,0.082219206,0.08713236,0.12761058,0.15803146,0.14249228,0.13871248,0.14491528,0.15151815,0.17214149,0.2104027,0.28910547,0.35898647,0.37084183,0.3530356,0.33230054,0.32051682,0.32018846,0.3250452,0.32620773,0.31867328,0.3052609,0.28939816,0.26788354,0.23707363,0.19618383,0.15058805,0.11821782,0.11466767,0.12290906,0.044037443,0.061051156,0.037331052,0.023805508,0.05106096,0.034040436,0.08546532,0.119897395,0.113213666,0.10539858,0.13908195,0.18651552,0.21446925,0.22223867,0.21809103,0.19911516,0.17763962,0.16568303,0.17235547,0.19924647,0.2444779,0.31419453,0.3925618,0.43075424,0.37483567,0.27475578,0.20716353,0.16537043,0.14541653,0.13197172,0.12976979,0.13288493,0.14743152,0.17543663,0.17866787,0.11621183,0.043791246,0.018142922,0.023652583,0.019417912,0.014228021,0.014835705,,,,,,,,,,,,,,,,,,,,,,,,,,,,,,,,,,,,,,,,,,,,,,,,,,,,,,,,,,,,,,,,,,,,,,,,,,,,,,,,,0.017670015,0.015120492,0.016911836,0.025645146,0.05355653,,,0.050611693,0.04479641,0.091718994,0.19324984,0.25182357,0.28717917,0.27852783,0.2576043,0.32348096,0.40031314,0.45585483,0.46466166,0.3923432,0.23449056,0.13732217,0.10582622,0.1387646,0.19884467,0.25700387,0.2838956,0.29490796,0.28623968,0.2705375,0.24436925,0.20695867,0.16636464,0.13675283,0.13972871,0.1772645,0.22766206,0.28081056,0.3433176,0.40953448,0.4548502,0.48149893,0.4823387,0.4575077,0.4160808,0.36555266,0.33884186,0.35533115,0.38324946,0.32656235,0.23597978,0.18611541,0.144708,0.11284581,0.11874448,0.11343031,0.062327627,0.045973264,0.1279437,0.17444578,0.15010127,0.14078443,0.14254545,0.15859711,0.1582257,0.15645047,0.12579578,0.08534185,0.07486583,0.08683119,0.100399226,0.10710875,0.105405666,0.10373778,0.109063886,0.12367196,0.13652535,0.14915101,0.166697,0.1900794,0.20301285,0.21501544,0.2208237,0.22348449,0.2602891,0.3043775,0.23077366,0.15604793,0.10204667,0.067749776,0.06816354,0.116832405,0.16897677,0.18184093,0.10187626,0.0626451,0.06809061,0.08038645,0.11876573,0.13967268,0.15143067,0.08788024,0.19434533,0.2878578,0.3045704,0.25449282,0.111366756,0.017057268,0.01884487,0.05065429,0.108120866,0.14975782,0.17242499,0.16777267,0.1412342,0.10526416,0.08222579,0.06776171,0.046018176,0.036497273,0.04529292,0.054975085,0.06668364,0.081435494,0.09716194,0.129311
15.75,,,,,,,,,,,,,,,,,,,,,,,,,,,,,,,,,,,,,,,,,,,,,,,,,,,,,,,,0.4317991,0.5111344,0.4120799,0.19938263,0.14724003,0.16178147,0.15700158,0.17990302,0.21824041,0.25071964,0.26192716,0.2534427,0.22188209,0.16702819,0.09147167,0.017318167,0.04032302,0.076252095,0.10695425,0.10800364,0.06984866,0.11778662,0.18455786,0.24947743,0.28002158,0.27058125,0.25433108,0.23850177,0.21674591,0.18046297,0.11679701,0.044654813,0.07273074,0.15295576,0.22631134,0.23742405,0.20839846,0.22661978,0.30075705,0.36248022,0.4058874,0.43193746,0.43719012,0.41094568,0.35218793,0.26920366,0.16720545,0.06032923,0.14107291,0.28560507,0.4021913,0.47184974,0.49009818,0.47527865,0.45151633,0.43011594,0.40698662,0.3757005,0.33278224,0.2783386,0.22499478,0.18310948,0.15285318,0.12624806,0.10037401,0.078911774,0.06344378,0.059210528,0.079186566,0.1530999,0.22859916,0.23933,0.20494996,0.17446007,0.1898752,0.23611568,0.28726247,0.38287446,0.46006477,0.48040155,0.4799619,0.48312506,0.47929698,0.4722214,0.46749413,0.46147633,0.45286417,0.4387985,0.41850424,0.3933956,0.36384863,0.33392137,0.3085336,0.2866236,0.26796117,0.24978693,0.23134474,0.21716152,0.2063124,0.19939004,0.17903534,0.13253862,0.071891256,0.08070767,0.137753,0.17187542,0.20430282,0.20011836,0.15375112,0.27158883,0.3828188,0.42963886,0.44627017,0.43535876,0.38911426,0.3292549,0.26174843,0.20312439,0.23551942,0.29013708,0.18624148,0.10917642,0.11703588,0.14072493,0.14014205,0.16574399,0.20766951,0.2571199,0.27789697,0.27427313,0.26917082,0.26010764,0.25195137,0.22947963,0.19541012,0.1699882,0.15416549,0.13941891,0.1283247,0.12282496,0.119611725,0.11496315,0.11136801,0.11027754,0.12009256,0.14669459,0.18708158,0.22986418,0.26299778,0.28603598,0.3079983,0.33097452,0.3572633,0.37759498,0.3736441,0.34935105,0.3153851,0.2869102,0.2653741,0.24561538,0.21865372,0.19169837,0.17495187,0.15850314,0.13622789,0.1137945,0.09219299,0.08080792,0.08758043,0.08581388,0.05789504,0.08902289,0.13350797,0.14690559,0.13749915,0.11904441,0.09721559,0.07774882,0.064148605,0.05605179,0.05079043,0.046730857,0.040841322,0.03635146,0.04531197,0.06433249,0.09334082,0.118207544,0.10778783,0.09737877,0.12989889,0.1499923,0.14587572,0.13761769,0.14191838,0.15906097,0.18202068,0.22942552,0.3205201,0.36297852,0.3578939,0.33991754,0.32959986,0.33221447,0.34222955,0.35511145,0.3664358,0.37446886,0.3775816,0.3714005,0.34985676,0.311215,0.2595446,0.19915715,0.13541244,0.07787921,0.07212739,0.085573435,0.053825453,0.04143998,0.07159615,0.11116289,0.0869989,0.04013532,0.08085158,0.1009085,0.10842632,0.1278856,0.15240832,0.16946787,0.18579865,0.18787695,0.17154397,0.15401055,0.15489776,0.17576836,0.21473154,0.28400847,0.37302205,0.4404041,0.42827955,0.34633383,0.26492894,0.20818408,0.1683857,0.13991383,0.12277649,0.11781563,0.13071358,0.163673,0.18639855,0.15600604,0.067976035,0.020793967,0.018614607,0.014349739,0.014835211,0.020128181,,,,,,,,,,,,,,,,,,,,,,,,,,,,,,,,,,,,,,,,,,,,,,,,,,,,,,,,,,,,,,,,,,,,,,,,,,,,,,,0.016774297,0.021403426,0.02872571,0.033913914,0.041665774,0.057590637,0.08212523,0.093726955,0.097924665,0.08548224,0.12249478,0.27516416,0.32445997,0.3378478,0.3522158,0.2865927,0.20579599,0.20490813,0.24269241,0.28197724,0.29328924,0.2721272,0.19502445,0.13991188,0.11511587,0.1346466,0.18244027,0.19870758,0.2273013,0.23503701,0.22015692,0.1969686,0.1835439,0.16724683,0.1382917,0.10306595,0.09737196,0.122754894,0.18502726,0.26078397,0.3382323,0.41109645,0.46114674,0.49601704,0.51377326,0.504281,0.46767476,0.40465054,0.35549223,0.3603717,0.41185573,0.40450343,0.2724951,0.20286305,0.1500027,0.102728575,0.10185223,0.12005488,0.078758515,0.015756141,0.12663426,0.2004756,0.18336785,0.14709643,0.11752659,0.130678,0.14572908,0.14352342,0.12575246,0.09610105,0.081522115,0.08978836,0.10490525,0.11519187,0.11426678,0.10931792,0.106656484,0.116883956,0.13271691,0.1506807,0.17187852,0.19307807,0.20128222,0.2115691,0.22507633,0.25414056,0.29717177,0.2575457,0.19274509,0.12933925,0.10672661,0.11627728,0.10394697,0.09755033,0.14315055,0.14635417,0.07536837,0.076846026,0.10525627,0.07368904,0.04154477,0.13514401,0.16810012,0.10072027,0.13917734,0.2385554,0.24836703,0.24183281,0.15860577,0.0792889,0.041687757,0.046171516,0.1203107,0.16063045,0.17641701,0.16176668,0.12891996,0.09722404,0.09359337,0.08711171,0.06219133,0.042095613,0.042948402,0.05091327,0.060455617,0.07838859,0.09378987,0.117824286
15.666672,,,,,,,,,,,,,,,,,,,,,,,,,,,,,,,,,,,,,,,,,,,,,,,,,,,,,,,,0.4869826,0.54393125,0.36441964,0.17260045,0.17855686,0.16916339,0.14354263,0.1605935,0.19675109,0.23479316,0.2614174,0.27176023,0.2566716,0.21283467,0.14290445,0.05889467,0.020266762,0.069252096,0.10606918,0.13665403,0.12209995,0.09836038,0.14375225,0.19412997,0.24734886,0.2704328,0.25619954,0.21886384,0.17110643,0.1180818,0.060772024,0.050471053,0.112043135,0.19885963,0.24161677,0.21015912,0.14561163,0.18128252,0.2671846,0.32828936,0.36836419,0.38746807,0.3936852,0.38375223,0.34942192,0.28534347,0.19847924,0.09877288,0.06242202,0.19410521,0.33036703,0.43733096,0.4987965,0.5150596,0.4987138,0.46836892,0.4370451,0.40519384,0.36804265,0.3229481,0.27038795,0.22223036,0.1859229,0.1571013,0.12923002,0.10503446,0.088733,0.082040265,0.09073799,0.14197136,0.2033,0.21176131,0.18025932,0.1448385,0.14816354,0.19516486,0.23379727,0.31368268,0.40854275,0.45431647,0.4686454,0.4836591,0.49385712,0.49693063,0.5017929,0.5055835,0.50444084,0.49640325,0.4796437,0.45180467,0.41373172,0.37075496,0.3288107,0.2946855,0.2656964,0.24265538,0.22083934,0.20058155,0.18345295,0.1702144,0.15797712,0.13582648,0.09182197,0.05955455,0.12474988,0.18765616,0.23636815,0.22646773,0.16528887,0.18149251,0.337785,0.41548312,0.4434005,0.44833395,0.42024967,0.36306456,0.29121268,0.24756086,0.28226864,0.32260397,0.16981423,0.10786135,0.116641484,0.13449414,0.14107326,0.16077855,0.19728123,0.25484675,0.285032,0.29020402,0.28815508,0.28222555,0.28003442,0.2633429,0.22489917,0.19040307,0.17440706,0.15574796,0.13921289,0.12202013,0.10593658,0.090431504,0.07206727,0.05349161,0.05915688,0.08931564,0.13791023,0.20059127,0.257425,0.2932724,0.31125987,0.3219541,0.33699134,0.35882407,0.37652004,0.3660296,0.34053007,0.30654633,0.27040297,0.2366751,0.21128705,0.19271278,0.17931733,0.16053045,0.14024134,0.12092686,0.09794599,0.09019835,0.08686862,0.05109351,0.06551805,0.10947867,0.11648139,0.10263061,0.08456277,0.06513301,0.042969692,0.021658577,0.019297898,0.029577326,0.03126522,0.03146718,0.025715152,0.013712735,0.009972836,0.03361272,0.06855372,0.10443637,0.1432514,0.13033143,0.09756467,0.15555802,0.16586567,0.14549048,0.14351219,0.16134708,0.18803039,0.18121098,0.24979039,0.333457,0.3553227,0.34960335,0.33871886,0.335806,0.34313795,0.36408746,0.3930463,0.4250629,0.45257694,0.46609336,0.45532772,0.420611,0.3712647,0.31188908,0.24637382,0.18306841,0.13555354,0.10150541,0.06239345,0.019412125,0.04477653,0.097776204,0.1535059,0.15363719,0.099450655,0.081244096,0.09747805,0.08874516,0.08061329,0.09467662,0.12275625,0.1518641,0.16212082,0.15331627,0.14950578,0.16318837,0.19764096,0.2630603,0.35572898,0.4365316,0.45623943,0.4044719,0.326815,0.25953585,0.2063749,0.16260445,0.12943669,0.11135856,0.12113299,0.15136135,0.18168005,0.18471716,0.109692335,0.043022297,0.015802722,0.016102066,0.022901304,0.026110401,0.029435188,,,,,,,,,,,,,,,,,,,,,,,,,,,,,,,,,,,,,,,,,,,,,,,,,,,,,,,,,,,,,,,,,,,,,,,,,,,,,,0.016521247,0.02534683,0.03753534,0.051435072,0.063953236,0.08304543,0.10382072,0.12707789,0.16070163,0.17547756,0.22783569,0.2592196,0.26542392,0.31074736,0.39287734,0.32021615,0.18652506,0.14482412,0.18222271,0.20991382,0.22753863,0.23670286,0.21430942,0.17898318,0.14650585,0.15155755,0.18979797,0.22850026,0.19207714,0.1830432,0.1678342,0.111450374,0.124393545,0.14569554,0.11573372,0.08458949,0.10110687,0.12740403,0.1604643,0.2312371,0.3162455,0.3930024,0.4440612,0.49064067,0.52690816,0.53792924,0.5217418,0.46167994,0.38671964,0.3574806,0.42262092,0.4716581,0.34643498,0.22927506,0.1558501,0.08772257,0.09090683,0.13344242,0.13009837,0.081386276,0.10189212,0.21772368,0.184308,0.1472989,0.11869174,0.11444325,0.117514804,0.122167245,0.11571963,0.09752088,0.0821235,0.08576856,0.09847732,0.11125557,0.11295141,0.10910197,0.10863792,0.11934812,0.13677116,0.15680751,0.177474,0.19365443,0.20499098,0.2233634,0.2495434,0.27184612,0.27046904,0.21188858,0.122288406,0.10007075,0.12205848,0.15086603,0.16970223,0.16144235,0.14474204,0.10981014,0.08487151,0.1037841,0.14303872,0.16559772,0.1116727,0.14100172,0.14275175,0.13967331,0.18351965,0.21936917,0.22138813,0.18256366,0.13232097,0.086268365,0.04785311,0.06254882,0.15418032,0.17983769,0.1790728,0.1533496,0.120723285,0.100148745,0.11686855,0.11224375,0.076759934,0.04618315,0.037519164,0.04817635,0.06092608,0.076742835,0.09632066,0.11640364
15.583336,,,,,,,,,,,,,,,,,,,,,,,,,,,,,,,,,,,,,,,,,,,,,,,,,,,,,0.23937143,0.41881394,0.6091396,0.70798445,0.5508251,0.30286637,0.19458716,0.19907132,0.14740063,0.11790359,0.13216619,0.16771686,0.20974597,0.24403499,0.26521245,0.26830006,0.24461873,0.18729721,0.10214462,0.015353302,0.058686472,0.10219293,0.14156294,0.16082937,0.13610893,0.13594544,0.16695847,0.19478756,0.22639349,0.21795812,0.16768181,0.10841601,0.07549241,0.074475236,0.1045276,0.1672668,0.23004015,0.23173319,0.16685936,0.088758126,0.14943084,0.23352128,0.29684123,0.34393904,0.3660668,0.36600462,0.34883165,0.32548207,0.28537333,0.21302654,0.12261577,0.030169541,0.1103108,0.24520563,0.3697434,0.4654061,0.52101326,0.5368588,0.5208282,0.48728096,0.44703954,0.4064795,0.3632416,0.3163256,0.2661428,0.22283898,0.18894963,0.15981026,0.13646396,0.11817998,0.10499469,0.10020007,0.13001578,0.1757513,0.18196876,0.15498818,0.11564651,0.10621769,0.15488823,0.18613622,0.23691021,0.33393392,0.40376487,0.43398175,0.45848617,0.48138326,0.49486718,0.5073054,0.51960707,0.5281394,0.53121704,0.52455527,0.5043822,0.4688446,0.42069158,0.36725813,0.3168181,0.2776531,0.24661659,0.22380869,0.20237601,0.18369386,0.16730662,0.15078332,0.12802759,0.096545964,0.053174,0.086607955,0.16170159,0.24460967,0.2642413,0.2200582,0.15445215,0.28533375,0.39171958,0.43647215,0.45202485,0.4381959,0.38321307,0.31678188,0.29158336,0.3350948,0.33690065,0.1624133,0.111996636,0.11516621,0.12906146,0.14429088,0.15318592,0.17783104,0.24034902,0.2863003,0.2991118,0.30123264,0.29836398,0.29974332,0.2926585,0.25886315,0.22202174,0.20456888,0.18555346,0.15091455,0.11394016,0.08290788,0.048623938,0.012280308,0.009051677,0.052978415,0.0898737,0.104943275,0.14556117,0.21661362,0.2770535,0.30990344,0.32209074,0.32708102,0.33898866,0.35612413,0.36533216,0.3544762,0.3286747,0.28755572,0.24302678,0.2165362,0.2041041,0.18778406,0.16259065,0.1414705,0.123912126,0.10773593,0.10273901,0.07684195,0.046624888,0.08352156,0.095069274,0.083170824,0.06529421,0.04564351,0.025849419,0.006984125,0.021664135,0.04107646,0.048755907,0.048825096,0.042945456,0.035753153,0.034942538,0.040986586,0.04978871,0.058077566,0.070327245,0.12072897,0.16150476,0.13189533,0.15125197,0.1843976,0.16657694,0.15139537,0.16554305,0.2043498,0.19816275,0.1727316,0.27205965,0.3426239,0.3547635,0.34438345,0.33821034,0.34267154,0.35760233,0.38536352,0.4308911,0.47849426,0.51125497,0.51685643,0.4904577,0.44633025,0.3973985,0.34458885,0.29088023,0.24345058,0.20512417,0.15878496,0.096641794,0.0271996,0.04079601,0.11118874,0.17407721,0.18771477,0.1502996,0.113000445,0.07785745,0.045962546,0.049238756,0.075163916,0.111058906,0.14039727,0.14966232,0.15053159,0.15996355,0.18683988,0.2451655,0.33557522,0.4211964,0.4629392,0.4434936,0.3846151,0.32043588,0.26515368,0.21565942,0.17176627,0.13989934,0.13423115,0.14599907,0.16961789,0.18847096,0.14563605,0.067693524,0.028336652,0.022905368,0.02952776,0.03463532,0.030537762,,,,,,,,,,,,,,,,,,,,,,,,,,,,,,,,,,,,,,,,,,,,,,,,,,,,,,,,,,,,,,,,,,,,,,,,,,,,,,0.017384237,0.028880242,0.045169227,0.058344364,0.09084907,0.14812085,0.22924949,0.3024493,0.3278638,0.2975447,0.25021234,0.15734537,0.102311626,0.11667274,0.12442168,0.08176536,0.02218695,0.0866259,0.16079167,0.2380456,0.2786509,0.28651395,0.26964614,0.2390113,0.20490472,0.1818781,0.20925434,0.26643828,0.26153463,0.18935576,0.16089615,0.05663206,0.08044772,0.14075416,0.100990124,0.06925976,0.113195755,0.15277866,0.14721529,0.19248594,0.2797938,0.35542053,0.4099106,0.47006103,0.52196836,0.55605626,0.5654312,0.5271877,0.4429809,0.37378567,0.40454912,0.5063536,0.4301111,0.27696496,0.1727785,0.075855516,0.09714012,0.11290815,0.11710009,0.13820724,0.019378962,0.20308173,0.16240515,0.13223846,0.0959353,0.084434025,0.09808726,0.11535661,0.11417789,0.097148225,0.085031785,0.07857223,0.08625224,0.09972843,0.108239755,0.11261131,0.12115554,0.1364488,0.1567526,0.17794949,0.19855979,0.21441543,0.22509275,0.2369958,0.2502326,0.24808207,0.2115211,0.112994246,0.08750455,0.112709954,0.13845417,0.16421878,0.194039,0.20892182,0.19167882,0.15665564,0.13940583,0.13955909,0.16269848,0.18214108,0.18563859,0.17462084,0.17877592,0.17377213,0.19958742,0.22231394,0.22605115,0.18668598,0.11971777,0.039129917,0.03860363,0.1029741,0.17118187,0.1819978,0.17261805,0.14746678,0.121328935,0.11198349,0.13673607,0.11223237,0.06872817,0.03871401,0.017300922,0.025221629,0.054941844,0.07746195,0.0985236,0.12376964
15.5,,,,,,,,,,,,,,,,,,,,,,,,,,,,,,,,,,,,,,,,,,,,,,,,,,,0.15481722,0.17914464,0.25058156,0.4053493,0.63603765,0.7230066,0.42374405,0.2676369,0.22910355,0.17886423,0.10888311,0.08565313,0.10555643,0.14717098,0.1913506,0.22823352,0.25242904,0.26638213,0.26106554,0.22459951,0.14589462,0.053604525,0.0401344,0.10017982,0.14401156,0.1791083,0.17076711,0.14988266,0.1674874,0.17558403,0.18009692,0.15935504,0.109141976,0.07140202,0.07112717,0.10866355,0.15852378,0.21393904,0.23716047,0.20048234,0.11962568,0.047386456,0.12205044,0.19881295,0.26278836,0.31092212,0.33759677,0.34805566,0.33152574,0.29981536,0.26536587,0.22331455,0.14124694,0.059277486,0.046247482,0.16244832,0.28876987,0.40091082,0.48472962,0.5348847,0.55171293,0.54011524,0.5083405,0.4645393,0.41562986,0.36439958,0.3127096,0.26443428,0.22445779,0.19298552,0.16749504,0.1438621,0.12232776,0.1059152,0.11574813,0.14398178,0.14948325,0.13077593,0.09002377,0.06744846,0.11517305,0.14980018,0.16846797,0.24042267,0.32513648,0.3713892,0.3982919,0.4261207,0.44614646,0.46112788,0.47801685,0.49546105,0.51303375,0.5255414,0.5237199,0.5034208,0.46564466,0.41263032,0.35293525,0.3034999,0.26353744,0.23684107,0.21580192,0.19742438,0.18002856,0.16485742,0.1392571,0.09967717,0.051722903,0.035222955,0.1253102,0.23685522,0.3012655,0.27990112,0.20793968,0.231163,0.36693493,0.42885303,0.4512418,0.44511932,0.39662033,0.34213617,0.33502018,0.39394242,0.3357757,0.1546876,0.11248769,0.11155085,0.12533654,0.14517027,0.14276549,0.15390784,0.22015247,0.2782763,0.29805338,0.30828437,0.30799153,0.30826628,0.3100049,0.28686944,0.2511206,0.2295996,0.20505899,0.15666951,0.10954295,0.067721,0.029080382,0.029468628,0.07419799,0.15996733,0.17549849,0.14758322,0.10945206,0.15158798,0.23096181,0.2861407,0.31246987,0.3197912,0.32410848,0.33565506,0.34871948,0.3545692,0.340651,0.3068628,0.2606686,0.23161995,0.2212382,0.20130676,0.1676719,0.14081638,0.120385416,0.11165936,0.10279719,0.057298485,0.06364197,0.07778744,0.07185818,0.051252574,0.03764232,0.02278205,0.013829617,0.021870285,0.031807978,0.037155326,0.04177227,0.040418647,0.032712687,0.026276017,0.03268689,0.03886909,0.045878902,0.049066696,0.048111126,0.07330532,0.14097899,0.16174516,0.14979014,0.18876922,0.1967632,0.16978645,0.16993606,0.20479822,0.23306116,0.17610666,0.18037362,0.29301727,0.3479718,0.3513766,0.3448027,0.3451653,0.34346285,0.34586942,0.36858097,0.40754327,0.45378324,0.49239728,0.49518493,0.46717674,0.4338493,0.40090737,0.360352,0.32052863,0.28878358,0.2516144,0.19984394,0.12874155,0.049366593,0.045127157,0.12262414,0.18056795,0.19228509,0.16709831,0.1176517,0.06968803,0.053044986,0.071265295,0.10383521,0.13000794,0.14558238,0.1540428,0.16047482,0.17686842,0.22565383,0.3102176,0.39575523,0.4539521,0.46542168,0.43505713,0.3863125,0.33538243,0.28825933,0.24041696,0.1964485,0.16959812,0.15762259,0.16740963,0.19089225,0.18456817,0.10647941,0.032491166,0.019745294,0.023771985,0.032986835,0.030624738,,,,,,,,,,,,,,,,,,,,,,,,,,,,,,,,,,,,,,,,,,,,,,,,,,,,,,,,,,,,,,,,,,,,,,,,,,,,,0.024755146,0.02780486,0.04238789,0.056017794,0.10829023,0.22108585,0.30161434,0.36258867,0.38339713,0.3471595,0.29842433,0.25580785,0.1796373,0.059956707,0.19440149,0.31648472,0.3496412,0.33961356,0.26579458,0.19994125,0.22464816,0.29167026,0.33707127,0.34366465,0.320956,0.28379914,0.2504398,0.24956305,0.29870188,0.34138393,0.30472276,0.20011123,0.05873109,0.058142874,0.13026409,0.07957139,0.057503697,0.121242195,0.15513499,0.1186624,0.14366178,0.23536062,0.31004167,0.3709076,0.44006774,0.4985283,0.54585993,0.5777666,0.5708981,0.50123733,0.4060713,0.38392136,0.48027694,0.48335558,0.3198632,0.18205488,0.062089052,0.10067732,0.08348805,0.11307574,0.1688459,0.046463475,0.17223746,0.1533843,0.118146084,0.083123095,0.075966366,0.08772242,0.10969741,0.114521064,0.10002561,0.0880827,0.08388006,0.0865143,0.09655094,0.10789166,0.123801604,0.14488257,0.17149523,0.19678026,0.22109655,0.23959759,0.24462685,0.24797952,0.24284033,0.22024326,0.17638297,0.11399344,0.06785112,0.07462476,0.09005854,0.10800981,0.13114808,0.16232386,0.18562603,0.18344118,0.16774486,0.1618506,0.15692638,0.16186392,0.17256929,0.17695113,0.17471302,0.18443519,0.19990605,0.21228142,0.23156925,0.227437,0.20401284,0.16567601,0.112943076,0.08139765,0.11735752,0.16563912,0.17263407,0.16575913,0.1446683,0.122298196,0.12281341,0.1367831,0.10657711,0.07011163,0.046042703,0.026221424,0.009918322,0.04130738,0.077391155,0.10280517,0.12691373
15.416672,,,,,,,,,,,,,,,,,,,,,,,,,,,,,,,,,,,,,,,,,,,,,,,,,0.15263301,0.12336668,0.1718508,0.30159643,0.4310129,0.5797267,0.6666637,0.5656639,0.30574545,0.27278322,0.20506798,0.12021736,0.07330154,0.07724794,0.11446378,0.15879864,0.1953056,0.22006392,0.23841612,0.2530868,0.26061672,0.24280372,0.18207394,0.08996475,0.032767884,0.09371892,0.1438827,0.1834906,0.1897612,0.16574493,0.16669084,0.17329729,0.14779195,0.090500966,0.06544111,0.06261269,0.09459117,0.1547427,0.2106297,0.24114096,0.22405633,0.15710305,0.07190648,0.031328764,0.120791346,0.19595501,0.2577957,0.30079603,0.3186173,0.32471865,0.31670055,0.29005784,0.25061455,0.21717128,0.16796084,0.09784897,0.07150634,0.12207625,0.21765503,0.325074,0.42188507,0.49395943,0.53824824,0.55639595,0.5516517,0.52617276,0.4835025,0.4299336,0.37251678,0.31683937,0.26769772,0.22621214,0.1911734,0.15972415,0.13289425,0.11096163,0.101946756,0.11229845,0.12139279,0.109449536,0.06945518,0.036933843,0.07755919,0.12254863,0.123141654,0.14860335,0.22382188,0.2848475,0.3107456,0.32814053,0.34363958,0.3513303,0.3603806,0.3795607,0.41166356,0.4511195,0.48387122,0.4957771,0.48317462,0.44836086,0.39539626,0.3388909,0.29274872,0.26292938,0.23656416,0.21829434,0.2011916,0.18551284,0.15897655,0.1181658,0.06630915,0.014188922,0.087822944,0.20839939,0.31707665,0.32855555,0.279751,0.23934,0.32645184,0.41635254,0.44840062,0.4480083,0.4094042,0.3693502,0.38031286,0.44302547,0.3120646,0.15254971,0.106338404,0.103265256,0.1181372,0.14189588,0.13913335,0.13355078,0.19004399,0.25626948,0.28694403,0.30718556,0.31079993,0.31022006,0.31771806,0.3085506,0.2735155,0.24468555,0.217434,0.16328928,0.11018092,0.057096954,0.026448973,0.042669345,0.16392924,0.20715281,0.20126943,0.15234691,0.084299006,0.07584155,0.167737,0.24181597,0.28546184,0.30438104,0.3105259,0.31697422,0.32952854,0.34266257,0.344419,0.32154128,0.28390464,0.25430578,0.23948464,0.21478368,0.1800707,0.14539966,0.11937435,0.111536756,0.09170663,0.06012153,0.068460844,0.0621593,0.046427906,0.030372802,0.036574095,0.042479698,0.03888933,0.029297668,0.02543778,0.029742466,0.03481937,0.029517649,0.015436774,0.00994779,0.031561073,0.046223722,0.044043,0.034771718,0.027634602,0.03378187,0.091680236,0.15423007,0.1548878,0.18171258,0.22210999,0.20054708,0.17842719,0.19987912,0.24558647,0.23152205,0.15053955,0.22108358,0.3187162,0.34898412,0.34456208,0.34466636,0.33093214,0.29553556,0.26516113,0.25283396,0.27563897,0.34400657,0.39845103,0.40339464,0.39445853,0.39557046,0.382485,0.3486729,0.31200796,0.2790649,0.24856693,0.20670703,0.13987172,0.05935587,0.06722843,0.13288514,0.1753791,0.18317336,0.15346566,0.11449924,0.09478608,0.09840009,0.11645921,0.13340148,0.14560826,0.15644753,0.16182384,0.16801925,0.20179966,0.27226025,0.35634452,0.4279579,0.47031334,0.47557595,0.4485617,0.4042756,0.357996,0.30936134,0.25788125,0.21575646,0.1867654,0.17978828,0.19685481,0.21114142,0.15747395,0.056513984,0.017724099,0.018173061,0.039364655,0.0435153,0.04486119,,,,,,,,,,,,,,,,,,,,,,,,,,,,,,,,,,,,,,,,,,,,,,,,,,,,,,,,,,,,,,,,,,,,,,,,,,,,0.02505471,0.03167722,0.050693724,0.10216673,0.22076148,0.3152506,0.3523688,0.27380586,0.18849686,0.13820885,0.105270095,0.089213476,0.078756824,0.0648312,0.10336591,0.19782364,0.26659033,0.35011253,0.4168575,0.4204092,0.36970502,0.32165298,0.3299089,0.35892946,0.36969936,0.35383573,0.32198995,0.30768332,0.3370128,0.3909821,0.40685153,0.31899515,0.16975366,0.07662306,0.110105604,0.040869117,0.051054638,0.11945208,0.14970496,0.08563063,0.083785765,0.19136043,0.27038255,0.33773938,0.40447968,0.46146977,0.51313543,0.5610945,0.58419776,0.547164,0.45427,0.38251844,0.42884,0.47904462,0.3625183,0.20050663,0.057244655,0.10042475,0.069628574,0.10359597,0.17401779,0.093615994,0.14630856,0.15045089,0.10148298,0.06948449,0.072000735,0.088638045,0.11180743,0.120330475,0.10958004,0.09688469,0.093289845,0.09604429,0.10354347,0.11704865,0.13806124,0.16919744,0.20577893,0.23746406,0.26081526,0.27112585,0.26698023,0.24858665,0.21033436,0.16209202,0.11559254,0.08228259,0.065650776,0.06924827,0.07024216,0.077062845,0.091770165,0.113148056,0.12961942,0.13650723,0.13810481,0.1373682,0.13732442,0.14170131,0.14306796,0.1493069,0.16163243,0.18321854,0.20323291,0.20645751,0.22098584,0.23279113,0.20416641,0.16178316,0.13422441,0.09830307,0.11587635,0.1506481,0.16414608,0.15727745,0.1384501,0.11862757,0.1246722,0.13303867,0.104729496,0.07163385,0.05422712,0.033779223,0.015609639,0.027002905,0.06910401,0.10586308,0.12789266
15.333336,,,,,,,,,,,,,,,,,,,,,,,,,,,,,,,,,,,,,,,,,,,,,,,0.15729448,0.15606627,0.18780783,0.2702238,0.3904043,0.5337946,0.6270708,0.64377487,0.5681577,0.40229562,0.27174723,0.23514272,0.14021187,0.08463374,0.07643423,0.104129516,0.14479972,0.17793638,0.20055744,0.21402997,0.22336164,0.23248832,0.24283351,0.24654332,0.2123281,0.13335699,0.05476841,0.08038104,0.13280879,0.17339633,0.19186299,0.17790319,0.16186148,0.1596124,0.112850145,0.0352207,0.035653703,0.07261375,0.13846846,0.20506486,0.24318239,0.23697512,0.18127006,0.09954271,0.013948654,0.08396655,0.16973642,0.24001947,0.2892737,0.31832376,0.33005548,0.3243483,0.30573204,0.2844317,0.2509795,0.21681252,0.17992735,0.13370647,0.103199705,0.12718941,0.18360458,0.26520646,0.35554993,0.4344041,0.49243373,0.5306675,0.5504563,0.55118245,0.5330374,0.49669972,0.44636092,0.38959312,0.3323766,0.2789415,0.23115076,0.18913503,0.15432075,0.12376835,0.09176851,0.08271215,0.09601163,0.09061115,0.053372823,0.019537883,0.05295469,0.09622434,0.10869087,0.09579116,0.1173251,0.17697765,0.21222924,0.21813771,0.21481691,0.20389862,0.19217086,0.19679514,0.23211935,0.29427427,0.366806,0.43480024,0.46622518,0.45995358,0.42920494,0.37497866,0.3261186,0.28874153,0.26179606,0.240897,0.22569455,0.21018657,0.1808814,0.13514954,0.082683936,0.026717853,0.05416316,0.16401619,0.3117748,0.3635398,0.34245864,0.29306012,0.29630828,0.4010156,0.44664672,0.4537881,0.4255877,0.4000006,0.42913935,0.46827176,0.27451816,0.15484565,0.099450074,0.091512606,0.10779273,0.13510084,0.14129089,0.12337476,0.1554338,0.22892538,0.26934135,0.29726657,0.30950707,0.31127617,0.31665048,0.31919748,0.2922471,0.2554367,0.22869922,0.1783498,0.11755193,0.06403664,0.038142063,0.096977755,0.15309554,0.20098726,0.2100819,0.15893953,0.07663416,0.024053214,0.11748844,0.1944357,0.24756229,0.27836874,0.2919451,0.29863277,0.31014895,0.32634452,0.33666334,0.32952863,0.30312258,0.27650064,0.2562919,0.22942092,0.19408496,0.1539156,0.12539275,0.10646956,0.065851144,0.046866797,0.048985593,0.03528229,0.023718825,0.0292889,0.050420698,0.058644302,0.054843474,0.053805698,0.048858404,0.041424375,0.030775506,0.005609992,0.01962381,0.010942472,0.02226241,0.04224443,0.051148802,0.04475092,0.040719647,0.04199283,0.061135933,0.12348958,0.15749891,0.17408189,0.23067105,0.23612595,0.20039219,0.19930246,0.24416527,0.26797193,0.20846997,0.16545968,0.24704388,0.30759522,0.30815905,0.30475888,0.30188164,0.26313072,0.21073437,0.16037796,0.112217896,0.12946731,0.2020919,0.25309855,0.27709702,0.32429677,0.3649864,0.36590853,0.3308913,0.27468532,0.22758095,0.20550133,0.18091714,0.12602006,0.059281316,0.09134869,0.14169073,0.17003925,0.17085624,0.15429506,0.14101452,0.13534287,0.13740048,0.14092906,0.1480901,0.16058819,0.16493669,0.16353033,0.17831753,0.22404544,0.29560784,0.37908614,0.45091653,0.4929453,0.49662378,0.4666984,0.42091027,0.37076598,0.31665844,0.26728365,0.22961192,0.20741408,0.2069382,0.22851427,0.21185382,0.10982999,0.02185731,0.026688924,0.04781956,0.056014672,0.048827432,0.041873794,,,,,,,,,,,,,,,,,,,,,,,,,,,,,,,,,,,,,,,,,,,,,,,,,,,,,,,,,,,,,,,,,,,,,,,,,,0.0152928885,0.022261309,0.044729304,0.08467386,0.1891289,0.2971163,0.3605315,0.28759074,0.1339135,0.18002133,0.14499398,0.14911342,0.13931118,0.15547039,0.18034104,0.18708766,0.18231632,0.17644905,0.20284477,0.30426744,0.4306317,0.49217227,0.47368237,0.4228454,0.38847494,0.37881804,0.37948635,0.36635384,0.35102162,0.36662352,0.41972104,0.4595434,0.4153934,0.28123313,0.1420416,0.11007223,0.0552583,0.0782733,0.14313766,0.15832707,0.08817425,0.03181344,0.16322735,0.24228124,0.3092908,0.3702238,0.42274514,0.47035155,0.5255973,0.573542,0.57004625,0.4969369,0.40768063,0.39572775,0.4395269,0.3839529,0.22613867,0.073490955,0.08301944,0.06891805,0.09238685,0.16125348,0.089719035,0.09493835,0.11662938,0.080873676,0.075515956,0.077628136,0.09209281,0.11359932,0.124647476,0.12839796,0.12686372,0.11595424,0.10648902,0.11155034,0.12725982,0.14763281,0.17815915,0.21669176,0.24670258,0.26404223,0.26185352,0.23866613,0.20360197,0.16879384,0.14187676,0.121167354,0.107311666,0.10135218,0.10620924,0.11319896,0.11776201,0.12381879,0.12620884,0.11486589,0.103686176,0.08909485,0.08237975,0.08314221,0.08700002,0.09384428,0.113424525,0.14536498,0.1804597,0.1942086,0.19830771,0.21322908,0.22227766,0.18215361,0.1290314,0.10940389,0.087883346,0.10671535,0.13886467,0.15260376,0.14625962,0.12941512,0.11170021,0.120278575,0.13311625,0.10562471,0.07450128,0.06148809,0.036215913,0.012396848,0.019064188,0.05799486,0.10345837,0.12858209
15.25,,,,,,,,,,,,,,,,,,,,,,,,,,,,,,,,,,,,,,,,,,,,0.063434154,0.096649975,0.12887767,0.18035585,0.2557844,0.35269463,0.51355046,0.6093723,0.63509536,0.6099225,0.5340517,0.41998273,0.30973953,0.23062201,0.16979422,0.118349575,0.101937905,0.11354734,0.13913639,0.17047079,0.19090386,0.20445667,0.20946503,0.21043055,0.21189238,0.21817851,0.23287769,0.23078239,0.18132718,0.09907332,0.075748354,0.11822487,0.16068174,0.18795004,0.18156841,0.15654619,0.12611842,0.066327795,0.024597107,0.056249555,0.12567343,0.19051611,0.23240922,0.2302172,0.18164031,0.096356325,0.040116105,0.11355878,0.20233886,0.27914152,0.33453164,0.3656239,0.37313408,0.3632558,0.3448627,0.31416923,0.28303936,0.2532327,0.21994925,0.18915254,0.1576166,0.13208315,0.1422896,0.1820439,0.23403677,0.3018585,0.37440392,0.4358144,0.4813973,0.513272,0.5333021,0.5389275,0.52764297,0.49890357,0.45708504,0.40472803,0.3468064,0.2881502,0.23324522,0.18766011,0.14542484,0.09238872,0.056907438,0.071087584,0.07382078,0.041124083,0.0148731535,0.054114196,0.06678513,0.1013039,0.08719549,0.06866636,0.063324414,0.0918218,0.10511852,0.092335835,0.074069254,0.07892174,0.112177394,0.1561953,0.20110185,0.25121096,0.3462016,0.430313,0.45598915,0.45211947,0.41130024,0.36024228,0.31708786,0.29068103,0.2641972,0.24879104,0.22974628,0.19591217,0.14653398,0.09330378,0.035325926,0.032433316,0.13425885,0.29475537,0.3867545,0.37899774,0.34840214,0.29312912,0.37813106,0.44506976,0.46286908,0.4456911,0.4336185,0.4791105,0.46501768,0.24948555,0.15518524,0.0951801,0.08174049,0.09880044,0.12642346,0.1395434,0.13016646,0.13889785,0.20784718,0.25456113,0.28419015,0.3045898,0.3085931,0.30867544,0.31431848,0.29952925,0.2650007,0.23934703,0.19634505,0.13554864,0.08338024,0.053533144,0.084771596,0.13895226,0.20931548,0.2349359,0.19087805,0.116035044,0.0852099,0.11097865,0.16143666,0.21113002,0.24923228,0.27125707,0.28217578,0.29378617,0.31010622,0.32495782,0.3272037,0.31141117,0.28938738,0.26798952,0.24257009,0.20881763,0.16566408,0.13137905,0.1014684,0.056195743,0.033260886,0.024104558,0.011266026,0.010630669,0.033797048,0.057459142,0.055117477,0.03903145,0.037140973,0.048401207,0.04511777,0.0158468,0.018745368,0.0217584,0.017608237,0.015841331,0.028048484,0.04770712,0.050211422,0.047623172,0.056314982,0.06381682,0.09536337,0.14090057,0.1652896,0.22418903,0.2638449,0.23205417,0.20498782,0.24105103,0.28310356,0.26805404,0.20865332,0.17359321,0.20122811,0.22722943,0.23503044,0.24432607,0.23468173,0.21523288,0.18521306,0.12097859,0.06744776,0.09593508,0.1387045,0.13261661,0.1674565,0.24675265,0.31867748,0.34572974,0.30763108,0.23697914,0.17776091,0.15093431,0.13385932,0.09103407,0.06514802,0.11415278,0.15502419,0.17633884,0.18278249,0.17901231,0.16618578,0.15576863,0.14553785,0.1456205,0.1594308,0.16794705,0.16845289,0.16783153,0.18100962,0.22284648,0.299075,0.389337,0.46970853,0.51747304,0.5188673,0.4843663,0.4352982,0.3808964,0.32773444,0.28091955,0.23998499,0.21831784,0.2291967,0.24527465,0.1881875,0.0668844,0.04054501,0.046204913,0.05364326,0.04152713,0.03527017,,,,,,,,,,,,,,,,,,,,,,,,,,,,,,,,,,,,,,,,,,,,,,,,,,,,,,,,,,,,,,,,,,,,,,,,,,0.008263739,0.014454904,0.084523134,0.12624532,0.23366348,0.358403,0.34787196,0.10196387,0.2071101,0.16977449,0.12807763,0.1277332,0.118671246,0.13498189,0.14123209,0.13656957,0.16199665,0.21208079,0.25441176,0.2982778,0.3834243,0.4863553,0.55452126,0.5559381,0.51140463,0.45464608,0.41371393,0.39535332,0.37756857,0.37799403,0.43040627,0.48671004,0.4751838,0.36803234,0.2237254,0.13344476,0.078633636,0.10460012,0.16783533,0.17295301,0.111675166,0.066229016,0.15433262,0.22203442,0.2838522,0.34240773,0.39105743,0.42842418,0.4809726,0.5491879,0.57351726,0.52490026,0.44158968,0.3909571,0.40530363,0.38850716,0.23945284,0.08881829,0.060737785,0.07957988,0.09881714,0.15644866,0.10074765,0.058558308,0.09728561,0.09456294,0.093392976,0.086943746,0.104197234,0.13006623,0.14559878,0.15600719,0.16771221,0.16635484,0.15421477,0.14260097,0.14056906,0.15127431,0.1761761,0.20977525,0.2323393,0.23348576,0.21496344,0.18887575,0.1726834,0.16064948,0.14748368,0.13945396,0.1397609,0.15428735,0.1728788,0.1839841,0.18246208,0.17686719,0.16199258,0.13392408,0.104480706,0.0801271,0.07474072,0.049740437,0.035042718,0.038801655,0.081677474,0.13510309,0.17195463,0.18231343,0.20332238,0.21769895,0.18616761,0.12764023,0.07882827,0.06658636,0.07023135,0.10110885,0.12514107,0.13676505,0.13416965,0.122128464,0.10790529,0.11570772,0.12926808,0.10695707,0.07891309,0.066853955,0.032713287,0.007320737,0.027888954,0.052061107,0.093644895,0.12540005
15.166672,,,,,,,,,,,,,,,,,,,,,,,,,,,,,,,,,,,,,,,,,0.06435043,0.0990108,0.08434081,0.07708985,0.1353198,0.25207648,0.35662767,0.47805098,0.5464997,0.6055949,0.6132121,0.57206845,0.49249622,0.4017366,0.31745422,0.2587477,0.20986867,0.17599198,0.15661857,0.15596624,0.16556762,0.18527108,0.20387553,0.21572831,0.21930179,0.21555871,0.20966615,0.20261258,0.19782954,0.20753472,0.22435902,0.2106619,0.15562281,0.09952561,0.10430385,0.1391166,0.16497324,0.16079324,0.13452557,0.0980649,0.06560436,0.08570194,0.1384387,0.19070342,0.21968588,0.2087866,0.15556765,0.07907254,0.095821425,0.19772075,0.29799545,0.38063818,0.44215244,0.4777019,0.4867976,0.4739834,0.44054276,0.39570168,0.3471733,0.29981393,0.26262704,0.22976658,0.19674164,0.16991255,0.150886,0.15161197,0.18335891,0.22435902,0.27058008,0.32591522,0.38215533,0.42904058,0.4653042,0.49278143,0.51098317,0.5180513,0.51064074,0.48790824,0.44993708,0.39851254,0.33822703,0.27640057,0.22304375,0.17488912,0.11094046,0.04513555,0.047315594,0.057778247,0.03288213,0.012714239,0.061896224,0.05677498,0.07444891,0.09639918,0.07325822,0.050430126,0.020443417,0.0114803845,0.03605811,0.0776519,0.12630366,0.16864605,0.1995172,0.21647651,0.22604066,0.2887604,0.39716408,0.4499722,0.4674213,0.4427205,0.39365962,0.34752014,0.32168266,0.29115516,0.2667433,0.24118055,0.20333247,0.15140261,0.09691022,0.036389314,0.029700464,0.124937415,0.2759139,0.3962408,0.39846727,0.38876584,0.31297824,0.35132602,0.4449787,0.4725738,0.4663514,0.46778545,0.51905465,0.4383339,0.23627834,0.14992593,0.09322824,0.076281644,0.09220071,0.12237592,0.13697806,0.14224952,0.14629315,0.19689158,0.24272819,0.26945964,0.29440695,0.30409333,0.29963565,0.30163115,0.29325956,0.26496223,0.2420294,0.21089688,0.15630181,0.102738865,0.06434882,0.07438016,0.13766691,0.19896673,0.2388301,0.22330482,0.16422296,0.13281508,0.13277715,0.15244354,0.18721578,0.22508167,0.25278363,0.26937947,0.28255224,0.29760244,0.31145906,0.31620044,0.30622214,0.29097492,0.27290183,0.25038147,0.21734531,0.17394297,0.13678159,0.09126746,0.06013623,0.030962998,0.014642237,0.010976553,0.00896231,0.036311124,0.06225043,0.05836578,0.03003092,0.023932522,0.03515852,0.024093626,0.0150554655,0.04552592,0.052561235,0.043867692,0.03070017,0.015995301,0.02412465,0.06412672,0.07337991,0.06847222,0.07957077,0.09167144,0.11760603,0.14930218,0.20450653,0.2769108,0.26777342,0.22175452,0.23239249,0.28258216,0.30105263,0.2676282,0.21349336,0.14734085,0.1403829,0.1691076,0.16703953,0.16950089,0.20152733,0.2289772,0.19442669,0.12852667,0.10929864,0.11868729,0.103888474,0.098560415,0.13501807,0.19628286,0.27656356,0.315914,0.2697866,0.18889001,0.13208707,0.09687177,0.079998076,0.06404695,0.08492981,0.13951059,0.17824438,0.19891822,0.20739727,0.1921723,0.16897531,0.14161621,0.12939048,0.14304866,0.16010354,0.17313601,0.18118066,0.17480865,0.17392465,0.21117592,0.2841532,0.38329074,0.48459485,0.5436603,0.5416665,0.50208634,0.44789508,0.3861554,0.32660523,0.27673054,0.24805091,0.23663318,0.24088453,0.23127797,0.14399609,0.049626593,0.034390744,0.042132184,0.043736942,0.03027233,,,,,,,,,,,,,,,,,,,,,,,,,,,,,,,,,,,,,,,,,,,,,,,,,,,,,,,,,,,,,,,,,,,,,,,,,,0.007911602,0.018516678,0.1050669,0.16907164,0.2558429,0.358293,0.23416434,0.21463057,0.21693552,0.13982174,0.096196145,0.14795072,0.1842649,0.21492977,0.24740103,0.22728148,0.23494594,0.21498163,0.18678115,0.209814,0.2966407,0.42079467,0.5381223,0.61364216,0.6222495,0.5760589,0.5134534,0.46079516,0.4237015,0.4011445,0.42824367,0.49203533,0.5108844,0.43263754,0.28056026,0.15484096,0.100413874,0.12218261,0.17543599,0.17743784,0.1324969,0.10863414,0.15864055,0.21912993,0.27780908,0.3294877,0.3704637,0.3964203,0.4383329,0.5195488,0.56936866,0.5408657,0.4675651,0.40091184,0.38080427,0.3689431,0.24017994,0.09565936,0.046790592,0.084469646,0.101872645,0.14751358,0.12153734,0.030421708,0.09089446,0.11186517,0.10692318,0.10156692,0.12923859,0.15566972,0.17709464,0.21268544,0.24632332,0.25075573,0.23097283,0.19748974,0.16863409,0.1628531,0.17436801,0.19764915,0.21492088,0.20859486,0.18804552,0.1729067,0.17307909,0.17293045,0.1721723,0.18556817,0.21309482,0.2476799,0.27222595,0.28178728,0.28095335,0.27198246,0.24997862,0.21798682,0.18061762,0.14102861,0.116586946,0.045458626,0.029229226,0.057811707,0.12777746,0.18920831,0.20798817,0.21257886,0.21117882,0.18644072,0.12439126,0.06284367,0.0394361,0.043550298,0.07611195,0.09764303,0.11395325,0.12624058,0.12484741,0.11473049,0.10374863,0.11001002,0.12232061,0.110599,0.0835606,0.070768915,0.029312173,0.018080147,0.03822841,0.04262012,0.078730404,0.116205074
15.083336,,,,,,,,,,,,,,,,,,,,,,,,,,,,,,,,,,,,0.11091378,0.14537662,0.1844923,0.17786415,0.14670162,0.10342848,0.046833962,0.07220581,0.15415807,0.27939323,0.414537,0.52249753,0.5834877,0.58278257,0.56649774,0.5269994,0.46452907,0.39353296,0.3358509,0.29094574,0.26236352,0.23901227,0.22457936,0.21868381,0.22116286,0.22844374,0.24140048,0.25344557,0.2579074,0.2531115,0.24198295,0.22825617,0.20870617,0.18612386,0.17584309,0.19010259,0.20750831,0.19509685,0.15444824,0.1254222,0.12757769,0.14040078,0.14058165,0.13326949,0.1285508,0.14501284,0.17742121,0.20590556,0.20986293,0.17677118,0.10749233,0.07934136,0.19083259,0.31994143,0.43215215,0.52046984,0.58216494,0.6186309,0.6311796,0.61881423,0.58609563,0.53713006,0.47559962,0.40981182,0.3439036,0.2866212,0.24422474,0.20876302,0.17926529,0.1605184,0.15750621,0.17966601,0.21787252,0.25483936,0.29343396,0.33678448,0.37979,0.4179205,0.44785887,0.4705069,0.48625958,0.4927285,0.48693058,0.46545276,0.42646325,0.37317026,0.31375787,0.25932726,0.20981677,0.14270952,0.05912053,0.02124009,0.04016887,0.027248513,0.0072314013,0.05878472,0.07629372,0.045299456,0.0756989,0.092049494,0.07289011,0.041212413,0.021716353,0.058731474,0.11479442,0.16830939,0.20703319,0.22848059,0.23178314,0.21791294,0.25600588,0.3740943,0.44662526,0.47989166,0.4674007,0.42257202,0.37666926,0.34812775,0.31508294,0.27793783,0.24687101,0.20420611,0.1511605,0.09466824,0.033287857,0.03638095,0.11852827,0.2541882,0.39080912,0.4147975,0.41478056,0.34697998,0.33720055,0.44883916,0.48257968,0.4847,0.4995119,0.5451135,0.40472582,0.23127064,0.15097396,0.09600418,0.072263986,0.08572949,0.120985396,0.13787653,0.14953038,0.1611702,0.195899,0.23437542,0.25664648,0.2824402,0.29700083,0.29097694,0.2857348,0.28008667,0.2589453,0.23900597,0.21955658,0.17251831,0.12331143,0.08592591,0.08809331,0.13236661,0.17228478,0.22096325,0.24015273,0.20170633,0.16641274,0.15806015,0.16166465,0.18228966,0.21381329,0.24166256,0.26107958,0.27425644,0.28643358,0.29710004,0.30155548,0.29632622,0.28589684,0.2691468,0.24663758,0.21250756,0.17823438,0.12957118,0.07848002,0.052325144,0.037118416,0.03347271,0.023942554,0.008752601,0.040446278,0.06336406,0.050882958,0.014523149,0.017211176,0.025158115,0.037655644,0.06827655,0.06700035,0.057659727,0.044172224,0.02707216,0.013732728,0.010208447,0.033978302,0.095495194,0.11606859,0.10718182,0.09692318,0.11076824,0.13622575,0.17800808,0.26998788,0.29798618,0.24813531,0.22463085,0.27183527,0.3118752,0.30422837,0.27137834,0.19464594,0.13827305,0.14760917,0.10210479,0.07208399,0.119729124,0.17695789,0.1896008,0.15181868,0.11821314,0.11330577,0.12093814,0.10141095,0.114406876,0.14112021,0.18795647,0.2628572,0.28113428,0.22191007,0.14412549,0.08788061,0.038776785,0.03304455,0.06105553,0.11103043,0.1695739,0.20521332,0.22310138,0.22172205,0.19409844,0.14426206,0.10347765,0.10253058,0.1280624,0.16120268,0.20418674,0.21597664,0.18989542,0.179451,0.19622095,0.25064847,0.36743098,0.4996592,0.5656814,0.55779034,0.5126644,0.44979286,0.38451153,0.3292648,0.2893862,0.2582069,0.2357545,0.235087,0.21147181,0.11738712,0.04128831,0.035141706,0.040691085,0.035432775,0.034236807,,,,,,,,,,,,,,,,,,,,,,,,,,,,,,,,,,,,,,,,,,,,,,,,,,,,,,,,,,,,,,,,,,,,,,,,,0.008562746,0.016638763,0.12985949,0.18129168,0.3048178,0.3363829,0.02768733,0.25289625,0.18755654,0.11227974,0.15095165,0.23581904,0.28984994,0.32939634,0.35663924,0.36187404,0.37243783,0.33957598,0.27581164,0.22231033,0.22823487,0.31433532,0.4457861,0.5702592,0.65395594,0.6716449,0.62593305,0.5611852,0.5032821,0.46049964,0.4574616,0.4995456,0.53166544,0.49108806,0.3714879,0.2079946,0.11511827,0.1280096,0.1621314,0.15714823,0.12584355,0.13502474,0.20273066,0.27326927,0.31761837,0.34339157,0.36187646,0.3732985,0.40501794,0.49167064,0.5634494,0.54844856,0.48443112,0.41693062,0.37725714,0.35140058,0.24400054,0.09996217,0.039934065,0.087502345,0.0997707,0.13241376,0.13406785,0.0344764,0.108808585,0.13148265,0.11645478,0.109812595,0.14575882,0.19421755,0.2547017,0.32998723,0.3737222,0.3721617,0.3449195,0.28625265,0.21903037,0.18537316,0.17756292,0.18908687,0.20409855,0.20301737,0.19444257,0.19272004,0.2008935,0.21315731,0.23445041,0.28292578,0.34544513,0.39230675,0.41707528,0.42102167,0.39625293,0.3494106,0.28859824,0.21947487,0.14622231,0.0701864,0.023670672,0.09601115,0.15538964,0.19878745,0.23147044,0.24457827,0.23756595,0.21882549,0.18609965,0.13690092,0.06992482,0.04341087,0.042393222,0.06338157,0.07943647,0.091156386,0.10993812,0.12073422,0.116339095,0.105572894,0.09795309,0.10215683,0.11456918,0.109309666,0.087512,0.07112933,0.025270486,0.02478113,0.044204116,0.037934832,0.06226412,0.09664663
15.0,,,,,,,,,,,,,,,,,,,,,,,,,,,,,,,,,,0.06979017,0.1138485,0.10753294,0.11854131,0.11737023,0.07956858,0.08286367,0.10201711,0.061166648,0.13947275,0.28949082,0.43030372,0.5247715,0.5788988,0.5861329,0.5483962,0.4998911,0.44804257,0.39794376,0.35891715,0.33011124,0.3106477,0.29806483,0.28804448,0.28119504,0.27778342,0.27843797,0.28367263,0.2950875,0.30115476,0.29885697,0.29130492,0.27799374,0.255099,0.22210728,0.18723729,0.15618508,0.14282116,0.16011576,0.18508382,0.1871889,0.17305215,0.1651303,0.16843756,0.17505503,0.18586726,0.19988747,0.20967057,0.20526469,0.17616783,0.11086549,0.056106877,0.16937727,0.31668246,0.45219126,0.5623571,0.6438205,0.6976821,0.72664136,0.7337014,0.7226408,0.6953838,0.6532934,0.60026026,0.539473,0.4734267,0.40013877,0.32508355,0.2680633,0.2281871,0.19357969,0.16952115,0.16226494,0.17626569,0.21040858,0.24623981,0.27551404,0.30535063,0.338811,0.37292054,0.40277874,0.42765352,0.44780636,0.46192372,0.46703538,0.45974305,0.43578824,0.39503953,0.34488335,0.2946216,0.24657933,0.18035999,0.09203607,0.01508992,0.024344996,0.027768085,0.0065101124,0.04049803,0.08523,0.079209976,0.041150734,0.07001944,0.09050677,0.08858555,0.08010993,0.094841965,0.14008403,0.18947251,0.21886319,0.23095559,0.22386715,0.20565009,0.2432305,0.36216822,0.44751978,0.49137986,0.48629475,0.44617072,0.40101358,0.3682099,0.3251766,0.2811034,0.24540725,0.1980501,0.1478072,0.09402649,0.037790183,0.04168218,0.112417065,0.234962,0.37359077,0.42977872,0.4333638,0.38251063,0.3433791,0.45735255,0.49226254,0.4980132,0.5232836,0.5561512,0.38185778,0.23512009,0.15700132,0.10080582,0.06699595,0.076953955,0.11845419,0.14065924,0.15294525,0.17149961,0.20291714,0.23144564,0.2482007,0.27194044,0.2889129,0.28208643,0.2698114,0.26324615,0.24670774,0.23174666,0.21959148,0.18050319,0.13924183,0.10931436,0.10851946,0.13341369,0.15730116,0.2061451,0.24102993,0.22691019,0.20136775,0.1877365,0.18277852,0.19412655,0.21742651,0.24165276,0.25974783,0.27095366,0.2780545,0.2852457,0.28502226,0.28000996,0.26931328,0.2525577,0.23256183,0.20675607,0.17607018,0.11694066,0.082041755,0.05954165,0.05888493,0.0513182,0.028253553,0.010859184,0.045877926,0.05482464,0.036256332,0.03511126,0.04400211,0.061963458,0.08539181,0.07353012,0.057336606,0.04633174,0.038049113,0.032446038,0.027823865,0.030512812,0.041403208,0.07006587,0.13698298,0.16652948,0.12925892,0.11174252,0.12229827,0.15240577,0.24766259,0.31670108,0.2839637,0.23041278,0.26149425,0.31198516,0.3285217,0.3235768,0.23872416,0.15355466,0.100773916,0.04897495,0.11420903,0.16074255,0.15439597,0.1080532,0.07771992,0.07090235,0.09221515,0.12638053,0.1315282,0.1238607,0.13283516,0.1531275,0.20495893,0.26202768,0.24586812,0.16848378,0.100558184,0.03424898,0.02359697,0.053358976,0.08378778,0.13889894,0.1949544,0.22777799,0.2403729,0.23473783,0.18906485,0.11439342,0.05056026,0.057978686,0.09454813,0.17808492,0.2510136,0.24749461,0.22842601,0.20741108,0.18121496,0.21367061,0.35665002,0.51004916,0.5737951,0.56539917,0.5191583,0.45561114,0.3895485,0.33282745,0.29157788,0.25686356,0.2347137,0.23107083,0.18799596,0.09588774,0.04881033,0.037168425,0.039322987,0.035030633,,,,,,,,,,,,,,,,,,,,,,,,,,,,,,,,,,,,,,,,,,,,,,,,,,,,,,,,,,,,,,,,,,,,,,,,,0.011011229,0.016635548,0.12391705,0.17655501,0.30080354,0.2585544,0.16775335,0.20157227,0.0914288,0.11401229,0.23967586,0.32642815,0.38613093,0.42561886,0.4445929,0.45025435,0.4465187,0.438071,0.43119907,0.405185,0.35583675,0.32638496,0.36561638,0.46743563,0.58974886,0.68212205,0.71015483,0.6719901,0.609255,0.55246264,0.51822275,0.5260953,0.5507239,0.5468824,0.47660077,0.32897443,0.1902524,0.16786197,0.18209393,0.17690764,0.18617165,0.24805865,0.330708,0.37969753,0.38462117,0.3716474,0.36100075,0.3564431,0.38051844,0.47116354,0.5563002,0.55222267,0.4953368,0.42895752,0.3770916,0.33351988,0.2434027,0.1009402,0.04716019,0.09462032,0.10068111,0.13135885,0.17732552,0.06439905,0.10520692,0.14907043,0.13636865,0.13499027,0.211482,0.2897156,0.3640382,0.4241273,0.44085497,0.43822315,0.43204153,0.39192188,0.31066316,0.2389768,0.19468337,0.18502443,0.19727899,0.20522374,0.20751637,0.21225573,0.22511178,0.24943718,0.30086777,0.39553022,0.4758365,0.47681847,0.4140427,0.30095878,0.17265667,0.06315857,0.059117574,0.11738694,0.15952136,0.18949333,0.20930265,0.22228402,0.23040703,0.23464915,0.22988279,0.21452557,0.19033226,0.16016424,0.11711309,0.06754721,0.040014252,0.04086839,0.04767689,0.056982003,0.06992109,0.093190506,0.11523012,0.12055377,0.109599955,0.09707687,0.0916942,0.090922065,0.10135406,0.10853588,0.08999004,0.068475835,0.02246649,0.0299833,0.03818805,0.033062283,0.04737674,0.07329138
14.916672,,,,,,,,,,,,,,,,,,,,,,,,,,,,,,,,0.08677761,0.07009056,0.06436045,0.113714114,0.12601781,0.14515927,0.12062371,0.026550945,0.07590616,0.14470735,0.2012818,0.3056544,0.4436981,0.54010755,0.58218336,0.5825879,0.5496339,0.49496093,0.44507465,0.40460104,0.37646,0.35971597,0.35011408,0.34441242,0.3385287,0.33027598,0.3211837,0.31545833,0.3162671,0.32571065,0.3342799,0.33376843,0.33033997,0.32337514,0.30544338,0.27509436,0.23889695,0.20137872,0.16002922,0.120092735,0.09770916,0.11300621,0.14559735,0.16572563,0.17714877,0.18762778,0.19759849,0.20413566,0.20024891,0.1732581,0.11378132,0.046173092,0.14524731,0.29067612,0.43013775,0.5485718,0.639867,0.7024241,0.73872906,0.75459915,0.7535969,0.7396466,0.7160876,0.682871,0.64403,0.6023001,0.55483,0.5015083,0.4388958,0.36627853,0.30199707,0.25567764,0.21433331,0.18098031,0.16816129,0.1756759,0.20303376,0.23993348,0.26887318,0.28985658,0.3114078,0.3368106,0.36317778,0.3874803,0.40909746,0.42691973,0.43877617,0.44064298,0.4306263,0.4060155,0.36787048,0.32442257,0.2815832,0.22069895,0.13284934,0.051729843,0.023926487,0.03119256,0.020430967,0.01915696,0.07275216,0.10741917,0.08482004,0.04112152,0.051174846,0.07288823,0.08621232,0.12375281,0.18129247,0.22950326,0.2490536,0.24571979,0.22184364,0.19782753,0.24660291,0.36667645,0.45499378,0.5007708,0.49899656,0.46144265,0.41806045,0.37873098,0.32605663,0.2785257,0.23713848,0.18844813,0.14255369,0.0977094,0.049002867,0.04577195,0.110581465,0.2224268,0.3511667,0.43477806,0.45216033,0.4151131,0.36486083,0.46915635,0.4995773,0.5040687,0.5362292,0.554416,0.3756196,0.24563031,0.16480117,0.10237212,0.057738516,0.06265164,0.111508615,0.14227371,0.15598452,0.17818236,0.20934106,0.22968206,0.24270995,0.26626503,0.28317675,0.274343,0.25558797,0.24264228,0.22631717,0.21747534,0.21227892,0.17978851,0.14513758,0.123834245,0.12459734,0.1380651,0.1488216,0.19422217,0.24236657,0.24764057,0.2319551,0.222481,0.21348701,0.21664959,0.23182487,0.24736054,0.2588878,0.26424563,0.26520306,0.26648062,0.2649007,0.25960886,0.2471643,0.23724218,0.22375941,0.20197846,0.15261951,0.10781712,0.08924478,0.08153797,0.078781195,0.05673634,0.020912062,0.017989682,0.040173385,0.037389856,0.04358325,0.05621564,0.08156778,0.099028975,0.08758399,0.073744826,0.05668943,0.04541902,0.044784788,0.043074153,0.039659016,0.047266636,0.05700048,0.06705287,0.10699221,0.18595037,0.19447055,0.14122003,0.1289086,0.14356494,0.21495196,0.3160094,0.31875435,0.25890437,0.25661814,0.30509096,0.3441502,0.34443465,0.2540921,0.13765197,0.0973935,0.15063798,0.19032851,0.2084064,0.21519327,0.21587875,0.20022103,0.16297984,0.14091665,0.15320957,0.1724751,0.16284047,0.12740226,0.116918586,0.16436778,0.24227,0.2554502,0.19071801,0.119171895,0.049265362,0.033181418,0.0690093,0.086165786,0.10950119,0.15726416,0.21112499,0.2439464,0.2575228,0.24153864,0.18996935,0.11436203,0.052913997,0.062487125,0.05004906,0.1396331,0.21693572,0.2465281,0.26491427,0.23752065,0.15883648,0.18524168,0.35632393,0.50710464,0.5743596,0.5701522,0.52448624,0.4555275,0.3844204,0.327591,0.28461888,0.2555882,0.23461208,0.20432597,0.14780985,0.085537724,0.05357495,0.050265748,0.03877181,0.044319127,,,,,,,,,,,,,,,,,,,,,,,,,,,,,,,,,,,,,,,,,,,,,,,,,,,,,,,,,,,,,,,,,,,,,,,,0.019400729,0.043640338,0.1280615,0.18232578,0.22081855,0.115171745,0.1302779,0.09628043,0.058555305,0.17688274,0.30902147,0.3938485,0.44725132,0.47721824,0.48507518,0.48133036,0.4715966,0.46202517,0.45441163,0.44973397,0.4528572,0.4455224,0.41743502,0.41943678,0.4863599,0.59771216,0.6987339,0.73842496,0.71002376,0.65217113,0.6013243,0.5774584,0.58137137,0.58934945,0.56723255,0.4758963,0.34495273,0.26458246,0.24984285,0.26414785,0.31513885,0.37919176,0.41924995,0.4213339,0.3967415,0.36817098,0.3492792,0.34125897,0.36615703,0.46099424,0.5488141,0.5503228,0.4996267,0.4352609,0.37599087,0.3184219,0.23241477,0.09784022,0.04408859,0.10018592,0.104819186,0.13644543,0.19029199,0.14305162,0.12694915,0.17630759,0.16700126,0.140859,0.21826851,0.30343693,0.32906178,0.23773175,0.24326554,0.30740714,0.36600563,0.4017401,0.38253775,0.30500132,0.23098384,0.19480881,0.18913975,0.20727675,0.22146168,0.22790754,0.23540218,0.2653499,0.3116038,0.34673926,0.3314176,0.22327799,0.07728339,0.051812846,0.12161018,0.16376844,0.1940989,0.19118057,0.17963254,0.17256589,0.17190143,0.17220499,0.17119114,0.16741891,0.15696244,0.13716431,0.111395806,0.07849368,0.04099981,0.024583224,0.02571257,0.03118321,0.031215241,0.044145282,0.08042115,0.11396966,0.12686874,0.122776404,0.10667308,0.09125391,0.08527893,0.078203335,0.08456648,0.107556075,0.09297746,0.063123114,0.020435957,0.032090798,0.023196695,0.013525068,0.030659717,0.06179536
14.833336,,,,,,,,,,,,,,,,,,,,,,,,,,,0.12609804,0.100749776,0.13080299,0.1628585,0.18482743,0.1716606,0.13462889,0.08758017,0.11123768,0.15638556,0.2191228,0.21473117,0.17846407,0.21810566,0.29370776,0.376256,0.473865,0.5577647,0.5953665,0.590973,0.551615,0.4968844,0.4463072,0.4103022,0.3904242,0.38246185,0.3805542,0.3793446,0.3735312,0.36286902,0.3496921,0.3382398,0.33718732,0.3479756,0.36221626,0.36742082,0.3667193,0.36415213,0.35104418,0.32287621,0.28871557,0.25349647,0.21561582,0.17414932,0.1278977,0.082023315,0.041651517,0.030210095,0.06929677,0.107615046,0.13159922,0.14177921,0.13480821,0.10472481,0.065367416,0.12716675,0.25368345,0.38478056,0.50203276,0.5972729,0.66601646,0.70943594,0.73075414,0.73501396,0.72655326,0.70761997,0.6812281,0.65221286,0.62127084,0.59098107,0.5619625,0.52931714,0.49305788,0.45131516,0.39433098,0.3315289,0.28176385,0.2391111,0.19980031,0.1786344,0.17872362,0.19631842,0.23028311,0.2656664,0.28947142,0.30353737,0.31747034,0.33531785,0.35501236,0.37477183,0.3934543,0.40818593,0.41759235,0.41954136,0.4088685,0.38401312,0.35131523,0.31653488,0.26472756,0.17854783,0.0911758,0.03321486,0.031188775,0.036135986,0.029599456,0.055763327,0.10976178,0.12887499,0.096710145,0.046677675,0.0119638825,0.056626532,0.13104102,0.210228,0.26456428,0.28510332,0.2727545,0.23583733,0.20876296,0.26975533,0.3848636,0.46759114,0.50729424,0.5041113,0.46798164,0.4257192,0.37801477,0.3203834,0.27001795,0.22413942,0.17487532,0.1352687,0.10096186,0.06357991,0.05528776,0.1126381,0.20995663,0.32805556,0.42953256,0.467556,0.44483283,0.39318117,0.47864985,0.5013689,0.5013803,0.5366666,0.5412325,0.37973857,0.25826854,0.1724718,0.10036986,0.045510743,0.045211423,0.10056714,0.14117932,0.15843455,0.1831031,0.21311374,0.22882542,0.24253005,0.2664604,0.28057057,0.26814723,0.24259552,0.2213567,0.20145383,0.19593583,0.19937325,0.17432895,0.14337665,0.12851517,0.13342175,0.14079446,0.14624089,0.1910199,0.24930125,0.26685765,0.25868082,0.2535775,0.24949631,0.24852553,0.25063062,0.25311914,0.2551182,0.2539878,0.25223193,0.24925087,0.24534108,0.24227114,0.23664731,0.23074993,0.21629952,0.17592458,0.13084657,0.116299614,0.106754884,0.10060942,0.081984,0.046344597,0.00985685,0.016197609,0.026954943,0.039525956,0.053400673,0.08106059,0.11044295,0.11023163,0.104990385,0.093248114,0.07933109,0.07246746,0.063372284,0.053493515,0.054170802,0.056838073,0.05886112,0.066391006,0.08459947,0.15882127,0.23050883,0.1951173,0.1469883,0.14470801,0.18365352,0.29505208,0.33958834,0.3022883,0.26834646,0.29127765,0.3355723,0.31852886,0.22705002,0.13726623,0.14884153,0.17840908,0.19396241,0.19499151,0.1911589,0.19477515,0.21475145,0.23710644,0.24660772,0.2328432,0.20471144,0.1663657,0.10677096,0.10216808,0.14935173,0.22668906,0.2526152,0.20083883,0.13320996,0.06366594,0.04211963,0.074088186,0.109419,0.122266024,0.13526662,0.17419653,0.22040755,0.25453103,0.26341286,0.24660626,0.20553048,0.14379098,0.12356962,0.16331477,0.13900231,0.023411464,0.10626618,0.19947223,0.2766135,0.21753116,0.11187159,0.18295701,0.34929386,0.4976105,0.5695454,0.5713519,0.51983744,0.44181746,0.36490905,0.30347088,0.27023318,0.24632676,0.21026298,0.16562267,0.110818654,0.07972394,0.075783595,0.06179512,0.049751505,,,,,,,,,,,,,,,,,,,,,,,,,,,,,,,,,,,,,,,,,,,,,,,,,,,,,,,,,,,,,,,,,,,,,,,,0.009619109,0.059025027,0.12675528,0.15979558,0.18376565,0.11704782,0.096657604,0.15141706,0.055496074,0.23779117,0.35860807,0.4345709,0.48114195,0.5012909,0.49551052,0.47623128,0.45597142,0.44050252,0.43505758,0.43533838,0.43769172,0.44749779,0.4554352,0.44225883,0.44303322,0.4992559,0.6052634,0.71033543,0.75663155,0.73929507,0.6916273,0.64795727,0.62456334,0.6207545,0.6177818,0.5788387,0.49530807,0.41290897,0.37343067,0.3759137,0.40370476,0.4208802,0.41043925,0.38284874,0.3593133,0.34448177,0.33427918,0.33386755,0.36785623,0.47070572,0.5512058,0.54617614,0.49441394,0.4326676,0.37028304,0.30201122,0.21100385,0.09074247,0.04213523,0.099872924,0.10899382,0.14657326,0.21240228,0.20526695,0.15424992,0.20070392,0.197446,0.15824138,0.19558364,0.23517433,0.22760886,0.065091915,0.08205513,0.07196104,0.092743084,0.1677604,0.28099015,0.334064,0.27170035,0.22049354,0.19566523,0.20309533,0.2475899,0.26444423,0.28731966,0.31797856,0.33302894,0.29283533,0.17801258,0.03137014,0.076151304,0.12806587,0.13874207,0.13672669,0.13593486,0.13003367,0.1288537,0.13373964,0.1397487,0.1424277,0.14088103,0.13439527,0.12127054,0.096522786,0.06343756,0.025968134,0.02754041,0.030371726,0.023078017,0.024832454,0.0399779,0.073085874,0.110915214,0.13155921,0.13236502,0.12276654,0.106829934,0.089230515,0.07954106,0.06788482,0.06721297,0.10138459,0.09444148,0.057806723,0.021074815,0.03382873,0.018955374,0.027584461,0.021664962,0.03754655
14.75,,,,,,,,,,,,,,,,,,,,,,,,0.20431644,0.1726917,0.19676666,0.23609354,0.2206568,0.16400433,0.13016802,0.1382689,0.14986658,0.1702631,0.14863117,0.08658786,0.15594593,0.23251846,0.2588648,0.29331517,0.364124,0.44912228,0.5281934,0.5862856,0.6088669,0.59951013,0.56605643,0.50370437,0.44840768,0.41320038,0.39627266,0.39645538,0.4003641,0.4015539,0.39670742,0.38443643,0.36902463,0.35762653,0.35604176,0.3687881,0.3887895,0.40316004,0.40977153,0.41239646,0.4053562,0.3818729,0.34824792,0.31307936,0.275532,0.23629294,0.19608165,0.15383196,0.11419474,0.0907382,0.08234136,0.07745873,0.076034434,0.08053092,0.09038875,0.110267766,0.16061395,0.24787526,0.35406747,0.458719,0.5508805,0.62513757,0.67766625,0.7069835,0.7175801,0.71262443,0.69428766,0.6669057,0.63419795,0.59817874,0.5642956,0.535347,0.51351535,0.4982086,0.48287034,0.46538472,0.44270673,0.40239,0.34824157,0.30155912,0.26271972,0.22228925,0.19440804,0.18746859,0.19453135,0.21782137,0.25333902,0.2860003,0.30771765,0.3214374,0.33246735,0.3437341,0.35587975,0.36895114,0.3834748,0.39800817,0.4079839,0.4082397,0.39449847,0.3731142,0.3488045,0.3065626,0.22380026,0.12952887,0.044387966,0.026947668,0.053049996,0.054455694,0.056527875,0.09890263,0.14556538,0.149234,0.110349916,0.05509738,0.047822922,0.13555528,0.23225665,0.29367664,0.31399396,0.29396054,0.24931979,0.22710985,0.30144644,0.40733677,0.48027632,0.50996476,0.50252575,0.4672607,0.4250889,0.3706615,0.30928338,0.2560537,0.2062738,0.156377,0.124290146,0.10255529,0.07802899,0.06647745,0.112951264,0.19466875,0.30622956,0.4167564,0.4745018,0.46823862,0.42249838,0.48291662,0.49548674,0.48996007,0.52355176,0.51677406,0.38484174,0.27251625,0.18302523,0.10006504,0.03273869,0.027101805,0.08883972,0.13734142,0.16038805,0.1880525,0.21523918,0.22947407,0.24848604,0.27263463,0.28073242,0.2622841,0.23019594,0.20068298,0.17594779,0.17021228,0.18115862,0.16565849,0.13862014,0.12821832,0.13585755,0.1403662,0.14354824,0.18843848,0.25659537,0.29302803,0.29801893,0.29843092,0.29448718,0.28857192,0.28220454,0.2721044,0.26377004,0.25677508,0.2514321,0.24526985,0.2389603,0.23529676,0.2293832,0.2193559,0.19063915,0.15133372,0.13907044,0.1314748,0.11949678,0.09666224,0.064798884,0.03220839,0.012916118,0.008457119,0.031475324,0.04722522,0.07309198,0.11394833,0.12647144,0.12706712,0.12873036,0.12627718,0.118693426,0.09774033,0.07369083,0.06961947,0.07319182,0.06629163,0.059747588,0.058781307,0.06979734,0.12859699,0.23807846,0.24030219,0.1581788,0.14569645,0.16882502,0.25908214,0.3380104,0.33781227,0.2984256,0.28507584,0.30195162,0.26964292,0.19017416,0.1456134,0.14992796,0.15545484,0.15034536,0.13420032,0.12326969,0.12799998,0.14911343,0.17342594,0.19130342,0.19621088,0.17514384,0.1290753,0.07635196,0.11378354,0.163331,0.21872179,0.24493216,0.20112123,0.14034228,0.07252508,0.047899164,0.072066665,0.10815735,0.14151794,0.15476632,0.16327778,0.18519743,0.222467,0.2536712,0.26409686,0.25536248,0.22205664,0.18190862,0.18777953,0.21285425,0.19389173,0.1384376,0.089137696,0.18821621,0.26436654,0.15204614,0.09201156,0.19072786,0.3473904,0.49456185,0.5747095,0.56478995,0.4937168,0.40614024,0.32503214,0.27535418,0.25498796,0.23134422,0.19148853,0.135552,0.09688079,0.088758096,0.078537285,0.055916954,0.05675841,,,,,,,,,,,,,,,,,,,,,,,,,,,,,,,,,,,,,,,,,,,,,,,,,,,,,,,,,,,,,,,,,,,,,,,0.011314575,0.030698631,0.03637232,0.10685834,0.16753532,0.18431574,0.20763467,0.19319521,0.13197666,0.2796762,0.39169756,0.46087754,0.50354755,0.51211345,0.49175563,0.45565167,0.41878256,0.38794997,0.37192303,0.37413436,0.38697097,0.40021056,0.42105818,0.44739005,0.4561317,0.4666908,0.52181095,0.6268332,0.7324886,0.78197306,0.76746947,0.7222742,0.6814536,0.6568383,0.6491795,0.6348798,0.593814,0.54208016,0.5015009,0.48207262,0.47332662,0.44961983,0.4095215,0.3727082,0.3513062,0.34306568,0.33912417,0.34798765,0.3959281,0.49685323,0.5623083,0.5439986,0.4829041,0.4201655,0.35871977,0.2848277,0.18963996,0.076921776,0.047443848,0.097567335,0.11236563,0.15743844,0.23584428,0.25432694,0.18049446,0.21906354,0.21364157,0.1593687,0.1690114,0.19457772,0.18166602,0.055961113,0.034580972,0.07198614,0.082105085,0.08066001,0.11841586,0.22251894,0.278774,0.23076418,0.18930593,0.18888852,0.232498,0.26917976,0.342154,0.36764902,0.333665,0.20641239,0.060312532,0.075773425,0.1284336,0.14173056,0.13441639,0.124108985,0.122122504,0.1281704,0.13572805,0.14277382,0.14646526,0.14783792,0.14339466,0.13035971,0.10952109,0.07992547,0.04175777,0.021326303,0.035084803,0.03798114,0.051247362,0.06931017,0.084132284,0.10126653,0.123581074,0.13385357,0.13048488,0.12027015,0.107490756,0.08983976,0.075356334,0.06019541,0.04764454,0.090868704,0.09412523,0.054459635,0.028160127,0.044745345,0.05874238,0.08964478,0.095121674,0.082802795
14.666672,,,,,,,,,,,,,,,,,,,,,,0.29645124,0.26863474,0.30142716,0.32615533,0.33096832,0.32926524,0.2995341,0.22274008,0.13781579,0.11186043,0.12971349,0.2023129,0.18850708,0.031494256,0.1121088,0.23295043,0.31110376,0.39011368,0.47774753,0.5551386,0.6097072,0.62700045,0.61265963,0.5792582,0.5205533,0.455521,0.4175428,0.40012404,0.40142137,0.4105308,0.41403678,0.4100355,0.39964014,0.38563582,0.37531278,0.37543082,0.38884005,0.41151,0.43324235,0.4489702,0.45945403,0.46165964,0.4480318,0.42081463,0.3875694,0.3505993,0.31063908,0.27193263,0.2338948,0.19849175,0.17024972,0.16226006,0.17415388,0.1979807,0.22641137,0.25533074,0.2870455,0.3287104,0.38516793,0.45201218,0.5234309,0.5922751,0.6504858,0.6909541,0.7091819,0.7048041,0.68323696,0.6488234,0.6062594,0.5621481,0.5213757,0.48582557,0.45802373,0.43885633,0.4289017,0.42638895,0.42402968,0.42033067,0.41475418,0.39500543,0.35750347,0.31966764,0.2837953,0.24235897,0.21035145,0.19752339,0.19655555,0.20817058,0.23525661,0.26869658,0.29822618,0.32013717,0.33537102,0.34598956,0.35340756,0.36030075,0.36945692,0.38123986,0.3936878,0.40214014,0.40048727,0.39089662,0.3771813,0.34180966,0.26393446,0.16488671,0.061072234,0.02803237,0.07218155,0.080155455,0.0779147,0.09587233,0.14387096,0.17735438,0.16600691,0.12171185,0.091700256,0.1602174,0.2627875,0.3241335,0.33794236,0.30990958,0.25907308,0.2458591,0.3301406,0.42682388,0.48913264,0.5077745,0.4954949,0.46103403,0.41817564,0.3583879,0.29220885,0.23718762,0.18373,0.13595335,0.11349072,0.1047855,0.09057727,0.0783241,0.11236189,0.18241978,0.28766057,0.3983318,0.47119772,0.4795534,0.44691983,0.48306283,0.48302367,0.4711048,0.4969787,0.48301286,0.38405296,0.28589,0.19892538,0.110167,0.033741806,0.017665084,0.07907872,0.132169,0.16266322,0.19163235,0.21389753,0.23126592,0.25826278,0.28084287,0.28001127,0.2540676,0.21699926,0.18023087,0.15087453,0.14277086,0.15894255,0.15516126,0.13439715,0.12633294,0.13380687,0.13844489,0.1414221,0.17876123,0.24073221,0.2921944,0.31010318,0.31570166,0.31708866,0.31298277,0.30468997,0.2900903,0.27406564,0.25964466,0.24707721,0.23588352,0.22707713,0.22091885,0.21170516,0.19371551,0.17298059,0.16377695,0.1536968,0.13440539,0.1069556,0.07667002,0.049970232,0.03276248,0.020689214,0.025317827,0.043546487,0.06863632,0.11378169,0.13592464,0.14376305,0.15804964,0.16942194,0.16419306,0.13422523,0.09603155,0.08392702,0.08982723,0.09160873,0.08333986,0.06489895,0.057645895,0.05831427,0.09532602,0.22207934,0.2631811,0.17368618,0.14610572,0.16386145,0.2194471,0.30861774,0.3467644,0.32783386,0.29623064,0.27650458,0.22960284,0.17092028,0.1506224,0.14135061,0.11723422,0.073476985,0.047943145,0.060666293,0.07965248,0.09169499,0.09329431,0.10242546,0.1147514,0.116223045,0.08425238,0.07291343,0.121200256,0.16666178,0.2120764,0.2357595,0.19556238,0.13667406,0.07378995,0.044440445,0.070662685,0.09487684,0.12791683,0.15964825,0.17894423,0.18783116,0.199593,0.22203745,0.24557789,0.25954127,0.2534527,0.23098664,0.21588312,0.21631931,0.21072018,0.17668328,0.120997906,0.07533065,0.21539736,0.22492923,0.1096663,0.09935951,0.2050648,0.36802474,0.5199068,0.57344717,0.52665657,0.44577926,0.35686713,0.28159598,0.25171876,0.24048677,0.21397746,0.1720802,0.12491151,0.10232372,0.09231095,0.07337118,0.05715174,0.0522305,,,,,,,,,,,,,,,,,,,,,,,,,,,,,,,,,,,,,,,,,,,,,,,,,,,,,,,,,,,,,,,,,,,,,,,0.028385812,0.06718545,0.09510043,0.21663372,0.3061082,0.3416976,0.07240331,0.14845079,0.3119198,0.4136941,0.48416546,0.5238278,0.5200223,0.49010387,0.4463794,0.3993839,0.35102051,0.30874592,0.2905034,0.3028039,0.33070436,0.36070773,0.40062147,0.4448882,0.47239992,0.49535763,0.55411613,0.6573011,0.7559223,0.8019721,0.7887418,0.7440358,0.7007515,0.6766488,0.6612969,0.6408388,0.6137974,0.5843911,0.55823207,0.52643055,0.48078632,0.4296729,0.39000908,0.37702426,0.37451226,0.37242326,0.39384824,0.45088652,0.5281648,0.56627905,0.5338413,0.46500865,0.39948574,0.33836523,0.26255754,0.16466989,0.061856154,0.059885446,0.10068987,0.118002735,0.16890502,0.25606537,0.2899349,0.20401542,0.23371492,0.21554722,0.14305525,0.1285513,0.15960854,0.16275363,0.10092994,0.02556203,0.031464558,0.057898875,0.06935143,0.07293397,0.10439631,0.18109798,0.20618868,0.16732633,0.16948417,0.19646004,0.23573616,0.3006963,0.29532966,0.23281229,0.09881434,0.07096383,0.12275109,0.13826258,0.12722321,0.117438264,0.121472456,0.13365509,0.1482443,0.15898006,0.16586274,0.16680093,0.16411088,0.1541658,0.13418137,0.11036831,0.08538126,0.062051363,0.0626925,0.08167918,0.0991752,0.11250305,0.11777683,0.11671298,0.118630804,0.13132802,0.13568337,0.12875447,0.11889639,0.107761435,0.09063153,0.073824994,0.056917,0.027525026,0.07432011,0.08926598,0.048398994,0.043341193,0.07137782,0.10635058,0.1457096,0.15495689,0.15110502
14.583336,,,,,,,,,,,,,,,,,,,,0.2768931,0.32161677,0.38172254,0.41211215,0.4137246,0.4242103,0.42290828,0.40374914,0.379366,0.34711462,0.26611748,0.17541102,0.15273139,0.23772064,0.21792607,0.060659222,0.040820226,0.19421871,0.31912407,0.43101346,0.52441657,0.5901601,0.6215807,0.61669683,0.5901954,0.5451936,0.47680047,0.42374238,0.40286064,0.40086308,0.41102687,0.41867706,0.41764385,0.4097483,0.3992601,0.39154765,0.39223906,0.40457004,0.42749316,0.45418313,0.4774973,0.4962504,0.50968844,0.50955075,0.49328554,0.4667207,0.43322283,0.39479637,0.35323834,0.31103426,0.27019867,0.2371855,0.21746959,0.2185407,0.23888892,0.27308306,0.31393987,0.35747638,0.40275833,0.45031193,0.50243694,0.55805606,0.61488825,0.6623263,0.6872401,0.68440133,0.6586614,0.62019247,0.57722914,0.5331159,0.4898275,0.44803438,0.411636,0.38772786,0.37449548,0.3657572,0.36072117,0.36038795,0.3629638,0.36964756,0.37782297,0.3717026,0.34792814,0.32312542,0.29547453,0.25705895,0.22315672,0.20626459,0.2008268,0.20530635,0.22315243,0.25053582,0.27986172,0.30614242,0.3287565,0.34650046,0.357766,0.36342272,0.36737764,0.37263277,0.3813553,0.39161077,0.40001404,0.40292528,0.3968743,0.3673232,0.29649925,0.1964292,0.08624623,0.05181856,0.094400465,0.10458184,0.10169287,0.104640916,0.13651532,0.18038854,0.19482301,0.17371303,0.15269431,0.20855545,0.3024757,0.3511713,0.35340127,0.31743422,0.2631014,0.2651911,0.35606995,0.44493544,0.49286395,0.50086147,0.48484555,0.45024684,0.40543196,0.3403002,0.27115315,0.21279989,0.15637118,0.11425242,0.10312783,0.10629929,0.10178313,0.09284102,0.11768918,0.17889453,0.27435926,0.3771374,0.45955127,0.47916275,0.46513662,0.48047096,0.4694052,0.44863227,0.46033302,0.4419596,0.3726325,0.29186776,0.21523373,0.12675306,0.05106523,0.027808791,0.07414675,0.12957942,0.16584924,0.19218151,0.20986651,0.23578231,0.26905864,0.28589576,0.27346227,0.24141844,0.2013158,0.15954432,0.12686367,0.11682332,0.13683882,0.14432168,0.13101748,0.12519042,0.13099188,0.13839498,0.1475454,0.18106323,0.22253713,0.26614565,0.2874725,0.28937846,0.28512353,0.27981448,0.2746804,0.26688898,0.25465867,0.23944761,0.22331287,0.20923707,0.19922023,0.19334088,0.19074768,0.18392168,0.18368962,0.17083399,0.14266412,0.109777406,0.08359432,0.06311766,0.047492016,0.039449625,0.037145216,0.038670447,0.06381902,0.113293275,0.1452804,0.15810217,0.17677557,0.19588381,0.1986091,0.16802894,0.11384911,0.088957876,0.1024215,0.11564335,0.1145955,0.10287008,0.07881422,0.056316767,0.05698447,0.072656736,0.18607849,0.27131677,0.19832627,0.14529906,0.15807272,0.19112763,0.26448855,0.32536894,0.33354563,0.30600667,0.26620948,0.21264915,0.17829731,0.16980553,0.15302508,0.10792056,0.056449328,0.056323722,0.086145304,0.10620219,0.11436366,0.1124526,0.11285735,0.12372429,0.12894356,0.12291196,0.12893954,0.14887345,0.16510108,0.19542459,0.21849066,0.18406563,0.1276792,0.06922525,0.040630452,0.0754198,0.08721344,0.09771724,0.13353397,0.17320837,0.19761038,0.20720775,0.21136937,0.22215569,0.24076904,0.25137514,0.24556021,0.23650919,0.23005885,0.22705689,0.21806605,0.15637703,0.06408469,0.11862591,0.24716611,0.1958227,0.10026972,0.13059561,0.25604996,0.4341743,0.5509737,0.5432783,0.47882447,0.39192736,0.30022952,0.24462232,0.22393648,0.21432576,0.19689189,0.15335295,0.11502745,0.10476433,0.08578562,0.060224608,0.03868567,0.029879982,,,,,,,,,,,,,,,,,,,,,,,,,,,,,,,,,,,,,,,,,,,,,,,,,,,,,,,,,,,,,,,,,,,,,,0.0043295533,0.11835602,0.16613327,0.32191297,0.402169,0.19837072,0.110414706,0.17421554,0.34144032,0.43446398,0.50994,0.54024506,0.528137,0.49239564,0.44508156,0.3979874,0.3479363,0.29130158,0.23975301,0.21955483,0.24080075,0.27994922,0.32241923,0.37822962,0.44013917,0.48483354,0.5212199,0.5885353,0.6936492,0.79173356,0.8330636,0.80940634,0.754058,0.7060904,0.6757564,0.65460616,0.6350651,0.61165553,0.58296424,0.5463115,0.5015178,0.4602602,0.43156418,0.41867474,0.41603354,0.42886716,0.46558914,0.51740646,0.5600291,0.56081253,0.5095401,0.4365165,0.37318668,0.3118736,0.2360297,0.13943219,0.052866284,0.0717416,0.107866555,0.12620123,0.18140592,0.27330953,0.31653583,0.23163924,0.24392362,0.20826049,0.12905237,0.11265388,0.1345964,0.15045841,0.11696218,0.050399605,0.026138518,0.03767438,0.05760082,0.06791627,0.043050822,0.01812581,0.07134011,0.12474064,0.1252356,0.18981847,0.23444143,0.26747996,0.23377904,0.16128169,0.0955287,0.11595627,0.13113113,0.116331324,0.102226354,0.108885966,0.13335724,0.16428241,0.1858684,0.19542237,0.19955052,0.19764006,0.19126731,0.18127006,0.16622445,0.15180707,0.14065796,0.13304122,0.13458715,0.14561577,0.15628448,0.1595353,0.15474316,0.14591062,0.14043915,0.14279708,0.13878404,0.12885821,0.11961389,0.10748729,0.0894215,0.072401844,0.05959813,0.022349926,0.054797467,0.08119643,0.042402893,0.06457072,0.098010756,0.13418464,0.17367473,0.17977232,0.18231738
14.5,,,,,,,,,,,,,,,,,,0.15622078,0.21399873,0.2685821,0.3036076,0.33548206,0.3682775,0.38306853,0.38288957,0.37889197,0.38031352,0.37740776,0.37839442,0.35258058,0.25795737,0.19183774,0.26861522,0.26066318,0.16322531,0.08654612,0.15925276,0.2897324,0.41599253,0.51359344,0.5746633,0.59699607,0.58784395,0.5566252,0.49879828,0.43578097,0.40154642,0.39643878,0.4062354,0.41748366,0.41929778,0.41428208,0.4085372,0.40490583,0.40554726,0.41560143,0.43646413,0.46464753,0.49257535,0.5171848,0.5410816,0.5575387,0.5577017,0.54344875,0.51798546,0.48451847,0.44514552,0.40034723,0.35244715,0.30577177,0.26718667,0.24094298,0.23467025,0.25317562,0.292824,0.34298363,0.3947519,0.44538414,0.49564087,0.54644805,0.5921132,0.6240329,0.63242286,0.6141752,0.5768142,0.5315496,0.4877646,0.44816497,0.41081986,0.3751446,0.3442353,0.32595477,0.32504982,0.33028427,0.32717204,0.31896973,0.31360972,0.31212106,0.32081398,0.33562222,0.3386535,0.32925,0.31744877,0.29892415,0.26462525,0.23087525,0.21083109,0.2031639,0.20365404,0.2156017,0.2375618,0.26402786,0.2909584,0.3160811,0.33813235,0.35624886,0.36724174,0.37103635,0.37133268,0.37249076,0.38106525,0.3941741,0.40375888,0.40518793,0.3817162,0.3196405,0.22362411,0.11666152,0.08352001,0.11479508,0.12233906,0.11742145,0.112877026,0.12525186,0.16367857,0.19599153,0.20160526,0.2017849,0.2599623,0.3372684,0.36557183,0.35458624,0.31129244,0.2606025,0.28547135,0.38213584,0.458439,0.48901105,0.48935312,0.4715394,0.4358282,0.38755468,0.3167002,0.2456778,0.1846496,0.12849036,0.093586385,0.09345002,0.106622495,0.110851124,0.10558788,0.12425021,0.17878158,0.2625364,0.3558763,0.44366428,0.4712975,0.47444925,0.4769575,0.45786348,0.42814264,0.4227284,0.4008135,0.35176766,0.2898198,0.22702602,0.14236346,0.075191505,0.047489963,0.07618191,0.1313169,0.16865952,0.1883479,0.20622991,0.2435137,0.27734706,0.28291917,0.25995854,0.22577259,0.18351133,0.13899995,0.10547656,0.09483876,0.116543256,0.13290899,0.12832488,0.12618944,0.1318065,0.14348195,0.1610177,0.19361083,0.21714196,0.23916204,0.25804847,0.2607267,0.25263456,0.24027029,0.22938962,0.22025919,0.21031487,0.19786425,0.18245216,0.17168266,0.17042315,0.17547138,0.1898936,0.19542165,0.18171397,0.15020528,0.110112295,0.08435525,0.073079705,0.0637605,0.057666782,0.05773589,0.05015052,0.0682892,0.11537006,0.15358981,0.16986217,0.18805371,0.21165635,0.21862034,0.19322193,0.12892652,0.08539943,0.10602392,0.13478547,0.14706883,0.14145212,0.12359535,0.09823213,0.06313497,0.0523722,0.065693095,0.15081497,0.26005778,0.22781488,0.16180214,0.15870865,0.17947333,0.22607635,0.28375337,0.31094638,0.29857945,0.26090336,0.21770659,0.19747627,0.18926859,0.17367135,0.15141563,0.15092744,0.18349078,0.21633814,0.23012498,0.22943996,0.22313415,0.2156186,0.21289,0.21304159,0.20873043,0.19934064,0.191042,0.17337562,0.17378482,0.19304639,0.16746241,0.11838923,0.065341905,0.038513206,0.08664593,0.097473264,0.07961929,0.08653498,0.1301616,0.17622586,0.20005302,0.20556098,0.20584865,0.21135429,0.22173733,0.22678955,0.23178898,0.23446421,0.24555871,0.26416883,0.21382679,0.12276185,0.03473466,0.20401236,0.25805604,0.16478047,0.11165166,0.18331945,0.35532722,0.5107315,0.5389072,0.5041816,0.4293225,0.3361177,0.25502682,0.21345922,0.19428529,0.19442163,0.1798529,0.13448836,0.10241307,0.08240349,0.058183044,0.032816973,0.02403366,,,,,,,,,,,,,,,,,,,,,,,,,,,,,,,,,,,,,,,,,,,,,,,,,,,,,,,,,,,,,,,,,,,,,,0.015563274,0.13848938,0.2327893,0.406963,0.3899922,0.08245463,0.075949386,0.21531533,0.36180997,0.45250842,0.5345189,0.56115395,0.5505951,0.5093452,0.45432818,0.40874395,0.37019807,0.3173361,0.2535597,0.19679165,0.17581293,0.20344801,0.2480992,0.29541034,0.35682094,0.41620582,0.45551088,0.5002289,0.58270967,0.699777,0.79896885,0.8373429,0.813525,0.7618098,0.71139514,0.673439,0.64700955,0.62244487,0.5925203,0.556899,0.52109313,0.49269244,0.47284928,0.46810952,0.4779283,0.50245196,0.53814393,0.56924194,0.57782406,0.54660726,0.4772861,0.4012869,0.3404509,0.28075868,0.20493183,0.11272137,0.047830917,0.08041889,0.1150914,0.13695031,0.19648586,0.28901356,0.33607885,0.2616132,0.2512179,0.2028909,0.1364792,0.12888354,0.13743177,0.14043087,0.10407709,0.051864203,0.026906786,0.013566241,0.033834126,0.066507764,0.05530972,0.020038,0.013931077,0.059378978,0.09811882,0.16044779,0.22535737,0.26405558,0.24168022,0.17538577,0.12249136,0.121517256,0.106333286,0.08697421,0.09211824,0.12970054,0.18161748,0.20714806,0.21320553,0.21164235,0.21025254,0.20725201,0.20162994,0.1926004,0.18342327,0.17900148,0.18100001,0.18834294,0.19833337,0.2088802,0.21446927,0.21093434,0.19633706,0.17537588,0.16120385,0.15148315,0.13862751,0.12999713,0.12148034,0.107772745,0.08586769,0.06823512,0.06415364,0.03610192,0.040875696,0.07495649,0.04411153,0.085270725,0.12421276,0.14667742,0.18527247,0.1856704,0.17481072
14.416672,,,,,,,,,,,,,,,,,0.089619,0.13748185,0.16512585,0.21666616,0.267008,0.31354672,0.346076,0.36220402,0.36086333,0.3441205,0.33350453,0.33457252,0.35038674,0.38207036,0.35999113,0.269153,0.2817279,0.30207947,0.27426565,0.16802266,0.14895229,0.27164167,0.38950476,0.48624676,0.54513466,0.56522554,0.5549147,0.5164822,0.45264384,0.4021374,0.38599643,0.3943113,0.41023892,0.4178697,0.41617987,0.41294083,0.41144496,0.41347477,0.42159054,0.4394114,0.466006,0.49521407,0.5217748,0.5483092,0.57620496,0.5952649,0.598974,0.59051216,0.57180583,0.5424926,0.5020029,0.45288908,0.3996058,0.34920308,0.30796596,0.28069296,0.26605168,0.2683912,0.2877794,0.3219025,0.3654473,0.41206345,0.457086,0.49558032,0.5190206,0.5227042,0.50390863,0.47017714,0.4305602,0.3930128,0.36192513,0.33574632,0.31382218,0.3014622,0.3011206,0.31027862,0.32402056,0.33002615,0.31816494,0.29798934,0.28321767,0.27758494,0.28530526,0.30005524,0.30419487,0.30419645,0.30615813,0.2955119,0.26514798,0.23350334,0.21255153,0.20192507,0.1989612,0.20789668,0.22712213,0.25186092,0.27838042,0.30465364,0.32949978,0.35094038,0.36780012,0.3763931,0.37512943,0.37066486,0.37191695,0.38167906,0.3963699,0.4055104,0.3886058,0.33227763,0.24197894,0.14327632,0.10505207,0.12291709,0.124454685,0.118895665,0.111631714,0.11152777,0.13826285,0.17710789,0.20412138,0.23456144,0.30294362,0.35561553,0.3617078,0.33979198,0.29050624,0.25350583,0.30922964,0.40570512,0.46458596,0.47888783,0.4749081,0.45755473,0.4198905,0.36551383,0.28985935,0.21739063,0.15567343,0.10265286,0.0762055,0.08537044,0.10564056,0.11770059,0.11541796,0.1269493,0.17476512,0.2487266,0.3374938,0.4268241,0.45748618,0.46820995,0.46833083,0.44729748,0.41472924,0.39400828,0.3672688,0.32685417,0.28105062,0.22897045,0.15304974,0.09754337,0.065965064,0.08451811,0.13578491,0.16835776,0.18046637,0.20600133,0.25200918,0.278354,0.270277,0.24350205,0.20760861,0.16500534,0.12064829,0.088416345,0.07931318,0.10043265,0.122287564,0.125948,0.1291306,0.13714428,0.15274653,0.177064,0.20713736,0.21601751,0.21240476,0.21927434,0.22465992,0.2226869,0.21452016,0.20351788,0.19011225,0.17389512,0.15937333,0.15036896,0.15717962,0.17639706,0.19122954,0.19550312,0.1830452,0.15107256,0.112796694,0.08289223,0.07283079,0.07228065,0.07530603,0.07923186,0.07118213,0.0753623,0.11976259,0.162965,0.18460338,0.1998673,0.21765783,0.22467966,0.20603587,0.14544839,0.06955167,0.09899867,0.1450813,0.17336203,0.17748119,0.16367735,0.1393233,0.111406185,0.07539669,0.05321881,0.07256124,0.130031,0.23898424,0.25843635,0.1849567,0.16314317,0.17748903,0.20598175,0.2467186,0.2746026,0.27430958,0.24880452,0.22169378,0.20177415,0.18330568,0.16795412,0.16905361,0.20456539,0.2500923,0.28092808,0.2941032,0.2947932,0.28893793,0.27785182,0.26486292,0.25451598,0.24601813,0.23533224,0.2233976,0.20562598,0.18458258,0.17694062,0.15479346,0.112969,0.06592509,0.044834644,0.09958911,0.121058,0.08978008,0.06695269,0.08080411,0.12578645,0.16689016,0.1816105,0.18150513,0.18129197,0.18853292,0.19929078,0.21484002,0.2262937,0.24781813,0.29196754,0.2698909,0.17888202,0.06807019,0.12838127,0.24204768,0.23613967,0.13656634,0.1432878,0.28996697,0.465146,0.51948774,0.5199776,0.47243896,0.381019,0.29471552,0.22985816,0.186312,0.16215439,0.17766203,0.16354206,0.116588,0.08573314,0.06636741,0.043780267,0.026366021,0.026577512,,,,,,,,,,,,,,,,,,,,,,,,,,,,,,,,,,,,,,,,,,,,,,,,,,,,,,,,,,,,,,,,,,,,,0.03384683,0.1459882,0.3032917,0.44715017,0.28617167,0.08445678,0.09040577,0.23825876,0.36609465,0.46815994,0.5573212,0.5935095,0.5887705,0.543093,0.47957212,0.4323364,0.40149465,0.36180216,0.30606544,0.24346662,0.18684788,0.16791755,0.1909368,0.23069824,0.27631104,0.336457,0.39961165,0.44554508,0.4921296,0.5773119,0.6903531,0.7826769,0.81907636,0.80609107,0.7680159,0.7266246,0.6907926,0.66172934,0.63521314,0.6059942,0.5735688,0.5484583,0.53204244,0.52859205,0.5391281,0.5580837,0.5784182,0.58640075,0.5698527,0.51679987,0.43774632,0.36285362,0.30486515,0.24586323,0.17254625,0.090638176,0.051676285,0.08886204,0.12213633,0.15020895,0.21512331,0.3060194,0.35133326,0.2833382,0.25938824,0.2089944,0.16288859,0.15879261,0.15295292,0.12803808,0.07794616,0.036055513,0.021611053,0.013889123,0.023954611,0.065922156,0.05758443,0.027493792,0.020314014,0.03929904,0.07909534,0.1324801,0.2026507,0.24425876,0.23441412,0.1645455,0.114274144,0.09070789,0.06622384,0.06439012,0.10303481,0.17571989,0.20253088,0.19537787,0.18923247,0.18790781,0.19106385,0.19382028,0.19042192,0.18134928,0.17239852,0.1662068,0.16629353,0.17487301,0.18797055,0.20173328,0.2105553,0.21177502,0.20303193,0.1841106,0.16329622,0.1453303,0.13410349,0.12690616,0.118597455,0.100571334,0.073735684,0.0634979,0.07613686,0.059484065,0.041091196,0.07219918,0.056876365,0.09822972,0.13826503,0.14066349,0.17938471,0.19584739,0.17895378
14.333336,,,,,,,,,,,,,,,,,0.10136545,0.116844945,0.17457843,0.24292424,0.3127106,0.36725214,0.3931802,0.39161864,0.36951885,0.33698815,0.30871952,0.29977533,0.31425124,0.3675668,0.42429015,0.38931325,0.33310115,0.330079,0.35553432,0.27087116,0.1935093,0.29112524,0.38464478,0.470022,0.52391,0.5370675,0.5199869,0.47449163,0.41466925,0.37820977,0.37815964,0.3952133,0.4094832,0.41205996,0.41250432,0.4152054,0.41743496,0.42290798,0.43530384,0.4574776,0.4860233,0.51216537,0.5356639,0.56220365,0.59025824,0.6097695,0.62140113,0.6247528,0.6155725,0.59222305,0.5537878,0.50451285,0.4491682,0.3967781,0.3563199,0.33270994,0.32057196,0.31707093,0.32068068,0.3299767,0.34987494,0.37160194,0.39082578,0.403446,0.4040749,0.38924116,0.3678795,0.34885642,0.32828885,0.3106041,0.30107415,0.298953,0.303761,0.31605232,0.33084014,0.3384975,0.33632892,0.32207066,0.2931572,0.26217538,0.24346632,0.23772079,0.24551964,0.260571,0.27102345,0.2832766,0.2944645,0.28604782,0.25759366,0.23031452,0.20991057,0.19529603,0.18932493,0.19639829,0.21432425,0.23928106,0.26692623,0.29455942,0.3205813,0.34426963,0.3663565,0.38165712,0.38368022,0.37467715,0.3643214,0.36768183,0.3825675,0.39441428,0.3861016,0.33714187,0.25668666,0.16248658,0.10953175,0.11383337,0.111069076,0.10909305,0.10450523,0.099887714,0.1160075,0.15342647,0.19661911,0.25673497,0.32207572,0.34594426,0.33676872,0.31033215,0.2597748,0.24784234,0.33620435,0.42394572,0.4605689,0.4646223,0.45983326,0.44343472,0.4019274,0.3405766,0.26207137,0.1876621,0.12745935,0.080395386,0.06398321,0.07811642,0.10128339,0.12119443,0.124629445,0.12845807,0.16952172,0.2369095,0.32312623,0.4065681,0.44093654,0.45070484,0.45271686,0.43635195,0.40650684,0.376123,0.34210122,0.3039708,0.26692382,0.22100703,0.16030695,0.11611793,0.08284142,0.09735533,0.14100571,0.16263448,0.1717894,0.2105389,0.2571063,0.26823846,0.24992335,0.22128467,0.18599194,0.14596117,0.10564877,0.077496044,0.07164071,0.09057265,0.115116805,0.12563157,0.13392395,0.14488505,0.16050526,0.18672825,0.21804947,0.22253391,0.20408577,0.19653428,0.19812138,0.19464909,0.18285994,0.16711512,0.15250582,0.14672887,0.15273868,0.16237442,0.17180294,0.1805042,0.18385385,0.1732792,0.14693522,0.11378444,0.08649356,0.07583134,0.079656,0.08908844,0.09740113,0.09595894,0.08641392,0.12508272,0.17267756,0.19699205,0.21177423,0.22440737,0.22754894,0.21074627,0.16272803,0.078042164,0.06998413,0.14815012,0.19475366,0.2121644,0.20436414,0.1803628,0.14700931,0.11490063,0.083095185,0.04670074,0.06675741,0.1167163,0.22809367,0.29242674,0.20584045,0.16402832,0.1753523,0.19844441,0.22368908,0.24289957,0.24564812,0.23049554,0.20968094,0.18403645,0.17054908,0.15571678,0.16701129,0.2137939,0.25822073,0.28285417,0.2939804,0.3005101,0.30492583,0.30507502,0.2985931,0.2885906,0.27667925,0.2598077,0.23924978,0.21389277,0.18079746,0.1562797,0.14033227,0.104657635,0.06391622,0.046481814,0.10028756,0.14409707,0.13332196,0.0875731,0.06792884,0.0794636,0.09849621,0.123154484,0.14662872,0.1584403,0.16867879,0.17624365,0.18558924,0.19741285,0.22556633,0.29568288,0.31147587,0.23248331,0.11427367,0.070918135,0.16383429,0.25815463,0.182095,0.12668829,0.23985238,0.4186837,0.48821923,0.52301973,0.5054539,0.41832313,0.3249429,0.2426362,0.19510242,0.14826937,0.14168797,0.16080195,0.13741173,0.1015358,0.08258748,0.05915284,0.041910138,0.019663984,,,,,,,,,,,,,,,,,,,,,,,,,,,,,,,,,,,,,,,,,,,,,,,,,,,,,,,,,,,,,,,,,,,,,0.040615704,0.11957597,0.36250347,0.4528223,0.14584985,0.07972813,0.09625546,0.23470925,0.36048052,0.47563908,0.5732618,0.6230894,0.6270288,0.58742976,0.525086,0.47046596,0.43516427,0.40887287,0.37006637,0.32454124,0.26237977,0.20164937,0.16515991,0.17340882,0.2062257,0.2529164,0.31489512,0.38057885,0.4400424,0.4988459,0.5739737,0.6675033,0.7459751,0.7868219,0.7909218,0.7724114,0.74328434,0.71416855,0.6881596,0.6627524,0.63622457,0.6136348,0.5960377,0.58918804,0.58958066,0.59041053,0.5872236,0.5744928,0.5389456,0.4716979,0.3911368,0.32091978,0.2661697,0.2079504,0.1404441,0.07324895,0.064658195,0.10273056,0.13145581,0.16736463,0.2379896,0.32656294,0.3655977,0.29730314,0.27079204,0.22845285,0.19904353,0.18797857,0.16107397,0.10946138,0.062280755,0.0419353,0.03036422,0.021001743,0.032510556,0.06603754,0.0585161,0.041478615,0.039881885,0.04673009,0.07163633,0.11816504,0.18727057,0.21197858,0.18373051,0.12371154,0.082189456,0.046878967,0.029531142,0.06142132,0.14539519,0.17855182,0.16270138,0.15840311,0.16800897,0.17871033,0.19043975,0.19900475,0.19867897,0.18886527,0.17102826,0.15591438,0.1511156,0.15262881,0.15561797,0.15694065,0.15575117,0.15470935,0.15227968,0.14539158,0.13513252,0.12537412,0.11909155,0.1151626,0.106008895,0.090525575,0.0631475,0.06399742,0.09184846,0.08412166,0.058319107,0.08051013,0.07574422,0.099711746,0.12537843,0.11384929,0.11993159,0.15335266,0.16894336
14.25,,,,,,,,,,,,,,,,0.17916776,0.19258623,0.20504133,0.21276082,0.2966814,0.397717,0.4579744,0.47389436,0.45308253,0.40357137,0.34576353,0.2984441,0.28020293,0.29381514,0.34708062,0.4393476,0.49409246,0.4471442,0.39261365,0.40861118,0.36418173,0.26284826,0.3288374,0.41055247,0.47094494,0.5101631,0.51287246,0.48831445,0.43974733,0.3883706,0.36407107,0.37337387,0.39376286,0.40417787,0.40456945,0.40846702,0.4167313,0.42296597,0.42876476,0.44102108,0.46333292,0.48851374,0.5096579,0.5306368,0.55363166,0.5749329,0.5979337,0.6244541,0.6394772,0.63828975,0.622846,0.59123164,0.54601556,0.49254224,0.43961143,0.3998723,0.37746748,0.36854672,0.36084008,0.3547626,0.34715244,0.34373507,0.33909994,0.3322986,0.31784403,0.29607818,0.27047622,0.26017988,0.26769394,0.27887082,0.29162642,0.3096223,0.32968295,0.34547892,0.3503339,0.34576672,0.32673183,0.29671946,0.26689622,0.23546459,0.20761354,0.1940478,0.19241898,0.19758323,0.21201712,0.23592211,0.26543146,0.2814041,0.2697482,0.24553558,0.22256623,0.20242614,0.18507098,0.17699806,0.18272233,0.20054267,0.22501695,0.2534184,0.28362477,0.31225744,0.33796862,0.36294505,0.38340172,0.38980967,0.3794902,0.36238566,0.35631627,0.362958,0.37577978,0.38094488,0.34128562,0.26916015,0.16903661,0.10202685,0.09311397,0.089549325,0.09566286,0.10036171,0.101730146,0.116195165,0.15295728,0.21022633,0.27574617,0.31099662,0.31103417,0.29856434,0.27112392,0.22760415,0.2568753,0.3644908,0.43186736,0.4477439,0.4493043,0.4471502,0.4290992,0.38127527,0.31218663,0.2330029,0.15951326,0.10275656,0.06387145,0.05724935,0.073065065,0.09626021,0.11993158,0.13107422,0.13199253,0.16904686,0.23216932,0.31215358,0.38503712,0.42553017,0.42914736,0.43166003,0.42291573,0.3969237,0.36138925,0.3213336,0.28310907,0.24984245,0.20969042,0.16490053,0.12704913,0.09683798,0.112291284,0.14481884,0.15234368,0.16881871,0.21782021,0.2535384,0.24738246,0.2248324,0.19570489,0.16402406,0.12900934,0.09415502,0.07145282,0.0705991,0.0876384,0.11197331,0.12792526,0.13974679,0.1512113,0.16064072,0.17622808,0.20270632,0.21383105,0.19267808,0.17427528,0.16590814,0.1531784,0.13628376,0.12925774,0.13166375,0.13784784,0.14507465,0.14900152,0.15365912,0.15413558,0.14947015,0.13781619,0.11447919,0.09643646,0.08922312,0.095417835,0.10616369,0.11222767,0.11323072,0.10710641,0.13387911,0.17999402,0.20779514,0.22528984,0.23748547,0.23614474,0.21423993,0.16854252,0.10231344,0.033934347,0.13014206,0.20631158,0.23993513,0.24076287,0.22014207,0.1882479,0.15047643,0.11638534,0.089711934,0.041969456,0.056496464,0.110362,0.2265661,0.33110577,0.23566763,0.1532392,0.17483035,0.1968583,0.21352473,0.22439598,0.22606821,0.21095169,0.18806614,0.1795909,0.15687127,0.13647608,0.17753455,0.23508663,0.27084714,0.2906108,0.30101505,0.30690584,0.3138326,0.31799185,0.31343713,0.30424774,0.29117355,0.2678136,0.23501368,0.20374922,0.17549378,0.1441146,0.12819459,0.09245589,0.05355,0.04043203,0.0842675,0.1324776,0.15672185,0.14235857,0.09584235,0.0673618,0.07201046,0.055121183,0.061489455,0.09780688,0.13617994,0.15445068,0.16008627,0.17449279,0.21724,0.29342526,0.3207924,0.25318167,0.14196901,0.083084896,0.091525674,0.22881655,0.22210611,0.13121304,0.19608642,0.3673015,0.44904476,0.51134306,0.5179751,0.44103077,0.3335737,0.2539021,0.20801148,0.16253442,0.120975904,0.13450809,0.12653169,0.11198238,0.08871555,0.06590146,0.05314817,0.016733587,,,,,,,,,,,,,,,,,,,,,,,,,,,,,,,,,,,,,,,,,,,,,,,,,,,,,,,,,,,,,,,,,,,,,0.03372833,0.07920398,0.3932987,0.46613407,0.13075255,0.10296383,0.10128074,0.21996412,0.34494695,0.4664011,0.57193786,0.6349461,0.65578514,0.63979506,0.59170735,0.52630293,0.47338864,0.45136547,0.42905715,0.39416942,0.3419162,0.2765759,0.20662132,0.16348103,0.16293557,0.18017553,0.21681468,0.27830923,0.35541764,0.43197778,0.5012218,0.57453287,0.6472086,0.7106534,0.74885875,0.7592605,0.7505593,0.733341,0.7157063,0.698075,0.67990273,0.66254604,0.64542115,0.63156915,0.6142923,0.5936717,0.57154745,0.54051244,0.4867475,0.4129649,0.33806887,0.27539113,0.22365606,0.16720186,0.10582469,0.060190454,0.080301,0.11780805,0.14657255,0.18912181,0.2645405,0.34922758,0.37821984,0.30618042,0.28738287,0.25856313,0.23676018,0.21086232,0.15816027,0.10114664,0.08221003,0.06690013,0.04940876,0.03117286,0.0491221,0.06344023,0.05794229,0.051129106,0.04918673,0.050859693,0.06935377,0.10402757,0.15046495,0.1566265,0.12552755,0.089696296,0.057952758,0.027873682,0.014289733,0.09898958,0.14241861,0.13138169,0.13339947,0.15124655,0.16690949,0.17783384,0.19124277,0.20883344,0.22295937,0.22255734,0.18867347,0.15468013,0.14766952,0.15057354,0.1517593,0.13718326,0.116759025,0.10640687,0.10353713,0.10282749,0.10144579,0.10030726,0.10231795,0.10003308,0.093589045,0.07606681,0.050787214,0.07282344,0.11147724,0.105778515,0.0778767,0.0935631,0.092333585,0.09776163,0.1038785,0.09078146,0.0701722,0.066184446,0.0795479
14.166672,,,,,,,,,,,,,,,0.27013662,0.24713928,0.26492837,0.2255903,0.22952569,0.3403745,0.49263197,0.55487055,0.55803484,0.5157291,0.4410003,0.35788575,0.2884573,0.2567844,0.2757294,0.32889545,0.425239,0.53892946,0.56957346,0.5095041,0.47144753,0.43619388,0.33548316,0.35879517,0.44307432,0.48247573,0.4988468,0.4929416,0.46239072,0.41331393,0.36917624,0.3550086,0.37085375,0.39010435,0.39662787,0.3974108,0.40493312,0.41638216,0.42331252,0.4272439,0.43766332,0.45512053,0.47265422,0.48989594,0.5074761,0.521818,0.5404593,0.5741731,0.60691607,0.62577754,0.6341894,0.6340123,0.6157015,0.5794927,0.5306311,0.48046613,0.44296724,0.42180258,0.4113023,0.3902143,0.36632657,0.33810994,0.307826,0.271424,0.23410699,0.20317665,0.19153878,0.1994016,0.23137279,0.27073586,0.30356237,0.3257224,0.34087613,0.3504765,0.35033777,0.3370552,0.31490928,0.27721158,0.23016496,0.19528325,0.16714934,0.14333253,0.13739263,0.14061016,0.15091468,0.17567927,0.21490477,0.2518861,0.2616687,0.24511875,0.22864011,0.2116252,0.19119692,0.17143247,0.16279143,0.16904825,0.18656285,0.2103345,0.23934825,0.27170926,0.30426648,0.33332127,0.3599444,0.38360235,0.39383626,0.38527784,0.36485386,0.35042703,0.35009685,0.36404225,0.36953816,0.3369308,0.269764,0.162011,0.092847496,0.07360192,0.07220693,0.09328838,0.11073043,0.12505996,0.14571443,0.18488699,0.22985046,0.26325083,0.27330863,0.26978263,0.25988248,0.23079388,0.20559953,0.2823565,0.38614434,0.42911524,0.43181524,0.43596044,0.43739003,0.41450542,0.35726216,0.28389737,0.20596643,0.13388027,0.082315296,0.053525906,0.055442158,0.06950352,0.08855591,0.11035393,0.12834935,0.13721262,0.16803534,0.23045728,0.30029032,0.36711797,0.40575707,0.4040823,0.40641695,0.40157595,0.37666586,0.3392167,0.29806334,0.26303387,0.23444997,0.20175418,0.16695902,0.13344857,0.11335526,0.12818485,0.1423413,0.14297435,0.17310707,0.22096725,0.23593508,0.21959886,0.19441666,0.1676202,0.14452466,0.11708378,0.08807012,0.07173575,0.07603379,0.091955416,0.11361004,0.13204275,0.1458974,0.15785116,0.16192763,0.1601404,0.16531612,0.17731568,0.167214,0.14131406,0.12733835,0.12535651,0.12307572,0.115219384,0.11104688,0.11395405,0.118527785,0.1204806,0.12315132,0.123713665,0.120105684,0.113519326,0.10630633,0.1069404,0.116878524,0.12477639,0.1282434,0.123887256,0.119052395,0.14137858,0.18671389,0.21995358,0.23936634,0.25137213,0.24777006,0.22182682,0.17069413,0.108195096,0.039902374,0.09033846,0.19611011,0.25750962,0.26975322,0.25449815,0.22426954,0.18819161,0.14905718,0.11758363,0.09501328,0.050203487,0.044065014,0.11527898,0.2192718,0.3505255,0.28847417,0.1539574,0.1682799,0.19823986,0.21213996,0.21728116,0.21496835,0.20504513,0.19895072,0.1587806,0.107642695,0.14015333,0.20246734,0.23964669,0.25571924,0.2691366,0.279554,0.28452393,0.28672442,0.2866045,0.27816054,0.26488194,0.24710599,0.22338055,0.19804332,0.17543596,0.15714036,0.12729618,0.10760535,0.07660159,0.03922441,0.034174465,0.069110624,0.10714762,0.13730362,0.14609668,0.14852326,0.13255341,0.095887914,0.055589627,0.045030292,0.02866248,0.040448587,0.080620326,0.11989116,0.15026614,0.19423674,0.2682909,0.29189184,0.24432711,0.16987118,0.12923229,0.089666955,0.18220559,0.24309954,0.14659172,0.15677463,0.31588617,0.41039544,0.4910507,0.5219121,0.45897505,0.3442472,0.27199808,0.22018878,0.17014344,0.117721304,0.12438357,0.12427266,0.0977002,0.098466694,0.059868272,0.049850464,0.028937167,0.020412521,,,,,,,,,,,,,,,,,,,,,,,,,,,,,,,,,,,,,,,,,,,,,,,,,,,,,,,,,,,,,,,,,,,,0.026594399,0.050927937,0.40065488,0.4854038,0.22224197,0.1624365,0.11778028,0.20120539,0.32320625,0.44341713,0.55345565,0.626649,0.67201257,0.6889188,0.6615245,0.5939249,0.52361465,0.48473793,0.46765932,0.4410981,0.39924413,0.34667253,0.28723213,0.22696307,0.18065698,0.14782487,0.1416929,0.17330089,0.24081562,0.32608956,0.41010687,0.49310786,0.5705343,0.63948363,0.6909522,0.7182087,0.72456837,0.7186114,0.7080922,0.6951331,0.68154866,0.66594166,0.6484939,0.628009,0.5983648,0.56455475,0.5261349,0.4778581,0.41509882,0.34451902,0.2789814,0.22303937,0.17425197,0.122762986,0.07353812,0.06254832,0.095803164,0.1357576,0.16637382,0.21345392,0.29475406,0.37426212,0.38923907,0.31373578,0.30917135,0.2927233,0.27049294,0.22475336,0.1561517,0.12282169,0.120931715,0.09855106,0.06589511,0.0569933,0.06800764,0.064599246,0.056983538,0.050202813,0.04864965,0.053877607,0.068447076,0.0911495,0.11389769,0.11734873,0.1013809,0.08434075,0.065828644,0.037516154,0.04728093,0.10898506,0.10375944,0.11592845,0.13454044,0.15184171,0.16637973,0.17993994,0.19864403,0.23116438,0.27241153,0.28907782,0.23431912,0.16920297,0.15193008,0.1590172,0.16575629,0.14010197,0.10664471,0.08685534,0.080630824,0.07712676,0.07764036,0.08411338,0.0896705,0.08949346,0.08008325,0.05712043,0.04151596,0.09037721,0.13268605,0.12489547,0.09346677,0.10465868,0.10279199,0.100502506,0.09421253,0.07491682,0.05840944,0.051789235,0.04892735
14.083336,,,,,,,,,,,,,,0.35588753,0.3586983,0.32649276,0.26736432,0.17784216,0.22890359,0.42665857,0.60257244,0.6516647,0.6372962,0.57191205,0.47217286,0.37128985,0.28931588,0.23933658,0.25288516,0.31063652,0.40447122,0.5357718,0.6398142,0.6403872,0.5794855,0.5155796,0.40947166,0.38679525,0.4601539,0.499914,0.494425,0.47796446,0.44372207,0.39926416,0.35761574,0.3480596,0.36879867,0.38888144,0.39205495,0.3899624,0.3971801,0.40859243,0.41252774,0.4127603,0.4208689,0.43389753,0.44686756,0.46018937,0.46869755,0.47856832,0.50337744,0.53796154,0.56913793,0.5981468,0.6197168,0.63656753,0.6330631,0.60530275,0.56099975,0.5136233,0.47916973,0.45933217,0.44472307,0.41421565,0.37099794,0.31617165,0.2570248,0.1911887,0.15605879,0.16236627,0.19904791,0.24787027,0.29411355,0.32515392,0.33862898,0.33713123,0.32767275,0.31605002,0.30428806,0.2868342,0.26544204,0.23319249,0.18119839,0.13907592,0.11392509,0.090658076,0.08840214,0.09414775,0.116648056,0.15854962,0.2088077,0.23787382,0.23214488,0.21911134,0.21188511,0.20002191,0.17784296,0.15598966,0.14749621,0.15469255,0.17126843,0.19450048,0.22472198,0.26011994,0.2960458,0.32925636,0.35810903,0.3828326,0.39654028,0.38853875,0.36867517,0.34946045,0.34378493,0.3494948,0.3454405,0.32668823,0.263325,0.15345459,0.09404044,0.05968977,0.06988708,0.10443068,0.12743168,0.14544427,0.1669789,0.19384931,0.21452695,0.2300474,0.2368852,0.2336408,0.22140151,0.19135755,0.20330866,0.31408355,0.39671004,0.41510174,0.41576436,0.4255832,0.42782125,0.3970878,0.3321207,0.25579056,0.17941579,0.110249676,0.06579939,0.05033383,0.059458204,0.069564775,0.08179559,0.10084083,0.12369991,0.1462485,0.16919504,0.22604285,0.28614587,0.34990415,0.3854962,0.37737566,0.3765471,0.37127784,0.34642503,0.31090724,0.27514738,0.24563973,0.22168355,0.19482347,0.16574466,0.13977702,0.13052802,0.13800883,0.13506423,0.14133246,0.17963354,0.21131258,0.2079344,0.18759291,0.16131996,0.1423344,0.12852448,0.10827671,0.08504107,0.07564085,0.083351254,0.09842319,0.116657704,0.13434246,0.1488736,0.1627277,0.1676293,0.15915301,0.14881404,0.1401847,0.13258515,0.12138698,0.11571696,0.117390364,0.11478136,0.10804983,0.100039415,0.095355816,0.096871756,0.101572834,0.10396732,0.10598458,0.109461986,0.11361296,0.12148346,0.1323672,0.1402766,0.141263,0.13798909,0.13258624,0.14257203,0.18603307,0.22906591,0.24833018,0.2575851,0.25467083,0.22907285,0.17626722,0.10701899,0.04837489,0.044144917,0.15930675,0.25736156,0.29196683,0.28110173,0.25396764,0.21928288,0.18233727,0.14291124,0.118412524,0.10774275,0.08168921,0.040776487,0.11819149,0.20918795,0.35589042,0.3583214,0.19956179,0.17836459,0.21256462,0.22310124,0.22953059,0.22818097,0.19623661,0.15168002,0.08439089,0.11322997,0.16484721,0.197554,0.21033154,0.21376711,0.22075643,0.22862367,0.23177488,0.22470213,0.21843216,0.20840162,0.19562668,0.18049987,0.16633175,0.15711579,0.15094452,0.14096332,0.121106125,0.09045814,0.06395379,0.046950504,0.058143813,0.0842426,0.10964835,0.1151528,0.1152444,0.10158662,0.11362771,0.13662587,0.14168698,0.119546376,0.06723981,0.02347002,0.01180732,0.044375204,0.10634012,0.16980232,0.24298641,0.2599219,0.24964908,0.18877617,0.1623028,0.129317,0.16728283,0.24506012,0.16061747,0.123220496,0.26585796,0.37848303,0.47244325,0.52810895,0.48434934,0.36221796,0.28380767,0.22686099,0.17468093,0.12353791,0.12382031,0.14470665,0.10432386,0.10821447,0.06136822,0.050293677,0.02997252,0.018621039,,,,,,,,,,,,,,,,,,,,,,,,,,,,,,,,,,,,,,,,,,,,,,,,,,,,,,,,,,,,,,,,,,,,0.022522328,0.048356768,0.4288468,0.52229184,0.3554802,0.23238066,0.1434328,0.18753257,0.2980133,0.41195878,0.521206,0.60223,0.6689659,0.70853907,0.7031459,0.65679365,0.58725494,0.522344,0.48502767,0.45960477,0.4334625,0.4022149,0.35876238,0.30814558,0.252465,0.18898281,0.13393015,0.10856723,0.13634737,0.2032532,0.2863704,0.3776974,0.46774653,0.54905695,0.6174881,0.66222435,0.68310827,0.6891836,0.68615603,0.67569286,0.66385454,0.6471571,0.6251511,0.5916022,0.547586,0.5036563,0.45463747,0.3977081,0.33598217,0.27214223,0.2181849,0.17023104,0.12323456,0.07863079,0.053502027,0.07922174,0.120488614,0.15722352,0.18825409,0.23891793,0.32223874,0.39343035,0.39318997,0.32025707,0.33338383,0.32793823,0.297844,0.23398279,0.16096778,0.14635466,0.15829866,0.12954058,0.101919435,0.0981215,0.082328625,0.06748076,0.057730965,0.053788725,0.056171212,0.067236416,0.08066544,0.09370274,0.10545559,0.107212804,0.10210981,0.09429685,0.07632273,0.053636856,0.07406125,0.09271605,0.104048185,0.123447224,0.14074805,0.15442607,0.16391206,0.17766806,0.20384343,0.25784534,0.32367724,0.351893,0.2971362,0.21335995,0.16963202,0.16971622,0.18232232,0.15292984,0.11468535,0.08813872,0.07409997,0.06673518,0.06753769,0.07404354,0.07927921,0.07822847,0.06305883,0.033194512,0.046574328,0.11350545,0.1527974,0.13696033,0.101827905,0.109993644,0.10560266,0.10278626,0.091409154,0.07033214,0.0549219,0.047404103,0.042477928
14.0,,,,0.06256066,0.06020862,0.057054505,0.05571679,,,,0.25604108,0.254918,0.34723693,0.44222328,0.44184166,0.30033165,0.14708145,0.16432625,0.31512478,0.549533,0.697581,0.72734034,0.6966617,0.6131437,0.495545,0.38303682,0.29728884,0.24141288,0.24046029,0.29826328,0.38924488,0.5148893,0.6539408,0.7314451,0.71253306,0.6330856,0.5030223,0.42418757,0.46241796,0.50293255,0.4983228,0.47297236,0.4334574,0.39458066,0.3573507,0.3478035,0.36916,0.38868937,0.3868679,0.38084975,0.3860214,0.39353043,0.3918147,0.38605937,0.3892375,0.39912012,0.41042113,0.41987887,0.42677295,0.4389862,0.46280733,0.4967052,0.5381123,0.58361983,0.61175007,0.63950294,0.64931613,0.6277923,0.58535725,0.5399329,0.50692123,0.48665005,0.46273023,0.41783538,0.35542756,0.2775406,0.20094399,0.1496281,0.1785574,0.23564404,0.28488156,0.3183252,0.33376744,0.3309311,0.31632322,0.29966393,0.28191838,0.2642159,0.24995184,0.23354694,0.21867163,0.19973694,0.15390414,0.09853291,0.0821719,0.044324026,0.04102484,0.062101528,0.10936443,0.16426551,0.20450383,0.21193439,0.20152359,0.1999793,0.1990362,0.18778205,0.16210753,0.13822296,0.12974545,0.13585122,0.15102436,0.17453113,0.20801494,0.2468771,0.28700152,0.32329214,0.35565695,0.38114378,0.3957182,0.39135998,0.37106943,0.3450588,0.33325726,0.3322219,0.34180668,0.3310192,0.24278803,0.14920585,0.09366986,0.05045766,0.083918154,0.11390089,0.13119046,0.14503664,0.15995213,0.17624846,0.1924696,0.20654306,0.20816302,0.2019729,0.18593003,0.16432962,0.22555386,0.344391,0.3946127,0.39544582,0.4030797,0.41814736,0.41663966,0.3762385,0.3055192,0.23065591,0.1568438,0.08976208,0.052637823,0.05257256,0.06970942,0.075490326,0.07973446,0.09152949,0.109885015,0.13773027,0.16836424,0.22142407,0.2748613,0.33065748,0.36225203,0.3528379,0.34612805,0.33907068,0.3160891,0.2848105,0.25708008,0.23078223,0.20861502,0.18603307,0.16364011,0.14676581,0.14065492,0.13622658,0.13155934,0.14625202,0.18020947,0.19100326,0.1779294,0.15338112,0.13016264,0.12114695,0.11650139,0.100742,0.08391508,0.08071756,0.09035114,0.10437816,0.11993272,0.13557585,0.14913866,0.1622627,0.1685242,0.16016868,0.14453845,0.12787049,0.11662116,0.11161166,0.112697124,0.113887005,0.1109149,0.1075241,0.10492056,0.10299606,0.10174058,0.10280203,0.10540597,0.110902384,0.11713774,0.1259345,0.13507554,0.14153591,0.14412583,0.1427465,0.14180765,0.14698242,0.17424649,0.2192994,0.25127506,0.26030642,0.25636947,0.23388726,0.18377408,0.11168187,0.048188612,0.022613881,0.102296226,0.22325356,0.30353248,0.31070057,0.28039095,0.24621016,0.21043691,0.1742173,0.13894989,0.118439905,0.119917236,0.10589767,0.058910757,0.12347766,0.20778896,0.34150714,0.4073132,0.28143352,0.20648606,0.2352565,0.24117023,0.22693077,0.18352035,0.10795816,0.06863768,0.09672757,0.12597083,0.15248972,0.1639366,0.16145028,0.16407876,0.17916483,0.19397363,0.19485027,0.18961732,0.1828869,0.17469463,0.1684379,0.16336262,0.15902525,0.15920223,0.1594327,0.15483886,0.14542188,0.11867617,0.082169764,0.07716436,0.09241424,0.09879938,0.096279494,0.078528814,0.06589917,0.04733532,0.06639195,0.08896594,0.106740884,0.13967055,0.15916216,0.122206554,0.050890237,0.03935479,0.097153805,0.16364598,0.21185328,0.23409769,0.21148695,0.17573918,0.17888255,0.16844393,0.18662122,0.23983428,0.1636785,0.10296296,0.22675394,0.35788894,0.46384367,0.54585373,0.5233209,0.40617013,0.30792642,0.24156402,0.17602088,0.12736428,0.12098285,0.14681563,0.11681131,0.10448277,0.06981749,0.047025822,0.0263748,0.023200342,,,,,,,,,,,,,,,,,,,,,,,,,,,,,,,,,,,,,,,,,,,,,,,,,,,,,,,,,,,,,,,,,,,,0.022483774,0.06694756,0.30300066,0.541861,0.44708577,0.27231535,0.17176212,0.177704,0.27654406,0.38544548,0.48825935,0.5700848,0.64194167,0.68597734,0.7076,0.7093438,0.66185987,0.57460105,0.500496,0.46879226,0.45355767,0.43776307,0.40966007,0.36711684,0.3158669,0.2563049,0.1918872,0.13219081,0.09669099,0.1143272,0.17201419,0.24732727,0.32877153,0.40568042,0.47574964,0.53088987,0.5681746,0.5918779,0.6012188,0.5982577,0.5875306,0.56813365,0.5382014,0.4998688,0.46071818,0.41786984,0.3697365,0.31753877,0.25979415,0.20446977,0.15789591,0.11520129,0.07310017,0.04527861,0.06528557,0.105490744,0.14748015,0.18068619,0.21167406,0.2668819,0.34782347,0.40757543,0.3930656,0.3339063,0.36210933,0.35778737,0.31638893,0.23986208,0.1701247,0.1767807,0.19879967,0.15969524,0.13086413,0.119932674,0.09557584,0.07802606,0.064821556,0.0650808,0.07145893,0.082519166,0.09209686,0.10083291,0.10700293,0.107991435,0.107865125,0.100811645,0.08553952,0.07657432,0.092315584,0.10603513,0.121090695,0.13245682,0.14113106,0.144618,0.15167587,0.16938123,0.20193997,0.2562797,0.32618624,0.37717584,0.35669932,0.2825772,0.20934117,0.18362208,0.19330275,0.17059432,0.13283807,0.101994194,0.08036127,0.06646959,0.06399348,0.07025416,0.07252444,0.061767954,0.039144076,0.01812578,0.06992192,0.1325025,0.15876848,0.13107671,0.10857991,0.11995909,0.10988307,0.1001053,0.08888944,0.07299994,0.05963763,0.05264348,0.04560897
13.916672,,0.042423867,0.03409197,0.04639474,0.08320944,0.10301777,0.1430323,0.18605372,0.26289707,0.3515536,0.45836902,0.5151648,0.4871659,0.45391408,0.3340827,0.13496703,0.17492066,0.29746273,0.42922688,0.6419817,0.7574072,0.77572864,0.73226327,0.6320883,0.50626504,0.39255342,0.30394885,0.24675351,0.2364773,0.2884896,0.37770742,0.49467307,0.63676757,0.7627362,0.8146002,0.76902896,0.6302557,0.49226263,0.46980742,0.49555576,0.5074973,0.48431674,0.43851852,0.4011705,0.36853036,0.35340133,0.37359583,0.3932019,0.38410965,0.3708137,0.37049797,0.37224188,0.3618613,0.343458,0.33228594,0.33419415,0.3459916,0.36275113,0.38014966,0.40104973,0.43087885,0.4746706,0.52926123,0.5859143,0.62178236,0.6549141,0.66809034,0.6457279,0.5995968,0.55493075,0.5239462,0.50336504,0.4720921,0.41308707,0.32757917,0.22882499,0.15947825,0.18139948,0.258705,0.2964242,0.3238381,0.33216074,0.32097667,0.30688855,0.29244354,0.27945688,0.26388842,0.24104548,0.21560231,0.18916108,0.16952111,0.16063501,0.13647129,0.06518853,0.06580397,0.033097874,0.013718493,0.057357866,0.11893291,0.16635346,0.18370445,0.17883304,0.18014345,0.18581697,0.18453202,0.17271516,0.1443639,0.12067534,0.11090546,0.11451952,0.1289917,0.15577479,0.19414276,0.23781621,0.2819492,0.32235265,0.35567445,0.38307726,0.39894816,0.39318934,0.3668299,0.3388456,0.33199492,0.34595686,0.36456653,0.31715956,0.21581173,0.14578724,0.07434354,0.06032295,0.095630124,0.11579433,0.12704019,0.13689776,0.15021405,0.16556446,0.18076594,0.19033796,0.18413205,0.17605291,0.15495428,0.15536915,0.26163888,0.3592378,0.3795929,0.3747728,0.39314896,0.41129687,0.40263852,0.35284665,0.2793277,0.20760207,0.13761038,0.073933676,0.046103634,0.058130488,0.081964284,0.087477624,0.08707448,0.08727413,0.09728323,0.12656657,0.16780132,0.21572362,0.26603618,0.30983058,0.3357896,0.3327279,0.31957784,0.31209534,0.2916875,0.26431102,0.23815215,0.21152905,0.19105977,0.17441776,0.15926228,0.14812578,0.14044175,0.13390946,0.13083822,0.14978527,0.16853613,0.16402958,0.14613196,0.120452486,0.10427486,0.10595386,0.10546313,0.09348036,0.083600305,0.08397321,0.093447626,0.10610312,0.12028601,0.13539773,0.14914927,0.16263215,0.17484015,0.17497814,0.16116762,0.13892066,0.1234278,0.11954741,0.11983203,0.12264267,0.12611033,0.12616467,0.12395263,0.12376548,0.12516016,0.12358174,0.121835545,0.11999325,0.120505966,0.12322222,0.12819867,0.13508675,0.13998346,0.14115746,0.14463857,0.16026905,0.19444409,0.23203893,0.2520881,0.25249758,0.23372906,0.19294028,0.12415128,0.044578005,0.0377295,0.06583513,0.15562408,0.26915723,0.3287936,0.31384137,0.27251047,0.23523359,0.20216106,0.17083699,0.14357221,0.12781972,0.12906288,0.110165276,0.07127922,0.13658679,0.21186362,0.31607893,0.41178775,0.36078882,0.24809521,0.21611154,0.20322013,0.15617172,0.086844385,0.065612614,0.09065893,0.10429792,0.12208916,0.13622762,0.12811865,0.11546987,0.14759731,0.18020259,0.18590528,0.18298842,0.1785865,0.17487411,0.16870154,0.16221428,0.15932539,0.16047028,0.16667737,0.17391095,0.17470853,0.17112266,0.16106912,0.13724841,0.1216053,0.12855552,0.14383218,0.15915066,0.17439151,0.18441077,0.19245815,0.20301853,0.1962702,0.16647878,0.14171466,0.15207572,0.18085574,0.16769497,0.12752299,0.110294044,0.12022424,0.16836765,0.1811903,0.17512849,0.18693158,0.1956548,0.1832837,0.21383634,0.23955324,0.15525033,0.08552626,0.19739763,0.33394134,0.4532459,0.5685329,0.56837,0.4676412,0.34597805,0.26278785,0.17934391,0.12122781,0.103856586,0.14168993,0.124830626,0.10603905,0.07430168,0.043269634,0.021250844,0.021545665,0.018860016,,,,,,,,,,,,,,,,,,,,,,,,,,,,,,,,,,,,,,,,,,,,,,,,,,,,,,,,,,,,,,,,,,,0.06342552,0.09134662,0.22554685,0.5964309,0.5262298,0.30505922,0.20022643,0.17266494,0.25973088,0.36355567,0.45724964,0.5318733,0.599208,0.6525598,0.7007176,0.72615963,0.69856536,0.61868215,0.52499413,0.48047134,0.4611932,0.4499655,0.4351342,0.4048065,0.35945755,0.30589464,0.24608538,0.18793711,0.12918305,0.091321796,0.10596137,0.15799825,0.22140995,0.28597766,0.34272525,0.39009643,0.4290139,0.455249,0.46765667,0.46664447,0.45240292,0.43137953,0.41033763,0.39077052,0.3667344,0.33247414,0.29665017,0.25850648,0.21001582,0.15289085,0.104565434,0.06296461,0.041998427,0.05865881,0.09557087,0.13378157,0.17631055,0.20642355,0.23684737,0.29485,0.36997622,0.41847727,0.39647377,0.3484374,0.3858569,0.37950218,0.32784966,0.24001403,0.16825788,0.20016575,0.23611043,0.18793581,0.15601142,0.13626024,0.1158023,0.09720245,0.08553242,0.085111715,0.08888781,0.09493317,0.10238229,0.107022546,0.11017674,0.11351707,0.11439439,0.10693061,0.09263825,0.0915405,0.10544492,0.117071204,0.12082471,0.124686986,0.1272682,0.13157983,0.1404629,0.15600884,0.18508264,0.22647476,0.28516397,0.36085823,0.39110562,0.3491091,0.27379772,0.21207705,0.19843958,0.1842507,0.15037555,0.11901215,0.09554997,0.082602255,0.08126311,0.08258952,0.071295336,0.04195316,0.0099875145,0.039667066,0.09585808,0.14028174,0.14838088,0.115105994,0.11141701,0.12515436,0.10354303,0.08953902,0.083979376,0.079386964,0.07372521,0.071188435,0.06800364
13.833336,0.14320025,0.14436926,0.20479064,0.27176684,0.36215162,0.44730046,0.5184483,0.5727248,0.60152626,0.6135785,0.6101711,0.5449736,0.41695753,0.29535773,0.13770029,0.18821982,0.3100798,0.38433447,0.53214693,0.7116763,0.7910796,0.80272055,0.7482949,0.63091004,0.5053083,0.4006355,0.31199086,0.24455242,0.22692008,0.27576628,0.36719638,0.47927943,0.61099684,0.7504912,0.8571622,0.8775915,0.77550566,0.60534614,0.5085186,0.49521115,0.514442,0.50499177,0.46081367,0.41851735,0.38277608,0.36417577,0.37391216,0.39571145,0.38647076,0.36368152,0.35375968,0.34659165,0.32450503,0.28657225,0.25242752,0.24170302,0.25926647,0.2919079,0.32404533,0.3606697,0.40805605,0.4674854,0.53941023,0.6096594,0.6539081,0.6832382,0.68902135,0.6588203,0.60512847,0.5557747,0.5269223,0.5063768,0.46707267,0.3953788,0.29404202,0.18640552,0.16051127,0.24623427,0.2882207,0.3100745,0.33049226,0.33655936,0.33095855,0.3188433,0.29799658,0.28227368,0.2644245,0.23671204,0.20039788,0.16108856,0.12763368,0.11408794,0.10923927,0.05809479,0.05836508,0.07497044,0.068028584,0.08227958,0.12208264,0.15518194,0.16560093,0.16929594,0.17853887,0.18014483,0.17869435,0.1601167,0.13092007,0.10804243,0.09550694,0.09747946,0.11590644,0.15092002,0.19647428,0.24134561,0.2855284,0.32522622,0.3596902,0.3866455,0.39865485,0.3885571,0.3634429,0.34813887,0.35965958,0.3785575,0.36242032,0.27660552,0.19490843,0.11994157,0.059074774,0.07809102,0.10206258,0.113216355,0.12076083,0.1301318,0.14485879,0.16073926,0.1742773,0.17631015,0.16440132,0.15290722,0.12857394,0.16627058,0.2883915,0.35634303,0.35543346,0.35646978,0.38573515,0.4028951,0.38598558,0.32830364,0.25398898,0.18747248,0.12283877,0.064589284,0.045914784,0.06564828,0.09212299,0.09651298,0.09248451,0.08765507,0.09211835,0.12063595,0.16861744,0.21705118,0.26324883,0.29510808,0.31712246,0.32366726,0.30290425,0.28898823,0.26744518,0.24110506,0.21472697,0.19065833,0.17086346,0.15771288,0.14818153,0.1411983,0.13623303,0.12859978,0.13054492,0.1457666,0.14766602,0.13479419,0.1108604,0.08910857,0.08667933,0.095907114,0.094850674,0.08892356,0.087349474,0.08987903,0.09548979,0.10385144,0.11596321,0.13066575,0.14491095,0.15973058,0.1749038,0.18242167,0.17657174,0.16298106,0.14781502,0.13885517,0.13672823,0.14093618,0.14608663,0.14718702,0.14587991,0.14415298,0.14121616,0.13655409,0.12884293,0.11891099,0.1121309,0.1108374,0.115845256,0.12478174,0.13319498,0.1379731,0.14583613,0.16548249,0.20057055,0.23179273,0.24154626,0.23047405,0.19902581,0.1392495,0.057755623,0.024572497,0.06994411,0.10888575,0.19896324,0.30068848,0.3414153,0.30961087,0.26177296,0.22744979,0.1987719,0.17134815,0.14841643,0.13299474,0.12831554,0.10478947,0.079616815,0.15431008,0.21676612,0.28990713,0.3811098,0.38923094,0.30154532,0.21728505,0.16472346,0.09956451,0.074196935,0.089365385,0.09899511,0.106061965,0.12060361,0.11362353,0.09462022,0.118195154,0.17227423,0.19737048,0.20680444,0.19956903,0.18574202,0.17817621,0.17228572,0.1614919,0.15217315,0.15089482,0.15660453,0.16636033,0.17286067,0.17352712,0.17548902,0.17978834,0.1769569,0.17210309,0.17602958,0.1876934,0.20478377,0.22038893,0.23342147,0.24387906,0.25811458,0.26532125,0.23783885,0.19327164,0.17144646,0.1826043,0.19434907,0.17228696,0.15206315,0.16945983,0.16882448,0.18289845,0.1951101,0.18750383,0.17877159,0.22177395,0.22194469,0.1318224,0.06265417,0.16710006,0.29230475,0.4205379,0.5686027,0.58609796,0.4910602,0.37058547,0.27807125,0.18598631,0.11100252,0.082246386,0.1111397,0.12416471,0.10015315,0.058343858,0.0339795,0.013315424,0.014263318,0.013534543,,,,,,,,,,,,,,,,,,,,,,,,,,,,,,,,,,,,,,,,,,,,,,,,,,,,,,,,,,,,,,,,,,,,0.08541862,0.19999129,0.64377916,0.5992851,0.35817623,0.24943846,0.17198016,0.24549307,0.34500775,0.43033797,0.50036854,0.5716148,0.6358202,0.6843797,0.7030115,0.6871757,0.6391031,0.55505115,0.49060705,0.45961508,0.4405999,0.4298051,0.41560766,0.38340074,0.34268847,0.2930949,0.23914917,0.17755738,0.117659084,0.07641522,0.0861353,0.13879077,0.19903195,0.2553841,0.3030558,0.33966586,0.36425456,0.37997517,0.38254002,0.3697184,0.35217285,0.3382931,0.32306203,0.3070242,0.2880131,0.25852117,0.22021994,0.17130432,0.10989526,0.062090993,0.045733303,0.061828904,0.09431329,0.12921724,0.16643293,0.20510925,0.22986636,0.2604737,0.31741285,0.38411406,0.41800842,0.3784329,0.354247,0.39706728,0.39224252,0.33231837,0.23313771,0.15769696,0.21733361,0.2661274,0.20769426,0.17853998,0.15505627,0.14043085,0.12412752,0.11271326,0.10709896,0.10610005,0.10892215,0.11253301,0.11547347,0.11903228,0.12123489,0.118618004,0.10924221,0.10067317,0.10542851,0.11675363,0.119329356,0.111850955,0.10741571,0.108417064,0.11636372,0.12846065,0.14562762,0.16511619,0.18892245,0.22437738,0.2876314,0.35461116,0.3721429,0.33510935,0.26292616,0.20186526,0.18883835,0.16319169,0.13571683,0.117723495,0.109286875,0.107056566,0.09629565,0.06958342,0.030190961,0.02277232,0.06785891,0.1098663,0.13497904,0.1275128,0.10514555,0.1191643,0.117603935,0.08375479,0.071240984,0.07443278,0.08085931,0.09019447,0.09903325,0.10057903
13.75,0.38232553,0.47421694,0.5500259,0.6044595,0.64260674,0.66540486,0.66648686,0.6456353,0.6083355,0.5555966,0.48001456,0.36580107,0.23684706,0.173268,0.20425193,0.29186276,0.35516822,0.4386483,0.6218068,0.7567632,0.8087086,0.8161774,0.7444431,0.61468303,0.49632457,0.40563607,0.32107195,0.24457434,0.21203089,0.25335172,0.3471696,0.46120918,0.58423835,0.720202,0.8504102,0.92909205,0.89751554,0.7481786,0.5949823,0.52361286,0.51951796,0.5225722,0.497606,0.4503384,0.4050289,0.38093844,0.38133696,0.39660606,0.38861725,0.35504302,0.33165,0.31452855,0.28031403,0.22629781,0.16589595,0.13741043,0.17314693,0.22935009,0.27943707,0.33401272,0.4050631,0.48576573,0.5756627,0.65216285,0.6936816,0.70887625,0.6997821,0.6617637,0.6039103,0.5523915,0.52266634,0.49898988,0.44939595,0.36280602,0.2506871,0.15153395,0.18993993,0.27526915,0.30184636,0.33202073,0.36261863,0.36937132,0.35828033,0.3312846,0.31083366,0.2949543,0.27679023,0.24531533,0.20564246,0.1553516,0.10270324,0.06808547,0.07281833,0.07002389,0.056140162,0.11985149,0.12749976,0.13178821,0.15488991,0.17702825,0.18295228,0.18869036,0.18963662,0.18590131,0.17124474,0.15425119,0.1299672,0.10445946,0.09049943,0.098888256,0.13028544,0.17616895,0.22279765,0.26040074,0.29772636,0.33686945,0.3705344,0.39216658,0.39940727,0.3906498,0.37888074,0.38105336,0.39481267,0.38298354,0.32073933,0.23411898,0.15839273,0.08175836,0.06828296,0.0893257,0.10398539,0.111705214,0.11840376,0.12687775,0.14077982,0.15524319,0.16647291,0.1612925,0.14605118,0.1288162,0.10895662,0.19042459,0.30599302,0.34186423,0.32952482,0.34584475,0.38319948,0.39307636,0.3670863,0.30411434,0.23238456,0.17179947,0.11236798,0.061224796,0.051063925,0.07486965,0.10132641,0.10377203,0.095673725,0.08912657,0.09351252,0.119998395,0.16406313,0.2161589,0.26226127,0.28825936,0.3073725,0.31591445,0.28804716,0.26371884,0.24249986,0.21784429,0.19238813,0.1715795,0.15330762,0.14265975,0.13755842,0.13396426,0.12513037,0.1192874,0.12969767,0.13352256,0.12403459,0.10189129,0.07461275,0.06614404,0.08133354,0.08814746,0.087425046,0.089178875,0.09279902,0.096428156,0.09908701,0.10338609,0.112308174,0.124010734,0.13556568,0.1466987,0.16203192,0.17378068,0.17703554,0.17927866,0.17353441,0.16192916,0.15537445,0.1542941,0.15479864,0.15398827,0.15228657,0.14898553,0.14375255,0.13610159,0.1268905,0.115966424,0.1079825,0.10593662,0.11060354,0.119293384,0.12826161,0.13601007,0.14606632,0.16799858,0.19916286,0.22284374,0.22380438,0.20030986,0.15516086,0.08410787,0.010448702,0.06585065,0.09692841,0.1423343,0.23391528,0.3229925,0.3461235,0.30198708,0.25350955,0.22397964,0.19779794,0.17282079,0.15166524,0.13216199,0.11318289,0.07711867,0.08181135,0.1753781,0.22241047,0.26343638,0.3317037,0.368187,0.33457866,0.2635922,0.17859438,0.117315345,0.107856095,0.11056521,0.10788191,0.114794955,0.113579765,0.09324599,0.10055684,0.16418777,0.202411,0.21740101,0.22265731,0.21639417,0.20254217,0.18727945,0.17095536,0.15360928,0.14038624,0.13588227,0.13665394,0.14107734,0.14714368,0.1529603,0.1594773,0.16978782,0.18197092,0.19128877,0.1994343,0.2105564,0.22494791,0.23916657,0.25130618,0.26083705,0.26570946,0.27466285,0.2820587,0.25712362,0.19852121,0.16321072,0.18601735,0.205284,0.19755103,0.18165769,0.17281067,0.18143287,0.18407321,0.17782812,0.19380987,0.2258539,0.1921101,0.1025225,0.037199505,0.13128883,0.23901762,0.370045,0.5411314,0.58037144,0.48590738,0.3826856,0.2856679,0.19854242,0.12260676,0.071877785,0.072709404,0.104555905,0.09340019,0.057062164,0.052810606,0.04523634,0.024961917,0.009254932,,,,,,,,,,,,,,,,,,,,,,,,,,,,,,,,,,,,,,,,,,,,,,,,,,,,,,,,,,,,,,,,,,,,0.073633224,0.20010695,0.66631,0.6490189,0.40875453,0.2968653,0.18093136,0.2350351,0.32841742,0.408639,0.48370412,0.55504763,0.61160654,0.65579766,0.67807794,0.6827073,0.6583753,0.59369963,0.50617945,0.45442218,0.43143815,0.41962576,0.40819445,0.390511,0.35979384,0.3201864,0.2752688,0.22563626,0.17267999,0.1197482,0.07255469,0.06744518,0.10832585,0.16371168,0.21581511,0.25894,0.29195556,0.31304762,0.32545334,0.3293409,0.32662365,0.31822163,0.30520964,0.28917894,0.26902297,0.24148394,0.19764884,0.14403416,0.08491272,0.06354567,0.077883996,0.10256653,0.130933,0.16663545,0.20361811,0.23320857,0.25181717,0.28314897,0.33725986,0.3935886,0.4133455,0.37352905,0.35856175,0.398973,0.3950498,0.33150712,0.22112185,0.14330643,0.22632578,0.27193198,0.2145907,0.19226457,0.17254524,0.15897909,0.14558561,0.13408552,0.12655874,0.123187296,0.12118057,0.12163162,0.12359335,0.12548913,0.12512533,0.12072391,0.112427354,0.105011076,0.10879073,0.113123536,0.10614665,0.0927605,0.08746704,0.091919206,0.100933716,0.11316324,0.13017009,0.1510103,0.17485574,0.19703443,0.2210773,0.26516613,0.3210433,0.3592557,0.32048663,0.2137433,0.18553212,0.16951133,0.14984344,0.13981883,0.1335735,0.12381688,0.10063433,0.066373445,0.03829011,0.052938648,0.091695026,0.11799968,0.12628622,0.10998497,0.10485081,0.12087197,0.090695806,0.04640304,0.050545644,0.06731959,0.08179669,0.098790266,0.11404942,0.11707797
13.666672,0.60674185,0.6679726,0.69878626,0.6978287,0.6730606,0.62774265,0.56470746,0.4941386,0.42856053,0.36730123,0.30350345,0.24013677,0.21014217,0.23020808,0.28631315,0.34983405,0.39638156,0.53185266,0.703019,0.79466474,0.8297236,0.81945205,0.72767085,0.59688354,0.49080402,0.4122355,0.3303783,0.24316706,0.1945513,0.22516003,0.31818768,0.43601674,0.55558616,0.68206465,0.813289,0.9232295,0.9615476,0.8762962,0.7185273,0.59301823,0.5441854,0.5380264,0.53311634,0.49883014,0.441683,0.40033025,0.3917952,0.4031808,0.40162393,0.36488572,0.32277778,0.28923425,0.24448152,0.17576496,0.08605936,0.04688395,0.13639373,0.20973046,0.2724988,0.34264746,0.43587738,0.534418,0.6280995,0.6963163,0.7253457,0.7234601,0.6977345,0.64788824,0.5870727,0.5405295,0.51435584,0.48495024,0.42235443,0.32519642,0.19780901,0.12352,0.21394855,0.28915268,0.321076,0.36283824,0.39027032,0.3915393,0.37569192,0.34875572,0.3294019,0.3157605,0.29569757,0.2605455,0.21715006,0.15854806,0.09446054,0.032451473,0.03320988,0.0691487,0.08201616,0.1457397,0.17897733,0.19088222,0.20251153,0.20850886,0.20741975,0.20596778,0.19380216,0.17569509,0.1669777,0.15686926,0.1339035,0.108883366,0.10651446,0.13007802,0.17417778,0.22394566,0.26344177,0.29049048,0.3245978,0.35999313,0.38835928,0.40750563,0.41429624,0.41240457,0.41329947,0.41560966,0.400326,0.345475,0.26511884,0.18511187,0.10813578,0.069685996,0.079408765,0.093576014,0.104702465,0.1120725,0.11754981,0.12354838,0.13462539,0.14687589,0.15475842,0.14389054,0.13031335,0.107436255,0.11049526,0.22510138,0.3120428,0.32320607,0.30789834,0.34227017,0.38270032,0.3814653,0.34851205,0.28304783,0.21561852,0.16091765,0.105095886,0.062010456,0.061253082,0.086440325,0.109949164,0.11068343,0.10021898,0.095432304,0.102390684,0.12621616,0.16547723,0.2145134,0.2607417,0.28618938,0.30108222,0.3056147,0.2747025,0.24015222,0.21885876,0.1935554,0.1694371,0.15503123,0.14583352,0.13715984,0.12779665,0.113961846,0.10555409,0.11394484,0.11948919,0.11265551,0.0917265,0.061480563,0.04091897,0.061637715,0.079513825,0.0829165,0.08773073,0.09493632,0.0997298,0.102296434,0.10351971,0.10455127,0.10888469,0.11644573,0.124174066,0.13199963,0.14113098,0.15130104,0.16093512,0.16960816,0.18132974,0.17516,0.16233915,0.15602024,0.15424258,0.15134393,0.14649521,0.14107236,0.13377973,0.1255286,0.11725652,0.11058143,0.109048165,0.11178598,0.11711437,0.124167375,0.13338493,0.14162944,0.15443544,0.17629473,0.19954869,0.2133458,0.2027995,0.16738918,0.11019673,0.03816608,0.04515668,0.086917445,0.11674767,0.17436315,0.26618528,0.3406082,0.3436077,0.29104748,0.24439655,0.21890241,0.19376738,0.16659638,0.14247909,0.11868686,0.082370155,0.038680125,0.10663349,0.19836244,0.2275187,0.24112242,0.28433007,0.3243905,0.3250816,0.2640457,0.18438236,0.14595069,0.13515018,0.12470842,0.11535082,0.1168534,0.103411645,0.086503915,0.14024535,0.19053435,0.21503411,0.22944632,0.23168492,0.22377835,0.20784639,0.19032694,0.17036742,0.14837833,0.13008234,0.118899964,0.11457279,0.113644846,0.11900639,0.13004547,0.14007561,0.14918518,0.16103172,0.17279275,0.18277961,0.19169988,0.20224077,0.21551764,0.23137553,0.25005826,0.26622707,0.277795,0.293579,0.30043712,0.26167992,0.19361721,0.16376479,0.15470988,0.15835422,0.17245992,0.18361896,0.18630525,0.17320682,0.16621535,0.19508806,0.20913573,0.15937136,0.07961354,0.022607133,0.091925316,0.19332515,0.327011,0.5198927,0.6000573,0.5226912,0.40096238,0.31540468,0.22998235,0.14017183,0.081509136,0.07244484,0.07193117,0.094787575,0.07213781,0.069553584,0.07380875,0.054809727,0.010442769,0.010780108,,,,,,,,,,,,,,,,,,,,,,,,,,,,,,,,,,,,,,,,,,,,,,,,,,,,,,,,,,,,,,,,,,,0.055985402,0.16582888,0.68706363,0.6818721,0.45853207,0.33964655,0.19369656,0.22565912,0.31370223,0.39162186,0.47263026,0.5424216,0.5925652,0.63759637,0.66496736,0.6739876,0.6756588,0.62992656,0.5412101,0.4662615,0.43523753,0.42089766,0.40959078,0.40608162,0.38629502,0.34742564,0.30251867,0.2564241,0.2107179,0.16999812,0.12777336,0.085856326,0.059089508,0.07857933,0.12041471,0.16490623,0.20566544,0.23749597,0.26159516,0.27938488,0.29297504,0.2994908,0.29768527,0.2883361,0.2701239,0.23744988,0.195031,0.15239827,0.11082196,0.1090378,0.12336367,0.14427167,0.17363171,0.20712997,0.24134211,0.26055112,0.27475214,0.30553442,0.35930717,0.4030042,0.41213676,0.3754963,0.36262172,0.39271572,0.38447827,0.32022804,0.20446825,0.12091359,0.2175676,0.25283095,0.21532232,0.20321661,0.18764457,0.173236,0.16184203,0.15227081,0.1441764,0.13716996,0.13074592,0.12744403,0.12684472,0.12614232,0.123446085,0.11781948,0.10822365,0.10502118,0.1077848,0.102945514,0.086692184,0.07099391,0.06782798,0.071450494,0.079015255,0.098608375,0.13147081,0.17418903,0.21681418,0.24241179,0.24636537,0.23582308,0.2326919,0.3006908,0.34260958,0.23872267,0.17990904,0.1677184,0.15937448,0.15226784,0.14554684,0.1307329,0.10559808,0.07603625,0.06333448,0.079217255,0.10618582,0.11889714,0.11353266,0.095135026,0.103248626,0.08943125,0.043583438,0.022279631,0.04961964,0.07026766,0.08908177,0.107069805,0.12037768,0.11913107
13.583336,0.6936944,0.6946783,0.6617885,0.60256666,0.5317416,0.45998666,0.39466855,0.3441016,0.3088903,0.28311336,0.26057875,0.2508307,0.26707214,0.30530658,0.35602984,0.40957478,0.47449332,0.65023863,0.7753708,0.8343253,0.8497368,0.81333923,0.7039532,0.58190936,0.49189526,0.41940525,0.33563474,0.23647486,0.16783354,0.18598582,0.27549693,0.3960972,0.51844287,0.63725835,0.7595038,0.877241,0.96020424,0.9497137,0.8379289,0.69591177,0.6026107,0.567638,0.56419694,0.55062544,0.49693707,0.43244165,0.40238896,0.40334266,0.4074085,0.38236395,0.33370766,0.27833298,0.21653418,0.14114133,0.075274095,0.11284622,0.18094769,0.24121355,0.3066389,0.39280388,0.5025523,0.6082518,0.69085014,0.7377403,0.7477431,0.7304326,0.69122976,0.6294108,0.561654,0.5185957,0.4963956,0.46030834,0.3848819,0.27672023,0.14570831,0.10500031,0.21360761,0.28680927,0.33092356,0.3814005,0.41554204,0.42305222,0.40424436,0.37521112,0.3601962,0.34835336,0.32554895,0.28671345,0.23509522,0.16751441,0.102183975,0.049707197,0.039524354,0.07374169,0.100924246,0.14385442,0.18955512,0.2087248,0.20287713,0.19701733,0.19377495,0.18246354,0.16227639,0.152739,0.15895323,0.15617608,0.13934307,0.12959167,0.144053,0.18000858,0.23115526,0.27738357,0.30826363,0.33309573,0.36499974,0.3922994,0.42007774,0.436351,0.4439185,0.44529307,0.44041982,0.41831154,0.36379415,0.28297505,0.20376311,0.12806244,0.07871259,0.074483946,0.08543173,0.0976033,0.10785739,0.1143644,0.11785221,0.12151721,0.12948962,0.13908015,0.1414141,0.12530546,0.110318325,0.089997955,0.13220513,0.25101936,0.30615157,0.3007084,0.29051504,0.3437493,0.3815452,0.36924636,0.3317757,0.26531777,0.20299134,0.15402031,0.101794995,0.0686324,0.07520605,0.098803654,0.11749901,0.11763972,0.10837731,0.107703485,0.11806982,0.14070286,0.17701474,0.22293867,0.2665458,0.2907665,0.30008486,0.29487923,0.2607509,0.21939647,0.1985924,0.18106735,0.1677926,0.15446314,0.13602231,0.11178085,0.09221307,0.08647901,0.093588956,0.09773288,0.090310045,0.070558056,0.041425556,0.018724037,0.04470857,0.07038976,0.08015111,0.086735144,0.09749618,0.107521005,0.111571245,0.11133742,0.10879393,0.105916835,0.10735352,0.11200232,0.116255574,0.12060437,0.12330292,0.12621066,0.13940695,0.14514525,0.15820944,0.17380063,0.16434333,0.14918181,0.14353651,0.14007604,0.13357365,0.12607555,0.11786412,0.1102197,0.1035771,0.10361754,0.11028945,0.12266458,0.13475275,0.14213403,0.14827746,0.15840125,0.17423773,0.19250236,0.20354354,0.20088474,0.17671409,0.12948889,0.063022375,0.020207537,0.06520599,0.09562175,0.14255697,0.21123038,0.29511252,0.34883896,0.33081895,0.2744388,0.2294886,0.20584849,0.18162687,0.15148778,0.1259021,0.09394184,0.037826523,0.055517014,0.14634384,0.21807909,0.22497,0.22099563,0.24293286,0.2693809,0.26641405,0.2215769,0.17666444,0.15588564,0.14142449,0.12561955,0.120815694,0.114220105,0.09747992,0.10836632,0.17084925,0.21059217,0.22712068,0.23066874,0.2265496,0.21505287,0.19833839,0.18022932,0.15835537,0.13248906,0.110197484,0.09822632,0.08969007,0.0843575,0.09068905,0.105917566,0.12084868,0.13191484,0.14121889,0.14610717,0.14199506,0.13006403,0.11648102,0.10975445,0.12553348,0.16348134,0.20900549,0.24852471,0.27939716,0.31114343,0.31878278,0.27654046,0.19542183,0.11225741,0.12459652,0.154675,0.17824283,0.17001484,0.14127846,0.15745735,0.18181066,0.17734933,0.12117249,0.07257258,0.04830421,0.06070588,0.15349446,0.27925318,0.49189562,0.60884774,0.54136366,0.44009054,0.35586384,0.26186967,0.15627293,0.08541517,0.068250015,0.054348152,0.07442819,0.089489125,0.07034655,0.058672152,0.043209672,0.013802548,0.015603984,,,,,,,,,,,,,,,,,,,,,,,,,,,,,,,,,,,,,,,,,,,,,,,,,,,,,,,,,,,,,,,,,,,0.036614295,0.1544118,0.7217124,0.7292919,0.51534146,0.38444155,0.20679991,0.21801358,0.29705277,0.3708592,0.46070066,0.53560513,0.58931375,0.63358605,0.6640779,0.6778543,0.6826682,0.66549957,0.59056926,0.50644666,0.4609746,0.42794257,0.41271022,0.41917342,0.41587704,0.38309795,0.33547252,0.2874121,0.24287318,0.20847243,0.17526244,0.13825908,0.0972994,0.060286835,0.046509217,0.07460215,0.1205386,0.16265324,0.1963321,0.22571996,0.2501303,0.27024618,0.28512293,0.2903297,0.2799103,0.2542585,0.21927527,0.17698441,0.1549235,0.1583535,0.16654786,0.18576877,0.21513827,0.24838953,0.28071663,0.28846177,0.29175028,0.3196555,0.36297533,0.3956687,0.39603034,0.3679231,0.34949818,0.3707968,0.35536453,0.29629463,0.193191,0.10038331,0.22137986,0.22377533,0.21344814,0.20881028,0.20001052,0.19007067,0.18085217,0.17171152,0.16187072,0.14947954,0.13721354,0.12901339,0.12382744,0.1198046,0.11457746,0.10558402,0.09645949,0.09376128,0.08961864,0.08025143,0.05703923,0.036400914,0.03300731,0.044966836,0.072546944,0.120127045,0.18214923,0.24087751,0.27627125,0.28529972,0.27328777,0.2538188,0.214838,0.21941777,0.30767438,0.25526744,0.17286961,0.15650088,0.15948078,0.1537649,0.14811946,0.13264926,0.110983826,0.09128916,0.08807893,0.09964445,0.11296632,0.11507723,0.10249662,0.092228316,0.0769603,0.0390916,0.021053193,0.044178303,0.06576286,0.08261875,0.10221497,0.11856507,0.12457704,0.11807705
13.5,0.65671486,0.5918414,0.5168684,0.4467288,0.39398015,0.35564435,0.33100262,0.31622583,0.3016296,0.28822756,0.2781791,0.2837333,0.31172204,0.3570658,0.41057804,0.47039777,0.5713438,0.7500592,0.8345152,0.8680381,0.86268103,0.7992422,0.67488575,0.5638937,0.49040624,0.42362353,0.3347145,0.22553045,0.13654143,0.13467813,0.2210046,0.34070984,0.465712,0.58442605,0.7004203,0.81306547,0.9112923,0.9573386,0.91096586,0.79814166,0.68728864,0.6182751,0.5947752,0.59035635,0.5585306,0.48677728,0.42605916,0.4015337,0.3989955,0.38575912,0.34708467,0.29038483,0.23260501,0.1935718,0.19386055,0.22303508,0.25963876,0.30843246,0.3819768,0.48513523,0.5977376,0.68960094,0.7488419,0.77026653,0.75816196,0.7255499,0.6733458,0.6023146,0.5356366,0.49747822,0.47484955,0.42795432,0.34009847,0.2238804,0.08928598,0.08688485,0.20293607,0.27816913,0.33669364,0.4060587,0.45201537,0.46113396,0.43796974,0.40544847,0.39232847,0.3815443,0.35887554,0.31708622,0.257951,0.18680947,0.1279043,0.09394751,0.08756433,0.09744957,0.11724455,0.14210738,0.16204424,0.18284988,0.17241135,0.16108662,0.15298796,0.14024495,0.13142256,0.14107428,0.15782443,0.16184497,0.1589136,0.16539694,0.19013065,0.23408625,0.28686655,0.32608405,0.34976152,0.37745464,0.4059251,0.43174323,0.45582992,0.46671608,0.4683862,0.45725444,0.42811996,0.37288475,0.29443768,0.21174268,0.14180692,0.089493684,0.074148424,0.080935806,0.092921965,0.105422,0.11483617,0.120106384,0.12088417,0.121390134,0.12573832,0.1321458,0.12709658,0.105812274,0.08660132,0.076459154,0.15774226,0.2624986,0.29100242,0.27591655,0.2774707,0.34735045,0.37707087,0.35709444,0.31648973,0.24994656,0.19345026,0.15012017,0.103441246,0.079928175,0.090163924,0.11034611,0.12421433,0.12509796,0.12032538,0.12456194,0.13678326,0.15838479,0.19325422,0.23630048,0.27696833,0.297335,0.29474458,0.27756456,0.24502595,0.21164478,0.1973011,0.181685,0.15868686,0.12972286,0.09480165,0.070355825,0.06632704,0.07137056,0.0702206,0.05505488,0.03162697,0.009715615,0.031114329,0.058131054,0.07799203,0.08780246,0.09329296,0.10383374,0.11873517,0.13018969,0.13367462,0.13001418,0.12304903,0.11647839,0.113660224,0.11208258,0.10934753,0.10778161,0.1073748,0.104941934,0.11075447,0.12957938,0.12855043,0.13863222,0.15529399,0.14423731,0.13131885,0.12791532,0.123737656,0.11637796,0.10841693,0.10298182,0.09923391,0.10181938,0.11409476,0.13262513,0.1512146,0.1642477,0.17302188,0.18329278,0.1936758,0.20371987,0.20370427,0.18472213,0.14353731,0.08181994,0.0135054635,0.0370249,0.06827141,0.11106857,0.17691876,0.24706247,0.31638274,0.34320208,0.30734158,0.24958274,0.2081125,0.18772145,0.1657561,0.13373479,0.106663235,0.06857108,0.025710111,0.10027789,0.17935306,0.22104183,0.21387361,0.2053843,0.21241547,0.22005557,0.2136845,0.18529089,0.15909362,0.14309564,0.1334615,0.12380573,0.117925994,0.10793397,0.09656479,0.14553973,0.19418547,0.21068688,0.21228833,0.20950004,0.20462799,0.19442739,0.17839573,0.16308498,0.1415177,0.118288435,0.09846643,0.08463081,0.073031984,0.063585475,0.07556425,0.09668678,0.10734783,0.116464116,0.11974521,0.11303351,0.11230165,0.09000608,0.083969474,0.087316826,0.049819198,0.026402593,0.10507942,0.18499334,0.24612792,0.29322168,0.3332212,0.33922467,0.2681627,0.16997361,0.13831332,0.14868018,0.15429614,0.13174789,0.11800379,0.1426337,0.15442333,0.13741417,0.090176724,0.08849757,0.084535204,0.04675319,0.11509636,0.22951946,0.4527775,0.6080622,0.55968297,0.47040233,0.3773733,0.2710011,0.16990174,0.09234272,0.053523492,0.04887965,0.043900874,0.08934561,0.08210435,0.0585722,0.03978593,0.019054675,0.01898129,,,,,,,,,,,,,,,,,,,,,,,,,,,,,,,,,,,,,,,,,,,,,,,,,,,,,,,,,,,,,,,,,,,0.11952337,0.15710719,0.752174,0.77652496,0.5774566,0.4248045,0.21923119,0.21335573,0.27564424,0.3476413,0.4497062,0.5309008,0.58672845,0.6305357,0.6666686,0.68786013,0.6935116,0.6875509,0.62876517,0.5392886,0.4774667,0.4429589,0.42264038,0.422265,0.42961934,0.40639728,0.36210957,0.31218195,0.26821008,0.23487197,0.20985056,0.18578388,0.15591283,0.1150274,0.06417064,0.01301508,0.060091175,0.116974354,0.16131707,0.19786099,0.22673614,0.2572006,0.28914672,0.30646276,0.30140957,0.28255948,0.2492797,0.20616907,0.19796751,0.20048843,0.20854996,0.2302174,0.26227066,0.2949217,0.30140328,0.29971883,0.30625656,0.33203638,0.36123294,0.37842327,0.3703725,0.33295456,0.31737384,0.33108646,0.32663554,0.27908298,0.19575642,0.096768126,0.19903733,0.19294779,0.20384382,0.20768702,0.20983097,0.20603777,0.19918773,0.19134514,0.17892592,0.15999955,0.14049567,0.12488938,0.11303779,0.10334622,0.09415395,0.08156212,0.0694325,0.062245734,0.059884343,0.04643975,0.025069408,0.012447757,0.03450325,0.06813351,0.12389286,0.20575671,0.27585486,0.31407952,0.32009462,0.30037823,0.26850533,0.23760702,0.20323898,0.17750114,0.26647225,0.25633198,0.16745636,0.14447181,0.15240416,0.15072204,0.14862543,0.13355683,0.11645803,0.10775691,0.1100225,0.11805824,0.123278044,0.12054142,0.11038524,0.08924361,0.06577946,0.0559627,0.062977865,0.075743265,0.08980691,0.104756296,0.12012267,0.12983212,0.12830374,0.12126818
13.416672,0.5481796,0.47015554,0.41904283,0.3909525,0.3759337,0.36077714,0.34556627,0.32836533,0.30616182,0.28848967,0.28106487,0.29545614,0.330556,0.38021806,0.4450576,0.52058786,0.662074,0.8212894,0.8730745,0.88724214,0.8643224,0.7757002,0.64967227,0.55279315,0.4911422,0.42998198,0.33691218,0.22484735,0.12068241,0.077281155,0.16387483,0.28234434,0.4054334,0.52515465,0.63778144,0.7433909,0.83998966,0.9134177,0.9247746,0.8622425,0.7679102,0.6860226,0.63620865,0.62152404,0.6081043,0.55438983,0.4758168,0.41901523,0.3950044,0.38201118,0.36175266,0.3313323,0.3025424,0.2902608,0.29596868,0.31781167,0.3563862,0.41666082,0.5034602,0.6051152,0.69409704,0.75584114,0.7893263,0.7872355,0.75511885,0.7074877,0.64330536,0.5673728,0.5086265,0.47917622,0.45035765,0.39086947,0.2942661,0.17261048,0.033111986,0.07649531,0.18641557,0.2646196,0.33890018,0.42091656,0.4789012,0.49761704,0.47452074,0.43516785,0.4176612,0.40965414,0.38937727,0.34597206,0.28711832,0.22139229,0.16917723,0.14217691,0.13838924,0.14097644,0.14331768,0.14789943,0.14982353,0.16486631,0.1574285,0.1438004,0.1354145,0.13141501,0.13742833,0.15600376,0.17387271,0.18286501,0.19002709,0.20494975,0.23448513,0.28092995,0.33158416,0.36420992,0.38126078,0.40332538,0.43097436,0.4545999,0.46826303,0.47011486,0.45555028,0.42113715,0.3654678,0.29112354,0.21141803,0.14520697,0.09935221,0.07839593,0.0792495,0.09021565,0.10454029,0.11724449,0.12519024,0.12766072,0.12401039,0.117570475,0.115827285,0.119381115,0.10853626,0.08514961,0.06389073,0.07472134,0.17964107,0.25981316,0.26881734,0.24980907,0.2739699,0.35104242,0.36942485,0.3449304,0.3025505,0.23731714,0.18675281,0.14927496,0.109626174,0.09391216,0.10524401,0.12120723,0.13172413,0.13563381,0.1373638,0.144991,0.16014792,0.18621664,0.21955161,0.25491995,0.28507274,0.29826912,0.29322368,0.28003845,0.25689068,0.22243655,0.18991804,0.15787446,0.12792373,0.09544971,0.07279791,0.06153631,0.052175406,0.03979742,0.0204292,0.02290192,0.045927934,0.06921739,0.08865282,0.10107783,0.10732177,0.109726354,0.11669168,0.13119316,0.14710109,0.160859,0.1642268,0.15834422,0.14890403,0.13929512,0.12967943,0.11974526,0.108210444,0.09756285,0.09235936,0.08973975,0.08793727,0.09885414,0.12237186,0.12266234,0.1174646,0.13219558,0.12899181,0.12026963,0.119627304,0.11677345,0.11291083,0.10916699,0.10706179,0.11116619,0.1227406,0.1412333,0.15851434,0.17753464,0.19307496,0.20340967,0.20420176,0.201275,0.18776493,0.15268344,0.09952106,0.040075958,0.016235072,0.038224906,0.07840985,0.14464949,0.20897305,0.2744292,0.32565397,0.32228854,0.27362505,0.21821503,0.18473302,0.16997638,0.14933328,0.115366034,0.08820027,0.060939137,0.07358935,0.13958867,0.19722606,0.21670796,0.2019276,0.20189473,0.20124564,0.19216394,0.17153268,0.1435815,0.12867787,0.12101843,0.119152665,0.10759609,0.094959095,0.08174351,0.119701736,0.17245017,0.18717079,0.18359314,0.17959817,0.18229195,0.18849142,0.1874727,0.17355862,0.1525499,0.12864944,0.108303465,0.0973451,0.09256754,0.08307865,0.07524713,0.08394417,0.11558132,0.11592713,0.10780743,0.109389395,0.11389007,0.1471563,0.2950366,0.28861663,0.22220737,0.20730558,0.11635077,0.0063762525,0.10518632,0.19810463,0.26408267,0.3138664,0.34824872,0.32198396,0.24950646,0.18664117,0.1671409,0.15832925,0.12859169,0.10761884,0.12353005,0.13219994,0.10942744,0.07360055,0.1135007,0.113915235,0.05365899,0.08476954,0.17670476,0.41041288,0.60975426,0.5740825,0.48582625,0.39197248,0.2936574,0.20730376,0.12719175,0.070240244,0.047630306,0.04073392,0.0608828,0.09280664,0.062969424,0.037197143,0.021399839,0.02364335,,,,,,,,,,,,,,,,,,,,,,,,,,,,,,,,,,,,,,,,,,,,,,,,,,,,,,,,,,,,,,,,,,,,0.1500328,0.757527,0.8287831,0.6383095,0.46163177,0.23141839,0.2115952,0.25609997,0.3302875,0.4426058,0.52606803,0.58687013,0.6353684,0.6744638,0.69601583,0.7051268,0.70425624,0.6599286,0.56541836,0.48264167,0.4482929,0.42700946,0.4180316,0.4259451,0.4150347,0.37681663,0.32766056,0.28470343,0.24901038,0.22730461,0.21350923,0.19538501,0.16295041,0.121201515,0.089483686,0.09663281,0.13397941,0.17082138,0.20836076,0.24208058,0.27532268,0.3091465,0.33201945,0.33803037,0.31982198,0.27381954,0.23530744,0.23388034,0.23776992,0.25097585,0.28101364,0.3079534,0.31747833,0.31210607,0.31258595,0.32509235,0.3463613,0.3673745,0.371129,0.34501585,0.30875447,0.30459204,0.31476212,0.31354892,0.27382988,0.17557228,0.1082951,0.15867935,0.16765727,0.18301035,0.19454043,0.20505312,0.20884532,0.20639884,0.20065334,0.18732436,0.1662852,0.14268082,0.121013254,0.101097025,0.08279032,0.06685671,0.050263483,0.034995377,0.026745228,0.027921246,0.03300492,0.041228883,0.06257142,0.093001924,0.14395922,0.23037472,0.30395192,0.33519572,0.33204874,0.31001318,0.27677146,0.24209836,0.20194043,0.16517092,0.14388628,0.24718067,0.24285595,0.15947185,0.13558808,0.14260651,0.14789477,0.14953977,0.13557673,0.12441559,0.12621465,0.13405223,0.14091691,0.14443828,0.14021513,0.124134175,0.107030824,0.10177518,0.10429763,0.10942836,0.11564759,0.12453428,0.13529497,0.14280677,0.14419882,0.13869017,0.1299898
13.333336,0.4636182,0.42932647,0.4186477,0.41012752,0.39121437,0.3624545,0.33429325,0.31062737,0.29138356,0.27920252,0.28353703,0.3044722,0.34210888,0.39953163,0.4741931,0.56124014,0.72095495,0.8617003,0.89275086,0.8974673,0.8535499,0.7526684,0.63106495,0.5510622,0.4992678,0.43946564,0.346911,0.23885554,0.13464953,0.029031433,0.10200083,0.22492035,0.3461206,0.46345738,0.57373047,0.67286205,0.76265484,0.8400195,0.88538575,0.8715001,0.81343323,0.7444053,0.68829954,0.6531551,0.6411899,0.6131534,0.54696506,0.47325626,0.42325473,0.39542794,0.3792181,0.3666813,0.3600799,0.36422503,0.38195875,0.41998225,0.47941652,0.5565894,0.6406337,0.71622056,0.76967925,0.8024351,0.8101481,0.78480124,0.7351992,0.67235506,0.59884024,0.52735096,0.48163903,0.46043777,0.42296776,0.3502029,0.24612609,0.12327483,0.023581618,0.08860647,0.1662837,0.241424,0.32065192,0.413869,0.49199364,0.52896816,0.5089354,0.46225473,0.44035378,0.43514588,0.4185023,0.37662652,0.32058787,0.26118279,0.21473584,0.19241218,0.19014534,0.19030714,0.18598734,0.18009786,0.1762483,0.17591527,0.16630988,0.15706384,0.15495507,0.15773417,0.16875686,0.1859633,0.20144486,0.21395828,0.22585694,0.24185942,0.27073443,0.3142743,0.35933495,0.38582647,0.39635047,0.40834442,0.42735964,0.43921056,0.4393912,0.42547062,0.39221498,0.3395786,0.2734656,0.20514865,0.1488434,0.11120585,0.08828316,0.08030007,0.08729926,0.10423039,0.120248534,0.13002995,0.13411385,0.1327755,0.12442142,0.10986487,0.09960431,0.098502874,0.08464948,0.063039996,0.04701782,0.08606873,0.19626747,0.24802889,0.24445987,0.22841763,0.28054896,0.35344627,0.35983825,0.3341149,0.289971,0.2267062,0.18226647,0.15117939,0.119049445,0.11036019,0.122570015,0.13596328,0.146319,0.15371504,0.15975851,0.17097905,0.1912924,0.2200933,0.25067383,0.2790673,0.3031884,0.31429464,0.31252816,0.28887787,0.24795887,0.20040707,0.16533528,0.14414605,0.14013304,0.12641375,0.102393985,0.07810485,0.07654608,0.0831075,0.09109118,0.10171232,0.112882644,0.12194464,0.12804252,0.13036427,0.13084266,0.13508473,0.14495216,0.15585001,0.17188698,0.18838273,0.19345503,0.18732457,0.17782307,0.16682598,0.15487966,0.14118372,0.12445336,0.10624238,0.08996531,0.07973517,0.07147541,0.06724491,0.09280301,0.1242071,0.12347637,0.09242328,0.111942224,0.11604418,0.11679148,0.12090024,0.12088626,0.11776173,0.1169135,0.12390306,0.13322103,0.14712225,0.15834406,0.17392349,0.19371508,0.20347202,0.19905433,0.1847334,0.15627243,0.11211175,0.06478127,0.036141135,0.027934419,0.04842419,0.11551805,0.1809061,0.23406139,0.29405588,0.32297418,0.2918979,0.23645943,0.1872837,0.16527694,0.15371609,0.13436992,0.1018008,0.07771506,0.0754247,0.11553476,0.17400517,0.21006727,0.20890483,0.205558,0.20228826,0.1839395,0.1552368,0.12463699,0.108296104,0.10101438,0.09123555,0.086286895,0.07447325,0.05686867,0.094169214,0.14699012,0.15956059,0.15535396,0.14946745,0.15819035,0.18263458,0.20116141,0.20273729,0.18420403,0.1572732,0.13202691,0.11441716,0.10233656,0.09384566,0.089778535,0.10240919,0.12054467,0.1487744,0.13175854,0.09589362,0.12320369,0.20480606,0.40698943,0.4478526,0.09433459,0.19971952,0.270784,0.20081934,0.073962964,0.033991795,0.14183591,0.22261068,0.27547827,0.32764366,0.33357367,0.28054518,0.21126045,0.17398417,0.17924218,0.16982186,0.11836915,0.12382566,0.11495903,0.07690661,0.06887903,0.13471305,0.1355339,0.062467407,0.06352457,0.13024065,0.3617581,0.60466146,0.5876826,0.4973613,0.39133322,0.30860507,0.23545627,0.15389627,0.081089936,0.048374932,0.046261705,0.038787037,0.093428545,0.085786365,0.029963579,0.018484848,0.026686331,0.024863662,,,,,,,,,,,,,,,,,,,,,,,,,,,,,,,,,,,,,,,,,,,,,,,,,,,,,,,,,,,,,,,,,,,0.16389489,0.70722705,0.88433313,0.6880973,0.4837265,0.24585357,0.21491218,0.24880913,0.3287325,0.4435143,0.5254486,0.59306943,0.6440159,0.6825901,0.7033808,0.7068521,0.7110291,0.68344444,0.6041924,0.5090964,0.45552656,0.4274961,0.4149452,0.41774687,0.42100045,0.39480662,0.35410362,0.30868763,0.26685554,0.23973739,0.22919585,0.2201852,0.2007244,0.17462225,0.1561024,0.15750223,0.17976028,0.20932817,0.2443868,0.28389722,0.3229534,0.35768846,0.38093436,0.38047513,0.34269893,0.2848423,0.26634598,0.2680835,0.27625987,0.30034304,0.32604173,0.34000522,0.3404912,0.33516496,0.3328691,0.34200087,0.35739556,0.36577895,0.35561982,0.33327642,0.3203728,0.31971425,0.31980526,0.3015027,0.24451275,0.11778447,0.10338867,0.12709329,0.13816153,0.14118044,0.14738773,0.1604556,0.17239887,0.17739105,0.17611137,0.16985361,0.15566675,0.1328465,0.10999073,0.086557865,0.061289247,0.03877018,0.01909324,0.016327066,0.031351198,0.047431674,0.06469718,0.088011496,0.118445404,0.16626887,0.24239999,0.3081322,0.322316,0.30655107,0.28111956,0.25624937,0.22874646,0.1991417,0.16162258,0.12213332,0.115370005,0.23096476,0.22429931,0.1484799,0.12129636,0.13108665,0.14443482,0.14884253,0.13834985,0.13562849,0.14772378,0.16065429,0.1669582,0.16820854,0.15942456,0.14568345,0.13762444,0.14045906,0.14587876,0.14689085,0.15177743,0.1589485,0.16339737,0.1622284,0.15580346,0.14311197,0.1234979
13.25,0.45128474,0.44231537,0.41990197,0.39391392,0.36845085,0.341262,0.3207413,0.30396286,0.2938884,0.2909301,0.29929313,0.32106456,0.36361206,0.42975816,0.5009003,0.58317494,0.7497669,0.8751612,0.8961959,0.8947723,0.83678615,0.73217046,0.6221339,0.55621684,0.5122829,0.45465028,0.36324754,0.26374474,0.17093985,0.07570553,0.06782477,0.17494676,0.28955022,0.39903232,0.5070777,0.60406005,0.6871507,0.75673807,0.8111601,0.8307517,0.8116691,0.77093136,0.72878844,0.6908824,0.6659459,0.64708525,0.60823673,0.5491426,0.49434298,0.45661935,0.43766332,0.43318495,0.44250843,0.46764213,0.509273,0.5665458,0.6318566,0.69701564,0.75061786,0.78982323,0.81380105,0.8218713,0.80416507,0.75647324,0.69262105,0.61908746,0.5438877,0.48640427,0.45826146,0.4366072,0.38813338,0.30781576,0.20205171,0.084109604,0.07698342,0.124895036,0.14508487,0.20075205,0.27591985,0.38324192,0.48121485,0.5417546,0.5403835,0.49071977,0.4603053,0.4532028,0.441139,0.40481693,0.35244963,0.29948324,0.2579215,0.23755988,0.23569453,0.23690027,0.2328861,0.2256935,0.21918872,0.21165924,0.20187943,0.19348875,0.19124648,0.19688785,0.2077202,0.22235723,0.2363866,0.24815641,0.2583495,0.27209684,0.29824358,0.33540055,0.3718838,0.39252824,0.39702275,0.3966408,0.39717522,0.39217463,0.3764562,0.346625,0.30260724,0.2485209,0.1942058,0.15206042,0.12304218,0.101184,0.08666443,0.08795989,0.10464509,0.12298397,0.1348143,0.1388109,0.13765162,0.13185236,0.11919366,0.099517114,0.0825578,0.074705504,0.057525445,0.038675744,0.034880333,0.106887266,0.20337883,0.23024188,0.21895455,0.2143918,0.29261807,0.35276744,0.35029587,0.32450208,0.27845412,0.21710452,0.17999943,0.1547784,0.13002303,0.12884174,0.14388958,0.15763715,0.16902831,0.17783245,0.18677033,0.20136099,0.22649072,0.25499246,0.28347364,0.30856565,0.32591003,0.32596266,0.30322123,0.26645446,0.22924285,0.20454387,0.18874589,0.17701922,0.16614391,0.15984945,0.15476316,0.15387084,0.15657781,0.15781891,0.15868427,0.15819456,0.15662679,0.15452096,0.1520407,0.15021613,0.15059672,0.15748511,0.16422725,0.17304459,0.1909693,0.20911394,0.2170731,0.21353379,0.20636013,0.1989199,0.19017704,0.17769113,0.16077413,0.13958648,0.115134716,0.09030454,0.068121396,0.05287105,0.05086154,0.08784695,0.1309605,0.122255474,0.07782355,0.09960445,0.11212856,0.119449385,0.12557152,0.12553784,0.12647954,0.13567,0.14416344,0.1489598,0.15282978,0.15965061,0.17363761,0.18725814,0.18414658,0.16176783,0.12519024,0.08387219,0.058867164,0.04871042,0.04144125,0.08629914,0.15427779,0.20554984,0.25531638,0.30894175,0.3151277,0.25901932,0.20322236,0.16537057,0.15055864,0.14014444,0.122273766,0.095802516,0.0761485,0.08834793,0.13560943,0.1951079,0.2177122,0.20635368,0.20142347,0.18453056,0.15129156,0.114829324,0.091491744,0.06768208,0.05402366,0.052402906,0.055329006,0.046568494,0.07850847,0.11236308,0.12588477,0.12785487,0.1315777,0.14481676,0.17500962,0.20970169,0.22723408,0.22360735,0.20149945,0.17048742,0.14000659,0.11572899,0.095587745,0.073852316,0.08629244,0.13205728,0.17110743,0.17802149,0.115469776,0.0687972,0.16273127,0.33753905,0.46025908,0.13338889,0.21837339,0.28227672,0.30016705,0.25305665,0.13950437,0.031679317,0.08300067,0.17313676,0.24555518,0.31285697,0.32270226,0.26988068,0.19430856,0.14399698,0.12000143,0.1341896,0.10801036,0.113407046,0.10720078,0.062109444,0.07528398,0.15296623,0.1553965,0.06703803,0.04973326,0.0975528,0.32186937,0.5986413,0.5932159,0.50219005,0.40293568,0.31654966,0.23474307,0.14888191,0.08065203,0.04422694,0.038669225,0.029463425,0.07206081,0.10801202,0.026334263,0.013389691,0.02592619,0.026985466,,,,,,,,,,,,,,,,,,,,,,,,,,,,,,,,,,,,,,,,,,,,,,,,,,,,,,,,,,,,,,,,,,,0.19472598,0.71385324,0.9319238,0.7279182,0.5060449,0.26049593,0.22336216,0.2516298,0.33604637,0.4477,0.5298295,0.6009296,0.64878726,0.68477416,0.70520234,0.70913327,0.7149679,0.7029716,0.63679457,0.54102445,0.466908,0.43032366,0.4062355,0.41193944,0.42946288,0.41951972,0.3897643,0.34755033,0.3001163,0.25785968,0.24292739,0.23961963,0.23608996,0.22519691,0.2132175,0.21634538,0.2347073,0.2636914,0.29846334,0.34109983,0.3847482,0.41476303,0.4239272,0.39961565,0.34640354,0.3068048,0.30029553,0.30163366,0.31884912,0.34794858,0.37033343,0.40089107,0.38918552,0.35685158,0.35516956,0.36156294,0.36618477,0.3643328,0.35649768,0.35306787,0.3444533,0.32654503,0.29926962,0.2561157,0.18123834,0.09151862,0.10420332,0.11530339,0.10858942,0.102123015,0.10812677,0.11375183,0.124126405,0.13345812,0.13507126,0.135964,0.1279932,0.10851892,0.079541996,0.050794356,0.022839088,0.016565556,0.034701597,0.054945882,0.07367238,0.092238165,0.11441331,0.14508119,0.18302988,0.24151604,0.27645755,0.27578917,0.2625951,0.24402449,0.224936,0.21078572,0.19309916,0.16173986,0.12664002,0.08897372,0.089862406,0.21495523,0.21057336,0.12858467,0.104313344,0.119839996,0.14046702,0.1491508,0.14143263,0.14613207,0.16638285,0.18487634,0.19261959,0.19069232,0.18384826,0.17484698,0.16847748,0.16954379,0.1687924,0.16649964,0.16953246,0.17444058,0.17329915,0.1643443,0.14845961,0.12708366,0.10197989
13.166672,0.45472288,0.4210974,0.3824836,0.3595572,0.35095114,0.34149432,0.3332644,0.32735097,0.32314828,0.32589567,0.33762458,0.3592831,0.40020722,0.4611155,0.51400566,0.58897996,0.7586051,0.8761889,0.8941194,0.8828619,0.8227137,0.719699,0.62136775,0.564142,0.5282611,0.47956303,0.397126,0.30965844,0.229937,0.14949472,0.11243093,0.16034563,0.24293755,0.3402509,0.4427106,0.5382518,0.61578506,0.6745919,0.72382766,0.75590795,0.76913714,0.75481576,0.7357464,0.7126731,0.68390954,0.6595455,0.63664913,0.6035691,0.56697136,0.5405643,0.5329773,0.54410183,0.5711303,0.6113022,0.6584317,0.70629,0.7484286,0.78109723,0.804035,0.81915766,0.8229998,0.8058981,0.7622734,0.6975167,0.62771076,0.5532425,0.48826128,0.45123217,0.43177465,0.4028695,0.34740013,0.26426354,0.15820046,0.053058155,0.119189024,0.16753806,0.13617042,0.1490621,0.20499554,0.3221455,0.44110456,0.5325963,0.5569704,0.51174784,0.46947846,0.4602477,0.45552877,0.42755878,0.38053378,0.33227807,0.29287335,0.27171656,0.26787606,0.2689404,0.26644847,0.26075527,0.25419557,0.24641973,0.23705591,0.23045498,0.23185016,0.24008493,0.24995577,0.26124504,0.2705096,0.27568504,0.2797115,0.29120427,0.31718823,0.35080066,0.37855455,0.39148024,0.38892165,0.3780002,0.3623089,0.34087506,0.31010583,0.2728492,0.23238616,0.19386055,0.16240786,0.13780646,0.11410782,0.09326369,0.09081673,0.106906235,0.12486783,0.13619198,0.13929608,0.13631682,0.13012072,0.120345704,0.105223246,0.08491628,0.06495745,0.05038234,0.031514056,0.015821183,0.030543497,0.12775972,0.19609183,0.20814782,0.19258098,0.20693946,0.3058774,0.3492019,0.34086725,0.31550422,0.26712835,0.20738745,0.1773263,0.1583014,0.14127257,0.14755432,0.16664572,0.18194,0.19436286,0.2059883,0.21564975,0.23372398,0.25922123,0.282734,0.30449906,0.31826365,0.3191355,0.30419868,0.2791616,0.25940934,0.24348156,0.23202282,0.22595178,0.22718422,0.23332506,0.2392448,0.23486279,0.22397387,0.21373937,0.20546359,0.19886133,0.19033718,0.17905588,0.17015892,0.16474697,0.16230476,0.16144939,0.16468868,0.17128602,0.18321355,0.20072463,0.21918635,0.23187667,0.2354454,0.23331924,0.22975098,0.22489859,0.21542351,0.20005086,0.17809007,0.14901201,0.114290565,0.07858899,0.045874994,0.027970493,0.040401995,0.09209474,0.14613435,0.12224251,0.0814827,0.10315576,0.11465758,0.1267209,0.13374312,0.13525611,0.14358588,0.14946659,0.14917114,0.14731978,0.15052515,0.1569891,0.16427435,0.16273399,0.13999322,0.10379918,0.07815775,0.06897889,0.058282126,0.06395123,0.1224886,0.17614453,0.22473699,0.27297667,0.32022893,0.30650458,0.23257394,0.17971668,0.15316325,0.14156055,0.12734145,0.11332879,0.09298029,0.079151765,0.0974327,0.13334152,0.18125695,0.20277414,0.19328564,0.17789073,0.15326437,0.12468585,0.10023389,0.07577964,0.050215002,0.043095224,0.032102887,0.036707837,0.051849477,0.077957205,0.10209802,0.12177967,0.14569698,0.17041124,0.18931437,0.20755078,0.2298619,0.24070475,0.22938843,0.20056592,0.16643775,0.137612,0.11590282,0.09169565,0.0685947,0.1188234,0.18262453,0.18886276,0.1570799,0.05981121,0.084340066,0.20957139,0.3987623,0.36806872,0.13616842,0.23106284,0.22678237,0.2828387,0.276835,0.17898077,0.07466068,0.08776332,0.17710198,0.25871968,0.31107557,0.30491439,0.2501453,0.217927,0.21623157,0.040003736,0.05347856,0.06499071,0.08653231,0.10214816,0.058286574,0.08405064,0.17008638,0.17885384,0.06936541,0.039706375,0.082483396,0.2937431,0.5852591,0.59220326,0.5082907,0.41890138,0.3271232,0.24695858,0.174395,0.10253955,0.04540339,0.026571186,0.023306359,0.0658834,0.10589247,0.040108144,0.010369623,0.02861557,0.027165296,,,,,,,,,,,,,,,,,,,,,,,,,,,,,,,,,,,,,,,,,,,,,,,,,,,,,,,,,,,,,,,,,,,0.21132414,0.7470226,0.96339667,0.72102666,0.51962715,0.27970526,0.23161665,0.25930822,0.34819925,0.4567905,0.5436962,0.61550933,0.65883917,0.69135374,0.70744234,0.70887935,0.7181167,0.72063315,0.6673755,0.5699917,0.48016873,0.42978734,0.40634656,0.41334894,0.43394393,0.43243638,0.4124096,0.37634575,0.33026335,0.28007635,0.2563279,0.25529096,0.26231244,0.2653415,0.26358575,0.2693382,0.2873226,0.31734523,0.35096887,0.39019883,0.43072027,0.4521479,0.44216835,0.40094718,0.35472435,0.33530498,0.3362604,0.3444337,0.36822522,0.4091656,0.46425104,0.44385478,0.39175108,0.38563317,0.38512802,0.38463694,0.3814841,0.37304515,0.36266717,0.3509408,0.33068383,0.29884583,0.25571814,0.20737493,0.1510433,0.12506005,0.1204342,0.101962514,0.09505186,0.11767467,0.13136467,0.12838182,0.139028,0.1474832,0.14626402,0.14882733,0.15167479,0.14493516,0.12854278,0.110897265,0.096945405,0.101269074,0.11326474,0.12773274,0.1419341,0.15666856,0.17494611,0.19765683,0.21460368,0.22016145,0.21462795,0.21135867,0.20828202,0.20198882,0.19105984,0.18574698,0.17331308,0.13990721,0.10100299,0.06681528,0.08045994,0.21544032,0.19045804,0.111161605,0.08985466,0.110018335,0.13775408,0.14882816,0.1430208,0.15105903,0.17605616,0.19929093,0.2083172,0.20902988,0.21031727,0.20760478,0.19669019,0.18141985,0.16935635,0.16260551,0.16176717,0.16387795,0.16170718,0.15114422,0.13195243,0.1086098,0.08894294
13.083336,0.41199222,0.3713659,0.34479618,0.34155777,0.34962693,0.35147196,0.35699514,0.3638629,0.3704659,0.38003722,0.39306346,0.4099701,0.44041574,0.48390302,0.51775825,0.5833352,0.7483877,0.86504775,0.8817427,0.8678301,0.8132793,0.71607083,0.6267446,0.5737255,0.5497972,0.5162458,0.44771522,0.37481382,0.30499628,0.23288837,0.19028954,0.19457066,0.23577726,0.3108584,0.3973908,0.48435643,0.5537029,0.5978972,0.63508135,0.6656283,0.6967286,0.7047237,0.70550406,0.70411515,0.68921995,0.6645771,0.6406684,0.6183266,0.6006339,0.59576344,0.60865754,0.63610995,0.6721312,0.7111207,0.7477025,0.77795607,0.7988492,0.8109583,0.8177143,0.8145964,0.79302394,0.7501088,0.68794274,0.61972684,0.55464095,0.49021697,0.44741452,0.4264134,0.40062073,0.36227062,0.3035584,0.21806848,0.1101283,0.0368882,0.1476324,0.1977244,0.13987838,0.102644145,0.114829265,0.23923752,0.37560675,0.494867,0.55469507,0.5219362,0.46949387,0.45688283,0.46090543,0.4434538,0.4025993,0.35894287,0.32175595,0.2999638,0.2914181,0.2885048,0.28475738,0.28034896,0.275779,0.27139804,0.26825565,0.26993483,0.27712283,0.28515446,0.2900261,0.29256022,0.2918688,0.28845364,0.2891839,0.30278617,0.33096915,0.35990497,0.377074,0.3790395,0.3705777,0.35404655,0.32993636,0.30022508,0.26792398,0.23643687,0.20740072,0.17978759,0.15368296,0.12461484,0.09619389,0.08979772,0.10539571,0.12138842,0.13002785,0.1312321,0.12578799,0.117132254,0.107592076,0.09641914,0.082871005,0.066328034,0.046061203,0.025176931,0.0035353478,0.012763368,0.045342848,0.1394052,0.17944649,0.18502074,0.17083564,0.20994732,0.3167722,0.34390625,0.33202145,0.30651772,0.25531623,0.19778064,0.17483702,0.1621914,0.15066202,0.16141418,0.1851255,0.20538175,0.22124399,0.23253001,0.24361855,0.26046917,0.2794056,0.29344448,0.30183044,0.30101216,0.2923907,0.2805631,0.2726317,0.26838621,0.2740218,0.27530715,0.2775987,0.264578,0.24990974,0.23381725,0.21723792,0.20409909,0.1948209,0.1906838,0.19276088,0.19296211,0.1839673,0.17169043,0.16326113,0.15791477,0.15606152,0.15851957,0.16534789,0.1765543,0.19229493,0.21252911,0.23195814,0.24293628,0.24575263,0.24682528,0.24640322,0.24134561,0.22910202,0.20844291,0.17963615,0.14366326,0.10177698,0.056000683,0.012434231,0.025975646,0.057647172,0.122653194,0.16675273,0.12621756,0.09729488,0.11103415,0.12126953,0.13651472,0.14504844,0.14774828,0.1505128,0.14719744,0.14191556,0.14364387,0.15392989,0.15381649,0.14150195,0.11643976,0.09008217,0.079864785,0.077537954,0.065043,0.08790871,0.14188044,0.19244176,0.24217954,0.28435647,0.32715842,0.30069438,0.21536353,0.16735263,0.14940092,0.13375624,0.11523255,0.10576007,0.091820285,0.08205968,0.103665,0.12994744,0.15586255,0.17480093,0.16983066,0.15274194,0.13520133,0.112138756,0.0669484,0.052056078,0.042019308,0.034153003,0.018940337,0.008288514,0.047098827,0.102984436,0.14516537,0.17420869,0.20458393,0.21765678,0.21677597,0.2228764,0.24216184,0.24755959,0.22879353,0.19114526,0.15082324,0.12104879,0.104860015,0.08276416,0.09332421,0.19413742,0.19178672,0.14605102,0.114732005,0.044912748,0.1276997,0.23815529,0.39444157,0.21285594,0.18023282,0.20577101,0.19201186,0.28594786,0.27177107,0.17201816,0.082280196,0.13443707,0.21850252,0.27664968,0.30347157,0.25869647,0.24187556,0.25012547,0.11415283,0.00855466,0.04550697,0.053411152,0.07175263,0.080140874,0.048641514,0.08428112,0.17219748,0.1809276,0.06472841,0.018312505,0.06261799,0.31490692,0.5843731,0.5837676,0.4970748,0.40791845,0.32605222,0.25340062,0.18181837,0.10887817,0.03824936,0.015978301,0.014326229,0.06916576,0.10985721,0.056094784,0.012273036,0.022212781,0.028096367,,,,,,,,,,,,,,,,,,,,,,,,,,,,,,,,,,,,,,,,,,,,,,,,,,,,,,,,,,,,,,,,,,0.2439127,0.261769,0.8355922,1.0040711,0.7326273,0.54609567,0.29736033,0.23749352,0.26962277,0.36024246,0.46497735,0.55780447,0.6320811,0.67371476,0.7011789,0.7113776,0.70846486,0.71496725,0.72953874,0.6959371,0.6030956,0.49909022,0.43683478,0.41211188,0.42126137,0.4363059,0.4376441,0.42428908,0.39440745,0.35540977,0.30439806,0.2721758,0.26205176,0.27086246,0.28878334,0.3051546,0.31503454,0.32956257,0.36184028,0.39814854,0.42847654,0.45364517,0.46173137,0.4377575,0.39702034,0.3707131,0.3684746,0.37860635,0.40113407,0.45214412,0.5063865,0.45447594,0.42918593,0.41684523,0.41267917,0.4050889,0.39210826,0.376249,0.3599862,0.34408653,0.32383952,0.3007266,0.27292007,0.24154864,0.20968747,0.17895696,0.14700413,0.112913966,0.10219926,0.13262947,0.14368433,0.14898038,0.16012135,0.17990772,0.19475582,0.19850507,0.2030389,0.20246312,0.19223519,0.17523502,0.15549369,0.13659008,0.12637945,0.12504576,0.13367137,0.14514159,0.15678687,0.16445196,0.16410951,0.15456009,0.15211543,0.16218193,0.16966212,0.17160419,0.17342511,0.1750821,0.17442565,0.15948828,0.13021345,0.09150081,0.06158238,0.11418621,0.21552554,0.16376783,0.091177106,0.07509014,0.097739525,0.13166343,0.14686862,0.14345899,0.15111443,0.17529057,0.20000976,0.20661747,0.20481849,0.2128905,0.22566324,0.21917509,0.19097771,0.16170321,0.14533913,0.13974668,0.14361551,0.14579171,0.13611455,0.11744672,0.098831,0.088872954
13.0,0.3483654,0.3234416,0.3136039,0.3270954,0.3372684,0.35081193,0.37262467,0.39590353,0.4147447,0.43444073,0.44891414,0.4572339,0.47133982,0.4929963,0.5064985,0.5625215,0.7191875,0.8378018,0.8578126,0.8493976,0.8061463,0.72189087,0.6371391,0.5878241,0.57923913,0.56027883,0.50599897,0.4473908,0.38877508,0.32408547,0.2776454,0.26503244,0.2804104,0.32465878,0.38449073,0.45246068,0.5035838,0.5315575,0.5539012,0.5703446,0.6058979,0.6247223,0.63808465,0.65621126,0.66328055,0.6496276,0.62714016,0.6087093,0.60190696,0.6127582,0.6392735,0.67388105,0.7108825,0.7478526,0.7800556,0.80079657,0.8084244,0.8051514,0.7923997,0.764559,0.7193189,0.65965414,0.59571666,0.5371705,0.48451203,0.44057673,0.4230687,0.39701024,0.35940576,0.31996587,0.2555203,0.16690473,0.058893517,0.051448062,0.1486716,0.19398127,0.14099881,0.079689674,0.030438077,0.1627349,0.30186856,0.4355413,0.5297551,0.51602626,0.46304446,0.44340423,0.45666158,0.45074627,0.42057732,0.38343522,0.3513621,0.33005348,0.31676635,0.30869636,0.30298847,0.30004168,0.2989492,0.2990192,0.30137405,0.3072639,0.3130784,0.31485218,0.3116706,0.30664527,0.3011612,0.2988023,0.30380654,0.320095,0.34308064,0.3619076,0.3682478,0.36301044,0.35098746,0.33309624,0.31192374,0.28509364,0.25750664,0.22936366,0.19924572,0.16481319,0.12727827,0.09395685,0.08429194,0.09434787,0.104460925,0.10874836,0.10796889,0.10282343,0.09384779,0.08208167,0.07121311,0.06401157,0.0575381,0.04696522,0.029327096,0.016273819,0.024394996,0.024934767,0.06919016,0.14139912,0.16301805,0.16123451,0.15787089,0.22525938,0.3226148,0.33557552,0.32267052,0.2964729,0.24285226,0.18778834,0.17272635,0.16722904,0.16095255,0.1749956,0.20148288,0.22351825,0.24139476,0.2523895,0.2616428,0.27380642,0.28298134,0.28683293,0.28401688,0.27711806,0.2747497,0.2835235,0.29889497,0.3090478,0.31079885,0.3009747,0.28002962,0.25177193,0.22140293,0.19851801,0.17998454,0.16222161,0.14009082,0.118940964,0.108164676,0.11259939,0.11871062,0.1250539,0.13130346,0.1339589,0.13593768,0.14019573,0.14522974,0.15278833,0.16670041,0.1889702,0.21245132,0.22994646,0.24089155,0.24999164,0.25559032,0.25557035,0.24777074,0.2314362,0.2066794,0.17349574,0.13215363,0.084623985,0.03363125,0.01956708,0.053097878,0.0916527,0.16287133,0.18135825,0.13045034,0.1197571,0.1261621,0.1403086,0.15221612,0.15446503,0.15429136,0.1473334,0.13696016,0.1344463,0.14690052,0.15361007,0.13580951,0.102866575,0.079345405,0.08003902,0.081711985,0.07157494,0.10385801,0.1547323,0.20811534,0.25214064,0.29138702,0.33017445,0.30005702,0.20854053,0.16146089,0.14782034,0.12889901,0.10807606,0.09927281,0.09064257,0.0809635,0.101249024,0.12632963,0.1390729,0.14844447,0.1470761,0.13509677,0.11706106,0.07113958,0.066180445,0.0624695,0.055508412,0.044022612,0.026684778,0.033331342,0.08946702,0.15121292,0.18798752,0.20212945,0.20179304,0.19582993,0.20200248,0.22739203,0.24863942,0.2394142,0.20734039,0.16241702,0.11434536,0.07104234,0.052804127,0.053692218,0.13940166,0.23114213,0.16363364,0.15519121,0.14702985,0.120174095,0.18961473,0.28592557,0.36237893,0.17906967,0.17265594,0.17888777,0.2144624,0.28226778,0.22169648,0.114740185,0.10378156,0.18348852,0.25005707,0.2521985,0.23123205,0.20795059,0.24226342,0.2620187,0.09331458,0.046514586,0.045145504,0.022111773,0.049940918,0.05329957,0.031603094,0.076607846,0.16082738,0.17051284,0.09045021,0.022267515,0.026317175,0.3905141,0.59701383,0.5652396,0.4789691,0.3940081,0.32622313,0.25866827,0.19060904,0.11669086,0.034508828,0.020363998,0.0019552277,0.07740289,0.11167252,0.061959855,0.018178023,0.016397228,0.030240288,,,,,,,,,,,,,,,,,,,,,,,,,,,,,,,,,,,,,,,,,,,,,,,,,,,,,,,,,,,,,,,,,,0.21516263,0.26750267,0.8740652,1.01706,0.7600251,0.55388606,0.31431958,0.24537851,0.27908963,0.37080494,0.47401884,0.5743673,0.65207046,0.69103366,0.7122784,0.71287143,0.70194083,0.70546186,0.73408294,0.7219267,0.6392741,0.52782506,0.45805055,0.4283742,0.42595276,0.43708986,0.4369253,0.42867956,0.4069868,0.37726864,0.33174822,0.2911645,0.26656675,0.26478335,0.28853688,0.31964535,0.34082717,0.35587794,0.38579503,0.42452198,0.4478632,0.45402622,0.44746596,0.42371374,0.40209123,0.39855462,0.4097304,0.436308,0.500938,0.55270314,0.4790959,0.4544436,0.44605076,0.43337288,0.41345486,0.38673377,0.36488384,0.34911445,0.33907154,0.32784718,0.3150014,0.30210856,0.2854808,0.25993764,0.22549787,0.1804006,0.13342908,0.11925613,0.14194497,0.16009453,0.16613357,0.18852125,0.22333303,0.2547548,0.2729519,0.27449116,0.26186997,0.2438384,0.22847235,0.21344927,0.19558848,0.1720481,0.14618804,0.12519655,0.11614074,0.11373813,0.114583366,0.115257755,0.114075966,0.11807798,0.12840839,0.14073348,0.14636302,0.14729825,0.1595072,0.16961707,0.16500331,0.15174037,0.1291783,0.094074056,0.07610794,0.16830896,0.19664031,0.12773052,0.0754922,0.06767361,0.08543555,0.12197079,0.14314044,0.14191289,0.14525326,0.1627875,0.18695489,0.19442514,0.18038459,0.16607063,0.17621376,0.19511618,0.19034839,0.159753,0.13334751,0.12551242,0.12727182,0.12805904,0.11883933,0.103149585,0.0924736,0.08865448
12.916672,0.29152283,0.2757437,0.27659452,0.29192248,0.3086808,0.33333442,0.37002724,0.41077113,0.4450756,0.47643733,0.49496356,0.49596837,0.49532157,0.4973686,0.4900807,0.5304187,0.68075925,0.80037725,0.8259764,0.82433873,0.8025425,0.7377236,0.6609026,0.6126844,0.6111336,0.60387844,0.5656821,0.5215654,0.47429004,0.41718584,0.3682519,0.33960435,0.33351776,0.3504182,0.38194224,0.42133427,0.44862515,0.4619593,0.47106314,0.47723654,0.50728506,0.5313067,0.55090934,0.5793201,0.6051682,0.6133725,0.6022984,0.58583885,0.58736247,0.60966265,0.6408529,0.6756459,0.71516234,0.75390923,0.77849025,0.7837507,0.77246624,0.7494614,0.71520793,0.66877955,0.6129754,0.5550165,0.5052566,0.46228617,0.42895263,0.4087612,0.39784923,0.3394337,0.3122341,0.27894148,0.19786553,0.107472286,0.032763902,0.07059424,0.14382546,0.16938359,0.14121354,0.0901965,0.027443323,0.12010245,0.2291946,0.36659467,0.4946689,0.49968028,0.45131165,0.4231364,0.4438088,0.45052966,0.43201464,0.40236664,0.37973958,0.36176264,0.34752116,0.33514786,0.32538512,0.32050362,0.31917104,0.31853384,0.31844735,0.31904203,0.31946352,0.31759328,0.3133974,0.31106314,0.31265494,0.318718,0.3291983,0.34226033,0.35700208,0.36480585,0.36303937,0.35398993,0.3407703,0.32377827,0.30189127,0.2739854,0.24496645,0.20897071,0.1667083,0.12319419,0.09045016,0.07599906,0.07409065,0.07415768,0.07285328,0.07066958,0.06728972,0.060562365,0.049548313,0.03788075,0.035031475,0.04003723,0.041732028,0.035578396,0.028896887,0.038614172,0.046219155,0.029885985,0.08866515,0.13288678,0.1440118,0.13929978,0.15446487,0.24907497,0.32264063,0.32503086,0.3129658,0.28545102,0.23015258,0.17893279,0.171804,0.17265825,0.16967982,0.18324286,0.20971431,0.23340482,0.25182468,0.26268008,0.26883137,0.2737313,0.27580395,0.27296704,0.26684383,0.26722655,0.285934,0.31633636,0.3331506,0.334489,0.31663692,0.29163736,0.2604174,0.2231232,0.19052866,0.1667057,0.1483565,0.13064878,0.10992463,0.088692896,0.068731196,0.050965663,0.03713855,0.029202856,0.042633,0.070693135,0.09255898,0.104183316,0.11301944,0.11943809,0.12923001,0.14887539,0.17447904,0.19916524,0.22122414,0.24038401,0.2547193,0.26098588,0.25886628,0.24992414,0.23298077,0.20637874,0.1702128,0.12572199,0.074308865,0.015406299,0.045521874,0.0835813,0.14230777,0.20272231,0.18721634,0.14533421,0.14411849,0.15290746,0.16182062,0.16271774,0.15966728,0.1489411,0.1340912,0.12543045,0.13477807,0.14900295,0.13843808,0.1032947,0.07969351,0.08489557,0.08489437,0.07886863,0.11382997,0.16558066,0.21814899,0.25790852,0.29689324,0.33066696,0.3050975,0.21359982,0.16017658,0.14563577,0.12905025,0.10660978,0.093332574,0.08751199,0.08133921,0.09468529,0.118520685,0.1272099,0.12999895,0.12989718,0.11633194,0.08485748,0.08228059,0.08577226,0.0818371,0.07213599,0.053091507,0.029994568,0.07647864,0.13524725,0.16856392,0.17343771,0.16637452,0.15789519,0.16326456,0.19819997,0.23328212,0.23763466,0.20962295,0.16153003,0.10489356,0.053813875,0.0340262,0.03067668,0.09554673,0.18373471,0.24648325,0.22154915,0.22640023,0.2026816,0.21686096,0.27789676,0.3262141,0.2726812,0.14622518,0.11849529,0.15270019,0.18818325,0.20626004,0.14187777,0.083809495,0.14296496,0.21303141,0.23727827,0.22734177,0.1937743,0.19696558,0.2386055,0.26171944,0.117340855,0.04917521,0.11090526,0.048313588,0.043012388,0.036711875,0.027362326,0.060764026,0.13784738,0.16749376,0.10674231,0.05145552,0.056993414,0.48318166,0.6058165,0.5471219,0.46695235,0.3913635,0.32206523,0.25925002,0.19674806,0.119222865,0.031472974,0.03139311,0.01926801,0.0755111,0.10471505,0.069589876,0.02989592,0.0080620395,0.034807533,0.029936427,,,,,,,,,,,,,,,,,,,,,,,,,,,,,,,,,,,,,,,,,,,,,,,,,,,,,,,,,,,,,,,,,0.10104473,0.31763157,0.9388287,1.016073,0.7456265,0.5538633,0.32416815,0.25613883,0.28537214,0.37785715,0.48076922,0.587261,0.66933423,0.708361,0.7266177,0.72041756,0.69874406,0.69416547,0.7251389,0.7399217,0.6731402,0.5630895,0.48356447,0.4450865,0.42882818,0.43142262,0.43175167,0.4281503,0.4157536,0.3949157,0.35977438,0.31992194,0.2867194,0.2696922,0.28065833,0.31100503,0.34318396,0.36627266,0.39069584,0.42194405,0.4420719,0.44253734,0.4330623,0.42222258,0.42224786,0.4390822,0.47514513,0.54292583,0.58197534,0.5146976,0.47868532,0.46027207,0.43698394,0.41144717,0.38734674,0.3683184,0.35606652,0.3513134,0.35011744,0.3468544,0.3394218,0.32494283,0.29703665,0.25492048,0.20259452,0.15516451,0.14106065,0.15599197,0.17421176,0.19980426,0.23284134,0.27182856,0.30881947,0.33028874,0.32987648,0.31069362,0.2833346,0.2577212,0.23841968,0.22440015,0.20987867,0.18908551,0.17026892,0.14969492,0.124912694,0.10441778,0.099255964,0.103519954,0.113091625,0.12204648,0.12790492,0.12889558,0.12907505,0.1315024,0.1440751,0.15489723,0.1514351,0.14296979,0.12730832,0.107710764,0.111071266,0.18411724,0.17318456,0.10528386,0.07115525,0.064232714,0.07305787,0.107126236,0.13667355,0.14264193,0.14376599,0.15234691,0.1668424,0.17569338,0.16154861,0.13268664,0.11418664,0.12828834,0.1463169,0.14303921,0.13152581,0.12287826,0.11088955,0.10179926,0.094469786,0.08514423,0.08354184,0.08478499
12.833336,0.25119352,0.228717,0.23695928,0.25331485,0.27582347,0.30457363,0.35178083,0.41098672,0.4631625,0.5093561,0.53565747,0.53176427,0.51754457,0.5001085,0.47274473,0.4945531,0.63402456,0.75444674,0.78566754,0.79104114,0.7974351,0.7636977,0.7005446,0.6477648,0.64324707,0.6456745,0.62607616,0.59627503,0.56083935,0.51244265,0.4625398,0.4203575,0.38977164,0.37580416,0.3743688,0.37814325,0.37910518,0.37795237,0.379602,0.38273168,0.408632,0.43213397,0.4501395,0.48544413,0.5229915,0.538301,0.5361559,0.54249066,0.5601761,0.5794465,0.60651404,0.6469627,0.6906349,0.71935576,0.7232912,0.70813876,0.68086725,0.6461106,0.603464,0.5560865,0.5066157,0.46502474,0.4329399,0.40619785,0.3890653,0.38047868,0.33851206,0.25526926,0.28810304,0.24003366,0.12970923,0.05221693,0.055584952,0.07041801,0.11423898,0.097416855,0.11502354,0.08304342,0.041511577,0.10047331,0.15890633,0.29724544,0.45320952,0.46789643,0.43683463,0.3968576,0.4192765,0.44338828,0.43874922,0.41687968,0.4020886,0.39025962,0.37963477,0.36683378,0.3530405,0.34219074,0.3350767,0.32964426,0.3251549,0.3215401,0.31955758,0.31928405,0.321031,0.3252444,0.33203587,0.34003216,0.34859505,0.35746717,0.36222827,0.36069676,0.35219797,0.33828962,0.32105854,0.29863563,0.26851982,0.23755462,0.20421626,0.16435376,0.12749901,0.095308125,0.06994684,0.051498897,0.03596684,0.026728017,0.027995799,0.031370465,0.029978458,0.022762889,0.011373913,0.010854209,0.022539541,0.03274564,0.03583807,0.037670624,0.04891219,0.06169051,0.05859123,0.042454626,0.09307434,0.11762977,0.12474552,0.12503017,0.16228141,0.2735513,0.3174432,0.31365725,0.30207148,0.2722555,0.21733345,0.1730139,0.17401308,0.17957099,0.17758802,0.18839078,0.21130861,0.23425813,0.2521129,0.2625548,0.26543525,0.26604056,0.2652639,0.26151174,0.26255196,0.28221622,0.32224694,0.34643707,0.34485626,0.32499072,0.2976256,0.26401347,0.2268857,0.19257931,0.1664206,0.1464246,0.12991251,0.11593084,0.10120064,0.08286284,0.061632548,0.037361246,0.014643262,0.006072396,0.02861919,0.037256118,0.016268939,0.024130672,0.05995944,0.07656456,0.086947486,0.09971635,0.121214926,0.1507695,0.183841,0.21422255,0.23730804,0.25291866,0.26205856,0.26562947,0.26101103,0.24478465,0.21491006,0.17219271,0.12092576,0.06317794,0.015123679,0.065150365,0.11822259,0.19434138,0.22458531,0.1824293,0.16981247,0.17707491,0.17586923,0.16909643,0.1623442,0.15155913,0.13608465,0.12187128,0.12561646,0.14073722,0.1390449,0.11002158,0.089306846,0.0933796,0.089579344,0.08579709,0.12018761,0.17284165,0.22313908,0.26409745,0.29903793,0.3282976,0.31304294,0.22680108,0.15997384,0.1432461,0.13206844,0.1093218,0.09106401,0.08683493,0.08692759,0.0953152,0.109784275,0.11606966,0.11475845,0.11080133,0.104080275,0.10367092,0.107301615,0.10408002,0.095128,0.07199162,0.030846579,0.052249335,0.08267701,0.14588784,0.17800075,0.16636512,0.15188135,0.155702,0.18857887,0.22223675,0.23005864,0.21007304,0.16680531,0.098784134,0.035439573,0.073884755,0.12209363,0.17080674,0.16551569,0.20066677,0.2686929,0.28353813,0.2780646,0.27647987,0.3121598,0.35699937,0.34492457,0.22407445,0.071595214,0.10411506,0.14201552,0.14066269,0.13872644,0.08146274,0.090913266,0.15940589,0.20225774,0.21452974,0.22091642,0.1975402,0.19677375,0.23191689,0.25132594,0.15348662,0.022624413,0.11247032,0.08767106,0.062810265,0.038240656,0.026814545,0.03511718,0.093928844,0.15042697,0.096739806,0.06386515,0.1943016,0.5534684,0.58318377,0.51580274,0.44302395,0.37765443,0.3220042,0.26375642,0.20305656,0.1271228,0.041237537,0.03386109,0.026330067,0.07287057,0.10430597,0.09111082,0.054923605,0.009192296,0.022808956,0.02193343,,,,,,,,,,,,,,,,,,,,,,,,,,,,,,,,,,,,,,,,,,,,,,,,,,,,,,,,,,,,,,,,,0.1158949,0.4664649,0.99303955,0.9902076,0.75729555,0.55377114,0.33614165,0.26672417,0.28443187,0.37398034,0.48009917,0.59728914,0.68613756,0.72658193,0.7418281,0.7317592,0.7002322,0.6790485,0.7003681,0.73860765,0.7057603,0.59531415,0.49803475,0.45744076,0.4283051,0.42281252,0.42224565,0.42092118,0.41649878,0.40261447,0.3799734,0.34925598,0.31822714,0.29377103,0.288971,0.3048158,0.33574694,0.36677724,0.3905536,0.41358915,0.43284115,0.43818152,0.4378273,0.44598684,0.4713392,0.52145725,0.59096915,0.6054538,0.5430387,0.49259868,0.46451318,0.4388655,0.41260004,0.3972972,0.38921636,0.38463217,0.38109717,0.3796855,0.37765786,0.36839423,0.34807357,0.31513163,0.26954222,0.21980996,0.18723388,0.18293118,0.19623438,0.22153772,0.25410858,0.28971764,0.32742858,0.36065477,0.3796916,0.3758077,0.35362536,0.33219218,0.30951428,0.2813244,0.25752956,0.24138746,0.22536671,0.20640132,0.19629018,0.18100947,0.15293632,0.11853843,0.10063355,0.10260434,0.112384535,0.11929499,0.12232891,0.12162231,0.12002222,0.115706846,0.12320368,0.13840036,0.14252861,0.13435641,0.12564148,0.122930735,0.14524554,0.18439223,0.15890867,0.09851917,0.07304458,0.06448087,0.063091606,0.08654601,0.121640205,0.14002308,0.14622837,0.14942616,0.152866,0.15468995,0.14652415,0.12162216,0.09217055,0.087753244,0.10538001,0.11675387,0.11672404,0.1079997,0.0895183,0.070005335,0.06012909,0.05811229,0.06550695,0.072703764
12.75,0.21248598,0.19354998,0.2061523,0.22178455,0.24469632,0.27387428,0.3313833,0.4050695,0.47182178,0.53337413,0.564954,0.5570422,0.52967346,0.49351037,0.4510246,0.4571382,0.57208675,0.68632764,0.72722703,0.7446082,0.78233707,0.792337,0.75570846,0.6991231,0.68233323,0.68754566,0.6826148,0.66682017,0.64471185,0.60902244,0.56372,0.5167256,0.47008482,0.4321409,0.4017671,0.37577486,0.35437784,0.33196223,0.32600746,0.32587883,0.33739024,0.35320628,0.36722004,0.39595062,0.42393106,0.44560692,0.46569693,0.47710317,0.48222813,0.5026788,0.53946733,0.5781279,0.6086322,0.620712,0.6120206,0.59092283,0.5627803,0.5292299,0.4933774,0.457059,0.42247635,0.39756152,0.37584612,0.35947722,0.3456886,0.31127265,0.24004099,0.18737751,0.30304673,0.18710604,0.06667244,0.012573711,0.030732604,0.05089524,0.07327636,0.03719672,0.05591356,0.055929955,0.052410044,0.06637585,0.07576147,0.22476979,0.40179616,0.42146504,0.41733176,0.36677304,0.3851427,0.4236115,0.43971783,0.4281701,0.41506726,0.4101744,0.40541044,0.3988475,0.39019668,0.38026527,0.37111714,0.36276096,0.3552565,0.34910804,0.34502813,0.34286952,0.3426296,0.34445128,0.34734982,0.34981725,0.3510765,0.35043228,0.34610003,0.33685127,0.32261336,0.30364555,0.28163362,0.25483248,0.22728443,0.19673236,0.16809052,0.13883357,0.112940446,0.088148594,0.06378551,0.0406608,0.022345273,0.016052686,0.022312274,0.02514083,0.022759775,0.017525643,0.015793664,0.024009956,0.032056354,0.03951492,0.048912928,0.06294446,0.07503207,0.07656282,0.052999217,0.056011822,0.08914287,0.10602988,0.11220861,0.12134336,0.18308134,0.29091248,0.31037208,0.30222002,0.2882054,0.25629386,0.20586699,0.17342745,0.18227506,0.18981415,0.18609695,0.19295585,0.2106714,0.22989036,0.2460305,0.25512847,0.256946,0.25679746,0.25691053,0.25907746,0.27613926,0.31409696,0.3413893,0.34524813,0.3282624,0.2967488,0.25858402,0.22192216,0.18533283,0.15542789,0.14030455,0.1308708,0.12093325,0.11356559,0.10178786,0.08607009,0.06949558,0.05282051,0.034909703,0.021578697,0.036291048,0.05687637,0.07873105,0.0835175,0.054323286,0.0115593495,0.032967236,0.05146574,0.06666134,0.0889367,0.124932624,0.16681452,0.2009856,0.22645083,0.24949099,0.269731,0.28154626,0.27886435,0.25779647,0.21900497,0.16949189,0.1158906,0.051819872,0.028870635,0.089551084,0.16980872,0.23410654,0.22004084,0.19945048,0.20402972,0.19346188,0.1739683,0.16119362,0.14863397,0.1378567,0.12238377,0.1237057,0.13518591,0.13696095,0.116389684,0.1023454,0.105223656,0.09694752,0.09388905,0.1278087,0.18056132,0.22887892,0.26809192,0.29687962,0.32531393,0.32122475,0.24393566,0.16187946,0.14161257,0.1337271,0.11288474,0.093350634,0.08867543,0.09162828,0.10173312,0.11113943,0.11269105,0.10839522,0.11114057,0.11624709,0.123894215,0.1269902,0.117656104,0.09025019,0.046321895,0.034593005,0.06641016,0.08531743,0.14596374,0.19321458,0.1839077,0.18360934,0.20870472,0.22972262,0.2290769,0.2082538,0.17411847,0.119679384,0.024739899,0.09597651,0.1078799,0.33994126,0.2617636,0.20531045,0.18896113,0.219048,0.28088957,0.33405498,0.3552522,0.37454113,0.34181866,0.22219217,0.0081134625,0.13446157,0.15298976,0.1290334,0.103935756,0.08213165,0.044931173,0.098103374,0.1593869,0.18956798,0.2057836,0.22045395,0.19656919,0.18854488,0.21871346,0.23717125,0.1757386,0.007794151,0.0834608,0.060042255,0.04168628,0.026664414,0.029352067,0.021236204,0.06728269,0.107889615,0.08546688,0.13606656,0.4289684,0.57044804,0.5297849,0.47710982,0.41903925,0.36644295,0.32153222,0.27257743,0.21071267,0.13341103,0.046811935,0.05334603,0.038662348,0.040153984,0.09470472,0.11246026,0.08863554,0.027494902,0.0069538066,0.019773725,,,,,,,,,,,,,,,,,,,,,,,,,,,,,,,,,,,,,,,,,,,,,,,,,,,,,,,,,,,,,,,,,0.15997954,0.5979477,1.0596356,0.987703,0.79498863,0.5898844,0.37361714,0.28701094,0.28752095,0.3664985,0.47152737,0.60140216,0.7037885,0.7512602,0.7634612,0.74892795,0.71254325,0.67505974,0.6765669,0.7185497,0.72111374,0.6312118,0.5230592,0.4673899,0.43227446,0.4150799,0.41098025,0.41062376,0.41253227,0.40492228,0.39074546,0.37209848,0.3502119,0.32629868,0.31352565,0.31634036,0.336488,0.36526382,0.39230794,0.4154085,0.43515533,0.4499973,0.46761307,0.50109583,0.5557537,0.60991937,0.59937245,0.5542083,0.5011638,0.46601626,0.4431703,0.42591423,0.41552284,0.4111181,0.41187727,0.41321924,0.40875542,0.3963365,0.37742546,0.34986916,0.31193507,0.2706485,0.23817521,0.22531238,0.23542145,0.25785974,0.28145757,0.3042373,0.32935417,0.35542393,0.37638548,0.38686633,0.38263997,0.36132428,0.34835666,0.3569257,0.34215653,0.317406,0.29549903,0.27467272,0.25247443,0.23136975,0.22059177,0.20404759,0.1794007,0.15182938,0.1291942,0.12131696,0.124425314,0.12399969,0.1203632,0.114225626,0.10953589,0.10011307,0.104222074,0.11734131,0.1277972,0.13040964,0.11832771,0.12037662,0.14930695,0.17698051,0.15817888,0.10534566,0.078195155,0.067663826,0.05943707,0.06728177,0.09682851,0.12736584,0.14446639,0.1508042,0.15211049,0.1496181,0.13941756,0.119429335,0.09679227,0.08517673,0.08798789,0.09459825,0.09536899,0.087564744,0.07119554,0.048157968,0.030780958,0.030097086,0.041377746,0.055256516
12.666672,0.16400059,0.16301893,0.1753503,0.20057139,0.22535227,0.2527894,0.31150478,0.39084926,0.47029355,0.54405266,0.58074594,0.570375,0.53109837,0.47739762,0.42278194,0.42011034,0.4996443,0.5918999,0.6458057,0.67751735,0.7459712,0.8142092,0.82370895,0.7778152,0.7423326,0.7338233,0.73202276,0.72786194,0.719566,0.70053095,0.66670096,0.6257861,0.57887554,0.52888453,0.48201206,0.43657443,0.39416912,0.3560482,0.33024147,0.31033286,0.29981014,0.2918251,0.28647116,0.29942757,0.32196867,0.34428677,0.35399964,0.35941488,0.37746796,0.40248162,0.4268417,0.45890197,0.4936739,0.506666,0.49790615,0.48042995,0.45661926,0.4284729,0.4018762,0.37807354,0.357725,0.34002483,0.31903657,0.30314606,0.2630592,0.20457466,0.14897113,0.19190519,0.3270757,0.14369705,,,,0.047794744,0.026519608,0.018611033,0.026627243,,,0.018084856,0.0585401,0.14513494,0.33123004,0.36491975,0.3931523,0.33852553,0.34533364,0.38924533,0.42835674,0.43484998,0.42761013,0.42285514,0.41960818,0.41525733,0.4127171,0.40888932,0.40193722,0.39437798,0.38729063,0.38036987,0.3739166,0.36800075,0.3626604,0.35790727,0.35304603,0.34839353,0.34265432,0.33462715,0.32420272,0.31099525,0.29470533,0.2747354,0.2521867,0.22814912,0.20637742,0.18545127,0.16587779,0.14320652,0.12352945,0.10356064,0.080373004,0.061251402,0.05190536,0.049583282,0.04888509,0.04513105,0.041781887,0.040718332,0.04382454,0.052446544,0.06036759,0.06907365,0.08013412,0.08981952,0.089161985,0.07233997,0.041105438,0.059253085,0.08240722,0.09767127,0.10478077,0.1261159,0.21611021,0.2954713,0.29868823,0.28846127,0.27022645,0.23823549,0.19634326,0.17972565,0.19479266,0.20173436,0.19405428,0.19552502,0.20771657,0.22251968,0.23737597,0.24759932,0.24989417,0.2507536,0.2547867,0.26643503,0.29695046,0.3347731,0.34258187,0.33353442,0.30832234,0.26222104,0.22012827,0.18464555,0.14971085,0.12736973,0.123734266,0.124418594,0.123366036,0.119568296,0.10777403,0.09260093,0.07600112,0.0592866,0.043974042,0.037237976,0.04598331,0.062124398,0.08418769,0.104233734,0.11728164,0.113014795,0.07652546,0.029424412,0.02447859,0.04033468,0.061583184,0.09884206,0.14291987,0.18201315,0.21719071,0.25306258,0.2850965,0.30299884,0.29724485,0.265607,0.2159656,0.16096413,0.10472396,0.02619505,0.05287702,0.1383526,0.22033036,0.241258,0.22489512,0.22670905,0.21225792,0.18281916,0.1595793,0.14277668,0.13662411,0.12920046,0.12601359,0.13275352,0.13409273,0.12162421,0.11617292,0.1179554,0.10400349,0.10107674,0.1363554,0.19130322,0.23500605,0.26784,0.29306033,0.32134786,0.32533154,0.25953895,0.16917612,0.14027484,0.13191038,0.11476843,0.09928661,0.09423119,0.09503616,0.10625009,0.11994769,0.1258296,0.123670734,0.12688667,0.13590796,0.14403832,0.13975725,0.114948794,0.0715712,0.0372724,0.06802675,0.07401534,0.0836377,0.13190767,0.18280987,0.19911726,0.22786464,0.24976204,0.24711245,0.22469126,0.18881173,0.14286773,0.075901836,0.051709894,0.1873416,0.16806027,0.42561355,0.3340642,0.26371723,0.21885028,0.18483333,0.19664025,0.2814668,0.31839588,0.24754262,0.083767794,0.09015211,0.16196546,0.15581885,0.12694396,0.09693372,0.065946564,0.039498445,0.055107664,0.114940695,0.16477847,0.18775372,0.19217473,0.19163075,0.17525475,0.17534025,0.2004452,0.22555648,0.18357697,0.028762778,0.077506244,0.048813574,0.031867184,0.036921404,0.035587177,0.037731197,0.06842246,0.099207245,0.14016211,0.2962284,0.5195688,0.5150295,0.47116086,0.434248,0.38998848,0.3501554,0.3179205,0.2819773,0.22587077,0.15288812,0.06274349,0.031174546,0.057711277,0.020028478,0.06476533,0.1056153,0.11107333,0.045819733,0.006574546,0.017720774,0.01511882,,,,,,,,,,,,,,,,,,,,,,,,,,,,,,,,,,,,,,,,,,,,,,,,,,,,,,,,,,,,,,,,0.23287666,0.7124779,1.0757495,0.92186505,0.79058975,0.61983216,0.4168713,0.3118473,0.28951132,0.35086063,0.45244777,0.59698534,0.71662134,0.77745473,0.78854144,0.7698466,0.7328905,0.68162674,0.6567312,0.69056207,0.7286539,0.6697582,0.5607268,0.4824495,0.4365696,0.40701783,0.40017906,0.39962232,0.40709648,0.40975735,0.406225,0.39593425,0.38281044,0.361763,0.34433872,0.34228915,0.35761926,0.38225612,0.40733922,0.43248937,0.45967185,0.4897151,0.524633,0.5736343,0.6092415,0.5986836,0.551719,0.5065282,0.47386232,0.4545691,0.4453074,0.44029167,0.4348109,0.42966375,0.4264094,0.42174664,0.40761933,0.38032296,0.34381494,0.30554104,0.2758338,0.26497698,0.27482167,0.29685226,0.3216548,0.3424476,0.35845917,0.36916238,0.37560722,0.37995398,0.37579557,0.354327,0.31853363,0.29561353,0.31738943,0.35300383,0.35620695,0.3343572,0.31043473,0.28967968,0.26515135,0.2517556,0.24045393,0.21993522,0.19480889,0.17552102,0.15814316,0.1407289,0.13641235,0.12943235,0.12166693,0.11104703,0.100018956,0.08682064,0.08559651,0.091482,0.10449535,0.117510244,0.11269219,0.0993613,0.11981801,0.15236287,0.15506671,0.11744469,0.08452751,0.07178371,0.06302116,0.062145226,0.07367227,0.100412965,0.12723882,0.14532097,0.15433288,0.15484703,0.1462727,0.12862068,0.1067759,0.08715506,0.0740748,0.067281924,0.062086888,0.055278692,0.045796752,0.031488616,0.018823614,0.017572789,0.025134085,0.038553506
12.583336,0.13576834,0.13461529,0.14505927,0.18211326,0.21254808,0.23949474,0.29589278,0.3770133,0.4672814,0.55280817,0.5897979,0.57595176,0.5256029,0.45638075,0.39339462,0.3885382,0.43207905,0.48130798,0.5391388,0.5891909,0.6805204,0.80962485,0.8845774,0.8789123,0.83825713,0.80171806,0.7830818,0.7760065,0.7743046,0.76974547,0.75356513,0.72618145,0.69157004,0.6486986,0.60202277,0.55308896,0.5053126,0.46015367,0.41889626,0.37842584,0.344438,0.31333447,0.29271865,0.28207198,0.28300732,0.27772868,0.2594756,0.24062972,0.22109158,0.24228966,0.30283165,0.3837707,0.43857566,0.44425383,0.42818385,0.40999255,0.38326356,0.34745026,0.3189609,0.3018425,0.29105625,0.2763492,0.2560934,0.20895115,0.15605919,0.10783231,0.117474824,0.21391259,0.304014,,,,,,,,,,,,,,0.26119918,0.31190926,0.36161515,0.31345978,0.30563962,0.34394166,0.39623255,0.42561725,0.43338692,0.4351826,0.43529958,0.43302676,0.4312734,0.42858413,0.4222678,0.4142226,0.4069095,0.40013275,0.3936629,0.38726732,0.38011232,0.3728094,0.3646338,0.35613623,0.34705192,0.33638826,0.3245546,0.31060293,0.29451773,0.27598637,0.2559507,0.2363324,0.2178805,0.19920157,0.17982213,0.15809762,0.13628146,0.11286672,0.095380045,0.08591667,0.0817262,0.07985016,0.077441216,0.07266129,0.067794345,0.065594636,0.068678066,0.07797354,0.08732208,0.09408215,0.09858734,0.09916029,0.0838171,0.053981718,0.04394383,0.064773664,0.08412655,0.096404284,0.102937095,0.14494519,0.25062642,0.28858268,0.28177404,0.27106112,0.2492842,0.2194427,0.1896431,0.18689743,0.20376593,0.20915225,0.19968823,0.19684029,0.20525855,0.2166726,0.22915278,0.24096209,0.24552435,0.24855843,0.25783947,0.27877596,0.3147051,0.3405854,0.34183234,0.32749286,0.28854546,0.23873019,0.20140313,0.16588926,0.13193722,0.120451465,0.12878942,0.13696782,0.14051475,0.13559923,0.12390004,0.10837186,0.08971619,0.06804519,0.045895662,0.03234351,0.04334985,0.06525572,0.087851554,0.10793837,0.12790585,0.14721178,0.15281229,0.13451594,0.084824696,0.039756503,0.03089235,0.03946544,0.070199616,0.11487349,0.16296121,0.21213917,0.26485094,0.31191617,0.33034965,0.30717453,0.25642315,0.20145404,0.15103224,0.08435067,0.013345962,0.10238007,0.19506997,0.24536818,0.24258667,0.24243823,0.22679792,0.19720834,0.16797398,0.13992001,0.13387704,0.13482665,0.13043447,0.13305408,0.13432848,0.12946571,0.12990145,0.1288839,0.109630816,0.10576182,0.14742754,0.20507047,0.23832269,0.26668835,0.28804082,0.3134007,0.32531515,0.27137646,0.18451668,0.14039992,0.12649874,0.115903735,0.105920695,0.104180574,0.105867505,0.112942874,0.123424724,0.1333676,0.14192255,0.14984992,0.15583396,0.15256357,0.13095526,0.091017716,0.051172443,0.059770398,0.09579548,0.08788709,0.0759072,0.10848368,0.15759143,0.21173796,0.2661706,0.27026293,0.2604091,0.23162748,0.18682224,0.13054973,0.057097007,0.09859866,0.269757,0.10266716,0.3739058,0.38582727,0.31446433,0.2668242,0.22890432,0.19031502,0.18099916,0.14654335,0.050323196,0.10694829,0.1505172,0.1637783,0.15764722,0.14043996,0.10720003,0.08049845,0.08079087,0.10023815,0.13368544,0.15997726,0.17192046,0.1705257,0.15949328,0.15250991,0.17310975,0.19367962,0.21886003,0.17413116,0.043198526,0.09189074,0.088913135,0.07507759,0.064145714,0.09133005,0.12002306,0.14364555,0.18129939,0.26619887,0.4459491,0.45982033,0.42329004,0.4057363,0.38541022,0.3572483,0.33328146,0.31465948,0.2908107,0.24828368,0.18261991,0.098669045,0.020481689,0.037478216,0.025325295,0.041094594,0.08096871,0.101145536,0.0625137,0.02071469,0.0048212246,0.011348561,,,,,,,,,,,,,,,,,,,,,,,,,,,,,,,,,,,,,,,,,,,,,,,,,,,,,,,,,,,,,,,0.27225867,0.30044177,0.800094,1.1024559,0.93843544,0.79439163,0.63442326,0.45020822,0.34245968,0.30378896,0.33446836,0.42502654,0.5833559,0.72210455,0.801974,0.8158952,0.793464,0.75640243,0.6995293,0.64929634,0.65879226,0.71984607,0.7042822,0.5940701,0.4930845,0.44244933,0.40253526,0.38920376,0.38899228,0.3999466,0.4123903,0.42117816,0.41960862,0.41522375,0.401367,0.38433176,0.38100344,0.39637378,0.423811,0.44930488,0.47267514,0.5016552,0.53700644,0.5720546,0.5907202,0.59060585,0.5563021,0.5119039,0.4800251,0.46562335,0.46092203,0.46052077,0.45906624,0.4501128,0.43497565,0.41916034,0.40106982,0.3761701,0.3443453,0.314208,0.29639193,0.29622972,0.31044802,0.33358783,0.36005032,0.3840663,0.40260428,0.41776288,0.42397234,0.41607702,0.39437655,0.35061908,0.28987345,0.23645812,0.22208886,0.2607877,0.3242392,0.34363905,0.31666958,0.28590098,0.2673563,0.25446546,0.26187146,0.26351863,0.2407889,0.21587057,0.19558223,0.177213,0.15780178,0.14691871,0.13415436,0.12403288,0.10922806,0.091633394,0.078785226,0.07135244,0.06935445,0.07911188,0.095352806,0.10198917,0.09049317,0.08987101,0.111952685,0.12323621,0.10440334,0.07875454,0.07182708,0.069651805,0.066502266,0.07249959,0.083611205,0.1033447,0.12445312,0.14098306,0.14714716,0.14120887,0.12475558,0.10067574,0.073295005,0.046147168,0.02086098,0.0027853667,0.016387705,0.030414,0.039291494,0.038005024,0.03439245,0.029532177,0.0150477495
12.5,0.128891,0.13596582,0.14802949,0.17508553,0.20279498,0.23174565,0.29086322,0.36960712,0.46524894,0.5550146,0.58871126,0.57039833,0.5150339,0.43569288,0.36710426,0.36347315,0.3757198,0.38052225,0.42866108,0.48606515,0.58086616,0.7514508,0.89576817,0.9557318,0.9520252,0.9132975,0.8724361,0.84306246,0.8235518,0.8145186,0.80730855,0.7952343,0.77532077,0.7436392,0.7020071,0.6571499,0.60881084,0.5586886,0.50715697,0.45457077,0.3997398,0.3503161,0.30772457,0.2726319,0.23356202,0.19025922,0.13450877,0.090696745,0.15168165,0.2420081,0.30916855,0.36991343,0.40713713,0.37749767,0.33561474,0.31374994,0.28871763,0.26431975,0.250818,0.24028054,0.23242746,0.2147978,0.17434679,0.12811856,0.081703134,0.0635436,0.11160753,0.1847393,0.19456266,0.19660576,,,,,,,,,,,,0.19673966,0.20940301,0.29697195,0.3157806,0.28513345,0.27268866,0.2979834,0.345998,0.38911098,0.41445696,0.42846164,0.43735537,0.44314626,0.44623715,0.4455176,0.4408337,0.43265408,0.4236202,0.41566643,0.40853786,0.40190175,0.3948766,0.38733882,0.37911212,0.37007213,0.35996413,0.3485237,0.33596233,0.3213112,0.3049157,0.28679362,0.26834267,0.25079775,0.23166874,0.21011245,0.18625319,0.16190499,0.14145182,0.12783305,0.11970038,0.114206865,0.10996819,0.10676974,0.10348049,0.09988258,0.09576708,0.090613194,0.08720713,0.089459226,0.09625805,0.10078751,0.0984281,0.09079349,0.07147387,0.056173854,0.06251673,0.07750331,0.09237393,0.09784871,0.104181066,0.18052866,0.2654497,0.2731479,0.26092017,0.24963865,0.22675803,0.20335262,0.18874377,0.19628227,0.21215783,0.21538566,0.20384645,0.1962898,0.20101722,0.2111095,0.221832,0.23393025,0.24193688,0.24795827,0.2623019,0.2905495,0.3297861,0.3492907,0.3440122,0.3236613,0.275268,0.22819503,0.18982224,0.15358755,0.13179702,0.13969402,0.15478243,0.16192368,0.1609985,0.15353082,0.14193201,0.1259792,0.10640787,0.0841801,0.059043452,0.034870207,0.03169364,0.052914586,0.07983426,0.10740642,0.13335851,0.15560016,0.17803806,0.19082151,0.18115374,0.13448933,0.07318965,0.034548692,0.020000916,0.044439737,0.08934737,0.14392142,0.21137382,0.2898144,0.3455804,0.34347075,0.2933062,0.23195376,0.1811006,0.130528,0.054157965,0.075025685,0.1677502,0.23164746,0.24972947,0.2511487,0.2376614,0.2116341,0.17487288,0.13514315,0.13394287,0.1447736,0.13957722,0.13770865,0.13892686,0.13893443,0.14292347,0.13947636,0.115623474,0.10727942,0.15639901,0.21570113,0.24018389,0.26626006,0.2817732,0.30317903,0.32243913,0.28781983,0.20778058,0.14157747,0.12096336,0.11476649,0.1088137,0.11052458,0.11651448,0.12516151,0.1351229,0.14470397,0.15402855,0.16009408,0.15650652,0.13598114,0.09888868,0.057708804,0.040735513,0.08715676,0.113183215,0.09386002,0.07029509,0.088128775,0.14606941,0.23202577,0.291047,0.28848207,0.28202972,0.2483682,0.19994937,0.13654952,0.061185114,0.07727124,0.2851043,0.17595941,0.14240967,0.32594466,0.34063846,0.31406966,0.26613915,0.21650594,0.16039711,0.04259115,0.09240625,0.112316206,0.15743999,0.1885085,0.19085658,0.1691637,0.14460477,0.13094345,0.119942404,0.12911779,0.14227623,0.14915127,0.156694,0.16668619,0.1653813,0.11789677,0.17110468,0.19842523,0.22038633,0.14657861,0.046777777,0.0892949,0.11674423,0.13035886,0.102864474,0.0981816,0.13073747,0.17315766,0.23623051,0.34530678,0.3666819,0.34958017,0.34675384,0.34818152,0.3428448,0.32933983,0.31539592,0.30733117,0.29840627,0.2690708,0.21676742,0.147092,0.07154347,0.009924247,0.028274685,0.059628755,0.08778044,0.08180947,0.06071199,0.027841756,0.0069072186,0.014788184,0.0148898475,,,,,,,,,,,,,,,,,,,,,,,,,,,,,,,,,,,,,,,,,,,,,,,,,,,,,,,,,,,,,,0.260228,0.34454983,0.7954286,1.1449718,0.9962626,0.847044,0.65124196,0.46935934,0.36389887,0.30585834,0.31472966,0.3947696,0.5586511,0.716167,0.81758225,0.8410954,0.81639445,0.7791647,0.72371083,0.65697074,0.63265145,0.6875659,0.71396464,0.62170553,0.5059949,0.44485232,0.3991622,0.37969366,0.37905538,0.39366606,0.4130332,0.43140736,0.4391782,0.44211724,0.43896028,0.4336924,0.43629146,0.45271254,0.4791751,0.50345606,0.52224785,0.5442902,0.5665358,0.58082384,0.58114946,0.5583383,0.52214074,0.49380317,0.47647214,0.47163412,0.47231606,0.4704172,0.4626032,0.4464342,0.42163682,0.39184165,0.3644628,0.3449813,0.33412114,0.33190337,0.3394473,0.35398757,0.37050557,0.3848293,0.3927701,0.3927396,0.38956216,0.38943514,0.38993773,0.3758343,0.3342015,0.27239284,0.21211734,0.17810404,0.18547797,0.23783998,0.3103487,0.33775705,0.31276634,0.2845202,0.2703446,0.26978764,0.29140294,0.29618257,0.27381277,0.24437334,0.21743794,0.1953409,0.17384288,0.15821964,0.1402543,0.12421304,0.104854755,0.08459732,0.07195946,0.06237033,0.054668333,0.05687049,0.073848665,0.08409188,0.08229303,0.07600651,0.07819468,0.08604475,0.08416591,0.07310039,0.066793546,0.06506185,0.07379948,0.08556535,0.093624294,0.106690474,0.12095863,0.12999804,0.13223672,0.1280891,0.1155226,0.09510822,0.075967714,0.06542571,0.06677776,0.08027018,0.0974635,0.11026426,0.113980785,0.105329074,0.08873721,0.07149985,0.047825977
12.416672,0.13592188,0.15633027,0.17102884,0.18774131,0.20405611,0.23544912,0.29659197,0.37242907,0.46437207,0.55203635,0.5772793,0.5530913,0.49587566,0.41108862,0.34467307,0.3440954,0.32401645,0.27724403,0.31388554,0.37713444,0.4537345,0.6224435,0.81820416,0.95005417,1.0156025,1.0278734,1.0010635,0.9619452,0.92216706,0.8824293,0.8513231,0.83172613,0.81121117,0.78612214,0.7568978,0.71805376,0.67172426,0.62305963,0.5723015,0.5144944,0.44521266,0.36076102,0.28111175,0.22209352,0.15843762,0.09127077,0.011207068,0.069019765,0.13560177,0.19238347,0.23353338,0.28152147,0.3385915,0.32701278,0.27925554,0.2609374,0.25586045,0.24015754,0.21341656,0.19127503,0.17541488,0.15391491,0.11741898,0.080823705,0.051614888,0.05781688,0.09783215,0.1308692,0.12065381,0.10085715,0.036162846,,,,,,,,,0.05660072,0.06875884,0.086827785,0.16311419,0.25762516,0.26341218,0.26042032,0.25585312,0.26845214,0.29860634,0.3351253,0.36493525,0.38528177,0.4008775,0.4143322,0.4257824,0.43412185,0.437023,0.4344113,0.42809987,0.42078277,0.41346896,0.40641263,0.3996791,0.39291704,0.38530278,0.3760846,0.36489242,0.351905,0.3375,0.32308513,0.30969074,0.2954186,0.2789321,0.25897786,0.23702164,0.21580693,0.19794326,0.18452403,0.17230694,0.16039121,0.1501603,0.14268355,0.13799332,0.13528581,0.13404366,0.13324478,0.13007905,0.122355655,0.11181064,0.10538674,0.10370565,0.099115886,0.093163654,0.088296436,0.08191567,0.081047,0.08905501,0.10033655,0.10473061,0.09651479,0.11931728,0.218114,0.25790447,0.2514204,0.23846176,0.22466765,0.20539933,0.19135651,0.19100428,0.2060038,0.2196671,0.22035575,0.20771402,0.19575213,0.19536948,0.20523623,0.21660525,0.22902922,0.2404362,0.2497892,0.26756516,0.29904476,0.341066,0.36243936,0.3464751,0.3160479,0.2613954,0.211147,0.17022821,0.14422135,0.14763355,0.16642147,0.18053557,0.18166967,0.17776692,0.17021915,0.15786776,0.1395573,0.117214106,0.09441828,0.069631256,0.043029726,0.025435774,0.03901347,0.066999525,0.09738652,0.12908514,0.15942499,0.18558131,0.206357,0.22044806,0.21448417,0.17300265,0.1013281,0.0426127,0.008353605,0.029830327,0.074470066,0.13970102,0.23157234,0.32549116,0.36340585,0.32581538,0.25709876,0.19701317,0.15173286,0.09587671,0.07579639,0.14447,0.21068817,0.24369204,0.24918249,0.23902495,0.21590622,0.17861082,0.14281733,0.14536202,0.15723212,0.1542073,0.1462275,0.14373147,0.14574134,0.15694755,0.15263231,0.122888565,0.107231535,0.16101004,0.21965243,0.24333112,0.2659141,0.274834,0.29123455,0.31340504,0.3015579,0.23035139,0.15050511,0.11963991,0.113466665,0.10970762,0.11527272,0.12418673,0.1324859,0.14055273,0.14555453,0.14920023,0.14819995,0.13218933,0.10005869,0.06060229,0.02929091,0.059617955,0.10692808,0.12118895,0.09766637,0.0736719,0.08261278,0.13692522,0.24542435,0.30655757,0.31313616,0.30335712,0.26637828,0.21532604,0.15101619,0.07463567,0.043785788,0.22126585,0.2866106,0.22561823,0.05715322,0.1805521,0.20559292,0.19204187,0.124369614,0.018575784,0.09661448,0.077648245,0.10825551,0.16291733,0.20153528,0.21229666,0.20631684,0.19449453,0.17604686,0.16779646,0.1626454,0.15780085,0.15889122,0.17030175,0.17952304,0.13556731,0.035063714,0.18244402,0.21254636,0.22428216,0.12246376,0.02312613,0.06610334,0.12231961,0.17117551,0.15537512,0.13204925,0.1400455,0.17835823,0.23504786,0.25278172,0.26737535,0.28186607,0.29655927,0.3039995,0.3080961,0.30432045,0.29776636,0.29660922,0.29911324,0.28580296,0.25146326,0.19944212,0.13477735,0.07183066,0.036552362,0.06187984,0.08309293,0.069773994,0.05580629,0.03093342,0.013961829,0.011474871,0.017769922,,,,,,,,,,,,,,,,,,,,,,,,,,,,,,,,,,,,,,,,,,,,,,,,,,,,,,,,,,,,,0.19394356,0.19574782,0.38160902,0.75327015,1.1335784,0.9681711,0.8676501,0.66349345,0.4829514,0.37735382,0.2996654,0.29318503,0.36104706,0.5202202,0.69213164,0.8213354,0.86321616,0.8386372,0.7983516,0.7495578,0.67960495,0.6273354,0.65919864,0.71533674,0.65332574,0.528872,0.44617298,0.39868256,0.37126747,0.3692541,0.38529155,0.4098741,0.4351574,0.45113167,0.45985287,0.4644013,0.4699956,0.48020387,0.49814615,0.5210173,0.54217076,0.55597615,0.565693,0.5768195,0.5807533,0.5657108,0.53110904,0.50159204,0.48773614,0.4822176,0.478216,0.47418886,0.46400425,0.44536668,0.42180514,0.39377493,0.3648186,0.34447306,0.33969024,0.34854895,0.36513415,0.38973156,0.42446417,0.4549416,0.46599662,0.45446005,0.42062378,0.37523958,0.3329725,0.30267265,0.2770937,0.24344026,0.20721084,0.17826535,0.16391866,0.17234024,0.21588676,0.28318116,0.3172989,0.29923734,0.28655407,0.2759236,0.2883532,0.32103658,0.32474622,0.30601746,0.28098363,0.24844404,0.21571106,0.18885817,0.1672582,0.1469734,0.12510945,0.10288859,0.082058854,0.06886295,0.058266237,0.049339697,0.04649872,0.05691061,0.065378115,0.06690899,0.07017963,0.060643088,0.06443418,0.07140851,0.06572167,0.06288442,0.069168486,0.080177076,0.09760164,0.11039873,0.11947801,0.12511054,0.12703276,0.124631494,0.116420954,0.0988259,0.080201626,0.07906093,0.08875866,0.10143625,0.118479274,0.14063004,0.16358253,0.18295008,0.19307846,0.18979366,0.16975845,0.13104145
12.333336,0.13280262,0.1647812,0.18336247,0.20316225,0.21698676,0.25326416,0.31545195,0.38287836,0.46468845,0.54330695,0.55944747,0.5277393,0.46885392,0.3809777,0.32820264,0.33497685,0.2917269,0.19655085,0.21643066,0.29435393,0.33466065,0.44088045,0.645342,0.82902193,0.9625558,1.055749,1.0919142,1.0759,1.0439996,1.0064573,0.9582736,0.9129894,0.86754346,0.81482834,0.7650376,0.7146751,0.6580239,0.60397595,0.56279045,0.5321587,0.48314637,0.38342106,0.27205193,0.20173946,0.14898592,0.10913816,0.07704638,0.070361234,0.10960131,0.15601988,0.19880728,0.23238139,0.27304977,0.3028419,0.2878803,0.26363948,0.24438639,0.2074949,0.15387627,0.1289999,0.12561354,0.11172314,0.08417645,0.06363139,0.054293524,0.0653085,0.07770858,0.11061429,0.13322785,0.07598138,0.04022608,,,,,0.050735895,0.0762673,0.09133064,0.073455535,0.0657512,0.06530046,0.09756435,0.16755527,0.2217642,0.2384143,0.24884331,0.25354105,0.2619865,0.27513984,0.29277724,0.31093383,0.3274355,0.34350365,0.35852048,0.37230146,0.38497117,0.39488524,0.40089464,0.40360624,0.40446758,0.40369484,0.40076342,0.396503,0.3913119,0.38450128,0.37523466,0.36367655,0.35021865,0.33469027,0.3171314,0.29736054,0.2752487,0.25375798,0.23516206,0.21947633,0.20592612,0.19291915,0.17902733,0.16556618,0.15355293,0.14446644,0.13977098,0.13890585,0.14013144,0.14200774,0.14395013,0.14514934,0.14358978,0.13846356,0.13216461,0.12595966,0.12133082,0.12008541,0.12116239,0.12198599,0.12209193,0.12146663,0.1207394,0.10824618,0.09671739,0.15953636,0.2328575,0.23834585,0.22829023,0.21711001,0.19971462,0.18779951,0.18630113,0.19806531,0.21823575,0.22951144,0.22802688,0.214697,0.19868565,0.19379582,0.20181786,0.21420637,0.22809674,0.24275272,0.2556013,0.27475777,0.30532575,0.34634587,0.37136284,0.3503609,0.30399933,0.23338322,0.18431485,0.15870084,0.14631823,0.159835,0.18109983,0.19104698,0.19163857,0.19099268,0.18398672,0.16856201,0.1461221,0.12021551,0.096202664,0.07447939,0.050928336,0.02807177,0.028465074,0.055169176,0.08606041,0.11657658,0.14748625,0.1780067,0.20349908,0.22303705,0.23725541,0.23447265,0.19885293,0.1266704,0.052777592,0.00498731,0.032003075,0.082495086,0.16365588,0.27361202,0.35228124,0.34467766,0.27890703,0.2049024,0.15310597,0.11613271,0.08661695,0.12938751,0.18966475,0.22854707,0.24142174,0.23844102,0.22143908,0.1884936,0.16240875,0.16445851,0.1705878,0.16918597,0.15726092,0.15031381,0.15612485,0.17395362,0.1687276,0.13119622,0.10439934,0.16160376,0.21831712,0.24526177,0.2643114,0.268079,0.279216,0.30059817,0.3032635,0.24983682,0.16962922,0.121831715,0.10953394,0.11055764,0.12092591,0.13390674,0.14309679,0.14610074,0.14330637,0.13767876,0.12587288,0.101493075,0.06764254,0.03344303,0.034564853,0.085617155,0.11721384,0.119146556,0.09837802,0.080121644,0.080733396,0.14007251,0.26367238,0.31721553,0.33251426,0.31953403,0.28461316,0.23358929,0.17138664,0.09554669,0.02982259,0.11639825,0.23650202,0.2967469,0.28481486,0.16563635,0.087697886,0.045826904,0.089462735,0.15325432,0.1297876,0.06730619,0.060826376,0.1311552,0.1922192,0.22247684,0.23219606,0.23189992,0.22222087,0.209877,0.19532605,0.1866954,0.19239822,0.19527327,0.1576864,0.054454353,0.016188648,0.20364726,0.2219849,0.22340956,0.115506805,0.031898055,0.035628606,0.10456671,0.19448313,0.18566383,0.15952131,0.15988429,0.17159478,0.18242086,0.2002293,0.22067519,0.23998682,0.2588638,0.26638368,0.27727664,0.2836093,0.28239572,0.28258583,0.2893604,0.2887759,0.27333316,0.23956786,0.1931491,0.14438279,0.10060812,0.07702267,0.07234309,0.051101312,0.042051323,0.043125596,0.02463423,0.014650588,0.023561388,0.027694542,,,,,,,,,,,,,,,,,,,,,,,,,,,,,,,,,,,,,,,,,,,,,,,,,,,,,,,,,,,,0.19799837,0.24485204,0.4129086,0.71900594,1.09455,0.9121464,0.8388075,0.66634065,0.4983966,0.39124513,0.29623595,0.27393064,0.3268257,0.47134104,0.6497021,0.8066852,0.87741256,0.8603946,0.8161116,0.7709623,0.7052425,0.6338278,0.62281656,0.6859843,0.672393,0.5619694,0.44982746,0.39769924,0.36385095,0.35758123,0.3721081,0.40078607,0.43104586,0.45309567,0.4676635,0.47814065,0.4905581,0.5042084,0.5195301,0.53800213,0.55592173,0.56695455,0.56971073,0.56880546,0.5606263,0.5383208,0.509017,0.49004644,0.4841423,0.48207754,0.4753254,0.46328285,0.44433773,0.4178704,0.3916707,0.37102768,0.35727555,0.35044885,0.35017186,0.35717756,0.37008193,0.38491225,0.39824873,0.40157607,0.38954213,0.3633582,0.32898113,0.2933516,0.26196748,0.23779915,0.21572495,0.19285983,0.17218651,0.15863079,0.15398139,0.16386451,0.20600277,0.27643737,0.31971368,0.29720291,0.29042733,0.28681627,0.31207693,0.34742266,0.34716746,0.3309647,0.3092312,0.27998248,0.24244957,0.20506255,0.17614084,0.1503806,0.1249697,0.10064167,0.07978555,0.066367745,0.058169365,0.051558115,0.045885578,0.045495525,0.046848048,0.049904536,0.05711492,0.05694083,0.04873189,0.057548407,0.06344749,0.07909778,0.08780932,0.09049097,0.10936029,0.12312938,0.12842838,0.12814881,0.11987885,0.10423074,0.08417864,0.077533476,0.09459608,0.122015454,0.13836697,0.1462441,0.15431452,0.16621748,0.18071038,0.1978374,0.21595964,0.23157512,0.23704791,0.22499385
12.25,0.1324018,0.1747447,0.199815,0.21859305,0.23826832,0.28117117,0.3399794,0.3971158,0.46645766,0.5289956,0.5360682,0.49791047,0.43597537,0.34988332,0.3212759,0.33551067,0.27876696,0.16183339,0.16720235,0.25177795,0.27864045,0.26763847,0.37886396,0.57809913,0.7570343,0.92915493,1.0716944,1.1455075,1.1602637,1.136698,1.0938895,1.0567425,1.0238549,0.98262423,0.9314505,0.8658266,0.79119563,0.7116162,0.62975615,0.57494724,0.54608655,0.4756851,0.34201065,0.23995437,0.19304968,0.16331793,0.1328173,0.10746127,0.12254596,0.1594704,0.20058922,0.22446345,0.24070273,0.25717184,0.25413617,0.22861505,0.1941601,0.13411917,0.07614784,0.10613486,0.1133731,0.09667461,0.0831497,0.074278995,0.062141072,0.0436444,0.04063035,0.11162043,0.1061425,0.103155375,0.08561936,0.08041445,0.09840229,0.10271962,0.08865793,0.044371277,0.085307576,0.14588356,0.15100773,0.16422476,0.16037327,0.1472274,0.18089196,0.21077374,0.22879522,0.24393126,0.2560791,0.26766822,0.27647737,0.28394005,0.2907854,0.29805478,0.30865481,0.32076156,0.33124673,0.3399143,0.34629053,0.35016355,0.3526696,0.35490128,0.3571039,0.357837,0.3560058,0.35137945,0.34346777,0.33280957,0.32008964,0.3060867,0.29118738,0.2748408,0.25675073,0.23817931,0.2215539,0.20775051,0.1964253,0.18717046,0.17930605,0.17142938,0.163267,0.15677735,0.15291846,0.15010813,0.14843558,0.14908145,0.15059248,0.15189973,0.15352741,0.15515514,0.15517461,0.15494414,0.15561555,0.15628396,0.15654984,0.15528944,0.15391235,0.15192507,0.14417301,0.12506175,0.097509764,0.11896192,0.19874206,0.22385582,0.21343699,0.20521058,0.1941979,0.17889278,0.17820513,0.18911424,0.2106002,0.23284799,0.24080908,0.23766133,0.22453028,0.20737265,0.1994552,0.20412827,0.21576126,0.23073904,0.24781479,0.26362062,0.28169432,0.3075359,0.34403646,0.37164763,0.35026664,0.2838441,0.19485843,0.15135534,0.1465049,0.15027054,0.16197772,0.1793047,0.18915576,0.19563602,0.19861433,0.19087808,0.17214225,0.1489573,0.12338602,0.09867165,0.07872192,0.060256302,0.039321583,0.02408945,0.041007195,0.06971114,0.10096742,0.13244885,0.16325581,0.19034813,0.21175519,0.22997275,0.24477695,0.24516428,0.21207702,0.14196569,0.06285553,0.012389273,0.050546013,0.11839897,0.21854018,0.31439817,0.3380108,0.28991726,0.2137472,0.15108453,0.118792444,0.095291354,0.11846365,0.17285486,0.21537529,0.23718362,0.24396977,0.23288114,0.19643761,0.17721117,0.17963323,0.18263018,0.18216334,0.16721152,0.1577338,0.16858876,0.19050407,0.18385123,0.13969705,0.098872416,0.15738015,0.21240593,0.244166,0.26057333,0.2617046,0.26730624,0.28426626,0.29592496,0.26792842,0.19706209,0.13183033,0.10565508,0.10601149,0.120648414,0.14034586,0.15053828,0.14786993,0.14280345,0.13544838,0.116060466,0.08501642,0.047555856,0.02429422,0.062149268,0.09803,0.11570986,0.113588035,0.09866159,0.08915828,0.09577422,0.164732,0.2806838,0.32495505,0.34829855,0.33924243,0.3105438,0.26006383,0.19893025,0.12564863,0.048947506,0.047009658,0.1603135,0.23623551,0.27385744,0.24205813,0.14479445,0.06254564,0.14130184,0.158911,0.10791368,0.048854884,0.014737513,0.08924161,0.17035565,0.20853196,0.21737777,0.22786283,0.22756028,0.22057761,0.20848276,0.19330929,0.1818989,0.15785122,0.08795109,0.042820778,0.045059454,0.24066556,0.22472465,0.22147013,0.13199738,0.08099293,0.06564896,0.090378016,0.21163997,0.21785809,0.18709853,0.17636816,0.16715176,0.16456763,0.17214859,0.19578241,0.23174116,0.25083745,0.2433448,0.24885137,0.26424512,0.26930076,0.26728252,0.2703652,0.27531207,0.2742633,0.257912,0.2309599,0.19754457,0.16038468,0.12936148,0.10282624,0.06564886,0.031113852,0.03374823,0.03869822,0.026295194,0.029524615,0.038775235,,,,,,,,,,,,,,,,,,,,,,,,,,,,,,,,,,,,,,,,,,,,,,,,,,,,,,,,,,,0.18022335,0.18907872,0.28583655,0.42499918,0.73960155,1.0716822,0.88712114,0.81679666,0.66426283,0.51675224,0.40696898,0.2947845,0.2516101,0.28769088,0.41295657,0.5898252,0.77061504,0.8804893,0.88314337,0.8362343,0.7874837,0.7291219,0.65475774,0.61182576,0.6582927,0.68231237,0.58432657,0.45635015,0.39590713,0.35769466,0.3459006,0.35730454,0.39028,0.42608476,0.45303687,0.47006735,0.48518196,0.5026418,0.5199481,0.53219163,0.5434372,0.5575137,0.56679994,0.56154114,0.5455191,0.52982026,0.51162267,0.49101523,0.47731236,0.47115293,0.46716756,0.4589435,0.4409509,0.41437197,0.38510722,0.36397946,0.35579324,0.35691887,0.36099505,0.3644628,0.36434594,0.35791057,0.3438113,0.32085302,0.29058543,0.25920066,0.23439197,0.21609512,0.19982362,0.18527552,0.17382063,0.16338664,0.1529912,0.14487468,0.14236335,0.14802554,0.16566041,0.20897809,0.2803922,0.33199877,0.31059557,0.2957939,0.3001033,0.3373778,0.36853063,0.3680332,0.35412902,0.33132505,0.30235976,0.26082948,0.21863759,0.1832834,0.15027039,0.12012089,0.09159944,0.06861967,0.057653673,0.05358537,0.04710453,0.036769684,0.026674988,0.024564927,0.03004794,0.04700705,0.048328195,0.03870744,0.03591767,0.0482734,0.08345177,0.10388221,0.105039924,0.117111005,0.12890874,0.12474283,0.11222355,0.08756771,0.049934562,0.04460502,0.10894615,0.1535432,0.17905231,0.18251248,0.17499478,0.16719858,0.16630231,0.17521857,0.19221283,0.21412891,0.23630218,0.253761,0.2612934
12.166672,0.13814788,0.18722674,0.22284101,0.24575898,0.27183768,0.31392896,0.3636165,0.4114671,0.4697607,0.5114051,0.50637025,0.46240696,0.3961394,0.3177964,0.32529947,0.3432526,0.2836052,0.1750481,0.15553357,0.22740252,0.29067612,0.25237122,0.18217511,0.20810194,0.35277838,0.5631315,0.78776556,1.0045822,1.1485044,1.1923766,1.1817837,1.1672523,1.1607718,1.1431792,1.1093067,1.056938,0.9885815,0.9050181,0.8075729,0.71410066,0.628632,0.5344071,0.42128387,0.31755626,0.24531166,0.18690778,0.14504285,0.12181189,0.1392169,0.16992487,0.2104086,0.23217355,0.23926352,0.23310433,0.21183346,0.18190157,0.16849929,0.15513341,0.14405732,0.13486138,0.10258893,0.07475986,0.073784016,0.0799246,0.06780389,0.062180936,0.019051634,0.13047513,0.049631782,0.053313773,0.046435606,0.03957578,0.039066475,0.10329896,0.14211266,0.14455831,0.14643852,0.2058975,0.18327828,0.16402881,0.16618994,0.16793346,0.1867644,0.20789683,0.22431391,0.23974812,0.25279832,0.26594815,0.27510282,0.281587,0.2858911,0.29052815,0.29790246,0.30647457,0.3138541,0.31943494,0.32330054,0.32530162,0.3261809,0.32581043,0.32372782,0.31997332,0.31483802,0.30822608,0.29963714,0.28909117,0.27694964,0.26410863,0.251394,0.23918101,0.22755323,0.2165432,0.20684734,0.19833255,0.19136424,0.18567261,0.18051301,0.17613295,0.17346299,0.17280419,0.1743543,0.17591697,0.17768654,0.18137848,0.18343985,0.18186589,0.17916936,0.17767529,0.17679228,0.17605394,0.17714028,0.1791313,0.1801008,0.18011075,0.17789577,0.16890697,0.14561601,0.1105098,0.09518412,0.16560742,0.20605661,0.20255546,0.19099449,0.18460067,0.16928843,0.16522597,0.17738497,0.19824499,0.2252998,0.24538352,0.25009376,0.24635409,0.23483664,0.22023298,0.21156012,0.21216041,0.22138886,0.23630555,0.2539786,0.27059293,0.28677112,0.30691132,0.33710286,0.36393216,0.34686366,0.26677197,0.17052093,0.12782052,0.12282709,0.13713013,0.15444387,0.1713144,0.18590622,0.19906355,0.20439096,0.19751635,0.18199748,0.15849584,0.13336416,0.10719011,0.08460624,0.06683036,0.04949681,0.028813832,0.028403949,0.05330416,0.08290636,0.112928756,0.14373268,0.17427209,0.19743311,0.21445382,0.23113331,0.24607964,0.246129,0.21579437,0.14951107,0.06895651,0.025703935,0.0871799,0.1728369,0.26439488,0.30848315,0.2854748,0.22260052,0.15408826,0.11480546,0.100207895,0.1123204,0.15922335,0.20518455,0.23305303,0.24508645,0.23212762,0.19497985,0.1881867,0.19072303,0.19522528,0.19532758,0.17605427,0.16507214,0.1794432,0.20326854,0.19575068,0.14679429,0.09306444,0.14982805,0.20235121,0.23866828,0.25483012,0.25479728,0.2564972,0.26491833,0.27530554,0.2688198,0.22700669,0.16038701,0.114582434,0.096473694,0.09912804,0.116765425,0.13907208,0.14772849,0.13496685,0.10947898,0.07728442,0.03991342,0.01639435,0.04716976,0.07601387,0.09588202,0.120921075,0.12526226,0.11391501,0.11425071,0.125532,0.19476245,0.29211912,0.3394307,0.3655374,0.36166942,0.3406224,0.292618,0.23250464,0.16133839,0.0789022,0.039439194,0.12372045,0.20068608,0.27791786,0.3024645,0.105004944,0.043903735,0.13741674,0.13958797,0.08911839,0.044682223,0.09216372,0.07131061,0.1415916,0.17256188,0.17818333,0.1837078,0.18164182,0.1689189,0.15567757,0.1351576,0.09550402,0.041403968,0.009708556,0.042998184,0.085344695,0.22998486,0.20673738,0.21635449,0.15772864,0.13260265,0.12291636,0.074410334,0.21582912,0.2544178,0.21916483,0.19366024,0.17263864,0.15817228,0.16604388,0.2018867,0.25104788,0.25932252,0.22928762,0.22214682,0.2420214,0.25657058,0.255018,0.25390232,0.25848684,0.26518402,0.26442054,0.25529522,0.23700233,0.213686,0.18808909,0.15624896,0.12244115,0.07979355,0.033840492,0.029115707,0.029044542,0.03803371,0.04569548,0.043185223,,,,,,,,,,,,,,,,,,,,,,,,,,,,,,,,,,,,,,,,,,,,,,,,,,,,,,,,,,0.17024334,0.21088797,0.28097075,0.43722734,0.80324316,1.050499,0.8600724,0.8138649,0.6662032,0.5435851,0.425927,0.29510376,0.23066896,0.24643853,0.35305986,0.5198407,0.71526414,0.86754864,0.90389884,0.8607591,0.8035024,0.74680376,0.67723817,0.6173635,0.62667304,0.67382044,0.6083245,0.48352906,0.3988509,0.35389498,0.33530462,0.34152937,0.37545922,0.41691563,0.45204604,0.47328642,0.49081695,0.5098342,0.5303709,0.541807,0.54417884,0.54747796,0.5508999,0.54105216,0.5151646,0.49321032,0.4808184,0.46905655,0.45697987,0.448164,0.4417275,0.43161553,0.40959206,0.3782017,0.351487,0.33837494,0.33645535,0.33942896,0.34181574,0.34037042,0.3344337,0.3240386,0.30701014,0.2718301,0.23276518,0.20019674,0.17714627,0.16227084,0.14996257,0.1406,0.13538393,0.13259411,0.13154766,0.13217585,0.135105,0.1447647,0.15986584,0.19277595,0.2741896,0.33003294,0.31549633,0.30771163,0.31658372,0.35773504,0.3833949,0.38753328,0.37092805,0.3446499,0.31178454,0.27121148,0.22693448,0.18696785,0.14780506,0.10872925,0.072920375,0.047793858,0.04024049,0.037661854,0.028971523,0.018223148,0.003974906,0.006992669,0.018628895,0.040579155,0.042061217,0.02821231,0.016521577,0.023329755,0.062097948,0.11169672,0.11922648,0.11433161,0.113004394,0.10197934,0.07950351,0.040710505,0.029451115,0.114738874,0.18685393,0.21491064,0.21641867,0.20112588,0.18185644,0.1659577,0.15792122,0.15959635,0.17041205,0.18850422,0.21083154,0.2347461,0.25599235
12.083336,0.16590557,0.21783099,0.2577939,0.28335539,0.3103455,0.3451162,0.38501105,0.4279507,0.47599736,0.49404395,0.47232082,0.4210937,0.34783855,0.28386137,0.32489768,0.35066018,0.29912937,0.21262708,0.16080971,0.19535398,0.2839266,0.28484973,0.19514036,0.09534699,0.07830786,0.095103376,0.21057525,0.5172409,0.82119083,0.99880546,1.1039065,1.1735735,1.2236705,1.235269,1.212139,1.1759795,1.1173885,0.99404925,0.8521199,0.7948855,0.68829846,0.5662765,0.49343574,0.4121662,0.29054213,0.18174879,0.15059184,0.14229664,0.16231842,0.19141324,0.22667006,0.23801036,0.22058885,0.20079206,0.17820956,0.13646977,0.113466285,0.098412454,0.08954004,0.067718156,0.0369692,0.02511226,0.036461215,0.060374204,0.07926714,0.11502352,0.012550807,0.1619052,0.05373893,0.036364555,0.04168961,0.03539339,0.06269836,0.1129852,0.14622664,0.15613578,0.20778841,0.21271315,0.16843762,0.16762203,0.18031709,0.1916451,0.20589522,0.21514824,0.22172493,0.22937435,0.2397206,0.25247094,0.26071128,0.26293933,0.26264527,0.2652011,0.27086154,0.27660787,0.28241852,0.28935608,0.2958007,0.30071685,0.3045028,0.30550763,0.3030734,0.29779637,0.29044646,0.28154582,0.2721311,0.26357332,0.2557625,0.24808136,0.2409123,0.23444253,0.22733267,0.21968019,0.21350078,0.20829464,0.2035239,0.20028476,0.2000642,0.20282088,0.20723933,0.21108891,0.21408065,0.21520759,0.21474436,0.2126617,0.20919071,0.20604433,0.2038002,0.20320766,0.20374341,0.20289364,0.20129395,0.19971474,0.19633347,0.19056411,0.18051735,0.15866505,0.12411621,0.09376685,0.12898186,0.19040138,0.19497031,0.18359195,0.1737016,0.16480424,0.15172234,0.15914488,0.18075272,0.20833553,0.23760043,0.25585306,0.26053968,0.25593027,0.24514937,0.23310831,0.22494453,0.22361797,0.23105857,0.24448559,0.2609404,0.27654922,0.29104766,0.30855814,0.33243126,0.35515547,0.34360754,0.25609422,0.16020183,0.115959615,0.10548896,0.118863195,0.13987666,0.16185972,0.18517034,0.20241651,0.21362078,0.20780307,0.1978131,0.17171094,0.14073405,0.11167476,0.0890345,0.07199919,0.053206936,0.028122168,0.013200667,0.03509171,0.0651615,0.09372452,0.12129985,0.15269837,0.17939748,0.19818377,0.21291213,0.22881994,0.24252537,0.24108258,0.20862278,0.14404678,0.06640635,0.059032753,0.12954974,0.21013503,0.2657576,0.26773733,0.22631961,0.16256937,0.118873045,0.112080015,0.120650664,0.15137088,0.1941774,0.22185686,0.22981761,0.2188733,0.20042622,0.20232907,0.20516506,0.21058932,0.2075244,0.18402514,0.1716157,0.18824176,0.21136522,0.2027874,0.1500904,0.08680527,0.13928518,0.18675855,0.22876194,0.24781525,0.24756028,0.24878994,0.25079837,0.25329077,0.25069,0.2380908,0.20084134,0.15049404,0.112021364,0.092530966,0.083859816,0.0837622,0.08432139,0.07367315,0.051169034,0.023667125,0.013380708,0.03412048,0.05318666,0.076906085,0.10743798,0.14405207,0.15974262,0.16473982,0.16261853,0.15845168,0.22343579,0.30191326,0.35329574,0.38066578,0.38427913,0.36722863,0.3266123,0.27217987,0.20230295,0.11042557,0.04914942,0.14051662,0.2600513,0.36088175,0.33602515,0.07858429,0.058181275,0.13037665,0.13116588,0.08703221,0.005814736,0.10302119,0.11795857,0.060232114,0.05345122,0.099930845,0.12166512,0.13966168,0.13519032,0.11399908,0.09539706,0.053812582,0.04760484,0.058410507,0.0034396015,0.08598281,0.19329815,0.18692145,0.21012396,0.17782784,0.17342117,0.17609239,0.077960074,0.1964336,0.2851276,0.25255316,0.20651148,0.1736749,0.1554994,0.17129564,0.21980642,0.28019813,0.28605056,0.23541513,0.20324047,0.21546413,0.23872805,0.24540803,0.2436122,0.2428383,0.2491436,0.2601789,0.26621252,0.2621466,0.25072283,0.23426543,0.2112145,0.18271753,0.13860619,0.08212552,0.03707703,0.004601678,0.02914207,0.041770525,0.040031157,,,,,,,,,,,,,,,,,,,,,,,,,,,,,,,,,,,,,,,,,,,,,,,,,,,,,,,,,0.14270419,0.15160933,0.2152178,0.2722808,0.51269007,0.8360727,1.0190146,0.83243686,0.8112018,0.6582347,0.55806726,0.43625036,0.2896489,0.214997,0.21740547,0.30400082,0.45013538,0.6456086,0.8343207,0.9147077,0.8867657,0.8235296,0.763307,0.69756854,0.63234323,0.6059555,0.6528904,0.6236534,0.5095156,0.40139127,0.3485022,0.32397893,0.32283044,0.3479978,0.39035815,0.4330936,0.46071878,0.47917554,0.4955097,0.51522475,0.52766156,0.5237746,0.511444,0.504468,0.49904674,0.48256198,0.46062133,0.44615892,0.43665108,0.42898363,0.42311066,0.41500983,0.39956397,0.37302327,0.34123853,0.31881884,0.30841696,0.3037044,0.2995121,0.29311943,0.2816577,0.26612663,0.25267962,0.24097893,0.21430086,0.18067396,0.15101096,0.12863061,0.11453501,0.10763277,0.10576592,0.108067535,0.11325503,0.11965818,0.12575403,0.13136667,0.14211522,0.15114412,0.18007405,0.28299364,0.33012784,0.3204844,0.32141414,0.33670014,0.37344807,0.39508718,0.40082756,0.37987286,0.34871078,0.31038362,0.27041215,0.22820993,0.18754038,0.1452297,0.09991455,0.058670737,0.030538674,0.020426875,0.016109504,0.024263266,0.03037725,0.030055314,0.0287859,0.014306081,0.029129257,0.03637729,0.025127871,0.014396872,0.018695066,0.032775722,0.079481766,0.10984127,0.10463162,0.091418035,0.07553953,0.052410077,0.059445966,0.12560317,0.20058672,0.23816712,0.23640978,0.21903163,0.19724452,0.17691901,0.16251038,0.15682682,0.15935867,0.16713971,0.17837685,0.1919336,0.2082564,0.22805317
12.0,0.22452965,0.27337173,0.30813566,0.32707357,0.34527454,0.37242103,0.4083456,0.44844836,0.48032132,0.47351655,0.43301427,0.37089083,0.28980902,0.2485052,0.30826202,0.35349604,0.32547784,0.25903496,0.1845652,0.17341779,0.24422452,0.27550566,0.21326293,0.10747939,0.014567432,0.012764114,0.035876673,0.08536554,0.06879679,0.19008668,0.44980282,0.6364631,0.7672214,0.8396085,0.7991866,0.68347865,0.5790213,0.44915283,0.35036358,0.45978674,0.4692174,0.46842203,0.46306852,0.4469513,0.35514486,0.20648555,0.1648757,0.1628113,0.18873684,0.21863514,0.24636911,0.24315773,0.2002083,0.15090598,0.117462516,0.08345975,0.057080816,0.036468063,0.028408734,0.02998186,0.024420539,0.013427553,0.008802195,0.045567982,0.07478991,0.13300946,0.06116227,0.16159888,0.065250956,0.052272044,0.07911817,0.08990892,0.11294207,0.12487573,0.15519057,0.22613324,0.2686175,0.19133459,0.1736463,0.1838226,0.19435987,0.21117093,0.22487667,0.2270051,0.22278969,0.21893224,0.22170588,0.23237544,0.24311705,0.2467357,0.2448037,0.24461241,0.2482579,0.25303426,0.25793478,0.26276374,0.26760143,0.2725249,0.27783257,0.28241512,0.2845404,0.2839556,0.2809245,0.2755416,0.26897326,0.26278695,0.25625783,0.24780087,0.23928367,0.2331806,0.22918102,0.22740288,0.23000842,0.2339739,0.23671553,0.24205625,0.2525801,0.26459298,0.27391765,0.2767333,0.27284428,0.2647186,0.25194472,0.23663597,0.22396378,0.21521972,0.20908698,0.20409901,0.1994482,0.19615392,0.194265,0.19259864,0.18804696,0.17783873,0.16003528,0.13269953,0.09910996,0.10251965,0.16452982,0.18465205,0.18413016,0.17204951,0.15826927,0.1463943,0.14732985,0.16354486,0.18921512,0.21832947,0.24690679,0.26413664,0.268889,0.2635369,0.25221848,0.24137379,0.23530121,0.23549658,0.24249344,0.25471592,0.26986998,0.28429493,0.29640833,0.3128744,0.33311862,0.35143793,0.3397211,0.23948124,0.14984252,0.10550544,0.09643712,0.10599535,0.12559403,0.15404186,0.18954466,0.21428888,0.2317798,0.2261767,0.21324547,0.18198732,0.14132954,0.10423789,0.0811697,0.07233518,0.05263012,0.02535263,0.00673897,0.020610519,0.050914884,0.07786543,0.10172147,0.12804432,0.15330137,0.1760336,0.19270147,0.20695332,0.22229826,0.23407207,0.22555329,0.1847505,0.11450847,0.053088855,0.08430311,0.15730222,0.22074275,0.24279428,0.22246255,0.17364722,0.1303632,0.1234391,0.1357611,0.15556122,0.18568392,0.20910624,0.21427536,0.21190554,0.21477215,0.21841396,0.21897039,0.2229341,0.21354179,0.1878021,0.17948452,0.1981518,0.21718566,0.2059397,0.14892864,0.077774376,0.12671492,0.16744097,0.21397397,0.23909205,0.23927917,0.24108602,0.2429152,0.23849544,0.22918412,0.22497685,0.21841666,0.1889747,0.15020667,0.1189033,0.09378374,0.0754094,0.057754237,0.039157763,0.023070129,0.020552395,0.03379746,0.05408379,0.07839979,0.10009643,0.12723337,0.16262156,0.18789415,0.20471118,0.193519,0.1890246,0.2479872,0.31209502,0.36225554,0.3938489,0.40012455,0.38654748,0.35946003,0.3135113,0.24548993,0.14719793,0.027879158,0.13625483,0.37216562,0.40702328,0.22365774,0.027846616,0.051243316,0.1122302,0.12842393,0.10768532,0.05652045,0.04531077,0.10897319,0.12549447,0.13885248,0.14506161,0.15097311,0.14827369,0.12964019,0.08653311,0.061714813,0.056247786,0.0714622,0.04633786,0.06627303,0.07522141,0.16480078,0.1810826,0.21167617,0.19764854,0.20477487,0.21387964,0.118444696,0.1400391,0.28370735,0.275088,0.21016376,0.16509952,0.14916818,0.17325342,0.23170955,0.30708358,0.3250199,0.26444295,0.20280854,0.19292507,0.2104802,0.22797029,0.23054647,0.22285327,0.22071478,0.23220924,0.24706517,0.25595334,0.25703624,0.2518063,0.241666,0.22481328,0.18925317,0.13704623,0.086190216,0.04242495,0.022015993,0.035184905,0.03649881,0.027200071,,,,,,,,,,,,,,,,,,,,,,,,,,,,,,,,,,,,,,,,,,,,,,,,,,,,,,,0.10000185,0.1258722,0.15476285,0.19476244,0.34520537,0.6430497,0.8897676,0.9935278,0.81853545,0.80306286,0.6402853,0.55262727,0.42540035,0.28311077,0.19781126,0.18793848,0.26241764,0.38727063,0.5689605,0.78135765,0.9086981,0.9106323,0.8493815,0.7843263,0.71684706,0.6511082,0.6042707,0.6302439,0.62554944,0.5263156,0.40118527,0.33848342,0.31087282,0.30575427,0.3183934,0.3522356,0.39684752,0.4284625,0.44442043,0.45600003,0.4698558,0.48320705,0.4865676,0.47361547,0.45568025,0.44701174,0.44300312,0.43002704,0.41352326,0.4026454,0.3957457,0.3926714,0.3860372,0.36584353,0.3348206,0.30514315,0.28653404,0.2742981,0.26139143,0.24803238,0.23410815,0.2176253,0.19943862,0.18498632,0.16753478,0.1439995,0.120407194,0.100092575,0.087948754,0.08480417,0.08718541,0.09127896,0.09751116,0.10593862,0.114523485,0.12300546,0.13131338,0.14469261,0.15056296,0.19104405,0.30297783,0.33419552,0.3271001,0.33284912,0.3545186,0.3800845,0.40035743,0.40337434,0.3803687,0.34722665,0.3081978,0.26943028,0.22668536,0.18298931,0.14172359,0.09854453,0.057155993,0.022732425,0.01112119,0.030022904,0.04505209,0.051928233,0.050169308,0.037633475,0.012949199,0.016534127,0.02529687,0.025098486,0.025938487,0.03361216,0.040115915,0.050676096,0.0772828,0.08897791,0.08210716,0.07301157,0.089994244,0.14111935,0.20172577,0.23784488,0.239678,0.22006345,0.1995307,0.18373887,0.17131563,0.16387978,0.16321403,0.1690087,0.17822763,0.18631391,0.19242013,0.19848627,0.20829862
11.916672,0.31834462,0.35738268,0.38254425,0.3887419,0.3905629,0.40737942,0.43814296,0.46653536,0.47503158,0.44113284,0.38234425,0.3085193,0.22084714,0.20964484,0.2844145,0.34784994,0.3492206,0.30364382,0.2440306,0.21385689,0.22930795,0.24255414,0.19650435,0.09973179,0.02027331,0.023662977,0.05228849,0.124458015,0.18317424,0.15046017,0.05649683,0.08450479,0.13412584,0.1730838,0.37863624,0.5867004,,,,,0.20268553,0.0923508,0.19446546,0.33740875,0.3806435,0.26376632,0.215839,0.19578524,0.21829416,0.24678993,0.259388,0.24237275,0.18937747,0.15235284,0.13135704,0.10984754,0.08367792,0.06618131,0.062457927,0.05704379,0.044056144,0.05082705,0.06904718,0.06687512,0.06062305,0.08075301,0.044983856,0.12993945,0.12400191,0.14575234,0.18671763,0.19495882,0.20962326,0.2328301,0.2838808,0.32723525,0.23767512,0.19237863,0.19126947,0.19674052,0.2118978,0.22908811,0.24566688,0.24723192,0.23514295,0.22088684,0.21433893,0.2186521,0.22871354,0.23632714,0.23940282,0.24047934,0.24109918,0.2445726,0.2505777,0.254395,0.25657776,0.260265,0.26547512,0.2697738,0.27250642,0.27437562,0.27482092,0.27360457,0.2715469,0.2685144,0.26207507,0.25107476,0.23991436,0.2334835,0.23146637,0.23331334,0.24273047,0.2597267,0.28128442,0.30435565,0.32225347,0.32910112,0.32479078,0.312593,0.29080352,0.26166525,0.23243652,0.20821813,0.1912231,0.18033811,0.17475079,0.17310864,0.17023402,0.16558819,0.16317342,0.16129287,0.15634313,0.14577496,0.1257826,0.09996137,0.09324404,0.1298718,0.16877204,0.17747737,0.1781224,0.16620098,0.14986637,0.14356662,0.15410516,0.17403872,0.20302154,0.23283711,0.25678068,0.27076498,0.27491984,0.2685242,0.2551212,0.24291688,0.23882788,0.24167262,0.25008258,0.26362276,0.27940795,0.29479343,0.30712348,0.321004,0.3394719,0.352635,0.32775536,0.21703334,0.13610047,0.098845944,0.08080184,0.08967771,0.11347898,0.15378104,0.20773245,0.23923804,0.25480855,0.24754746,0.22400604,0.18091275,0.13132252,0.08671823,0.05871004,0.06554577,0.05320253,0.028751766,0.024540579,0.023055708,0.041480113,0.06437591,0.08723543,0.10698613,0.12660739,0.1481719,0.16671969,0.18196383,0.19796525,0.21189025,0.21660058,0.19462018,0.13825537,0.06578952,0.039629973,0.11233733,0.17879252,0.21067573,0.21030268,0.17966428,0.14309579,0.1344757,0.14653651,0.16453004,0.18509388,0.20387892,0.21359754,0.2169541,0.2262657,0.23029958,0.23025848,0.22973886,0.21197766,0.1904487,0.19214647,0.21203323,0.22436905,0.20705542,0.14384006,0.06316912,0.11032753,0.14540777,0.1919644,0.22519729,0.22817315,0.23188101,0.23750953,0.23078063,0.21145912,0.19564782,0.19185838,0.19278856,0.18191583,0.15648669,0.13259107,0.11395023,0.09744193,0.084994674,0.07868115,0.079313844,0.08626321,0.09650703,0.10329742,0.10648926,0.12301398,0.15091717,0.18577138,0.21014303,0.20458663,0.21647678,0.2622899,0.31103718,0.35760823,0.3934986,0.40143016,0.3965277,0.38035262,0.34062934,0.27927127,0.1904872,0.07268608,0.09640532,0.29680634,0.25774777,0.11758938,0.043012463,0.02984784,0.08088687,0.10725475,0.11698594,0.09489869,0.046660405,0.033410106,0.07653089,0.120635666,0.1593488,0.19090353,0.2140548,0.23769036,0.2604887,0.25274283,0.17667717,0.06378814,0.016801637,0.07047303,0.115024164,0.15234305,0.1744793,0.20048355,0.20714766,0.22280428,0.23390451,0.16410363,0.05520819,0.2224998,0.26469645,0.20245521,0.14800444,0.13166231,0.15981102,0.2243379,0.31712615,0.36463195,0.30907178,0.22794269,0.19188936,0.1822656,0.1976453,0.21056597,0.2049574,0.19351658,0.19097549,0.20015283,0.21377921,0.22474466,0.23227559,0.23814657,0.2403027,0.23176107,0.19861194,0.14645822,0.085293,0.040815458,0.019740526,0.013039642,0.009428986,0.002928469,,,,,,,,,,,,,,,,,,,,,,,,,,,,,,,,,,,,,,,,,,,,,,,,,,,,,,0.07532851,0.110158384,0.14331134,0.17827828,0.43626043,0.7724352,0.9658539,0.97472805,0.80922085,0.7874607,0.6260654,0.54519457,0.4042227,0.2797534,0.19239601,0.16503192,0.2323005,0.3407175,0.4965892,0.7116917,0.88082016,0.9250029,0.87594324,0.8099324,0.73582536,0.6646324,0.6117812,0.60780615,0.6064063,0.5296002,0.40290686,0.33341402,0.30313644,0.29266798,0.29422352,0.31319708,0.35226154,0.3880659,0.40567675,0.4125774,0.41726536,0.42774695,0.43956697,0.44234616,0.42987,0.4108181,0.39845985,0.3901751,0.38145444,0.37446356,0.36815658,0.35958615,0.34844583,0.32629728,0.29660144,0.26920706,0.25026634,0.23289935,0.21567166,0.20341781,0.19426471,0.1828568,0.17040859,0.1548631,0.13385089,0.11262128,0.09431853,0.08068425,0.07292923,0.07226391,0.077576384,0.084327176,0.09325341,0.104740694,0.11502446,0.12537976,0.13669378,0.15069415,0.15519316,0.21649483,0.31817457,0.33463034,0.33258167,0.34246054,0.3664167,0.38450062,0.4031307,0.4018457,0.37652713,0.34211034,0.3038056,0.26595235,0.22217807,0.17457639,0.13378128,0.09537657,0.057605997,0.02677607,0.028457597,0.04434084,0.05239984,0.048279703,0.042141665,0.028165663,0.009671824,0.007118944,0.0137524195,0.016505748,0.02543981,0.03472094,0.045755792,0.051091593,0.059398096,0.07140986,0.07783301,0.10067381,0.14300404,0.19038402,0.21982907,0.22306,0.20667431,0.18741222,0.1766862,0.16996633,0.16357134,0.15939464,0.16022407,0.16843778,0.1811369,0.19059591,0.1958127,0.19847602,0.2012016
11.833336,0.41339955,0.44395873,0.4593274,0.45864308,0.4519587,0.45621556,0.47103187,0.4739359,0.44941893,0.389338,0.31572235,0.23114847,0.14616135,0.17223696,0.26609486,0.34703586,0.3735188,0.35324943,0.32093805,0.29805946,0.28401935,0.26111278,0.2022718,0.12045523,0.08864171,0.10045595,0.11111458,0.12829535,0.17254142,0.17261583,0.11639614,0.088575594,0.10299989,0.10128571,0.14021698,,,,,,,,,,0.32539305,0.29818693,0.25875136,0.23181482,0.2350162,0.25354898,0.2496422,0.21748267,0.19024922,0.21279526,0.2299265,0.21188943,0.17177042,0.13517562,0.12054955,0.106531136,0.09956169,0.11127647,0.101158395,0.060601115,0.029986385,0.027069163,0.026377918,0.04316629,0.12505049,0.19784316,0.2447184,0.2739986,0.29604807,0.30930746,0.31180364,0.28640708,0.22395417,0.21311018,0.20848556,0.21590166,0.2340089,0.25354424,0.26994768,0.2703653,0.25397196,0.23376068,0.22457352,0.22845577,0.23784421,0.24555351,0.25079596,0.25526604,0.25592542,0.25509554,0.25648952,0.2574284,0.25718856,0.25892565,0.2628129,0.2666638,0.27080435,0.2763213,0.28166264,0.28505346,0.28502384,0.27980036,0.26867625,0.25410062,0.24155761,0.2369271,0.2440575,0.26243928,0.28827292,0.31833342,0.34671196,0.36613864,0.37321392,0.3654545,0.342516,0.3097744,0.27300695,0.23746055,0.20561823,0.17935362,0.15897737,0.14322259,0.13219452,0.12372649,0.11651617,0.112698235,0.112981014,0.11215397,0.10818268,0.09946849,0.084622554,0.07832285,0.10012468,0.14067362,0.16619101,0.18542339,0.18078296,0.16658452,0.156353,0.15916686,0.16868539,0.18926096,0.22026107,0.24840541,0.26665714,0.27665237,0.2770182,0.26736933,0.2522609,0.24067985,0.23879288,0.24406932,0.25343397,0.26828048,0.2866113,0.30520475,0.3213442,0.33460927,0.35190132,0.3554683,0.29915372,0.19410308,0.12112951,0.077168316,0.0636215,0.078956075,0.10947169,0.16910204,0.23625642,0.26730362,0.27447444,0.2603658,0.22585317,0.17227015,0.11477664,0.06584679,0.033992264,0.04921923,0.052876923,0.038679883,0.036191195,0.029857676,0.036861915,0.05199756,0.07281626,0.08857738,0.1060141,0.12619014,0.14465754,0.15910137,0.17358588,0.18544975,0.19501618,0.18467842,0.14474975,0.08263402,0.0052975975,0.076748185,0.1424472,0.17801236,0.19085966,0.1782733,0.15501246,0.14709257,0.15646555,0.1728287,0.19145666,0.2085826,0.22218588,0.22797331,0.2355065,0.2382887,0.23665662,0.22903666,0.20901525,0.19918749,0.21079619,0.22912388,0.23134768,0.20350961,0.13133617,0.05247085,0.09294479,0.12301813,0.16724917,0.20557405,0.21251416,0.21949422,0.23000784,0.2284761,0.20950116,0.181932,0.16092843,0.15579654,0.16103385,0.15946545,0.14698155,0.13221489,0.12069077,0.11360038,0.10892526,0.10503993,0.10126261,0.09714507,0.09245309,0.0927065,0.1123677,0.14661498,0.18272854,0.20544909,0.21681593,0.2355857,0.26306182,0.3003883,0.34164685,0.37509406,0.3901554,0.3997129,0.38950333,0.35592094,0.30077034,0.21878766,0.10915727,0.047081657,0.22622293,0.30124792,0.32883134,0.26497322,0.113571756,0.019687302,0.06191029,0.09442529,0.10695403,0.092367455,0.05895076,0.025120446,0.044443317,0.0960621,0.14384507,0.18868355,0.23138683,0.272391,0.29964027,0.27564585,0.21864969,0.12871197,0.11603082,0.15649487,0.16239125,0.1782136,0.19819905,0.21203054,0.22719629,0.23485611,0.1769445,0.04524719,0.095907986,0.2211564,0.1784253,0.1266505,0.10218267,0.12466472,0.18385595,0.29115784,0.38698408,0.353805,0.26780748,0.21832484,0.18056339,0.1723407,0.1852476,0.19382095,0.19038607,0.17925121,0.16922085,0.16532248,0.16736314,0.17890948,0.19800584,0.21907164,0.24088334,0.24271047,0.21563077,0.15359433,0.080927126,0.04583175,0.026003044,0.009551248,0.007922788,0.01139359,,,,,,,,,,,,,,,,,,,,,,,,,,,,,,,,,,,,,,,,,,,,,,,,,,,,,0.06364508,0.110487126,0.1397608,0.21131156,0.518306,0.85828054,1.0068666,0.9473677,0.79644,0.76944405,0.6269128,0.5496625,0.38547802,0.26054633,0.18488905,0.15109156,0.21137008,0.3050793,0.4345164,0.6353979,0.8343425,0.92595404,0.8980181,0.83510274,0.7553256,0.6739767,0.6179803,0.59867525,0.5734602,0.5114882,0.40105018,0.33137053,0.29737577,0.2823325,0.2776101,0.28216565,0.30728766,0.34451666,0.37390885,0.38384286,0.3826786,0.384916,0.3916571,0.39867985,0.39781755,0.38346782,0.36571637,0.3537223,0.3461993,0.34129637,0.33665243,0.32613915,0.31098828,0.28924865,0.26269457,0.23758435,0.21752772,0.19758627,0.183858,0.17883503,0.17792034,0.17776859,0.17218423,0.15195768,0.12390246,0.09806382,0.079023704,0.06832301,0.06987081,0.08132877,0.09651715,0.10886036,0.118978575,0.12687996,0.13178796,0.13657439,0.14393137,0.1538309,0.15580326,0.23550546,0.3226629,0.32790744,0.33524853,0.35017923,0.37364864,0.39064574,0.4054295,0.39772487,0.36676472,0.3286704,0.28945664,0.2506984,0.2083745,0.16210699,0.123586036,0.08936425,0.057406534,0.030994855,0.032809183,0.0387303,0.03624635,0.03345029,0.029850047,0.019857174,0.009821026,0.004618952,0.0048922906,0.012534716,0.02072486,0.026567135,0.037211765,0.047179203,0.05671109,0.067478195,0.0901488,0.124532774,0.15640685,0.17972673,0.18303029,0.17418309,0.16199957,0.15550046,0.15201536,0.14426278,0.13773139,0.13587102,0.13644677,0.14214028,0.15340123,0.16564335,0.17523132,0.18157448,0.18711652
11.75,0.4928975,0.5127153,0.5159847,0.51272404,0.50698966,0.4993206,0.48550838,0.45475295,0.39518398,0.31492528,0.23274091,0.13711727,0.07650961,0.15234433,0.2526138,0.34695035,0.39510703,0.3963131,0.38459826,0.368561,0.3450098,0.3147816,0.268861,0.22906867,0.2284811,0.24794205,0.24758974,0.2296108,0.2223993,0.21409188,0.19444764,0.18896234,0.16385683,0.10149814,0.092720985,,,,,,,,,0.3014403,0.29719558,0.29987255,0.26903117,0.249876,0.24211963,0.24276428,0.2247896,0.17369583,0.19030848,0.27693194,0.32234055,0.28667018,0.2391839,0.21075527,0.19615453,0.17851605,0.1471619,0.09025056,0.031064836,0.024090713,0.0134546375,0.033999648,0.06637963,0.08448463,0.10972762,0.16706721,0.21016328,0.23840708,0.26704907,0.28089246,0.2764127,0.25596523,0.23277849,0.2233429,0.21824397,0.22798364,0.25063413,0.271386,0.28577366,0.2917581,0.27880302,0.2555385,0.2483396,0.25729612,0.26831245,0.2724191,0.2705292,0.26816034,0.26548108,0.26256922,0.26141018,0.25989577,0.25814128,0.25893354,0.26260456,0.26803657,0.27617607,0.28695208,0.29699817,0.302392,0.30063322,0.29079974,0.27444518,0.2601989,0.25926256,0.2746429,0.30188742,0.33366814,0.3642907,0.3892611,0.4040296,0.40459228,0.38840914,0.35849503,0.32158774,0.2846488,0.24948843,0.21700336,0.18846157,0.16343963,0.14229095,0.12646163,0.11588422,0.10811184,0.10102403,0.0943692,0.08987198,0.08756721,0.08309776,0.07485098,0.0719499,0.09229891,0.1323763,0.16762015,0.19514337,0.20190862,0.18982029,0.17838115,0.17700513,0.1810396,0.18742557,0.20632942,0.23150274,0.25539184,0.27235633,0.28063598,0.27875662,0.26899523,0.25449064,0.24109904,0.23687679,0.24304529,0.25452504,0.27136257,0.2933695,0.31386822,0.33153206,0.34904224,0.36240262,0.3444511,0.25575334,0.16863334,0.11597621,0.07017376,0.05977474,0.07221136,0.11752453,0.20012465,0.26452237,0.28641513,0.28173575,0.25836623,0.21688713,0.159267,0.09703727,0.045938887,0.015442864,0.0330035,0.04970433,0.044114623,0.04095231,0.037223335,0.043158304,0.057045233,0.07321608,0.08321207,0.0946761,0.11023247,0.12598397,0.13980521,0.15252401,0.16341376,0.17590058,0.17345794,0.14687957,0.09805241,0.033872075,0.055111624,0.11465599,0.14955476,0.17058226,0.17448431,0.16736288,0.16442193,0.172258,0.18567841,0.20226802,0.21715051,0.22902682,0.23609342,0.24093021,0.24069153,0.23562099,0.2237527,0.2113598,0.21526296,0.23122105,0.24208091,0.23209214,0.19517359,0.099697135,0.049308185,0.07528293,0.09842436,0.13931507,0.18139528,0.19416066,0.20505925,0.22001909,0.22428225,0.21276267,0.1882006,0.15726851,0.12847438,0.11451706,0.11228993,0.10846043,0.09627313,0.078215115,0.06129734,0.048769936,0.045596626,0.051690068,0.06430815,0.07808603,0.0914406,0.11575613,0.14988181,0.17933595,0.1967125,0.2243969,0.2449183,0.2659991,0.29095617,0.3227813,0.35218897,0.37539014,0.39977127,0.40019006,0.3760889,0.32301992,0.24139401,0.14021605,0.030459628,0.12970266,0.27005866,0.3737614,0.42882612,0.36593637,0.1768716,0.031234175,0.033691626,0.08261665,0.11418926,0.119861215,0.110113025,0.098366186,0.09539849,0.10222369,0.13253795,0.17858304,0.22700717,0.26826084,0.27920645,0.26834866,0.22963019,0.1870445,0.1941919,0.20173939,0.17092046,0.15521953,0.19608502,0.20474975,0.21600185,0.1636421,0.13357382,0.11979502,0.17801644,0.14230134,0.104775295,0.04907168,0.06657176,0.11434943,0.21687554,0.36594686,0.3764165,0.2995685,0.25289664,0.20611686,0.17413333,0.16941184,0.18226731,0.19282237,0.18917966,0.17266317,0.15346982,0.13800962,0.12930581,0.1329463,0.15302666,0.18631873,0.22284462,0.24506097,0.22505479,0.1538102,0.08212498,0.048759975,0.032290336,0.015467506,0.017282894,0.023125226,,,,,,,,,,,,,,,,,,,,,,,,,,,,,,,,,,,,,,,,,,,,,,,,,,,,0.074262686,0.11254025,0.1449727,0.2625315,0.58529437,0.8982198,0.98527944,0.89722043,0.77796966,0.7532868,0.63693804,0.5506136,0.36949143,0.2526569,0.17620032,0.13081548,0.19401391,0.27828306,0.38456506,0.56148785,0.775236,0.91491514,0.9135555,0.85259813,0.7708116,0.68297625,0.62028545,0.60181975,0.5559199,0.4946201,0.39714405,0.32823533,0.28830674,0.27184337,0.26460886,0.26127496,0.26961988,0.29349396,0.3260438,0.34848863,0.35159755,0.3495357,0.34760883,0.34477514,0.34594384,0.34477052,0.33600822,0.32397038,0.31336284,0.309171,0.30709794,0.3011625,0.2866731,0.2638145,0.23865765,0.21307667,0.19208132,0.17748518,0.17397356,0.17741083,0.181946,0.18292929,0.17118607,0.14341749,0.10811564,0.07965116,0.07460412,0.085863404,0.10460819,0.12610409,0.14611466,0.16099387,0.16938768,0.17122848,0.16760595,0.16092725,0.15681633,0.15466878,0.15418875,0.24524368,0.31891087,0.32068607,0.33274996,0.35355234,0.3769606,0.39463946,0.40425494,0.3863724,0.3458662,0.3049807,0.2661888,0.22971946,0.19464196,0.15267284,0.11568573,0.08418839,0.057532407,0.037058286,0.02825941,0.024000056,0.024990026,0.027167762,0.022638762,0.014917158,0.011250098,0.011051873,0.013660266,0.016959108,0.018955283,0.019485662,0.019771513,0.0282732,0.04184844,0.05643246,0.076186426,0.098336674,0.11286879,0.118959986,0.11707411,0.11194287,0.11130485,0.11453748,0.12122924,0.12210163,0.124068685,0.123021506,0.11433177,0.10760181,0.11047509,0.12629697,0.14635804,0.1606428,0.16921256
11.666672,0.56056815,0.5623049,0.5523535,0.54400736,0.53417987,0.5080901,0.45905262,0.39054316,0.30483377,0.2168658,0.13182847,0.027547488,0.08230279,0.16740964,0.257516,0.36082563,0.42975616,0.45925346,0.47421196,0.4797103,0.47269422,0.44757065,0.41975003,0.4105296,0.4253476,0.43978354,0.4276495,0.39648664,0.3627561,0.3320233,0.30045816,0.26134822,0.19445144,0.11552722,,,,,,,,,,0.25483716,0.31041664,0.2924965,0.2716741,0.25854677,0.24337453,0.23028816,0.19936222,0.11988612,0.13653602,0.2614368,0.34475973,0.31329277,0.26670396,0.2321375,0.1815673,0.105292685,0.055515476,0.0688372,0.067271054,0.03522958,0.012345706,0.048904765,0.08095921,0.11409991,0.1422082,0.16939834,0.19291657,0.21048807,0.23428527,0.25268918,0.25867826,0.2522427,0.23892877,0.22408019,0.21482189,0.22189063,0.24284603,0.25950015,0.26936907,0.28715503,0.28968394,0.27489105,0.27292192,0.2812413,0.28783277,0.2859709,0.2791154,0.27354217,0.2699987,0.26730794,0.26637346,0.2645956,0.262487,0.2632201,0.26842803,0.27863136,0.29425505,0.31197244,0.32421598,0.3238482,0.31171644,0.29576245,0.28582215,0.29005083,0.31053165,0.34275374,0.37956032,0.4121815,0.43183655,0.43655673,0.42628908,0.4022122,0.37153596,0.3405783,0.31215668,0.28406057,0.25384355,0.22340764,0.19487943,0.1708553,0.15250774,0.13920894,0.12911044,0.12158474,0.114622965,0.10550938,0.09782226,0.09341627,0.09133222,0.09373087,0.11009851,0.14410132,0.18160127,0.21556416,0.22954474,0.216974,0.20727795,0.206017,0.20709078,0.204297,0.2054747,0.2178896,0.23434961,0.2537029,0.27043697,0.2770471,0.27362475,0.2627899,0.2481651,0.23786913,0.23814948,0.24670091,0.25903943,0.2751253,0.29770273,0.31911314,0.33767587,0.3573439,0.3568956,0.30365098,0.21592055,0.1484892,0.0945366,0.056638505,0.051835004,0.074471936,0.14618008,0.23677897,0.28334355,0.2908451,0.27478102,0.244716,0.20031384,0.1427121,0.07846656,0.028707977,0.0024637084,0.030562755,0.052418333,0.055466272,0.052812517,0.04916836,0.060432762,0.07896928,0.090714015,0.095770225,0.09696176,0.104112186,0.117203355,0.12827197,0.14348364,0.15484607,0.16737115,0.16981407,0.1506936,0.11193214,0.061872985,0.054009292,0.09774742,0.12944336,0.15703686,0.1748661,0.18134987,0.18537721,0.19258146,0.20170613,0.21335918,0.22622728,0.23661649,0.24164256,0.2429146,0.23950388,0.23371091,0.2259906,0.22433813,0.2341813,0.24450332,0.2427924,0.22281545,0.16308324,0.05301088,0.040560987,0.055602685,0.07173847,0.111062095,0.15557526,0.17570618,0.18868783,0.20701402,0.21433425,0.20973064,0.19619642,0.17435448,0.14618634,0.11721404,0.09376779,0.07429825,0.06046229,0.045657955,0.028358638,0.015018891,0.029725375,0.05073133,0.07270249,0.09378251,0.113520816,0.13759448,0.16901161,0.18550533,0.18742311,0.2271284,0.2554874,0.2751735,0.29050016,0.31458142,0.33878186,0.36983618,0.4042213,0.41775155,0.40350837,0.35469466,0.27675897,0.17650218,0.06950497,0.045112744,0.15807045,0.2656346,0.372856,0.44370684,0.38870296,0.22391604,0.08991794,0.05370535,0.0853163,0.11644426,0.12824811,0.13448697,0.13624306,0.12725371,0.117962256,0.13449907,0.1758721,0.2228703,0.2531018,0.2683611,0.272474,0.24399087,0.24194022,0.25195843,0.15695243,0.17336999,0.2698858,0.23429026,0.19915162,0.14481592,0.14155969,,0.12564047,0.11058296,0.10823166,0.02147064,0.024895959,0.05007533,0.10134174,0.27989247,0.34530792,0.30301294,0.27071017,0.23495999,0.19800712,0.17549501,0.1744676,0.18439172,0.18902528,0.17911616,0.1584956,0.13774192,0.11774454,0.09611183,0.094241515,0.107767686,0.1422317,0.1896562,0.21942727,0.20809077,0.14610322,0.080914505,0.05851161,0.028251229,0.030790301,0.02805369,,,,,,,,,,,,,,,,,,,,,,,,,,,,,,,,,,,,,,,,,,,,,,,,,,,0.07522682,0.080907814,0.10904835,0.14110571,0.320159,0.6431191,0.9029427,0.9219742,0.830827,0.7581958,0.73565054,0.6372413,0.5297229,0.34908107,0.25043976,0.16721535,0.10502919,0.17575537,0.26049674,0.3509628,0.49976403,0.71322405,0.89502543,0.92218196,0.8621081,0.7800416,0.6942735,0.6262296,0.6050285,0.5482985,0.4830533,0.39094383,0.31991556,0.27997205,0.26102415,0.25045884,0.24490589,0.24511075,0.25407818,0.27328786,0.29678953,0.31017515,0.31102386,0.30807072,0.30225748,0.29708713,0.298925,0.29755446,0.29382154,0.28866693,0.28465548,0.28238755,0.27975914,0.26981726,0.24859162,0.2216112,0.1965861,0.18132445,0.1768756,0.18476257,0.19345497,0.19215707,0.1765252,0.14790848,0.112876795,0.08300503,0.0866925,0.11378685,0.1368855,0.1566308,0.1755543,0.19060566,0.1996912,0.20189583,0.19841437,0.18921143,0.17536734,0.16169173,0.14581206,0.16446254,0.2554504,0.3078143,0.3169413,0.3351467,0.36022606,0.38125262,0.39737037,0.3988448,0.36610886,0.31789985,0.28013873,0.24540281,0.21294138,0.18410343,0.14671308,0.11106242,0.08316198,0.056078486,0.032739792,0.02719616,0.02945302,0.028208211,0.025165388,0.021220142,0.018468158,0.018534683,0.020786073,0.024267433,0.026625644,0.026681492,0.026167503,0.022350911,0.016017526,0.0075726537,0.008393308,0.022555776,0.035790123,0.043780956,0.047653712,0.050992627,0.052573398,0.07562531,0.104487084,0.14648825,0.17517534,0.18742149,0.17479198,0.13761775,0.09828188,0.07893332,0.08307469,0.09859015,0.1203691,0.13690145
11.583336,0.60221183,0.5866721,0.5645298,0.5421831,0.51409936,0.46275342,0.3771923,0.27430055,0.18136269,0.0986194,0.016583374,0.1019157,0.15235361,0.19026567,0.24751438,0.32485664,0.39902514,0.4732129,0.5331486,0.56091774,0.55292237,0.50571024,0.43932253,0.40346548,0.40951627,0.42774177,0.4282812,0.4073371,0.36735356,0.30375516,0.28246439,0.2673207,,,,,,,,,,,0.21440583,0.24973038,0.30874032,0.29826164,0.28607926,0.26690233,0.24370927,0.22283034,0.17776553,0.07806018,0.05934903,0.1697682,0.27673906,0.2685672,0.20551062,0.1514582,0.12957925,0.117899306,0.10779401,0.08352857,0.04863278,0.014483606,0.032898072,0.06782206,0.096225664,0.12886001,0.15747485,0.17855704,0.20099114,0.21858212,0.2345729,0.2490807,0.2549434,0.24955206,0.23779362,0.22205192,0.20981894,0.21033017,0.2236005,0.23242968,0.23356125,0.2582775,0.2766905,0.28074086,0.28863153,0.29573518,0.29770628,0.29382795,0.28848392,0.28400052,0.28082633,0.2797884,0.2799031,0.27911603,0.27924314,0.28384915,0.29522133,0.31284928,0.33286557,0.34617332,0.34398627,0.328717,0.31475535,0.3106299,0.31852385,0.3416963,0.37600598,0.413132,0.44605723,0.46573505,0.46413663,0.4431684,0.4129693,0.38302088,0.35898772,0.33789524,0.31453085,0.28800413,0.26153147,0.23714733,0.21463153,0.195764,0.18280599,0.1755833,0.17210972,0.16942734,0.16324183,0.15408851,0.14659384,0.14231706,0.14364894,0.15582855,0.18159445,0.21412376,0.24680042,0.260249,0.24868399,0.23990636,0.23981234,0.24192104,0.24073291,0.23380375,0.22773486,0.22792925,0.23364533,0.2437456,0.2550027,0.2606024,0.25672856,0.24824029,0.24066828,0.23670089,0.24083893,0.25183332,0.26295137,0.27625692,0.29842687,0.31970254,0.33577433,0.34650576,0.31748918,0.24547406,0.17992993,0.13044116,0.07766166,0.04702325,0.045176256,0.09297398,0.18837875,0.26511192,0.2888205,0.2814344,0.2566171,0.22478385,0.18150364,0.12433065,0.061343044,0.015001896,0.013021976,0.038710795,0.058818735,0.06733658,0.06998136,0.062404867,0.074756436,0.09611288,0.10631884,0.10722605,0.10351548,0.106482334,0.116828024,0.1298245,0.1468836,0.15852919,0.16878709,0.17228502,0.15814719,0.1259874,0.081312135,0.062194627,0.08680037,0.114840545,0.147808,0.17504865,0.19209093,0.20468293,0.2149634,0.22231628,0.22793685,0.23528653,0.24231215,0.24662085,0.24701509,0.24343652,0.23839244,0.23668055,0.24060163,0.24605569,0.24425066,0.2314232,0.19012429,0.10143818,0.018111307,0.017648464,0.032996677,0.045953743,0.08316,0.12856811,0.1587828,0.17402135,0.19403414,0.20432211,0.2028343,0.19212459,0.17798607,0.16320105,0.14634767,0.12770896,0.10951177,0.09466165,0.07781831,0.058825847,0.046941537,0.059124503,0.085316755,0.11115526,0.13300331,0.15377773,0.1775804,0.2033488,0.19790627,0.18509433,0.2420194,0.27659208,0.29165468,0.30090833,0.3183448,0.34140947,0.3798968,0.41814506,0.43842697,0.43316904,0.39344656,0.32040864,0.22297189,0.11841018,0.034006152,0.07757678,0.16082829,0.25354144,0.36441556,0.43042922,0.39694473,0.288691,0.1584798,0.08513457,0.05218599,0.03690861,0.06489571,0.10827232,0.14111209,0.13905488,0.13082702,0.14875957,0.19060548,0.22984211,0.2579722,0.2831363,0.28418386,0.28736734,0.298343,0.23080446,,0.20523171,0.24199617,0.2071316,0.11878674,0.045559037,0.040131856,0.062462244,0.07560149,0.12460477,0.05517103,0.05103721,0.061725885,0.048898537,0.15478045,0.24446785,0.25962335,0.2503774,0.23214237,0.20548575,0.18430147,0.17579384,0.17629993,0.17933865,0.17727913,0.16205427,0.13654065,0.1130837,0.089938484,0.07780427,0.077935666,0.08805914,0.10758868,0.13074367,0.16565146,0.17103095,0.13182616,0.090369284,0.066186786,0.023729958,0.03425887,0.036427647,,,,,,,,,,,,,,,,,,,,,,,,,,,,,,,,,,,,,,,,,,,,,,,,,,0.055389084,0.10665993,0.12626219,0.13763662,0.38859302,0.689381,0.88318163,0.84834194,0.7686038,0.7364034,0.71239066,0.61462694,0.49954408,0.3292738,0.24317643,0.14709744,0.077630274,0.15711382,0.24511515,0.3261184,0.45065123,0.6539908,0.86670655,0.92378885,0.86731124,0.7862054,0.70536005,0.6421448,0.6079786,0.54343975,0.46852568,0.38404045,0.3187228,0.2806805,0.25461394,0.23861484,0.23131119,0.22991176,0.23044847,0.23772958,0.2505797,0.2651765,0.27162468,0.2703641,0.26797453,0.2633025,0.26209396,0.26355612,0.26370478,0.2664027,0.268533,0.26887834,0.26844877,0.2626244,0.24281321,0.21585916,0.19477986,0.18901895,0.1957115,0.20704535,0.21007696,0.19160108,0.15937628,0.121647805,0.08824887,0.09083038,0.13268656,0.16288072,0.17540309,0.1851315,0.19634734,0.20135443,0.19825865,0.18953285,0.1791974,0.166099,0.15065049,0.1345586,0.11622345,0.19174616,0.267239,0.3012207,0.31668016,0.34673855,0.37068522,0.3858839,0.39942497,0.38640574,0.3380137,0.28907773,0.25853947,0.229701,0.20150602,0.17608273,0.14399204,0.112818696,0.09082642,0.0719353,0.0580925,0.0545165,0.048243687,0.03846399,0.03351676,0.0316762,0.032965727,0.040087733,0.048079673,0.051907904,0.053083554,0.05352728,0.056134567,0.05776065,0.057092946,0.05305161,0.047019772,0.042951558,0.042800244,0.04730104,0.054960333,0.064678326,0.07661807,0.1262566,0.19284122,0.27067155,0.31408882,0.31772694,0.2852415,0.22516443,0.15257934,0.090884335,0.0633334,0.057559423,0.07723824,0.102815
11.5,0.59311676,0.564274,0.52626544,0.4810252,0.4255114,0.3376359,0.21545035,0.10712909,0.05590783,0.059862208,0.14559557,0.20381851,0.21504427,0.23674968,0.25348172,0.2706302,0.29039583,0.3084011,0.30800197,0.29302573,0.26432675,0.1900985,0.083818935,0.026883122,0.034328505,0.10247611,0.18365818,0.1679303,0.20481144,0.27467966,,,,,,,,,,,,,0.095768385,0.2960334,0.33019614,0.30542994,0.2955492,0.27023676,0.24206594,0.21307911,0.1580485,0.06401908,0.04368003,0.09016135,0.20248868,0.2390163,0.19709986,0.16727634,0.16569401,0.15027319,0.122476205,0.08779732,0.05041314,0.012207307,0.044964425,0.09209884,0.13074179,0.16106308,0.18298918,0.19685209,0.21102764,0.22805297,0.24079129,0.24513377,0.24126212,0.23239827,0.22282419,0.21154757,0.20337476,0.20241192,0.20681372,0.2049802,0.20170516,0.23224093,0.26581818,0.28809428,0.29992184,0.30411077,0.30247122,0.2978873,0.29675373,0.30028656,0.3059495,0.31185266,0.31599733,0.31841466,0.32251045,0.33156067,0.34621292,0.36188075,0.37150365,0.3670858,0.35294482,0.3489246,0.3582642,0.36822444,0.38248673,0.4056401,0.4345649,0.46257672,0.48040155,0.47957218,0.45772815,0.42261258,0.39070058,0.37117425,0.35671988,0.33851883,0.31736684,0.29793075,0.2808977,0.26619098,0.2529202,0.2381895,0.2266216,0.22445634,0.22972497,0.23376329,0.2312845,0.2265537,0.22387184,0.22492729,0.23066248,0.24186194,0.2611068,0.2822901,0.28669766,0.27253696,0.2614147,0.2618235,0.26824692,0.27388126,0.2734299,0.2669912,0.25412503,0.24416988,0.24050745,0.23876387,0.23760338,0.2375527,0.23801118,0.23492275,0.2314102,0.23640816,0.24886242,0.26096871,0.2689756,0.28074065,0.2969376,0.3114435,0.3180397,0.30675688,0.25195262,0.19420546,0.1491176,0.10028837,0.05685401,0.03362812,0.04558993,0.12952678,0.22822058,0.27798316,0.28249636,0.26194873,0.23292038,0.20386554,0.1626437,0.10540565,0.048432738,0.0035539537,0.024874862,0.049178354,0.06675151,0.07897048,0.082856715,0.07353872,0.07854152,0.10028339,0.1115096,0.111327186,0.11090327,0.11750206,0.12802671,0.13990349,0.15240519,0.1617991,0.16893123,0.17151293,0.16186683,0.13371126,0.092901126,0.07647704,0.08718325,0.10710155,0.13743137,0.16571656,0.18713021,0.20553768,0.2190481,0.22573505,0.23207878,0.2390193,0.24351962,0.24684544,0.24806413,0.24758461,0.248092,0.25045675,0.25076538,0.246637,0.23017292,0.19277062,0.12746081,0.05907225,0.03156085,0.017990915,0.013773669,0.021838598,0.053883407,0.09858249,0.13973376,0.16215248,0.18244143,0.19684857,0.1977587,0.18673998,0.17561215,0.16660675,0.1571646,0.14672163,0.13452317,0.12008382,0.10141907,0.08382766,0.0754014,0.08555519,0.11348737,0.14574519,0.17303383,0.1970759,0.22408101,0.24187583,0.2084106,0.186932,0.25505382,0.2936019,0.3135646,0.32444403,0.33750618,0.3599253,0.39590076,0.4317262,0.4610063,0.46917588,0.43830636,0.3682645,0.27227855,0.16968016,0.08176544,0.030863807,0.08298556,0.1552671,0.24988978,0.3513944,0.41401747,0.40382513,0.33523503,0.24756357,0.17015275,0.10328762,0.08054786,0.11574337,0.16506843,0.16221726,0.13839938,0.13209312,0.1647137,0.21067482,0.24906251,0.28225788,0.30415678,0.31700438,0.3285952,0.2916473,0.19201429,0.15173301,0.24855219,0.2580777,0.16430993,0.093247935,0.06462053,0.07323824,0.08877123,0.12219668,,0.1174719,0.10254589,0.11703021,0.1076581,0.09390709,0.13655847,0.15552041,0.15562026,0.14817545,0.15039855,0.15977962,0.1625875,0.16045298,0.16300577,0.15977575,0.13803941,0.11260763,0.09524759,0.07725088,0.071568266,0.072994195,0.07418106,0.06969636,0.086237095,0.12053771,0.12960777,0.10599645,0.116731666,0.02210226,0.039722722,0.037782025,,,,,,,,,,,,,,,,,,,,,,,,,,,,,,,,,,,,,,,,,,,,,,,,,,0.07072651,0.112353705,0.17813799,0.16665614,0.44984466,0.7231771,0.8556711,0.78990686,0.7283091,0.7173876,0.67633724,0.57562447,0.46673056,0.31619698,0.23169245,0.12588231,0.057801932,0.1430686,0.22991817,0.3097953,0.41880977,0.6031622,0.8325262,0.9183504,0.86988664,0.793445,0.71734995,0.66326857,0.6176283,0.5476625,0.46382785,0.37897813,0.32081896,0.28492877,0.25502717,0.23256731,0.22130352,0.22000365,0.2180581,0.21872455,0.22273907,0.23041357,0.23936157,0.24247652,0.24170761,0.23866364,0.23597096,0.2376911,0.24180053,0.24870333,0.25770718,0.26309624,0.26341268,0.25775895,0.24077179,0.21885121,0.20512028,0.20763256,0.21887787,0.22573347,0.21297958,0.18022485,0.13937727,0.09706335,0.096180335,0.14029267,0.18445857,0.19586007,0.1864552,0.18483776,0.18826221,0.18146516,0.16283067,0.14101346,0.12047114,0.10518616,0.0931552,0.08249337,0.10700928,0.21441081,0.26315606,0.2999404,0.32115814,0.35335675,0.37322664,0.38872033,0.3944482,0.36170325,0.30387244,0.26138392,0.24024756,0.21865587,0.19793366,0.17784071,0.15063791,0.12560639,0.11040234,0.09968715,0.087025695,0.07616652,0.06799216,0.06348308,0.064957626,0.06984146,0.07557109,0.08114713,0.08576129,0.08807811,0.088665165,0.09055083,0.09410989,0.0977195,0.10135192,0.10386221,0.10542737,0.112114884,0.123953894,0.13069221,0.13092455,0.13022046,0.15502411,0.22881459,0.33201027,0.4084343,0.4184817,0.38379493,0.3236593,0.25391763,0.19030695,0.12272164,0.06673043,0.036155827,0.035122905,0.061470006
11.416672,0.5066611,0.4601807,0.39941636,0.32979208,0.24841408,0.14032693,0.07209906,0.12190629,0.17102031,0.20980744,0.23212568,0.22152697,0.22009262,0.24828921,0.2499582,0.23379572,0.2020775,0.16588175,0.12903377,0.06692167,0.008407627,0.057326037,0.078719094,0.03424233,,,,,,,,,,,,,,,,,,0.03124451,0.04085116,0.31498408,0.3334359,0.29832444,0.29145885,0.26453522,0.2350238,0.20277907,0.1456947,0.085797966,0.080469735,0.09619351,0.18030353,0.23870347,0.23082808,0.21694817,0.20081401,0.1808286,0.1549108,0.12299287,0.081524216,0.03980137,0.049881395,0.10443806,0.15601614,0.18944938,0.21128929,0.21946327,0.22364612,0.23329432,0.24041435,0.23474105,0.21937919,0.20567025,0.1982958,0.19268444,0.19298768,0.19946584,0.20464846,0.20317383,0.2100687,0.24221978,0.2785501,0.2989905,0.3047253,0.30597854,0.30496177,0.30648294,0.3144455,0.3255542,0.3383455,0.35251215,0.36434284,0.37287897,0.37924373,0.3844623,0.38898107,0.38902006,0.38015258,0.36344334,0.35686076,0.3729568,0.39267713,0.4028471,0.41281152,0.4296175,0.44996914,0.46885952,0.47358185,0.45762503,0.42735356,0.3966842,0.37797403,0.36778712,0.35558847,0.3401733,0.32661706,0.3179934,0.31248182,0.30822408,0.30172238,0.2898908,0.2818044,0.28438511,0.2908458,0.29504022,0.297152,0.29735845,0.29625186,0.298181,0.30579445,0.31670016,0.32309183,0.31549707,0.2956638,0.27893838,0.27462435,0.2815573,0.2913836,0.2960763,0.2981146,0.2949176,0.2847607,0.27355337,0.26319802,0.25409523,0.24636246,0.23968595,0.23623894,0.23782246,0.24366494,0.2518254,0.2605009,0.26954743,0.27850163,0.28625056,0.29009822,0.29002157,0.27971932,0.24496564,0.19087642,0.1536062,0.11993415,0.07741462,0.04591347,0.029549493,0.06642073,0.17485456,0.2547346,0.2776571,0.2652973,0.23793408,0.21036117,0.18531838,0.1448241,0.089912556,0.037614353,0.00603566,0.03557844,0.056736246,0.07044907,0.08405515,0.087550245,0.07615551,0.07542421,0.09215647,0.10577596,0.108547,0.112497844,0.12033755,0.13085262,0.14027862,0.1480013,0.15362363,0.15858252,0.16261697,0.15668237,0.13363896,0.10127132,0.087651044,0.09057238,0.102784015,0.12295565,0.14536639,0.16730791,0.18845105,0.20710313,0.21823587,0.22527331,0.23200455,0.23650065,0.23905204,0.24147986,0.2441652,0.24678093,0.24709395,0.24404137,0.22395049,0.18363535,0.13380219,0.08865542,0.06837192,0.057238705,0.040248636,0.023684185,0.009284486,0.02158453,0.06631923,0.11714782,0.15167142,0.17520487,0.19253445,0.19509459,0.18290791,0.16909291,0.15953888,0.15496688,0.15054789,0.14384831,0.13458526,0.12129422,0.11111896,0.1065884,0.1143998,0.14035843,0.17738228,0.21330205,0.24338643,0.27334085,0.27790907,0.2148301,0.19516152,0.2711988,0.3137577,0.33791402,0.34835213,0.357159,0.3738352,0.40374172,0.44330835,0.48759526,0.5122245,0.4913396,0.4236822,0.32710275,0.22526054,0.13671347,0.06348959,0.024156045,0.08004886,0.15192147,0.23637861,0.3252632,0.37525696,0.37646598,0.3414843,0.27228498,0.20902789,0.16873057,0.15912154,0.18441519,0.16974254,0.13419151,0.1184478,0.14589168,0.1930992,0.2395268,0.2773219,0.31040078,0.33051687,0.32226488,0.29579642,0.20417209,0.17726447,0.25959912,0.3272732,0.27977514,0.21514496,0.14993727,0.1563723,0.14259137,0.16712448,0.24719311,0.30928606,0.34429803,0.34907264,0.32684144,0.29007143,0.25549087,0.23033509,0.22681835,0.24123326,0.26523107,0.28270966,0.27326587,0.23238125,0.18824404,0.16608204,0.14714435,0.12551565,0.11292425,0.09798409,0.08019154,0.069397256,0.06536545,0.059785433,0.05421184,0.06950901,0.09777719,0.087310106,0.12604989,0.08416795,0.041857574,0.045882903,0.054440934,,,,,,,,,,,,,,,,,,,,,,,,,,,,,,,,,,,,,,,,,,,,,,,,,,0.10686644,0.21102731,0.20371807,0.48560202,0.7350186,0.8274046,0.751516,0.7055945,0.697539,0.6310619,0.53180516,0.42420018,0.30520645,0.23022965,0.10566354,0.046712995,0.13418733,0.21500863,0.29932493,0.39920142,0.5599684,0.79260117,0.90580934,0.8680656,0.79617023,0.729269,0.6819868,0.6310669,0.5574294,0.46733114,0.37625152,0.32321444,0.2926745,0.26451173,0.23559363,0.21631305,0.21272625,0.21282826,0.20911814,0.2094788,0.2113484,0.21606082,0.21881333,0.21699028,0.21662563,0.21929237,0.22040564,0.22381653,0.23299958,0.24631132,0.25689563,0.2592207,0.25351486,0.2404678,0.2270468,0.22360186,0.23050614,0.23841631,0.23345195,0.20557883,0.16386598,0.11298769,0.0920537,0.16669083,0.20896992,0.22426924,0.20930038,0.18288253,0.17688324,0.16913089,0.1473529,0.11516197,0.08382592,0.06145001,0.049550302,0.049862757,0.083564766,0.1669606,0.21844903,0.25119397,0.29561028,0.31907502,0.34588897,0.370708,0.38687402,0.37379304,0.32566345,0.2689613,0.23862979,0.22637732,0.21226507,0.20053501,0.18377647,0.15897644,0.13938498,0.1246525,0.10863515,0.09586266,0.09445571,0.099219866,0.10675655,0.11259688,0.11748512,0.12246515,0.12655659,0.12951912,0.13063939,0.13087203,0.13285077,0.13671634,0.14324266,0.15294178,0.16514353,0.1788776,0.19387738,0.2014856,0.18429674,0.16894461,0.19049267,0.24240048,0.34481138,0.45512545,0.49423662,0.46351025,0.4063146,0.33422625,0.24793735,0.1711021,0.11201126,0.08274857,0.05235074,0.027480865,0.024277814
11.333336,0.33172253,0.26317868,0.20639212,0.14571278,0.02613382,0.10784726,0.20017207,0.28862154,0.32833606,0.2981292,0.23589116,0.16922648,0.14845185,0.16600545,0.16654941,0.14943586,0.120979205,0.09432641,0.065410405,0.017214885,0.022671618,0.045145173,,,,,,,,,,,,,,,,,,,,0.020074787,0.0576618,0.32098407,0.3320229,0.29515108,0.28079084,0.2479028,0.21713084,0.19534048,0.1621873,0.13507406,0.12451458,0.12868816,0.1873047,0.24414681,0.25066754,0.24264772,0.23175697,0.2181437,0.1942373,0.1545496,0.10510157,0.057228908,0.048580393,0.1011509,0.15755615,0.19808322,0.22502184,0.2351634,0.2389033,0.24182136,0.24037097,0.22658059,0.20924878,0.19698969,0.18864022,0.18684909,0.1985769,0.21736695,0.2307402,0.23972455,0.25835449,0.28553456,0.30332097,0.30819723,0.3078366,0.30792627,0.30880424,0.31270373,0.32255992,0.33676216,0.3521418,0.36598933,0.3768844,0.3864727,0.3948574,0.39762136,0.39093468,0.37497365,0.35364664,0.33801413,0.34484395,0.37038222,0.39085615,0.39789888,0.40290746,0.4133913,0.4270679,0.4398194,0.43981013,0.42157227,0.39527473,0.37606743,0.36642838,0.35959965,0.35014877,0.3400068,0.33542955,0.33864328,0.34797835,0.35568872,0.34942013,0.33549863,0.32860225,0.32728523,0.3293763,0.33378643,0.33953267,0.34401923,0.34555602,0.34749272,0.34962022,0.3467177,0.33401185,0.31253755,0.29030475,0.27772626,0.27882606,0.2899182,0.30029505,0.3048368,0.3065884,0.3041835,0.29965425,0.29485598,0.28892887,0.2822126,0.2752925,0.26795205,0.262214,0.26092428,0.26415056,0.2694974,0.2754506,0.2793902,0.27986902,0.27713472,0.27072567,0.25715703,0.23077035,0.19055046,0.15598744,0.13192153,0.09614671,0.05813708,0.028958885,0.027187027,0.11016634,0.21410425,0.26258558,0.26185775,0.23945743,0.21315703,0.19273677,0.16958275,0.13074009,0.07858328,0.02792595,0.01481424,0.04395427,0.06267608,0.07543364,0.09160092,0.09448507,0.07830167,0.07234956,0.084066115,0.099204786,0.10134113,0.10357034,0.10923838,0.116639994,0.12641254,0.13295421,0.13779142,0.14417267,0.15215759,0.14989531,0.13257237,0.11105462,0.10211635,0.1019634,0.104618676,0.111792415,0.12337925,0.13818663,0.15877461,0.17685626,0.18545783,0.19125675,0.19637807,0.20184644,0.205411,0.20835781,0.21119758,0.21280518,0.20993023,0.19259493,0.15927379,0.12509915,0.10936107,0.10697534,0.10100512,0.087472565,0.066866025,0.04232585,0.027779017,0.014197925,0.041007843,0.09685493,0.14057042,0.16919002,0.19120888,0.19695762,0.18559818,0.16824076,0.1536881,0.1480154,0.14804617,0.14807373,0.14375144,0.13390736,0.124263614,0.123280674,0.13521886,0.16572379,0.209774,0.25358823,0.28952825,0.31627384,0.3019078,0.21621206,0.20811616,0.28475994,0.32596382,0.35003164,0.36181355,0.36938232,0.38347927,0.4098228,0.45003492,0.5035108,0.5465244,0.5454348,0.48718265,0.39091423,0.28916028,0.20126309,0.12925464,0.06459625,0.0015056084,0.066317685,0.13522087,0.2082764,0.27617347,0.3159161,0.31325817,0.26999277,0.21834376,0.1655645,0.14304118,0.15569744,0.13755102,0.109930515,0.10705338,0.1416448,0.1855264,0.22914444,0.26768738,0.3062441,0.3181488,0.28088796,0.26864412,0.2411913,0.1999917,0.23906638,0.31957868,0.3395326,0.28967294,0.3076053,0.384713,0.3519303,0.3159528,0.32282442,0.34914201,0.38405612,0.4150897,0.44490105,0.473497,0.49614868,0.5132916,0.5296234,0.54221547,0.54443413,0.5298694,0.49640888,0.44026092,0.36138824,0.28334746,0.2210213,0.1725229,0.1440363,0.13173057,0.115676664,0.091306634,0.07082911,0.059112675,0.039408237,0.03728823,0.06513553,0.092931114,0.12365289,0.09817343,0.0056534093,0.06577274,0.062301815,0.06475573,,,,,,,,,,,,,,,,,,,,,,,,,,,,,,,,,,,,,,,,,,,,,,,,,0.10112606,0.21715227,0.2211074,0.4981097,0.74603903,0.81788176,0.73364764,0.69092804,0.6714879,0.5900247,0.49156296,0.3815738,0.2922104,0.22131917,0.08058886,0.050414756,0.12876366,0.1999166,0.290826,0.38956678,0.5302778,0.7530122,0.8904498,0.8644109,0.7938615,0.736432,0.68997896,0.6381699,0.5687106,0.4771453,0.3866842,0.32968357,0.30099082,0.27765423,0.24893315,0.2178767,0.2022814,0.20245306,0.19955426,0.19969858,0.20073333,0.20075548,0.2029181,0.20284705,0.2026293,0.20644349,0.20804031,0.2122774,0.22439079,0.24024212,0.25212067,0.25692275,0.2523293,0.24320087,0.23865575,0.24263206,0.24830405,0.24628048,0.22617641,0.18720832,0.13492933,0.06564502,0.17081216,0.24526902,0.24843296,0.22253412,0.18895473,0.1650364,0.1642065,0.14902037,0.117096744,0.08353944,0.066874735,0.057038993,0.06739307,0.11116148,0.16345046,0.19528627,0.23339431,0.25698736,0.29117036,0.31650186,0.34534135,0.3716797,0.37293977,0.33885133,0.2851106,0.23930605,0.22352713,0.2175362,0.2076177,0.19927967,0.18198739,0.16013321,0.1398618,0.124281846,0.123128496,0.13003203,0.13846739,0.14516823,0.15145172,0.15826416,0.1644022,0.16917352,0.17205727,0.17340125,0.17339228,0.17413725,0.17790866,0.1863545,0.20182249,0.22198391,0.24148273,0.24964355,0.24022096,0.22261377,0.21013573,0.2234926,0.25776097,0.33079746,0.46410993,0.5534096,0.5615851,0.51253974,0.4604612,0.4014336,0.3207595,0.22853573,0.15481426,0.107964545,0.05969678,0.0433716,0.049136657
11.25,0.112051085,0.10862555,0.12647258,0.13810264,0.17693645,0.19032258,0.18303238,0.13777843,0.18122551,0.25025973,,,,,0.08617462,0.043509092,0.027236285,0.029430123,0.04571875,,,,,,,,,,,,,,,,,,,,,,,0.018109431,0.053131357,0.32015476,0.33555344,0.29787648,0.26588893,0.2225588,0.18502237,0.20291296,0.22571777,0.20148863,0.16538838,0.16294073,0.2124596,0.2605558,0.27002475,0.26413932,0.2631352,0.25440118,0.2253769,0.17417884,0.11501255,0.06641675,0.058415603,0.10589057,0.15863675,0.20477118,0.23449357,0.24492382,0.24586147,0.24494612,0.24025457,0.22985452,0.2197421,0.20857836,0.19805226,0.20606667,0.23332638,0.26036033,0.27836794,0.29107106,0.30336148,0.31395912,0.31685176,0.31273723,0.30800614,0.30673385,0.30831772,0.3112827,0.3174528,0.32473117,0.32667214,0.32330438,0.32025102,0.3220129,0.3277025,0.33045176,0.3236501,0.30708292,0.28898278,0.28292853,0.2985507,0.33281907,0.36877072,0.38844526,0.39166424,0.39118975,0.39493605,0.39980048,0.39834565,0.3860395,0.36840418,0.3566327,0.35162923,0.3472184,0.34153476,0.33918163,0.34833857,0.3702113,0.3913239,0.39809376,0.39035836,0.3780696,0.36933845,0.36244905,0.35627505,0.353905,0.3564835,0.36033073,0.36188474,0.35924947,0.3499565,0.33325812,0.3115417,0.28938112,0.27356097,0.26744172,0.26912025,0.2772284,0.28867838,0.29757932,0.299781,0.29590872,0.290659,0.28970763,0.29551694,0.3019408,0.3045366,0.30340648,0.30058074,0.2972273,0.2941877,0.29149035,0.28776255,0.2820067,0.2733663,0.2600887,0.24040687,0.21370012,0.18539593,0.16038974,0.13859336,0.10942403,0.07441275,0.045051042,0.017886598,0.064126424,0.16465071,0.23404028,0.2497726,0.23260573,0.21053874,0.19017546,0.17782538,0.15847835,0.12067474,0.06837795,0.021299982,0.022727573,0.04922135,0.068171054,0.08253361,0.0973593,0.096063115,0.0768989,0.07315604,0.078637615,0.09407009,0.094242364,0.09652573,0.099357806,0.1018787,0.107652366,0.1115474,0.11868677,0.1305564,0.14230196,0.1432949,0.13213426,0.11914979,0.11478114,0.115295894,0.11206506,0.10973865,0.111664414,0.1144035,0.122835755,0.13340618,0.14097826,0.14526457,0.14630061,0.14840892,0.1518056,0.15508834,0.1573271,0.15809678,0.15379365,0.13438667,0.12353708,0.13030542,0.1387765,0.13719237,0.12618159,0.11130655,0.08607038,0.057780623,0.048029345,0.04626787,0.04145182,0.07931093,0.12343723,0.15540223,0.18683264,0.20226909,0.19475572,0.17508693,0.1573146,0.14925152,0.15025787,0.1532791,0.14829835,0.14110732,0.1403873,0.14929426,0.16282605,0.19446966,0.24185471,0.28947273,0.32888263,0.34720317,0.31182313,0.21715711,0.22759244,0.29732835,0.33223382,0.3529545,0.3667518,0.37762797,0.39446977,0.41603953,0.44879583,0.5017044,0.559721,0.5868264,0.5531805,0.46269375,0.3582944,0.27028665,0.19936155,0.13839473,0.08172538,0.04573282,0.074173965,0.12220859,0.17499243,0.21387568,0.22336434,0.20321107,0.15331946,0.07528071,0.106791526,0.1184699,0.09605145,0.07875027,0.104383714,0.15246686,0.19342382,0.23347531,0.27209994,0.30654782,0.31470108,0.27192876,0.2285926,0.28390333,0.26541328,0.25991377,0.30934817,0.39656672,0.3002549,0.3392826,0.36296922,0.24324328,0.19208862,0.19059137,0.21188474,0.246188,0.28956437,0.33210003,0.3708617,0.3879269,0.4165222,0.4542691,0.47592512,0.48118386,0.47647145,0.46591577,0.44959965,0.42668727,0.3984542,0.3611384,0.30558684,0.24326634,0.19771053,0.17129917,0.14554298,0.10862466,0.0745719,0.048725173,0.041615162,0.055623546,0.10042428,0.1202048,0.092383675,0.03462506,0.083517894,0.076757856,0.05605313,,,,,,,,,,,,,,,,,,,,,,,,,,,,,,,,,,,,,,,,,,,,,,,,,0.10190349,0.22344632,0.2642062,0.49671003,0.7503621,0.8215884,0.73429,0.6875715,0.6478347,0.5602536,0.4599063,0.35018188,0.27643868,0.20087299,0.056651324,0.054526914,0.12312291,0.18984357,0.28370082,0.386066,0.50973356,0.71487224,0.871405,0.8577219,0.7894375,0.7391642,0.68963295,0.64023525,0.57657623,0.48679233,0.39861822,0.33766022,0.30837852,0.29135463,0.26779705,0.22843634,0.1985853,0.19029066,0.18713547,0.18563539,0.1881664,0.18896486,0.19083965,0.19420959,0.19524188,0.19792327,0.1987062,0.20681924,0.22073273,0.23751047,0.2507505,0.2574142,0.2548165,0.2489357,0.2507676,0.2542128,0.25365117,0.2395034,0.20572987,0.15698181,0.09339698,0.089256026,0.25525928,0.27621245,0.23841621,0.18815415,0.15262952,0.14935766,0.16164275,0.14389084,0.10587102,0.08113098,0.075367555,0.091362365,0.13278276,0.16086923,0.16987486,0.20049667,0.26087916,0.27029547,0.30078676,0.32859337,0.35052994,0.3627996,0.34420937,0.29759577,0.24896654,0.21961367,0.21526876,0.21291515,0.2051708,0.19663192,0.18005419,0.16369414,0.15509856,0.15366969,0.15935683,0.16671236,0.17526795,0.18496987,0.19399007,0.20203027,0.20821132,0.21276584,0.2150834,0.2173721,0.22155544,0.22625245,0.23308301,0.24545509,0.26285562,0.27644917,0.27805164,0.26610357,0.2502815,0.24509479,0.26157534,0.2859673,0.31953645,0.42825922,0.5750147,0.6445431,0.6350827,0.5842811,0.5404402,0.49399844,0.42903537,0.34894454,0.27336302,0.21568076,0.1622825,0.09920764,0.016077768
11.166672,0.12282287,0.14990108,0.120784104,0.05323749,0.0093505895,0.05492323,0.10266788,0.12774739,,,,,,,,,,,,,,,,,,,,,,,,,,,,,,,,,,0.023923757,0.05749559,0.30854765,0.33813426,0.30061048,0.25175813,0.19923972,0.15180583,0.20102416,0.27924672,0.26939785,0.21364948,0.21288262,0.25224385,0.28275853,0.28784624,0.28481135,0.29336324,0.29408285,0.25584847,0.18819745,0.1204384,0.07569047,0.07704645,0.12491232,0.17779937,0.21822214,0.24256863,0.25014302,0.25111166,0.2513593,0.25136092,0.24856688,0.23896784,0.22580053,0.21970117,0.24003926,0.27410498,0.29915115,0.3123506,0.31841668,0.3213848,0.32110876,0.316423,0.3084095,0.30066606,0.29811457,0.29857066,0.29846436,0.2974828,0.2929519,0.28181073,0.26666507,0.2531394,0.24397877,0.23801292,0.2333497,0.22934532,0.2238532,0.21866482,0.22213165,0.24274987,0.28192902,0.32958615,0.36562333,0.37743795,0.37210163,0.36644757,0.36692852,0.36762193,0.36138812,0.35081366,0.3425931,0.33806914,0.3347988,0.3317079,0.33512974,0.3551254,0.3878136,0.4131296,0.42120394,0.41836476,0.4100915,0.3981405,0.3855798,0.37452406,0.36388454,0.35635093,0.3525885,0.34809446,0.33960968,0.32458276,0.30269176,0.278665,0.25882772,0.24636795,0.2394446,0.23358567,0.2304531,0.2363366,0.25011933,0.26494727,0.27268937,0.26797378,0.25850403,0.25563562,0.26323745,0.27590546,0.28568366,0.2909911,0.29280728,0.2920974,0.29008302,0.28462523,0.27308154,0.25494307,0.23125719,0.20464714,0.18033947,0.16231392,0.14475429,0.12052493,0.08624796,0.056961056,0.022708956,0.037226737,0.12963967,0.20516548,0.22707015,0.21675771,0.19659084,0.18057583,0.17228617,0.1667509,0.15118901,0.11037334,0.05601114,0.016833665,0.029488556,0.05265948,0.07299638,0.08989973,0.10207324,0.09779231,0.0781449,0.075533845,0.07860909,0.08799982,0.09056828,0.09062214,0.0903112,0.092563055,0.09606466,0.09980954,0.10678022,0.117657945,0.12906396,0.1330952,0.12722193,0.12014631,0.12055229,0.12307208,0.11742035,0.11107738,0.10708702,0.10381312,0.104310334,0.10514594,0.10365245,0.10198422,0.10176822,0.104849495,0.10918991,0.11693056,0.12739223,0.14079346,0.15365137,0.16085057,0.16866317,0.172829,0.16674311,0.15533507,0.1427034,0.12633726,0.102627374,0.077681445,0.071630046,0.07701058,0.06881205,0.07522038,0.11102901,0.14244372,0.17843297,0.20571117,0.20728993,0.18862058,0.16715151,0.15665612,0.1590762,0.16086318,0.15050283,0.15083492,0.16412371,0.17860433,0.19306141,0.22417463,0.2711659,0.3193026,0.35823134,0.36837482,0.31325185,0.22210059,0.24611369,0.30595726,0.339356,0.35656977,0.36966866,0.38660973,0.4080728,0.42601103,0.4479382,0.4883776,0.54753643,0.60063785,0.6052958,0.53754705,0.43079737,0.33662692,0.26584092,0.20417084,0.14878646,0.10965567,0.09630927,0.10464978,0.12784153,0.1582925,0.15396759,0.11106397,0.03434091,0.04918784,0.06478067,0.046349186,0.033679776,0.06407356,0.11256435,0.16897705,0.2104225,0.2556351,0.2908557,0.32732686,0.34173036,0.2903874,,0.15854736,0.19983466,0.26583868,0.34744686,0.46081263,0.43651015,0.3180749,,0.14094685,0.13070218,0.1346136,0.1542867,0.19828585,0.25410378,0.30022806,0.3399402,0.341303,0.41934213,0.4641519,0.44117647,0.39177126,0.34349754,0.31772387,0.32272926,0.34684408,0.37738228,0.40165645,0.40604377,0.38320902,0.33673275,0.28690413,0.24440862,0.19530827,0.14155693,0.093388416,0.075771876,0.08799275,0.10227701,0.109372154,0.079653844,0.039283644,0.07460978,0.09670386,0.050464272,,,,,,,,,,,,,,,,,,,,,,,,,,,,,,,,,,,,,,,,,,,,,,,,,0.09679477,0.19283278,0.26639497,0.50962555,0.75989103,0.8360544,0.75021696,0.6957847,0.64147705,0.54447246,0.43727347,0.3344803,0.26590556,0.1859058,0.045287423,0.05229169,0.11730324,0.18775511,0.2813287,0.38443834,0.49324116,0.6772842,0.84729016,0.8485581,0.7840781,0.7406071,0.6905333,0.6433437,0.58209556,0.4993001,0.4165069,0.35050154,0.31386688,0.2967646,0.27668732,0.24018985,0.20541039,0.18452588,0.17473449,0.1709376,0.17330539,0.17691901,0.17928176,0.18576719,0.1893972,0.19138552,0.1933361,0.20457797,0.22070645,0.23701754,0.25043157,0.2578316,0.2576658,0.2542411,0.25618583,0.2548855,0.24589497,0.22129259,0.1753638,0.12199,0.028049707,0.21322341,0.28074542,0.25810018,0.20424877,0.15354037,0.13031892,0.14572015,0.16873202,0.14872143,0.105758175,0.082857445,0.09081766,0.12047135,0.13160418,0.14204122,0.18073359,0.23626363,0.26904985,0.26885942,0.30898032,0.33975983,0.3448724,0.34063113,0.3074107,0.25963947,0.22290972,0.209857,0.21402648,0.21570586,0.21147673,0.20522884,0.19106403,0.17555712,0.17148146,0.17878354,0.1877001,0.19523793,0.20657583,0.22044703,0.23427428,0.24623801,0.25413868,0.25692928,0.2573783,0.25956857,0.2636306,0.26959106,0.27807528,0.28912297,0.29800823,0.29905853,0.29147097,0.2799223,0.27457422,0.2855001,0.30772752,0.32726794,0.3723099,0.51527166,0.6682434,0.7356937,0.7204203,0.6692644,0.6259166,0.585426,0.5324002,0.46338966,0.38843605,0.32100332,0.26339382,0.20030129,0.122096345
11.083336,,,,,,,,,,,,,,,,,,,,,,,,,,,,,,,,,,,,,,,,,,,0.057618868,0.28034732,0.3377139,0.31320316,0.25285977,0.18773748,0.116153084,0.12793288,0.23003377,0.28513905,0.2565635,0.264158,0.2975286,0.30862108,0.29785624,0.30278626,0.33123505,0.33353326,0.2798142,0.19986136,0.125115,0.08553323,0.09850504,0.14983884,0.20355573,0.2418533,0.25824603,0.2650503,0.266618,0.2733992,0.27656132,0.27329975,0.26347858,0.25174156,0.2555243,0.27817953,0.3013552,0.3181431,0.3265388,0.32616487,0.3197046,0.31244883,0.30709282,0.30035487,0.28994256,0.28083724,0.27590698,0.2727358,0.2665645,0.25604093,0.24279583,0.23007843,0.22095898,0.21622099,0.21467145,0.21389692,0.21184406,0.20802839,0.2051334,0.20779566,0.22186261,0.2503814,0.292523,0.33710125,0.36283278,0.36440402,0.35362962,0.34733585,0.3493652,0.34992182,0.34290776,0.33435923,0.32848945,0.32363492,0.31981486,0.3247615,0.34716487,0.38028935,0.40809852,0.42558503,0.43196714,0.42808023,0.41804978,0.405062,0.3909069,0.37512416,0.35747275,0.34099072,0.32703725,0.31208766,0.29416686,0.27388301,0.25401846,0.23792441,0.22597784,0.21679908,0.20632885,0.19426444,0.18869586,0.19533476,0.20981292,0.22168496,0.22914796,0.23386566,0.23350523,0.23205802,0.2359048,0.24480464,0.25265357,0.25544918,0.25388977,0.2510255,0.24694261,0.23900762,0.22708024,0.21170905,0.19420466,0.17685868,0.15785691,0.13136329,0.09769016,0.06446244,0.03236592,0.02057541,0.09985427,0.17596577,0.20374331,0.19326723,0.17266594,0.16047612,0.1580853,0.15916474,0.15934409,0.14206314,0.09647819,0.03994739,0.0148518095,0.03593178,0.052631248,0.077309884,0.09590945,0.10620182,0.097687066,0.07879942,0.07896422,0.082328804,0.083205245,0.087597065,0.086216524,0.082661144,0.08196174,0.08933594,0.09612444,0.10216604,0.10923448,0.1182484,0.12300874,0.11861368,0.11219472,0.11215971,0.11486478,0.10974151,0.10268814,0.09761256,0.0897135,0.08386491,0.082674496,0.08280587,0.086033374,0.093088694,0.104981214,0.11771654,0.13041827,0.14399011,0.15902388,0.17469324,0.18622056,0.19447024,0.19796343,0.19479975,0.18574412,0.17200479,0.14872687,0.124005646,0.10345264,0.098963976,0.10890899,0.10574764,0.08966923,0.10470685,0.13621703,0.16944061,0.2080979,0.22109658,0.20637287,0.1799822,0.16525792,0.16586567,0.16481884,0.15700269,0.16409618,0.18628533,0.20922117,0.22922085,0.2582465,0.2993226,0.34373719,0.37821442,0.37736237,0.30998996,0.23501511,0.26096585,0.30762282,0.33815137,0.3535559,0.3647937,0.39095557,0.42157364,0.43902794,0.44911388,0.46678904,0.5090611,0.5723892,0.6188793,0.59731,0.50092113,0.39745957,0.32237443,0.25916335,0.20246696,0.16388625,0.1505856,0.15236296,0.15067494,0.14627546,0.10911308,0.054439534,0.013805824,0.01235507,0.031417105,0.049483016,0.07006961,0.09356521,0.12797432,0.18211587,0.23273398,0.27489358,0.3239952,0.35919407,0.34849167,0.20953733,0.1081414,0.20267183,0.29527476,0.34499353,0.39992777,0.48174438,0.50566155,0.53478456,,0.1785192,0.11541818,0.13058414,0.15620631,0.20300612,0.25378764,0.2886887,0.3164545,0.33929354,0.50751275,0.5013445,0.39837733,0.30076715,0.25813302,0.28592595,0.3351135,0.37185013,0.3963521,0.41090342,0.41587937,0.40823722,0.38739702,0.35582256,0.3201902,0.2846004,0.23529845,0.17057192,0.11986738,0.10467758,0.088914014,0.09704949,0.073190674,0.018112505,0.073151745,0.111149184,0.059493937,0.052137658,,,,,,,,,,,,,,,,,,,,,,,,,,,,,,,,,,,,,,,,,,,,,,,,0.09155566,0.14614646,0.22209693,0.47389066,0.7552509,0.8492506,0.7729068,0.71160173,0.65205884,0.54487294,0.4293493,0.33573613,0.26619294,0.17967688,0.0470013,0.04780332,0.11328343,0.1912593,0.28101495,0.38057578,0.47898698,0.64226604,0.8193821,0.8356534,0.7749963,0.73802984,0.6953238,0.6457516,0.58499134,0.5111433,0.4370474,0.36950058,0.31885517,0.28690335,0.26779306,0.2467048,0.2163339,0.1900466,0.17345814,0.16240917,0.1604377,0.16505012,0.17007703,0.17875811,0.1840833,0.18758853,0.19283476,0.20600112,0.22409454,0.23907442,0.24986291,0.25613126,0.2581337,0.25765604,0.2562581,0.24640217,0.22816324,0.19268288,0.13857284,0.09533957,0.11469582,0.25414932,0.26319885,0.21983728,0.16888411,0.12835218,0.11774867,0.1389226,0.16525128,0.1489081,0.10414697,0.08249741,0.09473993,0.10265375,0.11634677,0.15012522,0.21425389,0.26851416,0.27497464,0.2764803,0.32006767,0.3484041,0.33448836,0.31343353,0.27360034,0.23157673,0.20799588,0.20776066,0.21867362,0.22345246,0.22263548,0.21583572,0.1999362,0.1904131,0.19452173,0.20220174,0.21014695,0.22130427,0.23837395,0.258709,0.27587467,0.28322935,0.28117144,0.2777848,0.27843907,0.284119,0.29371497,0.30417797,0.31138244,0.31331274,0.30901247,0.30077076,0.29274154,0.28995264,0.29999834,0.32268414,0.34262663,0.35407054,0.40324605,0.56064004,0.73851657,0.82791084,0.817628,0.7643438,0.7129934,0.6655997,0.6125783,0.55041057,0.48929095,0.4348562,0.3817805,0.3177535,0.24109586
11.0,,,,,,,,,,,,,,,,,,,,,,,,,,,,,,,,,,,,,,,,,,,0.05379597,0.23411591,0.33054003,0.33593786,0.2743725,0.1917662,0.11212674,0.06494024,0.13335441,0.24224922,0.2801162,0.30976903,0.33288166,0.32948765,0.30254677,0.31929845,0.36606324,0.35599905,0.28899583,0.20740665,0.13343553,0.10143814,0.12473398,0.17509457,0.22602846,0.2673136,0.2828999,0.28971237,0.29089183,0.3002427,0.30563104,0.30294055,0.29326466,0.28663087,0.29186627,0.29798946,0.30865312,0.3193995,0.32156208,0.3156996,0.3055762,0.2972197,0.2928983,0.28850228,0.2800394,0.27044526,0.26434165,0.25977424,0.25193354,0.24187627,0.23111409,0.22054553,0.21431516,0.21572958,0.2232563,0.2313135,0.2363361,0.23865694,0.23824568,0.23695453,0.24231747,0.2599992,0.2868738,0.3214087,0.35644087,0.3743007,0.3659221,0.34705347,0.33462447,0.32856986,0.32147738,0.3121287,0.3059985,0.30232963,0.30064538,0.30595192,0.32220665,0.34600618,0.37214622,0.39664358,0.4123736,0.41620055,0.4127436,0.4067908,0.39767942,0.38391972,0.36534184,0.34231424,0.31945077,0.30053896,0.28255525,0.2617918,0.23936963,0.22009766,0.20487149,0.19139355,0.17829534,0.16658242,0.15902093,0.15886365,0.16810508,0.18262543,0.19551763,0.20285232,0.2056002,0.20799266,0.21215674,0.21882725,0.22559413,0.22971882,0.23496516,0.2372839,0.2326352,0.22397026,0.21244597,0.19857512,0.18176353,0.16166432,0.13797025,0.11004558,0.07663273,0.039298147,0.01737932,0.08154791,0.1464014,0.17550674,0.16817194,0.14930622,0.13529065,0.13789465,0.14457704,0.15029734,0.15053417,0.1291182,0.079448864,0.021922316,0.01855811,0.03993339,0.054348554,0.08307848,0.102107465,0.109198034,0.097777195,0.08370012,0.08600794,0.08619798,0.08048169,0.07497505,0.073408134,0.0738487,0.072840236,0.0765434,0.08865462,0.097850256,0.104202464,0.11171128,0.11747616,0.114356555,0.105145395,0.09701733,0.09174741,0.08751067,0.0851518,0.08352944,0.0769631,0.06968878,0.06840655,0.072707884,0.082645945,0.09626889,0.11347419,0.1311983,0.14744738,0.16239412,0.17670782,0.19154336,0.20367965,0.21286505,0.21799368,0.21735795,0.21024162,0.19857958,0.18279015,0.16337758,0.14208172,0.13151494,0.14065313,0.14471315,0.118979074,0.09946042,0.12839675,0.16050342,0.21229081,0.23728794,0.22868241,0.2027033,0.18586808,0.18058261,0.17249458,0.16795748,0.18170589,0.21288252,0.24350816,0.26445222,0.28944162,0.32263526,0.3566358,0.38074732,0.36828616,0.29697496,0.23504512,0.2490709,0.28523514,0.31175125,0.3304066,0.3447033,0.37125617,0.41180238,0.43643314,0.44035488,0.44063753,0.45688877,0.5050111,0.5781097,0.6198116,0.5654876,0.45917016,0.3731242,0.30972543,0.253914,0.20988646,0.17623359,0.15338926,0.14076735,0.12634599,0.10425373,0.093002416,0.096128225,0.113021776,0.12868315,0.1364061,0.13837259,0.13912635,0.14677389,0.17957032,0.226814,0.250651,0.3128785,0.34786773,0.2681488,0.08580379,0.21903461,0.3003793,0.33435285,0.34247312,0.3696729,0.43722787,0.4798394,0.51869535,0.46430966,0.3868255,0.31478578,0.26669332,0.24710181,0.24714577,0.2566288,0.2705566,0.30341902,0.4227688,0.5839501,0.4019974,0.23652017,0.19801176,0.26916182,0.34928742,0.39781967,0.41661286,0.41621614,0.40526947,0.3902832,0.3708208,0.34849754,0.32694745,0.3065515,0.28660437,0.26848263,0.22057691,0.15212995,0.116747536,0.10576803,0.106721,0.09042405,0.039303567,0.070083104,0.10510262,0.06453914,0.029027048,,,,,,,,,,,,,,,,,,,,,,,,,,,,,,,,,,,,,,,,,,,,,,,,0.09614866,0.11976759,0.20600216,0.4743764,0.7528813,0.8611282,0.794766,0.72633076,0.66552824,0.5564386,0.439709,0.34441584,0.27331176,0.18521531,0.0620652,0.04595847,0.11136627,0.19341297,0.27723166,0.3719498,0.46592504,0.60896546,0.78830355,0.81814563,0.75899017,0.7286501,0.69355595,0.64524853,0.58672434,0.5223572,0.4559785,0.39417544,0.3359836,0.28889447,0.25875396,0.240199,0.21869318,0.19575274,0.17883639,0.16413514,0.15622427,0.15966485,0.16587597,0.17265332,0.179497,0.18782891,0.1988917,0.21394886,0.23095262,0.24432111,0.2532942,0.2566531,0.2590602,0.25898835,0.24861361,0.228241,0.20008685,0.15550649,0.10931275,0.065669276,0.21038863,0.2567692,0.22862543,0.1833464,0.14199476,0.11655531,0.110400505,0.1202609,0.15000577,0.14430675,0.10377442,0.077719465,0.08016827,0.09682754,0.12646382,0.16363095,0.23534717,0.29698774,0.30174536,0.31173065,0.34818467,0.354928,0.32078215,0.28778237,0.24871813,0.21523003,0.20351847,0.21196435,0.22479612,0.23298319,0.23651122,0.22715232,0.21505345,0.2142884,0.21887825,0.22656068,0.23817095,0.25499892,0.2763006,0.29279482,0.29515043,0.2898697,0.28749964,0.29046035,0.2975779,0.30723873,0.31646723,0.32122624,0.31968942,0.31363758,0.30536062,0.2961856,0.2913992,0.29591468,0.31030926,0.3328556,0.34939018,0.35532033,0.39887655,0.5624111,0.7706631,0.89115,0.90239525,0.8521136,0.78738004,0.7252494,0.66676664,0.60654426,0.5514741,0.5095946,0.47096458,0.42439422,0.36935788
10.916672,,,,,,,,,,,,,,,,,,,,,,,,,,,,,,,,,,,,,,,,,,,0.054302942,0.17519939,0.31393322,0.3702339,0.31882045,0.20953429,0.14485197,0.08411358,0.10580363,0.19306906,0.28807268,0.34775147,0.3618316,0.33387023,0.29495424,0.33510512,0.3858017,0.35886648,0.2859465,0.20773739,0.1398014,0.12446094,0.15911764,0.21248247,0.26479554,0.29915562,0.3095383,0.32420444,0.32910433,0.33654404,0.34216693,0.3339619,0.31529576,0.30265853,0.294927,0.2941629,0.30177468,0.30626544,0.30439755,0.29888555,0.29171982,0.28675613,0.28623882,0.28776175,0.28675905,0.28092527,0.27300614,0.26506937,0.25634408,0.24615724,0.23553649,0.22766946,0.22646736,0.23209833,0.24071841,0.24744444,0.25193313,0.25756586,0.26301885,0.26595625,0.26952407,0.2807022,0.29571718,0.3149468,0.34871745,0.3862686,0.39836374,0.380684,0.3488207,0.31608263,0.28742993,0.26640278,0.25900394,0.25907353,0.2635744,0.2731328,0.2852594,0.29925352,0.3157348,0.33333123,0.34656763,0.3529798,0.35399818,0.35517108,0.35852775,0.3616859,0.36058038,0.35238174,0.33549637,0.31479904,0.296025,0.2772635,0.255799,0.23474845,0.219042,0.2087564,0.20005384,0.19123374,0.18366973,0.17811823,0.1752727,0.17482717,0.17530093,0.1773388,0.18039218,0.18298516,0.1852999,0.1890969,0.19494656,0.20050332,0.2040232,0.20854643,0.21423505,0.21503587,0.20741606,0.19362012,0.17453626,0.15041123,0.120595366,0.08467165,0.045479022,0.027687892,0.06898426,0.11777141,0.14203186,0.13889273,0.12535062,0.113533214,0.11804959,0.12799108,0.13745902,0.14314231,0.13821028,0.11308946,0.06407795,0.012554188,0.02734696,0.045843985,0.06307329,0.09357427,0.10903439,0.106081136,0.095147684,0.09046068,0.09298448,0.08763147,0.07605724,0.062546514,0.05373956,0.052964475,0.05673287,0.063091226,0.07463568,0.085101895,0.09415186,0.10435787,0.11497607,0.119648546,0.11436041,0.10308961,0.0908564,0.083512865,0.08228117,0.083475746,0.08189796,0.07873325,0.076969825,0.079296835,0.08681735,0.09883418,0.113669455,0.12987125,0.14627591,0.16216265,0.17857462,0.19596584,0.21257982,0.22665353,0.23680195,0.24255693,0.24332564,0.23824486,0.22799817,0.212561,0.19117033,0.17204063,0.17330109,0.18169062,0.16017142,0.104735866,0.1101598,0.14484182,0.20519042,0.24969722,0.25896925,0.24481001,0.23144558,0.21602064,0.1948182,0.18616776,0.20265828,0.2371716,0.26895797,0.28833017,0.3066298,0.33162692,0.35294402,0.36252025,0.33787873,0.26419118,0.20425597,0.20624274,0.2275788,0.24191265,0.26378432,0.2837527,0.31033128,0.36165044,0.39670417,0.40359032,0.3973338,0.39387116,0.41355985,0.48511565,0.5829622,0.6045178,0.5224417,0.42419222,0.3609576,0.3115967,0.26697055,0.22776905,0.19334047,0.16941985,0.15586393,0.15510792,0.16848026,0.18664151,0.20379396,0.21130201,0.208986,0.19907373,0.18269393,0.16276187,0.15166415,0.16417496,0.15428607,0.19207782,0.21177617,0.1218184,0.1766588,0.26876804,0.2748826,0.24609397,0.21432127,0.2301823,0.28705254,0.3379019,0.37921357,0.40383738,0.3965335,0.37245306,0.34568918,0.31104854,0.26247105,0.22100924,0.22943082,0.3176525,0.48555505,0.56424785,0.34834546,0.18624231,0.28727913,0.37648568,0.42170328,0.4273547,0.4106083,0.3818866,0.35048765,0.3227477,0.29857948,0.27601483,0.25729513,0.24338342,0.23432407,0.22707401,0.19762059,0.14690772,0.11447252,0.120442554,0.12279423,0.09591463,0.055164225,0.07964406,0.09534231,0.061299715,0.012494543,,,,,,,,,,,,,,,,,,,,,,,,,,,,,,,,,,,,,,,,,,,,,,,,0.075430945,0.11968266,0.20008297,0.52187675,0.7241702,0.8557648,0.8062967,0.7324822,0.66736674,0.5705951,0.46019453,0.3563933,0.2826212,0.2000514,0.08909509,0.052440427,0.11082257,0.19189626,0.26945353,0.36116144,0.45342025,0.57846946,0.75457823,0.79387724,0.7358488,0.71219736,0.6840943,0.6472277,0.59064275,0.5305593,0.47127786,0.41699234,0.35736248,0.30464783,0.26746017,0.24079682,0.2173676,0.1933283,0.17682676,0.16732796,0.16093615,0.16279161,0.16757149,0.16938819,0.1759432,0.18728957,0.20272212,0.21943894,0.23624228,0.25026935,0.25757992,0.256273,0.2541897,0.24886385,0.22970042,0.19868173,0.16353549,0.11688231,0.040202517,0.16021241,0.22700283,0.21915886,0.18652083,0.15375999,0.12460782,0.108831964,0.103093006,0.1067163,0.12853643,0.13216503,0.09644436,0.080168165,0.0913315,0.10721363,0.1215851,0.15202875,0.24678431,0.3326316,0.34669432,0.35255122,0.3654759,0.34543452,0.30122083,0.26504552,0.23183832,0.20745571,0.20442377,0.2162695,0.2311486,0.24494022,0.24859008,0.23824036,0.22994979,0.23482068,0.24152422,0.25284344,0.27167872,0.28967664,0.30131632,0.30403012,0.30090353,0.30068865,0.30525288,0.3122973,0.319705,0.32451817,0.32485533,0.319966,0.31229916,0.30581307,0.30013973,0.29464453,0.2918746,0.29466042,0.3032124,0.31579158,0.32743287,0.33342624,0.36469877,0.5031422,0.7204287,0.88467056,0.937938,0.9115801,0.8518407,0.78257984,0.71486264,0.6540841,0.60591745,0.5765479,0.5517609,0.5154337,0.47242728
10.833336,,,,,,,,,,,,,,,,,,,,,,,,,,,,,,,,,,,,,,,,,,,0.080333315,0.11693909,0.28466654,0.40216398,0.37695807,0.24325795,0.18486094,0.13841054,0.15307505,0.2007706,0.2861364,0.35757467,0.3634328,0.3097002,0.28168207,0.34820816,0.38572723,0.34616882,0.277223,0.20739487,0.15766917,0.16176786,0.20371094,0.2621082,0.3152498,0.33286312,0.34176987,0.36223295,0.3703495,0.3716311,0.3653192,0.33884954,0.30336922,0.28215563,0.276661,0.2781849,0.28072464,0.285246,0.2904676,0.29568106,0.29979298,0.30277762,0.30578563,0.30769506,0.30445975,0.2937783,0.2795623,0.26595646,0.25356406,0.24386755,0.23899207,0.24126971,0.25277478,0.27000526,0.28470775,0.28865007,0.28346696,0.27787375,0.27923864,0.28636587,0.29381317,0.30004522,0.3002909,0.29901588,0.3102086,0.34031898,0.3763305,0.3911978,0.37642676,0.34617713,0.31017414,0.27219802,0.24103981,0.22702114,0.22718386,0.23496245,0.24863455,0.2664741,0.28609547,0.30018836,0.30563298,0.3056386,0.29774985,0.28620303,0.2752405,0.2743503,0.28724477,0.30635956,0.32149327,0.32515767,0.31521916,0.29755703,0.27923957,0.26335052,0.2513284,0.2426976,0.23519933,0.22700052,0.2186863,0.21077596,0.20088954,0.18991594,0.18054171,0.17309436,0.16871268,0.16778648,0.16887039,0.17057292,0.1731499,0.1765262,0.18152948,0.18573837,0.18687013,0.18442984,0.17650095,0.16163586,0.13948037,0.11128046,0.07849837,0.046069935,0.03990132,0.061579753,0.08945888,0.1035672,0.101787336,0.09745553,0.09746366,0.10303973,0.1197559,0.1289729,0.1367512,0.13485701,0.12254517,0.09620635,0.05382083,0.020017765,0.0413164,0.060154498,0.08051551,0.106472656,0.113371216,0.10271122,0.09091877,0.08884274,0.08599711,0.07783064,0.067447774,0.055470143,0.044229906,0.040405262,0.04251488,0.0508063,0.06242455,0.0728537,0.08479087,0.09883383,0.111889474,0.12155479,0.12380074,0.11906641,0.1108592,0.10267323,0.09777066,0.09573992,0.09426508,0.092487626,0.0916186,0.09227427,0.09488254,0.10026832,0.10985782,0.123321526,0.1375753,0.15251064,0.16903636,0.18599103,0.20253973,0.21817675,0.23268045,0.2447013,0.2519869,0.2530443,0.24938253,0.243974,0.23307984,0.21615626,0.21039748,0.2180469,0.20938008,0.15477379,0.11062275,0.13319473,0.19023341,0.25589135,0.28732017,0.28252205,0.263801,0.24257702,0.21827587,0.20068902,0.20225367,0.22225106,0.25471565,0.28810138,0.31282264,0.3319402,0.34059414,0.32970622,0.28741902,0.20929906,0.14242022,0.14253983,0.16469853,0.15677954,0.16055825,0.17189445,0.207101,0.2752521,0.31800646,0.33283722,0.33362696,0.32787135,0.32304364,0.3612871,0.47247377,0.5806891,0.57348293,0.4806026,0.40463188,0.3602511,0.3197285,0.28140405,0.25003478,0.22864436,0.22149156,0.22973314,0.24573115,0.2609527,0.27196333,0.2735045,0.2646525,0.24639612,0.21814488,0.1796932,0.1324543,0.09835842,0.106492445,0.14972825,0.16397662,0.15851377,0.1571152,0.15607175,,0.0927966,0.07109928,0.1055483,0.07459475,0.082371846,0.11659738,0.15306655,0.17833519,0.19363423,0.20574649,0.19700587,0.16535698,0.14717633,0.19478229,0.37634426,0.44973022,0.40415114,,0.3669836,0.4302654,0.44212714,0.42252356,0.38761166,0.34417865,0.2923095,0.24583322,0.21028976,0.19290519,0.18532756,0.17277743,0.16154562,0.15688066,0.15445092,0.14200741,0.10723503,0.09588851,0.11936191,0.12101576,0.08576099,0.05902258,0.09215711,0.08868737,0.05556783,0.019068897,0.026321433,,,,,,,,,,,,,,,,,,,,,,,,,,,,,,,,,,,,,,,,,,,,,,,0.07231627,0.111977436,0.16518073,0.4622881,0.6841498,0.84396213,0.81559247,0.7319398,0.6639136,0.58396024,0.48159716,0.3730679,0.29399377,0.21868435,0.12658745,0.08546579,0.11880905,0.1898045,0.26137593,0.35035768,0.44076154,0.5497552,0.7157202,0.7626121,0.70776427,0.6883432,0.66883147,0.64451736,0.59326553,0.5359836,0.48719984,0.43571162,0.3748643,0.31935197,0.2811298,0.24964124,0.22553968,0.20559436,0.18988188,0.18047439,0.17479025,0.1732962,0.17434809,0.17439938,0.17852384,0.18866724,0.2040916,0.22104862,0.23742343,0.24965432,0.2519245,0.2453685,0.23901838,0.22885568,0.20667943,0.17272873,0.1389057,0.04713671,0.14448673,0.20885378,0.21187344,0.17614137,0.14820181,0.1281713,0.111918174,0.10093205,0.09603409,0.09810586,0.10898391,0.117373385,0.086073086,0.07878736,0.09317614,0.09549671,0.09662061,0.1301533,0.25749117,0.35654226,0.37145087,0.3653445,0.3641337,0.32916743,0.2790988,0.24512322,0.22017886,0.20284511,0.20443025,0.21727723,0.23472309,0.25139675,0.2548984,0.25212345,0.24705362,0.25304794,0.26607576,0.28119317,0.29805604,0.30773017,0.31033164,0.31216353,0.31750852,0.3260795,0.33429986,0.33921707,0.3388895,0.33172095,0.31978285,0.30914462,0.30408934,0.30305916,0.3021492,0.29996273,0.29697376,0.2946275,0.29403558,0.29495695,0.29565048,0.29423377,0.30566567,0.3890829,0.57859993,0.78310215,0.9020269,0.9306009,0.9054928,0.8514372,0.78608555,0.73484993,0.7105405,0.6979364,0.67571396,0.63647634,0.58774906
10.75,,,,,,,,,,,,,,,,,,,,,,,,,,,,,,,,,,,,,,,,,,,0.103444085,0.07223919,0.21836542,0.39515477,0.42983854,0.29111922,0.2203763,0.17429477,0.18981737,0.23492187,0.30642077,0.35704577,0.33981264,0.2672875,0.2719304,0.34847307,0.36329415,0.31781456,0.26182806,0.21072963,0.18586549,0.20504385,0.25220153,0.31158873,0.36041477,0.3716362,0.38715813,0.40264314,0.4023877,0.38796696,0.35823634,0.3132435,0.27468234,0.26178107,0.26361144,0.26623958,0.2655194,0.27419272,0.29363596,0.31496835,0.33114406,0.33712757,0.33330175,0.32328412,0.30948198,0.2930823,0.27709678,0.26266658,0.2500004,0.24355002,0.24844667,0.2682886,0.30677426,0.35200578,0.37868991,0.37618595,0.35710222,0.33461905,0.3193927,0.31314507,0.31412178,0.318266,0.3089178,0.28553686,0.26194364,0.25039145,0.26577833,0.2981635,0.31984913,0.32638276,0.32410026,0.31234205,0.28734103,0.2588824,0.23407647,0.21563263,0.21678169,0.24042797,0.27509388,0.3021568,0.31678334,0.32015222,0.31242743,0.29435182,0.26689804,0.2400021,0.21812007,0.20935854,0.22473848,0.2561956,0.28495166,0.29610723,0.28504694,0.26935753,0.26157877,0.25905383,0.25533772,0.24728853,0.2359037,0.22284472,0.2084144,0.19617538,0.18691726,0.17813346,0.17030738,0.16548826,0.16343659,0.16209497,0.1607625,0.16002709,0.16040277,0.15969452,0.15650581,0.14965877,0.13633987,0.11673361,0.09402853,0.071119346,0.053438634,0.048364382,0.056865804,0.066401586,0.069511116,0.06918052,0.07382509,0.080391705,0.08976663,0.11025466,0.12707576,0.13788247,0.13974465,0.12734392,0.10817723,0.07715332,0.041924275,0.034996234,0.06058232,0.0789853,0.10127271,0.12065887,0.11869876,0.10116505,0.08922118,0.08436918,0.07003923,0.06258546,0.056301314,0.046131495,0.035348512,0.031718016,0.036585003,0.04782408,0.062466975,0.07536308,0.085670136,0.09591444,0.10699914,0.11645205,0.12283877,0.12577775,0.12403042,0.1184575,0.11257813,0.10849881,0.10581311,0.10395783,0.10318214,0.10133823,0.09962343,0.10082822,0.10797088,0.11923108,0.13064237,0.14276277,0.15626813,0.16908334,0.18133768,0.19483761,0.20924237,0.22275195,0.23403805,0.24200806,0.24694324,0.25187135,0.25632396,0.25294012,0.24959512,0.25422832,0.25676012,0.22701117,0.14914389,0.122624,0.17010738,0.24475174,0.29222697,0.29753172,0.2754629,0.2484346,0.22431476,0.20188898,0.18898332,0.19225422,0.21218744,0.24730703,0.2767458,0.28857133,0.28296655,0.25250313,0.19245519,0.10354301,0.05998719,0.11408165,0.12073102,0.118600875,0.12343171,0.11763117,0.13059486,0.18876268,0.22497965,0.24222699,0.25452125,0.25701183,0.2498842,0.25399023,0.3190379,0.4689659,0.5726355,0.53442,0.44819665,0.398461,0.36274385,0.33067164,0.3049478,0.28969154,0.28720567,0.2960987,0.30784905,0.31474552,0.3174248,0.31698737,0.30588368,0.28249237,0.25065094,0.2075199,0.15038775,0.08520508,0.056728404,0.09393881,0.11922622,0.11507931,0.08928859,0.111343965,0.0936294,0.088136636,0.09169807,0.11156174,0.17580146,0.24075983,0.26899517,0.22986285,0.16935551,0.1314153,0.12522142,0.11323304,0.08841655,0.10875144,0.20588373,0.39077958,0.37442264,0.3033063,0.30957264,0.35649797,0.39753255,0.40903014,0.38076815,0.34155756,0.28882745,0.22590938,0.16813503,0.10868637,0.0553684,0.07026449,0.086835906,0.09752339,0.10300408,0.09945186,0.0819598,0.04436984,0.05566211,0.081286095,0.07091048,0.043226685,0.091819204,0.11899472,0.09742689,0.05985703,0.04235815,0.05546675,,,,,,,,,,,,,,,,,,,,,,,,,,,,,,,,,,,,,,,,,,,,,,,0.07187358,0.09599202,0.13378502,0.31695828,0.5827344,0.78617233,0.8114778,0.7339264,0.6650692,0.5963005,0.5062474,0.39939934,0.31131223,0.24067914,0.18370007,0.15619114,0.15724014,0.19792236,0.2567129,0.33828208,0.42450687,0.52005434,0.6731151,0.72534776,0.67636657,0.65923953,0.6464027,0.6340959,0.5930066,0.5421296,0.5072676,0.45256886,0.3928297,0.3341522,0.29205346,0.26035163,0.23990309,0.22522879,0.21294545,0.20358174,0.19543168,0.18781123,0.18406472,0.18550846,0.18983619,0.19579345,0.20744802,0.22223233,0.23675445,0.24420232,0.24266799,0.23541555,0.22735642,0.2142883,0.18298031,0.13139889,0.057796534,0.16664205,0.19854297,0.18806756,0.15953422,0.13011022,0.11374772,0.105082266,0.10007206,0.097663514,0.09593077,0.09202842,0.091761515,0.09639571,0.07747129,0.06648582,0.078278124,0.07410025,0.06974613,0.11452643,0.27231455,0.35978913,0.37404194,0.3619457,0.35224366,0.31056368,0.25760865,0.2286445,0.21154127,0.19931443,0.20452788,0.21927199,0.23851554,0.2523707,0.25797048,0.26014593,0.26303765,0.27331236,0.28657535,0.3009707,0.31237704,0.3170524,0.3199954,0.32573608,0.33347017,0.341611,0.34867194,0.35314947,0.35111183,0.3401676,0.32370177,0.30987132,0.304104,0.30491674,0.30860645,0.31130013,0.31011298,0.30302718,0.2918959,0.2811778,0.2707953,0.2574756,0.24733976,0.2721157,0.3854474,0.5810288,0.76031184,0.85805756,0.89325434,0.8892625,0.8581941,0.82333803,0.8140441,0.82092947,0.8148721,0.78490674,0.73638904
10.666672,,,,,,,,,,,,,,,,,,,,,,,,,,,,,,,,,,,,,,,,,,,0.100206286,0.079714224,0.10596777,0.32444954,0.464264,0.3401168,0.24550179,0.19207612,0.21259035,0.25775048,0.31349432,0.33664167,0.28867167,0.22795618,0.28154454,0.33563873,0.32822394,0.286908,0.25156704,0.22746673,0.2213869,0.250878,0.3020544,0.35745588,0.39692664,0.40173012,0.42116922,0.42869544,0.41573068,0.37967923,0.32717252,0.2749886,0.24693048,0.248199,0.25961566,0.27121806,0.28228512,0.2985183,0.32062054,0.33966905,0.35060737,0.34831455,0.33397958,0.31821612,0.30607015,0.29420945,0.2822127,0.2708231,0.26180354,0.26021105,0.28060618,0.33547238,0.410539,0.47036743,0.49413064,0.4823754,0.4495472,0.41374382,0.3846602,0.35857996,0.34379137,0.3453453,0.3345798,0.30253407,0.26586303,0.23455687,0.22211456,0.22613324,0.22898531,0.23601489,0.25828272,0.2841173,0.2919141,0.28219453,0.26093718,0.23155917,0.20969805,0.22711627,0.2738244,0.31127182,0.32992503,0.34003484,0.34070876,0.3276455,0.30746564,0.28376812,0.25326002,0.21597536,0.17774467,0.15726939,0.17661192,0.21344827,0.23715052,0.24316768,0.23702915,0.2315835,0.23186265,0.22863615,0.2218605,0.2092918,0.19371945,0.18035749,0.17166434,0.16580163,0.1605727,0.15679474,0.15450786,0.15259618,0.15004347,0.14713596,0.14264435,0.13509758,0.12377885,0.109645106,0.0935327,0.07974539,0.07058364,0.06364278,0.058366287,0.055958167,0.05388222,0.052538775,0.052615322,0.057913773,0.06638547,0.07758703,0.09728206,0.123707026,0.14434375,0.1530406,0.14292783,0.1217344,0.094503365,0.060972635,0.042927854,0.057210222,0.08133269,0.100737825,0.12672189,0.14047934,0.13033476,0.10844733,0.09519852,0.07758059,0.056473117,0.044315908,0.039961144,0.034737937,0.03256058,0.03754492,0.047636583,0.06214476,0.07941167,0.09579884,0.108755104,0.11773106,0.124704994,0.13070558,0.1350742,0.13684273,0.13559282,0.13252312,0.12809566,0.12471462,0.12354664,0.12301276,0.12048147,0.115759425,0.1118898,0.11105807,0.11462068,0.120842636,0.12752606,0.13415311,0.14042316,0.14740498,0.15610808,0.16751355,0.18077356,0.19411442,0.20660351,0.21889819,0.23147719,0.2447387,0.2588303,0.26944408,0.276106,0.2864119,0.293762,0.28547215,0.22697991,0.14513834,0.13829081,0.20713367,0.26679263,0.2883933,0.27355096,0.24326988,0.22098996,0.2026126,0.18199503,0.16865951,0.16931237,0.18530898,0.2092442,0.21469386,0.19738415,0.15884967,0.098317,0.015701367,0.05591653,0.115984075,0.14415456,0.16433845,0.17823024,0.1929223,0.20233126,0.19786066,0.18752407,0.18648753,0.19275276,0.19100237,0.1886778,0.17739019,0.18574974,0.28999287,0.47252348,0.55572414,0.50228584,0.43028894,0.38775325,0.3573322,0.3412716,0.334909,0.33806238,0.3474933,0.3558842,0.3617904,0.36579183,0.3691195,0.3626401,0.3398619,0.30543265,0.259504,0.20050903,0.13397264,0.06898773,0.023895467,0.049304534,0.0706848,0.07544553,0.08220217,0.032670423,0.011181309,0.031210413,0.060055465,0.17471194,0.19874476,0.21586995,0.20644797,0.17327029,0.12610467,0.08655071,0.060691446,0.055708855,0.112186186,0.2463515,0.3353787,0.3016539,0.27120963,0.25512293,0.2886084,0.35364836,0.38069174,0.34386027,0.29339093,0.2419569,0.19082254,0.14476645,0.11610133,0.10525729,0.12178323,0.14211226,0.15379232,0.15824412,0.14360961,0.098140255,0.05129165,0.050752994,0.05717804,0.056463428,0.08468871,0.13220637,0.13115084,0.10221947,0.073647045,0.07804328,0.08697258,,,,,,,,,,,,,,,,,,,,,,,,,,,,,,,,,,,,,,,,,,,,,,,0.069005296,0.09002546,0.1541872,0.18569624,0.46399426,0.72225773,0.80944335,0.7435038,0.666419,0.60214967,0.529294,0.4365413,0.3431443,0.2725207,0.24772607,0.23829184,0.22191502,0.22344238,0.25535932,0.32316288,0.40272772,0.48755363,0.62712395,0.6834597,0.6448312,0.62709415,0.61832774,0.6147885,0.58607143,0.54945374,0.5244109,0.47222695,0.4144868,0.36060396,0.31477347,0.28411025,0.26587993,0.25360075,0.24229775,0.23070182,0.21855262,0.20542517,0.1943678,0.19303833,0.19692361,0.20265238,0.21323913,0.22588305,0.2378246,0.24339396,0.23935744,0.229522,0.20717649,0.17256361,0.12398997,0.07525242,0.15053362,0.17169471,0.15878817,0.13708778,0.11511603,0.100019395,0.091744,0.089154765,0.091202416,0.0933161,0.091911875,0.08196794,0.06841704,0.06530513,0.064317025,0.058931127,0.07436962,0.07189459,0.063337445,0.121632434,0.28750744,0.3484833,0.36213124,0.35155448,0.32909766,0.28723434,0.2417195,0.21855885,0.20581833,0.1984566,0.20775747,0.22641036,0.24371068,0.25391713,0.26520225,0.27273843,0.27826354,0.2893016,0.3008058,0.31210747,0.32132095,0.3252055,0.32822365,0.33174083,0.33595768,0.3406586,0.34663475,0.35399628,0.35593042,0.34625104,0.3267705,0.30845293,0.3011232,0.30533785,0.3143505,0.3199908,0.31924456,0.30842656,0.28974393,0.2698009,0.25017136,0.229696,0.20973189,0.20064461,0.23226586,0.3463697,0.5306096,0.6804989,0.76231974,0.8142002,0.8390239,0.836317,0.83492225,0.85866815,0.8903915,0.8992327,0.8839716
10.583336,,,,,,,,,,,,,,,,,,,,,,,,,,,,,,,,,,,,,,,,,,,0.0792703,0.08188717,0.07477649,0.1824312,0.45767653,0.36390403,0.24845138,0.19307701,0.21557377,0.25382298,0.282048,0.28107744,0.23817284,0.2346688,0.29062358,0.30289397,0.28161317,0.26534155,0.25757533,0.24968582,0.25581968,0.2904528,0.3407116,0.39038858,0.40913543,0.4097305,0.42942387,0.41953218,0.38128033,0.32690477,0.27089295,0.24032418,0.23881538,0.25503668,0.27562138,0.292407,0.3076399,0.32436422,0.33745205,0.34296808,0.34096634,0.33305928,0.32149246,0.31182003,0.30497104,0.29828894,0.29033157,0.28143382,0.27899188,0.2969708,0.35501757,0.44142234,0.51254004,0.54941887,0.55147564,0.5244724,0.48150823,0.4526268,0.44036052,0.40861517,0.37631845,0.37606925,0.3738776,0.34840935,0.3188303,0.2862353,0.260863,0.24649963,0.23542915,0.23091199,0.23295121,0.24078287,0.25781456,0.27124688,0.26710117,0.2524052,0.2431374,0.25764486,0.28900176,0.3185367,0.33893013,0.35058263,0.3559877,0.3528347,0.34165782,0.32716122,0.3088117,0.28366017,0.24616513,0.1948329,0.13703485,0.107962,0.13014,0.16565473,0.17451774,0.1680099,0.16358162,0.1634882,0.17169887,0.1737164,0.16867189,0.15977284,0.15022965,0.14121647,0.1336852,0.13062425,0.13043748,0.12978376,0.12650768,0.12149942,0.11502891,0.106175885,0.09395567,0.08034625,0.07120554,0.068337895,0.068682514,0.06658997,0.06049802,0.055210266,0.051668458,0.05039301,0.052308947,0.05798703,0.06983622,0.08843498,0.11560165,0.14753099,0.16666335,0.16343226,0.1408352,0.11275732,0.087723695,0.061173543,0.0593359,0.07713885,0.10026819,0.12609822,0.15396088,0.15753198,0.13718097,0.11031612,0.086267345,0.06262325,0.037907813,0.015965756,0.023047753,0.036848005,0.04939824,0.06208376,0.07535442,0.09011598,0.10607598,0.121615775,0.13515969,0.14649677,0.15524562,0.16064578,0.16280381,0.16193402,0.1588358,0.15542924,0.15341084,0.1516988,0.15047953,0.14926349,0.1464674,0.14262065,0.13832894,0.13386118,0.12996586,0.12817186,0.12898779,0.1286168,0.12422901,0.12337962,0.13153231,0.14351277,0.15594931,0.16750795,0.17808276,0.19087046,0.20755777,0.22767921,0.24965578,0.26971227,0.28789523,0.30573928,0.3209477,0.32362586,0.29121155,0.21610782,0.12735009,0.13222376,0.20071995,0.23958115,0.24621905,0.22733553,0.21012552,0.2018087,0.19273186,0.18061951,0.16377704,0.1553743,0.16159181,0.1601222,0.13493091,0.08768096,0.032181397,0.057666775,0.10788659,0.1472469,0.16787642,0.17330383,0.17429733,0.18082103,0.18703572,0.17953697,0.16084455,0.14511159,0.13916405,0.13859281,0.1375733,0.12615505,0.10415819,0.11708567,0.26390556,0.4713234,0.52775073,0.46964774,0.42001083,0.3908208,0.3734964,0.36936352,0.3769739,0.38804936,0.3983887,0.41172847,0.4244265,0.43439353,0.43300268,0.4136834,0.3766497,0.3245008,0.2588344,0.18876076,0.11809825,0.054843657,0.018563263,0.06347319,0.09816964,0.08190642,0.052135065,0.033705834,0.02848577,0.09506647,0.18907103,0.12825257,0.09686002,0.10282006,0.11548854,0.108162895,0.07979488,0.052698687,0.06297986,0.12107058,0.24261977,0.24476154,0.2314875,0.24390692,0.2681562,0.31872144,0.37533098,0.37531006,0.35130826,0.32017073,0.28811625,0.2630541,0.24870393,0.25017557,0.2611527,0.27495426,0.28459492,0.27764195,0.25052223,0.2167632,0.18734793,0.1790449,0.17706944,0.17673302,0.16767232,0.15740663,0.1540858,0.12890124,0.099129245,0.09554198,0.12253922,0.10658849,0.09724408,,,,,,,,,,,,,,,,,,,,,,,,,,,,,,,,,,,,,,,,,,,,,,0.06349296,0.081070036,0.13104878,0.13637002,0.41447708,0.6578467,0.7922157,0.75678515,0.6796505,0.61058265,0.55027163,0.48187628,0.39745274,0.33348003,0.32005954,0.31647128,0.28919446,0.2571726,0.25536188,0.30354473,0.37641743,0.45232576,0.5800234,0.6389254,0.61174005,0.5912521,0.58485395,0.5894671,0.57666415,0.5549857,0.5388497,0.49224788,0.4350977,0.384652,0.3417063,0.31288913,0.29397216,0.28063062,0.2697711,0.2605512,0.24842454,0.23123105,0.21139653,0.20063625,0.19906051,0.20222235,0.20954324,0.21950795,0.2271767,0.22903891,0.2208812,0.19916694,0.1609567,0.069372416,0.07377084,0.12349424,0.13201283,0.11629488,0.10345281,0.09230507,0.08399546,0.080448695,0.07881648,0.08094596,0.08792894,0.09213494,0.0833193,0.06394891,0.04326615,0.033733334,0.049430676,0.057931118,0.06734015,0.07045022,0.060601924,0.16381413,0.30171043,0.32979628,0.33753276,0.33624822,0.30897754,0.26683977,0.23052096,0.21518087,0.20490478,0.20288324,0.2154936,0.23242214,0.2412907,0.25292313,0.27370626,0.2863174,0.29375798,0.3021154,0.30888748,0.31682193,0.32526317,0.32802987,0.3286315,0.3295908,0.32989198,0.32841024,0.32833025,0.33169186,0.3349604,0.33274817,0.3225934,0.31137154,0.3045792,0.30272818,0.305264,0.30891648,0.30930114,0.29870015,0.2777696,0.25357717,0.22778529,0.2021165,0.17987072,0.16395733,0.16258225,0.20257577,0.3144256,0.4575731,0.5528243,0.61073244,0.6612101,0.70072895,0.7207042,0.73946005,0.7762455,0.82207185,0.8661358
10.5,,,,,,,,,,,,,,,,,,,,,,,,,,,,,,,,,,,,,,,,,,,0.07167759,0.08683202,0.08445702,0.22049297,0.4024527,0.33707675,0.2314493,0.18803285,0.20652926,0.22920263,0.22413608,0.20308045,0.19749372,0.22985631,0.25945568,0.25559446,0.25441653,0.2658421,0.2696571,0.2690896,0.2837291,0.31863353,0.36436018,0.4023666,0.40277946,0.37904355,0.3692308,0.3453633,0.3068724,0.266927,0.24819894,0.25107756,0.26521564,0.28406894,0.3019061,0.31319007,0.32203683,0.33080626,0.33491307,0.33252907,0.3254651,0.31623438,0.30854344,0.30357155,0.29873267,0.2912093,0.28414813,0.28422523,0.30138868,0.35202813,0.43880224,0.5176906,0.554107,0.55499935,0.53069323,0.48859784,0.44262284,0.43311253,0.45205167,0.44334495,0.39932615,0.3862297,0.39121634,0.37681535,0.36181384,0.34382743,0.3205097,0.3029078,0.28957856,0.28014147,0.26672402,0.2495368,0.23930688,0.24350992,0.25294983,0.2562076,0.2609802,0.28000546,0.30694428,0.3332572,0.3513646,0.36488244,0.37290782,0.3782028,0.37684047,0.36783364,0.35575435,0.34244478,0.32194132,0.287262,0.23154682,0.1592122,0.09830318,0.08827589,0.114261165,0.13857903,0.1463078,0.14174274,0.13938871,0.14142126,0.13865565,0.13105382,0.1224776,0.116916254,0.11130865,0.10856829,0.10673961,0.103717305,0.09964843,0.095413014,0.0916655,0.08610788,0.078188024,0.07126525,0.06947005,0.06829569,0.06364105,0.057607006,0.05431563,0.053470593,0.053195037,0.05462687,0.05967788,0.06953797,0.08576218,0.110965855,0.14350449,0.17671111,0.18206427,0.1640022,0.13620788,0.10903078,0.08663595,0.07200261,0.07749515,0.097700804,0.12466044,0.15587004,0.17911242,0.170745,0.13896905,0.11099643,0.08601589,0.060072858,0.034767397,0.022492403,0.038582176,0.057719912,0.07414383,0.08764751,0.101890266,0.11613332,0.13112758,0.14605781,0.15934327,0.16972686,0.17756303,0.1835358,0.18726008,0.18803021,0.18697171,0.18509316,0.18340062,0.18192157,0.1800741,0.1773167,0.17343512,0.16888553,0.1626187,0.15362184,0.14316675,0.13522786,0.13129705,0.12379532,0.11196073,0.10657675,0.113972545,0.12550528,0.135359,0.1448526,0.15516141,0.16834486,0.18502933,0.20556462,0.23038942,0.25944668,0.2884744,0.3157303,0.33970058,0.35420263,0.33930886,0.28528216,0.20037119,0.087996125,0.08496224,0.13755131,0.17061816,0.18711731,0.18304527,0.177732,0.18245526,0.1877418,0.18280807,0.17236455,0.16385184,0.15940686,0.14625075,0.11765663,0.089863986,0.08262749,0.098482974,0.12267459,0.14157797,0.14950967,0.15184365,0.15667091,0.16227755,0.16180636,0.15091182,0.13047998,0.10576323,0.089731075,0.08428073,0.07348672,0.054270566,0.029223539,0.06792399,0.25230712,0.46047023,0.49097723,0.44783974,0.4199956,0.39892584,0.3951522,0.40411326,0.4140407,0.42505252,0.43946272,0.45387548,0.4633459,0.46558565,0.45282912,0.42186216,0.37528184,0.31481877,0.247535,0.16916995,0.09123402,0.022149788,0.05674159,0.108992666,0.09678585,0.059375424,0.021323536,0.027484614,0.09347352,0.12063205,,0.053312067,0.052006762,0.083360165,0.10077303,0.09522864,0.077708,0.07638183,0.097479954,0.16242684,0.16123323,0.18614925,0.23037677,0.2823184,0.3388383,0.37916875,0.39664352,0.3993493,0.3929052,0.3837884,0.37943742,0.38524038,0.39895782,0.407893,0.40549284,0.39227468,0.3623739,0.32366163,0.28912172,0.25407013,0.22620453,0.21330509,0.2117808,0.20161395,0.17292929,0.15073673,0.11131493,0.0885415,0.12937075,0.16057535,0.111958586,0.08789649,,,,,,,,,,,,,,,,,,,,,,,,,,,,,,,,,,,,,,,,,,,,,,0.05202191,0.07766932,0.11726936,0.10998653,0.31071293,0.5381343,0.740098,0.76845306,0.70940787,0.6376887,0.57245535,0.5128668,0.4526104,0.41624504,0.40008643,0.37866205,0.33878502,0.28669864,0.25609487,0.28161567,0.3453176,0.4118448,0.53019696,0.59052396,0.57276464,0.5529935,0.5491524,0.5626344,0.5704937,0.56918085,0.5537423,0.5115914,0.46006292,0.40814435,0.3656523,0.33432057,0.31483415,0.30759645,0.30579162,0.29949307,0.28548595,0.26422495,0.23643106,0.2170449,0.20818059,0.20478463,0.20572683,0.20589304,0.2019811,0.19430804,0.1855729,0.14735068,0.07340735,0.06744007,0.07686148,0.07709503,0.07155684,0.06465583,0.05875102,0.064561665,0.07031171,0.07147072,0.07235483,0.07897706,0.084907375,0.081293546,0.0675045,0.04846109,0.02664973,0.013464049,0.02636068,0.05200853,0.070991226,0.068645515,0.06729229,0.22521818,0.30121997,0.30607826,0.31189114,0.3166773,0.28894836,0.24939777,0.21895057,0.20653056,0.2059751,0.21327652,0.22341874,0.23133817,0.23751909,0.25966784,0.2886954,0.30253327,0.3056262,0.30848458,0.3126779,0.31798065,0.3229674,0.3228873,0.32196355,0.32276383,0.3209208,0.31557262,0.31077874,0.3084706,0.30739465,0.3044038,0.29703373,0.28675762,0.27771115,0.2724606,0.27232486,0.27548248,0.2755993,0.26765326,0.25243858,0.22939903,0.20054962,0.17347506,0.15198852,0.1372121,0.12725225,0.12804146,0.1615381,0.25242352,0.36259082,0.42300916,0.44876108,0.47950244,0.49840596,0.5073886,0.52457356,0.55469686,0.6152174
10.416672,,,,,,,,,,,,,,,,,,,,,,,,,,,,,,,,,,,,,,,,,,,,,,,0.32696927,0.24886793,0.19318557,0.18818733,0.20536762,0.2108534,0.18589267,0.16248281,0.18912913,0.21611829,0.2252737,0.23792987,0.259024,0.28025654,0.29041764,0.29662812,0.3121277,0.3410661,0.3764426,0.40162066,0.3959766,0.3583337,0.30681384,0.2587561,0.246086,0.25759104,0.2672707,0.27736193,0.29377395,0.30994606,0.31937382,0.321941,0.3237079,0.32666948,0.32529598,0.31869394,0.31164834,0.30219704,0.2926572,0.2857789,0.27705416,0.2671635,0.26551512,0.27920708,0.3183614,0.3916476,0.4800832,0.54356885,0.5579596,0.536617,0.5015143,0.45604396,0.40362382,0.37322226,0.400048,0.4442626,0.4305201,0.39251387,0.389822,0.3786494,0.36493757,0.3635714,0.35275623,0.34450033,0.3355259,0.32555792,0.3134744,0.29644477,0.2779479,0.2675254,0.26845247,0.27790424,0.29153776,0.30766875,0.32449216,0.33814853,0.3514922,0.36689883,0.38542962,0.40117902,0.40809292,0.40876916,0.40541086,0.39717683,0.3821267,0.3572605,0.32112944,0.2724944,0.21449682,0.16430616,0.1512541,0.17333977,0.18317986,0.17616776,0.17022137,0.16313437,0.15362364,0.1376537,0.122665145,0.11390538,0.108457826,0.10251438,0.09624416,0.089474484,0.08430032,0.080718555,0.07878462,0.076525174,0.07164885,0.067007445,0.06403937,0.056811463,0.048422303,0.047710057,0.051081646,0.053665362,0.055343162,0.06211807,0.07340219,0.09140704,0.112681985,0.14353609,0.1780413,0.20264135,0.19318193,0.1631751,0.13100286,0.10715159,0.09704359,0.09552171,0.10382689,0.12283761,0.14990294,0.17986824,0.19170617,0.1688272,0.13030154,0.10504056,0.08547069,0.064741656,0.05603602,0.05785785,0.068056226,0.08271829,0.094861925,0.10717485,0.124294385,0.141715,0.15662616,0.1669993,0.17516793,0.1810738,0.18486108,0.18825902,0.19180591,0.19426593,0.19561194,0.19634381,0.19732481,0.19840553,0.19822657,0.19594105,0.19193673,0.18628709,0.17774469,0.16508326,0.1502524,0.1394324,0.13465218,0.12376269,0.10804366,0.10214023,0.10767763,0.11498932,0.12055734,0.12592237,0.13185199,0.14061144,0.15339774,0.17223282,0.20118852,0.24068658,0.280382,0.31632945,0.34749267,0.36529854,0.3679332,0.32553867,0.26619908,0.18000634,0.07134818,0.0061422023,0.05111611,0.10456482,0.13126165,0.13891816,0.14870566,0.15793055,0.16755134,0.17039818,0.17547299,0.18116564,0.17398515,0.15603054,0.13794145,0.12674667,0.12393411,0.12520063,0.12803635,0.13173465,0.13612324,0.14010035,0.14381392,0.14346309,0.13390975,0.11510638,0.08897228,0.059337035,0.0414235,0.029888354,0.01020243,0.0075620282,0.02378471,0.04218132,0.24235737,0.43196788,0.45049262,0.42084345,0.40478858,0.3955257,0.39531916,0.3978211,0.40076804,0.40413815,0.39702865,0.38464066,0.37759703,0.38246858,0.38167405,0.36193293,0.32309237,0.2708888,0.21241719,0.13972786,0.053061996,0.036880612,0.10889873,0.14949153,0.15171218,0.13076076,0.11166468,0.07859919,0.09113659,0.06528097,0.07528253,0.07710904,0.08741458,0.1027093,0.1053562,0.08720263,0.0561962,0.020883089,0.081601,0.11042186,0.16525532,0.22643803,0.2917849,0.34624147,0.3991024,0.43505663,0.45394996,0.46448025,0.47496998,0.48833618,0.50075316,0.50627637,0.49717978,0.47088248,0.4324509,0.38281512,0.3300924,0.28318384,0.23683101,0.19012372,0.14806621,0.12075952,0.103510864,0.09417793,0.08830665,0.07308273,0.05377074,0.1028219,0.14762606,0.10580507,0.08058375,0.062410034,,,,,,,,,,,,,,,,,,,,,,,,,,,,,,,,,,,,,,,,,,,,,0.0890253,0.110542335,0.11613104,0.11797425,0.1802068,0.39929187,0.64018756,0.7573996,0.7411059,0.6765688,0.60512197,0.5436614,0.49428344,0.4654918,0.44131893,0.4075008,0.3611369,0.30369523,0.2530955,0.25763318,0.3073983,0.36301714,0.47615895,0.53572917,0.5259258,0.51385206,0.5136556,0.5335933,0.5566611,0.5728233,0.56509656,0.532025,0.49078465,0.4464732,0.41039523,0.3735122,0.3417014,0.33071205,0.3323924,0.3295659,0.31732154,0.2959724,0.26483458,0.23737739,0.2195352,0.20620403,0.1990987,0.19917974,0.19527319,0.16827087,0.1544512,0.09307813,0.047414806,0.024334684,0.027120356,0.02462767,0.026033176,0.03576925,0.04639226,0.0588916,0.064403534,0.063183926,0.067364104,0.07034406,0.06804253,0.062458254,0.053866412,0.040050022,0.025260238,0.012729724,0.0066878237,0.0303869,0.049772777,0.052644856,0.11197351,0.2555642,0.27956417,0.27650893,0.29444182,0.29428932,0.26750702,0.23768383,0.21187021,0.20157552,0.21049947,0.22180404,0.22586605,0.22459568,0.23401093,0.26495856,0.2984583,0.31252015,0.3120393,0.31205603,0.31487814,0.31755215,0.31678206,0.31209728,0.3081243,0.30600768,0.3005799,0.29364845,0.2896,0.28764927,0.28355798,0.27476558,0.26318663,0.25134858,0.24051167,0.23169799,0.22592817,0.22234064,0.22042654,0.22026068,0.21519771,0.19867417,0.17463127,0.14997764,0.13207178,0.12163695,0.111828946,0.10066381,0.09883667,0.13033526,0.21064122,0.305869,0.36395043,0.37768567,0.36514392,0.3482709,0.3448709,0.34259078,0.3479765
10.333336,,,,,,,,,,,,,,,,,,,,,,,,,,,,,,,,,,,,,,,,0.07428781,0.055761512,0.040321756,0.047754828,0.042987417,0.017714482,0.1451241,0.15420856,0.102526724,0.16829485,0.2075968,0.22163507,0.20956886,0.18001351,0.1710152,0.1946633,0.2159829,0.23763096,0.25903535,0.28329498,0.30564192,0.31902272,0.32908824,0.34345153,0.36201084,0.38263944,0.39827743,0.39184856,0.35790986,0.3081904,0.2643248,0.25254625,0.26432407,0.2818663,0.29777226,0.31227314,0.32262778,0.32569593,0.3236778,0.31976524,0.3166286,0.3123092,0.30577347,0.2988663,0.29182315,0.2856182,0.2786515,0.26439264,0.2477023,0.24358694,0.26269716,0.31397322,0.39454776,0.4781465,0.5361549,0.5568014,0.54944885,0.52207386,0.47557303,0.41439784,0.34469002,0.329493,0.42542,0.4614626,0.39987236,0.38664067,0.38410622,0.3704682,0.36828524,0.36338112,0.36034134,0.35576776,0.3479724,0.3364743,0.32165405,0.3065171,0.29557285,0.2878339,0.28401914,0.28497702,0.2869755,0.29252478,0.30127057,0.31903768,0.34640023,0.37621808,0.39883852,0.41516328,0.42670384,0.4343241,0.4348917,0.4273397,0.40943933,0.3815392,0.34665695,0.30936295,0.27313533,0.24601029,0.23549905,0.23704864,0.23805505,0.23423247,0.22488223,0.20752083,0.18344298,0.15812024,0.14047366,0.12696321,0.117343284,0.105171025,0.092699915,0.08156104,0.07258423,0.0666619,0.06275633,0.058153756,0.05329527,0.046945155,0.037651293,0.03816266,0.043868642,0.049159694,0.05313258,0.05596305,0.06969341,0.09067763,0.114522174,0.14372006,0.18158583,0.21194682,0.22002172,0.19924377,0.16752717,0.1377829,0.11623356,0.10867207,0.11134328,0.12223335,0.14017929,0.16476168,0.18765096,0.18407804,0.14729136,0.10952079,0.09726336,0.08440698,0.07132918,0.07503835,0.08131594,0.0822104,0.09294981,0.10622303,0.121780366,0.13516752,0.1448884,0.15293394,0.16041082,0.16804303,0.17571878,0.18185145,0.18569793,0.18818341,0.19012651,0.19171269,0.19337976,0.1961585,0.19999513,0.20322067,0.20395036,0.20186141,0.1965049,0.18794341,0.17616414,0.16188288,0.1500616,0.14092016,0.12578791,0.11049788,0.10404939,0.10275479,0.10162887,0.10080302,0.10017133,0.100167,0.10365516,0.1150277,0.13695276,0.16802925,0.20780835,0.25177535,0.29706487,0.33377194,0.35673392,0.36697868,0.3455799,0.2960272,0.22619493,0.16605087,0.12076786,0.08084579,0.055057593,0.08817487,0.11112289,0.11971023,0.12192532,0.12787765,0.13103633,0.13360728,0.14416197,0.14914964,0.140924,0.13171507,0.12880234,0.12778302,0.12572391,0.124074094,0.12258239,0.123273276,0.12425073,0.12161151,0.118135825,0.10950636,0.0982252,0.0845541,0.06790074,0.046350162,0.026631381,0.021431487,0.03679508,0.049589403,0.06231884,0.025196675,0.2054668,0.38198498,0.39980888,0.3707974,0.3472931,0.3271647,0.30466866,0.27818087,0.23656015,0.18774799,0.15786019,0.16288735,0.21690221,0.26932514,0.3057022,0.3026457,0.25795963,0.20592931,0.15776724,0.09807722,0.02988266,0.07820233,0.13123722,0.15086643,0.14206016,0.1317003,0.10654611,0.0697041,0.06301372,0.043826003,0.032485917,0.0336409,0.055425998,0.06817585,0.07036602,0.0707459,0.0536442,0.06858791,0.10993283,0.15499923,0.216597,0.28673592,0.34109825,0.39226216,0.44522586,0.4839517,0.51168054,0.5303956,0.54490155,0.5506274,0.54198575,0.5156589,0.47429565,0.4273282,0.37653178,0.3213557,0.26546893,0.21135125,0.1605195,0.11725436,0.08430339,0.06529019,0.086672746,0.11124442,0.12789272,0.12682939,0.121820405,0.115356594,0.10731708,0.06540824,0.03382348,,,,,,,,,,,,,,,,,,,,,,,,,,,,,,,,,,,,,,,,,,,,,,0.14936864,0.12500465,0.11603348,0.111721836,0.25932935,0.4791976,0.67296565,0.74203974,0.7175203,0.6499643,0.57673556,0.5176401,0.47712022,0.44181913,0.40423542,0.3582415,0.29645747,0.23415054,0.22611232,0.26125997,0.3094789,0.42290804,0.48019728,0.47865877,0.4735817,0.47825938,0.50088924,0.5351477,0.55921036,0.5594921,0.5418029,0.5182392,0.49142966,0.4655986,0.42896485,0.3884885,0.36288044,0.3538239,0.34963605,0.3420563,0.32740703,0.3057773,0.28826872,0.27463996,0.2605958,0.2458582,0.21702828,0.17200524,0.1225898,0.08850382,0.06357984,0.0461034,0.03378757,0.02186585,0.007890007,0.016517062,0.03436248,0.047139335,0.05228027,0.05601841,0.05975338,0.05776813,0.054349367,0.050965086,0.045769457,0.037201285,0.021708442,0.009310102,0.015827095,0.027282797,0.024570523,0.019363316,0.047583874,0.17159371,0.25177875,0.25001493,0.2627121,0.28150052,0.2739799,0.25078472,0.22633438,0.20074601,0.1977355,0.21449932,0.22616675,0.22625181,0.22494908,0.24088414,0.27650517,0.31237245,0.32660472,0.32555586,0.32402968,0.32144204,0.31881678,0.3116393,0.3002314,0.2878787,0.2745437,0.2605968,0.25103602,0.24811517,0.24654578,0.24227954,0.23500513,0.22500996,0.21471862,0.20521353,0.19517338,0.18574595,0.18056792,0.18193907,0.18622941,0.18356547,0.17413205,0.15684643,0.13396184,0.11602728,0.10936051,0.10824045,0.103024155,0.091873415,0.085036956,0.11360396,0.20068415,0.3085989,0.35849336,0.33906007,0.31856892,0.30795,0.29785118,0.28927457
10.25,,,,,,,,,,,,,,,,,,,,,,,,,,,,,,,,,,,,,,,,0.08815601,0.031591855,0.042119827,0.043241687,0.019121215,0.041783057,0.100659646,0.1565592,0.17565122,0.21369389,0.24670789,0.2525263,0.23277521,0.21421698,0.21469532,0.23105744,0.2566824,0.28237516,0.3042177,0.32452473,0.34138626,0.35457978,0.36474684,0.37368962,0.38118806,0.38918608,0.39259118,0.38237625,0.3570074,0.3208613,0.28714907,0.26992244,0.2696878,0.2823044,0.2971526,0.31096122,0.31812227,0.3179879,0.31336424,0.30624786,0.30135617,0.29805663,0.2943972,0.29178485,0.29465103,0.3006655,0.29731464,0.2767974,0.2500542,0.23310037,0.23980646,0.28327632,0.3546818,0.42713404,0.476228,0.5142921,0.5352315,0.52143455,0.48299798,0.42618528,0.3580237,0.34354836,0.4256073,0.4446341,0.3796778,0.3682965,0.37987548,0.36834425,0.36530322,0.35965523,0.35382676,0.34905323,0.33994398,0.3269004,0.31080234,0.29322737,0.27307236,0.24947332,0.22912547,0.21460183,0.20291121,0.19926167,0.20635198,0.22868674,0.2590501,0.2962505,0.33863264,0.37736914,0.40802288,0.43215212,0.4469931,0.45056158,0.44129175,0.4213877,0.3941167,0.36399442,0.33715823,0.31793672,0.30736965,0.30224627,0.29873437,0.2927042,0.2796396,0.2585216,0.2363404,0.21170911,0.1886582,0.17205067,0.15503311,0.13569602,0.11518276,0.09551294,0.07622957,0.059163425,0.04784361,0.04130292,0.03568563,0.028275322,0.02545561,0.033179887,0.040201608,0.046655867,0.05111847,0.05757555,0.07852121,0.103562206,0.13301376,0.17441924,0.21594761,0.2389565,0.2367515,0.2129972,0.18262298,0.15287751,0.12862979,0.11762629,0.120112844,0.1290719,0.14389582,0.16362382,0.17631017,0.16177942,0.12160697,0.08988451,0.091576666,0.08470962,0.073984936,0.08304104,0.09612188,0.10069123,0.10678289,0.11631264,0.123815864,0.12986304,0.13505156,0.1407914,0.14670296,0.15200794,0.15668915,0.16028255,0.16346368,0.16688164,0.17073609,0.17504834,0.17972472,0.1851137,0.19111356,0.19679464,0.20083542,0.20182131,0.19917381,0.19287586,0.1836408,0.17217857,0.15966995,0.1461036,0.1261476,0.106543206,0.09843802,0.09350656,0.08684326,0.07928298,0.07240985,0.07082927,0.07482975,0.08716839,0.11117435,0.14176385,0.17785501,0.21807605,0.25938645,0.29575905,0.3234254,0.34234095,0.3438765,0.31576174,0.27554378,0.24275851,0.21206555,0.1805138,0.14061815,0.106476344,0.09600671,0.09417541,0.08525245,0.07121083,0.047286004,0.024085639,0.028870972,0.054485843,0.06610977,0.07967427,0.098344766,0.112667926,0.12186825,0.12344018,0.11819149,0.111559436,0.105796896,0.09952076,0.091765806,0.08385798,0.07787134,0.074811965,0.07135441,0.06384028,0.05319253,0.046513434,0.053778853,0.067981705,0.08777251,0.10897948,0.06996317,0.15208054,0.3023211,0.32628185,0.29194048,0.24934937,0.19871072,0.1366948,0.0714393,0.013296504,0.07686874,0.1393697,0.18543305,0.18764906,0.21369311,0.26445502,0.2544215,0.21517637,0.1582997,0.11057328,0.06656764,0.061308317,0.104857154,0.12134605,0.11753901,0.12446871,0.10526529,0.047197226,0.05307186,0.030067353,0.015610781,0.011220008,0.04866258,0.07387526,0.10039638,0.11100818,0.06395862,0.07286926,0.10959127,0.12276763,0.17355376,0.2544235,0.3168931,0.36270028,0.42184618,0.46128762,0.48867875,0.5081456,0.5226427,0.5304388,0.5291924,0.51323986,0.4800531,0.42966226,0.3632855,0.28844324,0.2196382,0.16672915,0.13349813,0.12525259,0.12499818,0.12197964,0.1397365,0.17775215,0.21224792,0.22530842,0.21563451,0.18705516,0.13027762,0.06719966,0.048686992,,,,,,,,,,,,,,,,,,,,,,,,,,,,,,,,,,,,,,,0.034422144,0.036742713,0.043386094,0.054070093,0.07286904,0.098519154,0.14471647,0.15572031,0.13276756,0.107647955,0.09655691,0.13861863,0.33531195,0.54738504,0.6818769,0.7205862,0.68284535,0.6064113,0.53188115,0.47602814,0.43147323,0.38937712,0.3409536,0.27638167,0.20813489,0.18833551,0.21142507,0.2578312,0.37147114,0.42312947,0.42841664,0.43307483,0.4401888,0.46654812,0.505694,0.5308667,0.53581274,0.53596056,0.53656065,0.52779484,0.5123578,0.48693466,0.4549921,0.4294443,0.41829994,0.41684902,0.41360936,0.39775354,0.36527804,0.32511494,0.28165707,0.24682525,0.2256382,0.2020847,0.17071599,0.14025053,0.11286042,0.08473472,0.061755005,0.04272539,0.021008248,0.009602804,0.02834021,0.04044341,0.04500838,0.048546124,0.049195882,0.046351906,0.046940077,0.04738605,0.041856807,0.033686437,0.025328776,0.017145965,0.019612616,0.028381705,0.036778953,0.030893276,0.018261421,0.08963675,0.20220305,0.23615858,0.23565808,0.2547284,0.25729567,0.24509235,0.23280369,0.20267156,0.19046015,0.20132184,0.21913905,0.2289489,0.2264141,0.22913349,0.2456674,0.27651936,0.31650382,0.3371885,0.3383088,0.3351354,0.32668963,0.31613824,0.30220756,0.28502157,0.26713395,0.25006056,0.23555757,0.22385061,0.21397333,0.20500812,0.19688964,0.1895185,0.18290405,0.17800057,0.17311797,0.16757171,0.16383792,0.16398406,0.16712996,0.17190152,0.17408434,0.16973603,0.15741292,0.13481289,0.1106986,0.09778066,0.09744627,0.10382218,0.10882958,0.10140341,0.07914768,0.0800945,0.1661734,0.26293686,0.29806355,0.3035509,0.29977712,0.2846201,0.27761376
10.166672,,,,,,,,,,,,,,,,,,,,,,,,,,,,,,,,,,,,,,,,0.067688726,0.03790876,0.059260592,0.062717885,0.07517887,0.08689774,0.11069824,0.15474251,0.21258004,0.26158866,0.2867118,0.2858475,0.26943126,0.26612163,0.28086466,0.30213177,0.3274704,0.34812057,0.35946068,0.37028128,0.38502458,0.39906862,0.40673727,0.41162047,0.40860274,0.4021718,0.3932458,0.37662283,0.35322896,0.32517725,0.29790333,0.27856714,0.26944783,0.27119026,0.2804453,0.29313853,0.3006784,0.30078632,0.2961335,0.2892889,0.28259313,0.27791882,0.27873966,0.28743318,0.30310637,0.31462052,0.30880597,0.28765658,0.26055637,0.2333938,0.21516249,0.22605364,0.25871092,0.29823586,0.34189644,0.4059612,0.46685216,0.48283556,0.468179,0.43779355,0.4100404,0.4109837,0.42936063,0.4185267,0.38490772,0.37072596,0.3760254,0.37688106,0.36840215,0.35602853,0.3463205,0.3415861,0.3360066,0.32468846,0.31054628,0.29282635,0.2713742,0.24468446,0.21880281,0.20138389,0.17651565,0.15476824,0.13765977,0.13026896,0.13875042,0.1646036,0.21317983,0.2730807,0.3314807,0.38072312,0.41556284,0.43421683,0.4386861,0.43239996,0.41681784,0.39292058,0.36876622,0.34960815,0.3358014,0.32591364,0.31800252,0.30971968,0.29818156,0.28636456,0.27325127,0.25394514,0.23111583,0.21037537,0.19180778,0.17192747,0.14909083,0.12297029,0.093779266,0.06273611,0.037260488,0.026076473,0.023984633,0.02114417,0.020773908,0.027738243,0.03669237,0.043931134,0.048684623,0.060913764,0.08466939,0.11100809,0.15025821,0.20024356,0.24179664,0.25813743,0.25035885,0.22656807,0.19506447,0.16475062,0.1388818,0.12443094,0.122252926,0.12536588,0.13211977,0.14278685,0.14779489,0.12802297,0.08406219,0.06615524,0.08182723,0.07927536,0.07939487,0.09201624,0.10741286,0.11265662,0.11574793,0.12259481,0.12762313,0.12940484,0.12747605,0.12381374,0.121661894,0.12363112,0.12555213,0.12594107,0.12794834,0.13361758,0.1422301,0.15210752,0.16169654,0.17051929,0.1785202,0.18576303,0.19198602,0.19523065,0.19356644,0.18954061,0.18266407,0.17308609,0.15998352,0.14323641,0.12314213,0.10386161,0.09167191,0.08401155,0.07686917,0.06794813,0.06025437,0.05899744,0.06288895,0.07119638,0.09070615,0.12041617,0.15434822,0.18847197,0.22230294,0.25299495,0.2800295,0.30449966,0.31832957,0.31124085,0.29382592,0.27506602,0.24898133,0.22594938,0.20401137,0.16460627,0.12183248,0.09324533,0.072006375,0.061110318,0.062187683,0.07597106,0.09825019,0.11956516,0.13714363,0.15845159,0.17685644,0.17940761,0.16849671,0.15685454,0.1442313,0.12520911,0.1099592,0.09955907,0.09016545,0.08074074,0.071534686,0.06695504,0.07019676,0.07008854,0.06367584,0.05711625,0.05979106,0.07234195,0.09001623,0.12265185,0.14434607,0.11606632,0.07050294,0.1765676,0.19495341,0.17983042,0.14840852,0.102703504,0.04213021,0.068312086,0.13604271,0.18653393,0.2126373,0.22613992,0.21439625,0.2243307,0.22790837,0.2012344,0.15921819,0.116888136,0.080786906,0.06195331,0.09292532,0.1085868,0.11167399,0.1321711,0.10894476,0.03473186,0.04307008,0.018279616,0.014804539,0.03359692,0.07452496,0.10398358,0.12123292,0.088879414,0.017455451,0.04731505,0.08550469,0.11217439,0.14504541,0.19851664,0.26287022,0.3134326,0.37999418,0.4256068,0.4546839,0.4772177,0.4978065,0.5137035,0.51887625,0.5026205,0.4572775,0.3854831,0.3052426,0.24338283,0.195416,0.1576104,0.157469,0.17376575,0.19012015,0.1955408,0.2059355,0.22568282,0.23665202,0.23627828,0.22587672,0.20719784,0.16371948,0.09608587,0.058671493,0.057520576,,,,,,,,,,,,,,,,,,,,,,,,,,,,,,,,,,,,,0.018976832,0.02404776,0.054989073,0.062317185,0.073468916,0.09367407,0.116379134,0.14131306,0.15371823,0.13723497,0.09566977,0.0979783,0.10154416,0.17520449,0.409056,0.57557106,0.6641752,0.677749,0.6231776,0.5472936,0.47682643,0.41949254,0.37102026,0.32006285,0.25692186,0.18286428,0.15002449,0.16489848,0.20960663,0.32328713,0.3677571,0.37731332,0.38989154,0.40052122,0.43124753,0.47354653,0.49833998,0.50725675,0.518833,0.5349423,0.539203,0.53157496,0.5206926,0.50386167,0.4822483,0.46354356,0.4484627,0.4284401,0.39649814,0.36454257,0.33990997,0.3143038,0.28516442,0.25283575,0.21858221,0.1858676,0.15791272,0.13030125,0.09921238,0.0693754,0.037914798,0.0061416067,0.017374253,0.029693544,0.03850988,0.046001848,0.04588588,0.041176077,0.04010375,0.04224073,0.04271206,0.042598132,0.044218756,0.043918665,0.038488586,0.03238444,0.028465908,0.028525563,0.03188073,0.046179358,0.15026554,0.19083312,0.19522019,0.21269746,0.22467117,0.22420992,0.22784877,0.21227211,0.18928882,0.19506672,0.21045122,0.22662461,0.23400916,0.2318191,0.23577972,0.24760221,0.26734495,0.3080267,0.34061638,0.34263644,0.333262,0.31618458,0.29446945,0.27803,0.26869768,0.25993884,0.24865314,0.2350939,0.22108601,0.20563857,0.18811293,0.17060778,0.15603438,0.1475443,0.1441965,0.14211963,0.14224717,0.14666557,0.15316774,0.15813842,0.16301277,0.16681238,0.1674912,0.16356495,0.1471025,0.12001982,0.096113116,0.08654384,0.09329291,0.10990133,0.12461381,0.11908583,0.07666577,0.04586547,0.112131946,0.20880215,0.25600204,0.26241696,0.24921773,0.24576038
10.083336,,,,,,,,,,,,,,,,,,,,,,,,,,,,,,,,,,,,,,,,0.050322637,0.076641284,0.08760981,0.102766626,0.12328741,0.14302444,0.17359762,0.21385428,0.26298743,0.30213845,0.32021552,0.32233998,0.31880793,0.33295828,0.36148375,0.38332403,0.40119067,0.4135788,0.42388564,0.4398858,0.45367014,0.4635238,0.4669575,0.46074492,0.44875336,0.43244535,0.41300526,0.3891493,0.36252198,0.33460245,0.30798653,0.2856683,0.270714,0.2637199,0.26410437,0.26653412,0.26807308,0.26884648,0.2704128,0.26866293,0.26483706,0.2633632,0.26516685,0.27466267,0.29460025,0.31188875,0.30763432,0.28687602,0.2638626,0.23756249,0.21218207,0.19989564,0.20010692,0.18294711,0.18675096,0.2711147,0.35742205,0.41622868,0.43440524,0.43026096,0.42354703,0.42388344,0.4294483,0.42484495,0.40742,0.39650482,0.39726135,0.39962482,0.39731976,0.3872407,0.3752702,0.36570176,0.35718635,0.3487726,0.33657306,0.31728116,0.29586858,0.26810393,0.2376244,0.21924643,0.19343768,0.17032723,0.15422763,0.13763951,0.11950717,0.09374868,0.0841382,0.1169044,0.18720207,0.26639274,0.33227733,0.3713238,0.3942529,0.40927866,0.4139183,0.40489638,0.38947982,0.37301415,0.3549267,0.3356025,0.3202976,0.3118057,0.3055222,0.29798466,0.28791508,0.2741599,0.25646234,0.23616806,0.21687163,0.19753626,0.17511445,0.14872204,0.11668058,0.076331355,0.037844326,0.015604164,0.014389675,0.016464578,0.018717872,0.025487568,0.034986123,0.044090673,0.049751725,0.06440646,0.086826526,0.120203964,0.16638912,0.21560596,0.2509606,0.2636989,0.25854832,0.23849255,0.20783532,0.17671178,0.1500444,0.12999927,0.119605295,0.11464332,0.10984202,0.10663019,0.09971627,0.07564209,0.037744377,0.04534658,0.06347742,0.07083991,0.085115835,0.09656678,0.106275745,0.114867724,0.12222097,0.13132517,0.13356486,0.12819056,0.116372295,0.102891065,0.09348714,0.09155224,0.090775296,0.08909739,0.0912203,0.09832717,0.10795975,0.11881671,0.1315898,0.14683881,0.16232365,0.1753118,0.18456092,0.18987037,0.19054003,0.18694729,0.18057261,0.17362848,0.16216327,0.14402771,0.122924045,0.105281554,0.094065554,0.08539178,0.07844432,0.07218247,0.067256264,0.064863935,0.06623657,0.0732226,0.08842555,0.11186785,0.13933675,0.16825743,0.19703707,0.22240904,0.24390334,0.26597926,0.28191644,0.28735197,0.28424478,0.2751396,0.25484234,0.23458841,0.2251879,0.20454812,0.16649769,0.12772536,0.10378832,0.10030341,0.11218779,0.1297295,0.1523153,0.18887131,0.23747547,0.27993697,0.30353266,0.29595128,0.26048562,0.2160117,0.1800871,0.1555119,0.13568322,0.11915856,0.10698089,0.092261836,0.07773876,0.07330972,0.072711535,0.07102798,0.06413957,0.05726608,0.06745691,0.084424816,0.09471443,0.111877054,0.14361557,0.17355578,0.16761875,0.12905101,0.07252904,0.010936306,0.012149036,0.036805686,0.09484422,0.15493934,0.20804064,0.24732497,0.25768545,0.24682488,0.24384849,0.24452457,0.23004583,0.18543376,0.14083512,0.10509666,0.07563533,0.0617041,0.09114292,0.11311259,0.12339337,0.14791904,0.10483465,0.02178275,0.026000826,0.013451775,0.018818429,0.05620653,0.09562706,0.11181225,0.08747237,0.017909842,0.02566991,0.047490224,0.07829051,0.11875654,0.1393976,,0.28609592,0.2818465,0.331629,0.3755794,0.4059423,0.42607656,0.4416833,0.45056447,0.44644,0.4221977,0.37019384,0.29856232,0.25233674,0.23766305,0.20683122,0.19629514,0.21279766,0.22564733,0.24548742,0.25926852,0.25965565,0.2560194,0.24800988,0.22925992,0.21061862,0.19542049,0.18455476,0.14021793,0.086502135,0.049623754,,,,,,,,,,,,,,,,,,,,,,,,,,,,,,,,,,,,,0.020235589,0.05818849,0.0749832,0.069359,0.0800427,0.10868391,0.1241871,0.14181583,0.14402856,0.13460374,0.114544,0.098564625,0.08691121,0.103214286,0.23640335,0.43741062,0.544419,0.6112085,0.6059014,0.55615467,0.49046633,0.42220598,0.3525683,0.29476833,0.23045143,0.15711595,0.1199794,0.1276755,0.16342908,0.2768912,0.31585672,0.32785803,0.34722626,0.3601808,0.39563727,0.43865886,0.46402663,0.4771152,0.49493706,0.515785,0.5232975,0.5185906,0.5149029,0.5139027,0.5068298,0.49282753,0.47749642,0.46110222,0.43647408,0.4089814,0.38236806,0.35156325,0.31528237,0.27531585,0.23385343,0.19452621,0.15950142,0.124703996,0.09267587,0.066660054,0.04136653,0.019463954,0.006827245,0.018224698,0.027234716,0.030928744,0.034545835,0.03851001,0.037285484,0.043770492,0.057277083,0.068549454,0.07430314,0.07226145,0.0645446,0.055077836,0.04739596,0.04683367,0.0649001,0.11749207,0.16624245,0.1650134,0.16664083,0.19039482,0.20856132,0.22467706,0.22655863,0.20465487,0.19925919,0.21257557,0.22807613,0.23956946,0.24337003,0.24464527,0.2482047,0.2504169,0.2572269,0.28387636,0.32185644,0.33916417,0.3313425,0.31250775,0.2909702,0.28178704,0.28333455,0.27793398,0.26019025,0.23635942,0.2114012,0.18557785,0.16037925,0.13861509,0.122540794,0.11523549,0.11572244,0.12067774,0.12700425,0.13344543,0.13888231,0.14569783,0.15234664,0.15855214,0.16306448,0.16553836,0.15713185,0.13495591,0.10651447,0.08418868,0.08014005,0.09667525,0.12534696,0.14835285,0.13208975,0.07876447,0.085611954,0.15712297,0.22232012,0.23138155,0.22205843,0.22359361
10.0,,,,,,,,,,,,,,,,,,,,,,,,,,,,,,,,,,,,,,,,0.08736646,0.109062456,0.11953999,0.14107028,0.17356206,0.19782649,0.22633359,0.26510754,0.3063852,0.33772555,0.35682696,0.37053025,0.38152274,0.40464363,0.4355534,0.45377004,0.4647177,0.4793977,0.5072019,0.53749967,0.5505769,0.5477185,0.534772,0.5166348,0.49875885,0.47946078,0.455347,0.42762357,0.39761713,0.36699525,0.33882716,0.3124386,0.28972474,0.26967007,0.25540772,0.24594969,0.24005489,0.23692559,0.23918776,0.24193369,0.24172626,0.24209033,0.2483682,0.26208964,0.2818894,0.29925552,0.2986217,0.28354335,0.26693007,0.24540532,0.22246659,0.20665155,0.19180708,0.15967333,0.14399141,0.19101879,0.28038895,0.3623782,0.40295774,0.42024535,0.42882264,0.43541816,0.4396855,0.43756828,0.4341652,0.43549693,0.44005898,0.44548503,0.44774997,0.44184405,0.42911956,0.41526127,0.4009762,0.3840338,0.36284268,0.34095216,0.31922913,0.29604903,0.26947293,0.23938498,0.21489064,0.19261524,0.16855043,0.14566313,0.13254857,0.11996799,0.105306625,0.08130471,0.055076387,0.097028986,0.18000467,0.24848603,0.29946965,0.34032157,0.3677851,0.38084915,0.38380507,0.3771689,0.3617794,0.3429715,0.32627982,0.31314194,0.30154672,0.29008955,0.28205988,0.27521524,0.2635414,0.2493918,0.23805551,0.22485703,0.20556358,0.18393122,0.15927194,0.12221131,0.07580099,0.03691202,0.028705223,0.02614196,0.017969083,0.022362739,0.036786333,0.048509598,0.05524746,0.06859913,0.09038895,0.12766452,0.17690086,0.22171463,0.24777229,0.26258224,0.2655589,0.25512806,0.22828121,0.19465013,0.16394927,0.13620932,0.11439709,0.100001834,0.086231016,0.06937564,0.051801655,0.029230079,0.009403833,0.033955745,0.044512503,0.059353646,0.08252766,0.08730868,0.10019452,0.116125315,0.12876491,0.13780242,0.13951391,0.13017696,0.1120551,0.0915733,0.07482667,0.06555934,0.06021773,0.05813347,0.061291434,0.069613196,0.080510184,0.09321634,0.11008278,0.13285866,0.15382399,0.16679764,0.17221968,0.17344089,0.17464733,0.17540978,0.17357129,0.16982773,0.16278438,0.14863716,0.13033569,0.116473444,0.11109384,0.10202586,0.08973857,0.0817614,0.078080535,0.07650316,0.077730715,0.08432477,0.09914319,0.12090256,0.14545071,0.1655987,0.18172441,0.2032553,0.22499079,0.2447602,0.25968823,0.26891318,0.26989678,0.26145053,0.24300739,0.22469439,0.21911784,0.21541165,0.19906172,0.17430739,0.15487875,0.15205167,0.16420433,0.18111503,0.20553753,0.24377583,0.2929594,0.33660865,0.35917658,0.35412508,0.32265073,0.2778981,0.23475522,0.2032345,0.18255596,0.16254966,0.13958941,0.11295832,0.088796034,0.07881396,0.07882906,0.07989037,0.07568426,0.08023548,0.11360626,0.14491972,0.13140807,0.14173652,0.13422954,0.14957888,0.17415653,0.1906174,0.19891134,0.21965468,0.23411481,0.23742981,0.24786362,0.2617412,0.27682528,0.28278187,0.2747323,0.25577906,0.24957022,0.25770056,0.24253684,0.19034432,0.13092025,0.08572273,0.059122015,0.057600733,0.09366379,0.12137865,0.13926847,0.1623637,0.10975295,0.0125086205,0.028920807,0.026868895,0.024914537,0.06161956,0.09907488,0.091556974,0.039761648,0.041799285,0.089246534,0.11690314,0.13017876,0.13242073,0.14861216,0.21862365,0.29728684,0.25360897,0.27380794,0.29105517,0.30889225,0.32329756,0.3351861,0.34167936,0.33544913,0.3132064,0.27280477,0.22576302,0.225089,0.2601329,0.25266275,0.25015476,0.25458622,0.26024196,0.27999428,0.3026059,0.2873149,0.2578146,0.22611012,0.18493086,0.16915654,0.17174116,0.19282012,0.16501316,0.11516333,0.043621443,,,,,,,,,,,,,,,,,,,,,,,,,,,,,,,,,,,,,0.02733489,0.075530425,0.08183517,0.07482746,0.08843634,0.10606723,0.11907271,0.13690482,0.14110246,0.12839934,0.11735683,0.10370304,0.08739784,0.07988349,0.100342155,0.25925422,0.43547976,0.5177046,0.57409996,0.57158625,0.52219987,0.4475178,0.36033425,0.28379375,0.20952268,0.1483615,0.11179913,0.10147448,0.117379904,0.22876447,0.2620097,0.28065765,0.30937582,0.32350147,0.3604953,0.40170515,0.43156105,0.45217717,0.47256663,0.48923677,0.49172267,0.48577654,0.48568028,0.49610046,0.50425833,0.4976406,0.4819317,0.46634713,0.44610536,0.42068404,0.39153945,0.35673854,0.31823176,0.2786768,0.23567557,0.19272698,0.15722717,0.1277576,0.10244023,0.078846745,0.058103524,0.042184792,0.025528321,0.008501299,0.011076544,0.027931629,0.03667362,0.034581434,0.03418044,0.05427819,0.073938616,0.08596855,0.087556235,0.08005067,0.07164914,0.07117617,0.07006438,0.08026518,0.10132439,0.135431,0.14037524,0.13725904,0.1638165,0.18880083,0.20627874,0.22468838,0.22360009,0.21141706,0.21711437,0.23208874,0.24287423,0.25071618,0.25680053,0.2631106,0.26569575,0.26349267,0.26590428,0.2830192,0.30913258,0.3291897,0.3342585,0.32784772,0.31959474,0.3145531,0.3032168,0.27876145,0.24814086,0.2191474,0.19450633,0.17376235,0.15446042,0.13684405,0.11966484,0.10817848,0.1053593,0.10892636,0.11407971,0.120899014,0.12751184,0.13690133,0.1463605,0.15221621,0.15488873,0.15594113,0.15125522,0.13737658,0.115093626,0.09134192,0.077477545,0.08246565,0.11046068,0.15133128,0.16983125,0.13245565,0.11990895,0.14687262,0.1887972,0.20813027,0.21187566,0.23050222
9.916672,,,,,,,,,,,,,,,,,,,,,,,,,,,,,,,,,,,,,,,,0.13332939,0.13526374,0.15270199,0.19418845,0.2359345,0.25282022,0.2751269,0.30972734,0.34398022,0.37425485,0.40069622,0.42622283,0.4486041,0.4729796,0.49712706,0.51097286,0.5263088,0.5507899,0.5898245,0.62767947,0.64355946,0.637467,0.61881727,0.59658927,0.57552737,0.5541079,0.53025776,0.50482726,0.4749481,0.44107616,0.40651006,0.37380558,0.34272015,0.31057602,0.28017503,0.25247967,0.23036632,0.21855414,0.21884322,0.2227674,0.22349156,0.22599801,0.23322107,0.24460627,0.26160422,0.27889577,0.28341612,0.27654156,0.26708496,0.2536373,0.23962907,0.2337088,0.21785685,0.18966763,0.18392098,0.21764253,0.28121364,0.34853816,0.39357808,0.41767797,0.4335922,0.4462935,0.4561331,0.46305665,0.46927732,0.47726697,0.48668277,0.49469185,0.49494147,0.48466694,0.4696964,0.45322675,0.43493232,0.41605052,0.3944592,0.37118518,0.3469317,0.31924713,0.28757134,0.25622788,0.22890456,0.20258746,0.1775108,0.15225877,0.13455653,0.12171221,0.11441228,0.1086551,0.098778576,0.07098619,0.041924093,0.09075106,0.16746673,0.24033731,0.2929303,0.32740194,0.3489688,0.3584269,0.3560483,0.34387892,0.32651713,0.30708978,0.28864598,0.27502644,0.26781434,0.26094145,0.25095823,0.24398288,0.2389322,0.22857724,0.21482052,0.20766056,0.20242953,0.18402474,0.1508792,0.10582415,0.06555646,0.04852223,0.039303277,0.02408928,0.038158692,0.053786274,0.06253489,0.07470367,0.09684942,0.13143423,0.17839049,0.21680875,0.23661795,0.25043184,0.26084155,0.26445258,0.24382563,0.2074833,0.17632274,0.1471045,0.11669868,0.089491405,0.06713235,0.0442753,0.020338006,0.0020285065,0.013865874,0.026798112,0.035935905,0.0547318,0.07441459,0.079746425,0.091272116,0.10939704,0.12379573,0.13586712,0.14152768,0.1319297,0.113398805,0.09505432,0.07735425,0.06325863,0.053199198,0.047342114,0.04846984,0.05680697,0.06907384,0.085406944,0.11047708,0.13949011,0.15663338,0.16422412,0.16740952,0.1664679,0.16267313,0.16258018,0.16331328,0.16201511,0.15841432,0.150204,0.13732737,0.12509547,0.120038606,0.11355397,0.103264295,0.094807245,0.09088707,0.091177054,0.09502964,0.10325051,0.117035724,0.13601692,0.15652281,0.17440602,0.18991041,0.20288827,0.21756087,0.23514868,0.25054443,0.25966963,0.25952128,0.24727602,0.22955666,0.21557519,0.21297336,0.2186165,0.21779977,0.21047412,0.20324,0.20453052,0.21619077,0.24162637,0.27622396,0.31189528,0.34446123,0.3669902,0.37432155,0.3663536,0.34562463,0.3166203,0.28389603,0.25339234,0.22991733,0.20656666,0.17753534,0.14331293,0.11024946,0.08789381,0.082919315,0.08694923,0.089434944,0.105662264,0.16305125,0.20118049,0.15785082,0.10747041,0.08278612,0.08454466,0.106573604,0.15136266,0.18335743,0.21649756,0.23676193,0.25232708,0.2645529,0.26766396,0.26683095,0.2612202,0.24088196,0.22450155,0.24290088,0.26722908,0.25497088,0.19672273,0.12769736,0.07801446,0.053276163,0.06091785,0.09668891,0.1296894,0.15380669,0.17939636,0.13291317,0.04188776,0.04450146,0.03845862,0.02478891,0.04731023,0.08675343,0.081971295,0.061575457,0.0984926,0.15112928,0.16075994,0.14692761,0.1358652,0.18157119,0.23545235,0.25751796,0.2050126,0.20893501,0.19878274,0.19796473,0.20712987,0.22199722,0.23582849,0.23953286,0.22862391,0.20240036,0.17740612,0.21523109,0.28532812,0.27893367,0.25829327,0.25187144,0.28086144,0.32415915,0.36990497,0.3317112,0.28440222,0.2353126,0.17195976,0.13687636,0.15309471,0.20731193,0.20615464,0.13069919,0.040787127,0.033487603,,,,,,,,,,,,,,,,,,,,,,,,,,,,,,,,,,,0.041174173,0.05866022,0.083682165,0.07716068,0.07177522,0.09666336,0.11154269,0.12256398,0.1394035,0.14339806,0.13267353,0.10320142,0.0805913,0.06715638,0.05771924,0.04671586,0.113082826,0.2500384,0.3936185,0.50103116,0.55283886,0.5483915,0.49221948,0.4017069,0.309853,0.2344894,0.18371074,0.13297136,0.09232108,0.07239551,0.18120936,0.20783813,0.23538579,0.27573538,0.29424682,0.3295845,0.36691225,0.40188146,0.4316996,0.4566741,0.47429964,0.47333866,0.46254468,0.46004987,0.47198883,0.48941973,0.4912109,0.47415987,0.45647934,0.44107258,0.42127985,0.393965,0.3601477,0.32378483,0.28634924,0.24265276,0.19517231,0.1549089,0.12480109,0.10199307,0.084766224,0.07441462,0.06367052,0.04413755,0.021612236,0.016947016,0.029485244,0.02989558,0.01935525,0.039304353,0.07451393,0.088634536,0.084659345,0.07538006,0.06416791,0.06088847,0.07585898,0.09783728,0.0904146,0.11179176,0.11133337,0.10890269,0.13142906,0.16716173,0.1882905,0.2095431,0.22292015,0.22172675,0.22131968,0.22965857,0.2404177,0.25010923,0.261196,0.27184957,0.28165546,0.28516692,0.28470987,0.28876463,0.3019616,0.32203963,0.34139398,0.3552358,0.35861528,0.348666,0.32795134,0.29851353,0.26654035,0.24039182,0.2190588,0.20194185,0.18832958,0.17550352,0.16151008,0.14464669,0.12956493,0.12451531,0.12528338,0.12640633,0.13096063,0.139179,0.15127668,0.16010492,0.15449326,0.14986388,0.1441599,0.1365334,0.12638587,0.111853614,0.093280375,0.08220231,0.08172548,0.096665144,0.13493967,0.18055215,0.18177547,0.17557998,0.17608812,0.17969166,0.19418798,0.21625878,0.24466732
9.833336,,,,,,,,,,,,,,,,,,,,,,,,,,,,,,,,,,,,,,,0.14923742,0.15638748,0.18405963,0.21125141,0.26122263,0.28769684,0.305638,0.3284846,0.35692486,0.38353413,0.41878536,0.4568754,0.48721957,0.513541,0.53461033,0.5476866,0.55722106,0.5790875,0.61505646,0.6620898,0.7052673,0.73084295,0.7393437,0.7371942,0.7283079,0.7115952,0.6891024,0.664605,0.6384794,0.6084648,0.57434934,0.5365624,0.49590954,0.4511853,0.4039661,0.35717568,0.31257713,0.2731563,0.23939271,0.21738322,0.20863812,0.20809752,0.20898868,0.21230806,0.21919173,0.2250662,0.24128762,0.25945926,0.2637409,0.2599714,0.25623536,0.25520998,0.26555294,0.26561183,0.2450194,0.23314779,0.25219616,0.29245612,0.33649173,0.37448305,0.40745592,0.43403697,0.4533175,0.46936125,0.4866846,0.50177693,0.5124969,0.5195443,0.52283454,0.52071327,0.51117283,0.49578336,0.47643143,0.45553878,0.4346786,0.41150317,0.38611004,0.35899627,0.32871482,0.29364556,0.25645328,0.22584924,0.19339384,0.1671538,0.14770976,0.13479005,0.12386116,0.11275305,0.10608815,0.10176136,0.09622197,0.078939036,0.04265656,0.038759947,0.11376935,0.18242739,0.23735398,0.27616274,0.3025868,0.3173415,0.31666777,0.30648342,0.29082832,0.27418065,0.2599069,0.25140092,0.24452959,0.23443471,0.22477022,0.21647564,0.21258517,0.21739593,0.22341883,0.22277509,0.21395703,0.19825557,0.1699647,0.12963563,0.08831533,0.059204675,0.041535582,0.042208485,0.05852339,0.067327626,0.076409094,0.0943813,0.12690403,0.17319924,0.20695633,0.21683356,0.22499838,0.23849949,0.25383905,0.2476562,0.21948066,0.1930515,0.16930631,0.13962264,0.104933426,0.07258429,0.045412168,0.023475658,0.013579146,0.018412754,0.026841044,0.03570797,0.049017154,0.060827706,0.06501381,0.0792828,0.09755509,0.11360577,0.13121362,0.1404076,0.13083124,0.11439086,0.10165714,0.088996574,0.075939655,0.063010536,0.054253247,0.054290418,0.06390355,0.08192507,0.1077092,0.1447342,0.17156157,0.1681926,0.159187,0.15798123,0.16030161,0.16030848,0.15751395,0.15469253,0.15470201,0.15637724,0.15704498,0.15052785,0.13743412,0.13162112,0.13220304,0.1262656,0.11655546,0.111166894,0.11240061,0.119901046,0.13238083,0.1472282,0.16463028,0.18159227,0.19620869,0.21137206,0.22502343,0.23512499,0.24138221,0.24478771,0.241381,0.23773368,0.23099408,0.22150254,0.21567063,0.21763529,0.22405729,0.22523554,0.22715183,0.23105457,0.23306642,0.24701475,0.28422728,0.32777372,0.36158457,0.38103625,0.3859492,0.37818277,0.3627999,0.34584674,0.3301022,0.31313485,0.2937874,0.27587843,0.25479323,0.22950399,0.1926468,0.14468332,0.09493898,0.07528124,0.08209643,0.105274625,0.1528531,0.21998443,0.21812025,0.095015675,0.022190116,0.009356795,0.013904106,0.0433894,0.08445558,0.1258215,0.15823957,0.1795503,0.1998827,0.21914394,0.22797318,0.22751474,0.22402646,0.2144957,0.22167945,0.25370148,0.27471188,0.25941798,0.20298776,0.13192287,0.08379892,0.06819152,0.076483294,0.10277081,0.13792872,0.16772313,0.19928041,0.17465618,0.08336271,0.06026155,0.058222506,0.045873877,0.02151033,0.07390623,0.084343925,0.096771196,0.15430115,0.19929081,0.18180987,0.14361852,0.13785997,0.18619947,0.22869422,0.22366887,0.18909788,0.17611957,0.1563454,0.14864029,0.15106398,0.1587832,0.16730471,0.17468934,0.17129906,0.14949612,0.13882887,0.20251322,0.2900393,0.28006488,0.24496356,0.25709352,0.29980403,0.37062818,0.43079817,0.37517184,0.31681296,0.26172534,0.18951553,0.12500101,0.14961034,0.24998052,0.2304122,0.11332758,0.038431793,0.019070696,,,,,,,,,,,,,,,,,,,,,,,,,,,,,,,,,,,0.029855724,0.08405739,0.071542576,0.07240205,0.07674428,0.09999032,0.11956088,0.13828762,0.15631819,0.17546804,0.13725218,0.09049962,0.057139948,0.022434352,0.037635196,0.044790044,0.06646275,0.13014512,0.23435198,0.35465539,0.4378823,0.5181252,0.5115238,0.45228776,0.37257108,0.30175298,0.24747919,0.17838345,0.11091252,0.030852472,0.13423215,0.15903367,0.19554591,0.2457925,0.2714416,0.29972196,0.3356658,0.37817824,0.41868797,0.44996384,0.47103575,0.47531083,0.46525094,0.46003634,0.4682883,0.48450196,0.49281976,0.48100454,0.46240085,0.4472814,0.42797858,0.4012705,0.36958894,0.3342598,0.2928103,0.24043474,0.18592797,0.13919528,0.10475246,0.08375825,0.075344115,0.07346144,0.06595077,0.04951805,0.028516818,0.017247647,0.02585939,0.017629169,0.015635127,0.060123738,0.095255375,0.08307109,0.057161327,0.03959431,0.03391596,0.047354806,0.08512416,0.09048693,0.10282748,0.07899728,0.0812441,0.11052992,0.14040619,0.1635171,0.18586062,0.21511596,0.22678775,0.22461085,0.22541557,0.23331809,0.24579042,0.25823912,0.271245,0.2832694,0.29285535,0.29640475,0.297485,0.30239022,0.3167622,0.3405789,0.36147565,0.3734005,0.37112412,0.35229686,0.32300863,0.2900585,0.2622678,0.24371405,0.23161456,0.22287178,0.21467242,0.20821469,0.2017343,0.1896341,0.17658445,0.16733703,0.16009773,0.15571761,0.15657403,0.16170444,0.16883756,0.16863471,0.15741341,0.15237547,0.14796622,0.13584867,0.11999332,0.10835732,0.09218136,0.08389634,0.086509,0.0938514,0.116949365,0.16952763,0.20903142,0.22584078,0.21170637,0.19117546,0.21772747,0.24687365,0.25599453
9.75,,,,,,,,,,,,,,,,,,,,,,,,,,,,,,,,,,,,,,,0.1202341,0.1758527,0.21636334,0.26607943,0.31560448,0.3302288,0.3537025,0.38407272,0.40974498,0.42969662,0.46545172,0.5108089,0.54095846,0.56190944,0.5793177,0.5869243,0.5941983,0.6135011,0.64771354,0.6975236,0.7474859,0.7860663,0.81329036,0.8322646,0.8419705,0.8391263,0.82943344,0.81797075,0.80243576,0.7805953,0.750857,0.71117747,0.66346514,0.61010396,0.5546036,0.49658108,0.43684828,0.38137054,0.32768258,0.27614126,0.23454261,0.20869453,0.19685492,0.19992407,0.19555293,0.19352272,0.20130348,0.2158158,0.23110051,0.24073549,0.24694306,0.2583894,0.27920866,0.30008468,0.29377797,0.27525645,0.2777193,0.30198413,0.33030152,0.3591287,0.39313132,0.42893794,0.45675874,0.47796035,0.5009142,0.5192028,0.52918285,0.5343638,0.53615123,0.5352982,0.529154,0.51392233,0.49140948,0.4657918,0.44099036,0.415981,0.3866381,0.3541565,0.32056314,0.28415206,0.24923512,0.21563366,0.18496752,0.15825656,0.13740917,0.12888311,0.12539215,0.118756324,0.11002637,0.10002175,0.08934535,0.08098823,0.07023927,0.046989392,0.02392754,0.07252638,0.13385221,0.18302919,0.22218888,0.25817797,0.27952576,0.28430554,0.2732079,0.25182858,0.23843208,0.23578301,0.23127198,0.22398274,0.22068447,0.2262504,0.23817296,0.24630482,0.2479272,0.2471819,0.23569009,0.21947494,0.20388386,0.18163796,0.13886887,0.09432662,0.06686203,0.060292948,0.066887714,0.07135818,0.07687696,0.08885891,0.114390776,0.15563858,0.19009249,0.19557537,0.19746141,0.20950414,0.23022622,0.24085328,0.23059331,0.20962267,0.1918926,0.17120397,0.14273185,0.11228252,0.08283768,0.05822941,0.043455157,0.037101958,0.038086854,0.037234627,0.042339835,0.048098423,0.056522172,0.07255866,0.09187115,0.11152492,0.13177238,0.13982505,0.13040094,0.11811373,0.113315776,0.10621446,0.09644636,0.08853281,0.08584161,0.091191545,0.103712715,0.12876081,0.15618572,0.18928276,0.20087907,0.16464211,0.13449748,0.12927231,0.13401955,0.13892616,0.13816766,0.13737951,0.14212754,0.14798956,0.1561712,0.16302618,0.1563034,0.1438554,0.14424908,0.14679787,0.14386398,0.14197837,0.14570172,0.15679905,0.17547613,0.19573618,0.21211728,0.22352394,0.23311576,0.24469168,0.25420165,0.25600722,0.25169483,0.24611148,0.2406486,0.23193794,0.21925908,0.21061324,0.2138887,0.22325502,0.22601315,0.23237628,0.2413115,0.24378586,0.24802332,0.2738264,0.3145615,0.35343084,0.37826967,0.38501132,0.37716538,0.36154366,0.34780747,0.34098437,0.34130841,0.34377807,0.34331816,0.33596262,0.32021442,0.30377093,0.27841747,0.23158902,0.14933075,0.08114297,0.073770456,0.12438369,0.1947699,0.24837324,0.20486166,0.06795831,0.05664095,0.05221449,0.03706271,0.03491014,0.047982752,0.073278606,0.09930243,0.123545036,0.15322247,0.18618588,0.21405107,0.23001774,0.2391879,0.25172594,0.27454093,0.28900635,0.27913746,0.24698608,0.19686773,0.14409587,0.11304978,0.10294343,0.10357358,0.118320026,0.14857368,0.18387361,0.22357062,0.22798185,0.14918573,0.08817712,0.076746225,0.082093336,0.05307243,0.048309576,0.09193513,0.13137828,0.19450054,0.22970138,0.18909651,0.14373776,0.14696188,0.17669308,0.20556289,0.20749,0.19293706,0.17455667,0.15863466,0.15212613,0.15094188,0.14943974,0.1434601,0.14276233,0.13307318,0.10993056,0.10508915,0.18423991,0.2885631,0.27991185,0.23937285,0.24487573,0.30018064,0.4186055,0.47156164,0.40726784,0.36146376,0.30503878,0.22424595,0.15285039,0.14092623,0.2411476,0.27583307,0.1355497,0.036596507,0.01436703,,,,,,,,,,,,,,,,,,,,,,,,,,,,,,,,,,0.050861362,0.06932146,0.06856543,0.06634695,0.07712067,0.080939725,0.086045444,0.09680925,0.11106388,0.119594105,0.10401928,,,,0.021759504,0.022151645,0.0385192,0.05918175,0.079389475,0.13219333,0.2452901,0.3112041,0.397079,0.4476442,0.444143,0.3998395,0.35195467,0.30191517,0.23304477,0.16210279,0.04780507,0.097348325,0.12256132,0.16233948,0.2186743,0.2521595,0.27522346,0.3097772,0.36035016,0.4095716,0.44564095,0.4704511,0.48148918,0.47645792,0.46887553,0.47014573,0.4789593,0.48364493,0.47385207,0.45936617,0.44573456,0.42603782,0.39901337,0.36271912,0.32390776,0.28967893,0.2502153,0.20203505,0.14498524,0.09365535,0.05964807,0.049420338,0.050325464,0.051602956,0.04847304,0.032665547,0.022259302,0.028666338,0.018827163,0.049163185,0.08945677,0.09535561,0.07015398,0.03875607,0.012760112,0.023207197,0.056232814,0.085574016,0.07741113,0.0662109,0.059000924,0.09568964,0.13295029,0.15483344,0.17004086,0.19160189,0.21547355,0.22420774,0.22627904,0.2291164,0.23756318,0.25166982,0.26503932,0.27692217,0.2869095,0.29350743,0.29619423,0.2988982,0.30534253,0.32194138,0.3476214,0.3668147,0.3729861,0.36427295,0.34072646,0.30745554,0.27583626,0.2565354,0.24809639,0.2453448,0.24447241,0.24460073,0.24867904,0.24695492,0.23651269,0.224855,0.21520516,0.2069868,0.2005073,0.19602126,0.19192494,0.18534018,0.17635928,0.17058545,0.17581278,0.1772632,0.161464,0.13462241,0.11728148,0.10225281,0.090323076,0.091760635,0.0999393,0.11562888,0.16233386,0.2221454,0.2594167,0.24138235,0.2185485,0.25155255,0.2705984,0.27541652
9.666672,,,,,,,,,,,,,,,,,,,,,,,,,,,,,,,,,,,,,,,0.1350559,0.21855329,0.2733743,0.3636084,0.37077558,0.37160492,0.3942775,0.4359398,0.46446368,0.48043826,0.5085671,0.5523198,0.5801991,0.5916177,0.60341036,0.60995096,0.6156083,0.6242897,0.64336836,0.67730534,0.71778655,0.75607973,0.7895744,0.8194535,0.84329265,0.857077,0.865116,0.8688104,0.8651169,0.8537172,0.836015,0.8128552,0.7857922,0.7549329,0.71934396,0.6742825,0.6131222,0.5473442,0.47709608,0.398362,0.32437983,0.2639027,0.2200619,0.19899997,0.18458384,0.18073545,0.16608827,0.1735558,0.19357571,0.2121754,0.22629568,0.24196534,0.26357865,0.28888586,0.305472,0.29653916,0.2897558,0.30422097,0.3250923,0.3470106,0.3809499,0.42343697,0.45776424,0.48154077,0.50583273,0.52466434,0.533725,0.53846085,0.5411426,0.54052776,0.53279096,0.516899,0.49431235,0.4694978,0.44831362,0.430124,0.407564,0.37899157,0.34549353,0.30657607,0.26389337,0.22120109,0.18116473,0.14282368,0.110170946,0.09173943,0.08959251,0.097440384,0.10653963,0.11163928,0.103081666,0.081288844,0.05822355,0.04292827,0.024683774,0.011110212,0.052987564,0.10281445,0.15087384,0.19138224,0.22220248,0.24050008,0.23701967,0.22377668,0.21633512,0.21541284,0.21433409,0.2149716,0.22551547,0.24557863,0.26117888,0.27060062,0.28196326,0.287663,0.27438352,0.2559992,0.24651074,0.22900915,0.18787679,0.1372256,0.10031627,0.08531756,0.08200066,0.07992076,0.082144074,0.090303436,0.109010994,0.1406775,0.16937073,0.17597783,0.17563535,0.18392989,0.20412508,0.22610673,0.23187183,0.21767901,0.20489179,0.19624054,0.18015406,0.15744044,0.1341456,0.11221016,0.09445329,0.07870985,0.06912384,0.059874777,0.055450626,0.058796775,0.0647531,0.07898772,0.09963768,0.11897594,0.13927281,0.13847527,0.12759511,0.124566056,0.13091119,0.1338304,0.1315004,0.13077894,0.1335948,0.14048198,0.14868423,0.16839644,0.18737136,0.20020239,0.19697808,0.13849792,0.09151407,0.088693745,0.09497999,0.10251477,0.10558447,0.11615636,0.13350889,0.14473298,0.15472265,0.16826169,0.17169665,0.16005544,0.15531869,0.16272639,0.1674809,0.17219505,0.18176833,0.19684567,0.21732318,0.23976529,0.25600448,0.26268357,0.26642796,0.27373344,0.27818462,0.27367598,0.26349905,0.25438115,0.24979055,0.24426603,0.23705006,0.23667261,0.24016176,0.23395287,0.23263577,0.24393179,0.257068,0.26981813,0.29467443,0.33039463,0.36039162,0.37343445,0.374801,0.3664205,0.35259336,0.34256124,0.34371576,0.35719106,0.3800185,0.40361542,0.42160764,0.42645198,0.4127175,0.38910547,0.36262164,0.3361753,0.27221778,0.15965104,0.09936447,0.13949952,0.21504106,0.26018026,0.21691918,0.12965186,0.077436864,0.08257688,0.042906556,0.030201554,0.03528322,0.050002042,0.06235422,0.086212136,0.13552523,0.18830429,0.23693755,0.26629344,0.27927276,0.29075935,0.2976715,0.28989103,0.2592436,0.22078285,0.18608749,0.15799412,0.1408419,0.13116716,0.12741601,0.13267377,0.15917061,0.19420256,0.23779777,0.26471654,0.22505668,0.14234471,0.08758,0.08940577,0.096880734,0.04651934,0.09136018,0.15343331,0.21919625,0.2485064,0.20122638,0.15221491,0.15799336,0.17391858,0.19138144,0.19554116,0.19005074,0.17970648,0.17187648,0.16707133,0.16433513,0.15547183,0.14347027,0.13077323,0.109856136,0.081862204,0.07961161,0.16186057,0.26843497,0.27693218,0.22793299,0.2263665,0.29184502,0.43548793,0.48330918,0.42327887,0.39217213,0.347944,0.28190714,0.21093827,0.13756257,0.21041502,0.31530675,0.22787036,0.062184393,0.008886145,,,,,,,,,,,,,,,,,,,,,,,,,,,,,,,,,0.026424186,0.045622893,0.07133175,0.058479615,0.06792611,0.07625493,0.08673994,0.085841134,0.077163726,0.0927087,0.09288582,0.082702756,,,,,0.029156005,0.05062872,0.06995266,0.05856031,0.08058955,0.16279641,0.22413886,0.27327946,0.34281594,0.3812799,0.38840875,0.38967612,0.35724175,0.28970513,0.22074631,0.09702684,0.07126013,0.10294383,0.14445212,0.20135088,0.23918258,0.26160195,0.29551616,0.34749454,0.3971246,0.43604112,0.4638344,0.47812706,0.47645473,0.46640906,0.4584815,0.4585089,0.456951,0.44583225,0.43227828,0.41971412,0.39906546,0.3714532,0.33990246,0.30820772,0.2910924,0.2878768,0.2727682,0.21588208,0.14061879,0.08438493,0.055378154,0.047706034,0.047061592,0.0468673,0.03776694,0.033231948,0.035132274,0.04416234,0.08165161,0.10013704,0.09485629,0.08069539,0.06496615,0.049054954,0.049514804,0.07338335,0.070085846,0.056651678,0.0684544,0.097547345,0.12426343,0.15017317,0.16700009,0.17988375,0.19591749,0.20982437,0.22331241,0.23171622,0.23656933,0.24375017,0.2570331,0.2682423,0.27543318,0.2818663,0.28761435,0.29223537,0.29866925,0.30760473,0.3244205,0.34605578,0.3592373,0.35835066,0.34220034,0.31251386,0.27479047,0.24757552,0.24568768,0.2525518,0.2553894,0.25951067,0.2665207,0.27782267,0.28175864,0.2791192,0.27429062,0.26618502,0.25497872,0.24264917,0.23021826,0.2171575,0.20278518,0.19296677,0.19724618,0.21364349,0.2220586,0.20766923,0.17504394,0.14796726,0.1292282,0.11281817,0.10746202,0.11566527,0.13383836,0.17939962,0.24778828,0.28782,0.27316886,0.2590106,0.27813742,0.28647795,0.29332954
9.583336,,,,,,,,,,,,,,,,,,,,,,,,,,,,,,,,,,,,,,,0.19701679,0.29356584,0.34842968,0.43297288,0.41594186,0.41114148,0.4339027,0.47826895,0.51277107,0.53237283,0.55373204,0.5851593,0.60764116,0.6108412,0.61277187,0.6165889,0.61955416,0.62101865,0.6275092,0.64069265,0.66022795,0.683063,0.705261,0.725104,0.73987025,0.7461116,0.74765635,0.7465987,0.7443443,0.74186355,0.73921204,0.736508,0.7350453,0.73281723,0.7284403,0.71881926,0.69714904,0.6623661,0.6150212,0.5430218,0.46180287,0.38427603,0.30616245,0.23614164,0.2026552,0.17800191,0.16062558,0.1553666,0.16173218,0.18452772,0.20171222,0.21398342,0.23236646,0.254056,0.2773412,0.29441848,0.29100987,0.29732662,0.31569985,0.33813164,0.3728836,0.41785988,0.4559388,0.48087573,0.50222856,0.5196071,0.52836573,0.5330826,0.537873,0.53937775,0.5335524,0.5205892,0.50274277,0.48631096,0.4748454,0.46389008,0.4465807,0.42064077,0.38787803,0.3464636,0.29864177,0.24864344,0.20255263,0.16038296,0.114928044,0.07791314,0.055053674,0.056339655,0.07689352,0.102163434,0.11586017,0.10689836,0.07767597,0.039521877,0.015556191,0.01642166,0.024052087,0.055321902,0.096805416,0.13441998,0.16055061,0.18060113,0.19587791,0.20063761,0.19582932,0.1920545,0.19242677,0.19931266,0.22118343,0.24900387,0.26535645,0.2791343,0.30559027,0.32733625,0.32268235,0.3077138,0.29937774,0.27687925,0.2321445,0.17954725,0.13762856,0.11324568,0.10225283,0.09764123,0.09988321,0.10891547,0.12162193,0.1376588,0.1521119,0.16194934,0.16739304,0.17295916,0.18670359,0.20904672,0.22146578,0.21854714,0.2119405,0.21002035,0.20387907,0.19355576,0.18159416,0.16903262,0.15579663,0.13886704,0.12083058,0.1065334,0.09619457,0.091533214,0.09152964,0.097251795,0.114278905,0.12812743,0.14411907,0.14097917,0.13407318,0.14982776,0.16822645,0.17443047,0.1723649,0.1696377,0.17011753,0.1724867,0.17514782,0.18144256,0.19426768,0.20110652,0.18146484,0.11799579,0.070159286,0.06400847,0.06531408,0.06868393,0.08685845,0.11508522,0.13557655,0.14986975,0.15699787,0.16409063,0.1680555,0.16195759,0.1574655,0.16511674,0.17739095,0.19194756,0.20936379,0.2310251,0.2529921,0.27201933,0.28313035,0.28208274,0.27764267,0.28049493,0.2826944,0.27738607,0.26774317,0.25744352,0.25168946,0.2518147,0.24888155,0.24878824,0.243115,0.24592674,0.2633725,0.28910422,0.31087998,0.33106273,0.35113746,0.36410743,0.36267033,0.35001823,0.34239483,0.34007367,0.3406496,0.3530263,0.38088712,0.41563416,0.45126623,0.48062953,0.49866107,0.5068624,0.49936756,0.47129145,0.43701854,0.40491313,0.34730166,0.22377528,0.11580059,0.12824988,0.2085112,0.26556772,0.27197748,0.20505074,0.087030664,0.0806723,0.02406723,0.024490029,0.066155165,0.053032078,0.036525875,0.10262058,0.16350166,0.20972177,0.24156062,0.26136872,0.27495286,0.2820702,0.27674735,0.25673288,0.22522238,0.19747144,0.17981979,0.16611584,0.15575628,0.14715219,0.14749937,0.14801855,0.16671085,0.19737957,0.23350511,0.27015197,0.27381712,0.21290907,0.123148724,0.049574856,0.10169561,0.07257055,0.089736804,0.15914835,0.22834565,0.26428655,0.22547652,0.16940896,0.1627262,0.16988806,0.1816311,0.18132637,0.17879966,0.18126416,0.18381986,0.18191306,0.17569369,0.16318063,0.15032023,0.12922974,0.09873857,0.06549356,0.06373549,0.13520002,0.23578313,0.27196485,0.22708586,0.20725332,0.27098718,0.4195139,0.46657914,0.4323093,0.42106357,0.39644042,0.33522373,0.26030576,0.15835482,0.14843258,0.31170493,0.30445206,0.08813523,0.0023570948,,,,,,,,,,,,,,,,,,,,,,,,,,,,,,,,,0.015342854,0.057117637,0.07270337,0.052566662,0.07059827,0.08493667,0.09520388,0.08163851,0.08108956,0.079271935,0.070671506,0.055096537,0.05025704,0.02197133,,,,,0.07198341,0.07494006,0.061619867,0.09101898,0.1663406,0.1844569,0.27829877,0.3467811,0.38996974,0.40037364,0.38072708,0.33136573,0.27320227,0.1419279,0.06269354,0.10283636,0.14232333,0.19310799,0.23300767,0.25527743,0.28928345,0.3408433,0.38836074,0.42380756,0.4506725,0.46454495,0.46419546,0.45282447,0.44042537,0.4289516,0.4158049,0.4004237,0.38396725,0.36973596,0.35173938,0.32536098,0.29825345,0.2822947,0.28741,0.3054123,0.30887362,0.26504266,0.19133538,0.120964035,0.08510737,0.06987975,0.06028344,0.05645568,0.04857825,0.044278875,0.046505895,0.06376341,0.097262785,0.11245142,0.115850665,0.11805146,0.10646233,0.09382867,0.099034406,0.106528886,0.11350923,0.124411754,0.13457437,0.13770266,0.14884493,0.16646165,0.17928022,0.18518339,0.1935012,0.21033666,0.22790535,0.23827136,0.24497941,0.24977633,0.25993386,0.26663893,0.26809776,0.27294078,0.28113404,0.29041296,0.30136108,0.3125015,0.32646504,0.34187293,0.3472311,0.3375046,0.3122969,0.27468908,0.23184372,0.21224941,0.23267706,0.2534655,0.25617182,0.26248437,0.27825987,0.29478678,0.30128282,0.30595008,0.3058615,0.2975387,0.28223228,0.26331696,0.24370916,0.22610621,0.21411876,0.2142171,0.22943434,0.25035486,0.2572454,0.24403031,0.21437265,0.18523976,0.16208148,0.14348473,0.13557115,0.14389974,0.15913616,0.19381352,0.2566506,0.29188916,0.28109783,0.28061002,0.3090559,0.31968552,0.32869983
9.5,,,,,,,,,,,,,,,,,,,,,,,,,,,,,,,,,,,,,,,0.25233194,0.37880176,0.44560227,0.47816285,0.45362633,0.45088422,0.47271988,0.51572204,0.5518137,0.5759679,0.5938974,0.6098317,0.6233777,0.6221018,0.61700046,0.61762613,0.61621183,0.61203754,0.60936224,0.60896486,0.61296856,0.6200697,0.6262326,0.6302888,0.629267,0.62211275,0.61185485,0.6020033,0.5963737,0.59444916,0.59308255,0.59035116,0.58880764,0.5888789,0.5903141,0.5953566,0.60251623,0.60597026,0.60079783,0.57948256,0.54490143,0.4974061,0.42364633,0.33840895,0.2597979,0.19405328,0.17776334,0.16208708,0.1501922,0.15778732,0.17484519,0.18382488,0.1959644,0.21753803,0.2419468,0.272997,0.28895402,0.29256392,0.3094695,0.3358598,0.37235713,0.41627797,0.4534515,0.47705767,0.49359727,0.5069937,0.51324314,0.5164102,0.5218736,0.52528656,0.5230313,0.5163193,0.50755656,0.5027005,0.50270945,0.50077784,0.48892552,0.46602553,0.43284604,0.38733324,0.33274394,0.2754224,0.22430621,0.1746365,0.1194853,0.07389261,0.035194065,0.023553072,0.04995912,0.079756245,0.106843285,0.12279086,0.11187806,0.069060825,0.026228698,0.028593719,0.036767296,0.05160322,0.07157955,0.09703194,0.11991175,0.13533974,0.14895546,0.16222896,0.16619891,0.16261993,0.16031866,0.1666703,0.19126303,0.22451118,0.24744472,0.2715615,0.31302366,0.35600412,0.3751672,0.3684732,0.3557005,0.3262222,0.27873322,0.22596312,0.18219101,0.1510679,0.1347411,0.13317926,0.14013238,0.15084033,0.15516715,0.15448774,0.15629095,0.1611844,0.16751283,0.17307815,0.18333794,0.19789734,0.20866704,0.21278389,0.21539384,0.21957812,0.22390516,0.22685531,0.22771902,0.22353303,0.2133213,0.19885243,0.1796739,0.15916058,0.14065717,0.12955041,0.12517525,0.12450151,0.13070282,0.13771105,0.15108205,0.15921961,0.169508,0.18868092,0.19558057,0.19422086,0.1921777,0.19136254,0.19452456,0.19558735,0.19616514,0.20002829,0.2088708,0.21641544,0.18229568,0.14503127,0.13132863,0.109936126,0.08163914,0.08817301,0.102078415,0.11309288,0.122706436,0.13467175,0.14591397,0.15195982,0.15562452,0.15417285,0.15216205,0.16268164,0.18376586,0.20702691,0.23100692,0.2514002,0.26573935,0.27529618,0.2798514,0.27727455,0.27025178,0.26614472,0.26635793,0.26764327,0.26407254,0.24672437,0.23422217,0.23880127,0.24324127,0.25431618,0.2724973,0.29391402,0.31323376,0.32990763,0.341495,0.34513253,0.34027657,0.3306379,0.318098,0.3117574,0.31520942,0.3280828,0.3556881,0.40331244,0.45353037,0.4910216,0.5212976,0.5331279,0.523784,0.51562816,0.5051057,0.4868707,0.45595407,0.42568907,0.39113283,0.301208,0.16863672,0.1324923,0.19738805,0.26282585,0.31199515,0.2615031,0.10987611,0.06884966,0.011873114,0.060463946,0.038032226,0.028818516,0.10535114,0.14624386,0.16743228,0.19132432,0.21225557,0.2250921,0.23159769,0.23222704,0.22371697,0.2066004,0.18680699,0.17255189,0.16598189,0.15794319,0.15461423,0.15435247,0.15428083,0.154285,0.16620989,0.19024177,0.22037861,0.25544035,0.27909088,0.26065987,0.1936979,0.08942051,0.044816725,0.08286644,0.05970988,0.15154788,0.22238874,0.26860735,0.2507895,0.1934701,0.16200343,0.16092291,0.17179887,0.17536904,0.17685647,0.18396822,0.1920138,0.19340837,0.1847347,0.16915838,0.1483824,0.119361855,0.08633012,0.053954266,0.048433628,0.09930805,0.1865117,0.24470061,0.23402256,0.20351899,0.25265858,0.38246033,0.43629214,0.42275846,0.4375078,0.4473198,0.40826735,0.31952852,0.19724396,0.07608373,0.23991588,0.33781782,0.09949086,0.008911544,0.015975064,,,,,,,,,,,,,,,,,,,,,,,,,,,,,,,0.011612449,0.027899873,0.05164031,0.056475285,0.048385102,0.07864644,0.084879324,0.071656436,0.07643521,,0.08421046,0.06847915,0.061941143,0.04884015,0.008086623,,,,,,0.069014974,0.063950375,0.07596125,0.113409944,0.17847228,0.23218076,0.3207391,0.38619554,0.38991642,0.36359313,0.34773618,0.30672875,0.1719941,0.0777267,0.1152878,0.15220806,0.19073653,0.22808732,0.24839944,0.28091386,0.3316263,0.3764537,0.40809023,0.43072912,0.44264758,0.4413322,0.4297471,0.41299334,0.38982213,0.36847198,0.35091993,0.3347614,0.3191433,0.3010114,0.27831274,0.2570892,0.2474591,0.25787866,0.28644234,0.31016633,0.28322348,0.21842319,0.1575252,0.110510096,0.08218017,0.07120021,0.0684139,0.05688521,0.05538918,0.06166306,0.08205338,0.113803804,0.13281795,0.14330451,0.15156035,0.14860056,0.14661893,0.15670295,0.16942303,0.1759941,0.17920566,0.18053293,0.17850798,0.17765681,0.1809567,0.1838027,0.18480775,0.19542377,0.21598741,0.23458858,0.24648745,0.25244915,0.25306624,0.25731802,0.2592021,0.25687313,0.261021,0.27377328,0.2891591,0.3042063,0.31666085,0.3269001,0.3362573,0.33379382,0.31447113,0.28080398,0.23517734,0.18861587,0.18278196,0.21627338,0.2480379,0.25607088,0.2642364,0.28490326,0.3011645,0.30751744,0.31475985,0.31708893,0.30895904,0.2936777,0.27389643,0.2559343,0.24343733,0.23822467,0.24303883,0.25617176,0.26847845,0.27333698,0.266517,0.24437903,0.21624261,0.1924492,0.17248993,0.16185085,0.167828,0.17360674,0.18776475,0.23652178,0.2740249,0.27638042,0.28920153,0.31916153,0.33068177,0.3421634
9.416672,,,,,,,,,,,,,,,,,,,,,,,,,,,,,,,,,,,,,,,0.2853749,0.4366445,0.53641456,0.52055657,0.49133566,0.4868497,0.5111656,0.55572295,0.588991,0.61090857,0.62256485,0.6250527,0.6294572,0.62706846,0.61960673,0.61523974,0.60846776,0.59915906,0.5898491,0.581378,0.57684433,0.57550794,0.57172966,0.56654954,0.5591532,0.5485327,0.53541654,0.52208686,0.511628,0.5055812,0.50342476,0.5019959,0.49931726,0.49363986,0.48508853,0.47640088,0.46809873,0.4603257,0.45691228,0.46612707,0.48751885,0.49846262,0.48241076,0.44289702,0.37561464,0.29219228,0.22085822,0.18483645,0.16671048,0.15255131,0.15528509,0.16278912,0.16323194,0.17496975,0.20271108,0.24146694,0.28215158,0.29582566,0.30313155,0.3284957,0.3687589,0.41232055,0.44594926,0.46619827,0.4773183,0.48376095,0.4838935,0.48344308,0.49101594,0.49925286,0.5048638,0.51051134,0.5155836,0.5229293,0.533995,0.5394566,0.52888894,0.50903934,0.47695416,0.4322409,0.38179624,0.32532683,0.26604718,0.20891812,0.15566738,0.118322484,0.0787102,0.030899314,0.032661375,0.0715485,0.095976174,0.120701924,0.12660268,0.098016016,0.046337612,0.03549684,0.04582924,0.0569121,0.07207041,0.0817016,0.09317996,0.0984002,0.10108921,0.11095263,0.122577675,0.12769808,0.12547629,0.123375334,0.13969079,0.17709085,0.21468244,0.25228623,0.3052385,0.36661902,0.41625845,0.4308765,0.41419372,0.37676775,0.3278781,0.27813852,0.23675086,0.2047854,0.189332,0.18953885,0.1946289,0.19583586,0.19005874,0.18003213,0.17417763,0.17376864,0.17517246,0.180963,0.19009338,0.19771278,0.2034382,0.21094514,0.2216391,0.23151952,0.24364397,0.2580862,0.26815134,0.27017453,0.2650647,0.25518474,0.23698163,0.21228178,0.19065253,0.17419338,0.16234908,0.15508932,0.15083076,0.15833178,0.17728913,0.19015732,0.20396915,0.20805024,0.20272766,0.19995908,0.20671776,0.21464382,0.22123918,0.22291213,0.22224501,0.22422266,0.22997954,0.22865489,0.19824755,0.17666046,0.17627238,0.15210333,0.1115749,0.09052168,0.09281272,0.10191081,0.10312953,0.114469565,0.1240629,0.13328089,0.14568262,0.15491638,0.16271007,0.18014435,0.20076238,0.22287872,0.24382837,0.2545774,0.25386316,0.24737774,0.24029079,0.23511189,0.23237787,0.23297775,0.23967773,0.24805805,0.23777005,0.22719897,0.23339579,0.24454507,0.25833988,0.27028334,0.2835503,0.29860422,0.30751154,0.30975387,0.3058688,0.29712623,0.285387,0.2786837,0.27960014,0.2871813,0.30373296,0.33391017,0.38245255,0.4405922,0.48403463,0.50715166,0.4969495,0.47952393,0.46725327,0.45783022,0.45437637,0.44798717,0.42231324,0.39493206,0.37378028,0.3074463,0.18943268,0.15547736,0.22089712,0.29736924,0.3551307,0.28649056,0.11259526,0.06772357,0.08109546,0.06404043,0.049213488,0.08087312,0.118974164,0.1408624,0.1540725,0.17357288,0.19107601,0.19439702,0.18681638,0.1768297,0.16625853,0.1550569,0.14568773,0.14220396,0.14047454,0.13320874,0.135169,0.1400489,0.14098923,0.14477299,0.15035349,0.16969968,0.19724274,0.22859018,0.2579698,0.26896328,0.23455313,0.1621941,0.07035405,0.044759933,0.036691077,0.14277793,0.20645192,0.26032513,0.26736173,0.22366738,0.1824142,0.162762,0.17003183,0.1796066,0.18781936,0.19554362,0.20225264,0.20001356,0.18334268,0.16205943,0.13416597,0.10721411,0.08307761,0.061539903,0.0434929,0.061085224,0.12489529,0.19650136,0.22837318,0.21030475,0.24192378,0.34831867,0.40012848,0.38848707,0.4316383,0.48502225,0.48130947,0.3807894,0.21967816,0.053431507,0.14984353,0.33034962,0.11054628,0.020131588,0.033856355,,,,,,,,,,,,,,,,,,,,,,,,,,,,,,,0.02194571,0.016187226,0.018448403,0.049539402,0.07440188,0.106429264,0.088653825,0.056252114,0.07484931,0.07275753,0.07061532,0.052751422,0.05874899,0.044665076,0.022340002,,,,,,,0.061625876,0.054646976,0.08442397,0.1339369,0.182513,0.27836937,0.3312824,0.35278124,0.32558006,0.33819616,0.32533854,0.1851597,0.10101117,0.13488401,0.16951868,0.19221677,0.21975122,0.23677543,0.26541474,0.31271052,0.3545625,0.38727358,0.41013557,0.41952997,0.41558826,0.40186173,0.3787403,0.35191333,0.32634896,0.30256855,0.28511038,0.2706385,0.25558648,0.24143882,0.22931536,0.22404851,0.23692279,0.2750186,0.30834782,0.28077784,0.2245655,0.17974147,0.1408423,0.104214996,0.08126774,0.07313687,0.06356842,0.06993362,0.08170497,0.10231884,0.12801348,0.1488783,0.16390713,0.17427704,0.17923217,0.18391669,0.19237193,0.20610966,0.21426626,0.21328394,0.2097455,0.20026107,0.19146368,0.18541153,0.18566623,0.19387756,0.20816281,0.22781889,0.24593416,0.25672045,0.2595653,0.25634018,0.2563851,0.25567472,0.25145325,0.25444302,0.27023807,0.2903289,0.30680987,0.31807306,0.323748,0.3246695,0.3128767,0.28631243,0.24689063,0.19531105,0.15359095,0.16627383,0.1996006,0.23313425,0.2525107,0.26742288,0.2892518,0.30218184,0.3075589,0.31315967,0.3140613,0.30656472,0.29727563,0.28723422,0.28141648,0.2790274,0.2774104,0.27708486,0.27953154,0.2821859,0.28459042,0.28223458,0.2654612,0.24165127,0.2188346,0.19813952,0.18164721,0.18027557,0.18418892,0.18409555,0.21293093,0.25004756,0.26348504,0.2808479,0.3087626,0.32112592,0.32893738
9.333336,,,,,,,,,,,,,,,,,,,,,,,,,,,,,,,,,,,,,0.29328206,0.36269492,0.39541596,0.54013616,0.5946102,0.5490301,0.5209815,0.5163236,0.54505396,0.5905421,0.62241405,0.64027625,0.64683414,0.6394027,0.63279355,0.625918,0.6148765,0.6045486,0.59205246,0.5785467,0.56618935,0.55538243,0.54665786,0.5399626,0.5299197,0.5181704,0.50650114,0.4945307,0.4810966,0.4666272,0.45144647,0.4364402,0.42691967,0.4239446,0.42365143,0.42182815,0.41441265,0.40286377,0.3888222,0.37299582,0.3570829,0.3445357,0.34421822,0.36654344,0.41087675,0.44028792,0.43086475,0.3847586,0.3168553,0.2458241,0.20684461,0.18109427,0.16584648,0.16353075,0.15590481,0.14235534,0.16124935,0.21099766,0.27642724,0.30314076,0.29488987,0.3105645,0.35615212,0.4010099,0.43066928,0.44798487,0.45488748,0.45491442,0.44908562,0.44323394,0.45179415,0.470238,0.49094102,0.5106589,0.5277642,0.54526013,0.5651572,0.57045287,0.5595087,0.5411064,0.51398885,0.4760995,0.4368698,0.3849845,0.31558153,0.25463545,0.2164699,0.19783145,0.16339684,0.1148325,0.0816031,0.09142235,0.10577549,0.11678499,0.12761481,0.11625178,0.07625888,0.04741175,0.049288727,0.05430008,0.062215324,0.07635271,0.08889517,0.08594721,0.07506853,0.07021794,0.077838115,0.09105947,0.0969565,0.09576868,0.097834684,0.12786263,0.17624784,0.22661062,0.28540462,0.35698026,0.42711967,0.46716675,0.46368772,0.42011854,0.3689562,0.32598504,0.28930122,0.2605391,0.24460621,0.23819046,0.23547816,0.2298133,0.22007447,0.2072887,0.19785547,0.19395745,0.19431007,0.19856873,0.20305714,0.20577326,0.20939048,0.21897271,0.23265873,0.2449036,0.25844535,0.2760167,0.29371646,0.3057372,0.3085534,0.3045413,0.29033414,0.26611775,0.24182883,0.2224587,0.20349146,0.18757564,0.18292958,0.19366173,0.20616627,0.20954402,0.21616541,0.21690811,0.21251257,0.2145667,0.22835775,0.24519041,0.25437805,0.2509288,0.2429686,0.23099196,0.23299654,0.23324215,0.20655492,0.1815805,0.16937388,0.14920478,0.12229179,0.106198035,0.104629844,0.10485434,0.112120226,0.12496531,0.13379806,0.14732747,0.16138761,0.17388716,0.19096868,0.2063383,0.22153382,0.23622537,0.24378209,0.2397631,0.22369786,0.20027387,0.17680636,0.16196097,0.16342989,0.16835696,0.1701262,0.18029636,0.19657692,0.21285443,0.22314328,0.23043263,0.23928915,0.24454916,0.2495628,0.25651276,0.25926527,0.25634152,0.24856582,0.23683716,0.23090105,0.23493142,0.24938007,0.2679829,0.2986928,0.34294248,0.39140585,0.4364457,0.43603945,0.4170448,0.40090773,0.3841993,0.3704481,0.3608925,0.36373714,0.36814702,0.36359146,0.3460119,0.3121037,0.24614406,0.15992004,0.17842796,0.26643702,0.35203758,0.38785622,0.2945974,0.16619088,0.13580461,0.10859864,0.09017316,0.100283645,0.114088446,0.12811984,0.14087538,0.16649775,0.1813461,0.17834893,0.15634474,0.12942177,0.1135687,0.1111329,0.10304904,0.094376534,0.09985486,0.09607321,0.09113044,0.09864957,0.09806742,0.0996413,0.11235467,0.12883861,0.14990316,0.17024013,0.19542202,0.22269535,0.24607725,0.24090974,0.20181961,0.14517829,0.06718764,0.018741477,0.07650758,0.19033965,0.24562047,0.27102664,0.25626624,0.22228193,0.19036086,0.18158042,0.18948628,0.20435427,0.21546112,0.21443352,0.20033096,0.17571677,0.1455087,0.11209245,0.08528599,0.0688941,0.051446866,0.03501058,0.038706817,0.06810001,0.12219621,0.18085389,0.20383614,0.23753327,0.32360312,0.36090425,0.34349817,0.3988611,0.4902123,0.5270214,0.4661896,0.3174078,0.15262534,0.1312166,0.3623363,0.15080531,0.037721746,0.051349457,,,,,,,,,,,,,,,,,,,,,,,,,,,,,,,,,,,,0.45617145,,,0.10537056,0.07776741,0.051915437,0.05531288,0.061942652,0.04357454,0.02000582,,,,,,,,,0.0912831,0.09212439,0.15145425,0.23875444,0.29903644,0.3046209,0.2964954,0.3261277,0.33169654,0.1897073,0.12259573,0.15481684,0.18716203,0.19631162,0.20861869,0.22046192,0.2441914,0.28694186,0.32314116,0.35297054,0.37828982,0.39333495,0.39196995,0.37542826,0.3499223,0.3209302,0.28827807,0.25787354,0.23656848,0.22016577,0.21005149,0.20523249,0.19998622,0.20223288,0.2273178,0.28853646,0.33055797,0.2827831,0.22545446,0.18601646,0.15997893,0.13660124,0.09700206,0.07309159,0.074356854,0.08760385,0.100606345,0.11819996,0.13861294,0.16307253,0.18609583,0.19886354,0.20282005,0.20887871,0.21351452,0.22404407,0.2351637,0.23285183,0.22094133,0.20902433,0.20584363,0.20734406,0.20900905,0.20992157,0.21781181,0.23865184,0.25980103,0.26979864,0.26885942,0.26521772,0.26468024,0.26292595,0.25840908,0.26007253,0.27530512,0.2958578,0.30993453,0.3166563,0.31541288,0.30719486,0.28943506,0.25912735,0.21461207,0.16121352,0.1324503,0.15948068,0.188654,0.21683338,0.24119592,0.26423612,0.28843138,0.29909813,0.3018737,0.30364352,0.30153066,0.29680583,0.29397646,0.29515374,0.3040967,0.31506574,0.3184351,0.3117543,0.30151892,0.29436597,0.29363403,0.29198784,0.28051433,0.26215637,0.24080002,0.2187327,0.19918008,0.18915908,0.19223915,0.18955033,0.19395602,0.22337155,0.24362564,0.26582396,0.29708368,0.3144671,0.31694397
9.25,,,,,,,,,,,,,,,,,,,,,,,,,,,,,,,,,,,,,0.2544703,0.38553485,0.48423204,0.61949635,0.6099502,0.55652714,0.53673244,0.5377212,0.5697106,0.60943377,0.6380989,0.65530616,0.65961885,0.6491998,0.63162297,0.6150484,0.59906805,0.58644265,0.5725637,0.55864483,0.54585856,0.53448826,0.5226062,0.5107147,0.49670747,0.48079115,0.4625923,0.44199905,0.41887936,0.39374667,0.36783203,0.34182966,0.3207591,0.30594355,0.29819956,0.3002954,0.3047428,0.30405095,0.29845285,0.28996783,0.27783898,0.2611332,0.24693255,0.24043547,0.2514854,0.29500958,0.35532516,0.39324814,0.37314454,0.31574318,0.26483318,0.22896743,0.20498753,0.18903708,0.17581676,0.1544968,0.13816354,0.1681603,0.24014807,0.2907581,0.29313698,0.29602784,0.33584347,0.3824669,0.410077,0.42506683,0.42902616,0.42440185,0.41251856,0.39897186,0.4059776,0.4375718,0.47860968,0.5119877,0.5373475,0.56387824,0.58703357,0.5889763,0.5795233,0.5650775,0.5424672,0.5179943,0.49476075,0.4506358,0.38503897,0.3326797,0.31596112,0.29814494,0.26029354,0.21337524,0.19056812,0.16370752,0.15325584,0.13727865,0.13580786,0.13480943,0.11253493,0.076990925,0.07039152,0.0593044,0.0519659,0.05764461,0.07581968,0.08731488,0.07550473,0.05804724,0.05275365,0.06269687,0.07988857,0.090675496,0.0901008,0.09184905,0.13213974,0.19134788,0.25665748,0.3300048,0.41005617,0.47208446,0.48344722,0.45119643,0.40378466,0.36247814,0.33264554,0.3087254,0.29068908,0.27632236,0.2642333,0.25500396,0.24780774,0.2384885,0.22944391,0.22250426,0.22055508,0.22201805,0.22257876,0.22350444,0.22768834,0.23625447,0.24653476,0.25720522,0.26998633,0.2876306,0.3102671,0.3318934,0.34539172,0.3487104,0.3363564,0.31380168,0.28831655,0.26622245,0.24288481,0.22428243,0.21811698,0.22132812,0.2228673,0.22304562,0.22384876,0.2203836,0.22350469,0.23829374,0.25854588,0.27568123,0.2796383,0.27156737,0.25487104,0.23739316,0.23684274,0.2331257,0.20026465,0.16550812,0.14070395,0.11366825,0.09466257,0.09871818,0.112535045,0.13278444,0.14720261,0.1681288,0.17950468,0.19082227,0.19776705,0.20254079,0.20742065,0.21246043,0.21876985,0.22229967,0.21835423,0.2025826,0.17655404,0.13745025,0.09909308,0.081521034,0.0944218,0.1374171,0.1591136,0.16260435,0.17651695,0.19036642,0.20123713,0.2062362,0.20671457,0.20683989,0.20421648,0.19863419,0.19185115,0.18626286,0.18118986,0.18375857,0.1912237,0.20702665,0.22340313,0.24581285,0.28705677,0.3331951,0.38095027,0.38820907,0.36253643,0.33717644,0.31406277,0.28981403,0.27046207,0.26152724,0.27147874,0.2989849,0.317584,0.31374556,0.28295943,0.18631491,0.15058087,0.22155067,0.3264779,0.41512373,0.41746622,0.27836245,0.103726625,0.06548292,0.07758668,0.09721458,0.1111079,0.12093511,0.13196953,0.14851406,0.16793169,0.16126694,0.12840447,0.08823361,0.06976877,0.07298975,0.07300535,0.070968084,0.067840464,0.06870854,0.07098567,0.0717114,0.06866106,0.052880812,0.046458516,0.07084383,0.09958858,0.12536733,0.15339658,0.176533,0.19729665,0.21820366,0.22876972,0.22322471,0.20165417,0.16567798,0.096213385,0.041077446,0.13678253,0.22382247,0.26648307,0.27634755,0.26164123,0.23719816,0.22012612,0.20826273,0.21157685,0.22346152,0.22155523,0.20549908,0.17457558,0.13859707,0.09381704,0.049698353,0.03300031,0.040379852,0.03101,0.026623588,0.03723576,0.050750628,0.0995686,0.15897532,0.21960014,0.29040003,0.31341594,0.29491648,0.34549934,0.463057,0.54160106,0.5369075,0.4222201,0.26311293,0.2053433,0.31394023,0.15319318,0.041863926,0.075340524,0.07164908,,,,,,,,,,,,,,,,,,,,,,,,,,,,0.036182646,0.03444456,0.04434662,0.05899664,0.07632307,0.17915194,0.44256866,0.48541173,0.47440553,0.3122989,0.24448468,0.10448307,0.07177016,0.062854916,0.04603674,0.0352431,0.018103208,,,,,,,,,0.08206974,0.08110032,0.12977754,0.17436397,0.28588688,0.31669146,0.30514652,0.3301867,0.33535522,0.18658064,0.1429692,0.17449749,0.2036064,0.20584704,0.20200805,0.2035823,0.22156085,0.25904134,0.2907401,0.3124819,0.33284396,0.35143802,0.35728747,0.34707314,0.32697305,0.2976176,0.25953886,0.22259124,0.19454415,0.17417766,0.16408268,0.16397527,0.16640654,0.17797767,0.22136445,0.29676756,0.33302143,0.29164758,0.23603813,0.18878748,0.15834396,0.1322985,0.092670105,0.07756256,0.089526616,0.10448617,0.11563592,0.13022289,0.14951123,0.17340663,0.19692919,0.20778759,0.21294008,0.22208175,0.22767392,0.23333554,0.23943178,0.2387693,0.22902434,0.2258641,0.23351434,0.23537709,0.22956172,0.22552396,0.23198666,0.2527714,0.27365363,0.283556,0.2846595,0.28425074,0.28464517,0.28222224,0.27763522,0.2792273,0.29128137,0.30599675,0.31310704,0.3133536,0.30617595,0.29303655,0.27280372,0.23871614,0.1892055,0.13960217,0.13281445,0.15987195,0.18628392,0.20853364,0.2319179,0.25725436,0.2800883,0.28859568,0.2891438,0.28875786,0.28457618,0.2819442,0.28260937,0.2907983,0.31081262,0.3351034,0.34834605,0.3425914,0.32469255,0.30986753,0.30425692,0.30158007,0.2922921,0.27454472,0.25773993,0.23861331,0.21907821,0.20271605,0.19931911,0.20209982,0.1926554,0.20172615,0.22294012,0.2542875,0.3020736,0.33776894,0.3386872
9.166672,,,,,,,,,,,,,,,,,,,,,,,,,,,,,,,,,,,,,0.22305724,0.38462797,0.60866463,0.64324117,0.6009894,0.56210786,0.5530239,0.5598102,0.5874666,0.6157283,0.63828224,0.64964867,0.6513697,0.6405521,0.6195895,0.5964991,0.5766159,0.56164026,0.5470625,0.5309615,0.51358765,0.49638504,0.4783391,0.4595492,0.4395501,0.41853082,0.3941954,0.3649553,0.3312071,0.29308623,0.25215375,0.21289858,0.18148138,0.15507658,0.13426383,0.1287116,0.13730942,0.1539684,0.16846004,0.18220577,0.19578479,0.19513837,0.18489476,0.16547963,0.15031135,0.14855562,0.17720416,0.25133884,0.33134705,0.33574465,0.29374808,0.26106718,0.23964588,0.22353457,0.21050571,0.19464584,0.16309544,0.13923223,0.17282869,0.24560869,0.2838517,0.29008526,0.31286988,0.36178395,0.3937966,0.40318966,0.40184787,0.39159018,0.37403566,0.354441,0.3563901,0.39538038,0.45547718,0.5061604,0.53981566,0.574,0.59782255,0.5960418,0.5889336,0.5793105,0.56516236,0.5601515,0.5479776,0.51667106,0.47865522,0.45288107,0.440805,0.41258386,0.36478448,0.31593582,0.28163275,0.2482075,0.21670157,0.18656147,0.16512544,0.15933587,0.14217508,0.10776075,0.09953853,0.08480902,0.064990304,0.051133826,0.05607648,0.072163455,0.07734071,0.06358773,0.051517285,0.050689336,0.066196546,0.084774524,0.08906085,0.07631453,0.087018,0.1460931,0.22009042,0.29167664,0.36965802,0.44905564,0.48680076,0.47704902,0.4432389,0.40278435,0.36924624,0.34414807,0.32298356,0.30614686,0.2932658,0.28373176,0.27841333,0.2753145,0.26965004,0.26160377,0.2554055,0.25308216,0.25256345,0.25174844,0.25216046,0.2557936,0.26089746,0.26846352,0.28027093,0.29750356,0.32096022,0.34607923,0.36754674,0.37698343,0.36735296,0.3475484,0.32562456,0.30322924,0.28174567,0.2634883,0.25146267,0.2429837,0.2382648,0.2303395,0.22279549,0.22393698,0.2368984,0.2650006,0.29078498,0.29993054,0.2992608,0.29144403,0.27777022,0.25928277,0.24575777,0.23496307,0.20659617,0.16624954,0.12733948,0.09952575,0.10239501,0.12334475,0.14593168,0.1605382,0.1833618,0.2001121,0.20696382,0.21088143,0.208798,0.20411578,0.19915994,0.19631739,0.19557415,0.19522302,0.18658376,0.16671818,0.13379636,0.08483833,0.0547495,0.08024178,0.120221995,0.1344103,0.1449416,0.15706083,0.16377133,0.1666893,0.17171915,0.1720862,0.16614912,0.15723132,0.14929864,0.13701737,0.12872177,0.13172798,0.15168735,0.16491556,0.18587817,0.19651783,0.19928579,0.22184655,0.27065176,0.32352164,0.35446593,0.33443806,0.28551552,0.25417805,0.23088709,0.20174608,0.18508673,0.19015923,0.21373358,0.23179877,0.2676212,0.28759977,0.24695148,0.17393212,0.20579936,0.28938508,0.3899972,0.46650973,0.40765768,0.19619118,0.06579013,0.06600305,0.07589508,0.08549383,0.10633694,0.1275816,0.14274803,0.1476943,0.13956603,0.100810796,0.060010053,0.053808607,0.0734374,0.08902387,0.09637584,0.09038039,0.084000275,0.08213615,0.08558601,0.087796904,0.07988112,0.059819765,0.027833821,0.031526797,0.07281556,0.10564575,0.13702084,0.16208889,0.18089803,0.20220092,0.22151777,0.23516804,0.2330944,0.2139939,0.17593098,0.1148222,0.09881145,0.18317519,0.2559151,0.28810748,0.2887237,0.27407968,0.25909126,0.2436814,0.23253359,0.22916138,0.22006845,0.19853994,0.16790497,0.13268308,0.09644427,0.081600875,0.07082619,0.035918478,0.030811943,0.02306774,0.033827294,0.035205837,0.038972907,0.08046034,0.15753382,0.23299581,0.26009944,0.24558362,0.28441814,0.4018055,0.5088555,0.5804392,0.5496848,0.40996924,0.29778334,0.24692205,0.15518603,0.026430568,0.07654923,0.08357279,,,,,,,,,,,,,,,,,,,,,,,,,0.047485903,0.047202915,0.047695115,0.047310825,0.04919927,0.06168031,0.08005891,0.09302373,0.12633777,0.28623366,0.3744061,0.35678637,,,,,,,,,,,,,,,,,,0.08258962,0.15459317,0.17447986,0.28733367,0.364476,0.35712716,0.36440486,0.34753466,0.18938074,0.17187846,0.19554201,0.21321627,0.21095623,0.19592836,0.18688093,0.2004477,0.2304141,0.25373417,0.2666283,0.27621046,0.29019958,0.30251625,0.3049876,0.29465276,0.267959,0.2315425,0.19397928,0.16353406,0.13994375,0.12675352,0.12934016,0.13718009,0.16393197,0.21539626,0.29282445,0.32048267,0.29491326,0.2369817,0.18511608,0.15194991,0.12119518,0.092210665,0.08949387,0.10544404,0.11689626,0.12485554,0.13755067,0.15775856,0.18063015,0.19723605,0.20082851,0.20455632,0.21380393,0.22321998,0.22802676,0.23297746,0.24170186,0.24316287,0.24682249,0.25470552,0.2507417,0.24292439,0.24525838,0.25588,0.26990297,0.28365368,0.2952672,0.30320334,0.3110309,0.31538615,0.31191158,0.30463955,0.30417794,0.3107651,0.3158729,0.3135468,0.30467662,0.29274327,0.2767038,0.25131473,0.21046673,0.16216195,0.13977212,0.15072927,0.17150472,0.19244717,0.21200798,0.23385713,0.25611943,0.27027833,0.27289218,0.27271116,0.27297288,0.26961905,0.2701915,0.27313188,0.28239238,0.30462337,0.33708435,0.3631854,0.3670021,0.34967396,0.33089876,0.32087824,0.31557807,0.30602157,0.28691897,0.270952,0.25547192,0.23744431,0.22050855,0.20773666,0.21164717,0.20324752,0.19423172,0.20664741,0.24134718,0.30589396,0.37351733,0.3920003
9.083336,,,,,,,,,,,,,,,,,,,,,,,,,,,,,,,,,,,,0.2962152,0.33256724,0.50707614,0.66730547,0.64140874,0.5948633,0.5719977,0.5657296,0.5778,0.60061985,0.61726654,0.63050824,0.6328845,0.6277182,0.61401,0.59222466,0.5655483,0.5385927,0.5132186,0.4913741,0.47115412,0.4494726,0.42705145,0.40378556,0.37979233,0.35498068,0.32788977,0.29853398,0.2654782,0.22989386,0.1949927,0.1668143,0.14703302,0.13791937,0.13000646,0.119422585,0.09631614,0.06254743,0.037784,0.063966826,0.113171406,0.13569908,0.15846786,0.16000201,0.15045156,0.13567261,0.11955199,0.10328807,0.09865706,0.14604723,0.22818196,0.27898338,0.2589548,0.23652685,0.23910001,0.23735295,0.22959633,0.21179566,0.17532007,0.14642687,0.18918401,0.2513977,0.27931115,0.29798162,0.33951932,0.37737474,0.3838871,0.37431118,0.35729957,0.33401725,0.31129166,0.31053913,0.3554383,0.4322734,0.49761426,0.5356599,0.57738364,0.5982681,0.5935862,0.58926225,0.58641934,0.5851041,0.59331006,0.5877697,0.5724056,0.56720155,0.5669188,0.5496058,0.509552,0.4518007,0.4022174,0.3606185,0.32244176,0.2860111,0.24794291,0.20993742,0.18396445,0.16415611,0.131694,0.1167308,0.11247324,0.09051059,0.06892543,0.05610487,0.060853515,0.07199169,0.073759414,0.06254175,0.05102746,0.053154103,0.06620849,0.074457966,0.07195817,0.064141475,0.10264539,0.17590794,0.24706224,0.3207856,0.40406826,0.46585217,0.48626027,0.47334293,0.44237044,0.40681118,0.37529778,0.35374695,0.34015948,0.32871932,0.3173708,0.3117616,0.31007046,0.30733272,0.3032721,0.29889047,0.2953061,0.29063517,0.28193295,0.27361777,0.27194378,0.2760297,0.28404492,0.29566538,0.3100376,0.3293267,0.35207185,0.37334934,0.38281533,0.37780893,0.3666658,0.35207528,0.33361652,0.31536758,0.29670703,0.27619785,0.2588904,0.2480062,0.23320611,0.22421452,0.22918463,0.25292513,0.28708923,0.30971423,0.31593266,0.31625012,0.31191853,0.30311292,0.28460404,0.26097995,0.24047118,0.22188666,0.19906552,0.17081165,0.16079272,0.15773411,0.16349871,0.16923021,0.1781384,0.20412382,0.21995503,0.22184458,0.21616688,0.20797858,0.20299569,0.20453955,0.20210549,0.1995699,0.190604,0.18094486,0.15531306,0.11654765,0.07373859,0.07064719,0.09830825,0.12160304,0.13228118,0.136056,0.13467771,0.13481073,0.13693531,0.13553095,0.1272517,0.113936424,0.10287669,0.098391026,0.09287101,0.10285991,0.12609482,0.1480791,0.1690053,0.17536607,0.1643122,0.16811016,0.20006353,0.2663662,0.31762636,0.31189495,0.27304944,0.2311003,0.19986421,0.1706933,0.117291674,0.10672389,0.13195057,0.12721904,0.09083145,0.2160924,0.2534544,0.24869213,0.2274826,0.29277828,0.3787319,0.4696161,0.48001683,0.31340542,0.10738839,0.093315795,0.10689873,0.09607818,0.097872585,0.12532268,0.1514308,0.15267973,0.12586208,0.0794045,0.03929285,0.071444914,0.100934416,0.11390543,0.11463853,0.107732296,0.0977048,0.09329046,0.0924623,0.09146597,0.08693717,0.080346584,0.065411925,0.03747784,0.016810423,0.049506675,0.0854529,0.13109064,0.163862,0.19341098,0.2197047,0.23972149,0.25492188,0.2635899,0.25764003,0.24195638,0.20006631,0.14702621,0.15006423,0.21593891,0.28528938,0.31649062,0.31505153,0.30143356,0.28497186,0.2638289,0.24677147,0.22626899,0.19642761,0.15579054,0.11640366,0.07845404,0.07407354,0.12024816,0.07673887,0.044627674,0.027722925,0.032784596,0.04963907,0.045074556,0.03698893,0.07935417,0.16297875,0.20913814,0.20480601,0.22296865,0.31307694,0.41777894,0.53792715,0.6134549,0.55814844,0.43033496,0.30095467,0.17479,0.08321587,0.08240466,0.102479845,0.12989014,,,,,,,,,,,,,,,,,,,,,,0.05827578,0.056506623,0.058119476,0.06432638,0.071194805,0.07196396,0.07208159,0.08192796,0.10209188,0.13420616,0.16908658,0.20597395,0.23334324,0.19693755,0.1751589,0.11225236,0.06517861,0.04954823,0.040092282,0.028528623,,,,,,,,,,,,0.046291843,0.13391766,0.19675107,0.2915614,0.37495223,0.39990494,0.39122054,0.3467428,0.20310476,0.20235422,0.22005011,0.22519974,0.21711132,0.1952208,0.17468934,0.18838795,0.20460443,0.21497458,0.21249904,0.20522001,0.20970139,0.225164,0.23963152,0.24151912,0.22273351,0.1974706,0.16615435,0.13808063,0.11417709,0.102355435,0.10932713,0.1323074,0.16419822,0.2089169,0.30301538,0.33171654,0.28747374,0.23559591,0.18995008,0.16456391,0.13742015,0.10264632,0.10238462,0.11927649,0.12671827,0.13146189,0.14506312,0.16649611,0.18811895,0.19889897,0.19510154,0.19253066,0.2017224,0.21619031,0.22292502,0.23128346,0.24493872,0.2501031,0.25142843,0.25701767,0.25732836,0.25594056,0.26295277,0.2716416,0.27890053,0.28873038,0.30066746,0.31281108,0.32805294,0.33999798,0.3406725,0.3320233,0.32552898,0.32417086,0.32131714,0.3123671,0.2983696,0.28191927,0.25793892,0.22178444,0.18020901,0.15595283,0.1598046,0.17397428,0.18971328,0.20674154,0.22511534,0.24513914,0.26166764,0.2663844,0.26432893,0.2612249,0.26059052,0.26278463,0.26871163,0.27798393,0.2892672,0.30759373,0.3339178,0.36436453,0.38279995,0.37806833,0.35847265,0.33995262,0.32940242,0.318799,0.3000429,0.28251135,0.2689299,0.25118622,0.2348256,0.22171487,0.21956328,0.21889454,0.20286368,0.20196794,0.2251985,0.28076705,0.3605315,0.41264647
9.0,,,,,,,,,,,,,,,,,,,,,,,,,,,,,,,,,,,0.25759944,0.3426892,0.4154804,0.6155904,0.6777627,0.62475324,0.588636,0.566328,0.5606843,0.57941544,0.6048595,0.6173422,0.61986685,0.6124753,0.59813803,0.5744309,0.5459424,0.5132791,0.47646275,0.44198942,0.41499117,0.3935853,0.37333986,0.35195637,0.32771155,0.3012412,0.27439332,0.2462802,0.21671696,0.18905646,0.16547588,0.1564001,0.15980567,0.17258137,0.18737966,0.19948348,0.20950624,0.21684156,0.2162994,0.21050975,0.21146972,0.21922444,0.22185332,0.22784755,0.21885955,0.19841766,0.17891523,0.16230834,0.14803734,0.12801093,0.10395858,0.07224495,0.13752608,0.21223629,0.21931553,0.21781532,0.23993926,0.24861948,0.24528202,0.22577061,0.18396616,0.16623548,0.21323825,0.26008832,0.28565305,0.31539768,0.35333446,0.362083,0.34597108,0.3222693,0.29443267,0.26920372,0.26780313,0.32052398,0.41265935,0.48293582,0.5262374,0.5727927,0.58904916,0.5822585,0.5829381,0.59035933,0.60474145,0.62136656,0.61719316,0.6075308,0.6231492,0.64358276,0.6358899,0.59502244,0.54080325,0.4862477,0.4409457,0.39879066,0.35534805,0.31103826,0.26452753,0.22076088,0.18575728,0.15311618,0.13117164,0.13075344,0.12145924,0.09974684,0.076742984,0.07047631,0.07473374,0.07918248,0.07334552,0.059990413,0.05137347,0.055571463,0.062462796,0.07352062,0.06996828,0.07640459,0.12837093,0.19894086,0.26915458,0.34199566,0.4100373,0.46116814,0.4786684,0.46809086,0.44052762,0.4071708,0.38565707,0.37464482,0.36400864,0.35351202,0.3488053,0.34694865,0.3443653,0.3415654,0.33879906,0.33402714,0.3212199,0.30004475,0.28312775,0.28110003,0.28841755,0.2982497,0.30972406,0.32367253,0.3379243,0.35115296,0.36063305,0.36236614,0.3633083,0.36712673,0.3644052,0.35193953,0.33410206,0.31239358,0.2874964,0.2675185,0.25417554,0.23776394,0.22417623,0.23182857,0.26338768,0.29921025,0.31972483,0.32840392,0.3287634,0.32582846,0.31906578,0.30113015,0.2792966,0.25807115,0.23874012,0.2244557,0.20834762,0.1979071,0.19415206,0.19072905,0.190078,0.1879034,0.21508007,0.23708631,0.237112,0.22143133,0.21576282,0.2146549,0.22349349,0.2233543,0.21813321,0.20387574,0.18598433,0.15619466,0.1193334,0.07823425,0.07066827,0.10840363,0.15770967,0.14198522,0.12046615,0.10106896,0.09595694,0.08985158,0.078329846,0.06807536,0.05874215,0.055004448,0.06601436,0.086656004,0.11353564,0.14179114,0.15765534,0.15519872,0.13577864,0.12564154,0.14270292,0.19078861,0.2614922,0.28421837,0.2813055,0.24980229,0.2137121,0.19342478,0.15450425,0.069630526,0.024171492,0.09423184,0.099103875,0.10789532,0.2180123,0.25764623,0.27332646,0.29965043,0.38431266,0.47512132,0.5032538,0.38619727,0.1498185,0.10284886,0.15016262,0.15271477,0.14142318,0.13787952,0.15009114,0.15447447,0.11966604,0.06202189,0.034433972,0.083670124,0.119502075,0.12948185,0.12847058,0.11526809,0.0979627,0.08930057,0.08592198,0.08310069,0.07868658,0.06966805,0.05673717,0.04423078,0.03191098,0.02301786,0.032801036,0.06564997,0.10943564,0.15447673,0.19787306,0.23538171,0.27220958,0.3033288,0.3316039,0.34594697,0.34164453,0.32275283,0.27857813,0.2131379,0.20691745,0.24890088,0.30855298,0.33943638,0.34334674,0.3329144,0.31266192,0.28695765,0.2531807,0.21753511,0.17592964,0.13175619,0.08807056,0.02354255,0.11325901,0.14073329,0.09772311,0.0522656,0.03454253,0.051054195,0.059797358,0.045579046,0.02930367,0.089472145,0.16579863,0.17520499,0.17978382,0.23509344,0.30449924,0.42359728,0.567819,0.63495284,0.593319,0.481949,0.36240628,0.258529,0.18271573,0.16700932,0.19319507,,,,,,,,,,,,,,,,,,,,,0.06108987,0.06886968,0.07816613,0.082499765,0.07554433,0.11579044,0.10566425,0.11834919,0.14345807,0.16019888,0.2200913,0.26834244,0.27086407,0.23711225,0.14949036,0.11448659,0.049140546,0.04422723,0.039306406,0.019750414,0.017558927,,,,,,,,,,,,,0.081427366,0.16394047,0.21300995,0.36589724,0.42605463,0.44443268,0.3765764,0.23783334,0.22306964,0.23979063,0.24497755,0.22903864,0.2027132,0.18220146,0.18199493,0.17898077,0.16949503,0.14767572,0.12598336,0.12556927,0.13869426,0.15661027,0.1725706,0.16583277,0.15836042,0.13877806,0.114684284,0.09190976,0.088630676,0.11282797,0.14847307,0.17266656,0.20204188,0.30141422,0.33219415,0.28416994,0.24304807,0.19389363,0.1666749,0.14676411,0.10833761,0.11194176,0.12770273,0.13330528,0.13849905,0.1538838,0.17250527,0.19112249,0.20000935,0.19324066,0.18755724,0.19878969,0.21613884,0.22501388,0.23437364,0.24551362,0.25092286,0.25260335,0.2558523,0.25741035,0.25777474,0.26112613,0.26623437,0.273096,0.282953,0.29467505,0.30923218,0.3285767,0.34773952,0.35934693,0.3571105,0.3457362,0.33725372,0.33082092,0.31748667,0.29675344,0.2688694,0.23179983,0.19239877,0.16870284,0.16888179,0.18007724,0.19103487,0.20493397,0.2218084,0.23910554,0.25720787,0.26908532,0.2683401,0.26297712,0.25541943,0.25299484,0.26293832,0.27732491,0.2995154,0.32030827,0.33500183,0.3459844,0.36561945,0.38868186,0.3974743,0.38546833,0.36260486,0.34517136,0.33244616,0.31436366,0.29416674,0.281129,0.26494247,0.24763192,0.23519497,0.22752808,0.22728638,0.21331826,0.20210345,0.20538276,0.2208002,0.25652987,0.30747527
8.916672,,,,,,,,,,,,,,,,,,,,,,,,,,,,,,,,,,0.20806335,0.26046008,0.29973873,0.53034574,0.66036874,0.65267783,0.5979383,0.5649191,0.5470743,0.5547884,0.5746819,0.59915113,0.61144274,0.60460526,0.5901636,0.56274325,0.525721,0.48815906,0.44716805,0.4037929,0.3651552,0.3350876,0.31132057,0.29044157,0.26883215,0.2451901,0.22034104,0.19405894,0.17149371,0.14885098,0.13578352,0.13440324,0.15142807,0.1794969,0.21251266,0.24510321,0.2750512,0.30613846,0.3351352,0.35715294,0.3738537,0.38293746,0.38078782,0.368388,0.35096347,0.33292714,0.29900762,0.26819247,0.24404806,0.22036129,0.2006196,0.17719625,0.14848962,0.09412947,0.06590131,0.15806134,0.18359068,0.21355017,0.24859194,0.26069522,0.2561528,0.23711506,0.20037885,0.1970176,0.23961692,0.27180648,0.29258698,0.3222253,0.33488357,0.31818292,0.2910169,0.26060805,0.23054317,0.22891416,0.2947827,0.39564234,0.4611735,0.51244617,0.5615424,0.5716859,0.5634497,0.5706137,0.58466053,0.60804635,0.6342552,0.63600767,0.6215531,0.63878393,0.6772549,0.6856045,0.66144556,0.6163108,0.56585836,0.5194741,0.47213513,0.4210659,0.37097105,0.3185274,0.26674688,0.22561087,0.18916567,0.16717291,0.1607465,0.15395522,0.13261284,0.10516925,0.091378994,0.08851538,0.08659454,0.08031411,0.06997638,0.062167574,0.061936993,0.06633923,0.07882641,0.08357761,0.076356746,0.09516432,0.15546334,0.22184475,0.2829358,0.34098604,0.40081304,0.4452961,0.46138033,0.45441362,0.43373525,0.41347104,0.3988051,0.3875711,0.37920532,0.3751229,0.3738208,0.37295303,0.37111574,0.3677117,0.35996175,0.34069437,0.31152123,0.2886573,0.284125,0.29185486,0.303044,0.31569853,0.32842392,0.33765996,0.34336445,0.3407237,0.3314667,0.33160377,0.34506437,0.35529727,0.35047325,0.33407134,0.31331882,0.2906514,0.27398533,0.25744268,0.2368441,0.22635756,0.24009182,0.27151412,0.30279163,0.3258359,0.33685824,0.33992502,0.33874565,0.32782343,0.3077563,0.29279765,0.27884656,0.2613071,0.24128932,0.22528948,0.21880473,0.21430601,0.21092217,0.21384884,0.21389437,0.2289043,0.23962581,0.23454323,0.22507098,0.22243755,0.22403409,0.23443738,0.23722182,0.23324645,0.2109565,0.19214042,0.16679132,0.13911477,0.10517194,0.09449705,0.13866545,0.16889744,0.1457208,0.10877525,0.08212849,0.06708458,0.0504011,0.027921438,0.03069387,0.026076319,0.025829451,0.058570877,0.09114709,0.13259391,0.15199892,0.14493574,0.12092108,0.10600474,0.111188725,0.13744386,0.18373989,0.24712436,0.27220646,0.24709858,0.22548479,0.23033476,0.240046,0.21390511,0.15916994,0.119566225,0.14070615,0.16560678,0.20399143,0.27284324,0.3111144,0.35543045,0.418212,0.49160415,0.51282704,0.40903312,0.18049248,0.110904336,0.17723528,0.1965312,0.18549834,0.16321346,0.1416513,0.13454415,0.11690726,0.05798391,0.040093057,0.10119488,0.131071,0.13161796,0.12357604,0.11066044,0.089258224,0.07451643,0.06412089,0.057759047,0.05451443,0.055669434,0.055746607,0.04577459,0.028578168,0.01229051,0.013231608,0.01882717,0.040580444,0.07091902,0.10866288,0.14586279,0.18986514,0.24439994,0.29910487,0.35561082,0.40470237,0.4373932,0.45479316,0.4413845,0.39408624,0.32025966,0.2793005,0.28642285,0.32122785,0.35212934,0.36296996,0.3540026,0.33528233,0.30982533,0.27994755,0.24617398,0.20462762,0.15711851,0.09592113,0.031654246,0.1436479,0.16324052,0.124449104,0.07265609,0.050963797,0.054606434,0.050870445,0.030325023,0.041040786,0.123119585,0.15185231,0.14682078,0.17434616,0.20486829,0.2986484,0.45769584,0.5962908,0.6678109,0.6608392,0.5889943,0.5080074,0.40445545,0.30419815,0.225248,0.25947958,,,,,,,,,,,,,,,,,,,0.06432223,0.068118155,0.0763295,0.09230979,0.0794821,0.07968136,0.09651459,0.14140056,0.20933363,0.27963343,0.29238555,0.28944808,0.30642828,0.2928799,0.24254227,0.17247371,0.051027767,0.047940448,0.04394484,0.050463133,0.021912148,0.035350263,,,,,,,,,,,,,,0.10223744,0.23020513,0.34436184,0.43351042,0.4863458,0.40322468,0.26188916,0.24404354,0.24870898,0.25317836,0.24299482,0.21484903,0.19385868,0.17880516,0.16173546,0.14854982,0.12570015,0.09745167,0.07833631,0.07289208,0.08327129,0.112066634,0.11631456,0.12335049,0.11552584,0.100478806,0.09205606,0.1076472,0.14126189,0.17317137,0.1830146,0.20137422,0.2832008,0.3309738,0.28048608,0.24679711,0.19889483,0.16060852,0.14247145,0.113562964,0.115850724,0.13013168,0.13541625,0.14147261,0.15731227,0.17169668,0.1870671,0.19652909,0.19062498,0.18831286,0.20314944,0.22326759,0.23518583,0.24246052,0.25359383,0.26569244,0.26823857,0.26354557,0.25839755,0.2505933,0.24357271,0.24350773,0.25014955,0.2611402,0.2743718,0.2894302,0.30707228,0.32622957,0.34339312,0.35008255,0.34517923,0.33738947,0.32583767,0.30283156,0.2693262,0.232631,0.19853124,0.17701404,0.1743955,0.18263382,0.19155934,0.2013486,0.21600671,0.23259884,0.24694526,0.2605619,0.2668725,0.26286855,0.25563282,0.24799903,0.25075623,0.2651144,0.2892415,0.32513726,0.35840172,0.37712103,0.38233653,0.3850945,0.39042065,0.39534414,0.39436266,0.38283113,0.36556736,0.35112387,0.33354542,0.30966958,0.29087454,0.27665347,0.25886482,0.24514335,0.23564176,0.23176605,0.2222941,0.2026742,0.18545708,0.16976959,0.14797378,0.1496103
8.833336,,,,,,,,,,,,,,,,,,,,,,,,,,,,,,,,,,0.22245875,0.23059218,0.40011626,0.5982914,0.65485466,0.61629915,0.57170254,0.5475392,0.5383371,0.55368334,0.57435006,0.58694166,0.58989537,0.57955384,0.556508,0.515516,0.469203,0.4222058,0.37268174,0.32375744,0.27993754,0.24444455,0.2146374,0.18815428,0.1614558,0.13685262,0.11769961,0.10379372,0.10686569,0.122073494,0.15401089,0.19611293,0.24329895,0.29207692,0.3401398,0.38589627,0.4278957,0.46807235,0.50270444,0.5282498,0.54579556,0.5479448,0.5319276,0.50613755,0.47252846,0.43907264,0.40085894,0.3589826,0.33079433,0.30726054,0.28252473,0.25751507,0.22805974,0.19138207,0.11805579,0.03329703,0.13179535,0.17265896,0.22558288,0.26248837,0.2741366,0.2797005,0.25410676,0.21640992,0.22706696,0.2581119,0.27536097,0.2919983,0.3051521,0.29321858,0.26812768,0.23824212,0.20267451,0.19551219,0.27833304,0.37891546,0.43348798,0.49567834,0.54627717,0.5503006,0.5423623,0.5527771,0.5690461,0.59330255,0.6263332,0.6380586,0.6278762,0.64048815,0.67638177,0.7015103,0.6926136,0.6617617,0.6232279,0.58065003,0.5303382,0.4735247,0.41679904,0.3641061,0.31770694,0.27990207,0.24675149,0.22002976,0.20576522,0.18913691,0.16098934,0.13310292,0.11602974,0.10882489,0.10063691,0.09096264,0.08370152,0.08010793,0.079716675,0.082184434,0.089518994,0.0984983,0.0926544,0.089209385,0.124772646,0.18159907,0.23353477,0.28176126,0.3339048,0.3857701,0.42236912,0.4408594,0.44352436,0.4320054,0.41799125,0.40820777,0.4019633,0.39945805,0.3975883,0.39532155,0.391666,0.3842544,0.36942354,0.34604105,0.31694773,0.2929673,0.28206328,0.2850756,0.29504883,0.30634144,0.31605712,0.325039,0.3286576,0.31782234,0.30015108,0.29320776,0.30619508,0.32464063,0.32925913,0.32057205,0.3046674,0.2875693,0.27363423,0.25526112,0.23436724,0.22826812,0.24593855,0.27449995,0.30072546,0.32047075,0.3333285,0.34176904,0.34427488,0.3333928,0.31712466,0.30380026,0.28848034,0.27364036,0.2598185,0.24567738,0.23698834,0.23144965,0.22730933,0.23197351,0.23568438,0.23533174,0.23106404,0.22536017,0.22326775,0.22290923,0.22760981,0.24331565,0.24668106,0.23835339,0.21353342,0.19276501,0.17060816,0.1493594,0.12671962,0.12602657,0.15442835,0.16077256,0.13894573,0.10229066,0.06967846,0.04466398,0.017231025,0.018077824,0.026465194,0.019898323,0.05048495,0.05562959,0.109222904,0.13859558,0.13682906,0.12303592,0.11584034,0.10756172,0.11751873,0.13345242,0.17294036,0.21837576,0.23009855,0.22505903,0.22587386,0.25316483,0.30070806,0.30605826,0.27956444,0.2611284,0.2652799,0.28744167,0.32408342,0.3690361,0.4257526,0.4810196,0.5286059,0.5200622,0.39587715,0.19552022,0.09831468,0.17034832,0.19200471,0.18435824,0.16334055,0.1330851,0.10444188,0.08811604,0.055349857,0.033601146,0.1060791,0.14205165,0.13666578,0.11603769,0.09581266,0.07457477,0.05511955,0.041795112,0.031564377,0.028668508,0.030841984,0.032305818,0.044827856,0.05217215,0.045976162,0.03543756,0.025592888,0.010564157,0.016897224,0.03822917,0.057588145,0.0798621,0.11477112,0.16537872,0.22454107,0.2912219,0.35829967,0.41938317,0.4753108,0.52034456,0.5453058,0.52303,0.4567276,0.38307098,0.35210773,0.35771933,0.3753614,0.3868639,0.3789702,0.35642576,0.32994574,0.2974333,0.25814304,0.21146354,0.16917692,0.110750094,0.04194562,0.15730448,0.19779065,0.15040317,0.08781658,0.05628559,0.046082955,0.03074504,0.023554213,0.07725998,0.12540594,0.119038865,0.12267823,0.14312208,0.22171056,0.39150476,0.55919653,0.64208114,0.6796405,0.68852067,0.6596425,0.5862805,0.46738988,0.3320303,0.30073124,0.30695754,,,,,,,,,,,,,,,,,,0.05687781,0.07009191,0.08375366,0.06244757,0.058210913,0.14254989,0.21395671,0.30322447,0.38330805,0.39571506,0.36385265,0.31375676,0.2804286,0.23517287,0.18231037,0.12357383,0.048794467,0.067888916,0.055011082,0.06145234,0.03591691,0.02760013,,,,,,,,,,,,,,0.06467968,0.14385907,0.36520952,0.47635773,0.51958984,0.4526294,0.30941728,0.27272078,0.26052117,0.26352417,0.25263315,0.22508161,0.20169626,0.18000677,0.16299975,0.15144682,0.13002336,0.10045136,0.070788816,0.05572043,0.0794049,0.10553209,0.12135994,0.13092136,0.1271632,0.12412973,0.1353428,0.15823363,0.17962518,0.19384786,0.19295648,0.20934254,0.268445,0.31933776,0.2727489,0.24003398,0.20082094,0.16522321,0.14241865,0.11787124,0.11845352,0.13026547,0.13687389,0.14385295,0.1595791,0.17148745,0.18584777,0.19440426,0.18846346,0.19413532,0.21663254,0.24026923,0.2530611,0.2601166,0.2728336,0.2874353,0.2880219,0.277879,0.26590267,0.2504944,0.23620604,0.23032689,0.23120555,0.23698063,0.24725801,0.25898212,0.2711763,0.28385964,0.2961328,0.30411547,0.30569276,0.30004394,0.28531846,0.25993654,0.22917634,0.20348708,0.18975607,0.18758444,0.1906806,0.19428387,0.20014372,0.2098,0.22106715,0.23148617,0.23971634,0.2481767,0.25016418,0.24460928,0.23872924,0.2371619,0.24627097,0.265494,0.2928445,0.3342386,0.37768456,0.40931538,0.42284098,0.41766486,0.40145528,0.38915628,0.38891572,0.38836113,0.37881482,0.3668736,0.3534197,0.32898936,0.30259088,0.2838068,0.26726508,0.2521471,0.2444293,0.24139358,0.23420244,0.21162343,0.17784445,0.14690658,0.10633162,0.07890028
8.75,,,,,,,,,,,,,,,,,,,,,,,,,,,,,,,,,0.21636203,0.19809,0.3242786,0.502803,0.6228948,0.63215834,0.59109277,0.5626438,0.54868114,0.54892206,0.56404614,0.57737315,0.5733583,0.5622804,0.5434435,0.50689965,0.45449153,0.4034957,0.35096273,0.2973839,0.24492194,0.19743268,0.16096178,0.13618147,0.12010256,0.122304946,0.14337346,0.17684467,0.21802443,0.26281643,0.31023356,0.36146894,0.4141205,0.46502203,0.5120822,0.5557714,0.59702516,0.63381124,0.6635439,0.6854782,0.6989145,0.70139754,0.6883245,0.661101,0.624667,0.5825617,0.5357166,0.48705643,0.43532088,0.39759007,0.37544912,0.3520089,0.3247247,0.29156455,0.25387982,0.20002468,0.07352557,0.07884658,0.14118686,0.19815247,0.25385424,0.28599572,0.30552876,0.30075067,0.2610419,0.23171452,0.24380167,0.25988197,0.26870465,0.2796543,0.27597126,0.25607872,0.22610249,0.1871108,0.17754559,0.27295908,0.35497376,0.40101197,0.47562954,0.5274473,0.52516043,0.5204951,0.5308488,0.54779327,0.56885844,0.6038363,0.627492,0.6283748,0.63160574,0.6507454,0.6789159,0.6901017,0.674155,0.64964855,0.61690146,0.5731814,0.5204759,0.4634741,0.4121896,0.3725398,0.33928892,0.30262125,0.2693959,0.24637188,0.21873863,0.18567312,0.15993747,0.14358409,0.13152362,0.119337134,0.106693536,0.10132091,0.101995245,0.104024604,0.10621968,0.110168256,0.1166812,0.11282486,0.10249939,0.111272775,0.15045612,0.19288872,0.23738468,0.28422534,0.3320531,0.37596413,0.40989846,0.42917055,0.43446735,0.43202904,0.42696884,0.42391765,0.42178902,0.4180399,0.4144127,0.41030085,0.3989832,0.37725228,0.34998557,0.32019237,0.29386732,0.27950275,0.28092635,0.28856757,0.2938097,0.29925314,0.30737147,0.3057344,0.28958118,0.27048588,0.2633128,0.2704639,0.28338003,0.29370582,0.29708695,0.290438,0.27974153,0.2694116,0.25343585,0.23450689,0.22910668,0.24238472,0.2653334,0.28777155,0.30817196,0.32699177,0.3433911,0.3505137,0.34355175,0.32916483,0.31314877,0.2996299,0.29189444,0.28600293,0.2780909,0.26645866,0.25888014,0.2505584,0.24951316,0.24697775,0.24339531,0.23628399,0.23394932,0.23236123,0.22969657,0.23393027,0.24291919,0.24677916,0.24052793,0.21136338,0.18155162,0.1579873,0.13757496,0.1261699,0.14135239,0.16052146,0.14653268,0.118938506,0.08567099,0.04965022,0.012323881,0.025040003,0.035211977,0.028431218,0.050015584,0.034123484,0.09593052,0.12575501,0.1331215,0.12526257,0.12112761,0.11925039,0.120315954,0.12202303,0.13081573,0.14333504,0.1746496,0.20385732,0.20992965,0.2188129,0.26422444,0.34942758,0.41063696,0.42222777,0.41881585,0.42136365,0.43465352,0.46176136,0.49502158,0.53255147,0.5391564,0.4973373,0.3661391,0.1728502,0.0647245,0.13298057,0.15260908,0.14732285,0.13574958,0.11769205,0.09434026,0.066612184,0.04185912,0.041204773,0.09828829,0.14816557,0.14881608,0.118142106,0.086363465,0.06278132,0.045457006,0.03251873,0.027228434,0.029222637,0.03658619,0.044527125,0.038191035,0.029959485,0.05289407,0.058056552,0.055114064,0.04368194,0.03204657,0.039439842,0.04568482,0.05282389,0.058105186,0.072130986,0.108017534,0.15506354,0.2154205,0.2787901,0.33912382,0.40131724,0.4698239,0.5360129,0.5865394,0.6019543,0.5727841,0.5215262,0.4794663,0.46563017,0.47042096,0.48083216,0.4810995,0.46601227,0.43626383,0.389605,0.32409483,0.26495117,0.2139597,0.13851872,0.04874965,0.17340106,0.2181931,0.17411053,0.107705705,0.05767283,0.027600188,0.010148803,0.030277617,0.08094253,0.09015154,0.07690492,0.08826048,0.16168877,0.3412077,0.542492,0.62956285,0.64340234,0.65404755,0.6469575,0.6125975,0.5501636,0.4361895,0.33911902,0.34348935,,,,,,,,,,,,,,,,,,0.0412479,0.07209578,0.07405314,0.030755423,0.11645442,0.32699883,0.43272263,0.41563532,0.3268431,0.29100236,0.2653151,0.23337038,0.19533683,0.17377228,0.17287306,0.16688378,0.12847218,0.025399592,0.0647119,0.06640871,0.051819634,0.016244711,,,,,,,,,,,,,,,0.077912085,0.30169007,0.4894839,0.556095,0.48699272,0.35200557,0.30537343,0.28083935,0.27289093,0.2564399,0.23199315,0.2161423,0.19731788,0.18039854,0.165816,0.14418902,0.12183439,0.101267524,0.09325817,0.12602347,0.14376992,0.16715358,0.17982662,0.18002035,0.1847602,0.20099619,0.21014565,0.20977849,0.2064481,0.20149523,0.21557765,0.26875106,0.29964113,0.2603173,0.23145996,0.19969766,0.16913167,0.1464143,0.12793228,0.12618615,0.1326644,0.14174595,0.15148112,0.16714264,0.1823313,0.19934304,0.20678495,0.20080926,0.2135486,0.2417261,0.26466072,0.27237552,0.2783604,0.29080755,0.3004838,0.29712838,0.2894219,0.28202584,0.2725467,0.25914773,0.24714305,0.24027394,0.23831256,0.24135754,0.246718,0.25266415,0.25917456,0.26548028,0.26908994,0.26778197,0.2605029,0.24690948,0.2302135,0.2162241,0.21007146,0.21056156,0.21143326,0.20955537,0.2097494,0.2126363,0.21457891,0.21510665,0.21640043,0.21959858,0.22449222,0.22513166,0.22072123,0.21703136,0.21923554,0.22994618,0.24981356,0.2773637,0.3170839,0.36640522,0.4119789,0.43849644,0.44223002,0.43082327,0.41636342,0.40566206,0.395826,0.38328472,0.37208992,0.36333948,0.34665182,0.3186101,0.29320124,0.2749298,0.25966614,0.2503017,0.25014058,0.24709462,0.22581637,0.18888842,0.15332313,0.11163933,0.07705439
8.666672,,,,,,,,,,,,,,,,,,,,,,,,,,,,,,,,,0.23835,0.2630348,0.39548185,0.56238747,0.6228213,0.61282355,0.5861495,0.5696212,0.56013346,0.5649364,0.57362133,0.5721842,0.5563419,0.5315542,0.4982806,0.4477229,0.39182228,0.33717003,0.2819408,0.22749172,0.18297021,0.15992863,0.16329873,0.19015706,0.23162144,0.28379908,0.34124264,0.3980762,0.45105296,0.5000064,0.5463073,0.5912412,0.6342514,0.67350996,0.70663786,0.73547155,0.7627851,0.78764534,0.8057873,0.81531036,0.8174611,0.80752903,0.78270197,0.748099,0.7070582,0.66189694,0.61343896,0.56128275,0.50784934,0.46306357,0.43425107,0.41180718,0.38521752,0.34815952,0.30367777,0.2584869,0.18236938,0.040158596,0.10242705,0.17657645,0.2382575,0.28625965,0.31645733,0.3353621,0.3113988,0.25790638,0.23978795,0.24910316,0.2544983,0.26044902,0.2612387,0.24666439,0.21806766,0.17934026,0.18021563,0.2740032,0.32203695,0.3665824,0.4528182,0.50440377,0.4958674,0.4926427,0.5032099,0.5197937,0.53880036,0.5747264,0.6075697,0.6183677,0.61748075,0.61918837,0.6307435,0.6479286,0.653187,0.6451767,0.6246058,0.59116787,0.54650575,0.49646175,0.45019436,0.41247553,0.37971666,0.34388146,0.30711055,0.27406415,0.240407,0.20893514,0.18558192,0.1705442,0.15981655,0.14943227,0.13631153,0.12805669,0.12741935,0.12890506,0.13137968,0.13333014,0.13762231,0.13385938,0.122925,0.1198557,0.13817802,0.1647736,0.19582263,0.24175704,0.28773096,0.32667238,0.35939515,0.3834934,0.3977418,0.4075971,0.41530627,0.4212291,0.42408037,0.42415196,0.42482445,0.4226594,0.40820473,0.38241255,0.35378456,0.32243857,0.29406077,0.28312886,0.286824,0.2914391,0.29461586,0.29957926,0.30098832,0.28864998,0.26771122,0.25240952,0.25060523,0.25206792,0.25000644,0.25328803,0.2623176,0.2695717,0.2676616,0.25934267,0.24697958,0.2324812,0.226371,0.23256439,0.25115824,0.27479514,0.29617885,0.3174917,0.34056985,0.35797867,0.35852572,0.34748402,0.3326727,0.322599,0.3188616,0.31742033,0.31476182,0.30989656,0.29518092,0.27207646,0.2669178,0.268389,0.2648486,0.25595275,0.25019997,0.2478121,0.24451475,0.24030985,0.23554379,0.23375975,0.22938499,0.20516579,0.17035761,0.14137034,0.124008186,0.11625027,0.13850372,0.13963488,0.10939844,0.09121397,0.05997186,0.034193974,0.04988705,0.06280589,0.04378067,0.032130547,0.013683315,0.07414999,0.115335934,0.12725925,0.124327004,0.12884387,0.13710938,0.14208792,0.13448521,0.12902527,0.124850325,0.13735451,0.1498409,0.1557879,0.17566188,0.1914501,0.23904157,0.33274657,0.4369028,0.4970318,0.51368666,0.5152153,0.5167282,0.5206904,0.51631916,0.49321404,0.42510903,0.30914372,0.16031195,0.045981087,0.09130184,0.11373589,0.09603755,0.08406309,0.073461175,0.07189858,0.06266342,0.056441713,0.056546688,0.091858126,0.14393306,0.15545793,0.12637487,0.08567879,0.06247697,0.049636904,0.03867,0.03234083,0.03670032,0.04695057,0.0584625,0.06962447,0.07070985,0.04384196,0.032461457,0.05092961,0.055805143,0.047641452,0.041812792,0.046165615,0.053956177,0.05622568,0.053749327,0.06332155,0.08900265,0.13050564,0.17720748,0.22233531,0.27079874,0.32060647,0.3750066,0.4391757,0.5084184,0.56920224,0.60528594,0.6107011,0.5980718,0.58819014,0.59510547,0.62017214,0.65434283,0.6834424,0.69511616,0.68269956,0.63316095,0.5539432,0.43144217,0.3037987,0.19686931,0.0526713,0.14873448,0.2041317,0.17277336,0.102755584,0.045427784,0.008357019,0.0163319,0.030655574,0.06330609,0.05364622,0.046426825,0.09874639,0.25180185,0.44437504,0.56332576,0.60671145,0.61686254,0.6004823,0.57324064,0.5380942,0.47835055,0.40031645,0.3261172,0.29694226,,,,,,,,,,,,,,,,,0.052466165,0.07552223,0.06883156,0.035374112,0.1626918,0.34960452,0.36070058,0.26916608,0.19523619,0.16689298,0.15237811,0.14004605,0.124013685,0.11735514,0.12612824,0.13535067,0.12531602,0.043236773,0.097867325,0.10155383,0.06751527,0.0117188115,,,,,,,,,,,,,,,,0.20165767,0.40250468,0.5536328,0.5550915,0.46468902,0.3929709,0.33010623,0.2846842,0.25313833,0.23814104,0.23616807,0.22977474,0.21754049,0.19781874,0.17029345,0.1521665,0.14723264,0.15232126,0.18461668,0.20185947,0.22624366,0.23918498,0.23792575,0.24113499,0.24673298,0.23687437,0.22313763,0.21317558,0.20890541,0.22064434,0.26479697,0.28021333,0.2491575,0.22791474,0.20380978,0.17662023,0.15566947,0.14346203,0.14111073,0.14121741,0.14794528,0.1603206,0.18016887,0.20268501,0.22254713,0.22970638,0.22719882,0.23919854,0.2618724,0.2776944,0.2780126,0.28345567,0.29815665,0.30691603,0.30922848,0.3129748,0.31739146,0.31695622,0.3020834,0.28473467,0.27272776,0.26544446,0.26158586,0.26012647,0.26064035,0.2605994,0.25912726,0.2583907,0.25887102,0.2570153,0.24945462,0.2409517,0.23706733,0.23742326,0.23747191,0.23197769,0.22459759,0.21962474,0.2155377,0.20967828,0.2026741,0.1974158,0.19728892,0.19984487,0.19904011,0.20261195,0.20246519,0.20349132,0.21046846,0.22724588,0.25052884,0.28408584,0.33145165,0.38217923,0.42124945,0.44449025,0.45395616,0.45257363,0.4416597,0.42120034,0.39678437,0.37580374,0.36250025,0.3506399,0.33085114,0.3038663,0.28063297,0.2642019,0.25253165,0.24943712,0.2497997,0.23948325,0.21133971,0.17590259,0.13536668,0.09768217
8.583336,,,,,,,,,,,,,,,,,,,,,,,,,,,,,,,,,0.20801246,0.35288325,0.49348596,0.59579885,0.619616,0.6088132,0.595442,0.58501595,0.58031356,0.58296967,0.5792779,0.5645139,0.53518206,0.49759912,0.44965968,0.3883618,0.32422942,0.26811624,0.21472667,0.18184529,0.18753201,0.23053817,0.29142287,0.35952228,0.4276424,0.49248284,0.5523383,0.6048651,0.64971066,0.68759817,0.72089726,0.75200415,0.7811884,0.807484,0.8288143,0.844923,0.8579866,0.8701264,0.88027376,0.884721,0.87996805,0.8632922,0.83203137,0.79125226,0.7471327,0.7012671,0.6515538,0.5995924,0.5506105,0.5089291,0.47644112,0.45122144,0.42652547,0.38993067,0.34055743,0.29829612,0.25303808,0.14896303,0.07664766,0.15817922,0.22463907,0.27785334,0.31919456,0.35974994,0.35539192,0.29810524,0.25014108,0.24339378,0.24408066,0.24358355,0.24232365,0.2339233,0.21154572,0.17552836,0.20116521,0.26535493,0.28541732,0.33740443,0.4305753,0.48110667,0.46761364,0.46093094,0.47202787,0.48760653,0.5048531,0.5396109,0.5789758,0.6053363,0.6063257,0.59442484,0.58535904,0.58825034,0.6031654,0.6151751,0.6128553,0.5929862,0.5563831,0.5103568,0.46577397,0.42919937,0.39940143,0.36766678,0.3312847,0.29583746,0.26357484,0.23724473,0.21642403,0.19983426,0.1889332,0.1819798,0.17114522,0.15872039,0.15485297,0.15548347,0.15731063,0.15903454,0.15996303,0.15879005,0.15103205,0.14660998,0.15107672,0.15758221,0.16868234,0.20190774,0.24702697,0.28246164,0.30919084,0.32746318,0.34201887,0.35696352,0.3713116,0.38652498,0.4030191,0.41564238,0.42040387,0.41559064,0.39848,0.37162367,0.34342006,0.31408274,0.291899,0.28708008,0.2904183,0.29613653,0.30469334,0.31107327,0.3054188,0.28817883,0.26852956,0.2562983,0.250566,0.23927002,0.22387606,0.21651532,0.21948451,0.23018716,0.2396409,0.23752125,0.22645442,0.2178204,0.21611476,0.22071579,0.23671596,0.2603679,0.2830168,0.3067276,0.33237484,0.3543055,0.36474133,0.36368698,0.35422003,0.34189105,0.33435005,0.33679864,0.34864366,0.34878987,0.32725617,0.29170462,0.2839374,0.29018897,0.2881573,0.28098023,0.2764853,0.276054,0.27075672,0.26309484,0.24832764,0.23019342,0.211699,0.18591554,0.15522608,0.12902127,0.1168125,0.11414744,0.12843025,0.10970133,0.08567638,0.06770898,0.047473077,0.05958011,0.084882066,0.07726937,0.044511963,0.01693591,0.05093353,0.10532363,0.13238297,0.13542482,0.13877593,0.1437628,0.15600367,0.16606444,0.15659116,0.14319038,0.13465574,0.13211893,0.12526639,0.109654024,0.12129877,0.14641269,0.1769531,0.22794184,0.30159488,0.36868006,0.4057214,0.4214646,0.42275932,0.40938258,0.38509226,0.33477196,0.25175968,0.1582314,0.06807383,0.036260616,0.09855892,0.088961236,0.058774587,0.040258892,0.038342934,0.0613923,0.05560185,0.067490466,0.08250413,0.12417194,0.15533482,0.13010256,0.09217907,0.07109647,0.06151786,0.049694907,0.035478447,0.02936594,0.03953298,0.053018145,0.066049986,0.08377446,0.1020962,0.096935175,0.061253462,0.034570206,0.03419287,0.039244115,0.03606724,0.03423649,0.04324425,0.039030645,0.037515905,0.060727544,0.09542408,0.13250098,0.1632184,0.19413698,0.22847094,0.26552907,0.29975164,0.344884,0.40164727,0.4635,0.5166616,0.55766577,0.58814913,0.61521524,0.6468408,0.69246954,0.7499943,0.8093416,0.8612712,0.8980045,0.9154187,0.90116125,0.8278512,0.6865744,0.550616,0.36835945,0.18026054,0.077725336,0.11589211,0.13296594,0.08755792,0.021952337,0.03175368,0.033892043,0.017829008,0.031331472,0.01969942,0.036985014,0.11558099,0.27541816,0.43664286,0.52768224,0.56583947,0.5668563,0.54561,0.5084084,0.45624343,0.38205093,0.30180085,0.25487244,0.19619113,,,,,,,,,,,,,,,,0.06153677,0.08601892,0.06802562,0.105817065,0.20362778,0.23793182,0.17058004,0.09953783,0.07402607,0.078657225,0.09322116,0.09597285,0.084215485,0.081461266,0.08604336,0.12427614,0.11051123,0.08049426,0.13512272,0.09917943,0.06155002,0.022302382,,,,,,,,,,,,,,,,0.12360967,0.2607142,0.5080811,0.605347,0.55945516,0.47304213,0.3907483,0.3168518,0.25468805,0.23742664,0.24783014,0.25583002,0.25506,0.23513678,0.21307117,0.1949746,0.19678904,0.2054631,0.24394171,0.26863092,0.28590065,0.29057968,0.281989,0.2729954,0.25996932,0.23664407,0.22202347,0.2132895,0.21168764,0.22485784,0.2541413,0.2598644,0.2386008,0.22963129,0.21635786,0.19080772,0.16658197,0.15721245,0.1554897,0.15341601,0.15525596,0.16661519,0.18999647,0.21994829,0.24141228,0.24906191,0.24892786,0.25762725,0.27326858,0.27829355,0.27906626,0.28746247,0.3027787,0.32055357,0.33181208,0.3400212,0.3519134,0.35411328,0.3345253,0.31330988,0.29942277,0.2876691,0.27821538,0.27354765,0.2734467,0.27068964,0.26264617,0.25695974,0.25855845,0.26302248,0.2618724,0.25652513,0.2522087,0.25362924,0.25276265,0.24053138,0.22306652,0.212928,0.21073687,0.20834512,0.20064212,0.19057354,0.1821973,0.17647469,0.17942877,0.19346789,0.19572227,0.19401103,0.1956417,0.20652136,0.22596888,0.25352824,0.28999367,0.33405873,0.3771894,0.41750646,0.44538197,0.45841983,0.4579638,0.4433702,0.4193167,0.39198625,0.366551,0.34687784,0.33214405,0.31136242,0.2861347,0.2663909,0.25208557,0.24471034,0.24374951,0.2416368,0.22670506,0.19571185,0.15947393,0.12341658
8.5,,,,,,,,,,,,,,,,,,,,,,,,,,,,,,,,0.23184411,0.23908615,0.40116194,0.5551862,0.61457556,0.62327737,0.6195949,0.6178932,0.61458707,0.6112552,0.5996887,0.5799789,0.55258846,0.51115406,0.45682615,0.39387435,0.31973255,0.24533303,0.19959728,0.19650637,0.2461113,0.3184283,0.395041,0.47029272,0.5399698,0.6017513,0.65543944,0.7013043,0.7399582,0.77330923,0.8001764,0.8212732,0.83996165,0.8570305,0.8721655,0.88397706,0.8914223,0.8944458,0.89489406,0.8941645,0.890994,0.8809313,0.8605498,0.8274607,0.7856259,0.7427008,0.6984702,0.652346,0.60342103,0.5564703,0.5171548,0.4857959,0.4603004,0.43608093,0.40324676,0.3585502,0.3194058,0.28244948,0.21714437,0.11402419,0.15077361,0.22313088,0.2745303,0.32335895,0.37900943,0.39117524,0.33647048,0.27054703,0.24452975,0.2371758,0.22823761,0.22267042,0.22039242,0.20266189,0.17489092,0.21450152,0.24197064,0.24972956,0.31410939,0.4072626,0.45360762,0.4389228,0.4251795,0.4343514,0.45123696,0.46537513,0.495871,0.53761005,0.57946026,0.5964315,0.58554924,0.56177485,0.5456461,0.54685146,0.56448936,0.57778555,0.5702558,0.5434615,0.50541204,0.46490473,0.42742434,0.3970305,0.36904857,0.3409984,0.31373104,0.28874123,0.26772058,0.25015256,0.23279566,0.21761681,0.2102207,0.20328775,0.19064854,0.18306339,0.18252231,0.1815744,0.18141836,0.1834004,0.18618362,0.18360111,0.17962211,0.17534693,0.16595964,0.15957019,0.1730032,0.20550187,0.24369751,0.27014792,0.2846659,0.29911986,0.31615385,0.33635306,0.3549605,0.3729049,0.38852915,0.3938767,0.38850316,0.37352094,0.35080484,0.32658538,0.30451024,0.29147848,0.28902575,0.29225993,0.29943126,0.30775425,0.31310827,0.31112605,0.2995458,0.28561783,0.27412105,0.25600353,0.22593202,0.19755532,0.18179938,0.17668083,0.17854849,0.1868667,0.19452937,0.19428596,0.19338916,0.19713184,0.20270085,0.22063224,0.24501243,0.26704526,0.29268283,0.3198328,0.34236798,0.35879707,0.3649237,0.3585789,0.34495914,0.33051458,0.33281824,0.3564763,0.3652658,0.34475437,0.30948293,0.30110204,0.30846205,0.30669054,0.3092675,0.3157904,0.3187728,0.30683252,0.29154906,0.26657844,0.23609154,0.20985624,0.17690732,0.14479648,0.123273455,0.11933379,0.11518101,0.11295154,0.09586469,0.076477766,0.069436625,0.06591617,0.078225516,0.091875575,0.07011687,0.03398029,0.031484973,0.08258638,0.11857513,0.1351971,0.14162247,0.14555345,0.15503533,0.16871984,0.16913627,0.16161424,0.14757961,0.13240169,0.12309072,0.11354418,0.09829637,0.0832042,0.07288229,0.072660476,0.09592302,0.13011858,0.16894893,0.21941486,0.2553193,0.26657414,0.26364177,0.2548087,0.2266165,0.17459372,0.108852156,0.061482154,0.06171375,0.11093873,0.08667182,0.044976257,0.014302871,0.027945137,0.05521476,0.059691753,0.08406571,0.11416847,0.15147935,0.1313006,0.10270373,0.08976123,0.079164,0.06552056,0.046677634,0.023647556,0.0018757482,0.027762204,0.045446616,0.05873118,0.08565036,0.11693796,0.12759076,0.108987324,0.070698515,0.025038637,0.0019455113,0.011582987,0.038431693,0.052110307,0.042354565,0.060462337,0.09702331,0.11970778,0.13540095,0.15141249,0.18924583,0.22467487,0.26353264,0.29120973,0.3094619,0.33900174,0.3835918,0.4430719,0.5194342,0.60545474,0.69102466,0.76988715,0.8417507,0.9061471,0.9629129,1.0099794,1.045026,1.0720937,1.0884033,1.0871148,1.0417877,0.9516894,0.80720025,0.6113707,0.3963708,0.20428942,0.053155687,0.10306399,0.061857574,0.01879684,0.057853192,0.05134528,0.022883367,0.022088155,0.031461805,0.017344203,0.14780027,0.31051832,0.42280445,0.48829985,0.50429374,0.49787652,0.46448478,0.41762692,0.35677773,0.286333,0.19495714,0.16724208,0.1047359,,,,,,,,,,,,,,,0.08383893,0.09132941,0.06580604,0.115530655,0.22144052,0.20521061,0.12215086,0.09432594,0.09477691,0.08895463,0.08830044,0.06606943,0.047139853,0.06397633,0.1236932,0.14118804,0.112737864,0.11301613,0.14327653,0.08789152,0.034058616,,,,,,,,,,,,,,,,,,0.21412659,0.4797015,0.67136306,0.70245767,0.6221684,0.5150114,0.39402178,0.28078696,0.22013684,0.22197811,0.2506286,0.27484643,0.27501324,0.2635698,0.24718487,0.24273343,0.2545194,0.2977443,0.3331274,0.34794033,0.34302175,0.30803928,0.2826218,0.25282252,0.22546005,0.2149441,0.2109897,0.20925471,0.23225714,0.25357842,0.24186175,0.23451528,0.23560794,0.22891895,0.20504475,0.17920841,0.1668445,0.16187683,0.16099265,0.15931004,0.16476366,0.18736733,0.22222187,0.24842045,0.25954783,0.26593092,0.28149098,0.29073,0.29175422,0.29272443,0.29158378,0.30128253,0.32064277,0.32683906,0.3260795,0.33088103,0.33353245,0.3255533,0.30799598,0.28973716,0.26967925,0.25465485,0.25248972,0.2588839,0.26389468,0.26187405,0.25492963,0.2494569,0.24999604,0.25385854,0.2563113,0.25891036,0.2634283,0.25443172,0.22646931,0.20541844,0.20276758,0.20768297,0.2101521,0.20641182,0.19340059,0.17196445,0.16655795,0.18237802,0.19193503,0.19118248,0.18719631,0.1869781,0.19618787,0.21520564,0.23879158,0.2657862,0.29484916,0.33011073,0.36680934,0.39665514,0.41644764,0.4282667,0.43440717,0.4319163,0.41349435,0.38212037,0.3500918,0.32786947,0.31223452,0.292338,0.26804358,0.24690114,0.23557554,0.23400743,0.2360861,0.23057602,0.20666884,0.17375037,0.13992648
8.416672,,,,,,,,,,,,,,,,,,,,,,,,,,,,,,,0.22576693,0.2648677,0.3045426,0.48693946,0.6019973,0.6377306,0.6484139,0.6520517,0.6536425,0.6513793,0.64161706,0.61622185,0.5811602,0.5348353,0.46643668,0.38338643,0.28829187,0.20161285,0.17502247,0.23000968,0.3189767,0.40822318,0.4859789,0.55315995,0.6138175,0.6673187,0.71286076,0.7520961,0.7842288,0.81002516,0.8309172,0.8456527,0.8538318,0.8587964,0.86175895,0.86238533,0.86165017,0.85939157,0.85683733,0.8535281,0.84706295,0.8370428,0.821235,0.7977796,0.76655275,0.7311042,0.6959941,0.65753114,0.61612815,0.5727904,0.5319334,0.49938908,0.47346732,0.4498589,0.42537794,0.39359295,0.35514447,0.32401463,0.29787633,0.2536456,0.16682157,0.16232319,0.23103593,0.2793246,0.33037138,0.39523587,0.41730705,0.3690134,0.29702276,0.25477555,0.23510823,0.21751066,0.20606127,0.198487,0.17453715,0.16987419,0.20469446,0.20980017,0.22081703,0.29285184,0.39136675,0.42687598,0.41475436,0.39430887,0.39583567,0.41228947,0.42529404,0.45039696,0.4871297,0.5375909,0.5759945,0.58126026,0.55738133,0.5284018,0.5103876,0.5116791,0.52361804,0.5232134,0.503769,0.4730107,0.43896368,0.4056698,0.38007838,0.35993388,0.34252566,0.3256715,0.3099096,0.29461774,0.2808074,0.2665641,0.2520186,0.24346897,0.23638451,0.2232357,0.21079859,0.20548676,0.20216481,0.2003073,0.20308582,0.2058066,0.20296536,0.19791593,0.19256866,0.181288,0.16754721,0.16437763,0.17787042,0.20662215,0.23692866,0.25774857,0.2725047,0.28778273,0.3091536,0.32723504,0.33973342,0.3502514,0.3552533,0.35486388,0.3467311,0.333627,0.31897557,0.30405542,0.29348966,0.29048017,0.2926489,0.295621,0.29631206,0.30035168,0.30598095,0.30631202,0.30159333,0.29213718,0.2688562,0.23237997,0.19140029,0.16040769,0.14441413,0.13802436,0.1385268,0.14550954,0.15425768,0.16320416,0.17107962,0.18121737,0.20438862,0.22999084,0.24944468,0.27412787,0.30362284,0.3277865,0.34560084,0.3513986,0.34867483,0.33515757,0.31516367,0.31748196,0.3509636,0.37826574,0.35873878,0.32903358,0.32010415,0.32537645,0.3248568,0.33414912,0.34880674,0.35623664,0.33930925,0.30823457,0.2720518,0.23815322,0.21082121,0.18290672,0.158653,0.15199347,0.15514159,0.13864926,0.11493404,0.10077395,0.09628196,0.09440856,0.09232625,0.094551586,0.09099962,0.06125685,0.03782785,0.05697056,0.093135096,0.123236515,0.14291406,0.14971139,0.15861908,0.16547285,0.1670196,0.15893726,0.1476551,0.13728064,0.12923254,0.12348995,0.124839135,0.11185165,0.08962635,0.05869832,0.02818029,0.029508,0.06763345,0.099536784,0.13330336,0.16623122,0.19349319,0.21359819,0.21999776,0.19943987,0.16298266,0.12531342,0.104271516,0.10870537,0.12698406,0.09599135,0.04436503,0.008399875,0.027328791,0.053915195,0.07072341,0.11440349,0.15297253,0.15270056,0.11387636,0.105970666,0.10650304,0.09671408,0.08284755,0.059057385,0.03166817,0.039802738,0.07324301,0.075608835,0.071178086,0.07804007,0.10386404,0.13222791,0.13608478,0.1107475,0.060729228,0.03231685,0.024629582,0.04999463,0.058013286,0.054595802,0.086905494,0.116146825,0.11963998,0.10373123,0.11797105,0.12433014,0.20013848,0.2762793,0.2981197,0.30082408,0.33018088,0.40073922,0.5155089,0.6437608,0.7599923,0.8561579,0.9308435,0.9883311,1.0341911,1.0740218,1.109403,1.1406119,1.1652299,1.1845855,1.1987911,1.2022583,1.1838535,1.1266179,1.0000454,0.79424757,0.57946897,0.35510972,0.14100206,0.05174764,0.04186088,0.035951674,0.07144873,0.07949876,0.07851721,0.07292552,0.04970413,0.064239375,0.18691827,0.32145566,0.41178635,0.44569725,0.44649002,0.4308781,0.3923237,0.3463556,0.29201773,0.21128175,0.10705358,0.053344827,0.044946194,,,,,,,,,,,,,0.10935041,0.10238967,0.10394392,0.076443665,0.10761429,0.19777794,0.19428712,0.15909034,0.15001637,0.14406301,0.13808705,0.12341334,0.06136128,0.0554124,0.10629481,0.16868389,0.1479562,0.13732125,0.15343986,0.1718555,0.07664011,0.034042753,,,,,,,,,,,,,,,,,,,0.33076394,0.6272946,0.7840927,0.75911856,0.64177984,0.49408326,0.3454097,0.23126587,0.18032439,0.19031367,0.24633984,0.28568324,0.3053051,0.28937197,0.28308365,0.29651552,0.35904223,0.39084715,0.38145104,0.36239737,0.31458357,0.2674536,0.232301,0.21603674,0.21362078,0.21311747,0.22000036,0.24234395,0.23721644,0.22869852,0.23822185,0.23849784,0.2276603,0.20821528,0.19027518,0.17603956,0.16923626,0.16639793,0.15937862,0.15730506,0.17491737,0.21010545,0.24342608,0.26232612,0.2775265,0.29947007,0.30754998,0.29806784,0.294707,0.28676257,0.28909785,0.29326433,0.29035553,0.29132435,0.2877231,0.27711895,0.25942433,0.2377424,0.21571946,0.19419889,0.17845295,0.17369078,0.17894565,0.19399504,0.213153,0.23267862,0.2506842,0.25323194,0.25132632,0.24795987,0.24160756,0.23535594,0.22049949,0.20223981,0.19169736,0.19648962,0.20770407,0.21738629,0.21488926,0.19237201,0.17026971,0.18068393,0.19233865,0.19099973,0.18795033,0.18681379,0.18888599,0.19795801,0.21381794,0.23477086,0.25557202,0.27655402,0.30068228,0.32410437,0.34326676,0.3560537,0.3685716,0.386733,0.4053097,0.4128445,0.3972659,0.36317876,0.32892495,0.3058714,0.28872618,0.26829857,0.24496092,0.22837025,0.2226892,0.22417872,0.22283518,0.20456423,0.1717564,0.13183267
8.333336,,,,,,,,,,,,,,,,,,,,,,,,,,,,,,,0.2474148,0.24996777,0.419386,0.5895224,0.64550745,0.6746171,0.69128585,0.6956021,0.6977562,0.69291115,0.6637985,0.6153149,0.54781,0.45905986,0.34756774,0.23228973,0.15613042,0.19407447,0.2893308,0.3864867,0.47283864,0.54542065,0.6049365,0.65485513,0.69869614,0.7356132,0.7656977,0.7914938,0.8130384,0.8274103,0.83293307,0.8326545,0.82766306,0.81866753,0.8077008,0.7958041,0.78390837,0.77412486,0.76642776,0.75987613,0.75148433,0.74006146,0.7230887,0.6987256,0.6704145,0.6421469,0.6127653,0.5799756,0.5446225,0.5093211,0.47854295,0.45484787,0.4330569,0.4091574,0.383999,0.35602555,0.33203682,0.31986162,0.3083736,0.27779827,0.21045892,0.1858434,0.24352907,0.28859743,0.33863285,0.40304473,0.43276548,0.39872947,0.32616365,0.2727571,0.23862001,0.21225269,0.19290872,0.1705908,0.14173383,0.15947628,0.18152453,0.17368084,0.18711683,0.2719733,0.3868429,0.4098034,0.3994752,0.37300843,0.36313933,0.37439957,0.3868504,0.4064975,0.43317595,0.47920194,0.5319668,0.55937696,0.55214804,0.5288352,0.50207114,0.47939783,0.46663922,0.45834792,0.44090313,0.41748363,0.39361864,0.37356165,0.3584031,0.3461083,0.33850527,0.33163118,0.3233131,0.31322312,0.30374658,0.29435188,0.2858809,0.28097853,0.27411565,0.2588656,0.24033205,0.2274122,0.21913244,0.2136604,0.20954509,0.20453978,0.19967747,0.19844629,0.1991664,0.19461863,0.18420316,0.17413218,0.17259674,0.18487018,0.20631854,0.2300784,0.25117943,0.26791662,0.28259468,0.29637942,0.305559,0.31337824,0.32113546,0.3237491,0.3206599,0.31587857,0.31062916,0.30099002,0.28769493,0.2791093,0.27838734,0.27792326,0.27122197,0.2696503,0.27587518,0.28684735,0.29359263,0.29267335,0.27773657,0.24908744,0.21004881,0.1651942,0.12758546,0.10812095,0.10375498,0.107106335,0.116174996,0.12968077,0.14345887,0.16062982,0.18545611,0.20952684,0.22769733,0.2529891,0.2842556,0.3120342,0.32689446,0.33195412,0.33888367,0.3339244,0.31582943,0.31477588,0.35243994,0.38980004,0.37813708,0.35050586,0.33906293,0.34171942,0.34980208,0.3655388,0.3757678,0.37201378,0.35124105,0.3157825,0.27732486,0.2468234,0.21985117,0.19892278,0.18733072,0.1885294,0.18174824,0.15502937,0.13695966,0.12773232,0.12516074,0.12118329,0.112846516,0.105418876,0.090600654,0.06509495,0.055042185,0.075515166,0.10249779,0.13637635,0.16760318,0.18407719,0.19766065,0.19936503,0.19444522,0.18230192,0.16505939,0.15169832,0.14043713,0.13021952,0.12270442,0.10934443,0.09056978,0.062395763,0.037874375,0.050006803,0.07814477,0.10464722,0.12850393,0.15670687,0.1851993,0.2033124,0.20432393,0.1902552,0.166954,0.13623303,0.11859635,0.1263127,0.14156157,0.11941146,0.064748645,0.027104301,0.037924677,0.082255684,0.09411427,0.14243858,0.1762516,0.1471603,0.1162582,0.11851727,0.123469986,0.12045945,0.111340165,0.08504339,0.06568349,0.06510283,0.08186609,0.06880067,0.055814452,0.037322965,0.068777315,0.117012404,0.14826979,0.13373427,0.087848864,0.059036706,0.05544719,0.061747458,0.05758291,0.059534445,0.08769338,0.09374387,0.07696317,0.06600181,0.073969215,0.054022994,0.1254322,0.17914197,0.19594947,0.24461435,0.32767206,0.44880772,0.58052015,0.6966545,0.78779227,0.8565896,0.90726465,0.9459464,0.98007697,1.0131159,1.0486288,1.0884353,1.1289223,1.1686479,1.2042903,1.2343112,1.2527517,1.2523093,1.208677,1.0901443,0.91682833,0.72034055,0.49604976,0.2593641,0.09764006,0.057964206,0.0731947,0.101803854,0.1183681,0.12131693,0.09990249,0.06684527,0.0802619,0.1892638,0.3136595,0.3992813,0.42662147,0.41883054,0.39305437,0.34722146,0.27215216,0.20165128,0.09837243,0.044809714,0.06337263,0.09986448,,,,,,,,,,0.092822105,0.09627846,0.12178398,0.13478665,0.106462635,0.069580756,0.10533849,0.1581749,0.16243117,0.16129956,0.16028556,0.15909669,0.15809624,0.13075683,0.08241449,0.06675093,0.15930867,0.14800665,0.13797963,0.15524438,0.16777965,0.18413936,0.060322046,0.039108995,,,,,,,,,,,,,,,,,,,0.1503649,0.4430334,0.74499774,0.8328228,0.75340384,0.59990805,0.43533772,0.27843675,0.17528379,0.10827079,0.123363025,0.23596317,0.32566154,0.3253187,0.31058344,0.34924513,0.4269624,0.43525076,0.40848565,0.3676793,0.31461033,0.25498366,0.21705559,0.21918797,0.21967821,0.22324103,0.23911434,0.24701275,0.23199128,0.23640291,0.24145107,0.23397768,0.22061682,0.21262379,0.20283714,0.18978254,0.18177807,0.17489691,0.16163649,0.15526174,0.16979425,0.20304415,0.24052282,0.26553884,0.2805187,0.29834726,0.3083949,0.29453352,0.2821061,0.27531204,0.26942816,0.26281574,0.2629797,0.26944256,0.26048133,0.24322778,0.22937304,0.21202393,0.19175862,0.16898353,0.14842097,0.13486555,0.13166232,0.14280915,0.16454716,0.18574183,0.20168431,0.21271619,0.21810573,0.2195851,0.21896993,0.21064213,0.19574414,0.1870467,0.19038044,0.20496945,0.221675,0.23120555,0.21910568,0.18761992,0.18733063,0.19422609,0.20261626,0.19813116,0.19522119,0.19577415,0.19896348,0.20638554,0.2168985,0.2333067,0.24986824,0.26780814,0.2846042,0.29829752,0.30564287,0.3062253,0.30521896,0.3089691,0.32368124,0.34918177,0.3687869,0.3647639,0.33803484,0.30507386,0.275212,0.25352874,0.23548889,0.21833912,0.20915955,0.2070282,0.20463921,0.1852338,0.15143876,0.10620861
8.25,,,,,,,,,,,,,,,,,,,,,,,,,,,,,,,0.23606153,0.34979168,0.51204723,0.66643625,0.7017574,0.72964245,0.7445412,0.7479181,0.7429834,0.7072546,0.6348704,0.5394579,0.41530025,0.28173608,0.15972771,0.143252,0.23674881,0.3380254,0.42736122,0.50365883,0.5667467,0.6187117,0.66348845,0.70095986,0.72955954,0.75014716,0.76670617,0.7813583,0.79317766,0.7987976,0.79560226,0.78401065,0.76554096,0.74246824,0.71981543,0.7003546,0.6841816,0.6722362,0.6633476,0.6557112,0.64506537,0.6291957,0.6097396,0.58572006,0.55739266,0.5274758,0.50025916,0.47563252,0.44894797,0.4235615,0.4036927,0.38805044,0.3684062,0.34220272,0.3158155,0.2967732,0.29347208,0.3049798,0.3099805,0.28991362,0.24111897,0.21512565,0.26206818,0.30041313,0.3458038,0.40602952,0.44101447,0.41869614,0.35286802,0.29003793,0.2441281,0.21092634,0.18101698,0.14569947,0.1186367,0.13760273,0.14713918,0.13632113,0.1617964,0.25734454,0.3830201,0.40569016,0.39190838,0.36324853,0.3392275,0.33982432,0.35110745,0.36774063,0.38445207,0.4168283,0.46752265,0.50755,0.52581275,0.5226842,0.5035429,0.46956408,0.43285462,0.40410075,0.37860706,0.35474837,0.33821607,0.3320025,0.33104888,0.32999068,0.3288165,0.32775816,0.32503453,0.31961328,0.31459936,0.30851266,0.30395287,0.3030906,0.29935208,0.28574678,0.26573095,0.24795783,0.23362802,0.22141276,0.21055694,0.20057689,0.1940312,0.19440436,0.19918033,0.2030154,0.2005141,0.19198658,0.18305875,0.18114054,0.19011374,0.20789915,0.22756003,0.24405085,0.2577356,0.2699031,0.280134,0.28708354,0.2911869,0.29299638,0.29779616,0.29909655,0.2955656,0.28632373,0.2703515,0.2577797,0.25478712,0.25027952,0.23764972,0.22797877,0.23068734,0.24316831,0.25649908,0.26375094,0.26278833,0.249536,0.2248869,0.18773822,0.14106621,0.099930845,0.07582426,0.06606531,0.06846035,0.084447645,0.112022914,0.13479832,0.1526736,0.17991757,0.20661205,0.23506147,0.2659503,0.29142785,0.30054414,0.31399828,0.33289388,0.33680755,0.3249491,0.32439405,0.36525792,0.40392673,0.39116532,0.3691317,0.35758677,0.3602905,0.3742464,0.3911992,0.392338,0.3723477,0.34460694,0.31598186,0.2888606,0.25732052,0.22849472,0.21577705,0.20755471,0.20132677,0.18594028,0.17382929,0.16788317,0.1578725,0.14501567,0.13435969,0.12502737,0.11110871,0.08734171,0.06910508,0.06871178,0.08908065,0.11335174,0.15594594,0.21760227,0.24302137,0.25431842,0.26355892,0.26262093,0.24063715,0.21300566,0.1864441,0.17001502,0.1482885,0.11817829,0.08730049,0.07182786,0.053928386,0.042135756,0.053681627,0.0787234,0.108234294,0.13545895,0.16161036,0.17661239,0.18457258,0.18441443,0.17428786,0.14943591,0.11705072,0.106383875,0.13153027,0.172913,0.16722691,0.11073599,0.060201705,0.04185577,0.0895892,0.11459296,0.1591444,0.18349025,0.151235,0.12706934,0.13513915,0.14231071,0.14174841,0.13304313,0.11204652,0.08119165,0.048902486,0.028213592,0.026805367,0.016482664,0.012612816,0.0426267,0.10261992,0.14715971,0.1457312,0.11388727,0.082379416,0.0659707,0.06326321,0.049128722,0.06371182,0.06970667,0.05815288,0.04384626,0.048807047,0.07376236,0.12421301,0.083289795,0.0822032,0.10496527,0.18286788,0.29651096,0.4354216,0.55830383,0.6541094,0.72137594,0.76888156,0.80604976,0.8393161,0.8731586,0.9083515,0.94438916,0.9835555,1.02832,1.0787432,1.1315821,1.1837016,1.2282932,1.2589968,1.2631316,1.225236,1.1342654,0.9984889,0.8180891,0.5898137,0.35555148,0.19188826,0.11215289,0.10632728,0.13147603,0.14578304,0.1412912,0.114097625,0.09998819,0.12357742,0.21808878,0.33870485,0.40700132,0.42999363,0.40904522,0.3533943,0.28312117,0.18958905,0.10094587,0.03786219,0.1014314,0.12091339,0.13613914,,,,,,,,0.104533926,0.10710024,0.12709354,0.14547595,0.16388683,0.14183778,0.093990065,0.15062682,0.15875953,0.15302551,0.17872015,0.19630958,0.19906831,0.19395594,0.15981235,0.10227614,0.14239618,0.1552007,0.13099332,0.11533811,0.12968303,0.15173288,0.17162669,,,,,,,,,,,,,,,,,,,,,0.09496066,0.21292777,0.564982,0.7919151,0.819553,0.71235675,0.55805486,0.38880202,0.24663344,0.14023335,0.040822342,0.16238825,0.3388455,0.35229573,0.34109345,0.4165071,0.47612014,0.45393074,0.41165763,0.3629993,0.30037376,0.23950376,0.21682918,0.22853737,0.2296805,0.24290504,0.24604262,0.24114302,0.23911287,0.24441814,0.24131882,0.23330921,0.23645972,0.2350592,0.22231922,0.20851186,0.197215,0.18521026,0.17245665,0.16894737,0.18203203,0.21084602,0.24641831,0.27053666,0.27925706,0.288711,0.29614878,0.28931737,0.27598143,0.26490977,0.25695342,0.25587863,0.26171958,0.26530406,0.25619403,0.24332003,0.2319368,0.21803673,0.20238301,0.18570548,0.16821776,0.15094905,0.14001888,0.14203335,0.15459627,0.17171872,0.18356737,0.19145669,0.19366989,0.19349514,0.19136356,0.18166348,0.17399253,0.1776799,0.19608836,0.22310886,0.24326892,0.24006855,0.2063,0.19321442,0.20088159,0.21646442,0.22220431,0.22055274,0.22064443,0.2193523,0.22029,0.22382061,0.2291645,0.23923329,0.24976353,0.26033545,0.2739963,0.28702366,0.29116476,0.28615466,0.2766429,0.26501113,0.2555249,0.25646845,0.27054352,0.29021722,0.29923782,0.2886776,0.26473925,0.23631564,0.21113704,0.19801761,0.18578891,0.17448267,0.1665001,0.15022278,0.12530817,0.08405993
8.166672,,,,,,,,,,,,,,,,,,,,,,,,,,,,,0.22329296,0.29372093,0.32343012,0.49098796,0.69028205,0.75289625,0.77146435,0.79345375,0.7967479,0.7870204,0.7390864,0.6344658,0.5052082,0.35530454,0.20025988,0.10027898,0.15784997,0.26332986,0.35633823,0.43351108,0.49852347,0.55267525,0.595872,0.6314575,0.6626962,0.68748266,0.7050188,0.71758324,0.7266842,0.7322104,0.73534495,0.7353865,0.7273334,0.70864993,0.6825489,0.6526475,0.6243116,0.6000703,0.580475,0.56930226,0.56466365,0.5568947,0.54177094,0.52334476,0.49933696,0.46947008,0.43467915,0.40412468,0.38326028,0.368915,0.35568628,0.33980644,0.3208467,0.3005553,0.27817404,0.25446805,0.23596384,0.23651029,0.26104984,0.29589143,0.31112114,0.2978713,0.2666516,0.24862245,0.28423846,0.3143252,0.3550735,0.40483212,0.44364616,0.436213,0.3754985,0.3042397,0.25002086,0.2101103,0.1713808,0.12881629,0.10423374,0.11299738,0.11092386,0.10876266,0.14032635,0.24506667,0.37171808,0.40322378,0.3860764,0.3597859,0.3268376,0.31206885,0.32010177,0.33608076,0.34919876,0.37207612,0.40812364,0.44226658,0.4763679,0.4961692,0.49222022,0.46384144,0.41942263,0.3734978,0.33322054,0.30009753,0.28064278,0.27928117,0.29030952,0.30208948,0.30866483,0.3125548,0.3150328,0.31470484,0.31330585,0.3108568,0.3098498,0.31098998,0.31140944,0.30427828,0.28730565,0.2667057,0.24694632,0.22763553,0.2101927,0.19700614,0.19194786,0.19364113,0.19759353,0.20435059,0.2089691,0.20760016,0.20136948,0.19510572,0.19463453,0.2007176,0.20956403,0.21800788,0.22848235,0.24255824,0.25434738,0.2614201,0.26705205,0.2704396,0.27478585,0.27704355,0.2740387,0.26622966,0.2507507,0.2359654,0.22435722,0.21262288,0.1971288,0.1838078,0.18275057,0.18935491,0.2031254,0.21630645,0.22338268,0.22405137,0.21686433,0.1937572,0.15746981,0.11497691,0.07399794,0.046339426,0.02935242,0.031070482,0.05353172,0.081874646,0.118928045,0.15659338,0.19148752,0.22334218,0.24877286,0.26135984,0.26416472,0.28842357,0.31599903,0.3291053,0.32891116,0.335805,0.37684944,0.40907568,0.3949625,0.38156053,0.37311924,0.37646833,0.3938687,0.40732753,0.3987355,0.36638102,0.33075023,0.3100055,0.28871027,0.26125818,0.24613433,0.23829998,0.22555846,0.21156591,0.20244707,0.20004548,0.19222377,0.17437427,0.15542363,0.14353842,0.1361514,0.118425444,0.09345984,0.0806363,0.08530268,0.10159649,0.1270323,0.19872701,0.27890706,0.304192,0.32036752,0.33779666,0.33610073,0.30983004,0.2740652,0.23755653,0.21840915,0.18770702,0.14819127,0.10035317,0.068098105,0.036934763,0.024366526,0.04641635,0.07440694,0.106415235,0.13060094,0.15111348,0.15688175,0.1571401,0.15682065,0.14604151,0.12520915,0.088991165,0.06811368,0.10553795,0.18178988,0.20904765,0.15986067,0.09661534,0.04922069,0.07878946,0.1304772,0.17252828,0.18750498,0.15595825,0.14458665,0.1522281,0.15830803,0.15707397,0.15692955,0.14778328,0.11635155,0.08586144,0.06731924,0.05050266,0.03767835,0.024230933,0.057140492,0.107917584,0.13914368,0.1465978,0.124176994,0.08414752,0.06296985,0.059988126,0.05905889,0.068139024,0.061921626,0.056650534,0.052682187,0.07727834,0.12958914,0.2036717,0.10820365,0.023304645,0.09189171,0.13389379,0.26375607,0.43189105,0.5564116,0.6256689,0.67002964,0.703784,0.7387947,0.78072995,0.82723504,0.8730696,0.91359776,0.9492879,0.9848819,1.0209193,1.0586114,1.1033232,1.1551049,1.2041707,1.2350297,1.2437372,1.2184728,1.1480494,1.0336587,0.86971515,0.6513619,0.43092382,0.2616646,0.15426473,0.12343209,0.1428077,0.15834512,0.14655943,0.13124898,0.12477693,0.21888167,0.36370137,0.43148285,0.45143035,0.43449455,0.37812883,0.29717994,0.20194903,0.1069995,0.05855077,0.12807956,0.14229068,0.15347055,0.15466584,,,,,0.09275874,0.10918028,0.12947558,0.13888793,0.15209252,0.16213292,0.15848917,0.16803916,0.1666973,0.22814034,0.2480582,0.28507861,0.3399275,0.34584242,0.30211562,0.23172209,0.17289643,0.18089972,0.18777208,0.1654699,0.14200868,0.112224735,0.12865984,0.1688908,0.14604743,,,,,,,,,,,,,,,,,,,,,,0.09231155,0.34824207,0.64284503,0.79587364,0.7788107,0.66584164,0.51568013,0.3676786,0.26199898,0.18836826,0.16678135,0.3427384,0.36135232,0.36558396,0.46162042,0.49251613,0.4566474,0.40668124,0.3520373,0.28839698,0.24084897,0.22946963,0.24129102,0.23938173,0.25772753,0.25739005,0.25060803,0.25613728,0.25833595,0.24758293,0.24593173,0.25175694,0.25338477,0.24354976,0.23051897,0.21513928,0.19856578,0.18820204,0.18851289,0.20153739,0.22528353,0.25247303,0.27101636,0.2750783,0.27619448,0.2818131,0.28137755,0.2706826,0.2591357,0.25553396,0.25973016,0.2662031,0.26571816,0.25886697,0.2504734,0.23845899,0.22709304,0.21957873,0.214071,0.20459689,0.1899458,0.17871703,0.17543507,0.17600791,0.18455826,0.19741896,0.2047843,0.20429158,0.20361736,0.20194586,0.20018746,0.20675159,0.22197938,0.24414037,0.2621325,0.25664064,0.22114299,0.20393871,0.21631819,0.23482239,0.24867663,0.2541882,0.2546454,0.25398767,0.25197163,0.24860801,0.24816689,0.25017405,0.25001732,0.24858612,0.25380194,0.26685178,0.28059995,0.28341943,0.27898207,0.27406538,0.26617253,0.24851343,0.22461876,0.20312844,0.19754563,0.21002683,0.22320478,0.22230972,0.2061395,0.184853,0.16872743,0.15457337,0.1412964,0.13173564,0.11964144,0.10347456,0.07527396
8.083336,,,,,,,,,,,,,,,,,,,,,,,,,,,,0.1599659,0.18547751,0.31114507,0.4318438,0.62772393,0.80904466,0.82887876,0.84324116,0.84988856,0.82080865,0.75449216,0.6257453,0.4656521,0.2963406,0.13645098,0.0602873,0.16151048,0.2608653,0.3431037,0.4085768,0.46208158,0.5072879,0.54382384,0.5737927,0.60005057,0.6219595,0.63673484,0.6463703,0.6556956,0.663882,0.6657253,0.6624683,0.654311,0.63863504,0.61491907,0.5877562,0.5578269,0.52849174,0.500066,0.47686028,0.46745104,0.46684328,0.46272048,0.44852296,0.4241192,0.39001203,0.35554892,0.32149762,0.299808,0.28744593,0.27649048,0.26227248,0.24057674,0.21799777,0.2013516,0.18739729,0.17345044,0.1693891,0.1988477,0.24922681,0.29910105,0.31751078,0.30873677,0.29263556,0.27935615,0.30645567,0.332354,0.36694193,0.40655005,0.4413822,0.4432222,0.39363194,0.32078162,0.2583874,0.2113224,0.1682851,0.12723689,0.09741403,0.08982979,0.07851282,0.074872084,0.11568315,0.24406716,0.35958123,0.39495885,0.3810045,0.35568318,0.31938422,0.29166362,0.29283735,0.3115826,0.3270661,0.34395128,0.3648757,0.37998158,0.40509143,0.43919092,0.4569968,0.44746783,0.4119888,0.3616101,0.3093253,0.26379752,0.23054506,0.21788889,0.22745273,0.2507763,0.27127802,0.28453276,0.29471993,0.30242842,0.30652884,0.3074354,0.3084962,0.31278577,0.31759587,0.31658918,0.30578882,0.28527668,0.2621041,0.23951782,0.21760707,0.2008555,0.19320787,0.19260636,0.19570434,0.20150772,0.2084833,0.21608904,0.22084324,0.21897794,0.21309945,0.2054442,0.19326358,0.1861174,0.19592567,0.21245821,0.22568181,0.23814942,0.24984825,0.25821272,0.26532847,0.26818284,0.2628992,0.25418705,0.24143867,0.22413358,0.20343223,0.18163274,0.16583759,0.1560624,0.15053576,0.14877394,0.15180615,0.15619011,0.15700205,0.16097702,0.16806698,0.16446829,0.1509628,0.12478327,0.089106455,0.052633792,0.025904674,0.010217104,0.016508183,0.047268458,0.09397442,0.13496919,0.17565924,0.21044262,0.22972828,0.2313018,0.23508579,0.26727912,0.2991025,0.3211848,0.3329966,0.3441337,0.3830894,0.41074425,0.39911434,0.39141098,0.3824311,0.384868,0.40678954,0.4189862,0.4034891,0.36140412,0.31754673,0.29361013,0.28174013,0.27231607,0.26251325,0.25263798,0.23499075,0.22105153,0.21869539,0.21907656,0.20837866,0.18871923,0.16776298,0.15341063,0.14071931,0.12118312,0.102772936,0.09932935,0.11514851,0.13173206,0.16558072,0.26961687,0.3458905,0.37411708,0.3913235,0.4036246,0.3949088,0.3682698,0.33267504,0.29925212,0.2794222,0.25208145,0.21493068,0.15928866,0.10818067,0.05763678,0.012237948,0.04170032,0.07276047,0.100833185,0.12478143,0.14312747,0.14956494,0.1450594,0.13829526,0.12602895,0.10834681,0.08759114,0.04560662,0.034163795,0.13622114,0.22265068,0.19542725,0.12482594,0.05917841,0.05835932,0.13359126,0.17630738,0.18857823,0.16617851,0.16415085,0.16778295,0.1728836,0.17592359,0.1834162,0.18428189,0.15620108,0.14017436,0.12114002,0.08075696,0.0514508,0.04326426,0.027263407,0.09789789,0.12925203,0.13813122,0.1184305,0.07655356,0.05538092,0.05986404,0.06873947,0.07854549,0.07987942,0.06658932,0.08118449,0.1345937,0.20529886,0.25015795,0.14014804,0.079281844,0.05220266,0.04990128,0.2584116,0.45981753,0.5870455,0.65168613,0.6925359,0.72111285,0.7558004,0.80035067,0.84969056,0.895863,0.9355187,0.96929747,1.0000829,1.0279748,1.0519421,1.0752878,1.1032093,1.1382736,1.1719693,1.198498,1.2120196,1.1962351,1.1446419,1.0486776,0.8896041,0.67862326,0.4774583,0.30967575,0.18754199,0.13698232,0.12998936,0.12167067,0.104962274,0.10915596,0.273747,0.4403257,0.5067064,0.5012486,0.46440986,0.4041219,0.31728384,0.22613679,0.150632,0.081856586,0.14101788,0.18466221,0.15811853,0.127137,0.081405655,0.092739776,0.082930766,0.08588409,0.108906485,0.13597403,0.16033633,0.16949262,0.1665807,0.16229886,0.15755785,0.21170238,0.29366073,0.37682998,0.39116424,0.42190573,0.37608424,0.30792698,0.26565242,0.24899201,0.24174741,0.2279005,0.20738411,0.18130744,0.14469548,0.112215556,0.12129719,0.13892345,0.10605812,,,,,,,,,,,,,,,,,,,,,,0.02207524,0.1890811,0.43214247,0.67137575,0.7594113,0.7249581,0.6169351,0.49070394,0.39333603,0.311227,0.23517305,0.35167193,0.36826688,0.3982261,0.48711652,0.49143204,0.43853945,0.3871374,0.33644992,0.28139398,0.24135979,0.23295301,0.23384014,0.24242127,0.2662215,0.26826802,0.26669636,0.2813515,0.2854772,0.27554205,0.2686383,0.26593587,0.26595107,0.25857404,0.24928682,0.2352834,0.21946797,0.21104784,0.211145,0.22213556,0.2395176,0.2578047,0.26988357,0.2711207,0.26546046,0.26454875,0.267331,0.26249257,0.25276864,0.25116178,0.25823587,0.2619449,0.26032957,0.25828576,0.2533722,0.24431956,0.23992395,0.24198064,0.24518862,0.24166244,0.23120125,0.22571036,0.22547702,0.22189973,0.22167902,0.23143815,0.2404102,0.24438336,0.2477349,0.25138515,0.25754896,0.2717379,0.28933308,0.2970201,0.27850878,0.2375179,0.22046421,0.23693825,0.2566124,0.26786748,0.27877793,0.2873463,0.29052192,0.28935775,0.28531426,0.2801078,0.2752387,0.27233168,0.26529393,0.25598517,0.2579562,0.26944464,0.27932292,0.278682,0.27745456,0.27784213,0.27249068,0.25632972,0.2301368,0.19764425,0.1648899,0.14130576,0.13464653,0.14248733,0.14903939,0.14373296,0.13586134,0.13093345,0.11942687,0.10857511,0.098959416,0.09025658,0.07881028
8.0,,,,,,,,,,,,,,,,,,,,,,,,,,,0.1836162,0.18719468,0.19495067,0.29877207,0.5648474,0.8087681,0.89126176,0.89675665,0.89688957,0.8614232,0.7644594,0.6195875,0.4392244,0.26009816,0.096330225,0.04238198,0.1488366,0.23226514,0.29990435,0.35680032,0.4055609,0.44902962,0.48623982,0.51536906,0.5384073,0.5570882,0.569273,0.5760364,0.5800419,0.58255404,0.5849323,0.5844082,0.5800299,0.5676928,0.5464437,0.51978505,0.49129176,0.45935586,0.42827287,0.40011668,0.38478142,0.38639364,0.3890961,0.37621886,0.3523626,0.3200344,0.2808475,0.24460034,0.21341832,0.20086665,0.18955724,0.17196093,0.15175429,0.13640316,0.12944655,0.12089423,0.10883026,0.105024695,0.13582067,0.19657667,0.26209807,0.31822902,0.33071876,0.3286977,0.32129562,0.30754387,0.32789683,0.35051396,0.3767305,0.4057562,0.43602142,0.4462582,0.40324977,0.33483315,0.269492,0.21687907,0.17455481,0.13750213,0.10208482,0.071200825,0.046878155,0.044598803,0.0987265,0.24242993,0.35527924,0.38949275,0.37512815,0.34508115,0.30684188,0.27822265,0.2744321,0.2916313,0.3094253,0.32475442,0.33569542,0.3359272,0.34091365,0.36828667,0.401649,0.41549358,0.39862067,0.35776737,0.30295643,0.24764888,0.20160969,0.16702679,0.15779543,0.17517307,0.20698708,0.23311073,0.2543547,0.27445173,0.28921056,0.2988867,0.30742306,0.3167155,0.32423303,0.32593676,0.31887066,0.30066818,0.27813572,0.25724062,0.23613389,0.21706131,0.20296468,0.19547154,0.19469076,0.19902791,0.20509672,0.21691582,0.23149179,0.23781294,0.23385102,0.21997157,0.19453485,0.17621613,0.17727484,0.19003546,0.20389277,0.21722572,0.23016377,0.24121381,0.25355792,0.26421905,0.2653178,0.25790206,0.24683644,0.23402049,0.21553327,0.19172594,0.17033428,0.15682545,0.14834131,0.13981164,0.12980855,0.119120605,0.11496504,0.120452724,0.12754382,0.12901904,0.12534925,0.11633396,0.09737424,0.065985814,0.03506048,0.02067355,0.01548225,0.03027747,0.06555811,0.10504817,0.15058272,0.18476485,0.20286743,0.20869292,0.21712951,0.244017,0.27445963,0.30527985,0.32674828,0.34380358,0.38758114,0.41554528,0.41089308,0.40176803,0.38560486,0.38632676,0.41079262,0.42394122,0.4045157,0.35582715,0.31040642,0.28861356,0.28511775,0.27818868,0.25945133,0.24062565,0.2276803,0.22237755,0.22482832,0.22796342,0.22327004,0.20760736,0.18650031,0.16548572,0.14315628,0.1258916,0.11521179,0.11837221,0.13157132,0.15763804,0.24920455,0.3482711,0.41808543,0.44357097,0.4479984,0.44238108,0.42378893,0.3950772,0.36663392,0.34455332,0.32824597,0.3074707,0.28184572,0.23979652,0.1940644,0.13406362,0.06330058,0.041866474,0.06667161,0.09492,0.12002886,0.14079787,0.150316,0.15183684,0.14890134,0.14373307,0.13331106,0.12555297,0.10707708,0.07311913,0.015866859,0.16876107,0.21454564,0.14363337,0.07029571,0.033643853,0.12251102,0.18265198,0.18806434,0.16618893,0.17296575,0.17270398,0.1746109,0.1799318,0.19496153,0.1980826,0.19415623,0.1818324,0.150159,0.102107294,0.0661113,0.048447866,0.016170409,0.0472503,0.10153321,0.11659059,0.09673926,0.06562069,0.060126275,0.07011752,0.07903776,0.086185016,0.099009976,0.0973786,0.12956215,0.20609131,0.2797543,0.2780467,0.19056009,0.17278206,0.14061075,0.056545295,0.29429084,0.5187475,0.64361197,0.7072514,0.74554884,0.77663463,0.81175953,0.8480079,0.8808298,0.9105846,0.9365275,0.9611049,0.9903995,1.0240853,1.0545454,1.0801628,1.0985042,1.1113945,1.1220435,1.1369373,1.1614879,1.1794702,1.1711687,1.1257178,1.0350779,0.88194203,0.6947912,0.5130717,0.3441484,0.21662007,0.12515704,0.06664716,0.054034732,0.20044507,0.3415018,0.46697372,0.5460987,0.5453829,0.4911884,0.42171997,0.3437455,0.24052022,0.16341384,0.13388099,0.17448683,0.22514264,0.1970945,0.08066415,0.07996477,0.07213342,0.09590636,0.12279225,0.14236273,0.15208079,0.17786865,0.19032498,0.18295789,0.17810439,0.20464909,0.28529814,0.41744342,0.40592724,0.38588426,0.33998725,0.29851496,0.2837477,0.27601328,0.27301595,0.2637869,0.23990934,0.21312557,0.18557131,0.1364009,0.08923643,0.089354105,0.09501537,0.07566579,0.068894625,,,,,,,,,,,,,,,,,,,,,,0.055125073,0.2589011,0.48739445,0.6557462,0.70215803,0.65623933,0.56759685,0.48128745,0.38342723,0.28167826,0.3464037,0.35282013,0.42186546,0.4873209,0.46875364,0.41441846,0.36719596,0.3163762,0.26804468,0.23208831,0.22272475,0.22507524,0.24289319,0.27555734,0.27858642,0.28378734,0.3056288,0.3126316,0.30849472,0.29752707,0.28454852,0.2741018,0.26588228,0.26076385,0.250423,0.24031731,0.23471963,0.23180386,0.23736078,0.2509931,0.26456916,0.27053192,0.26910302,0.2619402,0.25260374,0.25118363,0.24965052,0.24113609,0.24202396,0.25186968,0.2569076,0.257838,0.25896063,0.25844657,0.25704306,0.26188794,0.272418,0.2795756,0.28069046,0.2779503,0.28139597,0.28641105,0.2816745,0.27538496,0.2805492,0.29089513,0.29980877,0.30661142,0.31227335,0.31873405,0.32668582,0.32861844,0.31384894,0.26534712,0.23963639,0.25376725,0.2755885,0.2845278,0.29199824,0.30290458,0.31366262,0.32210734,0.32236722,0.3159624,0.31243122,0.30684894,0.2948181,0.27978277,0.27305582,0.27507254,0.28026575,0.2806082,0.28022978,0.28253973,0.28227028,0.27320093,0.2565935,0.23278783,0.20477895,0.1759893,0.1393519,0.100044705,0.069357134,0.058010995,0.06495284,0.07997888,0.09794977,0.10755507,0.0989775,0.089164674,0.08809894,0.08254682
7.9166718,,,,,,,,,,,,,,,,,,,,,,,,,,,0.18577346,0.19410256,0.25342602,0.42720369,0.7148615,0.9100681,0.94373345,0.9475678,0.9045612,0.79077756,0.6239753,0.4332435,0.25200838,0.10510524,0.061730277,0.12704843,0.19064826,0.24888201,0.30257607,0.35349086,0.40026897,0.4427171,0.47505835,0.49581861,0.50797683,0.5134907,0.5149094,0.51593095,0.5144158,0.5080955,0.50115615,0.4933693,0.48751205,0.475945,0.45340306,0.4248776,0.3947766,0.36206564,0.33533803,0.31759652,0.31312466,0.3198798,0.3190751,0.30342045,0.27474603,0.23392689,0.19327174,0.1552499,0.11602537,0.08700517,0.074632764,0.065967284,0.06241676,0.062430732,0.06164501,0.046843607,0.036845,0.07627227,0.15148778,0.2284218,0.29757923,0.34279513,0.3507434,0.35491073,0.34902513,0.33507675,0.35199142,0.36902216,0.3833469,0.40442255,0.42317152,0.4373104,0.4086307,0.3491566,0.2848557,0.22736624,0.18222974,0.14523154,0.103830606,0.059797812,0.01665098,0.02449773,0.094403215,0.22733891,0.3535956,0.38971108,0.37058088,0.33028236,0.29201904,0.2683616,0.2690779,0.2805846,0.29729152,0.3140364,0.31854126,0.3135988,0.30570433,0.3120772,0.33930594,0.36503392,0.36931196,0.35174608,0.3047689,0.24928445,0.18930736,0.13610563,0.10119727,0.0943359,0.121193,0.15836641,0.1941648,0.22793402,0.25847104,0.28228626,0.30102485,0.3173297,0.3269754,0.32862195,0.32442576,0.3118586,0.2924607,0.2750368,0.25882167,0.24019957,0.22220114,0.20810585,0.20079297,0.20097238,0.20426458,0.21297199,0.22672668,0.2370868,0.24117157,0.23345773,0.21238272,0.19171087,0.18371543,0.18737043,0.1916208,0.19791521,0.20466971,0.21308404,0.23126048,0.2514033,0.26563364,0.26830775,0.2615123,0.2493845,0.23475744,0.21548223,0.1927605,0.17544037,0.16193941,0.14709856,0.12948836,0.11419465,0.10748576,0.10738796,0.105938256,0.10061234,0.089661516,0.083893076,0.08544306,0.075090066,0.056282397,0.043960515,0.038756415,0.03491181,0.04505513,0.07264023,0.11557501,0.15379204,0.1810385,0.19839807,0.21022402,0.22746848,0.2522983,0.28391734,0.31138563,0.3399347,0.39047587,0.4169595,0.4194181,0.40662876,0.3841323,0.3794431,0.40194967,0.42000973,0.40217555,0.35291645,0.31352195,0.2925059,0.2797883,0.26792693,0.2518513,0.23902665,0.23291895,0.23079489,0.23249781,0.23292361,0.22973418,0.2177853,0.1971706,0.17139141,0.1469545,0.13017304,0.12263532,0.13032994,0.1499883,0.22510438,0.345719,0.43294424,0.48072034,0.49669194,0.48758984,0.4707737,0.44519773,0.41074193,0.37686917,0.35378835,0.3393974,0.33009675,0.3182967,0.29429865,0.27096096,0.22765793,0.15719378,0.0876974,0.06415672,0.08112239,0.109356344,0.13670385,0.15383668,0.16109128,0.16819541,0.16994953,0.1704625,0.1728661,0.17315292,0.16029917,0.119366385,0.064573795,0.19682555,0.16558996,0.09282032,0.037258826,0.090403505,0.17605081,0.2008597,0.16916637,0.16365081,0.16630837,0.16504927,0.1630983,0.17929931,0.20749131,0.21387008,0.19711335,0.1676478,0.1342154,0.10056188,0.05745185,0.023675803,0.022584708,0.06919246,0.07646023,0.06185022,0.049041405,0.06709127,0.08248455,0.0885043,0.09904933,0.1232701,0.14627953,0.19107696,0.27671263,0.3340104,0.3006849,0.27157217,0.28710225,0.24994855,0.11095602,0.38795012,0.6268689,0.7483818,0.8054433,0.8359968,0.86766076,0.90137637,0.92514336,0.9292501,0.9217246,0.909918,0.90612066,0.918737,0.95096606,0.99285793,1.0356302,1.0719688,1.0943495,1.100244,1.1018978,1.1105313,1.1284362,1.1405247,1.1291999,1.0911632,1.0084392,0.8696999,0.7003109,0.52860755,0.37391958,0.21328989,0.09032664,0.08417961,0.2363105,0.38730276,0.4885391,0.54359835,0.5535447,0.5074436,0.43403438,0.35016572,0.25924706,0.17037395,0.14830774,0.2047948,0.2761711,0.2596768,0.16268511,0.11249927,0.124326624,0.13926965,0.14881317,0.16401328,0.17544429,0.20207001,0.22363286,0.24199907,0.2610566,0.2893788,0.41386485,0.4099843,0.34932184,0.33264032,0.3045689,0.2826527,0.27167946,0.2709394,0.27712366,0.26928285,0.24831498,0.22747922,0.19361737,0.14208367,0.07916929,0.068434544,0.081592165,0.055260424,0.0390725,,,,,,,,,,,,,,,,,,,,,,0.023775209,0.13541944,0.32358912,0.5142262,0.6168952,0.6266937,0.57806504,0.5088739,0.39675748,0.29363188,0.31622094,0.3223789,0.426571,0.47187144,0.441852,0.3950436,0.34219885,0.29410458,0.25109372,0.22406557,0.20939659,0.2170175,0.24591921,0.28340107,0.28594562,0.30016097,0.32807687,0.33901346,0.34058034,0.32642373,0.30840015,0.29046378,0.2724628,0.2662957,0.26224527,0.25991228,0.2560256,0.24819459,0.24809638,0.25719488,0.26906782,0.27713028,0.27490744,0.2595591,0.23608153,0.22587347,0.22835608,0.23005407,0.23504178,0.24512006,0.25280055,0.25671524,0.2596135,0.26371345,0.2722316,0.28903568,0.31239516,0.33378112,0.34497073,0.3458901,0.35160258,0.35277396,0.33952844,0.32840028,0.33278105,0.34456486,0.35939288,0.37276646,0.37871692,0.3728828,0.3578345,0.33723468,0.29975,0.27295703,0.27745637,0.29296827,0.30169925,0.30447632,0.3114221,0.32451743,0.3404165,0.35374904,0.35833296,0.35493356,0.35030377,0.33470863,0.3093917,0.29207557,0.29107097,0.29493985,0.2967309,0.29247487,0.29303196,0.29403967,0.2883241,0.27407068,0.2586343,0.24360166,0.22252527,0.19618934,0.16070436,0.11570362,0.07351089,0.034552056,0.011319419,0.013449916,0.029048607,0.0502203,0.074621975,0.09562141,0.11387856,0.11002005
7.833336,,,,,,,,,,,,,,,,,,,,,,,,,,,0.17447162,0.23873967,0.34510857,0.60898054,0.8771761,0.9789881,0.9693083,0.93455786,0.82203394,0.6357553,0.44612628,0.2793478,0.1569266,0.112201065,0.12861814,0.16488567,0.20913923,0.269797,0.32987326,0.3813467,0.42584613,0.46091682,0.47946185,0.48542163,0.48339477,0.4755844,0.4661443,0.45849714,0.4485097,0.43847612,0.43010163,0.41683647,0.4085077,0.39548668,0.36894506,0.3392823,0.31171545,0.28399128,0.26749498,0.25782207,0.25667095,0.263205,0.26353645,0.24967903,0.2195143,0.17662139,0.13403012,0.10485666,0.08639599,0.06295196,0.034849863,0.025602283,0.02839253,0.032650653,0.03633096,0.02824228,0.05880275,0.11152894,0.18953939,0.26892757,0.3313445,0.36150223,0.37267,0.3845728,0.37669444,0.36201313,0.37355837,0.38280383,0.38567945,0.40166607,0.4175504,0.42247382,0.4008099,0.35533738,0.29981983,0.2452031,0.19489947,0.14961082,0.10444334,0.060588047,0.040872116,0.060014613,0.12263499,0.22927998,0.36158764,0.3989443,0.37351653,0.32245114,0.2842052,0.26644793,0.26623842,0.2703276,0.29099146,0.3125371,0.31910264,0.31126434,0.29326427,0.28355685,0.28736645,0.30749685,0.3253289,0.32726133,0.30026785,0.24612445,0.18467116,0.119277075,0.065911435,0.036712278,0.039374046,0.07487994,0.12233397,0.16985266,0.21641743,0.25474837,0.28266588,0.30574644,0.31973976,0.3246629,0.3260712,0.3217912,0.30735296,0.28989938,0.2749159,0.25862888,0.24117312,0.22571205,0.21375896,0.20657772,0.20272325,0.20553797,0.21499112,0.22618459,0.23391673,0.23130107,0.22023384,0.20773514,0.19821393,0.19047824,0.18279932,0.18198544,0.18775816,0.20359142,0.22893508,0.25519395,0.27314115,0.27728444,0.26917154,0.2548704,0.24094282,0.22790939,0.21008302,0.18903331,0.17348385,0.16231103,0.14919917,0.13440947,0.119153045,0.10905266,0.101159,0.08723815,0.06573489,0.045831073,0.037403967,0.050248474,0.05663417,0.054389372,0.050333552,0.052573454,0.06479295,0.08166499,0.1108213,0.14261112,0.17203185,0.19356593,0.2087427,0.21850073,0.2350761,0.26425973,0.29837334,0.3435775,0.39752373,0.41908723,0.42370647,0.40903333,0.38403785,0.3696429,0.38245037,0.40008366,0.38797706,0.3401568,0.31353873,0.2957095,0.2710312,0.25417423,0.24718957,0.24403132,0.24408825,0.24227563,0.23842749,0.23448457,0.23446232,0.22911179,0.20610459,0.17378172,0.15105186,0.14127009,0.14415213,0.16666456,0.21395634,0.31287766,0.42249924,0.49161157,0.52793324,0.5284689,0.5080415,0.48491848,0.4537651,0.41587412,0.37796572,0.34746376,0.32812777,0.31624642,0.30708995,0.30074355,0.29982707,0.28482214,0.2419191,0.17956163,0.12412914,0.10099769,0.10531564,0.12475836,0.14397211,0.15501064,0.16406357,0.17891404,0.21350864,0.24492942,0.25493187,0.26444364,0.24377394,0.15617697,0.10503205,0.16965926,0.11955376,0.06278614,0.041579645,0.14317739,0.21195026,0.19547814,0.15720154,0.15798478,0.15094835,0.13288713,0.14110631,0.19268188,0.20213693,0.18944837,0.18068126,0.16454801,0.12796281,0.082791515,0.04014659,0.023086889,0.055166483,0.060561087,0.06387644,0.05713226,0.07706162,0.08962577,0.10142636,0.12355181,0.15212448,0.19900768,0.24899079,0.33472535,0.36600652,0.34692952,0.37962866,0.4064833,0.33172545,0.15392646,0.5153736,0.7362627,0.84926265,0.8964268,0.9242348,0.9556062,0.9729436,0.9691781,0.9427561,0.9031624,0.8616657,0.8307131,0.8218634,0.83973795,0.88023627,0.9337874,0.986673,1.0327487,1.0630203,1.072185,1.0675952,1.0704032,1.0839972,1.0909885,1.0839907,1.0546496,0.97697777,0.84595287,0.6914146,0.53296155,0.35810316,0.18915538,0.13298191,0.29556772,0.43623093,0.5109813,0.5395862,0.53830975,0.49862674,0.42640808,0.34013054,0.2422605,0.13043928,0.1379176,0.21479681,0.32332167,0.32641643,0.24140106,0.19265838,0.16644482,0.13657472,0.15977883,0.17485644,0.1849415,0.19417056,0.19255556,0.19536729,0.25357234,0.34620154,0.44326544,0.3746166,0.32852724,0.29498664,0.26155558,0.24679074,0.2545332,0.27542943,0.2833679,0.2741935,0.25622874,0.23635109,0.20799525,0.16449028,0.09484858,0.052771553,0.07484482,0.033682737,0.041679773,,,,,,,,,,,,,,,,,,,,,,,0.041694254,0.20524964,0.3629834,0.49262473,0.547484,0.53875124,0.47095653,0.3505711,0.2677085,0.2564085,0.30466142,0.41076937,0.4374102,0.41115233,0.36546198,0.31410116,0.27329758,0.2362673,0.20767568,0.19599676,0.21255007,0.25521955,0.2890164,0.29010734,0.313128,0.34223828,0.35533667,0.36198995,0.3550453,0.3396648,0.3110585,0.2838474,0.2757476,0.27632442,0.27835023,0.27571613,0.26761997,0.26526856,0.26699126,0.26755083,0.27084276,0.2756156,0.26802775,0.24610348,0.23056851,0.2273644,0.22691223,0.22863954,0.23517266,0.24403928,0.25167868,0.25894618,0.268374,0.2843757,0.31035194,0.34558865,0.38271093,0.4049361,0.40914765,0.41396683,0.4080914,0.3877623,0.37880355,0.38866153,0.40441325,0.42150083,0.43270275,0.4261239,0.39784467,0.35897705,0.32705957,0.3057239,0.30612385,0.3137611,0.3193625,0.32090643,0.32504144,0.33781818,0.359546,0.38397,0.3976803,0.39706355,0.39290783,0.38208756,0.3555732,0.32495478,0.3095336,0.30775592,0.30960333,0.31351206,0.31500664,0.31339765,0.30484867,0.29066467,0.27891016,0.27349624,0.26642627,0.25471056,0.2335063,0.19752182,0.15092707,0.10175188,0.05196502,0.020509439,0.048553992,0.074135035,0.07709556,0.06535922,0.07532376,0.11197388,0.14415285
7.75,,,,,,,,,,,,,,,,,,,,,,,,,,,0.23794743,0.3108345,0.49562475,0.8104661,0.99472135,1.01505,0.9569123,0.8393787,0.66388685,0.4707181,0.32013166,0.22123598,0.17457144,0.16130514,0.17238168,0.20397304,0.25746647,0.32675403,0.39073667,0.43141988,0.46664366,0.49155167,0.49335217,0.48288196,0.4679219,0.45088896,0.43603253,0.42162523,0.40200275,0.3902921,0.3830939,0.3656065,0.35209057,0.33545032,0.30950928,0.28186256,0.2569064,0.23356058,0.22145705,0.21818945,0.21785916,0.21625192,0.20706071,0.19461457,0.17357402,0.15718198,0.14963634,0.13927816,0.12780896,0.1104582,0.09323527,0.0828683,0.07879607,0.078591496,0.08208969,0.086043656,0.1173321,0.1661499,0.23028503,0.30036813,0.35486975,0.38087368,0.39846137,0.4132742,0.40260366,0.38741228,0.39013994,0.38912964,0.38284796,0.38680774,0.40073648,0.40822944,0.38981572,0.35215604,0.3098128,0.2611599,0.21158305,0.16399619,0.11961684,0.09238631,0.086128786,0.10714376,0.16508837,0.25508264,0.3802849,0.412835,0.3755304,0.3201806,0.2821663,0.26668704,0.25644723,0.25888562,0.2897198,0.32369033,0.33627108,0.32577062,0.2990697,0.27790812,0.2593078,0.25819525,0.26995167,0.27872685,0.27766123,0.23468572,0.17521363,0.10985259,0.05256214,0.015787717,0.031316698,0.04266294,0.059948638,0.108840615,0.1629798,0.2136405,0.25435206,0.28563675,0.30786481,0.31915784,0.3246949,0.3260645,0.31979704,0.30648294,0.2907034,0.27411017,0.2571042,0.24072738,0.22510238,0.21137057,0.19902189,0.19304425,0.1942364,0.2010716,0.20972651,0.21118893,0.20838022,0.2019581,0.19193003,0.18042372,0.17403956,0.17631115,0.1853718,0.21074855,0.24669452,0.28524628,0.31085312,0.31025255,0.29060945,0.26322103,0.23942718,0.22440408,0.21280627,0.19634876,0.18018763,0.16955698,0.15937108,0.14614128,0.13188459,0.119596876,0.108222514,0.09271212,0.07178825,0.047343083,0.019971894,0.009772467,0.03341987,0.046586297,0.051449377,0.05431223,0.069749534,0.09289503,0.11099798,0.13001798,0.15750058,0.1830749,0.19621757,0.20088686,0.21904357,0.2503719,0.29009166,0.3504496,0.40518275,0.4266895,0.430219,0.41003928,0.3823349,0.3596825,0.3587209,0.3688476,0.36094195,0.31353036,0.2936068,0.28976795,0.2669894,0.24690337,0.24180825,0.24960804,0.25491127,0.25221708,0.24716158,0.24246605,0.24488485,0.24187352,0.21590142,0.17981914,0.15391347,0.14706768,0.16974808,0.21576595,0.28476474,0.3808439,0.47652325,0.53566605,0.5560392,0.5441225,0.5126003,0.48168877,0.44425386,0.40683717,0.36827022,0.33170012,0.3085835,0.29335624,0.2816732,0.27151817,0.27046877,0.28163224,0.2634441,0.22936909,0.19311191,0.16748881,0.15387353,0.14950775,0.15329541,0.16709936,0.20868628,0.2914332,0.35871974,0.38524148,0.38368493,0.37806377,0.36248788,0.32752335,0.18242623,0.12444142,0.12683856,0.0690517,0.0072605037,0.10095992,0.196662,0.22722988,0.16846712,0.14046387,0.13306926,0.10498786,0.08078238,0.13788414,0.15579665,0.16306297,0.17628288,0.177362,0.15014884,0.10147698,0.060300384,0.045836795,0.03542046,0.04842995,0.07238415,0.07521935,0.09529361,0.10373267,0.12547767,0.14920762,0.17441826,0.22688107,0.28388146,0.357282,0.38116404,0.40609288,0.47720087,0.48795545,0.35638043,0.23759167,0.6302034,0.8311388,0.9318731,0.96910596,0.9938575,1.0169636,1.0111775,0.9722232,0.9192966,0.8594546,0.7996263,0.7515047,0.722331,0.7223021,0.7538437,0.80829287,0.8648855,0.91784674,0.9683545,1.007067,1.0249412,1.0316993,1.0369612,1.0421245,1.0450671,1.0418198,1.0121292,0.9299037,0.8130468,0.6705292,0.50002074,0.3036014,0.18831281,0.33027613,0.45635885,0.5213393,0.53305787,0.51631916,0.4761653,0.4015757,0.3106461,0.2001637,0.070358284,0.14203744,0.24322082,0.37193072,0.37649417,0.27948603,0.21727788,0.1644703,0.16176587,0.1738437,0.16785578,0.17335413,0.17396136,0.17452466,0.22316898,0.39940137,0.5537428,0.45279688,0.37127388,0.31072274,0.2659626,0.23968661,0.2345262,0.2508263,0.2770776,0.27593786,0.261417,0.25081706,0.24445418,0.22856867,0.19004053,0.11990873,0.044909272,0.083151944,0.043078315,0.04958805,,,,,,,,,,,,,,,,,,,,,,,,0.105643585,0.23784606,0.3519771,0.42664006,0.45307365,0.39624998,0.27921814,0.20704854,0.16281016,0.29454407,0.38308,0.3966883,0.37633243,0.33123526,0.28747803,0.24923079,0.21329632,0.18719552,0.18701404,0.21583247,0.26596743,0.28700486,0.28891847,0.31485575,0.3365991,0.35222566,0.36759076,0.37622964,0.36732143,0.33342063,0.30485097,0.2958308,0.29535824,0.29769614,0.295479,0.28721902,0.28105912,0.27727678,0.27016258,0.26319337,0.26048008,0.25915486,0.25380176,0.23786195,0.225658,0.22233754,0.22242609,0.2264886,0.23647569,0.24944538,0.26078743,0.27225336,0.289608,0.3161007,0.3563599,0.4066098,0.44322717,0.45455542,0.45992267,0.45506373,0.43541515,0.42941287,0.44683635,0.45915437,0.45892558,0.44363874,0.4163769,0.38301247,0.35028052,0.33863956,0.34076884,0.34262154,0.34057802,0.33941138,0.3442723,0.359693,0.38440728,0.41005132,0.42909667,0.43235606,0.42577967,0.4189344,0.40165475,0.3710328,0.34450516,0.33032417,0.3176128,0.30944377,0.3128055,0.31609598,0.3072109,0.29428044,0.28724208,0.28509432,0.2842939,0.28611767,0.28704765,0.28124627,0.26081872,0.219945,0.16700025,0.10817788,0.047546834,0.015233943,0.07251133,0.114280194,0.13140859,0.12207412,0.11147838,0.13444999
7.6666718,,,,,,,,,,,,,,,,,,,,,,,,,,0.27035016,0.28726235,0.44953132,0.72048724,0.9751209,1.0603937,1.0051478,0.87881625,0.6963328,0.5077654,0.37268358,0.28321373,0.23414497,0.20751503,0.19818519,0.22473696,0.276416,0.33181334,0.38937694,0.44173083,0.46947825,0.4952412,0.5120043,0.49743977,0.47677702,0.45592508,0.4322236,0.40859625,0.38705578,0.36804393,0.3603129,0.35334536,0.33505905,0.32091314,0.30094954,0.27164426,0.24456637,0.22900875,0.21200517,0.20381948,0.20319007,0.19194426,0.17649703,0.17209612,0.17154077,0.17027427,0.17495039,0.17783158,0.17784455,0.17418228,0.16573304,0.15593205,0.14455932,0.13334954,0.1284548,0.12778787,0.13090935,0.16207214,0.21506914,0.2720844,0.32934442,0.37161118,0.40214783,0.42907766,0.4423659,0.43014872,0.41138214,0.40114158,0.38767916,0.37100643,0.3598302,0.36161223,0.37081498,0.35691178,0.32503587,0.2959813,0.2645553,0.22516684,0.18451226,0.15329461,0.13373856,0.12609047,0.151416,0.20393258,0.29722202,0.40356866,0.4161744,0.3687053,0.31599623,0.28110415,0.26215357,0.24929029,0.25711113,0.29922473,0.34354657,0.36356315,0.35687968,0.328019,0.30093148,0.27134266,0.2463055,0.23618431,0.22868931,0.2312393,0.2136735,0.16275075,0.10092709,0.045207586,0.025619747,0.064332634,0.09220979,0.08517538,0.07792397,0.11417859,0.16622138,0.21942043,0.26402202,0.2945318,0.3121939,0.32133868,0.32509348,0.3244541,0.3190944,0.30852234,0.29455525,0.2778169,0.2582981,0.23735054,0.21685289,0.19642779,0.18028449,0.17110379,0.1697341,0.1751697,0.1802481,0.18112923,0.17850439,0.17214473,0.16985025,0.17750005,0.19100146,0.20717643,0.23607713,0.27428767,0.31878692,0.34654036,0.34465078,0.3215533,0.289006,0.25532305,0.2293528,0.21023667,0.19378427,0.17765397,0.16512553,0.15531033,0.14357613,0.13357909,0.12846111,0.12479054,0.11485688,0.09525472,0.073042855,0.056232657,0.039655443,0.02666793,0.031079141,0.040513918,0.045494936,0.04775803,0.06487283,0.08796896,0.11824118,0.15143238,0.17238836,0.17510404,0.18004768,0.20717107,0.24014954,0.28702006,0.3561986,0.40859675,0.43353173,0.4340441,0.40730593,0.3782103,0.34984517,0.33255133,0.33428165,0.33145517,0.29142803,0.2729254,0.2804352,0.26633975,0.24460085,0.23830393,0.24942236,0.2564953,0.25611472,0.25414124,0.25304097,0.2546557,0.24597336,0.2147803,0.18192151,0.16455561,0.17237191,0.20999007,0.26213592,0.3304955,0.44078034,0.5303358,0.56851274,0.5736802,0.55408204,0.51265496,0.4676889,0.42202073,0.37910306,0.33912778,0.3007193,0.2728849,0.25391993,0.24301371,0.2332711,0.23304674,0.24025367,0.23082198,0.21685131,0.2121091,0.21454313,0.21498394,0.2046772,0.2056964,0.23380198,0.32880637,0.40052497,0.43014675,0.4338514,0.4166366,0.39940214,0.39010024,0.38787293,0.32702807,0.13563338,0.09223489,0.06363293,0.024343988,0.066251785,0.15300515,0.22064897,0.1982567,0.1567358,0.12404083,0.09430791,0.040708933,0.08630139,0.10419206,0.12169823,0.14787894,0.16671935,0.15062389,0.10422787,0.062409144,0.06676875,0.06658428,0.0673195,0.083170146,0.09462488,0.11603163,0.1275581,0.15001693,0.17627423,0.19321282,0.23214471,0.27419934,0.3310676,0.33827558,0.38289198,0.47244594,0.4534157,0.28995547,0.34670532,0.69929343,0.9020617,0.9926111,1.0236408,1.0444449,1.0535771,1.0183216,0.9470537,0.8757509,0.8124008,0.7472529,0.6881187,0.6396226,0.6163504,0.63624984,0.6887875,0.74448365,0.79546607,0.8437194,0.88928354,0.92677516,0.95740277,0.97921526,0.99110574,0.9948859,0.9934764,0.98947984,0.95498276,0.8799011,0.75760883,0.59249216,0.3867682,0.23367123,0.329004,0.44829497,0.5115333,0.51716745,0.48710674,0.43821102,0.36083066,0.27062285,0.15951137,0.03857716,0.1849567,0.3189039,0.4208271,0.3902426,0.28102314,0.21678048,0.19044003,0.15697736,0.13091317,0.12005691,0.13202009,0.18527226,0.29823515,0.45204446,0.59365696,0.59246665,0.436801,0.3572952,0.28992984,0.24996628,0.2330919,0.23298667,0.25077844,0.26409402,0.2625845,0.2514058,0.2490939,0.25332338,0.2416992,0.20718913,0.13958028,0.0444267,0.08989674,0.040241957,0.0540298,,,,,,,,,,,,,,,,,,,,,,,,0.028303394,0.15006578,0.24035656,0.30730626,0.34245,0.3087533,0.22050416,0.15348239,0.11698656,0.29691914,0.3503715,0.35990676,0.33657187,0.29939544,0.25953948,0.22313641,0.19053383,0.17206258,0.18226773,0.22222063,0.2730422,0.27910435,0.28316998,0.3034509,0.31857353,0.33647257,0.36161876,0.3814034,0.37578136,0.3509605,0.33221596,0.3220492,0.3185747,0.31426674,0.3073893,0.29808524,0.28785825,0.27974615,0.2705993,0.25967136,0.24955755,0.24390674,0.24313766,0.23768525,0.22637618,0.2197768,0.21713623,0.22013946,0.23232701,0.2489218,0.2624162,0.27582076,0.2925328,0.3136126,0.34761053,0.39735213,0.44563508,0.47207937,0.4819294,0.47955516,0.45944986,0.44477984,0.4503551,0.4411698,0.42524517,0.41160014,0.39149305,0.37459204,0.36913896,0.3721489,0.3725268,0.36767906,0.36118063,0.362741,0.3785443,0.4037703,0.42993602,0.4481335,0.45132315,0.44454852,0.4364867,0.4251428,0.40659738,0.3853156,0.36928445,0.35157397,0.32552212,0.30886325,0.30742505,0.30655017,0.29983708,0.2925902,0.28659993,0.27687746,0.26527053,0.2585558,0.26330328,0.2792456,0.29537946,0.2875284,0.24758053,0.18194215,0.11789834,0.057334263,0.026415545,0.08329245,0.13971941,0.17225368,0.17009385,0.15114276
7.583336,,,,,,,,,,,,,,,,,,,,,,,,,,0.2867909,0.34002817,0.6105733,0.90919864,1.0716363,1.0715094,0.95481473,0.76731443,0.56400746,0.42281914,0.34167805,0.28666085,0.24298267,0.22481531,0.25354895,0.30985162,0.35724726,0.38496694,0.41831803,0.45961344,0.48266062,0.50529337,0.51425755,0.49066278,0.46714696,0.4450783,0.4161132,0.38297355,0.3565096,0.34167013,0.33903253,0.3300111,0.31027892,0.2913082,0.27071014,0.24345668,0.22590935,0.22457767,0.2201832,0.21038915,0.19848259,0.18220133,0.17167252,0.17244163,0.1788333,0.19025415,0.20372999,0.20744754,0.2108154,0.21483944,0.21156129,0.20101672,0.18851848,0.18102172,0.18021092,0.17695643,0.17918058,0.20860149,0.26003033,0.31449404,0.3575481,0.38923755,0.42407447,0.45736212,0.46901286,0.45330667,0.42687216,0.4014186,0.3746507,0.34828714,0.32753584,0.31683698,0.3154066,0.30091593,0.27759692,0.25956407,0.24266757,0.21851069,0.19349304,0.17226098,0.1545617,0.15572499,0.1877271,0.23668882,0.34515887,0.416962,0.4051368,0.3560965,0.31151238,0.28182936,0.26482227,0.26181176,0.28298137,0.32276464,0.36273828,0.38949704,0.3932549,0.3761268,0.3499793,0.31523764,0.27360237,0.23962848,0.21400413,0.1964982,0.18488477,0.14944132,0.09048667,0.034457464,0.030753668,0.08054042,0.12668094,0.14202838,0.121559344,0.102704026,0.12830384,0.17985183,0.23244625,0.27279842,0.2984347,0.31442958,0.32309455,0.3253743,0.32309043,0.3184342,0.31100193,0.29834,0.2784701,0.25385073,0.22863056,0.20318405,0.17930393,0.16062197,0.15035394,0.15024525,0.15664592,0.15601657,0.15623409,0.16084094,0.16996913,0.18801767,0.20935324,0.23322374,0.26787892,0.31182426,0.3544551,0.3754379,0.36626327,0.33878767,0.30850935,0.2739085,0.24556564,0.21700448,0.19264202,0.17268932,0.15520808,0.14145479,0.1292257,0.12269461,0.12537019,0.13045523,0.12999685,0.12058195,0.10524048,0.090184316,0.073347725,0.055538632,0.042360585,0.03316166,0.025748601,0.0268411,0.040136315,0.07405382,0.11661789,0.1474527,0.15766674,0.1598422,0.16942103,0.19874771,0.23575136,0.29691988,0.36470333,0.40636837,0.42896345,0.42971724,0.40077993,0.3690683,0.33460414,0.30795592,0.3129898,0.31500944,0.28200376,0.25623345,0.26482663,0.25926015,0.24224938,0.23564254,0.24065118,0.23932639,0.23456246,0.23224992,0.23287125,0.23247424,0.21352147,0.18825285,0.17929798,0.18516661,0.21125165,0.24880756,0.2881968,0.37768522,0.49723178,0.57655287,0.59913266,0.5911188,0.5587262,0.5032617,0.44742113,0.39627606,0.3511703,0.3114431,0.27328065,0.23728313,0.21142314,0.19527219,0.1844418,0.19017774,0.19401346,0.18362117,0.18640028,0.19901517,0.22205931,0.2385911,0.2371631,0.25507718,0.34980303,0.43146068,0.45380318,0.44213727,0.42182177,0.39956388,0.38290638,0.37776497,0.3900731,0.38813227,0.28657725,0.10360921,0.05532761,0.03416711,0.05245104,0.1069799,0.17125838,0.20028374,0.18772565,0.14266251,0.09991846,0.0093142325,0.06148222,0.06301864,0.076548316,0.10648909,0.13833499,0.1426936,0.11609013,0.09385343,0.08852263,0.095787264,0.09623576,0.098083094,0.110074006,0.13947958,0.15482846,0.16556542,0.194119,0.21238562,0.24390988,0.27432275,0.29116732,0.26405245,0.2620361,0.3175307,0.27172133,0.116614245,0.40798417,0.7454834,0.94271266,1.0251838,1.0530071,1.0731257,1.0682567,1.0022849,0.9065545,0.8207855,0.75625014,0.6951399,0.63871187,0.57958174,0.5321333,0.5298441,0.5740519,0.62947446,0.6805822,0.72703993,0.76889455,0.80285555,0.8369173,0.87542224,0.9122323,0.930807,0.92920876,0.92836154,0.9201818,0.8787345,0.7805441,0.6257282,0.42745715,0.27018017,0.31523415,0.42227536,0.4796802,0.48462766,0.4493584,0.39338568,0.29807696,0.19893216,0.09080139,0.094210565,0.26411897,0.39461902,0.4515133,0.3970377,0.29308432,0.24375807,0.24070258,0.2336588,0.24233104,0.28405124,0.35400587,0.4534876,0.5733296,0.65168977,0.63070333,0.53063065,0.4084421,0.3255916,0.26629066,0.23719072,0.22971562,0.23203872,0.24135816,0.24428813,0.23958562,0.23315096,0.23639312,0.24711044,0.24465068,0.22011533,0.167289,0.076850995,0.06592471,0.040417667,0.05497028,0.052608013,,,,,,,,,,,,,,,,,,,,,,,,0.09033877,0.17408626,0.24029717,0.2671091,0.24641523,0.19432592,0.14961469,0.19619149,0.2961074,0.32587168,0.32523894,0.29492012,0.26731846,0.23452656,0.20418006,0.17824697,0.16689856,0.18164127,0.22963926,0.26692104,0.26404998,0.27088475,0.28839684,0.30261874,0.31834757,0.34472468,0.36663756,0.36883378,0.36359963,0.3538758,0.3421688,0.33477372,0.32768828,0.3190514,0.30918875,0.29556307,0.27961418,0.2671446,0.25926802,0.24813488,0.23316655,0.22468726,0.22401582,0.22590992,0.22215334,0.21603349,0.21790314,0.23055893,0.25019968,0.26541683,0.27853683,0.29568276,0.31341395,0.33691072,0.371745,0.413045,0.4508326,0.4736705,0.47395477,0.4582903,0.43906873,0.42139322,0.40067136,0.3896161,0.37917933,0.37271914,0.37789315,0.38837186,0.39411426,0.39027587,0.38155228,0.37581038,0.38022634,0.40137336,0.42554125,0.44279546,0.45486695,0.45713893,0.44977978,0.43640313,0.42048356,0.40693912,0.3974229,0.3857629,0.360828,0.32783258,0.30810776,0.301026,0.2963528,0.28889182,0.27847642,0.2679875,0.25144953,0.2324092,0.21551985,0.20650621,0.21650313,0.25681466,0.30366492,0.31666422,0.2695432,0.20705573,0.13982502,0.07568385,0.045052722,0.09107323,0.156179,0.20103173,0.20486711
7.5,,,,,,,,,,,,,,,,,,,,,,,,,0.28476578,0.2758763,0.497833,0.8314567,1.0457577,1.1052306,1.0295407,0.8462622,0.6360397,0.48995212,0.40319383,0.33558568,0.2636236,0.22467759,0.25737858,0.32702795,0.3735758,0.40514833,0.41780713,0.4474357,0.48774233,0.51165634,0.52560806,0.5253939,0.49741605,0.46417868,0.43870506,0.40751657,0.37191844,0.34811917,0.3354714,0.32804218,0.31147817,0.29033968,0.2644702,0.24657427,0.23166898,0.22408785,0.23053464,0.23597029,0.22565006,0.21335027,0.2074518,0.20789984,0.21308987,0.2157877,0.2238907,0.23266806,0.23693828,0.24224323,0.24504812,0.24018537,0.2326331,0.22673278,0.22333005,0.2231057,0.22002332,0.22493005,0.25446993,0.30069965,0.35172358,0.38780722,0.4144185,0.44749668,0.47928298,0.4914431,0.47112525,0.43441212,0.39388126,0.35479176,0.3204231,0.29626542,0.27938733,0.2676533,0.25073472,0.23017228,0.21210067,0.1977564,0.18576421,0.1781549,0.17060739,0.16494662,0.1863441,0.22391243,0.28090307,0.37692654,0.4053066,0.37523177,0.33719045,0.30797362,0.2890954,0.28639433,0.3022048,0.33247158,0.36107773,0.386475,0.41092253,0.42609772,0.42695564,0.40821204,0.37113598,0.31917188,0.27042985,0.23179916,0.19840062,0.17266992,0.14134479,0.08740598,0.025614452,0.03681424,0.09753088,0.15082882,0.18154205,0.17755374,0.14481716,0.12464564,0.14842872,0.19687423,0.24310802,0.2771899,0.29964298,0.31362534,0.31884187,0.31661725,0.31289557,0.3085953,0.2994889,0.28224456,0.25929338,0.23506878,0.2094737,0.18259713,0.16011986,0.14544067,0.14025164,0.14496543,0.14323555,0.14656721,0.15720667,0.17686073,0.20236012,0.22860312,0.25896844,0.30030173,0.34528813,0.38073602,0.39094117,0.37436843,0.34448487,0.3164805,0.28457332,0.252321,0.21739338,0.18823035,0.1649422,0.14327765,0.12222912,0.10733972,0.103478275,0.10830282,0.11560166,0.12079928,0.124397755,0.12261233,0.11494796,0.100875795,0.08490019,0.066701725,0.04652911,0.027847318,0.013583505,0.031993233,0.07630206,0.11998784,0.14623971,0.14846677,0.15366778,0.16391882,0.18914966,0.23579647,0.31517532,0.37517044,0.40457878,0.4167288,0.41437945,0.38797805,0.35751238,0.31709605,0.28698307,0.29668683,0.30302656,0.28040096,0.25588828,0.25668004,0.24713872,0.23065384,0.22400147,0.22597499,0.21891198,0.20910321,0.20699081,0.20793016,0.20271632,0.19257508,0.18800873,0.18718137,0.19919024,0.23548512,0.26872718,0.31748614,0.4451049,0.5638669,0.61850756,0.62897456,0.605905,0.5549118,0.4892955,0.42275995,0.36654449,0.32030755,0.27908635,0.23881914,0.20655833,0.18367693,0.16607594,0.15333685,0.14909212,0.14939225,0.15902993,0.17354175,0.19149591,0.21091989,0.22545795,0.2600096,0.3658882,0.4432669,0.46113676,0.4446513,0.41095322,0.3757978,0.35287398,0.340378,0.3417821,0.3611133,0.38394392,0.35907134,0.2146354,0.067565344,0.03738817,0.04843492,0.08069041,0.12459266,0.16522485,0.1849691,0.16981487,0.13057394,0.032758344,0.016883487,0.020123174,0.03274236,0.06342796,0.10996311,0.13546649,0.121265516,0.100099206,0.115905665,0.13466425,0.13773443,0.12879683,0.13199408,0.15901701,0.18122645,0.18627237,0.20205387,0.22124986,0.2518038,0.2854971,0.2704113,0.20917803,0.1409637,0.14076406,0.12521222,0.17609093,0.48701218,0.7711885,0.9581998,1.0360363,1.0669357,1.0921887,1.0701402,0.97441614,0.86352557,0.771973,0.69608474,0.62441826,0.5706612,0.5085304,0.46733078,0.44877112,0.47165677,0.5226872,0.5744777,0.61932623,0.6619642,0.6933521,0.7210796,0.75455594,0.7983795,0.8366324,0.8503829,0.8426162,0.8350739,0.8178126,0.7427926,0.6070549,0.43516096,0.28924745,0.29515752,0.37434745,0.42151985,0.43310717,0.3974045,0.31646866,0.19730116,0.11550813,0.14219655,0.2329879,0.3626458,0.46095526,0.48070484,0.4013518,0.29478833,0.24709177,0.26403612,0.32159922,0.41243806,0.50646627,0.57711536,0.6342989,0.65791374,0.62884414,0.5450514,0.45019132,0.3661377,0.2994063,0.2511052,0.21727666,0.20775604,0.21094686,0.22028178,0.22141917,0.21884176,0.21127868,0.21468009,0.2306752,0.24320953,0.23540753,0.19896518,0.12268495,0.07773839,0.059115138,0.052141815,0.057942607,,,,,,,,,,,,,,,,,,,,,,,,0.060130388,0.154675,0.24139614,0.26394054,0.25918084,0.2240143,0.038061336,0.25929067,0.28688237,0.3043813,0.2812104,0.26097894,0.24439134,0.22474928,0.19909893,0.1747257,0.16406934,0.18773213,0.23271424,0.25025052,0.24428038,0.24717711,0.25966683,0.27176747,0.28627926,0.3097005,0.33491936,0.35004535,0.3569909,0.3517989,0.34404793,0.34276143,0.34110254,0.33551365,0.3237026,0.30625704,0.28690708,0.27251086,0.26113158,0.24986996,0.23205203,0.21471779,0.2089889,0.21388331,0.22099607,0.22092055,0.22110932,0.23263443,0.25199193,0.26802486,0.28212696,0.29912356,0.3148237,0.33131123,0.35328594,0.38076332,0.41074312,0.43825185,0.45155326,0.44383386,0.42574412,0.40838823,0.38609388,0.370222,0.36475182,0.3722468,0.38642123,0.39958313,0.40366837,0.40010953,0.3944361,0.3918828,0.39783242,0.41562676,0.43612242,0.45352915,0.46634397,0.4671562,0.45637843,0.43950418,0.42140362,0.40787104,0.39827433,0.38390297,0.3556,0.32243797,0.30056685,0.28844136,0.27997527,0.26979622,0.25700814,0.24465302,0.22587827,0.20464177,0.18200287,0.16140114,0.15629646,0.18184675,0.2376743,0.30174664,0.3247129,0.29507834,0.23245817,0.15811005,0.09207844,0.06450897,0.1067029,0.17499614,0.22157824
7.4166718,,,,,,,,,,,,,,,,,,,,,,,,,0.3136669,0.39797774,0.69515216,0.99430704,1.1118746,1.0714747,0.9111634,0.700872,0.53276485,0.44779208,0.3796971,0.29429126,0.2186435,0.24508455,0.3190458,0.37884453,0.41944012,0.44902635,0.46960562,0.50533724,0.53868717,0.55945516,0.5596688,0.5453136,0.50808936,0.46518975,0.4364552,0.40502408,0.37518606,0.35746488,0.34111556,0.32404724,0.30397242,0.28307647,0.25268322,0.23978706,0.23936939,0.24608038,0.25608853,0.25676087,0.24528793,0.24070422,0.24562992,0.24965101,0.2523745,0.25222895,0.25633374,0.2639779,0.26933792,0.2706345,0.26807132,0.26380432,0.26246917,0.26183903,0.2603392,0.26150373,0.25853112,0.2627907,0.29244003,0.33474776,0.3764254,0.4097749,0.43755263,0.46817976,0.49839622,0.5061056,0.47648284,0.42817196,0.37571454,0.32822132,0.28995708,0.26477167,0.2460119,0.23018993,0.2118658,0.19153579,0.16839567,0.15425152,0.15332577,0.158302,0.165672,0.17767876,0.21153551,0.25015983,0.31989112,0.379324,0.37311643,0.3396566,0.32045257,0.30998358,0.31193238,0.33458748,0.3694487,0.40102744,0.42053637,0.43282208,0.44267932,0.45620006,0.46816155,0.4609954,0.4249356,0.3676888,0.31267634,0.2631482,0.21950953,0.17896007,0.14008412,0.09360894,0.03778863,0.04352038,0.1129311,0.16793144,0.20475292,0.21709324,0.19724983,0.16099738,0.14562446,0.170628,0.21412677,0.2546168,0.2827075,0.29879805,0.30625036,0.30623385,0.30168927,0.29602215,0.28664196,0.2699887,0.2501197,0.23057716,0.20972906,0.18705995,0.16811405,0.15387338,0.14656225,0.14477895,0.14421281,0.15013601,0.16284569,0.19063903,0.22412446,0.25298592,0.29068503,0.3380663,0.37870815,0.4008073,0.3949824,0.3699046,0.33893937,0.31160718,0.28057423,0.24577622,0.20600088,0.17267953,0.1428717,0.11530963,0.09000116,0.07470757,0.07560285,0.085888445,0.0993552,0.114799984,0.12879536,0.13605587,0.13499579,0.12473452,0.11265189,0.098703146,0.07829472,0.050679594,0.01626424,0.0275401,0.07845978,0.12316822,0.14362605,0.14414309,0.1478591,0.1520967,0.18386643,0.2482002,0.33530143,0.38085008,0.40140468,0.40632254,0.39679468,0.3708776,0.34252623,0.30140877,0.27534014,0.28770286,0.28957075,0.27097777,0.2529697,0.24784145,0.23244263,0.215898,0.21199632,0.21478719,0.20991006,0.20091857,0.19688383,0.19177103,0.18411319,0.18513064,0.19137542,0.20035453,0.22137403,0.24857308,0.27462003,0.37112096,0.52099514,0.61135995,0.6449921,0.6404365,0.6018522,0.5368262,0.4696925,0.40804747,0.35159934,0.29959145,0.24679282,0.19712025,0.17341164,0.167943,0.16524728,0.1596947,0.14835119,0.1498415,0.16474986,0.17070693,0.18758714,0.2125801,0.23758939,0.32177746,0.4059986,0.4356926,0.42183146,0.39717713,0.36831862,0.33700916,0.31496015,0.30267859,0.30205753,0.31542832,0.3449045,0.3625304,0.28993967,0.13081124,0.056860823,0.051564593,0.06809168,0.09426671,0.12993862,0.16094305,0.17189263,0.15537483,0.07934541,0.037443414,0.027344422,0.01086554,0.02786158,0.08305967,0.12120037,0.12939991,0.13503557,0.14268194,0.1629537,0.17625481,0.17056307,0.16005507,0.17602372,0.19586192,0.2000924,0.20904568,0.2221205,0.24587953,0.28434455,0.28042614,0.24255078,0.20698188,0.22989716,0.28407615,0.38160914,0.56447935,0.745869,0.93519765,1.0195746,1.0647318,1.1011587,1.0647014,0.9493918,0.8375075,0.7514886,0.652943,0.56372935,0.4882784,0.40981653,0.39432126,0.4010302,0.40523046,0.42249742,0.45826882,0.49839893,0.5407605,0.5771474,0.6084764,0.6423662,0.6796034,0.7214556,0.7453723,0.7365785,0.72982484,0.7178513,0.6603159,0.55779964,0.4129002,0.28084046,0.25506246,0.30420333,0.35221377,0.37214497,0.3158034,0.20231295,0.11324459,0.15708342,0.25043187,0.35252136,0.44089133,0.48522732,0.47405294,0.38319814,0.2979491,0.25043243,0.2768155,0.37441784,0.4920335,0.57144225,0.60518926,0.6093209,0.5775935,0.52124697,0.4506594,0.37762943,0.30807418,0.2460488,0.20200196,0.18221292,0.18832216,0.1975695,0.19183786,0.18913808,0.19359024,0.18820538,0.1956782,0.21927306,0.24245834,0.2489916,0.22726965,0.17890203,0.14277968,0.10664034,0.07054657,0.066692434,,,,,,,,,,,,,,,,,,,,,,,,,0.15079379,0.24588808,0.27663618,0.28288457,0.2097923,0.19725198,0.27454782,0.2825442,0.269525,0.24062632,0.23484536,0.23350345,0.2253405,0.2045844,0.17751527,0.16665618,0.19736832,0.23265254,0.23781916,0.22841635,0.2279169,0.23580341,0.24454716,0.24944621,0.26562208,0.29737303,0.3262353,0.342611,0.34737006,0.35123447,0.35517293,0.35596675,0.34954944,0.3334085,0.31490275,0.29631516,0.28198883,0.26863724,0.253443,0.23598538,0.21860729,0.20632753,0.20495245,0.21303093,0.22388253,0.23264642,0.24111074,0.25251818,0.2669313,0.2831444,0.29959756,0.31420904,0.32689634,0.34046018,0.35904315,0.38464177,0.41227636,0.42977607,0.430912,0.4212338,0.4062376,0.38718164,0.3688256,0.3637046,0.3744442,0.39233154,0.40467647,0.40870592,0.40903425,0.40620574,0.40452635,0.41186652,0.4291681,0.45063812,0.4681603,0.473897,0.46897537,0.46024477,0.44796667,0.42987514,0.4117736,0.39510164,0.37546664,0.34703374,0.3147762,0.2880703,0.2704393,0.25951844,0.25138688,0.24336782,0.23204093,0.21338418,0.19254777,0.17094165,0.14949101,0.13812974,0.13627133,0.14404945,0.19150276,0.27541992,0.33216795,0.31083006,0.24383457,0.17168409,0.111180104,0.0926362,0.13363324,0.19317172
7.333336,,,,,,,,,,,,,,,,,,,,,,,,0.3148678,0.31031904,0.5565318,0.9077537,1.1065326,1.1044605,0.9630213,0.7461234,0.57854277,0.48430368,0.41035563,0.32153556,0.22548302,0.22808616,0.3041118,0.3706761,0.4211909,0.45711532,0.49973375,0.53508395,0.56770194,0.58125114,0.58326423,0.5706088,0.5402617,0.49636132,0.4533395,0.4231073,0.398243,0.3814935,0.3690297,0.34986997,0.32937768,0.30798385,0.28738493,0.26268414,0.2581976,0.26645344,0.27793932,0.28458703,0.27519894,0.26644263,0.26583788,0.2727669,0.2806764,0.28712025,0.29112384,0.29379585,0.29564685,0.2945487,0.29172796,0.29046527,0.29166213,0.29432958,0.29567862,0.2953301,0.29754114,0.29578674,0.29764345,0.32788825,0.36552268,0.3952237,0.4229963,0.4498253,0.47552076,0.49604502,0.49326277,0.4589352,0.4076526,0.34839696,0.29613975,0.2541509,0.22977038,0.21683253,0.20229672,0.18726593,0.16323256,0.14384139,0.13743965,0.14298335,0.15479939,0.16707277,0.18714,0.22353967,0.2735612,0.33739677,0.35427603,0.3282513,0.308903,0.31655955,0.33258185,0.3637158,0.40924826,0.45336834,0.4812406,0.49380198,0.4915834,0.48405084,0.4829583,0.48969635,0.49358836,0.46549913,0.40825814,0.34540153,0.28493935,0.2384135,0.1930841,0.1469515,0.1048087,0.061302986,0.046130758,0.11732722,0.17965615,0.21955475,0.24040404,0.23676696,0.20788257,0.17418817,0.16624743,0.19149804,0.22893655,0.25676864,0.27198324,0.28205255,0.28565326,0.28227228,0.2756262,0.2655973,0.2494509,0.23174211,0.21540697,0.19891767,0.18110885,0.16839229,0.16021879,0.15225928,0.14768608,0.15016273,0.15905128,0.18325414,0.21958247,0.25700825,0.29035172,0.33639893,0.3818522,0.41029137,0.41433755,0.39216363,0.35604548,0.32184085,0.29064924,0.2553996,0.21860456,0.17661859,0.13651372,0.105827175,0.08432401,0.066192545,0.055304438,0.06025493,0.07528655,0.09149455,0.11365568,0.13563393,0.14810762,0.152136,0.14768554,0.13967225,0.12843731,0.106847614,0.07203119,0.03215824,0.02737553,0.07240205,0.11990546,0.13916886,0.14106043,0.14552882,0.14744315,0.18834166,0.27718446,0.35844132,0.39093557,0.40257296,0.39610583,0.37712237,0.35378632,0.32636023,0.2928309,0.27638578,0.28587776,0.27979016,0.2588659,0.24508038,0.23669894,0.22104807,0.20627584,0.20357727,0.21179155,0.21183543,0.19852701,0.1846284,0.17921337,0.17960367,0.18553586,0.19338492,0.20160761,0.22335082,0.24262531,0.28074196,0.4372168,0.58404535,0.6332279,0.650582,0.6302095,0.580067,0.51920503,0.46338406,0.4103924,0.34789544,0.27953848,0.2217241,0.18896483,0.19962907,0.20445651,0.19074538,0.20217995,0.19824864,0.20333451,0.22200055,0.20429283,0.22327112,0.29350322,0.33761665,0.36907682,0.3825535,0.38318306,0.36767912,0.35340765,0.34472567,0.3322754,0.31797695,0.3029158,0.2926255,0.29394907,0.31515193,0.3455319,0.32083008,0.18239449,0.08698936,0.08563512,0.08647459,0.089454256,0.10001202,0.124130026,0.14914696,0.15484644,0.12641607,0.09978011,0.08655752,0.075662896,0.0712962,0.09622589,0.13302109,0.1377413,0.15585507,0.18286976,0.19590075,0.20708902,0.20571174,0.19184747,0.19532682,0.20374587,0.21155533,0.21637492,0.21838352,0.22940391,0.25357652,0.2745799,0.30504417,0.323771,0.35987058,0.40901196,0.47485104,0.5452073,0.66859764,0.88548154,0.98214185,1.0520775,1.0947708,1.0437564,0.9181268,0.8187538,0.7507184,0.64188087,0.5425081,0.44121432,0.34665483,0.3098203,0.31297618,0.33553717,0.34836403,0.36291176,0.39613992,0.42918083,0.46889293,0.5041484,0.5347298,0.5654208,0.6083726,0.642971,0.6409195,0.63205916,0.6022882,0.55520624,0.49476793,0.37975845,0.25701696,0.20244612,0.22865584,0.26656452,0.2776197,0.22004543,0.11744512,0.14903897,0.26279062,0.36773047,0.45400602,0.49454972,0.4992423,0.46159762,0.3879066,0.30463058,0.2612874,0.30334026,0.41328564,0.51040524,0.5479165,0.537299,0.5055284,0.46101952,0.4081659,0.35122767,0.28376153,0.21206252,0.15567677,0.12813514,0.12960109,0.13991374,0.16925429,0.17890061,0.17991348,0.18430537,0.185662,0.1876501,0.20379597,0.2228968,0.24389356,0.2377615,0.20186256,0.17769332,0.13301843,0.095734954,0.09133449,,,,,,,,,,,,,,,,,,,,,,,,,0.13362476,0.265551,0.29561108,0.2886081,0.09669677,0.26020995,0.26380482,0.26030865,0.22379187,0.215996,0.22216827,0.23568466,0.2365722,0.21612029,0.1820795,0.18290916,0.214727,0.23699135,0.23819636,0.22920506,0.22586247,0.23136345,0.2354942,0.23658894,0.24529071,0.26785555,0.29445523,0.31964433,0.33485964,0.34607607,0.3543643,0.36116877,0.35829696,0.3439291,0.32612568,0.30785638,0.2928611,0.27892458,0.26385635,0.24695843,0.22879726,0.21188852,0.20175916,0.20409635,0.21888053,0.23893741,0.24887364,0.25310943,0.26504216,0.28204897,0.30025598,0.3145194,0.3238349,0.3335319,0.3487407,0.37023017,0.39265978,0.40895724,0.41888738,0.41900453,0.40933093,0.3957244,0.3828142,0.37727168,0.3793244,0.38757035,0.39678305,0.40231726,0.40594316,0.40627673,0.4053326,0.41688448,0.44071472,0.4618608,0.4728071,0.4719014,0.4645862,0.45972443,0.45290798,0.4378091,0.4166977,0.3932464,0.369007,0.34239584,0.31236628,0.28340828,0.26131323,0.2467133,0.23878598,0.23393002,0.21977319,0.19815317,0.17661335,0.15929699,0.14317808,0.13306874,0.1285372,0.12893638,0.12557203,0.13600846,0.2211493,0.28552908,0.28108078,0.23290026,0.17174575,0.12615868,0.13295385,0.17512654
7.25,,,,,,,,,,,,,,,,,,,,,,,0.2676083,0.3405648,0.46329975,0.7772713,1.0625502,1.1513289,1.0382797,0.8160376,0.608075,0.5153563,0.4539286,0.35486758,0.24233037,0.2141802,0.28935254,0.35477364,0.41073877,0.453149,0.49376115,0.54482275,0.5766139,0.5908164,0.57849854,0.56229556,0.54390967,0.51180536,0.4704855,0.43307978,0.4131405,0.40067217,0.39106324,0.3747497,0.35554323,0.33720085,0.315265,0.29570323,0.28712004,0.29597947,0.31039742,0.31621778,0.3116386,0.29990584,0.29064727,0.28924978,0.3009829,0.31291732,0.3155448,0.31513727,0.31411678,0.31211528,0.3102549,0.31195122,0.3180104,0.32404858,0.32699388,0.3263731,0.32409862,0.3263812,0.33292,0.33563662,0.3542401,0.38233432,0.40355086,0.4246359,0.4467122,0.46128288,0.46483067,0.45248342,0.41869426,0.36715332,0.31041685,0.26109335,0.22915335,0.2075432,0.19199246,0.1723153,0.16317391,0.14553206,0.13256142,0.13249339,0.14459608,0.15762006,0.16187821,0.18364437,0.22477561,0.28735685,0.3180407,0.30722952,0.28945944,0.3002179,0.33814234,0.3863807,0.44404474,0.501045,0.5432713,0.5610977,0.55839413,0.5413254,0.51912135,0.5005651,0.49365842,0.49957424,0.48207432,0.42949915,0.36379746,0.3039854,0.25638947,0.21203907,0.16516705,0.117407,0.07654858,0.06272798,0.108798176,0.17921291,0.2285013,0.25521863,0.2613541,0.24686109,0.21365356,0.18417871,0.18164754,0.20419088,0.22959872,0.24600038,0.25666133,0.26070043,0.25632355,0.2476372,0.2365399,0.2216967,0.20644432,0.19294363,0.17850393,0.16692524,0.16408235,0.16016258,0.15506612,0.15363935,0.16138606,0.18229301,0.21952721,0.26251918,0.30427682,0.3479885,0.3934125,0.4248589,0.43416128,0.41734403,0.37983918,0.33328933,0.2930786,0.25764647,0.22408019,0.19153298,0.1579701,0.12061357,0.08907126,0.0677615,0.04974471,0.041451357,0.057192914,0.079392105,0.09800209,0.1179792,0.13949735,0.15647918,0.1664071,0.16957706,0.1655408,0.1520215,0.12529854,0.08769483,0.050570816,0.036000438,0.065993965,0.11007055,0.1290184,0.13540061,0.14071195,0.15344526,0.20822054,0.3046796,0.36591902,0.3932496,0.39979652,0.38380897,0.3603219,0.33402115,0.30978972,0.28363347,0.27366906,0.27783865,0.26416007,0.24720977,0.24127616,0.23535667,0.21712506,0.1977133,0.18663494,0.19115536,0.19289267,0.18463562,0.17302404,0.16392617,0.15977533,0.16831976,0.18207781,0.19497074,0.2074432,0.2224989,0.30293104,0.49936306,0.6167388,0.6349414,0.63983566,0.6130806,0.56147707,0.51112884,0.4634246,0.41656962,0.33907774,0.26155707,0.21651453,0.23064588,0.28823727,0.30577505,0.30302918,0.31452036,0.3184383,0.3383417,0.34042123,0.31505942,0.35147592,0.3771669,0.3658758,0.3471442,0.34387442,0.3536844,0.3640182,0.36538565,0.35857373,0.3397035,0.31404412,0.2910727,0.27657297,0.27409488,0.29163638,0.325642,0.32341662,0.20330127,0.10992872,0.113759205,0.1106859,0.104076914,0.09119994,0.094592646,0.121653154,0.14255303,0.14753182,0.14543761,0.14047533,0.13263176,0.12698156,0.133043,0.14915319,0.16746339,0.17120956,0.19950728,0.22754587,0.23471484,0.23168226,0.21532749,0.21033345,0.20754547,0.20527779,0.20730583,0.20051114,0.20165946,0.20704783,0.22944556,0.343952,0.40221894,0.42963475,0.45478642,0.45084572,0.40461105,0.62998384,0.8422527,0.9420235,1.0324146,1.0766338,1.0118407,0.8871497,0.80733293,0.75629205,0.65553224,0.55848026,0.45535856,0.32467532,0.249397,0.22277758,0.22708659,0.25268647,0.27876034,0.3119782,0.33493257,0.37711397,0.41721565,0.4342199,0.4576806,0.5067153,0.5587206,0.5657969,0.54567504,0.5113349,0.4790673,0.43214118,0.33880788,0.22372857,0.13596067,0.13296767,0.16411872,0.2027014,0.24601641,0.2576195,0.28801554,0.36788696,0.45268542,0.512788,0.53766793,0.5321068,0.48913598,0.4170834,0.3240061,0.30227813,0.35361305,0.42549604,0.4689606,0.46257117,0.42670378,0.38009474,0.32622677,0.26707903,0.1981628,0.13598706,0.085229255,0.0476422,0.07434514,0.13161103,0.18041234,0.21103688,0.21145353,0.20541611,0.20709607,0.20558415,0.20027077,0.19635855,0.20039739,0.22048023,0.22920136,0.20961677,0.20961662,0.16267128,0.1368399,0.124664575,,,,,,,,,,,,,,,,,,,,,,,,,0.133135,0.29347813,0.32799783,0.26887262,0.18332523,0.25503954,0.2416885,0.22542408,0.20536579,0.20681469,0.2269427,0.24537055,0.24200371,0.21927722,0.20783933,0.22021206,0.24533127,0.25807407,0.25702745,0.2541292,0.2532471,0.25537318,0.25543448,0.25183606,0.250379,0.26068148,0.27691644,0.2936131,0.3066326,0.3211953,0.33742446,0.35226738,0.36010018,0.3589767,0.35210925,0.3364475,0.3116314,0.29007423,0.2755318,0.26160312,0.2431669,0.22302821,0.2088223,0.20374672,0.21028216,0.22536185,0.24125873,0.24946672,0.25703368,0.2719716,0.2883943,0.30294907,0.31376216,0.32380584,0.338764,0.35788774,0.37854943,0.39594147,0.40750116,0.41449594,0.4136619,0.40697813,0.39815158,0.38656217,0.37506843,0.37077385,0.3735009,0.37793747,0.38355047,0.38800302,0.3906005,0.40711728,0.43503803,0.45528436,0.4644547,0.46435043,0.45848438,0.45408174,0.45038584,0.43959558,0.41988277,0.39587912,0.37185672,0.34653232,0.31945792,0.28999907,0.26227388,0.24193245,0.22846639,0.21567176,0.19316915,0.17008068,0.1481803,0.14014424,0.1334029,0.124775656,0.109825656,0.10926342,0.13251024,0.14956997,0.15193051,0.15011482,0.2024332,0.22849372,0.1995729,0.15861197,0.14049837,0.16285041
7.1666718,,,,,,,,,,,,,,,,,,,,,,0.21413146,0.2645225,0.33188403,0.6315175,0.9620598,1.1323806,1.1048156,0.91488785,0.679771,0.54844725,0.49035951,0.40455624,0.2787616,0.20045856,0.26740155,0.33963048,0.3946041,0.43940702,0.47784728,0.51927423,0.5542122,0.57152355,0.5710327,0.5477398,0.5326289,0.5197014,0.49224958,0.44949567,0.4186135,0.41033044,0.41031012,0.40001252,0.37681615,0.35935494,0.346252,0.33313665,0.32499588,0.32386765,0.33709297,0.3514357,0.3561539,0.34707326,0.33252847,0.31335482,0.30983242,0.32457626,0.33857605,0.34002042,0.33605558,0.33082837,0.32713425,0.32723042,0.3327358,0.34141594,0.34810048,0.34997725,0.34801656,0.34562543,0.3490225,0.36048338,0.3714376,0.3782977,0.39247274,0.40277067,0.41123268,0.4196671,0.4160116,0.40220222,0.38833886,0.35950416,0.3156961,0.2716256,0.23048472,0.20373212,0.18551183,0.16448362,0.14378022,0.13357033,0.12175743,0.11191496,0.1104002,0.12342219,0.13403952,0.15115368,0.17687657,0.23473623,0.26812866,0.26704404,0.2632276,0.2876252,0.3382152,0.40447754,0.4762632,0.54419655,0.5979999,0.6302159,0.63429064,0.61502004,0.5835571,0.54703337,0.5139375,0.49212718,0.48897493,0.4773249,0.4334238,0.37386835,0.31473058,0.26266092,0.2228846,0.17948233,0.12895508,0.086976565,0.0714939,0.10016972,0.16419213,0.22574659,0.2622374,0.27528605,0.27034897,0.24413663,0.20857368,0.18666518,0.18734252,0.2034475,0.21859302,0.22670761,0.227551,0.22207889,0.21333975,0.20268413,0.19030188,0.17744929,0.16551065,0.15770203,0.15785569,0.16126487,0.16415785,0.16288513,0.1652706,0.18754967,0.22818217,0.27585116,0.32142755,0.36873418,0.4148045,0.4463166,0.4528566,0.43894786,0.40593782,0.35727194,0.30485368,0.26030767,0.23230878,0.2103511,0.18370074,0.15233676,0.11456842,0.07711301,0.044668008,0.013533257,0.02437648,0.063636854,0.092942774,0.11363388,0.13370751,0.15337017,0.17100711,0.18346392,0.18941239,0.18514161,0.16746657,0.1385966,0.1057369,0.07272218,0.051486254,0.0678493,0.100033514,0.121107794,0.13040718,0.13703944,0.17014232,0.25301284,0.3341743,0.37368104,0.4013778,0.3970257,0.36709982,0.34055617,0.31388187,0.2925858,0.26285887,0.25670686,0.2603839,0.24656743,0.23687387,0.23996776,0.23963144,0.22837542,0.21170354,0.18931168,0.17624177,0.1730431,0.17100202,0.1640478,0.1510782,0.14588578,0.15655275,0.17219582,0.18326646,0.18573245,0.20488359,0.3468253,0.54672974,0.62238604,0.6278156,0.6219643,0.5948758,0.54867506,0.5106075,0.47094977,0.4288966,0.34344307,0.26799688,0.2509094,0.32567102,0.40174577,0.42187667,0.42953882,0.43362975,0.41910544,0.41828984,0.40546238,0.3836086,0.37121248,0.37405834,0.3804752,0.37847853,0.38254872,0.39802003,0.40820706,0.3992999,0.3794713,0.34880984,0.32052255,0.3006735,0.28369656,0.2776855,0.28270048,0.30750918,0.30943927,0.19599146,0.11609576,0.13196537,0.12702854,0.11838764,0.097147785,0.07533067,0.08897617,0.1153842,0.13659102,0.14892916,0.15503982,0.15530528,0.15112004,0.14934556,0.15601094,0.17835394,0.197596,0.21012019,0.24278033,0.25364205,0.24778333,0.22797641,0.21063435,0.20036316,0.19078541,0.1799271,0.16241696,0.16105169,0.15403041,0.26083538,0.34886417,0.35230514,0.29938027,0.29972804,0.24499398,0.21726839,0.6959691,0.8042884,0.90402704,1.0151831,1.0604247,0.9813834,0.8620814,0.7971582,0.7608772,0.6740819,0.5799027,0.49190518,0.35761544,0.23413314,0.15681137,0.10708861,0.11157509,0.1496592,0.20236276,0.24351056,0.29013708,0.33725905,0.35409892,0.39557725,0.45844942,0.51836073,0.5126461,0.4874011,0.4608431,0.43347433,0.39453214,0.3177051,0.18525717,0.08882585,0.024946544,0.14210007,0.28442416,0.37601888,0.3988204,0.42835462,0.4813511,0.5301625,0.5581058,0.5643409,0.5516796,0.5100832,0.44845143,0.3870603,0.36032784,0.40759444,0.4267157,0.4106474,0.36541024,0.31228068,0.25143036,0.18337019,0.11568754,0.03987292,0.044184554,0.10396748,0.16179588,0.22490317,0.2802241,0.31569174,0.3312935,0.33684555,0.3372117,0.31623933,0.2753859,0.24048083,0.2144604,0.1901276,0.198891,0.20977508,0.20266865,0.23824155,0.2624611,0.23323356,0.1633111,,,,,,,,,,,,,,,,,,,,,,,,,0.14198731,0.34412554,0.36542636,0.20340312,0.22616555,0.22099781,0.21433501,0.19694084,0.20058815,0.21941857,0.23805526,0.2480155,0.24840249,0.25007182,0.25866744,0.2706465,0.2816188,0.28353575,0.28401357,0.28982216,0.29426008,0.2973583,0.2928482,0.28550836,0.28213802,0.2810227,0.28395757,0.28646895,0.2863351,0.2917707,0.30223778,0.315313,0.32843718,0.33865094,0.35202438,0.35968813,0.35019398,0.32359615,0.295944,0.27735484,0.25935602,0.23637846,0.21457529,0.19954686,0.1953116,0.20281981,0.21769477,0.2316251,0.24300031,0.25834134,0.27571908,0.29023293,0.29820496,0.3084424,0.32522485,0.34105948,0.35548884,0.3709276,0.38190407,0.38759708,0.393901,0.40169486,0.4025263,0.38884115,0.3675124,0.35292566,0.3444191,0.3424341,0.3511773,0.35811952,0.3600635,0.3766182,0.40582958,0.42916298,0.44318953,0.44949427,0.4487806,0.44270504,0.43618688,0.4288514,0.41911465,0.40550098,0.38499066,0.35739782,0.32929417,0.29602692,0.26190466,0.23218168,0.21016239,0.18809108,0.15889987,0.14111814,0.12679712,0.1381226,0.14218841,0.13004543,0.109723315,0.084119625,0.09337681,0.12995467,0.16938585,0.19919296,0.20231313,0.18458736,0.16598423,0.15133753,0.12271032,0.12896973
7.083336,,,,,,,,,,,,,,,,,,,,,,0.21846706,0.24584797,0.47846943,0.83514184,1.0855958,1.1292032,0.98093677,0.76258135,0.6089055,0.538554,0.46252903,0.33555937,0.21143353,0.23036851,0.31353027,0.37747595,0.42539364,0.46089172,0.4994311,0.5270942,0.54013383,0.54989964,0.5553243,0.5400169,0.5284126,0.5111835,0.47941148,0.42934906,0.40606722,0.40883824,0.41862386,0.40915897,0.38689166,0.37269172,0.37119678,0.36571681,0.35836685,0.3624237,0.38020414,0.39487678,0.39205053,0.3748688,0.35488263,0.33292875,0.32956758,0.3459589,0.3598179,0.3630024,0.35823473,0.34923288,0.33986455,0.3357086,0.33987084,0.34789047,0.35375598,0.35752535,0.35831994,0.356345,0.3593112,0.3730196,0.3934222,0.40080968,0.3975853,0.39605626,0.38954824,0.38192773,0.37334347,0.36106437,0.3475735,0.31738302,0.2789452,0.24348794,0.20795688,0.18578628,0.16797826,0.14249767,0.12533788,0.10893634,0.0902054,0.07208057,0.06642632,0.08358088,0.12065707,0.15511324,0.19518566,0.22722743,0.2287734,0.23345241,0.27092636,0.33740768,0.4193797,0.505161,0.5824097,0.64255077,0.6806343,0.69283086,0.68131906,0.6528306,0.6123303,0.5663843,0.52354217,0.49166486,0.47561336,0.45776796,0.41842148,0.36963543,0.31887302,0.26680148,0.22621427,0.18648537,0.13653584,0.09186119,0.074081585,0.09699011,0.14843176,0.21358657,0.26281643,0.2842612,0.2816571,0.2608348,0.22833523,0.19883086,0.18170865,0.1794859,0.18640187,0.19130339,0.18929353,0.18252505,0.1752048,0.16836615,0.16037981,0.15467699,0.14972453,0.14879417,0.15270226,0.16311947,0.17010719,0.1683032,0.17980258,0.23125632,0.29113024,0.34380424,0.39083356,0.43664566,0.46805203,0.47371826,0.45825517,0.42547086,0.380339,0.33076167,0.28068855,0.24448773,0.22524473,0.2063498,0.17944278,0.14750987,0.11387289,0.08038363,0.054898977,0.04313498,0.059854116,0.09194601,0.11829468,0.13791017,0.15793553,0.1783909,0.19518891,0.20583002,0.20931529,0.20109887,0.18403558,0.15726352,0.13131543,0.10511919,0.07788505,0.08146527,0.104372054,0.12328524,0.13002905,0.15053405,0.2145543,0.301643,0.3564892,0.3906474,0.40964147,0.37997618,0.34504655,0.32187626,0.30181026,0.27550495,0.24594791,0.24315156,0.24666822,0.23532741,0.22874106,0.2326321,0.23613352,0.23239426,0.2211265,0.19946674,0.17542559,0.1605736,0.15488584,0.15142208,0.14113909,0.1360608,0.14878595,0.16944304,0.18097632,0.17592798,0.20966671,0.39790553,0.5822948,0.6241894,0.6221388,0.607829,0.5776073,0.5400197,0.5123567,0.48246315,0.43768775,0.35646537,0.2958499,0.31141362,0.42634222,0.50119907,0.51783776,0.5220739,0.5043241,0.47090617,0.43672404,0.4229314,0.42024988,0.41776994,0.4211044,0.43106294,0.4390506,0.44355884,0.45128208,0.44887704,0.43539158,0.4090254,0.36967897,0.3361168,0.31557667,0.29498467,0.28816947,0.28961003,0.30161893,0.29821983,0.1861601,0.1282428,0.14922261,0.1375591,0.1203895,0.09765762,0.06941514,0.06577263,0.08318278,0.10815054,0.12574625,0.13613085,0.1391112,0.13697705,0.13872765,0.15868427,0.19274016,0.21876395,0.22232941,0.24437603,0.2614506,0.25410053,0.23114748,0.20424397,0.18314087,0.16478129,0.13497737,0.11703232,0.10482219,0.09316294,0.22567901,,,0.24368036,0.29867354,0.1865023,0.25344363,0.67263484,0.7490413,0.87968117,1.004613,1.0301092,0.9461197,0.83384436,0.7854036,0.76296186,0.6892058,0.6084911,0.52896214,0.4370296,0.3292415,0.21096756,0.09741208,0.057213865,0.12133976,0.16824251,0.19837077,0.24857041,0.30253273,0.3293117,0.37175336,0.42967772,0.48592344,0.48392847,0.48112887,0.4657732,0.43184504,0.38518104,0.3107057,0.22872303,0.12770128,0.12084593,0.26726878,0.42412797,0.501812,0.5600739,0.599526,0.6226304,0.62234277,0.60175943,0.5768633,0.55672896,0.524778,0.46534786,0.41595393,0.4230981,0.4323285,0.40056026,0.34633216,0.27783683,0.20214449,0.12447688,0.04405215,0.042639878,0.13575724,0.22053477,0.28242,0.32999757,0.3815603,0.42560023,0.45055187,0.4562752,0.4519586,0.43721288,0.40834728,0.36439762,0.31337076,0.25477806,0.20236945,0.19044149,0.19699357,0.1846934,0.2379695,0.27679017,0.27172923,0.18482421,,,,,,,,,,,,,,,,,,,,,,,,,0.15419263,0.4097558,0.39978227,0.15706696,0.20943634,0.1927324,0.19511391,0.18796465,0.20897385,0.23627649,0.24616839,0.25507566,0.27376693,0.29637745,0.31362376,0.32181817,0.3207153,0.31828335,0.32143122,0.32699504,0.32706007,0.3245903,0.32246134,0.322063,0.32191023,0.32117772,0.3155764,0.3067054,0.29660603,0.28974515,0.28598094,0.28359795,0.28286475,0.28646606,0.3064446,0.34233937,0.36761665,0.3638654,0.3383202,0.30629712,0.2777224,0.25323173,0.22807175,0.2058043,0.19125791,0.18901123,0.19752246,0.2111788,0.22625875,0.2438915,0.2628447,0.2781834,0.29014194,0.29861334,0.30973014,0.32923427,0.34889156,0.36057594,0.3709673,0.38117105,0.3876242,0.39306727,0.39343026,0.3772106,0.3521259,0.3361995,0.32699686,0.32247442,0.32638606,0.32890308,0.32705885,0.3366344,0.3594997,0.385484,0.40822136,0.42346212,0.429293,0.42323735,0.41150796,0.40116486,0.3996315,0.40048796,0.39106935,0.3668647,0.3332682,0.29497862,0.25473022,0.21856341,0.19380157,0.17412502,0.14640616,0.13541652,0.13178888,0.16423588,0.16646254,0.15164629,0.13413621,0.088934325,0.057892878,0.056573324,0.101604156,0.16542414,0.2193264,0.20207709,0.17532569,0.16312724,0.12620004,0.11531062
7.0,,,,,,,,,,,,,,,,,,,,,0.21791917,0.2130261,0.3579104,0.6878974,1.0120149,1.136568,1.0520461,0.8260979,0.6402697,0.5844968,0.5306884,0.41893598,0.2699739,0.20644675,0.27837,0.35046598,0.40566722,0.44338125,0.47746882,0.5095476,0.5254693,0.5343272,0.5465287,0.555809,0.54371136,0.526152,0.5008546,0.46160346,0.41545326,0.40328342,0.4107456,0.4269054,0.42217726,0.40661374,0.40091428,0.407901,0.404218,0.39654696,0.4060663,0.4241546,0.43138972,0.41890508,0.3987308,0.37587032,0.35495004,0.35275087,0.3631531,0.37401617,0.37712693,0.3704418,0.35612068,0.3408521,0.33505586,0.33877957,0.3438314,0.34461588,0.34801883,0.35585505,0.35755575,0.3555181,0.36426437,0.38857424,0.4119818,0.40899813,0.39237723,0.37764168,0.36493397,0.35557213,0.34748754,0.327627,0.29670638,0.26746842,0.23614314,0.20161092,0.17539614,0.1549947,0.13369498,0.10876449,0.07357819,0.038068544,0.02134297,0.054721463,0.093919545,0.12707089,0.15436131,0.18455355,0.18863045,0.21129099,0.26658374,0.33811584,0.42658952,0.52327836,0.6102429,0.6721879,0.7091101,0.72480315,0.7210939,0.6999991,0.6661222,0.6202527,0.56724775,0.5184441,0.48061836,0.45234594,0.42502818,0.39521638,0.3640114,0.32565328,0.28307223,0.2431854,0.1981556,0.14410739,0.10286439,0.090680435,0.10568049,0.14010899,0.19591787,0.2543426,0.28669417,0.28663713,0.2688544,0.24216361,0.21242887,0.18416281,0.16350141,0.1564621,0.15521756,0.1492398,0.14108165,0.13526562,0.13280341,0.13255818,0.13752095,0.14246842,0.14356335,0.14955892,0.164847,0.17020546,0.16938888,0.20889667,0.2896999,0.35879987,0.40979725,0.45243683,0.4858088,0.4923677,0.4727034,0.43763253,0.39648324,0.35329136,0.31258917,0.27362347,0.24548842,0.2266486,0.20681049,0.17663805,0.13920504,0.10039267,0.06696203,0.05555664,0.07154436,0.10169033,0.12968601,0.15050095,0.16898711,0.19048257,0.21158205,0.22675508,0.23561667,0.2373751,0.22905457,0.21378009,0.19085549,0.16902214,0.13970196,0.11387504,0.11221086,0.123442784,0.1278097,0.13286987,0.17616436,0.26533586,0.33495387,0.3731226,0.40776628,0.3963929,0.34993964,0.32632717,0.30556044,0.28603208,0.249858,0.22377461,0.22257423,0.23519102,0.23372643,0.2236283,0.21683736,0.22209978,0.22103807,0.21286926,0.1964127,0.17330502,0.15395164,0.1431364,0.13710475,0.13316411,0.13537279,0.14720304,0.16158697,0.16505055,0.15823089,0.2383064,0.4530094,0.59902954,0.62540084,0.61419815,0.59530634,0.5660713,0.5351018,0.5134563,0.49355176,0.43856737,0.36991203,0.32478735,0.36615938,0.5025008,0.5859105,0.5928945,0.5548084,0.50972396,0.48212188,0.46386683,0.4545386,0.45278835,0.45422387,0.46276468,0.47154132,0.4835647,0.488493,0.48600423,0.47817084,0.46824545,0.44554403,0.40361184,0.3627517,0.3224312,0.3020486,0.30014658,0.29770967,0.31390247,0.26374605,0.14599694,0.15069307,0.16260888,0.14196715,0.119628005,0.09472986,0.06554079,0.062317144,0.07850915,0.09552076,0.10518633,0.10712064,0.10945041,0.117376976,0.13751425,0.18069094,0.21750258,0.24105085,0.23000012,0.24395193,0.2589028,0.25225657,0.22827141,0.19178465,0.15472895,0.12254633,0.08463073,0.06458225,0.041887302,0.03923601,0.0740495,0.11445979,0.30471632,0.3792376,0.27592146,0.11326319,,0.58177036,0.6964583,0.8620349,0.9872903,0.99635476,0.90949047,0.8131944,0.78720045,0.77498263,0.7110588,0.6435493,0.57473075,0.50359935,0.4192357,0.3106561,0.22756554,0.19572078,0.21016203,0.22125375,0.24207895,0.28900835,0.32333758,0.347103,0.38666356,0.44502598,0.49649018,0.5131252,0.5219627,0.49967763,0.4584622,0.41630498,0.35449794,0.2707934,0.20317113,0.26114184,0.43295476,0.57302403,0.65018576,0.70044774,0.7126241,0.7012571,0.67583734,0.63489115,0.59900904,0.5625663,0.51735866,0.48725525,0.4622957,0.44291645,0.40244797,0.33699667,0.2642955,0.17891745,0.0817002,0.030821024,0.11862624,0.20923875,0.2888644,0.35561895,0.40234202,0.43868017,0.47143054,0.501072,0.5199895,0.5231494,0.5122059,0.4929271,0.46448883,0.41816524,0.355626,0.28294444,0.21345067,0.18610148,0.18865246,0.15842628,0.21513823,0.27237633,0.29360697,0.2033255,,,,,,,,,,,,,,,,,,,,,,,,,0.18777293,0.4681337,0.39590284,0.15985708,0.17891142,0.17534304,0.18831638,0.19303933,0.22002599,0.24959706,0.26470795,0.28485942,0.30963683,0.3315963,0.3453425,0.35072568,0.34889036,0.34858775,0.3560151,0.35879928,0.34975436,0.3407754,0.3422906,0.35314867,0.35988176,0.35845527,0.35341442,0.34286302,0.33024114,0.31501186,0.29814738,0.28207245,0.26549914,0.25463587,0.25708625,0.28326234,0.32081923,0.3512337,0.3579529,0.33785123,0.3103758,0.28226092,0.2528345,0.22232284,0.1994271,0.19090736,0.19285527,0.20005211,0.21211126,0.22747256,0.24265704,0.25646254,0.2712346,0.28322342,0.29333046,0.30942357,0.3294512,0.34950176,0.3690129,0.3841799,0.38853595,0.3842594,0.36909023,0.34318238,0.32242134,0.3109816,0.30388156,0.3037677,0.30850232,0.3091577,0.30451718,0.3036816,0.31066865,0.3318874,0.36084673,0.38479224,0.39705676,0.39367834,0.38411868,0.37415951,0.3726578,0.3807652,0.38351807,0.36926997,0.33685842,0.3015801,0.26649404,0.22959952,0.20173344,0.17653628,0.15024433,0.14247987,0.15020818,0.1919262,0.19255902,0.1857057,0.17589091,0.14755699,0.12344998,0.09907366,0.12403033,0.15149206,0.2177726,0.22489275,0.16098022,0.180432,0.13025874,0.08574487
6.9166718,,,,,,,,,,,,,,,,,,,,,0.22962481,0.27319658,0.52587914,0.9204194,1.1304743,1.104569,0.9125692,0.67473775,0.57572556,0.5551228,0.4837125,0.35690734,0.23624022,0.24658473,0.32045802,0.37527427,0.41536304,0.456632,0.49381575,0.5163288,0.52819556,0.5398269,0.55129933,0.557678,0.5431046,0.5153501,0.48007664,0.44399306,0.40861076,0.40361598,0.41405994,0.43460327,0.43492156,0.42359844,0.42978486,0.448781,0.45404726,0.45177206,0.45611727,0.46269986,0.4571469,0.43659294,0.40865266,0.3824033,0.366142,0.3654952,0.37282625,0.37769565,0.37660384,0.37030554,0.35814413,0.34452388,0.33691952,0.3363695,0.33692774,0.3363686,0.33842808,0.3428175,0.34480175,0.34176558,0.3410221,0.35745823,0.38799924,0.41484845,0.40983397,0.3829807,0.3594962,0.34576344,0.336577,0.31228137,0.28381145,0.26245046,0.23872422,0.20511428,0.1704688,0.14304912,0.12205966,0.0916172,0.05400077,0.030370949,0.052811895,0.08591815,0.11406619,0.1333903,0.14198625,0.15946001,0.20903438,0.273641,0.35025343,0.44316638,0.54247516,0.6314641,0.6959414,0.7337813,0.7467839,0.7411683,0.7243627,0.69623196,0.65562147,0.6059472,0.5494767,0.49584463,0.4560588,0.42412394,0.39661598,0.37915003,0.36143324,0.3325931,0.29417798,0.25297755,0.202512,0.14816135,0.112764806,0.10452668,0.113563895,0.13834736,0.18018171,0.23487727,0.27609953,0.28638336,0.2738592,0.25306776,0.22600977,0.19176278,0.15506761,0.13335207,0.12083078,0.10791146,0.09879867,0.09815707,0.10436988,0.113580234,0.12475832,0.13387708,0.13889112,0.14717335,0.15892941,0.16188611,0.18961993,0.27328703,0.3603595,0.42371768,0.46436644,0.49307323,0.502808,0.48488003,0.44952407,0.4084012,0.37333736,0.3420022,0.31212866,0.2827165,0.25811538,0.23453404,0.20629871,0.16292812,0.114498295,0.07575626,0.061761107,0.07612485,0.10608202,0.1392669,0.16430676,0.18272202,0.20253266,0.22645992,0.24927114,0.26474994,0.2726278,0.27356613,0.26681313,0.25156033,0.23014902,0.20592526,0.1774269,0.15828478,0.15518609,0.15442382,0.14642797,0.15706424,0.21741684,0.29944563,0.34879923,0.39507377,0.40532476,0.3629498,0.33037004,0.31514174,0.29043242,0.26126745,0.22548829,0.1992794,0.19371904,0.20756988,0.217639,0.2131165,0.20742384,0.21528792,0.21932708,0.2163432,0.20203441,0.17848308,0.1524588,0.13473554,0.12886408,0.13069665,0.1358098,0.14103691,0.14222582,0.13478866,0.14128844,0.28048164,0.499679,0.594536,0.6175821,0.6025124,0.58230287,0.5571931,0.52740544,0.51388067,0.49890733,0.4417426,0.39486262,0.3702496,0.4374894,0.5753868,0.63342255,0.60964274,0.5599887,0.5204784,0.49488103,0.47772014,0.46782938,0.4661009,0.46806148,0.47558996,0.4889381,0.49946806,0.50226563,0.4969313,0.48554888,0.4743896,0.46676508,0.45837343,0.42568037,0.36271784,0.34202597,0.2985952,0.28820986,0.2668366,0.200534,0.19027267,0.20028892,0.1827959,0.15722138,0.13379912,0.10245802,0.06680045,0.0544855,0.06696465,0.082108706,0.090975575,0.09747628,0.112405255,0.13990243,0.19324641,0.24336272,0.25523955,0.2671813,0.24205507,0.24874772,0.25513858,0.24915257,0.22822848,0.18515514,0.13493766,0.091481455,0.057446964,0.026146397,0.005738622,0.007067687,0.06852375,0.18061075,0.32372078,0.36159766,0.27043834,0.19280213,,0.56298053,0.6807442,0.8468835,0.9654505,0.9742941,0.8922339,0.8101921,0.798535,0.7894897,0.7329767,0.6723694,0.60938984,0.5506501,0.49197406,0.41861758,0.35251486,0.31367546,0.31331387,0.3273455,0.34629634,0.37098956,0.39019713,0.4199411,0.46272233,0.512895,0.55271316,0.570397,0.57096666,0.5437101,0.5103392,0.46854243,0.40109363,0.32929173,0.3476964,0.47999516,0.62876654,0.7246092,0.77617615,0.7933867,0.786502,0.7641734,0.7256172,0.65794045,0.5885523,0.5456519,0.5150106,0.49984616,0.4571741,0.39666346,0.3176734,0.2309211,0.14581303,0.07000673,0.09029065,0.17989129,0.2678822,0.33641493,0.38411602,0.4265869,0.4619997,0.49113008,0.5114889,0.5318124,0.5498337,0.55390245,0.54261553,0.5195676,0.48633903,0.44510737,0.3907894,0.3182478,0.23895238,0.18993156,0.17474583,0.11981588,0.15802662,0.21884921,0.22933099,0.21611063,,,,,,,,,,,,,,,,,,,,,,,,0.20655148,0.22207369,0.5195074,0.36756155,0.17594509,0.1666972,0.17421047,0.18951052,0.20809153,0.23869044,0.2620173,0.28251973,0.31389484,0.33978778,0.35269237,0.35671413,0.35678676,0.35714158,0.3629147,0.37011263,0.36861038,0.35417125,0.34549147,0.35347396,0.3698574,0.37783253,0.37696412,0.37006798,0.36303437,0.3527039,0.3388178,0.32092217,0.3023317,0.28178656,0.26012337,0.24618094,0.24656262,0.26272926,0.28776383,0.31897447,0.33572304,0.32938278,0.31169957,0.28314698,0.24854532,0.22020014,0.2068474,0.20392126,0.20170948,0.20146161,0.20440593,0.21257953,0.22484042,0.23920722,0.253622,0.26868832,0.28966984,0.31460375,0.33844006,0.35947278,0.3751838,0.3771829,0.36201668,0.3368906,0.31652945,0.30080873,0.28967568,0.28488988,0.28385425,0.28488988,0.2855886,0.28404185,0.28237948,0.28105554,0.29022163,0.31468144,0.34244117,0.3570988,0.3603139,0.36035627,0.35179254,0.3452858,0.3586074,0.37281817,0.3637541,0.33775347,0.30383623,0.27413085,0.24462676,0.21521091,0.1807235,0.16151051,0.15460265,0.18399829,0.22461523,0.23092395,0.22443962,0.23197773,0.2348957,0.25300077,0.26281273,0.27896172,0.2654042,0.26746237,0.24862264,0.16316433,0.17017357,0.15597643,0.10285052
6.833336,,,,,,,,,,,,,,,,,,,,0.21787305,0.22178257,0.37484646,0.7255534,1.0787188,1.1852154,1.0700336,0.81963205,0.6062113,0.55064434,0.50524557,0.41127485,0.29418722,0.23566644,0.27609244,0.33171254,0.3736666,0.4174843,0.46619016,0.5043919,0.52619326,0.53892326,0.54494673,0.5496187,0.5521101,0.5407917,0.50001574,0.4652722,0.43250653,0.40472442,0.40149018,0.4145227,0.4392943,0.44599062,0.4432925,0.4634676,0.49212754,0.5027533,0.50012577,0.49425772,0.48989937,0.47724643,0.4491175,0.41424045,0.38799086,0.37499994,0.37108222,0.3667408,0.36254075,0.36168486,0.36028236,0.35006374,0.33642098,0.3277125,0.3243681,0.32504982,0.32872564,0.33242276,0.33323362,0.33017603,0.3232065,0.31731027,0.31842023,0.33857188,0.37699184,0.41055247,0.42041966,0.39523903,0.3576909,0.3251797,0.30275387,0.2903697,0.27225426,0.24377681,0.20548242,0.16451548,0.13195162,0.10825153,0.07959708,0.05127497,0.057485025,0.07874012,0.09280061,0.10157382,0.11530113,0.14557497,0.20572379,0.28189212,0.3661014,0.46502492,0.5700483,0.65799296,0.72266895,0.75943613,0.77129894,0.76230264,0.73934126,0.71096396,0.6773443,0.63366413,0.58123744,0.5236633,0.47001997,0.428972,0.39521974,0.37364504,0.36581773,0.3549937,0.3319774,0.2931593,0.24626502,0.19307907,0.14635256,0.11785573,0.10417931,0.111559935,0.13785918,0.17367381,0.21681361,0.25731128,0.27919143,0.274466,0.2583143,0.2319296,0.19569983,0.15330017,0.11775333,0.09057185,0.0692433,0.06433614,0.0773551,0.09375468,0.10726846,0.11800122,0.12396001,0.13351588,0.14005159,0.14415836,0.17893203,0.26748306,0.36316264,0.43621743,0.4789707,0.497968,0.505582,0.4957996,0.46540314,0.42916426,0.39779583,0.37665638,0.35886076,0.33819845,0.31053284,0.27672908,0.2376997,0.1885326,0.13485594,0.0945064,0.07882375,0.0906669,0.110684924,0.13628213,0.16780032,0.19109808,0.20782447,0.23318227,0.26285258,0.28553015,0.29641053,0.30190542,0.30421725,0.29990944,0.28684708,0.26260304,0.23816605,0.21841034,0.20528013,0.19566625,0.18177353,0.17405017,0.20123075,0.26384005,0.32199493,0.3708663,0.40496418,0.37760606,0.34011322,0.33097786,0.309799,0.27855557,0.24047826,0.2093025,0.1854374,0.17428526,0.18179451,0.19782421,0.20295328,0.20770234,0.22154781,0.2234329,0.21435137,0.20049746,0.18003671,0.15512854,0.13587922,0.12712343,0.12812051,0.13485694,0.14050709,0.13784087,0.12730268,0.18792006,0.33716145,0.5237125,0.5809534,0.593701,0.5844553,0.56556714,0.5448555,0.5227503,0.5238454,0.5100952,0.4512009,0.4251537,0.4279094,0.5251065,0.62554836,0.6328223,0.6033442,0.56095105,0.5263953,0.510601,0.4978585,0.48581612,0.47864017,0.48029226,0.48193905,0.4854798,0.4930742,0.495659,0.49618044,0.4837836,0.4680334,0.45101973,0.4495559,0.43539077,0.40153039,0.37410924,0.3335846,0.3124835,0.31518632,0.3163692,0.30476007,0.27328366,0.23314124,0.2005171,0.17631978,0.14745924,0.1164166,0.09356014,0.09948232,0.109634824,0.12116627,0.14273761,0.17734386,0.23068383,0.2982679,0.31480828,0.2957145,0.29127896,0.27190843,0.2724024,0.26565763,0.252001,0.22577679,0.16782553,0.10829449,0.07255317,0.048196737,0.013678023,0.043680903,0.055309027,0.16700602,0.23245102,0.17110465,0.07762176,0.1778531,,0.4844375,0.5936968,0.6431367,0.82252264,0.94709474,0.9605183,0.8874248,0.81881344,0.8065923,0.79966193,0.7521739,0.7004467,0.6567221,0.62256837,0.58828294,0.5271436,0.47097683,0.44053861,0.43105358,0.4362979,0.45456994,0.4801601,0.5037005,0.52783644,0.5653453,0.6012623,0.62292796,0.62745744,0.6198118,0.60230315,0.5713371,0.5161687,0.45684078,0.4478223,0.5220109,0.6389356,0.74091357,0.8188403,0.86064124,0.8597198,0.8342587,0.7918111,0.72652495,0.6559087,0.60303074,0.5590236,0.51373297,0.45693186,0.3775579,0.2866394,0.19586246,0.12310823,0.10453009,0.149351,0.21746525,0.29529226,0.35656393,0.39175898,0.42266178,0.46773812,0.5188411,0.5612545,0.5777922,0.57567817,0.5711772,0.5667322,0.5598582,0.5486506,0.5278663,0.49847728,0.465325,0.40512162,0.29646653,0.18389527,0.13912576,0.08835165,0.094136,0.16778976,0.18300295,0.22906004,,,,,,,,,,,,,,,,,,,,,,,,0.17332211,0.24405804,0.5739349,0.3203464,0.18698631,0.17448977,0.19275326,0.20594761,0.22521643,0.24511927,0.25884062,0.28997844,0.3235117,0.3435275,0.35236588,0.35077533,0.3522671,0.3575686,0.36248028,0.36194482,0.35583556,0.3419329,0.3334273,0.3402188,0.3550551,0.36405537,0.36721957,0.36424142,0.35800603,0.3528904,0.3486973,0.34131438,0.32667428,0.30636087,0.28501064,0.26875576,0.2569229,0.24565223,0.23995194,0.25511053,0.2856421,0.30840826,0.31525433,0.30727404,0.28245667,0.25382033,0.2348486,0.22467574,0.21604808,0.20918939,0.20646282,0.20874143,0.21472138,0.22334301,0.23751262,0.25533503,0.2716292,0.287131,0.3088042,0.33581308,0.35033664,0.3438812,0.32528928,0.30405116,0.28793216,0.27471435,0.2644273,0.26067027,0.25952262,0.25770715,0.25371355,0.24875045,0.24844609,0.25604185,0.2678886,0.28777826,0.30999267,0.32081616,0.32834136,0.33265337,0.32505542,0.31471172,0.3239344,0.3441046,0.34394425,0.32514596,0.30344623,0.28221536,0.26160038,0.23352256,0.18634304,0.17611901,0.16857763,0.22625513,0.25913236,0.27344042,0.2788395,0.3016444,0.33462524,0.38042456,0.39702913,0.39593914,0.37228745,0.32594615,0.278625,0.19927381,0.16276646,0.15915951,0.15354657
6.75,,,,,,,,,,,,,,,,,,,,0.21326847,0.25917456,0.5257223,0.93638396,1.1678436,1.1569219,0.99175763,0.764863,0.61291486,0.5363354,0.4410757,0.32674068,0.23371084,0.22401308,0.2704703,0.31819382,0.36565372,0.4204642,0.47777405,0.5205318,0.5420727,0.5493493,0.5565354,0.554621,0.5422964,0.538263,0.49019724,0.45926702,0.4212231,0.40066567,0.4039996,0.41893348,0.4436981,0.4566147,0.4671059,0.5013003,0.5369666,0.54457504,0.5271183,0.5124375,0.5095487,0.4980492,0.4641355,0.4239678,0.39191693,0.36928964,0.35645142,0.34542674,0.3386041,0.337436,0.33335963,0.32622537,0.32123306,0.31650883,0.31162062,0.30966985,0.3128549,0.31964245,0.32361856,0.3211923,0.31220275,0.29959822,0.28947493,0.28698084,0.3004497,0.33659253,0.37427935,0.38525456,0.36841342,0.33860576,0.3200466,0.31045708,0.28827912,0.24782369,0.19807807,0.1481472,0.10701956,0.074647084,0.050244384,0.04083086,0.055903245,0.07294941,0.092232525,0.11991094,0.1674082,0.23957653,0.32565075,0.41344583,0.5083981,0.6029051,0.68135977,0.73576653,0.768473,0.78050464,0.77340597,0.7522467,0.72190285,0.6874874,0.64924383,0.6045033,0.55222744,0.49407268,0.43880084,0.39754397,0.3682212,0.35449067,0.35051644,0.34381852,0.3238141,0.28737563,0.24117656,0.18838377,0.14211676,0.11032755,0.09270271,0.10212027,0.13276055,0.17174703,0.20987327,0.24065101,0.26514485,0.2672412,0.25286305,0.22688729,0.19163327,0.14867973,0.10466468,0.066948295,0.0383473,0.048610006,0.07396588,0.092895575,0.10477838,0.111507505,0.11391711,0.12111368,0.12538075,0.16304617,0.26195207,0.37354857,0.44957933,0.4920041,0.5059379,0.5059916,0.499469,0.48141247,0.45713395,0.4353067,0.41967478,0.41074502,0.4008768,0.3747228,0.3324357,0.28077155,0.2273895,0.17238505,0.12416375,0.09850506,0.10186398,0.12304416,0.14678551,0.16921316,0.19210882,0.2104451,0.22937793,0.2533267,0.27865207,0.29795414,0.3089416,0.3186149,0.32430017,0.3245904,0.3139577,0.29074466,0.2732801,0.26180092,0.24837434,0.23249832,0.21340223,0.20939636,0.25020462,0.29859477,0.33425978,0.3872535,0.38855106,0.35173723,0.3374477,0.33274373,0.30395547,0.2711711,0.23358174,0.20310016,0.178168,0.16888665,0.17607008,0.19142722,0.20188138,0.21273631,0.22533187,0.22307746,0.21036997,0.19685014,0.17796154,0.15624633,0.14080109,0.13372406,0.13335833,0.13696507,0.13764475,0.13102083,0.14333156,0.26854864,0.37819332,0.5188371,0.55373645,0.5571798,0.55484146,0.54977334,0.5425568,0.53528804,0.5394419,0.52152437,0.47345087,0.46466517,0.50136083,0.5826175,0.62263733,0.6111753,0.57970107,0.55772287,0.54366183,0.53395706,0.51863146,0.50092405,0.4907716,0.48199126,0.46955305,0.46471775,0.4702307,0.47370657,0.483344,0.48062307,0.46628824,0.44731614,0.4332757,0.42118147,0.39200705,0.37277436,0.38549623,0.4016659,0.4048287,0.38750783,0.36100647,0.33536178,0.30797789,0.28318447,0.2639967,0.24421069,0.21954554,0.18500002,0.17308187,0.18533753,0.21872023,0.26348567,0.31124347,0.3598691,0.37773815,0.35551873,0.32480633,0.3071846,0.30049405,0.29500288,0.2792127,0.25372073,0.22441402,0.17503834,0.10985134,0.084050514,0.06018652,0.04382391,0.07330409,0.09921469,0.30784702,0.3103868,0.14146909,0.18026337,0.21792077,,0.46800548,0.45901078,0.5832647,0.80981576,0.93639207,0.950745,0.88239646,0.8140785,0.79838115,0.8066042,0.77795666,0.7540851,0.74297863,0.72622573,0.6822369,0.62222016,0.5800325,0.55809796,0.55657154,0.56459886,0.57733476,0.5954876,0.6215924,0.64718014,0.66739315,0.67966765,0.6869354,0.68608403,0.67553896,0.65142787,0.6140711,0.57232404,0.5468985,0.5586626,0.61426884,0.6968418,0.76917046,0.82369334,0.849907,0.8437459,0.8156217,0.77062374,0.71217585,0.6510632,0.5911559,0.517134,0.43197173,0.33771664,0.24590373,0.16614856,0.11788569,0.14585337,0.21661012,0.2729521,0.30892804,0.3454175,0.36872268,0.40310636,0.47868827,0.5702624,0.6392001,0.67034084,0.6645709,0.63310456,0.5927784,0.55519104,0.5275881,0.5116665,0.5030686,0.49320585,0.4829228,0.45500228,0.3806803,0.2675915,0.18907125,0.119961254,0.04494638,0.101732664,0.16804801,0.23816492,0.2322967,,,,,,,,,,,,,,,,,,,,,,,0.14382426,0.31054366,0.61450803,0.27300403,0.19171324,0.17710035,0.1811253,0.20195533,0.22912718,0.2397452,0.25069344,0.28169912,0.31155425,0.33151904,0.33975303,0.3446035,0.35633525,0.36297148,0.3588452,0.34804577,0.33681515,0.32286325,0.3110572,0.31004694,0.3150235,0.3220393,0.32999483,0.3343508,0.32658163,0.32771575,0.33102408,0.33530426,0.3328368,0.32127035,0.30865413,0.29350898,0.27765676,0.25884393,0.2402659,0.23065458,0.23614074,0.25126132,0.269364,0.28697193,0.2900177,0.27821994,0.25738123,0.24025851,0.22943664,0.22050507,0.21588548,0.21818654,0.22113894,0.22651947,0.23955818,0.25515705,0.2649685,0.26765442,0.27376133,0.28577086,0.29501766,0.2962253,0.28934723,0.27700427,0.2605256,0.24253418,0.22721843,0.21902518,0.2168327,0.21617334,0.21375714,0.2094421,0.2122381,0.22586212,0.24614029,0.26871535,0.28784534,0.2925767,0.29915613,0.3029523,0.294112,0.28277,0.2881498,0.3085852,0.31687734,0.3121419,0.30965048,0.29257998,0.27427828,0.2503931,0.20329843,0.19153892,0.20897433,0.27259618,0.3052704,0.3241319,0.3386114,0.37109202,0.40888745,0.4600871,0.4710775,0.4487906,0.40859443,0.34915638,0.29505724,0.24854286,0.20738232,0.12970482,0.16832472
6.6666718,,,,,,,,,,,,,,,,,,,0.19314332,0.19733484,0.35359263,0.7167036,1.0773247,1.182509,1.0551497,0.842844,0.682235,0.6021664,0.5009345,0.37457108,0.27244928,0.2311832,0.23957194,0.26869896,0.31423408,0.36084,0.4259043,0.502599,0.55497295,0.5640039,0.55878013,0.5771766,0.5718756,0.544203,0.5353129,0.48262674,0.44687057,0.40649578,0.39649948,0.41131186,0.4293055,0.448684,0.46457523,0.49074936,0.537143,0.5699331,0.5675857,0.5460268,0.53455764,0.53278726,0.5114675,0.46662396,0.4171926,0.3759141,0.34939727,0.33418712,0.3229358,0.31483877,0.30605063,0.2975169,0.29396522,0.29246223,0.29146853,0.29068136,0.28936377,0.29052702,0.2959087,0.3009632,0.3014349,0.29689136,0.2869909,0.27200043,0.25231642,0.23944291,0.24785055,0.2749215,0.30025467,0.30598065,0.29734024,0.28638384,0.27020898,0.23480509,0.18606092,0.14014892,0.10045153,0.06555705,0.033940915,0.012706956,0.03691875,0.07307289,0.1166808,0.16901469,0.2270311,0.2958089,0.3794289,0.47314283,0.56753826,0.6526438,0.71530676,0.7508576,0.7659199,0.77046674,0.76659614,0.7531534,0.72896945,0.6972518,0.6583563,0.61327153,0.5679359,0.5192989,0.4665327,0.4150897,0.3772604,0.3534335,0.3430497,0.33679953,0.32723156,0.30643356,0.270267,0.22561319,0.17663066,0.13249305,0.09547976,0.07803088,0.09008824,0.12286604,0.16527615,0.20190732,0.22875132,0.24838541,0.25147375,0.23902564,0.21556567,0.18302368,0.14388013,0.09953275,0.05638046,0.02349245,0.03831729,0.064923525,0.084297135,0.09524894,0.09537931,0.09882973,0.103406906,0.14644164,0.2571899,0.3786522,0.46161866,0.50306886,0.51144373,0.5088055,0.5005332,0.48944843,0.48102787,0.47700134,0.47420648,0.47019637,0.46297348,0.44302174,0.3961997,0.3302622,0.268757,0.21801323,0.17389777,0.13653533,0.114162125,0.11610213,0.13709803,0.16244508,0.1871164,0.21341376,0.23655117,0.2571206,0.2732812,0.2891472,0.30552143,0.3208093,0.33437714,0.3455831,0.3485888,0.33902204,0.32170227,0.30860865,0.29841018,0.2799231,0.25908306,0.24425423,0.25232044,0.28832278,0.31846356,0.3595225,0.38806716,0.3647699,0.35265645,0.3486832,0.32998765,0.2985731,0.27550316,0.24492311,0.21147564,0.18776533,0.18274622,0.185191,0.20019583,0.21485797,0.22417118,0.2329539,0.22987124,0.2175259,0.20660038,0.18939406,0.16900718,0.15713395,0.14944936,0.14204325,0.13457574,0.12261141,0.11309268,0.19019344,0.30667835,0.38647568,0.48478678,0.5064413,0.50777274,0.52569026,0.5482257,0.55869496,0.5571097,0.55923253,0.54287034,0.5086609,0.5121359,0.55594105,0.5930943,0.59521675,0.57829016,0.5615518,0.55928236,0.55854005,0.55130225,0.53598326,0.51383764,0.48835927,0.46393284,0.4447116,0.4412856,0.44639477,0.4541749,0.46649182,0.46722686,0.45447752,0.4417529,0.4241721,0.4062672,0.39203486,0.3825253,0.39245844,0.41325167,0.42241967,0.4157486,0.40962875,0.40590993,0.39711267,0.38514516,0.374462,0.36449203,0.35470515,0.34175617,0.33900082,0.35085613,0.37902674,0.40881145,0.42634052,0.42930913,0.4092538,0.37693703,0.3430714,0.31708184,0.31132165,0.30839404,0.2928488,0.2625306,0.22495128,0.18501683,0.13007598,0.11554496,0.09240709,0.04566526,0.030028064,0.13947691,0.39035633,0.2752795,,0.25299302,0.2933319,0.31739607,0.43303433,0.4948976,0.6174205,0.8147999,0.9227595,0.9432745,0.88017833,0.80019903,0.78509665,0.813259,0.81147546,0.82137734,0.83509105,0.8209855,0.7776398,0.7329448,0.7026322,0.685925,0.68204623,0.6821312,0.6889551,0.7034513,0.7215943,0.73803216,0.746726,0.7491102,0.7459549,0.7367351,0.72196376,0.70063746,0.67293805,0.64414537,0.6274335,0.6185623,0.63566387,0.6777039,0.7280291,0.766871,0.78395474,0.7783078,0.7521236,0.70282876,0.63598436,0.55786,0.4700951,0.37529352,0.28612426,0.20749718,0.1571576,0.1568996,0.19520581,0.27295655,0.32573265,0.34188727,0.34469625,0.35911062,0.38380268,0.48000467,0.605955,0.697292,0.73240036,0.72495335,0.688848,0.6326028,0.5686834,0.5126917,0.4689259,0.44483668,0.44025645,0.44388577,0.45359105,0.46005386,0.4287363,0.33289123,0.22819518,0.14860488,0.06721517,0.01950032,0.124785036,0.22669186,0.21079515,,,,,,,,,,,,,,,,,,,,,,,0.21829839,0.38840982,0.61937475,0.26800838,0.23714308,0.20291671,0.20863032,0.23828591,0.25134063,0.24531206,0.25311652,0.27518246,0.29990745,0.31873953,0.3284518,0.34108657,0.3526592,0.35314792,0.3421265,0.32961133,0.31718886,0.30367258,0.2898591,0.28017518,0.27466404,0.2771476,0.27819064,0.28341094,0.28008384,0.29160324,0.30134368,0.31257164,0.32058695,0.31779543,0.31186566,0.3019806,0.2833671,0.26635167,0.2549615,0.24307008,0.236273,0.22295205,0.2135576,0.22027862,0.24243197,0.26377374,0.26745874,0.2529833,0.237592,0.22637136,0.2209067,0.22287995,0.22332622,0.2244566,0.23491828,0.249569,0.25887784,0.2575699,0.2529048,0.25352067,0.25706092,0.26090956,0.26228264,0.25934756,0.24873665,0.2278892,0.20713219,0.19970171,0.19957273,0.19695318,0.19048746,0.18482901,0.18472934,0.19367936,0.21596965,0.2481955,0.27371833,0.27616873,0.27832475,0.2791241,0.26537952,0.24945554,0.2527929,0.27503037,0.2876591,0.29881763,0.3168736,0.3104912,0.28871238,0.26394013,0.22958419,0.21473207,0.2649005,0.32190862,0.35916036,0.38016394,0.40005282,0.42975336,0.45341486,0.49149185,0.5040553,0.46123463,0.40499386,0.3468942,0.3004125,0.26588818,0.22913164,0.14544487,0.12912016
6.583336,,,,,,,,,,,,,,,,,,,0.19398361,0.22950788,0.50233984,0.92644536,1.1619163,1.1309267,0.91070354,0.688644,0.5986526,0.5456353,0.4331618,0.3281467,0.27410108,0.25698206,0.25024542,0.2639472,0.30131313,0.3501757,0.4312226,0.5299873,0.60037947,0.59918475,0.58149636,0.6057319,0.5971056,0.55609673,0.5308768,0.47418314,0.43129677,0.3974783,0.39723703,0.42261273,0.44495332,0.46306387,0.4849132,0.5204255,0.56531227,0.58857346,0.5803297,0.5614156,0.552314,0.54464597,0.51140344,0.45673704,0.4034977,0.36383653,0.3382074,0.324493,0.31361657,0.30043113,0.28664342,0.27509552,0.26816794,0.2644775,0.26507673,0.26835382,0.2688313,0.26570645,0.26420015,0.26504144,0.26542813,0.2640748,0.26256987,0.2567814,0.23901781,0.2138034,0.19314289,0.18272787,0.18047498,0.17965671,0.17779844,0.17187355,0.15292853,0.1176061,0.07903537,0.05309575,0.042848915,0.0318851,0.015638595,0.042197283,0.093502745,0.1590809,0.23445477,0.3122336,0.39492446,0.48603925,0.5763479,0.65320104,0.71283567,0.7492318,0.7620282,0.76082575,0.75426054,0.7463624,0.73521286,0.7184149,0.6924906,0.66021204,0.6186434,0.5698611,0.5255588,0.48222327,0.44023773,0.3988376,0.36389405,0.3472359,0.33704984,0.32689026,0.3129759,0.28788754,0.25122264,0.20619237,0.1555233,0.1076239,0.06963867,0.057668094,0.07702909,0.11348006,0.1551809,0.19043429,0.21631621,0.22908269,0.23363788,0.2249298,0.20404525,0.17485651,0.13812862,0.097024046,0.05888714,0.027525174,0.02973575,0.049500976,0.0626332,0.06783868,0.06823929,0.076315686,0.12180852,0.23628469,0.3582026,0.45255834,0.5068834,0.5189839,0.5111531,0.5047513,0.49886006,0.5004345,0.5119175,0.5216013,0.5275324,0.52263945,0.5044464,0.46005017,0.3919576,0.32313886,0.2676858,0.22637762,0.19239846,0.16108762,0.13785188,0.13229264,0.14705105,0.1728229,0.20270632,0.23937315,0.26727828,0.28700116,0.29874188,0.310901,0.3286299,0.3466291,0.36051223,0.3715954,0.37148777,0.36264002,0.35301024,0.34103617,0.32362744,0.30683288,0.2889371,0.27712765,0.28389373,0.3037643,0.33694795,0.383073,0.37359703,0.35891494,0.36173677,0.35069662,0.3238312,0.29962438,0.28274912,0.2573741,0.23567334,0.22125745,0.20970605,0.20791632,0.2225883,0.23111212,0.23399983,0.2398166,0.23732983,0.22542295,0.21215479,0.19524316,0.17758867,0.16743091,0.1608919,0.15094444,0.1330563,0.10711081,0.110008456,0.24703737,0.30978423,0.3785759,0.43663242,0.43886924,0.45931318,0.5178572,0.56164795,0.5801925,0.57534367,0.58011925,0.5746071,0.5482097,0.55264616,0.57662535,0.5844213,0.5769146,0.56558037,0.55472475,0.5586621,0.55976844,0.55234796,0.5352658,0.5071591,0.4742782,0.44632217,0.427787,0.4259404,0.42975712,0.43811616,0.45158935,0.452892,0.44134185,0.42751256,0.4130809,0.39734066,0.3901125,0.39134744,0.40174007,0.41959462,0.43382597,0.4396229,0.4446248,0.44668242,0.44449455,0.4422299,0.43917865,0.4346766,0.43357438,0.4350402,0.4385864,0.44638813,0.45205912,0.4505031,0.44294623,0.4300167,0.40841493,0.3827683,0.3474631,0.31361273,0.30477116,0.30477148,0.29124203,0.2621009,0.22165778,0.19344868,0.1687862,0.16692671,0.13551497,0.056957208,0.057143364,0.20353542,0.38707793,0.31113738,0.3249635,0.30218235,0.32150614,0.43794686,0.5356508,0.51360977,0.6193393,0.8030746,0.91007787,0.94355696,0.8905432,0.8125281,0.8028313,0.83801824,0.85316765,0.87302953,0.896742,0.89720494,0.87558216,0.84652513,0.8190134,0.7931321,0.77809995,0.7749191,0.7794467,0.7939279,0.8132421,0.82521003,0.82382286,0.8137293,0.80114,0.7883901,0.77230495,0.747621,0.7187758,0.7021217,0.68550843,0.6572076,0.6635749,0.67917,0.6879984,0.6862694,0.6705667,0.6367411,0.587849,0.5255001,0.45372614,0.37633303,0.2984281,0.23022515,0.17951755,0.15431617,0.16908744,0.24131493,0.32610372,0.36670116,0.36453992,0.36297488,0.37604702,0.4097763,0.4790457,0.6211961,0.7202035,0.7547044,0.74758273,0.71349293,0.65814364,0.5914484,0.5218342,0.45850757,0.4080035,0.37881875,0.37531036,0.38619167,0.40704846,0.4382934,0.44627815,0.3876187,0.26776242,0.17418733,0.11754409,0.059577614,0.08544959,0.21929002,0.21490127,,,,,,,,,,,,,,,,,,,,,,0.26465735,0.29404438,0.46705976,0.6437342,0.30064,0.28202364,0.25781932,0.2573029,0.27426273,0.27667147,0.2625691,0.26398948,0.27526253,0.29470882,0.31423438,0.3246583,0.33490255,0.33948502,0.32945898,0.3114638,0.29675987,0.28494483,0.2769451,0.27050555,0.26088327,0.24893604,0.25101486,0.251622,0.25790685,0.25571656,0.26314816,0.27620816,0.2859522,0.30066174,0.3028578,0.29537988,0.2953449,0.28340977,0.2707452,0.2623988,0.25608575,0.24991164,0.23630416,0.20763983,0.18049598,0.1800379,0.20202197,0.23343547,0.2534738,0.249904,0.23287492,0.22150032,0.2219815,0.21769015,0.21435933,0.2238512,0.23660085,0.24302931,0.24083307,0.23562409,0.23584078,0.24097328,0.24503504,0.24538772,0.24212518,0.23031041,0.21562238,0.206595,0.20361394,0.20276871,0.19799596,0.18782467,0.17639403,0.16646765,0.16475783,0.1797215,0.21765618,0.24646746,0.2572887,0.26724556,0.2632229,0.2399851,0.21885689,0.22317606,0.24816525,0.26685032,0.29270294,0.32738423,0.32912105,0.3027102,0.2790486,0.25916943,0.26119885,0.31690383,0.3693908,0.40421915,0.43220213,0.45652443,0.48623443,0.501003,0.5258232,0.5365185,0.47968343,0.3974956,0.3308562,0.2971029,0.2743619,0.24363956,0.18120787,0.0827603
6.5,,,,,,,,,,,,,,,,,,0.18879291,0.18608654,0.32731742,0.707802,1.0770465,1.1782982,1.0307779,0.7736246,0.59552085,0.53776926,0.47196752,0.38368225,0.32694155,0.30141994,0.27576262,0.25257745,0.25047088,0.28093228,0.34062773,0.43024522,0.550957,0.64175487,0.642511,0.6134475,0.6329281,0.62606585,0.5711152,0.5229814,0.45970863,0.4154999,0.39214766,0.4059277,0.44328448,0.46808603,0.4885651,0.5148135,0.5489087,0.58236754,0.5962203,0.5880215,0.572387,0.56237066,0.5478263,0.50495595,0.44658032,0.4004947,0.3659178,0.33862737,0.3213729,0.3087891,0.29906332,0.28864872,0.27516377,0.2656435,0.26124835,0.26067823,0.26137447,0.2600918,0.25309944,0.24304138,0.23305619,0.22423494,0.21567433,0.2087144,0.20283939,0.19515324,0.18257652,0.16829383,0.1530609,0.13290653,0.11044079,0.096397415,0.090692684,0.087397255,0.09048258,0.09774896,0.097863115,0.08829746,0.08312412,0.11578418,0.1889836,0.27857822,0.36806417,0.45062295,0.52540135,0.59522367,0.6574952,0.70576483,0.73873794,0.7558744,0.753279,0.74304384,0.73689055,0.72718036,0.7134509,0.6966811,0.67727613,0.6516796,0.6190365,0.5783973,0.5317963,0.48994097,0.4534211,0.4190316,0.38437992,0.3556354,0.34065965,0.3294251,0.3214464,0.30483404,0.27386025,0.23166117,0.18227144,0.12699589,0.07779243,0.041091736,0.040919848,0.07046198,0.10729353,0.14471139,0.17579529,0.19931841,0.2119863,0.21987642,0.21400781,0.19560693,0.16711153,0.13351539,0.10118867,0.06974588,0.0438516,0.041336723,0.050533324,0.05192726,0.046793614,0.044757713,0.09373561,0.19525474,0.31353694,0.4117955,0.48556966,0.5163236,0.51157826,0.49737686,0.49460953,0.5071213,0.53255534,0.5556804,0.56739205,0.5714263,0.54778486,0.5055828,0.44635797,0.38417327,0.3257499,0.28261074,0.24902819,0.21655165,0.18778323,0.16356216,0.15356404,0.1649882,0.18807085,0.21332702,0.24289872,0.27298024,0.29984465,0.32073748,0.34118792,0.36465347,0.38481495,0.3956967,0.39805713,0.39296827,0.38819024,0.38412002,0.37063232,0.3499037,0.33172986,0.31571832,0.30881616,0.31459466,0.33067453,0.36923748,0.3837648,0.35963047,0.358792,0.35563698,0.34267664,0.32301617,0.30615246,0.28724274,0.26677045,0.2586404,0.25486618,0.24631146,0.23771098,0.23896563,0.23438944,0.2288692,0.22398855,0.21748942,0.2136739,0.20717973,0.18929635,0.16855629,0.15480354,0.14586407,0.133871,0.11453895,0.10089385,0.16281204,0.29109013,0.27478784,0.34041905,0.37714627,0.3789026,0.4213545,0.5167345,0.57701397,0.59064126,0.58562493,0.60091436,0.6009013,0.5831798,0.57958734,0.5864048,0.58536476,0.5730817,0.574055,0.5650905,0.5620136,0.5580844,0.5449155,0.5191211,0.49161103,0.46330044,0.4376582,0.4194038,0.41574395,0.41686845,0.42300656,0.43636152,0.43646932,0.42188615,0.40737596,0.3970404,0.39360136,0.40041775,0.412162,0.4213966,0.43302387,0.44400182,0.44762972,0.44790396,0.44810867,0.44688538,0.4484276,0.4498615,0.4484625,0.44948202,0.4522104,0.45353988,0.45322952,0.44920325,0.4419389,0.4325206,0.41724986,0.39872602,0.37724537,0.34429118,0.30903453,0.2896682,0.28277498,0.2717065,0.2402963,0.20051077,0.18142012,0.18817045,0.20222844,0.17377731,0.04334553,0.12106832,0.2591369,0.39085293,0.3453412,0.39277104,0.34408787,0.26973033,0.43407652,0.6068603,0.58785075,0.6402111,0.7860986,0.89508814,0.94819117,0.9232674,0.86912626,0.8669901,0.9043666,0.91947186,0.92756736,0.9491548,0.9617352,0.9565148,0.9412015,0.92556494,0.9102836,0.8976918,0.89394224,0.89504135,0.8947475,0.8932924,0.8950251,0.8976749,0.8924532,0.87804836,0.8554431,0.8254828,0.7898327,0.7635381,0.7477584,0.7164482,0.69507915,0.68190026,0.6525399,0.6057175,0.5573521,0.5092358,0.45711744,0.40314105,0.3482604,0.2956129,0.24674298,0.20375837,0.17320813,0.16419798,0.18158986,0.24666046,0.34648272,0.40093765,0.4032583,0.3876066,0.39010388,0.41578886,0.47622558,0.59278405,0.729951,0.77906907,0.76274973,0.71949327,0.6605707,0.5858175,0.5096348,0.43564942,0.36634958,0.30620196,0.27602953,0.28766376,0.31963825,0.36272934,0.41438434,0.44957244,0.43660572,0.323709,0.20573637,0.16203792,0.1200171,0.07783304,0.22884151,0.2751397,0.25476587,,,,,,,,,,,,,,,,,,,,0.15689103,0.24072048,0.34694415,0.5857115,0.5902268,0.33790445,0.3296466,0.30150434,0.30364066,0.3099419,0.30485204,0.2824633,0.26503682,0.26203477,0.27240914,0.2871096,0.29319522,0.29603896,0.29939523,0.28941792,0.26869866,0.24809344,0.23253435,0.2227368,0.21682528,0.22091682,0.22286196,0.23691522,0.24350268,0.24662821,0.24804348,0.25112846,0.25718543,0.26537988,0.28132048,0.28469256,0.2729059,0.28153837,0.28100514,0.27595595,0.26998523,0.26101717,0.24872488,0.23689939,0.21852127,0.18856765,0.16238001,0.14996327,0.15813176,0.19012852,0.22373383,0.23108546,0.22467072,0.21317513,0.20226675,0.20230898,0.21299529,0.2238089,0.2314548,0.23054709,0.22324584,0.2249662,0.2343575,0.23462662,0.23023269,0.22838104,0.22310661,0.21685277,0.20875226,0.19800134,0.19080639,0.18614742,0.17638014,0.16249222,0.14804633,0.14308448,0.1487703,0.18476474,0.21027038,0.23832895,0.25964686,0.2546563,0.22592244,0.19649422,0.19947982,0.2252418,0.24762474,0.28690776,0.3334548,0.3416338,0.32108167,0.30325988,0.2967204,0.31506002,0.36152247,0.41183504,0.450346,0.48186517,0.50764626,0.53655857,0.5365343,0.5570498,0.55691564,0.4896464,0.40086496,0.33224103,0.30758175,0.2956955,0.28175414,0.23813862,0.114773355
6.4166718,,,,,,,,,,,,,,,,,,0.18645714,0.22150938,0.4519203,0.895287,1.157213,1.1360099,0.92002386,0.6938251,0.56859285,0.49852157,0.42556298,0.37050444,0.34218273,0.31154433,0.27270266,0.24130195,0.23591751,0.2639334,0.32949552,0.42320213,0.55570006,0.6609257,0.6744609,0.6344582,0.64253175,0.64469683,0.58842796,0.5151979,0.45402414,0.4092315,0.39549214,0.41698828,0.46348184,0.49861172,0.5238702,0.54733145,0.5693557,0.5881815,0.5967772,0.5891643,0.5742214,0.56417716,0.54633707,0.49835005,0.44300196,0.40149087,0.36780927,0.3415368,0.32562828,0.31375292,0.30475974,0.29193786,0.27681646,0.26816723,0.2640211,0.26249838,0.26191986,0.2602702,0.25354216,0.24222721,0.2279792,0.21026821,0.19007248,0.170667,0.15483037,0.13792759,0.117960095,0.097835764,0.08406049,0.078194745,0.07418215,0.066532016,0.07046393,0.094664015,0.1262822,0.1534608,0.17910743,0.2137303,0.26577434,0.33583307,0.4134626,0.489713,0.5562162,0.6084658,0.6486806,0.68152875,0.7044187,0.7187127,0.7268757,0.72772974,0.7218555,0.7138674,0.7054395,0.6924812,0.6786639,0.6625052,0.64229393,0.6175168,0.58483356,0.5481794,0.5095891,0.47138268,0.43507886,0.40221402,0.3710504,0.34506655,0.32698327,0.32338917,0.3157184,0.29183415,0.25474432,0.20802082,0.15757266,0.10187565,0.056597278,0.021898277,0.034656033,0.06838901,0.10209037,0.13381131,0.15988605,0.18257801,0.19736086,0.20875692,0.21043643,0.19318339,0.16593166,0.13801545,0.11229668,0.08899196,0.07599243,0.07664525,0.078536086,0.07175887,0.04399199,0.07114943,0.17402038,0.27994645,0.3676874,0.44083026,0.4858199,0.49477792,0.48678753,0.48251402,0.4971204,0.52935094,0.5685375,0.5887339,0.594141,0.5735841,0.5286592,0.4756004,0.42363706,0.3769104,0.33062744,0.29802617,0.27312383,0.24133097,0.2083233,0.17603499,0.16187496,0.17731887,0.204003,0.22962354,0.25270647,0.27767688,0.307957,0.33983412,0.3747029,0.40803438,0.43041658,0.43596172,0.42740375,0.41765928,0.41321504,0.40860647,0.3995333,0.38606483,0.3678901,0.3497351,0.34048432,0.34804374,0.37180507,0.3950647,0.38215074,0.3689819,0.3606355,0.3486859,0.333378,0.3108036,0.29331034,0.27852103,0.2715198,0.27713332,0.2829513,0.27909824,0.26727363,0.25717148,0.24825105,0.23775297,0.21929842,0.20289697,0.19130145,0.17669237,0.15896167,0.14397678,0.12938958,0.11584469,0.10144506,0.09902709,0.1460427,0.22039838,0.2561099,0.21933334,0.30168062,0.32694778,0.34070784,0.39610687,0.49814233,0.56818837,0.58496785,0.5836833,0.6119625,0.61943585,0.61162084,0.5980101,0.594506,0.5892499,0.58371544,0.58871526,0.58172596,0.57118547,0.5528856,0.5256354,0.497272,0.47493553,0.45331195,0.43347862,0.41452223,0.404683,0.40085676,0.40368748,0.41236293,0.4106532,0.39872167,0.38415375,0.37988594,0.38599843,0.39857832,0.40954182,0.41329315,0.4207059,0.43252468,0.4385165,0.43862778,0.43977684,0.44084835,0.44120443,0.44019955,0.4355655,0.43412545,0.43583745,0.43652955,0.4349509,0.42948517,0.42465767,0.41678494,0.40208718,0.38545847,0.36610237,0.3373117,0.3014572,0.26944062,0.25186816,0.23914412,0.20493396,0.16462883,0.14978352,0.18258357,0.20190586,0.17028351,0.022199195,0.16267012,0.29965752,0.3644749,0.20768881,0.25451806,0.19937824,0.19382767,0.38318977,0.58095855,0.63244,0.6435381,0.75025254,0.86474067,0.9446184,0.95661795,0.92541844,0.934127,0.9808387,1.0016122,1.0057056,1.0163943,1.0250839,1.0259985,1.0223818,1.0164771,1.0120523,1.0129955,1.0230622,1.0356826,1.0434375,1.0465845,1.044557,1.0332924,1.0091624,0.9752531,0.9345255,0.8865779,0.84117335,0.8138666,0.7857399,0.74442136,0.69867307,0.6365614,0.56150913,0.48692152,0.4250104,0.37528664,0.33161315,0.29482257,0.2674107,0.24743451,0.23354587,0.2276072,0.23069564,0.25013196,0.28908765,0.3605988,0.41980657,0.43644083,0.42322838,0.4021967,0.4025287,0.44391942,0.5427873,0.6925804,0.8105588,0.808965,0.7438634,0.6581676,0.56418025,0.46877778,0.39140928,0.32325423,0.25563997,0.18250407,0.12819028,0.12769899,0.17156449,0.24994114,0.34141898,0.42394036,0.45855638,0.37597242,0.2513108,0.19950195,0.16295071,0.08358595,0.17208235,0.29421747,0.23117352,,,,,,,,,,,,,,,,,,,0.13956197,0.1725694,0.24557216,0.5348002,0.64764243,0.50598824,0.37236887,0.35963944,0.32487085,0.33446044,0.34007668,0.32767653,0.30061555,0.2755503,0.26418713,0.2605294,0.25591147,0.24501036,0.23161985,0.23580977,0.24044916,0.23916362,0.23197477,0.22092064,0.21592617,0.21234958,0.2163163,0.21590398,0.23316374,0.25399545,0.26767746,0.26915866,0.26860338,0.2616142,0.25555187,0.26204658,0.26227552,0.25178978,0.2573919,0.2679013,0.27136973,0.26637515,0.2562992,0.24199212,0.22875124,0.21230529,0.19373104,0.17729758,0.15652797,0.12732877,0.1014719,0.12008864,0.15528202,0.19292706,0.20961277,0.20010614,0.18765749,0.19500594,0.20955811,0.21522519,0.21458608,0.20985283,0.2132862,0.22070082,0.21303488,0.20301227,0.20151703,0.19701171,0.19098495,0.18402214,0.17723829,0.17052111,0.15896033,0.14287244,0.12921701,0.11982673,0.12200399,0.13053223,0.16783403,0.1969543,0.23524857,0.25054348,0.24528477,0.21719465,0.18591179,0.18476939,0.20939688,0.23424087,0.28328598,0.33544943,0.35069293,0.34953213,0.34310728,0.34456283,0.36182097,0.4011911,0.4564222,0.4965279,0.5196549,0.543018,0.5719182,0.564901,0.58263516,0.5680861,0.49433252,0.4140616,0.3592673,0.3273052,0.31550354,0.31107914,0.29784408,0.22801904
6.333336,,,,,,,,,,,,,,,,,,0.1709972,0.29229176,0.6371543,1.0302418,1.1724236,1.0524615,0.8199084,0.6536582,0.57083666,0.48980993,0.4222231,0.38369286,0.35355866,0.3087091,0.26336628,0.2231524,0.20993152,0.24458466,0.3251792,0.43003958,0.56064785,0.66737664,0.7045574,0.6631273,0.65278363,0.6483657,0.5944012,0.509736,0.45999208,0.42848784,0.4283235,0.44925386,0.49366403,0.53555995,0.55901366,0.5703635,0.57563037,0.58589303,0.59388787,0.5849183,0.5670754,0.5555776,0.5350498,0.4838881,0.4303661,0.3916341,0.36343327,0.3421972,0.32856286,0.31941485,0.31428498,0.30273163,0.28727958,0.2743771,0.26479197,0.2612751,0.26087072,0.26054618,0.25772932,0.24955513,0.23447852,0.21695507,0.1976617,0.17473581,0.14966889,0.12335394,0.09518385,0.06572371,0.03821778,0.02722874,0.05204034,0.08881696,0.12931924,0.17097142,0.21227898,0.25838464,0.31294072,0.3777592,0.44692042,0.5084412,0.5578466,0.59776807,0.6297513,0.6553632,0.6740162,0.6837844,0.6842299,0.6823917,0.6850248,0.6869897,0.68625176,0.68171847,0.6721382,0.6580222,0.64579445,0.6327603,0.6138123,0.5890462,0.5585644,0.52732795,0.49427217,0.454561,0.41275623,0.37645558,0.345636,0.32583103,0.31947947,0.3199025,0.30373517,0.27071312,0.2279059,0.1787092,0.13351215,0.08684965,0.050539773,0.012607388,0.03290965,0.0696197,0.09836256,0.12389872,0.14583416,0.16408548,0.18435782,0.206386,0.2103899,0.19364628,0.16910513,0.1463419,0.13001339,0.11958805,0.11555025,0.12025898,0.119057976,0.07831941,0.06174879,0.1730309,0.27248746,0.34693336,0.40128133,0.4461676,0.4656399,0.4660606,0.4677159,0.4832061,0.51530993,0.5588965,0.5967552,0.59929234,0.5812129,0.5366034,0.4941361,0.44957685,0.40835223,0.37418017,0.33795175,0.3130963,0.28519005,0.24785252,0.20530067,0.16636641,0.16049603,0.18692139,0.21813586,0.24385196,0.26689115,0.29267684,0.32299784,0.35908282,0.4031608,0.4426399,0.46353257,0.46698666,0.45751825,0.4469241,0.43952104,0.42982602,0.42175722,0.40977257,0.38941684,0.37188578,0.37092113,0.3844123,0.4042684,0.40691528,0.38872615,0.37506357,0.3586476,0.3442141,0.32020944,0.29054895,0.27556723,0.27173707,0.27395254,0.27672434,0.27877173,0.28182447,0.27875942,0.2658543,0.25446266,0.24248597,0.22108655,0.20278308,0.17920521,0.15014212,0.12339787,0.106163055,0.09648213,0.08547821,0.08577863,0.12442255,0.1808185,0.20395577,0.17181516,0.19420515,0.27013662,0.2911304,0.31249,0.37612084,0.4809154,0.54686344,0.5636905,0.57509774,0.6199142,0.6360493,0.6301966,0.61637414,0.6085647,0.60551304,0.6080426,0.6041001,0.58729464,0.5691746,0.5388397,0.5057888,0.47992417,0.4612035,0.4442076,0.42711475,0.40747502,0.3887911,0.38531646,0.38665897,0.38914654,0.38168663,0.37626627,0.36500844,0.36375162,0.3706047,0.38099363,0.3922802,0.39631304,0.4000866,0.4100981,0.42350268,0.42968524,0.43009067,0.4292793,0.42717114,0.4223195,0.41320637,0.4084144,0.40842628,0.4087807,0.41164154,0.41235706,0.40983072,0.3984801,0.38251612,0.369208,0.353567,0.32450655,0.28411958,0.24748926,0.22894344,0.2109249,0.16553578,0.12300266,0.11179094,0.12666987,0.14506559,0.13709903,0.101655476,0.20983234,0.3406936,0.40917522,0.3126435,0.26435333,0.3097943,0.31407395,,0.4463062,0.6321269,0.6180648,0.6970221,0.8116806,0.9127424,0.96365345,0.975705,0.9961948,1.0410739,1.0772452,1.0978975,1.116636,1.134259,1.1564908,1.1783053,1.191331,1.2027545,1.2140024,1.2243006,1.2234298,1.2103631,1.1908497,1.1650314,1.130516,1.0881022,1.0412122,0.9871015,0.92780536,0.87867516,0.8295027,0.7653546,0.6866257,0.6023048,0.51486546,0.43379065,0.36963698,0.32842773,0.30587646,0.2941807,0.2887642,0.2898476,0.2905287,0.28478956,0.2810261,0.29048806,0.32515833,0.3803533,0.42540112,0.4475469,0.44226226,0.4155283,0.397141,0.41945663,0.4877667,0.61138684,0.7567561,0.84260803,0.79674023,0.69389415,0.57048637,0.44934058,0.34193712,0.25641096,0.17840575,0.10386276,0.058645703,0.048112698,0.029240735,0.044208795,0.12697133,0.23038939,0.36392125,0.43564487,0.39103404,0.28911766,0.22195366,0.18757007,0.14037673,0.11065318,0.31309548,0.19457409,,,,,,,,,,,,,,,,,,0.15723443,0.18489464,0.29327357,0.53805786,0.65682644,0.60509664,0.46556696,0.4267425,0.3909773,0.3574296,0.35291457,0.34751233,0.33916053,0.31966618,0.29907313,0.28187513,0.27019376,0.2518713,0.2230947,0.19579874,0.1979562,0.20798776,0.2332906,0.2578891,0.25571585,0.25487795,0.2536645,0.25713181,0.2523,0.2641513,0.2891412,0.3030017,0.3013833,0.29454872,0.28861013,0.28036672,0.2796887,0.26994237,0.25347304,0.24119255,0.25681636,0.26110446,0.25759715,0.24646272,0.22993325,0.21426502,0.1997216,0.19112918,0.1835408,0.17406614,0.15365079,0.119209826,0.090956055,0.05739049,0.0764471,0.11841654,0.14938606,0.16994193,0.18460713,0.18599066,0.16868395,0.16162129,0.16560633,0.17163533,0.174131,0.17145328,0.17166425,0.16444299,0.15051042,0.14453533,0.14504652,0.14245035,0.13801128,0.12967253,0.11327203,0.096009806,0.090594634,0.10464536,0.12987421,0.17160147,0.20693621,0.23797986,0.23886323,0.23154715,0.20840958,0.18767087,0.17996773,0.20148262,0.23337783,0.28687072,0.33894494,0.3654204,0.38563836,0.38704216,0.38263682,0.3999903,0.43842733,0.49670348,0.530434,0.54376,0.56998163,0.6056395,0.60973626,0.62154716,0.5878006,0.51465535,0.43845153,0.38437825,0.34507933,0.3262256,0.32279873,0.33427402,0.33791897
6.25,,,,,,,,,,,,,,,,,,0.21448652,0.3950868,0.81381935,1.1195483,1.1476543,0.96616346,0.7504384,0.6295539,0.56799966,0.49850664,0.44430324,0.40788668,0.36508027,0.30762395,0.24918124,0.19736226,0.18298484,0.23791866,0.34031224,0.45560429,0.57873386,0.67486995,0.72966444,0.68580616,0.6614336,0.6461785,0.5928632,0.5120719,0.47520605,0.45914575,0.46763492,0.49356207,0.53878945,0.5780697,0.59166497,0.58235395,0.5728504,0.5817888,0.59078276,0.5781211,0.5547965,0.5406814,0.5194398,0.4689926,0.41515633,0.3768494,0.35329813,0.3382558,0.33119103,0.33063564,0.33109775,0.32048082,0.30624682,0.29131117,0.27858075,0.2737521,0.2730087,0.27089292,0.26729324,0.25956455,0.24714473,0.23278254,0.21418503,0.19081672,0.16617072,0.14376158,0.12454746,0.11038296,0.10403361,0.11489494,0.14005464,0.1749502,0.21792611,0.2629147,0.31445757,0.3757418,0.4353188,0.48755544,0.53309226,0.5687605,0.5959241,0.6159914,0.62906224,0.6379506,0.64291584,0.6437948,0.646994,0.6526177,0.6584943,0.6615339,0.6597137,0.65399635,0.6440248,0.6301595,0.6194261,0.61063963,0.5947511,0.5698847,0.5403957,0.5073767,0.4704439,0.42573324,0.37904066,0.34065804,0.31668407,0.31649277,0.3173223,0.30886284,0.2794279,0.24049838,0.19916043,0.15381686,0.11155961,0.0728064,0.043191105,0.015793126,0.039407883,0.07307462,0.09671268,0.115604356,0.13263284,0.15457034,0.18386896,0.20474389,0.20308268,0.19259177,0.17703496,0.16124953,0.15762939,0.15336783,0.15902145,0.16090786,0.10914616,0.07492364,0.18021421,0.26645178,0.33026987,0.3742592,0.41118854,0.43780658,0.44427288,0.44506717,0.4643129,0.49532744,0.54292095,0.58998096,0.60011524,0.5786168,0.5448711,0.509493,0.47353896,0.4349331,0.40006512,0.3735914,0.34560335,0.31618908,0.2760132,0.22785746,0.17985868,0.1525153,0.1625863,0.191884,0.22189614,0.24911359,0.27718693,0.30880812,0.34228995,0.3777561,0.41902515,0.45844802,0.48327625,0.492008,0.4901591,0.48104256,0.46529147,0.4454451,0.43166533,0.41469848,0.39508048,0.3890025,0.3996544,0.41305715,0.42220634,0.41249582,0.3918693,0.3707378,0.35459518,0.3409337,0.31410697,0.28610802,0.27706078,0.285069,0.29053253,0.28107995,0.26893806,0.26432037,0.26429117,0.26147506,0.25383645,0.2446534,0.22737846,0.21025367,0.18429387,0.14864382,0.11484216,0.092548884,0.0890645,0.08416787,0.08955306,0.12074226,0.13794938,0.12307247,0.11475181,0.17384613,0.21520369,0.23597635,0.28512534,0.36132935,0.48075128,0.52468,0.5392052,0.5727937,0.63726115,0.6544191,0.64409393,0.636344,0.631503,0.6301721,0.63099504,0.6142221,0.5879257,0.5614595,0.53560436,0.50246644,0.47583985,0.45528293,0.43313816,0.41236538,0.39352682,0.36783198,0.36746186,0.370108,0.37353554,0.3680536,0.36589837,0.35684302,0.34943593,0.34611928,0.3511084,0.35879683,0.36507434,0.37444755,0.3814475,0.39129615,0.4059313,0.41368726,0.4126866,0.41023347,0.4035592,0.39002705,0.38252404,0.38409552,0.38930312,0.39593726,0.3991,0.39599836,0.38245893,0.36543578,0.354378,0.3403818,0.31046045,0.27051058,0.23476516,0.20924734,0.17698553,0.118922286,0.07812837,0.07393064,0.07796028,0.054448854,0.11824659,0.18507427,0.1904219,0.28819463,0.42541263,0.42230585,0.45303738,0.4608014,0.32807374,0.23371136,0.37161183,0.5778908,0.57203823,0.6462087,0.7423695,0.86624086,0.9648891,1.0301853,1.055583,1.0780798,1.1109414,1.1460383,1.1800158,1.2089442,1.2370344,1.2567295,1.2635771,1.2644272,1.2609723,1.2497975,1.2247368,1.1901915,1.1555905,1.1224357,1.0847082,1.0394977,0.9873856,0.92794096,0.86481273,0.8004197,0.72428185,0.6382184,0.5483608,0.4643744,0.39450946,0.34483874,0.31885952,0.31293976,0.3175079,0.32356688,0.3280795,0.33297396,0.33245885,0.32636774,0.32468832,0.34244055,0.38066536,0.41613773,0.4286397,0.42899752,0.41903797,0.396064,0.4015117,0.4433587,0.52683103,0.65786093,0.79186136,0.8553635,0.77908707,0.65116966,0.4995012,0.3607858,0.2508859,0.16951053,0.13500051,0.1374375,0.13731374,0.119054966,0.084912755,0.05270392,0.061130982,0.13816547,0.28537086,0.3775183,0.37067527,0.30442762,0.23964828,0.22015657,0.2006033,0.03364582,0.29614684,0.2752494,0.24596743,,,,,,,,,,,,,,,0.14210542,0.17655678,0.22030868,0.3198089,0.61123264,0.7297873,0.6645576,0.54298496,0.48444775,0.4680669,0.41714197,0.38858047,0.3723447,0.36293283,0.3575822,0.33708334,0.31319565,0.28426307,0.25433162,0.23080161,0.19571806,0.16479623,0.17021194,0.19993669,0.26156515,0.30668435,0.309924,0.31142414,0.30795452,0.3086196,0.30627257,0.31541613,0.33278933,0.34163058,0.33918127,0.33033994,0.32601425,0.3162729,0.30983543,0.29965883,0.27833688,0.26035696,0.26482522,0.26176143,0.25518122,0.24653153,0.23158033,0.21439952,0.2027603,0.1960632,0.19313757,0.183604,0.17171451,0.14593808,0.12031288,0.08701374,0.05492382,0.012292064,0.05620906,0.11655399,0.15405805,0.16237982,0.1443564,0.13023674,0.12690866,0.13202599,0.1424936,0.1436639,0.13762328,0.12924059,0.12594715,0.126254,0.12446154,0.12269486,0.12147114,0.11307682,0.096689716,0.0824092,0.08710129,0.1076354,0.14176758,0.18360117,0.21688928,0.2343109,0.22824687,0.2206631,0.20208007,0.18980971,0.18460722,0.20151651,0.2443761,0.2998433,0.34974995,0.3896623,0.4250397,0.42674497,0.41584903,0.43920884,0.47203735,0.52857405,0.55877906,0.57008505,0.60651517,0.65466833,0.67438215,0.67333657,0.6309725,0.56373984,0.4849257,0.41484055,0.36628684,0.33745617,0.32522824,0.33588088,0.37804195
6.1666718,,,,,,,,,,,,,,,,,0.24379525,0.27188507,0.5416817,0.93274915,1.1546828,1.102179,0.89240825,0.71205443,0.6256665,0.5672046,0.5039942,0.4552144,0.41552666,0.36881077,0.3088786,0.24113446,0.17259848,0.16190305,0.25229877,0.37778357,0.4886694,0.5963148,0.67570245,0.7278574,0.69274414,0.6606137,0.64010316,0.5860947,0.5211821,0.4983352,0.49491528,0.5052437,0.53137344,0.5750565,0.61055845,0.6121563,0.58461845,0.5697359,0.58173805,0.5893713,0.5734495,0.54359215,0.5192746,0.49367392,0.44866607,0.40442434,0.37426838,0.35850608,0.35462978,0.35742497,0.35891685,0.35646918,0.34938037,0.3408655,0.3301022,0.31907716,0.31151253,0.3074668,0.30335242,0.29730687,0.2864976,0.26959002,0.25257063,0.23555793,0.2162407,0.19634938,0.17821637,0.16083466,0.14732371,0.14761963,0.16401368,0.19249482,0.22615835,0.26541686,0.3106954,0.36040473,0.4117259,0.4611953,0.5025619,0.5331575,0.55588585,0.5735832,0.5867373,0.5963757,0.6030634,0.60940784,0.6152847,0.6231811,0.63074285,0.63661724,0.6365662,0.6340995,0.63116324,0.62331045,0.6116274,0.60245067,0.59249336,0.57420623,0.5454336,0.5134175,0.47713065,0.4369923,0.3934103,0.3501359,0.31955466,0.31201917,0.32037205,0.30889872,0.28392377,0.24767815,0.21123213,0.1742062,0.13555457,0.09862032,0.07283009,0.0503044,0.037164517,0.05384685,0.080302015,0.09998415,0.1166853,0.13449858,0.15958367,0.18643062,0.19983572,0.20203038,0.19868512,0.18938284,0.18282072,0.18011136,0.18332912,0.18883684,0.13639162,0.074673966,0.18637641,0.26151365,0.30853432,0.34844935,0.3821093,0.40827948,0.4207676,0.4251736,0.4386809,0.47759587,0.5188781,0.56707937,0.59030247,0.5754459,0.5518808,0.52092385,0.49020153,0.45870978,0.42310777,0.39534503,0.3722958,0.34274498,0.29975757,0.24879755,0.19559975,0.15622352,0.14395331,0.16389881,0.19696994,0.22784907,0.2547414,0.28526357,0.32222852,0.3599426,0.39723247,0.4366334,0.47411638,0.49758613,0.5036083,0.50496435,0.49984398,0.48124227,0.45475572,0.43537864,0.41742092,0.40417412,0.40708753,0.41861007,0.42806995,0.4310049,0.414734,0.3903463,0.37445667,0.36318016,0.34519067,0.31880647,0.29862633,0.29583004,0.30516368,0.30536145,0.29424143,0.28649595,0.28186765,0.27725714,0.2722458,0.25975162,0.24375801,0.22945729,0.21364285,0.18760964,0.1504025,0.11374543,0.08686475,0.07501273,0.067415185,0.06824799,0.079782784,0.076933354,0.07029562,0.10020944,0.15725465,0.16636275,0.20293379,0.2760804,0.364332,0.48401546,0.50478625,0.53146607,0.5913565,0.66511744,0.67377704,0.65924567,0.65317315,0.65306735,0.6486192,0.6449825,0.62010324,0.58457875,0.55507886,0.53548163,0.5062217,0.47892082,0.45384252,0.42071164,0.3892506,0.37058726,0.34057593,0.33025867,0.3405252,0.34537327,0.34684184,0.3495199,0.34422845,0.3333364,0.32499552,0.32358357,0.32751605,0.33398816,0.35208893,0.3659435,0.36872232,0.3750943,0.3842592,0.3860078,0.37944424,0.3723014,0.36100224,0.36047658,0.36454156,0.3697553,0.37449545,0.38299915,0.38920435,0.38124904,0.3639102,0.34944284,0.33064592,0.2989756,0.25849834,0.22065683,0.19042495,0.14616032,0.086680815,0.03829959,0.022877386,0.114917226,0.26920527,0.39601713,0.4020472,0.36842668,0.33373725,0.42943424,0.42416224,0.39509588,0.29709396,0.2660826,0.27658123,,0.38911942,0.50194436,0.59270483,0.6399406,0.77044696,0.90964323,1.0318466,1.0860217,1.1020064,1.1089317,1.1095725,1.1093358,1.1100023,1.1139808,1.1172582,1.1090021,1.0927038,1.0761446,1.0564063,1.03005,1.0006651,0.9735014,0.9478134,0.9164948,0.8729672,0.8214114,0.7666091,0.7083501,0.6446753,0.5760508,0.5038844,0.43479326,0.38157618,0.34984803,0.33605886,0.3371969,0.34502926,0.35347852,0.35804653,0.35603285,0.34992105,0.34107885,0.33203816,0.3381432,0.36660534,0.39683995,0.40649554,0.40572,0.40538004,0.39460927,0.3865956,0.40921837,0.4587651,0.54569006,0.6863862,0.8377186,0.8912676,0.78956527,0.6369704,0.4569467,0.30452278,0.2087385,0.16329338,0.1748778,0.20138909,0.20644867,0.18552819,0.14890221,0.12163945,0.099645294,0.11509952,0.22443074,0.31823748,0.33076578,0.2908028,0.24043489,0.2443355,0.24275856,0.07023804,0.23397885,0.2998461,0.2278683,,,,,,,,,,,,,0.19942166,0.1289215,0.11898357,0.19948144,0.3405921,0.64139074,0.8225289,0.74569213,0.61700886,0.5296688,0.5189692,0.49029788,0.4536437,0.43533897,0.40378556,0.3712305,0.3650035,0.33614165,0.30062458,0.27018332,0.23480073,0.20856696,0.17544246,0.15859526,0.17304012,0.22449115,0.29944167,0.343411,0.3514516,0.35838714,0.3570088,0.35794684,0.35835317,0.35917816,0.36319193,0.36768362,0.3692457,0.3661909,0.36335078,0.35163623,0.34238702,0.33236602,0.3104185,0.2893132,0.28137234,0.2768298,0.27145764,0.26621908,0.25520018,0.23847246,0.22508669,0.21531767,0.20962879,0.20080721,0.18962091,0.16941766,0.14508906,0.12278016,0.09768376,0.07569542,0.043937523,0.024293449,0.0755381,0.10012131,0.09853766,0.08119741,0.07236334,0.08126431,0.09349015,0.09417763,0.08987896,0.09114952,0.09940748,0.10480498,0.10444735,0.10616187,0.11061566,0.106124565,0.092362516,0.08732171,0.09331633,0.11824976,0.15496454,0.19031945,0.2137112,0.21964203,0.22058539,0.21775903,0.20666927,0.18678038,0.18952598,0.20846334,0.2589483,0.32058066,0.3718968,0.4249586,0.46527115,0.46753937,0.45364466,0.48057055,0.502286,0.5597328,0.5968962,0.60696095,0.6531485,0.7009687,0.7182813,0.70965093,0.67437285,0.6192273,0.54350984,0.4667937,0.41128895,0.3685115,0.34087616,0.33319584,0.37014332
6.083336,,,,,,,,,,,,,,,,,0.2374574,0.33142734,0.67456317,1.0069811,1.1491135,1.0469143,0.8445132,0.6944878,0.62367535,0.55980605,0.50075316,0.4492921,0.3996376,0.34735313,0.2811891,0.20437515,0.1392372,0.16586746,0.29220662,0.43125775,0.51610285,0.6062906,0.67272013,0.7108189,0.6880876,0.65500224,0.62640464,0.5785912,0.53653216,0.5249722,0.53037333,0.5462657,0.57348627,0.6090139,0.633335,0.6201904,0.5824015,0.5703085,0.5829491,0.58281183,0.5588885,0.52354157,0.49692255,0.47251123,0.43358043,0.3969268,0.37569395,0.3699633,0.37464595,0.38133147,0.38555774,0.38692844,0.38571543,0.38256788,0.37663817,0.36723304,0.3581384,0.35304603,0.3485126,0.34483558,0.33811224,0.32342714,0.3043265,0.28518224,0.26385275,0.23997656,0.21538806,0.19367333,0.17972147,0.18124446,0.1940122,0.21212265,0.23805654,0.2702127,0.30578825,0.34499532,0.3886386,0.43182752,0.4655109,0.49123427,0.51447386,0.5380331,0.5590783,0.5745182,0.58261174,0.5919801,0.60348785,0.6106541,0.61514074,0.6204491,0.6193022,0.61519253,0.6110326,0.60228187,0.5908897,0.5781835,0.5600324,0.5325739,0.4999591,0.4688666,0.43758228,0.4015213,0.36273804,0.32725435,0.3152565,0.32263744,0.31965962,0.29327217,0.25906134,0.22169827,0.18836248,0.15641403,0.12775347,0.10473605,0.08764001,0.06594612,0.062381223,0.08284872,0.10772974,0.1252263,0.13778299,0.15138346,0.16914321,0.18872792,0.20105317,0.20919466,0.20911252,0.20394726,0.2000184,0.19981535,0.2004316,0.1532295,0.08791478,0.1765893,0.24905623,0.29043683,0.32682574,0.3572885,0.37899798,0.3916583,0.4031757,0.41650882,0.4498156,0.49887815,0.53525203,0.56078,0.56474745,0.55207366,0.53040135,0.49938723,0.4703272,0.44188654,0.41305703,0.39386797,0.36777058,0.3263449,0.26825815,0.21134217,0.16291836,0.13782641,0.14065938,0.1662739,0.20348719,0.23798306,0.26701048,0.2984055,0.3357491,0.37507042,0.4141718,0.4509921,0.48369825,0.5024847,0.50529265,0.5093503,0.5083591,0.4903175,0.46328455,0.4420437,0.4277139,0.42334202,0.42685077,0.43235904,0.43762574,0.43466377,0.4163476,0.39800498,0.38716626,0.37076685,0.3460922,0.324296,0.31435433,0.31733477,0.32387412,0.31908637,0.30576402,0.29414964,0.2874793,0.28173843,0.27377397,0.25960988,0.24124537,0.22314818,0.20659871,0.18620434,0.15279214,0.11412189,0.0834151,0.06422806,0.05295351,0.049278248,0.04872668,0.045623444,0.062258795,0.10369339,0.12219033,0.12382359,0.17394416,0.26287094,0.36263973,0.47860882,0.48745146,0.54074866,0.62205297,0.6909063,0.6888912,0.6770609,0.6680024,0.66543186,0.65649366,0.65295494,0.62053764,0.58077294,0.5504081,0.52671015,0.503328,0.4809852,0.45647207,0.4195128,0.38324085,0.35492912,0.32522488,0.3066311,0.3085915,0.3097101,0.30892342,0.31068873,0.3176152,0.3124331,0.30368033,0.29978296,0.30333984,0.30610555,0.31511194,0.3284466,0.33719808,0.33839637,0.34006068,0.34557265,0.34426528,0.3362287,0.32147866,0.32636285,0.3338967,0.34637958,0.3638873,0.38338813,0.39215785,0.3837433,0.36680007,0.35076267,0.32984704,0.2938557,0.24494752,0.19826065,0.160718,0.11173759,0.056670837,0.008257437,0.06669096,0.19124727,0.3820648,0.49500307,0.43544012,0.35972795,0.42869386,0.49550155,0.4809952,0.4787136,0.3757132,0.27816442,0.2566027,,0.18221335,0.4142429,0.54820955,0.5299,0.63332087,0.76051307,0.8962638,0.988091,1.0333954,1.0506035,1.0464472,1.0259042,1.0014677,0.9795894,0.95900196,0.9314708,0.9001742,0.87608874,0.85814846,0.84046996,0.8190654,0.79865384,0.78101426,0.75903213,0.72690535,0.6845615,0.638931,0.59240234,0.5431069,0.49352193,0.44501317,0.4000575,0.367352,0.35402167,0.35498342,0.36174053,0.37187055,0.37905508,0.37352675,0.3559344,0.33696347,0.32455176,0.32845223,0.3548,0.38474205,0.3981079,0.40221134,0.41471228,0.4137924,0.3957239,0.39218235,0.4116101,0.45552507,0.54555243,0.7106307,0.8917778,0.9287101,0.8108405,0.63878703,0.43373376,0.28380874,0.21873026,0.2009656,0.22080415,0.24925339,0.26218602,0.24929683,0.21792158,0.19256161,0.16580695,0.1480583,0.19175133,0.2671369,0.2863236,0.26319557,0.24182032,0.2618798,0.26200354,0.11529028,0.1734311,0.28049803,0.16009744,0.1388348,,,,,,,,0.044928696,0.115615316,0.20063207,0.2403296,0.23603685,0.27419046,0.38219565,0.54702467,0.7767443,0.8898245,0.8184952,0.6802124,0.58320314,0.5484675,0.5416234,0.51733994,0.49774113,0.47056547,0.42366552,0.3795836,0.3536099,0.30848625,0.27757576,0.25650638,0.23320046,0.21435784,0.1884324,0.18149714,0.20374273,0.26429677,0.32937327,0.36816067,0.37851375,0.3883561,0.3910011,0.39316437,0.38796923,0.38004074,0.38243708,0.38688007,0.39192072,0.39036447,0.3851603,0.37729597,0.37304962,0.36251628,0.3390087,0.31673136,0.3116879,0.30710083,0.29719222,0.28937143,0.28122544,0.2670627,0.25187907,0.23959798,0.23017609,0.21639457,0.20176548,0.18540825,0.16573398,0.15180893,0.13743559,0.12459933,0.10432715,0.082444094,0.049000744,0.013573637,0.03543938,0.05039724,0.058762815,0.06885793,0.07385761,0.071653716,0.07721732,0.08630641,0.08350828,0.078354925,0.08067553,0.08841886,0.09301713,0.09624294,0.093498155,0.09035796,0.09983353,0.13229708,0.16507387,0.18802741,0.20257339,0.20628566,0.21902926,0.21803714,0.20995325,0.19280489,0.19402927,0.22030666,0.27965423,0.34713405,0.40340194,0.46373615,0.5036256,0.5062889,0.49174407,0.520106,0.5357845,0.604683,0.6502211,0.65766966,0.70842683,0.7504994,0.7589566,0.74149466,0.7096061,0.6696226,0.6124572,0.5536097,0.5011677,0.44160578,0.39543778,0.35075164,0.371577
6.0,,,,,,,,,,,,,,,,0.20701134,0.21419883,0.43119842,0.7681803,1.0425465,1.1086168,0.9743363,0.79536384,0.68134207,0.61537987,0.5445656,0.48458403,0.4323268,0.37245703,0.3075717,0.2324281,0.1592296,0.110753044,0.20529208,0.3583883,0.4827133,0.5323699,0.6092043,0.66805565,0.6874048,0.6726002,0.64729667,0.6139785,0.5730849,0.55447257,0.5539835,0.56787795,0.5917767,0.6178244,0.6394778,0.64460397,0.6172663,0.5800096,0.56946343,0.5763991,0.5719617,0.5445889,0.5058768,0.47825664,0.45521206,0.4223029,0.3927312,0.3793877,0.38258225,0.39442986,0.40698093,0.4158261,0.42141727,0.42228335,0.4209416,0.42056635,0.41743937,0.41153613,0.40836245,0.40644425,0.40701267,0.40395334,0.39157543,0.37209874,0.35034898,0.32609314,0.2989801,0.2720175,0.24730118,0.22964929,0.22286184,0.22625263,0.23191974,0.24437994,0.26410955,0.29070815,0.3227291,0.3586567,0.39600402,0.42808354,0.4587128,0.48816326,0.5152887,0.5384183,0.55615485,0.57021135,0.5812142,0.591431,0.59872097,0.60616523,0.6091113,0.6041954,0.59528744,0.58359164,0.56740534,0.5508522,0.53113395,0.504425,0.47124216,0.4423979,0.42104644,0.39609897,0.36380988,0.33111578,0.31246638,0.319382,0.32430008,0.30213723,0.26784632,0.23252647,0.19930221,0.17418265,0.15448248,0.1372405,0.1164456,0.09536968,0.08243027,0.09467017,0.120700076,0.1438334,0.16070804,0.16882914,0.17308213,0.18032882,0.19362728,0.20637152,0.21117812,0.20759074,0.2081474,0.22184187,0.231114,0.1752958,0.081934355,0.17663887,0.23770168,0.27907026,0.31053966,0.33915213,0.35513294,0.36426952,0.37646884,0.3923235,0.42175034,0.46866587,0.5041506,0.5259711,0.5408187,0.544574,0.53231525,0.511995,0.48459414,0.4574395,0.43193385,0.40936795,0.39240968,0.35950252,0.3062042,0.2436693,0.18662906,0.14142773,0.12576057,0.14267182,0.17503354,0.21251453,0.24635577,0.2764741,0.3088134,0.3451023,0.3852114,0.42498913,0.4629594,0.49742004,0.5131592,0.5144468,0.5165689,0.51501995,0.50048363,0.47442526,0.45154053,0.44164923,0.44320375,0.4449805,0.44537738,0.44559193,0.4363333,0.42027065,0.41071993,0.3961314,0.3687665,0.33961514,0.32228738,0.31846136,0.32292458,0.32797018,0.32545957,0.32151783,0.31648117,0.3038104,0.27858967,0.25349215,0.24610403,0.24080136,0.22185168,0.2000916,0.17738403,0.14699027,0.11050313,0.08112248,0.06379744,0.04919663,0.03883082,0.032508183,0.036440585,0.079507306,0.10629157,0.08724656,0.088791445,0.15204541,0.24046522,0.3543416,0.46582165,0.47109416,0.55501705,0.64657605,0.7064334,0.7014304,0.69442976,0.6807434,0.6733675,0.66353583,0.65343136,0.6217198,0.5813082,0.5480401,0.517311,0.49536732,0.4758267,0.45422179,0.41653323,0.38308734,0.34765458,0.31715232,0.30317327,0.2952436,0.29466745,0.29325476,0.28634027,0.2925183,0.29700425,0.28825548,0.2837583,0.2914391,0.29671264,0.30060053,0.3024493,0.30591494,0.30800542,0.30813077,0.31060103,0.30901295,0.3045048,0.3035373,0.3228022,0.33572623,0.3577319,0.3900414,0.42246932,0.42638558,0.40070927,0.37280902,0.35638604,0.33552754,0.29211214,0.23468696,0.18243022,0.1460099,0.10741914,0.067008555,0.032878175,0.110768765,0.2243207,0.3086823,0.37438747,0.3028179,0.2736619,0.42391855,0.45818195,0.35036552,0.4386797,0.47380516,0.4245587,0.2514991,,0.084420025,0.26344427,0.4818457,0.4322505,0.48996282,0.55480266,0.6571322,0.76254416,0.8402787,0.8877819,0.9052721,0.89448565,0.8737293,0.85626554,0.8392162,0.8150793,0.7830453,0.75466335,0.73551303,0.7196318,0.7041279,0.68936884,0.67506737,0.6585986,0.6383925,0.61351603,0.58448297,0.55080086,0.5126993,0.4732248,0.43425667,0.40143326,0.38119563,0.37621897,0.38199484,0.3891305,0.3911301,0.37986514,0.3575886,0.3371181,0.3240334,0.32464325,0.35011098,0.38346216,0.39842087,0.39839712,0.41151935,0.429538,0.4226619,0.40768,0.40266353,0.40604857,0.43805212,0.5539856,0.7518893,0.9354717,0.9663059,0.8435472,0.6585613,0.44637787,0.31610504,0.27586454,0.26470006,0.27873617,0.30404434,0.32002345,0.30604744,0.27699256,0.25305933,0.2215545,0.18643504,0.17931941,0.22511826,0.25192797,0.24531,0.24339904,0.25463957,0.23373453,0.13565771,0.12302522,0.2092407,0.14166915,0.092014685,0.01520349,0.17634341,,,,,0.030118534,0.07018492,0.17901678,0.19920759,0.36110246,0.54627526,0.72746956,0.82755136,0.9143451,0.96133924,0.89383703,0.74118996,0.65432125,0.6111917,0.5980831,0.57403934,0.5388569,0.50134987,0.45352843,0.3873384,0.325298,0.27876592,0.25215298,0.24320336,0.23652382,0.22897288,0.22343335,0.21863548,0.22689298,0.25991058,0.31183887,0.35602283,0.38269502,0.39493045,0.4066283,0.41497406,0.4177563,0.4092037,0.3984873,0.40351483,0.4077844,0.40917593,0.40128428,0.38889244,0.3813874,0.37738252,0.36943594,0.35151657,0.33810765,0.34242475,0.33512437,0.31657684,0.30582756,0.3061756,0.30244967,0.2910614,0.27569202,0.2560396,0.2377185,0.21915427,0.19948107,0.18305384,0.16894595,0.15434508,0.14576201,0.13779083,0.13257003,0.11999872,0.097656764,0.068539254,0.036140822,0.024122251,0.035649683,0.03917931,0.03533643,0.03903843,0.048583686,0.054736774,0.061784573,0.07189174,0.088812284,0.09320058,0.09189966,0.091231994,0.090920836,0.11234805,0.14590412,0.17105453,0.18325636,0.1941095,0.20766422,0.22341523,0.21942568,0.20918475,0.19772671,0.2072879,0.23608111,0.30714908,0.379031,0.44163802,0.5046693,0.54061246,0.5404176,0.5340553,0.5618658,0.58668786,0.6636892,0.71006423,0.718677,0.770786,0.805028,0.7977878,0.77236074,0.7443641,0.7164053,0.6761298,0.6356719,0.59607005,0.5441078,0.48137507,0.4115565,0.40100545
5.9166718,,,,,,,,,,,,,,,,0.22044888,0.28720036,0.5325953,0.82321095,1.0416344,1.0559549,0.9020097,0.72909796,0.6444509,0.58304155,0.5106175,0.45044425,0.39470166,0.33549452,0.2658983,0.18462501,0.106692724,0.10691446,0.27900928,0.4350832,0.51778895,0.53654003,0.6056516,0.65482444,0.66105586,0.65578926,0.6407478,0.60537666,0.5726747,0.5690184,0.57727534,0.6017419,0.6322837,0.6532902,0.66160417,0.64732814,0.6074546,0.5768057,0.5726871,0.57372046,0.56164527,0.53241456,0.49486777,0.46273154,0.4391205,0.4148496,0.3930304,0.3855624,0.39636946,0.41377258,0.43120068,0.4420396,0.4449534,0.4454624,0.45147863,0.4622781,0.4673673,0.46623793,0.46438512,0.46242997,0.46502593,0.46120435,0.44206592,0.41768274,0.3947333,0.37226957,0.34709346,0.3220249,0.29982835,0.28528023,0.2792578,0.27704024,0.27316394,0.27240437,0.28139266,0.3013481,0.32236275,0.34396678,0.37013224,0.39966217,0.43462366,0.4689568,0.50000715,0.5281874,0.550664,0.5669277,0.5764943,0.58327395,0.5838307,0.5824186,0.5744563,0.5618309,0.548128,0.5306876,0.50967044,0.4892206,0.4654269,0.43685228,0.40882057,0.39149922,0.37959555,0.35647202,0.32849607,0.3089025,0.30855444,0.31729633,0.3072547,0.27613473,0.24194872,0.20842266,0.1855936,0.1720507,0.15924516,0.14343667,0.122700274,0.10806414,0.10500376,0.11945866,0.14850028,0.17621985,0.194211,0.19949874,0.19965245,0.20127203,0.20566712,0.2098456,0.21176527,0.22243118,0.2349375,0.2418551,0.20669548,0.09336386,0.1704323,0.23096757,0.26667643,0.30010024,0.32500517,0.33566347,0.34159935,0.35162288,0.37170145,0.39830178,0.4342765,0.46906957,0.490472,0.5114712,0.5302452,0.5344374,0.5246449,0.5063653,0.47979093,0.45485654,0.43046302,0.4070919,0.38114703,0.3401272,0.28496698,0.22360544,0.16779646,0.1330127,0.13090418,0.15384825,0.18496563,0.21686694,0.24816804,0.27855363,0.3114441,0.349272,0.3921385,0.43531168,0.47537035,0.5105316,0.52886087,0.5304397,0.5280278,0.52405196,0.51397306,0.4920876,0.4705774,0.46181536,0.46259043,0.46275926,0.45974666,0.45473188,0.44108093,0.42695385,0.42041835,0.4003256,0.3664322,0.33731908,0.32071674,0.31417844,0.31587204,0.3210725,0.3215275,0.32180288,0.3213034,0.31120083,0.287058,0.2580377,0.23929244,0.22744825,0.2085984,0.18414736,0.1622624,0.13554409,0.09977534,0.069964476,0.05338355,0.041043993,0.030385196,0.023602938,0.05420651,0.10709249,0.090800144,0.0581826,0.06445884,0.13658872,0.22646192,0.3563132,0.44950113,0.45579776,0.5704636,0.6680101,0.7097328,0.71169573,0.70698863,0.68745923,0.6771065,0.6715072,0.6536479,0.62355375,0.5848305,0.54867226,0.5143579,0.48793104,0.46640322,0.44213226,0.41198847,0.3814833,0.34752285,0.31561056,0.2946708,0.2872234,0.28867048,0.28774184,0.28198907,0.28020692,0.28521913,0.28191423,0.27958682,0.27981538,0.27504167,0.27315655,0.27553272,0.2793909,0.28261468,0.2838736,0.28164446,0.2776312,0.26978022,0.2809977,0.32621682,0.37009162,0.41047692,0.46234742,0.506628,0.494024,0.4296722,0.3693129,0.3492621,0.33597723,0.29544538,0.23281747,0.17190807,0.13513282,0.10231252,0.068179406,0.054898884,0.13785307,0.23790929,0.2968525,0.27165404,0.13478115,0.12320969,0.3808896,0.48144987,0.22661686,0.23498517,0.43154633,0.5507469,,0.106416985,0.13126215,,0.3447853,0.34460697,0.41653797,0.45458797,0.49748445,0.5293654,0.5669311,0.62456787,0.6651491,0.6795995,0.6845612,0.6904503,0.6922308,0.6866437,0.67281604,0.65491045,0.64161766,0.6328528,0.62251335,0.6118346,0.6044373,0.5975731,0.5904683,0.5819736,0.5679421,0.5434301,0.5129429,0.47844598,0.43952355,0.40930566,0.3963227,0.39791912,0.40384516,0.4019553,0.38691273,0.3636519,0.34370378,0.33106077,0.3263905,0.33859542,0.3671735,0.39400855,0.4056864,0.41456497,0.43752843,0.44768745,0.43579912,0.41992295,0.40496084,0.3942391,0.430272,0.57705814,0.80220175,0.9797719,1.0069171,0.8874013,0.6988536,0.5002079,0.38882414,0.3669176,0.36647,0.38561365,0.40853333,0.4088974,0.38764426,0.36497366,0.33382627,0.2828816,0.2233975,0.19074105,0.21291853,0.24012867,0.23763946,0.22650088,0.2269618,0.20251486,0.12552562,0.1184839,0.1689414,0.11242161,0.030845946,0.12185189,0.26287663,0.28747427,0.29006582,0.3259087,0.31316406,0.18515037,0.23399065,0.5453747,0.71559125,0.8676727,0.9798979,1.0255721,1.0404357,1.0144812,0.9396295,0.8130593,0.7133692,0.682814,0.65615875,0.6279064,0.5782272,0.51342106,0.4542644,0.3961082,0.3226123,0.2675882,0.23954481,0.23464747,0.24052958,0.2419917,0.24541804,0.25303164,0.2666293,0.29165778,0.32523987,0.3593572,0.38312912,0.39280683,0.40572104,0.42290574,0.43168232,0.43095833,0.42446178,0.41859528,0.4250393,0.42972985,0.42634803,0.41472724,0.401073,0.39250678,0.38281655,0.37233034,0.355772,0.3445898,0.34534734,0.34228545,0.3319155,0.32600263,0.3258136,0.3254297,0.318904,0.30463365,0.28026748,0.2585935,0.24067754,0.221531,0.20415078,0.18507114,0.16427888,0.14682299,0.13915698,0.1441785,0.14300112,0.1309644,0.11722709,0.10063031,0.07720023,0.050517686,0.03193709,0.019759161,0.00086558284,0.02979267,0.0525648,0.06146615,0.06964592,0.08461875,0.088929564,0.08971747,0.0929255,0.10384229,0.13125767,0.16063774,0.17720361,0.18310153,0.19861197,0.22081953,0.22613476,0.21798624,0.20845668,0.20262168,0.2240798,0.26238903,0.33769372,0.41602957,0.48598874,0.5513666,0.57545054,0.5709074,0.57480615,0.60586685,0.65697867,0.7313645,0.77383137,0.78039986,0.82518333,0.85279167,0.84508604,0.8174374,0.7908984,0.7679876,0.731207,0.69320637,0.65960974,0.6252458,0.5715055,0.5002318,0.45714182
5.833336,,,,,,,,,,,,,,,0.21976316,0.23173632,0.36474237,0.5863676,0.8434911,1.0208477,1.0154011,0.8628444,0.68820477,0.5993474,0.5307031,0.4665719,0.4102438,0.34793672,0.2867768,0.21789384,0.12472397,0.03500531,0.17393243,0.36384767,0.4903862,0.5300668,0.5376379,0.5999268,0.64054286,0.6363403,0.63960135,0.6294265,0.59521526,0.577779,0.5827638,0.59717524,0.63063055,0.661653,0.67575604,0.6712511,0.6338568,0.58543736,0.57131094,0.577183,0.56945217,0.55003613,0.52483004,0.49134484,0.45649287,0.43471062,0.41878173,0.40346968,0.39832905,0.4107491,0.4301193,0.4481755,0.45837772,0.4636291,0.4719445,0.48795015,0.5035859,0.51267904,0.51500416,0.5119211,0.5069238,0.5006704,0.48527637,0.4619363,0.4424662,0.42315987,0.3983463,0.369333,0.34640932,0.33437377,0.3277622,0.3219948,0.3125668,0.30182886,0.29531583,0.29936048,0.31335172,0.32726035,0.34046468,0.36007932,0.38923907,0.42445648,0.45646346,0.48622978,0.5121788,0.5280795,0.5356006,0.5326962,0.5259313,0.51551884,0.5038551,0.48756474,0.4737003,0.46397674,0.448823,0.43192798,0.41661054,0.39693546,0.37454808,0.36015043,0.35759744,0.34894434,0.32629806,0.30837977,0.3044702,0.30917108,0.3075378,0.28279737,0.25106117,0.21833211,0.19301571,0.18149614,0.16859686,0.1559528,0.14419301,0.13232478,0.1264811,0.1313573,0.14883879,0.17394267,0.20183256,0.22132228,0.2301924,0.23275414,0.23006438,0.22448482,0.2277161,0.24212535,0.25395715,0.25113165,0.20537211,0.09976227,0.16460502,0.22431813,0.25739118,0.28247717,0.3116307,0.31658053,0.32258853,0.3365862,0.35659063,0.3845004,0.41500506,0.43915322,0.4571175,0.48142603,0.50609,0.5234456,0.530753,0.52275723,0.5041235,0.47980195,0.45637777,0.42917487,0.39667246,0.36111972,0.3177812,0.2654432,0.20842934,0.15947025,0.13593613,0.14376715,0.16868623,0.19864604,0.22968265,0.25831372,0.28191507,0.31152266,0.35169566,0.39789015,0.444908,0.48574036,0.5181948,0.53699094,0.54052424,0.5372746,0.5320127,0.5222511,0.50093037,0.47563982,0.46208906,0.4614591,0.46510437,0.46558586,0.46013096,0.44798145,0.4383804,0.42895296,0.4051618,0.3707115,0.33846012,0.3166122,0.30835518,0.31057122,0.31133768,0.30674833,0.29899523,0.29150784,0.28307474,0.26973623,0.25211838,0.23513679,0.21806327,0.19190173,0.16050053,0.13618107,0.121952966,0.10005361,0.06633882,0.045244426,0.03612182,0.042776674,0.05578181,0.10044239,0.098299205,0.051922284,0.020686502,0.04444669,0.11744052,0.22068013,0.35811263,0.44128045,0.45314497,0.5931767,0.6802828,0.70251805,0.71085364,0.7100273,0.68267137,0.6719602,0.66406786,0.6428292,0.61635137,0.5800568,0.5427103,0.50944555,0.48071733,0.4530746,0.42899308,0.40394187,0.3771253,0.3483183,0.31914818,0.29246965,0.2825923,0.27914226,0.2782485,0.2710129,0.27435538,0.28176668,0.28405872,0.28897998,0.29567054,0.28548145,0.27606258,0.2697868,0.2681902,0.27546155,0.2850126,0.28444764,0.28109437,0.28493735,0.32172716,0.36455068,0.40574136,0.45124817,0.5258513,0.5839287,0.55659395,0.44599423,0.34629205,0.31556863,0.3183061,0.29797202,0.23428759,0.16450363,0.13432781,0.1184867,0.10568386,0.09867007,0.14400195,0.24564452,0.33606544,0.32760665,0.2604514,0.16776288,0.324635,0.46289113,0.21836907,0.17796688,,0.52656376,0.46069577,0.13909607,,,0.20467292,0.2718333,0.3705885,0.43713123,0.47047883,0.461078,0.45745826,0.47505647,0.49334863,0.50886124,0.5224545,0.5392619,0.55334055,0.5621171,0.5675546,0.56798965,0.56623733,0.56708646,0.5645574,0.56134564,0.5681436,0.58071214,0.5895841,0.5906406,0.57957816,0.5519033,0.5147279,0.47632724,0.44447201,0.42462352,0.41758353,0.4214215,0.4211211,0.40622124,0.38440618,0.36466447,0.35143375,0.3460045,0.34995702,0.36393932,0.38353848,0.40442234,0.42375875,0.44487533,0.46440318,0.4680625,0.45315087,0.42952573,0.40805766,0.39374024,0.43394387,0.59292716,0.83623827,1.0094486,1.0393889,0.9292744,0.75419146,0.58196443,0.48583713,0.48049304,0.5038061,0.5472513,0.57681006,0.5579232,0.51265246,0.4659153,0.41130328,0.34442544,0.27443734,0.2397959,0.24790637,0.2592857,0.25514132,0.23823777,0.23009981,0.2108267,0.12633942,0.038987186,0.06748829,0.05708543,0.07342496,0.14901209,0.19191942,0.2316962,0.30977556,0.32615778,0.43239024,0.6819802,0.8770611,1.0374117,1.1000532,1.124172,1.1321783,1.1019105,1.039751,0.9544197,0.86759305,0.76408666,0.7087105,0.6686178,0.6389023,0.5992705,0.5301332,0.45576602,0.39347723,0.33527043,0.28208116,0.2556428,0.25177097,0.25672588,0.26424614,0.27098578,0.28180912,0.29945254,0.32076067,0.3466704,0.37603843,0.3976534,0.41163868,0.41346228,0.42279726,0.43680874,0.43720508,0.43165094,0.4278749,0.43004236,0.43937954,0.4460156,0.4438414,0.43203312,0.41665727,0.4028123,0.3859622,0.37223697,0.35964215,0.3483445,0.34440404,0.3454308,0.34977692,0.351285,0.35205933,0.34846482,0.34305942,0.33268014,0.31197193,0.28628832,0.25935826,0.24170054,0.22549565,0.20204912,0.17451853,0.15099715,0.13827534,0.13620612,0.13618487,0.13459586,0.13179098,0.1251848,0.11300331,0.0978292,0.07693034,0.053910043,0.034777615,0.043241568,0.05778859,0.056306675,0.06350482,0.08543035,0.10006919,0.10720518,0.11571427,0.1339424,0.15464297,0.17498249,0.1869468,0.19524263,0.21241114,0.23186585,0.2264608,0.2195093,0.21721686,0.22070785,0.24211818,0.29649124,0.37444353,0.45470113,0.5330425,0.59737515,0.61182046,0.607066,0.61732775,0.6612754,0.7390311,0.79821163,0.82658255,0.83231336,0.8696495,0.8978408,0.8941248,0.8694246,0.84458196,0.81525236,0.768744,0.7179698,0.6754489,0.64528555,0.61539125,0.56358844,0.51530117
5.75,,,,,,,,,,,,,,0.19599138,0.22307463,0.29307604,0.41652682,0.5951009,0.8295641,0.99039984,0.98434937,0.8457654,0.6709689,0.5697313,0.5023137,0.45841247,0.40232244,0.32475746,0.24890213,0.17700218,0.068795204,0.07327032,0.27127165,0.43857613,0.511997,0.53247046,0.5525116,0.59023714,0.62471956,0.61429286,0.6230857,0.613944,0.5843915,0.57994026,0.59301704,0.61762226,0.6590393,0.68927526,0.69451505,0.6748397,0.6243521,0.5773925,0.57055515,0.57548857,0.56220037,0.54347223,0.5233603,0.49225825,0.4602436,0.44220623,0.4334112,0.4242392,0.42045957,0.43315208,0.45132434,0.46728426,0.4780768,0.49213752,0.51315874,0.5366049,0.5503579,0.55350107,0.54882824,0.54030186,0.5334982,0.52003753,0.49683937,0.47458607,0.4595495,0.44106272,0.41372678,0.38135147,0.35882452,0.34982646,0.34622905,0.33891004,0.32591328,0.3123934,0.30413598,0.30356514,0.30641833,0.31177366,0.31745532,0.33247793,0.359204,0.3879174,0.41106611,0.43384093,0.44911325,0.45240802,0.44731635,0.43299356,0.41720298,0.40212455,0.38630068,0.3740936,0.3716177,0.37087694,0.36829025,0.36424318,0.3576081,0.3473387,0.3392135,0.34002993,0.34349838,0.32958165,0.31095874,0.3038444,0.30350372,0.3042298,0.28829172,0.25654233,0.22755857,0.20025703,0.18390474,0.17271116,0.16377765,0.15754133,0.15198094,0.151224,0.15769784,0.16958188,0.18576685,0.20244773,0.21989219,0.233276,0.23518446,0.23905486,0.23912327,0.23853418,0.24667875,0.25943917,0.25366646,0.20534451,0.110735886,0.15360199,0.20956662,0.24659365,0.2699208,0.29326898,0.30242747,0.30098945,0.32029077,0.34668177,0.37931544,0.41393924,0.43285272,0.43647438,0.44869754,0.47439983,0.49670923,0.5138262,0.5200993,0.5127326,0.49419504,0.4735913,0.4508753,0.4204268,0.38372463,0.34491387,0.30079278,0.25112072,0.2004021,0.15913366,0.1441805,0.15473996,0.18109618,0.21435015,0.24517293,0.2704596,0.28958008,0.3162675,0.35660034,0.40455896,0.45505032,0.4963635,0.52191705,0.5359959,0.5437711,0.54449165,0.5411378,0.53150135,0.5091336,0.48376003,0.4692183,0.46558943,0.46647733,0.4647561,0.4561232,0.44554222,0.4448571,0.43969885,0.41549382,0.37988633,0.3417503,0.3119339,0.29870334,0.29615405,0.29257727,0.285967,0.27591798,0.265755,0.25584388,0.2456796,0.23446722,0.21858405,0.19987161,0.17412852,0.147124,0.13217402,0.13075903,0.12874112,0.09258792,0.056850374,0.06382988,0.096708916,0.08965683,0.11134291,0.07542462,0.019797891,0.02483762,0.035530373,0.10336335,0.22249714,0.35576096,0.45125476,0.4715741,0.6110448,0.6703192,0.6859057,0.69389087,0.6980198,0.67197067,0.65971094,0.6417691,0.6178251,0.5975319,0.5657107,0.5294659,0.49831352,0.47083992,0.44133255,0.4173198,0.39513037,0.36954978,0.3463327,0.32337356,0.3002733,0.2921446,0.2894139,0.28773966,0.2815538,0.27713993,0.2733865,0.26671943,0.26777446,0.27276254,0.26805297,0.26077104,0.25398648,0.25488806,0.27461198,0.29634437,0.30524102,0.31370333,0.31830207,0.3431512,0.37447935,0.40006906,0.45185527,0.54970694,0.612643,0.5808358,0.4378763,0.30149165,0.26170412,0.28863582,0.29116037,0.22997934,0.15747279,0.14137587,0.1507036,0.15875418,0.16501975,0.19145527,0.26105195,0.34447315,0.3490211,0.3147853,0.20908225,0.2625527,0.4227876,0.18772271,0.06601921,,0.43459383,0.37143347,,0.19828354,0.17461912,0.21215168,0.2727181,0.36173606,0.42253238,0.45064795,0.44261447,0.42806637,0.4256018,0.4249254,0.42463276,0.43012914,0.4499398,0.4717091,0.48825827,0.5034714,0.51828057,0.5307902,0.539542,0.54235226,0.54821044,0.5664638,0.5900209,0.6039894,0.60061073,0.57855034,0.5461933,0.5140688,0.4853639,0.46463177,0.4524879,0.44706532,0.44423258,0.4321844,0.41136822,0.39284372,0.38167632,0.38029054,0.38787174,0.39722386,0.40284935,0.41296294,0.43513647,0.46327707,0.48380134,0.48963627,0.48169488,0.46181384,0.4389445,0.41772988,0.40290293,0.44537702,0.6019948,0.82824856,1.0050927,1.0575207,0.9772855,0.8304998,0.68381983,0.60143286,0.61227465,0.6694641,0.7279817,0.73669934,0.6880243,0.62793,0.56864166,0.5024111,0.4283512,0.36135927,0.32354003,0.3112736,0.31101578,0.3164669,0.30978444,0.2927386,0.2234443,0.16291074,0.1557788,0.1458047,0.14313313,0.13188224,0.1899327,0.21333186,0.31539434,0.543593,0.78423524,1.0261582,1.1469434,1.1901368,1.1990075,1.1751986,1.144151,1.1009394,1.0423286,0.96492296,0.8878774,0.8095234,0.7198575,0.6655655,0.6021344,0.5633925,0.5062062,0.44550118,0.39137477,0.33376166,0.28711691,0.265832,0.26883078,0.28525922,0.29707384,0.303454,0.31337938,0.32535923,0.33917192,0.3586745,0.38404757,0.41340408,0.42814356,0.4404015,0.4474256,0.44872555,0.44594675,0.44045284,0.43583933,0.43492424,0.43892357,0.44785392,0.4544809,0.45157513,0.43980202,0.42374423,0.41055664,0.3935835,0.37924942,0.3691025,0.36060572,0.35207033,0.35000634,0.36799252,0.37985072,0.38335383,0.37577683,0.36090356,0.34837463,0.32913223,0.307101,0.27764758,0.2515501,0.23172128,0.20854956,0.18518797,0.16910246,0.15654099,0.14264221,0.13226752,0.127399,0.12806922,0.13369669,0.136129,0.12864934,0.113825485,0.09533662,0.07609216,0.06577095,0.06410635,0.059267316,0.07158512,0.1057193,0.12749054,0.13698328,0.14308517,0.15472792,0.16833769,0.18498193,0.19788021,0.21426971,0.22552991,0.23659708,0.23194727,0.23226458,0.23971994,0.24788621,0.27467576,0.33104807,0.41191018,0.4940841,0.5746975,0.63949037,0.6554885,0.6541667,0.67047346,0.73329,0.81011784,0.84355456,0.860338,0.87398165,0.9086387,0.9361285,0.9337209,0.91391313,0.88988346,0.84965724,0.7888678,0.7247296,0.67457664,0.6425186,0.6225447,0.59219235,0.5535097
5.6666718,,,,,,,,,,,,,,0.19125476,0.23762427,0.35945472,0.46266687,0.5991259,0.80205387,0.9571136,0.959753,0.8517993,0.6976858,0.60042906,0.5347142,0.48651862,0.41837335,0.32726356,0.2335244,0.14930493,0.06268506,0.18434016,0.36451447,0.48392174,0.4972701,0.54199034,0.5851406,0.5905415,0.60238993,0.5942383,0.60551155,0.59971434,0.580403,0.5842208,0.6009907,0.6359183,0.6826672,0.7080356,0.70223516,0.67150724,0.61999565,0.58241475,0.57844424,0.5776688,0.5604439,0.5455308,0.53505933,0.50985265,0.47942406,0.46252763,0.45415568,0.44610977,0.4438785,0.45597935,0.47295263,0.49095324,0.5082274,0.5333062,0.5622317,0.5826924,0.5845711,0.5713028,0.55882835,0.55282843,0.55010897,0.54298306,0.5280372,0.5111466,0.49561784,0.47396094,0.44445992,0.41200978,0.38620442,0.3734691,0.36690453,0.35797504,0.3423501,0.32712954,0.31635985,0.30852956,0.2997318,0.2947485,0.29212242,0.30123848,0.3200153,0.33896253,0.35276943,0.36589998,0.3690613,0.36138338,0.3466644,0.328836,0.31184682,0.2992427,0.289552,0.28977293,0.30029902,0.3115758,0.32484958,0.3291867,0.32836485,0.3291587,0.33266562,0.3372043,0.33470082,0.31813675,0.30525136,0.3004627,0.29725462,0.288763,0.26151615,0.23203887,0.2085884,0.18872471,0.17701125,0.17140175,0.16842194,0.16641839,0.17252705,0.18122612,0.18449633,0.18585925,0.19256899,0.20573658,0.21880537,0.23238531,0.2412705,0.24950539,0.2547406,0.26653117,0.2724581,0.25792697,0.19766872,0.11599475,0.15683548,0.1996875,0.23127913,0.25562543,0.27152172,0.28335422,0.2871181,0.3027444,0.330921,0.3699881,0.41575962,0.44453272,0.4428471,0.43460947,0.44272786,0.4648075,0.48397833,0.4962158,0.4989547,0.49166504,0.47616464,0.4591947,0.43733564,0.40867823,0.3725069,0.33246946,0.2897018,0.24353126,0.19673862,0.16047442,0.1513863,0.16502489,0.1892105,0.2211921,0.24875908,0.2709331,0.29288465,0.32529947,0.36737674,0.41306448,0.46228644,0.5033147,0.52345085,0.5304609,0.5403575,0.5485768,0.55079305,0.54358715,0.52186126,0.49550736,0.47685844,0.46750128,0.46317506,0.45635018,0.4438181,0.4314661,0.42608786,0.42032218,0.39956564,0.36315018,0.32423028,0.2965573,0.28624296,0.28341183,0.2816521,0.28005725,0.27463502,0.26318094,0.24559145,0.23237665,0.22037435,0.20102267,0.1804455,0.15883665,0.13788462,0.13154455,0.15525953,0.18583009,0.1668846,0.11439701,0.10016811,0.12381348,0.10891989,0.092244565,0.048866916,0.015935155,0.036827527,0.038601115,0.099316604,0.21599188,0.35492975,0.47682956,0.50959754,0.6140606,0.64947414,0.6625484,0.667754,0.67160475,0.6579133,0.643279,0.6163824,0.5874897,0.5748171,0.54936004,0.51126295,0.48017952,0.45703596,0.43022814,0.4073113,0.38623542,0.3577275,0.33654568,0.31818572,0.30127025,0.29213542,0.2911595,0.28884637,0.28767017,0.2789112,0.26700294,0.25501838,0.2546074,0.25953177,0.26823813,0.2752507,0.2725865,0.27954075,0.29980618,0.32091942,0.32683262,0.33459082,0.33942404,0.35295337,0.35473862,0.35108182,0.42133796,0.5491898,0.6265152,0.58165807,0.41806844,0.24047293,0.19651243,0.252303,0.2686809,0.21105067,0.15115805,0.15399928,0.18853188,0.2341626,0.27181494,0.28926748,0.3110018,0.35565653,0.3477403,0.3219075,0.2161275,0.21835998,0.35744438,0.10826439,0.06874584,0.23447385,0.39040664,0.3172065,0.28296676,0.31199285,0.29609424,0.2668701,0.30892912,0.37698615,0.4125349,0.42489573,0.4182055,0.40750238,0.40120974,0.40210348,0.40467024,0.4160536,0.44115576,0.45855793,0.46657026,0.47829592,0.4934221,0.5089523,0.5222821,0.5345956,0.55510247,0.57672477,0.5921144,0.59723437,0.5901139,0.57448685,0.5543655,0.5337498,0.51668453,0.5060468,0.49765947,0.4854441,0.46828288,0.44626072,0.42589164,0.41508466,0.4145264,0.42331615,0.43183133,0.43207234,0.42906418,0.43639702,0.46437263,0.5019851,0.52469134,0.52596676,0.5137455,0.49355766,0.46645713,0.43372205,0.41323438,0.4528542,0.59079754,0.7918801,0.98327136,1.0719175,1.0294747,0.9135303,0.7898726,0.7220271,0.74645996,0.8190111,0.8731005,0.85542095,0.7846382,0.7168508,0.6540593,0.58798194,0.52331907,0.47449443,0.43451497,0.4014121,0.39239967,0.4012903,0.40226746,0.38024622,0.33105874,0.30723393,0.29315412,0.25245866,0.24125187,0.25261265,0.45622355,0.6903466,0.9046192,1.1027708,1.1953518,1.2251339,1.2070882,1.1825372,1.1393727,1.0897843,1.0392284,0.9791359,0.9196825,0.858079,0.80253786,0.7306789,0.64799416,0.5852843,0.52851313,0.4803511,0.42774147,0.3744629,0.32940003,0.29407668,0.28030965,0.28931376,0.31006444,0.32658622,0.33770576,0.34764802,0.3584084,0.3662308,0.37669012,0.39386177,0.41634277,0.4426116,0.45697266,0.46470737,0.4684739,0.46630812,0.46339205,0.4627762,0.46124572,0.45885098,0.4602953,0.46272182,0.46179157,0.456806,0.44702503,0.43270624,0.4173028,0.39871353,0.38799432,0.3833572,0.38055837,0.37500906,0.3691052,0.37481648,0.3791117,0.3807892,0.3819029,0.37017292,0.35222208,0.33205405,0.31125888,0.28760707,0.2654753,0.24305598,0.22130378,0.20314927,0.18765922,0.17116041,0.15135852,0.134085,0.12538725,0.1236152,0.12603176,0.13136691,0.13551068,0.13261777,0.12113298,0.10863525,0.094908,0.078330845,0.06996929,0.090677746,0.12692444,0.14664021,0.15484188,0.15735142,0.1590669,0.16905254,0.19076067,0.20571402,0.2202393,0.23004512,0.23692617,0.23738594,0.25260794,0.26830667,0.27746886,0.30900195,0.36815572,0.4477662,0.5286748,0.61356056,0.6796344,0.70616806,0.7138086,0.7415346,0.8071333,0.8544787,0.8708627,0.886851,0.9098652,0.9361028,0.9541715,0.9533425,0.9439234,0.92374957,0.8761839,0.8060231,0.7354073,0.6790645,0.6399429,0.6111701,0.58725584,0.5631321
5.583336,,,,,,,,,,,,,0.2237987,0.21814911,0.30905044,0.38087633,0.46881455,0.58493835,0.7514566,0.907897,0.9357954,0.86140436,0.7487356,0.6620463,0.58428055,0.51214236,0.42552704,0.32436767,0.22454128,0.14567511,0.14518675,0.30053437,0.43752006,0.48054317,0.48257086,0.5555687,0.5943944,0.5900566,0.5741418,0.57064825,0.57918084,0.5815245,0.5773166,0.5868538,0.6094614,0.65628076,0.7005882,0.7137972,0.6985115,0.6646321,0.6221961,0.59692764,0.5914546,0.5802321,0.55955684,0.55114126,0.54903567,0.5305516,0.5040499,0.487751,0.4800347,0.47410816,0.46939626,0.47842476,0.50110686,0.5274341,0.5512208,0.5762944,0.60183215,0.6126399,0.60237783,0.585033,0.5722425,0.5659126,0.56479967,0.56102955,0.550715,0.5393281,0.525665,0.50571334,0.4806678,0.45190075,0.4250446,0.4044745,0.3892333,0.37553614,0.36159283,0.3466373,0.32998818,0.3123205,0.29461825,0.28376257,0.27896658,0.284575,0.29154286,0.29849473,0.30393386,0.30241138,0.29128018,0.27720004,0.2627207,0.24840137,0.23636825,0.23627909,0.24134679,0.256142,0.27758566,0.3016108,0.31926113,0.32565665,0.32937455,0.3323281,0.33412093,0.33300278,0.3216259,0.30702063,0.30145693,0.2963997,0.28677413,0.26716876,0.24118678,0.21913937,0.20071161,0.19001955,0.1841517,0.18025309,0.1806526,0.18788548,0.196111,0.1958089,0.18794946,0.1852546,0.19440316,0.21003412,0.2279416,0.24949427,0.26730946,0.2829457,0.30024946,0.30909345,0.2719668,0.17285743,0.11197831,0.17648032,0.20290239,0.22035147,0.2337909,0.24972054,0.26035565,0.273065,0.29589972,0.31842515,0.35133266,0.40679514,0.45316014,0.46515682,0.4504146,0.43742546,0.43728298,0.4502323,0.46385235,0.470711,0.47184333,0.4691212,0.45849657,0.4438538,0.42414385,0.39757678,0.3633216,0.32524526,0.28480572,0.23974577,0.19476564,0.16303627,0.1548178,0.16433445,0.1871729,0.22145034,0.25139585,0.27377412,0.29731655,0.33900166,0.38595593,0.42787543,0.47164798,0.50913227,0.5274756,0.52902925,0.53599685,0.54766786,0.5558936,0.5540598,0.53814334,0.5121052,0.48508024,0.46309423,0.44773942,0.4354841,0.42184722,0.40984264,0.4023748,0.394033,0.37262082,0.33490783,0.29826638,0.2782686,0.27576217,0.28368276,0.2899251,0.2922992,0.289196,0.27427587,0.24354047,0.21874437,0.20385817,0.18305716,0.15909342,0.14060245,0.1315036,0.13062063,0.16625771,0.19388664,0.1747103,0.15082073,0.15164238,0.14734104,0.11852556,0.07253793,0.03012358,0.023425374,0.044987332,0.05337422,0.104328714,0.20680958,0.35306907,0.4930593,0.5377345,0.6061957,0.63423437,0.6426553,0.64578074,0.6466902,0.64153725,0.62493664,0.5893291,0.55924076,0.54886097,0.52599066,0.4859893,0.45585722,0.436766,0.41430333,0.39212307,0.37146753,0.3415757,0.31807014,0.30213013,0.29077417,0.2803177,0.2808395,0.28191343,0.28626958,0.28597623,0.2802527,0.27389976,0.2781013,0.28529522,0.29193896,0.29162508,0.29228744,0.3121285,0.33042377,0.34153444,0.34450433,0.3470374,0.33714828,0.32237503,0.28621173,0.2713537,0.38914725,0.5521117,0.6535129,0.60109645,0.42364588,0.19036104,0.11844572,0.20996751,0.23700102,0.17229281,0.1146305,0.13031383,0.18871379,0.26462653,0.34266677,0.3772693,0.3862986,0.3907632,0.35608473,0.31881344,0.19311251,0.146361,0.27204898,0.11385043,0.15366825,0.24613707,0.3615724,0.48636127,0.5465598,0.5559274,0.4400612,0.32825118,0.3482182,0.36713228,0.38988182,0.39195693,0.3766789,0.3647694,0.3667855,0.38089868,0.39482495,0.41129324,0.43296477,0.44643596,0.45403093,0.46146783,0.47712046,0.4996382,0.51768225,0.5337277,0.5541603,0.5704707,0.5802353,0.5843967,0.5824426,0.5765702,0.5700689,0.562913,0.5549284,0.5462879,0.5327249,0.5131093,0.4911452,0.46900108,0.45218542,0.44406766,0.44310796,0.44789538,0.44877094,0.43894863,0.4271988,0.4264659,0.44720405,0.48526374,0.5193321,0.536612,0.53604776,0.52058256,0.49235773,0.45559216,0.42994192,0.4522303,0.55951047,0.7475749,0.95219374,1.070969,1.0688951,0.99324197,0.901773,0.85060376,0.880516,0.94678104,0.9789103,0.9414756,0.87130487,0.8081529,0.7451399,0.6808473,0.62113094,0.5663719,0.5268727,0.5175289,0.5184324,0.5165284,0.503843,0.47532177,0.44055328,0.40941516,0.41198894,0.4211803,0.501249,0.7802654,1.0250964,1.1506104,1.217143,1.2226057,1.1865282,1.1407603,1.0891032,1.0434095,0.98632455,0.9291619,0.87310165,0.82180005,0.7793222,0.7389692,0.69656914,0.6412735,0.57351714,0.50811493,0.45412508,0.40654612,0.36330378,0.32472467,0.3024122,0.30090317,0.30921924,0.3273399,0.35026625,0.3628058,0.3753361,0.3808969,0.38649258,0.3958936,0.40694112,0.42389357,0.44547448,0.46548077,0.47426552,0.47549245,0.4755029,0.47795594,0.48523325,0.48878694,0.4861286,0.48244762,0.4821129,0.48026785,0.47588938,0.47154802,0.46401381,0.4481313,0.43021637,0.4122706,0.40491846,0.4052631,0.40367794,0.39413753,0.3870869,0.3762139,0.36695507,0.36128893,0.36131558,0.36116695,0.34427586,0.32122362,0.3037339,0.28456557,0.26778254,0.24653004,0.22764248,0.21589482,0.19862977,0.17689024,0.15591633,0.13565275,0.12124102,0.11643678,0.1160765,0.12222029,0.13521719,0.139682,0.13259955,0.12272852,0.10943065,0.092148624,0.0859421,0.10722081,0.13754162,0.15600923,0.16069314,0.16116345,0.15799555,0.16354565,0.18858485,0.21044195,0.22660884,0.23605354,0.24178933,0.24953952,0.27228147,0.29082397,0.30359873,0.34080654,0.4044926,0.47622204,0.56084794,0.6539188,0.72583205,0.7604572,0.77904063,0.81303686,0.864889,0.89165515,0.9007202,0.91544515,0.9340809,0.9458499,0.9571181,0.9639895,0.9616493,0.94034505,0.89099413,0.82161343,0.75089014,0.68853253,0.6375389,0.5987993,0.5747353,0.55975175
5.5,,,,,,,,,,,,,0.24211815,0.3286901,0.3502596,0.39676216,0.49307418,0.58421576,0.684692,0.8157051,0.88345855,0.83895975,0.75909007,0.6709349,0.58163255,0.50107783,0.4147571,0.3160549,0.23315847,0.1884863,0.25513446,0.38799575,0.45251533,0.43840465,0.489978,0.56445706,0.58547527,0.57323104,0.54749185,0.54052985,0.54295546,0.5573088,0.5691782,0.58181334,0.6089337,0.6616044,0.70079184,0.7021177,0.6802336,0.65211433,0.62625545,0.60870993,0.59379727,0.57710916,0.5614927,0.55786115,0.55918753,0.5464242,0.5252164,0.5116605,0.5034846,0.49668065,0.49299031,0.50590783,0.53566754,0.56663,0.5903294,0.6103916,0.62621343,0.6288751,0.61805654,0.6023875,0.58829474,0.58080184,0.58064365,0.57856375,0.5717719,0.5605886,0.54720324,0.5332892,0.5153544,0.48730782,0.45802957,0.4359129,0.4211569,0.40539894,0.3886206,0.36860183,0.34804142,0.33099118,0.31298393,0.30103603,0.29945633,0.29934207,0.28940564,0.27940437,0.27164182,0.2563137,0.23802184,0.22600451,0.22990713,0.23828997,0.24203213,0.25089127,0.2604166,0.27769622,0.2968342,0.31699082,0.3292168,0.33313426,0.33405602,0.33585137,0.33733135,0.33364332,0.32448143,0.31934682,0.31408003,0.30032498,0.28072938,0.25709668,0.23537669,0.21680999,0.2056672,0.2015559,0.19772862,0.19794014,0.2036958,0.20907475,0.20949991,0.19901143,0.18661812,0.19001247,0.20836018,0.2309698,0.25897628,0.2963994,0.32629728,0.33568203,0.31990427,0.25639734,0.1600294,0.15749107,0.19757934,0.20755194,0.2178278,0.21749522,0.22466446,0.24375494,0.26775852,0.29286268,0.31405342,0.341967,0.39138332,0.45106637,0.48265207,0.48135337,0.46606675,0.44793433,0.4347507,0.43433642,0.43955722,0.44430614,0.44830868,0.44922742,0.44249207,0.43126753,0.41278118,0.38699085,0.35458547,0.31623116,0.27463034,0.2278793,0.18551153,0.15904222,0.14979722,0.1546046,0.17610551,0.2150804,0.25315735,0.27855897,0.304135,0.35255253,0.4075104,0.44915268,0.48747182,0.51761746,0.52654195,0.5175825,0.51878357,0.5335844,0.5499758,0.5562888,0.54722255,0.52027816,0.48350197,0.447405,0.41986296,0.40285116,0.39047465,0.38072777,0.37217093,0.3629096,0.3445659,0.31122628,0.2815625,0.27261537,0.27881557,0.28983727,0.29525465,0.29681224,0.2940004,0.2799579,0.2410385,0.20576471,0.18883038,0.17007177,0.1469311,0.12786457,0.12358766,0.121538505,0.1438061,0.15737557,0.13797605,0.13517395,0.13552327,0.1417706,0.12705328,0.092696995,0.041829463,0.042659253,0.06381767,0.080337085,0.117613316,0.20842645,0.34561655,0.4824379,0.53716606,0.58851963,0.6141051,0.62653506,0.62792647,0.6296049,0.627699,0.60288423,0.56108886,0.5311565,0.5180447,0.4914054,0.45385748,0.43059742,0.41330588,0.39110747,0.36779645,0.3475987,0.32548591,0.3040304,0.28180674,0.27170384,0.26576558,0.2684867,0.27593598,0.2849497,0.29414496,0.2953967,0.29587376,0.30271092,0.3095835,0.31399098,0.3122713,0.31849912,0.34061134,0.35679048,0.35799363,0.35060292,0.33586457,0.3054436,0.26317552,0.1929931,0.20317462,0.37375695,0.5565668,0.65904427,0.6170392,0.4605072,0.20751406,0.03287004,0.16402927,0.19818573,0.12782654,0.06329118,0.07366114,0.16176207,0.26887497,0.36231193,0.37469137,0.3698562,0.36830732,0.3402233,0.30393726,0.18253729,0.08425177,0.18951057,0.2084638,0.3266716,0.32290635,0.27819216,0.23111498,0.30608708,0.43279645,,0.33464295,0.35749277,0.36549217,0.32741892,0.3303548,0.33854616,0.3265393,0.33415478,0.352782,0.37082604,0.38973832,0.40279174,0.4125131,0.4325876,0.45149797,0.47084144,0.4947336,0.511183,0.5235256,0.53795487,0.55124265,0.56433606,0.5726802,0.5719594,0.5671906,0.56733495,0.56932753,0.5641837,0.5513013,0.5336359,0.5144286,0.49603108,0.47783336,0.46404675,0.4579875,0.45624894,0.4545112,0.44769505,0.43961248,0.43737644,0.4412135,0.4572168,0.4871032,0.5188238,0.54290575,0.5530718,0.54636264,0.51997507,0.4787129,0.44377735,0.44639233,0.52845263,0.70770085,0.9221616,1.0719419,1.1113575,1.0721482,1.0106211,0.9762414,1.0002278,1.0426812,1.0521127,1.0149328,0.9534578,0.88377047,0.81252015,0.7424834,0.6807879,0.6436397,0.63507813,0.63407725,0.6192932,0.6026673,0.5707706,0.54986656,0.5685813,0.5964882,0.66354126,0.79449195,1.0046579,1.1555051,1.186151,1.1812804,1.142452,1.0922936,1.0421721,0.99201447,0.94248927,0.89251506,0.8419277,0.80023736,0.76032776,0.72155625,0.68313426,0.6396747,0.5944807,0.54993635,0.5032864,0.4591886,0.4244311,0.39444193,0.36260605,0.3419016,0.33806014,0.34569365,0.35377645,0.36386487,0.37742153,0.39148343,0.40194824,0.40633422,0.41144025,0.4209745,0.4327778,0.44899216,0.46863818,0.48180526,0.48194814,0.4804696,0.48069927,0.48747608,0.50016654,0.5062312,0.5038901,0.5030037,0.5054247,0.5034407,0.50104654,0.5009353,0.4921225,0.47204888,0.45306566,0.43445998,0.4253024,0.42158976,0.41592914,0.4061769,0.39417058,0.37782148,0.36765727,0.35435307,0.34074968,0.34097588,0.33975697,0.32677448,0.31134048,0.29354036,0.2767421,0.26001376,0.2426249,0.22598635,0.20296349,0.17233756,0.14563859,0.12781823,0.11908756,0.11277521,0.11222216,0.11044137,0.116624236,0.12741616,0.12931581,0.12483021,0.11762242,0.10889783,0.10567841,0.11977409,0.14545451,0.16126272,0.16109642,0.15655774,0.15453973,0.1660962,0.19154006,0.2170626,0.24177657,0.25673032,0.26238772,0.27194217,0.28996024,0.3106021,0.32601655,0.3734219,0.4401634,0.5011509,0.5988632,0.6967984,0.7699908,0.8105531,0.838692,0.87202996,0.90702635,0.92473525,0.92900586,0.93944895,0.9479739,0.9519557,0.96259665,0.9741333,0.96639556,0.94136184,0.8960857,0.8363889,0.7747424,0.71226317,0.6526992,0.6028193,0.5739302,0.56246066
5.4166718,,,,,,,,,,,,0.31923965,0.29933575,0.4033252,0.3929855,0.42862275,0.5101781,0.5857617,0.6448668,0.72561073,0.82001,0.7989739,0.73125666,0.62552047,0.528135,0.4560369,0.38951454,0.31996274,0.2733722,0.28100285,0.36841664,0.43008587,0.4085381,0.41037372,0.4931354,0.5474532,0.558405,0.537598,0.5179759,0.5071833,0.515774,0.5372543,0.5538678,0.56974167,0.59895813,0.6492928,0.68279684,0.67926675,0.66189444,0.64746743,0.6363927,0.6226309,0.60321003,0.5820687,0.56434065,0.5611271,0.56682664,0.5624018,0.54792416,0.5339965,0.5232524,0.5224404,0.5329174,0.55362904,0.5772879,0.6005153,0.61432964,0.6241207,0.63392645,0.6346659,0.62800074,0.61433613,0.60317355,0.60054666,0.6012209,0.59724903,0.5908166,0.5805412,0.56570387,0.5518695,0.53654087,0.5147886,0.49397227,0.47410947,0.45459,0.4343612,0.41472852,0.392368,0.3727301,0.3599564,0.34948012,0.34077907,0.33411756,0.31962496,0.29852405,0.27721736,0.25806016,0.23858252,0.23037353,0.23872164,0.26027998,0.27716154,0.2888475,0.2998731,0.30601296,0.31867164,0.33156526,0.34393877,0.351042,0.35081768,0.3512531,0.35552704,0.35805124,0.35594934,0.35030332,0.34015986,0.32542568,0.30557778,0.28007197,0.25722745,0.24085014,0.23055086,0.22573109,0.22095181,0.22015108,0.22516221,0.22724311,0.22599941,0.22220302,0.21124463,0.20690387,0.22344667,0.25848806,0.29365754,0.31590295,0.32629538,0.3130905,0.2674776,0.19417442,0.1423391,0.18782572,0.21543463,0.21364455,0.21347308,0.20689124,0.20320606,0.22236398,0.25828952,0.2958891,0.31797934,0.34231326,0.38119707,0.43832487,0.4859775,0.5050417,0.50126064,0.48500887,0.45988405,0.4347838,0.42055613,0.4178904,0.41938674,0.42323413,0.42836663,0.42793837,0.41994607,0.4044974,0.38215706,0.34947854,0.3074538,0.261149,0.21422434,0.17378627,0.1463348,0.13406381,0.13694675,0.15770844,0.20151918,0.25102645,0.28491136,0.31449386,0.36538067,0.4278697,0.47142377,0.50569874,0.5266503,0.52317435,0.5025503,0.49527976,0.5085136,0.5280406,0.5378363,0.53160185,0.50365084,0.46128622,0.42010635,0.3896904,0.37063712,0.35854033,0.34808338,0.33722988,0.32966837,0.31667274,0.2899745,0.26549882,0.26210707,0.27354398,0.28467792,0.28843036,0.28912073,0.2845831,0.26973414,0.23373441,0.20110981,0.18551262,0.17513241,0.1553469,0.1398266,0.13499402,0.13272129,0.13167325,0.13191122,0.1219918,0.11304408,0.10241182,0.12698674,0.12881061,0.111682035,0.068252556,0.07228493,0.09450432,0.10743317,0.14155968,0.22451057,0.33120686,0.4499783,0.5155569,0.56467426,0.5887229,0.609061,0.616788,0.6197874,0.61399966,0.57979643,0.53811646,0.50703335,0.48552206,0.45714834,0.42422518,0.40552732,0.38454795,0.36082333,0.33567366,0.31560153,0.30262914,0.28224578,0.25709593,0.25009248,0.24842088,0.25725314,0.26604137,0.27618173,0.29424357,0.3063521,0.31349787,0.32077163,0.3300978,0.33974826,0.34417373,0.34243736,0.34233898,0.34545454,0.33989763,0.33198386,0.31069422,0.2656538,0.20902011,0.13611786,0.18816435,0.3583586,0.53778756,0.6401078,0.6081621,0.49313658,0.28912064,0.08080551,0.1444689,0.17627315,0.11210437,0.05131818,0.047294255,0.14980097,0.3132518,0.3496349,0.23591548,0.20558085,0.23050053,0.23028718,0.2162581,0.14789459,0.03745103,0.18052568,0.29708046,0.3870803,0.36008728,0.34118026,0.25688922,0.26736066,0.0813799,,0.3387962,0.33775073,,0.26251283,0.2747218,0.3213954,0.32165125,0.33559343,0.3474383,0.36054957,0.38134155,0.39268672,0.4007927,0.4244329,0.44863898,0.46712944,0.48472336,0.4947367,0.5044054,0.52233076,0.5399703,0.554399,0.56208265,0.56037307,0.55779934,0.55772513,0.55603975,0.5497168,0.537304,0.52033633,0.50249726,0.48602313,0.47336298,0.4681407,0.47058392,0.4742491,0.47065696,0.4571551,0.44438002,0.44196373,0.4497575,0.4648182,0.48302183,0.50475097,0.5339734,0.5592203,0.56635123,0.54748565,0.5111509,0.47540453,0.46780926,0.5221312,0.6596164,0.8536974,1.0363442,1.1409894,1.1600688,1.1355731,1.1143324,1.1241008,1.1376157,1.1206938,1.0788906,1.0216022,0.94830495,0.87293667,0.81243485,0.7703772,0.7403624,0.7212219,0.7082608,0.6922711,0.6903517,0.7215251,0.76179105,0.812941,0.8995793,1.0247006,1.1126363,1.1231072,1.1010667,1.0658498,1.0305058,0.985322,0.9458653,0.9014982,0.85693,0.8141043,0.7693359,0.7300052,0.70252097,0.67278695,0.6388751,0.6086553,0.5810271,0.553667,0.52863044,0.5041275,0.47623172,0.44605628,0.4184563,0.3986943,0.38876957,0.3815255,0.37614456,0.3795144,0.3894796,0.40530527,0.41915703,0.4265567,0.43247384,0.4422574,0.45273548,0.4628955,0.47513834,0.4895441,0.49784902,0.4982676,0.49881425,0.49859774,0.5043762,0.5174719,0.5264298,0.5300546,0.5360735,0.5410332,0.53803444,0.5292592,0.52022624,0.5089367,0.49422604,0.47398797,0.4504672,0.4357636,0.42918476,0.419427,0.41118157,0.40383512,0.3908543,0.3779769,0.35704845,0.33796018,0.3332919,0.33870453,0.3428552,0.33322164,0.3120065,0.28710604,0.2650033,0.24327846,0.22262496,0.19767241,0.16065158,0.12698822,0.10518937,0.09840721,0.0979326,0.10071982,0.099631146,0.098876424,0.109926,0.12252157,0.124319695,0.11821513,0.113516554,0.11570651,0.12872982,0.14846905,0.16197293,0.1651696,0.16378601,0.16731618,0.1830126,0.20797189,0.2313328,0.25851676,0.27339494,0.27877825,0.293659,0.3167568,0.33785334,0.3557735,0.41083747,0.4724088,0.52886117,0.63770056,0.7358552,0.80444145,0.85279113,0.89024276,0.91986394,0.94264597,0.9513037,0.9542533,0.9585534,0.95373964,0.9556633,0.97259647,0.982392,0.97244775,0.945879,0.900368,0.847025,0.7934197,0.73711705,0.6784956,0.6241254,0.5863593,0.56984246
5.333336,,,,,,,,,,,0.31704128,0.35628074,0.4856181,0.44944853,0.40807053,0.4377907,0.49660474,0.55457544,0.6067353,0.66778636,0.767577,0.76458967,0.6987416,0.582678,0.4785782,0.41394684,0.37269387,0.34518868,0.34026882,0.37741226,0.42188752,0.40486684,0.3528847,0.39703506,0.47957197,0.49947047,0.49986985,0.4928464,0.47967094,0.47014356,0.48638737,0.5128706,0.53840786,0.5612221,0.5941423,0.64059234,0.6645208,0.66094095,0.65712816,0.6569297,0.6518249,0.635554,0.61190987,0.58602744,0.5665019,0.56515604,0.5770153,0.5832367,0.5753728,0.5620917,0.5547913,0.56251794,0.57961375,0.6008371,0.6184921,0.63225913,0.6396702,0.64239544,0.64526874,0.64683664,0.6454005,0.63295805,0.6171379,0.60795635,0.60542685,0.6022712,0.59613514,0.587537,0.5787296,0.5711674,0.56339025,0.5519434,0.5390767,0.5196287,0.49480075,0.46897477,0.44955668,0.43563336,0.42391223,0.41801387,0.41057098,0.397545,0.3769726,0.34608957,0.3209626,0.29675928,0.2802231,0.27326068,0.28331807,0.3047073,0.32535693,0.3385961,0.34651476,0.3519796,0.35769668,0.3683167,0.37526798,0.37955752,0.3817579,0.38139886,0.3839002,0.3851654,0.38123152,0.3750075,0.3676892,0.35633597,0.33788022,0.31302238,0.28903365,0.27170256,0.26082933,0.25301406,0.24576677,0.2420539,0.24479505,0.24660702,0.24363911,0.24120262,0.24002093,0.24124555,0.25129184,0.27462935,0.29945007,0.30646983,0.2918272,0.258821,0.21144155,0.17114113,0.17114015,0.20094514,0.21585765,0.2045331,0.20390184,0.19222061,0.19229707,0.20878896,0.24737872,0.29386574,0.32463866,0.34947386,0.3813945,0.42346162,0.47490075,0.51005024,0.52523226,0.5215927,0.50059664,0.46872506,0.43693545,0.41290137,0.39851525,0.39400762,0.400154,0.40775585,0.41250813,0.40927088,0.3956822,0.37282315,0.33676144,0.29268917,0.24736494,0.2018521,0.15950333,0.12832774,0.113750644,0.11540854,0.13531351,0.18193117,0.23921534,0.28756043,0.32987437,0.37878072,0.44027564,0.48341134,0.5097371,0.524532,0.5204248,0.50018245,0.48675132,0.49288005,0.5025078,0.5038378,0.4944928,0.47080398,0.436789,0.4028877,0.37428313,0.35016084,0.33308962,0.32073534,0.30725294,0.2979192,0.28735542,0.26308507,0.23856871,0.23572421,0.2494655,0.26471958,0.27306688,0.2748667,0.27144855,0.25628197,0.23452716,0.20953989,0.1956596,0.18926206,0.17528762,0.16806462,0.16339079,0.15051413,0.13637994,0.14599922,0.14836797,0.1348131,0.10890688,0.10243757,0.10642714,0.098512754,0.07748108,0.09554276,0.118305534,0.12791263,0.16115114,0.23201106,0.31646585,0.42036644,0.48581338,0.5344361,0.55741185,0.5820364,0.6006453,0.6098661,0.59963375,0.5618926,0.5221848,0.4867509,0.45477805,0.42853606,0.40010002,0.38150257,0.352876,0.3280501,0.30113056,0.28088704,0.2735934,0.25833255,0.24038334,0.23658079,0.23485398,0.2446012,0.25357044,0.26598352,0.2874659,0.30535334,0.31917325,0.33186993,0.34872866,0.36287904,0.37277463,0.37641913,0.3651353,0.3495672,0.32922527,0.31352603,0.2861696,0.22971304,0.1648085,0.11323069,0.15731062,0.30271804,0.4858265,0.60122603,0.5897641,0.5156336,0.381854,0.1915193,0.18157385,0.20425364,0.15510345,0.12575892,0.17041226,0.29715025,0.5581383,0.5730959,0.34137648,0.11321122,0.019727973,0.057495195,0.12068247,0.11717945,0.12835471,0.13031626,0.12919025,0.15764426,0.22213525,0.12781645,0.19718881,0.18143198,0.050579645,0.17095461,0.33062777,0.24495284,,0.35226655,0.30717972,0.34985608,0.3641955,0.36818692,0.36678103,0.3686148,0.38561106,0.40392056,0.4135152,0.42785224,0.44415107,0.45546567,0.46970448,0.480969,0.4906095,0.5062175,0.5231238,0.5361123,0.54315245,0.54763,0.55237854,0.5536864,0.5538538,0.5548171,0.5455574,0.5256292,0.50530946,0.4837191,0.46650082,0.4620577,0.47118437,0.48770982,0.49447218,0.4790947,0.4530001,0.43235773,0.42596844,0.43498847,0.4553971,0.48321477,0.5195871,0.559544,0.5864525,0.5855439,0.55884606,0.52371913,0.51136094,0.53573465,0.6196135,0.771056,0.96071196,1.1148597,1.1878074,1.2014431,1.1941772,1.2006963,1.2109542,1.1894683,1.1367195,1.0705549,1.0008831,0.943314,0.9028741,0.87005,0.84110016,0.8211839,0.8177982,0.8452681,0.9034913,0.954922,1.0095787,1.0826668,1.1359999,1.1255765,1.0731893,1.0201632,0.9841424,0.94821113,0.91344786,0.87841,0.84431,0.80053985,0.7498233,0.70207626,0.66765374,0.65004224,0.64281845,0.627857,0.6097178,0.59381044,0.5733445,0.54943097,0.52323574,0.49842238,0.476614,0.4575123,0.43784103,0.42150143,0.4128098,0.41082743,0.41090727,0.4143459,0.42075613,0.43061975,0.44157168,0.45088455,0.46345493,0.47599432,0.48256814,0.48972988,0.49808836,0.5097297,0.51911676,0.5246834,0.52942216,0.5322505,0.54159194,0.55487806,0.5631568,0.5669628,0.5670083,0.56115794,0.54225534,0.51738584,0.50282335,0.50332963,0.5013493,0.48436874,0.46124145,0.44345737,0.43671733,0.42873386,0.4203652,0.4143254,0.40369806,0.3899741,0.36448637,0.34506273,0.3368563,0.33797908,0.3483166,0.34847635,0.32835487,0.2960313,0.2651375,0.24310993,0.22263871,0.19674322,0.1574534,0.119412884,0.09633472,0.08611478,0.08562221,0.08688917,0.08791949,0.09039851,0.09510679,0.10270638,0.109223984,0.10938762,0.110646844,0.11845764,0.13330872,0.15100653,0.16306697,0.17056778,0.17488185,0.18379813,0.20370737,0.22645418,0.24497725,0.2705599,0.28627366,0.29880586,0.32163018,0.34666258,0.36753643,0.3891473,0.448134,0.5013245,0.5599152,0.6662658,0.75836855,0.82758784,0.88566095,0.9317051,0.95484734,0.96729505,0.96975505,0.9726776,0.96500367,0.9452103,0.9534107,0.9783121,0.99018973,0.9806408,0.9446881,0.8939066,0.8436794,0.79482436,0.7422276,0.68797785,0.64034826,0.60404426,0.5846119
5.25,,,,,,,,,,0.18614593,0.2678715,0.4068582,0.562247,0.45428705,0.3874834,0.407933,0.4487291,0.50904036,0.5665568,0.62473,0.7196453,0.73582274,0.6729444,0.55932015,0.4518928,0.38433635,0.35349125,0.35030213,0.36977148,0.39365348,0.38278726,0.3238075,0.30009905,0.37222904,0.42779723,0.41969004,0.41764823,0.42377517,0.41833967,0.42913043,0.4559268,0.47742698,0.51173025,0.5545305,0.59775996,0.631996,0.6432736,0.6462437,0.6569795,0.66764575,0.6665517,0.64563155,0.616016,0.58956456,0.57154256,0.5726157,0.5892512,0.6036571,0.60456085,0.5998167,0.60147387,0.61044925,0.623012,0.64027804,0.65117276,0.6591609,0.6651102,0.6710742,0.6741149,0.67155415,0.6668641,0.6555194,0.63584924,0.6182022,0.6108473,0.6087696,0.6051226,0.6002573,0.60016555,0.60167664,0.59977114,0.59236944,0.5807079,0.56277925,0.537873,0.51419,0.50011253,0.49369624,0.48366916,0.47444856,0.46249703,0.43946758,0.40604797,0.37539268,0.35821664,0.3448915,0.34062403,0.3445307,0.36038002,0.38071504,0.39375433,0.39723894,0.39600816,0.39801717,0.4055951,0.41565818,0.4185806,0.41802558,0.4184123,0.41825736,0.41554183,0.40831363,0.40025127,0.39304867,0.38402125,0.37080705,0.35164183,0.32915822,0.30970532,0.29541373,0.28405935,0.2730432,0.26507923,0.2649762,0.27018195,0.26769906,0.25797817,0.2544853,0.2599411,0.2697705,0.27935755,0.28432113,0.2786563,0.25963196,0.23005076,0.2032673,0.19366628,0.19726922,0.19868535,0.19681276,0.19010617,0.184703,0.1831564,0.18794769,0.21022399,0.2425588,0.2871573,0.3284824,0.36132592,0.38740292,0.42245144,0.46220574,0.5027173,0.53001106,0.5415064,0.53597236,0.50924647,0.4751076,0.44098753,0.41050103,0.38664845,0.37441412,0.377982,0.38565564,0.39489383,0.39308462,0.3782476,0.35433814,0.31951925,0.27710298,0.23544753,0.19223103,0.14778486,0.1108315,0.09220373,0.09479369,0.11506108,0.16333583,0.22876051,0.28726435,0.33993116,0.38988078,0.44744495,0.4886174,0.50046694,0.5131743,0.51617354,0.5024822,0.48828244,0.48929155,0.48952985,0.4777297,0.45290488,0.4213568,0.38832843,0.3645146,0.34706533,0.330417,0.31592563,0.29572898,0.2749104,0.2643762,0.2513957,0.22416666,0.19843172,0.19452246,0.20998287,0.2330445,0.25232795,0.26019093,0.26907814,0.26046062,0.2513729,0.23903354,0.22496873,0.20585565,0.19975106,0.20121361,0.19262898,0.16069463,0.13408215,0.14135928,0.15460157,0.15699549,0.14494051,0.123183385,0.10332256,0.09338904,0.09118346,0.11697165,0.13786523,0.14961986,0.17527878,0.23132417,0.30771738,0.398487,0.45505595,0.49672213,0.51742417,0.5393647,0.5639138,0.58772725,0.58276314,0.55145496,0.50847816,0.46658096,0.42668438,0.402459,0.3827835,0.36148253,0.32652342,0.29286182,0.2652699,0.2502926,0.24793033,0.24905546,0.23946477,0.23087043,0.22477436,0.23261857,0.24164322,0.2523176,0.2750502,0.30109563,0.32251292,0.3405061,0.35932103,0.37592444,0.3896651,0.39915654,0.39289454,0.37000185,0.34117845,0.31215447,0.27714574,0.21866576,0.14334221,0.08681741,0.10613054,0.23590511,0.41697875,0.5438472,0.55344296,0.50860316,0.43999845,0.31690723,0.2441923,0.24891907,0.23636979,0.24745692,0.22992924,0.37373477,0.6728693,0.7655395,0.6499567,0.46194628,0.35693666,0.27142343,0.19607387,0.18968187,0.20187455,0.17194234,0.12815847,0.12064869,0.12898386,,0.16662897,0.12548731,0.08548306,0.09158857,0.16862302,0.22101192,0.41045344,0.48795047,0.38148767,0.3865302,0.39814797,0.40134403,0.39150706,0.39501762,0.41529176,0.43126675,0.43280685,0.44003418,0.45254064,0.45950416,0.4650451,0.46496224,0.469397,0.48640215,0.501392,0.5104325,0.5207674,0.5334268,0.54431033,0.5533661,0.5662138,0.578226,0.5773894,0.56028515,0.5303356,0.4976681,0.473194,0.46088374,0.4638287,0.47970456,0.4950553,0.49297693,0.46945915,0.43387625,0.3979204,0.37195334,0.36965808,0.39482424,0.44393033,0.50874263,0.5677859,0.60320973,0.6076836,0.5863071,0.5680896,0.5683331,0.61086476,0.7092918,0.86691904,1.0406796,1.1667857,1.218541,1.221259,1.2234523,1.2346416,1.2266041,1.182889,1.1247022,1.0706472,1.0343297,1.0120505,0.9910127,0.97324044,0.9678855,0.9832968,1.0284442,1.0882763,1.1263258,1.1486858,1.1296129,1.0577766,0.97360367,0.93651587,0.9150295,0.89336485,0.8641287,0.8284499,0.79180014,0.75419486,0.71391284,0.6724727,0.64353853,0.6370523,0.63968104,0.63766783,0.6299177,0.6183304,0.5983715,0.57296187,0.5479614,0.5232739,0.501593,0.4869398,0.4785886,0.46841264,0.45503756,0.43980852,0.43087375,0.4333215,0.44225076,0.4433838,0.44346187,0.45440525,0.47235057,0.4903915,0.50045013,0.5044956,0.5143046,0.52807397,0.5427898,0.5522313,0.55747503,0.5616296,0.56823045,0.5819472,0.59260494,0.59300923,0.5873462,0.5757669,0.55384505,0.520955,0.4922955,0.48191378,0.49156746,0.49802634,0.48741958,0.46791503,0.45165345,0.44862723,0.4408029,0.43208092,0.42103451,0.41138247,0.39855352,0.37775105,0.36183167,0.34904322,0.3442572,0.3488691,0.348012,0.33309993,0.30518442,0.2720088,0.24618311,0.22685187,0.20610292,0.17486537,0.13632394,0.10424357,0.077732936,0.06510831,0.06585912,0.06648769,0.068050414,0.07442445,0.08332424,0.089507416,0.09345869,0.10332938,0.11801798,0.1347132,0.14955057,0.1569399,0.16128212,0.16893268,0.18950988,0.22007135,0.24674715,0.26024193,0.27863795,0.2985282,0.32144263,0.34981278,0.3730263,0.39655992,0.42510128,0.48156065,0.5301429,0.5879832,0.68797755,0.7758177,0.84471416,0.9120291,0.9625532,0.9782159,0.9821505,0.98095626,0.97894883,0.9564321,0.9285176,0.94231296,0.9696371,0.9868332,0.97705257,0.9340343,0.88253033,0.83789694,0.79386425,0.7438449,0.6946643,0.6518961,0.6188635,0.5964743
5.1666718,,,,,,,,,,0.17758296,0.24658984,0.5361113,0.5801315,0.46298382,0.3660552,0.33947036,0.39660445,0.46916842,0.5459295,0.60369396,0.67697525,0.7025315,0.64174557,0.5370617,0.42482054,0.33930647,0.30324614,0.3077443,0.31953454,0.30375734,0.25609463,0.20747134,0.25796652,0.33386663,0.34841898,0.3295056,0.34904903,0.3675014,0.3685445,0.38342047,0.4012895,0.42172822,0.4719411,0.53262705,0.58312887,0.6157895,0.62400705,0.6290614,0.64624196,0.6653469,0.67213136,0.6547971,0.62380165,0.5934742,0.57236624,0.57533264,0.5968255,0.6176447,0.6250156,0.6234579,0.62566996,0.63090247,0.63934517,0.65690285,0.67072785,0.6826593,0.69118816,0.69849277,0.70055604,0.6993706,0.69371575,0.67990404,0.659,0.6367499,0.61949515,0.6127405,0.615027,0.62150556,0.630536,0.635523,0.6316281,0.62314814,0.6131026,0.5989717,0.57780737,0.5633996,0.5588112,0.5528773,0.53952974,0.52318007,0.5026422,0.47804692,0.4510472,0.42572856,0.4181958,0.4174316,0.41475114,0.42088503,0.43908662,0.45582056,0.46000585,0.45366624,0.44363737,0.43988103,0.44650894,0.45616198,0.4605581,0.45729974,0.44880784,0.43715858,0.42379272,0.41428757,0.4105007,0.40864465,0.4039756,0.39130595,0.37094614,0.35043782,0.3339385,0.31981105,0.30657732,0.29446155,0.28826696,0.289247,0.28861147,0.27991757,0.27028215,0.26888114,0.27389073,0.27910817,0.27818525,0.26842806,0.25050542,0.23050414,0.21563818,0.20918198,0.20168853,0.19325793,0.18508932,0.18096584,0.18162487,0.18796577,0.19752339,0.22147027,0.24962157,0.28369483,0.32199785,0.36498836,0.3973497,0.42729872,0.4572418,0.48901367,0.51886576,0.5370141,0.5459018,0.5378749,0.5087309,0.47686014,0.4453584,0.4177735,0.38561848,0.36151454,0.3563191,0.36350882,0.37737447,0.37568647,0.36086395,0.3387051,0.30722857,0.26463044,0.22350451,0.18425442,0.1419504,0.103173785,0.08224281,0.086714804,0.10455149,0.14776342,0.21954289,0.28632,0.3399135,0.3911753,0.44804662,0.49035773,0.49841455,0.5028611,0.50281864,0.4907405,0.47531092,0.4717193,0.47016147,0.4563092,0.42117497,0.37287068,0.3238064,0.29472905,0.2838672,0.27831703,0.2742329,0.25932613,0.23847821,0.22148408,0.20273867,0.17754082,0.15252234,0.14659008,0.16495079,0.1994233,0.23270822,0.25469962,0.28727683,0.29245424,0.283867,0.27524152,0.2586612,0.22504482,0.21289898,0.21494985,0.20632163,0.16768011,0.12677157,0.12101066,0.1394431,0.15669347,0.16449594,0.16309327,0.15079065,0.13120116,0.120317854,0.13328233,0.15438956,0.16954231,0.18364753,0.22489041,0.29779714,0.37263677,0.41841662,0.4492301,0.46920502,0.48632374,0.50820845,0.54671055,0.56043136,0.5442247,0.49621624,0.44828826,0.40276504,0.37878796,0.3671975,0.3440234,0.30757558,0.2656177,0.2336507,0.21961433,0.2195882,0.23445414,0.23360956,0.22217046,0.21568021,0.22108282,0.22623108,0.23407765,0.2591642,0.2919231,0.31822088,0.33879894,0.3551897,0.36673075,0.37766618,0.39532,0.4134934,0.4191146,0.40897876,0.3898087,0.35663038,0.29128203,0.19627589,0.10216155,0.08290603,0.1890455,0.3505133,0.48102427,0.5012278,0.46884674,0.43734553,0.394176,0.33653682,0.3431397,0.3122016,0.24975874,0.17151211,0.2786804,0.51932657,0.7620923,0.84309924,0.73938173,0.63200176,0.51140344,0.39260277,0.3188644,0.2717243,0.22507225,0.14859195,0.12161285,0.20519534,,0.21974331,0.21425943,0.30295008,0.34113494,0.40858737,0.45396352,0.46179733,0.43627068,0.40855822,0.42173043,0.42337057,0.42953786,0.43126133,0.43976536,0.45368284,0.45730537,0.45115465,0.45235947,0.4562871,0.45695323,0.45616385,0.45724204,0.46361116,0.47764078,0.49088505,0.49551964,0.49838826,0.50737876,0.52232593,0.54276866,0.5677169,0.58694094,0.5934756,0.5869658,0.5668674,0.54052657,0.51566386,0.4975552,0.4876601,0.48671564,0.49192792,0.48823705,0.46604714,0.43145522,0.39470336,0.36429095,0.35246333,0.37007445,0.41242778,0.47191805,0.5340985,0.5786821,0.60077316,0.60401696,0.6019999,0.60866535,0.6347051,0.68689454,0.7810774,0.9191433,1.0682107,1.1724216,1.2155656,1.2261298,1.2268628,1.2192886,1.1984884,1.1730038,1.1498507,1.1320349,1.1240113,1.116762,1.1132542,1.1152067,1.1223638,1.1330633,1.1296642,1.1042151,1.039746,0.9534983,0.8827377,0.8234704,0.7971589,0.7830089,0.7688561,0.7482556,0.7242276,0.70656013,0.68985736,0.6766965,0.66791904,0.6605858,0.6566259,0.65565354,0.65739524,0.65512186,0.6446667,0.6221963,0.5931603,0.566083,0.5416794,0.51952887,0.50405675,0.4972583,0.48951915,0.4759593,0.458796,0.45227346,0.46168768,0.4706905,0.46345636,0.4598455,0.4688286,0.48561007,0.5042023,0.51422876,0.5187408,0.5286938,0.5444696,0.55949026,0.57183516,0.58466756,0.5960391,0.6044933,0.60923535,0.6072131,0.59976643,0.589305,0.5741254,0.55029035,0.5208478,0.4934714,0.47790468,0.48196015,0.4905975,0.4887605,0.47935402,0.4667981,0.46130368,0.4495326,0.44048345,0.42969677,0.41954133,0.40793076,0.39153674,0.37956882,0.36331496,0.35284725,0.34762675,0.3383154,0.32588553,0.31002617,0.28739145,0.26017973,0.23999044,0.21772951,0.18806113,0.152792,0.11940751,0.09621744,0.07933935,0.06768994,0.053515203,0.049093585,0.053877562,0.06472104,0.07868861,0.09090259,0.10280245,0.11471755,0.12847596,0.14084294,0.15034695,0.15516761,0.16305503,0.1895196,0.2272724,0.2581203,0.27553317,0.29546526,0.31218186,0.3315895,0.36639738,0.39494884,0.42746583,0.46438357,0.51047516,0.55775166,0.6195069,0.7091093,0.79114705,0.8604698,0.9313042,0.9791805,0.9899601,0.9906918,0.9854588,0.97153383,0.9400373,0.9141261,0.9269732,0.9534413,0.9795693,0.9721484,0.92630243,0.87509155,0.8334462,0.79439425,0.74896055,0.7032231,0.6623241,0.62913483,0.6010729
5.083336,,,,,,,,,0.2233636,0.20524012,0.3727677,0.5717464,0.50694174,0.3808142,0.31373328,0.28265008,0.33824447,0.4377333,0.5283848,0.5845756,0.6328532,0.6646621,0.60488206,0.50915796,0.38922098,0.28402176,0.23107919,0.21018852,0.18034919,0.13001941,0.1164616,0.15053914,0.19348112,0.25323477,0.27423674,0.27062762,0.31227052,0.32012132,0.32189867,0.335333,0.34922877,0.3736055,0.4411532,0.51873904,0.57383376,0.6044068,0.61364806,0.62195134,0.636464,0.6531007,0.6658047,0.6569765,0.62506276,0.5894031,0.56738305,0.57372147,0.59851956,0.6200064,0.6296071,0.63348085,0.63969505,0.6416428,0.6458305,0.66574955,0.68813723,0.70882726,0.72139925,0.729076,0.7329405,0.7341817,0.7275899,0.7115625,0.69247645,0.6726997,0.6515666,0.63749224,0.6361606,0.6455807,0.659681,0.67005867,0.66951436,0.6608693,0.6494112,0.63547903,0.6183216,0.60863274,0.60180897,0.5875477,0.57177794,0.55877084,0.54390746,0.52243376,0.50263494,0.48630944,0.47925293,0.479611,0.48314536,0.49048024,0.50033534,0.5057414,0.5017959,0.4918487,0.48341706,0.48199943,0.48584595,0.48980924,0.4864865,0.473727,0.45749897,0.44236392,0.4297047,0.42371863,0.42482308,0.4287206,0.42852488,0.41676748,0.39735287,0.37792212,0.3595125,0.34064975,0.3233248,0.31161645,0.30827954,0.30926687,0.3083987,0.30249172,0.29291463,0.28568986,0.28433654,0.284022,0.2813576,0.27237958,0.25679058,0.2417138,0.2283378,0.21835019,0.20532025,0.19366212,0.18979912,0.193044,0.20179638,0.21704756,0.23699374,0.26177046,0.2887081,0.32118595,0.36126062,0.40316582,0.43812838,0.4648856,0.47780198,0.49617833,0.51458406,0.5297616,0.5389735,0.5289556,0.49883705,0.4699121,0.44473433,0.42654258,0.39616245,0.36460376,0.34941226,0.35047543,0.36002925,0.35786572,0.3483085,0.33038154,0.30028486,0.25517255,0.213337,0.17902899,0.14405334,0.10841646,0.082715526,0.0836008,0.1006187,0.13907528,0.20807633,0.28062272,0.33593786,0.38423407,0.43654275,0.48192257,0.49768224,0.49299306,0.4828522,0.4691232,0.4494755,0.43610826,0.42841533,0.4092431,0.37301657,0.31971484,0.26366165,0.2257871,0.20685303,0.19727981,0.19644111,0.19011971,0.17632285,0.16359912,0.14738117,0.12115439,0.09530436,0.097279176,0.13280755,0.18732697,0.22744709,0.26572943,0.31291547,0.32838005,0.32168347,0.30592978,0.2830089,0.24580324,0.22015196,0.21249725,0.2014476,0.17038105,0.13818404,0.12201446,0.1223975,0.13827771,0.16171414,0.18288201,0.19209197,0.17907852,0.15540126,0.14763921,0.16285907,0.1764362,0.18364769,0.21865374,0.2850101,0.3462497,0.38006148,0.39958468,0.41508132,0.4383253,0.4496795,0.4937522,0.52401584,0.52732766,0.480651,0.426289,0.37613225,0.35299048,0.34367573,0.32178605,0.28732517,0.24579956,0.20986702,0.18672828,0.17966576,0.1976987,0.21071003,0.20847295,0.20695414,0.21120764,0.21453266,0.21822457,0.23760737,0.2712874,0.30377248,0.32868755,0.33860525,0.33905876,0.34297603,0.36641747,0.4077754,0.44310194,0.4590334,0.46856737,0.46224302,0.4136517,0.32719347,0.22817595,0.16076823,0.18567559,0.2886783,0.4080797,0.4372354,0.40238515,0.3673328,0.33901408,0.30941838,0.29714754,0.25759926,0.20465043,0.06749179,0.20464644,0.32373494,0.6353221,0.86453044,0.9131002,0.876054,0.7531491,0.60247684,0.46121508,0.34621522,0.21262027,0.14136136,0.15803137,0.21996087,0.33304068,0.44559586,0.46929848,0.44363102,0.42271584,0.40268147,0.38283312,0.3766516,0.3823235,0.39935994,0.42554402,0.43734145,0.44493288,0.45399278,0.4604967,0.46337458,0.46581477,0.46629497,0.4662173,0.46312395,0.45465797,0.44885623,0.45285618,0.4653206,0.4820404,0.4948916,0.49857906,0.49644318,0.49667013,0.5062652,0.5252501,0.54621226,0.56207657,0.5702859,0.5717088,0.56420726,0.5505488,0.5348991,0.5194725,0.50791675,0.50497174,0.5052148,0.49899057,0.48205498,0.44981062,0.4070501,0.37076384,0.3545412,0.3613827,0.39652285,0.4524243,0.507909,0.550254,0.58303386,0.6075649,0.62368596,0.6420614,0.66711223,0.6981651,0.75093067,0.83439726,0.9448393,1.0547407,1.1326526,1.178027,1.1977862,1.2057762,1.2111921,1.2125968,1.2126733,1.2094135,1.2060732,1.1941664,1.1778735,1.1548167,1.1164873,1.0570531,0.9915849,0.9307532,0.8580943,0.7934046,0.7425084,0.6986796,0.6704709,0.651388,0.64162385,0.63549596,0.62601393,0.630841,0.6397752,0.6429863,0.6446711,0.6426664,0.637679,0.63644665,0.641234,0.6476375,0.6467194,0.6315515,0.60649234,0.57967776,0.5558758,0.5335974,0.5144279,0.5027874,0.4974884,0.49512893,0.4933422,0.4965709,0.4997382,0.4918165,0.47293067,0.46632612,0.47578382,0.4934779,0.51325643,0.52106,0.5206601,0.523604,0.53478974,0.5530625,0.5752499,0.60159993,0.6234639,0.62906015,0.61899644,0.60720146,0.6007389,0.5943755,0.5823871,0.5668379,0.54829204,0.5227456,0.50063926,0.49142355,0.49438053,0.49985793,0.49898657,0.48776168,0.47653902,0.45873362,0.4472862,0.4410862,0.43286675,0.42456254,0.41116875,0.39862648,0.379258,0.36211348,0.34678122,0.33128983,0.32189238,0.31649962,0.30502087,0.28856882,0.26909372,0.24248116,0.20877667,0.17241538,0.14114662,0.1222471,0.107336365,0.09721986,0.08317127,0.07334546,0.074312896,0.0764388,0.08916137,0.101169884,0.10564663,0.10812076,0.11570182,0.12895617,0.14293025,0.15220904,0.16111371,0.18156259,0.21695392,0.2549589,0.28116855,0.30551893,0.32444844,0.34953925,0.38492787,0.41591594,0.45657763,0.49837416,0.5359946,0.5803879,0.64744383,0.72867316,0.8052187,0.87330383,0.93937117,0.98148674,0.9938549,0.9944565,0.98227966,0.9580037,0.9210875,0.900583,0.91040426,0.9362049,0.96589893,0.9569243,0.9133597,0.8635985,0.82284284,0.78485715,0.74278855,0.70020634,0.66221154,0.6295117,0.59612536
5.0,,,,,,,,0.22815831,0.2513812,0.3481219,0.43475005,0.53381974,0.40390316,0.26559377,0.23682049,0.24543841,0.3229511,0.45256218,0.53496456,0.5716951,0.59803194,0.618753,0.5618052,0.47416538,0.3629259,0.26760912,0.20148586,0.13524337,0.06274991,0.008629772,0.06064669,0.09871612,0.13751973,0.18471225,0.23003642,0.24228191,0.28072914,0.2894342,0.2891583,0.28865245,0.3033319,0.33751747,0.41110662,0.5003083,0.56384087,0.5979354,0.612118,0.6237745,0.6354274,0.6475639,0.658392,0.65404034,0.62798834,0.59046847,0.565601,0.56967014,0.59197295,0.6153156,0.62951124,0.63728815,0.6447522,0.64749527,0.65320736,0.6745748,0.70105255,0.7267781,0.74262804,0.75158185,0.75865734,0.76093006,0.7535699,0.7381751,0.7205629,0.7020497,0.68234175,0.667919,0.66478187,0.67322123,0.6886731,0.6984495,0.6937181,0.68433344,0.6741976,0.6631122,0.6526865,0.6462003,0.63438016,0.61308587,0.59324425,0.57953084,0.5647278,0.55057603,0.53935856,0.5259583,0.51708394,0.51674837,0.5262967,0.53939074,0.54836756,0.54457223,0.5272877,0.5088285,0.5009637,0.50213933,0.5057152,0.50630933,0.4991377,0.48561618,0.46862647,0.45248544,0.44151643,0.43776658,0.44085878,0.44735724,0.448262,0.4366551,0.41598296,0.3939824,0.37350523,0.35312644,0.3352571,0.32645667,0.32675374,0.3304322,0.33376637,0.32863078,0.31552058,0.30360574,0.2961677,0.2937867,0.293777,0.28826344,0.27647045,0.26555404,0.255442,0.24263845,0.2265224,0.21487321,0.21383356,0.22185443,0.23510711,0.25329998,0.27213773,0.29439443,0.32460466,0.36358997,0.40821406,0.44977883,0.47759008,0.48343208,0.4845856,0.49426246,0.50634754,0.5223347,0.53510666,0.5228502,0.48796582,0.45494103,0.4313483,0.4209251,0.40112615,0.3702912,0.35001996,0.34180346,0.33712953,0.3315147,0.32812607,0.31727883,0.29405156,0.252793,0.21109329,0.17868574,0.1497639,0.116247915,0.08663313,0.080988206,0.09967327,0.13804601,0.19897489,0.27031812,0.33079773,0.3780326,0.42229298,0.4662902,0.4883004,0.48772368,0.47214997,0.4538262,0.43074512,0.40656114,0.3862661,0.3525822,0.30614012,0.23773627,0.17475921,0.14273399,0.13449004,0.12575704,0.11305432,0.103426024,0.10259574,0.11077906,0.105320156,0.07202147,0.03650082,0.06269627,0.12474356,0.19881852,0.23872271,0.2864744,0.32576582,0.34569523,0.3413776,0.32640377,0.2948039,0.26118955,0.23634501,0.22049811,0.19646022,0.1643375,0.14896457,0.13852638,0.12754755,0.12896031,0.15341882,0.18731299,0.21141657,0.21089406,0.19060354,0.17544445,0.17548423,0.17840095,0.18339682,0.21313883,0.26820132,0.31629187,0.3434867,0.35876244,0.36435148,0.3964323,0.40394497,0.4366711,0.47295156,0.49239427,0.45983896,0.40575203,0.35100272,0.3227325,0.31179857,0.29350293,0.26133958,0.2267797,0.18865943,0.15231398,0.13329002,0.14685382,0.17184642,0.18621625,0.19478594,0.20377009,0.20791535,0.2077394,0.21802472,0.24619633,0.28240284,0.31248513,0.322472,0.3158315,0.3063227,0.3063837,0.32671106,0.3617861,0.3937053,0.42466292,0.45544687,0.47010818,0.44956803,0.38215482,0.28842074,0.24267761,0.27052394,0.33321258,0.35684913,0.3345312,0.29887292,0.25346133,0.20516235,0.16991672,0.14460075,0.07515894,0.093060136,0.18517435,0.26992497,0.49873444,0.67880714,0.80032676,0.87449235,0.8621964,0.805658,0.76078796,0.71742135,0.6629239,0.62162787,0.5715138,0.5335064,0.4635384,0.44022563,0.44489682,0.37049523,0.32643312,0.3126192,0.2987037,0.30479535,0.3308209,0.3632818,0.40563253,0.44002062,0.46145013,0.4651711,0.45856684,0.449488,0.4495395,0.45344123,0.45465055,0.45252287,0.4446119,0.4425682,0.4501608,0.4670289,0.4839414,0.4942617,0.49563918,0.490145,0.4846317,0.4828713,0.48671997,0.49684414,0.51451546,0.5290625,0.5365532,0.5346332,0.5250635,0.50972515,0.49694225,0.49424732,0.49834046,0.50351804,0.5074744,0.50681174,0.48877242,0.4453981,0.39185908,0.3529795,0.34670293,0.37417933,0.42243037,0.47982028,0.5308431,0.5635009,0.58742183,0.609922,0.6277181,0.6479295,0.68059117,0.729248,0.7915875,0.8689128,0.9553445,1.0398769,1.1129533,1.1625315,1.1885719,1.206279,1.2193083,1.2325438,1.2353183,1.2219033,1.1881425,1.1403103,1.0731409,0.9909991,0.9046058,0.8329372,0.78087366,0.7373792,0.69738495,0.66324234,0.6401447,0.6242434,0.6093442,0.59576046,0.5865357,0.5709783,0.5668251,0.5723144,0.5784104,0.5838837,0.5827218,0.575749,0.5738219,0.58266026,0.59571564,0.6037853,0.6008874,0.5868422,0.56773746,0.5481204,0.5288173,0.5105824,0.4959902,0.49132833,0.4953524,0.5020144,0.5101275,0.5096798,0.4955032,0.48155096,0.48553887,0.49835163,0.5056692,0.5100865,0.5116947,0.5122895,0.51640964,0.5305427,0.55717456,0.5854695,0.61181015,0.6305543,0.6306553,0.61546916,0.6034887,0.6012734,0.60144484,0.5967756,0.58933216,0.5785841,0.55937654,0.5355844,0.5166839,0.5124258,0.5206792,0.52498627,0.51430774,0.49636525,0.47563168,0.46051762,0.45858973,0.45338312,0.4465588,0.43834004,0.42711827,0.408533,0.3856142,0.3602791,0.33902833,0.3300403,0.32801715,0.32407144,0.3173238,0.2998087,0.27715462,0.2513152,0.21811934,0.18902592,0.16582522,0.14145005,0.12731679,0.11265076,0.099072315,0.09382878,0.08917781,0.09432259,0.10481789,0.10705256,0.105724834,0.10711902,0.11721785,0.13174234,0.14414537,0.15786836,0.18103004,0.21668416,0.25209165,0.2820685,0.3122548,0.3388918,0.37596047,0.41059446,0.44126675,0.48368326,0.52377385,0.55410653,0.5972907,0.6662749,0.74298024,0.81664723,0.8807009,0.93618405,0.97500074,0.9927791,0.99485934,0.97718984,0.9446618,0.9010445,0.8852425,0.89199626,0.9141755,0.93715787,0.92782414,0.892356,0.84862167,0.81061965,0.76904935,0.72381794,0.68164694,0.6481003,0.61542463,0.5788474
