latitude,47.75,48.0,48.25,48.5,48.75,49.0,49.25,49.5,49.75,50.0,50.25,50.5,50.75,51.0,51.25,51.5,51.75,52.0,52.25,52.5,52.75,53.0,53.25,53.5,53.75,54.0,54.25,54.5,54.75,55.0,55.25,55.5,55.75,56.0,56.25,56.5,56.75,57.0,57.25,57.5,57.75,58.0,58.25,58.5,58.75,59.0,59.25,59.5,59.75,60.0,60.25,60.5,60.75,61.0,61.25,61.5,61.75,62.0,62.25,62.5,62.75,63.0,63.25,63.5,63.75,64.0,64.25,64.5,64.75,65.0,65.25,65.5,65.75,66.0,66.25,66.5,66.75,67.0,67.25,67.5,67.75,68.0,68.25,68.5,68.75,69.0,69.25,69.5,69.75,70.0,70.25,70.5,70.75,71.0,71.25,71.5,71.75,72.0,72.25,72.5,72.75,73.0,73.25,73.5,73.75,74.0,74.25,74.5,74.75,75.0,75.25,75.5,75.75,76.0,76.25,76.5,76.75,77.0,77.25,77.5,77.75,78.0,78.25,78.5,78.75,79.0,79.25,79.5,79.75,80.0,80.25,80.5,80.75,81.0,81.25,81.5,81.75,82.0,82.25,82.5,82.75,83.0,83.25,83.5,83.75,84.0,84.25,84.5,84.75,85.0,85.25,85.5,85.75,86.0,86.25,86.5,86.75,87.0,87.25,87.5,87.75,88.0,88.25,88.5,88.75,89.0,89.25,89.5,89.75,90.0,90.25,90.5,90.75
25.0,-2.5099792,-2.2668152,-2.0470886,-1.7912292,-1.1974792,-0.54415894,0.3406067,0.8044739,0.75271606,0.8640442,1.1902161,1.4118958,1.3034973,1.0281067,1.6003723,2.1540833,2.4167786,2.3074036,2.150177,2.1560364,2.4148254,2.7097473,3.040802,3.4968567,3.8767395,4.241974,4.455841,4.382599,4.074005,3.009552,1.6911926,0.36502075,-0.30880737,0.9753723,1.9802551,2.2966614,1.9978333,1.7195129,1.9656067,2.2390442,2.3122864,1.7722473,0.8279114,-0.3449402,-0.3996277,-0.12911987,0.478302,0.94021606,1.3367004,1.7243958,1.8992004,1.8855286,1.3093567,0.44607544,-0.46115112,-0.724823,-0.49240112,-0.36740112,-0.46603394,-0.4308777,-0.3703308,-0.271698,-0.2511902,0.022247314,0.22146606,0.32791138,0.54763794,0.6286926,0.63552856,0.7956848,0.6716614,0.5271301,-0.115448,-1.1134949,-2.4250183,-3.309784,-3.374237,-2.7521667,-2.7687683,-2.9513855,-2.374237,-1.7687683,-1.2414246,-0.9650574,-0.78829956,-0.68966675,-0.740448,-0.8918152,-1.2677917,-1.5871277,-2.0666199,-2.6095886,-2.7502136,-2.6271667,-2.4074402,-2.0187683,-1.7384949,-1.7804871,-1.6388855,-1.7004089,-1.7726746,-1.756073,-1.9006042,-1.9357605,-0.9572449,-0.62716675,-0.849823,-0.9728699,-1.1252136,-1.4806824,-1.4621277,-1.3840027,-1.0607605,-0.6603699,-0.7170105,-0.7902527,-1.5539246,-1.9621277,-2.1769714,-2.3332214,-2.4142761,-1.6349792,-1.1808777,-1.3215027,-1.1965027,-0.9621277,-0.96017456,-1.1945496,-1.3302917,-1.2843933,-1.2101746,-1.3254089,-1.2170105,-0.6759949,-0.48849487,-0.39083862,-0.13497925,0.3142395,0.5193176,0.6706848,0.7156067,0.7419739,0.66677856,0.62576294,0.6091614,0.5036926,0.46365356,0.4187317,0.5359192,0.84939575,1.0466614,1.134552,1.0466614,1.572052,1.8367004,1.6999817,1.8406067,1.6765442,1.7527161,1.5984192,2.080841,2.4529114,2.165802,2.1218567,2.0212708,1.8406067,1.8425598,1.6843567,1.7458801,1.5710754,1.1609192,1.0134583,0.6130676
24.75,-2.669159,-2.3146667,-1.9621277,-1.7277527,-1.4084167,-0.7541199,-0.106658936,0.37478638,0.39920044,0.5115051,0.83865356,1.0837708,1.0388489,0.947052,1.3288879,1.8542786,1.8982239,1.7888489,1.7624817,1.8093567,2.0456848,2.2732239,2.6052551,2.9665833,3.3386536,3.8161926,3.7927551,3.6052551,2.7585754,1.6921692,1.0681458,0.20779419,-0.47677612,0.7497864,1.7566223,2.1911926,1.8865051,1.462677,1.4724426,1.7048645,1.5437317,1.0036926,0.27322388,-0.7951355,-0.6955261,-0.16329956,0.4441223,1.0115051,1.4294739,1.8728333,2.0671692,2.0544739,1.7322083,0.8669739,0.197052,-0.13302612,-0.017791748,-0.09786987,-0.19650269,-0.18185425,-0.10372925,0.18728638,0.39431763,0.6472473,0.7019348,0.8083801,0.7575989,0.7077942,0.556427,0.39138794,0.2673645,-0.39474487,-1.1418152,-2.483612,-3.7199402,-4.4982605,-4.273651,-3.6506042,-3.2267761,-3.0871277,-2.5090027,-1.8771667,-1.3478699,-1.1105652,-0.93966675,-0.7814636,-0.9416199,-1.0822449,-1.2550964,-1.5754089,-1.8820496,-2.3888855,-2.5275574,-2.4689636,-2.2482605,-1.9132996,-1.6144714,-1.6925964,-1.584198,-1.7355652,-1.7238464,-1.7072449,-1.8381042,-1.7687683,-0.60372925,-0.7922058,-1.0148621,-1.2257996,-1.3986511,-1.6554871,-1.5802917,-1.6300964,-1.3468933,-0.9465027,-0.77267456,-0.8009949,-1.4347839,-1.9797058,-2.1945496,-2.3009949,-2.309784,-1.5988464,-1.3322449,-1.4484558,-1.3537292,-1.1193542,-1.1496277,-1.302948,-1.6300964,-1.5392761,-1.4650574,-1.5148621,-1.3713074,-0.74142456,-0.60665894,-0.5138855,-0.012908936,0.4363098,0.53982544,0.6423645,0.6921692,0.5642395,0.48806763,0.6482239,0.69607544,0.50076294,0.20291138,0.17068481,0.29959106,0.6140442,0.6111145,0.6628723,0.6579895,1.0984192,1.3630676,1.7712708,1.8601379,1.6042786,1.7663879,1.4978333,1.5681458,1.9402161,1.9499817,1.9587708,1.8005676,1.7331848,1.7351379,1.8493958,1.9577942,1.8503723,1.7536926,1.6589661,1.4753723
24.5,-2.6632996,-2.296112,-1.9347839,-1.6808777,-1.3703308,-1.0763855,-0.52072144,-0.09689331,0.13064575,0.24490356,0.38650513,0.60720825,0.9138489,0.9675598,1.1638489,1.3659973,1.4021301,1.2361145,1.2615051,1.3757629,1.5671692,1.7781067,2.0896301,2.4519348,2.783966,3.2341614,3.0271301,2.5105286,1.6784973,1.1042786,0.6443176,0.027130127,-0.9406433,0.3113098,1.6521301,2.1208801,1.9021301,1.2488098,0.83865356,0.68045044,0.51638794,0.24783325,-0.42599487,-1.0568542,-0.94747925,-0.39474487,0.13748169,0.7107239,1.1911926,1.6775208,1.9441223,2.0056458,1.7077942,1.3659973,0.8191223,0.4206848,0.2986145,0.17752075,0.16677856,0.19314575,0.31619263,0.5642395,0.712677,0.6452942,0.6950989,0.56326294,0.45681763,0.26150513,-0.02267456,-0.271698,-0.83810425,-1.5207214,-2.6593933,-4.1007996,-5.070526,-5.2795105,-5.092987,-4.669159,-4.175995,-3.030487,-2.2863464,-1.6877136,-1.4494324,-1.2218933,-1.1886902,-1.0568542,-1.1720886,-1.1974792,-1.3605652,-1.521698,-1.7941589,-2.3205261,-2.3976746,-2.3351746,-1.9660339,-1.6330261,-1.3488464,-1.4494324,-1.4679871,-1.7843933,-1.7775574,-1.6525574,-1.6769714,-1.5363464,-0.57540894,-0.8576355,-1.4142761,-1.631073,-1.6818542,-1.8683777,-1.6906433,-1.6808777,-1.3918152,-1.0441589,-0.85861206,-1.037323,-1.1593933,-1.8136902,-2.374237,-2.499237,-2.1134949,-1.5295105,-1.5295105,-1.4689636,-1.4084167,-1.4640808,-1.4816589,-1.4787292,-1.8049011,-1.6867371,-1.7170105,-1.7843933,-1.443573,-0.8761902,-0.79415894,-0.6701355,-0.1545105,0.12966919,0.19509888,0.47146606,0.53982544,0.3581848,0.27615356,0.4441223,0.59939575,0.33181763,-0.047088623,0.02420044,0.12088013,0.2566223,0.19216919,0.48513794,0.60427856,1.0476379,1.4851379,1.9499817,1.8406067,1.6306458,1.6697083,1.6150208,1.6316223,1.4490051,1.5896301,1.7839661,1.7234192,1.6960754,1.7361145,1.8503723,1.8386536,1.5486145,1.6511536,1.743927,1.5671692
24.25,-2.4045105,-2.1769714,-1.9660339,-1.6584167,-1.4347839,-1.1808777,-0.8840027,-0.5158386,-0.2531433,0.02420044,0.13259888,0.27908325,0.6325989,0.8552551,0.95388794,1.0740051,0.9138489,0.71951294,0.6130676,0.7517395,1.0124817,1.3406067,1.6579895,2.0271301,2.3738098,2.5505676,2.2156067,1.8230286,1.4392395,0.9490051,0.55545044,0.027130127,-0.9494324,-0.4386902,1.0359192,2.2712708,2.2634583,1.2536926,-0.039276123,-0.2482605,-0.47579956,-0.6681824,-0.88009644,-1.2267761,-1.1535339,-0.86447144,-0.3527527,0.15310669,0.68533325,1.2585754,1.6365051,1.743927,1.6618958,1.3581848,1.087677,0.72927856,0.587677,0.5515442,0.5613098,0.6218567,0.759552,0.790802,0.68533325,0.5193176,0.29666138,0.12283325,-0.16622925,-0.4230652,-0.77267456,-1.2804871,-1.9142761,-2.8556824,-4.0939636,-5.177948,-5.6593933,-5.778534,-5.695526,-5.3468933,-4.46994,-2.9064636,-2.1291199,-1.787323,-1.5910339,-1.5021667,-1.5314636,-1.5500183,-1.3400574,-1.2882996,-1.1994324,-1.3234558,-1.6672058,-2.2746277,-2.278534,-1.9650574,-1.568573,-1.2384949,-0.99142456,-1.0920105,-1.6047058,-1.8273621,-1.6720886,-1.5138855,-1.7004089,-1.6359558,-0.70236206,-0.8517761,-1.4826355,-2.0480652,-2.0275574,-1.9455261,-1.6681824,-1.5236511,-1.2521667,-0.9377136,-1.0031433,-1.4806824,-1.1945496,-1.8175964,-2.3927917,-2.2931824,-1.7970886,-1.3537292,-1.5695496,-1.506073,-1.3849792,-1.4299011,-1.6252136,-1.6818542,-1.9836121,-1.9943542,-2.0295105,-1.9826355,-1.4552917,-1.0558777,-0.8830261,-0.7199402,-0.38497925,-0.21017456,-0.056854248,0.44607544,0.42947388,0.12283325,0.031036377,0.2644348,0.29666138,-0.055877686,-0.5138855,-0.44259644,-0.32443237,-0.19454956,0.3269348,1.0320129,1.1911926,1.2497864,1.6199036,1.7458801,1.5329895,1.4724426,1.9011536,1.8757629,1.7156067,1.4372864,1.2370911,1.5544739,1.5867004,1.6794739,1.6843567,1.6804504,1.6247864,1.3034973,1.3738098,1.5105286,1.4802551
24.0,-2.8625183,-2.4445496,-2.0041199,-1.6320496,-1.459198,-1.3957214,-1.2072449,-0.84884644,-0.4953308,-0.1701355,0.012481689,0.15310669,0.38845825,0.5818176,0.71658325,0.8122864,0.60427856,0.1892395,-0.08126831,-0.016815186,0.478302,0.962677,1.4245911,1.7702942,2.0603333,2.1843567,1.9753723,1.7566223,1.4646301,1.1433411,0.7615051,0.53201294,-0.17990112,-0.4855652,0.10134888,1.4109192,2.2693176,1.5486145,-0.019744873,-1.0256042,-1.3537292,-1.271698,-1.1603699,-1.2638855,-1.2052917,-0.9718933,-0.72091675,-0.30392456,0.19802856,0.8171692,1.2400208,1.4949036,1.4929504,1.3718567,1.1609192,0.978302,0.89627075,0.9206848,0.9685364,1.009552,0.9704895,0.8611145,0.6238098,0.28494263,-0.006072998,-0.29318237,-0.59884644,-1.0675964,-1.6418152,-2.2521667,-3.0490417,-4.008026,-4.8957214,-5.559784,-5.8840027,-5.8976746,-5.773651,-5.421112,-4.544159,-3.1965027,-2.5783386,-2.2902527,-1.9250183,-1.7726746,-1.8302917,-1.9836121,-1.4494324,-1.2101746,-1.0461121,-1.1115417,-1.3957214,-1.8918152,-1.8625183,-1.5949402,-1.2414246,-0.92111206,-0.8371277,-0.92111206,-1.7541199,-2.2170105,-2.0871277,-1.9465027,-2.0744324,-2.0138855,-1.0129089,-0.7463074,-1.0978699,-1.8166199,-2.3517761,-2.0236511,-1.5695496,-1.4631042,-1.2297058,-1.2336121,-1.7521667,-1.4836121,-1.4513855,-2.0578308,-2.374237,-2.124237,-1.4972839,-1.1242371,-1.5705261,-1.8742371,-1.631073,-1.4523621,-1.7863464,-1.4816589,-1.8097839,-2.052948,-2.0470886,-1.9836121,-1.8752136,-1.6330261,-1.1642761,-0.84884644,-0.43185425,-0.063690186,0.1892395,0.7224426,0.368927,-0.15060425,0.03982544,0.5437317,0.6316223,0.07595825,-0.5861511,-0.79415894,-0.5343933,0.03591919,0.7937317,1.4060364,1.3562317,1.2107239,1.2585754,1.3005676,1.1267395,1.1384583,1.5466614,1.5574036,1.4402161,1.2800598,1.1140442,1.3132629,1.3503723,1.4411926,1.4206848,1.4177551,1.5730286,1.3474426,1.3425598,1.2400208,1.1560364
23.75,-2.8078308,-2.3420105,-1.9894714,-1.6808777,-1.4972839,-1.4494324,-1.4357605,-1.2287292,-0.73361206,-0.3000183,-0.058807373,0.069122314,0.212677,0.39138794,0.5017395,0.55545044,0.33084106,-0.13595581,-0.5949402,-0.662323,-0.22775269,0.4968567,1.1472473,1.6169739,1.9050598,1.9275208,1.8484192,1.6892395,1.5544739,1.3620911,1.0613098,0.8982239,0.6365051,-0.22091675,-0.28829956,0.50271606,1.4450989,1.7077942,1.0310364,-0.15548706,-0.89279175,-0.99142456,-0.724823,-0.57736206,-0.80197144,-0.959198,-0.912323,-0.6681824,-0.2824402,0.32400513,1.0036926,1.2947083,1.3806458,1.3611145,1.2976379,1.2888489,1.2214661,1.2351379,1.2693176,1.2536926,1.1179504,0.8269348,0.3874817,-0.00021362305,-0.35568237,-0.70529175,-1.1076355,-1.709198,-2.3771667,-3.177948,-3.9787292,-4.7257996,-5.3371277,-5.637909,-5.78244,-5.7775574,-5.6750183,-5.4533386,-5.010956,-4.21994,-3.7765808,-3.3175964,-2.724823,-2.2394714,-2.0090027,-1.7375183,-0.8127136,-0.62423706,-0.8703308,-1.271698,-1.584198,-1.6769714,-1.2257996,-0.865448,-0.6418152,-0.57247925,-0.65841675,-0.8517761,-1.7228699,-2.216034,-2.4396667,-2.559784,-2.6349792,-2.5187683,-1.3732605,-0.66622925,-0.87228394,-1.8517761,-2.8322449,-2.3449402,-1.5744324,-1.2677917,-1.2072449,-1.2316589,-1.3224792,-1.709198,-1.7502136,-2.1613464,-2.296112,-1.9455261,-1.4230652,-1.6759949,-2.0158386,-1.9855652,-2.044159,-2.037323,-1.8224792,-1.9074402,-1.8625183,-1.7111511,-1.4992371,-1.396698,-1.4259949,-1.2521667,-1.3488464,-1.1994324,-0.7511902,-0.27365112,0.08963013,0.7722473,0.59646606,-0.07247925,0.15310669,0.71365356,0.70584106,0.49197388,-0.01876831,-0.13693237,0.16970825,0.6081848,0.931427,1.2761536,1.2654114,1.1355286,1.0554504,1.0144348,0.97927856,1.0486145,1.2175598,1.2859192,1.2097473,1.1286926,1.150177,1.1579895,1.0886536,1.0105286,1.0945129,1.3337708,1.5984192,1.6452942,1.3161926,1.0173645,0.728302
23.5,-2.6476746,-2.3703308,-2.0890808,-1.8263855,-1.5412292,-1.4230652,-1.5451355,-1.5314636,-0.9562683,-0.43673706,-0.15841675,-0.11935425,-0.15939331,-0.06564331,0.09060669,0.12185669,-0.114471436,-0.59298706,-1.1095886,-1.193573,-0.8420105,-0.18673706,0.44314575,0.95388794,1.3181458,1.4460754,1.5329895,1.5027161,1.572052,1.5027161,1.3074036,1.2224426,1.1833801,0.44119263,-0.10958862,-0.5656433,-0.52853394,0.3034973,0.5798645,0.08670044,-0.008026123,0.036895752,0.17849731,0.4861145,0.013458252,-0.7814636,-1.1457214,-1.1925964,-0.78048706,-0.18087769,0.6863098,1.1091614,1.3279114,1.3464661,1.2663879,1.2449036,1.243927,1.3103333,1.3367004,1.2634583,1.0769348,0.7175598,0.13943481,-0.26974487,-0.6916199,-1.1134949,-1.6359558,-2.3517761,-3.068573,-3.8615417,-4.5343933,-4.9806824,-5.3615417,-5.528534,-5.6183777,-5.6437683,-5.5519714,-5.3420105,-5.0763855,-4.7502136,-4.3976746,-4.019745,-3.5724792,-3.0099792,-2.381073,-1.865448,-1.1183777,-0.61642456,-0.54122925,-0.8576355,-1.1974792,-1.2238464,-0.61642456,-0.2795105,-0.11935425,-0.13497925,-0.26290894,-0.55978394,-1.1769714,-1.8507996,-2.1506042,-2.2677917,-2.4396667,-2.2736511,-1.4718933,-0.9611511,-1.1007996,-1.8302917,-2.624237,-2.2658386,-1.4552917,-1.3234558,-1.5353699,-1.5627136,-1.2218933,-1.3840027,-1.740448,-2.0871277,-2.2082214,-1.9767761,-1.5929871,-1.8742371,-2.405487,-2.2101746,-1.771698,-1.6906433,-2.1418152,-2.0802917,-1.6828308,-1.7004089,-1.6799011,-1.3840027,-0.84298706,-0.24240112,-0.5666199,-1.318573,-1.3127136,-0.7228699,-0.15353394,0.92752075,0.884552,0.10232544,-0.16134644,-0.0920105,0.080841064,0.337677,0.41775513,0.39920044,0.4206848,0.5896301,0.8630676,1.3337708,0.8669739,0.7175598,0.9265442,1.2351379,1.2077942,1.2204895,1.1199036,1.0007629,0.9841614,1.0290833,1.0447083,0.9880676,0.8796692,0.8083801,0.8972473,1.0954895,1.2878723,1.3669739,1.1589661,0.8015442,0.5427551
23.25,-2.5871277,-2.3937683,-2.2052917,-2.0187683,-1.6496277,-1.3869324,-1.552948,-1.7443542,-1.1291199,-0.6681824,-0.5324402,-0.57540894,-0.82736206,-0.8478699,-0.6808777,-0.6340027,-0.8390808,-1.1340027,-1.4728699,-1.4474792,-1.1720886,-0.5636902,-0.010955811,0.46853638,0.78689575,0.95877075,1.2068176,1.4060364,1.5193176,1.5622864,1.3972473,1.4870911,1.431427,0.6794739,-0.7345886,-1.6984558,-2.3937683,-0.81759644,-0.11642456,0.22146606,0.29666138,0.3972473,0.31619263,0.71658325,0.5613098,-0.23654175,-1.2726746,-1.5881042,-1.1535339,-0.41427612,0.4050598,0.9206848,1.1286926,1.1492004,1.1052551,1.1130676,1.1052551,1.1638489,1.1990051,1.1218567,0.8298645,0.415802,-0.13497925,-0.58322144,-1.0422058,-1.5822449,-2.1418152,-2.8634949,-3.521698,-4.2062683,-4.682831,-5.0675964,-5.2033386,-5.292206,-5.4064636,-5.4406433,-5.396698,-5.3175964,-5.0988464,-4.9064636,-4.5744324,-4.296112,-3.9377136,-3.3420105,-2.6056824,-2.403534,-1.7629089,-0.9093933,-0.55978394,-0.34396362,-0.5607605,-0.8791199,-0.552948,-0.15744019,0.24490356,0.38650513,0.43045044,-0.021697998,-0.69747925,-1.193573,-1.5920105,-1.8566589,-1.8986511,-1.6799011,-1.6847839,-1.2834167,-1.3927917,-1.9738464,-2.2043152,-2.0988464,-1.4162292,-1.7853699,-1.9816589,-1.8547058,-1.5490417,-1.1730652,-1.5597839,-1.9562683,-2.1672058,-1.9816589,-1.6593933,-1.8547058,-2.2131042,-2.3312683,-2.0822449,-1.8664246,-1.7765808,-1.7853699,-1.7082214,-1.7619324,-1.5705261,-1.209198,-0.96798706,-0.13009644,0.042755127,-0.2951355,-0.5422058,-0.59884644,-0.12911987,0.3611145,-0.2795105,-0.7619324,-0.79415894,-0.59591675,0.010528564,0.61013794,0.9031067,0.587677,0.30056763,-0.056854248,0.228302,0.9861145,0.4284973,0.21853638,0.6091614,1.0222473,1.2058411,1.2341614,1.1013489,0.9568176,0.85720825,0.7468567,0.7312317,0.8044739,0.64138794,0.64334106,0.7644348,0.9411926,1.0281067,0.93240356,0.8249817,0.7409973,0.462677
23.0,-2.4865417,-2.3156433,-2.311737,-2.2043152,-1.8918152,-1.6418152,-1.6506042,-1.7814636,-1.2609558,-1.0363464,-0.95236206,-1.2199402,-1.4386902,-1.4875183,-1.3517761,-1.2804871,-1.3459167,-1.6144714,-1.6759949,-1.6213074,-1.3351746,-0.86935425,-0.3215027,0.09060669,0.40115356,0.603302,0.96170044,1.2038879,1.5144348,1.5857239,1.587677,1.712677,1.6599426,0.44802856,-1.1681824,-3.3849792,-4.0988464,-1.9670105,-0.80392456,-0.23751831,0.4831848,0.6374817,0.6140442,0.97439575,0.6599426,0.5017395,-0.474823,-1.0978699,-0.9220886,-0.36935425,0.28982544,0.77615356,0.91677856,0.9255676,0.8425598,0.80545044,0.82107544,0.85232544,0.8767395,0.7312317,0.4206848,0.003692627,-0.45236206,-0.8986511,-1.3830261,-1.9211121,-2.5402527,-3.1994324,-3.796112,-4.276581,-4.7238464,-4.903534,-5.016815,-5.0519714,-5.1925964,-5.2375183,-5.2746277,-5.2033386,-5.0832214,-4.9308777,-4.6662292,-4.4513855,-4.0812683,-3.6291199,-3.108612,-2.9103699,-2.0070496,-1.2843933,-0.8312683,-0.6369324,-0.4699402,-0.5949402,-0.35958862,-0.07247925,0.3484192,0.74490356,0.8034973,0.46951294,-0.15841675,-0.7111511,-1.0978699,-1.3283386,-1.3927917,-1.2892761,-1.4777527,-1.5129089,-1.5754089,-1.6662292,-1.8127136,-1.7521667,-1.5168152,-1.6418152,-1.5617371,-1.4006042,-1.6252136,-1.3722839,-1.5422058,-1.8136902,-2.0324402,-2.0158386,-1.7902527,-1.4513855,-1.677948,-1.8732605,-2.0412292,-1.8556824,-1.5754089,-1.4455261,-1.537323,-1.818573,-1.677948,-1.3576355,-0.9406433,-1.0675964,-0.5168152,-0.25216675,0.32595825,0.36990356,0.51834106,0.57888794,-0.94454956,-1.1330261,-0.91622925,-0.079315186,0.23513794,0.3142395,0.49490356,0.41189575,0.16873169,-0.13693237,-0.19552612,0.4079895,0.2673645,-0.094940186,0.20877075,0.6267395,0.95584106,1.0105286,0.93826294,0.78982544,0.6286926,0.5193176,0.46170044,0.5388489,0.39334106,0.4236145,0.53982544,0.6794739,0.7732239,0.790802,0.884552,0.822052,0.4499817
22.75,-2.2795105,-2.1877136,-2.3420105,-2.4220886,-2.2638855,-1.9015808,-1.8371277,-1.8322449,-1.5256042,-1.3488464,-1.5050964,-1.7677917,-1.9132996,-1.9142761,-1.7922058,-1.6916199,-1.6388855,-1.7472839,-1.8107605,-1.7502136,-1.4875183,-1.1340027,-0.75216675,-0.334198,0.0066223145,0.27615356,0.6325989,1.0075989,1.3835754,1.697052,1.7224426,1.8952942,2.0359192,0.837677,-1.9562683,-4.2306824,-4.724823,-2.9757996,-1.5656433,-0.5978699,0.27713013,0.8279114,1.1804504,1.2663879,0.6081848,-0.052947998,0.3611145,0.197052,-0.19161987,0.003692627,0.3611145,0.65408325,0.6765442,0.65896606,0.54470825,0.47244263,0.4704895,0.47732544,0.44509888,0.2956848,-0.009002686,-0.3996277,-0.81173706,-1.2238464,-1.7287292,-2.2668152,-2.8595886,-3.387909,-3.8820496,-4.3175964,-4.6007996,-4.7550964,-4.841034,-4.8625183,-4.974823,-5.0470886,-5.1369324,-5.120331,-5.0138855,-4.8713074,-4.6457214,-4.403534,-3.9982605,-3.6496277,-3.3947449,-3.0558777,-2.405487,-1.9699402,-1.6174011,-1.1300964,-0.5812683,-0.4074402,-0.29708862,-0.04220581,0.42556763,0.9138489,1.0749817,0.80545044,0.21365356,-0.30978394,-0.6056824,-0.83322144,-0.9884949,-1.1066589,-1.4816589,-1.459198,-1.3957214,-1.4787292,-1.5588074,-1.5881042,-1.7570496,-1.5324402,-1.5724792,-1.5724792,-1.6320496,-1.3947449,-1.3234558,-1.7072449,-1.9640808,-1.9318542,-1.7795105,-1.4533386,-1.4269714,-1.1593933,-1.2004089,-1.0783386,-0.94747925,-0.98947144,-1.4045105,-1.8693542,-1.7824402,-1.7531433,-1.3556824,-1.3517761,-0.7218933,-0.032440186,0.5427551,0.5115051,0.69314575,0.525177,-0.74142456,-0.7531433,-0.15060425,0.40213013,0.23318481,-0.008026123,-0.13595581,-0.19845581,-0.30978394,-0.45236206,-0.6838074,-0.5392761,-0.49435425,-0.6574402,-0.49923706,0.19021606,0.6247864,0.7224426,0.72927856,0.6560364,0.45584106,0.2956848,0.2624817,0.30056763,0.18826294,0.165802,0.23904419,0.48416138,0.6863098,0.837677,0.9490051,0.91677856,0.5798645
22.5,-2.171112,-2.1525574,-2.421112,-2.5646667,-2.4982605,-2.280487,-2.1007996,-1.9611511,-1.7785339,-1.7570496,-1.9474792,-2.1447449,-2.2756042,-2.2052917,-2.0588074,-1.9562683,-1.8771667,-1.8879089,-1.912323,-1.8693542,-1.6886902,-1.4377136,-1.1193542,-0.79611206,-0.4328308,-0.056854248,0.2781067,0.7146301,1.1472473,1.4968567,1.775177,1.9607239,2.2117004,1.2800598,-1.9367371,-3.8439636,-4.1427917,-3.6681824,-2.1955261,-1.0431824,-0.19454956,0.34744263,1.1804504,1.1531067,0.9060364,0.08670044,0.69802856,1.0427551,0.71658325,0.26345825,0.33670044,0.39138794,0.3874817,0.3503723,0.22244263,0.13748169,0.031036377,0.007598877,-0.01876831,-0.16915894,-0.45040894,-0.7892761,-1.1769714,-1.5988464,-2.0978699,-2.5959167,-3.084198,-3.5236511,-3.818573,-4.193573,-4.4220886,-4.5724792,-4.6564636,-4.726776,-4.8039246,-4.894745,-4.9914246,-5.00412,-4.927948,-4.7687683,-4.544159,-4.264862,-3.9308777,-3.615448,-3.2111511,-2.7033386,-2.5246277,-2.3293152,-1.8507996,-1.2609558,-0.6877136,-0.3625183,-0.47091675,-0.16720581,0.61209106,1.1296692,1.2165833,1.0085754,0.431427,-0.040252686,-0.28927612,-0.4875183,-0.7111511,-0.88986206,-1.3420105,-1.3595886,-1.1701355,-1.1613464,-1.1925964,-1.3351746,-1.7228699,-1.5011902,-1.4572449,-1.3820496,-1.2824402,-1.2511902,-1.209198,-1.709198,-1.6398621,-1.6242371,-1.4035339,-1.2619324,-1.3478699,-0.87423706,-0.72091675,0.119903564,0.18045044,0.11795044,-0.47091675,-1.6906433,-1.7609558,-1.7814636,-1.8000183,-1.3439636,-0.3058777,0.09939575,0.3659973,0.118927,0.15213013,0.337677,0.061309814,-0.13204956,-0.087127686,0.115997314,0.26541138,-0.10861206,-0.6603699,-0.849823,-0.81173706,-0.90841675,-1.1886902,-1.1330261,-1.1662292,-0.9181824,-0.63790894,0.47634888,0.45095825,0.5974426,0.5046692,0.44509888,0.28494263,0.165802,0.18045044,0.1267395,0.025177002,-0.12619019,-0.024627686,0.32009888,0.58377075,0.81521606,0.9265442,0.86209106,0.72927856
22.25,-2.2746277,-2.2697449,-2.5724792,-2.7912292,-2.7297058,-2.5412292,-2.3625183,-2.1232605,-2.0187683,-2.0744324,-2.2707214,-2.467987,-2.5187683,-2.4396667,-2.2541199,-2.1447449,-2.0588074,-2.0314636,-2.0549011,-1.9972839,-1.8576355,-1.6662292,-1.4084167,-1.0968933,-0.7111511,-0.3156433,-0.0070495605,0.40994263,0.8240051,1.3308411,1.6091614,1.9568176,2.2449036,1.4587708,-1.8088074,-3.5197449,-3.6730652,-3.2238464,-2.5822449,-1.4211121,-0.6828308,-0.15841675,0.7097473,1.2517395,1.2048645,0.8552551,1.0290833,1.3992004,0.87576294,0.39041138,0.10134888,0.09841919,0.08963013,0.008575439,-0.1232605,-0.2824402,-0.38986206,-0.44552612,-0.46505737,-0.63790894,-0.8752136,-1.2140808,-1.5744324,-1.9924011,-2.4601746,-2.9289246,-3.3068542,-3.5900574,-3.865448,-4.0256042,-4.235565,-4.385956,-4.488495,-4.59494,-4.7013855,-4.7912292,-4.836151,-4.8507996,-4.7990417,-4.6281433,-4.414276,-4.131073,-3.7931824,-3.4933777,-2.9953308,-2.387909,-2.021698,-1.8175964,-1.5382996,-0.90841675,-0.7043152,-0.36154175,-0.5763855,-0.318573,0.47146606,1.1267395,1.1492004,1.0036926,0.5310364,0.073028564,-0.18283081,-0.3840027,-0.69259644,-0.8703308,-1.2209167,-1.0978699,-0.84884644,-0.5138855,-0.5324402,-0.88790894,-1.4172058,-1.2199402,-1.0822449,-0.99728394,-1.2394714,-1.3439636,-1.3693542,-1.7316589,-1.4367371,-1.0490417,-0.8283386,-0.9963074,-1.3351746,-1.2922058,-0.81466675,0.26638794,0.6950989,0.64920044,0.46658325,-1.1281433,-1.5470886,-1.8068542,-1.8605652,-0.9533386,0.28884888,0.2986145,-0.13595581,-0.36349487,-0.17404175,0.012481689,0.22537231,0.096466064,-0.3058777,-0.2951355,-0.032440186,-0.31173706,-0.87423706,-1.1183777,-1.0734558,-1.2023621,-1.4933777,-1.318573,-1.3381042,-1.1086121,-0.58517456,1.2019348,0.80252075,0.37478638,0.2800598,0.259552,0.112091064,0.072052,0.084747314,-0.0070495605,-0.2013855,-0.3576355,-0.193573,0.18533325,0.478302,0.65115356,0.78201294,0.8669739,0.73513794
22.0,-2.5041199,-2.483612,-2.716034,-2.9494324,-2.9045105,-2.7209167,-2.4982605,-2.2355652,-2.2238464,-2.3781433,-2.5549011,-2.6486511,-2.6759949,-2.5939636,-2.4259949,-2.3009949,-2.2140808,-2.1759949,-2.1330261,-2.059784,-1.9152527,-1.7658386,-1.5656433,-1.3361511,-0.9484558,-0.48458862,-0.13400269,0.16970825,0.3581848,0.91189575,1.3894348,1.7947083,2.0534973,1.1853333,-1.9338074,-2.7209167,-2.856659,-2.6642761,-2.3058777,-1.6974792,-0.9640808,-0.38497925,-0.12130737,0.384552,0.79177856,1.1872864,1.3562317,0.9861145,0.40994263,0.03982544,-0.2482605,-0.25021362,-0.23751831,-0.3215027,-0.51290894,-0.6652527,-0.7541199,-0.8088074,-0.9015808,-1.1252136,-1.3410339,-1.6408386,-2.0031433,-2.3771667,-2.8156433,-3.2111511,-3.4718933,-3.700409,-3.8400574,-3.9787292,-4.108612,-4.2590027,-4.405487,-4.5343933,-4.635956,-4.686737,-4.7277527,-4.700409,-4.6281433,-4.459198,-4.2658386,-3.9787292,-3.6808777,-3.4113464,-3.1652527,-2.6232605,-1.7658386,-1.2922058,-1.1017761,-0.865448,-0.5558777,-0.37423706,-0.506073,-0.35665894,0.115997314,0.7546692,0.94607544,0.7615051,0.4392395,-0.033416748,-0.25997925,-0.38693237,-0.66915894,-1.2863464,-1.2843933,-0.84103394,-0.41915894,-0.048065186,0.119903564,-0.38204956,-1.1642761,-0.88497925,-0.85665894,-1.0246277,-1.3371277,-1.7355652,-1.6242371,-1.5304871,-1.3263855,-0.881073,-0.8556824,-1.1388855,-1.3351746,-1.6672058,-0.849823,-0.69747925,-0.25802612,0.092559814,0.010528564,-0.5431824,-1.3781433,-1.6828308,-1.7687683,-0.8527527,0.40994263,0.26345825,-0.5890808,-0.36154175,-0.23361206,-0.004119873,0.26345825,0.39920044,-0.047088623,-0.33224487,-0.5011902,-0.74728394,-1.0871277,-1.2453308,-1.1672058,-1.1486511,-1.2131042,-0.3234558,-0.41427612,-1.365448,-1.1593933,1.2654114,0.7829895,0.28396606,0.14041138,0.12478638,0.005645752,-0.118377686,-0.1701355,-0.4855652,-0.6340027,-0.38009644,-0.14572144,0.21658325,0.447052,0.57302856,0.58084106,0.70095825,0.728302
21.75,-2.6564636,-2.7375183,-2.905487,-2.967987,-2.9259949,-2.756073,-2.5090027,-2.3527527,-2.4552917,-2.5861511,-2.7062683,-2.7746277,-2.7433777,-2.6340027,-2.5002136,-2.3752136,-2.3146667,-2.249237,-2.1789246,-2.0988464,-1.9406433,-1.7951355,-1.6418152,-1.4093933,-1.0910339,-0.69747925,-0.2746277,-0.017791748,0.09158325,0.4392395,0.9499817,1.5388489,1.822052,0.5935364,-1.8234558,-2.4416199,-2.3205261,-2.059784,-1.865448,-1.599823,-1.1867371,-0.28146362,-0.10079956,-0.50997925,-0.7453308,-0.25509644,0.48220825,-0.102752686,-0.5109558,-0.6965027,-0.6125183,-0.537323,-0.5890808,-0.72091675,-0.9250183,-1.0382996,-1.1222839,-1.2238464,-1.3507996,-1.5549011,-1.8205261,-2.0851746,-2.387909,-2.7414246,-3.061737,-3.3752136,-3.6281433,-3.780487,-3.903534,-4.014862,-4.1213074,-4.2394714,-4.4152527,-4.53537,-4.599823,-4.624237,-4.5988464,-4.542206,-4.4787292,-4.3595886,-4.1408386,-3.9181824,-3.653534,-3.3888855,-3.1525574,-2.9377136,-2.4543152,-1.7013855,-1.0734558,-0.7951355,-0.8000183,-0.68966675,-0.50704956,-0.18869019,0.13357544,0.32791138,0.41189575,0.61209106,0.29763794,-0.21212769,-0.41036987,-0.552948,-0.8595886,-1.4894714,-1.256073,-1.6037292,-1.0519714,-0.7072449,-0.5343933,-0.29318237,-0.28536987,-0.33322144,-0.3527527,-0.41915894,-0.4406433,-0.90353394,-1.5412292,-1.3429871,-1.240448,-1.1027527,-1.2023621,-1.3888855,-1.7853699,-0.40060425,-0.3918152,-0.72579956,-0.7218933,-0.34005737,-0.13302612,-0.41036987,-1.0246277,-1.4533386,-1.2277527,-0.51290894,0.05935669,-0.3371277,-0.32443237,-0.23947144,-0.20822144,0.057403564,0.5124817,0.84451294,0.4499817,-0.20333862,-0.51779175,-1.0353699,-1.3517761,-1.3703308,-1.1525574,-1.3664246,-0.60665894,0.42947388,0.24490356,-1.0207214,-0.8009949,0.63845825,0.4421692,0.13259888,0.01638794,0.025177002,-0.07736206,-0.53634644,-0.7375183,-1.2004089,-1.1486511,-0.70040894,-0.056854248,0.35134888,0.49588013,0.46072388,0.4284973,0.5046692,0.53201294
21.5,-2.6808777,-2.8888855,-2.9465027,-2.967987,-2.8830261,-2.7209167,-2.5705261,-2.5412292,-2.6838074,-2.834198,-2.8957214,-2.8888855,-2.8371277,-2.747284,-2.6144714,-2.4289246,-2.3478699,-2.2814636,-2.1994324,-2.1027527,-1.9826355,-1.9093933,-1.7961121,-1.5754089,-1.2482605,-0.8234558,-0.34884644,-0.193573,-0.044158936,0.14138794,0.665802,1.3591614,1.4988098,-0.1388855,-1.6398621,-1.9318542,-1.8830261,-1.7882996,-1.662323,-1.4670105,-1.1027527,-0.4875183,-0.25509644,-0.5920105,-1.0988464,-1.1828308,-1.0265808,-1.3361511,-1.3566589,-1.2023621,-1.0168152,-0.9299011,-1.0119324,-1.1769714,-1.3244324,-1.4006042,-1.459198,-1.5636902,-1.7375183,-1.9250183,-2.1808777,-2.4162292,-2.6789246,-2.9767761,-3.2668152,-3.4963074,-3.7033386,-3.8556824,-3.9797058,-4.0920105,-4.2062683,-4.327362,-4.421112,-4.508026,-4.559784,-4.5451355,-4.4875183,-4.4338074,-4.320526,-4.217987,-4.0343933,-3.8605652,-3.717987,-3.575409,-3.3781433,-3.1681824,-2.8703308,-2.4015808,-1.8058777,-1.3517761,-1.3400574,-1.1281433,-0.9533386,-0.015838623,0.4499817,0.32107544,0.2702942,0.6325989,0.041778564,-0.615448,-0.67697144,-0.67111206,-0.9201355,-0.8674011,-0.81759644,-1.0490417,-1.2726746,-1.2580261,-1.1828308,-1.4943542,-2.2550964,-1.4953308,-1.0080261,-0.15158081,0.290802,-0.44161987,-1.4797058,-2.0539246,-1.6340027,-1.4601746,-1.0812683,-0.50704956,-0.5090027,-0.19747925,-0.7111511,-0.8595886,-0.771698,-0.81759644,-1.2424011,-1.7511902,-1.4855652,-1.6857605,-1.2609558,-0.7775574,-0.72384644,-0.53341675,-0.10177612,-0.21212769,-0.21798706,0.09841919,0.5622864,0.8747864,1.2995911,0.7146301,-0.4230652,-1.4259949,-1.6799011,-1.2590027,-1.302948,-1.4660339,-0.99142456,0.02810669,0.34353638,-0.14376831,-0.12521362,0.2702942,-0.106658936,-0.24435425,-0.21017456,-0.21798706,-0.51779175,-1.4035339,-1.8078308,-2.0646667,-1.8088074,-1.1340027,-0.3547058,0.17459106,0.18533325,0.05545044,-0.02658081,0.0066223145,-0.00021362305
21.25,-2.8449402,-3.0138855,-2.9709167,-2.9777527,-2.8634949,-2.7267761,-2.7140808,-2.7902527,-2.9377136,-3.0588074,-3.0793152,-3.030487,-2.9513855,-2.7882996,-2.653534,-2.5080261,-2.372284,-2.2882996,-2.2218933,-2.1408386,-2.0402527,-1.9172058,-1.7580261,-1.4572449,-1.0929871,-0.68185425,-0.2687683,-0.014862061,0.061309814,0.050567627,0.5066223,1.1784973,0.94314575,-1.0636902,-1.8449402,-1.6457214,-1.5090027,-1.4806824,-1.4543152,-1.4191589,-1.0109558,-0.63009644,-0.5968933,-0.8527527,-1.2570496,-1.6213074,-1.9806824,-1.9425964,-1.787323,-1.5509949,-1.3976746,-1.3800964,-1.4797058,-1.6291199,-1.7013855,-1.7804871,-1.8468933,-1.9347839,-2.084198,-2.2502136,-2.4230652,-2.6496277,-2.8908386,-3.1105652,-3.341034,-3.5588074,-3.7257996,-3.8859558,-4.016815,-4.1271667,-4.22287,-4.3215027,-4.394745,-4.4250183,-4.4396667,-4.403534,-4.349823,-4.3019714,-4.198456,-4.1007996,-3.981659,-3.8302917,-3.7013855,-3.5939636,-3.5695496,-3.3439636,-3.1193542,-2.9533386,-2.5832214,-2.1271667,-1.7375183,-1.7550964,-1.1759949,-0.27560425,0.34353638,0.38357544,0.17459106,0.21170044,-0.615448,-1.1632996,-0.98361206,-0.6125183,-0.6730652,-0.7775574,-1.8898621,-1.2326355,-0.7619324,-0.9181824,-1.6076355,-2.2570496,-1.7736511,-1.8156433,-1.5978699,-1.912323,-1.8888855,-1.2707214,-1.4933777,-1.8869324,-1.3400574,-0.94259644,-0.63497925,-0.44943237,-0.9064636,-1.2697449,-1.3039246,-1.2961121,-1.3976746,-1.6300964,-1.8312683,-1.6515808,-2.1476746,-2.1750183,-1.6193542,-0.9875183,-0.5900574,-0.37130737,0.12088013,-0.23458862,-0.27560425,0.16091919,0.7361145,0.9548645,0.86795044,0.62576294,-0.474823,-1.1847839,-1.3136902,-1.3283386,-1.2931824,-1.5900574,-1.3410339,-0.56466675,0.088653564,0.45095825,0.4704895,0.28884888,-0.16427612,-0.37228394,-0.5011902,-0.6730652,-1.1867371,-2.0422058,-2.2443542,-2.1515808,-1.8254089,-1.2609558,-0.6076355,-0.08810425,-0.20724487,-0.4465027,-0.6174011,-0.6095886,-0.52853394
21.0,-3.0763855,-3.1134949,-3.0363464,-2.9797058,-2.9152527,-2.8996277,-2.912323,-2.9855652,-3.1261902,-3.2082214,-3.1759949,-3.0988464,-2.9465027,-2.7824402,-2.6174011,-2.427948,-2.2687683,-2.1418152,-2.0578308,-1.9181824,-1.7824402,-1.615448,-1.4142761,-1.1007996,-0.71017456,-0.30685425,-0.048065186,0.112091064,-0.008026123,-0.041229248,0.3640442,0.5534973,-0.10079956,-1.7306824,-1.8293152,-1.6427917,-1.5011902,-1.4220886,-1.0656433,-0.81759644,-0.8136902,-0.71603394,-0.68185425,-1.1916199,-1.8439636,-2.5763855,-2.6759949,-2.4455261,-2.2072449,-1.9797058,-1.8634949,-1.8781433,-1.9347839,-2.0509949,-2.1017761,-2.1271667,-2.1838074,-2.2541199,-2.3644714,-2.5158386,-2.6789246,-2.8644714,-3.0226746,-3.2101746,-3.3595886,-3.5402527,-3.6965027,-3.8488464,-3.983612,-4.1115417,-4.22287,-4.258026,-4.311737,-4.320526,-4.302948,-4.2658386,-4.1945496,-4.106659,-4.050995,-3.9318542,-3.8068542,-3.7580261,-3.6857605,-3.6134949,-3.559784,-3.4416199,-3.309784,-3.1330261,-2.9718933,-2.6515808,-2.2375183,-1.7834167,-1.3927917,-0.8058777,-0.26486206,-0.23165894,-0.47091675,-0.8000183,-1.3566589,-1.7316589,-1.2736511,-0.8166199,-0.8420105,-1.4455261,-1.4757996,-1.4367371,-0.5324402,0.076934814,-0.32833862,-0.5890808,-1.4142761,-1.8634949,-1.7424011,-1.9015808,-2.108612,-2.0002136,-1.6447449,-1.6369324,-1.6593933,-1.8293152,-1.5920105,-1.1632996,-1.1515808,-1.3312683,-1.1330261,-1.1652527,-1.443573,-1.7316589,-1.8449402,-1.6974792,-2.3146667,-1.9640808,-1.5236511,-1.287323,-1.0910339,-0.60665894,0.052520752,-0.4562683,-0.2980652,0.20291138,0.70388794,0.88552856,0.9763489,0.8825989,-0.24240112,-1.2257996,-1.5646667,-1.7218933,-1.4826355,-0.8078308,-1.0939636,-0.6486511,-0.10177612,0.3767395,0.48416138,0.38259888,0.21463013,0.12576294,-0.1232605,-0.80197144,-1.5607605,-2.0861511,-2.1349792,-1.9953308,-1.6213074,-1.0851746,-0.5861511,-0.2326355,-0.4718933,-0.7922058,-0.94454956,-0.9103699,-0.80978394
20.75,-3.325409,-3.2384949,-3.1418152,-3.0881042,-3.0607605,-3.0978699,-3.0851746,-3.1349792,-3.2013855,-3.1838074,-3.1300964,-2.9513855,-2.7687683,-2.5763855,-2.372284,-2.1545105,-1.9982605,-1.8713074,-1.7511902,-1.5968933,-1.4220886,-1.2023621,-0.9494324,-0.6545105,-0.34298706,-0.08517456,-0.0763855,-0.16525269,-0.32833862,-0.25997925,0.08377075,-0.4777527,-1.1632996,-1.974823,-1.7326355,-1.4992371,-1.5168152,-1.4474792,-0.99923706,-0.61935425,-0.6603699,-0.9513855,-1.3097839,-1.9523621,-2.8009949,-3.1984558,-3.059784,-2.7638855,-2.5568542,-2.3849792,-2.3224792,-2.3761902,-2.4045105,-2.4757996,-2.4924011,-2.4845886,-2.5041199,-2.5636902,-2.6330261,-2.7297058,-2.8713074,-2.9845886,-3.0822449,-3.1925964,-3.3107605,-3.4582214,-3.6105652,-3.7668152,-3.9181824,-4.028534,-4.1369324,-4.1662292,-4.198456,-4.1818542,-4.141815,-4.06662,-4.006073,-3.9250183,-3.8615417,-3.7756042,-3.671112,-3.5627136,-3.5656433,-3.5246277,-3.4787292,-3.4172058,-3.3351746,-3.2443542,-3.0822449,-2.9806824,-2.7502136,-2.4386902,-2.2238464,-1.8537292,-1.5802917,-1.4103699,-1.4855652,-1.6867371,-2.0470886,-2.2580261,-1.7140808,-1.0968933,-0.9543152,-1.3996277,-1.4132996,-1.0187683,0.52127075,0.96170044,0.97927856,0.89138794,-0.039276123,-0.86447144,-1.1232605,-1.2648621,-1.3507996,-1.2365417,-1.3068542,-1.4787292,-1.677948,-1.7795105,-1.5090027,-1.1261902,-1.0568542,-1.3058777,-1.4728699,-1.3605652,-1.4806824,-1.5881042,-1.677948,-1.7687683,-2.2658386,-2.2306824,-1.5265808,-1.8332214,-1.3381042,-0.7980652,-0.4093933,-0.7062683,-0.4357605,0.20877075,0.5691223,0.6472473,0.78396606,0.86990356,0.103302,-0.28536987,-0.6213074,-0.92892456,-0.8420105,-0.20529175,0.062286377,-0.21408081,0.06326294,0.5769348,0.4597473,0.43338013,0.5486145,0.6111145,0.33865356,-0.818573,-1.6603699,-1.9455261,-1.9728699,-1.7492371,-1.3859558,-0.92697144,-0.5187683,-0.35958862,-0.58517456,-0.9259949,-1.0422058,-0.92111206,-0.7033386
20.5,-3.5002136,-3.3664246,-3.2638855,-3.2121277,-3.2013855,-3.2218933,-3.1838074,-3.2082214,-3.184784,-3.0890808,-2.9914246,-2.8156433,-2.5920105,-2.3781433,-2.1476746,-1.9855652,-1.8273621,-1.6740417,-1.5705261,-1.4181824,-1.2951355,-1.0461121,-0.89572144,-0.65353394,-0.45333862,-0.32247925,-0.5246277,-0.68966675,-0.7463074,-0.88009644,-0.90841675,-1.4963074,-2.1447449,-1.8732605,-1.4328308,-1.3263855,-1.3800964,-1.2804871,-0.9875183,-0.5470886,-0.9767761,-1.6486511,-2.4689636,-3.0226746,-3.5197449,-3.450409,-3.2707214,-3.137909,-2.9474792,-2.8859558,-2.8449402,-2.8371277,-2.8439636,-2.8576355,-2.8195496,-2.811737,-2.7502136,-2.794159,-2.8205261,-2.8800964,-2.9543152,-3.0265808,-3.0812683,-3.1252136,-3.2218933,-3.3644714,-3.5187683,-3.6603699,-3.8175964,-3.9093933,-3.9953308,-4.0099792,-4.0090027,-3.981659,-3.921112,-3.8459167,-3.7570496,-3.6994324,-3.6174011,-3.5431824,-3.5031433,-3.4445496,-3.4230652,-3.4084167,-3.3732605,-3.341034,-3.302948,-3.3420105,-3.256073,-3.2150574,-3.2658386,-3.1916199,-3.2072449,-3.0011902,-2.5851746,-2.2814636,-2.1720886,-2.247284,-2.5334167,-2.4826355,-1.8439636,-1.3459167,-1.1584167,-1.6642761,-1.7365417,-1.1789246,0.50271606,0.9050598,0.806427,0.64920044,0.2566223,-0.6672058,-0.88986206,-1.0470886,-1.0607605,-0.8556824,-0.9953308,-1.2648621,-1.2970886,-0.71017456,-0.43380737,-0.14376831,-0.1545105,-0.2590027,-0.9074402,-1.6379089,-1.6027527,-1.5900574,-1.5509949,-1.7756042,-2.1330261,-2.2570496,-1.568573,-1.6652527,-1.1183777,-0.5861511,-0.42111206,-0.80978394,-0.5392761,0.3484192,0.8786926,0.64920044,0.70584106,0.27127075,-0.2922058,-0.2922058,0.3952942,0.13357544,0.10232544,0.32107544,0.431427,0.38259888,0.462677,0.4519348,0.36795044,0.53982544,0.76052856,0.48709106,-0.08908081,-1.209198,-1.8507996,-1.9328308,-1.8547058,-1.5978699,-1.2492371,-0.81759644,-0.4953308,-0.443573,-0.6340027,-0.9562683,-1.0324402,-0.8840027,-0.6437683
20.25,-3.6125183,-3.4865417,-3.3830261,-3.2502136,-3.240448,-3.2326355,-3.2013855,-3.1984558,-3.1134949,-2.981659,-2.7863464,-2.6095886,-2.5412292,-2.327362,-2.2072449,-2.0793152,-1.9377136,-1.8205261,-1.7365417,-1.6232605,-1.5002136,-1.3898621,-1.2394714,-0.9875183,-0.80197144,-0.8058777,-1.0588074,-1.1974792,-1.3595886,-1.4933777,-1.8351746,-2.4250183,-2.122284,-1.6242371,-1.2355652,-1.209198,-1.2550964,-1.0607605,-0.76779175,-1.0256042,-1.4572449,-2.5695496,-3.4328308,-3.6994324,-3.794159,-3.662323,-3.5549011,-3.4220886,-3.3791199,-3.3175964,-3.2795105,-3.2414246,-3.1857605,-3.1593933,-3.091034,-3.044159,-2.9826355,-2.9064636,-2.9338074,-2.9259949,-2.9709167,-2.9914246,-3.0099792,-3.0500183,-3.1418152,-3.2843933,-3.4240417,-3.5666199,-3.6916199,-3.7668152,-3.8058777,-3.778534,-3.7687683,-3.6974792,-3.6359558,-3.5656433,-3.4757996,-3.4308777,-3.3674011,-3.3127136,-3.3058777,-3.278534,-3.318573,-3.3049011,-3.2746277,-3.2414246,-3.2033386,-3.2511902,-3.2511902,-3.2843933,-3.3888855,-3.5109558,-3.5265808,-3.4552917,-3.0382996,-2.6886902,-2.5431824,-2.5734558,-2.7922058,-2.559784,-1.584198,-1.0861511,-1.615448,-2.122284,-2.0519714,-1.6115417,-0.6965027,-0.10177612,-0.23068237,-0.8215027,-1.2150574,-1.0187683,-1.2414246,-1.3547058,-1.412323,-1.1877136,-1.1164246,-1.3273621,-0.8634949,-0.2746277,0.50564575,0.7956848,0.8738098,0.77908325,-0.075408936,-1.2970886,-1.5109558,-1.4797058,-1.4406433,-1.7179871,-2.0763855,-2.092987,-1.4513855,-1.2863464,-1.0480652,-0.50704956,-0.08517456,-0.474823,-0.334198,0.5544739,0.900177,0.40701294,0.31814575,-0.3918152,-0.8127136,0.13552856,0.82595825,0.73220825,0.70095825,0.4753723,0.400177,0.53396606,0.4441223,0.3640442,0.42947388,0.60232544,-0.002166748,-0.27755737,-1.0675964,-1.9572449,-2.124237,-2.0090027,-1.8693542,-1.5793152,-1.2306824,-0.9406433,-0.6183777,-0.5812683,-0.724823,-0.9152527,-0.9406433,-0.8293152,-0.76290894
20.0,-3.6457214,-3.5246277,-3.3713074,-3.2375183,-3.1427917,-3.1281433,-3.1359558,-3.1291199,-3.0099792,-2.8195496,-2.6125183,-2.5861511,-2.5177917,-2.552948,-2.474823,-2.4132996,-2.3244324,-2.2658386,-2.1408386,-2.030487,-1.8761902,-1.7658386,-1.5978699,-1.3263855,-1.2179871,-1.287323,-1.5021667,-1.7316589,-2.0031433,-2.1183777,-2.4601746,-2.186737,-1.6994324,-1.3703308,-1.1769714,-1.1457214,-1.2131042,-1.0285339,-0.9777527,-1.2365417,-2.1701355,-3.3634949,-3.8752136,-3.9328308,-3.9601746,-3.8820496,-3.802948,-3.7541199,-3.7101746,-3.631073,-3.5939636,-3.528534,-3.412323,-3.3713074,-3.262909,-3.209198,-3.0978699,-3.0226746,-2.9562683,-2.9328308,-2.9396667,-2.9416199,-2.943573,-3.0138855,-3.1056824,-3.2297058,-3.3703308,-3.4797058,-3.5900574,-3.5988464,-3.606659,-3.5275574,-3.4757996,-3.387909,-3.2970886,-3.2267761,-3.1896667,-3.1369324,-3.1232605,-3.0978699,-3.092987,-3.1320496,-3.1808777,-3.155487,-3.1252136,-3.0265808,-2.974823,-2.8996277,-2.8468933,-2.8547058,-2.8674011,-2.9914246,-3.2707214,-3.1994324,-3.1037292,-2.7765808,-2.6730652,-2.733612,-2.8302917,-2.3224792,-1.3234558,-1.1730652,-1.7033386,-2.0519714,-1.9201355,-1.8068542,-1.5177917,-1.2287292,-1.2492371,-1.9465027,-2.1418152,-1.9455261,-1.6398621,-1.6359558,-1.7912292,-1.662323,-1.5412292,-1.521698,-0.9308777,-0.050994873,0.7302551,0.9441223,1.0281067,0.8034973,0.29763794,-0.35861206,-1.068573,-0.881073,-1.5705261,-1.8478699,-1.7765808,-1.6916199,-1.3000183,-1.2550964,-1.1593933,-1.0392761,-0.4562683,0.015411377,0.15701294,0.58865356,0.7624817,-0.14083862,-0.24923706,-0.69747925,-0.91915894,0.26345825,1.0154114,0.9216614,0.5388489,0.40701294,0.4236145,0.28494263,0.18728638,0.275177,0.35720825,-0.28341675,-0.8888855,-1.5500183,-2.3947449,-2.474823,-2.3507996,-2.1125183,-1.8713074,-1.5968933,-1.3566589,-1.0656433,-0.90060425,-0.86935425,-0.8107605,-0.8468933,-0.8322449,-0.84591675,-0.8390808
19.75,-3.4621277,-3.4777527,-3.3156433,-3.146698,-3.044159,-3.0099792,-3.0275574,-3.0470886,-2.881073,-2.6750183,-2.592987,-2.5939636,-2.7365417,-2.8019714,-2.8683777,-2.842987,-2.7931824,-2.6808777,-2.467987,-2.262909,-2.0988464,-1.9523621,-1.7638855,-1.6340027,-1.615448,-1.7843933,-2.0627136,-2.3859558,-2.4670105,-2.405487,-1.9601746,-1.5304871,-1.2482605,-1.0422058,-1.1047058,-1.2033386,-1.2336121,-1.4787292,-1.4259949,-1.5382996,-2.4494324,-3.716034,-4.141815,-4.167206,-4.179901,-4.1320496,-4.104706,-4.050995,-3.974823,-3.896698,-3.7590027,-3.700409,-3.5627136,-3.497284,-3.3830261,-3.2570496,-3.1418152,-3.0314636,-2.9572449,-2.9074402,-2.905487,-2.9308777,-2.9406433,-3.0138855,-3.106659,-3.224823,-3.3234558,-3.4328308,-3.474823,-3.4601746,-3.4162292,-3.2736511,-3.1974792,-3.084198,-2.9875183,-2.934784,-2.9084167,-2.9103699,-2.8800964,-2.865448,-2.9152527,-2.9728699,-2.9845886,-2.9582214,-2.8283386,-2.7052917,-2.4845886,-2.3605652,-2.0949402,-1.9299011,-1.8849792,-2.1330261,-2.4855652,-2.8849792,-2.8732605,-2.7590027,-2.6925964,-2.7384949,-2.568573,-2.0724792,-1.1730652,-1.1271667,-1.6896667,-1.9728699,-1.8527527,-1.9162292,-0.97384644,-1.7658386,-1.5881042,-2.0539246,-2.2424011,-2.0920105,-1.7443542,-1.7170105,-1.8019714,-1.8263855,-1.7922058,-1.6437683,-1.1457214,-0.28927612,0.19998169,0.36697388,0.4109192,0.17752075,0.37771606,0.353302,0.02420044,-0.6838074,-1.1086121,-1.4797058,-1.5382996,-1.4406433,-1.287323,-1.1828308,-0.9884949,-1.4797058,-1.2257996,-0.3761902,0.38357544,0.7488098,0.525177,-0.40353394,-0.14181519,-0.6095886,-0.73947144,0.19412231,0.9060364,1.1111145,0.65115356,0.29666138,0.40701294,-0.020721436,-0.10958862,-0.039276123,-0.56954956,-1.3800964,-2.0275574,-2.653534,-2.8000183,-2.624237,-2.3957214,-2.0939636,-1.8791199,-1.7228699,-1.4963074,-1.3000183,-1.1730652,-1.0412292,-0.9250183,-0.80392456,-0.7463074,-0.8263855,-0.9259949
19.5,-3.3058777,-3.3859558,-3.3351746,-3.1603699,-3.0197449,-2.9787292,-2.9826355,-3.014862,-2.8625183,-2.7082214,-2.6681824,-2.8595886,-3.0978699,-3.2746277,-3.3595886,-3.2345886,-3.0646667,-2.8703308,-2.6388855,-2.3507996,-2.1408386,-2.0177917,-1.9787292,-1.9084167,-1.9914246,-2.2082214,-2.5861511,-2.7111511,-2.5392761,-2.0197449,-1.4513855,-1.084198,-0.943573,-0.9308777,-0.94454956,-1.1349792,-1.365448,-1.8664246,-2.0578308,-2.0783386,-2.740448,-4.0090027,-4.391815,-4.396698,-4.367401,-4.296112,-4.278534,-4.182831,-4.0832214,-3.9855652,-3.8322449,-3.7853699,-3.6750183,-3.5783386,-3.4289246,-3.2980652,-3.1593933,-3.0392761,-2.9757996,-2.9425964,-2.9015808,-2.9250183,-2.9699402,-3.0509949,-3.1506042,-3.249237,-3.3215027,-3.3449402,-3.3625183,-3.2853699,-3.200409,-3.0783386,-2.9416199,-2.827362,-2.7619324,-2.7170105,-2.7170105,-2.7609558,-2.7619324,-2.7355652,-2.7511902,-2.749237,-2.7365417,-2.6105652,-2.4328308,-2.1740417,-1.8908386,-1.5978699,-1.2306824,-1.0441589,-0.99142456,-1.3127136,-1.9259949,-2.4797058,-2.7990417,-2.7853699,-2.7013855,-2.693573,-2.387909,-2.1095886,-1.1691589,-0.7814636,-1.3009949,-1.9240417,-1.9924011,-2.0402527,-0.8107605,-1.2218933,-1.2785339,-1.6515808,-1.9806824,-1.9777527,-1.8761902,-1.9240417,-1.8244324,-1.6955261,-1.8175964,-1.6359558,-1.3273621,-0.94259644,-0.59884644,-0.42892456,-0.2765808,0.12576294,0.20779419,0.4656067,0.6579895,0.46463013,-0.47091675,-1.2033386,-1.2638855,-1.146698,-1.0881042,-0.7843933,-0.9015808,-0.94747925,-1.0363464,-0.740448,0.019317627,0.3718567,-0.14376831,-0.5090027,0.5544739,0.41482544,-0.40646362,-0.18185425,0.5906067,1.3249817,1.4118958,0.67459106,0.49197388,-0.32833862,-0.66134644,-1.0050964,-1.6056824,-2.1545105,-2.5783386,-2.7394714,-2.7482605,-2.5363464,-2.2980652,-2.0256042,-1.9064636,-1.7931824,-1.6271667,-1.4162292,-1.2228699,-1.0715027,-0.9513855,-0.7824402,-0.68185425,-0.7580261,-0.8683777
19.25,-3.0324402,-3.3547058,-3.4074402,-3.2697449,-3.1281433,-3.1134949,-3.1164246,-3.0744324,-2.9132996,-2.8830261,-3.0646667,-3.4132996,-3.7433777,-3.8507996,-3.6769714,-3.3820496,-3.0343933,-2.7580261,-2.5324402,-2.3381042,-2.2394714,-2.2170105,-2.2326355,-2.3058777,-2.4767761,-2.6769714,-2.8703308,-2.7277527,-2.2511902,-1.6916199,-1.2384949,-0.96017456,-0.8840027,-1.0236511,-1.0461121,-1.1242371,-1.2912292,-1.7033386,-1.9318542,-2.091034,-2.8449402,-4.1593933,-4.53537,-4.4318542,-4.44162,-4.34787,-4.342987,-4.2707214,-4.1506042,-4.0207214,-3.881073,-3.809784,-3.6906433,-3.6027527,-3.4425964,-3.302948,-3.1720886,-3.0666199,-3.006073,-2.981659,-2.9670105,-2.990448,-3.0470886,-3.1300964,-3.177948,-3.2365417,-3.2775574,-3.2775574,-3.2394714,-3.1300964,-2.9865417,-2.8761902,-2.764862,-2.6652527,-2.6340027,-2.6418152,-2.653534,-2.6632996,-2.6593933,-2.6652527,-2.6457214,-2.608612,-2.4875183,-2.2609558,-1.990448,-1.6916199,-1.3410339,-1.0158386,-0.69259644,-0.52072144,-0.5011902,-0.9377136,-1.6808777,-2.3976746,-2.8146667,-2.8693542,-2.7238464,-2.5939636,-2.3556824,-2.2463074,-1.0881042,-0.381073,-0.7619324,-1.6320496,-2.2082214,-2.381073,-1.7228699,-1.2824402,-0.9406433,-1.0959167,-1.3507996,-1.4865417,-1.5910339,-1.7189636,-1.6642761,-1.6222839,-1.6808777,-1.6076355,-1.5197449,-1.2384949,-0.90060425,-0.70822144,-0.43673706,0.4519348,1.0388489,0.6990051,1.0144348,0.837677,-0.1232605,-0.7902527,-0.81173706,-0.95040894,-1.2775574,-0.4699402,-0.42208862,-0.8888855,-1.0031433,-0.6437683,-0.17697144,-0.20333862,-0.61935425,-0.12033081,0.9031067,0.91970825,-0.4484558,-0.8263855,0.13259888,1.0329895,1.212677,1.087677,0.46853638,-0.7424011,-1.3273621,-1.7511902,-2.108612,-2.3703308,-2.5422058,-2.6437683,-2.6232605,-2.3976746,-2.162323,-1.974823,-1.8576355,-1.7375183,-1.5949402,-1.4093933,-1.2257996,-1.0744324,-0.8683777,-0.7687683,-0.7345886,-0.71603394,-0.7433777
19.0,-2.8771667,-3.4757996,-3.6203308,-3.5099792,-3.365448,-3.3068542,-3.2580261,-3.1652527,-3.044159,-3.1359558,-3.4894714,-3.8664246,-4.037323,-3.9377136,-3.552948,-3.153534,-2.865448,-2.7541199,-2.6359558,-2.6027527,-2.5187683,-2.4465027,-2.4699402,-2.592987,-2.655487,-2.637909,-2.514862,-2.3127136,-1.9806824,-1.5754089,-1.3840027,-1.2590027,-1.1134949,-1.1437683,-1.0382996,-0.9103699,-1.2550964,-1.7355652,-2.052948,-2.4299011,-3.240448,-4.294159,-4.5695496,-4.4045105,-4.4308777,-4.3488464,-4.294159,-4.2326355,-4.1213074,-3.9728699,-3.841034,-3.7863464,-3.7052917,-3.591034,-3.466034,-3.3664246,-3.2521667,-3.1720886,-3.1261902,-3.0851746,-3.0588074,-3.0656433,-3.108612,-3.1857605,-3.233612,-3.2580261,-3.2463074,-3.209198,-3.1134949,-3.0002136,-2.9045105,-2.771698,-2.7082214,-2.6642761,-2.6388855,-2.653534,-2.6808777,-2.6965027,-2.684784,-2.6320496,-2.5519714,-2.4650574,-2.2912292,-2.0549011,-1.7726746,-1.4533386,-1.0978699,-0.80392456,-0.5275574,-0.43185425,-0.53634644,-0.9924011,-1.7209167,-2.405487,-2.8156433,-2.9269714,-2.7892761,-2.6330261,-2.5275574,-2.443573,-1.9943542,-1.4396667,-1.3566589,-1.6476746,-1.7482605,-2.2199402,-2.2424011,-2.3517761,-1.7170105,-1.2345886,-1.4025574,-1.6652527,-1.6613464,-1.3244324,-1.1340027,-1.2052917,-1.3683777,-1.318573,-1.1486511,-0.8527527,-0.7384949,-0.66915894,-0.13400269,0.7702942,0.9099426,0.7888489,1.0613098,0.5281067,-0.31759644,-0.7580261,-0.7531433,-0.78829956,-1.0636902,-0.85372925,-0.8449402,-0.8293152,-0.5041199,-0.3937683,-0.6105652,-0.8215027,-0.4875183,0.8298645,1.4382629,0.525177,-0.4074402,-0.38302612,0.41775513,0.9890442,1.1423645,1.025177,-0.13009644,-1.2599792,-1.6222839,-1.9601746,-2.1457214,-2.3332214,-2.4377136,-2.4738464,-2.4113464,-2.256073,-2.044159,-1.8215027,-1.693573,-1.5636902,-1.4396667,-1.2941589,-1.1496277,-1.0578308,-0.8634949,-0.7541199,-0.6681824,-0.5949402,-0.5509949
18.75,-2.8459167,-3.5422058,-3.8771667,-3.8049011,-3.6291199,-3.514862,-3.3420105,-3.1730652,-3.137909,-3.4162292,-3.749237,-4.0226746,-4.077362,-3.6984558,-3.264862,-2.983612,-2.842987,-2.858612,-2.889862,-2.7951355,-2.653534,-2.5939636,-2.631073,-2.6818542,-2.5158386,-2.4093933,-2.2521667,-2.0021667,-1.7267761,-1.4875183,-1.318573,-1.2619324,-1.1906433,-1.2912292,-0.8947449,-0.84591675,-2.3771667,-3.2580261,-3.8049011,-4.0090027,-4.0382996,-4.495331,-4.4474792,-4.3713074,-4.3468933,-4.302948,-4.2443542,-4.1838074,-4.079315,-3.9289246,-3.7882996,-3.7355652,-3.7111511,-3.6144714,-3.521698,-3.4425964,-3.3771667,-3.3058777,-3.2550964,-3.2082214,-3.1593933,-3.1593933,-3.209198,-3.2170105,-3.2531433,-3.2326355,-3.2072449,-3.171112,-3.1027527,-2.9777527,-2.8840027,-2.802948,-2.7677917,-2.7433777,-2.7433777,-2.7433777,-2.7131042,-2.6994324,-2.6632996,-2.5832214,-2.4933777,-2.356659,-2.1945496,-1.9933777,-1.7365417,-1.4816589,-1.1818542,-0.91329956,-0.68673706,-0.6056824,-0.7463074,-1.1457214,-1.8039246,-2.4650574,-2.8107605,-2.8859558,-2.7580261,-2.6320496,-2.6388855,-2.4269714,-2.1945496,-1.5168152,-1.3703308,-1.8361511,-2.124237,-2.5470886,-1.9152527,-1.9972839,-2.1447449,-1.8058777,-1.6300964,-1.7902527,-1.9504089,-1.7355652,-1.2931824,-1.0832214,-1.1554871,-0.9933777,-0.62228394,-0.2746277,-0.23068237,-0.40255737,-0.09689331,0.3142395,0.8874817,1.0144348,0.7575989,0.368927,-0.05001831,-0.5138855,-0.8986511,-0.97384644,-0.6984558,-0.6701355,-0.11154175,0.27615356,0.06716919,-0.5949402,-0.83810425,-0.66134644,-0.16720581,1.4949036,1.4226379,0.0798645,0.13650513,0.27420044,0.493927,0.8279114,0.8279114,0.4079895,-0.7980652,-1.5910339,-1.8576355,-2.0675964,-2.1945496,-2.2257996,-2.2707214,-2.2189636,-2.1496277,-1.9865417,-1.8107605,-1.5959167,-1.427948,-1.2922058,-1.2287292,-1.1408386,-1.0802917,-0.9767761,-0.79415894,-0.70040894,-0.6701355,-0.6183777,-0.5470886
18.5,-2.8957214,-3.6506042,-4.030487,-4.0558777,-3.8674011,-3.5568542,-3.3488464,-3.1672058,-3.2238464,-3.5109558,-3.8420105,-4.0802917,-3.8576355,-3.4289246,-3.0490417,-2.8752136,-3.0099792,-3.1496277,-3.1740417,-2.9484558,-2.7697449,-2.5353699,-2.5109558,-2.3800964,-2.271698,-2.0392761,-1.9933777,-1.8205261,-1.6213074,-1.474823,-1.5256042,-1.4767761,-1.2502136,-1.1213074,-0.60372925,-1.2863464,-2.9982605,-4.164276,-4.655487,-4.5431824,-4.546112,-4.4093933,-4.3400574,-4.318573,-4.22287,-4.16037,-4.091034,-4.0343933,-3.9474792,-3.8019714,-3.7287292,-3.6965027,-3.7062683,-3.6828308,-3.6076355,-3.5422058,-3.4982605,-3.4728699,-3.419159,-3.3244324,-3.2746277,-3.2287292,-3.2599792,-3.2687683,-3.2843933,-3.271698,-3.2326355,-3.1886902,-3.124237,-3.028534,-2.9386902,-2.896698,-2.8683777,-2.8478699,-2.8332214,-2.7824402,-2.7482605,-2.6886902,-2.631073,-2.5138855,-2.3976746,-2.2746277,-2.155487,-1.9699402,-1.8107605,-1.5763855,-1.3947449,-1.1447449,-1.0168152,-0.8908386,-1.0031433,-1.3175964,-1.9230652,-2.4113464,-2.7375183,-2.8302917,-2.7570496,-2.6408386,-2.6730652,-2.4640808,-2.0968933,-1.4728699,-1.4006042,-1.8781433,-1.943573,-2.4914246,-1.7511902,-1.8771667,-1.9689636,-1.9377136,-1.8918152,-2.2707214,-2.4631042,-2.3351746,-1.7297058,-1.2629089,-1.1066589,-0.8244324,-0.35568237,-0.058807373,-0.35568237,-0.6174011,-0.49728394,-0.009002686,0.5935364,0.59451294,0.3923645,0.275177,0.021270752,-0.016815186,-0.34103394,-0.8761902,-0.65353394,-0.42599487,0.35134888,0.6394348,-0.106658936,-0.8127136,-0.92111206,-0.6203308,0.3581848,1.8161926,1.3122864,0.10623169,0.18435669,0.66482544,0.743927,0.027130127,-0.25216675,-0.75509644,-1.5715027,-1.9181824,-2.084198,-2.1896667,-2.1662292,-2.1681824,-2.0490417,-1.9718933,-1.8263855,-1.6330261,-1.521698,-1.3478699,-1.1994324,-1.1007996,-1.0392761,-1.0607605,-1.0256042,-0.943573,-0.7931824,-0.76290894,-0.7922058,-0.69747925,-0.60079956
18.25,-2.8371277,-3.5881042,-4.09787,-4.124237,-3.841034,-3.5177917,-3.2482605,-3.0959167,-3.1906433,-3.4699402,-3.827362,-3.9465027,-3.7218933,-3.2218933,-2.9025574,-3.0080261,-3.3146667,-3.481659,-3.3576355,-3.0578308,-2.5099792,-2.2736511,-2.0539246,-1.9191589,-1.8976746,-1.8547058,-2.0050964,-1.8830261,-1.6574402,-1.4064636,-1.4543152,-1.4113464,-1.2638855,-1.1789246,-1.0265808,-2.2658386,-3.7287292,-4.709198,-4.6945496,-4.5812683,-4.429901,-4.3156433,-4.2218933,-4.137909,-4.03537,-3.9709167,-3.9074402,-3.9015808,-3.8156433,-3.7482605,-3.6828308,-3.6828308,-3.6945496,-3.6877136,-3.684784,-3.6320496,-3.6232605,-3.5978699,-3.5324402,-3.4396667,-3.3732605,-3.3107605,-3.3049011,-3.3127136,-3.3263855,-3.349823,-3.311737,-3.287323,-3.2150574,-3.146698,-3.0549011,-3.0002136,-2.9631042,-2.9416199,-2.8439636,-2.7931824,-2.7062683,-2.6359558,-2.5695496,-2.4709167,-2.3507996,-2.2502136,-2.1349792,-2.0519714,-1.8918152,-1.8049011,-1.6515808,-1.4797058,-1.3507996,-1.1691589,-1.1603699,-1.4445496,-1.8576355,-2.3459167,-2.6349792,-2.716034,-2.6877136,-2.606659,-2.5675964,-2.4718933,-2.0519714,-1.7043152,-1.6330261,-1.6789246,-1.7267761,-1.9084167,-1.2697449,-1.7306824,-1.6369324,-1.7834167,-2.2590027,-2.6418152,-3.1457214,-2.952362,-2.1818542,-1.4211121,-1.1984558,-0.8752136,-0.46505737,-0.29415894,-0.5890808,-0.8215027,-0.7326355,-0.38693237,0.12088013,0.032989502,0.017364502,-0.02658081,0.259552,0.22537231,0.08963013,-0.35665894,-0.21603394,0.2566223,0.59646606,0.50076294,-0.16720581,-0.61447144,-0.7218933,-0.14474487,0.8904114,1.3757629,0.98220825,0.2878723,0.384552,0.6677551,-0.015838623,-0.7355652,-1.4572449,-1.9152527,-2.1095886,-2.2668152,-2.3322449,-2.2521667,-2.1965027,-2.0246277,-1.9045105,-1.7052917,-1.5441589,-1.3674011,-1.2629089,-1.1252136,-1.0256042,-0.94454956,-0.9767761,-0.99923706,-1.0187683,-0.9299011,-0.87228394,-0.881073,-0.9465027,-0.8713074,-0.756073
18.0,-2.9289246,-3.4777527,-3.9894714,-4.082245,-3.7990417,-3.4015808,-3.1369324,-3.0353699,-3.1476746,-3.4074402,-3.7726746,-3.8908386,-3.5314636,-3.0314636,-3.0021667,-3.1769714,-3.5607605,-3.6486511,-3.3888855,-2.7482605,-2.1984558,-1.6496277,-1.427948,-1.349823,-1.4103699,-1.8566589,-2.0656433,-1.9797058,-1.974823,-1.7179871,-1.2131042,-1.1711121,-2.0090027,-2.1974792,-2.5090027,-3.5480652,-4.5246277,-4.586151,-4.5715027,-4.4308777,-4.2795105,-4.1965027,-4.09494,-3.9494324,-3.8400574,-3.780487,-3.7521667,-3.7463074,-3.7521667,-3.684784,-3.6408386,-3.6388855,-3.6730652,-3.677948,-3.6945496,-3.7033386,-3.6945496,-3.655487,-3.5900574,-3.5246277,-3.4572449,-3.4015808,-3.3537292,-3.372284,-3.4259949,-3.4494324,-3.4582214,-3.4338074,-3.3556824,-3.2834167,-3.1916199,-3.124237,-3.0568542,-2.9601746,-2.8634949,-2.7687683,-2.6818542,-2.5988464,-2.5392761,-2.4699402,-2.3507996,-2.2619324,-2.1759949,-2.0939636,-2.0539246,-1.9660339,-1.9103699,-1.7687683,-1.5539246,-1.3078308,-1.240448,-1.365448,-1.7785339,-2.186737,-2.4757996,-2.5851746,-2.5578308,-2.5422058,-2.3869324,-2.3371277,-1.8937683,-1.5441589,-1.6232605,-1.6711121,-1.3927917,-1.3537292,-0.93185425,-0.9455261,-0.8078308,-1.9982605,-2.4767761,-3.137909,-3.6418152,-3.3996277,-2.5695496,-1.6799011,-1.4211121,-1.1222839,-0.99923706,-0.8263855,-0.5920105,-0.82247925,-1.0695496,-0.9064636,-0.45040894,-0.30099487,-0.21994019,-0.058807373,0.22634888,0.31814575,0.18338013,0.2859192,0.493927,0.9187317,0.43533325,0.062286377,-0.38302612,-0.82247925,-0.22970581,0.34744263,0.7497864,0.931427,0.52420044,0.19119263,0.118927,-0.4357605,-1.1183777,-1.6222839,-2.3400574,-2.4738464,-2.5500183,-2.5675964,-2.4875183,-2.365448,-2.1330261,-1.959198,-1.7209167,-1.5207214,-1.3390808,-1.1818542,-1.0509949,-1.0002136,-0.9250183,-0.927948,-0.9611511,-1.052948,-1.0724792,-0.9884949,-0.9562683,-1.0119324,-1.0978699,-1.0324402,-0.86154175
17.75,-2.9933777,-3.499237,-4.09787,-4.19162,-3.7355652,-3.3107605,-3.1486511,-3.0578308,-3.1291199,-3.2922058,-3.6447449,-3.655487,-3.2951355,-3.124237,-3.1437683,-3.2199402,-3.5363464,-3.5314636,-3.0939636,-2.421112,-1.5666199,-1.0168152,-0.80685425,-0.72384644,-1.1496277,-1.8088074,-1.9689636,-2.2619324,-2.365448,-1.2980652,-0.7922058,-1.7179871,-2.8322449,-3.6174011,-3.9552917,-4.358612,-4.4865417,-4.5138855,-4.4308777,-4.289276,-4.155487,-4.0715027,-3.950409,-3.8332214,-3.7111511,-3.653534,-3.6349792,-3.6271667,-3.6330261,-3.6369324,-3.5978699,-3.5802917,-3.631073,-3.662323,-3.700409,-3.717987,-3.7140808,-3.6750183,-3.6193542,-3.5666199,-3.530487,-3.4787292,-3.427948,-3.466034,-3.5363464,-3.561737,-3.5695496,-3.5324402,-3.4611511,-3.3791199,-3.2922058,-3.2326355,-3.1105652,-2.9933777,-2.8605652,-2.7658386,-2.6740417,-2.591034,-2.5402527,-2.4689636,-2.342987,-2.2414246,-2.1613464,-2.1652527,-2.1252136,-2.1047058,-2.052948,-1.8859558,-1.5978699,-1.2912292,-1.1203308,-1.2267761,-1.5910339,-1.9992371,-2.3283386,-2.4621277,-2.427948,-2.4240417,-2.2228699,-2.1349792,-1.7052917,-1.2599792,-1.3381042,-1.7765808,-1.4728699,-1.5646667,-1.3302917,-0.39572144,0.12869263,-1.4201355,-2.818573,-3.4806824,-3.7814636,-3.6037292,-2.7687683,-2.0558777,-1.7619324,-1.4162292,-1.3634949,-1.2326355,-0.9982605,-0.8918152,-1.1828308,-1.365448,-0.95822144,-0.5392761,-0.365448,-0.21994019,-0.102752686,-0.010955811,0.15408325,0.40994263,0.72927856,0.8552551,-0.051971436,-0.6652527,-0.94259644,-0.3888855,0.2048645,0.415802,0.6130676,0.5818176,-0.025604248,-0.5558777,-1.0509949,-1.7424011,-2.1593933,-2.6642761,-2.8009949,-2.8800964,-2.8478699,-2.7922058,-2.6213074,-2.3996277,-2.1300964,-1.8400574,-1.6007996,-1.3595886,-1.1720886,-1.0656433,-0.92892456,-0.9308777,-0.9220886,-0.9386902,-1.0285339,-1.1203308,-1.1564636,-1.0715027,-1.0382996,-1.1203308,-1.2072449,-1.1359558,-0.95040894
17.5,-3.1340027,-3.608612,-4.256073,-4.3840027,-3.8976746,-3.3205261,-3.217987,-3.006073,-2.9543152,-3.044159,-3.052948,-3.106659,-3.217987,-3.1769714,-3.1291199,-3.0695496,-3.2619324,-3.1906433,-2.7892761,-1.9660339,-1.037323,-0.6281433,-0.40353394,-0.349823,-0.93478394,-1.1691589,-1.5666199,-2.1603699,-2.0382996,-0.78048706,-0.7384949,-1.8254089,-3.2550964,-4.1144714,-4.2326355,-4.258026,-4.3595886,-4.3381042,-4.233612,-4.1076355,-4.00119,-3.9328308,-3.8058777,-3.740448,-3.6369324,-3.591034,-3.5578308,-3.5431824,-3.546112,-3.5509949,-3.568573,-3.5568542,-3.5832214,-3.6447449,-3.6955261,-3.7082214,-3.7111511,-3.6769714,-3.6115417,-3.6037292,-3.6007996,-3.5402527,-3.5236511,-3.5636902,-3.6193542,-3.6447449,-3.6203308,-3.5715027,-3.4689636,-3.3908386,-3.309784,-3.256073,-3.1369324,-2.9894714,-2.8595886,-2.7658386,-2.6672058,-2.5519714,-2.497284,-2.4025574,-2.2580261,-2.1281433,-2.052948,-2.0724792,-2.1720886,-2.1857605,-2.0451355,-1.8449402,-1.4963074,-1.0783386,-0.88790894,-0.9884949,-1.3507996,-1.8127136,-2.146698,-2.3634949,-2.311737,-2.2765808,-2.0695496,-1.9533386,-1.5578308,-1.0861511,-0.959198,-1.3381042,-1.8224792,-2.1037292,-1.9777527,-0.8400574,-0.041229248,-0.8390808,-2.4611511,-3.3986511,-3.6291199,-3.427948,-2.7384949,-2.2843933,-1.9709167,-1.5949402,-1.5099792,-1.459198,-1.3937683,-1.240448,-1.2111511,-1.4396667,-1.1584167,-0.7433777,-0.6174011,-0.4953308,-0.37228394,-0.3234558,-0.17892456,0.0027160645,0.24002075,-0.023651123,-0.92404175,-1.0793152,-0.6437683,-0.19259644,0.042755127,0.24978638,0.0642395,-0.22384644,-0.865448,-1.7179871,-2.2990417,-2.6213074,-2.9074402,-3.0422058,-3.1320496,-3.1486511,-3.0656433,-2.9445496,-2.7033386,-2.4230652,-2.1047058,-1.8058777,-1.5236511,-1.2707214,-1.0910339,-1.0226746,-0.9328308,-0.91329956,-0.92697144,-1.0441589,-1.1222839,-1.1662292,-1.2004089,-1.162323,-1.1115417,-1.1867371,-1.256073,-1.193573,-0.99142456
17.25,-3.3009949,-3.811737,-4.450409,-4.575409,-4.1193542,-3.5402527,-3.0334167,-2.5851746,-2.5343933,-2.5382996,-2.381073,-2.3371277,-2.5578308,-2.6720886,-2.6359558,-2.6750183,-2.9338074,-2.794159,-2.3800964,-1.459198,-0.6906433,-0.58322144,-0.8361511,-0.7590027,-0.028533936,0.509552,-0.21408081,-0.9533386,-0.92404175,-1.2287292,-1.6759949,-2.4328308,-3.4806824,-4.0695496,-4.1252136,-4.1369324,-4.1877136,-4.1564636,-4.0802917,-3.9562683,-3.8293152,-3.7619324,-3.7424011,-3.6662292,-3.5734558,-3.5207214,-3.4513855,-3.443573,-3.4552917,-3.474823,-3.4982605,-3.5500183,-3.5920105,-3.6437683,-3.7111511,-3.7150574,-3.7062683,-3.6818542,-3.6564636,-3.6496277,-3.6564636,-3.6017761,-3.6095886,-3.6252136,-3.6584167,-3.6564636,-3.6232605,-3.5422058,-3.4181824,-3.3195496,-3.249237,-3.1877136,-3.0920105,-2.9377136,-2.8078308,-2.7238464,-2.624237,-2.4982605,-2.3849792,-2.2570496,-2.0968933,-1.9064636,-1.8537292,-1.9494324,-2.0822449,-2.1007996,-1.9269714,-1.6017761,-1.2072449,-0.756073,-0.5890808,-0.68185425,-1.1125183,-1.6193542,-2.014862,-2.2101746,-2.247284,-2.2570496,-2.012909,-1.8332214,-1.4416199,-1.115448,-0.96017456,-1.1984558,-1.7736511,-1.8527527,-1.7209167,-1.7209167,-0.89572144,-1.2834167,-2.2726746,-3.1789246,-3.3927917,-3.1632996,-2.6213074,-2.2795105,-1.9318542,-1.7033386,-1.5734558,-1.6047058,-1.6320496,-1.5138855,-1.3869324,-1.5109558,-1.1506042,-0.8791199,-0.7150574,-0.7140808,-0.7931824,-0.756073,-0.7043152,-0.72872925,-0.53634644,-1.0939636,-1.5402527,-1.4211121,-0.80978394,-0.4328308,-0.32833862,-0.6799011,-1.1164246,-1.4982605,-2.0959167,-2.6418152,-2.841034,-3.0334167,-3.1955261,-3.3263855,-3.3468933,-3.296112,-3.1662292,-2.9953308,-2.7306824,-2.4142761,-2.1047058,-1.7990417,-1.5138855,-1.2785339,-1.0988464,-1.0324402,-0.9826355,-0.9806824,-1.0451355,-1.1418152,-1.1847839,-1.2101746,-1.2072449,-1.1701355,-1.1925964,-1.2443542,-1.2502136,-1.2072449,-0.99435425
17.0,-3.3693542,-3.9562683,-4.550995,-4.617401,-4.1769714,-3.5861511,-2.943573,-2.2912292,-2.3507996,-2.2052917,-1.7052917,-1.5802917,-1.6193542,-1.5334167,-1.4943542,-1.6681824,-1.8420105,-1.7189636,-1.6750183,-1.349823,-0.64767456,-0.21310425,-0.13693237,0.14138794,0.72927856,0.9597473,0.48025513,-0.22286987,-1.4797058,-3.1457214,-4.117401,-4.1281433,-4.0021667,-4.240448,-4.0695496,-4.0607605,-4.026581,-3.9201355,-3.8146667,-3.6974792,-3.6144714,-3.6291199,-3.6261902,-3.5490417,-3.4582214,-3.4240417,-3.4025574,-3.4113464,-3.4455261,-3.4924011,-3.5382996,-3.5412292,-3.608612,-3.671112,-3.7150574,-3.7209167,-3.7101746,-3.716034,-3.724823,-3.7043152,-3.686737,-3.669159,-3.6359558,-3.6125183,-3.6271667,-3.608612,-3.546112,-3.4533386,-3.3381042,-3.224823,-3.153534,-3.0978699,-3.028534,-2.889862,-2.7306824,-2.5968933,-2.4806824,-2.3625183,-2.2580261,-2.099823,-1.9006042,-1.693573,-1.6457214,-1.7931824,-1.9679871,-1.9670105,-1.7228699,-1.3254089,-0.81759644,-0.35177612,-0.18673706,-0.3732605,-0.8791199,-1.4465027,-1.8634949,-2.0968933,-2.1574402,-2.1672058,-2.0549011,-1.8908386,-1.5431824,-1.209198,-1.0002136,-1.2297058,-1.7726746,-1.5480652,-1.8273621,-1.7814636,-1.9220886,-1.8293152,-2.184784,-2.6340027,-2.8420105,-2.9289246,-2.702362,-2.3156433,-1.9074402,-1.9240417,-1.8683777,-1.8000183,-1.6974792,-1.5861511,-1.5832214,-1.7580261,-2.1564636,-1.7550964,-1.0080261,-0.927948,-1.0050964,-1.0568542,-1.084198,-1.0900574,-1.2970886,-1.7648621,-1.6300964,-1.4230652,-1.0734558,-0.6906433,-1.0724792,-2.0949402,-2.7756042,-2.9045105,-3.0861511,-3.1271667,-3.2013855,-3.2775574,-3.403534,-3.4865417,-3.4572449,-3.358612,-3.240448,-2.9953308,-2.749237,-2.4318542,-2.1408386,-1.8459167,-1.5715027,-1.3507996,-1.2004089,-1.1506042,-1.0734558,-1.0109558,-1.1007996,-1.1681824,-1.2023621,-1.1906433,-1.1564636,-1.1642761,-1.2424011,-1.3009949,-1.2424011,-1.1808777,-1.0461121
16.75,-3.514862,-4.0050964,-4.599823,-4.7590027,-4.358612,-3.747284,-3.2443542,-2.646698,-2.6799011,-2.421112,-1.8371277,-1.7853699,-1.5744324,-1.0431824,-0.6799011,-0.6681824,0.011505127,0.6374817,0.29959106,-0.41915894,-0.37911987,-0.11642456,0.118927,0.1267395,-0.13302612,-0.84884644,-1.6877136,-2.8693542,-4.238495,-5.211151,-5.153534,-4.7238464,-4.356659,-4.273651,-4.057831,-4.0568542,-3.912323,-3.740448,-3.5871277,-3.4855652,-3.466034,-3.5090027,-3.5031433,-3.490448,-3.4045105,-3.381073,-3.4015808,-3.4425964,-3.4943542,-3.5451355,-3.599823,-3.6027527,-3.669159,-3.7677917,-3.8000183,-3.7863464,-3.7619324,-3.747284,-3.747284,-3.7443542,-3.731659,-3.6574402,-3.575409,-3.5314636,-3.506073,-3.481659,-3.412323,-3.3049011,-3.1955261,-3.1105652,-3.0382996,-2.974823,-2.8849792,-2.7521667,-2.6007996,-2.4777527,-2.3615417,-2.2111511,-2.077362,-1.9162292,-1.6711121,-1.5070496,-1.4992371,-1.6574402,-1.818573,-1.7853699,-1.4631042,-0.9728699,-0.43673706,0.001739502,0.2048645,-0.031463623,-0.59298706,-1.2297058,-1.7033386,-1.9953308,-2.0851746,-2.1730652,-2.193573,-1.9972839,-1.7062683,-1.2375183,-0.89767456,-1.1574402,-1.7697449,-1.7013855,-1.8527527,-1.9025574,-1.7482605,-1.5920105,-1.9025574,-2.4250183,-2.7619324,-2.8195496,-2.5392761,-2.3547058,-1.8800964,-2.0187683,-2.1681824,-2.1027527,-1.8322449,-1.6193542,-1.5402527,-1.3107605,-1.5197449,-1.443573,-1.2902527,-0.8468933,-0.86642456,-1.0392761,-1.0832214,-1.1730652,-1.365448,-1.2775574,-1.3009949,-1.1994324,-0.8400574,-0.7922058,-1.927948,-3.2882996,-3.6105652,-3.483612,-3.5197449,-3.396698,-3.4845886,-3.552948,-3.6359558,-3.6720886,-3.6164246,-3.4445496,-3.2443542,-3.0041199,-2.7951355,-2.4875183,-2.2140808,-1.9377136,-1.6847839,-1.4728699,-1.3166199,-1.240448,-1.1984558,-1.1144714,-1.1916199,-1.2599792,-1.2931824,-1.2609558,-1.2160339,-1.2394714,-1.2795105,-1.2843933,-1.240448,-1.1691589,-1.1144714
16.5,-3.8283386,-4.2131042,-4.608612,-4.7375183,-4.3312683,-3.646698,-3.2658386,-2.9074402,-3.0412292,-2.9015808,-2.3302917,-2.2892761,-2.092987,-1.4816589,-1.1037292,-0.7345886,0.3015442,1.1374817,0.509552,-0.44747925,-1.3674011,-1.6086121,-2.1105652,-2.287323,-2.6164246,-3.2570496,-4.15744,-5.0988464,-5.8664246,-5.622284,-5.336151,-4.8771667,-4.516815,-4.2433777,-4.1183777,-4.0050964,-3.7052917,-3.5343933,-3.4201355,-3.3488464,-3.3527527,-3.3713074,-3.4318542,-3.4338074,-3.3908386,-3.4386902,-3.4455261,-3.506073,-3.5675964,-3.6115417,-3.646698,-3.7228699,-3.7707214,-3.8351746,-3.8644714,-3.8312683,-3.7990417,-3.7736511,-3.7170105,-3.6877136,-3.6515808,-3.5636902,-3.459198,-3.3869324,-3.3537292,-3.3146667,-3.2384949,-3.1213074,-3.014862,-2.9670105,-2.905487,-2.842987,-2.6945496,-2.5500183,-2.4103699,-2.2990417,-2.2033386,-2.068573,-1.9425964,-1.8146667,-1.5343933,-1.3703308,-1.4006042,-1.5666199,-1.7052917,-1.6134949,-1.2638855,-0.662323,-0.122283936,0.3142395,0.5046692,0.28982544,-0.271698,-0.9484558,-1.5441589,-1.849823,-2.0832214,-2.1945496,-2.2062683,-2.1261902,-1.9054871,-1.334198,-0.8439636,-0.8791199,-1.4914246,-1.6818542,-1.6340027,-1.8742371,-1.2306824,-1.1222839,-1.4093933,-2.0138855,-2.6007996,-2.6174011,-2.0890808,-1.834198,-1.6554871,-1.6984558,-1.9611511,-1.9699402,-1.7424011,-1.5324402,-1.3166199,-1.5412292,-1.4513855,-0.5236511,-0.224823,-0.17404175,-0.4074402,-0.6174011,-0.9201355,-1.1965027,-1.2697449,-1.0754089,-1.2609558,-1.1886902,-1.0851746,-1.8088074,-2.997284,-3.8088074,-3.8439636,-3.731659,-3.740448,-3.7287292,-3.7951355,-3.8322449,-3.8400574,-3.841034,-3.7345886,-3.5656433,-3.3537292,-3.1027527,-2.8468933,-2.5871277,-2.3107605,-2.0539246,-1.8205261,-1.6613464,-1.5353699,-1.4035339,-1.3527527,-1.2804871,-1.302948,-1.3634949,-1.4103699,-1.3957214,-1.349823,-1.3400574,-1.3664246,-1.3517761,-1.2961121,-1.2160339,-1.177948
16.25,-3.5490417,-3.6134949,-3.842987,-3.6681824,-3.2843933,-3.0568542,-2.7765808,-2.6838074,-2.9357605,-3.0861511,-3.1047058,-2.8468933,-2.0695496,-1.3683777,-1.1232605,-0.8576355,-0.004119873,0.36502075,-0.896698,-2.341034,-3.1281433,-3.4416199,-3.874237,-4.1349792,-4.508026,-4.9845886,-5.5090027,-5.9709167,-5.823456,-5.599823,-5.1701355,-4.717987,-4.372284,-4.1818542,-4.046112,-3.8615417,-3.6330261,-3.4289246,-3.3175964,-3.3215027,-3.3459167,-3.365448,-3.427948,-3.4611511,-3.4328308,-3.466034,-3.5158386,-3.5724792,-3.6603699,-3.7170105,-3.7853699,-3.8537292,-3.8830261,-3.889862,-3.8957214,-3.8283386,-3.7863464,-3.7111511,-3.6427917,-3.5549011,-3.481659,-3.4328308,-3.3459167,-3.2531433,-3.1955261,-3.1496277,-3.077362,-2.9709167,-2.8849792,-2.8136902,-2.724823,-2.6300964,-2.4855652,-2.3693542,-2.256073,-2.2062683,-2.1115417,-1.974823,-1.8224792,-1.7052917,-1.5314636,-1.3947449,-1.4201355,-1.5500183,-1.521698,-1.3879089,-0.959198,-0.3859558,0.07791138,0.5036926,0.7263489,0.6159973,0.065216064,-0.70040894,-1.3361511,-1.8644714,-2.1564636,-2.2072449,-2.233612,-2.1799011,-2.0500183,-1.5490417,-1.0382996,-1.0549011,-1.3205261,-1.6818542,-1.8586121,-1.4572449,-0.99142456,-0.94259644,-1.1506042,-1.3605652,-1.7863464,-2.139862,-1.9670105,-1.7297058,-1.5129089,-1.5246277,-1.8166199,-1.8527527,-1.756073,-1.5724792,-1.7785339,-1.7746277,-1.7267761,0.20779419,0.8005676,0.8034973,0.42752075,-0.18185425,-0.53829956,-0.9884949,-0.95822144,-1.1183777,-2.686737,-2.9767761,-3.0431824,-3.5431824,-3.7062683,-4.179901,-4.073456,-4.0158386,-3.9513855,-4.039276,-4.052948,-4.0402527,-4.0343933,-3.9670105,-3.8556824,-3.7013855,-3.4728699,-3.2082214,-2.9181824,-2.669159,-2.4103699,-2.1828308,-2.0197449,-1.8595886,-1.7550964,-1.6476746,-1.5910339,-1.5158386,-1.5021667,-1.5236511,-1.5627136,-1.568573,-1.5334167,-1.4689636,-1.4787292,-1.4259949,-1.3947449,-1.3107605,-1.2209167
16.0,-3.0021667,-2.9826355,-2.7795105,-2.6095886,-2.7443542,-2.5822449,-2.2824402,-2.1603699,-2.0920105,-2.0666199,-2.3000183,-2.4299011,-1.6584167,-1.0851746,-0.86935425,-0.4718933,0.25076294,0.031036377,-2.4308777,-3.8625183,-4.401581,-4.7131042,-4.93869,-5.1584167,-5.394745,-5.6320496,-5.8576355,-5.724823,-5.5558777,-5.2052917,-4.7775574,-4.5744324,-4.292206,-4.1476746,-3.966034,-3.7687683,-3.5666199,-3.3840027,-3.3107605,-3.3156433,-3.3791199,-3.412323,-3.4631042,-3.5080261,-3.5070496,-3.5324402,-3.5988464,-3.7013855,-3.7892761,-3.8771667,-3.9396667,-3.9318542,-3.9269714,-3.8957214,-3.8517761,-3.7853699,-3.6955261,-3.6183777,-3.514862,-3.4377136,-3.342987,-3.3009949,-3.2482605,-3.155487,-3.0812683,-2.9933777,-2.921112,-2.8595886,-2.7795105,-2.6799011,-2.5734558,-2.4601746,-2.3644714,-2.2482605,-2.2013855,-2.1525574,-2.0763855,-1.9386902,-1.7502136,-1.6076355,-1.5412292,-1.5724792,-1.584198,-1.5070496,-1.474823,-1.1545105,-0.7189636,-0.22775269,0.19021606,0.56033325,0.8562317,0.78982544,0.3952942,-0.3703308,-1.256073,-1.8381042,-2.184784,-2.2384949,-2.2541199,-2.1818542,-2.084198,-1.8517761,-1.3439636,-1.0695496,-1.2648621,-1.7052917,-1.9025574,-1.6398621,-1.0959167,-0.9562683,-0.86154175,-1.0724792,-1.552948,-1.9259949,-1.8957214,-1.7287292,-1.4406433,-1.4230652,-1.7267761,-1.8576355,-1.7619324,-1.6066589,-1.6320496,-1.6662292,-1.5832214,0.181427,0.86013794,0.9753723,0.9519348,0.3484192,-0.41915894,-1.0158386,-1.1115417,-1.6183777,-3.6447449,-4.3039246,-4.3527527,-4.2521667,-4.4093933,-4.336151,-4.2599792,-4.2433777,-4.2189636,-4.2912292,-4.245331,-4.22287,-4.1232605,-4.054901,-3.9777527,-3.8332214,-3.6115417,-3.349823,-3.030487,-2.7824402,-2.5324402,-2.3908386,-2.2297058,-2.1252136,-2.0256042,-1.9250183,-1.8459167,-1.7550964,-1.6603699,-1.677948,-1.6896667,-1.6965027,-1.6886902,-1.6340027,-1.6007996,-1.5148621,-1.4660339,-1.3390808,-1.2306824
15.75,-1.7912292,-1.834198,-1.6408386,-2.2072449,-2.3478699,-2.1994324,-1.8615417,-1.6496277,-1.146698,-0.81173706,-0.99923706,-1.1398621,-1.3791199,-0.8156433,-0.18478394,0.4577942,0.4909973,-0.71017456,-3.2345886,-4.414276,-4.952362,-5.09787,-5.323456,-5.3937683,-5.554901,-5.546112,-5.559784,-5.3713074,-5.1564636,-4.807831,-4.6593933,-4.4582214,-4.238495,-4.0744324,-3.8859558,-3.7365417,-3.546112,-3.4797058,-3.4064636,-3.3947449,-3.4582214,-3.514862,-3.5578308,-3.559784,-3.6037292,-3.6545105,-3.7453308,-3.8478699,-3.9377136,-4.0256042,-4.006073,-3.9650574,-3.8849792,-3.8312683,-3.7863464,-3.6916199,-3.6007996,-3.481659,-3.3781433,-3.3312683,-3.2599792,-3.2355652,-3.2140808,-3.1261902,-2.9884949,-2.9006042,-2.796112,-2.733612,-2.6740417,-2.5705261,-2.4621277,-2.3478699,-2.294159,-2.2482605,-2.2013855,-2.1545105,-2.0783386,-1.9474792,-1.7668152,-1.6164246,-1.6203308,-1.7023621,-1.7111511,-1.6320496,-1.3302917,-1.0080261,-0.646698,-0.21115112,0.17654419,0.49002075,0.83670044,0.9997864,0.60720825,-0.16134644,-1.0490417,-1.7941589,-2.1447449,-2.2443542,-2.2267761,-2.1545105,-2.1203308,-1.8879089,-1.6720886,-1.4006042,-1.3127136,-1.4826355,-1.9601746,-1.7834167,-1.4152527,-1.3908386,-1.2882996,-1.3273621,-1.8097839,-1.8410339,-1.6632996,-1.5500183,-1.4230652,-1.5109558,-1.8537292,-1.9836121,-1.8127136,-1.6545105,-1.3390808,-1.5783386,-1.4757996,0.096466064,0.8396301,0.88064575,0.86209106,0.42556763,-0.35079956,-2.2306824,-2.6027527,-2.9230652,-4.1681824,-4.662323,-4.620331,-4.519745,-4.5119324,-4.4406433,-4.425995,-4.41037,-4.452362,-4.445526,-4.4025574,-4.3302917,-4.2306824,-4.1437683,-4.06662,-3.952362,-3.7511902,-3.4826355,-3.146698,-2.9113464,-2.7326355,-2.591034,-2.4670105,-2.3615417,-2.2843933,-2.1955261,-2.0656433,-1.9377136,-1.8215027,-1.802948,-1.8146667,-1.834198,-1.8263855,-1.7590027,-1.7013855,-1.5666199,-1.4504089,-1.3068542,-1.1506042
15.5,-0.4015808,-0.49923706,-0.8400574,-1.4074402,-1.9884949,-1.8088074,-1.459198,-1.1496277,-0.66329956,-0.059783936,-0.17404175,-0.19650269,-0.4357605,-0.59298706,0.13357544,0.38552856,-0.5558777,-2.256073,-3.7990417,-4.832245,-4.91037,-5.0558777,-5.21994,-5.294159,-5.325409,-5.2570496,-5.2101746,-5.030487,-4.8420105,-4.700409,-4.550995,-4.3713074,-4.1340027,-3.981659,-3.8127136,-3.7209167,-3.624237,-3.5871277,-3.5715027,-3.559784,-3.5968933,-3.6545105,-3.6584167,-3.6213074,-3.6818542,-3.809784,-3.8869324,-3.9562683,-4.046112,-4.0558777,-4.019745,-3.927948,-3.7951355,-3.7384949,-3.702362,-3.5939636,-3.4767761,-3.3576355,-3.2931824,-3.2424011,-3.240448,-3.2443542,-3.2287292,-3.1632996,-3.0070496,-2.8517761,-2.747284,-2.6349792,-2.5812683,-2.4865417,-2.4045105,-2.3127136,-2.3019714,-2.2697449,-2.216034,-2.169159,-2.1105652,-1.9816589,-1.8644714,-1.7531433,-1.756073,-1.7892761,-1.7834167,-1.5656433,-1.2638855,-1.0148621,-0.66915894,-0.3527527,0.021270752,0.34451294,0.78982544,0.9988098,0.85720825,0.087677,-0.8605652,-1.6340027,-1.9914246,-2.1125183,-2.1017761,-2.0920105,-2.0568542,-1.9416199,-1.7257996,-1.6828308,-1.6447449,-1.3371277,-2.0002136,-1.6701355,-1.7511902,-1.7863464,-1.8127136,-1.8517761,-1.802948,-1.7189636,-1.5549011,-1.4884949,-1.5470886,-1.9377136,-2.2414246,-2.193573,-2.021698,-1.5353699,-1.1252136,-1.7209167,-1.7082214,0.050567627,1.103302,0.99490356,0.9841614,0.5486145,-1.271698,-3.497284,-4.21994,-4.1340027,-4.5090027,-4.5295105,-4.5343933,-4.53244,-4.5246277,-4.5412292,-4.530487,-4.5412292,-4.5783386,-4.53244,-4.5002136,-4.4113464,-4.298065,-4.211151,-4.1300964,-4.0119324,-3.8390808,-3.5578308,-3.256073,-3.0470886,-2.8888855,-2.771698,-2.6486511,-2.5402527,-2.4631042,-2.372284,-2.1984558,-2.0402527,-1.9240417,-1.9025574,-1.9064636,-1.9259949,-1.8947449,-1.8244324,-1.7150574,-1.5412292,-1.3869324,-1.2209167,-1.0656433
15.25,0.23123169,0.50857544,0.09060669,-0.85372925,-1.5441589,-1.2736511,-0.9689636,-0.47579956,-0.43673706,-0.032440186,0.08572388,0.17068481,-0.33810425,-0.5812683,-0.9406433,-1.1925964,-2.7570496,-4.00412,-4.601776,-4.62619,-4.72287,-4.874237,-5.014862,-5.0959167,-5.0968933,-5.026581,-4.9240417,-4.787323,-4.7033386,-4.5656433,-4.398651,-4.1994324,-4.028534,-3.9396667,-3.7970886,-3.7687683,-3.7121277,-3.7082214,-3.7033386,-3.7580261,-3.8156433,-3.7590027,-3.724823,-3.6906433,-3.7482605,-3.887909,-3.9640808,-4.0275574,-4.042206,-4.0363464,-3.950409,-3.8439636,-3.7072449,-3.6369324,-3.5939636,-3.5070496,-3.3859558,-3.3000183,-3.249237,-3.2580261,-3.2638855,-3.2902527,-3.2707214,-3.2209167,-3.0646667,-2.8976746,-2.7326355,-2.6056824,-2.5275574,-2.4318542,-2.412323,-2.3556824,-2.327362,-2.256073,-2.1965027,-2.1564636,-2.0978699,-2.0578308,-1.9709167,-1.9289246,-1.9113464,-1.8576355,-1.6799011,-1.4728699,-1.2912292,-1.0734558,-0.8293152,-0.54122925,-0.17306519,0.18630981,0.66970825,1.0534973,0.9490051,0.36306763,-0.57247925,-1.2746277,-1.6447449,-1.7443542,-1.8000183,-1.8195496,-1.771698,-1.724823,-1.6652527,-1.6203308,-1.9211121,-1.7140808,-1.7414246,-1.7199402,-1.6965027,-1.9513855,-2.1574402,-2.1183777,-1.9025574,-1.7834167,-1.8947449,-1.9162292,-1.7257996,-2.1515808,-2.5236511,-2.4513855,-2.077362,-1.5168152,-1.0724792,-1.6828308,-1.927948,-0.41134644,0.6365051,0.9187317,0.8738098,0.03982544,-1.8771667,-3.7599792,-4.3371277,-4.2306824,-4.3302917,-4.4181824,-4.4982605,-4.488495,-4.5226746,-4.5402527,-4.5695496,-4.6095886,-4.6183777,-4.570526,-4.5314636,-4.3937683,-4.2834167,-4.18869,-4.1027527,-4.008026,-3.834198,-3.5715027,-3.3634949,-3.1369324,-3.0334167,-2.9230652,-2.796112,-2.6955261,-2.5431824,-2.4308777,-2.2228699,-2.0578308,-1.9611511,-1.9347839,-1.9289246,-1.8752136,-1.8293152,-1.7668152,-1.6545105,-1.4640808,-1.318573,-1.1447449,-0.98947144
15.0,0.63357544,0.89138794,0.12283325,-0.8078308,-0.7424011,-0.10079956,-0.067596436,0.22244263,-0.09005737,-0.39865112,-0.45333862,-1.0705261,-1.8566589,-2.6652527,-3.4797058,-3.5070496,-4.037323,-4.421112,-4.401581,-4.4621277,-4.6007996,-4.7638855,-4.887909,-4.9396667,-4.872284,-4.8088074,-4.6925964,-4.631073,-4.539276,-4.394745,-4.238495,-4.110565,-3.9513855,-3.8840027,-3.842987,-3.9084167,-3.8576355,-3.8683777,-3.8918152,-3.943573,-3.9767761,-3.9250183,-3.8390808,-3.7795105,-3.8400574,-3.8849792,-3.9562683,-3.9728699,-3.9640808,-3.9142761,-3.8175964,-3.717987,-3.6271667,-3.544159,-3.4709167,-3.4172058,-3.3595886,-3.2853699,-3.2892761,-3.3322449,-3.3263855,-3.3625183,-3.3361511,-3.2902527,-3.139862,-2.9767761,-2.8049011,-2.646698,-2.5470886,-2.467987,-2.4425964,-2.3713074,-2.3175964,-2.2150574,-2.1330261,-2.108612,-2.115448,-2.0900574,-2.0763855,-2.0568542,-2.0011902,-1.8244324,-1.6047058,-1.3888855,-1.2365417,-1.1271667,-0.93966675,-0.6281433,-0.25411987,0.09060669,0.63357544,1.0906067,1.1628723,0.6394348,-0.13009644,-0.7843933,-1.084198,-1.1261902,-1.1906433,-1.2121277,-1.2453308,-1.3136902,-1.2658386,-1.4884949,-2.0275574,-2.2082214,-1.5802917,-1.7394714,-2.1720886,-2.3869324,-2.3517761,-2.2189636,-2.2580261,-2.349823,-2.6125183,-2.4767761,-1.5607605,-1.8791199,-2.419159,-2.334198,-1.9650574,-1.6330261,-1.1711121,-1.3156433,-1.9699402,-1.1974792,0.29763794,0.6365051,0.62283325,-0.31954956,-2.2453308,-3.8634949,-4.0226746,-4.0695496,-4.122284,-4.22287,-4.300995,-4.394745,-4.479706,-4.5334167,-4.5558777,-4.584198,-4.5988464,-4.5412292,-4.432831,-4.318573,-4.214081,-4.1144714,-4.0187683,-3.9025574,-3.7550964,-3.5431824,-3.3781433,-3.2326355,-3.1496277,-3.0070496,-2.8507996,-2.6896667,-2.5158386,-2.3820496,-2.2013855,-2.0705261,-1.9757996,-1.9406433,-1.896698,-1.8263855,-1.7414246,-1.6447449,-1.5461121,-1.3927917,-1.2736511,-1.115448,-0.9670105
14.75,0.81033325,0.8747864,-0.06954956,-0.74728394,-0.22091675,0.6169739,0.42459106,0.2937317,-0.3888855,-1.2677917,-2.209198,-3.3009949,-4.144745,-4.584198,-4.700409,-4.405487,-4.1906433,-4.21994,-4.3058777,-4.385956,-4.47287,-4.592987,-4.72287,-4.7912292,-4.7638855,-4.695526,-4.5539246,-4.452362,-4.354706,-4.2345886,-4.1144714,-4.0334167,-4.023651,-4.0451355,-4.014862,-4.010956,-3.9689636,-3.9787292,-4.0090027,-4.0470886,-4.0539246,-3.9875183,-3.9084167,-3.8449402,-3.889862,-3.8674011,-3.8664246,-3.8625183,-3.8459167,-3.7892761,-3.6759949,-3.584198,-3.4806824,-3.3947449,-3.3468933,-3.325409,-3.3381042,-3.372284,-3.4132996,-3.4465027,-3.4240417,-3.3976746,-3.3459167,-3.3166199,-3.209198,-3.0539246,-2.8732605,-2.7043152,-2.5959167,-2.5402527,-2.5382996,-2.4621277,-2.3527527,-2.1769714,-2.0812683,-2.106659,-2.1701355,-2.1955261,-2.1984558,-2.1603699,-2.0050964,-1.7775574,-1.5197449,-1.3322449,-1.2345886,-1.1379089,-0.9259949,-0.59298706,-0.25704956,0.11013794,0.6843567,1.2058411,1.3659973,1.0466614,0.42459106,-0.12033081,-0.35861206,-0.33224487,-0.31466675,-0.25216675,-0.3234558,-0.3449402,-0.40548706,-0.90841675,-1.7902527,-1.9670105,-1.5353699,-1.6066589,-1.9181824,-2.0070496,-2.059784,-2.231659,-2.5519714,-2.9562683,-3.1769714,-2.5334167,-1.5451355,-1.7902527,-2.1662292,-2.0031433,-1.8244324,-1.802948,-1.5480652,-1.3957214,-2.0763855,-1.5441589,0.09158325,0.6706848,0.587677,-0.33517456,-2.0812683,-3.624237,-3.8634949,-4.0246277,-3.9572449,-4.030487,-4.0812683,-4.1750183,-4.25412,-4.3195496,-4.423065,-4.479706,-4.466034,-4.391815,-4.2687683,-4.1994324,-4.106659,-4.019745,-3.9269714,-3.7922058,-3.6886902,-3.546112,-3.4006042,-3.2736511,-3.1652527,-3.0226746,-2.8547058,-2.6642761,-2.4601746,-2.3302917,-2.1662292,-2.0656433,-1.9738464,-1.9250183,-1.8586121,-1.8000183,-1.7453308,-1.6564636,-1.5715027,-1.4513855,-1.2795105,-1.1242371,-0.974823
14.5,0.7204895,1.1169739,0.7077942,0.228302,0.16970825,-0.016815186,-0.21896362,-0.3527527,-1.2941589,-2.5470886,-3.6720886,-4.454315,-4.733612,-4.7912292,-4.6115417,-4.3644714,-4.260956,-4.1896667,-4.184784,-4.226776,-4.334198,-4.4582214,-4.554901,-4.5832214,-4.550995,-4.467987,-4.4465027,-4.37619,-4.3068542,-4.2345886,-4.1877136,-4.153534,-4.151581,-4.1476746,-4.113495,-4.084198,-4.099823,-4.1027527,-4.1056824,-4.113495,-4.0763855,-3.934784,-3.8625183,-3.8595886,-3.8263855,-3.7531433,-3.702362,-3.6750183,-3.6564636,-3.6115417,-3.506073,-3.4172058,-3.327362,-3.2687683,-3.2677917,-3.3127136,-3.387909,-3.483612,-3.5422058,-3.552948,-3.4943542,-3.3908386,-3.3488464,-3.3068542,-3.2013855,-3.0509949,-2.8927917,-2.7609558,-2.6906433,-2.6300964,-2.5744324,-2.4425964,-2.2970886,-2.200409,-2.137909,-2.1642761,-2.256073,-2.3420105,-2.3000183,-2.209198,-2.0109558,-1.7638855,-1.5041199,-1.3283386,-1.2179871,-1.0754089,-0.80197144,-0.47286987,-0.24142456,0.16775513,0.7722473,1.3396301,1.5495911,1.3630676,0.8904114,0.49002075,0.3406067,0.4831848,0.58670044,0.7068176,0.72146606,0.80740356,0.77420044,0.197052,-0.94259644,-1.7629089,-1.9084167,-1.5451355,-1.7648621,-1.6545105,-1.693573,-1.9777527,-2.427948,-2.9416199,-2.9797058,-1.8634949,-1.5090027,-1.6974792,-1.6427917,-1.4504089,-1.5041199,-1.5802917,-1.2052917,-0.92697144,-1.2453308,-1.4299011,0.0046691895,0.7732239,0.8200989,-0.115448,-1.9015808,-3.4074402,-3.662323,-3.794159,-3.9797058,-4.0090027,-3.9259949,-3.9377136,-3.9943542,-4.0715027,-4.162323,-4.2033386,-4.1750183,-4.131073,-4.0588074,-4.0490417,-3.9757996,-3.8927917,-3.827362,-3.7687683,-3.6759949,-3.514862,-3.4406433,-3.2990417,-3.146698,-2.9894714,-2.8088074,-2.6134949,-2.4445496,-2.3400574,-2.193573,-2.1281433,-2.0314636,-2.0041199,-1.9611511,-1.9084167,-1.8459167,-1.7521667,-1.6457214,-1.5138855,-1.3459167,-1.2170105,-1.1086121
14.25,0.66189575,1.040802,1.0984192,0.60232544,-0.5031433,-1.3390808,-1.8107605,-2.2863464,-3.0422058,-3.575409,-4.3019714,-4.31662,-4.3644714,-4.2990417,-4.2394714,-4.200409,-4.0763855,-4.00119,-4.023651,-4.0851746,-4.171112,-4.28537,-4.421112,-4.497284,-4.5470886,-4.4933777,-4.4357605,-4.367401,-4.3146667,-4.2814636,-4.2677917,-4.3068542,-4.3127136,-4.269745,-4.266815,-4.2131042,-4.144745,-4.1388855,-4.0812683,-4.0402527,-3.9513855,-3.8449402,-3.7511902,-3.7033386,-3.6427917,-3.5705261,-3.521698,-3.4884949,-3.4709167,-3.4416199,-3.3537292,-3.2658386,-3.2199402,-3.2072449,-3.2414246,-3.3302917,-3.4718933,-3.5871277,-3.6545105,-3.6359558,-3.490448,-3.3556824,-3.3088074,-3.2619324,-3.1750183,-3.0549011,-2.9132996,-2.8293152,-2.7795105,-2.7521667,-2.637909,-2.4543152,-2.3009949,-2.2297058,-2.231659,-2.2677917,-2.3664246,-2.4582214,-2.3908386,-2.2443542,-2.0041199,-1.771698,-1.5422058,-1.3791199,-1.2345886,-0.9884949,-0.6886902,-0.37423706,-0.18771362,0.21951294,0.79470825,1.368927,1.6355286,1.5085754,1.2634583,0.98709106,0.962677,1.1277161,1.3025208,1.4968567,1.6120911,1.8327942,1.8523254,1.4079895,0.35427856,-1.1076355,-1.7345886,-1.5021667,-1.4289246,-1.3791199,-1.2668152,-1.4513855,-1.9972839,-2.6564636,-2.5568542,-1.3683777,-1.4230652,-1.7697449,-1.5256042,-1.4494324,-1.6017761,-1.5578308,-1.0744324,-0.677948,-0.67892456,-0.72384644,0.13357544,0.9802551,1.0437317,0.19216919,-1.5236511,-3.3322449,-3.6115417,-3.6330261,-3.874237,-3.9416199,-3.8605652,-3.7228699,-3.7189636,-3.7687683,-3.8459167,-3.9308777,-3.9465027,-3.9152527,-3.8849792,-3.8800964,-3.8576355,-3.7931824,-3.7531433,-3.7111511,-3.6593933,-3.546112,-3.4543152,-3.2668152,-3.1291199,-2.9601746,-2.7824402,-2.631073,-2.483612,-2.381073,-2.2658386,-2.2199402,-2.1437683,-2.0959167,-2.0627136,-2.0207214,-1.9738464,-1.8976746,-1.7795105,-1.6359558,-1.4689636,-1.3410339,-1.2746277
14.0,-0.271698,-0.1701355,-0.27365112,-1.0070496,-2.068573,-2.8644714,-3.3302917,-3.7218933,-3.8605652,-4.1213074,-4.1183777,-4.1427917,-4.070526,-4.0295105,-4.026581,-4.0158386,-3.9943542,-3.896698,-3.8605652,-3.936737,-4.0343933,-4.207245,-4.365448,-4.4533386,-4.467987,-4.4582214,-4.429901,-4.394745,-4.394745,-4.3693542,-4.354706,-4.374237,-4.3957214,-4.387909,-4.325409,-4.2677917,-4.1769714,-4.0568542,-3.9943542,-3.8849792,-3.7853699,-3.7082214,-3.6232605,-3.5607605,-3.4728699,-3.3986511,-3.356659,-3.334198,-3.3361511,-3.3058777,-3.2736511,-3.2131042,-3.1808777,-3.2326355,-3.3009949,-3.4494324,-3.5851746,-3.6886902,-3.7463074,-3.624237,-3.4709167,-3.3195496,-3.2531433,-3.2170105,-3.186737,-3.0822449,-3.037323,-2.981659,-2.9308777,-2.8849792,-2.7013855,-2.5021667,-2.3918152,-2.3166199,-2.334198,-2.4103699,-2.506073,-2.4884949,-2.4172058,-2.2414246,-2.0041199,-1.7804871,-1.568573,-1.4142761,-1.2472839,-0.99435425,-0.67111206,-0.34884644,-0.15548706,0.27908325,0.83670044,1.3279114,1.6013489,1.6111145,1.4060364,1.3708801,1.4431458,1.6374817,1.8806458,2.0740051,2.283966,2.4958801,2.6560364,2.2800598,1.4880676,0.11502075,-1.4084167,-1.9650574,-1.5627136,-1.1916199,-0.9963074,-0.9484558,-1.5002136,-2.2726746,-2.0041199,-1.2638855,-1.5090027,-1.7941589,-1.5636902,-1.5509949,-1.8908386,-1.8381042,-1.256073,-0.8166199,-0.6447449,-0.568573,0.18240356,1.0378723,1.1931458,0.6443176,-1.0402527,-3.1701355,-3.5968933,-3.568573,-3.6994324,-3.7658386,-3.7521667,-3.608612,-3.537323,-3.5871277,-3.6408386,-3.716034,-3.7521667,-3.7892761,-3.7912292,-3.7824402,-3.7619324,-3.7414246,-3.7140808,-3.6886902,-3.6408386,-3.5588074,-3.4425964,-3.2550964,-3.0822449,-2.9152527,-2.7746277,-2.6369324,-2.5080261,-2.4269714,-2.3791199,-2.3166199,-2.2765808,-2.2345886,-2.1965027,-2.1447449,-2.0939636,-2.0070496,-1.8918152,-1.7375183,-1.6066589,-1.4963074,-1.4943542
13.75,-1.8039246,-1.7531433,-2.2150574,-2.9396667,-3.2668152,-3.8840027,-4.110565,-4.2394714,-4.0920105,-4.059784,-4.0256042,-3.9894714,-3.9220886,-3.9416199,-3.919159,-3.8166199,-3.7697449,-3.7131042,-3.7863464,-3.8703308,-3.9777527,-4.1496277,-4.3224792,-4.4132996,-4.466034,-4.481659,-4.4552917,-4.4289246,-4.4132996,-4.427948,-4.4152527,-4.4113464,-4.4093933,-4.3927917,-4.302948,-4.214081,-4.1056824,-3.9709167,-3.8459167,-3.7375183,-3.6486511,-3.5636902,-3.4806824,-3.4181824,-3.3361511,-3.3136902,-3.2834167,-3.3107605,-3.3127136,-3.3000183,-3.264862,-3.2433777,-3.2170105,-3.3068542,-3.4328308,-3.5812683,-3.693573,-3.7931824,-3.7199402,-3.5871277,-3.4357605,-3.2814636,-3.216034,-3.1925964,-3.1945496,-3.2355652,-3.1925964,-3.184784,-3.1271667,-3.0109558,-2.809784,-2.6056824,-2.4982605,-2.4064636,-2.374237,-2.450409,-2.5080261,-2.4855652,-2.3761902,-2.1955261,-1.9855652,-1.8097839,-1.6125183,-1.4914246,-1.3244324,-1.0783386,-0.7580261,-0.39767456,-0.16720581,0.24099731,0.7341614,1.2292786,1.5417786,1.556427,1.5827942,1.5622864,1.790802,2.0144348,2.2878723,2.4958801,2.6999817,2.8054504,2.962677,2.8611145,2.094513,0.7859192,-1.1261902,-2.3293152,-1.7756042,-1.3205261,-0.7638855,-0.70822144,-1.0246277,-1.7170105,-1.615448,-1.3215027,-1.5822449,-1.6613464,-1.5031433,-1.6105652,-1.9396667,-1.8205261,-1.3576355,-0.96798706,-0.50997925,-0.24142456,0.5505676,1.2370911,1.2888489,0.7390442,-0.8595886,-2.9465027,-3.5812683,-3.5343933,-3.6007996,-3.622284,-3.5968933,-3.5158386,-3.4465027,-3.4777527,-3.5334167,-3.6193542,-3.6437683,-3.7043152,-3.7209167,-3.731659,-3.740448,-3.7209167,-3.7111511,-3.6857605,-3.615448,-3.5031433,-3.3683777,-3.1984558,-3.0334167,-2.9259949,-2.7863464,-2.6769714,-2.5646667,-2.499237,-2.4709167,-2.4152527,-2.3791199,-2.3371277,-2.3107605,-2.2609558,-2.1984558,-2.106659,-1.9894714,-1.8293152,-1.7277527,-1.6593933,-1.6574402
13.5,-3.0002136,-3.1896667,-3.6427917,-3.818573,-4.141815,-4.233612,-4.3439636,-4.2863464,-4.0695496,-3.981659,-3.8439636,-3.8078308,-3.771698,-3.787323,-3.6857605,-3.5588074,-3.5070496,-3.5402527,-3.6808777,-3.8468933,-3.9552917,-4.0715027,-4.242401,-4.3283386,-4.4006042,-4.495331,-4.5099792,-4.481659,-4.4338074,-4.445526,-4.412323,-4.4084167,-4.3312683,-4.2756042,-4.200409,-4.0724792,-3.974823,-3.8830261,-3.7580261,-3.6476746,-3.5578308,-3.4093933,-3.3078308,-3.2668152,-3.2658386,-3.2726746,-3.3156433,-3.3439636,-3.365448,-3.3527527,-3.3332214,-3.327362,-3.3068542,-3.4308777,-3.5763855,-3.7443542,-3.8547058,-3.749237,-3.6720886,-3.5402527,-3.4084167,-3.302948,-3.2609558,-3.2375183,-3.3420105,-3.3840027,-3.4220886,-3.4132996,-3.278534,-3.1203308,-2.9045105,-2.7072449,-2.5783386,-2.4445496,-2.4103699,-2.4152527,-2.4709167,-2.4377136,-2.3244324,-2.1857605,-2.014862,-1.865448,-1.7463074,-1.6232605,-1.3957214,-1.1496277,-0.84884644,-0.49923706,-0.2511902,0.11013794,0.57107544,1.072052,1.3865051,1.6013489,1.6296692,1.6833801,1.9324036,2.1677551,2.4773254,2.6872864,2.9021301,3.0066223,3.049591,2.9480286,2.3454895,1.1042786,-0.7980652,-2.5011902,-1.9924011,-1.3937683,-0.8439636,-0.49142456,-0.7980652,-1.0978699,-1.1965027,-1.3908386,-1.740448,-1.8127136,-1.9035339,-2.0041199,-1.6965027,-1.568573,-1.4201355,-1.1174011,-0.21310425,0.28884888,0.9841614,1.1072083,1.1589661,0.78982544,-0.80197144,-2.834198,-3.5470886,-3.5187683,-3.561737,-3.5666199,-3.544159,-3.4640808,-3.4650574,-3.4963074,-3.5041199,-3.5656433,-3.5519714,-3.6525574,-3.6681824,-3.7238464,-3.733612,-3.7209167,-3.7111511,-3.6252136,-3.5324402,-3.3888855,-3.2511902,-3.1047058,-2.9924011,-2.8849792,-2.8039246,-2.6955261,-2.6476746,-2.5763855,-2.5412292,-2.5050964,-2.4572449,-2.412323,-2.3859558,-2.3371277,-2.2746277,-2.1603699,-2.037323,-1.9064636,-1.8371277,-1.8000183,-1.8527527
13.25,-3.6164246,-3.8244324,-3.9631042,-4.1388855,-4.2638855,-4.3156433,-4.363495,-4.3146667,-4.1271667,-3.8791199,-3.7394714,-3.5812683,-3.5451355,-3.4767761,-3.3703308,-3.325409,-3.3527527,-3.4357605,-3.6125183,-3.778534,-3.9181824,-4.0343933,-4.2726746,-4.349823,-4.4650574,-4.6095886,-4.6193542,-4.50412,-4.454315,-4.3927917,-4.3595886,-4.3127136,-4.238495,-4.099823,-4.0363464,-3.9240417,-3.8478699,-3.780487,-3.6613464,-3.5519714,-3.405487,-3.2414246,-3.1340027,-3.1359558,-3.2345886,-3.3215027,-3.3752136,-3.4474792,-3.4689636,-3.4670105,-3.450409,-3.4552917,-3.427948,-3.5558777,-3.7170105,-3.8840027,-3.8976746,-3.7912292,-3.6388855,-3.5090027,-3.4513855,-3.4025574,-3.3703308,-3.3664246,-3.4894714,-3.606659,-3.6447449,-3.5451355,-3.3976746,-3.1838074,-2.966034,-2.7980652,-2.653534,-2.5226746,-2.4015808,-2.4064636,-2.4045105,-2.372284,-2.334198,-2.2482605,-2.0978699,-1.9855652,-1.8771667,-1.6828308,-1.4552917,-1.1769714,-0.8781433,-0.61642456,-0.39865112,-0.051971436,0.36502075,0.8816223,1.2986145,1.5134583,1.6325989,1.697052,1.8904114,2.096466,2.4128723,2.6072083,2.8318176,2.938263,2.9812317,3.0017395,2.4255676,1.4226379,-0.21896362,-2.037323,-2.0783386,-1.4631042,-1.146698,-0.7931824,-0.9494324,-1.0705261,-1.1281433,-1.5002136,-1.8674011,-2.2062683,-2.3625183,-2.450409,-2.1418152,-1.4953308,-1.3459167,-1.0949402,-0.08126831,0.5671692,1.1267395,1.1706848,1.0671692,0.69802856,-0.72872925,-2.7443542,-3.521698,-3.5226746,-3.5793152,-3.5549011,-3.5500183,-3.5646667,-3.5656433,-3.5480652,-3.5392761,-3.499237,-3.4631042,-3.591034,-3.6418152,-3.702362,-3.7072449,-3.6945496,-3.6271667,-3.5236511,-3.4064636,-3.2707214,-3.1457214,-3.0705261,-2.9640808,-2.9084167,-2.8283386,-2.7502136,-2.7209167,-2.6515808,-2.6076355,-2.5568542,-2.4855652,-2.4455261,-2.3996277,-2.3517761,-2.2902527,-2.1740417,-2.0646667,-1.9845886,-1.9396667,-1.9943542,-2.0588074
13.0,-3.9318542,-3.9015808,-4.0343933,-4.1056824,-4.217987,-4.2638855,-4.396698,-4.327362,-4.12619,-3.8468933,-3.6213074,-3.4113464,-3.216034,-3.1476746,-3.1476746,-3.1281433,-3.2580261,-3.3732605,-3.5324402,-3.7062683,-3.8478699,-4.1281433,-4.387909,-4.5607605,-4.711151,-4.7345886,-4.5031433,-4.298065,-4.342987,-4.2970886,-4.2814636,-4.2218933,-4.113495,-3.959198,-3.8576355,-3.787323,-3.6994324,-3.591034,-3.4709167,-3.3771667,-3.2306824,-3.0988464,-3.0119324,-3.0881042,-3.2892761,-3.4045105,-3.5363464,-3.6076355,-3.6349792,-3.6340027,-3.615448,-3.615448,-3.5695496,-3.6730652,-3.8205261,-3.912323,-3.9172058,-3.7931824,-3.637909,-3.575409,-3.5402527,-3.5295105,-3.4894714,-3.512909,-3.6486511,-3.7677917,-3.756073,-3.646698,-3.4084167,-3.1916199,-3.021698,-2.9269714,-2.7863464,-2.6213074,-2.481659,-2.3849792,-2.3674011,-2.3674011,-2.381073,-2.3449402,-2.209198,-2.0968933,-1.9201355,-1.7170105,-1.4797058,-1.1965027,-0.94747925,-0.7218933,-0.5607605,-0.22286987,0.1892395,0.7234192,1.1599426,1.4392395,1.5642395,1.5886536,1.7478333,1.8718567,2.1179504,2.2956848,2.5417786,2.6648254,2.7800598,2.797638,2.657013,1.8161926,0.5700989,-1.3361511,-1.7521667,-1.2853699,-1.0480652,-1.2033386,-1.4650574,-1.8224792,-1.3800964,-1.6379089,-1.7472839,-2.2707214,-2.7297058,-2.811737,-2.3888855,-1.6672058,-1.2433777,-0.9875183,-0.28927612,0.63552856,1.2898254,1.3181458,1.2273254,0.8630676,-0.584198,-2.8078308,-3.552948,-3.5382996,-3.6476746,-3.606659,-3.6838074,-3.6955261,-3.6808777,-3.6730652,-3.5226746,-3.4484558,-3.427948,-3.5392761,-3.6076355,-3.6476746,-3.6476746,-3.6007996,-3.5236511,-3.4338074,-3.325409,-3.2189636,-3.1183777,-3.0832214,-3.0168152,-2.9631042,-2.8996277,-2.8351746,-2.7658386,-2.709198,-2.669159,-2.5636902,-2.490448,-2.4132996,-2.3664246,-2.309784,-2.2482605,-2.2033386,-2.1076355,-2.099823,-2.1007996,-2.1945496,-2.3088074
12.75,-4.485565,-4.327362,-4.238495,-4.25119,-4.2951355,-4.3039246,-4.280487,-4.120331,-3.9445496,-3.7394714,-3.514862,-3.2609558,-3.0275574,-2.8547058,-2.8322449,-2.9455261,-3.1125183,-3.2570496,-3.4728699,-3.646698,-3.9230652,-4.296112,-4.108612,-4.1281433,-4.0988464,-3.8937683,-3.4181824,-3.9757996,-4.1193542,-4.214081,-4.207245,-4.1164246,-3.959198,-3.818573,-3.662323,-3.530487,-3.4074402,-3.3244324,-3.2638855,-3.1896667,-3.1457214,-3.052948,-3.0812683,-3.1828308,-3.4064636,-3.5881042,-3.7131042,-3.7550964,-3.7853699,-3.8127136,-3.7912292,-3.7619324,-3.7257996,-3.8234558,-3.8947449,-3.9543152,-3.9269714,-3.8058777,-3.6799011,-3.6369324,-3.631073,-3.631073,-3.6134949,-3.6818542,-3.796112,-3.8381042,-3.7990417,-3.6252136,-3.3478699,-3.1720886,-3.0636902,-3.0246277,-2.943573,-2.7707214,-2.592987,-2.4718933,-2.4103699,-2.396698,-2.427948,-2.4299011,-2.3049011,-2.1418152,-1.9377136,-1.7384949,-1.5177917,-1.302948,-1.0988464,-0.8752136,-0.7013855,-0.37716675,0.037872314,0.5593567,1.0085754,1.2976379,1.400177,1.4148254,1.4548645,1.5007629,1.6609192,1.8718567,2.1247864,2.3679504,2.5193176,2.5700989,2.4617004,2.1150208,1.1130676,-0.927948,-1.8390808,-1.3117371,-1.2882996,-1.5314636,-1.5304871,-1.4367371,-1.6535339,-1.7140808,-1.6183777,-2.0031433,-2.5539246,-2.677948,-2.3068542,-1.6672058,-1.1525574,-1.0011902,-0.58810425,0.5271301,1.2419739,1.2683411,1.2790833,0.9284973,-0.6095886,-2.9045105,-3.6369324,-3.5812683,-3.7209167,-3.740448,-3.8400574,-3.858612,-3.818573,-3.686737,-3.481659,-3.4132996,-3.4230652,-3.5256042,-3.561737,-3.5900574,-3.6027527,-3.5509949,-3.481659,-3.4113464,-3.3459167,-3.2795105,-3.2052917,-3.1525574,-3.1037292,-3.028534,-2.9513855,-2.8771667,-2.8049011,-2.7531433,-2.7150574,-2.6340027,-2.5705261,-2.452362,-2.3849792,-2.3205261,-2.2736511,-2.2521667,-2.2443542,-2.2834167,-2.3361511,-2.5099792,-2.631073
12.5,-4.7218933,-4.5715027,-4.457245,-4.4308777,-4.4738464,-4.452362,-4.2638855,-4.0724792,-3.849823,-3.592987,-3.3361511,-3.075409,-2.7863464,-2.5539246,-2.4963074,-2.6701355,-2.9318542,-3.1799011,-3.4709167,-3.700409,-3.8849792,-3.6340027,-2.5412292,-1.0304871,-0.48458862,-1.0754089,-1.7570496,-3.240448,-4.010956,-4.18869,-4.144745,-4.0295105,-3.7590027,-3.5246277,-3.3039246,-3.1838074,-3.0763855,-3.0705261,-3.0490417,-3.0636902,-3.1164246,-3.1672058,-3.2550964,-3.372284,-3.5861511,-3.762909,-3.8771667,-3.9201355,-3.9494324,-3.9738464,-3.9494324,-3.9172058,-3.8693542,-3.9152527,-3.9601746,-3.9767761,-3.9318542,-3.8195496,-3.7131042,-3.6886902,-3.6906433,-3.6838074,-3.7365417,-3.8058777,-3.8478699,-3.8166199,-3.7101746,-3.5480652,-3.3615417,-3.209198,-3.1564636,-3.1232605,-3.0207214,-2.8732605,-2.7131042,-2.591034,-2.5119324,-2.4582214,-2.452362,-2.4689636,-2.3420105,-2.1974792,-2.021698,-1.8381042,-1.6437683,-1.4533386,-1.2834167,-1.0793152,-0.881073,-0.56954956,-0.162323,0.32888794,0.7702942,1.0368958,1.1111145,1.0661926,1.025177,1.087677,1.2263489,1.4812317,1.7449036,2.0154114,2.2331848,2.3318176,2.3093567,2.0867004,1.0427551,-0.62228394,-1.3195496,-1.0304871,-1.2043152,-1.3586121,-1.2843933,-1.5021667,-1.5324402,-2.2521667,-2.2433777,-2.3244324,-2.4513855,-2.2424011,-1.7853699,-1.3996277,-1.2599792,-1.1174011,-0.5480652,0.4284973,0.9421692,1.2204895,1.290802,0.65701294,-1.0304871,-3.0519714,-3.6730652,-3.6486511,-3.7902527,-3.8771667,-3.966034,-3.9631042,-3.8439636,-3.6613464,-3.4943542,-3.405487,-3.3859558,-3.4943542,-3.512909,-3.5382996,-3.5724792,-3.584198,-3.5578308,-3.5090027,-3.4328308,-3.3537292,-3.342987,-3.2882996,-3.2375183,-3.146698,-3.0402527,-2.9562683,-2.896698,-2.8381042,-2.8019714,-2.716034,-2.631073,-2.528534,-2.4728699,-2.4357605,-2.4289246,-2.4943542,-2.5275574,-2.6388855,-2.6828308,-2.8449402,-2.999237
12.25,-4.75412,-4.5812683,-4.5099792,-4.542206,-4.6037292,-4.6271667,-4.5256042,-4.3244324,-3.9738464,-3.764862,-3.3869324,-2.9181824,-2.4289246,-2.1144714,-1.9943542,-2.146698,-2.747284,-3.2599792,-3.5334167,-3.6632996,-3.5558777,-3.1007996,-2.2970886,-1.6447449,-1.7257996,-3.131073,-3.8371277,-4.2082214,-4.1408386,-4.0724792,-3.8615417,-3.6047058,-3.3195496,-3.1115417,-2.9572449,-2.9484558,-2.8869324,-2.9552917,-3.0500183,-3.216034,-3.3625183,-3.4572449,-3.5334167,-3.5832214,-3.7707214,-3.9386902,-4.0256042,-4.0490417,-4.050995,-4.052948,-4.0275574,-4.0050964,-3.990448,-3.9787292,-3.981659,-3.9709167,-3.9250183,-3.8625183,-3.8019714,-3.7677917,-3.7687683,-3.771698,-3.8488464,-3.887909,-3.8576355,-3.7795105,-3.6486511,-3.5041199,-3.3840027,-3.271698,-3.224823,-3.169159,-3.068573,-2.9201355,-2.771698,-2.6515808,-2.568573,-2.5236511,-2.5070496,-2.5177917,-2.4084167,-2.3019714,-2.1349792,-1.9484558,-1.7795105,-1.615448,-1.4465027,-1.2648621,-1.0480652,-0.77853394,-0.42404175,0.001739502,0.41384888,0.63845825,0.66189575,0.5661926,0.49588013,0.6296692,0.85720825,1.1706848,1.4958801,1.7771301,1.9831848,2.096466,2.1452942,1.9812317,0.9646301,-0.45529175,-0.92111206,-0.91134644,-0.90353394,-0.9152527,-0.896698,-0.9611511,-1.3849792,-2.0832214,-2.3283386,-2.0861511,-1.8517761,-1.6857605,-1.6808777,-1.7101746,-1.6232605,-1.1252136,-0.2951355,0.43338013,0.6599426,1.0622864,1.1843567,0.10916138,-1.8507996,-3.278534,-3.5588074,-3.7150574,-3.8400574,-3.9953308,-4.0402527,-4.0002136,-3.8488464,-3.6545105,-3.5099792,-3.427948,-3.4631042,-3.5002136,-3.5480652,-3.6369324,-3.6838074,-3.709198,-3.6955261,-3.6281433,-3.5900574,-3.4982605,-3.4396667,-3.396698,-3.3166199,-3.2384949,-3.1720886,-3.099823,-3.021698,-2.9562683,-2.934784,-2.8859558,-2.8390808,-2.7902527,-2.7443542,-2.7209167,-2.7482605,-2.8420105,-2.8800964,-3.0265808,-3.0812683,-3.2228699,-3.325409
12.0,-5.1945496,-4.9982605,-4.898651,-4.9084167,-4.9240417,-4.9357605,-5.0246277,-4.8625183,-4.3127136,-3.639862,-3.2599792,-2.764862,-2.099823,-1.3234558,-1.1740417,-1.6193542,-2.3820496,-3.0881042,-3.3703308,-3.3918152,-3.1047058,-2.7345886,-2.6974792,-2.662323,-3.262909,-4.202362,-4.4787292,-4.1720886,-4.0500183,-3.717987,-3.3849792,-3.0226746,-2.8127136,-2.8049011,-2.8019714,-2.874237,-2.943573,-3.0558777,-3.2795105,-3.4933777,-3.6945496,-3.787323,-3.8156433,-3.8009949,-3.9201355,-4.0490417,-4.1281433,-4.139862,-4.1349792,-4.110565,-4.075409,-4.0431824,-4.030487,-4.0021667,-3.9806824,-3.9943542,-3.990448,-3.950409,-3.919159,-3.8820496,-3.874237,-3.8644714,-3.8869324,-3.8468933,-3.7951355,-3.7062683,-3.5949402,-3.512909,-3.4318542,-3.3644714,-3.2765808,-3.1720886,-3.1027527,-2.9689636,-2.8605652,-2.7511902,-2.6681824,-2.6281433,-2.615448,-2.6359558,-2.5549011,-2.443573,-2.2843933,-2.0959167,-1.9162292,-1.7570496,-1.6095886,-1.4777527,-1.2824402,-1.0754089,-0.7746277,-0.40548706,-0.07736206,0.1267395,0.13845825,0.0642395,0.12185669,0.353302,0.6950989,1.0154114,1.2790833,1.4978333,1.6960754,1.8103333,1.8435364,1.7468567,1.0671692,-0.25411987,-0.63009644,-0.40353394,-0.48361206,-0.7140808,-0.91134644,-0.93966675,-0.91134644,-1.3478699,-1.4152527,-1.3332214,-1.2629089,-1.1183777,-1.3166199,-1.8146667,-1.4943542,-0.77853394,-0.06466675,0.6921692,0.7302551,1.0906067,1.0036926,-0.3156433,-2.387909,-3.4533386,-3.4933777,-3.733612,-3.8244324,-3.9826355,-4.00119,-3.9357605,-3.8166199,-3.7121277,-3.6017761,-3.5021667,-3.5353699,-3.6027527,-3.709198,-3.802948,-3.8664246,-3.9025574,-3.903534,-3.8332214,-3.756073,-3.6506042,-3.5578308,-3.5031433,-3.4377136,-3.3957214,-3.3459167,-3.3009949,-3.2414246,-3.2140808,-3.1828308,-3.1701355,-3.1574402,-3.1095886,-3.1134949,-3.1095886,-3.1261902,-3.1955261,-3.2746277,-3.4084167,-3.4484558,-3.552948,-3.6125183
11.75,-6.238495,-6.0558777,-5.792206,-5.1437683,-4.959198,-4.66037,-4.4982605,-4.318573,-3.6408386,-2.6486511,-2.3537292,-1.9406433,-0.44454956,0.7468567,-0.4045105,-1.4445496,-2.1740417,-2.7912292,-3.0734558,-3.0031433,-2.818573,-2.8556824,-2.903534,-3.3166199,-3.9308777,-4.3595886,-4.3996277,-4.175995,-3.7052917,-3.2570496,-2.7590027,-2.4757996,-2.537323,-2.6125183,-2.7882996,-2.9757996,-3.1359558,-3.3927917,-3.6144714,-3.842987,-4.0334167,-4.0802917,-4.0724792,-4.0246277,-4.0519714,-4.1427917,-4.175995,-4.1769714,-4.144745,-4.1193542,-4.106659,-4.09494,-4.0763855,-4.0724792,-4.046112,-4.0226746,-4.028534,-4.0382996,-4.016815,-4.00119,-3.9875183,-3.9386902,-3.8888855,-3.8302917,-3.7541199,-3.6672058,-3.5793152,-3.5002136,-3.4474792,-3.3761902,-3.342987,-3.2658386,-3.1974792,-3.108612,-2.999237,-2.889862,-2.802948,-2.8088074,-2.8234558,-2.827362,-2.724823,-2.5871277,-2.4172058,-2.2326355,-2.0744324,-1.9289246,-1.8273621,-1.6945496,-1.5431824,-1.4172058,-1.1681824,-0.9152527,-0.5939636,-0.40646362,-0.38790894,-0.29611206,-0.13693237,0.19021606,0.52420044,0.8142395,0.9607239,1.150177,1.2585754,1.3542786,1.3757629,1.2702942,0.96658325,0.003692627,-0.35568237,-0.023651123,-0.0920105,-0.58029175,-0.834198,-0.72872925,-0.7218933,-0.55197144,-0.4465027,-0.7931824,-0.8136902,-0.7306824,-0.8400574,-1.1340027,-1.0168152,-0.599823,-0.011932373,0.79763794,0.8425598,0.9284973,0.60427856,-1.0900574,-3.014862,-3.3986511,-3.506073,-3.702362,-3.8283386,-3.9533386,-3.9543152,-3.8927917,-3.811737,-3.7121277,-3.6789246,-3.6183777,-3.6330261,-3.764862,-3.8820496,-3.9953308,-4.06662,-4.06662,-4.0382996,-4.0256042,-3.9562683,-3.849823,-3.7580261,-3.6906433,-3.6564636,-3.6203308,-3.606659,-3.5695496,-3.5324402,-3.5177917,-3.5480652,-3.5490417,-3.5539246,-3.5324402,-3.530487,-3.5334167,-3.5509949,-3.5959167,-3.653534,-3.7394714,-3.7687683,-3.8127136,-3.8381042
11.5,-6.1427917,-5.923065,-5.1945496,-4.530487,-3.6213074,-3.1662292,-2.2990417,-2.3547058,-1.7785339,-0.3000183,-0.29904175,-0.86447144,0.58084106,0.8581848,-0.4230652,-1.5138855,-1.9933777,-2.4474792,-2.7072449,-2.7531433,-3.012909,-3.061737,-3.3166199,-3.7062683,-4.06662,-4.2746277,-4.202362,-3.7590027,-3.2365417,-2.693573,-2.2121277,-2.2795105,-2.3547058,-2.6545105,-2.9162292,-3.1808777,-3.4650574,-3.7199402,-3.9259949,-4.151581,-4.266815,-4.3107605,-4.287323,-4.2287292,-4.1838074,-4.184784,-4.2121277,-4.2082214,-4.1789246,-4.1945496,-4.179901,-4.186737,-4.173065,-4.1545105,-4.122284,-4.092987,-4.089081,-4.0988464,-4.0763855,-4.054901,-4.0187683,-3.9611511,-3.8830261,-3.7824402,-3.7033386,-3.6486511,-3.5636902,-3.5353699,-3.4953308,-3.4689636,-3.4767761,-3.4377136,-3.4152527,-3.3361511,-3.2297058,-3.1193542,-3.0080261,-3.0002136,-3.0470886,-3.0539246,-2.9240417,-2.7355652,-2.5646667,-2.421112,-2.2668152,-2.1750183,-2.068573,-1.9767761,-1.8586121,-1.7453308,-1.6027527,-1.3791199,-1.2297058,-1.0451355,-0.8058777,-0.6076355,0.013458252,0.4441223,0.4421692,0.39041138,0.5173645,0.61209106,0.72146606,0.79959106,0.81521606,0.7800598,0.6579895,0.04373169,-0.17111206,0.10232544,0.31228638,-0.15255737,-0.5138855,-0.5871277,-0.7765808,-0.52072144,0.02420044,0.021270752,-0.33615112,-0.9259949,-1.0275574,-0.78634644,-0.7150574,-0.568573,-0.094940186,0.5818176,0.9421692,0.95095825,-0.5090027,-2.2131042,-3.1105652,-3.3703308,-3.5627136,-3.622284,-3.8009949,-3.8820496,-3.8947449,-3.8830261,-3.8058777,-3.8039246,-3.7697449,-3.8039246,-3.8556824,-3.9601746,-4.054901,-4.1584167,-4.2218933,-4.22287,-4.238495,-4.238495,-4.198456,-4.1056824,-4.037323,-4.0119324,-3.9777527,-3.9582214,-3.9445496,-3.9474792,-3.9259949,-3.9308777,-3.9855652,-3.9474792,-3.9289246,-3.9201355,-3.9093933,-3.912323,-3.934784,-3.9757996,-3.967987,-3.997284,-4.0314636,-3.999237,-4.0207214
11.25,-3.5539246,-3.1965027,-2.4855652,-2.1994324,-1.3058777,-0.8674011,-0.16720581,-1.3039246,-1.0578308,0.82888794,1.3152161,0.7497864,0.447052,0.6765442,-0.787323,-1.5334167,-1.7384949,-2.1506042,-2.4465027,-2.934784,-3.1994324,-3.467987,-3.7199402,-3.8058777,-4.03537,-4.0451355,-3.8166199,-3.2638855,-2.6349792,-2.0988464,-2.1095886,-2.1799011,-2.483612,-2.8556824,-3.1496277,-3.4689636,-3.7394714,-3.9640808,-4.1720886,-4.3781433,-4.495331,-4.5031433,-4.479706,-4.4152527,-4.3175964,-4.292206,-4.2912292,-4.2882996,-4.3107605,-4.3263855,-4.2843933,-4.278534,-4.2746277,-4.216034,-4.1857605,-4.1437683,-4.1388855,-4.104706,-4.0812683,-4.054901,-4.0090027,-3.9484558,-3.849823,-3.7550964,-3.6906433,-3.6369324,-3.6261902,-3.5988464,-3.6437683,-3.6593933,-3.7101746,-3.7306824,-3.7140808,-3.6340027,-3.5275574,-3.3840027,-3.2736511,-3.2326355,-3.2834167,-3.2746277,-3.1007996,-2.8986511,-2.7463074,-2.6047058,-2.544159,-2.4533386,-2.3595886,-2.2765808,-2.1603699,-2.1174011,-2.0275574,-1.8742371,-1.724823,-1.4572449,-1.2101746,-0.34786987,0.51834106,1.0993958,0.5232239,0.3015442,0.18240356,0.27420044,0.31033325,0.3874817,0.2781067,0.21170044,0.26638794,0.08963013,-0.087127686,0.00076293945,0.20584106,-0.036346436,-0.40353394,-0.85665894,-0.9533386,-0.99923706,-0.23849487,-0.32247925,-0.6252136,-1.2023621,-1.1642761,-0.93673706,-0.77853394,-0.6174011,-0.4201355,0.14138794,0.7185364,0.8171692,-0.6515808,-2.6056824,-3.5031433,-3.467987,-3.6359558,-3.5900574,-3.8371277,-3.9064636,-3.943573,-3.9299011,-3.9142761,-3.9142761,-3.9465027,-4.00412,-4.1037292,-4.146698,-4.235565,-4.323456,-4.3849792,-4.405487,-4.423065,-4.4777527,-4.4621277,-4.417206,-4.3771667,-4.3771667,-4.358612,-4.339081,-4.311737,-4.3127136,-4.3351746,-4.3468933,-4.41037,-4.3664246,-4.3088074,-4.2550964,-4.245331,-4.2277527,-4.249237,-4.217987,-4.2062683,-4.1906433,-4.2375183,-4.209198,-4.19162
11.0,-0.2922058,0.009552002,0.165802,0.4519348,0.6999817,1.0525208,0.618927,-1.1261902,-1.0256042,0.822052,1.5779114,1.8093567,1.5056458,0.39431763,-1.2013855,-1.4562683,-1.5763855,-2.0158386,-2.4572449,-3.0382996,-3.537323,-3.8068542,-3.7638855,-3.7882996,-3.8400574,-3.7394714,-3.3634949,-2.662323,-2.0812683,-2.0070496,-2.0177917,-2.4396667,-2.802948,-3.1564636,-3.4113464,-3.702362,-3.8986511,-4.1183777,-4.329315,-4.5363464,-4.6769714,-4.6740417,-4.648651,-4.59494,-4.521698,-4.485565,-4.485565,-4.492401,-4.5158386,-4.4865417,-4.43869,-4.363495,-4.341034,-4.2638855,-4.2277527,-4.182831,-4.1281433,-4.09494,-4.0812683,-4.061737,-4.00119,-3.9406433,-3.8400574,-3.7795105,-3.7238464,-3.7355652,-3.724823,-3.7980652,-3.8556824,-3.952362,-4.0256042,-4.070526,-4.028534,-3.936737,-3.811737,-3.6681824,-3.5334167,-3.4855652,-3.4953308,-3.4357605,-3.2345886,-3.0275574,-2.8918152,-2.8556824,-2.796112,-2.740448,-2.653534,-2.5715027,-2.436737,-2.4797058,-2.4445496,-2.262909,-1.7189636,-1.4513855,-0.82540894,0.134552,1.1130676,1.7312317,1.0320129,0.7419739,0.6052551,0.5300598,0.5671692,0.41189575,0.25759888,-0.13986206,-0.110565186,-0.06661987,-0.033416748,-0.013885498,-0.52560425,-0.76779175,-1.1222839,-1.6047058,-1.3097839,-1.5343933,-1.0509949,-1.4045105,-1.4465027,-1.5070496,-1.4689636,-1.365448,-1.1437683,-0.9533386,-0.8713074,-0.21505737,0.60720825,0.712677,-0.9357605,-2.8918152,-3.7980652,-3.731659,-3.7209167,-3.6955261,-3.9543152,-3.9982605,-4.0431824,-4.0207214,-4.006073,-4.0656433,-4.115448,-4.1925964,-4.2990417,-4.3400574,-4.401581,-4.495331,-4.5588074,-4.579315,-4.6271667,-4.6857605,-4.7326355,-4.7306824,-4.7121277,-4.75119,-4.7277527,-4.72287,-4.695526,-4.644745,-4.673065,-4.702362,-4.7590027,-4.7394714,-4.608612,-4.542206,-4.4826355,-4.466034,-4.436737,-4.3800964,-4.37912,-4.370331,-4.412323,-4.4113464,-4.37912
10.75,0.9519348,1.118927,1.1413879,1.1443176,1.3855286,1.509552,0.8513489,0.1111145,0.26052856,1.2781067,1.3015442,1.6150208,1.6150208,0.49783325,-1.2912292,-1.6437683,-1.6877136,-2.0187683,-2.5636902,-3.2511902,-3.7297058,-3.802948,-3.7277527,-3.584198,-3.6418152,-3.4338074,-2.8595886,-2.1193542,-1.8888855,-1.8888855,-2.3019714,-2.7863464,-3.2033386,-3.4884949,-3.6300964,-3.8175964,-4.012909,-4.260956,-4.4582214,-4.6408386,-4.7882996,-4.8332214,-4.81369,-4.802948,-4.811737,-4.780487,-4.747284,-4.7502136,-4.7082214,-4.667206,-4.5851746,-4.4718933,-4.374237,-4.2756042,-4.231659,-4.1662292,-4.113495,-4.0959167,-4.0832214,-4.0646667,-3.9982605,-3.9533386,-3.8947449,-3.8478699,-3.8674011,-3.8888855,-3.9797058,-4.0783386,-4.209198,-4.3195496,-4.3800964,-4.381073,-4.311737,-4.186737,-4.0656433,-3.9230652,-3.780487,-3.686737,-3.6701355,-3.5168152,-3.2970886,-3.106659,-3.0724792,-3.0431824,-3.0265808,-2.9709167,-2.8800964,-2.8088074,-2.6076355,-2.6164246,-2.5343933,-1.9172058,-1.271698,-0.6174011,0.04763794,0.8816223,1.6804504,2.2029114,1.9812317,1.8464661,1.8562317,1.7400208,1.7136536,1.5320129,0.9880676,0.30838013,-0.11154175,-0.18673706,-0.06661987,-0.5109558,-1.1984558,-2.3732605,-2.8234558,-2.311737,-1.9347839,-1.9445496,-1.8234558,-1.7179871,-1.5910339,-1.6447449,-1.7912292,-1.6388855,-1.5236511,-1.3361511,-1.0451355,-0.25021362,0.56033325,0.650177,-1.0295105,-3.2550964,-4.2394714,-4.008026,-3.9074402,-3.9455261,-4.1252136,-4.137909,-4.1437683,-4.1427917,-4.1584167,-4.2052917,-4.2834167,-4.3771667,-4.4738464,-4.584198,-4.5988464,-4.6838074,-4.762909,-4.804901,-4.842987,-4.901581,-4.959198,-4.995331,-5.008026,-5.057831,-5.0627136,-5.052948,-5.0050964,-4.950409,-4.9552917,-4.9943542,-5.0207214,-4.988495,-4.842987,-4.7482605,-4.675995,-4.6300964,-4.606659,-4.575409,-4.5646667,-4.5812683,-4.56369,-4.554901,-4.481659
10.5,1.2497864,0.90408325,0.6159973,0.64627075,0.70584106,0.79177856,1.0027161,1.7449036,1.6667786,1.2429504,0.7781067,0.7888489,0.8923645,0.2517395,-1.443573,-1.9386902,-1.9396667,-2.2082214,-2.7306824,-3.3820496,-3.700409,-3.7150574,-3.530487,-3.3625183,-3.2922058,-2.9513855,-2.3459167,-1.8068542,-1.7922058,-2.249237,-2.7365417,-3.1701355,-3.5636902,-3.7453308,-3.809784,-3.9611511,-4.162323,-4.40744,-4.6125183,-4.789276,-4.9357605,-5.0090027,-5.073456,-5.091034,-5.1164246,-5.113495,-5.0568542,-4.990448,-4.9240417,-4.8058777,-4.68869,-4.5334167,-4.3840027,-4.2394714,-4.184784,-4.1369324,-4.1320496,-4.1213074,-4.09494,-4.070526,-4.0256042,-3.9914246,-4.00119,-4.0519714,-4.106659,-4.211151,-4.3224792,-4.4670105,-4.6144714,-4.707245,-4.7394714,-4.664276,-4.5070496,-4.3625183,-4.2209167,-4.0832214,-3.9621277,-3.8615417,-3.7511902,-3.5431824,-3.3068542,-3.162323,-3.1642761,-3.1965027,-3.2043152,-3.169159,-3.052948,-2.8156433,-2.452362,-2.2424011,-1.9865417,-1.3107605,-0.47091675,0.24002075,0.884552,1.7663879,2.4890442,2.9597473,3.1140442,3.2292786,3.2156067,3.1306458,3.1716614,3.2361145,2.7331848,1.8884583,0.9997864,0.36697388,0.10623169,-0.47677612,-1.4504089,-2.8771667,-3.934784,-3.514862,-2.287323,-1.9738464,-1.8547058,-1.4826355,-0.8468933,-0.8009949,-1.1925964,-1.3869324,-1.3830261,-1.1203308,-0.7013855,-0.0920105,0.5749817,0.50857544,-1.5490417,-3.8000183,-4.5207214,-4.2013855,-4.204315,-4.260956,-4.3595886,-4.3664246,-4.298065,-4.2638855,-4.2902527,-4.3771667,-4.4552917,-4.589081,-4.675995,-4.8283386,-4.9006042,-4.9533386,-5.014862,-5.06369,-5.084198,-5.1369324,-5.1545105,-5.217987,-5.235565,-5.256073,-5.289276,-5.2795105,-5.2345886,-5.1994324,-5.184784,-5.204315,-5.217987,-5.1652527,-5.061737,-4.9650574,-4.885956,-4.8283386,-4.8215027,-4.820526,-4.7970886,-4.8058777,-4.704315,-4.6213074,-4.570526
10.25,1.3855286,-0.1701355,-0.93478394,-0.88790894,-0.51779175,-0.21017456,0.017364502,0.51834106,0.07791138,-0.32833862,-0.5812683,-0.09591675,0.5925598,0.056427002,-1.7287292,-2.2306824,-2.2062683,-2.5412292,-2.9299011,-3.3468933,-3.5939636,-3.5480652,-3.3312683,-3.1447449,-3.0363464,-2.5207214,-1.8800964,-1.6271667,-2.0041199,-2.5978699,-3.1213074,-3.5011902,-3.7502136,-3.8732605,-4.0002136,-4.153534,-4.273651,-4.4425964,-4.684784,-4.8888855,-5.0207214,-5.16037,-5.302948,-5.4406433,-5.434784,-5.41037,-5.323456,-5.226776,-5.1095886,-4.9533386,-4.7502136,-4.542206,-4.3752136,-4.2677917,-4.2170105,-4.177948,-4.169159,-4.1662292,-4.1525574,-4.144745,-4.141815,-4.1720886,-4.247284,-4.3371277,-4.461151,-4.624237,-4.8088074,-4.9738464,-5.077362,-5.104706,-5.00119,-4.792206,-4.5851746,-4.425995,-4.3000183,-4.193573,-4.0783386,-3.9299011,-3.7658386,-3.4855652,-3.294159,-3.2267761,-3.2502136,-3.2668152,-3.2834167,-3.2756042,-3.1252136,-2.7677917,-2.2131042,-1.7394714,-1.2424011,-0.38790894,0.41970825,0.95388794,1.4480286,2.1521301,2.8562317,3.455841,3.8357239,3.9929504,4.0105286,3.9392395,4.0222473,4.1872864,4.1579895,3.884552,3.2400208,1.8200989,1.0808411,0.38650513,-0.29611206,-1.3078308,-2.466034,-2.7980652,-1.7726746,-1.0392761,-2.0099792,-1.584198,-0.033416748,0.67459106,0.22341919,-0.48165894,-0.75997925,-0.7590027,-0.40353394,0.17459106,0.42166138,-0.35568237,-2.490448,-4.3283386,-4.7775574,-4.4425964,-4.417206,-4.5451355,-4.457245,-4.4308777,-4.474823,-4.4757996,-4.526581,-4.6437683,-4.7189636,-4.807831,-4.917206,-5.0021667,-5.1769714,-5.280487,-5.318573,-5.332245,-5.3302917,-5.3107605,-5.3019714,-5.318573,-5.3800964,-5.432831,-5.5382996,-5.5558777,-5.5256042,-5.479706,-5.412323,-5.4093933,-5.367401,-5.28537,-5.184784,-5.101776,-5.06369,-5.048065,-5.0470886,-5.0607605,-5.046112,-4.9865417,-4.8195496,-4.7306824,-4.707245
10.0,0.06326294,-0.7922058,-1.6691589,-2.0314636,-1.6847839,-1.099823,-0.8263855,-1.0334167,-1.5822449,-1.6554871,-1.3088074,-0.40353394,0.13064575,-0.67697144,-2.1105652,-2.5050964,-2.546112,-2.8049011,-3.155487,-3.3976746,-3.5158386,-3.4045105,-3.1525574,-2.8390808,-2.4914246,-1.9220886,-1.5275574,-1.6838074,-2.2590027,-2.8459167,-3.2980652,-3.6105652,-3.8283386,-4.0568542,-4.2502136,-4.2570496,-4.354706,-4.483612,-4.700409,-4.927948,-5.133026,-5.3849792,-5.5959167,-5.7463074,-5.6896667,-5.6252136,-5.5050964,-5.3625183,-5.15744,-4.929901,-4.704315,-4.5031433,-4.434784,-4.419159,-4.3556824,-4.31662,-4.2970886,-4.304901,-4.3156433,-4.3283386,-4.3800964,-4.4826355,-4.6115417,-4.7531433,-4.9250183,-5.099823,-5.2726746,-5.4113464,-5.4582214,-5.396698,-5.1564636,-4.8459167,-4.586151,-4.421112,-4.3068542,-4.226776,-4.1388855,-3.9963074,-3.7892761,-3.4650574,-3.2970886,-3.2668152,-3.3039246,-3.3166199,-3.278534,-3.1965027,-3.0002136,-2.6427917,-2.2414246,-1.8595886,-1.1818542,-0.15060425,0.7077942,1.1980286,1.5329895,1.9011536,2.3952942,3.0671692,3.6062317,3.915802,4.1472473,4.24588,4.34256,4.4411926,4.5915833,4.7693176,4.7781067,3.8161926,2.6804504,1.7087708,1.2009583,0.8894348,0.2048645,-0.77560425,-1.3361511,-1.3390808,-1.5675964,-1.4113464,-0.14083862,0.4363098,0.13259888,-0.47286987,-1.0304871,-0.9338074,-0.30685425,0.084747314,-0.15353394,-1.5168152,-3.4318542,-4.5695496,-4.7345886,-4.6584167,-4.5158386,-4.6281433,-4.7619324,-4.6525574,-4.6437683,-4.6632996,-4.7101746,-4.8000183,-4.870331,-4.898651,-5.0256042,-5.1427917,-5.3459167,-5.530487,-5.592987,-5.5851746,-5.5490417,-5.488495,-5.4709167,-5.414276,-5.523651,-5.633026,-5.7746277,-5.8507996,-5.8537292,-5.7863464,-5.684784,-5.6252136,-5.5558777,-5.476776,-5.3869324,-5.34787,-5.3107605,-5.2756042,-5.25412,-5.22287,-5.1906433,-5.1427917,-4.974823,-4.8439636,-4.7843933
9.75,-1.6281433,-1.9054871,-1.8849792,-2.1506042,-2.162323,-1.7345886,-1.4289246,-1.7336121,-1.9328308,-1.8302917,-1.4582214,-0.8947449,-0.849823,-1.8420105,-2.6056824,-2.7121277,-2.8800964,-3.0871277,-3.3175964,-3.4377136,-3.3625183,-3.2013855,-2.8986511,-2.5627136,-1.9543152,-1.4523621,-1.3957214,-1.9377136,-2.4513855,-2.9299011,-3.3468933,-3.6857605,-3.983612,-4.224823,-4.2795105,-4.2365417,-4.4084167,-4.516815,-4.711151,-4.9757996,-5.2814636,-5.537323,-5.7531433,-5.8908386,-5.8468933,-5.7443542,-5.5832214,-5.3713074,-5.1496277,-4.919159,-4.717987,-4.575409,-4.546112,-4.5187683,-4.466034,-4.4289246,-4.4025574,-4.4289246,-4.53244,-4.601776,-4.7131042,-4.807831,-4.952362,-5.099823,-5.276581,-5.459198,-5.62619,-5.716034,-5.716034,-5.550995,-5.2531433,-4.9220886,-4.6193542,-4.4338074,-4.325409,-4.2756042,-4.22287,-4.046112,-3.731659,-3.450409,-3.3420105,-3.3625183,-3.389862,-3.3703308,-3.2902527,-3.1076355,-2.889862,-2.6213074,-2.3332214,-2.0675964,-1.6662292,-0.8205261,-0.03829956,0.4753723,0.7068176,0.96170044,1.3884583,2.0915833,2.735138,3.3542786,3.7673645,4.199005,4.351349,4.4040833,4.5642395,4.9372864,5.199005,4.96756,3.9392395,2.8435364,2.1892395,1.9460754,1.6374817,0.7234192,-1.1965027,-1.3293152,-1.1574402,-1.3127136,-0.2511902,0.24783325,-0.08908081,-0.83029175,-1.3322449,-0.9250183,-0.16622925,-0.36935425,-1.3478699,-2.6359558,-3.7140808,-4.184784,-3.9552917,-4.414276,-4.9777527,-4.804901,-4.8195496,-4.8927917,-4.8468933,-4.8732605,-4.9269714,-4.950409,-4.966034,-4.923065,-4.9240417,-5.0832214,-5.320526,-5.592987,-5.7951355,-5.820526,-5.773651,-5.6994324,-5.651581,-5.6613464,-5.804901,-5.9562683,-6.089081,-6.1681824,-6.1613464,-6.068573,-5.957245,-5.8244324,-5.7707214,-5.6632996,-5.5207214,-5.5031433,-5.4875183,-5.452362,-5.389862,-5.31662,-5.2970886,-5.2707214,-5.1281433,-4.9875183,-4.883026
9.5,-2.577362,-2.1515808,-1.9806824,-2.2121277,-2.3927917,-2.0968933,-1.5851746,-1.9240417,-2.1095886,-2.0226746,-1.4396667,-0.9855652,-1.7697449,-2.8849792,-2.9582214,-3.012909,-3.137909,-3.2951355,-3.4611511,-3.3703308,-3.2726746,-2.9640808,-2.6105652,-2.061737,-1.4211121,-1.1593933,-1.4543152,-2.077362,-2.6642761,-3.1388855,-3.4543152,-3.7511902,-3.9562683,-4.131073,-4.216034,-4.2570496,-4.448456,-4.6496277,-4.849823,-5.1252136,-5.419159,-5.633026,-5.811737,-5.9162292,-5.881073,-5.762909,-5.6193542,-5.4220886,-5.2638855,-5.06662,-4.961151,-4.8420105,-4.807831,-4.735565,-4.6857605,-4.62619,-4.6037292,-4.6388855,-4.7345886,-4.8507996,-4.9777527,-5.086151,-5.2599792,-5.396698,-5.559784,-5.72287,-5.8195496,-5.889862,-5.78537,-5.604706,-5.320526,-5.016815,-4.700409,-4.467987,-4.351776,-4.292206,-4.226776,-4.0295105,-3.7394714,-3.5666199,-3.5705261,-3.591034,-3.5490417,-3.5275574,-3.4396667,-3.2726746,-3.1076355,-2.8527527,-2.6193542,-2.4631042,-2.2394714,-1.9816589,-1.2668152,-0.77560425,-0.51486206,-0.3136902,0.12576294,0.9411926,1.7761536,2.5105286,3.1824036,3.6540833,4.000763,4.105255,4.366974,4.77713,5.228302,5.5310364,4.7273254,3.6306458,2.8747864,2.4040833,2.0281067,0.72146606,-1.2443542,-1.1955261,-1.0675964,-1.3195496,-1.1359558,-0.4875183,-0.43380737,-1.099823,-1.1691589,-0.7814636,-0.28341675,-1.193573,-2.3664246,-3.3674011,-4.2619324,-3.5988464,-3.1525574,-3.5382996,-4.5363464,-5.146698,-4.995331,-5.006073,-5.084198,-5.0724792,-5.079315,-5.115448,-5.0207214,-4.943573,-4.8459167,-4.990448,-5.2101746,-5.5656433,-5.839081,-6.048065,-6.021698,-5.9396667,-5.9006042,-5.9963074,-6.167206,-6.31369,-6.37619,-6.4338074,-6.367401,-6.2619324,-6.1037292,-5.9826355,-5.8996277,-5.738495,-5.604706,-5.5881042,-5.577362,-5.521698,-5.443573,-5.374237,-5.385956,-5.334198,-5.2209167,-5.0988464,-4.997284
9.25,-2.2882996,-1.8908386,-1.5480652,-1.8039246,-2.9357605,-2.8957214,-2.1340027,-2.0002136,-2.240448,-1.9621277,-1.2453308,-1.1144714,-1.9367371,-3.3146667,-3.3752136,-3.2736511,-3.3400574,-3.4201355,-3.434784,-3.3224792,-3.0412292,-2.7257996,-2.2062683,-1.6427917,-1.1672058,-1.1535339,-1.6007996,-2.3146667,-2.8888855,-3.2638855,-3.5734558,-3.7209167,-3.903534,-3.9933777,-4.1300964,-4.28537,-4.5812683,-4.7970886,-4.932831,-5.1925964,-5.289276,-5.506073,-5.7619324,-5.9220886,-5.912323,-5.7970886,-5.6740417,-5.5763855,-5.423065,-5.370331,-5.2814636,-5.1896667,-5.108612,-4.9670105,-4.827362,-4.7687683,-4.7912292,-4.8263855,-4.854706,-4.9631042,-5.133026,-5.302948,-5.4806824,-5.577362,-5.7443542,-5.8732605,-5.967987,-5.94162,-5.8244324,-5.6193542,-5.3537292,-5.09494,-4.8058777,-4.5763855,-4.4064636,-4.3420105,-4.2189636,-4.03244,-3.8859558,-3.8390808,-3.8947449,-3.827362,-3.787323,-3.943573,-3.8761902,-3.9045105,-3.7375183,-3.3927917,-3.092987,-2.999237,-3.0724792,-2.8888855,-2.7033386,-2.2199402,-1.8302917,-1.5832214,-1.0236511,-0.033416748,0.91482544,1.6990051,2.3415833,2.8640442,3.2204895,3.6628723,3.9880676,4.5349426,5.108185,5.5281067,5.2986145,4.3298645,3.5837708,3.1062317,2.3474426,0.9284973,-1.2043152,-1.3664246,-0.99435425,-1.4162292,-1.2648621,-0.60079956,-0.53829956,-0.92892456,-0.97091675,-0.7511902,-0.68478394,-1.9367371,-3.2892761,-4.124237,-4.2121277,-3.5265808,-2.1261902,-2.381073,-3.434784,-4.6388855,-5.0177917,-5.0314636,-5.141815,-5.0900574,-5.091034,-5.1164246,-5.0402527,-4.927948,-4.8400574,-4.9289246,-5.153534,-5.510956,-5.981659,-6.1994324,-6.264862,-6.186737,-6.1818542,-6.3000183,-6.483612,-6.62619,-6.679901,-6.6584167,-6.5900574,-6.3888855,-6.2052917,-6.042206,-5.914276,-5.7443542,-5.6115417,-5.584198,-5.5900574,-5.537323,-5.5070496,-5.4650574,-5.4709167,-5.4162292,-5.3283386,-5.2170105,-5.1095886
9.0,-2.3908386,-2.0627136,-1.7023621,-1.3830261,-2.4718933,-3.5549011,-3.1906433,-2.4328308,-2.365448,-1.8879089,-1.0851746,-0.974823,-2.3146667,-3.6730652,-3.6564636,-3.5002136,-3.4982605,-3.4289246,-3.3683777,-3.1232605,-2.841034,-2.365448,-1.8429871,-1.3957214,-1.0431824,-1.302948,-1.8566589,-2.5558777,-3.0822449,-3.450409,-3.5822449,-3.7287292,-3.8019714,-3.8488464,-4.0627136,-4.499237,-4.804901,-4.889862,-5.019745,-4.9357605,-5.028534,-5.3800964,-5.7238464,-5.9689636,-5.96994,-5.8820496,-5.823456,-5.7277527,-5.6994324,-5.6476746,-5.5920105,-5.497284,-5.3312683,-5.122284,-4.91037,-4.7365417,-4.7599792,-4.8693542,-4.901581,-5.0256042,-5.1925964,-5.4377136,-5.610565,-5.6974792,-5.851776,-5.9826355,-6.039276,-6.010956,-5.839081,-5.6252136,-5.4084167,-5.2365417,-4.979706,-4.8468933,-4.679901,-4.568573,-4.443573,-4.264862,-4.1613464,-4.1750183,-4.144745,-4.075409,-4.2277527,-4.3908386,-4.7687683,-4.800995,-4.474823,-4.0363464,-3.6759949,-3.6701355,-3.8263855,-3.8927917,-3.7131042,-3.4357605,-3.044159,-2.6203308,-2.0207214,-0.81466675,0.112091064,0.81326294,1.3015442,1.8249817,2.3728333,2.8191223,3.407013,4.000763,4.7468567,5.2468567,5.2068176,4.9841614,4.2536926,3.9509583,3.1941223,1.3347473,-1.0304871,-2.0090027,-1.2990417,-1.6125183,-1.2590027,-0.58029175,-0.06661987,-0.4465027,-1.1418152,-1.0978699,-1.5138855,-2.8049011,-3.9455261,-4.3175964,-4.391815,-3.1496277,-1.7453308,-1.5812683,-2.271698,-3.4416199,-4.934784,-5.0158386,-4.9787292,-4.9357605,-4.925995,-4.948456,-4.997284,-4.9220886,-4.9445496,-4.964081,-5.1818542,-5.4914246,-5.9601746,-6.3732605,-6.445526,-6.454315,-6.434784,-6.497284,-6.664276,-6.820526,-6.9084167,-6.8840027,-6.7189636,-6.516815,-6.258026,-6.057831,-5.8927917,-5.7521667,-5.622284,-5.5881042,-5.5959167,-5.6076355,-5.577362,-5.6007996,-5.5939636,-5.5470886,-5.4465027,-5.3371277,-5.1925964
8.75,-3.0490417,-2.7424011,-2.231659,-1.912323,-1.8234558,-3.021698,-3.8927917,-3.256073,-2.7228699,-1.7199402,-1.1037292,-2.1349792,-3.474823,-3.9142761,-3.8937683,-3.6593933,-3.5734558,-3.3918152,-3.155487,-2.8976746,-2.5109558,-2.0353699,-1.5861511,-1.1554871,-1.1349792,-1.4924011,-2.061737,-2.7277527,-3.249237,-3.4611511,-3.5920105,-3.624237,-3.6828308,-3.7365417,-4.0275574,-4.7170105,-5.0715027,-5.082245,-4.87912,-4.794159,-5.0002136,-5.3732605,-5.7394714,-5.9757996,-5.97287,-5.934784,-5.87912,-5.87912,-5.849823,-5.8683777,-5.8146667,-5.6457214,-5.4093933,-5.1750183,-4.8869324,-4.695526,-4.762909,-4.872284,-5.0588074,-5.195526,-5.3039246,-5.5158386,-5.651581,-5.7756042,-5.929901,-6.09787,-6.1545105,-6.091034,-5.9093933,-5.7209167,-5.552948,-5.4406433,-5.3488464,-5.2502136,-5.307831,-5.1965027,-4.8576355,-4.6496277,-4.5158386,-4.4562683,-4.34494,-4.4806824,-4.7189636,-5.110565,-5.488495,-5.50412,-5.1506042,-4.5939636,-4.2882996,-4.3683777,-4.575409,-4.655487,-4.651581,-4.374237,-3.9865417,-3.5382996,-2.809784,-1.4845886,-0.7189636,-0.33517456,0.14041138,0.68240356,1.2312317,1.8738098,2.5075989,3.2253723,4.0603333,4.65506,4.908966,4.8318176,4.8181458,4.5154114,3.8659973,1.9978333,-0.9308777,-2.671112,-2.0588074,-1.6115417,-1.1984558,-0.26974487,0.243927,-0.40548706,-1.334198,-1.8273621,-2.4543152,-3.6105652,-4.18869,-4.557831,-4.162323,-2.919159,-1.6545105,-1.5519714,-1.7199402,-2.4396667,-4.445526,-5.044159,-4.8927917,-4.7209167,-4.711151,-4.827362,-4.9084167,-4.957245,-5.044159,-5.054901,-5.245331,-5.5382996,-5.9425964,-6.3556824,-6.6252136,-6.6720886,-6.6056824,-6.6095886,-6.735565,-6.8908386,-6.9943542,-6.9709167,-6.8058777,-6.6027527,-6.3468933,-6.0802917,-5.905487,-5.798065,-5.71994,-5.6906433,-5.7326355,-5.7443542,-5.756073,-5.7931824,-5.75119,-5.684784,-5.5343933,-5.398651,-5.2414246
8.5,-3.5783386,-3.271698,-2.7990417,-2.3224792,-2.0451355,-2.231659,-3.4240417,-3.6906433,-2.8869324,-1.8088074,-2.6593933,-3.6945496,-4.0177917,-4.175995,-4.0090027,-3.7687683,-3.5295105,-3.2238464,-2.9377136,-2.577362,-2.1838074,-1.7492371,-1.3136902,-1.2121277,-1.3361511,-1.6877136,-2.1984558,-2.842987,-3.3351746,-3.5197449,-3.4670105,-3.474823,-3.5392761,-3.6330261,-4.0431824,-4.905487,-5.25119,-5.151581,-4.9250183,-4.921112,-5.1720886,-5.4562683,-5.7082214,-5.823456,-5.8400574,-5.798065,-5.738495,-5.769745,-5.9220886,-5.9533386,-5.885956,-5.6857605,-5.365448,-5.089081,-4.8371277,-4.778534,-4.8556824,-5.104706,-5.3215027,-5.4621277,-5.542206,-5.608612,-5.675995,-5.8537292,-6.037323,-6.2101746,-6.2687683,-6.204315,-6.120331,-5.954315,-5.8371277,-5.7287292,-5.75119,-5.9650574,-6.0412292,-5.8283386,-5.4494324,-4.985565,-4.8127136,-4.6232605,-4.6808777,-4.990448,-5.3459167,-5.6906433,-5.7834167,-5.7746277,-5.5558777,-5.0090027,-4.9152527,-5.091034,-5.242401,-5.144745,-5.1662292,-5.1095886,-4.747284,-4.360565,-3.5656433,-2.1515808,-1.7297058,-1.5041199,-1.2257996,-0.65060425,0.12869263,0.7956848,1.5163879,2.297638,3.157013,3.8806458,4.2829895,4.5779114,4.6179504,4.5154114,3.8640442,2.5710754,-0.22189331,-2.3996277,-2.4982605,-1.5324402,-1.2033386,-0.27560425,0.088653564,-0.50509644,-1.8009949,-2.4338074,-3.1388855,-4.148651,-4.573456,-4.546112,-4.050995,-2.8078308,-1.6017761,-1.4953308,-1.7443542,-1.8976746,-3.5646667,-4.4308777,-4.5832214,-4.44162,-4.5050964,-4.637909,-4.9269714,-5.012909,-5.101776,-5.175995,-5.381073,-5.800995,-6.18869,-6.425995,-6.6838074,-6.7189636,-6.664276,-6.6613464,-6.7414246,-6.874237,-6.9513855,-6.94162,-6.8693542,-6.6750183,-6.467987,-6.1965027,-6.0177917,-5.929901,-5.898651,-5.919159,-5.9621277,-5.9601746,-5.9777527,-5.954315,-5.891815,-5.756073,-5.5451355,-5.3849792,-5.1681824
8.25,-3.7902527,-3.530487,-3.2238464,-2.8888855,-2.5099792,-2.162323,-2.2414246,-2.8302917,-2.4826355,-2.943573,-4.0021667,-4.4718933,-4.5138855,-4.2433777,-3.997284,-3.6720886,-3.3703308,-2.9670105,-2.6418152,-2.3000183,-1.8937683,-1.4757996,-1.3058777,-1.3136902,-1.5334167,-1.865448,-2.3312683,-2.8849792,-3.3644714,-3.421112,-3.3195496,-3.240448,-3.2931824,-3.6447449,-4.1281433,-4.961151,-5.3332214,-5.2687683,-5.1193542,-5.133026,-5.351776,-5.5832214,-5.508026,-5.5343933,-5.5607605,-5.4933777,-5.4465027,-5.5715027,-5.7795105,-5.950409,-5.9084167,-5.6632996,-5.3244324,-5.0002136,-4.8058777,-4.7970886,-4.985565,-5.2687683,-5.5090027,-5.641815,-5.7463074,-5.7970886,-5.9084167,-6.0656433,-6.1974792,-6.258026,-6.3107605,-6.3664246,-6.342987,-6.3195496,-6.240448,-6.0744324,-6.2189636,-6.485565,-6.5920105,-6.34494,-5.7814636,-5.2433777,-4.9006042,-4.7209167,-5.1213074,-5.5343933,-5.7345886,-5.842987,-5.849823,-5.6213074,-5.412323,-5.4631042,-5.5646667,-5.724823,-5.682831,-5.467987,-5.323456,-5.3420105,-5.367401,-5.133026,-4.356659,-3.012909,-2.896698,-2.9738464,-2.6877136,-2.0187683,-1.1672058,-0.24435425,0.49978638,1.3523254,2.2273254,2.9988098,3.5505676,3.8865051,4.143341,4.0993958,3.743927,2.572052,0.9392395,-0.6955261,-1.5109558,-1.9181824,-1.4855652,-1.2990417,-1.1437683,-1.4035339,-2.6545105,-3.2414246,-3.7726746,-4.544159,-4.8107605,-4.4494324,-3.1672058,-1.9943542,-1.6134949,-1.5480652,-1.5119324,-1.177948,-2.1574402,-3.8049011,-4.2433777,-4.226776,-4.2638855,-4.523651,-4.8302917,-5.22287,-5.405487,-5.546112,-5.8537292,-6.31662,-6.56662,-6.72287,-6.698456,-6.639862,-6.589081,-6.610565,-6.7052917,-6.8302917,-6.8849792,-6.917206,-6.8732605,-6.7726746,-6.6125183,-6.43869,-6.280487,-6.1925964,-6.200409,-6.2218933,-6.198456,-6.1740417,-6.1115417,-6.0500183,-5.9064636,-5.7345886,-5.521698,-5.294159,-5.0812683
8.0,-3.7170105,-3.5382996,-3.264862,-3.1427917,-2.8937683,-2.3107605,-1.9465027,-1.9035339,-2.334198,-4.068573,-5.057831,-4.9963074,-4.5939636,-4.2658386,-3.8576355,-3.481659,-3.046112,-2.671112,-2.3146667,-1.9689636,-1.6076355,-1.4084167,-1.4230652,-1.599823,-1.8322449,-2.1574402,-2.622284,-3.0363464,-3.2502136,-3.2111511,-3.0793152,-3.0080261,-3.1300964,-3.6349792,-4.2121277,-4.829315,-5.1906433,-5.298065,-5.2902527,-5.365448,-5.474823,-5.432831,-5.2843933,-5.198456,-5.1896667,-5.2570496,-5.339081,-5.4513855,-5.6857605,-5.9240417,-5.950409,-5.700409,-5.425995,-5.1271667,-4.925995,-4.9650574,-5.19162,-5.4533386,-5.6457214,-5.7902527,-5.9621277,-6.133026,-6.2775574,-6.28537,-6.260956,-6.2912292,-6.3869324,-6.516815,-6.6271667,-6.6525574,-6.5675964,-6.367401,-6.53537,-6.818573,-6.9318542,-6.6593933,-6.03537,-5.3400574,-4.8908386,-4.8683777,-5.481659,-5.8224792,-5.8771667,-5.9289246,-5.7502136,-5.374237,-5.304901,-5.7775574,-6.0851746,-6.0402527,-5.903534,-5.740448,-5.6007996,-5.56662,-5.5187683,-5.2218933,-4.65744,-4.231659,-4.479706,-4.5002136,-4.0920105,-3.4230652,-2.4777527,-1.3556824,-0.36154175,0.4206848,1.2224426,1.8210754,2.1579895,2.6443176,3.0925598,3.2693176,3.1091614,2.5886536,1.540802,0.7927551,-0.677948,-2.6896667,-3.592987,-3.5041199,-2.9230652,-2.7619324,-3.4445496,-3.9416199,-4.3888855,-4.7218933,-4.854706,-4.4631042,-3.044159,-1.9718933,-1.8693542,-1.8527527,-1.5324402,-0.9015808,-1.4631042,-3.2482605,-3.9445496,-3.967987,-4.120331,-4.4963074,-4.9425964,-5.5490417,-6.0851746,-6.3439636,-6.537323,-6.6584167,-6.6838074,-6.6027527,-6.50119,-6.4582214,-6.4650574,-6.530487,-6.62912,-6.7843933,-6.8849792,-6.93869,-6.9357605,-6.8713074,-6.7707214,-6.6007996,-6.5246277,-6.4826355,-6.485565,-6.4621277,-6.3371277,-6.1584167,-6.050995,-6.0207214,-5.8957214,-5.702362,-5.4474792,-5.2131042,-5.0715027
7.75,-3.4240417,-3.5041199,-3.3302917,-3.1896667,-3.0705261,-2.8732605,-2.403534,-1.7170105,-2.7736511,-4.684784,-5.262909,-5.075409,-4.6252136,-4.1164246,-3.5451355,-3.1877136,-2.6838074,-2.436737,-2.0480652,-1.6857605,-1.4543152,-1.5207214,-1.7550964,-2.0402527,-2.2795105,-2.499237,-2.8381042,-3.028534,-3.0519714,-2.9982605,-3.0050964,-3.0822449,-3.2238464,-3.5363464,-3.9943542,-4.5431824,-4.9650574,-5.1818542,-5.247284,-5.3527527,-5.425995,-5.2638855,-5.0070496,-4.7843933,-4.7521667,-4.936737,-5.1369324,-5.351776,-5.7062683,-6.026581,-6.082245,-5.849823,-5.5138855,-5.179901,-4.896698,-4.979706,-5.2834167,-5.5402527,-5.669159,-5.7990417,-6.0002136,-6.2795105,-6.436737,-6.334198,-6.2306824,-6.2550964,-6.3713074,-6.53244,-6.69162,-6.7101746,-6.6740417,-6.7062683,-6.927948,-7.153534,-7.182831,-6.8927917,-6.3400574,-5.747284,-5.3488464,-5.325409,-5.6427917,-5.8400574,-5.891815,-5.8595886,-5.637909,-5.358612,-5.403534,-5.8312683,-6.1808777,-6.2101746,-6.030487,-5.9269714,-5.854706,-5.7687683,-5.622284,-5.44162,-5.3507996,-5.4201355,-5.5256042,-5.432831,-4.9933777,-4.3488464,-3.5314636,-2.5363464,-1.5363464,-0.67892456,0.12283325,0.40701294,0.20877075,0.64334106,1.2107239,1.4255676,1.3415833,1.2497864,0.7654114,0.23318481,-1.6242371,-3.9611511,-4.834198,-4.613495,-4.026581,-3.8146667,-4.1388855,-4.4845886,-4.851776,-4.9875183,-4.961151,-4.4465027,-3.0275574,-1.9074402,-1.7843933,-1.9806824,-1.8039246,-0.6652527,-0.8136902,-1.912323,-2.943573,-3.5119324,-3.9845886,-4.5119324,-5.2619324,-5.948456,-6.4533386,-6.6095886,-6.608612,-6.5646667,-6.510956,-6.4006042,-6.3068542,-6.294159,-6.3224792,-6.37912,-6.476776,-6.6769714,-6.818573,-6.9064636,-6.959198,-6.94162,-6.8644714,-6.7306824,-6.7062683,-6.7257996,-6.6662292,-6.427948,-6.1584167,-5.96994,-5.9377136,-5.9601746,-5.8468933,-5.653534,-5.5002136,-5.3849792,-5.334198
7.5,-3.2951355,-3.3869324,-3.2062683,-3.1291199,-3.3664246,-3.3625183,-2.9386902,-3.012909,-4.3664246,-5.2482605,-5.461151,-4.943573,-4.4152527,-3.771698,-3.2082214,-2.8420105,-2.4494324,-2.1945496,-1.7902527,-1.5343933,-1.6271667,-1.8615417,-2.2482605,-2.5031433,-2.7277527,-2.8781433,-3.0187683,-2.9396667,-2.8859558,-2.7101746,-2.7443542,-3.0881042,-3.3849792,-3.3820496,-3.6759949,-4.3175964,-4.7990417,-5.0119324,-5.0451355,-5.101776,-5.0988464,-4.934784,-4.69162,-4.452362,-4.4093933,-4.6808777,-4.9308777,-5.3088074,-5.7345886,-6.108612,-6.1545105,-5.9093933,-5.5275574,-5.3371277,-4.9338074,-4.858612,-5.0412292,-5.31662,-5.530487,-5.693573,-5.945526,-6.3644714,-6.679901,-6.669159,-6.4152527,-6.1564636,-6.211151,-6.4894714,-6.760956,-6.985565,-7.1027527,-7.1681824,-7.175995,-7.2834167,-7.2033386,-6.9757996,-6.7189636,-6.31369,-5.9982605,-5.8195496,-5.8556824,-5.856659,-5.943573,-5.825409,-5.561737,-5.329315,-5.3800964,-5.5871277,-6.0090027,-6.2521667,-6.25119,-6.117401,-5.9806824,-5.8908386,-5.8752136,-5.84787,-5.860565,-5.709198,-5.747284,-5.807831,-5.4738464,-4.849823,-4.1164246,-3.6203308,-2.9709167,-2.1193542,-1.1593933,-0.6183777,-1.0715027,-1.1847839,-1.3263855,-1.2013855,-1.0197449,-0.99142456,-1.1740417,-1.7687683,-3.4650574,-4.870331,-5.4113464,-4.9826355,-4.5431824,-4.575409,-4.851776,-4.997284,-5.1115417,-5.0588074,-5.139862,-4.4269714,-2.8136902,-1.5461121,-1.1994324,-1.459198,-1.3908386,-0.4045105,-0.568573,-0.740448,-1.9679871,-3.077362,-3.7511902,-4.5939636,-5.4875183,-6.106659,-6.50412,-6.5226746,-6.4396667,-6.381073,-6.2843933,-6.1720886,-6.089081,-6.070526,-6.1613464,-6.3107605,-6.4474792,-6.599823,-6.711151,-6.804901,-6.8820496,-6.9152527,-6.8488464,-6.804901,-6.7902527,-6.8224792,-6.606659,-6.2619324,-5.988495,-5.867401,-5.9025574,-5.9445496,-6.00119,-5.94162,-5.967987,-5.9670105,-5.8869324
7.25,-3.6115417,-3.599823,-3.4201355,-3.3683777,-3.5812683,-3.6388855,-3.5158386,-4.894745,-5.6506042,-5.800995,-5.323456,-4.7345886,-3.9982605,-3.3449402,-2.8595886,-2.4865417,-2.247284,-1.9865417,-1.7082214,-1.8019714,-1.9640808,-2.327362,-2.655487,-2.7531433,-2.9826355,-3.108612,-3.0705261,-2.8820496,-2.5851746,-2.4425964,-2.6652527,-3.0715027,-3.4132996,-3.3957214,-3.5861511,-4.256073,-4.731659,-4.842987,-4.832245,-4.702362,-4.648651,-4.476776,-4.3263855,-4.202362,-4.2570496,-4.5646667,-4.8732605,-5.2726746,-5.7834167,-6.151581,-6.0959167,-5.758026,-5.273651,-5.2638855,-4.8908386,-4.6632996,-4.8224792,-5.1183777,-5.3576355,-5.5695496,-5.81662,-6.3351746,-6.8683777,-6.9914246,-6.617401,-6.2550964,-6.175995,-6.5070496,-7.0851746,-7.425995,-7.671112,-7.550995,-7.3869324,-7.240448,-7.1740417,-7.048065,-6.798065,-6.2746277,-5.8371277,-5.516815,-5.5558777,-5.702362,-6.00412,-5.9269714,-5.695526,-5.4631042,-5.336151,-5.4084167,-5.771698,-6.110565,-6.238495,-6.264862,-6.12912,-6.0275574,-6.006073,-5.919159,-5.8420105,-5.6183777,-5.62912,-5.6896667,-5.610565,-5.06369,-4.5568542,-4.099823,-3.9357605,-3.280487,-2.3771667,-1.5881042,-1.8556824,-2.5353699,-2.9172058,-3.2990417,-3.1525574,-2.9845886,-3.1437683,-3.7013855,-4.81369,-5.6740417,-5.499237,-5.0802917,-4.9552917,-5.0920105,-5.269745,-5.2814636,-5.3019714,-5.0490417,-4.9943542,-4.0207214,-2.3996277,-0.77267456,-0.30490112,-1.2150574,-1.3254089,-0.30099487,0.0954895,0.08377075,-0.7658386,-2.1750183,-3.7756042,-4.75119,-5.4787292,-6.0158386,-6.3000183,-6.2482605,-6.2101746,-6.137909,-6.0695496,-6.068573,-6.019745,-5.9894714,-6.06369,-6.2365417,-6.370331,-6.461151,-6.488495,-6.575409,-6.68869,-6.7414246,-6.802948,-6.8156433,-6.7912292,-6.71994,-6.4963074,-6.276581,-6.0812683,-6.1496277,-6.2013855,-6.3156433,-6.405487,-6.425995,-6.44162,-6.349823,-6.133026
7.0,-4.1994324,-4.177948,-3.9103699,-3.841034,-3.6545105,-3.6457214,-4.434784,-6.079315,-6.2150574,-5.5607605,-5.03537,-4.2463074,-3.5099792,-3.0158386,-2.5763855,-2.296112,-2.077362,-1.8683777,-1.9259949,-2.075409,-2.419159,-2.7658386,-2.7892761,-2.887909,-3.1476746,-3.2795105,-3.1369324,-2.693573,-2.4142761,-2.537323,-2.7756042,-3.137909,-3.3986511,-3.577362,-3.796112,-4.2882996,-4.6457214,-4.7209167,-4.5090027,-4.3771667,-4.28244,-4.1193542,-4.0402527,-4.0070496,-4.2082214,-4.561737,-4.887909,-5.351776,-5.8576355,-6.0802917,-5.9943542,-5.6164246,-5.2062683,-5.184784,-4.889862,-4.71994,-4.860565,-5.1496277,-5.3263855,-5.5158386,-5.7599792,-6.3312683,-6.9709167,-7.104706,-6.7013855,-6.209198,-6.1457214,-6.827362,-7.450409,-7.867401,-8.00705,-7.682831,-7.2863464,-7.099823,-6.917206,-6.7882996,-6.412323,-5.832245,-5.1545105,-4.7795105,-4.867401,-5.1994324,-5.5090027,-5.738495,-5.537323,-5.6457214,-5.592987,-5.46994,-5.6808777,-5.9982605,-6.21994,-6.2443542,-6.1427917,-6.0412292,-5.9445496,-5.832245,-5.62912,-5.4308777,-5.4113464,-5.5490417,-5.5431824,-5.421112,-4.9240417,-4.5343933,-4.3244324,-4.0226746,-3.3322449,-2.6027527,-2.4513855,-3.021698,-3.7990417,-4.2033386,-4.34787,-4.207245,-4.339081,-4.8058777,-5.53244,-5.7013855,-5.5382996,-5.262909,-5.1506042,-5.3937683,-5.539276,-5.3507996,-5.2951355,-4.999237,-4.5695496,-3.577362,-1.9054871,-0.27560425,0.08670044,-0.90353394,-1.1457214,-0.049041748,0.30545044,0.62771606,-0.3781433,-2.419159,-4.0158386,-4.7902527,-5.4689636,-5.839081,-5.9718933,-5.9738464,-6.048065,-5.995331,-6.021698,-6.0246277,-6.019745,-5.997284,-6.0295105,-6.12619,-6.179901,-6.1857605,-6.2209167,-6.2638855,-6.372284,-6.467987,-6.5500183,-6.6340027,-6.577362,-6.4865417,-6.457245,-6.307831,-6.3039246,-6.367401,-6.3996277,-6.4845886,-6.5851746,-6.6740417,-6.6408386,-6.47287,-6.2599792
6.75,-4.90744,-4.735565,-4.4562683,-3.9640808,-3.7707214,-4.383026,-5.62619,-6.5382996,-5.981659,-5.3244324,-4.5050964,-3.724823,-3.1896667,-2.702362,-2.3937683,-2.1408386,-2.0226746,-2.0431824,-2.224823,-2.5509949,-2.8849792,-2.8381042,-2.8547058,-2.9357605,-3.1896667,-3.2990417,-3.0187683,-2.5353699,-2.3537292,-2.4757996,-2.762909,-3.1183777,-3.4513855,-3.7951355,-4.1340027,-4.351776,-4.6252136,-4.5939636,-4.3820496,-4.1496277,-4.0490417,-3.9299011,-3.8537292,-3.8820496,-4.2189636,-4.559784,-4.9875183,-5.4494324,-5.841034,-6.0588074,-6.00119,-5.6769714,-5.3957214,-5.182831,-4.927948,-4.976776,-5.115448,-5.231659,-5.4025574,-5.5177917,-5.7902527,-6.4064636,-7.059784,-7.070526,-6.4318542,-5.94162,-6.0802917,-6.760956,-7.5412292,-7.9865417,-7.9621277,-7.4552917,-7.016815,-6.6476746,-6.459198,-6.1750183,-5.794159,-5.242401,-4.5724792,-4.1506042,-4.1027527,-4.385956,-4.664276,-4.9045105,-5.302948,-5.4220886,-5.6681824,-5.6125183,-5.724823,-5.9240417,-6.0920105,-6.0802917,-5.983612,-5.9533386,-5.8576355,-5.7345886,-5.510956,-5.260956,-5.1164246,-5.3263855,-5.655487,-5.5431824,-5.3468933,-4.961151,-4.59494,-4.3215027,-3.8664246,-3.3322449,-3.0402527,-2.9963074,-3.7482605,-4.2287292,-4.3849792,-4.6007996,-4.780487,-5.162323,-5.6193542,-5.7687683,-5.758026,-5.4943542,-5.47287,-5.7013855,-5.485565,-5.2209167,-4.8244324,-4.41037,-3.8781433,-2.889862,-1.2541199,-0.4465027,-0.115448,-0.63204956,-0.5588074,0.10720825,0.073028564,0.27127075,-0.9201355,-2.9377136,-4.1427917,-4.914276,-5.4240417,-5.72287,-5.740448,-5.842987,-5.9425964,-5.966034,-5.990448,-5.9875183,-5.983612,-5.966034,-6.0002136,-6.0588074,-5.967987,-5.9289246,-5.8996277,-5.9445496,-6.014862,-6.110565,-6.171112,-6.2502136,-6.19162,-6.226776,-6.318573,-6.4513855,-6.450409,-6.4777527,-6.5090027,-6.5002136,-6.592987,-6.7502136,-6.686737,-6.521698,-6.245331
6.5,-5.327362,-5.1056824,-4.5920105,-4.099823,-4.006073,-4.729706,-6.391815,-6.5177917,-5.66037,-4.9377136,-4.0451355,-3.4015808,-2.8674011,-2.5480652,-2.256073,-2.1330261,-2.1984558,-2.3781433,-2.646698,-2.9562683,-3.0724792,-3.0265808,-2.8830261,-2.9543152,-3.122284,-3.1349792,-2.7707214,-2.3986511,-2.2668152,-2.3527527,-2.639862,-2.8908386,-3.240448,-3.872284,-4.389862,-4.5334167,-4.5412292,-4.5187683,-4.31369,-4.0812683,-3.9269714,-3.8215027,-3.7531433,-3.7882996,-4.1613464,-4.530487,-4.9943542,-5.508026,-5.8996277,-6.0539246,-6.008026,-5.8800964,-5.6427917,-5.2882996,-5.0402527,-5.1144714,-5.1925964,-5.3088074,-5.4250183,-5.5177917,-5.8439636,-6.4377136,-7.0470886,-6.9152527,-6.2502136,-5.682831,-5.8215027,-6.25119,-7.0412292,-7.488495,-7.481659,-6.966034,-6.457245,-6.057831,-5.6925964,-5.40744,-5.075409,-4.582245,-4.1369324,-3.7414246,-3.5734558,-3.6291199,-3.9045105,-4.3107605,-4.709198,-5.0295105,-5.323456,-5.4963074,-5.6457214,-5.75412,-5.7638855,-5.756073,-5.796112,-5.7658386,-5.827362,-5.731659,-5.5588074,-5.2345886,-4.9513855,-5.169159,-5.557831,-5.7531433,-5.5558777,-5.16037,-4.7433777,-4.4132996,-4.0256042,-3.5968933,-3.2922058,-3.1164246,-2.6193542,-3.1007996,-3.8527527,-4.2013855,-4.686737,-5.1945496,-5.693573,-5.983612,-6.0402527,-6.0382996,-6.0177917,-5.5900574,-5.266815,-4.613495,-3.8605652,-3.2550964,-2.591034,-1.6720886,-1.1232605,-0.31466675,-0.21505737,-0.5705261,-0.40353394,-0.2482605,-0.60861206,-1.1398621,-2.247284,-3.2189636,-4.4250183,-4.9445496,-5.4338074,-5.651581,-5.6720886,-5.7599792,-5.8312683,-5.8644714,-5.8771667,-5.874237,-5.9084167,-5.891815,-5.9914246,-6.077362,-5.934784,-5.8439636,-5.794159,-5.7414246,-5.811737,-5.863495,-5.898651,-5.8312683,-5.7834167,-5.948456,-6.2306824,-6.3820496,-6.3781433,-6.405487,-6.4865417,-6.476776,-6.6232605,-6.789276,-6.731659,-6.508026,-6.2052917
6.25,-5.3371277,-4.967987,-4.4982605,-4.073456,-3.9670105,-4.7521667,-6.4982605,-6.1164246,-5.224823,-4.4308777,-3.6457214,-3.0539246,-2.7052917,-2.3791199,-2.341034,-2.2951355,-2.5744324,-2.724823,-2.9377136,-3.1818542,-3.278534,-3.1437683,-2.9875183,-2.9982605,-3.137909,-2.9152527,-2.5402527,-2.3088074,-2.302948,-2.3224792,-2.4250183,-2.6584167,-2.9777527,-3.6261902,-4.485565,-4.7463074,-4.613495,-4.490448,-4.292206,-4.026581,-3.8664246,-3.8049011,-3.7257996,-3.740448,-4.124237,-4.5295105,-5.0177917,-5.5246277,-5.7677917,-5.905487,-5.9220886,-5.885956,-5.6857605,-5.360565,-5.1076355,-5.0314636,-5.09787,-5.1125183,-5.25412,-5.429901,-5.7550964,-6.280487,-6.8625183,-6.780487,-6.2394714,-5.633026,-5.443573,-5.7882996,-6.231659,-6.6095886,-6.789276,-6.3312683,-5.794159,-5.294159,-4.9093933,-4.497284,-4.12912,-3.9357605,-3.6125183,-3.3820496,-3.3302917,-3.334198,-3.6408386,-4.0558777,-4.3615417,-4.671112,-4.8693542,-5.0832214,-5.31369,-5.4113464,-5.401581,-5.41037,-5.4787292,-5.6369324,-5.7257996,-5.807831,-5.7150574,-5.3937683,-5.0343933,-5.2062683,-5.4963074,-5.7082214,-5.5470886,-5.1652527,-4.7150574,-4.3537292,-3.967987,-3.6037292,-3.3527527,-2.8947449,-2.1506042,-1.5002136,-2.247284,-3.3175964,-4.0138855,-5.0314636,-5.858612,-6.169159,-6.2062683,-6.186737,-5.7687683,-5.28537,-4.5158386,-3.6672058,-2.686737,-1.9699402,-1.3049011,-0.90548706,-0.537323,-0.6027527,-0.6486511,-0.7824402,-1.0929871,-1.5734558,-2.1896667,-2.966034,-3.3947449,-4.186737,-4.726776,-5.2121277,-5.4201355,-5.644745,-5.624237,-5.5939636,-5.644745,-5.7287292,-5.740448,-5.7150574,-5.7531433,-5.9113464,-6.0627136,-6.092987,-5.9601746,-5.90744,-5.802948,-5.7326355,-5.8644714,-5.94162,-5.794159,-5.6037292,-5.53244,-5.704315,-6.0295105,-6.137909,-6.0988464,-6.014862,-6.0763855,-6.419159,-6.6164246,-6.745331,-6.7375183,-6.4445496,-6.1613464
6.0,-5.0881042,-4.773651,-4.3068542,-3.8800964,-4.21994,-5.175995,-6.0724792,-5.5187683,-4.733612,-3.9308777,-3.2756042,-2.8840027,-2.5881042,-2.5002136,-2.5636902,-2.6437683,-2.9142761,-2.9845886,-3.1447449,-3.3595886,-3.3468933,-3.2033386,-3.1388855,-3.177948,-3.1965027,-2.8283386,-2.5256042,-2.3859558,-2.3400574,-2.2521667,-2.3634949,-2.6193542,-2.872284,-3.3849792,-4.4406433,-4.8283386,-4.7863464,-4.68869,-4.461151,-4.167206,-4.026581,-3.9875183,-3.9025574,-3.8888855,-4.245331,-4.7121277,-5.1037292,-5.307831,-5.4894714,-5.5187683,-5.5099792,-5.506073,-5.3693542,-5.1974792,-5.0099792,-4.9025574,-4.802948,-4.72287,-4.760956,-5.0138855,-5.3283386,-5.8820496,-6.4582214,-6.4377136,-5.9631042,-5.5363464,-5.3263855,-5.4513855,-5.8000183,-6.068573,-6.309784,-5.8000183,-5.2033386,-4.6232605,-4.079315,-3.6701355,-3.356659,-3.1965027,-3.1164246,-3.0246277,-3.1740417,-3.4172058,-3.7150574,-3.9797058,-4.2238464,-4.37619,-4.514862,-4.655487,-4.9338074,-5.086151,-5.1213074,-5.141815,-5.2638855,-5.4601746,-5.6750183,-5.8000183,-5.8215027,-5.5715027,-5.3420105,-5.4318542,-5.59494,-5.5470886,-5.3595886,-5.0519714,-4.6545105,-4.146698,-3.7502136,-3.4552917,-3.2326355,-2.8507996,-1.8674011,-0.84884644,-0.334198,-1.3224792,-2.717987,-4.1369324,-5.2052917,-5.6300964,-5.592987,-5.311737,-4.7414246,-4.09787,-3.2687683,-2.7131042,-1.912323,-1.5168152,-1.6281433,-1.5158386,-1.6711121,-1.8009949,-1.8097839,-1.7795105,-2.5832214,-3.8996277,-4.3127136,-4.3527527,-4.432831,-4.731659,-5.167206,-5.4357605,-5.5900574,-5.631073,-5.4718933,-5.4738464,-5.5607605,-5.653534,-5.684784,-5.637909,-5.667206,-5.9269714,-6.122284,-5.9806824,-5.78244,-5.7599792,-5.695526,-5.6369324,-5.7970886,-6.03244,-5.891815,-5.6076355,-5.526581,-5.544159,-5.662323,-5.7052917,-5.5656433,-5.495331,-5.7570496,-6.245331,-6.44162,-6.521698,-6.584198,-6.4552917,-6.2218933
5.75,-4.6720886,-4.4894714,-3.9572449,-3.9533386,-4.8732605,-5.927948,-5.901581,-4.9826355,-4.2082214,-3.5500183,-3.1300964,-2.809784,-2.6593933,-2.6740417,-2.764862,-2.9328308,-3.0968933,-3.1925964,-3.3127136,-3.3908386,-3.3361511,-3.2511902,-3.2638855,-3.3478699,-3.3136902,-2.997284,-2.6652527,-2.403534,-2.3156433,-2.1564636,-2.122284,-2.3459167,-2.6652527,-3.106659,-4.1164246,-4.8351746,-4.9201355,-4.8175964,-4.615448,-4.454315,-4.385956,-4.3683777,-4.2882996,-4.204315,-4.4757996,-4.9396667,-5.162323,-5.2013855,-5.155487,-5.0939636,-5.023651,-4.9865417,-4.839081,-4.709198,-4.6369324,-4.8019714,-4.7365417,-4.510956,-4.4093933,-4.544159,-4.773651,-5.0968933,-5.4582214,-5.6506042,-5.5119324,-5.202362,-5.0002136,-5.06369,-5.309784,-5.4845886,-5.675995,-5.3283386,-4.731659,-3.8420105,-3.186737,-2.7990417,-2.5031433,-2.374237,-2.4953308,-2.671112,-2.9982605,-3.467987,-3.903534,-4.089081,-4.15744,-4.233612,-4.2414246,-4.3039246,-4.476776,-4.7707214,-4.865448,-4.97287,-5.1056824,-5.3019714,-5.5275574,-5.711151,-5.760956,-5.6340027,-5.6252136,-5.5724792,-5.5031433,-5.3752136,-5.1369324,-4.8312683,-4.4045105,-3.7375183,-3.3195496,-3.4093933,-3.0578308,-2.6642761,-1.7570496,-0.13302612,1.2351379,1.1286926,-0.23165894,-1.6242371,-3.0353699,-3.6652527,-3.6838074,-3.4406433,-3.139862,-2.7433777,-2.6007996,-2.5978699,-2.6906433,-3.2189636,-3.6769714,-3.9259949,-4.25412,-4.5539246,-4.7287292,-4.818573,-5.167206,-5.4132996,-5.068573,-4.820526,-4.883026,-5.173065,-5.429901,-5.554901,-5.5539246,-5.466034,-5.4377136,-5.499237,-5.552948,-5.6818542,-5.7345886,-5.671112,-5.6564636,-5.827362,-5.9601746,-5.8976746,-5.729706,-5.592987,-5.479706,-5.405487,-5.5959167,-5.914276,-5.9132996,-5.62619,-5.510956,-5.4084167,-5.3595886,-5.2326355,-5.1408386,-5.1720886,-5.432831,-5.8664246,-6.1476746,-6.2345886,-6.2062683,-6.2746277,-6.1789246
5.5,-4.3937683,-4.2707214,-3.9181824,-4.490448,-5.6974792,-6.010956,-5.164276,-4.4718933,-3.903534,-3.3927917,-3.0656433,-2.8332214,-2.7433777,-2.740448,-2.7795105,-2.9855652,-3.186737,-3.3820496,-3.387909,-3.3800964,-3.3234558,-3.2990417,-3.3439636,-3.365448,-3.2834167,-3.0734558,-2.6974792,-2.2951355,-2.231659,-2.124237,-2.0490417,-2.2511902,-2.6955261,-3.1134949,-3.8312683,-4.71994,-4.87619,-4.69162,-4.5968933,-4.62619,-4.586151,-4.4406433,-4.3683777,-4.4738464,-4.7912292,-5.010956,-5.0412292,-4.999237,-4.87912,-4.7550964,-4.6818542,-4.6427917,-4.4338074,-4.1652527,-4.1838074,-4.452362,-4.5695496,-4.514862,-4.3840027,-4.294159,-4.414276,-4.5568542,-4.717987,-5.0744324,-5.0099792,-4.707245,-4.5334167,-4.622284,-4.802948,-4.8468933,-4.8625183,-4.47287,-3.8449402,-2.936737,-2.3478699,-2.1447449,-2.0334167,-1.9699402,-2.0422058,-2.3937683,-2.9826355,-3.7052917,-4.2590027,-4.3693542,-4.226776,-4.1115417,-4.0334167,-4.0802917,-3.9396667,-4.224823,-4.4787292,-4.68869,-4.8576355,-5.0988464,-5.370331,-5.552948,-5.6164246,-5.5119324,-5.5295105,-5.4357605,-5.4650574,-5.452362,-5.12912,-4.5470886,-3.8556824,-3.1427917,-2.778534,-3.021698,-2.6437683,-2.122284,-1.3205261,0.150177,1.6335754,2.0486145,1.4011536,0.7107239,-0.3625183,-1.2004089,-1.7238464,-2.0343933,-2.4113464,-2.6877136,-3.2736511,-4.0070496,-4.8849792,-5.702362,-6.0968933,-6.155487,-6.204315,-6.1789246,-6.1320496,-6.021698,-5.957245,-5.5881042,-5.264862,-5.2033386,-5.242401,-5.325409,-5.3595886,-5.396698,-5.4152527,-5.401581,-5.4006042,-5.311737,-5.417206,-5.5988464,-5.6857605,-5.6701355,-5.6506042,-5.7101746,-5.8371277,-5.9113464,-5.8625183,-5.646698,-5.3693542,-5.249237,-5.4357605,-5.738495,-5.7375183,-5.4084167,-5.200409,-5.1144714,-5.131073,-5.089081,-4.9845886,-4.921112,-5.061737,-5.37912,-5.6613464,-5.7775574,-5.682831,-5.771698,-5.8039246
5.25,-3.974823,-3.7853699,-3.9093933,-4.7189636,-5.620331,-5.4670105,-4.7375183,-4.1838074,-3.6584167,-3.3146667,-3.021698,-2.8713074,-2.8049011,-2.8400574,-2.9396667,-3.106659,-3.2892761,-3.4093933,-3.3371277,-3.3312683,-3.271698,-3.2609558,-3.3127136,-3.2922058,-3.2062683,-3.0099792,-2.7433777,-2.3000183,-2.1593933,-2.1642761,-2.1720886,-2.3146667,-2.6418152,-3.0636902,-3.856659,-4.7131042,-4.7619324,-4.499237,-4.3488464,-4.3869324,-4.417206,-4.3381042,-4.4689636,-4.6652527,-4.8283386,-4.6320496,-4.53244,-4.4621277,-4.4465027,-4.5402527,-4.5646667,-4.4826355,-4.25119,-3.8576355,-3.818573,-4.0968933,-4.383026,-4.383026,-4.15744,-3.9738464,-4.077362,-4.298065,-4.6349792,-4.966034,-4.648651,-3.9064636,-3.4865417,-3.2345886,-3.2912292,-3.6486511,-3.9152527,-3.5392761,-2.9884949,-2.209198,-1.8713074,-1.8586121,-2.1105652,-2.1740417,-2.1437683,-2.3840027,-2.9738464,-3.9455261,-4.646698,-4.872284,-4.6213074,-4.0851746,-3.8175964,-3.919159,-3.7902527,-3.7853699,-3.8361511,-4.12912,-4.4621277,-4.8068542,-5.2013855,-5.3732605,-5.3976746,-5.2277527,-5.2101746,-5.1525574,-5.260956,-5.309784,-4.983612,-4.3351746,-3.6076355,-2.7365417,-2.193573,-2.153534,-2.0519714,-1.740448,-1.1418152,0.21951294,1.5202942,1.8659973,1.4167786,0.9675598,0.6159973,0.031036377,-0.87716675,-1.8156433,-2.5158386,-3.6125183,-4.5939636,-5.6027527,-6.461151,-7.006073,-7.2013855,-7.1701355,-6.832245,-6.6076355,-6.2990417,-6.06369,-5.8752136,-5.6750183,-5.4201355,-5.2345886,-5.1662292,-5.1789246,-5.2287292,-5.2590027,-5.289276,-5.3439636,-5.3283386,-5.339081,-5.394745,-5.3996277,-5.374237,-5.3849792,-5.3820496,-5.3976746,-5.557831,-5.6525574,-5.7150574,-5.5607605,-5.2590027,-5.2150574,-5.363495,-5.3439636,-5.146698,-4.8107605,-4.6320496,-4.5207214,-4.66037,-4.832245,-4.8752136,-4.7687683,-4.7257996,-4.9425964,-5.16037,-5.3263855,-5.41037,-5.5695496,-5.62912
5.0,-3.7140808,-3.858612,-4.2375183,-5.03244,-5.5744324,-4.966034,-4.3644714,-3.8664246,-3.5334167,-3.2443542,-3.0168152,-2.8791199,-2.8595886,-2.9045105,-3.0666199,-3.233612,-3.3888855,-3.374237,-3.296112,-3.224823,-3.1681824,-3.1603699,-3.1994324,-3.122284,-3.0314636,-2.7882996,-2.7277527,-2.4494324,-2.3195496,-2.2892761,-2.2814636,-2.412323,-2.6750183,-3.131073,-4.016815,-4.698456,-4.639862,-4.186737,-3.9953308,-4.075409,-4.1740417,-4.3263855,-4.4718933,-4.6925964,-4.695526,-4.44162,-4.139862,-4.0539246,-4.1281433,-4.2531433,-4.436737,-4.339081,-4.101776,-3.7609558,-3.6320496,-3.7228699,-4.03244,-4.1593933,-3.9601746,-3.8205261,-3.9406433,-4.3058777,-4.7394714,-4.8488464,-4.1076355,-3.294159,-2.4377136,-2.0646667,-1.8478699,-2.1857605,-2.5871277,-2.5011902,-2.1047058,-1.5461121,-1.4308777,-2.0861511,-2.4240417,-2.302948,-2.412323,-2.7297058,-3.1388855,-4.1056824,-4.964081,-5.25412,-4.914276,-4.2882996,-3.6476746,-3.747284,-3.9181824,-3.7013855,-3.4025574,-3.3302917,-3.7150574,-4.423065,-4.9357605,-5.209198,-5.2052917,-4.9250183,-4.912323,-4.91037,-5.235565,-5.1945496,-4.6095886,-3.9299011,-3.5802917,-2.8439636,-2.0470886,-1.4172058,-1.2922058,-1.2648621,-0.74923706,0.28494263,1.5222473,2.0115051,1.509552,0.8484192,0.8669739,0.32888794,-0.9572449,-2.0177917,-3.224823,-4.3752136,-5.1877136,-5.7902527,-6.544159,-7.3664246,-7.4396667,-6.9777527,-6.5988464,-6.320526,-6.0988464,-6.054901,-5.8576355,-5.5695496,-5.287323,-5.1320496,-5.0226746,-5.006073,-5.0207214,-5.0588074,-5.1662292,-5.217987,-5.1564636,-5.104706,-5.1369324,-5.073456,-5.0412292,-5.061737,-5.06369,-5.079315,-5.2052917,-5.2746277,-5.304901,-5.153534,-5.00412,-5.006073,-5.101776,-5.021698,-4.6144714,-4.28244,-4.0920105,-3.983612,-4.0744324,-4.3595886,-4.474823,-4.454315,-4.4064636,-4.5412292,-4.820526,-4.952362,-5.1281433,-5.2707214,-5.2170105
